// Validating benchmarks:
// ***** BenchmarkRunner: Start   *****
// ***** Found 13 benchmark(s) in total *****
// ***** Building 1 exe(s) in Parallel: Start   *****
// start dotnet  restore --nodeReuse:false /p:UseSharedCompilation=false /p:Deterministic=true /p:Optimize=true /p:ArtifactsPath="D:\x\devs\reilly-digital\dotnet\enumerations.options.benchmarks\bin\Debug\net10.0\Enumerations.Options.Benchmarks-1/" /p:OutDir="D:\x\devs\reilly-digital\dotnet\enumerations.options.benchmarks\bin\Debug\net10.0\Enumerations.Options.Benchmarks-1\bin\Release\net10.0/" /p:OutputPath="D:\x\devs\reilly-digital\dotnet\enumerations.options.benchmarks\bin\Debug\net10.0\Enumerations.Options.Benchmarks-1\bin\Release\net10.0/" /p:PublishDir="D:\x\devs\reilly-digital\dotnet\enumerations.options.benchmarks\bin\Debug\net10.0\Enumerations.Options.Benchmarks-1\publish/" in D:\x\devs\reilly-digital\dotnet\enumerations.options.benchmarks\bin\Debug\net10.0\Enumerations.Options.Benchmarks-1
// command took 1.23 sec and exited with 0
// start dotnet  build -c Release --no-restore --nodeReuse:false /p:UseSharedCompilation=false /p:Deterministic=true /p:Optimize=true /p:ArtifactsPath="D:\x\devs\reilly-digital\dotnet\enumerations.options.benchmarks\bin\Debug\net10.0\Enumerations.Options.Benchmarks-1/" /p:OutDir="D:\x\devs\reilly-digital\dotnet\enumerations.options.benchmarks\bin\Debug\net10.0\Enumerations.Options.Benchmarks-1\bin\Release\net10.0/" /p:OutputPath="D:\x\devs\reilly-digital\dotnet\enumerations.options.benchmarks\bin\Debug\net10.0\Enumerations.Options.Benchmarks-1\bin\Release\net10.0/" /p:PublishDir="D:\x\devs\reilly-digital\dotnet\enumerations.options.benchmarks\bin\Debug\net10.0\Enumerations.Options.Benchmarks-1\publish/" --output "D:\x\devs\reilly-digital\dotnet\enumerations.options.benchmarks\bin\Debug\net10.0\Enumerations.Options.Benchmarks-1\bin\Release\net10.0/" in D:\x\devs\reilly-digital\dotnet\enumerations.options.benchmarks\bin\Debug\net10.0\Enumerations.Options.Benchmarks-1
// command took 10.35 sec and exited with 0
// ***** Done, took 00:00:11 (11.65 sec)   *****
// Found 13 benchmarks:
//   Scenario1.S1_CheckOptionStringErrorNoMessage_EnumerationsOptions: .NET 10.0(Runtime=.NET 10.0, IterationTime=100ms) [Iterations=2]
//   Scenario1.S1_CheckOptionStringErrorWithMessage_EnumerationsOptions: .NET 10.0(Runtime=.NET 10.0, IterationTime=100ms) [Iterations=2]
//   Scenario1.S1_CheckOptionStringSuccess_EnumerationsOptions: .NET 10.0(Runtime=.NET 10.0, IterationTime=100ms) [Iterations=2]
//   Scenario1.S1_CheckVoidErrorNoMessage_EnumerationsOptions: .NET 10.0(Runtime=.NET 10.0, IterationTime=100ms) [Iterations=2]
//   Scenario1.S1_CheckVoidErrorWithMessage_EnumerationsOptions: .NET 10.0(Runtime=.NET 10.0, IterationTime=100ms) [Iterations=2]
//   Scenario1.S1_CheckVoidSuccess_EnumerationsOptions: .NET 10.0(Runtime=.NET 10.0, IterationTime=100ms) [Iterations=2]
//   Scenario1.S1_ReturnOptionStringErrorNoMessage_EnumerationsOptions: .NET 10.0(Runtime=.NET 10.0, IterationTime=100ms) [Iterations=2]
//   Scenario1.S1_ReturnOptionStringErrorWithMessage_EnumerationsOptions: .NET 10.0(Runtime=.NET 10.0, IterationTime=100ms) [Iterations=2]
//   Scenario1.S1_ReturnOptionStringNone_EnumerationsOptions: .NET 10.0(Runtime=.NET 10.0, IterationTime=100ms) [Iterations=2]
//   Scenario1.S1_ReturnOptionStringSuccess_EnumerationsOptions: .NET 10.0(Runtime=.NET 10.0, IterationTime=100ms) [Iterations=2]
//   Scenario1.S1_ReturnVoidErrorNoMessage_EnumerationsOptions: .NET 10.0(Runtime=.NET 10.0, IterationTime=100ms) [Iterations=2]
//   Scenario1.S1_ReturnVoidErrorWithMessage_EnumerationsOptions: .NET 10.0(Runtime=.NET 10.0, IterationTime=100ms) [Iterations=2]
//   Scenario1.S1_ReturnVoidSuccess_EnumerationsOptions: .NET 10.0(Runtime=.NET 10.0, IterationTime=100ms) [Iterations=2]

Setup power plan (GUID: 8c5e7fda-e8bf-4a96-9a85-a6e23a8c635c FriendlyName: High performance)
// **************************
// Benchmark: Scenario1.S1_CheckOptionStringErrorNoMessage_EnumerationsOptions: .NET 10.0(Runtime=.NET 10.0, IterationTime=100ms) [Iterations=2]
// *** Execute ***
// Launch: 1 / 1
// Execute: dotnet Enumerations.Options.Benchmarks-1.dll --anonymousPipes 1460 1500 --benchmarkName "ReillyDigital.Enumerations.Options.Benchmarks.Scenarios.Scenario1.S1_CheckOptionStringErrorNoMessage_EnumerationsOptions(Iterations: 2)" --job ".NET 10.0" --benchmarkId 0 in D:\x\devs\reilly-digital\dotnet\enumerations.options.benchmarks\bin\Debug\net10.0\Enumerations.Options.Benchmarks-1\bin\Release\net10.0
// BeforeAnythingElse

// Benchmark Process Environment Information:
// BenchmarkDotNet v0.15.8
// Runtime=.NET 10.0.3 (10.0.3, 10.0.326.7603), X64 RyuJIT x86-64-v3
// GC=Concurrent Workstation
// HardwareIntrinsics=AVX2+BMI1+BMI2+F16C+FMA+LZCNT+MOVBE,AVX,SSE3+SSSE3+SSE4.1+SSE4.2+POPCNT,X86Base+SSE+SSE2,AES+PCLMUL VectorSize=256
// Job: .NET 10.0(IterationTime=100ms)

OverheadJitting  1: 1 op, 111000.00 ns, 111.0000 us/op
WorkloadJitting  1: 1 op, 420895500.00 ns, 420.8955 ms/op

OverheadJitting  2: 1 op, 200.00 ns, 200.0000 ns/op
WorkloadJitting  2: 1 op, 1600.00 ns, 1.6000 us/op

OverheadJitting  3: 16 op, 155000.00 ns, 9.6875 us/op
WorkloadJitting  3: 16 op, 168100.00 ns, 10.5063 us/op

WorkloadPilot    1: 16 op, 1000.00 ns, 62.5000 ns/op
WorkloadPilot    2: 1600000 op, 56298000.00 ns, 35.1863 ns/op
WorkloadPilot    3: 2842032 op, 98132600.00 ns, 34.5290 ns/op
WorkloadPilot    4: 2896128 op, 51656700.00 ns, 17.8365 ns/op
WorkloadPilot    5: 5606496 op, 11483800.00 ns, 2.0483 ns/op
WorkloadPilot    6: 48820928 op, 99404900.00 ns, 2.0361 ns/op
WorkloadPilot    7: 49113216 op, 101011300.00 ns, 2.0567 ns/op
WorkloadPilot    8: 48621520 op, 96565800.00 ns, 1.9861 ns/op
WorkloadPilot    9: 50350672 op, 99819800.00 ns, 1.9825 ns/op
WorkloadPilot   10: 50441568 op, 99675400.00 ns, 1.9761 ns/op
WorkloadPilot   11: 50605840 op, 101864200.00 ns, 2.0129 ns/op
WorkloadPilot   12: 49679712 op, 99698800.00 ns, 2.0068 ns/op
WorkloadPilot   13: 49829808 op, 98688100.00 ns, 1.9805 ns/op
WorkloadPilot   14: 50492224 op, 100649900.00 ns, 1.9934 ns/op

OverheadWarmup   1: 50492224 op, 127002800.00 ns, 2.5153 ns/op
OverheadWarmup   2: 50492224 op, 111792100.00 ns, 2.2140 ns/op
OverheadWarmup   3: 50492224 op, 77084700.00 ns, 1.5267 ns/op
OverheadWarmup   4: 50492224 op, 77781200.00 ns, 1.5405 ns/op
OverheadWarmup   5: 50492224 op, 77236500.00 ns, 1.5297 ns/op
OverheadWarmup   6: 50492224 op, 77330100.00 ns, 1.5315 ns/op
OverheadWarmup   7: 50492224 op, 78305500.00 ns, 1.5508 ns/op
OverheadWarmup   8: 50492224 op, 76974800.00 ns, 1.5245 ns/op

OverheadActual   1: 50492224 op, 77597700.00 ns, 1.5368 ns/op
OverheadActual   2: 50492224 op, 76882600.00 ns, 1.5227 ns/op
OverheadActual   3: 50492224 op, 76771600.00 ns, 1.5205 ns/op
OverheadActual   4: 50492224 op, 76689800.00 ns, 1.5188 ns/op
OverheadActual   5: 50492224 op, 76776200.00 ns, 1.5206 ns/op
OverheadActual   6: 50492224 op, 76723600.00 ns, 1.5195 ns/op
OverheadActual   7: 50492224 op, 76829100.00 ns, 1.5216 ns/op
OverheadActual   8: 50492224 op, 76830700.00 ns, 1.5216 ns/op
OverheadActual   9: 50492224 op, 76023300.00 ns, 1.5056 ns/op
OverheadActual  10: 50492224 op, 77170000.00 ns, 1.5284 ns/op
OverheadActual  11: 50492224 op, 76679500.00 ns, 1.5186 ns/op
OverheadActual  12: 50492224 op, 76764400.00 ns, 1.5203 ns/op
OverheadActual  13: 50492224 op, 76692300.00 ns, 1.5189 ns/op
OverheadActual  14: 50492224 op, 77474000.00 ns, 1.5344 ns/op
OverheadActual  15: 50492224 op, 76959000.00 ns, 1.5242 ns/op

WorkloadWarmup   1: 50492224 op, 100751800.00 ns, 1.9954 ns/op
WorkloadWarmup   2: 50492224 op, 100567100.00 ns, 1.9917 ns/op
WorkloadWarmup   3: 50492224 op, 100431000.00 ns, 1.9890 ns/op
WorkloadWarmup   4: 50492224 op, 116516300.00 ns, 2.3076 ns/op
WorkloadWarmup   5: 50492224 op, 99526800.00 ns, 1.9711 ns/op
WorkloadWarmup   6: 50492224 op, 101110900.00 ns, 2.0025 ns/op
WorkloadWarmup   7: 50492224 op, 103506000.00 ns, 2.0499 ns/op
WorkloadWarmup   8: 50492224 op, 103652200.00 ns, 2.0528 ns/op
WorkloadWarmup   9: 50492224 op, 99493500.00 ns, 1.9705 ns/op

// BeforeActualRun
WorkloadActual   1: 50492224 op, 100698700.00 ns, 1.9943 ns/op
WorkloadActual   2: 50492224 op, 100392000.00 ns, 1.9883 ns/op
WorkloadActual   3: 50492224 op, 100088600.00 ns, 1.9823 ns/op
WorkloadActual   4: 50492224 op, 98904800.00 ns, 1.9588 ns/op
WorkloadActual   5: 50492224 op, 98956400.00 ns, 1.9598 ns/op
WorkloadActual   6: 50492224 op, 100200100.00 ns, 1.9845 ns/op
WorkloadActual   7: 50492224 op, 98895000.00 ns, 1.9586 ns/op
WorkloadActual   8: 50492224 op, 99153000.00 ns, 1.9637 ns/op
WorkloadActual   9: 50492224 op, 99003200.00 ns, 1.9608 ns/op
WorkloadActual  10: 50492224 op, 99238200.00 ns, 1.9654 ns/op
WorkloadActual  11: 50492224 op, 98852700.00 ns, 1.9578 ns/op
WorkloadActual  12: 50492224 op, 100319600.00 ns, 1.9868 ns/op
WorkloadActual  13: 50492224 op, 99521700.00 ns, 1.9710 ns/op
WorkloadActual  14: 50492224 op, 99632000.00 ns, 1.9732 ns/op
WorkloadActual  15: 50492224 op, 100076000.00 ns, 1.9820 ns/op

// AfterActualRun
WorkloadResult   1: 50492224 op, 23922500.00 ns, 0.4738 ns/op
WorkloadResult   2: 50492224 op, 23615800.00 ns, 0.4677 ns/op
WorkloadResult   3: 50492224 op, 23312400.00 ns, 0.4617 ns/op
WorkloadResult   4: 50492224 op, 22128600.00 ns, 0.4383 ns/op
WorkloadResult   5: 50492224 op, 22180200.00 ns, 0.4393 ns/op
WorkloadResult   6: 50492224 op, 23423900.00 ns, 0.4639 ns/op
WorkloadResult   7: 50492224 op, 22118800.00 ns, 0.4381 ns/op
WorkloadResult   8: 50492224 op, 22376800.00 ns, 0.4432 ns/op
WorkloadResult   9: 50492224 op, 22227000.00 ns, 0.4402 ns/op
WorkloadResult  10: 50492224 op, 22462000.00 ns, 0.4449 ns/op
WorkloadResult  11: 50492224 op, 22076500.00 ns, 0.4372 ns/op
WorkloadResult  12: 50492224 op, 23543400.00 ns, 0.4663 ns/op
WorkloadResult  13: 50492224 op, 22745500.00 ns, 0.4505 ns/op
WorkloadResult  14: 50492224 op, 22855800.00 ns, 0.4527 ns/op
WorkloadResult  15: 50492224 op, 23299800.00 ns, 0.4615 ns/op
// GC:  0 0 0 0 50492224
// Threading:  0 0 50492224

// AfterAll
// Benchmark Process 1660 has exited with code 0.

Mean = 0.452 ns, StdErr = 0.003 ns (0.73%), N = 15, StdDev = 0.013 ns
Min = 0.437 ns, Q1 = 0.440 ns, Median = 0.450 ns, Q3 = 0.463 ns, Max = 0.474 ns
IQR = 0.023 ns, LowerFence = 0.405 ns, UpperFence = 0.497 ns
ConfidenceInterval = [0.438 ns; 0.466 ns] (CI 99.9%), Margin = 0.014 ns (3.02% of Mean)
Skewness = 0.25, Kurtosis = 1.36, MValue = 3.25

// ** Remained 12 (92.3%) benchmark(s) to run. Estimated finish 2026-02-24 22:36 (0h 1m from now) **
Setup power plan (GUID: 8c5e7fda-e8bf-4a96-9a85-a6e23a8c635c FriendlyName: High performance)
// **************************
// Benchmark: Scenario1.S1_CheckOptionStringErrorWithMessage_EnumerationsOptions: .NET 10.0(Runtime=.NET 10.0, IterationTime=100ms) [Iterations=2]
// *** Execute ***
// Launch: 1 / 1
// Execute: dotnet Enumerations.Options.Benchmarks-1.dll --anonymousPipes 1544 1568 --benchmarkName "ReillyDigital.Enumerations.Options.Benchmarks.Scenarios.Scenario1.S1_CheckOptionStringErrorWithMessage_EnumerationsOptions(Iterations: 2)" --job ".NET 10.0" --benchmarkId 1 in D:\x\devs\reilly-digital\dotnet\enumerations.options.benchmarks\bin\Debug\net10.0\Enumerations.Options.Benchmarks-1\bin\Release\net10.0
// BeforeAnythingElse

// Benchmark Process Environment Information:
// BenchmarkDotNet v0.15.8
// Runtime=.NET 10.0.3 (10.0.3, 10.0.326.7603), X64 RyuJIT x86-64-v3
// GC=Concurrent Workstation
// HardwareIntrinsics=AVX2+BMI1+BMI2+F16C+FMA+LZCNT+MOVBE,AVX,SSE3+SSSE3+SSE4.1+SSE4.2+POPCNT,X86Base+SSE+SSE2,AES+PCLMUL VectorSize=256
// Job: .NET 10.0(IterationTime=100ms)

OverheadJitting  1: 1 op, 115000.00 ns, 115.0000 us/op
WorkloadJitting  1: 1 op, 2078100.00 ns, 2.0781 ms/op

OverheadJitting  2: 16 op, 167000.00 ns, 10.4375 us/op
WorkloadJitting  2: 16 op, 163800.00 ns, 10.2375 us/op

WorkloadPilot    1: 16 op, 3100.00 ns, 193.7500 ns/op
WorkloadPilot    2: 516144 op, 58620800.00 ns, 113.5745 ns/op
WorkloadPilot    3: 880480 op, 69877500.00 ns, 79.3630 ns/op
WorkloadPilot    4: 1260048 op, 21284900.00 ns, 16.8921 ns/op
WorkloadPilot    5: 5919920 op, 95794000.00 ns, 16.1816 ns/op
WorkloadPilot    6: 6179856 op, 94634700.00 ns, 15.3134 ns/op
WorkloadPilot    7: 6530224 op, 94372800.00 ns, 14.4517 ns/op
WorkloadPilot    8: 6919616 op, 105112400.00 ns, 15.1905 ns/op
WorkloadPilot    9: 6583072 op, 95032600.00 ns, 14.4359 ns/op
WorkloadPilot   10: 6927184 op, 102771200.00 ns, 14.8359 ns/op
WorkloadPilot   11: 6740400 op, 105494000.00 ns, 15.6510 ns/op

OverheadWarmup   1: 6740400 op, 16552200.00 ns, 2.4557 ns/op
OverheadWarmup   2: 6740400 op, 17142000.00 ns, 2.5432 ns/op
OverheadWarmup   3: 6740400 op, 17119100.00 ns, 2.5398 ns/op
OverheadWarmup   4: 6740400 op, 16938300.00 ns, 2.5130 ns/op
OverheadWarmup   5: 6740400 op, 17004300.00 ns, 2.5227 ns/op
OverheadWarmup   6: 6740400 op, 16504400.00 ns, 2.4486 ns/op

OverheadActual   1: 6740400 op, 16543500.00 ns, 2.4544 ns/op
OverheadActual   2: 6740400 op, 16501800.00 ns, 2.4482 ns/op
OverheadActual   3: 6740400 op, 17301000.00 ns, 2.5668 ns/op
OverheadActual   4: 6740400 op, 16532200.00 ns, 2.4527 ns/op
OverheadActual   5: 6740400 op, 16511300.00 ns, 2.4496 ns/op
OverheadActual   6: 6740400 op, 16974900.00 ns, 2.5184 ns/op
OverheadActual   7: 6740400 op, 17185600.00 ns, 2.5496 ns/op
OverheadActual   8: 6740400 op, 16818900.00 ns, 2.4952 ns/op
OverheadActual   9: 6740400 op, 16542700.00 ns, 2.4543 ns/op
OverheadActual  10: 6740400 op, 16505300.00 ns, 2.4487 ns/op
OverheadActual  11: 6740400 op, 16984100.00 ns, 2.5197 ns/op
OverheadActual  12: 6740400 op, 14837500.00 ns, 2.2013 ns/op
OverheadActual  13: 6740400 op, 10075100.00 ns, 1.4947 ns/op
OverheadActual  14: 6740400 op, 10514100.00 ns, 1.5599 ns/op
OverheadActual  15: 6740400 op, 10044300.00 ns, 1.4902 ns/op
OverheadActual  16: 6740400 op, 10274100.00 ns, 1.5243 ns/op
OverheadActual  17: 6740400 op, 10575600.00 ns, 1.5690 ns/op
OverheadActual  18: 6740400 op, 10259600.00 ns, 1.5221 ns/op
OverheadActual  19: 6740400 op, 10403100.00 ns, 1.5434 ns/op
OverheadActual  20: 6740400 op, 10494900.00 ns, 1.5570 ns/op

WorkloadWarmup   1: 6740400 op, 97042400.00 ns, 14.3971 ns/op
WorkloadWarmup   2: 6740400 op, 98364100.00 ns, 14.5932 ns/op
WorkloadWarmup   3: 6740400 op, 95275000.00 ns, 14.1349 ns/op
WorkloadWarmup   4: 6740400 op, 93125700.00 ns, 13.8160 ns/op
WorkloadWarmup   5: 6740400 op, 93683700.00 ns, 13.8988 ns/op
WorkloadWarmup   6: 6740400 op, 93427200.00 ns, 13.8608 ns/op

// BeforeActualRun
WorkloadActual   1: 6740400 op, 97879500.00 ns, 14.5213 ns/op
WorkloadActual   2: 6740400 op, 101424600.00 ns, 15.0473 ns/op
WorkloadActual   3: 6740400 op, 101602600.00 ns, 15.0737 ns/op
WorkloadActual   4: 6740400 op, 100615300.00 ns, 14.9272 ns/op
WorkloadActual   5: 6740400 op, 100368500.00 ns, 14.8906 ns/op
WorkloadActual   6: 6740400 op, 99136700.00 ns, 14.7078 ns/op
WorkloadActual   7: 6740400 op, 101026100.00 ns, 14.9881 ns/op
WorkloadActual   8: 6740400 op, 99554000.00 ns, 14.7697 ns/op
WorkloadActual   9: 6740400 op, 100170200.00 ns, 14.8612 ns/op
WorkloadActual  10: 6740400 op, 100775100.00 ns, 14.9509 ns/op
WorkloadActual  11: 6740400 op, 102619900.00 ns, 15.2246 ns/op
WorkloadActual  12: 6740400 op, 100816400.00 ns, 14.9570 ns/op
WorkloadActual  13: 6740400 op, 98773800.00 ns, 14.6540 ns/op
WorkloadActual  14: 6740400 op, 102718900.00 ns, 15.2393 ns/op
WorkloadActual  15: 6740400 op, 100038900.00 ns, 14.8417 ns/op

// AfterActualRun
WorkloadResult   1: 6740400 op, 81375950.00 ns, 12.0729 ns/op
WorkloadResult   2: 6740400 op, 84921050.00 ns, 12.5988 ns/op
WorkloadResult   3: 6740400 op, 85099050.00 ns, 12.6252 ns/op
WorkloadResult   4: 6740400 op, 84111750.00 ns, 12.4787 ns/op
WorkloadResult   5: 6740400 op, 83864950.00 ns, 12.4421 ns/op
WorkloadResult   6: 6740400 op, 82633150.00 ns, 12.2594 ns/op
WorkloadResult   7: 6740400 op, 84522550.00 ns, 12.5397 ns/op
WorkloadResult   8: 6740400 op, 83050450.00 ns, 12.3213 ns/op
WorkloadResult   9: 6740400 op, 83666650.00 ns, 12.4127 ns/op
WorkloadResult  10: 6740400 op, 84271550.00 ns, 12.5025 ns/op
WorkloadResult  11: 6740400 op, 86116350.00 ns, 12.7761 ns/op
WorkloadResult  12: 6740400 op, 84312850.00 ns, 12.5086 ns/op
WorkloadResult  13: 6740400 op, 82270250.00 ns, 12.2055 ns/op
WorkloadResult  14: 6740400 op, 86215350.00 ns, 12.7908 ns/op
WorkloadResult  15: 6740400 op, 83535350.00 ns, 12.3932 ns/op
// GC:  51 0 0 431385600 6740400
// Threading:  0 0 6740400

// AfterAll
// Benchmark Process 4660 has exited with code 0.

Mean = 12.462 ns, StdErr = 0.051 ns (0.41%), N = 15, StdDev = 0.198 ns
Min = 12.073 ns, Q1 = 12.357 ns, Median = 12.479 ns, Q3 = 12.569 ns, Max = 12.791 ns
IQR = 0.212 ns, LowerFence = 12.039 ns, UpperFence = 12.887 ns
ConfidenceInterval = [12.250 ns; 12.673 ns] (CI 99.9%), Margin = 0.211 ns (1.70% of Mean)
Skewness = -0.11, Kurtosis = 2.26, MValue = 2

// ** Remained 11 (84.6%) benchmark(s) to run. Estimated finish 2026-02-24 22:36 (0h 1m from now) **
Setup power plan (GUID: 8c5e7fda-e8bf-4a96-9a85-a6e23a8c635c FriendlyName: High performance)
// **************************
// Benchmark: Scenario1.S1_CheckOptionStringSuccess_EnumerationsOptions: .NET 10.0(Runtime=.NET 10.0, IterationTime=100ms) [Iterations=2]
// *** Execute ***
// Launch: 1 / 1
// Execute: dotnet Enumerations.Options.Benchmarks-1.dll --anonymousPipes 1596 1588 --benchmarkName "ReillyDigital.Enumerations.Options.Benchmarks.Scenarios.Scenario1.S1_CheckOptionStringSuccess_EnumerationsOptions(Iterations: 2)" --job ".NET 10.0" --benchmarkId 2 in D:\x\devs\reilly-digital\dotnet\enumerations.options.benchmarks\bin\Debug\net10.0\Enumerations.Options.Benchmarks-1\bin\Release\net10.0
// BeforeAnythingElse

// Benchmark Process Environment Information:
// BenchmarkDotNet v0.15.8
// Runtime=.NET 10.0.3 (10.0.3, 10.0.326.7603), X64 RyuJIT x86-64-v3
// GC=Concurrent Workstation
// HardwareIntrinsics=AVX2+BMI1+BMI2+F16C+FMA+LZCNT+MOVBE,AVX,SSE3+SSSE3+SSE4.1+SSE4.2+POPCNT,X86Base+SSE+SSE2,AES+PCLMUL VectorSize=256
// Job: .NET 10.0(IterationTime=100ms)

OverheadJitting  1: 1 op, 106800.00 ns, 106.8000 us/op
WorkloadJitting  1: 1 op, 1348800.00 ns, 1.3488 ms/op

OverheadJitting  2: 16 op, 159400.00 ns, 9.9625 us/op
WorkloadJitting  2: 16 op, 145200.00 ns, 9.0750 us/op

WorkloadPilot    1: 16 op, 1600.00 ns, 100.0000 ns/op
WorkloadPilot    2: 1000000 op, 36950500.00 ns, 36.9505 ns/op
WorkloadPilot    3: 2706336 op, 83422100.00 ns, 30.8247 ns/op
WorkloadPilot    4: 3244160 op, 27705400.00 ns, 8.5401 ns/op
WorkloadPilot    5: 11709488 op, 81835100.00 ns, 6.9888 ns/op
WorkloadPilot    6: 14308640 op, 97286600.00 ns, 6.7992 ns/op
WorkloadPilot    7: 14707728 op, 96044500.00 ns, 6.5302 ns/op
WorkloadPilot    8: 15313456 op, 97681500.00 ns, 6.3788 ns/op
WorkloadPilot    9: 15676928 op, 103854900.00 ns, 6.6247 ns/op
WorkloadPilot   10: 15095040 op, 99397600.00 ns, 6.5848 ns/op
WorkloadPilot   11: 15186528 op, 141537500.00 ns, 9.3199 ns/op
WorkloadPilot   12: 10729696 op, 74487300.00 ns, 6.9422 ns/op
WorkloadPilot   13: 14404736 op, 96077700.00 ns, 6.6699 ns/op
WorkloadPilot   14: 14992800 op, 133602800.00 ns, 8.9111 ns/op

OverheadWarmup   1: 14992800 op, 37695100.00 ns, 2.5142 ns/op
OverheadWarmup   2: 14992800 op, 37636900.00 ns, 2.5103 ns/op
OverheadWarmup   3: 14992800 op, 37589800.00 ns, 2.5072 ns/op
OverheadWarmup   4: 14992800 op, 37652300.00 ns, 2.5114 ns/op
OverheadWarmup   5: 14992800 op, 37756600.00 ns, 2.5183 ns/op
OverheadWarmup   6: 14992800 op, 37444700.00 ns, 2.4975 ns/op
OverheadWarmup   7: 14992800 op, 37667400.00 ns, 2.5124 ns/op
OverheadWarmup   8: 14992800 op, 37661500.00 ns, 2.5120 ns/op

OverheadActual   1: 14992800 op, 37694100.00 ns, 2.5141 ns/op
OverheadActual   2: 14992800 op, 37700500.00 ns, 2.5146 ns/op
OverheadActual   3: 14992800 op, 37643900.00 ns, 2.5108 ns/op
OverheadActual   4: 14992800 op, 37625200.00 ns, 2.5096 ns/op
OverheadActual   5: 14992800 op, 37383800.00 ns, 2.4935 ns/op
OverheadActual   6: 14992800 op, 36919500.00 ns, 2.4625 ns/op
OverheadActual   7: 14992800 op, 37023800.00 ns, 2.4694 ns/op
OverheadActual   8: 14992800 op, 37153900.00 ns, 2.4781 ns/op
OverheadActual   9: 14992800 op, 31145700.00 ns, 2.0774 ns/op
OverheadActual  10: 14992800 op, 23318900.00 ns, 1.5553 ns/op
OverheadActual  11: 14992800 op, 22604300.00 ns, 1.5077 ns/op
OverheadActual  12: 14992800 op, 23344500.00 ns, 1.5570 ns/op
OverheadActual  13: 14992800 op, 23101800.00 ns, 1.5409 ns/op
OverheadActual  14: 14992800 op, 22587800.00 ns, 1.5066 ns/op
OverheadActual  15: 14992800 op, 22840200.00 ns, 1.5234 ns/op
OverheadActual  16: 14992800 op, 23467700.00 ns, 1.5653 ns/op
OverheadActual  17: 14992800 op, 23276100.00 ns, 1.5525 ns/op
OverheadActual  18: 14992800 op, 23367400.00 ns, 1.5586 ns/op
OverheadActual  19: 14992800 op, 23176700.00 ns, 1.5459 ns/op
OverheadActual  20: 14992800 op, 23148700.00 ns, 1.5440 ns/op

WorkloadWarmup   1: 14992800 op, 157365400.00 ns, 10.4961 ns/op
WorkloadWarmup   2: 14992800 op, 101812200.00 ns, 6.7907 ns/op
WorkloadWarmup   3: 14992800 op, 127813000.00 ns, 8.5250 ns/op
WorkloadWarmup   4: 14992800 op, 128174900.00 ns, 8.5491 ns/op
WorkloadWarmup   5: 14992800 op, 97739300.00 ns, 6.5191 ns/op
WorkloadWarmup   6: 14992800 op, 130632600.00 ns, 8.7130 ns/op
WorkloadWarmup   7: 14992800 op, 130274800.00 ns, 8.6892 ns/op

// BeforeActualRun
WorkloadActual   1: 14992800 op, 130029300.00 ns, 8.6728 ns/op
WorkloadActual   2: 14992800 op, 107914700.00 ns, 7.1978 ns/op
WorkloadActual   3: 14992800 op, 130981900.00 ns, 8.7363 ns/op
WorkloadActual   4: 14992800 op, 134909800.00 ns, 8.9983 ns/op
WorkloadActual   5: 14992800 op, 107358200.00 ns, 7.1607 ns/op
WorkloadActual   6: 14992800 op, 120722600.00 ns, 8.0520 ns/op
WorkloadActual   7: 14992800 op, 129367600.00 ns, 8.6286 ns/op
WorkloadActual   8: 14992800 op, 105600300.00 ns, 7.0434 ns/op
WorkloadActual   9: 14992800 op, 122738800.00 ns, 8.1865 ns/op
WorkloadActual  10: 14992800 op, 128337000.00 ns, 8.5599 ns/op
WorkloadActual  11: 14992800 op, 104351300.00 ns, 6.9601 ns/op
WorkloadActual  12: 14992800 op, 123597000.00 ns, 8.2438 ns/op
WorkloadActual  13: 14992800 op, 126393200.00 ns, 8.4303 ns/op
WorkloadActual  14: 14992800 op, 101894900.00 ns, 6.7963 ns/op
WorkloadActual  15: 14992800 op, 123820500.00 ns, 8.2587 ns/op
WorkloadActual  16: 14992800 op, 126323800.00 ns, 8.4256 ns/op
WorkloadActual  17: 14992800 op, 103073300.00 ns, 6.8749 ns/op
WorkloadActual  18: 14992800 op, 121808500.00 ns, 8.1245 ns/op
WorkloadActual  19: 14992800 op, 126801400.00 ns, 8.4575 ns/op
WorkloadActual  20: 14992800 op, 105929300.00 ns, 7.0653 ns/op
WorkloadActual  21: 14992800 op, 125058600.00 ns, 8.3412 ns/op
WorkloadActual  22: 14992800 op, 94830200.00 ns, 6.3250 ns/op
WorkloadActual  23: 14992800 op, 126942900.00 ns, 8.4669 ns/op
WorkloadActual  24: 14992800 op, 96570600.00 ns, 6.4411 ns/op
WorkloadActual  25: 14992800 op, 127850900.00 ns, 8.5275 ns/op
WorkloadActual  26: 14992800 op, 94575600.00 ns, 6.3081 ns/op
WorkloadActual  27: 14992800 op, 131788100.00 ns, 8.7901 ns/op
WorkloadActual  28: 14992800 op, 98795500.00 ns, 6.5895 ns/op
WorkloadActual  29: 14992800 op, 128103400.00 ns, 8.5443 ns/op
WorkloadActual  30: 14992800 op, 101200000.00 ns, 6.7499 ns/op
WorkloadActual  31: 14992800 op, 132438300.00 ns, 8.8335 ns/op
WorkloadActual  32: 14992800 op, 95760100.00 ns, 6.3871 ns/op
WorkloadActual  33: 14992800 op, 126764500.00 ns, 8.4550 ns/op
WorkloadActual  34: 14992800 op, 95887500.00 ns, 6.3956 ns/op
WorkloadActual  35: 14992800 op, 127892100.00 ns, 8.5302 ns/op
WorkloadActual  36: 14992800 op, 95803700.00 ns, 6.3900 ns/op
WorkloadActual  37: 14992800 op, 126760500.00 ns, 8.4548 ns/op
WorkloadActual  38: 14992800 op, 95762800.00 ns, 6.3873 ns/op
WorkloadActual  39: 14992800 op, 126619100.00 ns, 8.4453 ns/op
WorkloadActual  40: 14992800 op, 95592400.00 ns, 6.3759 ns/op
WorkloadActual  41: 14992800 op, 126437200.00 ns, 8.4332 ns/op
WorkloadActual  42: 14992800 op, 95889500.00 ns, 6.3957 ns/op
WorkloadActual  43: 14992800 op, 126949100.00 ns, 8.4673 ns/op
WorkloadActual  44: 14992800 op, 96094900.00 ns, 6.4094 ns/op
WorkloadActual  45: 14992800 op, 126652800.00 ns, 8.4476 ns/op
WorkloadActual  46: 14992800 op, 95991700.00 ns, 6.4025 ns/op
WorkloadActual  47: 14992800 op, 126404600.00 ns, 8.4310 ns/op
WorkloadActual  48: 14992800 op, 96067100.00 ns, 6.4075 ns/op
WorkloadActual  49: 14992800 op, 145805400.00 ns, 9.7250 ns/op
WorkloadActual  50: 14992800 op, 97310200.00 ns, 6.4905 ns/op
WorkloadActual  51: 14992800 op, 127036600.00 ns, 8.4732 ns/op
WorkloadActual  52: 14992800 op, 96499800.00 ns, 6.4364 ns/op
WorkloadActual  53: 14992800 op, 126943800.00 ns, 8.4670 ns/op
WorkloadActual  54: 14992800 op, 96343300.00 ns, 6.4260 ns/op
WorkloadActual  55: 14992800 op, 126456200.00 ns, 8.4345 ns/op
WorkloadActual  56: 14992800 op, 95604900.00 ns, 6.3767 ns/op
WorkloadActual  57: 14992800 op, 126235600.00 ns, 8.4197 ns/op
WorkloadActual  58: 14992800 op, 96281700.00 ns, 6.4219 ns/op
WorkloadActual  59: 14992800 op, 128187200.00 ns, 8.5499 ns/op
WorkloadActual  60: 14992800 op, 96613300.00 ns, 6.4440 ns/op
WorkloadActual  61: 14992800 op, 127765300.00 ns, 8.5218 ns/op
WorkloadActual  62: 14992800 op, 96309900.00 ns, 6.4237 ns/op
WorkloadActual  63: 14992800 op, 127359500.00 ns, 8.4947 ns/op
WorkloadActual  64: 14992800 op, 96240700.00 ns, 6.4191 ns/op
WorkloadActual  65: 14992800 op, 127263800.00 ns, 8.4883 ns/op
WorkloadActual  66: 14992800 op, 96196100.00 ns, 6.4162 ns/op
WorkloadActual  67: 14992800 op, 127042100.00 ns, 8.4735 ns/op
WorkloadActual  68: 14992800 op, 95879300.00 ns, 6.3950 ns/op
WorkloadActual  69: 14992800 op, 128106000.00 ns, 8.5445 ns/op
WorkloadActual  70: 14992800 op, 98529300.00 ns, 6.5718 ns/op
WorkloadActual  71: 14992800 op, 127958500.00 ns, 8.5347 ns/op
WorkloadActual  72: 14992800 op, 96164500.00 ns, 6.4140 ns/op
WorkloadActual  73: 14992800 op, 133608700.00 ns, 8.9115 ns/op
WorkloadActual  74: 14992800 op, 97733600.00 ns, 6.5187 ns/op
WorkloadActual  75: 14992800 op, 128582500.00 ns, 8.5763 ns/op
WorkloadActual  76: 14992800 op, 96149500.00 ns, 6.4130 ns/op
WorkloadActual  77: 14992800 op, 125888400.00 ns, 8.3966 ns/op
WorkloadActual  78: 14992800 op, 95017100.00 ns, 6.3375 ns/op
WorkloadActual  79: 14992800 op, 127606000.00 ns, 8.5112 ns/op
WorkloadActual  80: 14992800 op, 96369700.00 ns, 6.4277 ns/op
WorkloadActual  81: 14992800 op, 128295700.00 ns, 8.5572 ns/op
WorkloadActual  82: 14992800 op, 96610200.00 ns, 6.4438 ns/op
WorkloadActual  83: 14992800 op, 127199900.00 ns, 8.4841 ns/op
WorkloadActual  84: 14992800 op, 96757500.00 ns, 6.4536 ns/op
WorkloadActual  85: 14992800 op, 127047600.00 ns, 8.4739 ns/op
WorkloadActual  86: 14992800 op, 96235400.00 ns, 6.4188 ns/op
WorkloadActual  87: 14992800 op, 128053900.00 ns, 8.5410 ns/op
WorkloadActual  88: 14992800 op, 96177800.00 ns, 6.4149 ns/op
WorkloadActual  89: 14992800 op, 127712700.00 ns, 8.5183 ns/op
WorkloadActual  90: 14992800 op, 96348500.00 ns, 6.4263 ns/op
WorkloadActual  91: 14992800 op, 127000800.00 ns, 8.4708 ns/op
WorkloadActual  92: 14992800 op, 96552300.00 ns, 6.4399 ns/op
WorkloadActual  93: 14992800 op, 128362600.00 ns, 8.5616 ns/op
WorkloadActual  94: 14992800 op, 96041800.00 ns, 6.4059 ns/op
WorkloadActual  95: 14992800 op, 128538100.00 ns, 8.5733 ns/op
WorkloadActual  96: 14992800 op, 96666500.00 ns, 6.4475 ns/op
WorkloadActual  97: 14992800 op, 127905400.00 ns, 8.5311 ns/op
WorkloadActual  98: 14992800 op, 97014700.00 ns, 6.4708 ns/op
WorkloadActual  99: 14992800 op, 126985600.00 ns, 8.4698 ns/op
WorkloadActual  100: 14992800 op, 95922500.00 ns, 6.3979 ns/op

// AfterActualRun
WorkloadResult   1: 14992800 op, 106611750.00 ns, 7.1109 ns/op
WorkloadResult   2: 14992800 op, 84497150.00 ns, 5.6358 ns/op
WorkloadResult   3: 14992800 op, 107564350.00 ns, 7.1744 ns/op
WorkloadResult   4: 14992800 op, 111492250.00 ns, 7.4364 ns/op
WorkloadResult   5: 14992800 op, 83940650.00 ns, 5.5987 ns/op
WorkloadResult   6: 14992800 op, 97305050.00 ns, 6.4901 ns/op
WorkloadResult   7: 14992800 op, 105950050.00 ns, 7.0667 ns/op
WorkloadResult   8: 14992800 op, 82182750.00 ns, 5.4815 ns/op
WorkloadResult   9: 14992800 op, 99321250.00 ns, 6.6246 ns/op
WorkloadResult  10: 14992800 op, 104919450.00 ns, 6.9980 ns/op
WorkloadResult  11: 14992800 op, 80933750.00 ns, 5.3982 ns/op
WorkloadResult  12: 14992800 op, 100179450.00 ns, 6.6818 ns/op
WorkloadResult  13: 14992800 op, 102975650.00 ns, 6.8683 ns/op
WorkloadResult  14: 14992800 op, 78477350.00 ns, 5.2343 ns/op
WorkloadResult  15: 14992800 op, 100402950.00 ns, 6.6967 ns/op
WorkloadResult  16: 14992800 op, 102906250.00 ns, 6.8637 ns/op
WorkloadResult  17: 14992800 op, 79655750.00 ns, 5.3129 ns/op
WorkloadResult  18: 14992800 op, 98390950.00 ns, 6.5625 ns/op
WorkloadResult  19: 14992800 op, 103383850.00 ns, 6.8956 ns/op
WorkloadResult  20: 14992800 op, 82511750.00 ns, 5.5034 ns/op
WorkloadResult  21: 14992800 op, 101641050.00 ns, 6.7793 ns/op
WorkloadResult  22: 14992800 op, 71412650.00 ns, 4.7631 ns/op
WorkloadResult  23: 14992800 op, 103525350.00 ns, 6.9050 ns/op
WorkloadResult  24: 14992800 op, 73153050.00 ns, 4.8792 ns/op
WorkloadResult  25: 14992800 op, 104433350.00 ns, 6.9656 ns/op
WorkloadResult  26: 14992800 op, 71158050.00 ns, 4.7461 ns/op
WorkloadResult  27: 14992800 op, 108370550.00 ns, 7.2282 ns/op
WorkloadResult  28: 14992800 op, 75377950.00 ns, 5.0276 ns/op
WorkloadResult  29: 14992800 op, 104685850.00 ns, 6.9824 ns/op
WorkloadResult  30: 14992800 op, 77782450.00 ns, 5.1880 ns/op
WorkloadResult  31: 14992800 op, 109020750.00 ns, 7.2715 ns/op
WorkloadResult  32: 14992800 op, 72342550.00 ns, 4.8252 ns/op
WorkloadResult  33: 14992800 op, 103346950.00 ns, 6.8931 ns/op
WorkloadResult  34: 14992800 op, 72469950.00 ns, 4.8337 ns/op
WorkloadResult  35: 14992800 op, 104474550.00 ns, 6.9683 ns/op
WorkloadResult  36: 14992800 op, 72386150.00 ns, 4.8281 ns/op
WorkloadResult  37: 14992800 op, 103342950.00 ns, 6.8928 ns/op
WorkloadResult  38: 14992800 op, 72345250.00 ns, 4.8253 ns/op
WorkloadResult  39: 14992800 op, 103201550.00 ns, 6.8834 ns/op
WorkloadResult  40: 14992800 op, 72174850.00 ns, 4.8140 ns/op
WorkloadResult  41: 14992800 op, 103019650.00 ns, 6.8713 ns/op
WorkloadResult  42: 14992800 op, 72471950.00 ns, 4.8338 ns/op
WorkloadResult  43: 14992800 op, 103531550.00 ns, 6.9054 ns/op
WorkloadResult  44: 14992800 op, 72677350.00 ns, 4.8475 ns/op
WorkloadResult  45: 14992800 op, 103235250.00 ns, 6.8857 ns/op
WorkloadResult  46: 14992800 op, 72574150.00 ns, 4.8406 ns/op
WorkloadResult  47: 14992800 op, 102987050.00 ns, 6.8691 ns/op
WorkloadResult  48: 14992800 op, 72649550.00 ns, 4.8456 ns/op
WorkloadResult  49: 14992800 op, 122387850.00 ns, 8.1631 ns/op
WorkloadResult  50: 14992800 op, 73892650.00 ns, 4.9285 ns/op
WorkloadResult  51: 14992800 op, 103619050.00 ns, 6.9113 ns/op
WorkloadResult  52: 14992800 op, 73082250.00 ns, 4.8745 ns/op
WorkloadResult  53: 14992800 op, 103526250.00 ns, 6.9051 ns/op
WorkloadResult  54: 14992800 op, 72925750.00 ns, 4.8641 ns/op
WorkloadResult  55: 14992800 op, 103038650.00 ns, 6.8725 ns/op
WorkloadResult  56: 14992800 op, 72187350.00 ns, 4.8148 ns/op
WorkloadResult  57: 14992800 op, 102818050.00 ns, 6.8578 ns/op
WorkloadResult  58: 14992800 op, 72864150.00 ns, 4.8599 ns/op
WorkloadResult  59: 14992800 op, 104769650.00 ns, 6.9880 ns/op
WorkloadResult  60: 14992800 op, 73195750.00 ns, 4.8821 ns/op
WorkloadResult  61: 14992800 op, 104347750.00 ns, 6.9599 ns/op
WorkloadResult  62: 14992800 op, 72892350.00 ns, 4.8618 ns/op
WorkloadResult  63: 14992800 op, 103941950.00 ns, 6.9328 ns/op
WorkloadResult  64: 14992800 op, 72823150.00 ns, 4.8572 ns/op
WorkloadResult  65: 14992800 op, 103846250.00 ns, 6.9264 ns/op
WorkloadResult  66: 14992800 op, 72778550.00 ns, 4.8542 ns/op
WorkloadResult  67: 14992800 op, 103624550.00 ns, 6.9116 ns/op
WorkloadResult  68: 14992800 op, 72461750.00 ns, 4.8331 ns/op
WorkloadResult  69: 14992800 op, 104688450.00 ns, 6.9826 ns/op
WorkloadResult  70: 14992800 op, 75111750.00 ns, 5.0099 ns/op
WorkloadResult  71: 14992800 op, 104540950.00 ns, 6.9727 ns/op
WorkloadResult  72: 14992800 op, 72746950.00 ns, 4.8521 ns/op
WorkloadResult  73: 14992800 op, 110191150.00 ns, 7.3496 ns/op
WorkloadResult  74: 14992800 op, 74316050.00 ns, 4.9568 ns/op
WorkloadResult  75: 14992800 op, 105164950.00 ns, 7.0144 ns/op
WorkloadResult  76: 14992800 op, 72731950.00 ns, 4.8511 ns/op
WorkloadResult  77: 14992800 op, 102470850.00 ns, 6.8347 ns/op
WorkloadResult  78: 14992800 op, 71599550.00 ns, 4.7756 ns/op
WorkloadResult  79: 14992800 op, 104188450.00 ns, 6.9492 ns/op
WorkloadResult  80: 14992800 op, 72952150.00 ns, 4.8658 ns/op
WorkloadResult  81: 14992800 op, 104878150.00 ns, 6.9952 ns/op
WorkloadResult  82: 14992800 op, 73192650.00 ns, 4.8819 ns/op
WorkloadResult  83: 14992800 op, 103782350.00 ns, 6.9221 ns/op
WorkloadResult  84: 14992800 op, 73339950.00 ns, 4.8917 ns/op
WorkloadResult  85: 14992800 op, 103630050.00 ns, 6.9120 ns/op
WorkloadResult  86: 14992800 op, 72817850.00 ns, 4.8569 ns/op
WorkloadResult  87: 14992800 op, 104636350.00 ns, 6.9791 ns/op
WorkloadResult  88: 14992800 op, 72760250.00 ns, 4.8530 ns/op
WorkloadResult  89: 14992800 op, 104295150.00 ns, 6.9563 ns/op
WorkloadResult  90: 14992800 op, 72930950.00 ns, 4.8644 ns/op
WorkloadResult  91: 14992800 op, 103583250.00 ns, 6.9089 ns/op
WorkloadResult  92: 14992800 op, 73134750.00 ns, 4.8780 ns/op
WorkloadResult  93: 14992800 op, 104945050.00 ns, 6.9997 ns/op
WorkloadResult  94: 14992800 op, 72624250.00 ns, 4.8439 ns/op
WorkloadResult  95: 14992800 op, 105120550.00 ns, 7.0114 ns/op
WorkloadResult  96: 14992800 op, 73248950.00 ns, 4.8856 ns/op
WorkloadResult  97: 14992800 op, 104487850.00 ns, 6.9692 ns/op
WorkloadResult  98: 14992800 op, 73597150.00 ns, 4.9088 ns/op
WorkloadResult  99: 14992800 op, 103568050.00 ns, 6.9079 ns/op
WorkloadResult  100: 14992800 op, 72504950.00 ns, 4.8360 ns/op
// GC:  114 0 0 959539200 14992800
// Threading:  0 0 14992800

// AfterAll
// Benchmark Process 11748 has exited with code 0.

Mean = 6.018 ns, StdErr = 0.103 ns (1.71%), N = 100, StdDev = 1.031 ns
Min = 4.746 ns, Q1 = 4.864 ns, Median = 6.653 ns, Q3 = 6.928 ns, Max = 8.163 ns
IQR = 2.064 ns, LowerFence = 1.769 ns, UpperFence = 10.024 ns
ConfidenceInterval = [5.668 ns; 6.367 ns] (CI 99.9%), Margin = 0.350 ns (5.81% of Mean)
Skewness = -0.08, Kurtosis = 1.22, MValue = 3.87

// ** Remained 10 (76.9%) benchmark(s) to run. Estimated finish 2026-02-24 22:37 (0h 1m from now) **
Setup power plan (GUID: 8c5e7fda-e8bf-4a96-9a85-a6e23a8c635c FriendlyName: High performance)
// **************************
// Benchmark: Scenario1.S1_CheckVoidErrorNoMessage_EnumerationsOptions: .NET 10.0(Runtime=.NET 10.0, IterationTime=100ms) [Iterations=2]
// *** Execute ***
// Launch: 1 / 1
// Execute: dotnet Enumerations.Options.Benchmarks-1.dll --anonymousPipes 1468 1568 --benchmarkName "ReillyDigital.Enumerations.Options.Benchmarks.Scenarios.Scenario1.S1_CheckVoidErrorNoMessage_EnumerationsOptions(Iterations: 2)" --job ".NET 10.0" --benchmarkId 3 in D:\x\devs\reilly-digital\dotnet\enumerations.options.benchmarks\bin\Debug\net10.0\Enumerations.Options.Benchmarks-1\bin\Release\net10.0
// BeforeAnythingElse

// Benchmark Process Environment Information:
// BenchmarkDotNet v0.15.8
// Runtime=.NET 10.0.3 (10.0.3, 10.0.326.7603), X64 RyuJIT x86-64-v3
// GC=Concurrent Workstation
// HardwareIntrinsics=AVX2+BMI1+BMI2+F16C+FMA+LZCNT+MOVBE,AVX,SSE3+SSSE3+SSE4.1+SSE4.2+POPCNT,X86Base+SSE+SSE2,AES+PCLMUL VectorSize=256
// Job: .NET 10.0(IterationTime=100ms)

OverheadJitting  1: 1 op, 116100.00 ns, 116.1000 us/op
WorkloadJitting  1: 1 op, 1446000.00 ns, 1.4460 ms/op

OverheadJitting  2: 16 op, 156000.00 ns, 9.7500 us/op
WorkloadJitting  2: 16 op, 145100.00 ns, 9.0688 us/op

WorkloadPilot    1: 16 op, 1000.00 ns, 62.5000 ns/op
WorkloadPilot    2: 1600000 op, 43807100.00 ns, 27.3794 ns/op
WorkloadPilot    3: 3652384 op, 79796600.00 ns, 21.8478 ns/op
WorkloadPilot    4: 4577120 op, 8943700.00 ns, 1.9540 ns/op
WorkloadPilot    5: 51177040 op, 100889400.00 ns, 1.9714 ns/op
WorkloadPilot    6: 50725888 op, 100636800.00 ns, 1.9839 ns/op
WorkloadPilot    7: 50404912 op, 101848300.00 ns, 2.0206 ns/op

OverheadWarmup   1: 50404912 op, 125968800.00 ns, 2.4991 ns/op
OverheadWarmup   2: 50404912 op, 113565100.00 ns, 2.2531 ns/op
OverheadWarmup   3: 50404912 op, 79136400.00 ns, 1.5700 ns/op
OverheadWarmup   4: 50404912 op, 76571400.00 ns, 1.5191 ns/op
OverheadWarmup   5: 50404912 op, 78079200.00 ns, 1.5490 ns/op
OverheadWarmup   6: 50404912 op, 77928100.00 ns, 1.5460 ns/op
OverheadWarmup   7: 50404912 op, 77489900.00 ns, 1.5373 ns/op
OverheadWarmup   8: 50404912 op, 77056000.00 ns, 1.5287 ns/op
OverheadWarmup   9: 50404912 op, 77126500.00 ns, 1.5301 ns/op
OverheadWarmup  10: 50404912 op, 77613300.00 ns, 1.5398 ns/op

OverheadActual   1: 50404912 op, 78699300.00 ns, 1.5613 ns/op
OverheadActual   2: 50404912 op, 77579800.00 ns, 1.5391 ns/op
OverheadActual   3: 50404912 op, 77091800.00 ns, 1.5295 ns/op
OverheadActual   4: 50404912 op, 77361800.00 ns, 1.5348 ns/op
OverheadActual   5: 50404912 op, 77403100.00 ns, 1.5356 ns/op
OverheadActual   6: 50404912 op, 77635600.00 ns, 1.5402 ns/op
OverheadActual   7: 50404912 op, 78061100.00 ns, 1.5487 ns/op
OverheadActual   8: 50404912 op, 77676600.00 ns, 1.5411 ns/op
OverheadActual   9: 50404912 op, 77190600.00 ns, 1.5314 ns/op
OverheadActual  10: 50404912 op, 77368100.00 ns, 1.5349 ns/op
OverheadActual  11: 50404912 op, 77818300.00 ns, 1.5439 ns/op
OverheadActual  12: 50404912 op, 77331300.00 ns, 1.5342 ns/op
OverheadActual  13: 50404912 op, 78123800.00 ns, 1.5499 ns/op
OverheadActual  14: 50404912 op, 77872400.00 ns, 1.5449 ns/op
OverheadActual  15: 50404912 op, 77096000.00 ns, 1.5295 ns/op

WorkloadWarmup   1: 50404912 op, 100431100.00 ns, 1.9925 ns/op
WorkloadWarmup   2: 50404912 op, 100010100.00 ns, 1.9841 ns/op
WorkloadWarmup   3: 50404912 op, 99885100.00 ns, 1.9817 ns/op
WorkloadWarmup   4: 50404912 op, 99932000.00 ns, 1.9826 ns/op
WorkloadWarmup   5: 50404912 op, 101949200.00 ns, 2.0226 ns/op
WorkloadWarmup   6: 50404912 op, 107137900.00 ns, 2.1255 ns/op
WorkloadWarmup   7: 50404912 op, 102410300.00 ns, 2.0318 ns/op
WorkloadWarmup   8: 50404912 op, 102126100.00 ns, 2.0261 ns/op
WorkloadWarmup   9: 50404912 op, 101886800.00 ns, 2.0214 ns/op
WorkloadWarmup  10: 50404912 op, 101215100.00 ns, 2.0080 ns/op
WorkloadWarmup  11: 50404912 op, 100235900.00 ns, 1.9886 ns/op
WorkloadWarmup  12: 50404912 op, 100713800.00 ns, 1.9981 ns/op
WorkloadWarmup  13: 50404912 op, 100011200.00 ns, 1.9842 ns/op

// BeforeActualRun
WorkloadActual   1: 50404912 op, 100996700.00 ns, 2.0037 ns/op
WorkloadActual   2: 50404912 op, 99896000.00 ns, 1.9819 ns/op
WorkloadActual   3: 50404912 op, 100536000.00 ns, 1.9946 ns/op
WorkloadActual   4: 50404912 op, 98930400.00 ns, 1.9627 ns/op
WorkloadActual   5: 50404912 op, 99964200.00 ns, 1.9832 ns/op
WorkloadActual   6: 50404912 op, 99978400.00 ns, 1.9835 ns/op
WorkloadActual   7: 50404912 op, 98653300.00 ns, 1.9572 ns/op
WorkloadActual   8: 50404912 op, 98815200.00 ns, 1.9604 ns/op
WorkloadActual   9: 50404912 op, 98870400.00 ns, 1.9615 ns/op
WorkloadActual  10: 50404912 op, 99918900.00 ns, 1.9823 ns/op
WorkloadActual  11: 50404912 op, 99624100.00 ns, 1.9765 ns/op
WorkloadActual  12: 50404912 op, 99576700.00 ns, 1.9755 ns/op
WorkloadActual  13: 50404912 op, 98823000.00 ns, 1.9606 ns/op
WorkloadActual  14: 50404912 op, 99706700.00 ns, 1.9781 ns/op
WorkloadActual  15: 50404912 op, 99984600.00 ns, 1.9836 ns/op

// AfterActualRun
WorkloadResult   1: 50404912 op, 23416900.00 ns, 0.4646 ns/op
WorkloadResult   2: 50404912 op, 22316200.00 ns, 0.4427 ns/op
WorkloadResult   3: 50404912 op, 22956200.00 ns, 0.4554 ns/op
WorkloadResult   4: 50404912 op, 21350600.00 ns, 0.4236 ns/op
WorkloadResult   5: 50404912 op, 22384400.00 ns, 0.4441 ns/op
WorkloadResult   6: 50404912 op, 22398600.00 ns, 0.4444 ns/op
WorkloadResult   7: 50404912 op, 21073500.00 ns, 0.4181 ns/op
WorkloadResult   8: 50404912 op, 21235400.00 ns, 0.4213 ns/op
WorkloadResult   9: 50404912 op, 21290600.00 ns, 0.4224 ns/op
WorkloadResult  10: 50404912 op, 22339100.00 ns, 0.4432 ns/op
WorkloadResult  11: 50404912 op, 22044300.00 ns, 0.4373 ns/op
WorkloadResult  12: 50404912 op, 21996900.00 ns, 0.4364 ns/op
WorkloadResult  13: 50404912 op, 21243200.00 ns, 0.4215 ns/op
WorkloadResult  14: 50404912 op, 22126900.00 ns, 0.4390 ns/op
WorkloadResult  15: 50404912 op, 22404800.00 ns, 0.4445 ns/op
// GC:  0 0 0 0 50404912
// Threading:  0 0 50404912

// AfterAll
// Benchmark Process 5556 has exited with code 0.

Mean = 0.437 ns, StdErr = 0.004 ns (0.80%), N = 15, StdDev = 0.014 ns
Min = 0.418 ns, Q1 = 0.423 ns, Median = 0.439 ns, Q3 = 0.444 ns, Max = 0.465 ns
IQR = 0.021 ns, LowerFence = 0.391 ns, UpperFence = 0.476 ns
ConfidenceInterval = [0.423 ns; 0.452 ns] (CI 99.9%), Margin = 0.015 ns (3.32% of Mean)
Skewness = 0.19, Kurtosis = 2.01, MValue = 2

// ** Remained 9 (69.2%) benchmark(s) to run. Estimated finish 2026-02-24 22:37 (0h 1m from now) **
Setup power plan (GUID: 8c5e7fda-e8bf-4a96-9a85-a6e23a8c635c FriendlyName: High performance)
// **************************
// Benchmark: Scenario1.S1_CheckVoidErrorWithMessage_EnumerationsOptions: .NET 10.0(Runtime=.NET 10.0, IterationTime=100ms) [Iterations=2]
// *** Execute ***
// Launch: 1 / 1
// Execute: dotnet Enumerations.Options.Benchmarks-1.dll --anonymousPipes 1580 660 --benchmarkName "ReillyDigital.Enumerations.Options.Benchmarks.Scenarios.Scenario1.S1_CheckVoidErrorWithMessage_EnumerationsOptions(Iterations: 2)" --job ".NET 10.0" --benchmarkId 4 in D:\x\devs\reilly-digital\dotnet\enumerations.options.benchmarks\bin\Debug\net10.0\Enumerations.Options.Benchmarks-1\bin\Release\net10.0
// BeforeAnythingElse

// Benchmark Process Environment Information:
// BenchmarkDotNet v0.15.8
// Runtime=.NET 10.0.3 (10.0.3, 10.0.326.7603), X64 RyuJIT x86-64-v3
// GC=Concurrent Workstation
// HardwareIntrinsics=AVX2+BMI1+BMI2+F16C+FMA+LZCNT+MOVBE,AVX,SSE3+SSSE3+SSE4.1+SSE4.2+POPCNT,X86Base+SSE+SSE2,AES+PCLMUL VectorSize=256
// Job: .NET 10.0(IterationTime=100ms)

OverheadJitting  1: 1 op, 105800.00 ns, 105.8000 us/op
WorkloadJitting  1: 1 op, 2065600.00 ns, 2.0656 ms/op

OverheadJitting  2: 16 op, 150900.00 ns, 9.4313 us/op
WorkloadJitting  2: 16 op, 288200.00 ns, 18.0125 us/op

WorkloadPilot    1: 16 op, 3500.00 ns, 218.7500 ns/op
WorkloadPilot    2: 457152 op, 50449300.00 ns, 110.3556 ns/op
WorkloadPilot    3: 906176 op, 68730100.00 ns, 75.8463 ns/op
WorkloadPilot    4: 1318464 op, 22801900.00 ns, 17.2943 ns/op
WorkloadPilot    5: 5782256 op, 93126300.00 ns, 16.1055 ns/op
WorkloadPilot    6: 6209056 op, 101445200.00 ns, 16.3383 ns/op
WorkloadPilot    7: 6120608 op, 88065900.00 ns, 14.3884 ns/op
WorkloadPilot    8: 6950032 op, 108578500.00 ns, 15.6227 ns/op
WorkloadPilot    9: 6400928 op, 97713500.00 ns, 15.2655 ns/op
WorkloadPilot   10: 6550720 op, 103808500.00 ns, 15.8469 ns/op

OverheadWarmup   1: 6550720 op, 16438300.00 ns, 2.5094 ns/op
OverheadWarmup   2: 6550720 op, 16561000.00 ns, 2.5281 ns/op
OverheadWarmup   3: 6550720 op, 16064400.00 ns, 2.4523 ns/op
OverheadWarmup   4: 6550720 op, 16830900.00 ns, 2.5693 ns/op
OverheadWarmup   5: 6550720 op, 16714500.00 ns, 2.5516 ns/op

OverheadActual   1: 6550720 op, 16904700.00 ns, 2.5806 ns/op
OverheadActual   2: 6550720 op, 16533100.00 ns, 2.5239 ns/op
OverheadActual   3: 6550720 op, 16737600.00 ns, 2.5551 ns/op
OverheadActual   4: 6550720 op, 16617900.00 ns, 2.5368 ns/op
OverheadActual   5: 6550720 op, 16896700.00 ns, 2.5794 ns/op
OverheadActual   6: 6550720 op, 16110800.00 ns, 2.4594 ns/op
OverheadActual   7: 6550720 op, 16122300.00 ns, 2.4611 ns/op
OverheadActual   8: 6550720 op, 16856200.00 ns, 2.5732 ns/op
OverheadActual   9: 6550720 op, 16886300.00 ns, 2.5778 ns/op
OverheadActual  10: 6550720 op, 16128500.00 ns, 2.4621 ns/op
OverheadActual  11: 6550720 op, 16728000.00 ns, 2.5536 ns/op
OverheadActual  12: 6550720 op, 16111900.00 ns, 2.4596 ns/op
OverheadActual  13: 6550720 op, 16112300.00 ns, 2.4596 ns/op
OverheadActual  14: 6550720 op, 13540400.00 ns, 2.0670 ns/op
OverheadActual  15: 6550720 op, 10175800.00 ns, 1.5534 ns/op
OverheadActual  16: 6550720 op, 10417400.00 ns, 1.5903 ns/op
OverheadActual  17: 6550720 op, 10045100.00 ns, 1.5334 ns/op
OverheadActual  18: 6550720 op, 9799200.00 ns, 1.4959 ns/op
OverheadActual  19: 6550720 op, 10123700.00 ns, 1.5454 ns/op
OverheadActual  20: 6550720 op, 9910700.00 ns, 1.5129 ns/op

WorkloadWarmup   1: 6550720 op, 99249300.00 ns, 15.1509 ns/op
WorkloadWarmup   2: 6550720 op, 113945500.00 ns, 17.3943 ns/op
WorkloadWarmup   3: 6550720 op, 105458500.00 ns, 16.0988 ns/op
WorkloadWarmup   4: 6550720 op, 99356800.00 ns, 15.1673 ns/op
WorkloadWarmup   5: 6550720 op, 109650800.00 ns, 16.7387 ns/op
WorkloadWarmup   6: 6550720 op, 119009800.00 ns, 18.1674 ns/op
WorkloadWarmup   7: 6550720 op, 96533900.00 ns, 14.7364 ns/op

// BeforeActualRun
WorkloadActual   1: 6550720 op, 103478800.00 ns, 15.7966 ns/op
WorkloadActual   2: 6550720 op, 93001200.00 ns, 14.1971 ns/op
WorkloadActual   3: 6550720 op, 92285600.00 ns, 14.0879 ns/op
WorkloadActual   4: 6550720 op, 93679500.00 ns, 14.3006 ns/op
WorkloadActual   5: 6550720 op, 104333500.00 ns, 15.9270 ns/op
WorkloadActual   6: 6550720 op, 99504200.00 ns, 15.1898 ns/op
WorkloadActual   7: 6550720 op, 94301700.00 ns, 14.3956 ns/op
WorkloadActual   8: 6550720 op, 93954200.00 ns, 14.3426 ns/op
WorkloadActual   9: 6550720 op, 95945200.00 ns, 14.6465 ns/op
WorkloadActual  10: 6550720 op, 90392700.00 ns, 13.7989 ns/op
WorkloadActual  11: 6550720 op, 96136800.00 ns, 14.6758 ns/op
WorkloadActual  12: 6550720 op, 99735200.00 ns, 15.2251 ns/op
WorkloadActual  13: 6550720 op, 95884300.00 ns, 14.6372 ns/op
WorkloadActual  14: 6550720 op, 95382200.00 ns, 14.5606 ns/op
WorkloadActual  15: 6550720 op, 101125400.00 ns, 15.4373 ns/op
WorkloadActual  16: 6550720 op, 99407900.00 ns, 15.1751 ns/op
WorkloadActual  17: 6550720 op, 98756200.00 ns, 15.0756 ns/op
WorkloadActual  18: 6550720 op, 98505400.00 ns, 15.0373 ns/op
WorkloadActual  19: 6550720 op, 101807800.00 ns, 15.5415 ns/op
WorkloadActual  20: 6550720 op, 123961300.00 ns, 18.9233 ns/op
WorkloadActual  21: 6550720 op, 136523100.00 ns, 20.8409 ns/op
WorkloadActual  22: 6550720 op, 105280000.00 ns, 16.0715 ns/op
WorkloadActual  23: 6550720 op, 97673300.00 ns, 14.9103 ns/op
WorkloadActual  24: 6550720 op, 96576000.00 ns, 14.7428 ns/op
WorkloadActual  25: 6550720 op, 101756000.00 ns, 15.5336 ns/op
WorkloadActual  26: 6550720 op, 104849000.00 ns, 16.0057 ns/op
WorkloadActual  27: 6550720 op, 99260200.00 ns, 15.1526 ns/op
WorkloadActual  28: 6550720 op, 103081000.00 ns, 15.7358 ns/op
WorkloadActual  29: 6550720 op, 102020900.00 ns, 15.5740 ns/op
WorkloadActual  30: 6550720 op, 98672800.00 ns, 15.0629 ns/op
WorkloadActual  31: 6550720 op, 101001600.00 ns, 15.4184 ns/op
WorkloadActual  32: 6550720 op, 100092300.00 ns, 15.2796 ns/op
WorkloadActual  33: 6550720 op, 95914700.00 ns, 14.6419 ns/op
WorkloadActual  34: 6550720 op, 97596800.00 ns, 14.8986 ns/op
WorkloadActual  35: 6550720 op, 94507800.00 ns, 14.4271 ns/op
WorkloadActual  36: 6550720 op, 95590400.00 ns, 14.5924 ns/op
WorkloadActual  37: 6550720 op, 92346100.00 ns, 14.0971 ns/op
WorkloadActual  38: 6550720 op, 90964700.00 ns, 13.8862 ns/op
WorkloadActual  39: 6550720 op, 99713500.00 ns, 15.2218 ns/op
WorkloadActual  40: 6550720 op, 94210700.00 ns, 14.3817 ns/op
WorkloadActual  41: 6550720 op, 91328100.00 ns, 13.9417 ns/op
WorkloadActual  42: 6550720 op, 93205500.00 ns, 14.2283 ns/op
WorkloadActual  43: 6550720 op, 96522900.00 ns, 14.7347 ns/op
WorkloadActual  44: 6550720 op, 99017800.00 ns, 15.1156 ns/op
WorkloadActual  45: 6550720 op, 96721000.00 ns, 14.7649 ns/op
WorkloadActual  46: 6550720 op, 94976300.00 ns, 14.4986 ns/op
WorkloadActual  47: 6550720 op, 89843900.00 ns, 13.7151 ns/op
WorkloadActual  48: 6550720 op, 95859600.00 ns, 14.6334 ns/op
WorkloadActual  49: 6550720 op, 105805000.00 ns, 16.1517 ns/op
WorkloadActual  50: 6550720 op, 129348100.00 ns, 19.7456 ns/op
WorkloadActual  51: 6550720 op, 103849400.00 ns, 15.8531 ns/op
WorkloadActual  52: 6550720 op, 97166000.00 ns, 14.8329 ns/op
WorkloadActual  53: 6550720 op, 94980900.00 ns, 14.4993 ns/op
WorkloadActual  54: 6550720 op, 99378200.00 ns, 15.1706 ns/op
WorkloadActual  55: 6550720 op, 94925200.00 ns, 14.4908 ns/op
WorkloadActual  56: 6550720 op, 93672600.00 ns, 14.2996 ns/op

// AfterActualRun
WorkloadResult   1: 6550720 op, 87361500.00 ns, 13.3362 ns/op
WorkloadResult   2: 6550720 op, 76883900.00 ns, 11.7367 ns/op
WorkloadResult   3: 6550720 op, 76168300.00 ns, 11.6275 ns/op
WorkloadResult   4: 6550720 op, 77562200.00 ns, 11.8403 ns/op
WorkloadResult   5: 6550720 op, 88216200.00 ns, 13.4666 ns/op
WorkloadResult   6: 6550720 op, 83386900.00 ns, 12.7294 ns/op
WorkloadResult   7: 6550720 op, 78184400.00 ns, 11.9352 ns/op
WorkloadResult   8: 6550720 op, 77836900.00 ns, 11.8822 ns/op
WorkloadResult   9: 6550720 op, 79827900.00 ns, 12.1861 ns/op
WorkloadResult  10: 6550720 op, 74275400.00 ns, 11.3385 ns/op
WorkloadResult  11: 6550720 op, 80019500.00 ns, 12.2154 ns/op
WorkloadResult  12: 6550720 op, 83617900.00 ns, 12.7647 ns/op
WorkloadResult  13: 6550720 op, 79767000.00 ns, 12.1768 ns/op
WorkloadResult  14: 6550720 op, 79264900.00 ns, 12.1002 ns/op
WorkloadResult  15: 6550720 op, 85008100.00 ns, 12.9769 ns/op
WorkloadResult  16: 6550720 op, 83290600.00 ns, 12.7147 ns/op
WorkloadResult  17: 6550720 op, 82638900.00 ns, 12.6152 ns/op
WorkloadResult  18: 6550720 op, 82388100.00 ns, 12.5770 ns/op
WorkloadResult  19: 6550720 op, 85690500.00 ns, 13.0811 ns/op
WorkloadResult  20: 6550720 op, 89162700.00 ns, 13.6111 ns/op
WorkloadResult  21: 6550720 op, 81556000.00 ns, 12.4499 ns/op
WorkloadResult  22: 6550720 op, 80458700.00 ns, 12.2824 ns/op
WorkloadResult  23: 6550720 op, 85638700.00 ns, 13.0732 ns/op
WorkloadResult  24: 6550720 op, 88731700.00 ns, 13.5453 ns/op
WorkloadResult  25: 6550720 op, 83142900.00 ns, 12.6922 ns/op
WorkloadResult  26: 6550720 op, 86963700.00 ns, 13.2754 ns/op
WorkloadResult  27: 6550720 op, 85903600.00 ns, 13.1136 ns/op
WorkloadResult  28: 6550720 op, 82555500.00 ns, 12.6025 ns/op
WorkloadResult  29: 6550720 op, 84884300.00 ns, 12.9580 ns/op
WorkloadResult  30: 6550720 op, 83975000.00 ns, 12.8192 ns/op
WorkloadResult  31: 6550720 op, 79797400.00 ns, 12.1815 ns/op
WorkloadResult  32: 6550720 op, 81479500.00 ns, 12.4383 ns/op
WorkloadResult  33: 6550720 op, 78390500.00 ns, 11.9667 ns/op
WorkloadResult  34: 6550720 op, 79473100.00 ns, 12.1320 ns/op
WorkloadResult  35: 6550720 op, 76228800.00 ns, 11.6367 ns/op
WorkloadResult  36: 6550720 op, 74847400.00 ns, 11.4258 ns/op
WorkloadResult  37: 6550720 op, 83596200.00 ns, 12.7614 ns/op
WorkloadResult  38: 6550720 op, 78093400.00 ns, 11.9213 ns/op
WorkloadResult  39: 6550720 op, 75210800.00 ns, 11.4813 ns/op
WorkloadResult  40: 6550720 op, 77088200.00 ns, 11.7679 ns/op
WorkloadResult  41: 6550720 op, 80405600.00 ns, 12.2743 ns/op
WorkloadResult  42: 6550720 op, 82900500.00 ns, 12.6552 ns/op
WorkloadResult  43: 6550720 op, 80603700.00 ns, 12.3046 ns/op
WorkloadResult  44: 6550720 op, 78859000.00 ns, 12.0382 ns/op
WorkloadResult  45: 6550720 op, 73726600.00 ns, 11.2547 ns/op
WorkloadResult  46: 6550720 op, 79742300.00 ns, 12.1731 ns/op
WorkloadResult  47: 6550720 op, 89687700.00 ns, 13.6913 ns/op
WorkloadResult  48: 6550720 op, 87732100.00 ns, 13.3927 ns/op
WorkloadResult  49: 6550720 op, 81048700.00 ns, 12.3725 ns/op
WorkloadResult  50: 6550720 op, 78863600.00 ns, 12.0389 ns/op
WorkloadResult  51: 6550720 op, 83260900.00 ns, 12.7102 ns/op
WorkloadResult  52: 6550720 op, 78807900.00 ns, 12.0304 ns/op
WorkloadResult  53: 6550720 op, 77555300.00 ns, 11.8392 ns/op
// GC:  50 0 0 419246080 6550720
// Threading:  0 0 6550720

// AfterAll
// Benchmark Process 9020 has exited with code 0.

Mean = 12.419 ns, StdErr = 0.085 ns (0.68%), N = 53, StdDev = 0.618 ns
Min = 11.255 ns, Q1 = 11.967 ns, Median = 12.305 ns, Q3 = 12.765 ns, Max = 13.691 ns
IQR = 0.798 ns, LowerFence = 10.770 ns, UpperFence = 13.962 ns
ConfidenceInterval = [12.123 ns; 12.715 ns] (CI 99.9%), Margin = 0.296 ns (2.39% of Mean)
Skewness = 0.22, Kurtosis = 2.21, MValue = 2

// ** Remained 8 (61.5%) benchmark(s) to run. Estimated finish 2026-02-24 22:37 (0h 1m from now) **
Setup power plan (GUID: 8c5e7fda-e8bf-4a96-9a85-a6e23a8c635c FriendlyName: High performance)
// **************************
// Benchmark: Scenario1.S1_CheckVoidSuccess_EnumerationsOptions: .NET 10.0(Runtime=.NET 10.0, IterationTime=100ms) [Iterations=2]
// *** Execute ***
// Launch: 1 / 1
// Execute: dotnet Enumerations.Options.Benchmarks-1.dll --anonymousPipes 1588 1596 --benchmarkName "ReillyDigital.Enumerations.Options.Benchmarks.Scenarios.Scenario1.S1_CheckVoidSuccess_EnumerationsOptions(Iterations: 2)" --job ".NET 10.0" --benchmarkId 5 in D:\x\devs\reilly-digital\dotnet\enumerations.options.benchmarks\bin\Debug\net10.0\Enumerations.Options.Benchmarks-1\bin\Release\net10.0
// BeforeAnythingElse

// Benchmark Process Environment Information:
// BenchmarkDotNet v0.15.8
// Runtime=.NET 10.0.3 (10.0.3, 10.0.326.7603), X64 RyuJIT x86-64-v3
// GC=Concurrent Workstation
// HardwareIntrinsics=AVX2+BMI1+BMI2+F16C+FMA+LZCNT+MOVBE,AVX,SSE3+SSSE3+SSE4.1+SSE4.2+POPCNT,X86Base+SSE+SSE2,AES+PCLMUL VectorSize=256
// Job: .NET 10.0(IterationTime=100ms)

OverheadJitting  1: 1 op, 124600.00 ns, 124.6000 us/op
WorkloadJitting  1: 1 op, 1243000.00 ns, 1.2430 ms/op

OverheadJitting  2: 16 op, 215900.00 ns, 13.4938 us/op
WorkloadJitting  2: 16 op, 155100.00 ns, 9.6938 us/op

WorkloadPilot    1: 16 op, 1000.00 ns, 62.5000 ns/op
WorkloadPilot    2: 1600000 op, 44096600.00 ns, 27.5604 ns/op
WorkloadPilot    3: 3628400 op, 118009500.00 ns, 32.5238 ns/op
WorkloadPilot    4: 3074672 op, 45795300.00 ns, 14.8944 ns/op
WorkloadPilot    5: 6713952 op, 12860500.00 ns, 1.9155 ns/op
WorkloadPilot    6: 52206000 op, 92327800.00 ns, 1.7685 ns/op
WorkloadPilot    7: 56544192 op, 112510600.00 ns, 1.9898 ns/op
WorkloadPilot    8: 50256784 op, 92589900.00 ns, 1.8423 ns/op
WorkloadPilot    9: 54278912 op, 95182000.00 ns, 1.7536 ns/op
WorkloadPilot   10: 57026448 op, 99577400.00 ns, 1.7462 ns/op
WorkloadPilot   11: 57268480 op, 99673400.00 ns, 1.7405 ns/op
WorkloadPilot   12: 57456144 op, 108363400.00 ns, 1.8860 ns/op

OverheadWarmup   1: 57456144 op, 158814600.00 ns, 2.7641 ns/op
OverheadWarmup   2: 57456144 op, 105928000.00 ns, 1.8436 ns/op
OverheadWarmup   3: 57456144 op, 86958700.00 ns, 1.5135 ns/op
OverheadWarmup   4: 57456144 op, 88730100.00 ns, 1.5443 ns/op
OverheadWarmup   5: 57456144 op, 95152800.00 ns, 1.6561 ns/op
OverheadWarmup   6: 57456144 op, 96379800.00 ns, 1.6774 ns/op
OverheadWarmup   7: 57456144 op, 95567900.00 ns, 1.6633 ns/op
OverheadWarmup   8: 57456144 op, 94660800.00 ns, 1.6475 ns/op
OverheadWarmup   9: 57456144 op, 95507500.00 ns, 1.6623 ns/op
OverheadWarmup  10: 57456144 op, 92090100.00 ns, 1.6028 ns/op

OverheadActual   1: 57456144 op, 90246600.00 ns, 1.5707 ns/op
OverheadActual   2: 57456144 op, 89214700.00 ns, 1.5527 ns/op
OverheadActual   3: 57456144 op, 88028100.00 ns, 1.5321 ns/op
OverheadActual   4: 57456144 op, 87332900.00 ns, 1.5200 ns/op
OverheadActual   5: 57456144 op, 87031700.00 ns, 1.5148 ns/op
OverheadActual   6: 57456144 op, 87422600.00 ns, 1.5216 ns/op
OverheadActual   7: 57456144 op, 87747000.00 ns, 1.5272 ns/op
OverheadActual   8: 57456144 op, 87096500.00 ns, 1.5159 ns/op
OverheadActual   9: 57456144 op, 87351000.00 ns, 1.5203 ns/op
OverheadActual  10: 57456144 op, 87628500.00 ns, 1.5251 ns/op
OverheadActual  11: 57456144 op, 88069100.00 ns, 1.5328 ns/op
OverheadActual  12: 57456144 op, 87339200.00 ns, 1.5201 ns/op
OverheadActual  13: 57456144 op, 96591900.00 ns, 1.6811 ns/op
OverheadActual  14: 57456144 op, 85779600.00 ns, 1.4930 ns/op
OverheadActual  15: 57456144 op, 86355100.00 ns, 1.5030 ns/op

WorkloadWarmup   1: 57456144 op, 99909500.00 ns, 1.7389 ns/op
WorkloadWarmup   2: 57456144 op, 100255600.00 ns, 1.7449 ns/op
WorkloadWarmup   3: 57456144 op, 100918600.00 ns, 1.7564 ns/op
WorkloadWarmup   4: 57456144 op, 101091000.00 ns, 1.7594 ns/op
WorkloadWarmup   5: 57456144 op, 100917500.00 ns, 1.7564 ns/op
WorkloadWarmup   6: 57456144 op, 101360500.00 ns, 1.7641 ns/op
WorkloadWarmup   7: 57456144 op, 108723500.00 ns, 1.8923 ns/op
WorkloadWarmup   8: 57456144 op, 114741100.00 ns, 1.9970 ns/op
WorkloadWarmup   9: 57456144 op, 101581000.00 ns, 1.7680 ns/op

// BeforeActualRun
WorkloadActual   1: 57456144 op, 105502300.00 ns, 1.8362 ns/op
WorkloadActual   2: 57456144 op, 100076000.00 ns, 1.7418 ns/op
WorkloadActual   3: 57456144 op, 100314500.00 ns, 1.7459 ns/op
WorkloadActual   4: 57456144 op, 100002900.00 ns, 1.7405 ns/op
WorkloadActual   5: 57456144 op, 117726200.00 ns, 2.0490 ns/op
WorkloadActual   6: 57456144 op, 113001000.00 ns, 1.9667 ns/op
WorkloadActual   7: 57456144 op, 104718700.00 ns, 1.8226 ns/op
WorkloadActual   8: 57456144 op, 100711200.00 ns, 1.7528 ns/op
WorkloadActual   9: 57456144 op, 100393300.00 ns, 1.7473 ns/op
WorkloadActual  10: 57456144 op, 101153600.00 ns, 1.7605 ns/op
WorkloadActual  11: 57456144 op, 100023900.00 ns, 1.7409 ns/op
WorkloadActual  12: 57456144 op, 100198200.00 ns, 1.7439 ns/op
WorkloadActual  13: 57456144 op, 103413000.00 ns, 1.7999 ns/op
WorkloadActual  14: 57456144 op, 99548500.00 ns, 1.7326 ns/op
WorkloadActual  15: 57456144 op, 100184700.00 ns, 1.7437 ns/op
WorkloadActual  16: 57456144 op, 99752900.00 ns, 1.7362 ns/op
WorkloadActual  17: 57456144 op, 99655200.00 ns, 1.7345 ns/op
WorkloadActual  18: 57456144 op, 99637700.00 ns, 1.7342 ns/op

// AfterActualRun
WorkloadResult   1: 57456144 op, 18079700.00 ns, 0.3147 ns/op
WorkloadResult   2: 57456144 op, 12653400.00 ns, 0.2202 ns/op
WorkloadResult   3: 57456144 op, 12891900.00 ns, 0.2244 ns/op
WorkloadResult   4: 57456144 op, 12580300.00 ns, 0.2190 ns/op
WorkloadResult   5: 57456144 op, 17296100.00 ns, 0.3010 ns/op
WorkloadResult   6: 57456144 op, 13288600.00 ns, 0.2313 ns/op
WorkloadResult   7: 57456144 op, 12970700.00 ns, 0.2257 ns/op
WorkloadResult   8: 57456144 op, 13731000.00 ns, 0.2390 ns/op
WorkloadResult   9: 57456144 op, 12601300.00 ns, 0.2193 ns/op
WorkloadResult  10: 57456144 op, 12775600.00 ns, 0.2224 ns/op
WorkloadResult  11: 57456144 op, 15990400.00 ns, 0.2783 ns/op
WorkloadResult  12: 57456144 op, 12125900.00 ns, 0.2110 ns/op
WorkloadResult  13: 57456144 op, 12762100.00 ns, 0.2221 ns/op
WorkloadResult  14: 57456144 op, 12330300.00 ns, 0.2146 ns/op
WorkloadResult  15: 57456144 op, 12232600.00 ns, 0.2129 ns/op
WorkloadResult  16: 57456144 op, 12215100.00 ns, 0.2126 ns/op
// GC:  0 0 0 0 57456144
// Threading:  0 0 57456144

// AfterAll
// Benchmark Process 16576 has exited with code 0.

Mean = 0.236 ns, StdErr = 0.008 ns (3.45%), N = 16, StdDev = 0.032 ns
Min = 0.211 ns, Q1 = 0.218 ns, Median = 0.222 ns, Q3 = 0.233 ns, Max = 0.315 ns
IQR = 0.015 ns, LowerFence = 0.195 ns, UpperFence = 0.256 ns
ConfidenceInterval = [0.202 ns; 0.269 ns] (CI 99.9%), Margin = 0.033 ns (14.05% of Mean)
Skewness = 1.44, Kurtosis = 3.5, MValue = 2

// ** Remained 7 (53.8%) benchmark(s) to run. Estimated finish 2026-02-24 22:36 (0h 0m from now) **
Setup power plan (GUID: 8c5e7fda-e8bf-4a96-9a85-a6e23a8c635c FriendlyName: High performance)
// **************************
// Benchmark: Scenario1.S1_ReturnOptionStringErrorNoMessage_EnumerationsOptions: .NET 10.0(Runtime=.NET 10.0, IterationTime=100ms) [Iterations=2]
// *** Execute ***
// Launch: 1 / 1
// Execute: dotnet Enumerations.Options.Benchmarks-1.dll --anonymousPipes 1628 1624 --benchmarkName "ReillyDigital.Enumerations.Options.Benchmarks.Scenarios.Scenario1.S1_ReturnOptionStringErrorNoMessage_EnumerationsOptions(Iterations: 2)" --job ".NET 10.0" --benchmarkId 6 in D:\x\devs\reilly-digital\dotnet\enumerations.options.benchmarks\bin\Debug\net10.0\Enumerations.Options.Benchmarks-1\bin\Release\net10.0
// BeforeAnythingElse

// Benchmark Process Environment Information:
// BenchmarkDotNet v0.15.8
// Runtime=.NET 10.0.3 (10.0.3, 10.0.326.7603), X64 RyuJIT x86-64-v3
// GC=Concurrent Workstation
// HardwareIntrinsics=AVX2+BMI1+BMI2+F16C+FMA+LZCNT+MOVBE,AVX,SSE3+SSSE3+SSE4.1+SSE4.2+POPCNT,X86Base+SSE+SSE2,AES+PCLMUL VectorSize=256
// Job: .NET 10.0(IterationTime=100ms)

OverheadJitting  1: 1 op, 118400.00 ns, 118.4000 us/op
WorkloadJitting  1: 1 op, 1507100.00 ns, 1.5071 ms/op

OverheadJitting  2: 16 op, 178300.00 ns, 11.1438 us/op
WorkloadJitting  2: 16 op, 147700.00 ns, 9.2313 us/op

WorkloadPilot    1: 16 op, 800.00 ns, 50.0000 ns/op
WorkloadPilot    2: 2000000 op, 56159400.00 ns, 28.0797 ns/op
WorkloadPilot    3: 3561296 op, 59599900.00 ns, 16.7355 ns/op
WorkloadPilot    4: 5975344 op, 14178100.00 ns, 2.3728 ns/op
WorkloadPilot    5: 42144896 op, 98039500.00 ns, 2.3262 ns/op
WorkloadPilot    6: 42987680 op, 99537200.00 ns, 2.3155 ns/op
WorkloadPilot    7: 43187552 op, 99527300.00 ns, 2.3045 ns/op
WorkloadPilot    8: 43392672 op, 101985900.00 ns, 2.3503 ns/op
WorkloadPilot    9: 42547728 op, 97609400.00 ns, 2.2941 ns/op
WorkloadPilot   10: 43589792 op, 99761900.00 ns, 2.2887 ns/op
WorkloadPilot   11: 43693840 op, 101573600.00 ns, 2.3247 ns/op
WorkloadPilot   12: 43016928 op, 102876400.00 ns, 2.3915 ns/op

OverheadWarmup   1: 43016928 op, 106268800.00 ns, 2.4704 ns/op
OverheadWarmup   2: 43016928 op, 71544000.00 ns, 1.6632 ns/op
OverheadWarmup   3: 43016928 op, 64528600.00 ns, 1.5001 ns/op
OverheadWarmup   4: 43016928 op, 64929800.00 ns, 1.5094 ns/op
OverheadWarmup   5: 43016928 op, 64593000.00 ns, 1.5016 ns/op
OverheadWarmup   6: 43016928 op, 64682400.00 ns, 1.5036 ns/op
OverheadWarmup   7: 43016928 op, 64630300.00 ns, 1.5024 ns/op

OverheadActual   1: 43016928 op, 64736800.00 ns, 1.5049 ns/op
OverheadActual   2: 43016928 op, 64576300.00 ns, 1.5012 ns/op
OverheadActual   3: 43016928 op, 64556600.00 ns, 1.5007 ns/op
OverheadActual   4: 43016928 op, 64645200.00 ns, 1.5028 ns/op
OverheadActual   5: 43016928 op, 64688700.00 ns, 1.5038 ns/op
OverheadActual   6: 43016928 op, 64581400.00 ns, 1.5013 ns/op
OverheadActual   7: 43016928 op, 64673300.00 ns, 1.5034 ns/op
OverheadActual   8: 43016928 op, 64743700.00 ns, 1.5051 ns/op
OverheadActual   9: 43016928 op, 64621600.00 ns, 1.5022 ns/op
OverheadActual  10: 43016928 op, 64556000.00 ns, 1.5007 ns/op
OverheadActual  11: 43016928 op, 64574900.00 ns, 1.5012 ns/op
OverheadActual  12: 43016928 op, 64609000.00 ns, 1.5019 ns/op
OverheadActual  13: 43016928 op, 64636800.00 ns, 1.5026 ns/op
OverheadActual  14: 43016928 op, 64607500.00 ns, 1.5019 ns/op
OverheadActual  15: 43016928 op, 64588800.00 ns, 1.5015 ns/op

WorkloadWarmup   1: 43016928 op, 99716500.00 ns, 2.3181 ns/op
WorkloadWarmup   2: 43016928 op, 102616700.00 ns, 2.3855 ns/op
WorkloadWarmup   3: 43016928 op, 100070500.00 ns, 2.3263 ns/op
WorkloadWarmup   4: 43016928 op, 104681800.00 ns, 2.4335 ns/op
WorkloadWarmup   5: 43016928 op, 105458500.00 ns, 2.4516 ns/op
WorkloadWarmup   6: 43016928 op, 101225600.00 ns, 2.3532 ns/op

// BeforeActualRun
WorkloadActual   1: 43016928 op, 98611300.00 ns, 2.2924 ns/op
WorkloadActual   2: 43016928 op, 104404000.00 ns, 2.4270 ns/op
WorkloadActual   3: 43016928 op, 101706200.00 ns, 2.3643 ns/op
WorkloadActual   4: 43016928 op, 103156700.00 ns, 2.3980 ns/op
WorkloadActual   5: 43016928 op, 102045800.00 ns, 2.3722 ns/op
WorkloadActual   6: 43016928 op, 97841500.00 ns, 2.2745 ns/op
WorkloadActual   7: 43016928 op, 99745700.00 ns, 2.3188 ns/op
WorkloadActual   8: 43016928 op, 101954300.00 ns, 2.3701 ns/op
WorkloadActual   9: 43016928 op, 101803800.00 ns, 2.3666 ns/op
WorkloadActual  10: 43016928 op, 111104800.00 ns, 2.5828 ns/op
WorkloadActual  11: 43016928 op, 102672400.00 ns, 2.3868 ns/op
WorkloadActual  12: 43016928 op, 105360600.00 ns, 2.4493 ns/op
WorkloadActual  13: 43016928 op, 104914100.00 ns, 2.4389 ns/op
WorkloadActual  14: 43016928 op, 104118200.00 ns, 2.4204 ns/op
WorkloadActual  15: 43016928 op, 97161300.00 ns, 2.2587 ns/op
WorkloadActual  16: 43016928 op, 102689600.00 ns, 2.3872 ns/op
WorkloadActual  17: 43016928 op, 100760200.00 ns, 2.3423 ns/op
WorkloadActual  18: 43016928 op, 99847700.00 ns, 2.3211 ns/op
WorkloadActual  19: 43016928 op, 100131400.00 ns, 2.3277 ns/op
WorkloadActual  20: 43016928 op, 98608600.00 ns, 2.2923 ns/op
WorkloadActual  21: 43016928 op, 102030400.00 ns, 2.3719 ns/op
WorkloadActual  22: 43016928 op, 102332400.00 ns, 2.3789 ns/op

// AfterActualRun
WorkloadResult   1: 43016928 op, 34002300.00 ns, 0.7904 ns/op
WorkloadResult   2: 43016928 op, 39795000.00 ns, 0.9251 ns/op
WorkloadResult   3: 43016928 op, 37097200.00 ns, 0.8624 ns/op
WorkloadResult   4: 43016928 op, 38547700.00 ns, 0.8961 ns/op
WorkloadResult   5: 43016928 op, 37436800.00 ns, 0.8703 ns/op
WorkloadResult   6: 43016928 op, 33232500.00 ns, 0.7725 ns/op
WorkloadResult   7: 43016928 op, 35136700.00 ns, 0.8168 ns/op
WorkloadResult   8: 43016928 op, 37345300.00 ns, 0.8682 ns/op
WorkloadResult   9: 43016928 op, 37194800.00 ns, 0.8647 ns/op
WorkloadResult  10: 43016928 op, 38063400.00 ns, 0.8848 ns/op
WorkloadResult  11: 43016928 op, 40751600.00 ns, 0.9473 ns/op
WorkloadResult  12: 43016928 op, 40305100.00 ns, 0.9370 ns/op
WorkloadResult  13: 43016928 op, 39509200.00 ns, 0.9185 ns/op
WorkloadResult  14: 43016928 op, 32552300.00 ns, 0.7567 ns/op
WorkloadResult  15: 43016928 op, 38080600.00 ns, 0.8852 ns/op
WorkloadResult  16: 43016928 op, 36151200.00 ns, 0.8404 ns/op
WorkloadResult  17: 43016928 op, 35238700.00 ns, 0.8192 ns/op
WorkloadResult  18: 43016928 op, 35522400.00 ns, 0.8258 ns/op
WorkloadResult  19: 43016928 op, 33999600.00 ns, 0.7904 ns/op
WorkloadResult  20: 43016928 op, 37421400.00 ns, 0.8699 ns/op
WorkloadResult  21: 43016928 op, 37723400.00 ns, 0.8769 ns/op
// GC:  0 0 0 0 43016928
// Threading:  0 0 43016928

// AfterAll
// Benchmark Process 17172 has exited with code 0.

Mean = 0.858 ns, StdErr = 0.012 ns (1.36%), N = 21, StdDev = 0.054 ns
Min = 0.757 ns, Q1 = 0.819 ns, Median = 0.868 ns, Q3 = 0.885 ns, Max = 0.947 ns
IQR = 0.066 ns, LowerFence = 0.720 ns, UpperFence = 0.984 ns
ConfidenceInterval = [0.813 ns; 0.903 ns] (CI 99.9%), Margin = 0.045 ns (5.24% of Mean)
Skewness = -0.19, Kurtosis = 2, MValue = 2

// ** Remained 6 (46.2%) benchmark(s) to run. Estimated finish 2026-02-24 22:36 (0h 0m from now) **
Setup power plan (GUID: 8c5e7fda-e8bf-4a96-9a85-a6e23a8c635c FriendlyName: High performance)
// **************************
// Benchmark: Scenario1.S1_ReturnOptionStringErrorWithMessage_EnumerationsOptions: .NET 10.0(Runtime=.NET 10.0, IterationTime=100ms) [Iterations=2]
// *** Execute ***
// Launch: 1 / 1
// Execute: dotnet Enumerations.Options.Benchmarks-1.dll --anonymousPipes 1492 1616 --benchmarkName "ReillyDigital.Enumerations.Options.Benchmarks.Scenarios.Scenario1.S1_ReturnOptionStringErrorWithMessage_EnumerationsOptions(Iterations: 2)" --job ".NET 10.0" --benchmarkId 7 in D:\x\devs\reilly-digital\dotnet\enumerations.options.benchmarks\bin\Debug\net10.0\Enumerations.Options.Benchmarks-1\bin\Release\net10.0
// BeforeAnythingElse

// Benchmark Process Environment Information:
// BenchmarkDotNet v0.15.8
// Runtime=.NET 10.0.3 (10.0.3, 10.0.326.7603), X64 RyuJIT x86-64-v3
// GC=Concurrent Workstation
// HardwareIntrinsics=AVX2+BMI1+BMI2+F16C+FMA+LZCNT+MOVBE,AVX,SSE3+SSSE3+SSE4.1+SSE4.2+POPCNT,X86Base+SSE+SSE2,AES+PCLMUL VectorSize=256
// Job: .NET 10.0(IterationTime=100ms)

OverheadJitting  1: 1 op, 110000.00 ns, 110.0000 us/op
WorkloadJitting  1: 1 op, 1438000.00 ns, 1.4380 ms/op

OverheadJitting  2: 16 op, 168300.00 ns, 10.5188 us/op
WorkloadJitting  2: 16 op, 249200.00 ns, 15.5750 us/op

WorkloadPilot    1: 16 op, 2100.00 ns, 131.2500 ns/op
WorkloadPilot    2: 761920 op, 33532500.00 ns, 44.0105 ns/op
WorkloadPilot    3: 2272192 op, 87754800.00 ns, 38.6212 ns/op
WorkloadPilot    4: 2589264 op, 22231600.00 ns, 8.5861 ns/op
WorkloadPilot    5: 11646784 op, 89169800.00 ns, 7.6562 ns/op
WorkloadPilot    6: 13061360 op, 103898800.00 ns, 7.9547 ns/op
WorkloadPilot    7: 12571248 op, 96749000.00 ns, 7.6961 ns/op
WorkloadPilot    8: 12993680 op, 97434100.00 ns, 7.4986 ns/op
WorkloadPilot    9: 13335872 op, 122419000.00 ns, 9.1797 ns/op
WorkloadPilot   10: 10893632 op, 93017800.00 ns, 8.5387 ns/op
WorkloadPilot   11: 11711344 op, 89789900.00 ns, 7.6669 ns/op
WorkloadPilot   12: 13043056 op, 100696000.00 ns, 7.7203 ns/op

OverheadWarmup   1: 13043056 op, 32000300.00 ns, 2.4534 ns/op
OverheadWarmup   2: 13043056 op, 32150100.00 ns, 2.4649 ns/op
OverheadWarmup   3: 13043056 op, 32044200.00 ns, 2.4568 ns/op
OverheadWarmup   4: 13043056 op, 27033500.00 ns, 2.0726 ns/op
OverheadWarmup   5: 13043056 op, 19514800.00 ns, 1.4962 ns/op
OverheadWarmup   6: 13043056 op, 19433800.00 ns, 1.4900 ns/op
OverheadWarmup   7: 13043056 op, 19440800.00 ns, 1.4905 ns/op
OverheadWarmup   8: 13043056 op, 19471000.00 ns, 1.4928 ns/op
OverheadWarmup   9: 13043056 op, 19430700.00 ns, 1.4897 ns/op

OverheadActual   1: 13043056 op, 19425900.00 ns, 1.4894 ns/op
OverheadActual   2: 13043056 op, 19538300.00 ns, 1.4980 ns/op
OverheadActual   3: 13043056 op, 20373700.00 ns, 1.5620 ns/op
OverheadActual   4: 13043056 op, 19489800.00 ns, 1.4943 ns/op
OverheadActual   5: 13043056 op, 19427700.00 ns, 1.4895 ns/op
OverheadActual   6: 13043056 op, 19471500.00 ns, 1.4929 ns/op
OverheadActual   7: 13043056 op, 19482500.00 ns, 1.4937 ns/op
OverheadActual   8: 13043056 op, 19430800.00 ns, 1.4897 ns/op
OverheadActual   9: 13043056 op, 19458200.00 ns, 1.4918 ns/op
OverheadActual  10: 13043056 op, 19486200.00 ns, 1.4940 ns/op
OverheadActual  11: 13043056 op, 19583600.00 ns, 1.5015 ns/op
OverheadActual  12: 13043056 op, 19525300.00 ns, 1.4970 ns/op
OverheadActual  13: 13043056 op, 19501200.00 ns, 1.4951 ns/op
OverheadActual  14: 13043056 op, 19459800.00 ns, 1.4920 ns/op
OverheadActual  15: 13043056 op, 19540100.00 ns, 1.4981 ns/op

WorkloadWarmup   1: 13043056 op, 100760400.00 ns, 7.7252 ns/op
WorkloadWarmup   2: 13043056 op, 102251300.00 ns, 7.8395 ns/op
WorkloadWarmup   3: 13043056 op, 116489200.00 ns, 8.9311 ns/op
WorkloadWarmup   4: 13043056 op, 99428900.00 ns, 7.6231 ns/op
WorkloadWarmup   5: 13043056 op, 122890200.00 ns, 9.4219 ns/op
WorkloadWarmup   6: 13043056 op, 122254500.00 ns, 9.3731 ns/op

// BeforeActualRun
WorkloadActual   1: 13043056 op, 99495200.00 ns, 7.6282 ns/op
WorkloadActual   2: 13043056 op, 105622900.00 ns, 8.0980 ns/op
WorkloadActual   3: 13043056 op, 108490100.00 ns, 8.3178 ns/op
WorkloadActual   4: 13043056 op, 135025600.00 ns, 10.3523 ns/op
WorkloadActual   5: 13043056 op, 106524700.00 ns, 8.1672 ns/op
WorkloadActual   6: 13043056 op, 104835800.00 ns, 8.0377 ns/op
WorkloadActual   7: 13043056 op, 107243200.00 ns, 8.2222 ns/op
WorkloadActual   8: 13043056 op, 139530900.00 ns, 10.6977 ns/op
WorkloadActual   9: 13043056 op, 106578700.00 ns, 8.1713 ns/op
WorkloadActual  10: 13043056 op, 112749200.00 ns, 8.6444 ns/op
WorkloadActual  11: 13043056 op, 111792300.00 ns, 8.5710 ns/op
WorkloadActual  12: 13043056 op, 140777700.00 ns, 10.7933 ns/op
WorkloadActual  13: 13043056 op, 119032300.00 ns, 9.1261 ns/op
WorkloadActual  14: 13043056 op, 106987400.00 ns, 8.2026 ns/op
WorkloadActual  15: 13043056 op, 126317800.00 ns, 9.6847 ns/op
WorkloadActual  16: 13043056 op, 132262600.00 ns, 10.1405 ns/op
WorkloadActual  17: 13043056 op, 110526200.00 ns, 8.4739 ns/op
WorkloadActual  18: 13043056 op, 99823200.00 ns, 7.6534 ns/op
WorkloadActual  19: 13043056 op, 99192500.00 ns, 7.6050 ns/op
WorkloadActual  20: 13043056 op, 100047800.00 ns, 7.6706 ns/op
WorkloadActual  21: 13043056 op, 98807400.00 ns, 7.5755 ns/op
WorkloadActual  22: 13043056 op, 101456700.00 ns, 7.7786 ns/op
WorkloadActual  23: 13043056 op, 98852100.00 ns, 7.5789 ns/op
WorkloadActual  24: 13043056 op, 103666100.00 ns, 7.9480 ns/op
WorkloadActual  25: 13043056 op, 98668700.00 ns, 7.5648 ns/op
WorkloadActual  26: 13043056 op, 111743700.00 ns, 8.5673 ns/op
WorkloadActual  27: 13043056 op, 99211600.00 ns, 7.6065 ns/op
WorkloadActual  28: 13043056 op, 99798200.00 ns, 7.6514 ns/op
WorkloadActual  29: 13043056 op, 99983200.00 ns, 7.6656 ns/op
WorkloadActual  30: 13043056 op, 100363500.00 ns, 7.6948 ns/op
WorkloadActual  31: 13043056 op, 99365100.00 ns, 7.6182 ns/op
WorkloadActual  32: 13043056 op, 99149300.00 ns, 7.6017 ns/op
WorkloadActual  33: 13043056 op, 99562500.00 ns, 7.6334 ns/op
WorkloadActual  34: 13043056 op, 99447200.00 ns, 7.6245 ns/op
WorkloadActual  35: 13043056 op, 99127300.00 ns, 7.6000 ns/op
WorkloadActual  36: 13043056 op, 99500400.00 ns, 7.6286 ns/op
WorkloadActual  37: 13043056 op, 100555400.00 ns, 7.7095 ns/op
WorkloadActual  38: 13043056 op, 103169800.00 ns, 7.9099 ns/op
WorkloadActual  39: 13043056 op, 99567100.00 ns, 7.6337 ns/op
WorkloadActual  40: 13043056 op, 99737200.00 ns, 7.6468 ns/op
WorkloadActual  41: 13043056 op, 99844200.00 ns, 7.6550 ns/op
WorkloadActual  42: 13043056 op, 98809600.00 ns, 7.5756 ns/op
WorkloadActual  43: 13043056 op, 99510300.00 ns, 7.6294 ns/op
WorkloadActual  44: 13043056 op, 99177300.00 ns, 7.6038 ns/op
WorkloadActual  45: 13043056 op, 100137400.00 ns, 7.6774 ns/op
WorkloadActual  46: 13043056 op, 99626700.00 ns, 7.6383 ns/op
WorkloadActual  47: 13043056 op, 99157600.00 ns, 7.6023 ns/op
WorkloadActual  48: 13043056 op, 99237200.00 ns, 7.6084 ns/op
WorkloadActual  49: 13043056 op, 101408800.00 ns, 7.7749 ns/op
WorkloadActual  50: 13043056 op, 100408800.00 ns, 7.6983 ns/op
WorkloadActual  51: 13043056 op, 100480700.00 ns, 7.7038 ns/op
WorkloadActual  52: 13043056 op, 98945900.00 ns, 7.5861 ns/op
WorkloadActual  53: 13043056 op, 99762300.00 ns, 7.6487 ns/op
WorkloadActual  54: 13043056 op, 102085100.00 ns, 7.8268 ns/op

// AfterActualRun
WorkloadResult   1: 13043056 op, 80009000.00 ns, 6.1342 ns/op
WorkloadResult   2: 13043056 op, 86136700.00 ns, 6.6040 ns/op
WorkloadResult   3: 13043056 op, 89003900.00 ns, 6.8239 ns/op
WorkloadResult   4: 13043056 op, 87038500.00 ns, 6.6732 ns/op
WorkloadResult   5: 13043056 op, 85349600.00 ns, 6.5437 ns/op
WorkloadResult   6: 13043056 op, 87757000.00 ns, 6.7283 ns/op
WorkloadResult   7: 13043056 op, 87092500.00 ns, 6.6773 ns/op
WorkloadResult   8: 13043056 op, 93263000.00 ns, 7.1504 ns/op
WorkloadResult   9: 13043056 op, 92306100.00 ns, 7.0770 ns/op
WorkloadResult  10: 13043056 op, 87501200.00 ns, 6.7086 ns/op
WorkloadResult  11: 13043056 op, 91040000.00 ns, 6.9800 ns/op
WorkloadResult  12: 13043056 op, 80337000.00 ns, 6.1594 ns/op
WorkloadResult  13: 13043056 op, 79706300.00 ns, 6.1110 ns/op
WorkloadResult  14: 13043056 op, 80561600.00 ns, 6.1766 ns/op
WorkloadResult  15: 13043056 op, 79321200.00 ns, 6.0815 ns/op
WorkloadResult  16: 13043056 op, 81970500.00 ns, 6.2846 ns/op
WorkloadResult  17: 13043056 op, 79365900.00 ns, 6.0849 ns/op
WorkloadResult  18: 13043056 op, 84179900.00 ns, 6.4540 ns/op
WorkloadResult  19: 13043056 op, 79182500.00 ns, 6.0709 ns/op
WorkloadResult  20: 13043056 op, 92257500.00 ns, 7.0733 ns/op
WorkloadResult  21: 13043056 op, 79725400.00 ns, 6.1125 ns/op
WorkloadResult  22: 13043056 op, 80312000.00 ns, 6.1575 ns/op
WorkloadResult  23: 13043056 op, 80497000.00 ns, 6.1716 ns/op
WorkloadResult  24: 13043056 op, 80877300.00 ns, 6.2008 ns/op
WorkloadResult  25: 13043056 op, 79878900.00 ns, 6.1242 ns/op
WorkloadResult  26: 13043056 op, 79663100.00 ns, 6.1077 ns/op
WorkloadResult  27: 13043056 op, 80076300.00 ns, 6.1394 ns/op
WorkloadResult  28: 13043056 op, 79961000.00 ns, 6.1305 ns/op
WorkloadResult  29: 13043056 op, 79641100.00 ns, 6.1060 ns/op
WorkloadResult  30: 13043056 op, 80014200.00 ns, 6.1346 ns/op
WorkloadResult  31: 13043056 op, 81069200.00 ns, 6.2155 ns/op
WorkloadResult  32: 13043056 op, 83683600.00 ns, 6.4160 ns/op
WorkloadResult  33: 13043056 op, 80080900.00 ns, 6.1397 ns/op
WorkloadResult  34: 13043056 op, 80251000.00 ns, 6.1528 ns/op
WorkloadResult  35: 13043056 op, 80358000.00 ns, 6.1610 ns/op
WorkloadResult  36: 13043056 op, 79323400.00 ns, 6.0817 ns/op
WorkloadResult  37: 13043056 op, 80024100.00 ns, 6.1354 ns/op
WorkloadResult  38: 13043056 op, 79691100.00 ns, 6.1098 ns/op
WorkloadResult  39: 13043056 op, 80651200.00 ns, 6.1835 ns/op
WorkloadResult  40: 13043056 op, 80140500.00 ns, 6.1443 ns/op
WorkloadResult  41: 13043056 op, 79671400.00 ns, 6.1083 ns/op
WorkloadResult  42: 13043056 op, 79751000.00 ns, 6.1144 ns/op
WorkloadResult  43: 13043056 op, 81922600.00 ns, 6.2809 ns/op
WorkloadResult  44: 13043056 op, 80922600.00 ns, 6.2043 ns/op
WorkloadResult  45: 13043056 op, 80994500.00 ns, 6.2098 ns/op
WorkloadResult  46: 13043056 op, 79459700.00 ns, 6.0921 ns/op
WorkloadResult  47: 13043056 op, 80276100.00 ns, 6.1547 ns/op
WorkloadResult  48: 13043056 op, 82598900.00 ns, 6.3328 ns/op
// GC:  99 0 0 834755584 13043056
// Threading:  0 0 13043056

// AfterAll
// Benchmark Process 1680 has exited with code 0.

Mean = 6.317 ns, StdErr = 0.044 ns (0.70%), N = 48, StdDev = 0.305 ns
Min = 6.071 ns, Q1 = 6.122 ns, Median = 6.160 ns, Q3 = 6.425 ns, Max = 7.150 ns
IQR = 0.304 ns, LowerFence = 5.666 ns, UpperFence = 6.881 ns
ConfidenceInterval = [6.163 ns; 6.471 ns] (CI 99.9%), Margin = 0.154 ns (2.44% of Mean)
Skewness = 1.42, Kurtosis = 3.73, MValue = 2.19

// ** Remained 5 (38.5%) benchmark(s) to run. Estimated finish 2026-02-24 22:36 (0h 0m from now) **
Setup power plan (GUID: 8c5e7fda-e8bf-4a96-9a85-a6e23a8c635c FriendlyName: High performance)
// **************************
// Benchmark: Scenario1.S1_ReturnOptionStringNone_EnumerationsOptions: .NET 10.0(Runtime=.NET 10.0, IterationTime=100ms) [Iterations=2]
// *** Execute ***
// Launch: 1 / 1
// Execute: dotnet Enumerations.Options.Benchmarks-1.dll --anonymousPipes 1496 1668 --benchmarkName "ReillyDigital.Enumerations.Options.Benchmarks.Scenarios.Scenario1.S1_ReturnOptionStringNone_EnumerationsOptions(Iterations: 2)" --job ".NET 10.0" --benchmarkId 8 in D:\x\devs\reilly-digital\dotnet\enumerations.options.benchmarks\bin\Debug\net10.0\Enumerations.Options.Benchmarks-1\bin\Release\net10.0
// BeforeAnythingElse

// Benchmark Process Environment Information:
// BenchmarkDotNet v0.15.8
// Runtime=.NET 10.0.3 (10.0.3, 10.0.326.7603), X64 RyuJIT x86-64-v3
// GC=Concurrent Workstation
// HardwareIntrinsics=AVX2+BMI1+BMI2+F16C+FMA+LZCNT+MOVBE,AVX,SSE3+SSSE3+SSE4.1+SSE4.2+POPCNT,X86Base+SSE+SSE2,AES+PCLMUL VectorSize=256
// Job: .NET 10.0(IterationTime=100ms)

OverheadJitting  1: 1 op, 108900.00 ns, 108.9000 us/op
WorkloadJitting  1: 1 op, 1348000.00 ns, 1.3480 ms/op

OverheadJitting  2: 16 op, 147400.00 ns, 9.2125 us/op
WorkloadJitting  2: 16 op, 279500.00 ns, 17.4688 us/op

WorkloadPilot    1: 16 op, 1300.00 ns, 81.2500 ns/op
WorkloadPilot    2: 1230784 op, 29581500.00 ns, 24.0347 ns/op
WorkloadPilot    3: 4160656 op, 86597800.00 ns, 20.8135 ns/op
WorkloadPilot    4: 4804576 op, 8300200.00 ns, 1.7276 ns/op
WorkloadPilot    5: 57885072 op, 101838300.00 ns, 1.7593 ns/op
WorkloadPilot    6: 56840192 op, 98472700.00 ns, 1.7324 ns/op
WorkloadPilot    7: 57721792 op, 99965100.00 ns, 1.7318 ns/op
WorkloadPilot    8: 57741952 op, 99660700.00 ns, 1.7260 ns/op
WorkloadPilot    9: 57938544 op, 99992300.00 ns, 1.7258 ns/op
WorkloadPilot   10: 57943008 op, 100208300.00 ns, 1.7294 ns/op
WorkloadPilot   11: 57822576 op, 99827800.00 ns, 1.7265 ns/op
WorkloadPilot   12: 57922320 op, 100113300.00 ns, 1.7284 ns/op

OverheadWarmup   1: 57922320 op, 131511200.00 ns, 2.2705 ns/op
OverheadWarmup   2: 57922320 op, 86102800.00 ns, 1.4865 ns/op
OverheadWarmup   3: 57922320 op, 86045300.00 ns, 1.4855 ns/op
OverheadWarmup   4: 57922320 op, 86022300.00 ns, 1.4851 ns/op
OverheadWarmup   5: 57922320 op, 86114700.00 ns, 1.4867 ns/op
OverheadWarmup   6: 57922320 op, 87212900.00 ns, 1.5057 ns/op
OverheadWarmup   7: 57922320 op, 87090700.00 ns, 1.5036 ns/op
OverheadWarmup   8: 57922320 op, 87449600.00 ns, 1.5098 ns/op
OverheadWarmup   9: 57922320 op, 87463400.00 ns, 1.5100 ns/op
OverheadWarmup  10: 57922320 op, 87111500.00 ns, 1.5039 ns/op

OverheadActual   1: 57922320 op, 87656800.00 ns, 1.5134 ns/op
OverheadActual   2: 57922320 op, 87103300.00 ns, 1.5038 ns/op
OverheadActual   3: 57922320 op, 87219100.00 ns, 1.5058 ns/op
OverheadActual   4: 57922320 op, 87440300.00 ns, 1.5096 ns/op
OverheadActual   5: 57922320 op, 87053300.00 ns, 1.5029 ns/op
OverheadActual   6: 57922320 op, 87080600.00 ns, 1.5034 ns/op
OverheadActual   7: 57922320 op, 87174000.00 ns, 1.5050 ns/op
OverheadActual   8: 57922320 op, 87073500.00 ns, 1.5033 ns/op
OverheadActual   9: 57922320 op, 87098600.00 ns, 1.5037 ns/op
OverheadActual  10: 57922320 op, 87486500.00 ns, 1.5104 ns/op
OverheadActual  11: 57922320 op, 87143500.00 ns, 1.5045 ns/op
OverheadActual  12: 57922320 op, 87607300.00 ns, 1.5125 ns/op
OverheadActual  13: 57922320 op, 88206100.00 ns, 1.5228 ns/op
OverheadActual  14: 57922320 op, 86490700.00 ns, 1.4932 ns/op
OverheadActual  15: 57922320 op, 86509200.00 ns, 1.4935 ns/op

WorkloadWarmup   1: 57922320 op, 100942100.00 ns, 1.7427 ns/op
WorkloadWarmup   2: 57922320 op, 100529000.00 ns, 1.7356 ns/op
WorkloadWarmup   3: 57922320 op, 100172400.00 ns, 1.7294 ns/op
WorkloadWarmup   4: 57922320 op, 101481500.00 ns, 1.7520 ns/op
WorkloadWarmup   5: 57922320 op, 100507900.00 ns, 1.7352 ns/op
WorkloadWarmup   6: 57922320 op, 100617600.00 ns, 1.7371 ns/op
WorkloadWarmup   7: 57922320 op, 100518100.00 ns, 1.7354 ns/op

// BeforeActualRun
WorkloadActual   1: 57922320 op, 102518700.00 ns, 1.7699 ns/op
WorkloadActual   2: 57922320 op, 100579400.00 ns, 1.7365 ns/op
WorkloadActual   3: 57922320 op, 100542100.00 ns, 1.7358 ns/op
WorkloadActual   4: 57922320 op, 112390900.00 ns, 1.9404 ns/op
WorkloadActual   5: 57922320 op, 101004400.00 ns, 1.7438 ns/op
WorkloadActual   6: 57922320 op, 100673700.00 ns, 1.7381 ns/op
WorkloadActual   7: 57922320 op, 100469700.00 ns, 1.7346 ns/op
WorkloadActual   8: 57922320 op, 100455200.00 ns, 1.7343 ns/op
WorkloadActual   9: 57922320 op, 100762300.00 ns, 1.7396 ns/op
WorkloadActual  10: 57922320 op, 100546700.00 ns, 1.7359 ns/op
WorkloadActual  11: 57922320 op, 100495000.00 ns, 1.7350 ns/op
WorkloadActual  12: 57922320 op, 100504000.00 ns, 1.7352 ns/op
WorkloadActual  13: 57922320 op, 100585100.00 ns, 1.7366 ns/op
WorkloadActual  14: 57922320 op, 103995900.00 ns, 1.7954 ns/op
WorkloadActual  15: 57922320 op, 100953100.00 ns, 1.7429 ns/op

// AfterActualRun
WorkloadResult   1: 57922320 op, 13435900.00 ns, 0.2320 ns/op
WorkloadResult   2: 57922320 op, 13398600.00 ns, 0.2313 ns/op
WorkloadResult   3: 57922320 op, 13860900.00 ns, 0.2393 ns/op
WorkloadResult   4: 57922320 op, 13530200.00 ns, 0.2336 ns/op
WorkloadResult   5: 57922320 op, 13326200.00 ns, 0.2301 ns/op
WorkloadResult   6: 57922320 op, 13311700.00 ns, 0.2298 ns/op
WorkloadResult   7: 57922320 op, 13618800.00 ns, 0.2351 ns/op
WorkloadResult   8: 57922320 op, 13403200.00 ns, 0.2314 ns/op
WorkloadResult   9: 57922320 op, 13351500.00 ns, 0.2305 ns/op
WorkloadResult  10: 57922320 op, 13360500.00 ns, 0.2307 ns/op
WorkloadResult  11: 57922320 op, 13441600.00 ns, 0.2321 ns/op
WorkloadResult  12: 57922320 op, 13809600.00 ns, 0.2384 ns/op
// GC:  0 0 0 0 57922320
// Threading:  0 0 57922320

// AfterAll
// Benchmark Process 16992 has exited with code 0.

Mean = 0.233 ns, StdErr = 0.001 ns (0.39%), N = 12, StdDev = 0.003 ns
Min = 0.230 ns, Q1 = 0.231 ns, Median = 0.232 ns, Q3 = 0.234 ns, Max = 0.239 ns
IQR = 0.003 ns, LowerFence = 0.226 ns, UpperFence = 0.239 ns
ConfidenceInterval = [0.229 ns; 0.237 ns] (CI 99.9%), Margin = 0.004 ns (1.75% of Mean)
Skewness = 0.96, Kurtosis = 2.38, MValue = 2

// ** Remained 4 (30.8%) benchmark(s) to run. Estimated finish 2026-02-24 22:36 (0h 0m from now) **
Setup power plan (GUID: 8c5e7fda-e8bf-4a96-9a85-a6e23a8c635c FriendlyName: High performance)
// **************************
// Benchmark: Scenario1.S1_ReturnOptionStringSuccess_EnumerationsOptions: .NET 10.0(Runtime=.NET 10.0, IterationTime=100ms) [Iterations=2]
// *** Execute ***
// Launch: 1 / 1
// Execute: dotnet Enumerations.Options.Benchmarks-1.dll --anonymousPipes 1652 1596 --benchmarkName "ReillyDigital.Enumerations.Options.Benchmarks.Scenarios.Scenario1.S1_ReturnOptionStringSuccess_EnumerationsOptions(Iterations: 2)" --job ".NET 10.0" --benchmarkId 9 in D:\x\devs\reilly-digital\dotnet\enumerations.options.benchmarks\bin\Debug\net10.0\Enumerations.Options.Benchmarks-1\bin\Release\net10.0
// BeforeAnythingElse

// Benchmark Process Environment Information:
// BenchmarkDotNet v0.15.8
// Runtime=.NET 10.0.3 (10.0.3, 10.0.326.7603), X64 RyuJIT x86-64-v3
// GC=Concurrent Workstation
// HardwareIntrinsics=AVX2+BMI1+BMI2+F16C+FMA+LZCNT+MOVBE,AVX,SSE3+SSSE3+SSE4.1+SSE4.2+POPCNT,X86Base+SSE+SSE2,AES+PCLMUL VectorSize=256
// Job: .NET 10.0(IterationTime=100ms)

OverheadJitting  1: 1 op, 111700.00 ns, 111.7000 us/op
WorkloadJitting  1: 1 op, 1282700.00 ns, 1.2827 ms/op

OverheadJitting  2: 16 op, 157100.00 ns, 9.8188 us/op
WorkloadJitting  2: 16 op, 152300.00 ns, 9.5188 us/op

WorkloadPilot    1: 16 op, 1600.00 ns, 100.0000 ns/op
WorkloadPilot    2: 1000000 op, 37666800.00 ns, 37.6668 ns/op
WorkloadPilot    3: 2654864 op, 84149500.00 ns, 31.6964 ns/op
WorkloadPilot    4: 3154944 op, 23277300.00 ns, 7.3780 ns/op
WorkloadPilot    5: 13553744 op, 88899100.00 ns, 6.5590 ns/op
WorkloadPilot    6: 15246224 op, 98020900.00 ns, 6.4292 ns/op
WorkloadPilot    7: 15554064 op, 100831600.00 ns, 6.4827 ns/op
WorkloadPilot    8: 15425792 op, 108938000.00 ns, 7.0621 ns/op
WorkloadPilot    9: 14160160 op, 99104300.00 ns, 6.9988 ns/op
WorkloadPilot   10: 14288144 op, 94040100.00 ns, 6.5817 ns/op
WorkloadPilot   11: 15193680 op, 103641600.00 ns, 6.8214 ns/op

OverheadWarmup   1: 15193680 op, 37494200.00 ns, 2.4677 ns/op
OverheadWarmup   2: 15193680 op, 37433200.00 ns, 2.4637 ns/op
OverheadWarmup   3: 15193680 op, 37534400.00 ns, 2.4704 ns/op
OverheadWarmup   4: 15193680 op, 37538000.00 ns, 2.4706 ns/op
OverheadWarmup   5: 15193680 op, 37562000.00 ns, 2.4722 ns/op
OverheadWarmup   6: 15193680 op, 37574800.00 ns, 2.4731 ns/op
OverheadWarmup   7: 15193680 op, 37487100.00 ns, 2.4673 ns/op
OverheadWarmup   8: 15193680 op, 37503000.00 ns, 2.4683 ns/op
OverheadWarmup   9: 15193680 op, 34079900.00 ns, 2.2430 ns/op

OverheadActual   1: 15193680 op, 22956700.00 ns, 1.5109 ns/op
OverheadActual   2: 15193680 op, 22903100.00 ns, 1.5074 ns/op
OverheadActual   3: 15193680 op, 22850200.00 ns, 1.5039 ns/op
OverheadActual   4: 15193680 op, 22841000.00 ns, 1.5033 ns/op
OverheadActual   5: 15193680 op, 22830800.00 ns, 1.5027 ns/op
OverheadActual   6: 15193680 op, 22883700.00 ns, 1.5061 ns/op
OverheadActual   7: 15193680 op, 22811100.00 ns, 1.5014 ns/op
OverheadActual   8: 15193680 op, 22868200.00 ns, 1.5051 ns/op
OverheadActual   9: 15193680 op, 22929300.00 ns, 1.5091 ns/op
OverheadActual  10: 15193680 op, 22842800.00 ns, 1.5034 ns/op
OverheadActual  11: 15193680 op, 22809700.00 ns, 1.5013 ns/op
OverheadActual  12: 15193680 op, 22821800.00 ns, 1.5021 ns/op
OverheadActual  13: 15193680 op, 22883600.00 ns, 1.5061 ns/op
OverheadActual  14: 15193680 op, 22844900.00 ns, 1.5036 ns/op
OverheadActual  15: 15193680 op, 22853400.00 ns, 1.5041 ns/op

WorkloadWarmup   1: 15193680 op, 111058400.00 ns, 7.3095 ns/op
WorkloadWarmup   2: 15193680 op, 101359600.00 ns, 6.6712 ns/op
WorkloadWarmup   3: 15193680 op, 97114300.00 ns, 6.3918 ns/op
WorkloadWarmup   4: 15193680 op, 96993900.00 ns, 6.3838 ns/op
WorkloadWarmup   5: 15193680 op, 98562900.00 ns, 6.4871 ns/op
WorkloadWarmup   6: 15193680 op, 99725500.00 ns, 6.5636 ns/op
WorkloadWarmup   7: 15193680 op, 96824100.00 ns, 6.3727 ns/op
WorkloadWarmup   8: 15193680 op, 97266600.00 ns, 6.4018 ns/op
WorkloadWarmup   9: 15193680 op, 98905600.00 ns, 6.5097 ns/op
WorkloadWarmup  10: 15193680 op, 97778400.00 ns, 6.4355 ns/op

// BeforeActualRun
WorkloadActual   1: 15193680 op, 100156200.00 ns, 6.5920 ns/op
WorkloadActual   2: 15193680 op, 98477900.00 ns, 6.4815 ns/op
WorkloadActual   3: 15193680 op, 96202300.00 ns, 6.3317 ns/op
WorkloadActual   4: 15193680 op, 97284800.00 ns, 6.4030 ns/op
WorkloadActual   5: 15193680 op, 98691200.00 ns, 6.4955 ns/op
WorkloadActual   6: 15193680 op, 99317900.00 ns, 6.5368 ns/op
WorkloadActual   7: 15193680 op, 105277100.00 ns, 6.9290 ns/op
WorkloadActual   8: 15193680 op, 98213900.00 ns, 6.4641 ns/op
WorkloadActual   9: 15193680 op, 98973500.00 ns, 6.5141 ns/op
WorkloadActual  10: 15193680 op, 98272100.00 ns, 6.4680 ns/op
WorkloadActual  11: 15193680 op, 98588100.00 ns, 6.4888 ns/op
WorkloadActual  12: 15193680 op, 98363500.00 ns, 6.4740 ns/op
WorkloadActual  13: 15193680 op, 98722900.00 ns, 6.4976 ns/op
WorkloadActual  14: 15193680 op, 99877500.00 ns, 6.5736 ns/op
WorkloadActual  15: 15193680 op, 98243800.00 ns, 6.4661 ns/op

// AfterActualRun
WorkloadResult   1: 15193680 op, 77306000.00 ns, 5.0880 ns/op
WorkloadResult   2: 15193680 op, 75627700.00 ns, 4.9776 ns/op
WorkloadResult   3: 15193680 op, 73352100.00 ns, 4.8278 ns/op
WorkloadResult   4: 15193680 op, 74434600.00 ns, 4.8991 ns/op
WorkloadResult   5: 15193680 op, 75841000.00 ns, 4.9916 ns/op
WorkloadResult   6: 15193680 op, 76467700.00 ns, 5.0329 ns/op
WorkloadResult   7: 15193680 op, 75363700.00 ns, 4.9602 ns/op
WorkloadResult   8: 15193680 op, 76123300.00 ns, 5.0102 ns/op
WorkloadResult   9: 15193680 op, 75421900.00 ns, 4.9640 ns/op
WorkloadResult  10: 15193680 op, 75737900.00 ns, 4.9848 ns/op
WorkloadResult  11: 15193680 op, 75513300.00 ns, 4.9700 ns/op
WorkloadResult  12: 15193680 op, 75872700.00 ns, 4.9937 ns/op
WorkloadResult  13: 15193680 op, 77027300.00 ns, 5.0697 ns/op
WorkloadResult  14: 15193680 op, 75393600.00 ns, 4.9622 ns/op
// GC:  116 0 0 972395520 15193680
// Threading:  0 0 15193680

// AfterAll
// Benchmark Process 10252 has exited with code 0.

Mean = 4.981 ns, StdErr = 0.017 ns (0.35%), N = 14, StdDev = 0.065 ns
Min = 4.828 ns, Q1 = 4.963 ns, Median = 4.981 ns, Q3 = 5.006 ns, Max = 5.088 ns
IQR = 0.043 ns, LowerFence = 4.897 ns, UpperFence = 5.071 ns
ConfidenceInterval = [4.908 ns; 5.054 ns] (CI 99.9%), Margin = 0.073 ns (1.47% of Mean)
Skewness = -0.54, Kurtosis = 3.23, MValue = 2

// ** Remained 3 (23.1%) benchmark(s) to run. Estimated finish 2026-02-24 22:36 (0h 0m from now) **
Setup power plan (GUID: 8c5e7fda-e8bf-4a96-9a85-a6e23a8c635c FriendlyName: High performance)
// **************************
// Benchmark: Scenario1.S1_ReturnVoidErrorNoMessage_EnumerationsOptions: .NET 10.0(Runtime=.NET 10.0, IterationTime=100ms) [Iterations=2]
// *** Execute ***
// Launch: 1 / 1
// Execute: dotnet Enumerations.Options.Benchmarks-1.dll --anonymousPipes 1476 1108 --benchmarkName "ReillyDigital.Enumerations.Options.Benchmarks.Scenarios.Scenario1.S1_ReturnVoidErrorNoMessage_EnumerationsOptions(Iterations: 2)" --job ".NET 10.0" --benchmarkId 10 in D:\x\devs\reilly-digital\dotnet\enumerations.options.benchmarks\bin\Debug\net10.0\Enumerations.Options.Benchmarks-1\bin\Release\net10.0
// BeforeAnythingElse

// Benchmark Process Environment Information:
// BenchmarkDotNet v0.15.8
// Runtime=.NET 10.0.3 (10.0.3, 10.0.326.7603), X64 RyuJIT x86-64-v3
// GC=Concurrent Workstation
// HardwareIntrinsics=AVX2+BMI1+BMI2+F16C+FMA+LZCNT+MOVBE,AVX,SSE3+SSSE3+SSE4.1+SSE4.2+POPCNT,X86Base+SSE+SSE2,AES+PCLMUL VectorSize=256
// Job: .NET 10.0(IterationTime=100ms)

OverheadJitting  1: 1 op, 107300.00 ns, 107.3000 us/op
WorkloadJitting  1: 1 op, 1479200.00 ns, 1.4792 ms/op

OverheadJitting  2: 16 op, 171200.00 ns, 10.7000 us/op
WorkloadJitting  2: 16 op, 145400.00 ns, 9.0875 us/op

WorkloadPilot    1: 16 op, 900.00 ns, 56.2500 ns/op
WorkloadPilot    2: 1777792 op, 47446000.00 ns, 26.6882 ns/op
WorkloadPilot    3: 3746992 op, 81263700.00 ns, 21.6877 ns/op
WorkloadPilot    4: 4610912 op, 9035200.00 ns, 1.9595 ns/op
WorkloadPilot    5: 51032768 op, 100609400.00 ns, 1.9715 ns/op
WorkloadPilot    6: 50723664 op, 99675000.00 ns, 1.9651 ns/op
WorkloadPilot    7: 50889056 op, 100013400.00 ns, 1.9653 ns/op
WorkloadPilot    8: 50882240 op, 100153200.00 ns, 1.9683 ns/op

OverheadWarmup   1: 50882240 op, 125595800.00 ns, 2.4684 ns/op
OverheadWarmup   2: 50882240 op, 112549600.00 ns, 2.2120 ns/op
OverheadWarmup   3: 50882240 op, 76463200.00 ns, 1.5027 ns/op
OverheadWarmup   4: 50882240 op, 76784100.00 ns, 1.5091 ns/op
OverheadWarmup   5: 50882240 op, 76525900.00 ns, 1.5040 ns/op
OverheadWarmup   6: 50882240 op, 77042700.00 ns, 1.5141 ns/op
OverheadWarmup   7: 50882240 op, 78645600.00 ns, 1.5456 ns/op
OverheadWarmup   8: 50882240 op, 76778800.00 ns, 1.5090 ns/op

OverheadActual   1: 50882240 op, 76399200.00 ns, 1.5015 ns/op
OverheadActual   2: 50882240 op, 76480500.00 ns, 1.5031 ns/op
OverheadActual   3: 50882240 op, 77599100.00 ns, 1.5251 ns/op
OverheadActual   4: 50882240 op, 78350300.00 ns, 1.5398 ns/op
OverheadActual   5: 50882240 op, 77604700.00 ns, 1.5252 ns/op
OverheadActual   6: 50882240 op, 77042900.00 ns, 1.5141 ns/op
OverheadActual   7: 50882240 op, 77735300.00 ns, 1.5277 ns/op
OverheadActual   8: 50882240 op, 77518300.00 ns, 1.5235 ns/op
OverheadActual   9: 50882240 op, 79683200.00 ns, 1.5660 ns/op
OverheadActual  10: 50882240 op, 76967900.00 ns, 1.5127 ns/op
OverheadActual  11: 50882240 op, 76370600.00 ns, 1.5009 ns/op
OverheadActual  12: 50882240 op, 76709000.00 ns, 1.5076 ns/op
OverheadActual  13: 50882240 op, 76660800.00 ns, 1.5066 ns/op
OverheadActual  14: 50882240 op, 76991700.00 ns, 1.5131 ns/op
OverheadActual  15: 50882240 op, 77325100.00 ns, 1.5197 ns/op

WorkloadWarmup   1: 50882240 op, 99838000.00 ns, 1.9621 ns/op
WorkloadWarmup   2: 50882240 op, 100145000.00 ns, 1.9682 ns/op
WorkloadWarmup   3: 50882240 op, 100515300.00 ns, 1.9754 ns/op
WorkloadWarmup   4: 50882240 op, 99995400.00 ns, 1.9652 ns/op
WorkloadWarmup   5: 50882240 op, 100044200.00 ns, 1.9662 ns/op
WorkloadWarmup   6: 50882240 op, 101658700.00 ns, 1.9979 ns/op
WorkloadWarmup   7: 50882240 op, 101514700.00 ns, 1.9951 ns/op

// BeforeActualRun
WorkloadActual   1: 50882240 op, 128256700.00 ns, 2.5207 ns/op
WorkloadActual   2: 50882240 op, 125236900.00 ns, 2.4613 ns/op
WorkloadActual   3: 50882240 op, 101528900.00 ns, 1.9954 ns/op
WorkloadActual   4: 50882240 op, 103486800.00 ns, 2.0338 ns/op
WorkloadActual   5: 50882240 op, 101561400.00 ns, 1.9960 ns/op
WorkloadActual   6: 50882240 op, 101078500.00 ns, 1.9865 ns/op
WorkloadActual   7: 50882240 op, 101653900.00 ns, 1.9978 ns/op
WorkloadActual   8: 50882240 op, 100969400.00 ns, 1.9844 ns/op
WorkloadActual   9: 50882240 op, 102251600.00 ns, 2.0096 ns/op
WorkloadActual  10: 50882240 op, 100832300.00 ns, 1.9817 ns/op
WorkloadActual  11: 50882240 op, 101809800.00 ns, 2.0009 ns/op
WorkloadActual  12: 50882240 op, 101734600.00 ns, 1.9994 ns/op
WorkloadActual  13: 50882240 op, 103897800.00 ns, 2.0419 ns/op
WorkloadActual  14: 50882240 op, 102619400.00 ns, 2.0168 ns/op
WorkloadActual  15: 50882240 op, 101013600.00 ns, 1.9852 ns/op

// AfterActualRun
WorkloadResult   1: 50882240 op, 24486000.00 ns, 0.4812 ns/op
WorkloadResult   2: 50882240 op, 26443900.00 ns, 0.5197 ns/op
WorkloadResult   3: 50882240 op, 24518500.00 ns, 0.4819 ns/op
WorkloadResult   4: 50882240 op, 24035600.00 ns, 0.4724 ns/op
WorkloadResult   5: 50882240 op, 24611000.00 ns, 0.4837 ns/op
WorkloadResult   6: 50882240 op, 23926500.00 ns, 0.4702 ns/op
WorkloadResult   7: 50882240 op, 25208700.00 ns, 0.4954 ns/op
WorkloadResult   8: 50882240 op, 23789400.00 ns, 0.4675 ns/op
WorkloadResult   9: 50882240 op, 24766900.00 ns, 0.4867 ns/op
WorkloadResult  10: 50882240 op, 24691700.00 ns, 0.4853 ns/op
WorkloadResult  11: 50882240 op, 26854900.00 ns, 0.5278 ns/op
WorkloadResult  12: 50882240 op, 25576500.00 ns, 0.5027 ns/op
WorkloadResult  13: 50882240 op, 23970700.00 ns, 0.4711 ns/op
// GC:  0 0 0 0 50882240
// Threading:  0 0 50882240

// AfterAll
// Benchmark Process 8500 has exited with code 0.

Mean = 0.488 ns, StdErr = 0.005 ns (1.07%), N = 13, StdDev = 0.019 ns
Min = 0.468 ns, Q1 = 0.472 ns, Median = 0.484 ns, Q3 = 0.495 ns, Max = 0.528 ns
IQR = 0.023 ns, LowerFence = 0.438 ns, UpperFence = 0.530 ns
ConfidenceInterval = [0.466 ns; 0.511 ns] (CI 99.9%), Margin = 0.022 ns (4.61% of Mean)
Skewness = 0.85, Kurtosis = 2.44, MValue = 2

// ** Remained 2 (15.4%) benchmark(s) to run. Estimated finish 2026-02-24 22:36 (0h 0m from now) **
Setup power plan (GUID: 8c5e7fda-e8bf-4a96-9a85-a6e23a8c635c FriendlyName: High performance)
// **************************
// Benchmark: Scenario1.S1_ReturnVoidErrorWithMessage_EnumerationsOptions: .NET 10.0(Runtime=.NET 10.0, IterationTime=100ms) [Iterations=2]
// *** Execute ***
// Launch: 1 / 1
// Execute: dotnet Enumerations.Options.Benchmarks-1.dll --anonymousPipes 1448 1628 --benchmarkName "ReillyDigital.Enumerations.Options.Benchmarks.Scenarios.Scenario1.S1_ReturnVoidErrorWithMessage_EnumerationsOptions(Iterations: 2)" --job ".NET 10.0" --benchmarkId 11 in D:\x\devs\reilly-digital\dotnet\enumerations.options.benchmarks\bin\Debug\net10.0\Enumerations.Options.Benchmarks-1\bin\Release\net10.0
// BeforeAnythingElse

// Benchmark Process Environment Information:
// BenchmarkDotNet v0.15.8
// Runtime=.NET 10.0.3 (10.0.3, 10.0.326.7603), X64 RyuJIT x86-64-v3
// GC=Concurrent Workstation
// HardwareIntrinsics=AVX2+BMI1+BMI2+F16C+FMA+LZCNT+MOVBE,AVX,SSE3+SSSE3+SSE4.1+SSE4.2+POPCNT,X86Base+SSE+SSE2,AES+PCLMUL VectorSize=256
// Job: .NET 10.0(IterationTime=100ms)

OverheadJitting  1: 1 op, 106100.00 ns, 106.1000 us/op
WorkloadJitting  1: 1 op, 1426500.00 ns, 1.4265 ms/op

OverheadJitting  2: 16 op, 162200.00 ns, 10.1375 us/op
WorkloadJitting  2: 16 op, 278700.00 ns, 17.4188 us/op

WorkloadPilot    1: 16 op, 1600.00 ns, 100.0000 ns/op
WorkloadPilot    2: 1000000 op, 39926400.00 ns, 39.9264 ns/op
WorkloadPilot    3: 2504608 op, 78256600.00 ns, 31.2450 ns/op
WorkloadPilot    4: 3200512 op, 26050400.00 ns, 8.1394 ns/op
WorkloadPilot    5: 12285856 op, 121377800.00 ns, 9.8795 ns/op
WorkloadPilot    6: 10122000 op, 103583300.00 ns, 10.2335 ns/op
WorkloadPilot    7: 9771856 op, 93060100.00 ns, 9.5233 ns/op
WorkloadPilot    8: 10500592 op, 106376900.00 ns, 10.1306 ns/op

OverheadWarmup   1: 10500592 op, 25755600.00 ns, 2.4528 ns/op
OverheadWarmup   2: 10500592 op, 25717900.00 ns, 2.4492 ns/op
OverheadWarmup   3: 10500592 op, 25666100.00 ns, 2.4443 ns/op
OverheadWarmup   4: 10500592 op, 26492600.00 ns, 2.5230 ns/op
OverheadWarmup   5: 10500592 op, 25680100.00 ns, 2.4456 ns/op
OverheadWarmup   6: 10500592 op, 28120200.00 ns, 2.6780 ns/op
OverheadWarmup   7: 10500592 op, 29348800.00 ns, 2.7950 ns/op
OverheadWarmup   8: 10500592 op, 28416100.00 ns, 2.7061 ns/op

OverheadActual   1: 10500592 op, 25893700.00 ns, 2.4659 ns/op
OverheadActual   2: 10500592 op, 25837100.00 ns, 2.4605 ns/op
OverheadActual   3: 10500592 op, 25739600.00 ns, 2.4513 ns/op
OverheadActual   4: 10500592 op, 25905300.00 ns, 2.4670 ns/op
OverheadActual   5: 10500592 op, 25691900.00 ns, 2.4467 ns/op
OverheadActual   6: 10500592 op, 25716900.00 ns, 2.4491 ns/op
OverheadActual   7: 10500592 op, 25750200.00 ns, 2.4523 ns/op
OverheadActual   8: 10500592 op, 25712700.00 ns, 2.4487 ns/op
OverheadActual   9: 10500592 op, 25787900.00 ns, 2.4559 ns/op
OverheadActual  10: 10500592 op, 25734100.00 ns, 2.4507 ns/op
OverheadActual  11: 10500592 op, 25710100.00 ns, 2.4484 ns/op
OverheadActual  12: 10500592 op, 21502600.00 ns, 2.0478 ns/op
OverheadActual  13: 10500592 op, 16292700.00 ns, 1.5516 ns/op
OverheadActual  14: 10500592 op, 16273100.00 ns, 1.5497 ns/op
OverheadActual  15: 10500592 op, 15690400.00 ns, 1.4942 ns/op
OverheadActual  16: 10500592 op, 15732700.00 ns, 1.4983 ns/op
OverheadActual  17: 10500592 op, 16315400.00 ns, 1.5538 ns/op
OverheadActual  18: 10500592 op, 17316100.00 ns, 1.6491 ns/op
OverheadActual  19: 10500592 op, 16308200.00 ns, 1.5531 ns/op
OverheadActual  20: 10500592 op, 16421400.00 ns, 1.5639 ns/op

WorkloadWarmup   1: 10500592 op, 86699300.00 ns, 8.2566 ns/op
WorkloadWarmup   2: 10500592 op, 70520200.00 ns, 6.7158 ns/op
WorkloadWarmup   3: 10500592 op, 74554000.00 ns, 7.1000 ns/op
WorkloadWarmup   4: 10500592 op, 71533800.00 ns, 6.8124 ns/op
WorkloadWarmup   5: 10500592 op, 69699000.00 ns, 6.6376 ns/op
WorkloadWarmup   6: 10500592 op, 69904700.00 ns, 6.6572 ns/op
WorkloadWarmup   7: 10500592 op, 69569400.00 ns, 6.6253 ns/op

// BeforeActualRun
WorkloadActual   1: 10500592 op, 76951800.00 ns, 7.3283 ns/op
WorkloadActual   2: 10500592 op, 70897700.00 ns, 6.7518 ns/op
WorkloadActual   3: 10500592 op, 72932900.00 ns, 6.9456 ns/op
WorkloadActual   4: 10500592 op, 70062400.00 ns, 6.6722 ns/op
WorkloadActual   5: 10500592 op, 71492600.00 ns, 6.8084 ns/op
WorkloadActual   6: 10500592 op, 70577200.00 ns, 6.7213 ns/op
WorkloadActual   7: 10500592 op, 70062300.00 ns, 6.6722 ns/op
WorkloadActual   8: 10500592 op, 70466300.00 ns, 6.7107 ns/op
WorkloadActual   9: 10500592 op, 71178900.00 ns, 6.7786 ns/op
WorkloadActual  10: 10500592 op, 70661500.00 ns, 6.7293 ns/op
WorkloadActual  11: 10500592 op, 70350700.00 ns, 6.6997 ns/op
WorkloadActual  12: 10500592 op, 68863500.00 ns, 6.5581 ns/op
WorkloadActual  13: 10500592 op, 69600200.00 ns, 6.6282 ns/op
WorkloadActual  14: 10500592 op, 68805200.00 ns, 6.5525 ns/op
WorkloadActual  15: 10500592 op, 69554100.00 ns, 6.6238 ns/op

// AfterActualRun
WorkloadResult   1: 10500592 op, 45196700.00 ns, 4.3042 ns/op
WorkloadResult   2: 10500592 op, 44361400.00 ns, 4.2247 ns/op
WorkloadResult   3: 10500592 op, 45791600.00 ns, 4.3609 ns/op
WorkloadResult   4: 10500592 op, 44876200.00 ns, 4.2737 ns/op
WorkloadResult   5: 10500592 op, 44361300.00 ns, 4.2246 ns/op
WorkloadResult   6: 10500592 op, 44765300.00 ns, 4.2631 ns/op
WorkloadResult   7: 10500592 op, 45477900.00 ns, 4.3310 ns/op
WorkloadResult   8: 10500592 op, 44960500.00 ns, 4.2817 ns/op
WorkloadResult   9: 10500592 op, 44649700.00 ns, 4.2521 ns/op
WorkloadResult  10: 10500592 op, 43162500.00 ns, 4.1105 ns/op
WorkloadResult  11: 10500592 op, 43899200.00 ns, 4.1806 ns/op
WorkloadResult  12: 10500592 op, 43104200.00 ns, 4.1049 ns/op
WorkloadResult  13: 10500592 op, 43853100.00 ns, 4.1763 ns/op
// GC:  80 0 0 672037888 10500592
// Threading:  0 0 10500592

// AfterAll
// Benchmark Process 5088 has exited with code 0.

Mean = 4.238 ns, StdErr = 0.022 ns (0.51%), N = 13, StdDev = 0.078 ns
Min = 4.105 ns, Q1 = 4.181 ns, Median = 4.252 ns, Q3 = 4.282 ns, Max = 4.361 ns
IQR = 0.101 ns, LowerFence = 4.029 ns, UpperFence = 4.433 ns
ConfidenceInterval = [4.144 ns; 4.331 ns] (CI 99.9%), Margin = 0.094 ns (2.21% of Mean)
Skewness = -0.27, Kurtosis = 1.9, MValue = 2

// ** Remained 1 (7.7%) benchmark(s) to run. Estimated finish 2026-02-24 22:36 (0h 0m from now) **
Setup power plan (GUID: 8c5e7fda-e8bf-4a96-9a85-a6e23a8c635c FriendlyName: High performance)
// **************************
// Benchmark: Scenario1.S1_ReturnVoidSuccess_EnumerationsOptions: .NET 10.0(Runtime=.NET 10.0, IterationTime=100ms) [Iterations=2]
// *** Execute ***
// Launch: 1 / 1
// Execute: dotnet Enumerations.Options.Benchmarks-1.dll --anonymousPipes 1556 1452 --benchmarkName "ReillyDigital.Enumerations.Options.Benchmarks.Scenarios.Scenario1.S1_ReturnVoidSuccess_EnumerationsOptions(Iterations: 2)" --job ".NET 10.0" --benchmarkId 12 in D:\x\devs\reilly-digital\dotnet\enumerations.options.benchmarks\bin\Debug\net10.0\Enumerations.Options.Benchmarks-1\bin\Release\net10.0
// BeforeAnythingElse

// Benchmark Process Environment Information:
// BenchmarkDotNet v0.15.8
// Runtime=.NET 10.0.3 (10.0.3, 10.0.326.7603), X64 RyuJIT x86-64-v3
// GC=Concurrent Workstation
// HardwareIntrinsics=AVX2+BMI1+BMI2+F16C+FMA+LZCNT+MOVBE,AVX,SSE3+SSSE3+SSE4.1+SSE4.2+POPCNT,X86Base+SSE+SSE2,AES+PCLMUL VectorSize=256
// Job: .NET 10.0(IterationTime=100ms)

OverheadJitting  1: 1 op, 112100.00 ns, 112.1000 us/op
WorkloadJitting  1: 1 op, 1122700.00 ns, 1.1227 ms/op

OverheadJitting  2: 16 op, 163200.00 ns, 10.2000 us/op
WorkloadJitting  2: 16 op, 146200.00 ns, 9.1375 us/op

WorkloadPilot    1: 16 op, 800.00 ns, 50.0000 ns/op
WorkloadPilot    2: 2000000 op, 44161800.00 ns, 22.0809 ns/op
WorkloadPilot    3: 4528816 op, 70079600.00 ns, 15.4742 ns/op
WorkloadPilot    4: 6462400 op, 11224000.00 ns, 1.7368 ns/op
WorkloadPilot    5: 57576624 op, 101309800.00 ns, 1.7596 ns/op
WorkloadPilot    6: 56832240 op, 99526400.00 ns, 1.7512 ns/op
WorkloadPilot    7: 57102688 op, 98541300.00 ns, 1.7257 ns/op
WorkloadPilot    8: 57947984 op, 99912000.00 ns, 1.7242 ns/op
WorkloadPilot    9: 57999024 op, 100016600.00 ns, 1.7245 ns/op
WorkloadPilot   10: 57989408 op, 100042500.00 ns, 1.7252 ns/op

OverheadWarmup   1: 57989408 op, 141799200.00 ns, 2.4453 ns/op
OverheadWarmup   2: 57989408 op, 115005400.00 ns, 1.9832 ns/op
OverheadWarmup   3: 57989408 op, 86400400.00 ns, 1.4899 ns/op
OverheadWarmup   4: 57989408 op, 86186900.00 ns, 1.4863 ns/op
OverheadWarmup   5: 57989408 op, 86267100.00 ns, 1.4876 ns/op
OverheadWarmup   6: 57989408 op, 86102800.00 ns, 1.4848 ns/op
OverheadWarmup   7: 57989408 op, 86117500.00 ns, 1.4851 ns/op
OverheadWarmup   8: 57989408 op, 86308300.00 ns, 1.4883 ns/op
OverheadWarmup   9: 57989408 op, 86229600.00 ns, 1.4870 ns/op

OverheadActual   1: 57989408 op, 86230700.00 ns, 1.4870 ns/op
OverheadActual   2: 57989408 op, 86082600.00 ns, 1.4845 ns/op
OverheadActual   3: 57989408 op, 86164500.00 ns, 1.4859 ns/op
OverheadActual   4: 57989408 op, 86105400.00 ns, 1.4848 ns/op
OverheadActual   5: 57989408 op, 86350000.00 ns, 1.4891 ns/op
OverheadActual   6: 57989408 op, 86116400.00 ns, 1.4850 ns/op
OverheadActual   7: 57989408 op, 86606200.00 ns, 1.4935 ns/op
OverheadActual   8: 57989408 op, 86188300.00 ns, 1.4863 ns/op
OverheadActual   9: 57989408 op, 86164900.00 ns, 1.4859 ns/op
OverheadActual  10: 57989408 op, 86106100.00 ns, 1.4849 ns/op
OverheadActual  11: 57989408 op, 86212300.00 ns, 1.4867 ns/op
OverheadActual  12: 57989408 op, 86114500.00 ns, 1.4850 ns/op
OverheadActual  13: 57989408 op, 86102400.00 ns, 1.4848 ns/op
OverheadActual  14: 57989408 op, 86143200.00 ns, 1.4855 ns/op
OverheadActual  15: 57989408 op, 92021500.00 ns, 1.5869 ns/op

WorkloadWarmup   1: 57989408 op, 101701200.00 ns, 1.7538 ns/op
WorkloadWarmup   2: 57989408 op, 100397900.00 ns, 1.7313 ns/op
WorkloadWarmup   3: 57989408 op, 105777400.00 ns, 1.8241 ns/op
WorkloadWarmup   4: 57989408 op, 100565700.00 ns, 1.7342 ns/op
WorkloadWarmup   5: 57989408 op, 100904200.00 ns, 1.7400 ns/op
WorkloadWarmup   6: 57989408 op, 100629200.00 ns, 1.7353 ns/op

// BeforeActualRun
WorkloadActual   1: 57989408 op, 100805900.00 ns, 1.7384 ns/op
WorkloadActual   2: 57989408 op, 100724600.00 ns, 1.7369 ns/op
WorkloadActual   3: 57989408 op, 100702400.00 ns, 1.7366 ns/op
WorkloadActual   4: 57989408 op, 100775400.00 ns, 1.7378 ns/op
WorkloadActual   5: 57989408 op, 100988200.00 ns, 1.7415 ns/op
WorkloadActual   6: 57989408 op, 100698300.00 ns, 1.7365 ns/op
WorkloadActual   7: 57989408 op, 102176400.00 ns, 1.7620 ns/op
WorkloadActual   8: 57989408 op, 100848200.00 ns, 1.7391 ns/op
WorkloadActual   9: 57989408 op, 100710300.00 ns, 1.7367 ns/op
WorkloadActual  10: 57989408 op, 100913000.00 ns, 1.7402 ns/op
WorkloadActual  11: 57989408 op, 100718500.00 ns, 1.7368 ns/op
WorkloadActual  12: 57989408 op, 100682100.00 ns, 1.7362 ns/op
WorkloadActual  13: 57989408 op, 100515900.00 ns, 1.7333 ns/op
WorkloadActual  14: 57989408 op, 100586800.00 ns, 1.7346 ns/op
WorkloadActual  15: 57989408 op, 100729200.00 ns, 1.7370 ns/op

// AfterActualRun
WorkloadResult   1: 57989408 op, 14641400.00 ns, 0.2525 ns/op
WorkloadResult   2: 57989408 op, 14560100.00 ns, 0.2511 ns/op
WorkloadResult   3: 57989408 op, 14537900.00 ns, 0.2507 ns/op
WorkloadResult   4: 57989408 op, 14610900.00 ns, 0.2520 ns/op
WorkloadResult   5: 57989408 op, 14823700.00 ns, 0.2556 ns/op
WorkloadResult   6: 57989408 op, 14533800.00 ns, 0.2506 ns/op
WorkloadResult   7: 57989408 op, 14683700.00 ns, 0.2532 ns/op
WorkloadResult   8: 57989408 op, 14545800.00 ns, 0.2508 ns/op
WorkloadResult   9: 57989408 op, 14748500.00 ns, 0.2543 ns/op
WorkloadResult  10: 57989408 op, 14554000.00 ns, 0.2510 ns/op
WorkloadResult  11: 57989408 op, 14517600.00 ns, 0.2503 ns/op
WorkloadResult  12: 57989408 op, 14351400.00 ns, 0.2475 ns/op
WorkloadResult  13: 57989408 op, 14422300.00 ns, 0.2487 ns/op
WorkloadResult  14: 57989408 op, 14564700.00 ns, 0.2512 ns/op
// GC:  0 0 0 0 57989408
// Threading:  0 0 57989408

// AfterAll
// Benchmark Process 10788 has exited with code 0.

Mean = 0.251 ns, StdErr = 0.001 ns (0.22%), N = 14, StdDev = 0.002 ns
Min = 0.247 ns, Q1 = 0.251 ns, Median = 0.251 ns, Q3 = 0.252 ns, Max = 0.256 ns
IQR = 0.002 ns, LowerFence = 0.248 ns, UpperFence = 0.255 ns
ConfidenceInterval = [0.249 ns; 0.254 ns] (CI 99.9%), Margin = 0.002 ns (0.94% of Mean)
Skewness = 0.21, Kurtosis = 2.61, MValue = 2

// ** Remained 0 (0.0%) benchmark(s) to run. Estimated finish 2026-02-24 22:36 (0h 0m from now) **
Successfully reverted power plan (GUID: 381b4222-f694-41f0-9685-ff5bb260df2e FriendlyName: Balanced)
// ***** BenchmarkRunner: Finish  *****

// * Export *
  BenchmarkDotNet.Artifacts\results\ReillyDigital.Enumerations.Options.Benchmarks.Scenarios.Scenario1-report.csv
  BenchmarkDotNet.Artifacts\results\ReillyDigital.Enumerations.Options.Benchmarks.Scenarios.Scenario1-report-github.md
  BenchmarkDotNet.Artifacts\results\ReillyDigital.Enumerations.Options.Benchmarks.Scenarios.Scenario1-report.html

// * Detailed results *
Scenario1.S1_CheckOptionStringErrorNoMessage_EnumerationsOptions: .NET 10.0(Runtime=.NET 10.0, IterationTime=100ms) [Iterations=2]
Runtime = .NET 10.0.3 (10.0.3, 10.0.326.7603), X64 RyuJIT x86-64-v3; GC = Concurrent Workstation
Mean = 0.452 ns, StdErr = 0.003 ns (0.73%), N = 15, StdDev = 0.013 ns
Min = 0.437 ns, Q1 = 0.440 ns, Median = 0.450 ns, Q3 = 0.463 ns, Max = 0.474 ns
IQR = 0.023 ns, LowerFence = 0.405 ns, UpperFence = 0.497 ns
ConfidenceInterval = [0.438 ns; 0.466 ns] (CI 99.9%), Margin = 0.014 ns (3.02% of Mean)
Skewness = 0.25, Kurtosis = 1.36, MValue = 3.25
-------------------- Histogram --------------------
[0.437 ns ; 0.451 ns) | @@@@@@@@
[0.451 ns ; 0.461 ns) | @
[0.461 ns ; 0.474 ns) | @@@@@@
---------------------------------------------------

Scenario1.S1_CheckOptionStringErrorWithMessage_EnumerationsOptions: .NET 10.0(Runtime=.NET 10.0, IterationTime=100ms) [Iterations=2]
Runtime = .NET 10.0.3 (10.0.3, 10.0.326.7603), X64 RyuJIT x86-64-v3; GC = Concurrent Workstation
Mean = 12.462 ns, StdErr = 0.051 ns (0.41%), N = 15, StdDev = 0.198 ns
Min = 12.073 ns, Q1 = 12.357 ns, Median = 12.479 ns, Q3 = 12.569 ns, Max = 12.791 ns
IQR = 0.212 ns, LowerFence = 12.039 ns, UpperFence = 12.887 ns
ConfidenceInterval = [12.250 ns; 12.673 ns] (CI 99.9%), Margin = 0.211 ns (1.70% of Mean)
Skewness = -0.11, Kurtosis = 2.26, MValue = 2
-------------------- Histogram --------------------
[11.968 ns ; 12.371 ns) | @@@@
[12.371 ns ; 12.835 ns) | @@@@@@@@@@@
---------------------------------------------------

Scenario1.S1_CheckOptionStringSuccess_EnumerationsOptions: .NET 10.0(Runtime=.NET 10.0, IterationTime=100ms) [Iterations=2]
Runtime = .NET 10.0.3 (10.0.3, 10.0.326.7603), X64 RyuJIT x86-64-v3; GC = Concurrent Workstation
Mean = 6.018 ns, StdErr = 0.103 ns (1.71%), N = 100, StdDev = 1.031 ns
Min = 4.746 ns, Q1 = 4.864 ns, Median = 6.653 ns, Q3 = 6.928 ns, Max = 8.163 ns
IQR = 2.064 ns, LowerFence = 1.769 ns, UpperFence = 10.024 ns
ConfidenceInterval = [5.668 ns; 6.367 ns] (CI 99.9%), Margin = 0.350 ns (5.81% of Mean)
Skewness = -0.08, Kurtosis = 1.22, MValue = 3.87
-------------------- Histogram --------------------
[4.738 ns ; 5.321 ns) | @@@@@@@@@@@@@@@@@@@@@@@@@@@@@@@@@@@@@@@@@@
[5.321 ns ; 5.809 ns) | @@@@@
[5.809 ns ; 6.266 ns) | 
[6.266 ns ; 6.663 ns) | @@@
[6.663 ns ; 7.247 ns) | @@@@@@@@@@@@@@@@@@@@@@@@@@@@@@@@@@@@@@@@@@@@@@
[7.247 ns ; 7.646 ns) | @@@
[7.646 ns ; 7.871 ns) | 
[7.871 ns ; 8.455 ns) | @
---------------------------------------------------

Scenario1.S1_CheckVoidErrorNoMessage_EnumerationsOptions: .NET 10.0(Runtime=.NET 10.0, IterationTime=100ms) [Iterations=2]
Runtime = .NET 10.0.3 (10.0.3, 10.0.326.7603), X64 RyuJIT x86-64-v3; GC = Concurrent Workstation
Mean = 0.437 ns, StdErr = 0.004 ns (0.80%), N = 15, StdDev = 0.014 ns
Min = 0.418 ns, Q1 = 0.423 ns, Median = 0.439 ns, Q3 = 0.444 ns, Max = 0.465 ns
IQR = 0.021 ns, LowerFence = 0.391 ns, UpperFence = 0.476 ns
ConfidenceInterval = [0.423 ns; 0.452 ns] (CI 99.9%), Margin = 0.015 ns (3.32% of Mean)
Skewness = 0.19, Kurtosis = 2.01, MValue = 2
-------------------- Histogram --------------------
[0.414 ns ; 0.428 ns) | @@@@@
[0.428 ns ; 0.448 ns) | @@@@@@@@
[0.448 ns ; 0.467 ns) | @@
---------------------------------------------------

Scenario1.S1_CheckVoidErrorWithMessage_EnumerationsOptions: .NET 10.0(Runtime=.NET 10.0, IterationTime=100ms) [Iterations=2]
Runtime = .NET 10.0.3 (10.0.3, 10.0.326.7603), X64 RyuJIT x86-64-v3; GC = Concurrent Workstation
Mean = 12.419 ns, StdErr = 0.085 ns (0.68%), N = 53, StdDev = 0.618 ns
Min = 11.255 ns, Q1 = 11.967 ns, Median = 12.305 ns, Q3 = 12.765 ns, Max = 13.691 ns
IQR = 0.798 ns, LowerFence = 10.770 ns, UpperFence = 13.962 ns
ConfidenceInterval = [12.123 ns; 12.715 ns] (CI 99.9%), Margin = 0.296 ns (2.39% of Mean)
Skewness = 0.22, Kurtosis = 2.21, MValue = 2
-------------------- Histogram --------------------
[11.039 ns ; 11.417 ns) | @@
[11.417 ns ; 11.877 ns) | @@@@@@@@
[11.877 ns ; 12.309 ns) | @@@@@@@@@@@@@@@@@
[12.309 ns ; 12.845 ns) | @@@@@@@@@@@@@@
[12.845 ns ; 13.363 ns) | @@@@@@@
[13.363 ns ; 13.758 ns) | @@@@@
---------------------------------------------------

Scenario1.S1_CheckVoidSuccess_EnumerationsOptions: .NET 10.0(Runtime=.NET 10.0, IterationTime=100ms) [Iterations=2]
Runtime = .NET 10.0.3 (10.0.3, 10.0.326.7603), X64 RyuJIT x86-64-v3; GC = Concurrent Workstation
Mean = 0.236 ns, StdErr = 0.008 ns (3.45%), N = 16, StdDev = 0.032 ns
Min = 0.211 ns, Q1 = 0.218 ns, Median = 0.222 ns, Q3 = 0.233 ns, Max = 0.315 ns
IQR = 0.015 ns, LowerFence = 0.195 ns, UpperFence = 0.256 ns
ConfidenceInterval = [0.202 ns; 0.269 ns] (CI 99.9%), Margin = 0.033 ns (14.05% of Mean)
Skewness = 1.44, Kurtosis = 3.5, MValue = 2
-------------------- Histogram --------------------
[0.208 ns ; 0.242 ns) | @@@@@@@@@@@@@
[0.242 ns ; 0.261 ns) | 
[0.261 ns ; 0.291 ns) | @
[0.291 ns ; 0.325 ns) | @@
---------------------------------------------------

Scenario1.S1_ReturnOptionStringErrorNoMessage_EnumerationsOptions: .NET 10.0(Runtime=.NET 10.0, IterationTime=100ms) [Iterations=2]
Runtime = .NET 10.0.3 (10.0.3, 10.0.326.7603), X64 RyuJIT x86-64-v3; GC = Concurrent Workstation
Mean = 0.858 ns, StdErr = 0.012 ns (1.36%), N = 21, StdDev = 0.054 ns
Min = 0.757 ns, Q1 = 0.819 ns, Median = 0.868 ns, Q3 = 0.885 ns, Max = 0.947 ns
IQR = 0.066 ns, LowerFence = 0.720 ns, UpperFence = 0.984 ns
ConfidenceInterval = [0.813 ns; 0.903 ns] (CI 99.9%), Margin = 0.045 ns (5.24% of Mean)
Skewness = -0.19, Kurtosis = 2, MValue = 2
-------------------- Histogram --------------------
[0.731 ns ; 0.790 ns) | @@
[0.790 ns ; 0.854 ns) | @@@@@@
[0.854 ns ; 0.905 ns) | @@@@@@@@@
[0.905 ns ; 0.958 ns) | @@@@
---------------------------------------------------

Scenario1.S1_ReturnOptionStringErrorWithMessage_EnumerationsOptions: .NET 10.0(Runtime=.NET 10.0, IterationTime=100ms) [Iterations=2]
Runtime = .NET 10.0.3 (10.0.3, 10.0.326.7603), X64 RyuJIT x86-64-v3; GC = Concurrent Workstation
Mean = 6.317 ns, StdErr = 0.044 ns (0.70%), N = 48, StdDev = 0.305 ns
Min = 6.071 ns, Q1 = 6.122 ns, Median = 6.160 ns, Q3 = 6.425 ns, Max = 7.150 ns
IQR = 0.304 ns, LowerFence = 5.666 ns, UpperFence = 6.881 ns
ConfidenceInterval = [6.163 ns; 6.471 ns] (CI 99.9%), Margin = 0.154 ns (2.44% of Mean)
Skewness = 1.42, Kurtosis = 3.73, MValue = 2.19
-------------------- Histogram --------------------
[6.068 ns ; 6.288 ns) | @@@@@@@@@@@@@@@@@@@@@@@@@@@@@@@@@@
[6.288 ns ; 6.526 ns) | @@@
[6.526 ns ; 6.746 ns) | @@@@@@
[6.746 ns ; 6.955 ns) | @
[6.955 ns ; 7.175 ns) | @@@@
---------------------------------------------------

Scenario1.S1_ReturnOptionStringNone_EnumerationsOptions: .NET 10.0(Runtime=.NET 10.0, IterationTime=100ms) [Iterations=2]
Runtime = .NET 10.0.3 (10.0.3, 10.0.326.7603), X64 RyuJIT x86-64-v3; GC = Concurrent Workstation
Mean = 0.233 ns, StdErr = 0.001 ns (0.39%), N = 12, StdDev = 0.003 ns
Min = 0.230 ns, Q1 = 0.231 ns, Median = 0.232 ns, Q3 = 0.234 ns, Max = 0.239 ns
IQR = 0.003 ns, LowerFence = 0.226 ns, UpperFence = 0.239 ns
ConfidenceInterval = [0.229 ns; 0.237 ns] (CI 99.9%), Margin = 0.004 ns (1.75% of Mean)
Skewness = 0.96, Kurtosis = 2.38, MValue = 2
-------------------- Histogram --------------------
[0.229 ns ; 0.236 ns) | @@@@@@@@@@
[0.236 ns ; 0.241 ns) | @@
---------------------------------------------------

Scenario1.S1_ReturnOptionStringSuccess_EnumerationsOptions: .NET 10.0(Runtime=.NET 10.0, IterationTime=100ms) [Iterations=2]
Runtime = .NET 10.0.3 (10.0.3, 10.0.326.7603), X64 RyuJIT x86-64-v3; GC = Concurrent Workstation
Mean = 4.981 ns, StdErr = 0.017 ns (0.35%), N = 14, StdDev = 0.065 ns
Min = 4.828 ns, Q1 = 4.963 ns, Median = 4.981 ns, Q3 = 5.006 ns, Max = 5.088 ns
IQR = 0.043 ns, LowerFence = 4.897 ns, UpperFence = 5.071 ns
ConfidenceInterval = [4.908 ns; 5.054 ns] (CI 99.9%), Margin = 0.073 ns (1.47% of Mean)
Skewness = -0.54, Kurtosis = 3.23, MValue = 2
-------------------- Histogram --------------------
[4.793 ns ; 4.935 ns) | @@
[4.935 ns ; 5.123 ns) | @@@@@@@@@@@@
---------------------------------------------------

Scenario1.S1_ReturnVoidErrorNoMessage_EnumerationsOptions: .NET 10.0(Runtime=.NET 10.0, IterationTime=100ms) [Iterations=2]
Runtime = .NET 10.0.3 (10.0.3, 10.0.326.7603), X64 RyuJIT x86-64-v3; GC = Concurrent Workstation
Mean = 0.488 ns, StdErr = 0.005 ns (1.07%), N = 13, StdDev = 0.019 ns
Min = 0.468 ns, Q1 = 0.472 ns, Median = 0.484 ns, Q3 = 0.495 ns, Max = 0.528 ns
IQR = 0.023 ns, LowerFence = 0.438 ns, UpperFence = 0.530 ns
ConfidenceInterval = [0.466 ns; 0.511 ns] (CI 99.9%), Margin = 0.022 ns (4.61% of Mean)
Skewness = 0.85, Kurtosis = 2.44, MValue = 2
-------------------- Histogram --------------------
[0.467 ns ; 0.488 ns) | @@@@@@@@@
[0.488 ns ; 0.513 ns) | @@
[0.513 ns ; 0.538 ns) | @@
---------------------------------------------------

Scenario1.S1_ReturnVoidErrorWithMessage_EnumerationsOptions: .NET 10.0(Runtime=.NET 10.0, IterationTime=100ms) [Iterations=2]
Runtime = .NET 10.0.3 (10.0.3, 10.0.326.7603), X64 RyuJIT x86-64-v3; GC = Concurrent Workstation
Mean = 4.238 ns, StdErr = 0.022 ns (0.51%), N = 13, StdDev = 0.078 ns
Min = 4.105 ns, Q1 = 4.181 ns, Median = 4.252 ns, Q3 = 4.282 ns, Max = 4.361 ns
IQR = 0.101 ns, LowerFence = 4.029 ns, UpperFence = 4.433 ns
ConfidenceInterval = [4.144 ns; 4.331 ns] (CI 99.9%), Margin = 0.094 ns (2.21% of Mean)
Skewness = -0.27, Kurtosis = 1.9, MValue = 2
-------------------- Histogram --------------------
[4.099 ns ; 4.187 ns) | @@@@
[4.187 ns ; 4.308 ns) | @@@@@@@
[4.308 ns ; 4.405 ns) | @@
---------------------------------------------------

Scenario1.S1_ReturnVoidSuccess_EnumerationsOptions: .NET 10.0(Runtime=.NET 10.0, IterationTime=100ms) [Iterations=2]
Runtime = .NET 10.0.3 (10.0.3, 10.0.326.7603), X64 RyuJIT x86-64-v3; GC = Concurrent Workstation
Mean = 0.251 ns, StdErr = 0.001 ns (0.22%), N = 14, StdDev = 0.002 ns
Min = 0.247 ns, Q1 = 0.251 ns, Median = 0.251 ns, Q3 = 0.252 ns, Max = 0.256 ns
IQR = 0.002 ns, LowerFence = 0.248 ns, UpperFence = 0.255 ns
ConfidenceInterval = [0.249 ns; 0.254 ns] (CI 99.9%), Margin = 0.002 ns (0.94% of Mean)
Skewness = 0.21, Kurtosis = 2.61, MValue = 2
-------------------- Histogram --------------------
[0.246 ns ; 0.257 ns) | @@@@@@@@@@@@@@
---------------------------------------------------

// * Summary *

BenchmarkDotNet v0.15.8, Windows 11 (10.0.26200.7840/25H2/2025Update/HudsonValley2)
AMD Ryzen 5 3600 3.59GHz, 1 CPU, 12 logical and 6 physical cores
.NET SDK 10.0.103
  [Host]    : .NET 10.0.3 (10.0.3, 10.0.326.7603), X64 RyuJIT x86-64-v3
  .NET 10.0 : .NET 10.0.3 (10.0.3, 10.0.326.7603), X64 RyuJIT x86-64-v3

Job=.NET 10.0  Runtime=.NET 10.0  IterationTime=100ms  
Iterations=2  

| Method                                                    | Categories                                  | Mean       | Ratio | Allocated | Alloc Ratio |
|---------------------------------------------------------- |-------------------------------------------- |-----------:|------:|----------:|------------:|
| S1_CheckOptionStringErrorNoMessage_EnumerationsOptions    | S1: Check Option String Error No Message    |  0.4519 ns |  1.00 |         - |          NA |
|                                                           |                                             |            |       |           |             |
| S1_CheckOptionStringErrorWithMessage_EnumerationsOptions  | S1: Check Option String Error With Message  | 12.4618 ns |  1.00 |      64 B |        1.00 |
|                                                           |                                             |            |       |           |             |
| S1_CheckOptionStringSuccess_EnumerationsOptions           | S1: Check Option String Success             |  6.0177 ns |  1.03 |      64 B |        1.00 |
|                                                           |                                             |            |       |           |             |
| S1_CheckVoidErrorNoMessage_EnumerationsOptions            | S1: Check Void Error No Message             |  0.4372 ns |  1.00 |         - |          NA |
|                                                           |                                             |            |       |           |             |
| S1_CheckVoidErrorWithMessage_EnumerationsOptions          | S1: Check Void Error With Message           | 12.4191 ns |  1.00 |      64 B |        1.00 |
|                                                           |                                             |            |       |           |             |
| S1_CheckVoidSuccess_EnumerationsOptions                   | S1: Check Void Success                      |  0.2355 ns |  1.02 |         - |          NA |
|                                                           |                                             |            |       |           |             |
| S1_ReturnOptionStringErrorNoMessage_EnumerationsOptions   | S1: Return Option String Error No Message   |  0.8580 ns |  1.00 |         - |          NA |
|                                                           |                                             |            |       |           |             |
| S1_ReturnOptionStringErrorWithMessage_EnumerationsOptions | S1: Return Option String Error With Message |  6.3171 ns |  1.00 |      64 B |        1.00 |
|                                                           |                                             |            |       |           |             |
| S1_ReturnOptionStringNone_EnumerationsOptions             | S1: Return Option String None               |  0.2329 ns |  1.00 |         - |          NA |
|                                                           |                                             |            |       |           |             |
| S1_ReturnOptionStringSuccess_EnumerationsOptions          | S1: Return Option String Success            |  4.9808 ns |  1.00 |      64 B |        1.00 |
|                                                           |                                             |            |       |           |             |
| S1_ReturnVoidErrorNoMessage_EnumerationsOptions           | S1: Return Void Error No Message            |  0.4881 ns |  1.00 |         - |          NA |
|                                                           |                                             |            |       |           |             |
| S1_ReturnVoidErrorWithMessage_EnumerationsOptions         | S1: Return Void Error With Message          |  4.2376 ns |  1.00 |      64 B |        1.00 |
|                                                           |                                             |            |       |           |             |
| S1_ReturnVoidSuccess_EnumerationsOptions                  | S1: Return Void Success                     |  0.2514 ns |  1.00 |         - |          NA |

// * Warnings *
MinIterationTime
  Scenario1.S1_CheckOptionStringErrorNoMessage_EnumerationsOptions: .NET 10.0    -> The minimum observed iteration time is 98.853ms which is very small. It's recommended to increase it to at least 100ms using more operations.
  Scenario1.S1_CheckOptionStringErrorWithMessage_EnumerationsOptions: .NET 10.0  -> The minimum observed iteration time is 97.88ms which is very small. It's recommended to increase it to at least 100ms using more operations.
  Scenario1.S1_CheckOptionStringSuccess_EnumerationsOptions: .NET 10.0           -> The minimum observed iteration time is 94.576ms which is very small. It's recommended to increase it to at least 100ms using more operations.
  Scenario1.S1_CheckVoidErrorNoMessage_EnumerationsOptions: .NET 10.0            -> The minimum observed iteration time is 98.653ms which is very small. It's recommended to increase it to at least 100ms using more operations.
  Scenario1.S1_CheckVoidErrorWithMessage_EnumerationsOptions: .NET 10.0          -> The minimum observed iteration time is 89.844ms which is very small. It's recommended to increase it to at least 100ms using more operations.
  Scenario1.S1_CheckVoidSuccess_EnumerationsOptions: .NET 10.0                   -> The minimum observed iteration time is 99.549ms which is very small. It's recommended to increase it to at least 100ms using more operations.
  Scenario1.S1_ReturnOptionStringErrorNoMessage_EnumerationsOptions: .NET 10.0   -> The minimum observed iteration time is 97.161ms which is very small. It's recommended to increase it to at least 100ms using more operations.
  Scenario1.S1_ReturnOptionStringErrorWithMessage_EnumerationsOptions: .NET 10.0 -> The minimum observed iteration time is 98.669ms which is very small. It's recommended to increase it to at least 100ms using more operations.
  Scenario1.S1_ReturnOptionStringSuccess_EnumerationsOptions: .NET 10.0          -> The minimum observed iteration time is 96.202ms which is very small. It's recommended to increase it to at least 100ms using more operations.
  Scenario1.S1_ReturnVoidErrorWithMessage_EnumerationsOptions: .NET 10.0         -> The minimum observed iteration time is 68.805ms which is very small. It's recommended to increase it to at least 100ms using more operations.
MultimodalDistribution
  Scenario1.S1_CheckOptionStringErrorNoMessage_EnumerationsOptions: .NET 10.0 -> It seems that the distribution is bimodal (mValue = 3.25)
  Scenario1.S1_CheckOptionStringSuccess_EnumerationsOptions: .NET 10.0        -> It seems that the distribution is bimodal (mValue = 3.87)

// * Hints *
HideColumnsAnalyser
  Summary -> Hidden columns: Iterations, Error, StdDev, Median, RatioSD, Gen0
Outliers
  Scenario1.S1_CheckVoidErrorWithMessage_EnumerationsOptions: .NET 10.0          -> 3 outliers were removed (18.92 ns..20.84 ns)
  Scenario1.S1_CheckVoidSuccess_EnumerationsOptions: .NET 10.0                   -> 2 outliers were removed (1.97 ns, 2.05 ns)
  Scenario1.S1_ReturnOptionStringErrorNoMessage_EnumerationsOptions: .NET 10.0   -> 1 outlier  was  removed (2.58 ns)
  Scenario1.S1_ReturnOptionStringErrorWithMessage_EnumerationsOptions: .NET 10.0 -> 6 outliers were removed (9.13 ns..10.79 ns)
  Scenario1.S1_ReturnOptionStringNone_EnumerationsOptions: .NET 10.0             -> 3 outliers were removed (1.77 ns..1.94 ns)
  Scenario1.S1_ReturnOptionStringSuccess_EnumerationsOptions: .NET 10.0          -> 1 outlier  was  removed, 2 outliers were detected (6.33 ns, 6.93 ns)
  Scenario1.S1_ReturnVoidErrorNoMessage_EnumerationsOptions: .NET 10.0           -> 2 outliers were removed (2.46 ns, 2.52 ns)
  Scenario1.S1_ReturnVoidErrorWithMessage_EnumerationsOptions: .NET 10.0         -> 2 outliers were removed (6.95 ns, 7.33 ns)
  Scenario1.S1_ReturnVoidSuccess_EnumerationsOptions: .NET 10.0                  -> 1 outlier  was  removed (1.76 ns)

// * Legends *
  Categories  : All categories of the corresponded method, class, and assembly
  Mean        : Arithmetic mean of all measurements
  Ratio       : Mean of the ratio distribution ([Current]/[Baseline])
  Allocated   : Allocated memory per single operation (managed only, inclusive, 1KB = 1024B)
  Alloc Ratio : Allocated memory ratio distribution ([Current]/[Baseline])
  1 ns        : 1 Nanosecond (0.000000001 sec)

// * Diagnostic Output - MemoryDiagnoser *


// ***** BenchmarkRunner: End *****
Run time: 00:01:24 (84.75 sec), executed benchmarks: 13

Global total time: 00:01:37 (97.91 sec), executed benchmarks: 13
// * Artifacts cleanup *
Artifacts cleanup is finished
