// Validating benchmarks:
// ***** BenchmarkRunner: Start   *****
// ***** Found 13 benchmark(s) in total *****
// ***** Building 1 exe(s) in Parallel: Start   *****
// start dotnet  restore --nodeReuse:false /p:UseSharedCompilation=false /p:Deterministic=true /p:Optimize=true /p:ArtifactsPath="D:\x\devs\reilly-digital\dotnet\enumerations.options.benchmarks\bin\Debug\net10.0\Enumerations.Options.Benchmarks-1/" /p:OutDir="D:\x\devs\reilly-digital\dotnet\enumerations.options.benchmarks\bin\Debug\net10.0\Enumerations.Options.Benchmarks-1\bin\Release\net10.0/" /p:OutputPath="D:\x\devs\reilly-digital\dotnet\enumerations.options.benchmarks\bin\Debug\net10.0\Enumerations.Options.Benchmarks-1\bin\Release\net10.0/" /p:PublishDir="D:\x\devs\reilly-digital\dotnet\enumerations.options.benchmarks\bin\Debug\net10.0\Enumerations.Options.Benchmarks-1\publish/" in D:\x\devs\reilly-digital\dotnet\enumerations.options.benchmarks\bin\Debug\net10.0\Enumerations.Options.Benchmarks-1
// command took 1.25 sec and exited with 0
// start dotnet  build -c Release --no-restore --nodeReuse:false /p:UseSharedCompilation=false /p:Deterministic=true /p:Optimize=true /p:ArtifactsPath="D:\x\devs\reilly-digital\dotnet\enumerations.options.benchmarks\bin\Debug\net10.0\Enumerations.Options.Benchmarks-1/" /p:OutDir="D:\x\devs\reilly-digital\dotnet\enumerations.options.benchmarks\bin\Debug\net10.0\Enumerations.Options.Benchmarks-1\bin\Release\net10.0/" /p:OutputPath="D:\x\devs\reilly-digital\dotnet\enumerations.options.benchmarks\bin\Debug\net10.0\Enumerations.Options.Benchmarks-1\bin\Release\net10.0/" /p:PublishDir="D:\x\devs\reilly-digital\dotnet\enumerations.options.benchmarks\bin\Debug\net10.0\Enumerations.Options.Benchmarks-1\publish/" --output "D:\x\devs\reilly-digital\dotnet\enumerations.options.benchmarks\bin\Debug\net10.0\Enumerations.Options.Benchmarks-1\bin\Release\net10.0/" in D:\x\devs\reilly-digital\dotnet\enumerations.options.benchmarks\bin\Debug\net10.0\Enumerations.Options.Benchmarks-1
// command took 8.99 sec and exited with 0
// ***** Done, took 00:00:10 (10.3 sec)   *****
// Found 13 benchmarks:
//   Scenario1.S1_CheckOptionStringErrorNoMessage_EnumerationsOptions: .NET 10.0(Runtime=.NET 10.0, IterationTime=100ms) [Iterations=2]
//   Scenario1.S1_CheckOptionStringErrorWithMessage_EnumerationsOptions: .NET 10.0(Runtime=.NET 10.0, IterationTime=100ms) [Iterations=2]
//   Scenario1.S1_CheckOptionStringSuccess_EnumerationsOptions: .NET 10.0(Runtime=.NET 10.0, IterationTime=100ms) [Iterations=2]
//   Scenario1.S1_CheckVoidErrorNoMessage_EnumerationsOptions: .NET 10.0(Runtime=.NET 10.0, IterationTime=100ms) [Iterations=2]
//   Scenario1.S1_CheckVoidErrorWithMessage_EnumerationsOptions: .NET 10.0(Runtime=.NET 10.0, IterationTime=100ms) [Iterations=2]
//   Scenario1.S1_CheckVoidSuccess_EnumerationsOptions: .NET 10.0(Runtime=.NET 10.0, IterationTime=100ms) [Iterations=2]
//   Scenario1.S1_ReturnOptionStringErrorNoMessage_EnumerationsOptions: .NET 10.0(Runtime=.NET 10.0, IterationTime=100ms) [Iterations=2]
//   Scenario1.S1_ReturnOptionStringErrorWithMessage_EnumerationsOptions: .NET 10.0(Runtime=.NET 10.0, IterationTime=100ms) [Iterations=2]
//   Scenario1.S1_ReturnOptionStringNone_EnumerationsOptions: .NET 10.0(Runtime=.NET 10.0, IterationTime=100ms) [Iterations=2]
//   Scenario1.S1_ReturnOptionStringSuccess_EnumerationsOptions: .NET 10.0(Runtime=.NET 10.0, IterationTime=100ms) [Iterations=2]
//   Scenario1.S1_ReturnVoidErrorNoMessage_EnumerationsOptions: .NET 10.0(Runtime=.NET 10.0, IterationTime=100ms) [Iterations=2]
//   Scenario1.S1_ReturnVoidErrorWithMessage_EnumerationsOptions: .NET 10.0(Runtime=.NET 10.0, IterationTime=100ms) [Iterations=2]
//   Scenario1.S1_ReturnVoidSuccess_EnumerationsOptions: .NET 10.0(Runtime=.NET 10.0, IterationTime=100ms) [Iterations=2]

Setup power plan (GUID: 8c5e7fda-e8bf-4a96-9a85-a6e23a8c635c FriendlyName: High performance)
// **************************
// Benchmark: Scenario1.S1_CheckOptionStringErrorNoMessage_EnumerationsOptions: .NET 10.0(Runtime=.NET 10.0, IterationTime=100ms) [Iterations=2]
// *** Execute ***
// Launch: 1 / 1
// Execute: dotnet Enumerations.Options.Benchmarks-1.dll --anonymousPipes 1328 1280 --benchmarkName "ReillyDigital.Enumerations.Options.Benchmarks.Scenarios.Scenario1.S1_CheckOptionStringErrorNoMessage_EnumerationsOptions(Iterations: 2)" --job ".NET 10.0" --benchmarkId 0 in D:\x\devs\reilly-digital\dotnet\enumerations.options.benchmarks\bin\Debug\net10.0\Enumerations.Options.Benchmarks-1\bin\Release\net10.0
// BeforeAnythingElse

// Benchmark Process Environment Information:
// BenchmarkDotNet v0.15.8
// Runtime=.NET 10.0.3 (10.0.3, 10.0.326.7603), X64 RyuJIT x86-64-v3
// GC=Concurrent Workstation
// HardwareIntrinsics=AVX2+BMI1+BMI2+F16C+FMA+LZCNT+MOVBE,AVX,SSE3+SSSE3+SSE4.1+SSE4.2+POPCNT,X86Base+SSE+SSE2,AES+PCLMUL VectorSize=256
// Job: .NET 10.0(IterationTime=100ms)

OverheadJitting  1: 1 op, 196300.00 ns, 196.3000 us/op
WorkloadJitting  1: 1 op, 473313100.00 ns, 473.3131 ms/op

OverheadJitting  2: 1 op, 700.00 ns, 700.0000 ns/op
WorkloadJitting  2: 1 op, 3200.00 ns, 3.2000 us/op

OverheadJitting  3: 16 op, 151700.00 ns, 9.4813 us/op
WorkloadJitting  3: 16 op, 151600.00 ns, 9.4750 us/op

WorkloadPilot    1: 16 op, 1600.00 ns, 100.0000 ns/op
WorkloadPilot    2: 1000000 op, 40676000.00 ns, 40.6760 ns/op
WorkloadPilot    3: 2458464 op, 91170000.00 ns, 37.0841 ns/op
WorkloadPilot    4: 2696576 op, 92998100.00 ns, 34.4875 ns/op
WorkloadPilot    5: 2899616 op, 31346300.00 ns, 10.8105 ns/op
WorkloadPilot    6: 9250272 op, 93835900.00 ns, 10.1441 ns/op
WorkloadPilot    7: 9857936 op, 99142500.00 ns, 10.0571 ns/op
WorkloadPilot    8: 9943200 op, 71368600.00 ns, 7.1776 ns/op
WorkloadPilot    9: 13932192 op, 146671300.00 ns, 10.5275 ns/op
WorkloadPilot   10: 9498928 op, 96081500.00 ns, 10.1150 ns/op
WorkloadPilot   11: 9886336 op, 103732300.00 ns, 10.4925 ns/op
WorkloadPilot   12: 9530640 op, 72742800.00 ns, 7.6325 ns/op
WorkloadPilot   13: 13101840 op, 135041600.00 ns, 10.3071 ns/op

OverheadWarmup   1: 13101840 op, 33264000.00 ns, 2.5389 ns/op
OverheadWarmup   2: 13101840 op, 33651800.00 ns, 2.5685 ns/op
OverheadWarmup   3: 13101840 op, 33092400.00 ns, 2.5258 ns/op
OverheadWarmup   4: 13101840 op, 33049600.00 ns, 2.5225 ns/op
OverheadWarmup   5: 13101840 op, 33492200.00 ns, 2.5563 ns/op
OverheadWarmup   6: 13101840 op, 32378900.00 ns, 2.4713 ns/op

OverheadActual   1: 13101840 op, 34575200.00 ns, 2.6390 ns/op
OverheadActual   2: 13101840 op, 32322100.00 ns, 2.4670 ns/op
OverheadActual   3: 13101840 op, 32213500.00 ns, 2.4587 ns/op
OverheadActual   4: 13101840 op, 32473800.00 ns, 2.4786 ns/op
OverheadActual   5: 13101840 op, 32792400.00 ns, 2.5029 ns/op
OverheadActual   6: 13101840 op, 32382300.00 ns, 2.4716 ns/op
OverheadActual   7: 13101840 op, 32422500.00 ns, 2.4747 ns/op
OverheadActual   8: 13101840 op, 32799000.00 ns, 2.5034 ns/op
OverheadActual   9: 13101840 op, 32350300.00 ns, 2.4691 ns/op
OverheadActual  10: 13101840 op, 27902700.00 ns, 2.1297 ns/op
OverheadActual  11: 13101840 op, 20605200.00 ns, 1.5727 ns/op
OverheadActual  12: 13101840 op, 19851100.00 ns, 1.5151 ns/op
OverheadActual  13: 13101840 op, 20906800.00 ns, 1.5957 ns/op
OverheadActual  14: 13101840 op, 19821900.00 ns, 1.5129 ns/op
OverheadActual  15: 13101840 op, 20111400.00 ns, 1.5350 ns/op
OverheadActual  16: 13101840 op, 20056400.00 ns, 1.5308 ns/op
OverheadActual  17: 13101840 op, 21925900.00 ns, 1.6735 ns/op
OverheadActual  18: 13101840 op, 21065800.00 ns, 1.6079 ns/op
OverheadActual  19: 13101840 op, 20265700.00 ns, 1.5468 ns/op
OverheadActual  20: 13101840 op, 19931000.00 ns, 1.5212 ns/op

WorkloadWarmup   1: 13101840 op, 91538700.00 ns, 6.9867 ns/op
WorkloadWarmup   2: 13101840 op, 111330600.00 ns, 8.4973 ns/op
WorkloadWarmup   3: 13101840 op, 84669500.00 ns, 6.4624 ns/op
WorkloadWarmup   4: 13101840 op, 115320600.00 ns, 8.8019 ns/op
WorkloadWarmup   5: 13101840 op, 103236600.00 ns, 7.8795 ns/op
WorkloadWarmup   6: 13101840 op, 91809200.00 ns, 7.0074 ns/op

// BeforeActualRun
WorkloadActual   1: 13101840 op, 132142700.00 ns, 10.0858 ns/op
WorkloadActual   2: 13101840 op, 134226600.00 ns, 10.2449 ns/op
WorkloadActual   3: 13101840 op, 134324500.00 ns, 10.2523 ns/op
WorkloadActual   4: 13101840 op, 134807000.00 ns, 10.2892 ns/op
WorkloadActual   5: 13101840 op, 135386500.00 ns, 10.3334 ns/op
WorkloadActual   6: 13101840 op, 136957600.00 ns, 10.4533 ns/op
WorkloadActual   7: 13101840 op, 134562300.00 ns, 10.2705 ns/op
WorkloadActual   8: 13101840 op, 134875100.00 ns, 10.2944 ns/op
WorkloadActual   9: 13101840 op, 135822900.00 ns, 10.3667 ns/op
WorkloadActual  10: 13101840 op, 137555400.00 ns, 10.4989 ns/op
WorkloadActual  11: 13101840 op, 137742400.00 ns, 10.5132 ns/op
WorkloadActual  12: 13101840 op, 135268500.00 ns, 10.3244 ns/op
WorkloadActual  13: 13101840 op, 139340300.00 ns, 10.6352 ns/op
WorkloadActual  14: 13101840 op, 138496300.00 ns, 10.5708 ns/op
WorkloadActual  15: 13101840 op, 136507800.00 ns, 10.4190 ns/op

// AfterActualRun
WorkloadResult   1: 13101840 op, 107228400.00 ns, 8.1842 ns/op
WorkloadResult   2: 13101840 op, 109312300.00 ns, 8.3433 ns/op
WorkloadResult   3: 13101840 op, 109410200.00 ns, 8.3508 ns/op
WorkloadResult   4: 13101840 op, 109892700.00 ns, 8.3876 ns/op
WorkloadResult   5: 13101840 op, 110472200.00 ns, 8.4318 ns/op
WorkloadResult   6: 13101840 op, 112043300.00 ns, 8.5517 ns/op
WorkloadResult   7: 13101840 op, 109648000.00 ns, 8.3689 ns/op
WorkloadResult   8: 13101840 op, 109960800.00 ns, 8.3928 ns/op
WorkloadResult   9: 13101840 op, 110908600.00 ns, 8.4651 ns/op
WorkloadResult  10: 13101840 op, 112641100.00 ns, 8.5973 ns/op
WorkloadResult  11: 13101840 op, 112828100.00 ns, 8.6116 ns/op
WorkloadResult  12: 13101840 op, 110354200.00 ns, 8.4228 ns/op
WorkloadResult  13: 13101840 op, 114426000.00 ns, 8.7336 ns/op
WorkloadResult  14: 13101840 op, 113582000.00 ns, 8.6692 ns/op
WorkloadResult  15: 13101840 op, 111593500.00 ns, 8.5174 ns/op
// GC:  100 0 0 838517760 13101840
// Threading:  0 0 13101840

// AfterAll
// Benchmark Process 16356 has exited with code 0.

Mean = 8.469 ns, StdErr = 0.037 ns (0.44%), N = 15, StdDev = 0.145 ns
Min = 8.184 ns, Q1 = 8.378 ns, Median = 8.432 ns, Q3 = 8.575 ns, Max = 8.734 ns
IQR = 0.196 ns, LowerFence = 8.084 ns, UpperFence = 8.869 ns
ConfidenceInterval = [8.314 ns; 8.623 ns] (CI 99.9%), Margin = 0.155 ns (1.83% of Mean)
Skewness = 0.08, Kurtosis = 2.2, MValue = 2

// ** Remained 12 (92.3%) benchmark(s) to run. Estimated finish 2026-02-24 22:11 (0h 1m from now) **
Setup power plan (GUID: 8c5e7fda-e8bf-4a96-9a85-a6e23a8c635c FriendlyName: High performance)
// **************************
// Benchmark: Scenario1.S1_CheckOptionStringErrorWithMessage_EnumerationsOptions: .NET 10.0(Runtime=.NET 10.0, IterationTime=100ms) [Iterations=2]
// *** Execute ***
// Launch: 1 / 1
// Execute: dotnet Enumerations.Options.Benchmarks-1.dll --anonymousPipes 1328 1280 --benchmarkName "ReillyDigital.Enumerations.Options.Benchmarks.Scenarios.Scenario1.S1_CheckOptionStringErrorWithMessage_EnumerationsOptions(Iterations: 2)" --job ".NET 10.0" --benchmarkId 1 in D:\x\devs\reilly-digital\dotnet\enumerations.options.benchmarks\bin\Debug\net10.0\Enumerations.Options.Benchmarks-1\bin\Release\net10.0
// BeforeAnythingElse

// Benchmark Process Environment Information:
// BenchmarkDotNet v0.15.8
// Runtime=.NET 10.0.3 (10.0.3, 10.0.326.7603), X64 RyuJIT x86-64-v3
// GC=Concurrent Workstation
// HardwareIntrinsics=AVX2+BMI1+BMI2+F16C+FMA+LZCNT+MOVBE,AVX,SSE3+SSSE3+SSE4.1+SSE4.2+POPCNT,X86Base+SSE+SSE2,AES+PCLMUL VectorSize=256
// Job: .NET 10.0(IterationTime=100ms)

OverheadJitting  1: 1 op, 112000.00 ns, 112.0000 us/op
WorkloadJitting  1: 1 op, 2173400.00 ns, 2.1734 ms/op

OverheadJitting  2: 16 op, 151400.00 ns, 9.4625 us/op
WorkloadJitting  2: 16 op, 151000.00 ns, 9.4375 us/op

WorkloadPilot    1: 16 op, 3300.00 ns, 206.2500 ns/op
WorkloadPilot    2: 484848 op, 49950400.00 ns, 103.0228 ns/op
WorkloadPilot    3: 970672 op, 76799700.00 ns, 79.1201 ns/op
WorkloadPilot    4: 1263904 op, 22069000.00 ns, 17.4610 ns/op
WorkloadPilot    5: 5727056 op, 79364300.00 ns, 13.8578 ns/op
WorkloadPilot    6: 7216176 op, 100180900.00 ns, 13.8828 ns/op
WorkloadPilot    7: 7203152 op, 99108800.00 ns, 13.7591 ns/op
WorkloadPilot    8: 7267936 op, 101439100.00 ns, 13.9571 ns/op
WorkloadPilot    9: 7164832 op, 99695900.00 ns, 13.9146 ns/op
WorkloadPilot   10: 7186688 op, 100170900.00 ns, 13.9384 ns/op

OverheadWarmup   1: 7186688 op, 17763200.00 ns, 2.4717 ns/op
OverheadWarmup   2: 7186688 op, 17773700.00 ns, 2.4731 ns/op
OverheadWarmup   3: 7186688 op, 17775700.00 ns, 2.4734 ns/op
OverheadWarmup   4: 7186688 op, 18029400.00 ns, 2.5087 ns/op
OverheadWarmup   5: 7186688 op, 18695100.00 ns, 2.6014 ns/op
OverheadWarmup   6: 7186688 op, 18321300.00 ns, 2.5493 ns/op
OverheadWarmup   7: 7186688 op, 18598600.00 ns, 2.5879 ns/op
OverheadWarmup   8: 7186688 op, 18140700.00 ns, 2.5242 ns/op

OverheadActual   1: 7186688 op, 18321900.00 ns, 2.5494 ns/op
OverheadActual   2: 7186688 op, 18301700.00 ns, 2.5466 ns/op
OverheadActual   3: 7186688 op, 18168700.00 ns, 2.5281 ns/op
OverheadActual   4: 7186688 op, 18276000.00 ns, 2.5430 ns/op
OverheadActual   5: 7186688 op, 18142900.00 ns, 2.5245 ns/op
OverheadActual   6: 7186688 op, 18402000.00 ns, 2.5606 ns/op
OverheadActual   7: 7186688 op, 17700500.00 ns, 2.4630 ns/op
OverheadActual   8: 7186688 op, 17738100.00 ns, 2.4682 ns/op
OverheadActual   9: 7186688 op, 17773200.00 ns, 2.4731 ns/op
OverheadActual  10: 7186688 op, 17773600.00 ns, 2.4731 ns/op
OverheadActual  11: 7186688 op, 17888200.00 ns, 2.4891 ns/op
OverheadActual  12: 7186688 op, 17800200.00 ns, 2.4768 ns/op
OverheadActual  13: 7186688 op, 18422900.00 ns, 2.5635 ns/op
OverheadActual  14: 7186688 op, 16895600.00 ns, 2.3510 ns/op
OverheadActual  15: 7186688 op, 11111600.00 ns, 1.5461 ns/op
OverheadActual  16: 7186688 op, 11499400.00 ns, 1.6001 ns/op
OverheadActual  17: 7186688 op, 11124200.00 ns, 1.5479 ns/op
OverheadActual  18: 7186688 op, 11212900.00 ns, 1.5602 ns/op
OverheadActual  19: 7186688 op, 11178600.00 ns, 1.5555 ns/op
OverheadActual  20: 7186688 op, 11218700.00 ns, 1.5610 ns/op

WorkloadWarmup   1: 7186688 op, 103516100.00 ns, 14.4039 ns/op
WorkloadWarmup   2: 7186688 op, 103786600.00 ns, 14.4415 ns/op
WorkloadWarmup   3: 7186688 op, 100631800.00 ns, 14.0025 ns/op
WorkloadWarmup   4: 7186688 op, 99657400.00 ns, 13.8669 ns/op
WorkloadWarmup   5: 7186688 op, 99646200.00 ns, 13.8654 ns/op
WorkloadWarmup   6: 7186688 op, 100795900.00 ns, 14.0254 ns/op
WorkloadWarmup   7: 7186688 op, 99485400.00 ns, 13.8430 ns/op

// BeforeActualRun
WorkloadActual   1: 7186688 op, 100709400.00 ns, 14.0133 ns/op
WorkloadActual   2: 7186688 op, 105394900.00 ns, 14.6653 ns/op
WorkloadActual   3: 7186688 op, 109523200.00 ns, 15.2397 ns/op
WorkloadActual   4: 7186688 op, 106760600.00 ns, 14.8553 ns/op
WorkloadActual   5: 7186688 op, 105537000.00 ns, 14.6851 ns/op
WorkloadActual   6: 7186688 op, 103724700.00 ns, 14.4329 ns/op
WorkloadActual   7: 7186688 op, 106155500.00 ns, 14.7711 ns/op
WorkloadActual   8: 7186688 op, 106716100.00 ns, 14.8491 ns/op
WorkloadActual   9: 7186688 op, 110371500.00 ns, 15.3578 ns/op
WorkloadActual  10: 7186688 op, 185077400.00 ns, 25.7528 ns/op
WorkloadActual  11: 7186688 op, 130021700.00 ns, 18.0920 ns/op
WorkloadActual  12: 7186688 op, 125841500.00 ns, 17.5104 ns/op
WorkloadActual  13: 7186688 op, 125096600.00 ns, 17.4067 ns/op
WorkloadActual  14: 7186688 op, 108942400.00 ns, 15.1589 ns/op
WorkloadActual  15: 7186688 op, 114843400.00 ns, 15.9800 ns/op
WorkloadActual  16: 7186688 op, 134254800.00 ns, 18.6810 ns/op
WorkloadActual  17: 7186688 op, 149254200.00 ns, 20.7681 ns/op
WorkloadActual  18: 7186688 op, 132354000.00 ns, 18.4166 ns/op
WorkloadActual  19: 7186688 op, 142406800.00 ns, 19.8154 ns/op
WorkloadActual  20: 7186688 op, 142637600.00 ns, 19.8475 ns/op
WorkloadActual  21: 7186688 op, 153017800.00 ns, 21.2918 ns/op
WorkloadActual  22: 7186688 op, 107026800.00 ns, 14.8924 ns/op
WorkloadActual  23: 7186688 op, 112750300.00 ns, 15.6888 ns/op
WorkloadActual  24: 7186688 op, 108916500.00 ns, 15.1553 ns/op
WorkloadActual  25: 7186688 op, 124021100.00 ns, 17.2571 ns/op
WorkloadActual  26: 7186688 op, 102916300.00 ns, 14.3204 ns/op
WorkloadActual  27: 7186688 op, 106558300.00 ns, 14.8272 ns/op
WorkloadActual  28: 7186688 op, 104649600.00 ns, 14.5616 ns/op
WorkloadActual  29: 7186688 op, 104836900.00 ns, 14.5877 ns/op
WorkloadActual  30: 7186688 op, 105879300.00 ns, 14.7327 ns/op
WorkloadActual  31: 7186688 op, 110765500.00 ns, 15.4126 ns/op
WorkloadActual  32: 7186688 op, 108659500.00 ns, 15.1196 ns/op
WorkloadActual  33: 7186688 op, 103085200.00 ns, 14.3439 ns/op
WorkloadActual  34: 7186688 op, 102141800.00 ns, 14.2126 ns/op
WorkloadActual  35: 7186688 op, 101301600.00 ns, 14.0957 ns/op
WorkloadActual  36: 7186688 op, 100479100.00 ns, 13.9813 ns/op
WorkloadActual  37: 7186688 op, 104342600.00 ns, 14.5189 ns/op
WorkloadActual  38: 7186688 op, 102699200.00 ns, 14.2902 ns/op
WorkloadActual  39: 7186688 op, 99338000.00 ns, 13.8225 ns/op
WorkloadActual  40: 7186688 op, 105817800.00 ns, 14.7241 ns/op
WorkloadActual  41: 7186688 op, 99852700.00 ns, 13.8941 ns/op
WorkloadActual  42: 7186688 op, 99810800.00 ns, 13.8883 ns/op
WorkloadActual  43: 7186688 op, 99076600.00 ns, 13.7861 ns/op
WorkloadActual  44: 7186688 op, 100944400.00 ns, 14.0460 ns/op
WorkloadActual  45: 7186688 op, 100099500.00 ns, 13.9285 ns/op
WorkloadActual  46: 7186688 op, 98799300.00 ns, 13.7475 ns/op
WorkloadActual  47: 7186688 op, 99597500.00 ns, 13.8586 ns/op
WorkloadActual  48: 7186688 op, 100739200.00 ns, 14.0175 ns/op
WorkloadActual  49: 7186688 op, 102485500.00 ns, 14.2605 ns/op
WorkloadActual  50: 7186688 op, 103265800.00 ns, 14.3690 ns/op
WorkloadActual  51: 7186688 op, 104509900.00 ns, 14.5422 ns/op
WorkloadActual  52: 7186688 op, 103891300.00 ns, 14.4561 ns/op
WorkloadActual  53: 7186688 op, 104670400.00 ns, 14.5645 ns/op
WorkloadActual  54: 7186688 op, 104682000.00 ns, 14.5661 ns/op

// AfterActualRun
WorkloadResult   1: 7186688 op, 82936000.00 ns, 11.5402 ns/op
WorkloadResult   2: 7186688 op, 87621500.00 ns, 12.1922 ns/op
WorkloadResult   3: 7186688 op, 91749800.00 ns, 12.7666 ns/op
WorkloadResult   4: 7186688 op, 88987200.00 ns, 12.3822 ns/op
WorkloadResult   5: 7186688 op, 87763600.00 ns, 12.2120 ns/op
WorkloadResult   6: 7186688 op, 85951300.00 ns, 11.9598 ns/op
WorkloadResult   7: 7186688 op, 88382100.00 ns, 12.2980 ns/op
WorkloadResult   8: 7186688 op, 88942700.00 ns, 12.3760 ns/op
WorkloadResult   9: 7186688 op, 92598100.00 ns, 12.8847 ns/op
WorkloadResult  10: 7186688 op, 91169000.00 ns, 12.6858 ns/op
WorkloadResult  11: 7186688 op, 97070000.00 ns, 13.5069 ns/op
WorkloadResult  12: 7186688 op, 89253400.00 ns, 12.4193 ns/op
WorkloadResult  13: 7186688 op, 94976900.00 ns, 13.2157 ns/op
WorkloadResult  14: 7186688 op, 91143100.00 ns, 12.6822 ns/op
WorkloadResult  15: 7186688 op, 85142900.00 ns, 11.8473 ns/op
WorkloadResult  16: 7186688 op, 88784900.00 ns, 12.3541 ns/op
WorkloadResult  17: 7186688 op, 86876200.00 ns, 12.0885 ns/op
WorkloadResult  18: 7186688 op, 87063500.00 ns, 12.1146 ns/op
WorkloadResult  19: 7186688 op, 88105900.00 ns, 12.2596 ns/op
WorkloadResult  20: 7186688 op, 92992100.00 ns, 12.9395 ns/op
WorkloadResult  21: 7186688 op, 90886100.00 ns, 12.6465 ns/op
WorkloadResult  22: 7186688 op, 85311800.00 ns, 11.8708 ns/op
WorkloadResult  23: 7186688 op, 84368400.00 ns, 11.7395 ns/op
WorkloadResult  24: 7186688 op, 83528200.00 ns, 11.6226 ns/op
WorkloadResult  25: 7186688 op, 82705700.00 ns, 11.5082 ns/op
WorkloadResult  26: 7186688 op, 86569200.00 ns, 12.0458 ns/op
WorkloadResult  27: 7186688 op, 84925800.00 ns, 11.8171 ns/op
WorkloadResult  28: 7186688 op, 81564600.00 ns, 11.3494 ns/op
WorkloadResult  29: 7186688 op, 88044400.00 ns, 12.2510 ns/op
WorkloadResult  30: 7186688 op, 82079300.00 ns, 11.4210 ns/op
WorkloadResult  31: 7186688 op, 82037400.00 ns, 11.4152 ns/op
WorkloadResult  32: 7186688 op, 81303200.00 ns, 11.3130 ns/op
WorkloadResult  33: 7186688 op, 83171000.00 ns, 11.5729 ns/op
WorkloadResult  34: 7186688 op, 82326100.00 ns, 11.4554 ns/op
WorkloadResult  35: 7186688 op, 81025900.00 ns, 11.2744 ns/op
WorkloadResult  36: 7186688 op, 81824100.00 ns, 11.3855 ns/op
WorkloadResult  37: 7186688 op, 82965800.00 ns, 11.5444 ns/op
WorkloadResult  38: 7186688 op, 84712100.00 ns, 11.7874 ns/op
WorkloadResult  39: 7186688 op, 85492400.00 ns, 11.8959 ns/op
WorkloadResult  40: 7186688 op, 86736500.00 ns, 12.0691 ns/op
WorkloadResult  41: 7186688 op, 86117900.00 ns, 11.9830 ns/op
WorkloadResult  42: 7186688 op, 86897000.00 ns, 12.0914 ns/op
WorkloadResult  43: 7186688 op, 86908600.00 ns, 12.0930 ns/op
// GC:  54 0 0 459948032 7186688
// Threading:  0 0 7186688

// AfterAll
// Benchmark Process 9704 has exited with code 0.

Mean = 12.067 ns, StdErr = 0.082 ns (0.68%), N = 43, StdDev = 0.536 ns
Min = 11.274 ns, Q1 = 11.598 ns, Median = 12.069 ns, Q3 = 12.365 ns, Max = 13.507 ns
IQR = 0.767 ns, LowerFence = 10.447 ns, UpperFence = 13.516 ns
ConfidenceInterval = [11.778 ns; 12.356 ns] (CI 99.9%), Margin = 0.289 ns (2.40% of Mean)
Skewness = 0.56, Kurtosis = 2.77, MValue = 2.53

// ** Remained 11 (84.6%) benchmark(s) to run. Estimated finish 2026-02-24 22:11 (0h 1m from now) **
Setup power plan (GUID: 8c5e7fda-e8bf-4a96-9a85-a6e23a8c635c FriendlyName: High performance)
// **************************
// Benchmark: Scenario1.S1_CheckOptionStringSuccess_EnumerationsOptions: .NET 10.0(Runtime=.NET 10.0, IterationTime=100ms) [Iterations=2]
// *** Execute ***
// Launch: 1 / 1
// Execute: dotnet Enumerations.Options.Benchmarks-1.dll --anonymousPipes 1628 1260 --benchmarkName "ReillyDigital.Enumerations.Options.Benchmarks.Scenarios.Scenario1.S1_CheckOptionStringSuccess_EnumerationsOptions(Iterations: 2)" --job ".NET 10.0" --benchmarkId 2 in D:\x\devs\reilly-digital\dotnet\enumerations.options.benchmarks\bin\Debug\net10.0\Enumerations.Options.Benchmarks-1\bin\Release\net10.0
// BeforeAnythingElse

// Benchmark Process Environment Information:
// BenchmarkDotNet v0.15.8
// Runtime=.NET 10.0.3 (10.0.3, 10.0.326.7603), X64 RyuJIT x86-64-v3
// GC=Concurrent Workstation
// HardwareIntrinsics=AVX2+BMI1+BMI2+F16C+FMA+LZCNT+MOVBE,AVX,SSE3+SSSE3+SSE4.1+SSE4.2+POPCNT,X86Base+SSE+SSE2,AES+PCLMUL VectorSize=256
// Job: .NET 10.0(IterationTime=100ms)

OverheadJitting  1: 1 op, 110400.00 ns, 110.4000 us/op
WorkloadJitting  1: 1 op, 1404800.00 ns, 1.4048 ms/op

OverheadJitting  2: 16 op, 160400.00 ns, 10.0250 us/op
WorkloadJitting  2: 16 op, 148300.00 ns, 9.2688 us/op

WorkloadPilot    1: 16 op, 1500.00 ns, 93.7500 ns/op
WorkloadPilot    2: 1066672 op, 39994400.00 ns, 37.4946 ns/op
WorkloadPilot    3: 2667056 op, 78145200.00 ns, 29.3002 ns/op
WorkloadPilot    4: 3412960 op, 36187900.00 ns, 10.6031 ns/op
WorkloadPilot    5: 9431232 op, 76729900.00 ns, 8.1357 ns/op
WorkloadPilot    6: 12291472 op, 124951400.00 ns, 10.1657 ns/op
WorkloadPilot    7: 9837008 op, 103881300.00 ns, 10.5603 ns/op
WorkloadPilot    8: 9469472 op, 79087400.00 ns, 8.3518 ns/op
WorkloadPilot    9: 11973440 op, 119758700.00 ns, 10.0020 ns/op

OverheadWarmup   1: 11973440 op, 29577500.00 ns, 2.4703 ns/op
OverheadWarmup   2: 11973440 op, 31614900.00 ns, 2.6404 ns/op
OverheadWarmup   3: 11973440 op, 30949900.00 ns, 2.5849 ns/op
OverheadWarmup   4: 11973440 op, 31211600.00 ns, 2.6067 ns/op
OverheadWarmup   5: 11973440 op, 30297800.00 ns, 2.5304 ns/op

OverheadActual   1: 11973440 op, 30638500.00 ns, 2.5589 ns/op
OverheadActual   2: 11973440 op, 30797600.00 ns, 2.5722 ns/op
OverheadActual   3: 11973440 op, 30779600.00 ns, 2.5707 ns/op
OverheadActual   4: 11973440 op, 30437200.00 ns, 2.5421 ns/op
OverheadActual   5: 11973440 op, 29683000.00 ns, 2.4791 ns/op
OverheadActual   6: 11973440 op, 29604500.00 ns, 2.4725 ns/op
OverheadActual   7: 11973440 op, 32083200.00 ns, 2.6795 ns/op
OverheadActual   8: 11973440 op, 29858200.00 ns, 2.4937 ns/op
OverheadActual   9: 11973440 op, 21388900.00 ns, 1.7864 ns/op
OverheadActual  10: 11973440 op, 19201300.00 ns, 1.6037 ns/op
OverheadActual  11: 11973440 op, 18933200.00 ns, 1.5813 ns/op
OverheadActual  12: 11973440 op, 19949500.00 ns, 1.6661 ns/op
OverheadActual  13: 11973440 op, 18762200.00 ns, 1.5670 ns/op
OverheadActual  14: 11973440 op, 18520800.00 ns, 1.5468 ns/op
OverheadActual  15: 11973440 op, 21212500.00 ns, 1.7716 ns/op
OverheadActual  16: 11973440 op, 18484500.00 ns, 1.5438 ns/op
OverheadActual  17: 11973440 op, 18279500.00 ns, 1.5267 ns/op
OverheadActual  18: 11973440 op, 19844800.00 ns, 1.6574 ns/op
OverheadActual  19: 11973440 op, 22407700.00 ns, 1.8715 ns/op
OverheadActual  20: 11973440 op, 23607400.00 ns, 1.9716 ns/op

WorkloadWarmup   1: 11973440 op, 172988600.00 ns, 14.4477 ns/op
WorkloadWarmup   2: 11973440 op, 113092000.00 ns, 9.4452 ns/op
WorkloadWarmup   3: 11973440 op, 98692300.00 ns, 8.2426 ns/op
WorkloadWarmup   4: 11973440 op, 89536600.00 ns, 7.4779 ns/op
WorkloadWarmup   5: 11973440 op, 87247400.00 ns, 7.2867 ns/op
WorkloadWarmup   6: 11973440 op, 90332100.00 ns, 7.5444 ns/op
WorkloadWarmup   7: 11973440 op, 83995000.00 ns, 7.0151 ns/op
WorkloadWarmup   8: 11973440 op, 88721500.00 ns, 7.4099 ns/op
WorkloadWarmup   9: 11973440 op, 88354700.00 ns, 7.3792 ns/op

// BeforeActualRun
WorkloadActual   1: 11973440 op, 99550400.00 ns, 8.3143 ns/op
WorkloadActual   2: 11973440 op, 129154300.00 ns, 10.7867 ns/op
WorkloadActual   3: 11973440 op, 90367200.00 ns, 7.5473 ns/op
WorkloadActual   4: 11973440 op, 93371700.00 ns, 7.7982 ns/op
WorkloadActual   5: 11973440 op, 92581500.00 ns, 7.7322 ns/op
WorkloadActual   6: 11973440 op, 111044600.00 ns, 9.2742 ns/op
WorkloadActual   7: 11973440 op, 98926000.00 ns, 8.2621 ns/op
WorkloadActual   8: 11973440 op, 106321600.00 ns, 8.8798 ns/op
WorkloadActual   9: 11973440 op, 93630900.00 ns, 7.8199 ns/op
WorkloadActual  10: 11973440 op, 125177100.00 ns, 10.4546 ns/op
WorkloadActual  11: 11973440 op, 113516000.00 ns, 9.4807 ns/op
WorkloadActual  12: 11973440 op, 101064600.00 ns, 8.4407 ns/op
WorkloadActual  13: 11973440 op, 90587400.00 ns, 7.5657 ns/op
WorkloadActual  14: 11973440 op, 125868000.00 ns, 10.5123 ns/op
WorkloadActual  15: 11973440 op, 98545300.00 ns, 8.2303 ns/op
WorkloadActual  16: 11973440 op, 128629200.00 ns, 10.7429 ns/op
WorkloadActual  17: 11973440 op, 126947900.00 ns, 10.6025 ns/op
WorkloadActual  18: 11973440 op, 127069400.00 ns, 10.6126 ns/op
WorkloadActual  19: 11973440 op, 118461800.00 ns, 9.8937 ns/op
WorkloadActual  20: 11973440 op, 99803500.00 ns, 8.3354 ns/op
WorkloadActual  21: 11973440 op, 114385500.00 ns, 9.5533 ns/op
WorkloadActual  22: 11973440 op, 119377700.00 ns, 9.9702 ns/op
WorkloadActual  23: 11973440 op, 123301600.00 ns, 10.2979 ns/op
WorkloadActual  24: 11973440 op, 109768300.00 ns, 9.1676 ns/op
WorkloadActual  25: 11973440 op, 122842000.00 ns, 10.2595 ns/op
WorkloadActual  26: 11973440 op, 96169200.00 ns, 8.0319 ns/op
WorkloadActual  27: 11973440 op, 94070900.00 ns, 7.8566 ns/op
WorkloadActual  28: 11973440 op, 122709200.00 ns, 10.2484 ns/op
WorkloadActual  29: 11973440 op, 89958100.00 ns, 7.5131 ns/op
WorkloadActual  30: 11973440 op, 89667000.00 ns, 7.4888 ns/op
WorkloadActual  31: 11973440 op, 109924000.00 ns, 9.1807 ns/op
WorkloadActual  32: 11973440 op, 83647900.00 ns, 6.9861 ns/op
WorkloadActual  33: 11973440 op, 91761000.00 ns, 7.6637 ns/op
WorkloadActual  34: 11973440 op, 122744400.00 ns, 10.2514 ns/op
WorkloadActual  35: 11973440 op, 87465400.00 ns, 7.3050 ns/op
WorkloadActual  36: 11973440 op, 96055700.00 ns, 8.0224 ns/op
WorkloadActual  37: 11973440 op, 124385700.00 ns, 10.3885 ns/op
WorkloadActual  38: 11973440 op, 104105800.00 ns, 8.6947 ns/op
WorkloadActual  39: 11973440 op, 108384800.00 ns, 9.0521 ns/op
WorkloadActual  40: 11973440 op, 136046400.00 ns, 11.3623 ns/op
WorkloadActual  41: 11973440 op, 85524100.00 ns, 7.1428 ns/op
WorkloadActual  42: 11973440 op, 118141000.00 ns, 9.8669 ns/op
WorkloadActual  43: 11973440 op, 130219100.00 ns, 10.8757 ns/op
WorkloadActual  44: 11973440 op, 91762400.00 ns, 7.6638 ns/op
WorkloadActual  45: 11973440 op, 88648900.00 ns, 7.4038 ns/op
WorkloadActual  46: 11973440 op, 125058200.00 ns, 10.4446 ns/op
WorkloadActual  47: 11973440 op, 83082600.00 ns, 6.9389 ns/op
WorkloadActual  48: 11973440 op, 92071500.00 ns, 7.6896 ns/op
WorkloadActual  49: 11973440 op, 118873000.00 ns, 9.9281 ns/op
WorkloadActual  50: 11973440 op, 123349700.00 ns, 10.3019 ns/op
WorkloadActual  51: 11973440 op, 124143400.00 ns, 10.3682 ns/op
WorkloadActual  52: 11973440 op, 117806100.00 ns, 9.8390 ns/op
WorkloadActual  53: 11973440 op, 81131500.00 ns, 6.7760 ns/op
WorkloadActual  54: 11973440 op, 88068000.00 ns, 7.3553 ns/op
WorkloadActual  55: 11973440 op, 118354600.00 ns, 9.8848 ns/op
WorkloadActual  56: 11973440 op, 83898400.00 ns, 7.0070 ns/op
WorkloadActual  57: 11973440 op, 87489500.00 ns, 7.3070 ns/op
WorkloadActual  58: 11973440 op, 108927100.00 ns, 9.0974 ns/op
WorkloadActual  59: 11973440 op, 101479200.00 ns, 8.4754 ns/op
WorkloadActual  60: 11973440 op, 94857000.00 ns, 7.9223 ns/op
WorkloadActual  61: 11973440 op, 130601200.00 ns, 10.9076 ns/op
WorkloadActual  62: 11973440 op, 85973500.00 ns, 7.1804 ns/op
WorkloadActual  63: 11973440 op, 94082000.00 ns, 7.8576 ns/op
WorkloadActual  64: 11973440 op, 112991100.00 ns, 9.4368 ns/op
WorkloadActual  65: 11973440 op, 91843700.00 ns, 7.6706 ns/op
WorkloadActual  66: 11973440 op, 102767000.00 ns, 8.5829 ns/op
WorkloadActual  67: 11973440 op, 134276000.00 ns, 11.2145 ns/op
WorkloadActual  68: 11973440 op, 96319500.00 ns, 8.0444 ns/op
WorkloadActual  69: 11973440 op, 108176200.00 ns, 9.0347 ns/op
WorkloadActual  70: 11973440 op, 117940400.00 ns, 9.8502 ns/op
WorkloadActual  71: 11973440 op, 96515700.00 ns, 8.0608 ns/op
WorkloadActual  72: 11973440 op, 92017600.00 ns, 7.6851 ns/op
WorkloadActual  73: 11973440 op, 118268000.00 ns, 9.8775 ns/op
WorkloadActual  74: 11973440 op, 81535800.00 ns, 6.8097 ns/op
WorkloadActual  75: 11973440 op, 94297900.00 ns, 7.8756 ns/op
WorkloadActual  76: 11973440 op, 128450300.00 ns, 10.7279 ns/op
WorkloadActual  77: 11973440 op, 101780100.00 ns, 8.5005 ns/op
WorkloadActual  78: 11973440 op, 142845500.00 ns, 11.9302 ns/op
WorkloadActual  79: 11973440 op, 149566200.00 ns, 12.4915 ns/op
WorkloadActual  80: 11973440 op, 105464700.00 ns, 8.8082 ns/op
WorkloadActual  81: 11973440 op, 92059300.00 ns, 7.6886 ns/op
WorkloadActual  82: 11973440 op, 121469800.00 ns, 10.1449 ns/op
WorkloadActual  83: 11973440 op, 86495400.00 ns, 7.2239 ns/op
WorkloadActual  84: 11973440 op, 94466800.00 ns, 7.8897 ns/op
WorkloadActual  85: 11973440 op, 118638800.00 ns, 9.9085 ns/op
WorkloadActual  86: 11973440 op, 86190400.00 ns, 7.1985 ns/op
WorkloadActual  87: 11973440 op, 93947200.00 ns, 7.8463 ns/op
WorkloadActual  88: 11973440 op, 123739900.00 ns, 10.3345 ns/op
WorkloadActual  89: 11973440 op, 104725000.00 ns, 8.7464 ns/op
WorkloadActual  90: 11973440 op, 115809700.00 ns, 9.6722 ns/op
WorkloadActual  91: 11973440 op, 113664800.00 ns, 9.4931 ns/op
WorkloadActual  92: 11973440 op, 89994000.00 ns, 7.5161 ns/op
WorkloadActual  93: 11973440 op, 96695900.00 ns, 8.0759 ns/op
WorkloadActual  94: 11973440 op, 96659400.00 ns, 8.0728 ns/op
WorkloadActual  95: 11973440 op, 98485900.00 ns, 8.2254 ns/op
WorkloadActual  96: 11973440 op, 103093000.00 ns, 8.6101 ns/op
WorkloadActual  97: 11973440 op, 136754700.00 ns, 11.4215 ns/op
WorkloadActual  98: 11973440 op, 85404300.00 ns, 7.1328 ns/op
WorkloadActual  99: 11973440 op, 93790800.00 ns, 7.8332 ns/op
WorkloadActual  100: 11973440 op, 121654900.00 ns, 10.1604 ns/op

// AfterActualRun
WorkloadResult   1: 11973440 op, 77652100.00 ns, 6.4854 ns/op
WorkloadResult   2: 11973440 op, 107256000.00 ns, 8.9578 ns/op
WorkloadResult   3: 11973440 op, 68468900.00 ns, 5.7184 ns/op
WorkloadResult   4: 11973440 op, 71473400.00 ns, 5.9693 ns/op
WorkloadResult   5: 11973440 op, 70683200.00 ns, 5.9033 ns/op
WorkloadResult   6: 11973440 op, 89146300.00 ns, 7.4453 ns/op
WorkloadResult   7: 11973440 op, 77027700.00 ns, 6.4332 ns/op
WorkloadResult   8: 11973440 op, 84423300.00 ns, 7.0509 ns/op
WorkloadResult   9: 11973440 op, 71732600.00 ns, 5.9910 ns/op
WorkloadResult  10: 11973440 op, 103278800.00 ns, 8.6257 ns/op
WorkloadResult  11: 11973440 op, 91617700.00 ns, 7.6517 ns/op
WorkloadResult  12: 11973440 op, 79166300.00 ns, 6.6118 ns/op
WorkloadResult  13: 11973440 op, 68689100.00 ns, 5.7368 ns/op
WorkloadResult  14: 11973440 op, 103969700.00 ns, 8.6834 ns/op
WorkloadResult  15: 11973440 op, 76647000.00 ns, 6.4014 ns/op
WorkloadResult  16: 11973440 op, 106730900.00 ns, 8.9140 ns/op
WorkloadResult  17: 11973440 op, 105049600.00 ns, 8.7736 ns/op
WorkloadResult  18: 11973440 op, 105171100.00 ns, 8.7837 ns/op
WorkloadResult  19: 11973440 op, 96563500.00 ns, 8.0648 ns/op
WorkloadResult  20: 11973440 op, 77905200.00 ns, 6.5065 ns/op
WorkloadResult  21: 11973440 op, 92487200.00 ns, 7.7244 ns/op
WorkloadResult  22: 11973440 op, 97479400.00 ns, 8.1413 ns/op
WorkloadResult  23: 11973440 op, 101403300.00 ns, 8.4690 ns/op
WorkloadResult  24: 11973440 op, 87870000.00 ns, 7.3387 ns/op
WorkloadResult  25: 11973440 op, 100943700.00 ns, 8.4306 ns/op
WorkloadResult  26: 11973440 op, 74270900.00 ns, 6.2030 ns/op
WorkloadResult  27: 11973440 op, 72172600.00 ns, 6.0277 ns/op
WorkloadResult  28: 11973440 op, 100810900.00 ns, 8.4195 ns/op
WorkloadResult  29: 11973440 op, 68059800.00 ns, 5.6842 ns/op
WorkloadResult  30: 11973440 op, 67768700.00 ns, 5.6599 ns/op
WorkloadResult  31: 11973440 op, 88025700.00 ns, 7.3517 ns/op
WorkloadResult  32: 11973440 op, 61749600.00 ns, 5.1572 ns/op
WorkloadResult  33: 11973440 op, 69862700.00 ns, 5.8348 ns/op
WorkloadResult  34: 11973440 op, 100846100.00 ns, 8.4225 ns/op
WorkloadResult  35: 11973440 op, 65567100.00 ns, 5.4760 ns/op
WorkloadResult  36: 11973440 op, 74157400.00 ns, 6.1935 ns/op
WorkloadResult  37: 11973440 op, 102487400.00 ns, 8.5596 ns/op
WorkloadResult  38: 11973440 op, 82207500.00 ns, 6.8658 ns/op
WorkloadResult  39: 11973440 op, 86486500.00 ns, 7.2232 ns/op
WorkloadResult  40: 11973440 op, 114148100.00 ns, 9.5334 ns/op
WorkloadResult  41: 11973440 op, 63625800.00 ns, 5.3139 ns/op
WorkloadResult  42: 11973440 op, 96242700.00 ns, 8.0380 ns/op
WorkloadResult  43: 11973440 op, 108320800.00 ns, 9.0468 ns/op
WorkloadResult  44: 11973440 op, 69864100.00 ns, 5.8349 ns/op
WorkloadResult  45: 11973440 op, 66750600.00 ns, 5.5749 ns/op
WorkloadResult  46: 11973440 op, 103159900.00 ns, 8.6157 ns/op
WorkloadResult  47: 11973440 op, 61184300.00 ns, 5.1100 ns/op
WorkloadResult  48: 11973440 op, 70173200.00 ns, 5.8607 ns/op
WorkloadResult  49: 11973440 op, 96974700.00 ns, 8.0992 ns/op
WorkloadResult  50: 11973440 op, 101451400.00 ns, 8.4730 ns/op
WorkloadResult  51: 11973440 op, 102245100.00 ns, 8.5393 ns/op
WorkloadResult  52: 11973440 op, 95907800.00 ns, 8.0100 ns/op
WorkloadResult  53: 11973440 op, 59233200.00 ns, 4.9470 ns/op
WorkloadResult  54: 11973440 op, 66169700.00 ns, 5.5264 ns/op
WorkloadResult  55: 11973440 op, 96456300.00 ns, 8.0559 ns/op
WorkloadResult  56: 11973440 op, 62000100.00 ns, 5.1781 ns/op
WorkloadResult  57: 11973440 op, 65591200.00 ns, 5.4781 ns/op
WorkloadResult  58: 11973440 op, 87028800.00 ns, 7.2685 ns/op
WorkloadResult  59: 11973440 op, 79580900.00 ns, 6.6465 ns/op
WorkloadResult  60: 11973440 op, 72958700.00 ns, 6.0934 ns/op
WorkloadResult  61: 11973440 op, 108702900.00 ns, 9.0787 ns/op
WorkloadResult  62: 11973440 op, 64075200.00 ns, 5.3514 ns/op
WorkloadResult  63: 11973440 op, 72183700.00 ns, 6.0287 ns/op
WorkloadResult  64: 11973440 op, 91092800.00 ns, 7.6079 ns/op
WorkloadResult  65: 11973440 op, 69945400.00 ns, 5.8417 ns/op
WorkloadResult  66: 11973440 op, 80868700.00 ns, 6.7540 ns/op
WorkloadResult  67: 11973440 op, 112377700.00 ns, 9.3856 ns/op
WorkloadResult  68: 11973440 op, 74421200.00 ns, 6.2155 ns/op
WorkloadResult  69: 11973440 op, 86277900.00 ns, 7.2058 ns/op
WorkloadResult  70: 11973440 op, 96042100.00 ns, 8.0213 ns/op
WorkloadResult  71: 11973440 op, 74617400.00 ns, 6.2319 ns/op
WorkloadResult  72: 11973440 op, 70119300.00 ns, 5.8562 ns/op
WorkloadResult  73: 11973440 op, 96369700.00 ns, 8.0486 ns/op
WorkloadResult  74: 11973440 op, 59637500.00 ns, 4.9808 ns/op
WorkloadResult  75: 11973440 op, 72399600.00 ns, 6.0467 ns/op
WorkloadResult  76: 11973440 op, 106552000.00 ns, 8.8990 ns/op
WorkloadResult  77: 11973440 op, 79881800.00 ns, 6.6716 ns/op
WorkloadResult  78: 11973440 op, 120947200.00 ns, 10.1013 ns/op
WorkloadResult  79: 11973440 op, 127667900.00 ns, 10.6626 ns/op
WorkloadResult  80: 11973440 op, 83566400.00 ns, 6.9793 ns/op
WorkloadResult  81: 11973440 op, 70161000.00 ns, 5.8597 ns/op
WorkloadResult  82: 11973440 op, 99571500.00 ns, 8.3160 ns/op
WorkloadResult  83: 11973440 op, 64597100.00 ns, 5.3950 ns/op
WorkloadResult  84: 11973440 op, 72568500.00 ns, 6.0608 ns/op
WorkloadResult  85: 11973440 op, 96740500.00 ns, 8.0796 ns/op
WorkloadResult  86: 11973440 op, 64292100.00 ns, 5.3696 ns/op
WorkloadResult  87: 11973440 op, 72048900.00 ns, 6.0174 ns/op
WorkloadResult  88: 11973440 op, 101841600.00 ns, 8.5056 ns/op
WorkloadResult  89: 11973440 op, 82826700.00 ns, 6.9175 ns/op
WorkloadResult  90: 11973440 op, 93911400.00 ns, 7.8433 ns/op
WorkloadResult  91: 11973440 op, 91766500.00 ns, 7.6642 ns/op
WorkloadResult  92: 11973440 op, 68095700.00 ns, 5.6872 ns/op
WorkloadResult  93: 11973440 op, 74797600.00 ns, 6.2470 ns/op
WorkloadResult  94: 11973440 op, 74761100.00 ns, 6.2439 ns/op
WorkloadResult  95: 11973440 op, 76587600.00 ns, 6.3965 ns/op
WorkloadResult  96: 11973440 op, 81194700.00 ns, 6.7812 ns/op
WorkloadResult  97: 11973440 op, 114856400.00 ns, 9.5926 ns/op
WorkloadResult  98: 11973440 op, 63506000.00 ns, 5.3039 ns/op
WorkloadResult  99: 11973440 op, 71892500.00 ns, 6.0043 ns/op
WorkloadResult  100: 11973440 op, 99756600.00 ns, 8.3315 ns/op
// GC:  91 0 0 766300160 11973440
// Threading:  0 0 11973440

// AfterAll
// Benchmark Process 16696 has exited with code 0.

Mean = 7.057 ns, StdErr = 0.136 ns (1.93%), N = 100, StdDev = 1.359 ns
Min = 4.947 ns, Q1 = 5.893 ns, Median = 6.768 ns, Q3 = 8.185 ns, Max = 10.663 ns
IQR = 2.292 ns, LowerFence = 2.454 ns, UpperFence = 11.623 ns
ConfidenceInterval = [6.596 ns; 7.518 ns] (CI 99.9%), Margin = 0.461 ns (6.53% of Mean)
Skewness = 0.38, Kurtosis = 2.07, MValue = 3.04

// ** Remained 10 (76.9%) benchmark(s) to run. Estimated finish 2026-02-24 22:12 (0h 1m from now) **
Setup power plan (GUID: 8c5e7fda-e8bf-4a96-9a85-a6e23a8c635c FriendlyName: High performance)
// **************************
// Benchmark: Scenario1.S1_CheckVoidErrorNoMessage_EnumerationsOptions: .NET 10.0(Runtime=.NET 10.0, IterationTime=100ms) [Iterations=2]
// *** Execute ***
// Launch: 1 / 1
// Execute: dotnet Enumerations.Options.Benchmarks-1.dll --anonymousPipes 1664 1660 --benchmarkName "ReillyDigital.Enumerations.Options.Benchmarks.Scenarios.Scenario1.S1_CheckVoidErrorNoMessage_EnumerationsOptions(Iterations: 2)" --job ".NET 10.0" --benchmarkId 3 in D:\x\devs\reilly-digital\dotnet\enumerations.options.benchmarks\bin\Debug\net10.0\Enumerations.Options.Benchmarks-1\bin\Release\net10.0
// BeforeAnythingElse

// Benchmark Process Environment Information:
// BenchmarkDotNet v0.15.8
// Runtime=.NET 10.0.3 (10.0.3, 10.0.326.7603), X64 RyuJIT x86-64-v3
// GC=Concurrent Workstation
// HardwareIntrinsics=AVX2+BMI1+BMI2+F16C+FMA+LZCNT+MOVBE,AVX,SSE3+SSSE3+SSE4.1+SSE4.2+POPCNT,X86Base+SSE+SSE2,AES+PCLMUL VectorSize=256
// Job: .NET 10.0(IterationTime=100ms)

OverheadJitting  1: 1 op, 117100.00 ns, 117.1000 us/op
WorkloadJitting  1: 1 op, 1397100.00 ns, 1.3971 ms/op

OverheadJitting  2: 16 op, 214500.00 ns, 13.4063 us/op
WorkloadJitting  2: 16 op, 300600.00 ns, 18.7875 us/op

WorkloadPilot    1: 16 op, 2600.00 ns, 162.5000 ns/op
WorkloadPilot    2: 615392 op, 32630700.00 ns, 53.0243 ns/op
WorkloadPilot    3: 1885936 op, 77391800.00 ns, 41.0363 ns/op
WorkloadPilot    4: 2436880 op, 93760200.00 ns, 38.4755 ns/op
WorkloadPilot    5: 2599056 op, 34927000.00 ns, 13.4383 ns/op
WorkloadPilot    6: 7441408 op, 57774400.00 ns, 7.7639 ns/op
WorkloadPilot    7: 12880128 op, 89270200.00 ns, 6.9308 ns/op
WorkloadPilot    8: 14428256 op, 110965900.00 ns, 7.6909 ns/op
WorkloadPilot    9: 13002432 op, 98775900.00 ns, 7.5967 ns/op
WorkloadPilot   10: 13163568 op, 107203800.00 ns, 8.1440 ns/op
WorkloadPilot   11: 12279024 op, 87765100.00 ns, 7.1476 ns/op
WorkloadPilot   12: 13990784 op, 99330600.00 ns, 7.0997 ns/op
WorkloadPilot   13: 14085072 op, 103086900.00 ns, 7.3189 ns/op

OverheadWarmup   1: 14085072 op, 35486700.00 ns, 2.5195 ns/op
OverheadWarmup   2: 14085072 op, 34682200.00 ns, 2.4623 ns/op
OverheadWarmup   3: 14085072 op, 34577000.00 ns, 2.4549 ns/op
OverheadWarmup   4: 14085072 op, 34811600.00 ns, 2.4715 ns/op
OverheadWarmup   5: 14085072 op, 35514600.00 ns, 2.5214 ns/op
OverheadWarmup   6: 14085072 op, 35518200.00 ns, 2.5217 ns/op
OverheadWarmup   7: 14085072 op, 35680800.00 ns, 2.5332 ns/op
OverheadWarmup   8: 14085072 op, 36653800.00 ns, 2.6023 ns/op
OverheadWarmup   9: 14085072 op, 36302000.00 ns, 2.5773 ns/op
OverheadWarmup  10: 14085072 op, 23116400.00 ns, 1.6412 ns/op

OverheadActual   1: 14085072 op, 22863700.00 ns, 1.6233 ns/op
OverheadActual   2: 14085072 op, 23248400.00 ns, 1.6506 ns/op
OverheadActual   3: 14085072 op, 22004400.00 ns, 1.5622 ns/op
OverheadActual   4: 14085072 op, 21602100.00 ns, 1.5337 ns/op
OverheadActual   5: 14085072 op, 21695300.00 ns, 1.5403 ns/op
OverheadActual   6: 14085072 op, 21909200.00 ns, 1.5555 ns/op
OverheadActual   7: 14085072 op, 21629100.00 ns, 1.5356 ns/op
OverheadActual   8: 14085072 op, 22167300.00 ns, 1.5738 ns/op
OverheadActual   9: 14085072 op, 21536000.00 ns, 1.5290 ns/op
OverheadActual  10: 14085072 op, 21239300.00 ns, 1.5079 ns/op
OverheadActual  11: 14085072 op, 21114200.00 ns, 1.4990 ns/op
OverheadActual  12: 14085072 op, 21152600.00 ns, 1.5018 ns/op
OverheadActual  13: 14085072 op, 21076600.00 ns, 1.4964 ns/op
OverheadActual  14: 14085072 op, 21108500.00 ns, 1.4986 ns/op
OverheadActual  15: 14085072 op, 21152700.00 ns, 1.5018 ns/op

WorkloadWarmup   1: 14085072 op, 145589400.00 ns, 10.3364 ns/op
WorkloadWarmup   2: 14085072 op, 143762400.00 ns, 10.2067 ns/op
WorkloadWarmup   3: 14085072 op, 142483200.00 ns, 10.1159 ns/op
WorkloadWarmup   4: 14085072 op, 151322700.00 ns, 10.7435 ns/op
WorkloadWarmup   5: 14085072 op, 142861400.00 ns, 10.1428 ns/op
WorkloadWarmup   6: 14085072 op, 146662900.00 ns, 10.4126 ns/op
WorkloadWarmup   7: 14085072 op, 150642500.00 ns, 10.6952 ns/op
WorkloadWarmup   8: 14085072 op, 155040700.00 ns, 11.0074 ns/op
WorkloadWarmup   9: 14085072 op, 140492000.00 ns, 9.9745 ns/op

// BeforeActualRun
WorkloadActual   1: 14085072 op, 101366600.00 ns, 7.1967 ns/op
WorkloadActual   2: 14085072 op, 157966700.00 ns, 11.2152 ns/op
WorkloadActual   3: 14085072 op, 102045500.00 ns, 7.2449 ns/op
WorkloadActual   4: 14085072 op, 118274900.00 ns, 8.3972 ns/op
WorkloadActual   5: 14085072 op, 160336900.00 ns, 11.3835 ns/op
WorkloadActual   6: 14085072 op, 171096900.00 ns, 12.1474 ns/op
WorkloadActual   7: 14085072 op, 102091000.00 ns, 7.2482 ns/op
WorkloadActual   8: 14085072 op, 100020600.00 ns, 7.1012 ns/op
WorkloadActual   9: 14085072 op, 161505000.00 ns, 11.4664 ns/op
WorkloadActual  10: 14085072 op, 171684000.00 ns, 12.1891 ns/op
WorkloadActual  11: 14085072 op, 99503700.00 ns, 7.0645 ns/op
WorkloadActual  12: 14085072 op, 101587700.00 ns, 7.2124 ns/op
WorkloadActual  13: 14085072 op, 119865900.00 ns, 8.5101 ns/op
WorkloadActual  14: 14085072 op, 145383300.00 ns, 10.3218 ns/op
WorkloadActual  15: 14085072 op, 102512800.00 ns, 7.2781 ns/op
WorkloadActual  16: 14085072 op, 98503700.00 ns, 6.9935 ns/op
WorkloadActual  17: 14085072 op, 98802400.00 ns, 7.0147 ns/op
WorkloadActual  18: 14085072 op, 91322400.00 ns, 6.4836 ns/op
WorkloadActual  19: 14085072 op, 134192000.00 ns, 9.5272 ns/op
WorkloadActual  20: 14085072 op, 92915600.00 ns, 6.5967 ns/op
WorkloadActual  21: 14085072 op, 92214500.00 ns, 6.5470 ns/op
WorkloadActual  22: 14085072 op, 138688600.00 ns, 9.8465 ns/op
WorkloadActual  23: 14085072 op, 107618400.00 ns, 7.6406 ns/op
WorkloadActual  24: 14085072 op, 92647500.00 ns, 6.5777 ns/op
WorkloadActual  25: 14085072 op, 136912200.00 ns, 9.7204 ns/op
WorkloadActual  26: 14085072 op, 94718400.00 ns, 6.7247 ns/op
WorkloadActual  27: 14085072 op, 95427400.00 ns, 6.7751 ns/op
WorkloadActual  28: 14085072 op, 151406500.00 ns, 10.7494 ns/op
WorkloadActual  29: 14085072 op, 135956500.00 ns, 9.6525 ns/op
WorkloadActual  30: 14085072 op, 99781700.00 ns, 7.0842 ns/op
WorkloadActual  31: 14085072 op, 133248400.00 ns, 9.4603 ns/op
WorkloadActual  32: 14085072 op, 141089100.00 ns, 10.0169 ns/op
WorkloadActual  33: 14085072 op, 92082100.00 ns, 6.5376 ns/op
WorkloadActual  34: 14085072 op, 138199300.00 ns, 9.8118 ns/op
WorkloadActual  35: 14085072 op, 140755200.00 ns, 9.9932 ns/op
WorkloadActual  36: 14085072 op, 94478800.00 ns, 6.7077 ns/op
WorkloadActual  37: 14085072 op, 142393100.00 ns, 10.1095 ns/op
WorkloadActual  38: 14085072 op, 142027800.00 ns, 10.0836 ns/op
WorkloadActual  39: 14085072 op, 142268700.00 ns, 10.1007 ns/op
WorkloadActual  40: 14085072 op, 138808000.00 ns, 9.8550 ns/op
WorkloadActual  41: 14085072 op, 94492900.00 ns, 6.7087 ns/op
WorkloadActual  42: 14085072 op, 93321300.00 ns, 6.6255 ns/op
WorkloadActual  43: 14085072 op, 143951300.00 ns, 10.2201 ns/op
WorkloadActual  44: 14085072 op, 100409100.00 ns, 7.1288 ns/op
WorkloadActual  45: 14085072 op, 93515500.00 ns, 6.6393 ns/op
WorkloadActual  46: 14085072 op, 131245300.00 ns, 9.3180 ns/op
WorkloadActual  47: 14085072 op, 100947000.00 ns, 7.1669 ns/op
WorkloadActual  48: 14085072 op, 92399400.00 ns, 6.5601 ns/op
WorkloadActual  49: 14085072 op, 139219400.00 ns, 9.8842 ns/op
WorkloadActual  50: 14085072 op, 96259400.00 ns, 6.8341 ns/op
WorkloadActual  51: 14085072 op, 91899800.00 ns, 6.5246 ns/op
WorkloadActual  52: 14085072 op, 141060200.00 ns, 10.0149 ns/op
WorkloadActual  53: 14085072 op, 159420000.00 ns, 11.3184 ns/op
WorkloadActual  54: 14085072 op, 102903200.00 ns, 7.3058 ns/op
WorkloadActual  55: 14085072 op, 139958500.00 ns, 9.9367 ns/op
WorkloadActual  56: 14085072 op, 140806200.00 ns, 9.9968 ns/op
WorkloadActual  57: 14085072 op, 92942100.00 ns, 6.5986 ns/op
WorkloadActual  58: 14085072 op, 138213600.00 ns, 9.8128 ns/op
WorkloadActual  59: 14085072 op, 102694100.00 ns, 7.2910 ns/op
WorkloadActual  60: 14085072 op, 93647800.00 ns, 6.6487 ns/op
WorkloadActual  61: 14085072 op, 138548700.00 ns, 9.8366 ns/op
WorkloadActual  62: 14085072 op, 92058200.00 ns, 6.5359 ns/op
WorkloadActual  63: 14085072 op, 92376800.00 ns, 6.5585 ns/op
WorkloadActual  64: 14085072 op, 137789900.00 ns, 9.7827 ns/op
WorkloadActual  65: 14085072 op, 97804800.00 ns, 6.9439 ns/op
WorkloadActual  66: 14085072 op, 93142900.00 ns, 6.6129 ns/op
WorkloadActual  67: 14085072 op, 137843200.00 ns, 9.7865 ns/op
WorkloadActual  68: 14085072 op, 92755600.00 ns, 6.5854 ns/op
WorkloadActual  69: 14085072 op, 93155700.00 ns, 6.6138 ns/op
WorkloadActual  70: 14085072 op, 136350400.00 ns, 9.6805 ns/op
WorkloadActual  71: 14085072 op, 102796300.00 ns, 7.2982 ns/op
WorkloadActual  72: 14085072 op, 95406300.00 ns, 6.7736 ns/op
WorkloadActual  73: 14085072 op, 143635400.00 ns, 10.1977 ns/op
WorkloadActual  74: 14085072 op, 116102500.00 ns, 8.2429 ns/op
WorkloadActual  75: 14085072 op, 103776700.00 ns, 7.3679 ns/op
WorkloadActual  76: 14085072 op, 149225800.00 ns, 10.5946 ns/op
WorkloadActual  77: 14085072 op, 102317600.00 ns, 7.2643 ns/op
WorkloadActual  78: 14085072 op, 101067500.00 ns, 7.1755 ns/op
WorkloadActual  79: 14085072 op, 121898500.00 ns, 8.6544 ns/op
WorkloadActual  80: 14085072 op, 105043000.00 ns, 7.4578 ns/op
WorkloadActual  81: 14085072 op, 96461400.00 ns, 6.8485 ns/op
WorkloadActual  82: 14085072 op, 135114100.00 ns, 9.5927 ns/op
WorkloadActual  83: 14085072 op, 101194300.00 ns, 7.1845 ns/op
WorkloadActual  84: 14085072 op, 91785000.00 ns, 6.5165 ns/op
WorkloadActual  85: 14085072 op, 137553500.00 ns, 9.7659 ns/op
WorkloadActual  86: 14085072 op, 93940200.00 ns, 6.6695 ns/op
WorkloadActual  87: 14085072 op, 95005300.00 ns, 6.7451 ns/op
WorkloadActual  88: 14085072 op, 147153900.00 ns, 10.4475 ns/op
WorkloadActual  89: 14085072 op, 106115500.00 ns, 7.5339 ns/op
WorkloadActual  90: 14085072 op, 150054100.00 ns, 10.6534 ns/op
WorkloadActual  91: 14085072 op, 137842400.00 ns, 9.7864 ns/op
WorkloadActual  92: 14085072 op, 102623600.00 ns, 7.2860 ns/op
WorkloadActual  93: 14085072 op, 99378200.00 ns, 7.0556 ns/op
WorkloadActual  94: 14085072 op, 134096800.00 ns, 9.5205 ns/op
WorkloadActual  95: 14085072 op, 100539700.00 ns, 7.1380 ns/op
WorkloadActual  96: 14085072 op, 93015500.00 ns, 6.6038 ns/op
WorkloadActual  97: 14085072 op, 140222900.00 ns, 9.9554 ns/op
WorkloadActual  98: 14085072 op, 94932900.00 ns, 6.7400 ns/op
WorkloadActual  99: 14085072 op, 92974800.00 ns, 6.6009 ns/op
WorkloadActual  100: 14085072 op, 139196200.00 ns, 9.8825 ns/op

// AfterActualRun
WorkloadResult   1: 14085072 op, 79764500.00 ns, 5.6631 ns/op
WorkloadResult   2: 14085072 op, 136364600.00 ns, 9.6815 ns/op
WorkloadResult   3: 14085072 op, 80443400.00 ns, 5.7113 ns/op
WorkloadResult   4: 14085072 op, 96672800.00 ns, 6.8635 ns/op
WorkloadResult   5: 14085072 op, 138734800.00 ns, 9.8498 ns/op
WorkloadResult   6: 14085072 op, 149494800.00 ns, 10.6137 ns/op
WorkloadResult   7: 14085072 op, 80488900.00 ns, 5.7145 ns/op
WorkloadResult   8: 14085072 op, 78418500.00 ns, 5.5675 ns/op
WorkloadResult   9: 14085072 op, 139902900.00 ns, 9.9327 ns/op
WorkloadResult  10: 14085072 op, 150081900.00 ns, 10.6554 ns/op
WorkloadResult  11: 14085072 op, 77901600.00 ns, 5.5308 ns/op
WorkloadResult  12: 14085072 op, 79985600.00 ns, 5.6787 ns/op
WorkloadResult  13: 14085072 op, 98263800.00 ns, 6.9764 ns/op
WorkloadResult  14: 14085072 op, 123781200.00 ns, 8.7881 ns/op
WorkloadResult  15: 14085072 op, 80910700.00 ns, 5.7444 ns/op
WorkloadResult  16: 14085072 op, 76901600.00 ns, 5.4598 ns/op
WorkloadResult  17: 14085072 op, 77200300.00 ns, 5.4810 ns/op
WorkloadResult  18: 14085072 op, 69720300.00 ns, 4.9499 ns/op
WorkloadResult  19: 14085072 op, 112589900.00 ns, 7.9936 ns/op
WorkloadResult  20: 14085072 op, 71313500.00 ns, 5.0631 ns/op
WorkloadResult  21: 14085072 op, 70612400.00 ns, 5.0133 ns/op
WorkloadResult  22: 14085072 op, 117086500.00 ns, 8.3128 ns/op
WorkloadResult  23: 14085072 op, 86016300.00 ns, 6.1069 ns/op
WorkloadResult  24: 14085072 op, 71045400.00 ns, 5.0440 ns/op
WorkloadResult  25: 14085072 op, 115310100.00 ns, 8.1867 ns/op
WorkloadResult  26: 14085072 op, 73116300.00 ns, 5.1910 ns/op
WorkloadResult  27: 14085072 op, 73825300.00 ns, 5.2414 ns/op
WorkloadResult  28: 14085072 op, 129804400.00 ns, 9.2157 ns/op
WorkloadResult  29: 14085072 op, 114354400.00 ns, 8.1188 ns/op
WorkloadResult  30: 14085072 op, 78179600.00 ns, 5.5505 ns/op
WorkloadResult  31: 14085072 op, 111646300.00 ns, 7.9266 ns/op
WorkloadResult  32: 14085072 op, 119487000.00 ns, 8.4832 ns/op
WorkloadResult  33: 14085072 op, 70480000.00 ns, 5.0039 ns/op
WorkloadResult  34: 14085072 op, 116597200.00 ns, 8.2781 ns/op
WorkloadResult  35: 14085072 op, 119153100.00 ns, 8.4595 ns/op
WorkloadResult  36: 14085072 op, 72876700.00 ns, 5.1740 ns/op
WorkloadResult  37: 14085072 op, 120791000.00 ns, 8.5758 ns/op
WorkloadResult  38: 14085072 op, 120425700.00 ns, 8.5499 ns/op
WorkloadResult  39: 14085072 op, 120666600.00 ns, 8.5670 ns/op
WorkloadResult  40: 14085072 op, 117205900.00 ns, 8.3213 ns/op
WorkloadResult  41: 14085072 op, 72890800.00 ns, 5.1750 ns/op
WorkloadResult  42: 14085072 op, 71719200.00 ns, 5.0919 ns/op
WorkloadResult  43: 14085072 op, 122349200.00 ns, 8.6864 ns/op
WorkloadResult  44: 14085072 op, 78807000.00 ns, 5.5951 ns/op
WorkloadResult  45: 14085072 op, 71913400.00 ns, 5.1056 ns/op
WorkloadResult  46: 14085072 op, 109643200.00 ns, 7.7844 ns/op
WorkloadResult  47: 14085072 op, 79344900.00 ns, 5.6333 ns/op
WorkloadResult  48: 14085072 op, 70797300.00 ns, 5.0264 ns/op
WorkloadResult  49: 14085072 op, 117617300.00 ns, 8.3505 ns/op
WorkloadResult  50: 14085072 op, 74657300.00 ns, 5.3005 ns/op
WorkloadResult  51: 14085072 op, 70297700.00 ns, 4.9909 ns/op
WorkloadResult  52: 14085072 op, 119458100.00 ns, 8.4812 ns/op
WorkloadResult  53: 14085072 op, 137817900.00 ns, 9.7847 ns/op
WorkloadResult  54: 14085072 op, 81301100.00 ns, 5.7721 ns/op
WorkloadResult  55: 14085072 op, 118356400.00 ns, 8.4030 ns/op
WorkloadResult  56: 14085072 op, 119204100.00 ns, 8.4632 ns/op
WorkloadResult  57: 14085072 op, 71340000.00 ns, 5.0649 ns/op
WorkloadResult  58: 14085072 op, 116611500.00 ns, 8.2791 ns/op
WorkloadResult  59: 14085072 op, 81092000.00 ns, 5.7573 ns/op
WorkloadResult  60: 14085072 op, 72045700.00 ns, 5.1150 ns/op
WorkloadResult  61: 14085072 op, 116946600.00 ns, 8.3029 ns/op
WorkloadResult  62: 14085072 op, 70456100.00 ns, 5.0022 ns/op
WorkloadResult  63: 14085072 op, 70774700.00 ns, 5.0248 ns/op
WorkloadResult  64: 14085072 op, 116187800.00 ns, 8.2490 ns/op
WorkloadResult  65: 14085072 op, 76202700.00 ns, 5.4102 ns/op
WorkloadResult  66: 14085072 op, 71540800.00 ns, 5.0792 ns/op
WorkloadResult  67: 14085072 op, 116241100.00 ns, 8.2528 ns/op
WorkloadResult  68: 14085072 op, 71153500.00 ns, 5.0517 ns/op
WorkloadResult  69: 14085072 op, 71553600.00 ns, 5.0801 ns/op
WorkloadResult  70: 14085072 op, 114748300.00 ns, 8.1468 ns/op
WorkloadResult  71: 14085072 op, 81194200.00 ns, 5.7646 ns/op
WorkloadResult  72: 14085072 op, 73804200.00 ns, 5.2399 ns/op
WorkloadResult  73: 14085072 op, 122033300.00 ns, 8.6640 ns/op
WorkloadResult  74: 14085072 op, 94500400.00 ns, 6.7093 ns/op
WorkloadResult  75: 14085072 op, 82174600.00 ns, 5.8342 ns/op
WorkloadResult  76: 14085072 op, 127623700.00 ns, 9.0609 ns/op
WorkloadResult  77: 14085072 op, 80715500.00 ns, 5.7306 ns/op
WorkloadResult  78: 14085072 op, 79465400.00 ns, 5.6418 ns/op
WorkloadResult  79: 14085072 op, 100296400.00 ns, 7.1208 ns/op
WorkloadResult  80: 14085072 op, 83440900.00 ns, 5.9241 ns/op
WorkloadResult  81: 14085072 op, 74859300.00 ns, 5.3148 ns/op
WorkloadResult  82: 14085072 op, 113512000.00 ns, 8.0590 ns/op
WorkloadResult  83: 14085072 op, 79592200.00 ns, 5.6508 ns/op
WorkloadResult  84: 14085072 op, 70182900.00 ns, 4.9828 ns/op
WorkloadResult  85: 14085072 op, 115951400.00 ns, 8.2322 ns/op
WorkloadResult  86: 14085072 op, 72338100.00 ns, 5.1358 ns/op
WorkloadResult  87: 14085072 op, 73403200.00 ns, 5.2114 ns/op
WorkloadResult  88: 14085072 op, 125551800.00 ns, 8.9138 ns/op
WorkloadResult  89: 14085072 op, 84513400.00 ns, 6.0002 ns/op
WorkloadResult  90: 14085072 op, 128452000.00 ns, 9.1197 ns/op
WorkloadResult  91: 14085072 op, 116240300.00 ns, 8.2527 ns/op
WorkloadResult  92: 14085072 op, 81021500.00 ns, 5.7523 ns/op
WorkloadResult  93: 14085072 op, 77776100.00 ns, 5.5219 ns/op
WorkloadResult  94: 14085072 op, 112494700.00 ns, 7.9868 ns/op
WorkloadResult  95: 14085072 op, 78937600.00 ns, 5.6043 ns/op
WorkloadResult  96: 14085072 op, 71413400.00 ns, 5.0701 ns/op
WorkloadResult  97: 14085072 op, 118620800.00 ns, 8.4217 ns/op
WorkloadResult  98: 14085072 op, 73330800.00 ns, 5.2063 ns/op
WorkloadResult  99: 14085072 op, 71372700.00 ns, 5.0673 ns/op
WorkloadResult  100: 14085072 op, 117594100.00 ns, 8.3488 ns/op
// GC:  107 0 0 901444608 14085072
// Threading:  0 0 14085072

// AfterAll
// Benchmark Process 5344 has exited with code 0.

Mean = 6.782 ns, StdErr = 0.167 ns (2.46%), N = 100, StdDev = 1.671 ns
Min = 4.950 ns, Q1 = 5.233 ns, Median = 5.768 ns, Q3 = 8.315 ns, Max = 10.655 ns
IQR = 3.082 ns, LowerFence = 0.610 ns, UpperFence = 12.938 ns
ConfidenceInterval = [6.216 ns; 7.349 ns] (CI 99.9%), Margin = 0.567 ns (8.36% of Mean)
Skewness = 0.47, Kurtosis = 1.75, MValue = 3.14

// ** Remained 9 (69.2%) benchmark(s) to run. Estimated finish 2026-02-24 22:12 (0h 1m from now) **
Setup power plan (GUID: 8c5e7fda-e8bf-4a96-9a85-a6e23a8c635c FriendlyName: High performance)
// **************************
// Benchmark: Scenario1.S1_CheckVoidErrorWithMessage_EnumerationsOptions: .NET 10.0(Runtime=.NET 10.0, IterationTime=100ms) [Iterations=2]
// *** Execute ***
// Launch: 1 / 1
// Execute: dotnet Enumerations.Options.Benchmarks-1.dll --anonymousPipes 1660 1712 --benchmarkName "ReillyDigital.Enumerations.Options.Benchmarks.Scenarios.Scenario1.S1_CheckVoidErrorWithMessage_EnumerationsOptions(Iterations: 2)" --job ".NET 10.0" --benchmarkId 4 in D:\x\devs\reilly-digital\dotnet\enumerations.options.benchmarks\bin\Debug\net10.0\Enumerations.Options.Benchmarks-1\bin\Release\net10.0
// BeforeAnythingElse

// Benchmark Process Environment Information:
// BenchmarkDotNet v0.15.8
// Runtime=.NET 10.0.3 (10.0.3, 10.0.326.7603), X64 RyuJIT x86-64-v3
// GC=Concurrent Workstation
// HardwareIntrinsics=AVX2+BMI1+BMI2+F16C+FMA+LZCNT+MOVBE,AVX,SSE3+SSSE3+SSE4.1+SSE4.2+POPCNT,X86Base+SSE+SSE2,AES+PCLMUL VectorSize=256
// Job: .NET 10.0(IterationTime=100ms)

OverheadJitting  1: 1 op, 110200.00 ns, 110.2000 us/op
WorkloadJitting  1: 1 op, 2093200.00 ns, 2.0932 ms/op

OverheadJitting  2: 16 op, 156600.00 ns, 9.7875 us/op
WorkloadJitting  2: 16 op, 146300.00 ns, 9.1438 us/op

WorkloadPilot    1: 16 op, 3300.00 ns, 206.2500 ns/op
WorkloadPilot    2: 484848 op, 48596000.00 ns, 100.2294 ns/op
WorkloadPilot    3: 997712 op, 72357800.00 ns, 72.5237 ns/op
WorkloadPilot    4: 1378864 op, 21674100.00 ns, 15.7188 ns/op
WorkloadPilot    5: 6361808 op, 91278100.00 ns, 14.3478 ns/op
WorkloadPilot    6: 6969712 op, 97174600.00 ns, 13.9424 ns/op
WorkloadPilot    7: 7172368 op, 99942500.00 ns, 13.9344 ns/op
WorkloadPilot    8: 7176496 op, 108585800.00 ns, 15.1308 ns/op
WorkloadPilot    9: 6609056 op, 106498200.00 ns, 16.1140 ns/op
WorkloadPilot   10: 6205792 op, 92280600.00 ns, 14.8701 ns/op
WorkloadPilot   11: 6724928 op, 99814900.00 ns, 14.8425 ns/op
WorkloadPilot   12: 6737408 op, 98038700.00 ns, 14.5514 ns/op
WorkloadPilot   13: 6872192 op, 98901800.00 ns, 14.3916 ns/op
WorkloadPilot   14: 6948512 op, 100391900.00 ns, 14.4480 ns/op

OverheadWarmup   1: 6948512 op, 17952300.00 ns, 2.5836 ns/op
OverheadWarmup   2: 6948512 op, 17954300.00 ns, 2.5839 ns/op
OverheadWarmup   3: 6948512 op, 18193100.00 ns, 2.6183 ns/op
OverheadWarmup   4: 6948512 op, 17717400.00 ns, 2.5498 ns/op
OverheadWarmup   5: 6948512 op, 18001200.00 ns, 2.5907 ns/op
OverheadWarmup   6: 6948512 op, 18266000.00 ns, 2.6288 ns/op
OverheadWarmup   7: 6948512 op, 17215100.00 ns, 2.4775 ns/op

OverheadActual   1: 6948512 op, 17133600.00 ns, 2.4658 ns/op
OverheadActual   2: 6948512 op, 17712100.00 ns, 2.5490 ns/op
OverheadActual   3: 6948512 op, 19725400.00 ns, 2.8388 ns/op
OverheadActual   4: 6948512 op, 20799100.00 ns, 2.9933 ns/op
OverheadActual   5: 6948512 op, 18002600.00 ns, 2.5909 ns/op
OverheadActual   6: 6948512 op, 17954700.00 ns, 2.5840 ns/op
OverheadActual   7: 6948512 op, 18017900.00 ns, 2.5931 ns/op
OverheadActual   8: 6948512 op, 17228900.00 ns, 2.4795 ns/op
OverheadActual   9: 6948512 op, 17081000.00 ns, 2.4582 ns/op
OverheadActual  10: 6948512 op, 17204800.00 ns, 2.4760 ns/op
OverheadActual  11: 6948512 op, 17264600.00 ns, 2.4846 ns/op
OverheadActual  12: 6948512 op, 17122300.00 ns, 2.4642 ns/op
OverheadActual  13: 6948512 op, 17152800.00 ns, 2.4686 ns/op
OverheadActual  14: 6948512 op, 17138500.00 ns, 2.4665 ns/op
OverheadActual  15: 6948512 op, 17188600.00 ns, 2.4737 ns/op

WorkloadWarmup   1: 6948512 op, 99779400.00 ns, 14.3598 ns/op
WorkloadWarmup   2: 6948512 op, 100948400.00 ns, 14.5281 ns/op
WorkloadWarmup   3: 6948512 op, 96202200.00 ns, 13.8450 ns/op
WorkloadWarmup   4: 6948512 op, 95921800.00 ns, 13.8047 ns/op
WorkloadWarmup   5: 6948512 op, 96059800.00 ns, 13.8245 ns/op
WorkloadWarmup   6: 6948512 op, 97596400.00 ns, 14.0457 ns/op
WorkloadWarmup   7: 6948512 op, 97614000.00 ns, 14.0482 ns/op
WorkloadWarmup   8: 6948512 op, 95050800.00 ns, 13.6793 ns/op

// BeforeActualRun
WorkloadActual   1: 6948512 op, 98498200.00 ns, 14.1754 ns/op
WorkloadActual   2: 6948512 op, 105993400.00 ns, 15.2541 ns/op
WorkloadActual   3: 6948512 op, 112493800.00 ns, 16.1896 ns/op
WorkloadActual   4: 6948512 op, 117552900.00 ns, 16.9177 ns/op
WorkloadActual   5: 6948512 op, 114266800.00 ns, 16.4448 ns/op
WorkloadActual   6: 6948512 op, 110869100.00 ns, 15.9558 ns/op
WorkloadActual   7: 6948512 op, 105460500.00 ns, 15.1774 ns/op
WorkloadActual   8: 6948512 op, 104584100.00 ns, 15.0513 ns/op
WorkloadActual   9: 6948512 op, 129469700.00 ns, 18.6327 ns/op
WorkloadActual  10: 6948512 op, 121305500.00 ns, 17.4578 ns/op
WorkloadActual  11: 6948512 op, 102020000.00 ns, 14.6823 ns/op
WorkloadActual  12: 6948512 op, 112012100.00 ns, 16.1203 ns/op
WorkloadActual  13: 6948512 op, 113585300.00 ns, 16.3467 ns/op
WorkloadActual  14: 6948512 op, 112788100.00 ns, 16.2320 ns/op
WorkloadActual  15: 6948512 op, 103750400.00 ns, 14.9313 ns/op
WorkloadActual  16: 6948512 op, 104475200.00 ns, 15.0356 ns/op
WorkloadActual  17: 6948512 op, 104971300.00 ns, 15.1070 ns/op
WorkloadActual  18: 6948512 op, 98469700.00 ns, 14.1713 ns/op
WorkloadActual  19: 6948512 op, 97533900.00 ns, 14.0367 ns/op
WorkloadActual  20: 6948512 op, 98776700.00 ns, 14.2155 ns/op
WorkloadActual  21: 6948512 op, 98216800.00 ns, 14.1349 ns/op
WorkloadActual  22: 6948512 op, 101367900.00 ns, 14.5884 ns/op
WorkloadActual  23: 6948512 op, 99566300.00 ns, 14.3292 ns/op
WorkloadActual  24: 6948512 op, 114637500.00 ns, 16.4981 ns/op
WorkloadActual  25: 6948512 op, 97795700.00 ns, 14.0743 ns/op
WorkloadActual  26: 6948512 op, 101908400.00 ns, 14.6662 ns/op
WorkloadActual  27: 6948512 op, 105666100.00 ns, 15.2070 ns/op
WorkloadActual  28: 6948512 op, 104081200.00 ns, 14.9789 ns/op
WorkloadActual  29: 6948512 op, 98322400.00 ns, 14.1501 ns/op
WorkloadActual  30: 6948512 op, 103643000.00 ns, 14.9159 ns/op
WorkloadActual  31: 6948512 op, 98500100.00 ns, 14.1757 ns/op
WorkloadActual  32: 6948512 op, 97332200.00 ns, 14.0076 ns/op
WorkloadActual  33: 6948512 op, 97096000.00 ns, 13.9736 ns/op
WorkloadActual  34: 6948512 op, 98680300.00 ns, 14.2016 ns/op
WorkloadActual  35: 6948512 op, 103024800.00 ns, 14.8269 ns/op
WorkloadActual  36: 6948512 op, 98112000.00 ns, 14.1199 ns/op
WorkloadActual  37: 6948512 op, 95696500.00 ns, 13.7722 ns/op
WorkloadActual  38: 6948512 op, 100220900.00 ns, 14.4234 ns/op
WorkloadActual  39: 6948512 op, 103122600.00 ns, 14.8410 ns/op
WorkloadActual  40: 6948512 op, 100250200.00 ns, 14.4276 ns/op
WorkloadActual  41: 6948512 op, 96445600.00 ns, 13.8800 ns/op
WorkloadActual  42: 6948512 op, 100059800.00 ns, 14.4002 ns/op
WorkloadActual  43: 6948512 op, 97122900.00 ns, 13.9775 ns/op
WorkloadActual  44: 6948512 op, 96438700.00 ns, 13.8790 ns/op
WorkloadActual  45: 6948512 op, 96975300.00 ns, 13.9563 ns/op
WorkloadActual  46: 6948512 op, 102421700.00 ns, 14.7401 ns/op
WorkloadActual  47: 6948512 op, 104060700.00 ns, 14.9760 ns/op
WorkloadActual  48: 6948512 op, 102742900.00 ns, 14.7863 ns/op
WorkloadActual  49: 6948512 op, 98835700.00 ns, 14.2240 ns/op
WorkloadActual  50: 6948512 op, 98048500.00 ns, 14.1107 ns/op
WorkloadActual  51: 6948512 op, 96784700.00 ns, 13.9288 ns/op
WorkloadActual  52: 6948512 op, 100278400.00 ns, 14.4316 ns/op
WorkloadActual  53: 6948512 op, 97512100.00 ns, 14.0335 ns/op
WorkloadActual  54: 6948512 op, 97082900.00 ns, 13.9718 ns/op
WorkloadActual  55: 6948512 op, 101489500.00 ns, 14.6059 ns/op
WorkloadActual  56: 6948512 op, 100090400.00 ns, 14.4046 ns/op
WorkloadActual  57: 6948512 op, 101091100.00 ns, 14.5486 ns/op
WorkloadActual  58: 6948512 op, 108397000.00 ns, 15.6000 ns/op
WorkloadActual  59: 6948512 op, 110062100.00 ns, 15.8397 ns/op
WorkloadActual  60: 6948512 op, 102857500.00 ns, 14.8028 ns/op
WorkloadActual  61: 6948512 op, 109508200.00 ns, 15.7599 ns/op
WorkloadActual  62: 6948512 op, 105283000.00 ns, 15.1519 ns/op
WorkloadActual  63: 6948512 op, 109981600.00 ns, 15.8281 ns/op
WorkloadActual  64: 6948512 op, 153720000.00 ns, 22.1227 ns/op
WorkloadActual  65: 6948512 op, 127017000.00 ns, 18.2797 ns/op
WorkloadActual  66: 6948512 op, 108425200.00 ns, 15.6041 ns/op
WorkloadActual  67: 6948512 op, 112710100.00 ns, 16.2208 ns/op
WorkloadActual  68: 6948512 op, 108402500.00 ns, 15.6008 ns/op
WorkloadActual  69: 6948512 op, 106867200.00 ns, 15.3799 ns/op
WorkloadActual  70: 6948512 op, 100736900.00 ns, 14.4976 ns/op
WorkloadActual  71: 6948512 op, 104582000.00 ns, 15.0510 ns/op
WorkloadActual  72: 6948512 op, 100266400.00 ns, 14.4299 ns/op
WorkloadActual  73: 6948512 op, 101055800.00 ns, 14.5435 ns/op
WorkloadActual  74: 6948512 op, 101997800.00 ns, 14.6791 ns/op
WorkloadActual  75: 6948512 op, 97294000.00 ns, 14.0021 ns/op
WorkloadActual  76: 6948512 op, 98587400.00 ns, 14.1883 ns/op
WorkloadActual  77: 6948512 op, 99926300.00 ns, 14.3810 ns/op
WorkloadActual  78: 6948512 op, 98192500.00 ns, 14.1314 ns/op
WorkloadActual  79: 6948512 op, 97269200.00 ns, 13.9986 ns/op
WorkloadActual  80: 6948512 op, 97381500.00 ns, 14.0147 ns/op
WorkloadActual  81: 6948512 op, 95971100.00 ns, 13.8117 ns/op
WorkloadActual  82: 6948512 op, 97637600.00 ns, 14.0516 ns/op
WorkloadActual  83: 6948512 op, 99616400.00 ns, 14.3364 ns/op

// AfterActualRun
WorkloadResult   1: 6948512 op, 81269300.00 ns, 11.6959 ns/op
WorkloadResult   2: 6948512 op, 88764500.00 ns, 12.7746 ns/op
WorkloadResult   3: 6948512 op, 95264900.00 ns, 13.7101 ns/op
WorkloadResult   4: 6948512 op, 97037900.00 ns, 13.9653 ns/op
WorkloadResult   5: 6948512 op, 93640200.00 ns, 13.4763 ns/op
WorkloadResult   6: 6948512 op, 88231600.00 ns, 12.6979 ns/op
WorkloadResult   7: 6948512 op, 87355200.00 ns, 12.5718 ns/op
WorkloadResult   8: 6948512 op, 84791100.00 ns, 12.2028 ns/op
WorkloadResult   9: 6948512 op, 94783200.00 ns, 13.6408 ns/op
WorkloadResult  10: 6948512 op, 96356400.00 ns, 13.8672 ns/op
WorkloadResult  11: 6948512 op, 95559200.00 ns, 13.7525 ns/op
WorkloadResult  12: 6948512 op, 86521500.00 ns, 12.4518 ns/op
WorkloadResult  13: 6948512 op, 87246300.00 ns, 12.5561 ns/op
WorkloadResult  14: 6948512 op, 87742400.00 ns, 12.6275 ns/op
WorkloadResult  15: 6948512 op, 81240800.00 ns, 11.6918 ns/op
WorkloadResult  16: 6948512 op, 80305000.00 ns, 11.5572 ns/op
WorkloadResult  17: 6948512 op, 81547800.00 ns, 11.7360 ns/op
WorkloadResult  18: 6948512 op, 80987900.00 ns, 11.6554 ns/op
WorkloadResult  19: 6948512 op, 84139000.00 ns, 12.1089 ns/op
WorkloadResult  20: 6948512 op, 82337400.00 ns, 11.8496 ns/op
WorkloadResult  21: 6948512 op, 97408600.00 ns, 14.0186 ns/op
WorkloadResult  22: 6948512 op, 80566800.00 ns, 11.5948 ns/op
WorkloadResult  23: 6948512 op, 84679500.00 ns, 12.1867 ns/op
WorkloadResult  24: 6948512 op, 88437200.00 ns, 12.7275 ns/op
WorkloadResult  25: 6948512 op, 86852300.00 ns, 12.4994 ns/op
WorkloadResult  26: 6948512 op, 81093500.00 ns, 11.6706 ns/op
WorkloadResult  27: 6948512 op, 86414100.00 ns, 12.4363 ns/op
WorkloadResult  28: 6948512 op, 81271200.00 ns, 11.6962 ns/op
WorkloadResult  29: 6948512 op, 80103300.00 ns, 11.5281 ns/op
WorkloadResult  30: 6948512 op, 79867100.00 ns, 11.4941 ns/op
WorkloadResult  31: 6948512 op, 81451400.00 ns, 11.7221 ns/op
WorkloadResult  32: 6948512 op, 85795900.00 ns, 12.3474 ns/op
WorkloadResult  33: 6948512 op, 80883100.00 ns, 11.6403 ns/op
WorkloadResult  34: 6948512 op, 78467600.00 ns, 11.2927 ns/op
WorkloadResult  35: 6948512 op, 82992000.00 ns, 11.9439 ns/op
WorkloadResult  36: 6948512 op, 85893700.00 ns, 12.3615 ns/op
WorkloadResult  37: 6948512 op, 83021300.00 ns, 11.9481 ns/op
WorkloadResult  38: 6948512 op, 79216700.00 ns, 11.4005 ns/op
WorkloadResult  39: 6948512 op, 82830900.00 ns, 11.9207 ns/op
WorkloadResult  40: 6948512 op, 79894000.00 ns, 11.4980 ns/op
WorkloadResult  41: 6948512 op, 79209800.00 ns, 11.3995 ns/op
WorkloadResult  42: 6948512 op, 79746400.00 ns, 11.4768 ns/op
WorkloadResult  43: 6948512 op, 85192800.00 ns, 12.2606 ns/op
WorkloadResult  44: 6948512 op, 86831800.00 ns, 12.4965 ns/op
WorkloadResult  45: 6948512 op, 85514000.00 ns, 12.3068 ns/op
WorkloadResult  46: 6948512 op, 81606800.00 ns, 11.7445 ns/op
WorkloadResult  47: 6948512 op, 80819600.00 ns, 11.6312 ns/op
WorkloadResult  48: 6948512 op, 79555800.00 ns, 11.4493 ns/op
WorkloadResult  49: 6948512 op, 83049500.00 ns, 11.9521 ns/op
WorkloadResult  50: 6948512 op, 80283200.00 ns, 11.5540 ns/op
WorkloadResult  51: 6948512 op, 79854000.00 ns, 11.4922 ns/op
WorkloadResult  52: 6948512 op, 84260600.00 ns, 12.1264 ns/op
WorkloadResult  53: 6948512 op, 82861500.00 ns, 11.9251 ns/op
WorkloadResult  54: 6948512 op, 83862200.00 ns, 12.0691 ns/op
WorkloadResult  55: 6948512 op, 91168100.00 ns, 13.1205 ns/op
WorkloadResult  56: 6948512 op, 92833200.00 ns, 13.3602 ns/op
WorkloadResult  57: 6948512 op, 85628600.00 ns, 12.3233 ns/op
WorkloadResult  58: 6948512 op, 92279300.00 ns, 13.2804 ns/op
WorkloadResult  59: 6948512 op, 88054100.00 ns, 12.6724 ns/op
WorkloadResult  60: 6948512 op, 92752700.00 ns, 13.3486 ns/op
WorkloadResult  61: 6948512 op, 91196300.00 ns, 13.1246 ns/op
WorkloadResult  62: 6948512 op, 95481200.00 ns, 13.7412 ns/op
WorkloadResult  63: 6948512 op, 91173600.00 ns, 13.1213 ns/op
WorkloadResult  64: 6948512 op, 89638300.00 ns, 12.9004 ns/op
WorkloadResult  65: 6948512 op, 83508000.00 ns, 12.0181 ns/op
WorkloadResult  66: 6948512 op, 87353100.00 ns, 12.5715 ns/op
WorkloadResult  67: 6948512 op, 83037500.00 ns, 11.9504 ns/op
WorkloadResult  68: 6948512 op, 83826900.00 ns, 12.0640 ns/op
WorkloadResult  69: 6948512 op, 84768900.00 ns, 12.1996 ns/op
WorkloadResult  70: 6948512 op, 80065100.00 ns, 11.5226 ns/op
WorkloadResult  71: 6948512 op, 81358500.00 ns, 11.7088 ns/op
WorkloadResult  72: 6948512 op, 82697400.00 ns, 11.9015 ns/op
WorkloadResult  73: 6948512 op, 80963600.00 ns, 11.6519 ns/op
WorkloadResult  74: 6948512 op, 80040300.00 ns, 11.5191 ns/op
WorkloadResult  75: 6948512 op, 80152600.00 ns, 11.5352 ns/op
WorkloadResult  76: 6948512 op, 78742200.00 ns, 11.3322 ns/op
WorkloadResult  77: 6948512 op, 80408700.00 ns, 11.5721 ns/op
WorkloadResult  78: 6948512 op, 82387500.00 ns, 11.8569 ns/op
// GC:  53 0 0 444704768 6948512
// Threading:  0 0 6948512

// AfterAll
// Benchmark Process 4924 has exited with code 0.

Mean = 12.241 ns, StdErr = 0.083 ns (0.68%), N = 78, StdDev = 0.735 ns
Min = 11.293 ns, Q1 = 11.653 ns, Median = 12.041 ns, Q3 = 12.614 ns, Max = 14.019 ns
IQR = 0.961 ns, LowerFence = 10.212 ns, UpperFence = 14.055 ns
ConfidenceInterval = [11.956 ns; 12.526 ns] (CI 99.9%), Margin = 0.285 ns (2.33% of Mean)
Skewness = 0.86, Kurtosis = 2.67, MValue = 2

// ** Remained 8 (61.5%) benchmark(s) to run. Estimated finish 2026-02-24 22:12 (0h 1m from now) **
Setup power plan (GUID: 8c5e7fda-e8bf-4a96-9a85-a6e23a8c635c FriendlyName: High performance)
// **************************
// Benchmark: Scenario1.S1_CheckVoidSuccess_EnumerationsOptions: .NET 10.0(Runtime=.NET 10.0, IterationTime=100ms) [Iterations=2]
// *** Execute ***
// Launch: 1 / 1
// Execute: dotnet Enumerations.Options.Benchmarks-1.dll --anonymousPipes 1720 1664 --benchmarkName "ReillyDigital.Enumerations.Options.Benchmarks.Scenarios.Scenario1.S1_CheckVoidSuccess_EnumerationsOptions(Iterations: 2)" --job ".NET 10.0" --benchmarkId 5 in D:\x\devs\reilly-digital\dotnet\enumerations.options.benchmarks\bin\Debug\net10.0\Enumerations.Options.Benchmarks-1\bin\Release\net10.0
// BeforeAnythingElse

// Benchmark Process Environment Information:
// BenchmarkDotNet v0.15.8
// Runtime=.NET 10.0.3 (10.0.3, 10.0.326.7603), X64 RyuJIT x86-64-v3
// GC=Concurrent Workstation
// HardwareIntrinsics=AVX2+BMI1+BMI2+F16C+FMA+LZCNT+MOVBE,AVX,SSE3+SSSE3+SSE4.1+SSE4.2+POPCNT,X86Base+SSE+SSE2,AES+PCLMUL VectorSize=256
// Job: .NET 10.0(IterationTime=100ms)

OverheadJitting  1: 1 op, 104600.00 ns, 104.6000 us/op
WorkloadJitting  1: 1 op, 1127600.00 ns, 1.1276 ms/op

OverheadJitting  2: 16 op, 168100.00 ns, 10.5063 us/op
WorkloadJitting  2: 16 op, 149500.00 ns, 9.3438 us/op

WorkloadPilot    1: 16 op, 900.00 ns, 56.2500 ns/op
WorkloadPilot    2: 1777792 op, 40466500.00 ns, 22.7622 ns/op
WorkloadPilot    3: 4393248 op, 74243100.00 ns, 16.8994 ns/op
WorkloadPilot    4: 5917392 op, 10273100.00 ns, 1.7361 ns/op
WorkloadPilot    5: 57600848 op, 100013900.00 ns, 1.7363 ns/op
WorkloadPilot    6: 57592848 op, 100315000.00 ns, 1.7418 ns/op
WorkloadPilot    7: 57412000 op, 99182000.00 ns, 1.7275 ns/op
WorkloadPilot    8: 57885504 op, 99845100.00 ns, 1.7249 ns/op
WorkloadPilot    9: 57975312 op, 100205800.00 ns, 1.7284 ns/op

OverheadWarmup   1: 57975312 op, 142148500.00 ns, 2.4519 ns/op
OverheadWarmup   2: 57975312 op, 112900600.00 ns, 1.9474 ns/op
OverheadWarmup   3: 57975312 op, 87415900.00 ns, 1.5078 ns/op
OverheadWarmup   4: 57975312 op, 87769300.00 ns, 1.5139 ns/op
OverheadWarmup   5: 57975312 op, 87441100.00 ns, 1.5082 ns/op
OverheadWarmup   6: 57975312 op, 87191200.00 ns, 1.5039 ns/op
OverheadWarmup   7: 57975312 op, 87277100.00 ns, 1.5054 ns/op
OverheadWarmup   8: 57975312 op, 87684400.00 ns, 1.5124 ns/op
OverheadWarmup   9: 57975312 op, 87385200.00 ns, 1.5073 ns/op

OverheadActual   1: 57975312 op, 87366900.00 ns, 1.5070 ns/op
OverheadActual   2: 57975312 op, 87271400.00 ns, 1.5053 ns/op
OverheadActual   3: 57975312 op, 87386500.00 ns, 1.5073 ns/op
OverheadActual   4: 57975312 op, 87440100.00 ns, 1.5082 ns/op
OverheadActual   5: 57975312 op, 87264000.00 ns, 1.5052 ns/op
OverheadActual   6: 57975312 op, 87345400.00 ns, 1.5066 ns/op
OverheadActual   7: 57975312 op, 87586100.00 ns, 1.5107 ns/op
OverheadActual   8: 57975312 op, 86213600.00 ns, 1.4871 ns/op
OverheadActual   9: 57975312 op, 86120500.00 ns, 1.4855 ns/op
OverheadActual  10: 57975312 op, 86065200.00 ns, 1.4845 ns/op
OverheadActual  11: 57975312 op, 86167600.00 ns, 1.4863 ns/op
OverheadActual  12: 57975312 op, 86858600.00 ns, 1.4982 ns/op
OverheadActual  13: 57975312 op, 86780800.00 ns, 1.4969 ns/op
OverheadActual  14: 57975312 op, 87519100.00 ns, 1.5096 ns/op
OverheadActual  15: 57975312 op, 87393300.00 ns, 1.5074 ns/op

WorkloadWarmup   1: 57975312 op, 101441700.00 ns, 1.7497 ns/op
WorkloadWarmup   2: 57975312 op, 115828000.00 ns, 1.9979 ns/op
WorkloadWarmup   3: 57975312 op, 101716600.00 ns, 1.7545 ns/op
WorkloadWarmup   4: 57975312 op, 101836800.00 ns, 1.7566 ns/op
WorkloadWarmup   5: 57975312 op, 101638300.00 ns, 1.7531 ns/op
WorkloadWarmup   6: 57975312 op, 102030000.00 ns, 1.7599 ns/op

// BeforeActualRun
WorkloadActual   1: 57975312 op, 100612000.00 ns, 1.7354 ns/op
WorkloadActual   2: 57975312 op, 101109300.00 ns, 1.7440 ns/op
WorkloadActual   3: 57975312 op, 100799800.00 ns, 1.7387 ns/op
WorkloadActual   4: 57975312 op, 100389800.00 ns, 1.7316 ns/op
WorkloadActual   5: 57975312 op, 101789900.00 ns, 1.7557 ns/op
WorkloadActual   6: 57975312 op, 100612100.00 ns, 1.7354 ns/op
WorkloadActual   7: 57975312 op, 100384800.00 ns, 1.7315 ns/op
WorkloadActual   8: 57975312 op, 100691400.00 ns, 1.7368 ns/op
WorkloadActual   9: 57975312 op, 103360500.00 ns, 1.7828 ns/op
WorkloadActual  10: 57975312 op, 108293000.00 ns, 1.8679 ns/op
WorkloadActual  11: 57975312 op, 103773400.00 ns, 1.7900 ns/op
WorkloadActual  12: 57975312 op, 101623200.00 ns, 1.7529 ns/op
WorkloadActual  13: 57975312 op, 102599300.00 ns, 1.7697 ns/op
WorkloadActual  14: 57975312 op, 101854200.00 ns, 1.7569 ns/op
WorkloadActual  15: 57975312 op, 102656700.00 ns, 1.7707 ns/op

// AfterActualRun
WorkloadResult   1: 57975312 op, 13340600.00 ns, 0.2301 ns/op
WorkloadResult   2: 57975312 op, 13837900.00 ns, 0.2387 ns/op
WorkloadResult   3: 57975312 op, 13528400.00 ns, 0.2333 ns/op
WorkloadResult   4: 57975312 op, 13118400.00 ns, 0.2263 ns/op
WorkloadResult   5: 57975312 op, 14518500.00 ns, 0.2504 ns/op
WorkloadResult   6: 57975312 op, 13340700.00 ns, 0.2301 ns/op
WorkloadResult   7: 57975312 op, 13113400.00 ns, 0.2262 ns/op
WorkloadResult   8: 57975312 op, 13420000.00 ns, 0.2315 ns/op
WorkloadResult   9: 57975312 op, 16089100.00 ns, 0.2775 ns/op
WorkloadResult  10: 57975312 op, 16502000.00 ns, 0.2846 ns/op
WorkloadResult  11: 57975312 op, 14351800.00 ns, 0.2476 ns/op
WorkloadResult  12: 57975312 op, 15327900.00 ns, 0.2644 ns/op
WorkloadResult  13: 57975312 op, 14582800.00 ns, 0.2515 ns/op
WorkloadResult  14: 57975312 op, 15385300.00 ns, 0.2654 ns/op
// GC:  0 0 0 0 57975312
// Threading:  0 0 57975312

// AfterAll
// Benchmark Process 14064 has exited with code 0.

Mean = 0.247 ns, StdErr = 0.005 ns (2.11%), N = 14, StdDev = 0.020 ns
Min = 0.226 ns, Q1 = 0.230 ns, Median = 0.243 ns, Q3 = 0.261 ns, Max = 0.285 ns
IQR = 0.031 ns, LowerFence = 0.184 ns, UpperFence = 0.307 ns
ConfidenceInterval = [0.225 ns; 0.269 ns] (CI 99.9%), Margin = 0.022 ns (8.91% of Mean)
Skewness = 0.57, Kurtosis = 1.83, MValue = 2

// ** Remained 7 (53.8%) benchmark(s) to run. Estimated finish 2026-02-24 22:12 (0h 1m from now) **
Setup power plan (GUID: 8c5e7fda-e8bf-4a96-9a85-a6e23a8c635c FriendlyName: High performance)
// **************************
// Benchmark: Scenario1.S1_ReturnOptionStringErrorNoMessage_EnumerationsOptions: .NET 10.0(Runtime=.NET 10.0, IterationTime=100ms) [Iterations=2]
// *** Execute ***
// Launch: 1 / 1
// Execute: dotnet Enumerations.Options.Benchmarks-1.dll --anonymousPipes 1660 1736 --benchmarkName "ReillyDigital.Enumerations.Options.Benchmarks.Scenarios.Scenario1.S1_ReturnOptionStringErrorNoMessage_EnumerationsOptions(Iterations: 2)" --job ".NET 10.0" --benchmarkId 6 in D:\x\devs\reilly-digital\dotnet\enumerations.options.benchmarks\bin\Debug\net10.0\Enumerations.Options.Benchmarks-1\bin\Release\net10.0
// BeforeAnythingElse

// Benchmark Process Environment Information:
// BenchmarkDotNet v0.15.8
// Runtime=.NET 10.0.3 (10.0.3, 10.0.326.7603), X64 RyuJIT x86-64-v3
// GC=Concurrent Workstation
// HardwareIntrinsics=AVX2+BMI1+BMI2+F16C+FMA+LZCNT+MOVBE,AVX,SSE3+SSSE3+SSE4.1+SSE4.2+POPCNT,X86Base+SSE+SSE2,AES+PCLMUL VectorSize=256
// Job: .NET 10.0(IterationTime=100ms)

OverheadJitting  1: 1 op, 117200.00 ns, 117.2000 us/op
WorkloadJitting  1: 1 op, 1717800.00 ns, 1.7178 ms/op

OverheadJitting  2: 16 op, 177000.00 ns, 11.0625 us/op
WorkloadJitting  2: 16 op, 145500.00 ns, 9.0938 us/op

WorkloadPilot    1: 16 op, 1600.00 ns, 100.0000 ns/op
WorkloadPilot    2: 1000000 op, 39669000.00 ns, 39.6690 ns/op
WorkloadPilot    3: 2520864 op, 76301400.00 ns, 30.2680 ns/op
WorkloadPilot    4: 3303824 op, 27183400.00 ns, 8.2279 ns/op
WorkloadPilot    5: 12153840 op, 103381700.00 ns, 8.5061 ns/op
WorkloadPilot    6: 11756288 op, 106913300.00 ns, 9.0941 ns/op
WorkloadPilot    7: 10996096 op, 79344400.00 ns, 7.2157 ns/op
WorkloadPilot    8: 13858704 op, 95143200.00 ns, 6.8652 ns/op
WorkloadPilot    9: 14566160 op, 123560500.00 ns, 8.4827 ns/op

OverheadWarmup   1: 14566160 op, 38474100.00 ns, 2.6413 ns/op
OverheadWarmup   2: 14566160 op, 37955900.00 ns, 2.6058 ns/op
OverheadWarmup   3: 14566160 op, 37833800.00 ns, 2.5974 ns/op
OverheadWarmup   4: 14566160 op, 36835400.00 ns, 2.5288 ns/op
OverheadWarmup   5: 14566160 op, 36851900.00 ns, 2.5300 ns/op
OverheadWarmup   6: 14566160 op, 37909400.00 ns, 2.6026 ns/op
OverheadWarmup   7: 14566160 op, 38368300.00 ns, 2.6341 ns/op
OverheadWarmup   8: 14566160 op, 38284300.00 ns, 2.6283 ns/op
OverheadWarmup   9: 14566160 op, 28470300.00 ns, 1.9546 ns/op
OverheadWarmup  10: 14566160 op, 26223900.00 ns, 1.8003 ns/op

OverheadActual   1: 14566160 op, 22794000.00 ns, 1.5649 ns/op
OverheadActual   2: 14566160 op, 22753300.00 ns, 1.5621 ns/op
OverheadActual   3: 14566160 op, 22545800.00 ns, 1.5478 ns/op
OverheadActual   4: 14566160 op, 22545700.00 ns, 1.5478 ns/op
OverheadActual   5: 14566160 op, 22217500.00 ns, 1.5253 ns/op
OverheadActual   6: 14566160 op, 22717300.00 ns, 1.5596 ns/op
OverheadActual   7: 14566160 op, 22536500.00 ns, 1.5472 ns/op
OverheadActual   8: 14566160 op, 22379200.00 ns, 1.5364 ns/op
OverheadActual   9: 14566160 op, 22319300.00 ns, 1.5323 ns/op
OverheadActual  10: 14566160 op, 22811900.00 ns, 1.5661 ns/op
OverheadActual  11: 14566160 op, 22680900.00 ns, 1.5571 ns/op
OverheadActual  12: 14566160 op, 22493100.00 ns, 1.5442 ns/op
OverheadActual  13: 14566160 op, 22339900.00 ns, 1.5337 ns/op
OverheadActual  14: 14566160 op, 22512000.00 ns, 1.5455 ns/op
OverheadActual  15: 14566160 op, 22854100.00 ns, 1.5690 ns/op

WorkloadWarmup   1: 14566160 op, 107418300.00 ns, 7.3745 ns/op
WorkloadWarmup   2: 14566160 op, 114525800.00 ns, 7.8625 ns/op
WorkloadWarmup   3: 14566160 op, 103667100.00 ns, 7.1170 ns/op
WorkloadWarmup   4: 14566160 op, 103191500.00 ns, 7.0843 ns/op
WorkloadWarmup   5: 14566160 op, 102249900.00 ns, 7.0197 ns/op
WorkloadWarmup   6: 14566160 op, 108981400.00 ns, 7.4818 ns/op
WorkloadWarmup   7: 14566160 op, 101375400.00 ns, 6.9597 ns/op

// BeforeActualRun
WorkloadActual   1: 14566160 op, 161894700.00 ns, 11.1144 ns/op
WorkloadActual   2: 14566160 op, 110672400.00 ns, 7.5979 ns/op
WorkloadActual   3: 14566160 op, 116991600.00 ns, 8.0317 ns/op
WorkloadActual   4: 14566160 op, 108120400.00 ns, 7.4227 ns/op
WorkloadActual   5: 14566160 op, 100059300.00 ns, 6.8693 ns/op
WorkloadActual   6: 14566160 op, 103805600.00 ns, 7.1265 ns/op
WorkloadActual   7: 14566160 op, 98348000.00 ns, 6.7518 ns/op
WorkloadActual   8: 14566160 op, 96047300.00 ns, 6.5939 ns/op
WorkloadActual   9: 14566160 op, 99642700.00 ns, 6.8407 ns/op
WorkloadActual  10: 14566160 op, 97536400.00 ns, 6.6961 ns/op
WorkloadActual  11: 14566160 op, 96441500.00 ns, 6.6209 ns/op
WorkloadActual  12: 14566160 op, 100461600.00 ns, 6.8969 ns/op
WorkloadActual  13: 14566160 op, 108532700.00 ns, 7.4510 ns/op
WorkloadActual  14: 14566160 op, 116277500.00 ns, 7.9827 ns/op
WorkloadActual  15: 14566160 op, 119638100.00 ns, 8.2134 ns/op
WorkloadActual  16: 14566160 op, 99836300.00 ns, 6.8540 ns/op
WorkloadActual  17: 14566160 op, 102606800.00 ns, 7.0442 ns/op
WorkloadActual  18: 14566160 op, 108760800.00 ns, 7.4667 ns/op
WorkloadActual  19: 14566160 op, 108085100.00 ns, 7.4203 ns/op
WorkloadActual  20: 14566160 op, 95657000.00 ns, 6.5671 ns/op
WorkloadActual  21: 14566160 op, 96428300.00 ns, 6.6200 ns/op
WorkloadActual  22: 14566160 op, 103695300.00 ns, 7.1189 ns/op
WorkloadActual  23: 14566160 op, 103514800.00 ns, 7.1065 ns/op
WorkloadActual  24: 14566160 op, 103568400.00 ns, 7.1102 ns/op
WorkloadActual  25: 14566160 op, 103939100.00 ns, 7.1357 ns/op
WorkloadActual  26: 14566160 op, 102934400.00 ns, 7.0667 ns/op
WorkloadActual  27: 14566160 op, 101796900.00 ns, 6.9886 ns/op
WorkloadActual  28: 14566160 op, 100376600.00 ns, 6.8911 ns/op
WorkloadActual  29: 14566160 op, 95496200.00 ns, 6.5560 ns/op
WorkloadActual  30: 14566160 op, 105236900.00 ns, 7.2248 ns/op
WorkloadActual  31: 14566160 op, 104993400.00 ns, 7.2080 ns/op
WorkloadActual  32: 14566160 op, 96058900.00 ns, 6.5947 ns/op
WorkloadActual  33: 14566160 op, 94695400.00 ns, 6.5011 ns/op
WorkloadActual  34: 14566160 op, 102325400.00 ns, 7.0249 ns/op
WorkloadActual  35: 14566160 op, 105619300.00 ns, 7.2510 ns/op
WorkloadActual  36: 14566160 op, 105216600.00 ns, 7.2234 ns/op
WorkloadActual  37: 14566160 op, 96504500.00 ns, 6.6253 ns/op
WorkloadActual  38: 14566160 op, 104481700.00 ns, 7.1729 ns/op
WorkloadActual  39: 14566160 op, 101198100.00 ns, 6.9475 ns/op
WorkloadActual  40: 14566160 op, 95110800.00 ns, 6.5296 ns/op
WorkloadActual  41: 14566160 op, 97808300.00 ns, 6.7148 ns/op
WorkloadActual  42: 14566160 op, 105264600.00 ns, 7.2267 ns/op
WorkloadActual  43: 14566160 op, 102459900.00 ns, 7.0341 ns/op
WorkloadActual  44: 14566160 op, 96505400.00 ns, 6.6253 ns/op
WorkloadActual  45: 14566160 op, 94825900.00 ns, 6.5100 ns/op
WorkloadActual  46: 14566160 op, 103402600.00 ns, 7.0988 ns/op
WorkloadActual  47: 14566160 op, 102178100.00 ns, 7.0148 ns/op
WorkloadActual  48: 14566160 op, 94974600.00 ns, 6.5202 ns/op
WorkloadActual  49: 14566160 op, 94741200.00 ns, 6.5042 ns/op
WorkloadActual  50: 14566160 op, 123798400.00 ns, 8.4990 ns/op
WorkloadActual  51: 14566160 op, 101714100.00 ns, 6.9829 ns/op
WorkloadActual  52: 14566160 op, 96353400.00 ns, 6.6149 ns/op
WorkloadActual  53: 14566160 op, 94542900.00 ns, 6.4906 ns/op
WorkloadActual  54: 14566160 op, 104732500.00 ns, 7.1901 ns/op
WorkloadActual  55: 14566160 op, 101924700.00 ns, 6.9974 ns/op
WorkloadActual  56: 14566160 op, 96083300.00 ns, 6.5963 ns/op
WorkloadActual  57: 14566160 op, 95404000.00 ns, 6.5497 ns/op
WorkloadActual  58: 14566160 op, 106459600.00 ns, 7.3087 ns/op
WorkloadActual  59: 14566160 op, 102477400.00 ns, 7.0353 ns/op
WorkloadActual  60: 14566160 op, 95443900.00 ns, 6.5524 ns/op
WorkloadActual  61: 14566160 op, 95500300.00 ns, 6.5563 ns/op
WorkloadActual  62: 14566160 op, 102970100.00 ns, 7.0691 ns/op
WorkloadActual  63: 14566160 op, 102137300.00 ns, 7.0120 ns/op
WorkloadActual  64: 14566160 op, 95597800.00 ns, 6.5630 ns/op
WorkloadActual  65: 14566160 op, 95024300.00 ns, 6.5236 ns/op
WorkloadActual  66: 14566160 op, 102845300.00 ns, 7.0606 ns/op
WorkloadActual  67: 14566160 op, 102445300.00 ns, 7.0331 ns/op
WorkloadActual  68: 14566160 op, 96761700.00 ns, 6.6429 ns/op
WorkloadActual  69: 14566160 op, 94521800.00 ns, 6.4891 ns/op
WorkloadActual  70: 14566160 op, 101925500.00 ns, 6.9974 ns/op
WorkloadActual  71: 14566160 op, 101868400.00 ns, 6.9935 ns/op

// AfterActualRun
WorkloadResult   1: 14566160 op, 88126700.00 ns, 6.0501 ns/op
WorkloadResult   2: 14566160 op, 85574700.00 ns, 5.8749 ns/op
WorkloadResult   3: 14566160 op, 77513600.00 ns, 5.3215 ns/op
WorkloadResult   4: 14566160 op, 81259900.00 ns, 5.5787 ns/op
WorkloadResult   5: 14566160 op, 75802300.00 ns, 5.2040 ns/op
WorkloadResult   6: 14566160 op, 73501600.00 ns, 5.0461 ns/op
WorkloadResult   7: 14566160 op, 77097000.00 ns, 5.2929 ns/op
WorkloadResult   8: 14566160 op, 74990700.00 ns, 5.1483 ns/op
WorkloadResult   9: 14566160 op, 73895800.00 ns, 5.0731 ns/op
WorkloadResult  10: 14566160 op, 77915900.00 ns, 5.3491 ns/op
WorkloadResult  11: 14566160 op, 85987000.00 ns, 5.9032 ns/op
WorkloadResult  12: 14566160 op, 77290600.00 ns, 5.3062 ns/op
WorkloadResult  13: 14566160 op, 80061100.00 ns, 5.4964 ns/op
WorkloadResult  14: 14566160 op, 86215100.00 ns, 5.9189 ns/op
WorkloadResult  15: 14566160 op, 85539400.00 ns, 5.8725 ns/op
WorkloadResult  16: 14566160 op, 73111300.00 ns, 5.0193 ns/op
WorkloadResult  17: 14566160 op, 73882600.00 ns, 5.0722 ns/op
WorkloadResult  18: 14566160 op, 81149600.00 ns, 5.5711 ns/op
WorkloadResult  19: 14566160 op, 80969100.00 ns, 5.5587 ns/op
WorkloadResult  20: 14566160 op, 81022700.00 ns, 5.5624 ns/op
WorkloadResult  21: 14566160 op, 81393400.00 ns, 5.5878 ns/op
WorkloadResult  22: 14566160 op, 80388700.00 ns, 5.5189 ns/op
WorkloadResult  23: 14566160 op, 79251200.00 ns, 5.4408 ns/op
WorkloadResult  24: 14566160 op, 77830900.00 ns, 5.3433 ns/op
WorkloadResult  25: 14566160 op, 72950500.00 ns, 5.0082 ns/op
WorkloadResult  26: 14566160 op, 82691200.00 ns, 5.6769 ns/op
WorkloadResult  27: 14566160 op, 82447700.00 ns, 5.6602 ns/op
WorkloadResult  28: 14566160 op, 73513200.00 ns, 5.0468 ns/op
WorkloadResult  29: 14566160 op, 72149700.00 ns, 4.9532 ns/op
WorkloadResult  30: 14566160 op, 79779700.00 ns, 5.4771 ns/op
WorkloadResult  31: 14566160 op, 83073600.00 ns, 5.7032 ns/op
WorkloadResult  32: 14566160 op, 82670900.00 ns, 5.6755 ns/op
WorkloadResult  33: 14566160 op, 73958800.00 ns, 5.0774 ns/op
WorkloadResult  34: 14566160 op, 81936000.00 ns, 5.6251 ns/op
WorkloadResult  35: 14566160 op, 78652400.00 ns, 5.3997 ns/op
WorkloadResult  36: 14566160 op, 72565100.00 ns, 4.9818 ns/op
WorkloadResult  37: 14566160 op, 75262600.00 ns, 5.1669 ns/op
WorkloadResult  38: 14566160 op, 82718900.00 ns, 5.6788 ns/op
WorkloadResult  39: 14566160 op, 79914200.00 ns, 5.4863 ns/op
WorkloadResult  40: 14566160 op, 73959700.00 ns, 5.0775 ns/op
WorkloadResult  41: 14566160 op, 72280200.00 ns, 4.9622 ns/op
WorkloadResult  42: 14566160 op, 80856900.00 ns, 5.5510 ns/op
WorkloadResult  43: 14566160 op, 79632400.00 ns, 5.4669 ns/op
WorkloadResult  44: 14566160 op, 72428900.00 ns, 4.9724 ns/op
WorkloadResult  45: 14566160 op, 72195500.00 ns, 4.9564 ns/op
WorkloadResult  46: 14566160 op, 79168400.00 ns, 5.4351 ns/op
WorkloadResult  47: 14566160 op, 73807700.00 ns, 5.0671 ns/op
WorkloadResult  48: 14566160 op, 71997200.00 ns, 4.9428 ns/op
WorkloadResult  49: 14566160 op, 82186800.00 ns, 5.6423 ns/op
WorkloadResult  50: 14566160 op, 79379000.00 ns, 5.4495 ns/op
WorkloadResult  51: 14566160 op, 73537600.00 ns, 5.0485 ns/op
WorkloadResult  52: 14566160 op, 72858300.00 ns, 5.0019 ns/op
WorkloadResult  53: 14566160 op, 83913900.00 ns, 5.7609 ns/op
WorkloadResult  54: 14566160 op, 79931700.00 ns, 5.4875 ns/op
WorkloadResult  55: 14566160 op, 72898200.00 ns, 5.0046 ns/op
WorkloadResult  56: 14566160 op, 72954600.00 ns, 5.0085 ns/op
WorkloadResult  57: 14566160 op, 80424400.00 ns, 5.5213 ns/op
WorkloadResult  58: 14566160 op, 79591600.00 ns, 5.4641 ns/op
WorkloadResult  59: 14566160 op, 73052100.00 ns, 5.0152 ns/op
WorkloadResult  60: 14566160 op, 72478600.00 ns, 4.9758 ns/op
WorkloadResult  61: 14566160 op, 80299600.00 ns, 5.5128 ns/op
WorkloadResult  62: 14566160 op, 79899600.00 ns, 5.4853 ns/op
WorkloadResult  63: 14566160 op, 74216000.00 ns, 5.0951 ns/op
WorkloadResult  64: 14566160 op, 71976100.00 ns, 4.9413 ns/op
WorkloadResult  65: 14566160 op, 79379800.00 ns, 5.4496 ns/op
WorkloadResult  66: 14566160 op, 79322700.00 ns, 5.4457 ns/op
// GC:  111 0 0 932234240 14566160
// Threading:  0 0 14566160

// AfterAll
// Benchmark Process 2208 has exited with code 0.

Mean = 5.356 ns, StdErr = 0.037 ns (0.69%), N = 66, StdDev = 0.299 ns
Min = 4.941 ns, Q1 = 5.053 ns, Median = 5.438 ns, Q3 = 5.561 ns, Max = 6.050 ns
IQR = 0.508 ns, LowerFence = 4.291 ns, UpperFence = 6.324 ns
ConfidenceInterval = [5.229 ns; 5.482 ns] (CI 99.9%), Margin = 0.127 ns (2.37% of Mean)
Skewness = 0.19, Kurtosis = 1.95, MValue = 3.22

// ** Remained 6 (46.2%) benchmark(s) to run. Estimated finish 2026-02-24 22:12 (0h 1m from now) **
Setup power plan (GUID: 8c5e7fda-e8bf-4a96-9a85-a6e23a8c635c FriendlyName: High performance)
// **************************
// Benchmark: Scenario1.S1_ReturnOptionStringErrorWithMessage_EnumerationsOptions: .NET 10.0(Runtime=.NET 10.0, IterationTime=100ms) [Iterations=2]
// *** Execute ***
// Launch: 1 / 1
// Execute: dotnet Enumerations.Options.Benchmarks-1.dll --anonymousPipes 1660 1736 --benchmarkName "ReillyDigital.Enumerations.Options.Benchmarks.Scenarios.Scenario1.S1_ReturnOptionStringErrorWithMessage_EnumerationsOptions(Iterations: 2)" --job ".NET 10.0" --benchmarkId 7 in D:\x\devs\reilly-digital\dotnet\enumerations.options.benchmarks\bin\Debug\net10.0\Enumerations.Options.Benchmarks-1\bin\Release\net10.0
// BeforeAnythingElse

// Benchmark Process Environment Information:
// BenchmarkDotNet v0.15.8
// Runtime=.NET 10.0.3 (10.0.3, 10.0.326.7603), X64 RyuJIT x86-64-v3
// GC=Concurrent Workstation
// HardwareIntrinsics=AVX2+BMI1+BMI2+F16C+FMA+LZCNT+MOVBE,AVX,SSE3+SSSE3+SSE4.1+SSE4.2+POPCNT,X86Base+SSE+SSE2,AES+PCLMUL VectorSize=256
// Job: .NET 10.0(IterationTime=100ms)

OverheadJitting  1: 1 op, 108100.00 ns, 108.1000 us/op
WorkloadJitting  1: 1 op, 1346800.00 ns, 1.3468 ms/op

OverheadJitting  2: 16 op, 175300.00 ns, 10.9563 us/op
WorkloadJitting  2: 16 op, 150300.00 ns, 9.3938 us/op

WorkloadPilot    1: 16 op, 1800.00 ns, 112.5000 ns/op
WorkloadPilot    2: 888896 op, 35031700.00 ns, 39.4103 ns/op
WorkloadPilot    3: 2537408 op, 82672000.00 ns, 32.5813 ns/op
WorkloadPilot    4: 3069248 op, 28987200.00 ns, 9.4444 ns/op
WorkloadPilot    5: 10588288 op, 106180200.00 ns, 10.0281 ns/op
WorkloadPilot    6: 9972000 op, 69857700.00 ns, 7.0054 ns/op
WorkloadPilot    7: 14274736 op, 154238700.00 ns, 10.8050 ns/op
WorkloadPilot    8: 9254976 op, 115459600.00 ns, 12.4754 ns/op

OverheadWarmup   1: 9254976 op, 24482900.00 ns, 2.6454 ns/op
OverheadWarmup   2: 9254976 op, 25217600.00 ns, 2.7248 ns/op
OverheadWarmup   3: 9254976 op, 25038600.00 ns, 2.7054 ns/op
OverheadWarmup   4: 9254976 op, 25268100.00 ns, 2.7302 ns/op
OverheadWarmup   5: 9254976 op, 24173600.00 ns, 2.6120 ns/op

OverheadActual   1: 9254976 op, 23867100.00 ns, 2.5788 ns/op
OverheadActual   2: 9254976 op, 24037500.00 ns, 2.5973 ns/op
OverheadActual   3: 9254976 op, 23093600.00 ns, 2.4953 ns/op
OverheadActual   4: 9254976 op, 23041700.00 ns, 2.4897 ns/op
OverheadActual   5: 9254976 op, 22957900.00 ns, 2.4806 ns/op
OverheadActual   6: 9254976 op, 22942600.00 ns, 2.4789 ns/op
OverheadActual   7: 9254976 op, 22949700.00 ns, 2.4797 ns/op
OverheadActual   8: 9254976 op, 23073500.00 ns, 2.4931 ns/op
OverheadActual   9: 9254976 op, 23003200.00 ns, 2.4855 ns/op
OverheadActual  10: 9254976 op, 22983300.00 ns, 2.4833 ns/op
OverheadActual  11: 9254976 op, 22908100.00 ns, 2.4752 ns/op
OverheadActual  12: 9254976 op, 22950500.00 ns, 2.4798 ns/op
OverheadActual  13: 9254976 op, 22950300.00 ns, 2.4798 ns/op
OverheadActual  14: 9254976 op, 14603600.00 ns, 1.5779 ns/op
OverheadActual  15: 9254976 op, 14031100.00 ns, 1.5161 ns/op
OverheadActual  16: 9254976 op, 14019800.00 ns, 1.5148 ns/op
OverheadActual  17: 9254976 op, 14551300.00 ns, 1.5723 ns/op
OverheadActual  18: 9254976 op, 14587200.00 ns, 1.5761 ns/op
OverheadActual  19: 9254976 op, 14820500.00 ns, 1.6014 ns/op
OverheadActual  20: 9254976 op, 14766500.00 ns, 1.5955 ns/op

WorkloadWarmup   1: 9254976 op, 69021500.00 ns, 7.4578 ns/op
WorkloadWarmup   2: 9254976 op, 104082600.00 ns, 11.2461 ns/op
WorkloadWarmup   3: 9254976 op, 67828400.00 ns, 7.3289 ns/op
WorkloadWarmup   4: 9254976 op, 84619400.00 ns, 9.1431 ns/op
WorkloadWarmup   5: 9254976 op, 104204700.00 ns, 11.2593 ns/op
WorkloadWarmup   6: 9254976 op, 79810200.00 ns, 8.6235 ns/op

// BeforeActualRun
WorkloadActual   1: 9254976 op, 102764100.00 ns, 11.1037 ns/op
WorkloadActual   2: 9254976 op, 119437900.00 ns, 12.9053 ns/op
WorkloadActual   3: 9254976 op, 115340300.00 ns, 12.4625 ns/op
WorkloadActual   4: 9254976 op, 84768100.00 ns, 9.1592 ns/op
WorkloadActual   5: 9254976 op, 98364100.00 ns, 10.6282 ns/op
WorkloadActual   6: 9254976 op, 100252900.00 ns, 10.8323 ns/op
WorkloadActual   7: 9254976 op, 76604300.00 ns, 8.2771 ns/op
WorkloadActual   8: 9254976 op, 102248400.00 ns, 11.0479 ns/op
WorkloadActual   9: 9254976 op, 103257000.00 ns, 11.1569 ns/op
WorkloadActual  10: 9254976 op, 69520700.00 ns, 7.5117 ns/op
WorkloadActual  11: 9254976 op, 98837100.00 ns, 10.6793 ns/op
WorkloadActual  12: 9254976 op, 97129700.00 ns, 10.4949 ns/op
WorkloadActual  13: 9254976 op, 98811500.00 ns, 10.6766 ns/op
WorkloadActual  14: 9254976 op, 97976000.00 ns, 10.5863 ns/op
WorkloadActual  15: 9254976 op, 100010900.00 ns, 10.8062 ns/op
WorkloadActual  16: 9254976 op, 75353100.00 ns, 8.1419 ns/op
WorkloadActual  17: 9254976 op, 100390500.00 ns, 10.8472 ns/op
WorkloadActual  18: 9254976 op, 96374500.00 ns, 10.4133 ns/op
WorkloadActual  19: 9254976 op, 101732300.00 ns, 10.9922 ns/op
WorkloadActual  20: 9254976 op, 98947500.00 ns, 10.6913 ns/op
WorkloadActual  21: 9254976 op, 101417900.00 ns, 10.9582 ns/op
WorkloadActual  22: 9254976 op, 89198000.00 ns, 9.6378 ns/op
WorkloadActual  23: 9254976 op, 86808900.00 ns, 9.3797 ns/op
WorkloadActual  24: 9254976 op, 76176200.00 ns, 8.2308 ns/op
WorkloadActual  25: 9254976 op, 96313300.00 ns, 10.4067 ns/op
WorkloadActual  26: 9254976 op, 96135300.00 ns, 10.3874 ns/op
WorkloadActual  27: 9254976 op, 94025100.00 ns, 10.1594 ns/op
WorkloadActual  28: 9254976 op, 91178800.00 ns, 9.8519 ns/op
WorkloadActual  29: 9254976 op, 89304200.00 ns, 9.6493 ns/op
WorkloadActual  30: 9254976 op, 90002700.00 ns, 9.7248 ns/op
WorkloadActual  31: 9254976 op, 95774600.00 ns, 10.3484 ns/op
WorkloadActual  32: 9254976 op, 93029600.00 ns, 10.0518 ns/op
WorkloadActual  33: 9254976 op, 86979900.00 ns, 9.3982 ns/op
WorkloadActual  34: 9254976 op, 85542700.00 ns, 9.2429 ns/op
WorkloadActual  35: 9254976 op, 83038100.00 ns, 8.9723 ns/op
WorkloadActual  36: 9254976 op, 94511800.00 ns, 10.2120 ns/op
WorkloadActual  37: 9254976 op, 68336800.00 ns, 7.3838 ns/op
WorkloadActual  38: 9254976 op, 90565400.00 ns, 9.7856 ns/op
WorkloadActual  39: 9254976 op, 91982300.00 ns, 9.9387 ns/op
WorkloadActual  40: 9254976 op, 90948500.00 ns, 9.8270 ns/op
WorkloadActual  41: 9254976 op, 74700100.00 ns, 8.0713 ns/op
WorkloadActual  42: 9254976 op, 94752300.00 ns, 10.2380 ns/op
WorkloadActual  43: 9254976 op, 93554100.00 ns, 10.1085 ns/op
WorkloadActual  44: 9254976 op, 92076300.00 ns, 9.9488 ns/op
WorkloadActual  45: 9254976 op, 93897600.00 ns, 10.1456 ns/op
WorkloadActual  46: 9254976 op, 72108200.00 ns, 7.7913 ns/op
WorkloadActual  47: 9254976 op, 94645000.00 ns, 10.2264 ns/op
WorkloadActual  48: 9254976 op, 92755100.00 ns, 10.0222 ns/op
WorkloadActual  49: 9254976 op, 90417100.00 ns, 9.7696 ns/op
WorkloadActual  50: 9254976 op, 90659800.00 ns, 9.7958 ns/op
WorkloadActual  51: 9254976 op, 93608800.00 ns, 10.1144 ns/op
WorkloadActual  52: 9254976 op, 89454900.00 ns, 9.6656 ns/op
WorkloadActual  53: 9254976 op, 93628400.00 ns, 10.1165 ns/op
WorkloadActual  54: 9254976 op, 89834800.00 ns, 9.7066 ns/op
WorkloadActual  55: 9254976 op, 93703000.00 ns, 10.1246 ns/op
WorkloadActual  56: 9254976 op, 90486400.00 ns, 9.7771 ns/op
WorkloadActual  57: 9254976 op, 94707600.00 ns, 10.2332 ns/op
WorkloadActual  58: 9254976 op, 91925400.00 ns, 9.9325 ns/op
WorkloadActual  59: 9254976 op, 89287500.00 ns, 9.6475 ns/op
WorkloadActual  60: 9254976 op, 89014600.00 ns, 9.6180 ns/op
WorkloadActual  61: 9254976 op, 94629400.00 ns, 10.2247 ns/op
WorkloadActual  62: 9254976 op, 88670300.00 ns, 9.5808 ns/op
WorkloadActual  63: 9254976 op, 93350900.00 ns, 10.0866 ns/op
WorkloadActual  64: 9254976 op, 74691000.00 ns, 8.0704 ns/op
WorkloadActual  65: 9254976 op, 92812000.00 ns, 10.0283 ns/op
WorkloadActual  66: 9254976 op, 94806900.00 ns, 10.2439 ns/op
WorkloadActual  67: 9254976 op, 79870500.00 ns, 8.6300 ns/op
WorkloadActual  68: 9254976 op, 87441900.00 ns, 9.4481 ns/op
WorkloadActual  69: 9254976 op, 83463600.00 ns, 9.0182 ns/op
WorkloadActual  70: 9254976 op, 96532000.00 ns, 10.4303 ns/op
WorkloadActual  71: 9254976 op, 93468600.00 ns, 10.0993 ns/op
WorkloadActual  72: 9254976 op, 93052700.00 ns, 10.0543 ns/op
WorkloadActual  73: 9254976 op, 84412700.00 ns, 9.1208 ns/op
WorkloadActual  74: 9254976 op, 92473100.00 ns, 9.9917 ns/op
WorkloadActual  75: 9254976 op, 117555100.00 ns, 12.7018 ns/op
WorkloadActual  76: 9254976 op, 89269200.00 ns, 9.6455 ns/op
WorkloadActual  77: 9254976 op, 90796700.00 ns, 9.8106 ns/op
WorkloadActual  78: 9254976 op, 92106400.00 ns, 9.9521 ns/op
WorkloadActual  79: 9254976 op, 94221600.00 ns, 10.1806 ns/op
WorkloadActual  80: 9254976 op, 91118000.00 ns, 9.8453 ns/op
WorkloadActual  81: 9254976 op, 82038200.00 ns, 8.8642 ns/op
WorkloadActual  82: 9254976 op, 91394700.00 ns, 9.8752 ns/op
WorkloadActual  83: 9254976 op, 91891700.00 ns, 9.9289 ns/op
WorkloadActual  84: 9254976 op, 93149600.00 ns, 10.0648 ns/op
WorkloadActual  85: 9254976 op, 95017100.00 ns, 10.2666 ns/op
WorkloadActual  86: 9254976 op, 88286200.00 ns, 9.5393 ns/op
WorkloadActual  87: 9254976 op, 94579200.00 ns, 10.2193 ns/op
WorkloadActual  88: 9254976 op, 86143400.00 ns, 9.3078 ns/op
WorkloadActual  89: 9254976 op, 93135400.00 ns, 10.0633 ns/op
WorkloadActual  90: 9254976 op, 83526500.00 ns, 9.0250 ns/op
WorkloadActual  91: 9254976 op, 92635500.00 ns, 10.0093 ns/op
WorkloadActual  92: 9254976 op, 92650800.00 ns, 10.0109 ns/op
WorkloadActual  93: 9254976 op, 92789400.00 ns, 10.0259 ns/op
WorkloadActual  94: 9254976 op, 90024500.00 ns, 9.7271 ns/op
WorkloadActual  95: 9254976 op, 94364700.00 ns, 10.1961 ns/op
WorkloadActual  96: 9254976 op, 70669200.00 ns, 7.6358 ns/op
WorkloadActual  97: 9254976 op, 92342700.00 ns, 9.9776 ns/op
WorkloadActual  98: 9254976 op, 73229900.00 ns, 7.9125 ns/op
WorkloadActual  99: 9254976 op, 90726400.00 ns, 9.8030 ns/op
WorkloadActual  100: 9254976 op, 93366300.00 ns, 10.0882 ns/op

// AfterActualRun
WorkloadResult   1: 9254976 op, 79814100.00 ns, 8.6239 ns/op
WorkloadResult   2: 9254976 op, 61818100.00 ns, 6.6794 ns/op
WorkloadResult   3: 9254976 op, 75414100.00 ns, 8.1485 ns/op
WorkloadResult   4: 9254976 op, 77302900.00 ns, 8.3526 ns/op
WorkloadResult   5: 9254976 op, 53654300.00 ns, 5.7973 ns/op
WorkloadResult   6: 9254976 op, 79298400.00 ns, 8.5682 ns/op
WorkloadResult   7: 9254976 op, 46570700.00 ns, 5.0320 ns/op
WorkloadResult   8: 9254976 op, 75887100.00 ns, 8.1996 ns/op
WorkloadResult   9: 9254976 op, 74179700.00 ns, 8.0151 ns/op
WorkloadResult  10: 9254976 op, 75861500.00 ns, 8.1968 ns/op
WorkloadResult  11: 9254976 op, 75026000.00 ns, 8.1066 ns/op
WorkloadResult  12: 9254976 op, 77060900.00 ns, 8.3264 ns/op
WorkloadResult  13: 9254976 op, 52403100.00 ns, 5.6622 ns/op
WorkloadResult  14: 9254976 op, 77440500.00 ns, 8.3674 ns/op
WorkloadResult  15: 9254976 op, 73424500.00 ns, 7.9335 ns/op
WorkloadResult  16: 9254976 op, 78782300.00 ns, 8.5124 ns/op
WorkloadResult  17: 9254976 op, 75997500.00 ns, 8.2115 ns/op
WorkloadResult  18: 9254976 op, 78467900.00 ns, 8.4785 ns/op
WorkloadResult  19: 9254976 op, 66248000.00 ns, 7.1581 ns/op
WorkloadResult  20: 9254976 op, 63858900.00 ns, 6.9000 ns/op
WorkloadResult  21: 9254976 op, 53226200.00 ns, 5.7511 ns/op
WorkloadResult  22: 9254976 op, 73363300.00 ns, 7.9269 ns/op
WorkloadResult  23: 9254976 op, 73185300.00 ns, 7.9077 ns/op
WorkloadResult  24: 9254976 op, 71075100.00 ns, 7.6797 ns/op
WorkloadResult  25: 9254976 op, 68228800.00 ns, 7.3721 ns/op
WorkloadResult  26: 9254976 op, 66354200.00 ns, 7.1696 ns/op
WorkloadResult  27: 9254976 op, 67052700.00 ns, 7.2450 ns/op
WorkloadResult  28: 9254976 op, 72824600.00 ns, 7.8687 ns/op
WorkloadResult  29: 9254976 op, 70079600.00 ns, 7.5721 ns/op
WorkloadResult  30: 9254976 op, 64029900.00 ns, 6.9184 ns/op
WorkloadResult  31: 9254976 op, 62592700.00 ns, 6.7631 ns/op
WorkloadResult  32: 9254976 op, 60088100.00 ns, 6.4925 ns/op
WorkloadResult  33: 9254976 op, 71561800.00 ns, 7.7323 ns/op
WorkloadResult  34: 9254976 op, 45386800.00 ns, 4.9040 ns/op
WorkloadResult  35: 9254976 op, 67615400.00 ns, 7.3058 ns/op
WorkloadResult  36: 9254976 op, 69032300.00 ns, 7.4589 ns/op
WorkloadResult  37: 9254976 op, 67998500.00 ns, 7.3472 ns/op
WorkloadResult  38: 9254976 op, 51750100.00 ns, 5.5916 ns/op
WorkloadResult  39: 9254976 op, 71802300.00 ns, 7.7582 ns/op
WorkloadResult  40: 9254976 op, 70604100.00 ns, 7.6288 ns/op
WorkloadResult  41: 9254976 op, 69126300.00 ns, 7.4691 ns/op
WorkloadResult  42: 9254976 op, 70947600.00 ns, 7.6659 ns/op
WorkloadResult  43: 9254976 op, 49158200.00 ns, 5.3115 ns/op
WorkloadResult  44: 9254976 op, 71695000.00 ns, 7.7466 ns/op
WorkloadResult  45: 9254976 op, 69805100.00 ns, 7.5424 ns/op
WorkloadResult  46: 9254976 op, 67467100.00 ns, 7.2898 ns/op
WorkloadResult  47: 9254976 op, 67709800.00 ns, 7.3160 ns/op
WorkloadResult  48: 9254976 op, 70658800.00 ns, 7.6347 ns/op
WorkloadResult  49: 9254976 op, 66504900.00 ns, 7.1859 ns/op
WorkloadResult  50: 9254976 op, 70678400.00 ns, 7.6368 ns/op
WorkloadResult  51: 9254976 op, 66884800.00 ns, 7.2269 ns/op
WorkloadResult  52: 9254976 op, 70753000.00 ns, 7.6449 ns/op
WorkloadResult  53: 9254976 op, 67536400.00 ns, 7.2973 ns/op
WorkloadResult  54: 9254976 op, 71757600.00 ns, 7.7534 ns/op
WorkloadResult  55: 9254976 op, 68975400.00 ns, 7.4528 ns/op
WorkloadResult  56: 9254976 op, 66337500.00 ns, 7.1678 ns/op
WorkloadResult  57: 9254976 op, 66064600.00 ns, 7.1383 ns/op
WorkloadResult  58: 9254976 op, 71679400.00 ns, 7.7450 ns/op
WorkloadResult  59: 9254976 op, 65720300.00 ns, 7.1011 ns/op
WorkloadResult  60: 9254976 op, 70400900.00 ns, 7.6068 ns/op
WorkloadResult  61: 9254976 op, 51741000.00 ns, 5.5906 ns/op
WorkloadResult  62: 9254976 op, 69862000.00 ns, 7.5486 ns/op
WorkloadResult  63: 9254976 op, 71856900.00 ns, 7.7641 ns/op
WorkloadResult  64: 9254976 op, 56920500.00 ns, 6.1503 ns/op
WorkloadResult  65: 9254976 op, 64491900.00 ns, 6.9683 ns/op
WorkloadResult  66: 9254976 op, 60513600.00 ns, 6.5385 ns/op
WorkloadResult  67: 9254976 op, 73582000.00 ns, 7.9505 ns/op
WorkloadResult  68: 9254976 op, 70518600.00 ns, 7.6195 ns/op
WorkloadResult  69: 9254976 op, 70102700.00 ns, 7.5746 ns/op
WorkloadResult  70: 9254976 op, 61462700.00 ns, 6.6410 ns/op
WorkloadResult  71: 9254976 op, 69523100.00 ns, 7.5120 ns/op
WorkloadResult  72: 9254976 op, 66319200.00 ns, 7.1658 ns/op
WorkloadResult  73: 9254976 op, 67846700.00 ns, 7.3308 ns/op
WorkloadResult  74: 9254976 op, 69156400.00 ns, 7.4723 ns/op
WorkloadResult  75: 9254976 op, 71271600.00 ns, 7.7009 ns/op
WorkloadResult  76: 9254976 op, 68168000.00 ns, 7.3656 ns/op
WorkloadResult  77: 9254976 op, 59088200.00 ns, 6.3845 ns/op
WorkloadResult  78: 9254976 op, 68444700.00 ns, 7.3954 ns/op
WorkloadResult  79: 9254976 op, 68941700.00 ns, 7.4491 ns/op
WorkloadResult  80: 9254976 op, 70199600.00 ns, 7.5851 ns/op
WorkloadResult  81: 9254976 op, 72067100.00 ns, 7.7868 ns/op
WorkloadResult  82: 9254976 op, 65336200.00 ns, 7.0596 ns/op
WorkloadResult  83: 9254976 op, 71629200.00 ns, 7.7395 ns/op
WorkloadResult  84: 9254976 op, 63193400.00 ns, 6.8280 ns/op
WorkloadResult  85: 9254976 op, 70185400.00 ns, 7.5835 ns/op
WorkloadResult  86: 9254976 op, 60576500.00 ns, 6.5453 ns/op
WorkloadResult  87: 9254976 op, 69685500.00 ns, 7.5295 ns/op
WorkloadResult  88: 9254976 op, 69700800.00 ns, 7.5312 ns/op
WorkloadResult  89: 9254976 op, 69839400.00 ns, 7.5461 ns/op
WorkloadResult  90: 9254976 op, 67074500.00 ns, 7.2474 ns/op
WorkloadResult  91: 9254976 op, 71414700.00 ns, 7.7164 ns/op
WorkloadResult  92: 9254976 op, 47719200.00 ns, 5.1561 ns/op
WorkloadResult  93: 9254976 op, 69392700.00 ns, 7.4979 ns/op
WorkloadResult  94: 9254976 op, 50279900.00 ns, 5.4327 ns/op
WorkloadResult  95: 9254976 op, 67776400.00 ns, 7.3232 ns/op
WorkloadResult  96: 9254976 op, 70416300.00 ns, 7.6085 ns/op
// GC:  70 0 0 592318464 9254976
// Threading:  0 0 9254976

// AfterAll
// Benchmark Process 16912 has exited with code 0.

Mean = 7.296 ns, StdErr = 0.082 ns (1.13%), N = 96, StdDev = 0.805 ns
Min = 4.904 ns, Q1 = 7.129 ns, Median = 7.485 ns, Q3 = 7.741 ns, Max = 8.624 ns
IQR = 0.612 ns, LowerFence = 6.211 ns, UpperFence = 8.659 ns
ConfidenceInterval = [7.017 ns; 7.575 ns] (CI 99.9%), Margin = 0.279 ns (3.83% of Mean)
Skewness = -1.15, Kurtosis = 4.07, MValue = 2

// ** Remained 5 (38.5%) benchmark(s) to run. Estimated finish 2026-02-24 22:12 (0h 0m from now) **
Setup power plan (GUID: 8c5e7fda-e8bf-4a96-9a85-a6e23a8c635c FriendlyName: High performance)
// **************************
// Benchmark: Scenario1.S1_ReturnOptionStringNone_EnumerationsOptions: .NET 10.0(Runtime=.NET 10.0, IterationTime=100ms) [Iterations=2]
// *** Execute ***
// Launch: 1 / 1
// Execute: dotnet Enumerations.Options.Benchmarks-1.dll --anonymousPipes 1564 1672 --benchmarkName "ReillyDigital.Enumerations.Options.Benchmarks.Scenarios.Scenario1.S1_ReturnOptionStringNone_EnumerationsOptions(Iterations: 2)" --job ".NET 10.0" --benchmarkId 8 in D:\x\devs\reilly-digital\dotnet\enumerations.options.benchmarks\bin\Debug\net10.0\Enumerations.Options.Benchmarks-1\bin\Release\net10.0
// BeforeAnythingElse

// Benchmark Process Environment Information:
// BenchmarkDotNet v0.15.8
// Runtime=.NET 10.0.3 (10.0.3, 10.0.326.7603), X64 RyuJIT x86-64-v3
// GC=Concurrent Workstation
// HardwareIntrinsics=AVX2+BMI1+BMI2+F16C+FMA+LZCNT+MOVBE,AVX,SSE3+SSSE3+SSE4.1+SSE4.2+POPCNT,X86Base+SSE+SSE2,AES+PCLMUL VectorSize=256
// Job: .NET 10.0(IterationTime=100ms)

OverheadJitting  1: 1 op, 114100.00 ns, 114.1000 us/op
WorkloadJitting  1: 1 op, 1410900.00 ns, 1.4109 ms/op

OverheadJitting  2: 16 op, 147600.00 ns, 9.2250 us/op
WorkloadJitting  2: 16 op, 144900.00 ns, 9.0563 us/op

WorkloadPilot    1: 16 op, 1300.00 ns, 81.2500 ns/op
WorkloadPilot    2: 1230784 op, 30666700.00 ns, 24.9164 ns/op
WorkloadPilot    3: 4013424 op, 79485700.00 ns, 19.8050 ns/op
WorkloadPilot    4: 5049248 op, 8825500.00 ns, 1.7479 ns/op
WorkloadPilot    5: 57212048 op, 101066900.00 ns, 1.7665 ns/op
WorkloadPilot    6: 56608096 op, 98908500.00 ns, 1.7473 ns/op
WorkloadPilot    7: 57232800 op, 98812500.00 ns, 1.7265 ns/op
WorkloadPilot    8: 57920608 op, 100388900.00 ns, 1.7332 ns/op
WorkloadPilot    9: 57696240 op, 99697200.00 ns, 1.7280 ns/op
WorkloadPilot   10: 57871488 op, 100046000.00 ns, 1.7288 ns/op

OverheadWarmup   1: 57871488 op, 143500300.00 ns, 2.4796 ns/op
OverheadWarmup   2: 57871488 op, 115076800.00 ns, 1.9885 ns/op
OverheadWarmup   3: 57871488 op, 87173400.00 ns, 1.5063 ns/op
OverheadWarmup   4: 57871488 op, 87119700.00 ns, 1.5054 ns/op
OverheadWarmup   5: 57871488 op, 86911000.00 ns, 1.5018 ns/op
OverheadWarmup   6: 57871488 op, 86970300.00 ns, 1.5028 ns/op
OverheadWarmup   7: 57871488 op, 87259800.00 ns, 1.5078 ns/op
OverheadWarmup   8: 57871488 op, 88416000.00 ns, 1.5278 ns/op
OverheadWarmup   9: 57871488 op, 88135700.00 ns, 1.5230 ns/op
OverheadWarmup  10: 57871488 op, 88145000.00 ns, 1.5231 ns/op

OverheadActual   1: 57871488 op, 88317200.00 ns, 1.5261 ns/op
OverheadActual   2: 57871488 op, 87455100.00 ns, 1.5112 ns/op
OverheadActual   3: 57871488 op, 87022500.00 ns, 1.5037 ns/op
OverheadActual   4: 57871488 op, 87046500.00 ns, 1.5041 ns/op
OverheadActual   5: 57871488 op, 86920700.00 ns, 1.5020 ns/op
OverheadActual   6: 57871488 op, 86994400.00 ns, 1.5032 ns/op
OverheadActual   7: 57871488 op, 86958800.00 ns, 1.5026 ns/op
OverheadActual   8: 57871488 op, 87140100.00 ns, 1.5058 ns/op
OverheadActual   9: 57871488 op, 87164900.00 ns, 1.5062 ns/op
OverheadActual  10: 57871488 op, 86918900.00 ns, 1.5019 ns/op
OverheadActual  11: 57871488 op, 87144800.00 ns, 1.5058 ns/op
OverheadActual  12: 57871488 op, 87077300.00 ns, 1.5047 ns/op
OverheadActual  13: 57871488 op, 87034700.00 ns, 1.5039 ns/op
OverheadActual  14: 57871488 op, 97793200.00 ns, 1.6898 ns/op
OverheadActual  15: 57871488 op, 87796200.00 ns, 1.5171 ns/op

WorkloadWarmup   1: 57871488 op, 102072100.00 ns, 1.7638 ns/op
WorkloadWarmup   2: 57871488 op, 101481800.00 ns, 1.7536 ns/op
WorkloadWarmup   3: 57871488 op, 101449500.00 ns, 1.7530 ns/op
WorkloadWarmup   4: 57871488 op, 101808100.00 ns, 1.7592 ns/op
WorkloadWarmup   5: 57871488 op, 102203600.00 ns, 1.7660 ns/op
WorkloadWarmup   6: 57871488 op, 102269100.00 ns, 1.7672 ns/op
WorkloadWarmup   7: 57871488 op, 104510900.00 ns, 1.8059 ns/op
WorkloadWarmup   8: 57871488 op, 103699100.00 ns, 1.7919 ns/op
WorkloadWarmup   9: 57871488 op, 101444100.00 ns, 1.7529 ns/op
WorkloadWarmup  10: 57871488 op, 101258500.00 ns, 1.7497 ns/op
WorkloadWarmup  11: 57871488 op, 101786600.00 ns, 1.7588 ns/op
WorkloadWarmup  12: 57871488 op, 103064700.00 ns, 1.7809 ns/op
WorkloadWarmup  13: 57871488 op, 100609200.00 ns, 1.7385 ns/op

// BeforeActualRun
WorkloadActual   1: 57871488 op, 100940800.00 ns, 1.7442 ns/op
WorkloadActual   2: 57871488 op, 108645500.00 ns, 1.8774 ns/op
WorkloadActual   3: 57871488 op, 110276700.00 ns, 1.9055 ns/op
WorkloadActual   4: 57871488 op, 108059900.00 ns, 1.8672 ns/op
WorkloadActual   5: 57871488 op, 105082200.00 ns, 1.8158 ns/op
WorkloadActual   6: 57871488 op, 104706200.00 ns, 1.8093 ns/op
WorkloadActual   7: 57871488 op, 112309300.00 ns, 1.9407 ns/op
WorkloadActual   8: 57871488 op, 110083000.00 ns, 1.9022 ns/op
WorkloadActual   9: 57871488 op, 102614600.00 ns, 1.7731 ns/op
WorkloadActual  10: 57871488 op, 105655700.00 ns, 1.8257 ns/op
WorkloadActual  11: 57871488 op, 101193900.00 ns, 1.7486 ns/op
WorkloadActual  12: 57871488 op, 102453400.00 ns, 1.7704 ns/op
WorkloadActual  13: 57871488 op, 102221800.00 ns, 1.7664 ns/op
WorkloadActual  14: 57871488 op, 101847800.00 ns, 1.7599 ns/op
WorkloadActual  15: 57871488 op, 101888100.00 ns, 1.7606 ns/op
WorkloadActual  16: 57871488 op, 111910200.00 ns, 1.9338 ns/op
WorkloadActual  17: 57871488 op, 101058500.00 ns, 1.7463 ns/op
WorkloadActual  18: 57871488 op, 100285800.00 ns, 1.7329 ns/op
WorkloadActual  19: 57871488 op, 101066400.00 ns, 1.7464 ns/op
WorkloadActual  20: 57871488 op, 100264400.00 ns, 1.7325 ns/op
WorkloadActual  21: 57871488 op, 100553900.00 ns, 1.7375 ns/op
WorkloadActual  22: 57871488 op, 103900600.00 ns, 1.7954 ns/op
WorkloadActual  23: 57871488 op, 109222100.00 ns, 1.8873 ns/op
WorkloadActual  24: 57871488 op, 104125600.00 ns, 1.7993 ns/op
WorkloadActual  25: 57871488 op, 102290300.00 ns, 1.7675 ns/op
WorkloadActual  26: 57871488 op, 103930000.00 ns, 1.7959 ns/op
WorkloadActual  27: 57871488 op, 110029300.00 ns, 1.9013 ns/op
WorkloadActual  28: 57871488 op, 105091600.00 ns, 1.8159 ns/op
WorkloadActual  29: 57871488 op, 102921500.00 ns, 1.7784 ns/op
WorkloadActual  30: 57871488 op, 102121900.00 ns, 1.7646 ns/op
WorkloadActual  31: 57871488 op, 101636800.00 ns, 1.7562 ns/op
WorkloadActual  32: 57871488 op, 102850200.00 ns, 1.7772 ns/op
WorkloadActual  33: 57871488 op, 100649700.00 ns, 1.7392 ns/op
WorkloadActual  34: 57871488 op, 100852400.00 ns, 1.7427 ns/op
WorkloadActual  35: 57871488 op, 102115800.00 ns, 1.7645 ns/op

// AfterActualRun
WorkloadResult   1: 57871488 op, 13863500.00 ns, 0.2396 ns/op
WorkloadResult   2: 57871488 op, 21568200.00 ns, 0.3727 ns/op
WorkloadResult   3: 57871488 op, 23199400.00 ns, 0.4009 ns/op
WorkloadResult   4: 57871488 op, 20982600.00 ns, 0.3626 ns/op
WorkloadResult   5: 57871488 op, 18004900.00 ns, 0.3111 ns/op
WorkloadResult   6: 57871488 op, 17628900.00 ns, 0.3046 ns/op
WorkloadResult   7: 57871488 op, 23005700.00 ns, 0.3975 ns/op
WorkloadResult   8: 57871488 op, 15537300.00 ns, 0.2685 ns/op
WorkloadResult   9: 57871488 op, 18578400.00 ns, 0.3210 ns/op
WorkloadResult  10: 57871488 op, 14116600.00 ns, 0.2439 ns/op
WorkloadResult  11: 57871488 op, 15376100.00 ns, 0.2657 ns/op
WorkloadResult  12: 57871488 op, 15144500.00 ns, 0.2617 ns/op
WorkloadResult  13: 57871488 op, 14770500.00 ns, 0.2552 ns/op
WorkloadResult  14: 57871488 op, 14810800.00 ns, 0.2559 ns/op
WorkloadResult  15: 57871488 op, 13981200.00 ns, 0.2416 ns/op
WorkloadResult  16: 57871488 op, 13208500.00 ns, 0.2282 ns/op
WorkloadResult  17: 57871488 op, 13989100.00 ns, 0.2417 ns/op
WorkloadResult  18: 57871488 op, 13187100.00 ns, 0.2279 ns/op
WorkloadResult  19: 57871488 op, 13476600.00 ns, 0.2329 ns/op
WorkloadResult  20: 57871488 op, 16823300.00 ns, 0.2907 ns/op
WorkloadResult  21: 57871488 op, 22144800.00 ns, 0.3827 ns/op
WorkloadResult  22: 57871488 op, 17048300.00 ns, 0.2946 ns/op
WorkloadResult  23: 57871488 op, 15213000.00 ns, 0.2629 ns/op
WorkloadResult  24: 57871488 op, 16852700.00 ns, 0.2912 ns/op
WorkloadResult  25: 57871488 op, 22952000.00 ns, 0.3966 ns/op
WorkloadResult  26: 57871488 op, 18014300.00 ns, 0.3113 ns/op
WorkloadResult  27: 57871488 op, 15844200.00 ns, 0.2738 ns/op
WorkloadResult  28: 57871488 op, 15044600.00 ns, 0.2600 ns/op
WorkloadResult  29: 57871488 op, 14559500.00 ns, 0.2516 ns/op
WorkloadResult  30: 57871488 op, 15772900.00 ns, 0.2726 ns/op
WorkloadResult  31: 57871488 op, 13572400.00 ns, 0.2345 ns/op
WorkloadResult  32: 57871488 op, 13775100.00 ns, 0.2380 ns/op
WorkloadResult  33: 57871488 op, 15038500.00 ns, 0.2599 ns/op
// GC:  0 0 0 0 57871488
// Threading:  0 0 57871488

// AfterAll
// Benchmark Process 7872 has exited with code 0.

Mean = 0.286 ns, StdErr = 0.009 ns (3.27%), N = 33, StdDev = 0.054 ns
Min = 0.228 ns, Q1 = 0.244 ns, Median = 0.266 ns, Q3 = 0.311 ns, Max = 0.401 ns
IQR = 0.067 ns, LowerFence = 0.143 ns, UpperFence = 0.412 ns
ConfidenceInterval = [0.253 ns; 0.320 ns] (CI 99.9%), Margin = 0.034 ns (11.83% of Mean)
Skewness = 0.96, Kurtosis = 2.59, MValue = 2.56

// ** Remained 4 (30.8%) benchmark(s) to run. Estimated finish 2026-02-24 22:12 (0h 0m from now) **
Setup power plan (GUID: 8c5e7fda-e8bf-4a96-9a85-a6e23a8c635c FriendlyName: High performance)
// **************************
// Benchmark: Scenario1.S1_ReturnOptionStringSuccess_EnumerationsOptions: .NET 10.0(Runtime=.NET 10.0, IterationTime=100ms) [Iterations=2]
// *** Execute ***
// Launch: 1 / 1
// Execute: dotnet Enumerations.Options.Benchmarks-1.dll --anonymousPipes 1252 1280 --benchmarkName "ReillyDigital.Enumerations.Options.Benchmarks.Scenarios.Scenario1.S1_ReturnOptionStringSuccess_EnumerationsOptions(Iterations: 2)" --job ".NET 10.0" --benchmarkId 9 in D:\x\devs\reilly-digital\dotnet\enumerations.options.benchmarks\bin\Debug\net10.0\Enumerations.Options.Benchmarks-1\bin\Release\net10.0
// BeforeAnythingElse

// Benchmark Process Environment Information:
// BenchmarkDotNet v0.15.8
// Runtime=.NET 10.0.3 (10.0.3, 10.0.326.7603), X64 RyuJIT x86-64-v3
// GC=Concurrent Workstation
// HardwareIntrinsics=AVX2+BMI1+BMI2+F16C+FMA+LZCNT+MOVBE,AVX,SSE3+SSSE3+SSE4.1+SSE4.2+POPCNT,X86Base+SSE+SSE2,AES+PCLMUL VectorSize=256
// Job: .NET 10.0(IterationTime=100ms)

OverheadJitting  1: 1 op, 107000.00 ns, 107.0000 us/op
WorkloadJitting  1: 1 op, 1538000.00 ns, 1.5380 ms/op

OverheadJitting  2: 16 op, 184400.00 ns, 11.5250 us/op
WorkloadJitting  2: 16 op, 198000.00 ns, 12.3750 us/op

WorkloadPilot    1: 16 op, 2200.00 ns, 137.5000 ns/op
WorkloadPilot    2: 727280 op, 28019400.00 ns, 38.5263 ns/op
WorkloadPilot    3: 2595632 op, 81805300.00 ns, 31.5165 ns/op
WorkloadPilot    4: 3172944 op, 24412700.00 ns, 7.6940 ns/op
WorkloadPilot    5: 12997104 op, 96314200.00 ns, 7.4104 ns/op
WorkloadPilot    6: 13494496 op, 87608700.00 ns, 6.4922 ns/op
WorkloadPilot    7: 15403152 op, 100461600.00 ns, 6.5221 ns/op
WorkloadPilot    8: 15332384 op, 102586500.00 ns, 6.6908 ns/op
WorkloadPilot    9: 14945824 op, 98505200.00 ns, 6.5908 ns/op
WorkloadPilot   10: 15172624 op, 109208200.00 ns, 7.1977 ns/op

OverheadWarmup   1: 15172624 op, 38432600.00 ns, 2.5330 ns/op
OverheadWarmup   2: 15172624 op, 38867600.00 ns, 2.5617 ns/op
OverheadWarmup   3: 15172624 op, 38705900.00 ns, 2.5510 ns/op
OverheadWarmup   4: 15172624 op, 38625300.00 ns, 2.5457 ns/op
OverheadWarmup   5: 15172624 op, 38456400.00 ns, 2.5346 ns/op
OverheadWarmup   6: 15172624 op, 38537800.00 ns, 2.5400 ns/op
OverheadWarmup   7: 15172624 op, 38534300.00 ns, 2.5397 ns/op

OverheadActual   1: 15172624 op, 38643500.00 ns, 2.5469 ns/op
OverheadActual   2: 15172624 op, 38412600.00 ns, 2.5317 ns/op
OverheadActual   3: 15172624 op, 38464500.00 ns, 2.5351 ns/op
OverheadActual   4: 15172624 op, 38307700.00 ns, 2.5248 ns/op
OverheadActual   5: 15172624 op, 38334200.00 ns, 2.5265 ns/op
OverheadActual   6: 15172624 op, 38168300.00 ns, 2.5156 ns/op
OverheadActual   7: 15172624 op, 38133900.00 ns, 2.5133 ns/op
OverheadActual   8: 15172624 op, 38284000.00 ns, 2.5232 ns/op
OverheadActual   9: 15172624 op, 35653300.00 ns, 2.3498 ns/op
OverheadActual  10: 15172624 op, 23773100.00 ns, 1.5668 ns/op
OverheadActual  11: 15172624 op, 23701100.00 ns, 1.5621 ns/op
OverheadActual  12: 15172624 op, 23648800.00 ns, 1.5586 ns/op
OverheadActual  13: 15172624 op, 23689600.00 ns, 1.5613 ns/op
OverheadActual  14: 15172624 op, 23658900.00 ns, 1.5593 ns/op
OverheadActual  15: 15172624 op, 23750800.00 ns, 1.5654 ns/op
OverheadActual  16: 15172624 op, 23556500.00 ns, 1.5526 ns/op
OverheadActual  17: 15172624 op, 23626400.00 ns, 1.5572 ns/op
OverheadActual  18: 15172624 op, 23643400.00 ns, 1.5583 ns/op
OverheadActual  19: 15172624 op, 23287200.00 ns, 1.5348 ns/op
OverheadActual  20: 15172624 op, 23690500.00 ns, 1.5614 ns/op

WorkloadWarmup   1: 15172624 op, 153485200.00 ns, 10.1159 ns/op
WorkloadWarmup   2: 15172624 op, 106553100.00 ns, 7.0227 ns/op
WorkloadWarmup   3: 15172624 op, 99294000.00 ns, 6.5443 ns/op
WorkloadWarmup   4: 15172624 op, 97958500.00 ns, 6.4563 ns/op
WorkloadWarmup   5: 15172624 op, 112988300.00 ns, 7.4469 ns/op
WorkloadWarmup   6: 15172624 op, 97002600.00 ns, 6.3933 ns/op
WorkloadWarmup   7: 15172624 op, 97766700.00 ns, 6.4436 ns/op
WorkloadWarmup   8: 15172624 op, 97738900.00 ns, 6.4418 ns/op

// BeforeActualRun
WorkloadActual   1: 15172624 op, 104506800.00 ns, 6.8879 ns/op
WorkloadActual   2: 15172624 op, 101170700.00 ns, 6.6680 ns/op
WorkloadActual   3: 15172624 op, 97323700.00 ns, 6.4144 ns/op
WorkloadActual   4: 15172624 op, 98370500.00 ns, 6.4834 ns/op
WorkloadActual   5: 15172624 op, 98178800.00 ns, 6.4708 ns/op
WorkloadActual   6: 15172624 op, 96858000.00 ns, 6.3837 ns/op
WorkloadActual   7: 15172624 op, 99312400.00 ns, 6.5455 ns/op
WorkloadActual   8: 15172624 op, 101133100.00 ns, 6.6655 ns/op
WorkloadActual   9: 15172624 op, 104975800.00 ns, 6.9188 ns/op
WorkloadActual  10: 15172624 op, 98051000.00 ns, 6.4624 ns/op
WorkloadActual  11: 15172624 op, 98280100.00 ns, 6.4775 ns/op
WorkloadActual  12: 15172624 op, 98417300.00 ns, 6.4865 ns/op
WorkloadActual  13: 15172624 op, 98647500.00 ns, 6.5017 ns/op
WorkloadActual  14: 15172624 op, 98757400.00 ns, 6.5089 ns/op
WorkloadActual  15: 15172624 op, 97359300.00 ns, 6.4168 ns/op

// AfterActualRun
WorkloadResult   1: 15172624 op, 77408750.00 ns, 5.1019 ns/op
WorkloadResult   2: 15172624 op, 73561750.00 ns, 4.8483 ns/op
WorkloadResult   3: 15172624 op, 74608550.00 ns, 4.9173 ns/op
WorkloadResult   4: 15172624 op, 74416850.00 ns, 4.9047 ns/op
WorkloadResult   5: 15172624 op, 73096050.00 ns, 4.8176 ns/op
WorkloadResult   6: 15172624 op, 75550450.00 ns, 4.9794 ns/op
WorkloadResult   7: 15172624 op, 77371150.00 ns, 5.0994 ns/op
WorkloadResult   8: 15172624 op, 74289050.00 ns, 4.8963 ns/op
WorkloadResult   9: 15172624 op, 74518150.00 ns, 4.9114 ns/op
WorkloadResult  10: 15172624 op, 74655350.00 ns, 4.9204 ns/op
WorkloadResult  11: 15172624 op, 74885550.00 ns, 4.9356 ns/op
WorkloadResult  12: 15172624 op, 74995450.00 ns, 4.9428 ns/op
WorkloadResult  13: 15172624 op, 73597350.00 ns, 4.8507 ns/op
// GC:  116 0 0 971047936 15172624
// Threading:  0 0 15172624

// AfterAll
// Benchmark Process 14836 has exited with code 0.

Mean = 4.933 ns, StdErr = 0.024 ns (0.48%), N = 13, StdDev = 0.086 ns
Min = 4.818 ns, Q1 = 4.896 ns, Median = 4.917 ns, Q3 = 4.943 ns, Max = 5.102 ns
IQR = 0.047 ns, LowerFence = 4.826 ns, UpperFence = 5.013 ns
ConfidenceInterval = [4.830 ns; 5.036 ns] (CI 99.9%), Margin = 0.103 ns (2.09% of Mean)
Skewness = 0.82, Kurtosis = 2.63, MValue = 2

// ** Remained 3 (23.1%) benchmark(s) to run. Estimated finish 2026-02-24 22:12 (0h 0m from now) **
Setup power plan (GUID: 8c5e7fda-e8bf-4a96-9a85-a6e23a8c635c FriendlyName: High performance)
// **************************
// Benchmark: Scenario1.S1_ReturnVoidErrorNoMessage_EnumerationsOptions: .NET 10.0(Runtime=.NET 10.0, IterationTime=100ms) [Iterations=2]
// *** Execute ***
// Launch: 1 / 1
// Execute: dotnet Enumerations.Options.Benchmarks-1.dll --anonymousPipes 1676 1740 --benchmarkName "ReillyDigital.Enumerations.Options.Benchmarks.Scenarios.Scenario1.S1_ReturnVoidErrorNoMessage_EnumerationsOptions(Iterations: 2)" --job ".NET 10.0" --benchmarkId 10 in D:\x\devs\reilly-digital\dotnet\enumerations.options.benchmarks\bin\Debug\net10.0\Enumerations.Options.Benchmarks-1\bin\Release\net10.0
// BeforeAnythingElse

// Benchmark Process Environment Information:
// BenchmarkDotNet v0.15.8
// Runtime=.NET 10.0.3 (10.0.3, 10.0.326.7603), X64 RyuJIT x86-64-v3
// GC=Concurrent Workstation
// HardwareIntrinsics=AVX2+BMI1+BMI2+F16C+FMA+LZCNT+MOVBE,AVX,SSE3+SSSE3+SSE4.1+SSE4.2+POPCNT,X86Base+SSE+SSE2,AES+PCLMUL VectorSize=256
// Job: .NET 10.0(IterationTime=100ms)

OverheadJitting  1: 1 op, 111800.00 ns, 111.8000 us/op
WorkloadJitting  1: 1 op, 1470300.00 ns, 1.4703 ms/op

OverheadJitting  2: 16 op, 206700.00 ns, 12.9188 us/op
WorkloadJitting  2: 16 op, 231000.00 ns, 14.4375 us/op

WorkloadPilot    1: 16 op, 1700.00 ns, 106.2500 ns/op
WorkloadPilot    2: 941184 op, 36669900.00 ns, 38.9615 ns/op
WorkloadPilot    3: 2566640 op, 84341500.00 ns, 32.8607 ns/op
WorkloadPilot    4: 3043152 op, 21872500.00 ns, 7.1874 ns/op
WorkloadPilot    5: 13913152 op, 91844800.00 ns, 6.6013 ns/op
WorkloadPilot    6: 15148560 op, 98582100.00 ns, 6.5077 ns/op
WorkloadPilot    7: 15366448 op, 98287800.00 ns, 6.3963 ns/op
WorkloadPilot    8: 15634144 op, 152235800.00 ns, 9.7374 ns/op
WorkloadPilot    9: 10269696 op, 71854600.00 ns, 6.9968 ns/op
WorkloadPilot   10: 14292336 op, 140386800.00 ns, 9.8225 ns/op
WorkloadPilot   11: 10180688 op, 68706300.00 ns, 6.7487 ns/op
WorkloadPilot   12: 14817696 op, 143633400.00 ns, 9.6934 ns/op

OverheadWarmup   1: 14817696 op, 37029900.00 ns, 2.4990 ns/op
OverheadWarmup   2: 14817696 op, 37574400.00 ns, 2.5358 ns/op
OverheadWarmup   3: 14817696 op, 37182700.00 ns, 2.5093 ns/op
OverheadWarmup   4: 14817696 op, 37106100.00 ns, 2.5042 ns/op
OverheadWarmup   5: 14817696 op, 37035300.00 ns, 2.4994 ns/op
OverheadWarmup   6: 14817696 op, 37049300.00 ns, 2.5003 ns/op
OverheadWarmup   7: 14817696 op, 37216300.00 ns, 2.5116 ns/op
OverheadWarmup   8: 14817696 op, 37838500.00 ns, 2.5536 ns/op
OverheadWarmup   9: 14817696 op, 22591600.00 ns, 1.5246 ns/op

OverheadActual   1: 14817696 op, 22075900.00 ns, 1.4898 ns/op
OverheadActual   2: 14817696 op, 22077700.00 ns, 1.4900 ns/op
OverheadActual   3: 14817696 op, 22083000.00 ns, 1.4903 ns/op
OverheadActual   4: 14817696 op, 22033800.00 ns, 1.4870 ns/op
OverheadActual   5: 14817696 op, 22795900.00 ns, 1.5384 ns/op
OverheadActual   6: 14817696 op, 22870800.00 ns, 1.5435 ns/op
OverheadActual   7: 14817696 op, 22560500.00 ns, 1.5225 ns/op
OverheadActual   8: 14817696 op, 23351900.00 ns, 1.5759 ns/op
OverheadActual   9: 14817696 op, 23058000.00 ns, 1.5561 ns/op
OverheadActual  10: 14817696 op, 22644600.00 ns, 1.5282 ns/op
OverheadActual  11: 14817696 op, 22347200.00 ns, 1.5081 ns/op
OverheadActual  12: 14817696 op, 22757000.00 ns, 1.5358 ns/op
OverheadActual  13: 14817696 op, 22775900.00 ns, 1.5371 ns/op
OverheadActual  14: 14817696 op, 22768400.00 ns, 1.5366 ns/op
OverheadActual  15: 14817696 op, 22713300.00 ns, 1.5328 ns/op

WorkloadWarmup   1: 14817696 op, 146512300.00 ns, 9.8877 ns/op
WorkloadWarmup   2: 14817696 op, 145828800.00 ns, 9.8415 ns/op
WorkloadWarmup   3: 14817696 op, 141338200.00 ns, 9.5385 ns/op
WorkloadWarmup   4: 14817696 op, 145795500.00 ns, 9.8393 ns/op
WorkloadWarmup   5: 14817696 op, 143574500.00 ns, 9.6894 ns/op
WorkloadWarmup   6: 14817696 op, 143787400.00 ns, 9.7038 ns/op
WorkloadWarmup   7: 14817696 op, 144326300.00 ns, 9.7401 ns/op
WorkloadWarmup   8: 14817696 op, 146085800.00 ns, 9.8589 ns/op
WorkloadWarmup   9: 14817696 op, 142907400.00 ns, 9.6444 ns/op

// BeforeActualRun
WorkloadActual   1: 14817696 op, 153450900.00 ns, 10.3559 ns/op
WorkloadActual   2: 14817696 op, 216878700.00 ns, 14.6365 ns/op
WorkloadActual   3: 14817696 op, 170367100.00 ns, 11.4975 ns/op
WorkloadActual   4: 14817696 op, 183056600.00 ns, 12.3539 ns/op
WorkloadActual   5: 14817696 op, 173988800.00 ns, 11.7420 ns/op
WorkloadActual   6: 14817696 op, 165688800.00 ns, 11.1818 ns/op
WorkloadActual   7: 14817696 op, 157900800.00 ns, 10.6562 ns/op
WorkloadActual   8: 14817696 op, 155979500.00 ns, 10.5266 ns/op
WorkloadActual   9: 14817696 op, 155185600.00 ns, 10.4730 ns/op
WorkloadActual  10: 14817696 op, 155290300.00 ns, 10.4801 ns/op
WorkloadActual  11: 14817696 op, 156343400.00 ns, 10.5511 ns/op
WorkloadActual  12: 14817696 op, 156928000.00 ns, 10.5906 ns/op
WorkloadActual  13: 14817696 op, 158024200.00 ns, 10.6646 ns/op
WorkloadActual  14: 14817696 op, 155897700.00 ns, 10.5210 ns/op
WorkloadActual  15: 14817696 op, 156266600.00 ns, 10.5459 ns/op
WorkloadActual  16: 14817696 op, 153745400.00 ns, 10.3758 ns/op
WorkloadActual  17: 14817696 op, 154782500.00 ns, 10.4458 ns/op
WorkloadActual  18: 14817696 op, 146914200.00 ns, 9.9148 ns/op
WorkloadActual  19: 14817696 op, 145493700.00 ns, 9.8189 ns/op
WorkloadActual  20: 14817696 op, 146891400.00 ns, 9.9132 ns/op
WorkloadActual  21: 14817696 op, 144705400.00 ns, 9.7657 ns/op
WorkloadActual  22: 14817696 op, 108004400.00 ns, 7.2889 ns/op
WorkloadActual  23: 14817696 op, 140642700.00 ns, 9.4915 ns/op
WorkloadActual  24: 14817696 op, 148171200.00 ns, 9.9996 ns/op
WorkloadActual  25: 14817696 op, 147781500.00 ns, 9.9733 ns/op
WorkloadActual  26: 14817696 op, 139663200.00 ns, 9.4254 ns/op
WorkloadActual  27: 14817696 op, 147787000.00 ns, 9.9737 ns/op
WorkloadActual  28: 14817696 op, 146947500.00 ns, 9.9170 ns/op
WorkloadActual  29: 14817696 op, 145745200.00 ns, 9.8359 ns/op
WorkloadActual  30: 14817696 op, 145667100.00 ns, 9.8306 ns/op
WorkloadActual  31: 14817696 op, 144491400.00 ns, 9.7513 ns/op
WorkloadActual  32: 14817696 op, 148297900.00 ns, 10.0082 ns/op
WorkloadActual  33: 14817696 op, 145882300.00 ns, 9.8451 ns/op
WorkloadActual  34: 14817696 op, 148164200.00 ns, 9.9991 ns/op
WorkloadActual  35: 14817696 op, 146320200.00 ns, 9.8747 ns/op
WorkloadActual  36: 14817696 op, 146258400.00 ns, 9.8705 ns/op
WorkloadActual  37: 14817696 op, 146630600.00 ns, 9.8956 ns/op
WorkloadActual  38: 14817696 op, 146805600.00 ns, 9.9075 ns/op
WorkloadActual  39: 14817696 op, 148009900.00 ns, 9.9887 ns/op
WorkloadActual  40: 14817696 op, 145937600.00 ns, 9.8489 ns/op
WorkloadActual  41: 14817696 op, 146480600.00 ns, 9.8855 ns/op
WorkloadActual  42: 14817696 op, 136775300.00 ns, 9.2305 ns/op
WorkloadActual  43: 14817696 op, 143709300.00 ns, 9.6985 ns/op
WorkloadActual  44: 14817696 op, 148495400.00 ns, 10.0215 ns/op
WorkloadActual  45: 14817696 op, 147814700.00 ns, 9.9756 ns/op
WorkloadActual  46: 14817696 op, 118362700.00 ns, 7.9879 ns/op
WorkloadActual  47: 14817696 op, 145305700.00 ns, 9.8062 ns/op
WorkloadActual  48: 14817696 op, 148466500.00 ns, 10.0195 ns/op
WorkloadActual  49: 14817696 op, 147414700.00 ns, 9.9486 ns/op
WorkloadActual  50: 14817696 op, 146974600.00 ns, 9.9189 ns/op
WorkloadActual  51: 14817696 op, 147648800.00 ns, 9.9644 ns/op
WorkloadActual  52: 14817696 op, 149071400.00 ns, 10.0604 ns/op
WorkloadActual  53: 14817696 op, 146006400.00 ns, 9.8535 ns/op
WorkloadActual  54: 14817696 op, 137550700.00 ns, 9.2829 ns/op
WorkloadActual  55: 14817696 op, 144243700.00 ns, 9.7346 ns/op
WorkloadActual  56: 14817696 op, 149976300.00 ns, 10.1214 ns/op
WorkloadActual  57: 14817696 op, 148310000.00 ns, 10.0090 ns/op
WorkloadActual  58: 14817696 op, 147031500.00 ns, 9.9227 ns/op
WorkloadActual  59: 14817696 op, 145932400.00 ns, 9.8485 ns/op
WorkloadActual  60: 14817696 op, 151657100.00 ns, 10.2349 ns/op
WorkloadActual  61: 14817696 op, 149215100.00 ns, 10.0701 ns/op
WorkloadActual  62: 14817696 op, 140819100.00 ns, 9.5034 ns/op
WorkloadActual  63: 14817696 op, 145960800.00 ns, 9.8504 ns/op
WorkloadActual  64: 14817696 op, 146507400.00 ns, 9.8873 ns/op
WorkloadActual  65: 14817696 op, 147385100.00 ns, 9.9466 ns/op
WorkloadActual  66: 14817696 op, 143092400.00 ns, 9.6569 ns/op
WorkloadActual  67: 14817696 op, 148705600.00 ns, 10.0357 ns/op
WorkloadActual  68: 14817696 op, 147685500.00 ns, 9.9668 ns/op
WorkloadActual  69: 14817696 op, 133543000.00 ns, 9.0124 ns/op
WorkloadActual  70: 14817696 op, 141874600.00 ns, 9.5747 ns/op
WorkloadActual  71: 14817696 op, 142180500.00 ns, 9.5953 ns/op
WorkloadActual  72: 14817696 op, 148145700.00 ns, 9.9979 ns/op
WorkloadActual  73: 14817696 op, 147799600.00 ns, 9.9745 ns/op
WorkloadActual  74: 14817696 op, 142379400.00 ns, 9.6087 ns/op
WorkloadActual  75: 14817696 op, 142926200.00 ns, 9.6456 ns/op
WorkloadActual  76: 14817696 op, 146594200.00 ns, 9.8932 ns/op
WorkloadActual  77: 14817696 op, 148847100.00 ns, 10.0452 ns/op
WorkloadActual  78: 14817696 op, 147069300.00 ns, 9.9252 ns/op
WorkloadActual  79: 14817696 op, 149005700.00 ns, 10.0559 ns/op
WorkloadActual  80: 14817696 op, 146545500.00 ns, 9.8899 ns/op

// AfterActualRun
WorkloadResult   1: 14817696 op, 130737600.00 ns, 8.8231 ns/op
WorkloadResult   2: 14817696 op, 131032100.00 ns, 8.8429 ns/op
WorkloadResult   3: 14817696 op, 124200900.00 ns, 8.3819 ns/op
WorkloadResult   4: 14817696 op, 122780400.00 ns, 8.2861 ns/op
WorkloadResult   5: 14817696 op, 124178100.00 ns, 8.3804 ns/op
WorkloadResult   6: 14817696 op, 121992100.00 ns, 8.2329 ns/op
WorkloadResult   7: 14817696 op, 85291100.00 ns, 5.7560 ns/op
WorkloadResult   8: 14817696 op, 117929400.00 ns, 7.9587 ns/op
WorkloadResult   9: 14817696 op, 125457900.00 ns, 8.4668 ns/op
WorkloadResult  10: 14817696 op, 125068200.00 ns, 8.4405 ns/op
WorkloadResult  11: 14817696 op, 116949900.00 ns, 7.8926 ns/op
WorkloadResult  12: 14817696 op, 125073700.00 ns, 8.4408 ns/op
WorkloadResult  13: 14817696 op, 124234200.00 ns, 8.3842 ns/op
WorkloadResult  14: 14817696 op, 123031900.00 ns, 8.3030 ns/op
WorkloadResult  15: 14817696 op, 122953800.00 ns, 8.2978 ns/op
WorkloadResult  16: 14817696 op, 121778100.00 ns, 8.2184 ns/op
WorkloadResult  17: 14817696 op, 125584600.00 ns, 8.4753 ns/op
WorkloadResult  18: 14817696 op, 123169000.00 ns, 8.3123 ns/op
WorkloadResult  19: 14817696 op, 125450900.00 ns, 8.4663 ns/op
WorkloadResult  20: 14817696 op, 123606900.00 ns, 8.3418 ns/op
WorkloadResult  21: 14817696 op, 123545100.00 ns, 8.3377 ns/op
WorkloadResult  22: 14817696 op, 123917300.00 ns, 8.3628 ns/op
WorkloadResult  23: 14817696 op, 124092300.00 ns, 8.3746 ns/op
WorkloadResult  24: 14817696 op, 125296600.00 ns, 8.4559 ns/op
WorkloadResult  25: 14817696 op, 123224300.00 ns, 8.3160 ns/op
WorkloadResult  26: 14817696 op, 123767300.00 ns, 8.3527 ns/op
WorkloadResult  27: 14817696 op, 114062000.00 ns, 7.6977 ns/op
WorkloadResult  28: 14817696 op, 120996000.00 ns, 8.1656 ns/op
WorkloadResult  29: 14817696 op, 125782100.00 ns, 8.4886 ns/op
WorkloadResult  30: 14817696 op, 125101400.00 ns, 8.4427 ns/op
WorkloadResult  31: 14817696 op, 95649400.00 ns, 6.4551 ns/op
WorkloadResult  32: 14817696 op, 122592400.00 ns, 8.2734 ns/op
WorkloadResult  33: 14817696 op, 125753200.00 ns, 8.4867 ns/op
WorkloadResult  34: 14817696 op, 124701400.00 ns, 8.4157 ns/op
WorkloadResult  35: 14817696 op, 124261300.00 ns, 8.3860 ns/op
WorkloadResult  36: 14817696 op, 124935500.00 ns, 8.4315 ns/op
WorkloadResult  37: 14817696 op, 126358100.00 ns, 8.5275 ns/op
WorkloadResult  38: 14817696 op, 123293100.00 ns, 8.3207 ns/op
WorkloadResult  39: 14817696 op, 114837400.00 ns, 7.7500 ns/op
WorkloadResult  40: 14817696 op, 121530400.00 ns, 8.2017 ns/op
WorkloadResult  41: 14817696 op, 127263000.00 ns, 8.5886 ns/op
WorkloadResult  42: 14817696 op, 125596700.00 ns, 8.4761 ns/op
WorkloadResult  43: 14817696 op, 124318200.00 ns, 8.3898 ns/op
WorkloadResult  44: 14817696 op, 123219100.00 ns, 8.3157 ns/op
WorkloadResult  45: 14817696 op, 128943800.00 ns, 8.7020 ns/op
WorkloadResult  46: 14817696 op, 126501800.00 ns, 8.5372 ns/op
WorkloadResult  47: 14817696 op, 118105800.00 ns, 7.9706 ns/op
WorkloadResult  48: 14817696 op, 123247500.00 ns, 8.3176 ns/op
WorkloadResult  49: 14817696 op, 123794100.00 ns, 8.3545 ns/op
WorkloadResult  50: 14817696 op, 124671800.00 ns, 8.4137 ns/op
WorkloadResult  51: 14817696 op, 120379100.00 ns, 8.1240 ns/op
WorkloadResult  52: 14817696 op, 125992300.00 ns, 8.5028 ns/op
WorkloadResult  53: 14817696 op, 124972200.00 ns, 8.4340 ns/op
WorkloadResult  54: 14817696 op, 110829700.00 ns, 7.4796 ns/op
WorkloadResult  55: 14817696 op, 119161300.00 ns, 8.0418 ns/op
WorkloadResult  56: 14817696 op, 119467200.00 ns, 8.0625 ns/op
WorkloadResult  57: 14817696 op, 125432400.00 ns, 8.4650 ns/op
WorkloadResult  58: 14817696 op, 125086300.00 ns, 8.4417 ns/op
WorkloadResult  59: 14817696 op, 119666100.00 ns, 8.0759 ns/op
WorkloadResult  60: 14817696 op, 120212900.00 ns, 8.1128 ns/op
WorkloadResult  61: 14817696 op, 123880900.00 ns, 8.3603 ns/op
WorkloadResult  62: 14817696 op, 126133800.00 ns, 8.5124 ns/op
WorkloadResult  63: 14817696 op, 124356000.00 ns, 8.3924 ns/op
WorkloadResult  64: 14817696 op, 126292400.00 ns, 8.5231 ns/op
WorkloadResult  65: 14817696 op, 123832200.00 ns, 8.3570 ns/op
// GC:  113 0 0 948332544 14817696
// Threading:  0 0 14817696

// AfterAll
// Benchmark Process 17320 has exited with code 0.

Mean = 8.260 ns, StdErr = 0.057 ns (0.68%), N = 65, StdDev = 0.456 ns
Min = 5.756 ns, Q1 = 8.233 ns, Median = 8.363 ns, Q3 = 8.456 ns, Max = 8.843 ns
IQR = 0.223 ns, LowerFence = 7.898 ns, UpperFence = 8.790 ns
ConfidenceInterval = [8.065 ns; 8.455 ns] (CI 99.9%), Margin = 0.195 ns (2.36% of Mean)
Skewness = -3.54, Kurtosis = 18.13, MValue = 2

// ** Remained 2 (15.4%) benchmark(s) to run. Estimated finish 2026-02-24 22:12 (0h 0m from now) **
Setup power plan (GUID: 8c5e7fda-e8bf-4a96-9a85-a6e23a8c635c FriendlyName: High performance)
// **************************
// Benchmark: Scenario1.S1_ReturnVoidErrorWithMessage_EnumerationsOptions: .NET 10.0(Runtime=.NET 10.0, IterationTime=100ms) [Iterations=2]
// *** Execute ***
// Launch: 1 / 1
// Execute: dotnet Enumerations.Options.Benchmarks-1.dll --anonymousPipes 1536 1512 --benchmarkName "ReillyDigital.Enumerations.Options.Benchmarks.Scenarios.Scenario1.S1_ReturnVoidErrorWithMessage_EnumerationsOptions(Iterations: 2)" --job ".NET 10.0" --benchmarkId 11 in D:\x\devs\reilly-digital\dotnet\enumerations.options.benchmarks\bin\Debug\net10.0\Enumerations.Options.Benchmarks-1\bin\Release\net10.0
// BeforeAnythingElse

// Benchmark Process Environment Information:
// BenchmarkDotNet v0.15.8
// Runtime=.NET 10.0.3 (10.0.3, 10.0.326.7603), X64 RyuJIT x86-64-v3
// GC=Concurrent Workstation
// HardwareIntrinsics=AVX2+BMI1+BMI2+F16C+FMA+LZCNT+MOVBE,AVX,SSE3+SSSE3+SSE4.1+SSE4.2+POPCNT,X86Base+SSE+SSE2,AES+PCLMUL VectorSize=256
// Job: .NET 10.0(IterationTime=100ms)

OverheadJitting  1: 1 op, 116900.00 ns, 116.9000 us/op
WorkloadJitting  1: 1 op, 1257500.00 ns, 1.2575 ms/op

OverheadJitting  2: 16 op, 151400.00 ns, 9.4625 us/op
WorkloadJitting  2: 16 op, 152700.00 ns, 9.5438 us/op

WorkloadPilot    1: 16 op, 1800.00 ns, 112.5000 ns/op
WorkloadPilot    2: 888896 op, 32024900.00 ns, 36.0277 ns/op
WorkloadPilot    3: 2775648 op, 88478300.00 ns, 31.8766 ns/op
WorkloadPilot    4: 3137104 op, 26644700.00 ns, 8.4934 ns/op
WorkloadPilot    5: 11773840 op, 76844400.00 ns, 6.5267 ns/op
WorkloadPilot    6: 15321664 op, 98580400.00 ns, 6.4341 ns/op
WorkloadPilot    7: 15542304 op, 122482300.00 ns, 7.8806 ns/op
WorkloadPilot    8: 12689440 op, 96618600.00 ns, 7.6141 ns/op
WorkloadPilot    9: 13133552 op, 95184700.00 ns, 7.2474 ns/op
WorkloadPilot   10: 13797968 op, 104135200.00 ns, 7.5471 ns/op
WorkloadPilot   11: 13250064 op, 90333600.00 ns, 6.8176 ns/op
WorkloadPilot   12: 14667936 op, 95997400.00 ns, 6.5447 ns/op
WorkloadPilot   13: 15279520 op, 114038000.00 ns, 7.4635 ns/op

OverheadWarmup   1: 15279520 op, 37385900.00 ns, 2.4468 ns/op
OverheadWarmup   2: 15279520 op, 37411000.00 ns, 2.4484 ns/op
OverheadWarmup   3: 15279520 op, 37352100.00 ns, 2.4446 ns/op
OverheadWarmup   4: 15279520 op, 37419600.00 ns, 2.4490 ns/op
OverheadWarmup   5: 15279520 op, 37345500.00 ns, 2.4442 ns/op

OverheadActual   1: 15279520 op, 37603900.00 ns, 2.4611 ns/op
OverheadActual   2: 15279520 op, 37424200.00 ns, 2.4493 ns/op
OverheadActual   3: 15279520 op, 37332500.00 ns, 2.4433 ns/op
OverheadActual   4: 15279520 op, 37521200.00 ns, 2.4557 ns/op
OverheadActual   5: 15279520 op, 37385700.00 ns, 2.4468 ns/op
OverheadActual   6: 15279520 op, 37381700.00 ns, 2.4465 ns/op
OverheadActual   7: 15279520 op, 37334700.00 ns, 2.4434 ns/op
OverheadActual   8: 15279520 op, 37440400.00 ns, 2.4504 ns/op
OverheadActual   9: 15279520 op, 32199000.00 ns, 2.1073 ns/op
OverheadActual  10: 15279520 op, 22899900.00 ns, 1.4987 ns/op
OverheadActual  11: 15279520 op, 22823000.00 ns, 1.4937 ns/op
OverheadActual  12: 15279520 op, 22774200.00 ns, 1.4905 ns/op
OverheadActual  13: 15279520 op, 22746600.00 ns, 1.4887 ns/op
OverheadActual  14: 15279520 op, 22747100.00 ns, 1.4887 ns/op
OverheadActual  15: 15279520 op, 22716100.00 ns, 1.4867 ns/op
OverheadActual  16: 15279520 op, 22783100.00 ns, 1.4911 ns/op
OverheadActual  17: 15279520 op, 22759500.00 ns, 1.4895 ns/op
OverheadActual  18: 15279520 op, 22736000.00 ns, 1.4880 ns/op
OverheadActual  19: 15279520 op, 22718700.00 ns, 1.4869 ns/op
OverheadActual  20: 15279520 op, 22810800.00 ns, 1.4929 ns/op

WorkloadWarmup   1: 15279520 op, 103005700.00 ns, 6.7414 ns/op
WorkloadWarmup   2: 15279520 op, 100324000.00 ns, 6.5659 ns/op
WorkloadWarmup   3: 15279520 op, 99020600.00 ns, 6.4806 ns/op
WorkloadWarmup   4: 15279520 op, 149711800.00 ns, 9.7982 ns/op
WorkloadWarmup   5: 15279520 op, 128189900.00 ns, 8.3897 ns/op
WorkloadWarmup   6: 15279520 op, 97876400.00 ns, 6.4057 ns/op
WorkloadWarmup   7: 15279520 op, 149649100.00 ns, 9.7941 ns/op
WorkloadWarmup   8: 15279520 op, 98102000.00 ns, 6.4205 ns/op

// BeforeActualRun
WorkloadActual   1: 15279520 op, 97794700.00 ns, 6.4004 ns/op
WorkloadActual   2: 15279520 op, 125717700.00 ns, 8.2279 ns/op
WorkloadActual   3: 15279520 op, 161349800.00 ns, 10.5599 ns/op
WorkloadActual   4: 15279520 op, 111199500.00 ns, 7.2777 ns/op
WorkloadActual   5: 15279520 op, 104960100.00 ns, 6.8693 ns/op
WorkloadActual   6: 15279520 op, 160157400.00 ns, 10.4818 ns/op
WorkloadActual   7: 15279520 op, 118646200.00 ns, 7.7650 ns/op
WorkloadActual   8: 15279520 op, 108480300.00 ns, 7.0997 ns/op
WorkloadActual   9: 15279520 op, 162072800.00 ns, 10.6072 ns/op
WorkloadActual  10: 15279520 op, 109623300.00 ns, 7.1745 ns/op
WorkloadActual  11: 15279520 op, 108150600.00 ns, 7.0781 ns/op
WorkloadActual  12: 15279520 op, 154640600.00 ns, 10.1208 ns/op
WorkloadActual  13: 15279520 op, 107091400.00 ns, 7.0088 ns/op
WorkloadActual  14: 15279520 op, 105206900.00 ns, 6.8855 ns/op
WorkloadActual  15: 15279520 op, 165255800.00 ns, 10.8155 ns/op
WorkloadActual  16: 15279520 op, 113217700.00 ns, 7.4098 ns/op
WorkloadActual  17: 15279520 op, 109135300.00 ns, 7.1426 ns/op
WorkloadActual  18: 15279520 op, 161456700.00 ns, 10.5669 ns/op
WorkloadActual  19: 15279520 op, 107193900.00 ns, 7.0155 ns/op
WorkloadActual  20: 15279520 op, 106163100.00 ns, 6.9481 ns/op
WorkloadActual  21: 15279520 op, 159949600.00 ns, 10.4682 ns/op
WorkloadActual  22: 15279520 op, 98431500.00 ns, 6.4421 ns/op
WorkloadActual  23: 15279520 op, 153770600.00 ns, 10.0638 ns/op
WorkloadActual  24: 15279520 op, 98295500.00 ns, 6.4332 ns/op
WorkloadActual  25: 15279520 op, 152800300.00 ns, 10.0003 ns/op
WorkloadActual  26: 15279520 op, 98090100.00 ns, 6.4197 ns/op
WorkloadActual  27: 15279520 op, 151861700.00 ns, 9.9389 ns/op
WorkloadActual  28: 15279520 op, 99683300.00 ns, 6.5240 ns/op
WorkloadActual  29: 15279520 op, 152286200.00 ns, 9.9667 ns/op
WorkloadActual  30: 15279520 op, 98476100.00 ns, 6.4450 ns/op
WorkloadActual  31: 15279520 op, 148654400.00 ns, 9.7290 ns/op
WorkloadActual  32: 15279520 op, 152537300.00 ns, 9.9831 ns/op
WorkloadActual  33: 15279520 op, 152628300.00 ns, 9.9891 ns/op
WorkloadActual  34: 15279520 op, 99124000.00 ns, 6.4874 ns/op
WorkloadActual  35: 15279520 op, 151404600.00 ns, 9.9090 ns/op
WorkloadActual  36: 15279520 op, 149930000.00 ns, 9.8125 ns/op
WorkloadActual  37: 15279520 op, 149085300.00 ns, 9.7572 ns/op
WorkloadActual  38: 15279520 op, 99111300.00 ns, 6.4865 ns/op
WorkloadActual  39: 15279520 op, 153071900.00 ns, 10.0181 ns/op
WorkloadActual  40: 15279520 op, 116890800.00 ns, 7.6502 ns/op
WorkloadActual  41: 15279520 op, 152356000.00 ns, 9.9713 ns/op
WorkloadActual  42: 15279520 op, 99076000.00 ns, 6.4842 ns/op
WorkloadActual  43: 15279520 op, 154078100.00 ns, 10.0840 ns/op
WorkloadActual  44: 15279520 op, 153914500.00 ns, 10.0733 ns/op
WorkloadActual  45: 15279520 op, 149715600.00 ns, 9.7984 ns/op
WorkloadActual  46: 15279520 op, 98408100.00 ns, 6.4405 ns/op
WorkloadActual  47: 15279520 op, 153071800.00 ns, 10.0181 ns/op
WorkloadActual  48: 15279520 op, 98218700.00 ns, 6.4281 ns/op
WorkloadActual  49: 15279520 op, 152073200.00 ns, 9.9527 ns/op
WorkloadActual  50: 15279520 op, 151859500.00 ns, 9.9388 ns/op
WorkloadActual  51: 15279520 op, 151751800.00 ns, 9.9317 ns/op
WorkloadActual  52: 15279520 op, 151435900.00 ns, 9.9110 ns/op
WorkloadActual  53: 15279520 op, 151466500.00 ns, 9.9130 ns/op
WorkloadActual  54: 15279520 op, 114635100.00 ns, 7.5025 ns/op
WorkloadActual  55: 15279520 op, 144329900.00 ns, 9.4460 ns/op
WorkloadActual  56: 15279520 op, 102224300.00 ns, 6.6903 ns/op
WorkloadActual  57: 15279520 op, 150021400.00 ns, 9.8185 ns/op
WorkloadActual  58: 15279520 op, 110597500.00 ns, 7.2383 ns/op
WorkloadActual  59: 15279520 op, 152335200.00 ns, 9.9699 ns/op
WorkloadActual  60: 15279520 op, 98020800.00 ns, 6.4152 ns/op
WorkloadActual  61: 15279520 op, 146304700.00 ns, 9.5752 ns/op
WorkloadActual  62: 15279520 op, 110306100.00 ns, 7.2192 ns/op
WorkloadActual  63: 15279520 op, 145160200.00 ns, 9.5003 ns/op
WorkloadActual  64: 15279520 op, 98480600.00 ns, 6.4453 ns/op
WorkloadActual  65: 15279520 op, 151956000.00 ns, 9.9451 ns/op
WorkloadActual  66: 15279520 op, 98636000.00 ns, 6.4554 ns/op
WorkloadActual  67: 15279520 op, 149332700.00 ns, 9.7734 ns/op
WorkloadActual  68: 15279520 op, 98510100.00 ns, 6.4472 ns/op
WorkloadActual  69: 15279520 op, 150486500.00 ns, 9.8489 ns/op
WorkloadActual  70: 15279520 op, 108096200.00 ns, 7.0746 ns/op
WorkloadActual  71: 15279520 op, 152477500.00 ns, 9.9792 ns/op
WorkloadActual  72: 15279520 op, 151908800.00 ns, 9.9420 ns/op
WorkloadActual  73: 15279520 op, 149561600.00 ns, 9.7884 ns/op
WorkloadActual  74: 15279520 op, 120178400.00 ns, 7.8653 ns/op
WorkloadActual  75: 15279520 op, 152038000.00 ns, 9.9504 ns/op
WorkloadActual  76: 15279520 op, 152500100.00 ns, 9.9807 ns/op
WorkloadActual  77: 15279520 op, 157396500.00 ns, 10.3011 ns/op
WorkloadActual  78: 15279520 op, 108148300.00 ns, 7.0780 ns/op
WorkloadActual  79: 15279520 op, 165377800.00 ns, 10.8235 ns/op
WorkloadActual  80: 15279520 op, 98892000.00 ns, 6.4722 ns/op
WorkloadActual  81: 15279520 op, 150541400.00 ns, 9.8525 ns/op
WorkloadActual  82: 15279520 op, 152156500.00 ns, 9.9582 ns/op
WorkloadActual  83: 15279520 op, 148830000.00 ns, 9.7405 ns/op
WorkloadActual  84: 15279520 op, 101606300.00 ns, 6.6498 ns/op
WorkloadActual  85: 15279520 op, 151227900.00 ns, 9.8974 ns/op
WorkloadActual  86: 15279520 op, 152230100.00 ns, 9.9630 ns/op
WorkloadActual  87: 15279520 op, 152450900.00 ns, 9.9775 ns/op
WorkloadActual  88: 15279520 op, 98551100.00 ns, 6.4499 ns/op
WorkloadActual  89: 15279520 op, 151448900.00 ns, 9.9119 ns/op
WorkloadActual  90: 15279520 op, 118328300.00 ns, 7.7442 ns/op
WorkloadActual  91: 15279520 op, 151274200.00 ns, 9.9005 ns/op
WorkloadActual  92: 15279520 op, 98839600.00 ns, 6.4688 ns/op
WorkloadActual  93: 15279520 op, 150740700.00 ns, 9.8655 ns/op
WorkloadActual  94: 15279520 op, 151960000.00 ns, 9.9453 ns/op
WorkloadActual  95: 15279520 op, 152510100.00 ns, 9.9813 ns/op
WorkloadActual  96: 15279520 op, 103562800.00 ns, 6.7779 ns/op
WorkloadActual  97: 15279520 op, 152641400.00 ns, 9.9899 ns/op
WorkloadActual  98: 15279520 op, 98311700.00 ns, 6.4342 ns/op
WorkloadActual  99: 15279520 op, 149820100.00 ns, 9.8053 ns/op
WorkloadActual  100: 15279520 op, 98250200.00 ns, 6.4302 ns/op

// AfterActualRun
WorkloadResult   1: 15279520 op, 74933250.00 ns, 4.9042 ns/op
WorkloadResult   2: 15279520 op, 102856250.00 ns, 6.7316 ns/op
WorkloadResult   3: 15279520 op, 138488350.00 ns, 9.0637 ns/op
WorkloadResult   4: 15279520 op, 88338050.00 ns, 5.7815 ns/op
WorkloadResult   5: 15279520 op, 82098650.00 ns, 5.3731 ns/op
WorkloadResult   6: 15279520 op, 137295950.00 ns, 8.9856 ns/op
WorkloadResult   7: 15279520 op, 95784750.00 ns, 6.2688 ns/op
WorkloadResult   8: 15279520 op, 85618850.00 ns, 5.6035 ns/op
WorkloadResult   9: 15279520 op, 139211350.00 ns, 9.1110 ns/op
WorkloadResult  10: 15279520 op, 86761850.00 ns, 5.6783 ns/op
WorkloadResult  11: 15279520 op, 85289150.00 ns, 5.5819 ns/op
WorkloadResult  12: 15279520 op, 131779150.00 ns, 8.6246 ns/op
WorkloadResult  13: 15279520 op, 84229950.00 ns, 5.5126 ns/op
WorkloadResult  14: 15279520 op, 82345450.00 ns, 5.3893 ns/op
WorkloadResult  15: 15279520 op, 142394350.00 ns, 9.3193 ns/op
WorkloadResult  16: 15279520 op, 90356250.00 ns, 5.9136 ns/op
WorkloadResult  17: 15279520 op, 86273850.00 ns, 5.6464 ns/op
WorkloadResult  18: 15279520 op, 138595250.00 ns, 9.0707 ns/op
WorkloadResult  19: 15279520 op, 84332450.00 ns, 5.5193 ns/op
WorkloadResult  20: 15279520 op, 83301650.00 ns, 5.4518 ns/op
WorkloadResult  21: 15279520 op, 137088150.00 ns, 8.9720 ns/op
WorkloadResult  22: 15279520 op, 75570050.00 ns, 4.9458 ns/op
WorkloadResult  23: 15279520 op, 130909150.00 ns, 8.5676 ns/op
WorkloadResult  24: 15279520 op, 75434050.00 ns, 4.9369 ns/op
WorkloadResult  25: 15279520 op, 129938850.00 ns, 8.5041 ns/op
WorkloadResult  26: 15279520 op, 75228650.00 ns, 4.9235 ns/op
WorkloadResult  27: 15279520 op, 129000250.00 ns, 8.4427 ns/op
WorkloadResult  28: 15279520 op, 76821850.00 ns, 5.0278 ns/op
WorkloadResult  29: 15279520 op, 129424750.00 ns, 8.4705 ns/op
WorkloadResult  30: 15279520 op, 75614650.00 ns, 4.9488 ns/op
WorkloadResult  31: 15279520 op, 125792950.00 ns, 8.2328 ns/op
WorkloadResult  32: 15279520 op, 129675850.00 ns, 8.4869 ns/op
WorkloadResult  33: 15279520 op, 129766850.00 ns, 8.4929 ns/op
WorkloadResult  34: 15279520 op, 76262550.00 ns, 4.9912 ns/op
WorkloadResult  35: 15279520 op, 128543150.00 ns, 8.4128 ns/op
WorkloadResult  36: 15279520 op, 127068550.00 ns, 8.3163 ns/op
WorkloadResult  37: 15279520 op, 126223850.00 ns, 8.2610 ns/op
WorkloadResult  38: 15279520 op, 76249850.00 ns, 4.9903 ns/op
WorkloadResult  39: 15279520 op, 130210450.00 ns, 8.5219 ns/op
WorkloadResult  40: 15279520 op, 94029350.00 ns, 6.1539 ns/op
WorkloadResult  41: 15279520 op, 129494550.00 ns, 8.4750 ns/op
WorkloadResult  42: 15279520 op, 76214550.00 ns, 4.9880 ns/op
WorkloadResult  43: 15279520 op, 131216650.00 ns, 8.5877 ns/op
WorkloadResult  44: 15279520 op, 131053050.00 ns, 8.5770 ns/op
WorkloadResult  45: 15279520 op, 126854150.00 ns, 8.3022 ns/op
WorkloadResult  46: 15279520 op, 75546650.00 ns, 4.9443 ns/op
WorkloadResult  47: 15279520 op, 130210350.00 ns, 8.5219 ns/op
WorkloadResult  48: 15279520 op, 75357250.00 ns, 4.9319 ns/op
WorkloadResult  49: 15279520 op, 129211750.00 ns, 8.4565 ns/op
WorkloadResult  50: 15279520 op, 128998050.00 ns, 8.4425 ns/op
WorkloadResult  51: 15279520 op, 128890350.00 ns, 8.4355 ns/op
WorkloadResult  52: 15279520 op, 128574450.00 ns, 8.4148 ns/op
WorkloadResult  53: 15279520 op, 128605050.00 ns, 8.4168 ns/op
WorkloadResult  54: 15279520 op, 91773650.00 ns, 6.0063 ns/op
WorkloadResult  55: 15279520 op, 121468450.00 ns, 7.9498 ns/op
WorkloadResult  56: 15279520 op, 79362850.00 ns, 5.1941 ns/op
WorkloadResult  57: 15279520 op, 127159950.00 ns, 8.3222 ns/op
WorkloadResult  58: 15279520 op, 87736050.00 ns, 5.7421 ns/op
WorkloadResult  59: 15279520 op, 129473750.00 ns, 8.4737 ns/op
WorkloadResult  60: 15279520 op, 75159350.00 ns, 4.9190 ns/op
WorkloadResult  61: 15279520 op, 123443250.00 ns, 8.0790 ns/op
WorkloadResult  62: 15279520 op, 87444650.00 ns, 5.7230 ns/op
WorkloadResult  63: 15279520 op, 122298750.00 ns, 8.0041 ns/op
WorkloadResult  64: 15279520 op, 75619150.00 ns, 4.9491 ns/op
WorkloadResult  65: 15279520 op, 129094550.00 ns, 8.4489 ns/op
WorkloadResult  66: 15279520 op, 75774550.00 ns, 4.9592 ns/op
WorkloadResult  67: 15279520 op, 126471250.00 ns, 8.2772 ns/op
WorkloadResult  68: 15279520 op, 75648650.00 ns, 4.9510 ns/op
WorkloadResult  69: 15279520 op, 127625050.00 ns, 8.3527 ns/op
WorkloadResult  70: 15279520 op, 85234750.00 ns, 5.5784 ns/op
WorkloadResult  71: 15279520 op, 129616050.00 ns, 8.4830 ns/op
WorkloadResult  72: 15279520 op, 129047350.00 ns, 8.4458 ns/op
WorkloadResult  73: 15279520 op, 126700150.00 ns, 8.2922 ns/op
WorkloadResult  74: 15279520 op, 97316950.00 ns, 6.3691 ns/op
WorkloadResult  75: 15279520 op, 129176550.00 ns, 8.4542 ns/op
WorkloadResult  76: 15279520 op, 129638650.00 ns, 8.4845 ns/op
WorkloadResult  77: 15279520 op, 134535050.00 ns, 8.8049 ns/op
WorkloadResult  78: 15279520 op, 85286850.00 ns, 5.5818 ns/op
WorkloadResult  79: 15279520 op, 142516350.00 ns, 9.3273 ns/op
WorkloadResult  80: 15279520 op, 76030550.00 ns, 4.9760 ns/op
WorkloadResult  81: 15279520 op, 127679950.00 ns, 8.3563 ns/op
WorkloadResult  82: 15279520 op, 129295050.00 ns, 8.4620 ns/op
WorkloadResult  83: 15279520 op, 125968550.00 ns, 8.2443 ns/op
WorkloadResult  84: 15279520 op, 78744850.00 ns, 5.1536 ns/op
WorkloadResult  85: 15279520 op, 128366450.00 ns, 8.4012 ns/op
WorkloadResult  86: 15279520 op, 129368650.00 ns, 8.4668 ns/op
WorkloadResult  87: 15279520 op, 129589450.00 ns, 8.4813 ns/op
WorkloadResult  88: 15279520 op, 75689650.00 ns, 4.9537 ns/op
WorkloadResult  89: 15279520 op, 128587450.00 ns, 8.4157 ns/op
WorkloadResult  90: 15279520 op, 95466850.00 ns, 6.2480 ns/op
WorkloadResult  91: 15279520 op, 128412750.00 ns, 8.4042 ns/op
WorkloadResult  92: 15279520 op, 75978150.00 ns, 4.9725 ns/op
WorkloadResult  93: 15279520 op, 127879250.00 ns, 8.3693 ns/op
WorkloadResult  94: 15279520 op, 129098550.00 ns, 8.4491 ns/op
WorkloadResult  95: 15279520 op, 129648650.00 ns, 8.4851 ns/op
WorkloadResult  96: 15279520 op, 80701350.00 ns, 5.2817 ns/op
WorkloadResult  97: 15279520 op, 129779950.00 ns, 8.4937 ns/op
WorkloadResult  98: 15279520 op, 75450250.00 ns, 4.9380 ns/op
WorkloadResult  99: 15279520 op, 126958650.00 ns, 8.3091 ns/op
WorkloadResult  100: 15279520 op, 75388750.00 ns, 4.9340 ns/op
// GC:  116 0 0 977889280 15279520
// Threading:  0 0 15279520

// AfterAll
// Benchmark Process 17372 has exited with code 0.

Mean = 7.126 ns, StdErr = 0.160 ns (2.25%), N = 100, StdDev = 1.604 ns
Min = 4.904 ns, Q1 = 5.436 ns, Median = 8.269 ns, Q3 = 8.468 ns, Max = 9.327 ns
IQR = 3.032 ns, LowerFence = 0.889 ns, UpperFence = 13.015 ns
ConfidenceInterval = [6.582 ns; 7.670 ns] (CI 99.9%), Margin = 0.544 ns (7.64% of Mean)
Skewness = -0.29, Kurtosis = 1.26, MValue = 3.5

// ** Remained 1 (7.7%) benchmark(s) to run. Estimated finish 2026-02-24 22:12 (0h 0m from now) **
Setup power plan (GUID: 8c5e7fda-e8bf-4a96-9a85-a6e23a8c635c FriendlyName: High performance)
// **************************
// Benchmark: Scenario1.S1_ReturnVoidSuccess_EnumerationsOptions: .NET 10.0(Runtime=.NET 10.0, IterationTime=100ms) [Iterations=2]
// *** Execute ***
// Launch: 1 / 1
// Execute: dotnet Enumerations.Options.Benchmarks-1.dll --anonymousPipes 1632 1120 --benchmarkName "ReillyDigital.Enumerations.Options.Benchmarks.Scenarios.Scenario1.S1_ReturnVoidSuccess_EnumerationsOptions(Iterations: 2)" --job ".NET 10.0" --benchmarkId 12 in D:\x\devs\reilly-digital\dotnet\enumerations.options.benchmarks\bin\Debug\net10.0\Enumerations.Options.Benchmarks-1\bin\Release\net10.0
// BeforeAnythingElse

// Benchmark Process Environment Information:
// BenchmarkDotNet v0.15.8
// Runtime=.NET 10.0.3 (10.0.3, 10.0.326.7603), X64 RyuJIT x86-64-v3
// GC=Concurrent Workstation
// HardwareIntrinsics=AVX2+BMI1+BMI2+F16C+FMA+LZCNT+MOVBE,AVX,SSE3+SSSE3+SSE4.1+SSE4.2+POPCNT,X86Base+SSE+SSE2,AES+PCLMUL VectorSize=256
// Job: .NET 10.0(IterationTime=100ms)

OverheadJitting  1: 1 op, 110400.00 ns, 110.4000 us/op
WorkloadJitting  1: 1 op, 1434800.00 ns, 1.4348 ms/op

OverheadJitting  2: 16 op, 176300.00 ns, 11.0188 us/op
WorkloadJitting  2: 16 op, 147200.00 ns, 9.2000 us/op

WorkloadPilot    1: 16 op, 900.00 ns, 56.2500 ns/op
WorkloadPilot    2: 1777792 op, 40625500.00 ns, 22.8517 ns/op
WorkloadPilot    3: 4376064 op, 79781200.00 ns, 18.2313 ns/op
WorkloadPilot    4: 5485088 op, 9564000.00 ns, 1.7436 ns/op
WorkloadPilot    5: 57351408 op, 102231200.00 ns, 1.7825 ns/op
WorkloadPilot    6: 56099712 op, 98722200.00 ns, 1.7598 ns/op
WorkloadPilot    7: 56825840 op, 100002100.00 ns, 1.7598 ns/op
WorkloadPilot    8: 56824656 op, 100248600.00 ns, 1.7642 ns/op

OverheadWarmup   1: 56824656 op, 142306500.00 ns, 2.5043 ns/op
OverheadWarmup   2: 56824656 op, 111898300.00 ns, 1.9692 ns/op
OverheadWarmup   3: 56824656 op, 86055000.00 ns, 1.5144 ns/op
OverheadWarmup   4: 56824656 op, 86175500.00 ns, 1.5165 ns/op
OverheadWarmup   5: 56824656 op, 86107700.00 ns, 1.5153 ns/op
OverheadWarmup   6: 56824656 op, 86367200.00 ns, 1.5199 ns/op
OverheadWarmup   7: 56824656 op, 86033900.00 ns, 1.5140 ns/op

OverheadActual   1: 56824656 op, 87128300.00 ns, 1.5333 ns/op
OverheadActual   2: 56824656 op, 86274200.00 ns, 1.5183 ns/op
OverheadActual   3: 56824656 op, 86170400.00 ns, 1.5164 ns/op
OverheadActual   4: 56824656 op, 86281000.00 ns, 1.5184 ns/op
OverheadActual   5: 56824656 op, 87426400.00 ns, 1.5385 ns/op
OverheadActual   6: 56824656 op, 91873900.00 ns, 1.6168 ns/op
OverheadActual   7: 56824656 op, 86652700.00 ns, 1.5249 ns/op
OverheadActual   8: 56824656 op, 86419200.00 ns, 1.5208 ns/op
OverheadActual   9: 56824656 op, 86143400.00 ns, 1.5160 ns/op
OverheadActual  10: 56824656 op, 86223300.00 ns, 1.5174 ns/op
OverheadActual  11: 56824656 op, 86062900.00 ns, 1.5145 ns/op
OverheadActual  12: 56824656 op, 86195700.00 ns, 1.5169 ns/op
OverheadActual  13: 56824656 op, 86160500.00 ns, 1.5163 ns/op
OverheadActual  14: 56824656 op, 86118900.00 ns, 1.5155 ns/op
OverheadActual  15: 56824656 op, 86236300.00 ns, 1.5176 ns/op

WorkloadWarmup   1: 56824656 op, 101039200.00 ns, 1.7781 ns/op
WorkloadWarmup   2: 56824656 op, 100101900.00 ns, 1.7616 ns/op
WorkloadWarmup   3: 56824656 op, 100027100.00 ns, 1.7603 ns/op
WorkloadWarmup   4: 56824656 op, 100077900.00 ns, 1.7612 ns/op
WorkloadWarmup   5: 56824656 op, 100732100.00 ns, 1.7727 ns/op
WorkloadWarmup   6: 56824656 op, 109286100.00 ns, 1.9232 ns/op
WorkloadWarmup   7: 56824656 op, 100312400.00 ns, 1.7653 ns/op
WorkloadWarmup   8: 56824656 op, 100650800.00 ns, 1.7713 ns/op
WorkloadWarmup   9: 56824656 op, 100308700.00 ns, 1.7652 ns/op

// BeforeActualRun
WorkloadActual   1: 56824656 op, 102570900.00 ns, 1.8050 ns/op
WorkloadActual   2: 56824656 op, 100995100.00 ns, 1.7773 ns/op
WorkloadActual   3: 56824656 op, 100410800.00 ns, 1.7670 ns/op
WorkloadActual   4: 56824656 op, 100346300.00 ns, 1.7659 ns/op
WorkloadActual   5: 56824656 op, 100598200.00 ns, 1.7703 ns/op
WorkloadActual   6: 56824656 op, 100282500.00 ns, 1.7648 ns/op
WorkloadActual   7: 56824656 op, 100642500.00 ns, 1.7711 ns/op
WorkloadActual   8: 56824656 op, 100486700.00 ns, 1.7684 ns/op
WorkloadActual   9: 56824656 op, 102854700.00 ns, 1.8100 ns/op
WorkloadActual  10: 56824656 op, 100434900.00 ns, 1.7675 ns/op
WorkloadActual  11: 56824656 op, 100375700.00 ns, 1.7664 ns/op
WorkloadActual  12: 56824656 op, 100800800.00 ns, 1.7739 ns/op
WorkloadActual  13: 56824656 op, 100436700.00 ns, 1.7675 ns/op
WorkloadActual  14: 56824656 op, 100701200.00 ns, 1.7721 ns/op
WorkloadActual  15: 56824656 op, 99156500.00 ns, 1.7450 ns/op

// AfterActualRun
WorkloadResult   1: 56824656 op, 14758800.00 ns, 0.2597 ns/op
WorkloadResult   2: 56824656 op, 14174500.00 ns, 0.2494 ns/op
WorkloadResult   3: 56824656 op, 14110000.00 ns, 0.2483 ns/op
WorkloadResult   4: 56824656 op, 14361900.00 ns, 0.2527 ns/op
WorkloadResult   5: 56824656 op, 14046200.00 ns, 0.2472 ns/op
WorkloadResult   6: 56824656 op, 14406200.00 ns, 0.2535 ns/op
WorkloadResult   7: 56824656 op, 14250400.00 ns, 0.2508 ns/op
WorkloadResult   8: 56824656 op, 14198600.00 ns, 0.2499 ns/op
WorkloadResult   9: 56824656 op, 14139400.00 ns, 0.2488 ns/op
WorkloadResult  10: 56824656 op, 14564500.00 ns, 0.2563 ns/op
WorkloadResult  11: 56824656 op, 14200400.00 ns, 0.2499 ns/op
WorkloadResult  12: 56824656 op, 14464900.00 ns, 0.2546 ns/op
WorkloadResult  13: 56824656 op, 12920200.00 ns, 0.2274 ns/op
// GC:  0 0 0 0 56824656
// Threading:  0 0 56824656

// AfterAll
// Benchmark Process 7144 has exited with code 0.

Mean = 0.250 ns, StdErr = 0.002 ns (0.85%), N = 13, StdDev = 0.008 ns
Min = 0.227 ns, Q1 = 0.249 ns, Median = 0.250 ns, Q3 = 0.254 ns, Max = 0.260 ns
IQR = 0.005 ns, LowerFence = 0.242 ns, UpperFence = 0.261 ns
ConfidenceInterval = [0.241 ns; 0.259 ns] (CI 99.9%), Margin = 0.009 ns (3.66% of Mean)
Skewness = -1.73, Kurtosis = 6.08, MValue = 2

// ** Remained 0 (0.0%) benchmark(s) to run. Estimated finish 2026-02-24 22:12 (0h 0m from now) **
Successfully reverted power plan (GUID: 381b4222-f694-41f0-9685-ff5bb260df2e FriendlyName: Balanced)
// ***** BenchmarkRunner: Finish  *****

// * Export *
  BenchmarkDotNet.Artifacts\results\ReillyDigital.Enumerations.Options.Benchmarks.Scenarios.Scenario1-report.csv
  BenchmarkDotNet.Artifacts\results\ReillyDigital.Enumerations.Options.Benchmarks.Scenarios.Scenario1-report-github.md
  BenchmarkDotNet.Artifacts\results\ReillyDigital.Enumerations.Options.Benchmarks.Scenarios.Scenario1-report.html

// * Detailed results *
Scenario1.S1_CheckOptionStringErrorNoMessage_EnumerationsOptions: .NET 10.0(Runtime=.NET 10.0, IterationTime=100ms) [Iterations=2]
Runtime = .NET 10.0.3 (10.0.3, 10.0.326.7603), X64 RyuJIT x86-64-v3; GC = Concurrent Workstation
Mean = 8.469 ns, StdErr = 0.037 ns (0.44%), N = 15, StdDev = 0.145 ns
Min = 8.184 ns, Q1 = 8.378 ns, Median = 8.432 ns, Q3 = 8.575 ns, Max = 8.734 ns
IQR = 0.196 ns, LowerFence = 8.084 ns, UpperFence = 8.869 ns
ConfidenceInterval = [8.314 ns; 8.623 ns] (CI 99.9%), Margin = 0.155 ns (1.83% of Mean)
Skewness = 0.08, Kurtosis = 2.2, MValue = 2
-------------------- Histogram --------------------
[8.107 ns ; 8.320 ns) | @
[8.320 ns ; 8.507 ns) | @@@@@@@@
[8.507 ns ; 8.811 ns) | @@@@@@
---------------------------------------------------

Scenario1.S1_CheckOptionStringErrorWithMessage_EnumerationsOptions: .NET 10.0(Runtime=.NET 10.0, IterationTime=100ms) [Iterations=2]
Runtime = .NET 10.0.3 (10.0.3, 10.0.326.7603), X64 RyuJIT x86-64-v3; GC = Concurrent Workstation
Mean = 12.067 ns, StdErr = 0.082 ns (0.68%), N = 43, StdDev = 0.536 ns
Min = 11.274 ns, Q1 = 11.598 ns, Median = 12.069 ns, Q3 = 12.365 ns, Max = 13.507 ns
IQR = 0.767 ns, LowerFence = 10.447 ns, UpperFence = 13.516 ns
ConfidenceInterval = [11.778 ns; 12.356 ns] (CI 99.9%), Margin = 0.289 ns (2.40% of Mean)
Skewness = 0.56, Kurtosis = 2.77, MValue = 2.53
-------------------- Histogram --------------------
[11.248 ns ; 11.649 ns) | @@@@@@@@@@@@
[11.649 ns ; 12.032 ns) | @@@@@@@@
[12.032 ns ; 12.433 ns) | @@@@@@@@@@@@@@@
[12.433 ns ; 12.994 ns) | @@@@@@
[12.994 ns ; 13.562 ns) | @@
---------------------------------------------------

Scenario1.S1_CheckOptionStringSuccess_EnumerationsOptions: .NET 10.0(Runtime=.NET 10.0, IterationTime=100ms) [Iterations=2]
Runtime = .NET 10.0.3 (10.0.3, 10.0.326.7603), X64 RyuJIT x86-64-v3; GC = Concurrent Workstation
Mean = 7.057 ns, StdErr = 0.136 ns (1.93%), N = 100, StdDev = 1.359 ns
Min = 4.947 ns, Q1 = 5.893 ns, Median = 6.768 ns, Q3 = 8.185 ns, Max = 10.663 ns
IQR = 2.292 ns, LowerFence = 2.454 ns, UpperFence = 11.623 ns
ConfidenceInterval = [6.596 ns; 7.518 ns] (CI 99.9%), Margin = 0.461 ns (6.53% of Mean)
Skewness = 0.38, Kurtosis = 2.07, MValue = 3.04
-------------------- Histogram --------------------
[4.563 ns ;  5.476 ns) | @@@@@@@@@@
[5.476 ns ;  6.339 ns) | @@@@@@@@@@@@@@@@@@@@@@@@@@@@@@@
[6.339 ns ;  7.108 ns) | @@@@@@@@@@@@@@
[7.108 ns ;  8.018 ns) | @@@@@@@@@@@@
[8.018 ns ;  8.787 ns) | @@@@@@@@@@@@@@@@@@@@@@@
[8.787 ns ;  9.630 ns) | @@@@@@@@
[9.630 ns ;  9.998 ns) | 
[9.998 ns ; 10.766 ns) | @@
---------------------------------------------------

Scenario1.S1_CheckVoidErrorNoMessage_EnumerationsOptions: .NET 10.0(Runtime=.NET 10.0, IterationTime=100ms) [Iterations=2]
Runtime = .NET 10.0.3 (10.0.3, 10.0.326.7603), X64 RyuJIT x86-64-v3; GC = Concurrent Workstation
Mean = 6.782 ns, StdErr = 0.167 ns (2.46%), N = 100, StdDev = 1.671 ns
Min = 4.950 ns, Q1 = 5.233 ns, Median = 5.768 ns, Q3 = 8.315 ns, Max = 10.655 ns
IQR = 3.082 ns, LowerFence = 0.610 ns, UpperFence = 12.938 ns
ConfidenceInterval = [6.216 ns; 7.349 ns] (CI 99.9%), Margin = 0.567 ns (8.36% of Mean)
Skewness = 0.47, Kurtosis = 1.75, MValue = 3.14
-------------------- Histogram --------------------
[4.919 ns ;  5.865 ns) | @@@@@@@@@@@@@@@@@@@@@@@@@@@@@@@@@@@@@@@@@@@@@@@@@@@@
[5.865 ns ;  6.866 ns) | @@@@@
[6.866 ns ;  7.885 ns) | @@@
[7.885 ns ;  8.830 ns) | @@@@@@@@@@@@@@@@@@@@@@@@@@@@@@
[8.830 ns ;  9.969 ns) | @@@@@@@@
[9.969 ns ; 11.128 ns) | @@
---------------------------------------------------

Scenario1.S1_CheckVoidErrorWithMessage_EnumerationsOptions: .NET 10.0(Runtime=.NET 10.0, IterationTime=100ms) [Iterations=2]
Runtime = .NET 10.0.3 (10.0.3, 10.0.326.7603), X64 RyuJIT x86-64-v3; GC = Concurrent Workstation
Mean = 12.241 ns, StdErr = 0.083 ns (0.68%), N = 78, StdDev = 0.735 ns
Min = 11.293 ns, Q1 = 11.653 ns, Median = 12.041 ns, Q3 = 12.614 ns, Max = 14.019 ns
IQR = 0.961 ns, LowerFence = 10.212 ns, UpperFence = 14.055 ns
ConfidenceInterval = [11.956 ns; 12.526 ns] (CI 99.9%), Margin = 0.285 ns (2.33% of Mean)
Skewness = 0.86, Kurtosis = 2.67, MValue = 2
-------------------- Histogram --------------------
[11.067 ns ; 11.510 ns) | @@@@@@@@@
[11.510 ns ; 11.961 ns) | @@@@@@@@@@@@@@@@@@@@@@@@@@@@@
[11.961 ns ; 12.508 ns) | @@@@@@@@@@@@@@@@@
[12.508 ns ; 13.073 ns) | @@@@@@@@@
[13.073 ns ; 13.524 ns) | @@@@@@@
[13.524 ns ; 14.056 ns) | @@@@@@@
---------------------------------------------------

Scenario1.S1_CheckVoidSuccess_EnumerationsOptions: .NET 10.0(Runtime=.NET 10.0, IterationTime=100ms) [Iterations=2]
Runtime = .NET 10.0.3 (10.0.3, 10.0.326.7603), X64 RyuJIT x86-64-v3; GC = Concurrent Workstation
Mean = 0.247 ns, StdErr = 0.005 ns (2.11%), N = 14, StdDev = 0.020 ns
Min = 0.226 ns, Q1 = 0.230 ns, Median = 0.243 ns, Q3 = 0.261 ns, Max = 0.285 ns
IQR = 0.031 ns, LowerFence = 0.184 ns, UpperFence = 0.307 ns
ConfidenceInterval = [0.225 ns; 0.269 ns] (CI 99.9%), Margin = 0.022 ns (8.91% of Mean)
Skewness = 0.57, Kurtosis = 1.83, MValue = 2
-------------------- Histogram --------------------
[0.222 ns ; 0.243 ns) | @@@@@@@
[0.243 ns ; 0.270 ns) | @@@@@
[0.270 ns ; 0.295 ns) | @@
---------------------------------------------------

Scenario1.S1_ReturnOptionStringErrorNoMessage_EnumerationsOptions: .NET 10.0(Runtime=.NET 10.0, IterationTime=100ms) [Iterations=2]
Runtime = .NET 10.0.3 (10.0.3, 10.0.326.7603), X64 RyuJIT x86-64-v3; GC = Concurrent Workstation
Mean = 5.356 ns, StdErr = 0.037 ns (0.69%), N = 66, StdDev = 0.299 ns
Min = 4.941 ns, Q1 = 5.053 ns, Median = 5.438 ns, Q3 = 5.561 ns, Max = 6.050 ns
IQR = 0.508 ns, LowerFence = 4.291 ns, UpperFence = 6.324 ns
ConfidenceInterval = [5.229 ns; 5.482 ns] (CI 99.9%), Margin = 0.127 ns (2.37% of Mean)
Skewness = 0.19, Kurtosis = 1.95, MValue = 3.22
-------------------- Histogram --------------------
[4.921 ns ; 5.115 ns) | @@@@@@@@@@@@@@@@@@@@@@@
[5.115 ns ; 5.355 ns) | @@@@@@@@
[5.355 ns ; 5.591 ns) | @@@@@@@@@@@@@@@@@@@@@@
[5.591 ns ; 5.790 ns) | @@@@@@@@
[5.790 ns ; 6.058 ns) | @@@@@
---------------------------------------------------

Scenario1.S1_ReturnOptionStringErrorWithMessage_EnumerationsOptions: .NET 10.0(Runtime=.NET 10.0, IterationTime=100ms) [Iterations=2]
Runtime = .NET 10.0.3 (10.0.3, 10.0.326.7603), X64 RyuJIT x86-64-v3; GC = Concurrent Workstation
Mean = 7.296 ns, StdErr = 0.082 ns (1.13%), N = 96, StdDev = 0.805 ns
Min = 4.904 ns, Q1 = 7.129 ns, Median = 7.485 ns, Q3 = 7.741 ns, Max = 8.624 ns
IQR = 0.612 ns, LowerFence = 6.211 ns, UpperFence = 8.659 ns
ConfidenceInterval = [7.017 ns; 7.575 ns] (CI 99.9%), Margin = 0.279 ns (3.83% of Mean)
Skewness = -1.15, Kurtosis = 4.07, MValue = 2
-------------------- Histogram --------------------
[4.877 ns ; 5.384 ns) | @@@@
[5.384 ns ; 5.846 ns) | @@@@@@
[5.846 ns ; 6.375 ns) | @
[6.375 ns ; 6.868 ns) | @@@@@@@@
[6.868 ns ; 7.304 ns) | @@@@@@@@@@@@@@@@
[7.304 ns ; 7.907 ns) | @@@@@@@@@@@@@@@@@@@@@@@@@@@@@@@@@@@@@@@@@@@@
[7.907 ns ; 8.368 ns) | @@@@@@@@@@@@@
[8.368 ns ; 8.855 ns) | @@@@
---------------------------------------------------

Scenario1.S1_ReturnOptionStringNone_EnumerationsOptions: .NET 10.0(Runtime=.NET 10.0, IterationTime=100ms) [Iterations=2]
Runtime = .NET 10.0.3 (10.0.3, 10.0.326.7603), X64 RyuJIT x86-64-v3; GC = Concurrent Workstation
Mean = 0.286 ns, StdErr = 0.009 ns (3.27%), N = 33, StdDev = 0.054 ns
Min = 0.228 ns, Q1 = 0.244 ns, Median = 0.266 ns, Q3 = 0.311 ns, Max = 0.401 ns
IQR = 0.067 ns, LowerFence = 0.143 ns, UpperFence = 0.412 ns
ConfidenceInterval = [0.253 ns; 0.320 ns] (CI 99.9%), Margin = 0.034 ns (11.83% of Mean)
Skewness = 0.96, Kurtosis = 2.59, MValue = 2.56
-------------------- Histogram --------------------
[0.226 ns ; 0.270 ns) | @@@@@@@@@@@@@@@@@@
[0.270 ns ; 0.314 ns) | @@@@@@@@
[0.314 ns ; 0.360 ns) | @
[0.360 ns ; 0.404 ns) | @@@@@@
---------------------------------------------------

Scenario1.S1_ReturnOptionStringSuccess_EnumerationsOptions: .NET 10.0(Runtime=.NET 10.0, IterationTime=100ms) [Iterations=2]
Runtime = .NET 10.0.3 (10.0.3, 10.0.326.7603), X64 RyuJIT x86-64-v3; GC = Concurrent Workstation
Mean = 4.933 ns, StdErr = 0.024 ns (0.48%), N = 13, StdDev = 0.086 ns
Min = 4.818 ns, Q1 = 4.896 ns, Median = 4.917 ns, Q3 = 4.943 ns, Max = 5.102 ns
IQR = 0.047 ns, LowerFence = 4.826 ns, UpperFence = 5.013 ns
ConfidenceInterval = [4.830 ns; 5.036 ns] (CI 99.9%), Margin = 0.103 ns (2.09% of Mean)
Skewness = 0.82, Kurtosis = 2.63, MValue = 2
-------------------- Histogram --------------------
[4.769 ns ; 4.945 ns) | @@@@@@@@@@
[4.945 ns ; 5.150 ns) | @@@
---------------------------------------------------

Scenario1.S1_ReturnVoidErrorNoMessage_EnumerationsOptions: .NET 10.0(Runtime=.NET 10.0, IterationTime=100ms) [Iterations=2]
Runtime = .NET 10.0.3 (10.0.3, 10.0.326.7603), X64 RyuJIT x86-64-v3; GC = Concurrent Workstation
Mean = 8.260 ns, StdErr = 0.057 ns (0.68%), N = 65, StdDev = 0.456 ns
Min = 5.756 ns, Q1 = 8.233 ns, Median = 8.363 ns, Q3 = 8.456 ns, Max = 8.843 ns
IQR = 0.223 ns, LowerFence = 7.898 ns, UpperFence = 8.790 ns
ConfidenceInterval = [8.065 ns; 8.455 ns] (CI 99.9%), Margin = 0.195 ns (2.36% of Mean)
Skewness = -3.54, Kurtosis = 18.13, MValue = 2
-------------------- Histogram --------------------
[5.607 ns ; 5.905 ns) | @
[5.905 ns ; 6.202 ns) | 
[6.202 ns ; 6.604 ns) | @
[6.604 ns ; 6.901 ns) | 
[6.901 ns ; 7.199 ns) | 
[7.199 ns ; 7.331 ns) | 
[7.331 ns ; 7.646 ns) | @
[7.646 ns ; 7.947 ns) | @@@
[7.947 ns ; 8.257 ns) | @@@@@@@@@@@
[8.257 ns ; 8.554 ns) | @@@@@@@@@@@@@@@@@@@@@@@@@@@@@@@@@@@@@@@@@@@@
[8.554 ns ; 8.864 ns) | @@@@
---------------------------------------------------

Scenario1.S1_ReturnVoidErrorWithMessage_EnumerationsOptions: .NET 10.0(Runtime=.NET 10.0, IterationTime=100ms) [Iterations=2]
Runtime = .NET 10.0.3 (10.0.3, 10.0.326.7603), X64 RyuJIT x86-64-v3; GC = Concurrent Workstation
Mean = 7.126 ns, StdErr = 0.160 ns (2.25%), N = 100, StdDev = 1.604 ns
Min = 4.904 ns, Q1 = 5.436 ns, Median = 8.269 ns, Q3 = 8.468 ns, Max = 9.327 ns
IQR = 3.032 ns, LowerFence = 0.889 ns, UpperFence = 13.015 ns
ConfidenceInterval = [6.582 ns; 7.670 ns] (CI 99.9%), Margin = 0.544 ns (7.64% of Mean)
Skewness = -0.29, Kurtosis = 1.26, MValue = 3.5
-------------------- Histogram --------------------
[4.889 ns ; 5.796 ns) | @@@@@@@@@@@@@@@@@@@@@@@@@@@@@@@@@@@@@
[5.796 ns ; 6.776 ns) | @@@@@@@
[6.776 ns ; 7.561 ns) | 
[7.561 ns ; 8.218 ns) | @@@
[8.218 ns ; 9.126 ns) | @@@@@@@@@@@@@@@@@@@@@@@@@@@@@@@@@@@@@@@@@@@@@@@@@@@
[9.126 ns ; 9.781 ns) | @@
---------------------------------------------------

Scenario1.S1_ReturnVoidSuccess_EnumerationsOptions: .NET 10.0(Runtime=.NET 10.0, IterationTime=100ms) [Iterations=2]
Runtime = .NET 10.0.3 (10.0.3, 10.0.326.7603), X64 RyuJIT x86-64-v3; GC = Concurrent Workstation
Mean = 0.250 ns, StdErr = 0.002 ns (0.85%), N = 13, StdDev = 0.008 ns
Min = 0.227 ns, Q1 = 0.249 ns, Median = 0.250 ns, Q3 = 0.254 ns, Max = 0.260 ns
IQR = 0.005 ns, LowerFence = 0.242 ns, UpperFence = 0.261 ns
ConfidenceInterval = [0.241 ns; 0.259 ns] (CI 99.9%), Margin = 0.009 ns (3.66% of Mean)
Skewness = -1.73, Kurtosis = 6.08, MValue = 2
-------------------- Histogram --------------------
[0.223 ns ; 0.232 ns) | @
[0.232 ns ; 0.240 ns) | 
[0.240 ns ; 0.247 ns) | 
[0.247 ns ; 0.255 ns) | @@@@@@@@@@
[0.255 ns ; 0.264 ns) | @@
---------------------------------------------------

// * Summary *

BenchmarkDotNet v0.15.8, Windows 11 (10.0.26200.7840/25H2/2025Update/HudsonValley2)
AMD Ryzen 5 3600 3.59GHz, 1 CPU, 12 logical and 6 physical cores
.NET SDK 10.0.103
  [Host]    : .NET 10.0.3 (10.0.3, 10.0.326.7603), X64 RyuJIT x86-64-v3
  .NET 10.0 : .NET 10.0.3 (10.0.3, 10.0.326.7603), X64 RyuJIT x86-64-v3

Job=.NET 10.0  Runtime=.NET 10.0  IterationTime=100ms  
Iterations=2  

| Method                                                    | Categories                                  | Mean       | Ratio | Allocated | Alloc Ratio |
|---------------------------------------------------------- |-------------------------------------------- |-----------:|------:|----------:|------------:|
| S1_CheckOptionStringErrorNoMessage_EnumerationsOptions    | S1: Check Option String Error No Message    |  8.4685 ns |  1.00 |      64 B |        1.00 |
|                                                           |                                             |            |       |           |             |
| S1_CheckOptionStringErrorWithMessage_EnumerationsOptions  | S1: Check Option String Error With Message  | 12.0669 ns |  1.00 |      64 B |        1.00 |
|                                                           |                                             |            |       |           |             |
| S1_CheckOptionStringSuccess_EnumerationsOptions           | S1: Check Option String Success             |  7.0572 ns |  1.04 |      64 B |        1.00 |
|                                                           |                                             |            |       |           |             |
| S1_CheckVoidErrorNoMessage_EnumerationsOptions            | S1: Check Void Error No Message             |  6.7824 ns |  1.06 |      64 B |        1.00 |
|                                                           |                                             |            |       |           |             |
| S1_CheckVoidErrorWithMessage_EnumerationsOptions          | S1: Check Void Error With Message           | 12.2410 ns |  1.00 |      64 B |        1.00 |
|                                                           |                                             |            |       |           |             |
| S1_CheckVoidSuccess_EnumerationsOptions                   | S1: Check Void Success                      |  0.2470 ns |  1.01 |         - |          NA |
|                                                           |                                             |            |       |           |             |
| S1_ReturnOptionStringErrorNoMessage_EnumerationsOptions   | S1: Return Option String Error No Message   |  5.3556 ns |  1.00 |      64 B |        1.00 |
|                                                           |                                             |            |       |           |             |
| S1_ReturnOptionStringErrorWithMessage_EnumerationsOptions | S1: Return Option String Error With Message |  7.2962 ns |  1.01 |      64 B |        1.00 |
|                                                           |                                             |            |       |           |             |
| S1_ReturnOptionStringNone_EnumerationsOptions             | S1: Return Option String None               |  0.2865 ns |  1.03 |         - |          NA |
|                                                           |                                             |            |       |           |             |
| S1_ReturnOptionStringSuccess_EnumerationsOptions          | S1: Return Option String Success            |  4.9327 ns |  1.00 |      64 B |        1.00 |
|                                                           |                                             |            |       |           |             |
| S1_ReturnVoidErrorNoMessage_EnumerationsOptions           | S1: Return Void Error No Message            |  8.2599 ns |  1.00 |      64 B |        1.00 |
|                                                           |                                             |            |       |           |             |
| S1_ReturnVoidErrorWithMessage_EnumerationsOptions         | S1: Return Void Error With Message          |  7.1259 ns |  1.06 |      64 B |        1.00 |
|                                                           |                                             |            |       |           |             |
| S1_ReturnVoidSuccess_EnumerationsOptions                  | S1: Return Void Success                     |  0.2499 ns |  1.00 |         - |          NA |

// * Warnings *
MinIterationTime
  Scenario1.S1_CheckOptionStringErrorWithMessage_EnumerationsOptions: .NET 10.0  -> The minimum observed iteration time is 98.799ms which is very small. It's recommended to increase it to at least 100ms using more operations.
  Scenario1.S1_CheckOptionStringSuccess_EnumerationsOptions: .NET 10.0           -> The minimum observed iteration time is 81.132ms which is very small. It's recommended to increase it to at least 100ms using more operations.
  Scenario1.S1_CheckVoidErrorNoMessage_EnumerationsOptions: .NET 10.0            -> The minimum observed iteration time is 91.322ms which is very small. It's recommended to increase it to at least 100ms using more operations.
  Scenario1.S1_CheckVoidErrorWithMessage_EnumerationsOptions: .NET 10.0          -> The minimum observed iteration time is 95.697ms which is very small. It's recommended to increase it to at least 100ms using more operations.
  Scenario1.S1_ReturnOptionStringErrorNoMessage_EnumerationsOptions: .NET 10.0   -> The minimum observed iteration time is 94.522ms which is very small. It's recommended to increase it to at least 100ms using more operations.
  Scenario1.S1_ReturnOptionStringErrorWithMessage_EnumerationsOptions: .NET 10.0 -> The minimum observed iteration time is 68.337ms which is very small. It's recommended to increase it to at least 100ms using more operations.
  Scenario1.S1_ReturnOptionStringSuccess_EnumerationsOptions: .NET 10.0          -> The minimum observed iteration time is 96.858ms which is very small. It's recommended to increase it to at least 100ms using more operations.
  Scenario1.S1_ReturnVoidErrorWithMessage_EnumerationsOptions: .NET 10.0         -> The minimum observed iteration time is 97.795ms which is very small. It's recommended to increase it to at least 100ms using more operations.
  Scenario1.S1_ReturnVoidSuccess_EnumerationsOptions: .NET 10.0                  -> The minimum observed iteration time is 99.157ms which is very small. It's recommended to increase it to at least 100ms using more operations.
MultimodalDistribution
  Scenario1.S1_CheckOptionStringSuccess_EnumerationsOptions: .NET 10.0         -> It seems that the distribution can have several modes (mValue = 3.04)
  Scenario1.S1_CheckVoidErrorNoMessage_EnumerationsOptions: .NET 10.0          -> It seems that the distribution can have several modes (mValue = 3.14)
  Scenario1.S1_ReturnOptionStringErrorNoMessage_EnumerationsOptions: .NET 10.0 -> It seems that the distribution is bimodal (mValue = 3.22)
  Scenario1.S1_ReturnVoidErrorWithMessage_EnumerationsOptions: .NET 10.0       -> It seems that the distribution is bimodal (mValue = 3.5)

// * Hints *
HideColumnsAnalyser
  Summary -> Hidden columns: Iterations, Error, StdDev, Median, RatioSD, Gen0
Outliers
  Scenario1.S1_CheckOptionStringErrorWithMessage_EnumerationsOptions: .NET 10.0  -> 11 outliers were removed (17.26 ns..25.75 ns)
  Scenario1.S1_CheckVoidErrorWithMessage_EnumerationsOptions: .NET 10.0          -> 5 outliers were removed (16.92 ns..22.12 ns)
  Scenario1.S1_CheckVoidSuccess_EnumerationsOptions: .NET 10.0                   -> 1 outlier  was  removed (1.87 ns)
  Scenario1.S1_ReturnOptionStringErrorNoMessage_EnumerationsOptions: .NET 10.0   -> 5 outliers were removed (7.98 ns..11.11 ns)
  Scenario1.S1_ReturnOptionStringErrorWithMessage_EnumerationsOptions: .NET 10.0 -> 4 outliers were removed, 15 outliers were detected (7.38 ns..8.63 ns, 11.16 ns..12.91 ns)
  Scenario1.S1_ReturnOptionStringNone_EnumerationsOptions: .NET 10.0             -> 2 outliers were removed (1.93 ns, 1.94 ns)
  Scenario1.S1_ReturnOptionStringSuccess_EnumerationsOptions: .NET 10.0          -> 2 outliers were removed (6.89 ns, 6.92 ns)
  Scenario1.S1_ReturnVoidErrorNoMessage_EnumerationsOptions: .NET 10.0           -> 15 outliers were removed, 22 outliers were detected (7.29 ns..9.49 ns, 10.45 ns..14.64 ns)
  Scenario1.S1_ReturnVoidSuccess_EnumerationsOptions: .NET 10.0                  -> 2 outliers were removed, 3 outliers were detected (1.74 ns, 1.81 ns, 1.81 ns)

// * Legends *
  Categories  : All categories of the corresponded method, class, and assembly
  Mean        : Arithmetic mean of all measurements
  Ratio       : Mean of the ratio distribution ([Current]/[Baseline])
  Allocated   : Allocated memory per single operation (managed only, inclusive, 1KB = 1024B)
  Alloc Ratio : Allocated memory ratio distribution ([Current]/[Baseline])
  1 ns        : 1 Nanosecond (0.000000001 sec)

// * Diagnostic Output - MemoryDiagnoser *


// ***** BenchmarkRunner: End *****
Run time: 00:02:12 (132.39 sec), executed benchmarks: 13

Global total time: 00:02:24 (144.28 sec), executed benchmarks: 13
// * Artifacts cleanup *
Artifacts cleanup is finished
