// Validating benchmarks:
// ***** BenchmarkRunner: Start   *****
// ***** Found 78 benchmark(s) in total *****
// ***** Building 1 exe(s) in Parallel: Start   *****
// start dotnet  restore --nodeReuse:false /p:UseSharedCompilation=false /p:Deterministic=true /p:Optimize=true /p:ArtifactsPath="/media/andrew/Slowverflow/x/devs/reilly-digital/dotnet/enumerations.options.benchmarks/bin/Debug/net10.0/Enumerations.Options.Benchmarks-.NET 10.0-1/" /p:OutDir="/media/andrew/Slowverflow/x/devs/reilly-digital/dotnet/enumerations.options.benchmarks/bin/Debug/net10.0/Enumerations.Options.Benchmarks-.NET 10.0-1/bin/Release/net10.0/" /p:OutputPath="/media/andrew/Slowverflow/x/devs/reilly-digital/dotnet/enumerations.options.benchmarks/bin/Debug/net10.0/Enumerations.Options.Benchmarks-.NET 10.0-1/bin/Release/net10.0/" /p:PublishDir="/media/andrew/Slowverflow/x/devs/reilly-digital/dotnet/enumerations.options.benchmarks/bin/Debug/net10.0/Enumerations.Options.Benchmarks-.NET 10.0-1/publish/" in /media/andrew/Slowverflow/x/devs/reilly-digital/dotnet/enumerations.options.benchmarks/bin/Debug/net10.0/Enumerations.Options.Benchmarks-.NET 10.0-1
// command took 1.99 sec and exited with 0
// start dotnet  build -c Release --no-restore --nodeReuse:false /p:UseSharedCompilation=false /p:Deterministic=true /p:Optimize=true /p:ArtifactsPath="/media/andrew/Slowverflow/x/devs/reilly-digital/dotnet/enumerations.options.benchmarks/bin/Debug/net10.0/Enumerations.Options.Benchmarks-.NET 10.0-1/" /p:OutDir="/media/andrew/Slowverflow/x/devs/reilly-digital/dotnet/enumerations.options.benchmarks/bin/Debug/net10.0/Enumerations.Options.Benchmarks-.NET 10.0-1/bin/Release/net10.0/" /p:OutputPath="/media/andrew/Slowverflow/x/devs/reilly-digital/dotnet/enumerations.options.benchmarks/bin/Debug/net10.0/Enumerations.Options.Benchmarks-.NET 10.0-1/bin/Release/net10.0/" /p:PublishDir="/media/andrew/Slowverflow/x/devs/reilly-digital/dotnet/enumerations.options.benchmarks/bin/Debug/net10.0/Enumerations.Options.Benchmarks-.NET 10.0-1/publish/" --output "/media/andrew/Slowverflow/x/devs/reilly-digital/dotnet/enumerations.options.benchmarks/bin/Debug/net10.0/Enumerations.Options.Benchmarks-.NET 10.0-1/bin/Release/net10.0/" in /media/andrew/Slowverflow/x/devs/reilly-digital/dotnet/enumerations.options.benchmarks/bin/Debug/net10.0/Enumerations.Options.Benchmarks-.NET 10.0-1
// command took 7.01 sec and exited with 0
// ***** Done, took 00:00:09 (9.1 sec)   *****
// Found 78 benchmarks:
//   Scenario1.S1_CheckOptionStringErrorNoMessage_ArdalisResult: .NET 10.0(Runtime=.NET 10.0, IterationTime=250ms) [Iterations=10]
//   Scenario1.S1_CheckOptionStringErrorNoMessage_EnumerationsOptions: .NET 10.0(Runtime=.NET 10.0, IterationTime=250ms) [Iterations=10]
//   Scenario1.S1_CheckOptionStringErrorNoMessage_FluentResults: .NET 10.0(Runtime=.NET 10.0, IterationTime=250ms) [Iterations=10]
//   Scenario1.S1_CheckOptionStringErrorNoMessage_LightResults: .NET 10.0(Runtime=.NET 10.0, IterationTime=250ms) [Iterations=10]
//   Scenario1.S1_CheckOptionStringErrorNoMessage_Rascal: .NET 10.0(Runtime=.NET 10.0, IterationTime=250ms) [Iterations=10]
//   Scenario1.S1_CheckOptionStringErrorNoMessage_SimpleResults: .NET 10.0(Runtime=.NET 10.0, IterationTime=250ms) [Iterations=10]
//   Scenario1.S1_CheckOptionStringErrorWithMessage_ArdalisResult: .NET 10.0(Runtime=.NET 10.0, IterationTime=250ms) [Iterations=10]
//   Scenario1.S1_CheckOptionStringErrorWithMessage_EnumerationsOptions: .NET 10.0(Runtime=.NET 10.0, IterationTime=250ms) [Iterations=10]
//   Scenario1.S1_CheckOptionStringErrorWithMessage_FluentResults: .NET 10.0(Runtime=.NET 10.0, IterationTime=250ms) [Iterations=10]
//   Scenario1.S1_CheckOptionStringErrorWithMessage_LightResults: .NET 10.0(Runtime=.NET 10.0, IterationTime=250ms) [Iterations=10]
//   Scenario1.S1_CheckOptionStringErrorWithMessage_Rascal: .NET 10.0(Runtime=.NET 10.0, IterationTime=250ms) [Iterations=10]
//   Scenario1.S1_CheckOptionStringErrorWithMessage_SimpleResults: .NET 10.0(Runtime=.NET 10.0, IterationTime=250ms) [Iterations=10]
//   Scenario1.S1_CheckOptionStringSuccess_ArdalisResult: .NET 10.0(Runtime=.NET 10.0, IterationTime=250ms) [Iterations=10]
//   Scenario1.S1_CheckOptionStringSuccess_EnumerationsOptions: .NET 10.0(Runtime=.NET 10.0, IterationTime=250ms) [Iterations=10]
//   Scenario1.S1_CheckOptionStringSuccess_FluentResults: .NET 10.0(Runtime=.NET 10.0, IterationTime=250ms) [Iterations=10]
//   Scenario1.S1_CheckOptionStringSuccess_LightResults: .NET 10.0(Runtime=.NET 10.0, IterationTime=250ms) [Iterations=10]
//   Scenario1.S1_CheckOptionStringSuccess_Rascal: .NET 10.0(Runtime=.NET 10.0, IterationTime=250ms) [Iterations=10]
//   Scenario1.S1_CheckOptionStringSuccess_SimpleResults: .NET 10.0(Runtime=.NET 10.0, IterationTime=250ms) [Iterations=10]
//   Scenario1.S1_CheckVoidErrorNoMessage_ArdalisResult: .NET 10.0(Runtime=.NET 10.0, IterationTime=250ms) [Iterations=10]
//   Scenario1.S1_CheckVoidErrorNoMessage_EnumerationsOptions: .NET 10.0(Runtime=.NET 10.0, IterationTime=250ms) [Iterations=10]
//   Scenario1.S1_CheckVoidErrorNoMessage_FluentResults: .NET 10.0(Runtime=.NET 10.0, IterationTime=250ms) [Iterations=10]
//   Scenario1.S1_CheckVoidErrorNoMessage_LightResults: .NET 10.0(Runtime=.NET 10.0, IterationTime=250ms) [Iterations=10]
//   Scenario1.S1_CheckVoidErrorNoMessage_Rascal: .NET 10.0(Runtime=.NET 10.0, IterationTime=250ms) [Iterations=10]
//   Scenario1.S1_CheckVoidErrorNoMessage_SimpleResults: .NET 10.0(Runtime=.NET 10.0, IterationTime=250ms) [Iterations=10]
//   Scenario1.S1_CheckVoidErrorWithMessage_ArdalisResult: .NET 10.0(Runtime=.NET 10.0, IterationTime=250ms) [Iterations=10]
//   Scenario1.S1_CheckVoidErrorWithMessage_EnumerationsOptions: .NET 10.0(Runtime=.NET 10.0, IterationTime=250ms) [Iterations=10]
//   Scenario1.S1_CheckVoidErrorWithMessage_FluentResults: .NET 10.0(Runtime=.NET 10.0, IterationTime=250ms) [Iterations=10]
//   Scenario1.S1_CheckVoidErrorWithMessage_LightResults: .NET 10.0(Runtime=.NET 10.0, IterationTime=250ms) [Iterations=10]
//   Scenario1.S1_CheckVoidErrorWithMessage_Rascal: .NET 10.0(Runtime=.NET 10.0, IterationTime=250ms) [Iterations=10]
//   Scenario1.S1_CheckVoidErrorWithMessage_SimpleResults: .NET 10.0(Runtime=.NET 10.0, IterationTime=250ms) [Iterations=10]
//   Scenario1.S1_CheckVoidSuccess_ArdalisResult: .NET 10.0(Runtime=.NET 10.0, IterationTime=250ms) [Iterations=10]
//   Scenario1.S1_CheckVoidSuccess_EnumerationsOptions: .NET 10.0(Runtime=.NET 10.0, IterationTime=250ms) [Iterations=10]
//   Scenario1.S1_CheckVoidSuccess_FluentResults: .NET 10.0(Runtime=.NET 10.0, IterationTime=250ms) [Iterations=10]
//   Scenario1.S1_CheckVoidSuccess_LightResults: .NET 10.0(Runtime=.NET 10.0, IterationTime=250ms) [Iterations=10]
//   Scenario1.S1_CheckVoidSuccess_Rascal: .NET 10.0(Runtime=.NET 10.0, IterationTime=250ms) [Iterations=10]
//   Scenario1.S1_CheckVoidSuccess_SimpleResults: .NET 10.0(Runtime=.NET 10.0, IterationTime=250ms) [Iterations=10]
//   Scenario1.S1_ReturnOptionStringErrorNoMessage_ArdalisResult: .NET 10.0(Runtime=.NET 10.0, IterationTime=250ms) [Iterations=10]
//   Scenario1.S1_ReturnOptionStringErrorNoMessage_EnumerationsOptions: .NET 10.0(Runtime=.NET 10.0, IterationTime=250ms) [Iterations=10]
//   Scenario1.S1_ReturnOptionStringErrorNoMessage_FluentResults: .NET 10.0(Runtime=.NET 10.0, IterationTime=250ms) [Iterations=10]
//   Scenario1.S1_ReturnOptionStringErrorNoMessage_LightResults: .NET 10.0(Runtime=.NET 10.0, IterationTime=250ms) [Iterations=10]
//   Scenario1.S1_ReturnOptionStringErrorNoMessage_Rascal: .NET 10.0(Runtime=.NET 10.0, IterationTime=250ms) [Iterations=10]
//   Scenario1.S1_ReturnOptionStringErrorNoMessage_SimpleResults: .NET 10.0(Runtime=.NET 10.0, IterationTime=250ms) [Iterations=10]
//   Scenario1.S1_ReturnOptionStringErrorWithMessage_ArdalisResult: .NET 10.0(Runtime=.NET 10.0, IterationTime=250ms) [Iterations=10]
//   Scenario1.S1_ReturnOptionStringErrorWithMessage_EnumerationsOptions: .NET 10.0(Runtime=.NET 10.0, IterationTime=250ms) [Iterations=10]
//   Scenario1.S1_ReturnOptionStringErrorWithMessage_FluentResults: .NET 10.0(Runtime=.NET 10.0, IterationTime=250ms) [Iterations=10]
//   Scenario1.S1_ReturnOptionStringErrorWithMessage_LightResults: .NET 10.0(Runtime=.NET 10.0, IterationTime=250ms) [Iterations=10]
//   Scenario1.S1_ReturnOptionStringErrorWithMessage_Rascal: .NET 10.0(Runtime=.NET 10.0, IterationTime=250ms) [Iterations=10]
//   Scenario1.S1_ReturnOptionStringErrorWithMessage_SimpleResults: .NET 10.0(Runtime=.NET 10.0, IterationTime=250ms) [Iterations=10]
//   Scenario1.S1_ReturnOptionStringNone_ArdalisResult: .NET 10.0(Runtime=.NET 10.0, IterationTime=250ms) [Iterations=10]
//   Scenario1.S1_ReturnOptionStringNone_EnumerationsOptions: .NET 10.0(Runtime=.NET 10.0, IterationTime=250ms) [Iterations=10]
//   Scenario1.S1_ReturnOptionStringNone_FluentResults: .NET 10.0(Runtime=.NET 10.0, IterationTime=250ms) [Iterations=10]
//   Scenario1.S1_ReturnOptionStringNone_LightResults: .NET 10.0(Runtime=.NET 10.0, IterationTime=250ms) [Iterations=10]
//   Scenario1.S1_ReturnOptionStringNone_Rascal: .NET 10.0(Runtime=.NET 10.0, IterationTime=250ms) [Iterations=10]
//   Scenario1.S1_ReturnOptionStringNone_SimpleResults: .NET 10.0(Runtime=.NET 10.0, IterationTime=250ms) [Iterations=10]
//   Scenario1.S1_ReturnOptionStringSuccess_ArdalisResult: .NET 10.0(Runtime=.NET 10.0, IterationTime=250ms) [Iterations=10]
//   Scenario1.S1_ReturnOptionStringSuccess_EnumerationsOptions: .NET 10.0(Runtime=.NET 10.0, IterationTime=250ms) [Iterations=10]
//   Scenario1.S1_ReturnOptionStringSuccess_FluentResults: .NET 10.0(Runtime=.NET 10.0, IterationTime=250ms) [Iterations=10]
//   Scenario1.S1_ReturnOptionStringSuccess_LightResults: .NET 10.0(Runtime=.NET 10.0, IterationTime=250ms) [Iterations=10]
//   Scenario1.S1_ReturnOptionStringSuccess_Rascal: .NET 10.0(Runtime=.NET 10.0, IterationTime=250ms) [Iterations=10]
//   Scenario1.S1_ReturnOptionStringSuccess_SimpleResults: .NET 10.0(Runtime=.NET 10.0, IterationTime=250ms) [Iterations=10]
//   Scenario1.S1_ReturnVoidErrorNoMessage_ArdalisResult: .NET 10.0(Runtime=.NET 10.0, IterationTime=250ms) [Iterations=10]
//   Scenario1.S1_ReturnVoidErrorNoMessage_EnumerationsOptions: .NET 10.0(Runtime=.NET 10.0, IterationTime=250ms) [Iterations=10]
//   Scenario1.S1_ReturnVoidErrorNoMessage_FluentResults: .NET 10.0(Runtime=.NET 10.0, IterationTime=250ms) [Iterations=10]
//   Scenario1.S1_ReturnVoidErrorNoMessage_LightResults: .NET 10.0(Runtime=.NET 10.0, IterationTime=250ms) [Iterations=10]
//   Scenario1.S1_ReturnVoidErrorNoMessage_Rascal: .NET 10.0(Runtime=.NET 10.0, IterationTime=250ms) [Iterations=10]
//   Scenario1.S1_ReturnVoidErrorNoMessage_SimpleResults: .NET 10.0(Runtime=.NET 10.0, IterationTime=250ms) [Iterations=10]
//   Scenario1.S1_ReturnVoidErrorWithMessage_ArdalisResult: .NET 10.0(Runtime=.NET 10.0, IterationTime=250ms) [Iterations=10]
//   Scenario1.S1_ReturnVoidErrorWithMessage_EnumerationsOptions: .NET 10.0(Runtime=.NET 10.0, IterationTime=250ms) [Iterations=10]
//   Scenario1.S1_ReturnVoidErrorWithMessage_FluentResults: .NET 10.0(Runtime=.NET 10.0, IterationTime=250ms) [Iterations=10]
//   Scenario1.S1_ReturnVoidErrorWithMessage_LightResults: .NET 10.0(Runtime=.NET 10.0, IterationTime=250ms) [Iterations=10]
//   Scenario1.S1_ReturnVoidErrorWithMessage_Rascal: .NET 10.0(Runtime=.NET 10.0, IterationTime=250ms) [Iterations=10]
//   Scenario1.S1_ReturnVoidErrorWithMessage_SimpleResults: .NET 10.0(Runtime=.NET 10.0, IterationTime=250ms) [Iterations=10]
//   Scenario1.S1_ReturnVoidSuccess_ArdalisResult: .NET 10.0(Runtime=.NET 10.0, IterationTime=250ms) [Iterations=10]
//   Scenario1.S1_ReturnVoidSuccess_EnumerationsOptions: .NET 10.0(Runtime=.NET 10.0, IterationTime=250ms) [Iterations=10]
//   Scenario1.S1_ReturnVoidSuccess_FluentResults: .NET 10.0(Runtime=.NET 10.0, IterationTime=250ms) [Iterations=10]
//   Scenario1.S1_ReturnVoidSuccess_LightResults: .NET 10.0(Runtime=.NET 10.0, IterationTime=250ms) [Iterations=10]
//   Scenario1.S1_ReturnVoidSuccess_Rascal: .NET 10.0(Runtime=.NET 10.0, IterationTime=250ms) [Iterations=10]
//   Scenario1.S1_ReturnVoidSuccess_SimpleResults: .NET 10.0(Runtime=.NET 10.0, IterationTime=250ms) [Iterations=10]

// **************************
// Benchmark: Scenario1.S1_CheckOptionStringErrorNoMessage_ArdalisResult: .NET 10.0(Runtime=.NET 10.0, IterationTime=250ms) [Iterations=10]
// *** Execute ***
// Launch: 1 / 1
// Execute: dotnet "Enumerations.Options.Benchmarks-.NET 10.0-1.dll" --anonymousPipes 114 116 --benchmarkName "ReillyDigital.Enumerations.Options.Benchmarks.Scenarios.Scenario1.S1_CheckOptionStringErrorNoMessage_ArdalisResult(Iterations: 10)" --job ".NET 10.0" --benchmarkId 0 in /media/andrew/Slowverflow/x/devs/reilly-digital/dotnet/enumerations.options.benchmarks/bin/Debug/net10.0/Enumerations.Options.Benchmarks-.NET 10.0-1/bin/Release/net10.0
// Failed to set up high priority (Permission denied). In order to run benchmarks with high priority, make sure you have the right permissions.
// BeforeAnythingElse

// Benchmark Process Environment Information:
// BenchmarkDotNet v0.15.8
// Runtime=.NET 10.0.3 (10.0.3, 10.0.326.7603), X64 RyuJIT x86-64-v3
// GC=Concurrent Workstation
// HardwareIntrinsics=AVX2+BMI1+BMI2+F16C+FMA+LZCNT+MOVBE,AVX,SSE3+SSSE3+SSE4.1+SSE4.2+POPCNT,X86Base+SSE+SSE2,AES+PCLMUL VectorSize=256
// Job: .NET 10.0(IterationTime=250ms)

OverheadJitting  1: 1 op, 155023.00 ns, 155.0230 us/op
WorkloadJitting  1: 1 op, 2050916.00 ns, 2.0509 ms/op

OverheadJitting  2: 16 op, 222752.00 ns, 13.9220 us/op
WorkloadJitting  2: 16 op, 258259.00 ns, 16.1412 us/op

WorkloadPilot    1: 16 op, 30948.00 ns, 1.9343 us/op
WorkloadPilot    2: 129264 op, 68344090.00 ns, 528.7171 ns/op
WorkloadPilot    3: 472848 op, 137287857.00 ns, 290.3425 ns/op
WorkloadPilot    4: 861056 op, 99179994.00 ns, 115.1841 ns/op
WorkloadPilot    5: 2170448 op, 226780006.00 ns, 104.4853 ns/op
WorkloadPilot    6: 2392688 op, 259976943.00 ns, 108.6548 ns/op
WorkloadPilot    7: 2300880 op, 239713431.00 ns, 104.1834 ns/op
WorkloadPilot    8: 2399616 op, 249590053.00 ns, 104.0125 ns/op
WorkloadPilot    9: 2403568 op, 247684974.00 ns, 103.0489 ns/op
WorkloadPilot   10: 2426048 op, 251751108.00 ns, 103.7700 ns/op
WorkloadPilot   11: 2409184 op, 255387428.00 ns, 106.0058 ns/op

OverheadWarmup   1: 2409184 op, 6679986.00 ns, 2.7727 ns/op
OverheadWarmup   2: 2409184 op, 6686910.00 ns, 2.7756 ns/op
OverheadWarmup   3: 2409184 op, 6711476.00 ns, 2.7858 ns/op
OverheadWarmup   4: 2409184 op, 6668465.00 ns, 2.7679 ns/op
OverheadWarmup   5: 2409184 op, 6738557.00 ns, 2.7970 ns/op
OverheadWarmup   6: 2409184 op, 6775097.00 ns, 2.8122 ns/op
OverheadWarmup   7: 2409184 op, 6718660.00 ns, 2.7888 ns/op

OverheadActual   1: 2409184 op, 6709222.00 ns, 2.7849 ns/op
OverheadActual   2: 2409184 op, 6791739.00 ns, 2.8191 ns/op
OverheadActual   3: 2409184 op, 6707639.00 ns, 2.7842 ns/op
OverheadActual   4: 2409184 op, 6755499.00 ns, 2.8041 ns/op
OverheadActual   5: 2409184 op, 6714412.00 ns, 2.7870 ns/op
OverheadActual   6: 2409184 op, 6769676.00 ns, 2.8099 ns/op
OverheadActual   7: 2409184 op, 6733728.00 ns, 2.7950 ns/op
OverheadActual   8: 2409184 op, 6771771.00 ns, 2.8108 ns/op
OverheadActual   9: 2409184 op, 6728990.00 ns, 2.7931 ns/op
OverheadActual  10: 2409184 op, 6681890.00 ns, 2.7735 ns/op
OverheadActual  11: 2409184 op, 6735892.00 ns, 2.7959 ns/op
OverheadActual  12: 2409184 op, 6764156.00 ns, 2.8077 ns/op
OverheadActual  13: 2409184 op, 6774996.00 ns, 2.8122 ns/op
OverheadActual  14: 2409184 op, 6801426.00 ns, 2.8231 ns/op
OverheadActual  15: 2409184 op, 6788321.00 ns, 2.8177 ns/op

WorkloadWarmup   1: 2409184 op, 259218918.00 ns, 107.5961 ns/op
WorkloadWarmup   2: 2409184 op, 245090569.00 ns, 101.7318 ns/op
WorkloadWarmup   3: 2409184 op, 239963825.00 ns, 99.6038 ns/op
WorkloadWarmup   4: 2409184 op, 240509198.00 ns, 99.8301 ns/op
WorkloadWarmup   5: 2409184 op, 240565885.00 ns, 99.8537 ns/op
WorkloadWarmup   6: 2409184 op, 240602925.00 ns, 99.8691 ns/op
WorkloadWarmup   7: 2409184 op, 231983595.00 ns, 96.2914 ns/op
WorkloadWarmup   8: 2409184 op, 251386467.00 ns, 104.3451 ns/op
WorkloadWarmup   9: 2409184 op, 253016726.00 ns, 105.0218 ns/op
WorkloadWarmup  10: 2409184 op, 254086513.00 ns, 105.4658 ns/op
WorkloadWarmup  11: 2409184 op, 254223202.00 ns, 105.5225 ns/op
WorkloadWarmup  12: 2409184 op, 254958114.00 ns, 105.8276 ns/op
WorkloadWarmup  13: 2409184 op, 254435794.00 ns, 105.6108 ns/op

// BeforeActualRun
WorkloadActual   1: 2409184 op, 259513105.00 ns, 107.7183 ns/op
WorkloadActual   2: 2409184 op, 289547941.00 ns, 120.1851 ns/op
WorkloadActual   3: 2409184 op, 266934105.00 ns, 110.7986 ns/op
WorkloadActual   4: 2409184 op, 253568973.00 ns, 105.2510 ns/op
WorkloadActual   5: 2409184 op, 254951502.00 ns, 105.8248 ns/op
WorkloadActual   6: 2409184 op, 260826103.00 ns, 108.2633 ns/op
WorkloadActual   7: 2409184 op, 286715645.00 ns, 119.0094 ns/op
WorkloadActual   8: 2409184 op, 283154447.00 ns, 117.5313 ns/op
WorkloadActual   9: 2409184 op, 281904900.00 ns, 117.0126 ns/op
WorkloadActual  10: 2409184 op, 281126736.00 ns, 116.6896 ns/op
WorkloadActual  11: 2409184 op, 282358389.00 ns, 117.2008 ns/op
WorkloadActual  12: 2409184 op, 283614008.00 ns, 117.7220 ns/op
WorkloadActual  13: 2409184 op, 283851017.00 ns, 117.8204 ns/op
WorkloadActual  14: 2409184 op, 284920364.00 ns, 118.2643 ns/op
WorkloadActual  15: 2409184 op, 286347146.00 ns, 118.8565 ns/op
WorkloadActual  16: 2409184 op, 291467999.00 ns, 120.9820 ns/op
WorkloadActual  17: 2409184 op, 285013179.00 ns, 118.3028 ns/op
WorkloadActual  18: 2409184 op, 260713399.00 ns, 108.2165 ns/op
WorkloadActual  19: 2409184 op, 256300838.00 ns, 106.3849 ns/op
WorkloadActual  20: 2409184 op, 255182399.00 ns, 105.9207 ns/op
WorkloadActual  21: 2409184 op, 242954090.00 ns, 100.8450 ns/op
WorkloadActual  22: 2409184 op, 241865619.00 ns, 100.3932 ns/op
WorkloadActual  23: 2409184 op, 243713860.00 ns, 101.1603 ns/op
WorkloadActual  24: 2409184 op, 239799463.00 ns, 99.5356 ns/op
WorkloadActual  25: 2409184 op, 241435854.00 ns, 100.2148 ns/op
WorkloadActual  26: 2409184 op, 241887841.00 ns, 100.4024 ns/op
WorkloadActual  27: 2409184 op, 243785716.00 ns, 101.1902 ns/op
WorkloadActual  28: 2409184 op, 246407644.00 ns, 102.2785 ns/op
WorkloadActual  29: 2409184 op, 239348148.00 ns, 99.3482 ns/op
WorkloadActual  30: 2409184 op, 241206931.00 ns, 100.1198 ns/op
WorkloadActual  31: 2409184 op, 241010729.00 ns, 100.0383 ns/op
WorkloadActual  32: 2409184 op, 236267241.00 ns, 98.0694 ns/op
WorkloadActual  33: 2409184 op, 238112948.00 ns, 98.8355 ns/op
WorkloadActual  34: 2409184 op, 236549355.00 ns, 98.1865 ns/op
WorkloadActual  35: 2409184 op, 243939799.00 ns, 101.2541 ns/op
WorkloadActual  36: 2409184 op, 245075179.00 ns, 101.7254 ns/op
WorkloadActual  37: 2409184 op, 239845561.00 ns, 99.5547 ns/op
WorkloadActual  38: 2409184 op, 240732191.00 ns, 99.9227 ns/op
WorkloadActual  39: 2409184 op, 259858900.00 ns, 107.8618 ns/op
WorkloadActual  40: 2409184 op, 250286192.00 ns, 103.8884 ns/op
WorkloadActual  41: 2409184 op, 248351056.00 ns, 103.0851 ns/op
WorkloadActual  42: 2409184 op, 276226642.00 ns, 114.6557 ns/op
WorkloadActual  43: 2409184 op, 234271150.00 ns, 97.2409 ns/op
WorkloadActual  44: 2409184 op, 245538106.00 ns, 101.9175 ns/op
WorkloadActual  45: 2409184 op, 252102865.00 ns, 104.6424 ns/op
WorkloadActual  46: 2409184 op, 257523465.00 ns, 106.8924 ns/op
WorkloadActual  47: 2409184 op, 234644888.00 ns, 97.3960 ns/op
WorkloadActual  48: 2409184 op, 230986977.00 ns, 95.8777 ns/op
WorkloadActual  49: 2409184 op, 231664290.00 ns, 96.1588 ns/op
WorkloadActual  50: 2409184 op, 230606225.00 ns, 95.7196 ns/op
WorkloadActual  51: 2409184 op, 230083916.00 ns, 95.5028 ns/op
WorkloadActual  52: 2409184 op, 237992310.00 ns, 98.7854 ns/op
WorkloadActual  53: 2409184 op, 234743044.00 ns, 97.4367 ns/op
WorkloadActual  54: 2409184 op, 235732228.00 ns, 97.8473 ns/op
WorkloadActual  55: 2409184 op, 238802484.00 ns, 99.1217 ns/op
WorkloadActual  56: 2409184 op, 249972137.00 ns, 103.7580 ns/op
WorkloadActual  57: 2409184 op, 245820642.00 ns, 102.0348 ns/op
WorkloadActual  58: 2409184 op, 255000525.00 ns, 105.8452 ns/op
WorkloadActual  59: 2409184 op, 257654954.00 ns, 106.9470 ns/op
WorkloadActual  60: 2409184 op, 298937211.00 ns, 124.0823 ns/op
WorkloadActual  61: 2409184 op, 256243019.00 ns, 106.3609 ns/op
WorkloadActual  62: 2409184 op, 251953041.00 ns, 104.5802 ns/op
WorkloadActual  63: 2409184 op, 259541829.00 ns, 107.7302 ns/op
WorkloadActual  64: 2409184 op, 252282384.00 ns, 104.7169 ns/op
WorkloadActual  65: 2409184 op, 251991203.00 ns, 104.5961 ns/op
WorkloadActual  66: 2409184 op, 250833289.00 ns, 104.1155 ns/op
WorkloadActual  67: 2409184 op, 264132186.00 ns, 109.6355 ns/op
WorkloadActual  68: 2409184 op, 258461332.00 ns, 107.2817 ns/op
WorkloadActual  69: 2409184 op, 255187028.00 ns, 105.9226 ns/op
WorkloadActual  70: 2409184 op, 246639143.00 ns, 102.3746 ns/op
WorkloadActual  71: 2409184 op, 249972308.00 ns, 103.7581 ns/op
WorkloadActual  72: 2409184 op, 252384258.00 ns, 104.7592 ns/op
WorkloadActual  73: 2409184 op, 246797112.00 ns, 102.4401 ns/op
WorkloadActual  74: 2409184 op, 243366282.00 ns, 101.0161 ns/op
WorkloadActual  75: 2409184 op, 241868183.00 ns, 100.3942 ns/op
WorkloadActual  76: 2409184 op, 244698605.00 ns, 101.5691 ns/op
WorkloadActual  77: 2409184 op, 240413617.00 ns, 99.7905 ns/op
WorkloadActual  78: 2409184 op, 238358634.00 ns, 98.9375 ns/op
WorkloadActual  79: 2409184 op, 239975818.00 ns, 99.6088 ns/op
WorkloadActual  80: 2409184 op, 236596875.00 ns, 98.2062 ns/op
WorkloadActual  81: 2409184 op, 243741362.00 ns, 101.1718 ns/op
WorkloadActual  82: 2409184 op, 242125310.00 ns, 100.5010 ns/op
WorkloadActual  83: 2409184 op, 245866719.00 ns, 102.0539 ns/op
WorkloadActual  84: 2409184 op, 250109308.00 ns, 103.8149 ns/op
WorkloadActual  85: 2409184 op, 247584323.00 ns, 102.7669 ns/op
WorkloadActual  86: 2409184 op, 245200828.00 ns, 101.7775 ns/op
WorkloadActual  87: 2409184 op, 245858384.00 ns, 102.0505 ns/op

// AfterActualRun
WorkloadResult   1: 2409184 op, 252757606.00 ns, 104.9142 ns/op
WorkloadResult   2: 2409184 op, 260178606.00 ns, 107.9945 ns/op
WorkloadResult   3: 2409184 op, 246813474.00 ns, 102.4469 ns/op
WorkloadResult   4: 2409184 op, 248196003.00 ns, 103.0208 ns/op
WorkloadResult   5: 2409184 op, 254070604.00 ns, 105.4592 ns/op
WorkloadResult   6: 2409184 op, 276398948.00 ns, 114.7272 ns/op
WorkloadResult   7: 2409184 op, 275149401.00 ns, 114.2085 ns/op
WorkloadResult   8: 2409184 op, 274371237.00 ns, 113.8855 ns/op
WorkloadResult   9: 2409184 op, 275602890.00 ns, 114.3968 ns/op
WorkloadResult  10: 2409184 op, 253957900.00 ns, 105.4124 ns/op
WorkloadResult  11: 2409184 op, 249545339.00 ns, 103.5809 ns/op
WorkloadResult  12: 2409184 op, 248426900.00 ns, 103.1166 ns/op
WorkloadResult  13: 2409184 op, 236198591.00 ns, 98.0409 ns/op
WorkloadResult  14: 2409184 op, 235110120.00 ns, 97.5891 ns/op
WorkloadResult  15: 2409184 op, 236958361.00 ns, 98.3563 ns/op
WorkloadResult  16: 2409184 op, 233043964.00 ns, 96.7315 ns/op
WorkloadResult  17: 2409184 op, 234680355.00 ns, 97.4107 ns/op
WorkloadResult  18: 2409184 op, 235132342.00 ns, 97.5983 ns/op
WorkloadResult  19: 2409184 op, 237030217.00 ns, 98.3861 ns/op
WorkloadResult  20: 2409184 op, 239652145.00 ns, 99.4744 ns/op
WorkloadResult  21: 2409184 op, 232592649.00 ns, 96.5442 ns/op
WorkloadResult  22: 2409184 op, 234451432.00 ns, 97.3157 ns/op
WorkloadResult  23: 2409184 op, 234255230.00 ns, 97.2343 ns/op
WorkloadResult  24: 2409184 op, 229511742.00 ns, 95.2653 ns/op
WorkloadResult  25: 2409184 op, 231357449.00 ns, 96.0315 ns/op
WorkloadResult  26: 2409184 op, 229793856.00 ns, 95.3824 ns/op
WorkloadResult  27: 2409184 op, 237184300.00 ns, 98.4501 ns/op
WorkloadResult  28: 2409184 op, 238319680.00 ns, 98.9213 ns/op
WorkloadResult  29: 2409184 op, 233090062.00 ns, 96.7506 ns/op
WorkloadResult  30: 2409184 op, 233976692.00 ns, 97.1186 ns/op
WorkloadResult  31: 2409184 op, 253103401.00 ns, 105.0577 ns/op
WorkloadResult  32: 2409184 op, 243530693.00 ns, 101.0843 ns/op
WorkloadResult  33: 2409184 op, 241595557.00 ns, 100.2811 ns/op
WorkloadResult  34: 2409184 op, 269471143.00 ns, 111.8516 ns/op
WorkloadResult  35: 2409184 op, 227515651.00 ns, 94.4368 ns/op
WorkloadResult  36: 2409184 op, 238782607.00 ns, 99.1135 ns/op
WorkloadResult  37: 2409184 op, 245347366.00 ns, 101.8384 ns/op
WorkloadResult  38: 2409184 op, 250767966.00 ns, 104.0883 ns/op
WorkloadResult  39: 2409184 op, 227889389.00 ns, 94.5919 ns/op
WorkloadResult  40: 2409184 op, 224231478.00 ns, 93.0736 ns/op
WorkloadResult  41: 2409184 op, 224908791.00 ns, 93.3548 ns/op
WorkloadResult  42: 2409184 op, 223850726.00 ns, 92.9156 ns/op
WorkloadResult  43: 2409184 op, 223328417.00 ns, 92.6988 ns/op
WorkloadResult  44: 2409184 op, 231236811.00 ns, 95.9814 ns/op
WorkloadResult  45: 2409184 op, 227987545.00 ns, 94.6327 ns/op
WorkloadResult  46: 2409184 op, 228976729.00 ns, 95.0433 ns/op
WorkloadResult  47: 2409184 op, 232046985.00 ns, 96.3177 ns/op
WorkloadResult  48: 2409184 op, 243216638.00 ns, 100.9539 ns/op
WorkloadResult  49: 2409184 op, 239065143.00 ns, 99.2308 ns/op
WorkloadResult  50: 2409184 op, 248245026.00 ns, 103.0411 ns/op
WorkloadResult  51: 2409184 op, 250899455.00 ns, 104.1429 ns/op
WorkloadResult  52: 2409184 op, 249487520.00 ns, 103.5569 ns/op
WorkloadResult  53: 2409184 op, 245197542.00 ns, 101.7762 ns/op
WorkloadResult  54: 2409184 op, 252786330.00 ns, 104.9261 ns/op
WorkloadResult  55: 2409184 op, 245526885.00 ns, 101.9129 ns/op
WorkloadResult  56: 2409184 op, 245235704.00 ns, 101.7920 ns/op
WorkloadResult  57: 2409184 op, 244077790.00 ns, 101.3114 ns/op
WorkloadResult  58: 2409184 op, 257376687.00 ns, 106.8315 ns/op
WorkloadResult  59: 2409184 op, 251705833.00 ns, 104.4776 ns/op
WorkloadResult  60: 2409184 op, 248431529.00 ns, 103.1185 ns/op
WorkloadResult  61: 2409184 op, 239883644.00 ns, 99.5705 ns/op
WorkloadResult  62: 2409184 op, 243216809.00 ns, 100.9540 ns/op
WorkloadResult  63: 2409184 op, 245628759.00 ns, 101.9552 ns/op
WorkloadResult  64: 2409184 op, 240041613.00 ns, 99.6361 ns/op
WorkloadResult  65: 2409184 op, 236610783.00 ns, 98.2120 ns/op
WorkloadResult  66: 2409184 op, 235112684.00 ns, 97.5902 ns/op
WorkloadResult  67: 2409184 op, 237943106.00 ns, 98.7650 ns/op
WorkloadResult  68: 2409184 op, 233658118.00 ns, 96.9864 ns/op
WorkloadResult  69: 2409184 op, 231603135.00 ns, 96.1334 ns/op
WorkloadResult  70: 2409184 op, 233220319.00 ns, 96.8047 ns/op
WorkloadResult  71: 2409184 op, 229841376.00 ns, 95.4022 ns/op
WorkloadResult  72: 2409184 op, 236985863.00 ns, 98.3677 ns/op
WorkloadResult  73: 2409184 op, 235369811.00 ns, 97.6969 ns/op
WorkloadResult  74: 2409184 op, 239111220.00 ns, 99.2499 ns/op
WorkloadResult  75: 2409184 op, 243353809.00 ns, 101.0109 ns/op
WorkloadResult  76: 2409184 op, 240828824.00 ns, 99.9628 ns/op
WorkloadResult  77: 2409184 op, 238445329.00 ns, 98.9735 ns/op
WorkloadResult  78: 2409184 op, 239102885.00 ns, 99.2464 ns/op
// GC:  207 0 0 1734612480 2409184
// Threading:  0 0 2409184

// AfterAll
// Benchmark Process 43986 has exited with code 0.

Mean = 100.330 ns, StdErr = 0.563 ns (0.56%), N = 78, StdDev = 4.973 ns
Min = 92.699 ns, Q1 = 97.019 ns, Median = 99.239 ns, Q3 = 103.036 ns, Max = 114.727 ns
IQR = 6.017 ns, LowerFence = 87.995 ns, UpperFence = 112.061 ns
ConfidenceInterval = [98.403 ns; 102.256 ns] (CI 99.9%), Margin = 1.927 ns (1.92% of Mean)
Skewness = 1.11, Kurtosis = 4.19, MValue = 2

// ** Remained 77 (98.7%) benchmark(s) to run. Estimated finish 2026-02-19 9:02 (0h 35m from now) **
// **************************
// Benchmark: Scenario1.S1_CheckOptionStringErrorNoMessage_EnumerationsOptions: .NET 10.0(Runtime=.NET 10.0, IterationTime=250ms) [Iterations=10]
// *** Execute ***
// Launch: 1 / 1
// Execute: dotnet "Enumerations.Options.Benchmarks-.NET 10.0-1.dll" --anonymousPipes 114 116 --benchmarkName "ReillyDigital.Enumerations.Options.Benchmarks.Scenarios.Scenario1.S1_CheckOptionStringErrorNoMessage_EnumerationsOptions(Iterations: 10)" --job ".NET 10.0" --benchmarkId 1 in /media/andrew/Slowverflow/x/devs/reilly-digital/dotnet/enumerations.options.benchmarks/bin/Debug/net10.0/Enumerations.Options.Benchmarks-.NET 10.0-1/bin/Release/net10.0
// Failed to set up high priority (Permission denied). In order to run benchmarks with high priority, make sure you have the right permissions.
// BeforeAnythingElse

// Benchmark Process Environment Information:
// BenchmarkDotNet v0.15.8
// Runtime=.NET 10.0.3 (10.0.3, 10.0.326.7603), X64 RyuJIT x86-64-v3
// GC=Concurrent Workstation
// HardwareIntrinsics=AVX2+BMI1+BMI2+F16C+FMA+LZCNT+MOVBE,AVX,SSE3+SSSE3+SSE4.1+SSE4.2+POPCNT,X86Base+SSE+SSE2,AES+PCLMUL VectorSize=256
// Job: .NET 10.0(IterationTime=250ms)

OverheadJitting  1: 1 op, 163731.00 ns, 163.7310 us/op
WorkloadJitting  1: 1 op, 3044128.00 ns, 3.0441 ms/op

OverheadJitting  2: 16 op, 233703.00 ns, 14.6064 us/op
WorkloadJitting  2: 16 op, 245525.00 ns, 15.3453 us/op

WorkloadPilot    1: 16 op, 52178.00 ns, 3.2611 us/op
WorkloadPilot    2: 76672 op, 45992311.00 ns, 599.8580 ns/op
WorkloadPilot    3: 416768 op, 157879932.00 ns, 378.8197 ns/op
WorkloadPilot    4: 659952 op, 91865686.00 ns, 139.2006 ns/op
WorkloadPilot    5: 1795984 op, 240328375.00 ns, 133.8143 ns/op
WorkloadPilot    6: 1868272 op, 248182427.00 ns, 132.8406 ns/op
WorkloadPilot    7: 1881968 op, 248704846.00 ns, 132.1515 ns/op
WorkloadPilot    8: 1891776 op, 279972108.00 ns, 147.9943 ns/op
WorkloadPilot    9: 1689264 op, 232449939.00 ns, 137.6043 ns/op
WorkloadPilot   10: 1816816 op, 252472165.00 ns, 138.9641 ns/op
WorkloadPilot   11: 1799040 op, 254592181.00 ns, 141.5156 ns/op

OverheadWarmup   1: 1799040 op, 4528369.00 ns, 2.5171 ns/op
OverheadWarmup   2: 1799040 op, 4550892.00 ns, 2.5296 ns/op
OverheadWarmup   3: 1799040 op, 4510696.00 ns, 2.5073 ns/op
OverheadWarmup   4: 1799040 op, 4522689.00 ns, 2.5139 ns/op
OverheadWarmup   5: 1799040 op, 4529021.00 ns, 2.5175 ns/op
OverheadWarmup   6: 1799040 op, 4580849.00 ns, 2.5463 ns/op
OverheadWarmup   7: 1799040 op, 4526737.00 ns, 2.5162 ns/op

OverheadActual   1: 1799040 op, 4546003.00 ns, 2.5269 ns/op
OverheadActual   2: 1799040 op, 4566342.00 ns, 2.5382 ns/op
OverheadActual   3: 1799040 op, 4505487.00 ns, 2.5044 ns/op
OverheadActual   4: 1799040 op, 4581541.00 ns, 2.5467 ns/op
OverheadActual   5: 1799040 op, 4511317.00 ns, 2.5076 ns/op
OverheadActual   6: 1799040 op, 4504395.00 ns, 2.5038 ns/op
OverheadActual   7: 1799040 op, 4537296.00 ns, 2.5221 ns/op
OverheadActual   8: 1799040 op, 4504694.00 ns, 2.5039 ns/op
OverheadActual   9: 1799040 op, 4543689.00 ns, 2.5256 ns/op
OverheadActual  10: 1799040 op, 4784665.00 ns, 2.6596 ns/op
OverheadActual  11: 1799040 op, 4486871.00 ns, 2.4940 ns/op
OverheadActual  12: 1799040 op, 4805305.00 ns, 2.6710 ns/op
OverheadActual  13: 1799040 op, 4624882.00 ns, 2.5707 ns/op
OverheadActual  14: 1799040 op, 4692791.00 ns, 2.6085 ns/op
OverheadActual  15: 1799040 op, 4519613.00 ns, 2.5122 ns/op

WorkloadWarmup   1: 1799040 op, 252636155.00 ns, 140.4283 ns/op
WorkloadWarmup   2: 1799040 op, 251364536.00 ns, 139.7215 ns/op
WorkloadWarmup   3: 1799040 op, 245828076.00 ns, 136.6440 ns/op
WorkloadWarmup   4: 1799040 op, 242884659.00 ns, 135.0079 ns/op
WorkloadWarmup   5: 1799040 op, 239364209.00 ns, 133.0511 ns/op
WorkloadWarmup   6: 1799040 op, 233438351.00 ns, 129.7572 ns/op
WorkloadWarmup   7: 1799040 op, 235875129.00 ns, 131.1117 ns/op
WorkloadWarmup   8: 1799040 op, 233476042.00 ns, 129.7781 ns/op
WorkloadWarmup   9: 1799040 op, 238173333.00 ns, 132.3891 ns/op
WorkloadWarmup  10: 1799040 op, 240341460.00 ns, 133.5943 ns/op
WorkloadWarmup  11: 1799040 op, 239628079.00 ns, 133.1977 ns/op

// BeforeActualRun
WorkloadActual   1: 1799040 op, 245284476.00 ns, 136.3419 ns/op
WorkloadActual   2: 1799040 op, 263598806.00 ns, 146.5219 ns/op
WorkloadActual   3: 1799040 op, 265609796.00 ns, 147.6397 ns/op
WorkloadActual   4: 1799040 op, 267682964.00 ns, 148.7921 ns/op
WorkloadActual   5: 1799040 op, 272214199.00 ns, 151.3108 ns/op
WorkloadActual   6: 1799040 op, 264179245.00 ns, 146.8446 ns/op
WorkloadActual   7: 1799040 op, 264842092.00 ns, 147.2130 ns/op
WorkloadActual   8: 1799040 op, 270530980.00 ns, 150.3752 ns/op
WorkloadActual   9: 1799040 op, 265681392.00 ns, 147.6795 ns/op
WorkloadActual  10: 1799040 op, 262658054.00 ns, 145.9990 ns/op
WorkloadActual  11: 1799040 op, 266136614.00 ns, 147.9326 ns/op
WorkloadActual  12: 1799040 op, 272402526.00 ns, 151.4155 ns/op
WorkloadActual  13: 1799040 op, 272886523.00 ns, 151.6845 ns/op
WorkloadActual  14: 1799040 op, 265149835.00 ns, 147.3841 ns/op
WorkloadActual  15: 1799040 op, 264432375.00 ns, 146.9853 ns/op
WorkloadActual  16: 1799040 op, 269202783.00 ns, 149.6369 ns/op
WorkloadActual  17: 1799040 op, 270105995.00 ns, 150.1390 ns/op
WorkloadActual  18: 1799040 op, 239985316.00 ns, 133.3963 ns/op
WorkloadActual  19: 1799040 op, 244003088.00 ns, 135.6296 ns/op
WorkloadActual  20: 1799040 op, 329254272.00 ns, 183.0166 ns/op
WorkloadActual  21: 1799040 op, 258605384.00 ns, 143.7463 ns/op
WorkloadActual  22: 1799040 op, 250709265.00 ns, 139.3572 ns/op
WorkloadActual  23: 1799040 op, 245043669.00 ns, 136.2080 ns/op
WorkloadActual  24: 1799040 op, 247085909.00 ns, 137.3432 ns/op
WorkloadActual  25: 1799040 op, 245496047.00 ns, 136.4595 ns/op
WorkloadActual  26: 1799040 op, 240904397.00 ns, 133.9072 ns/op
WorkloadActual  27: 1799040 op, 240612554.00 ns, 133.7450 ns/op
WorkloadActual  28: 1799040 op, 240336852.00 ns, 133.5917 ns/op
WorkloadActual  29: 1799040 op, 243212680.00 ns, 135.1903 ns/op
WorkloadActual  30: 1799040 op, 245183234.00 ns, 136.2856 ns/op
WorkloadActual  31: 1799040 op, 237590428.00 ns, 132.0651 ns/op
WorkloadActual  32: 1799040 op, 236191888.00 ns, 131.2877 ns/op
WorkloadActual  33: 1799040 op, 235329434.00 ns, 130.8083 ns/op
WorkloadActual  34: 1799040 op, 237295339.00 ns, 131.9011 ns/op
WorkloadActual  35: 1799040 op, 234789081.00 ns, 130.5080 ns/op
WorkloadActual  36: 1799040 op, 235469941.00 ns, 130.8864 ns/op
WorkloadActual  37: 1799040 op, 237207523.00 ns, 131.8523 ns/op
WorkloadActual  38: 1799040 op, 234841941.00 ns, 130.5374 ns/op
WorkloadActual  39: 1799040 op, 244501482.00 ns, 135.9066 ns/op
WorkloadActual  40: 1799040 op, 280003267.00 ns, 155.6404 ns/op
WorkloadActual  41: 1799040 op, 271313874.00 ns, 150.8104 ns/op
WorkloadActual  42: 1799040 op, 265639212.00 ns, 147.6561 ns/op
WorkloadActual  43: 1799040 op, 260002672.00 ns, 144.5230 ns/op
WorkloadActual  44: 1799040 op, 260378074.00 ns, 144.7317 ns/op
WorkloadActual  45: 1799040 op, 254524893.00 ns, 141.4782 ns/op
WorkloadActual  46: 1799040 op, 272485443.00 ns, 151.4616 ns/op
WorkloadActual  47: 1799040 op, 266562631.00 ns, 148.1694 ns/op
WorkloadActual  48: 1799040 op, 266124461.00 ns, 147.9258 ns/op
WorkloadActual  49: 1799040 op, 254537277.00 ns, 141.4851 ns/op
WorkloadActual  50: 1799040 op, 238721831.00 ns, 132.6940 ns/op
WorkloadActual  51: 1799040 op, 254814623.00 ns, 141.6392 ns/op
WorkloadActual  52: 1799040 op, 326718848.00 ns, 181.6073 ns/op
WorkloadActual  53: 1799040 op, 259011324.00 ns, 143.9720 ns/op
WorkloadActual  54: 1799040 op, 264406376.00 ns, 146.9708 ns/op
WorkloadActual  55: 1799040 op, 254901086.00 ns, 141.6873 ns/op
WorkloadActual  56: 1799040 op, 246394619.00 ns, 136.9589 ns/op
WorkloadActual  57: 1799040 op, 246237973.00 ns, 136.8719 ns/op
WorkloadActual  58: 1799040 op, 247156232.00 ns, 137.3823 ns/op
WorkloadActual  59: 1799040 op, 290156715.00 ns, 161.2842 ns/op
WorkloadActual  60: 1799040 op, 260177253.00 ns, 144.6200 ns/op
WorkloadActual  61: 1799040 op, 251262803.00 ns, 139.6649 ns/op
WorkloadActual  62: 1799040 op, 254758306.00 ns, 141.6079 ns/op
WorkloadActual  63: 1799040 op, 240769892.00 ns, 133.8324 ns/op
WorkloadActual  64: 1799040 op, 259717081.00 ns, 144.3643 ns/op
WorkloadActual  65: 1799040 op, 277411827.00 ns, 154.1999 ns/op
WorkloadActual  66: 1799040 op, 261469371.00 ns, 145.3383 ns/op
WorkloadActual  67: 1799040 op, 252020068.00 ns, 140.0859 ns/op
WorkloadActual  68: 1799040 op, 262891806.00 ns, 146.1289 ns/op
WorkloadActual  69: 1799040 op, 300363052.00 ns, 166.9574 ns/op
WorkloadActual  70: 1799040 op, 263122584.00 ns, 146.2572 ns/op
WorkloadActual  71: 1799040 op, 254564319.00 ns, 141.5001 ns/op
WorkloadActual  72: 1799040 op, 260384095.00 ns, 144.7350 ns/op
WorkloadActual  73: 1799040 op, 254064512.00 ns, 141.2223 ns/op
WorkloadActual  74: 1799040 op, 253873971.00 ns, 141.1164 ns/op
WorkloadActual  75: 1799040 op, 266714469.00 ns, 148.2538 ns/op
WorkloadActual  76: 1799040 op, 264163506.00 ns, 146.8358 ns/op
WorkloadActual  77: 1799040 op, 262896886.00 ns, 146.1318 ns/op

// AfterActualRun
WorkloadResult   1: 1799040 op, 240740787.00 ns, 133.8163 ns/op
WorkloadResult   2: 1799040 op, 259055117.00 ns, 143.9963 ns/op
WorkloadResult   3: 1799040 op, 261066107.00 ns, 145.1141 ns/op
WorkloadResult   4: 1799040 op, 263139275.00 ns, 146.2665 ns/op
WorkloadResult   5: 1799040 op, 267670510.00 ns, 148.7852 ns/op
WorkloadResult   6: 1799040 op, 259635556.00 ns, 144.3189 ns/op
WorkloadResult   7: 1799040 op, 260298403.00 ns, 144.6874 ns/op
WorkloadResult   8: 1799040 op, 265987291.00 ns, 147.8496 ns/op
WorkloadResult   9: 1799040 op, 261137703.00 ns, 145.1539 ns/op
WorkloadResult  10: 1799040 op, 258114365.00 ns, 143.4734 ns/op
WorkloadResult  11: 1799040 op, 261592925.00 ns, 145.4070 ns/op
WorkloadResult  12: 1799040 op, 267858837.00 ns, 148.8899 ns/op
WorkloadResult  13: 1799040 op, 268342834.00 ns, 149.1589 ns/op
WorkloadResult  14: 1799040 op, 260606146.00 ns, 144.8585 ns/op
WorkloadResult  15: 1799040 op, 259888686.00 ns, 144.4596 ns/op
WorkloadResult  16: 1799040 op, 264659094.00 ns, 147.1113 ns/op
WorkloadResult  17: 1799040 op, 265562306.00 ns, 147.6133 ns/op
WorkloadResult  18: 1799040 op, 235441627.00 ns, 130.8707 ns/op
WorkloadResult  19: 1799040 op, 239459399.00 ns, 133.1040 ns/op
WorkloadResult  20: 1799040 op, 254061695.00 ns, 141.2207 ns/op
WorkloadResult  21: 1799040 op, 246165576.00 ns, 136.8316 ns/op
WorkloadResult  22: 1799040 op, 240499980.00 ns, 133.6824 ns/op
WorkloadResult  23: 1799040 op, 242542220.00 ns, 134.8176 ns/op
WorkloadResult  24: 1799040 op, 240952358.00 ns, 133.9339 ns/op
WorkloadResult  25: 1799040 op, 236360708.00 ns, 131.3816 ns/op
WorkloadResult  26: 1799040 op, 236068865.00 ns, 131.2194 ns/op
WorkloadResult  27: 1799040 op, 235793163.00 ns, 131.0661 ns/op
WorkloadResult  28: 1799040 op, 238668991.00 ns, 132.6646 ns/op
WorkloadResult  29: 1799040 op, 240639545.00 ns, 133.7600 ns/op
WorkloadResult  30: 1799040 op, 233046739.00 ns, 129.5395 ns/op
WorkloadResult  31: 1799040 op, 231648199.00 ns, 128.7621 ns/op
WorkloadResult  32: 1799040 op, 230785745.00 ns, 128.2827 ns/op
WorkloadResult  33: 1799040 op, 232751650.00 ns, 129.3755 ns/op
WorkloadResult  34: 1799040 op, 230245392.00 ns, 127.9824 ns/op
WorkloadResult  35: 1799040 op, 230926252.00 ns, 128.3608 ns/op
WorkloadResult  36: 1799040 op, 232663834.00 ns, 129.3267 ns/op
WorkloadResult  37: 1799040 op, 230298252.00 ns, 128.0117 ns/op
WorkloadResult  38: 1799040 op, 239957793.00 ns, 133.3810 ns/op
WorkloadResult  39: 1799040 op, 275459578.00 ns, 153.1148 ns/op
WorkloadResult  40: 1799040 op, 266770185.00 ns, 148.2847 ns/op
WorkloadResult  41: 1799040 op, 261095523.00 ns, 145.1305 ns/op
WorkloadResult  42: 1799040 op, 255458983.00 ns, 141.9974 ns/op
WorkloadResult  43: 1799040 op, 255834385.00 ns, 142.2061 ns/op
WorkloadResult  44: 1799040 op, 249981204.00 ns, 138.9526 ns/op
WorkloadResult  45: 1799040 op, 267941754.00 ns, 148.9360 ns/op
WorkloadResult  46: 1799040 op, 262018942.00 ns, 145.6438 ns/op
WorkloadResult  47: 1799040 op, 261580772.00 ns, 145.4002 ns/op
WorkloadResult  48: 1799040 op, 249993588.00 ns, 138.9594 ns/op
WorkloadResult  49: 1799040 op, 234178142.00 ns, 130.1684 ns/op
WorkloadResult  50: 1799040 op, 250270934.00 ns, 139.1136 ns/op
WorkloadResult  51: 1799040 op, 254467635.00 ns, 141.4463 ns/op
WorkloadResult  52: 1799040 op, 259862687.00 ns, 144.4452 ns/op
WorkloadResult  53: 1799040 op, 250357397.00 ns, 139.1617 ns/op
WorkloadResult  54: 1799040 op, 241850930.00 ns, 134.4333 ns/op
WorkloadResult  55: 1799040 op, 241694284.00 ns, 134.3463 ns/op
WorkloadResult  56: 1799040 op, 242612543.00 ns, 134.8567 ns/op
WorkloadResult  57: 1799040 op, 285613026.00 ns, 158.7586 ns/op
WorkloadResult  58: 1799040 op, 255633564.00 ns, 142.0944 ns/op
WorkloadResult  59: 1799040 op, 246719114.00 ns, 137.1393 ns/op
WorkloadResult  60: 1799040 op, 250214617.00 ns, 139.0823 ns/op
WorkloadResult  61: 1799040 op, 236226203.00 ns, 131.3068 ns/op
WorkloadResult  62: 1799040 op, 255173392.00 ns, 141.8386 ns/op
WorkloadResult  63: 1799040 op, 272868138.00 ns, 151.6743 ns/op
WorkloadResult  64: 1799040 op, 256925682.00 ns, 142.8127 ns/op
WorkloadResult  65: 1799040 op, 247476379.00 ns, 137.5602 ns/op
WorkloadResult  66: 1799040 op, 258348117.00 ns, 143.6033 ns/op
WorkloadResult  67: 1799040 op, 258578895.00 ns, 143.7316 ns/op
WorkloadResult  68: 1799040 op, 250020630.00 ns, 138.9745 ns/op
WorkloadResult  69: 1799040 op, 255840406.00 ns, 142.2094 ns/op
WorkloadResult  70: 1799040 op, 249520823.00 ns, 138.6967 ns/op
WorkloadResult  71: 1799040 op, 249330282.00 ns, 138.5907 ns/op
WorkloadResult  72: 1799040 op, 262170780.00 ns, 145.7282 ns/op
WorkloadResult  73: 1799040 op, 259619817.00 ns, 144.3102 ns/op
WorkloadResult  74: 1799040 op, 258353197.00 ns, 143.6061 ns/op
// GC:  326 0 0 2734540800 1799040
// Threading:  0 0 1799040

// AfterAll
// Benchmark Process 44144 has exited with code 0.

Mean = 139.822 ns, StdErr = 0.821 ns (0.59%), N = 74, StdDev = 7.062 ns
Min = 127.982 ns, Q1 = 133.774 ns, Median = 141.334 ns, Q3 = 145.050 ns, Max = 158.759 ns
IQR = 11.276 ns, LowerFence = 116.860 ns, UpperFence = 161.964 ns
ConfidenceInterval = [137.008 ns; 142.637 ns] (CI 99.9%), Margin = 2.815 ns (2.01% of Mean)
Skewness = 0.02, Kurtosis = 2.24, MValue = 2.32

// ** Remained 76 (97.4%) benchmark(s) to run. Estimated finish 2026-02-19 9:00 (0h 33m from now) **
// **************************
// Benchmark: Scenario1.S1_CheckOptionStringErrorNoMessage_FluentResults: .NET 10.0(Runtime=.NET 10.0, IterationTime=250ms) [Iterations=10]
// *** Execute ***
// Launch: 1 / 1
// Execute: dotnet "Enumerations.Options.Benchmarks-.NET 10.0-1.dll" --anonymousPipes 114 116 --benchmarkName "ReillyDigital.Enumerations.Options.Benchmarks.Scenarios.Scenario1.S1_CheckOptionStringErrorNoMessage_FluentResults(Iterations: 10)" --job ".NET 10.0" --benchmarkId 2 in /media/andrew/Slowverflow/x/devs/reilly-digital/dotnet/enumerations.options.benchmarks/bin/Debug/net10.0/Enumerations.Options.Benchmarks-.NET 10.0-1/bin/Release/net10.0
// Failed to set up high priority (Permission denied). In order to run benchmarks with high priority, make sure you have the right permissions.
// BeforeAnythingElse

// Benchmark Process Environment Information:
// BenchmarkDotNet v0.15.8
// Runtime=.NET 10.0.3 (10.0.3, 10.0.326.7603), X64 RyuJIT x86-64-v3
// GC=Concurrent Workstation
// HardwareIntrinsics=AVX2+BMI1+BMI2+F16C+FMA+LZCNT+MOVBE,AVX,SSE3+SSSE3+SSE4.1+SSE4.2+POPCNT,X86Base+SSE+SSE2,AES+PCLMUL VectorSize=256
// Job: .NET 10.0(IterationTime=250ms)

OverheadJitting  1: 1 op, 218173.00 ns, 218.1730 us/op
WorkloadJitting  1: 1 op, 4079630.00 ns, 4.0796 ms/op

OverheadJitting  2: 16 op, 223253.00 ns, 13.9533 us/op
WorkloadJitting  2: 16 op, 340074.00 ns, 21.2546 us/op

WorkloadPilot    1: 16 op, 136017.00 ns, 8.5011 us/op
WorkloadPilot    2: 29408 op, 139176786.00 ns, 4.7326 us/op
WorkloadPilot    3: 52832 op, 76267582.00 ns, 1.4436 us/op
WorkloadPilot    4: 173184 op, 137826858.00 ns, 795.8406 ns/op
WorkloadPilot    5: 314144 op, 269779636.00 ns, 858.7770 ns/op
WorkloadPilot    6: 291120 op, 248815266.00 ns, 854.6828 ns/op
WorkloadPilot    7: 292512 op, 277071072.00 ns, 947.2127 ns/op
WorkloadPilot    8: 263936 op, 220214155.00 ns, 834.3468 ns/op
WorkloadPilot    9: 299648 op, 237612460.00 ns, 792.9720 ns/op
WorkloadPilot   10: 315280 op, 291173471.00 ns, 923.5393 ns/op

OverheadWarmup   1: 315280 op, 924862.00 ns, 2.9335 ns/op
OverheadWarmup   2: 315280 op, 901958.00 ns, 2.8608 ns/op
OverheadWarmup   3: 315280 op, 836745.00 ns, 2.6540 ns/op
OverheadWarmup   4: 315280 op, 832217.00 ns, 2.6396 ns/op
OverheadWarmup   5: 315280 op, 851283.00 ns, 2.7001 ns/op
OverheadWarmup   6: 315280 op, 857835.00 ns, 2.7209 ns/op
OverheadWarmup   7: 315280 op, 846564.00 ns, 2.6851 ns/op
OverheadWarmup   8: 315280 op, 855471.00 ns, 2.7134 ns/op
OverheadWarmup   9: 315280 op, 834551.00 ns, 2.6470 ns/op

OverheadActual   1: 315280 op, 860911.00 ns, 2.7306 ns/op
OverheadActual   2: 315280 op, 917468.00 ns, 2.9100 ns/op
OverheadActual   3: 315280 op, 904604.00 ns, 2.8692 ns/op
OverheadActual   4: 315280 op, 804945.00 ns, 2.5531 ns/op
OverheadActual   5: 315280 op, 827497.00 ns, 2.6246 ns/op
OverheadActual   6: 315280 op, 836475.00 ns, 2.6531 ns/op
OverheadActual   7: 315280 op, 813702.00 ns, 2.5809 ns/op
OverheadActual   8: 315280 op, 798633.00 ns, 2.5331 ns/op
OverheadActual   9: 315280 op, 783094.00 ns, 2.4838 ns/op
OverheadActual  10: 315280 op, 793484.00 ns, 2.5168 ns/op
OverheadActual  11: 315280 op, 850321.00 ns, 2.6970 ns/op
OverheadActual  12: 315280 op, 831165.00 ns, 2.6363 ns/op
OverheadActual  13: 315280 op, 792873.00 ns, 2.5148 ns/op
OverheadActual  14: 315280 op, 792802.00 ns, 2.5146 ns/op
OverheadActual  15: 315280 op, 790728.00 ns, 2.5080 ns/op
OverheadActual  16: 315280 op, 838980.00 ns, 2.6611 ns/op

WorkloadWarmup   1: 315280 op, 309651982.00 ns, 982.1491 ns/op
WorkloadWarmup   2: 315280 op, 254747465.00 ns, 808.0039 ns/op
WorkloadWarmup   3: 315280 op, 282979827.00 ns, 897.5508 ns/op
WorkloadWarmup   4: 315280 op, 257253193.00 ns, 815.9515 ns/op
WorkloadWarmup   5: 315280 op, 287849283.00 ns, 912.9957 ns/op
WorkloadWarmup   6: 315280 op, 274411923.00 ns, 870.3753 ns/op

// BeforeActualRun
WorkloadActual   1: 315280 op, 273612889.00 ns, 867.8409 ns/op
WorkloadActual   2: 315280 op, 289224418.00 ns, 917.3573 ns/op
WorkloadActual   3: 315280 op, 278035910.00 ns, 881.8698 ns/op
WorkloadActual   4: 315280 op, 300914547.00 ns, 954.4359 ns/op
WorkloadActual   5: 315280 op, 270821731.00 ns, 858.9880 ns/op
WorkloadActual   6: 315280 op, 270277540.00 ns, 857.2619 ns/op
WorkloadActual   7: 315280 op, 251943653.00 ns, 799.1108 ns/op
WorkloadActual   8: 315280 op, 261705719.00 ns, 830.0740 ns/op
WorkloadActual   9: 315280 op, 306287116.00 ns, 971.4765 ns/op
WorkloadActual  10: 315280 op, 396950494.00 ns, 1.2590 us/op
WorkloadActual  11: 315280 op, 326248928.00 ns, 1.0348 us/op
WorkloadActual  12: 315280 op, 333527859.00 ns, 1.0579 us/op
WorkloadActual  13: 315280 op, 265726598.00 ns, 842.8273 ns/op
WorkloadActual  14: 315280 op, 295390110.00 ns, 936.9136 ns/op
WorkloadActual  15: 315280 op, 317545087.00 ns, 1.0072 us/op
WorkloadActual  16: 315280 op, 284281714.00 ns, 901.6801 ns/op
WorkloadActual  17: 315280 op, 296144028.00 ns, 939.3048 ns/op
WorkloadActual  18: 315280 op, 271249632.00 ns, 860.3452 ns/op
WorkloadActual  19: 315280 op, 269632477.00 ns, 855.2159 ns/op
WorkloadActual  20: 315280 op, 266616964.00 ns, 845.6514 ns/op
WorkloadActual  21: 315280 op, 283338727.00 ns, 898.6892 ns/op
WorkloadActual  22: 315280 op, 285975162.00 ns, 907.0514 ns/op
WorkloadActual  23: 315280 op, 306044327.00 ns, 970.7064 ns/op
WorkloadActual  24: 315280 op, 243234432.00 ns, 771.4870 ns/op
WorkloadActual  25: 315280 op, 255285775.00 ns, 809.7113 ns/op
WorkloadActual  26: 315280 op, 245715733.00 ns, 779.3572 ns/op
WorkloadActual  27: 315280 op, 254173017.00 ns, 806.1819 ns/op
WorkloadActual  28: 315280 op, 247357213.00 ns, 784.5636 ns/op
WorkloadActual  29: 315280 op, 244291915.00 ns, 774.8411 ns/op
WorkloadActual  30: 315280 op, 242628314.00 ns, 769.5646 ns/op
WorkloadActual  31: 315280 op, 258445181.00 ns, 819.7322 ns/op
WorkloadActual  32: 315280 op, 247880945.00 ns, 786.2248 ns/op
WorkloadActual  33: 315280 op, 246503115.00 ns, 781.8546 ns/op
WorkloadActual  34: 315280 op, 252446366.00 ns, 800.7053 ns/op
WorkloadActual  35: 315280 op, 255913494.00 ns, 811.7023 ns/op
WorkloadActual  36: 315280 op, 261983685.00 ns, 830.9556 ns/op
WorkloadActual  37: 315280 op, 284715996.00 ns, 903.0576 ns/op
WorkloadActual  38: 315280 op, 268740277.00 ns, 852.3861 ns/op
WorkloadActual  39: 315280 op, 272897483.00 ns, 865.5718 ns/op
WorkloadActual  40: 315280 op, 243608731.00 ns, 772.6742 ns/op
WorkloadActual  41: 315280 op, 254424683.00 ns, 806.9801 ns/op
WorkloadActual  42: 315280 op, 258055643.00 ns, 818.4967 ns/op
WorkloadActual  43: 315280 op, 288921795.00 ns, 916.3975 ns/op
WorkloadActual  44: 315280 op, 297022744.00 ns, 942.0919 ns/op
WorkloadActual  45: 315280 op, 303352867.00 ns, 962.1697 ns/op
WorkloadActual  46: 315280 op, 299942656.00 ns, 951.3533 ns/op
WorkloadActual  47: 315280 op, 269662735.00 ns, 855.3119 ns/op
WorkloadActual  48: 315280 op, 248041570.00 ns, 786.7342 ns/op
WorkloadActual  49: 315280 op, 258966960.00 ns, 821.3872 ns/op
WorkloadActual  50: 315280 op, 251123519.00 ns, 796.5095 ns/op
WorkloadActual  51: 315280 op, 248217022.00 ns, 787.2907 ns/op
WorkloadActual  52: 315280 op, 287447612.00 ns, 911.7217 ns/op
WorkloadActual  53: 315280 op, 285252483.00 ns, 904.7592 ns/op
WorkloadActual  54: 315280 op, 269065924.00 ns, 853.4189 ns/op
WorkloadActual  55: 315280 op, 248490130.00 ns, 788.1570 ns/op
WorkloadActual  56: 315280 op, 255662068.00 ns, 810.9048 ns/op
WorkloadActual  57: 315280 op, 249470888.00 ns, 791.2677 ns/op
WorkloadActual  58: 315280 op, 246900458.00 ns, 783.1149 ns/op
WorkloadActual  59: 315280 op, 252186062.00 ns, 799.8797 ns/op
WorkloadActual  60: 315280 op, 275897878.00 ns, 875.0884 ns/op
WorkloadActual  61: 315280 op, 270254927.00 ns, 857.1902 ns/op
WorkloadActual  62: 315280 op, 264810291.00 ns, 839.9210 ns/op
WorkloadActual  63: 315280 op, 251106327.00 ns, 796.4550 ns/op
WorkloadActual  64: 315280 op, 249202049.00 ns, 790.4150 ns/op
WorkloadActual  65: 315280 op, 264012179.00 ns, 837.3896 ns/op
WorkloadActual  66: 315280 op, 263513404.00 ns, 835.8075 ns/op
WorkloadActual  67: 315280 op, 253720610.00 ns, 804.7469 ns/op
WorkloadActual  68: 315280 op, 261994095.00 ns, 830.9886 ns/op
WorkloadActual  69: 315280 op, 263635745.00 ns, 836.1956 ns/op
WorkloadActual  70: 315280 op, 264982537.00 ns, 840.4673 ns/op
WorkloadActual  71: 315280 op, 268357091.00 ns, 851.1707 ns/op
WorkloadActual  72: 315280 op, 255356990.00 ns, 809.9372 ns/op
WorkloadActual  73: 315280 op, 246659912.00 ns, 782.3519 ns/op
WorkloadActual  74: 315280 op, 269839781.00 ns, 855.8734 ns/op
WorkloadActual  75: 315280 op, 251462792.00 ns, 797.5856 ns/op
WorkloadActual  76: 315280 op, 251530871.00 ns, 797.8015 ns/op
WorkloadActual  77: 315280 op, 254642887.00 ns, 807.6722 ns/op
WorkloadActual  78: 315280 op, 274933170.00 ns, 872.0286 ns/op
WorkloadActual  79: 315280 op, 242149807.00 ns, 768.0468 ns/op
WorkloadActual  80: 315280 op, 251265388.00 ns, 796.9595 ns/op
WorkloadActual  81: 315280 op, 239382734.00 ns, 759.2703 ns/op
WorkloadActual  82: 315280 op, 230799852.00 ns, 732.0472 ns/op
WorkloadActual  83: 315280 op, 231265925.00 ns, 733.5255 ns/op
WorkloadActual  84: 315280 op, 231064824.00 ns, 732.8877 ns/op
WorkloadActual  85: 315280 op, 234643034.00 ns, 744.2370 ns/op
WorkloadActual  86: 315280 op, 232584303.00 ns, 737.7071 ns/op
WorkloadActual  87: 315280 op, 233137060.00 ns, 739.4604 ns/op
WorkloadActual  88: 315280 op, 251033439.00 ns, 796.2238 ns/op
WorkloadActual  89: 315280 op, 254583354.00 ns, 807.4834 ns/op
WorkloadActual  90: 315280 op, 234685625.00 ns, 744.3721 ns/op
WorkloadActual  91: 315280 op, 277883000.00 ns, 881.3848 ns/op
WorkloadActual  92: 315280 op, 261821448.00 ns, 830.4410 ns/op
WorkloadActual  93: 315280 op, 242447010.00 ns, 768.9895 ns/op
WorkloadActual  94: 315280 op, 236626111.00 ns, 750.5269 ns/op
WorkloadActual  95: 315280 op, 227630858.00 ns, 721.9959 ns/op
WorkloadActual  96: 315280 op, 229513325.00 ns, 727.9666 ns/op
WorkloadActual  97: 315280 op, 250275873.00 ns, 793.8210 ns/op
WorkloadActual  98: 315280 op, 304995620.00 ns, 967.3802 ns/op
WorkloadActual  99: 315280 op, 328026897.00 ns, 1.0404 us/op
WorkloadActual  100: 315280 op, 347520972.00 ns, 1.1023 us/op

// AfterActualRun
WorkloadResult   1: 315280 op, 272792289.50 ns, 865.2382 ns/op
WorkloadResult   2: 315280 op, 288403818.50 ns, 914.7546 ns/op
WorkloadResult   3: 315280 op, 277215310.50 ns, 879.2670 ns/op
WorkloadResult   4: 315280 op, 300093947.50 ns, 951.8331 ns/op
WorkloadResult   5: 315280 op, 270001131.50 ns, 856.3852 ns/op
WorkloadResult   6: 315280 op, 269456940.50 ns, 854.6592 ns/op
WorkloadResult   7: 315280 op, 251123053.50 ns, 796.5080 ns/op
WorkloadResult   8: 315280 op, 260885119.50 ns, 827.4712 ns/op
WorkloadResult   9: 315280 op, 305466516.50 ns, 968.8738 ns/op
WorkloadResult  10: 315280 op, 264905998.50 ns, 840.2246 ns/op
WorkloadResult  11: 315280 op, 294569510.50 ns, 934.3108 ns/op
WorkloadResult  12: 315280 op, 316724487.50 ns, 1.0046 us/op
WorkloadResult  13: 315280 op, 283461114.50 ns, 899.0774 ns/op
WorkloadResult  14: 315280 op, 295323428.50 ns, 936.7021 ns/op
WorkloadResult  15: 315280 op, 270429032.50 ns, 857.7424 ns/op
WorkloadResult  16: 315280 op, 268811877.50 ns, 852.6132 ns/op
WorkloadResult  17: 315280 op, 265796364.50 ns, 843.0486 ns/op
WorkloadResult  18: 315280 op, 282518127.50 ns, 896.0864 ns/op
WorkloadResult  19: 315280 op, 285154562.50 ns, 904.4486 ns/op
WorkloadResult  20: 315280 op, 305223727.50 ns, 968.1037 ns/op
WorkloadResult  21: 315280 op, 242413832.50 ns, 768.8843 ns/op
WorkloadResult  22: 315280 op, 254465175.50 ns, 807.1085 ns/op
WorkloadResult  23: 315280 op, 244895133.50 ns, 776.7544 ns/op
WorkloadResult  24: 315280 op, 253352417.50 ns, 803.5791 ns/op
WorkloadResult  25: 315280 op, 246536613.50 ns, 781.9608 ns/op
WorkloadResult  26: 315280 op, 243471315.50 ns, 772.2384 ns/op
WorkloadResult  27: 315280 op, 241807714.50 ns, 766.9618 ns/op
WorkloadResult  28: 315280 op, 257624581.50 ns, 817.1295 ns/op
WorkloadResult  29: 315280 op, 247060345.50 ns, 783.6220 ns/op
WorkloadResult  30: 315280 op, 245682515.50 ns, 779.2518 ns/op
WorkloadResult  31: 315280 op, 251625766.50 ns, 798.1025 ns/op
WorkloadResult  32: 315280 op, 255092894.50 ns, 809.0995 ns/op
WorkloadResult  33: 315280 op, 261163085.50 ns, 828.3528 ns/op
WorkloadResult  34: 315280 op, 283895396.50 ns, 900.4548 ns/op
WorkloadResult  35: 315280 op, 267919677.50 ns, 849.7833 ns/op
WorkloadResult  36: 315280 op, 272076883.50 ns, 862.9691 ns/op
WorkloadResult  37: 315280 op, 242788131.50 ns, 770.0715 ns/op
WorkloadResult  38: 315280 op, 253604083.50 ns, 804.3773 ns/op
WorkloadResult  39: 315280 op, 257235043.50 ns, 815.8939 ns/op
WorkloadResult  40: 315280 op, 288101195.50 ns, 913.7947 ns/op
WorkloadResult  41: 315280 op, 296202144.50 ns, 939.4892 ns/op
WorkloadResult  42: 315280 op, 302532267.50 ns, 959.5669 ns/op
WorkloadResult  43: 315280 op, 299122056.50 ns, 948.7505 ns/op
WorkloadResult  44: 315280 op, 268842135.50 ns, 852.7091 ns/op
WorkloadResult  45: 315280 op, 247220970.50 ns, 784.1315 ns/op
WorkloadResult  46: 315280 op, 258146360.50 ns, 818.7844 ns/op
WorkloadResult  47: 315280 op, 250302919.50 ns, 793.9067 ns/op
WorkloadResult  48: 315280 op, 247396422.50 ns, 784.6880 ns/op
WorkloadResult  49: 315280 op, 286627012.50 ns, 909.1189 ns/op
WorkloadResult  50: 315280 op, 284431883.50 ns, 902.1564 ns/op
WorkloadResult  51: 315280 op, 268245324.50 ns, 850.8162 ns/op
WorkloadResult  52: 315280 op, 247669530.50 ns, 785.5542 ns/op
WorkloadResult  53: 315280 op, 254841468.50 ns, 808.3020 ns/op
WorkloadResult  54: 315280 op, 248650288.50 ns, 788.6650 ns/op
WorkloadResult  55: 315280 op, 246079858.50 ns, 780.5121 ns/op
WorkloadResult  56: 315280 op, 251365462.50 ns, 797.2769 ns/op
WorkloadResult  57: 315280 op, 275077278.50 ns, 872.4857 ns/op
WorkloadResult  58: 315280 op, 269434327.50 ns, 854.5874 ns/op
WorkloadResult  59: 315280 op, 263989691.50 ns, 837.3182 ns/op
WorkloadResult  60: 315280 op, 250285727.50 ns, 793.8522 ns/op
WorkloadResult  61: 315280 op, 248381449.50 ns, 787.8123 ns/op
WorkloadResult  62: 315280 op, 263191579.50 ns, 834.7868 ns/op
WorkloadResult  63: 315280 op, 262692804.50 ns, 833.2048 ns/op
WorkloadResult  64: 315280 op, 252900010.50 ns, 802.1442 ns/op
WorkloadResult  65: 315280 op, 261173495.50 ns, 828.3859 ns/op
WorkloadResult  66: 315280 op, 262815145.50 ns, 833.5928 ns/op
WorkloadResult  67: 315280 op, 264161937.50 ns, 837.8646 ns/op
WorkloadResult  68: 315280 op, 267536491.50 ns, 848.5679 ns/op
WorkloadResult  69: 315280 op, 254536390.50 ns, 807.3344 ns/op
WorkloadResult  70: 315280 op, 245839312.50 ns, 779.7492 ns/op
WorkloadResult  71: 315280 op, 269019181.50 ns, 853.2707 ns/op
WorkloadResult  72: 315280 op, 250642192.50 ns, 794.9828 ns/op
WorkloadResult  73: 315280 op, 250710271.50 ns, 795.1988 ns/op
WorkloadResult  74: 315280 op, 253822287.50 ns, 805.0694 ns/op
WorkloadResult  75: 315280 op, 274112570.50 ns, 869.4258 ns/op
WorkloadResult  76: 315280 op, 241329207.50 ns, 765.4441 ns/op
WorkloadResult  77: 315280 op, 250444788.50 ns, 794.3567 ns/op
WorkloadResult  78: 315280 op, 238562134.50 ns, 756.6675 ns/op
WorkloadResult  79: 315280 op, 229979252.50 ns, 729.4445 ns/op
WorkloadResult  80: 315280 op, 230445325.50 ns, 730.9228 ns/op
WorkloadResult  81: 315280 op, 230244224.50 ns, 730.2849 ns/op
WorkloadResult  82: 315280 op, 233822434.50 ns, 741.6342 ns/op
WorkloadResult  83: 315280 op, 231763703.50 ns, 735.1044 ns/op
WorkloadResult  84: 315280 op, 232316460.50 ns, 736.8576 ns/op
WorkloadResult  85: 315280 op, 250212839.50 ns, 793.6210 ns/op
WorkloadResult  86: 315280 op, 253762754.50 ns, 804.8806 ns/op
WorkloadResult  87: 315280 op, 233865025.50 ns, 741.7693 ns/op
WorkloadResult  88: 315280 op, 277062400.50 ns, 878.7820 ns/op
WorkloadResult  89: 315280 op, 261000848.50 ns, 827.8383 ns/op
WorkloadResult  90: 315280 op, 241626410.50 ns, 766.3867 ns/op
WorkloadResult  91: 315280 op, 235805511.50 ns, 747.9241 ns/op
WorkloadResult  92: 315280 op, 226810258.50 ns, 719.3931 ns/op
WorkloadResult  93: 315280 op, 228692725.50 ns, 725.3639 ns/op
WorkloadResult  94: 315280 op, 249455273.50 ns, 791.2182 ns/op
WorkloadResult  95: 315280 op, 304175020.50 ns, 964.7774 ns/op
// GC:  135 0 0 1135008000 315280
// Threading:  0 0 315280

// AfterAll
// Benchmark Process 44338 has exited with code 0.

Mean = 828.622 ns, StdErr = 6.629 ns (0.80%), N = 95, StdDev = 64.612 ns
Min = 719.393 ns, Q1 = 784.410 ns, Median = 815.894 ns, Q3 = 860.356 ns, Max = 1,004.582 ns
IQR = 75.946 ns, LowerFence = 670.491 ns, UpperFence = 974.275 ns
ConfidenceInterval = [806.102 ns; 851.141 ns] (CI 99.9%), Margin = 22.519 ns (2.72% of Mean)
Skewness = 0.6, Kurtosis = 2.74, MValue = 2.6

// ** Remained 75 (96.2%) benchmark(s) to run. Estimated finish 2026-02-19 9:02 (0h 35m from now) **
// **************************
// Benchmark: Scenario1.S1_CheckOptionStringErrorNoMessage_LightResults: .NET 10.0(Runtime=.NET 10.0, IterationTime=250ms) [Iterations=10]
// *** Execute ***
// Launch: 1 / 1
// Execute: dotnet "Enumerations.Options.Benchmarks-.NET 10.0-1.dll" --anonymousPipes 114 116 --benchmarkName "ReillyDigital.Enumerations.Options.Benchmarks.Scenarios.Scenario1.S1_CheckOptionStringErrorNoMessage_LightResults(Iterations: 10)" --job ".NET 10.0" --benchmarkId 3 in /media/andrew/Slowverflow/x/devs/reilly-digital/dotnet/enumerations.options.benchmarks/bin/Debug/net10.0/Enumerations.Options.Benchmarks-.NET 10.0-1/bin/Release/net10.0
// Failed to set up high priority (Permission denied). In order to run benchmarks with high priority, make sure you have the right permissions.
// BeforeAnythingElse

// Benchmark Process Environment Information:
// BenchmarkDotNet v0.15.8
// Runtime=.NET 10.0.3 (10.0.3, 10.0.326.7603), X64 RyuJIT x86-64-v3
// GC=Concurrent Workstation
// HardwareIntrinsics=AVX2+BMI1+BMI2+F16C+FMA+LZCNT+MOVBE,AVX,SSE3+SSSE3+SSE4.1+SSE4.2+POPCNT,X86Base+SSE+SSE2,AES+PCLMUL VectorSize=256
// Job: .NET 10.0(IterationTime=250ms)

OverheadJitting  1: 1 op, 177276.00 ns, 177.2760 us/op
WorkloadJitting  1: 1 op, 3543965.00 ns, 3.5440 ms/op

OverheadJitting  2: 16 op, 223423.00 ns, 13.9639 us/op
WorkloadJitting  2: 16 op, 212313.00 ns, 13.2696 us/op

WorkloadPilot    1: 16 op, 3095.00 ns, 193.4375 ns/op
WorkloadPilot    2: 1292416 op, 179150644.00 ns, 138.6169 ns/op
WorkloadPilot    3: 1803536 op, 8749478.00 ns, 4.8513 ns/op
WorkloadPilot    4: 51532688 op, 250246808.00 ns, 4.8561 ns/op
WorkloadPilot    5: 51481872 op, 250587864.00 ns, 4.8675 ns/op
WorkloadPilot    6: 51361104 op, 251065789.00 ns, 4.8882 ns/op

OverheadWarmup   1: 51361104 op, 143549711.00 ns, 2.7949 ns/op
OverheadWarmup   2: 51361104 op, 106563724.00 ns, 2.0748 ns/op
OverheadWarmup   3: 51361104 op, 79436717.00 ns, 1.5466 ns/op
OverheadWarmup   4: 51361104 op, 79706207.00 ns, 1.5519 ns/op
OverheadWarmup   5: 51361104 op, 79269981.00 ns, 1.5434 ns/op
OverheadWarmup   6: 51361104 op, 79278167.00 ns, 1.5435 ns/op
OverheadWarmup   7: 51361104 op, 79375251.00 ns, 1.5454 ns/op
OverheadWarmup   8: 51361104 op, 79122572.00 ns, 1.5405 ns/op

OverheadActual   1: 51361104 op, 79985146.00 ns, 1.5573 ns/op
OverheadActual   2: 51361104 op, 78992115.00 ns, 1.5380 ns/op
OverheadActual   3: 51361104 op, 78826681.00 ns, 1.5348 ns/op
OverheadActual   4: 51361104 op, 79006753.00 ns, 1.5383 ns/op
OverheadActual   5: 51361104 op, 78952940.00 ns, 1.5372 ns/op
OverheadActual   6: 51361104 op, 78999388.00 ns, 1.5381 ns/op
OverheadActual   7: 51361104 op, 79693453.00 ns, 1.5516 ns/op
OverheadActual   8: 51361104 op, 78883519.00 ns, 1.5359 ns/op
OverheadActual   9: 51361104 op, 78780845.00 ns, 1.5339 ns/op
OverheadActual  10: 51361104 op, 78954774.00 ns, 1.5372 ns/op
OverheadActual  11: 51361104 op, 80628555.00 ns, 1.5698 ns/op
OverheadActual  12: 51361104 op, 79541816.00 ns, 1.5487 ns/op
OverheadActual  13: 51361104 op, 79485830.00 ns, 1.5476 ns/op
OverheadActual  14: 51361104 op, 79609284.00 ns, 1.5500 ns/op
OverheadActual  15: 51361104 op, 80070809.00 ns, 1.5590 ns/op

WorkloadWarmup   1: 51361104 op, 243269808.00 ns, 4.7365 ns/op
WorkloadWarmup   2: 51361104 op, 244546097.00 ns, 4.7613 ns/op
WorkloadWarmup   3: 51361104 op, 244501923.00 ns, 4.7604 ns/op
WorkloadWarmup   4: 51361104 op, 245987599.00 ns, 4.7894 ns/op
WorkloadWarmup   5: 51361104 op, 247045322.00 ns, 4.8100 ns/op
WorkloadWarmup   6: 51361104 op, 247108032.00 ns, 4.8112 ns/op
WorkloadWarmup   7: 51361104 op, 246251468.00 ns, 4.7945 ns/op

// BeforeActualRun
WorkloadActual   1: 51361104 op, 249046483.00 ns, 4.8489 ns/op
WorkloadActual   2: 51361104 op, 250323062.00 ns, 4.8738 ns/op
WorkloadActual   3: 51361104 op, 250796770.00 ns, 4.8830 ns/op
WorkloadActual   4: 51361104 op, 271196591.00 ns, 5.2802 ns/op
WorkloadActual   5: 51361104 op, 277392731.00 ns, 5.4008 ns/op
WorkloadActual   6: 51361104 op, 321074524.00 ns, 6.2513 ns/op
WorkloadActual   7: 51361104 op, 267205209.00 ns, 5.2025 ns/op
WorkloadActual   8: 51361104 op, 259785060.00 ns, 5.0580 ns/op
WorkloadActual   9: 51361104 op, 246741537.00 ns, 4.8041 ns/op
WorkloadActual  10: 51361104 op, 245923336.00 ns, 4.7881 ns/op
WorkloadActual  11: 51361104 op, 247619190.00 ns, 4.8211 ns/op
WorkloadActual  12: 51361104 op, 247702096.00 ns, 4.8228 ns/op
WorkloadActual  13: 51361104 op, 244202777.00 ns, 4.7546 ns/op
WorkloadActual  14: 51361104 op, 245428308.00 ns, 4.7785 ns/op
WorkloadActual  15: 51361104 op, 245879814.00 ns, 4.7873 ns/op
WorkloadActual  16: 51361104 op, 256483104.00 ns, 4.9937 ns/op
WorkloadActual  17: 51361104 op, 242438183.00 ns, 4.7203 ns/op
WorkloadActual  18: 51361104 op, 244809716.00 ns, 4.7664 ns/op
WorkloadActual  19: 51361104 op, 247266802.00 ns, 4.8143 ns/op
WorkloadActual  20: 51361104 op, 244311642.00 ns, 4.7567 ns/op
WorkloadActual  21: 51361104 op, 245687330.00 ns, 4.7835 ns/op
WorkloadActual  22: 51361104 op, 243448577.00 ns, 4.7399 ns/op
WorkloadActual  23: 51361104 op, 243834308.00 ns, 4.7475 ns/op

// AfterActualRun
WorkloadResult   1: 51361104 op, 170039730.00 ns, 3.3107 ns/op
WorkloadResult   2: 51361104 op, 171316309.00 ns, 3.3355 ns/op
WorkloadResult   3: 51361104 op, 171790017.00 ns, 3.3447 ns/op
WorkloadResult   4: 51361104 op, 180778307.00 ns, 3.5198 ns/op
WorkloadResult   5: 51361104 op, 167734784.00 ns, 3.2658 ns/op
WorkloadResult   6: 51361104 op, 166916583.00 ns, 3.2499 ns/op
WorkloadResult   7: 51361104 op, 168612437.00 ns, 3.2829 ns/op
WorkloadResult   8: 51361104 op, 168695343.00 ns, 3.2845 ns/op
WorkloadResult   9: 51361104 op, 165196024.00 ns, 3.2164 ns/op
WorkloadResult  10: 51361104 op, 166421555.00 ns, 3.2402 ns/op
WorkloadResult  11: 51361104 op, 166873061.00 ns, 3.2490 ns/op
WorkloadResult  12: 51361104 op, 177476351.00 ns, 3.4555 ns/op
WorkloadResult  13: 51361104 op, 163431430.00 ns, 3.1820 ns/op
WorkloadResult  14: 51361104 op, 165802963.00 ns, 3.2282 ns/op
WorkloadResult  15: 51361104 op, 168260049.00 ns, 3.2760 ns/op
WorkloadResult  16: 51361104 op, 165304889.00 ns, 3.2185 ns/op
WorkloadResult  17: 51361104 op, 166680577.00 ns, 3.2453 ns/op
WorkloadResult  18: 51361104 op, 164441824.00 ns, 3.2017 ns/op
WorkloadResult  19: 51361104 op, 164827555.00 ns, 3.2092 ns/op
// GC:  0 0 0 0 51361104
// Threading:  0 0 51361104

// AfterAll
// Benchmark Process 45073 has exited with code 0.

Mean = 3.280 ns, StdErr = 0.020 ns (0.60%), N = 19, StdDev = 0.086 ns
Min = 3.182 ns, Q1 = 3.223 ns, Median = 3.250 ns, Q3 = 3.298 ns, Max = 3.520 ns
IQR = 0.074 ns, LowerFence = 3.112 ns, UpperFence = 3.409 ns
ConfidenceInterval = [3.203 ns; 3.357 ns] (CI 99.9%), Margin = 0.077 ns (2.35% of Mean)
Skewness = 1.43, Kurtosis = 4.36, MValue = 2

// ** Remained 74 (94.9%) benchmark(s) to run. Estimated finish 2026-02-19 8:57 (0h 29m from now) **
// **************************
// Benchmark: Scenario1.S1_CheckOptionStringErrorNoMessage_Rascal: .NET 10.0(Runtime=.NET 10.0, IterationTime=250ms) [Iterations=10]
// *** Execute ***
// Launch: 1 / 1
// Execute: dotnet "Enumerations.Options.Benchmarks-.NET 10.0-1.dll" --anonymousPipes 114 116 --benchmarkName "ReillyDigital.Enumerations.Options.Benchmarks.Scenarios.Scenario1.S1_CheckOptionStringErrorNoMessage_Rascal(Iterations: 10)" --job ".NET 10.0" --benchmarkId 4 in /media/andrew/Slowverflow/x/devs/reilly-digital/dotnet/enumerations.options.benchmarks/bin/Debug/net10.0/Enumerations.Options.Benchmarks-.NET 10.0-1/bin/Release/net10.0
// Failed to set up high priority (Permission denied). In order to run benchmarks with high priority, make sure you have the right permissions.
// BeforeAnythingElse

// Benchmark Process Environment Information:
// BenchmarkDotNet v0.15.8
// Runtime=.NET 10.0.3 (10.0.3, 10.0.326.7603), X64 RyuJIT x86-64-v3
// GC=Concurrent Workstation
// HardwareIntrinsics=AVX2+BMI1+BMI2+F16C+FMA+LZCNT+MOVBE,AVX,SSE3+SSSE3+SSE4.1+SSE4.2+POPCNT,X86Base+SSE+SSE2,AES+PCLMUL VectorSize=256
// Job: .NET 10.0(IterationTime=250ms)

OverheadJitting  1: 1 op, 167297.00 ns, 167.2970 us/op
WorkloadJitting  1: 1 op, 2651954.00 ns, 2.6520 ms/op

OverheadJitting  2: 16 op, 219075.00 ns, 13.6922 us/op
WorkloadJitting  2: 16 op, 213865.00 ns, 13.3666 us/op

WorkloadPilot    1: 16 op, 7193.00 ns, 449.5625 ns/op
WorkloadPilot    2: 556096 op, 154452028.00 ns, 277.7435 ns/op
WorkloadPilot    3: 900112 op, 62162558.00 ns, 69.0609 ns/op
WorkloadPilot    4: 3620000 op, 192259972.00 ns, 53.1105 ns/op
WorkloadPilot    5: 4707168 op, 241868754.00 ns, 51.3831 ns/op
WorkloadPilot    6: 4865424 op, 260053568.00 ns, 53.4493 ns/op
WorkloadPilot    7: 4677344 op, 243949547.00 ns, 52.1556 ns/op
WorkloadPilot    8: 4793360 op, 246762978.00 ns, 51.4802 ns/op
WorkloadPilot    9: 4856240 op, 244684580.00 ns, 50.3856 ns/op
WorkloadPilot   10: 4961744 op, 222187645.00 ns, 44.7802 ns/op
WorkloadPilot   11: 5582832 op, 285892065.00 ns, 51.2091 ns/op
WorkloadPilot   12: 4881952 op, 246669019.00 ns, 50.5267 ns/op
WorkloadPilot   13: 4947888 op, 254269871.00 ns, 51.3896 ns/op

OverheadWarmup   1: 4947888 op, 13541016.00 ns, 2.7367 ns/op
OverheadWarmup   2: 4947888 op, 13579969.00 ns, 2.7446 ns/op
OverheadWarmup   3: 4947888 op, 13627370.00 ns, 2.7542 ns/op
OverheadWarmup   4: 4947888 op, 13592463.00 ns, 2.7471 ns/op
OverheadWarmup   5: 4947888 op, 13659951.00 ns, 2.7608 ns/op
OverheadWarmup   6: 4947888 op, 13494558.00 ns, 2.7273 ns/op

OverheadActual   1: 4947888 op, 13658599.00 ns, 2.7605 ns/op
OverheadActual   2: 4947888 op, 13625306.00 ns, 2.7538 ns/op
OverheadActual   3: 4947888 op, 13664419.00 ns, 2.7617 ns/op
OverheadActual   4: 4947888 op, 13521559.00 ns, 2.7328 ns/op
OverheadActual   5: 4947888 op, 13503895.00 ns, 2.7292 ns/op
OverheadActual   6: 4947888 op, 13971081.00 ns, 2.8236 ns/op
OverheadActual   7: 4947888 op, 15608743.00 ns, 3.1546 ns/op
OverheadActual   8: 4947888 op, 13633220.00 ns, 2.7554 ns/op
OverheadActual   9: 4947888 op, 13742287.00 ns, 2.7774 ns/op
OverheadActual  10: 4947888 op, 13679008.00 ns, 2.7646 ns/op
OverheadActual  11: 4947888 op, 13888464.00 ns, 2.8069 ns/op
OverheadActual  12: 4947888 op, 13731166.00 ns, 2.7752 ns/op
OverheadActual  13: 4947888 op, 14065720.00 ns, 2.8428 ns/op
OverheadActual  14: 4947888 op, 13950421.00 ns, 2.8195 ns/op
OverheadActual  15: 4947888 op, 9184913.00 ns, 1.8563 ns/op
OverheadActual  16: 4947888 op, 8562704.00 ns, 1.7306 ns/op
OverheadActual  17: 4947888 op, 9123186.00 ns, 1.8439 ns/op
OverheadActual  18: 4947888 op, 8721485.00 ns, 1.7627 ns/op
OverheadActual  19: 4947888 op, 8630262.00 ns, 1.7442 ns/op
OverheadActual  20: 4947888 op, 8742044.00 ns, 1.7668 ns/op

WorkloadWarmup   1: 4947888 op, 264675977.00 ns, 53.4927 ns/op
WorkloadWarmup   2: 4947888 op, 222746383.00 ns, 45.0185 ns/op
WorkloadWarmup   3: 4947888 op, 217656740.00 ns, 43.9898 ns/op
WorkloadWarmup   4: 4947888 op, 244272068.00 ns, 49.3690 ns/op
WorkloadWarmup   5: 4947888 op, 220111922.00 ns, 44.4860 ns/op
WorkloadWarmup   6: 4947888 op, 246954881.00 ns, 49.9112 ns/op
WorkloadWarmup   7: 4947888 op, 257160567.00 ns, 51.9738 ns/op
WorkloadWarmup   8: 4947888 op, 251739246.00 ns, 50.8781 ns/op

// BeforeActualRun
WorkloadActual   1: 4947888 op, 255673119.00 ns, 51.6732 ns/op
WorkloadActual   2: 4947888 op, 257261800.00 ns, 51.9943 ns/op
WorkloadActual   3: 4947888 op, 262907516.00 ns, 53.1353 ns/op
WorkloadActual   4: 4947888 op, 266809560.00 ns, 53.9239 ns/op
WorkloadActual   5: 4947888 op, 271517238.00 ns, 54.8754 ns/op
WorkloadActual   6: 4947888 op, 264127177.00 ns, 53.3818 ns/op
WorkloadActual   7: 4947888 op, 257574332.00 ns, 52.0574 ns/op
WorkloadActual   8: 4947888 op, 264661610.00 ns, 53.4898 ns/op
WorkloadActual   9: 4947888 op, 270623856.00 ns, 54.6948 ns/op
WorkloadActual  10: 4947888 op, 262383123.00 ns, 53.0293 ns/op
WorkloadActual  11: 4947888 op, 261593376.00 ns, 52.8697 ns/op
WorkloadActual  12: 4947888 op, 243913078.00 ns, 49.2964 ns/op
WorkloadActual  13: 4947888 op, 268427695.00 ns, 54.2510 ns/op
WorkloadActual  14: 4947888 op, 258291450.00 ns, 52.2024 ns/op
WorkloadActual  15: 4947888 op, 267448359.00 ns, 54.0530 ns/op
WorkloadActual  16: 4947888 op, 275995003.00 ns, 55.7804 ns/op
WorkloadActual  17: 4947888 op, 273830832.00 ns, 55.3430 ns/op
WorkloadActual  18: 4947888 op, 293405149.00 ns, 59.2991 ns/op
WorkloadActual  19: 4947888 op, 307619941.00 ns, 62.1720 ns/op
WorkloadActual  20: 4947888 op, 293047783.00 ns, 59.2268 ns/op
WorkloadActual  21: 4947888 op, 313660857.00 ns, 63.3929 ns/op
WorkloadActual  22: 4947888 op, 260423770.00 ns, 52.6333 ns/op
WorkloadActual  23: 4947888 op, 253362541.00 ns, 51.2062 ns/op
WorkloadActual  24: 4947888 op, 255493780.00 ns, 51.6369 ns/op
WorkloadActual  25: 4947888 op, 228852153.00 ns, 46.2525 ns/op
WorkloadActual  26: 4947888 op, 219637583.00 ns, 44.3902 ns/op
WorkloadActual  27: 4947888 op, 263453341.00 ns, 53.2456 ns/op
WorkloadActual  28: 4947888 op, 219866577.00 ns, 44.4364 ns/op
WorkloadActual  29: 4947888 op, 238582077.00 ns, 48.2190 ns/op
WorkloadActual  30: 4947888 op, 257341360.00 ns, 52.0103 ns/op
WorkloadActual  31: 4947888 op, 218740544.00 ns, 44.2089 ns/op
WorkloadActual  32: 4947888 op, 218578797.00 ns, 44.1762 ns/op
WorkloadActual  33: 4947888 op, 262843665.00 ns, 53.1224 ns/op
WorkloadActual  34: 4947888 op, 252193066.00 ns, 50.9698 ns/op
WorkloadActual  35: 4947888 op, 237896699.00 ns, 48.0805 ns/op
WorkloadActual  36: 4947888 op, 249817865.00 ns, 50.4898 ns/op
WorkloadActual  37: 4947888 op, 253300503.00 ns, 51.1937 ns/op
WorkloadActual  38: 4947888 op, 254174560.00 ns, 51.3703 ns/op
WorkloadActual  39: 4947888 op, 272743893.00 ns, 55.1233 ns/op
WorkloadActual  40: 4947888 op, 242026493.00 ns, 48.9151 ns/op
WorkloadActual  41: 4947888 op, 233032983.00 ns, 47.0975 ns/op
WorkloadActual  42: 4947888 op, 299497963.00 ns, 60.5305 ns/op
WorkloadActual  43: 4947888 op, 255227945.00 ns, 51.5832 ns/op
WorkloadActual  44: 4947888 op, 291147321.00 ns, 58.8427 ns/op
WorkloadActual  45: 4947888 op, 266107579.00 ns, 53.7821 ns/op
WorkloadActual  46: 4947888 op, 219176580.00 ns, 44.2970 ns/op
WorkloadActual  47: 4947888 op, 232180799.00 ns, 46.9252 ns/op
WorkloadActual  48: 4947888 op, 250511269.00 ns, 50.6299 ns/op
WorkloadActual  49: 4947888 op, 255566177.00 ns, 51.6516 ns/op
WorkloadActual  50: 4947888 op, 252870359.00 ns, 51.1067 ns/op
WorkloadActual  51: 4947888 op, 253687026.00 ns, 51.2718 ns/op
WorkloadActual  52: 4947888 op, 247007460.00 ns, 49.9218 ns/op
WorkloadActual  53: 4947888 op, 255721390.00 ns, 51.6829 ns/op
WorkloadActual  54: 4947888 op, 260300557.00 ns, 52.6084 ns/op
WorkloadActual  55: 4947888 op, 224672292.00 ns, 45.4077 ns/op
WorkloadActual  56: 4947888 op, 217246232.00 ns, 43.9069 ns/op
WorkloadActual  57: 4947888 op, 259453952.00 ns, 52.4373 ns/op
WorkloadActual  58: 4947888 op, 254856532.00 ns, 51.5081 ns/op
WorkloadActual  59: 4947888 op, 250306010.00 ns, 50.5885 ns/op
WorkloadActual  60: 4947888 op, 256615524.00 ns, 51.8636 ns/op
WorkloadActual  61: 4947888 op, 258912387.00 ns, 52.3279 ns/op
WorkloadActual  62: 4947888 op, 249417937.00 ns, 50.4090 ns/op
WorkloadActual  63: 4947888 op, 253099423.00 ns, 51.1530 ns/op
WorkloadActual  64: 4947888 op, 260534850.00 ns, 52.6558 ns/op
WorkloadActual  65: 4947888 op, 257265546.00 ns, 51.9950 ns/op
WorkloadActual  66: 4947888 op, 285532373.00 ns, 57.7079 ns/op
WorkloadActual  67: 4947888 op, 276203468.00 ns, 55.8225 ns/op
WorkloadActual  68: 4947888 op, 263813181.00 ns, 53.3183 ns/op
WorkloadActual  69: 4947888 op, 281778490.00 ns, 56.9492 ns/op
WorkloadActual  70: 4947888 op, 250750162.00 ns, 50.6782 ns/op
WorkloadActual  71: 4947888 op, 260710734.00 ns, 52.6913 ns/op
WorkloadActual  72: 4947888 op, 266313319.00 ns, 53.8236 ns/op
WorkloadActual  73: 4947888 op, 266393390.00 ns, 53.8398 ns/op
WorkloadActual  74: 4947888 op, 264047106.00 ns, 53.3656 ns/op
WorkloadActual  75: 4947888 op, 261645995.00 ns, 52.8803 ns/op
WorkloadActual  76: 4947888 op, 246612802.00 ns, 49.8420 ns/op
WorkloadActual  77: 4947888 op, 253478380.00 ns, 51.2296 ns/op
WorkloadActual  78: 4947888 op, 257257741.00 ns, 51.9934 ns/op
WorkloadActual  79: 4947888 op, 252451996.00 ns, 51.0222 ns/op
WorkloadActual  80: 4947888 op, 280386603.00 ns, 56.6679 ns/op
WorkloadActual  81: 4947888 op, 251405453.00 ns, 50.8107 ns/op
WorkloadActual  82: 4947888 op, 240452441.00 ns, 48.5970 ns/op
WorkloadActual  83: 4947888 op, 252263819.00 ns, 50.9841 ns/op
WorkloadActual  84: 4947888 op, 250337800.00 ns, 50.5949 ns/op
WorkloadActual  85: 4947888 op, 257824365.00 ns, 52.1080 ns/op
WorkloadActual  86: 4947888 op, 280587674.00 ns, 56.7086 ns/op
WorkloadActual  87: 4947888 op, 280245145.00 ns, 56.6393 ns/op
WorkloadActual  88: 4947888 op, 287169676.00 ns, 58.0388 ns/op
WorkloadActual  89: 4947888 op, 269831285.00 ns, 54.5346 ns/op
WorkloadActual  90: 4947888 op, 299897741.00 ns, 60.6113 ns/op
WorkloadActual  91: 4947888 op, 266296497.00 ns, 53.8202 ns/op
WorkloadActual  92: 4947888 op, 254789866.00 ns, 51.4947 ns/op
WorkloadActual  93: 4947888 op, 247109895.00 ns, 49.9425 ns/op
WorkloadActual  94: 4947888 op, 252683084.00 ns, 51.0689 ns/op
WorkloadActual  95: 4947888 op, 251594311.00 ns, 50.8488 ns/op
WorkloadActual  96: 4947888 op, 256133792.00 ns, 51.7663 ns/op
WorkloadActual  97: 4947888 op, 265734322.00 ns, 53.7066 ns/op
WorkloadActual  98: 4947888 op, 246204389.00 ns, 49.7595 ns/op
WorkloadActual  99: 4947888 op, 255044067.00 ns, 51.5460 ns/op
WorkloadActual  100: 4947888 op, 251392829.00 ns, 50.8081 ns/op

// AfterActualRun
WorkloadResult   1: 4947888 op, 242027209.50 ns, 48.9153 ns/op
WorkloadResult   2: 4947888 op, 243615890.50 ns, 49.2363 ns/op
WorkloadResult   3: 4947888 op, 249261606.50 ns, 50.3774 ns/op
WorkloadResult   4: 4947888 op, 253163650.50 ns, 51.1660 ns/op
WorkloadResult   5: 4947888 op, 257871328.50 ns, 52.1175 ns/op
WorkloadResult   6: 4947888 op, 250481267.50 ns, 50.6239 ns/op
WorkloadResult   7: 4947888 op, 243928422.50 ns, 49.2995 ns/op
WorkloadResult   8: 4947888 op, 251015700.50 ns, 50.7319 ns/op
WorkloadResult   9: 4947888 op, 256977946.50 ns, 51.9369 ns/op
WorkloadResult  10: 4947888 op, 248737213.50 ns, 50.2714 ns/op
WorkloadResult  11: 4947888 op, 247947466.50 ns, 50.1118 ns/op
WorkloadResult  12: 4947888 op, 230267168.50 ns, 46.5385 ns/op
WorkloadResult  13: 4947888 op, 254781785.50 ns, 51.4930 ns/op
WorkloadResult  14: 4947888 op, 244645540.50 ns, 49.4444 ns/op
WorkloadResult  15: 4947888 op, 253802449.50 ns, 51.2951 ns/op
WorkloadResult  16: 4947888 op, 262349093.50 ns, 53.0224 ns/op
WorkloadResult  17: 4947888 op, 260184922.50 ns, 52.5850 ns/op
WorkloadResult  18: 4947888 op, 246777860.50 ns, 49.8754 ns/op
WorkloadResult  19: 4947888 op, 239716631.50 ns, 48.4483 ns/op
WorkloadResult  20: 4947888 op, 241847870.50 ns, 48.8790 ns/op
WorkloadResult  21: 4947888 op, 215206243.50 ns, 43.4946 ns/op
WorkloadResult  22: 4947888 op, 205991673.50 ns, 41.6322 ns/op
WorkloadResult  23: 4947888 op, 249807431.50 ns, 50.4877 ns/op
WorkloadResult  24: 4947888 op, 206220667.50 ns, 41.6785 ns/op
WorkloadResult  25: 4947888 op, 224936167.50 ns, 45.4610 ns/op
WorkloadResult  26: 4947888 op, 243695450.50 ns, 49.2524 ns/op
WorkloadResult  27: 4947888 op, 205094634.50 ns, 41.4509 ns/op
WorkloadResult  28: 4947888 op, 204932887.50 ns, 41.4183 ns/op
WorkloadResult  29: 4947888 op, 249197755.50 ns, 50.3645 ns/op
WorkloadResult  30: 4947888 op, 238547156.50 ns, 48.2119 ns/op
WorkloadResult  31: 4947888 op, 224250789.50 ns, 45.3225 ns/op
WorkloadResult  32: 4947888 op, 236171955.50 ns, 47.7319 ns/op
WorkloadResult  33: 4947888 op, 239654593.50 ns, 48.4357 ns/op
WorkloadResult  34: 4947888 op, 240528650.50 ns, 48.6124 ns/op
WorkloadResult  35: 4947888 op, 259097983.50 ns, 52.3654 ns/op
WorkloadResult  36: 4947888 op, 228380583.50 ns, 46.1572 ns/op
WorkloadResult  37: 4947888 op, 219387073.50 ns, 44.3395 ns/op
WorkloadResult  38: 4947888 op, 241582035.50 ns, 48.8253 ns/op
WorkloadResult  39: 4947888 op, 252461669.50 ns, 51.0241 ns/op
WorkloadResult  40: 4947888 op, 205530670.50 ns, 41.5391 ns/op
WorkloadResult  41: 4947888 op, 218534889.50 ns, 44.1673 ns/op
WorkloadResult  42: 4947888 op, 236865359.50 ns, 47.8720 ns/op
WorkloadResult  43: 4947888 op, 241920267.50 ns, 48.8936 ns/op
WorkloadResult  44: 4947888 op, 239224449.50 ns, 48.3488 ns/op
WorkloadResult  45: 4947888 op, 240041116.50 ns, 48.5139 ns/op
WorkloadResult  46: 4947888 op, 233361550.50 ns, 47.1639 ns/op
WorkloadResult  47: 4947888 op, 242075480.50 ns, 48.9250 ns/op
WorkloadResult  48: 4947888 op, 246654647.50 ns, 49.8505 ns/op
WorkloadResult  49: 4947888 op, 211026382.50 ns, 42.6498 ns/op
WorkloadResult  50: 4947888 op, 203600322.50 ns, 41.1489 ns/op
WorkloadResult  51: 4947888 op, 245808042.50 ns, 49.6794 ns/op
WorkloadResult  52: 4947888 op, 241210622.50 ns, 48.7502 ns/op
WorkloadResult  53: 4947888 op, 236660100.50 ns, 47.8305 ns/op
WorkloadResult  54: 4947888 op, 242969614.50 ns, 49.1057 ns/op
WorkloadResult  55: 4947888 op, 245266477.50 ns, 49.5699 ns/op
WorkloadResult  56: 4947888 op, 235772027.50 ns, 47.6510 ns/op
WorkloadResult  57: 4947888 op, 239453513.50 ns, 48.3951 ns/op
WorkloadResult  58: 4947888 op, 246888940.50 ns, 49.8978 ns/op
WorkloadResult  59: 4947888 op, 243619636.50 ns, 49.2371 ns/op
WorkloadResult  60: 4947888 op, 271886463.50 ns, 54.9500 ns/op
WorkloadResult  61: 4947888 op, 262557558.50 ns, 53.0646 ns/op
WorkloadResult  62: 4947888 op, 250167271.50 ns, 50.5604 ns/op
WorkloadResult  63: 4947888 op, 268132580.50 ns, 54.1913 ns/op
WorkloadResult  64: 4947888 op, 237104252.50 ns, 47.9203 ns/op
WorkloadResult  65: 4947888 op, 247064824.50 ns, 49.9334 ns/op
WorkloadResult  66: 4947888 op, 252667409.50 ns, 51.0657 ns/op
WorkloadResult  67: 4947888 op, 252747480.50 ns, 51.0819 ns/op
WorkloadResult  68: 4947888 op, 250401196.50 ns, 50.6077 ns/op
WorkloadResult  69: 4947888 op, 248000085.50 ns, 50.1224 ns/op
WorkloadResult  70: 4947888 op, 232966892.50 ns, 47.0841 ns/op
WorkloadResult  71: 4947888 op, 239832470.50 ns, 48.4717 ns/op
WorkloadResult  72: 4947888 op, 243611831.50 ns, 49.2355 ns/op
WorkloadResult  73: 4947888 op, 238806086.50 ns, 48.2642 ns/op
WorkloadResult  74: 4947888 op, 266740693.50 ns, 53.9100 ns/op
WorkloadResult  75: 4947888 op, 237759543.50 ns, 48.0527 ns/op
WorkloadResult  76: 4947888 op, 226806531.50 ns, 45.8391 ns/op
WorkloadResult  77: 4947888 op, 238617909.50 ns, 48.2262 ns/op
WorkloadResult  78: 4947888 op, 236691890.50 ns, 47.8370 ns/op
WorkloadResult  79: 4947888 op, 244178455.50 ns, 49.3500 ns/op
WorkloadResult  80: 4947888 op, 266941764.50 ns, 53.9506 ns/op
WorkloadResult  81: 4947888 op, 266599235.50 ns, 53.8814 ns/op
WorkloadResult  82: 4947888 op, 273523766.50 ns, 55.2809 ns/op
WorkloadResult  83: 4947888 op, 256185375.50 ns, 51.7767 ns/op
WorkloadResult  84: 4947888 op, 252650587.50 ns, 51.0623 ns/op
WorkloadResult  85: 4947888 op, 241143956.50 ns, 48.7367 ns/op
WorkloadResult  86: 4947888 op, 233463985.50 ns, 47.1846 ns/op
WorkloadResult  87: 4947888 op, 239037174.50 ns, 48.3110 ns/op
WorkloadResult  88: 4947888 op, 237948401.50 ns, 48.0909 ns/op
WorkloadResult  89: 4947888 op, 242487882.50 ns, 49.0084 ns/op
WorkloadResult  90: 4947888 op, 252088412.50 ns, 50.9487 ns/op
WorkloadResult  91: 4947888 op, 232558479.50 ns, 47.0016 ns/op
WorkloadResult  92: 4947888 op, 241398157.50 ns, 48.7881 ns/op
WorkloadResult  93: 4947888 op, 237746919.50 ns, 48.0502 ns/op
// GC:  141 0 0 1187493120 4947888
// Threading:  0 0 4947888

// AfterAll
// Benchmark Process 45216 has exited with code 0.

Mean = 48.857 ns, StdErr = 0.316 ns (0.65%), N = 93, StdDev = 3.045 ns
Min = 41.149 ns, Q1 = 47.872 ns, Median = 48.925 ns, Q3 = 50.608 ns, Max = 55.281 ns
IQR = 2.736 ns, LowerFence = 43.768 ns, UpperFence = 54.711 ns
ConfidenceInterval = [47.783 ns; 49.930 ns] (CI 99.9%), Margin = 1.073 ns (2.20% of Mean)
Skewness = -0.64, Kurtosis = 3.62, MValue = 2

// ** Remained 73 (93.6%) benchmark(s) to run. Estimated finish 2026-02-19 8:59 (0h 30m from now) **
// **************************
// Benchmark: Scenario1.S1_CheckOptionStringErrorNoMessage_SimpleResults: .NET 10.0(Runtime=.NET 10.0, IterationTime=250ms) [Iterations=10]
// *** Execute ***
// Launch: 1 / 1
// Execute: dotnet "Enumerations.Options.Benchmarks-.NET 10.0-1.dll" --anonymousPipes 114 116 --benchmarkName "ReillyDigital.Enumerations.Options.Benchmarks.Scenarios.Scenario1.S1_CheckOptionStringErrorNoMessage_SimpleResults(Iterations: 10)" --job ".NET 10.0" --benchmarkId 5 in /media/andrew/Slowverflow/x/devs/reilly-digital/dotnet/enumerations.options.benchmarks/bin/Debug/net10.0/Enumerations.Options.Benchmarks-.NET 10.0-1/bin/Release/net10.0
// Failed to set up high priority (Permission denied). In order to run benchmarks with high priority, make sure you have the right permissions.
// BeforeAnythingElse

// Benchmark Process Environment Information:
// BenchmarkDotNet v0.15.8
// Runtime=.NET 10.0.3 (10.0.3, 10.0.326.7603), X64 RyuJIT x86-64-v3
// GC=Concurrent Workstation
// HardwareIntrinsics=AVX2+BMI1+BMI2+F16C+FMA+LZCNT+MOVBE,AVX,SSE3+SSSE3+SSE4.1+SSE4.2+POPCNT,X86Base+SSE+SSE2,AES+PCLMUL VectorSize=256
// Job: .NET 10.0(IterationTime=250ms)

OverheadJitting  1: 1 op, 148532.00 ns, 148.5320 us/op
WorkloadJitting  1: 1 op, 7738713.00 ns, 7.7387 ms/op

OverheadJitting  2: 16 op, 216871.00 ns, 13.5544 us/op
WorkloadJitting  2: 16 op, 299738.00 ns, 18.7336 us/op

WorkloadPilot    1: 16 op, 93958.00 ns, 5.8724 us/op
WorkloadPilot    2: 42576 op, 190365562.00 ns, 4.4712 us/op
WorkloadPilot    3: 55920 op, 76212609.00 ns, 1.3629 us/op
WorkloadPilot    4: 183440 op, 233607011.00 ns, 1.2735 us/op
WorkloadPilot    5: 196320 op, 241129864.00 ns, 1.2282 us/op
WorkloadPilot    6: 203552 op, 251569885.00 ns, 1.2359 us/op
WorkloadPilot    7: 202288 op, 251002520.00 ns, 1.2408 us/op
WorkloadPilot    8: 201488 op, 253429478.00 ns, 1.2578 us/op

OverheadWarmup   1: 201488 op, 554561.00 ns, 2.7523 ns/op
OverheadWarmup   2: 201488 op, 574278.00 ns, 2.8502 ns/op
OverheadWarmup   3: 201488 op, 545764.00 ns, 2.7087 ns/op
OverheadWarmup   4: 201488 op, 547778.00 ns, 2.7187 ns/op
OverheadWarmup   5: 201488 op, 560191.00 ns, 2.7803 ns/op
OverheadWarmup   6: 201488 op, 544953.00 ns, 2.7046 ns/op

OverheadActual   1: 201488 op, 573206.00 ns, 2.8449 ns/op
OverheadActual   2: 201488 op, 524403.00 ns, 2.6027 ns/op
OverheadActual   3: 201488 op, 529022.00 ns, 2.6256 ns/op
OverheadActual   4: 201488 op, 533270.00 ns, 2.6467 ns/op
OverheadActual   5: 201488 op, 541556.00 ns, 2.6878 ns/op
OverheadActual   6: 201488 op, 552477.00 ns, 2.7420 ns/op
OverheadActual   7: 201488 op, 552617.00 ns, 2.7427 ns/op
OverheadActual   8: 201488 op, 550333.00 ns, 2.7313 ns/op
OverheadActual   9: 201488 op, 575841.00 ns, 2.8579 ns/op
OverheadActual  10: 201488 op, 518904.00 ns, 2.5754 ns/op
OverheadActual  11: 201488 op, 534173.00 ns, 2.6511 ns/op
OverheadActual  12: 201488 op, 531276.00 ns, 2.6368 ns/op
OverheadActual  13: 201488 op, 529373.00 ns, 2.6273 ns/op
OverheadActual  14: 201488 op, 533481.00 ns, 2.6477 ns/op
OverheadActual  15: 201488 op, 539371.00 ns, 2.6769 ns/op

WorkloadWarmup   1: 201488 op, 251888499.00 ns, 1.2501 us/op
WorkloadWarmup   2: 201488 op, 267221931.00 ns, 1.3262 us/op
WorkloadWarmup   3: 201488 op, 264920149.00 ns, 1.3148 us/op
WorkloadWarmup   4: 201488 op, 264786827.00 ns, 1.3142 us/op
WorkloadWarmup   5: 201488 op, 262998188.00 ns, 1.3053 us/op
WorkloadWarmup   6: 201488 op, 260113843.00 ns, 1.2910 us/op
WorkloadWarmup   7: 201488 op, 261563199.00 ns, 1.2982 us/op
WorkloadWarmup   8: 201488 op, 263686292.00 ns, 1.3087 us/op
WorkloadWarmup   9: 201488 op, 263564371.00 ns, 1.3081 us/op

// BeforeActualRun
WorkloadActual   1: 201488 op, 269890717.00 ns, 1.3395 us/op
WorkloadActual   2: 201488 op, 271877351.00 ns, 1.3493 us/op
WorkloadActual   3: 201488 op, 270241031.00 ns, 1.3412 us/op
WorkloadActual   4: 201488 op, 273177274.00 ns, 1.3558 us/op
WorkloadActual   5: 201488 op, 267102143.00 ns, 1.3256 us/op
WorkloadActual   6: 201488 op, 268567831.00 ns, 1.3329 us/op
WorkloadActual   7: 201488 op, 269198756.00 ns, 1.3361 us/op
WorkloadActual   8: 201488 op, 284015268.00 ns, 1.4096 us/op
WorkloadActual   9: 201488 op, 282954048.00 ns, 1.4043 us/op
WorkloadActual  10: 201488 op, 273277453.00 ns, 1.3563 us/op
WorkloadActual  11: 201488 op, 263981380.00 ns, 1.3102 us/op
WorkloadActual  12: 201488 op, 262648495.00 ns, 1.3035 us/op
WorkloadActual  13: 201488 op, 265913341.00 ns, 1.3197 us/op
WorkloadActual  14: 201488 op, 265401632.00 ns, 1.3172 us/op
WorkloadActual  15: 201488 op, 286547707.00 ns, 1.4222 us/op
WorkloadActual  16: 201488 op, 260223311.00 ns, 1.2915 us/op
WorkloadActual  17: 201488 op, 261458621.00 ns, 1.2976 us/op
WorkloadActual  18: 201488 op, 284403524.00 ns, 1.4115 us/op
WorkloadActual  19: 201488 op, 269550472.00 ns, 1.3378 us/op
WorkloadActual  20: 201488 op, 285536802.00 ns, 1.4171 us/op
WorkloadActual  21: 201488 op, 279562091.00 ns, 1.3875 us/op
WorkloadActual  22: 201488 op, 278099450.00 ns, 1.3802 us/op
WorkloadActual  23: 201488 op, 263275363.00 ns, 1.3067 us/op
WorkloadActual  24: 201488 op, 277557032.00 ns, 1.3775 us/op
WorkloadActual  25: 201488 op, 267921446.00 ns, 1.3297 us/op
WorkloadActual  26: 201488 op, 266942110.00 ns, 1.3249 us/op
WorkloadActual  27: 201488 op, 261798655.00 ns, 1.2993 us/op
WorkloadActual  28: 201488 op, 265216932.00 ns, 1.3163 us/op
WorkloadActual  29: 201488 op, 261682245.00 ns, 1.2987 us/op
WorkloadActual  30: 201488 op, 262552283.00 ns, 1.3031 us/op

// AfterActualRun
WorkloadResult   1: 201488 op, 269356544.00 ns, 1.3368 us/op
WorkloadResult   2: 201488 op, 271343178.00 ns, 1.3467 us/op
WorkloadResult   3: 201488 op, 269706858.00 ns, 1.3386 us/op
WorkloadResult   4: 201488 op, 272643101.00 ns, 1.3531 us/op
WorkloadResult   5: 201488 op, 266567970.00 ns, 1.3230 us/op
WorkloadResult   6: 201488 op, 268033658.00 ns, 1.3303 us/op
WorkloadResult   7: 201488 op, 268664583.00 ns, 1.3334 us/op
WorkloadResult   8: 201488 op, 283481095.00 ns, 1.4069 us/op
WorkloadResult   9: 201488 op, 282419875.00 ns, 1.4017 us/op
WorkloadResult  10: 201488 op, 272743280.00 ns, 1.3536 us/op
WorkloadResult  11: 201488 op, 263447207.00 ns, 1.3075 us/op
WorkloadResult  12: 201488 op, 262114322.00 ns, 1.3009 us/op
WorkloadResult  13: 201488 op, 265379168.00 ns, 1.3171 us/op
WorkloadResult  14: 201488 op, 264867459.00 ns, 1.3146 us/op
WorkloadResult  15: 201488 op, 286013534.00 ns, 1.4195 us/op
WorkloadResult  16: 201488 op, 259689138.00 ns, 1.2889 us/op
WorkloadResult  17: 201488 op, 260924448.00 ns, 1.2950 us/op
WorkloadResult  18: 201488 op, 283869351.00 ns, 1.4089 us/op
WorkloadResult  19: 201488 op, 269016299.00 ns, 1.3351 us/op
WorkloadResult  20: 201488 op, 285002629.00 ns, 1.4145 us/op
WorkloadResult  21: 201488 op, 279027918.00 ns, 1.3848 us/op
WorkloadResult  22: 201488 op, 277565277.00 ns, 1.3776 us/op
WorkloadResult  23: 201488 op, 262741190.00 ns, 1.3040 us/op
WorkloadResult  24: 201488 op, 277022859.00 ns, 1.3749 us/op
WorkloadResult  25: 201488 op, 267387273.00 ns, 1.3271 us/op
WorkloadResult  26: 201488 op, 266407937.00 ns, 1.3222 us/op
WorkloadResult  27: 201488 op, 261264482.00 ns, 1.2967 us/op
WorkloadResult  28: 201488 op, 264682759.00 ns, 1.3136 us/op
WorkloadResult  29: 201488 op, 261148072.00 ns, 1.2961 us/op
WorkloadResult  30: 201488 op, 262018110.00 ns, 1.3004 us/op
// GC:  21 0 0 177309440 201488
// Threading:  0 0 201488

// AfterAll
// Benchmark Process 45470 has exited with code 0.

Mean = 1.341 μs, StdErr = 0.007 μs (0.55%), N = 30, StdDev = 0.040 μs
Min = 1.289 μs, Q1 = 1.309 μs, Median = 1.332 μs, Q3 = 1.370 μs, Max = 1.420 μs
IQR = 0.061 μs, LowerFence = 1.218 μs, UpperFence = 1.460 μs
ConfidenceInterval = [1.314 μs; 1.368 μs] (CI 99.9%), Margin = 0.027 μs (2.00% of Mean)
Skewness = 0.62, Kurtosis = 2.04, MValue = 2.29

// ** Remained 72 (92.3%) benchmark(s) to run. Estimated finish 2026-02-19 8:56 (0h 27m from now) **
// **************************
// Benchmark: Scenario1.S1_CheckOptionStringErrorWithMessage_ArdalisResult: .NET 10.0(Runtime=.NET 10.0, IterationTime=250ms) [Iterations=10]
// *** Execute ***
// Launch: 1 / 1
// Execute: dotnet "Enumerations.Options.Benchmarks-.NET 10.0-1.dll" --anonymousPipes 114 116 --benchmarkName "ReillyDigital.Enumerations.Options.Benchmarks.Scenarios.Scenario1.S1_CheckOptionStringErrorWithMessage_ArdalisResult(Iterations: 10)" --job ".NET 10.0" --benchmarkId 6 in /media/andrew/Slowverflow/x/devs/reilly-digital/dotnet/enumerations.options.benchmarks/bin/Debug/net10.0/Enumerations.Options.Benchmarks-.NET 10.0-1/bin/Release/net10.0
// Failed to set up high priority (Permission denied). In order to run benchmarks with high priority, make sure you have the right permissions.
// BeforeAnythingElse

// Benchmark Process Environment Information:
// BenchmarkDotNet v0.15.8
// Runtime=.NET 10.0.3 (10.0.3, 10.0.326.7603), X64 RyuJIT x86-64-v3
// GC=Concurrent Workstation
// HardwareIntrinsics=AVX2+BMI1+BMI2+F16C+FMA+LZCNT+MOVBE,AVX,SSE3+SSSE3+SSE4.1+SSE4.2+POPCNT,X86Base+SSE+SSE2,AES+PCLMUL VectorSize=256
// Job: .NET 10.0(IterationTime=250ms)

OverheadJitting  1: 1 op, 203816.00 ns, 203.8160 us/op
WorkloadJitting  1: 1 op, 4225646.00 ns, 4.2256 ms/op

OverheadJitting  2: 16 op, 434383.00 ns, 27.1489 us/op
WorkloadJitting  2: 16 op, 280692.00 ns, 17.5433 us/op

WorkloadPilot    1: 16 op, 37391.00 ns, 2.3369 us/op
WorkloadPilot    2: 106992 op, 111746764.00 ns, 1.0444 us/op
WorkloadPilot    3: 239376 op, 112954253.00 ns, 471.8696 ns/op
WorkloadPilot    4: 529808 op, 138522246.00 ns, 261.4574 ns/op
WorkloadPilot    5: 956192 op, 263675862.00 ns, 275.7562 ns/op
WorkloadPilot    6: 906608 op, 223454164.00 ns, 246.4727 ns/op
WorkloadPilot    7: 1014320 op, 222418662.00 ns, 219.2786 ns/op
WorkloadPilot    8: 1140112 op, 252847766.00 ns, 221.7745 ns/op
WorkloadPilot    9: 1127280 op, 266056162.00 ns, 236.0160 ns/op

OverheadWarmup   1: 1127280 op, 2894043.00 ns, 2.5673 ns/op
OverheadWarmup   2: 1127280 op, 3188101.00 ns, 2.8281 ns/op
OverheadWarmup   3: 1127280 op, 3126624.00 ns, 2.7736 ns/op
OverheadWarmup   4: 1127280 op, 3106416.00 ns, 2.7557 ns/op
OverheadWarmup   5: 1127280 op, 3030222.00 ns, 2.6881 ns/op
OverheadWarmup   6: 1127280 op, 2920764.00 ns, 2.5910 ns/op
OverheadWarmup   7: 1127280 op, 2945851.00 ns, 2.6132 ns/op
OverheadWarmup   8: 1127280 op, 2942665.00 ns, 2.6104 ns/op

OverheadActual   1: 1127280 op, 2928939.00 ns, 2.5982 ns/op
OverheadActual   2: 1127280 op, 2895937.00 ns, 2.5690 ns/op
OverheadActual   3: 1127280 op, 2891989.00 ns, 2.5655 ns/op
OverheadActual   4: 1127280 op, 3064236.00 ns, 2.7183 ns/op
OverheadActual   5: 1127280 op, 2865449.00 ns, 2.5419 ns/op
OverheadActual   6: 1127280 op, 2893593.00 ns, 2.5669 ns/op
OverheadActual   7: 1127280 op, 2952083.00 ns, 2.6188 ns/op
OverheadActual   8: 1127280 op, 3009201.00 ns, 2.6694 ns/op
OverheadActual   9: 1127280 op, 2957334.00 ns, 2.6234 ns/op
OverheadActual  10: 1127280 op, 2948717.00 ns, 2.6158 ns/op
OverheadActual  11: 1127280 op, 2941002.00 ns, 2.6089 ns/op
OverheadActual  12: 1127280 op, 2900777.00 ns, 2.5733 ns/op
OverheadActual  13: 1127280 op, 2906798.00 ns, 2.5786 ns/op
OverheadActual  14: 1127280 op, 2911376.00 ns, 2.5827 ns/op
OverheadActual  15: 1127280 op, 2931925.00 ns, 2.6009 ns/op

WorkloadWarmup   1: 1127280 op, 302767057.00 ns, 268.5819 ns/op
WorkloadWarmup   2: 1127280 op, 266014532.00 ns, 235.9791 ns/op
WorkloadWarmup   3: 1127280 op, 312354312.00 ns, 277.0867 ns/op
WorkloadWarmup   4: 1127280 op, 275440803.00 ns, 244.3411 ns/op
WorkloadWarmup   5: 1127280 op, 298518347.00 ns, 264.8130 ns/op
WorkloadWarmup   6: 1127280 op, 255557300.00 ns, 226.7026 ns/op

// BeforeActualRun
WorkloadActual   1: 1127280 op, 249007390.00 ns, 220.8922 ns/op
WorkloadActual   2: 1127280 op, 244860132.00 ns, 217.2132 ns/op
WorkloadActual   3: 1127280 op, 260184647.00 ns, 230.8075 ns/op
WorkloadActual   4: 1127280 op, 265784317.00 ns, 235.7749 ns/op
WorkloadActual   5: 1127280 op, 252368388.00 ns, 223.8737 ns/op
WorkloadActual   6: 1127280 op, 257234909.00 ns, 228.1908 ns/op
WorkloadActual   7: 1127280 op, 253127486.00 ns, 224.5471 ns/op
WorkloadActual   8: 1127280 op, 261277288.00 ns, 231.7767 ns/op
WorkloadActual   9: 1127280 op, 268467229.00 ns, 238.1549 ns/op
WorkloadActual  10: 1127280 op, 277963822.00 ns, 246.5792 ns/op
WorkloadActual  11: 1127280 op, 282924992.00 ns, 250.9802 ns/op
WorkloadActual  12: 1127280 op, 260747143.00 ns, 231.3065 ns/op
WorkloadActual  13: 1127280 op, 256456604.00 ns, 227.5004 ns/op
WorkloadActual  14: 1127280 op, 272260727.00 ns, 241.5201 ns/op
WorkloadActual  15: 1127280 op, 276494870.00 ns, 245.2761 ns/op
WorkloadActual  16: 1127280 op, 250790438.00 ns, 222.4740 ns/op
WorkloadActual  17: 1127280 op, 241211519.00 ns, 213.9766 ns/op
WorkloadActual  18: 1127280 op, 287877917.00 ns, 255.3739 ns/op
WorkloadActual  19: 1127280 op, 241955018.00 ns, 214.6361 ns/op
WorkloadActual  20: 1127280 op, 315401906.00 ns, 279.7902 ns/op
WorkloadActual  21: 1127280 op, 356738536.00 ns, 316.4596 ns/op
WorkloadActual  22: 1127280 op, 295609596.00 ns, 262.2326 ns/op
WorkloadActual  23: 1127280 op, 256251455.00 ns, 227.3184 ns/op
WorkloadActual  24: 1127280 op, 278344935.00 ns, 246.9173 ns/op
WorkloadActual  25: 1127280 op, 303113593.00 ns, 268.8894 ns/op
WorkloadActual  26: 1127280 op, 283414249.00 ns, 251.4142 ns/op
WorkloadActual  27: 1127280 op, 267619965.00 ns, 237.4033 ns/op
WorkloadActual  28: 1127280 op, 260681258.00 ns, 231.2480 ns/op
WorkloadActual  29: 1127280 op, 274717061.00 ns, 243.6990 ns/op
WorkloadActual  30: 1127280 op, 270165497.00 ns, 239.6614 ns/op
WorkloadActual  31: 1127280 op, 253966696.00 ns, 225.2916 ns/op
WorkloadActual  32: 1127280 op, 250474390.00 ns, 222.1936 ns/op
WorkloadActual  33: 1127280 op, 274076849.00 ns, 243.1311 ns/op
WorkloadActual  34: 1127280 op, 290453577.00 ns, 257.6588 ns/op
WorkloadActual  35: 1127280 op, 261839623.00 ns, 232.2756 ns/op
WorkloadActual  36: 1127280 op, 265788284.00 ns, 235.7784 ns/op
WorkloadActual  37: 1127280 op, 271636745.00 ns, 240.9665 ns/op
WorkloadActual  38: 1127280 op, 245012430.00 ns, 217.3483 ns/op
WorkloadActual  39: 1127280 op, 251793559.00 ns, 223.3638 ns/op
WorkloadActual  40: 1127280 op, 303457656.00 ns, 269.1946 ns/op
WorkloadActual  41: 1127280 op, 330381889.00 ns, 293.0788 ns/op
WorkloadActual  42: 1127280 op, 310620918.00 ns, 275.5490 ns/op
WorkloadActual  43: 1127280 op, 261273159.00 ns, 231.7731 ns/op
WorkloadActual  44: 1127280 op, 273672463.00 ns, 242.7724 ns/op
WorkloadActual  45: 1127280 op, 279101368.00 ns, 247.5883 ns/op
WorkloadActual  46: 1127280 op, 242870432.00 ns, 215.4482 ns/op
WorkloadActual  47: 1127280 op, 244001856.00 ns, 216.4519 ns/op
WorkloadActual  48: 1127280 op, 244503155.00 ns, 216.8966 ns/op
WorkloadActual  49: 1127280 op, 265940743.00 ns, 235.9137 ns/op
WorkloadActual  50: 1127280 op, 269821135.00 ns, 239.3559 ns/op
WorkloadActual  51: 1127280 op, 254707479.00 ns, 225.9487 ns/op
WorkloadActual  52: 1127280 op, 249692918.00 ns, 221.5004 ns/op
WorkloadActual  53: 1127280 op, 245273755.00 ns, 217.5802 ns/op
WorkloadActual  54: 1127280 op, 245144059.00 ns, 217.4651 ns/op
WorkloadActual  55: 1127280 op, 245096670.00 ns, 217.4231 ns/op
WorkloadActual  56: 1127280 op, 248038144.00 ns, 220.0324 ns/op
WorkloadActual  57: 1127280 op, 247017530.00 ns, 219.1270 ns/op
WorkloadActual  58: 1127280 op, 240044147.00 ns, 212.9410 ns/op
WorkloadActual  59: 1127280 op, 258386721.00 ns, 229.2125 ns/op
WorkloadActual  60: 1127280 op, 245283754.00 ns, 217.5890 ns/op
WorkloadActual  61: 1127280 op, 250329204.00 ns, 222.0648 ns/op
WorkloadActual  62: 1127280 op, 242205913.00 ns, 214.8587 ns/op
WorkloadActual  63: 1127280 op, 237128994.00 ns, 210.3550 ns/op
WorkloadActual  64: 1127280 op, 241130195.00 ns, 213.9044 ns/op
WorkloadActual  65: 1127280 op, 241725633.00 ns, 214.4326 ns/op
WorkloadActual  66: 1127280 op, 238974791.00 ns, 211.9924 ns/op
WorkloadActual  67: 1127280 op, 291531559.00 ns, 258.6150 ns/op
WorkloadActual  68: 1127280 op, 247681788.00 ns, 219.7163 ns/op
WorkloadActual  69: 1127280 op, 233890077.00 ns, 207.4818 ns/op
WorkloadActual  70: 1127280 op, 237802520.00 ns, 210.9525 ns/op
WorkloadActual  71: 1127280 op, 256631746.00 ns, 227.6557 ns/op
WorkloadActual  72: 1127280 op, 250988112.00 ns, 222.6493 ns/op
WorkloadActual  73: 1127280 op, 243862321.00 ns, 216.3281 ns/op
WorkloadActual  74: 1127280 op, 258587210.00 ns, 229.3904 ns/op
WorkloadActual  75: 1127280 op, 244439104.00 ns, 216.8397 ns/op
WorkloadActual  76: 1127280 op, 244316031.00 ns, 216.7306 ns/op
WorkloadActual  77: 1127280 op, 239185911.00 ns, 212.1797 ns/op
WorkloadActual  78: 1127280 op, 238122356.00 ns, 211.2362 ns/op
WorkloadActual  79: 1127280 op, 235774026.00 ns, 209.1530 ns/op
WorkloadActual  80: 1127280 op, 237207783.00 ns, 210.4249 ns/op
WorkloadActual  81: 1127280 op, 234927853.00 ns, 208.4024 ns/op
WorkloadActual  82: 1127280 op, 238771185.00 ns, 211.8118 ns/op
WorkloadActual  83: 1127280 op, 236185446.00 ns, 209.5180 ns/op
WorkloadActual  84: 1127280 op, 236759123.00 ns, 210.0269 ns/op
WorkloadActual  85: 1127280 op, 237353970.00 ns, 210.5546 ns/op
WorkloadActual  86: 1127280 op, 234830760.00 ns, 208.3163 ns/op
WorkloadActual  87: 1127280 op, 236409100.00 ns, 209.7164 ns/op
WorkloadActual  88: 1127280 op, 237123363.00 ns, 210.3500 ns/op
WorkloadActual  89: 1127280 op, 234604972.00 ns, 208.1160 ns/op
WorkloadActual  90: 1127280 op, 233881541.00 ns, 207.4742 ns/op
WorkloadActual  91: 1127280 op, 236139870.00 ns, 209.4776 ns/op
WorkloadActual  92: 1127280 op, 235546887.00 ns, 208.9515 ns/op
WorkloadActual  93: 1127280 op, 236083263.00 ns, 209.4273 ns/op
WorkloadActual  94: 1127280 op, 234397889.00 ns, 207.9323 ns/op
WorkloadActual  95: 1127280 op, 234154408.00 ns, 207.7163 ns/op
WorkloadActual  96: 1127280 op, 237931395.00 ns, 211.0668 ns/op
WorkloadActual  97: 1127280 op, 236503429.00 ns, 209.8001 ns/op
WorkloadActual  98: 1127280 op, 237896729.00 ns, 211.0361 ns/op
WorkloadActual  99: 1127280 op, 238877998.00 ns, 211.9065 ns/op
WorkloadActual  100: 1127280 op, 240846337.00 ns, 213.6526 ns/op

// AfterActualRun
WorkloadResult   1: 1127280 op, 246078451.00 ns, 218.2940 ns/op
WorkloadResult   2: 1127280 op, 241931193.00 ns, 214.6150 ns/op
WorkloadResult   3: 1127280 op, 257255708.00 ns, 228.2092 ns/op
WorkloadResult   4: 1127280 op, 262855378.00 ns, 233.1767 ns/op
WorkloadResult   5: 1127280 op, 249439449.00 ns, 221.2755 ns/op
WorkloadResult   6: 1127280 op, 254305970.00 ns, 225.5926 ns/op
WorkloadResult   7: 1127280 op, 250198547.00 ns, 221.9489 ns/op
WorkloadResult   8: 1127280 op, 258348349.00 ns, 229.1785 ns/op
WorkloadResult   9: 1127280 op, 265538290.00 ns, 235.5566 ns/op
WorkloadResult  10: 1127280 op, 275034883.00 ns, 243.9810 ns/op
WorkloadResult  11: 1127280 op, 279996053.00 ns, 248.3820 ns/op
WorkloadResult  12: 1127280 op, 257818204.00 ns, 228.7082 ns/op
WorkloadResult  13: 1127280 op, 253527665.00 ns, 224.9021 ns/op
WorkloadResult  14: 1127280 op, 269331788.00 ns, 238.9218 ns/op
WorkloadResult  15: 1127280 op, 273565931.00 ns, 242.6779 ns/op
WorkloadResult  16: 1127280 op, 247861499.00 ns, 219.8757 ns/op
WorkloadResult  17: 1127280 op, 238282580.00 ns, 211.3783 ns/op
WorkloadResult  18: 1127280 op, 284948978.00 ns, 252.7757 ns/op
WorkloadResult  19: 1127280 op, 239026079.00 ns, 212.0379 ns/op
WorkloadResult  20: 1127280 op, 292680657.00 ns, 259.6344 ns/op
WorkloadResult  21: 1127280 op, 253322516.00 ns, 224.7201 ns/op
WorkloadResult  22: 1127280 op, 275415996.00 ns, 244.3191 ns/op
WorkloadResult  23: 1127280 op, 300184654.00 ns, 266.2911 ns/op
WorkloadResult  24: 1127280 op, 280485310.00 ns, 248.8160 ns/op
WorkloadResult  25: 1127280 op, 264691026.00 ns, 234.8050 ns/op
WorkloadResult  26: 1127280 op, 257752319.00 ns, 228.6498 ns/op
WorkloadResult  27: 1127280 op, 271788122.00 ns, 241.1008 ns/op
WorkloadResult  28: 1127280 op, 267236558.00 ns, 237.0632 ns/op
WorkloadResult  29: 1127280 op, 251037757.00 ns, 222.6933 ns/op
WorkloadResult  30: 1127280 op, 247545451.00 ns, 219.5954 ns/op
WorkloadResult  31: 1127280 op, 271147910.00 ns, 240.5329 ns/op
WorkloadResult  32: 1127280 op, 287524638.00 ns, 255.0605 ns/op
WorkloadResult  33: 1127280 op, 258910684.00 ns, 229.6774 ns/op
WorkloadResult  34: 1127280 op, 262859345.00 ns, 233.1802 ns/op
WorkloadResult  35: 1127280 op, 268707806.00 ns, 238.3683 ns/op
WorkloadResult  36: 1127280 op, 242083491.00 ns, 214.7501 ns/op
WorkloadResult  37: 1127280 op, 248864620.00 ns, 220.7656 ns/op
WorkloadResult  38: 1127280 op, 300528717.00 ns, 266.5963 ns/op
WorkloadResult  39: 1127280 op, 258344220.00 ns, 229.1748 ns/op
WorkloadResult  40: 1127280 op, 270743524.00 ns, 240.1742 ns/op
WorkloadResult  41: 1127280 op, 276172429.00 ns, 244.9901 ns/op
WorkloadResult  42: 1127280 op, 239941493.00 ns, 212.8500 ns/op
WorkloadResult  43: 1127280 op, 241072917.00 ns, 213.8536 ns/op
WorkloadResult  44: 1127280 op, 241574216.00 ns, 214.2983 ns/op
WorkloadResult  45: 1127280 op, 263011804.00 ns, 233.3154 ns/op
WorkloadResult  46: 1127280 op, 266892196.00 ns, 236.7577 ns/op
WorkloadResult  47: 1127280 op, 251778540.00 ns, 223.3505 ns/op
WorkloadResult  48: 1127280 op, 246763979.00 ns, 218.9021 ns/op
WorkloadResult  49: 1127280 op, 242344816.00 ns, 214.9819 ns/op
WorkloadResult  50: 1127280 op, 242215120.00 ns, 214.8669 ns/op
WorkloadResult  51: 1127280 op, 242167731.00 ns, 214.8248 ns/op
WorkloadResult  52: 1127280 op, 245109205.00 ns, 217.4342 ns/op
WorkloadResult  53: 1127280 op, 244088591.00 ns, 216.5288 ns/op
WorkloadResult  54: 1127280 op, 237115208.00 ns, 210.3428 ns/op
WorkloadResult  55: 1127280 op, 255457782.00 ns, 226.6143 ns/op
WorkloadResult  56: 1127280 op, 242354815.00 ns, 214.9908 ns/op
WorkloadResult  57: 1127280 op, 247400265.00 ns, 219.4666 ns/op
WorkloadResult  58: 1127280 op, 239276974.00 ns, 212.2605 ns/op
WorkloadResult  59: 1127280 op, 234200055.00 ns, 207.7568 ns/op
WorkloadResult  60: 1127280 op, 238201256.00 ns, 211.3062 ns/op
WorkloadResult  61: 1127280 op, 238796694.00 ns, 211.8344 ns/op
WorkloadResult  62: 1127280 op, 236045852.00 ns, 209.3942 ns/op
WorkloadResult  63: 1127280 op, 288602620.00 ns, 256.0168 ns/op
WorkloadResult  64: 1127280 op, 244752849.00 ns, 217.1181 ns/op
WorkloadResult  65: 1127280 op, 230961138.00 ns, 204.8836 ns/op
WorkloadResult  66: 1127280 op, 234873581.00 ns, 208.3543 ns/op
WorkloadResult  67: 1127280 op, 253702807.00 ns, 225.0575 ns/op
WorkloadResult  68: 1127280 op, 248059173.00 ns, 220.0511 ns/op
WorkloadResult  69: 1127280 op, 240933382.00 ns, 213.7298 ns/op
WorkloadResult  70: 1127280 op, 255658271.00 ns, 226.7922 ns/op
WorkloadResult  71: 1127280 op, 241510165.00 ns, 214.2415 ns/op
WorkloadResult  72: 1127280 op, 241387092.00 ns, 214.1323 ns/op
WorkloadResult  73: 1127280 op, 236256972.00 ns, 209.5814 ns/op
WorkloadResult  74: 1127280 op, 235193417.00 ns, 208.6380 ns/op
WorkloadResult  75: 1127280 op, 232845087.00 ns, 206.5548 ns/op
WorkloadResult  76: 1127280 op, 234278844.00 ns, 207.8267 ns/op
WorkloadResult  77: 1127280 op, 231998914.00 ns, 205.8042 ns/op
WorkloadResult  78: 1127280 op, 235842246.00 ns, 209.2135 ns/op
WorkloadResult  79: 1127280 op, 233256507.00 ns, 206.9198 ns/op
WorkloadResult  80: 1127280 op, 233830184.00 ns, 207.4287 ns/op
WorkloadResult  81: 1127280 op, 234425031.00 ns, 207.9563 ns/op
WorkloadResult  82: 1127280 op, 231901821.00 ns, 205.7180 ns/op
WorkloadResult  83: 1127280 op, 233480161.00 ns, 207.1182 ns/op
WorkloadResult  84: 1127280 op, 234194424.00 ns, 207.7518 ns/op
WorkloadResult  85: 1127280 op, 231676033.00 ns, 205.5177 ns/op
WorkloadResult  86: 1127280 op, 230952602.00 ns, 204.8760 ns/op
WorkloadResult  87: 1127280 op, 233210931.00 ns, 206.8793 ns/op
WorkloadResult  88: 1127280 op, 232617948.00 ns, 206.3533 ns/op
WorkloadResult  89: 1127280 op, 233154324.00 ns, 206.8291 ns/op
WorkloadResult  90: 1127280 op, 231468950.00 ns, 205.3340 ns/op
WorkloadResult  91: 1127280 op, 231225469.00 ns, 205.1180 ns/op
WorkloadResult  92: 1127280 op, 235002456.00 ns, 208.4686 ns/op
WorkloadResult  93: 1127280 op, 233574490.00 ns, 207.2018 ns/op
WorkloadResult  94: 1127280 op, 234967790.00 ns, 208.4378 ns/op
WorkloadResult  95: 1127280 op, 235949059.00 ns, 209.3083 ns/op
WorkloadResult  96: 1127280 op, 237917398.00 ns, 211.0544 ns/op
// GC:  140 0 0 1172371200 1127280
// Threading:  0 0 1127280

// AfterAll
// Benchmark Process 45535 has exited with code 0.

Mean = 222.132 ns, StdErr = 1.574 ns (0.71%), N = 96, StdDev = 15.426 ns
Min = 204.876 ns, Q1 = 209.285 ns, Median = 217.276 ns, Q3 = 230.552 ns, Max = 266.596 ns
IQR = 21.268 ns, LowerFence = 177.383 ns, UpperFence = 262.454 ns
ConfidenceInterval = [216.785 ns; 227.478 ns] (CI 99.9%), Margin = 5.346 ns (2.41% of Mean)
Skewness = 0.99, Kurtosis = 3.17, MValue = 2.29

// ** Remained 71 (91.0%) benchmark(s) to run. Estimated finish 2026-02-19 8:57 (0h 28m from now) **
// **************************
// Benchmark: Scenario1.S1_CheckOptionStringErrorWithMessage_EnumerationsOptions: .NET 10.0(Runtime=.NET 10.0, IterationTime=250ms) [Iterations=10]
// *** Execute ***
// Launch: 1 / 1
// Execute: dotnet "Enumerations.Options.Benchmarks-.NET 10.0-1.dll" --anonymousPipes 114 116 --benchmarkName "ReillyDigital.Enumerations.Options.Benchmarks.Scenarios.Scenario1.S1_CheckOptionStringErrorWithMessage_EnumerationsOptions(Iterations: 10)" --job ".NET 10.0" --benchmarkId 7 in /media/andrew/Slowverflow/x/devs/reilly-digital/dotnet/enumerations.options.benchmarks/bin/Debug/net10.0/Enumerations.Options.Benchmarks-.NET 10.0-1/bin/Release/net10.0
// Failed to set up high priority (Permission denied). In order to run benchmarks with high priority, make sure you have the right permissions.
// BeforeAnythingElse

// Benchmark Process Environment Information:
// BenchmarkDotNet v0.15.8
// Runtime=.NET 10.0.3 (10.0.3, 10.0.326.7603), X64 RyuJIT x86-64-v3
// GC=Concurrent Workstation
// HardwareIntrinsics=AVX2+BMI1+BMI2+F16C+FMA+LZCNT+MOVBE,AVX,SSE3+SSSE3+SSE4.1+SSE4.2+POPCNT,X86Base+SSE+SSE2,AES+PCLMUL VectorSize=256
// Job: .NET 10.0(IterationTime=250ms)

OverheadJitting  1: 1 op, 158871.00 ns, 158.8710 us/op
WorkloadJitting  1: 1 op, 2512470.00 ns, 2.5125 ms/op

OverheadJitting  2: 16 op, 197304.00 ns, 12.3315 us/op
WorkloadJitting  2: 16 op, 253691.00 ns, 15.8557 us/op

WorkloadPilot    1: 16 op, 35297.00 ns, 2.2061 us/op
WorkloadPilot    2: 113328 op, 106194565.00 ns, 937.0550 ns/op
WorkloadPilot    3: 266800 op, 120544944.00 ns, 451.8176 ns/op
WorkloadPilot    4: 553328 op, 112382248.00 ns, 203.1024 ns/op
WorkloadPilot    5: 1230912 op, 222063319.00 ns, 180.4055 ns/op
WorkloadPilot    6: 1385776 op, 250434734.00 ns, 180.7180 ns/op
WorkloadPilot    7: 1383376 op, 253103330.00 ns, 182.9606 ns/op
WorkloadPilot    8: 1366416 op, 239592100.00 ns, 175.3435 ns/op
WorkloadPilot    9: 1425776 op, 252542858.00 ns, 177.1266 ns/op

OverheadWarmup   1: 1425776 op, 3607155.00 ns, 2.5300 ns/op
OverheadWarmup   2: 1425776 op, 4549810.00 ns, 3.1911 ns/op
OverheadWarmup   3: 1425776 op, 3607735.00 ns, 2.5304 ns/op
OverheadWarmup   4: 1425776 op, 3720670.00 ns, 2.6096 ns/op
OverheadWarmup   5: 1425776 op, 3774170.00 ns, 2.6471 ns/op
OverheadWarmup   6: 1425776 op, 3592507.00 ns, 2.5197 ns/op

OverheadActual   1: 1425776 op, 3655796.00 ns, 2.5641 ns/op
OverheadActual   2: 1425776 op, 3669092.00 ns, 2.5734 ns/op
OverheadActual   3: 1425776 op, 3633273.00 ns, 2.5483 ns/op
OverheadActual   4: 1425776 op, 3597717.00 ns, 2.5233 ns/op
OverheadActual   5: 1425776 op, 3639746.00 ns, 2.5528 ns/op
OverheadActual   6: 1425776 op, 3586756.00 ns, 2.5157 ns/op
OverheadActual   7: 1425776 op, 3908976.00 ns, 2.7416 ns/op
OverheadActual   8: 1425776 op, 3602706.00 ns, 2.5268 ns/op
OverheadActual   9: 1425776 op, 3665966.00 ns, 2.5712 ns/op
OverheadActual  10: 1425776 op, 3598267.00 ns, 2.5237 ns/op
OverheadActual  11: 1425776 op, 3654765.00 ns, 2.5634 ns/op
OverheadActual  12: 1425776 op, 3567810.00 ns, 2.5024 ns/op
OverheadActual  13: 1425776 op, 3546900.00 ns, 2.4877 ns/op
OverheadActual  14: 1425776 op, 3575465.00 ns, 2.5077 ns/op
OverheadActual  15: 1425776 op, 3610982.00 ns, 2.5326 ns/op

WorkloadWarmup   1: 1425776 op, 268435520.00 ns, 188.2733 ns/op
WorkloadWarmup   2: 1425776 op, 272141782.00 ns, 190.8727 ns/op
WorkloadWarmup   3: 1425776 op, 270257912.00 ns, 189.5515 ns/op
WorkloadWarmup   4: 1425776 op, 283958752.00 ns, 199.1608 ns/op
WorkloadWarmup   5: 1425776 op, 270302999.00 ns, 189.5831 ns/op
WorkloadWarmup   6: 1425776 op, 252890126.00 ns, 177.3702 ns/op

// BeforeActualRun
WorkloadActual   1: 1425776 op, 254133462.00 ns, 178.2422 ns/op
WorkloadActual   2: 1425776 op, 286825443.00 ns, 201.1715 ns/op
WorkloadActual   3: 1425776 op, 284295540.00 ns, 199.3971 ns/op
WorkloadActual   4: 1425776 op, 283533155.00 ns, 198.8623 ns/op
WorkloadActual   5: 1425776 op, 281128289.00 ns, 197.1756 ns/op
WorkloadActual   6: 1425776 op, 279999099.00 ns, 196.3837 ns/op
WorkloadActual   7: 1425776 op, 280871593.00 ns, 196.9956 ns/op
WorkloadActual   8: 1425776 op, 281185227.00 ns, 197.2156 ns/op
WorkloadActual   9: 1425776 op, 279411486.00 ns, 195.9715 ns/op
WorkloadActual  10: 1425776 op, 296940918.00 ns, 208.2662 ns/op
WorkloadActual  11: 1425776 op, 282244724.00 ns, 197.9587 ns/op
WorkloadActual  12: 1425776 op, 278750443.00 ns, 195.5079 ns/op
WorkloadActual  13: 1425776 op, 295727870.00 ns, 207.4154 ns/op
WorkloadActual  14: 1425776 op, 293615328.00 ns, 205.9337 ns/op
WorkloadActual  15: 1425776 op, 291222193.00 ns, 204.2552 ns/op
WorkloadActual  16: 1425776 op, 275139211.00 ns, 192.9751 ns/op
WorkloadActual  17: 1425776 op, 283826311.00 ns, 199.0680 ns/op
WorkloadActual  18: 1425776 op, 257582046.00 ns, 180.6609 ns/op
WorkloadActual  19: 1425776 op, 261916128.00 ns, 183.7008 ns/op
WorkloadActual  20: 1425776 op, 256430003.00 ns, 179.8529 ns/op
WorkloadActual  21: 1425776 op, 258833036.00 ns, 181.5384 ns/op
WorkloadActual  22: 1425776 op, 272653642.00 ns, 191.2318 ns/op
WorkloadActual  23: 1425776 op, 262340441.00 ns, 183.9984 ns/op
WorkloadActual  24: 1425776 op, 264230302.00 ns, 185.3239 ns/op
WorkloadActual  25: 1425776 op, 267128343.00 ns, 187.3565 ns/op
WorkloadActual  26: 1425776 op, 273237037.00 ns, 191.6409 ns/op
WorkloadActual  27: 1425776 op, 270810630.00 ns, 189.9391 ns/op
WorkloadActual  28: 1425776 op, 266362723.00 ns, 186.8195 ns/op
WorkloadActual  29: 1425776 op, 262341724.00 ns, 183.9993 ns/op
WorkloadActual  30: 1425776 op, 269408173.00 ns, 188.9555 ns/op
WorkloadActual  31: 1425776 op, 265628671.00 ns, 186.3046 ns/op
WorkloadActual  32: 1425776 op, 261635686.00 ns, 183.5041 ns/op
WorkloadActual  33: 1425776 op, 340058853.00 ns, 238.5079 ns/op
WorkloadActual  34: 1425776 op, 264580335.00 ns, 185.5694 ns/op
WorkloadActual  35: 1425776 op, 260454508.00 ns, 182.6756 ns/op
WorkloadActual  36: 1425776 op, 254333691.00 ns, 178.3826 ns/op
WorkloadActual  37: 1425776 op, 257367780.00 ns, 180.5107 ns/op
WorkloadActual  38: 1425776 op, 261293618.00 ns, 183.2641 ns/op
WorkloadActual  39: 1425776 op, 259295723.00 ns, 181.8629 ns/op
WorkloadActual  40: 1425776 op, 261585792.00 ns, 183.4691 ns/op
WorkloadActual  41: 1425776 op, 255665325.00 ns, 179.3166 ns/op
WorkloadActual  42: 1425776 op, 262579074.00 ns, 184.1657 ns/op
WorkloadActual  43: 1425776 op, 254171053.00 ns, 178.2686 ns/op
WorkloadActual  44: 1425776 op, 255456549.00 ns, 179.1702 ns/op
WorkloadActual  45: 1425776 op, 252741826.00 ns, 177.2662 ns/op
WorkloadActual  46: 1425776 op, 259205432.00 ns, 181.7995 ns/op
WorkloadActual  47: 1425776 op, 256902288.00 ns, 180.1842 ns/op
WorkloadActual  48: 1425776 op, 264355269.00 ns, 185.4115 ns/op
WorkloadActual  49: 1425776 op, 264963722.00 ns, 185.8383 ns/op
WorkloadActual  50: 1425776 op, 258976047.00 ns, 181.6387 ns/op
WorkloadActual  51: 1425776 op, 271970367.00 ns, 190.7525 ns/op
WorkloadActual  52: 1425776 op, 290494965.00 ns, 203.7452 ns/op
WorkloadActual  53: 1425776 op, 301973513.00 ns, 211.7959 ns/op
WorkloadActual  54: 1425776 op, 344232381.00 ns, 241.4351 ns/op
WorkloadActual  55: 1425776 op, 271165523.00 ns, 190.1880 ns/op
WorkloadActual  56: 1425776 op, 357228194.00 ns, 250.5500 ns/op
WorkloadActual  57: 1425776 op, 293702603.00 ns, 205.9949 ns/op
WorkloadActual  58: 1425776 op, 284178508.00 ns, 199.3150 ns/op
WorkloadActual  59: 1425776 op, 284985347.00 ns, 199.8809 ns/op
WorkloadActual  60: 1425776 op, 296706274.00 ns, 208.1016 ns/op
WorkloadActual  61: 1425776 op, 279156853.00 ns, 195.7929 ns/op
WorkloadActual  62: 1425776 op, 284336888.00 ns, 199.4261 ns/op
WorkloadActual  63: 1425776 op, 280593345.00 ns, 196.8004 ns/op
WorkloadActual  64: 1425776 op, 305058659.00 ns, 213.9597 ns/op
WorkloadActual  65: 1425776 op, 295436308.00 ns, 207.2109 ns/op
WorkloadActual  66: 1425776 op, 302619487.00 ns, 212.2490 ns/op
WorkloadActual  67: 1425776 op, 312805527.00 ns, 219.3932 ns/op
WorkloadActual  68: 1425776 op, 279791886.00 ns, 196.2383 ns/op
WorkloadActual  69: 1425776 op, 277197070.00 ns, 194.4184 ns/op
WorkloadActual  70: 1425776 op, 281562131.00 ns, 197.4799 ns/op
WorkloadActual  71: 1425776 op, 317721562.00 ns, 222.8411 ns/op
WorkloadActual  72: 1425776 op, 327996499.00 ns, 230.0477 ns/op
WorkloadActual  73: 1425776 op, 319832811.00 ns, 224.3219 ns/op
WorkloadActual  74: 1425776 op, 295398626.00 ns, 207.1845 ns/op
WorkloadActual  75: 1425776 op, 331623280.00 ns, 232.5914 ns/op
WorkloadActual  76: 1425776 op, 312467146.00 ns, 219.1558 ns/op
WorkloadActual  77: 1425776 op, 317876725.00 ns, 222.9500 ns/op
WorkloadActual  78: 1425776 op, 313436081.00 ns, 219.8354 ns/op
WorkloadActual  79: 1425776 op, 335857924.00 ns, 235.5615 ns/op
WorkloadActual  80: 1425776 op, 286646985.00 ns, 201.0463 ns/op
WorkloadActual  81: 1425776 op, 262787278.00 ns, 184.3118 ns/op
WorkloadActual  82: 1425776 op, 271303424.00 ns, 190.2847 ns/op
WorkloadActual  83: 1425776 op, 273444099.00 ns, 191.7862 ns/op
WorkloadActual  84: 1425776 op, 267090191.00 ns, 187.3297 ns/op
WorkloadActual  85: 1425776 op, 269756874.00 ns, 189.2000 ns/op
WorkloadActual  86: 1425776 op, 276733182.00 ns, 194.0930 ns/op
WorkloadActual  87: 1425776 op, 270197759.00 ns, 189.5093 ns/op
WorkloadActual  88: 1425776 op, 265404357.00 ns, 186.1473 ns/op
WorkloadActual  89: 1425776 op, 277665052.00 ns, 194.7466 ns/op
WorkloadActual  90: 1425776 op, 267409368.00 ns, 187.5536 ns/op
WorkloadActual  91: 1425776 op, 271808311.00 ns, 190.6389 ns/op
WorkloadActual  92: 1425776 op, 264826204.00 ns, 185.7418 ns/op
WorkloadActual  93: 1425776 op, 269294208.00 ns, 188.8755 ns/op
WorkloadActual  94: 1425776 op, 276009389.00 ns, 193.5854 ns/op
WorkloadActual  95: 1425776 op, 271150535.00 ns, 190.1775 ns/op
WorkloadActual  96: 1425776 op, 281285004.00 ns, 197.2856 ns/op
WorkloadActual  97: 1425776 op, 288854564.00 ns, 202.5946 ns/op
WorkloadActual  98: 1425776 op, 267142973.00 ns, 187.3667 ns/op
WorkloadActual  99: 1425776 op, 268441713.00 ns, 188.2776 ns/op
WorkloadActual  100: 1425776 op, 311949876.00 ns, 218.7930 ns/op

// AfterActualRun
WorkloadResult   1: 1425776 op, 250522480.00 ns, 175.7096 ns/op
WorkloadResult   2: 1425776 op, 283214461.00 ns, 198.6388 ns/op
WorkloadResult   3: 1425776 op, 280684558.00 ns, 196.8644 ns/op
WorkloadResult   4: 1425776 op, 279922173.00 ns, 196.3297 ns/op
WorkloadResult   5: 1425776 op, 277517307.00 ns, 194.6430 ns/op
WorkloadResult   6: 1425776 op, 276388117.00 ns, 193.8510 ns/op
WorkloadResult   7: 1425776 op, 277260611.00 ns, 194.4630 ns/op
WorkloadResult   8: 1425776 op, 277574245.00 ns, 194.6829 ns/op
WorkloadResult   9: 1425776 op, 275800504.00 ns, 193.4389 ns/op
WorkloadResult  10: 1425776 op, 293329936.00 ns, 205.7335 ns/op
WorkloadResult  11: 1425776 op, 278633742.00 ns, 195.4260 ns/op
WorkloadResult  12: 1425776 op, 275139461.00 ns, 192.9752 ns/op
WorkloadResult  13: 1425776 op, 292116888.00 ns, 204.8827 ns/op
WorkloadResult  14: 1425776 op, 290004346.00 ns, 203.4011 ns/op
WorkloadResult  15: 1425776 op, 287611211.00 ns, 201.7226 ns/op
WorkloadResult  16: 1425776 op, 271528229.00 ns, 190.4424 ns/op
WorkloadResult  17: 1425776 op, 280215329.00 ns, 196.5353 ns/op
WorkloadResult  18: 1425776 op, 253971064.00 ns, 178.1283 ns/op
WorkloadResult  19: 1425776 op, 258305146.00 ns, 181.1681 ns/op
WorkloadResult  20: 1425776 op, 252819021.00 ns, 177.3203 ns/op
WorkloadResult  21: 1425776 op, 255222054.00 ns, 179.0057 ns/op
WorkloadResult  22: 1425776 op, 269042660.00 ns, 188.6991 ns/op
WorkloadResult  23: 1425776 op, 258729459.00 ns, 181.4657 ns/op
WorkloadResult  24: 1425776 op, 260619320.00 ns, 182.7912 ns/op
WorkloadResult  25: 1425776 op, 263517361.00 ns, 184.8238 ns/op
WorkloadResult  26: 1425776 op, 269626055.00 ns, 189.1083 ns/op
WorkloadResult  27: 1425776 op, 267199648.00 ns, 187.4065 ns/op
WorkloadResult  28: 1425776 op, 262751741.00 ns, 184.2868 ns/op
WorkloadResult  29: 1425776 op, 258730742.00 ns, 181.4666 ns/op
WorkloadResult  30: 1425776 op, 265797191.00 ns, 186.4228 ns/op
WorkloadResult  31: 1425776 op, 262017689.00 ns, 183.7720 ns/op
WorkloadResult  32: 1425776 op, 258024704.00 ns, 180.9714 ns/op
WorkloadResult  33: 1425776 op, 260969353.00 ns, 183.0367 ns/op
WorkloadResult  34: 1425776 op, 256843526.00 ns, 180.1430 ns/op
WorkloadResult  35: 1425776 op, 250722709.00 ns, 175.8500 ns/op
WorkloadResult  36: 1425776 op, 253756798.00 ns, 177.9780 ns/op
WorkloadResult  37: 1425776 op, 257682636.00 ns, 180.7315 ns/op
WorkloadResult  38: 1425776 op, 255684741.00 ns, 179.3302 ns/op
WorkloadResult  39: 1425776 op, 257974810.00 ns, 180.9364 ns/op
WorkloadResult  40: 1425776 op, 252054343.00 ns, 176.7840 ns/op
WorkloadResult  41: 1425776 op, 258968092.00 ns, 181.6331 ns/op
WorkloadResult  42: 1425776 op, 250560071.00 ns, 175.7359 ns/op
WorkloadResult  43: 1425776 op, 251845567.00 ns, 176.6375 ns/op
WorkloadResult  44: 1425776 op, 249130844.00 ns, 174.7335 ns/op
WorkloadResult  45: 1425776 op, 255594450.00 ns, 179.2669 ns/op
WorkloadResult  46: 1425776 op, 253291306.00 ns, 177.6515 ns/op
WorkloadResult  47: 1425776 op, 260744287.00 ns, 182.8789 ns/op
WorkloadResult  48: 1425776 op, 261352740.00 ns, 183.3056 ns/op
WorkloadResult  49: 1425776 op, 255365065.00 ns, 179.1060 ns/op
WorkloadResult  50: 1425776 op, 268359385.00 ns, 188.2199 ns/op
WorkloadResult  51: 1425776 op, 286883983.00 ns, 201.2125 ns/op
WorkloadResult  52: 1425776 op, 298362531.00 ns, 209.2633 ns/op
WorkloadResult  53: 1425776 op, 267554541.00 ns, 187.6554 ns/op
WorkloadResult  54: 1425776 op, 290091621.00 ns, 203.4623 ns/op
WorkloadResult  55: 1425776 op, 280567526.00 ns, 196.7823 ns/op
WorkloadResult  56: 1425776 op, 281374365.00 ns, 197.3482 ns/op
WorkloadResult  57: 1425776 op, 293095292.00 ns, 205.5690 ns/op
WorkloadResult  58: 1425776 op, 275545871.00 ns, 193.2603 ns/op
WorkloadResult  59: 1425776 op, 280725906.00 ns, 196.8934 ns/op
WorkloadResult  60: 1425776 op, 276982363.00 ns, 194.2678 ns/op
WorkloadResult  61: 1425776 op, 301447677.00 ns, 211.4271 ns/op
WorkloadResult  62: 1425776 op, 291825326.00 ns, 204.6782 ns/op
WorkloadResult  63: 1425776 op, 299008505.00 ns, 209.7163 ns/op
WorkloadResult  64: 1425776 op, 309194545.00 ns, 216.8605 ns/op
WorkloadResult  65: 1425776 op, 276180904.00 ns, 193.7057 ns/op
WorkloadResult  66: 1425776 op, 273586088.00 ns, 191.8857 ns/op
WorkloadResult  67: 1425776 op, 277951149.00 ns, 194.9473 ns/op
WorkloadResult  68: 1425776 op, 314110580.00 ns, 220.3085 ns/op
WorkloadResult  69: 1425776 op, 316221829.00 ns, 221.7893 ns/op
WorkloadResult  70: 1425776 op, 291787644.00 ns, 204.6518 ns/op
WorkloadResult  71: 1425776 op, 308856164.00 ns, 216.6232 ns/op
WorkloadResult  72: 1425776 op, 314265743.00 ns, 220.4173 ns/op
WorkloadResult  73: 1425776 op, 309825099.00 ns, 217.3028 ns/op
WorkloadResult  74: 1425776 op, 283036003.00 ns, 198.5137 ns/op
WorkloadResult  75: 1425776 op, 259176296.00 ns, 181.7791 ns/op
WorkloadResult  76: 1425776 op, 267692442.00 ns, 187.7521 ns/op
WorkloadResult  77: 1425776 op, 269833117.00 ns, 189.2535 ns/op
WorkloadResult  78: 1425776 op, 263479209.00 ns, 184.7971 ns/op
WorkloadResult  79: 1425776 op, 266145892.00 ns, 186.6674 ns/op
WorkloadResult  80: 1425776 op, 273122200.00 ns, 191.5604 ns/op
WorkloadResult  81: 1425776 op, 266586777.00 ns, 186.9766 ns/op
WorkloadResult  82: 1425776 op, 261793375.00 ns, 183.6147 ns/op
WorkloadResult  83: 1425776 op, 274054070.00 ns, 192.2140 ns/op
WorkloadResult  84: 1425776 op, 263798386.00 ns, 185.0209 ns/op
WorkloadResult  85: 1425776 op, 268197329.00 ns, 188.1062 ns/op
WorkloadResult  86: 1425776 op, 261215222.00 ns, 183.2092 ns/op
WorkloadResult  87: 1425776 op, 265683226.00 ns, 186.3429 ns/op
WorkloadResult  88: 1425776 op, 272398407.00 ns, 191.0527 ns/op
WorkloadResult  89: 1425776 op, 267539553.00 ns, 187.6449 ns/op
WorkloadResult  90: 1425776 op, 277674022.00 ns, 194.7529 ns/op
WorkloadResult  91: 1425776 op, 285243582.00 ns, 200.0620 ns/op
WorkloadResult  92: 1425776 op, 263531991.00 ns, 184.8341 ns/op
WorkloadResult  93: 1425776 op, 264830731.00 ns, 185.7450 ns/op
WorkloadResult  94: 1425776 op, 308338894.00 ns, 216.2604 ns/op
// GC:  259 0 0 2167179520 1425776
// Threading:  0 0 1425776

// AfterAll
// Benchmark Process 45816 has exited with code 0.

Mean = 191.561 ns, StdErr = 1.208 ns (0.63%), N = 94, StdDev = 11.712 ns
Min = 174.734 ns, Q1 = 182.813 ns, Median = 188.904 ns, Q3 = 196.886 ns, Max = 221.789 ns
IQR = 14.073 ns, LowerFence = 161.704 ns, UpperFence = 217.996 ns
ConfidenceInterval = [187.456 ns; 195.666 ns] (CI 99.9%), Margin = 4.105 ns (2.14% of Mean)
Skewness = 0.8, Kurtosis = 2.94, MValue = 2.64

// ** Remained 70 (89.7%) benchmark(s) to run. Estimated finish 2026-02-19 8:58 (0h 29m from now) **
// **************************
// Benchmark: Scenario1.S1_CheckOptionStringErrorWithMessage_FluentResults: .NET 10.0(Runtime=.NET 10.0, IterationTime=250ms) [Iterations=10]
// *** Execute ***
// Launch: 1 / 1
// Execute: dotnet "Enumerations.Options.Benchmarks-.NET 10.0-1.dll" --anonymousPipes 114 116 --benchmarkName "ReillyDigital.Enumerations.Options.Benchmarks.Scenarios.Scenario1.S1_CheckOptionStringErrorWithMessage_FluentResults(Iterations: 10)" --job ".NET 10.0" --benchmarkId 8 in /media/andrew/Slowverflow/x/devs/reilly-digital/dotnet/enumerations.options.benchmarks/bin/Debug/net10.0/Enumerations.Options.Benchmarks-.NET 10.0-1/bin/Release/net10.0
// Failed to set up high priority (Permission denied). In order to run benchmarks with high priority, make sure you have the right permissions.
// BeforeAnythingElse

// Benchmark Process Environment Information:
// BenchmarkDotNet v0.15.8
// Runtime=.NET 10.0.3 (10.0.3, 10.0.326.7603), X64 RyuJIT x86-64-v3
// GC=Concurrent Workstation
// HardwareIntrinsics=AVX2+BMI1+BMI2+F16C+FMA+LZCNT+MOVBE,AVX,SSE3+SSSE3+SSE4.1+SSE4.2+POPCNT,X86Base+SSE+SSE2,AES+PCLMUL VectorSize=256
// Job: .NET 10.0(IterationTime=250ms)

OverheadJitting  1: 1 op, 160424.00 ns, 160.4240 us/op
WorkloadJitting  1: 1 op, 4168386.00 ns, 4.1684 ms/op

OverheadJitting  2: 16 op, 296081.00 ns, 18.5051 us/op
WorkloadJitting  2: 16 op, 821967.00 ns, 51.3729 us/op

WorkloadPilot    1: 16 op, 230115.00 ns, 14.3822 us/op
WorkloadPilot    2: 17392 op, 171132218.00 ns, 9.8397 us/op
WorkloadPilot    3: 25408 op, 70088958.00 ns, 2.7585 us/op
WorkloadPilot    4: 90640 op, 143625519.00 ns, 1.5846 us/op
WorkloadPilot    5: 157776 op, 243173534.00 ns, 1.5413 us/op
WorkloadPilot    6: 162208 op, 249800830.00 ns, 1.5400 us/op
WorkloadPilot    7: 162352 op, 261720580.00 ns, 1.6121 us/op
WorkloadPilot    8: 155088 op, 242263370.00 ns, 1.5621 us/op
WorkloadPilot    9: 160048 op, 247482077.00 ns, 1.5463 us/op
WorkloadPilot   10: 161680 op, 249740685.00 ns, 1.5447 us/op
WorkloadPilot   11: 161856 op, 251132192.00 ns, 1.5516 us/op
WorkloadPilot   12: 161136 op, 243346362.00 ns, 1.5102 us/op
WorkloadPilot   13: 165552 op, 248546855.00 ns, 1.5013 us/op
WorkloadPilot   14: 166528 op, 250609531.00 ns, 1.5049 us/op

OverheadWarmup   1: 166528 op, 473087.00 ns, 2.8409 ns/op
OverheadWarmup   2: 166528 op, 465953.00 ns, 2.7980 ns/op
OverheadWarmup   3: 166528 op, 454061.00 ns, 2.7266 ns/op
OverheadWarmup   4: 166528 op, 460101.00 ns, 2.7629 ns/op
OverheadWarmup   5: 166528 op, 433681.00 ns, 2.6043 ns/op
OverheadWarmup   6: 166528 op, 463919.00 ns, 2.7858 ns/op
OverheadWarmup   7: 166528 op, 464951.00 ns, 2.7920 ns/op
OverheadWarmup   8: 166528 op, 459510.00 ns, 2.7594 ns/op

OverheadActual   1: 166528 op, 481181.00 ns, 2.8895 ns/op
OverheadActual   2: 166528 op, 477735.00 ns, 2.8688 ns/op
OverheadActual   3: 166528 op, 549802.00 ns, 3.3016 ns/op
OverheadActual   4: 166528 op, 464059.00 ns, 2.7867 ns/op
OverheadActual   5: 166528 op, 462135.00 ns, 2.7751 ns/op
OverheadActual   6: 166528 op, 470060.00 ns, 2.8227 ns/op
OverheadActual   7: 166528 op, 439623.00 ns, 2.6399 ns/op
OverheadActual   8: 166528 op, 470451.00 ns, 2.8251 ns/op
OverheadActual   9: 166528 op, 462536.00 ns, 2.7775 ns/op
OverheadActual  10: 166528 op, 462957.00 ns, 2.7801 ns/op
OverheadActual  11: 166528 op, 469109.00 ns, 2.8170 ns/op
OverheadActual  12: 166528 op, 481503.00 ns, 2.8914 ns/op
OverheadActual  13: 166528 op, 466444.00 ns, 2.8010 ns/op
OverheadActual  14: 166528 op, 471924.00 ns, 2.8339 ns/op
OverheadActual  15: 166528 op, 455843.00 ns, 2.7373 ns/op

WorkloadWarmup   1: 166528 op, 261916622.00 ns, 1.5728 us/op
WorkloadWarmup   2: 166528 op, 270667290.00 ns, 1.6254 us/op
WorkloadWarmup   3: 166528 op, 262587954.00 ns, 1.5768 us/op
WorkloadWarmup   4: 166528 op, 255554279.00 ns, 1.5346 us/op
WorkloadWarmup   5: 166528 op, 265912842.00 ns, 1.5968 us/op
WorkloadWarmup   6: 166528 op, 257567793.00 ns, 1.5467 us/op

// BeforeActualRun
WorkloadActual   1: 166528 op, 254152414.00 ns, 1.5262 us/op
WorkloadActual   2: 166528 op, 272752881.00 ns, 1.6379 us/op
WorkloadActual   3: 166528 op, 283645797.00 ns, 1.7033 us/op
WorkloadActual   4: 166528 op, 286019433.00 ns, 1.7175 us/op
WorkloadActual   5: 166528 op, 284922065.00 ns, 1.7110 us/op
WorkloadActual   6: 166528 op, 265002088.00 ns, 1.5913 us/op
WorkloadActual   7: 166528 op, 262022292.00 ns, 1.5734 us/op
WorkloadActual   8: 166528 op, 269000581.00 ns, 1.6153 us/op
WorkloadActual   9: 166528 op, 274729165.00 ns, 1.6497 us/op
WorkloadActual  10: 166528 op, 311634599.00 ns, 1.8714 us/op
WorkloadActual  11: 166528 op, 289089179.00 ns, 1.7360 us/op
WorkloadActual  12: 166528 op, 286552133.00 ns, 1.7207 us/op
WorkloadActual  13: 166528 op, 272182540.00 ns, 1.6345 us/op
WorkloadActual  14: 166528 op, 263633625.00 ns, 1.5831 us/op
WorkloadActual  15: 166528 op, 267858088.00 ns, 1.6085 us/op
WorkloadActual  16: 166528 op, 256478971.00 ns, 1.5402 us/op
WorkloadActual  17: 166528 op, 263445699.00 ns, 1.5820 us/op
WorkloadActual  18: 166528 op, 244442399.00 ns, 1.4679 us/op
WorkloadActual  19: 166528 op, 248047298.00 ns, 1.4895 us/op
WorkloadActual  20: 166528 op, 247084504.00 ns, 1.4837 us/op
WorkloadActual  21: 166528 op, 243371089.00 ns, 1.4614 us/op
WorkloadActual  22: 166528 op, 249874318.00 ns, 1.5005 us/op
WorkloadActual  23: 166528 op, 249598486.00 ns, 1.4988 us/op
WorkloadActual  24: 166528 op, 242890078.00 ns, 1.4586 us/op
WorkloadActual  25: 166528 op, 242926386.00 ns, 1.4588 us/op
WorkloadActual  26: 166528 op, 243474255.00 ns, 1.4621 us/op
WorkloadActual  27: 166528 op, 245860725.00 ns, 1.4764 us/op
WorkloadActual  28: 166528 op, 245267021.00 ns, 1.4728 us/op
WorkloadActual  29: 166528 op, 243262383.00 ns, 1.4608 us/op
WorkloadActual  30: 166528 op, 244316960.00 ns, 1.4671 us/op
WorkloadActual  31: 166528 op, 247238165.00 ns, 1.4847 us/op
WorkloadActual  32: 166528 op, 249899877.00 ns, 1.5006 us/op
WorkloadActual  33: 166528 op, 249554904.00 ns, 1.4986 us/op
WorkloadActual  34: 166528 op, 246221248.00 ns, 1.4786 us/op
WorkloadActual  35: 166528 op, 249369583.00 ns, 1.4975 us/op
WorkloadActual  36: 166528 op, 244502322.00 ns, 1.4682 us/op
WorkloadActual  37: 166528 op, 244656484.00 ns, 1.4692 us/op
WorkloadActual  38: 166528 op, 244380020.00 ns, 1.4675 us/op
WorkloadActual  39: 166528 op, 254412756.00 ns, 1.5277 us/op
WorkloadActual  40: 166528 op, 251510428.00 ns, 1.5103 us/op
WorkloadActual  41: 166528 op, 242976551.00 ns, 1.4591 us/op
WorkloadActual  42: 166528 op, 244077557.00 ns, 1.4657 us/op
WorkloadActual  43: 166528 op, 244857555.00 ns, 1.4704 us/op
WorkloadActual  44: 166528 op, 260754130.00 ns, 1.5658 us/op
WorkloadActual  45: 166528 op, 303278549.00 ns, 1.8212 us/op
WorkloadActual  46: 166528 op, 242150647.00 ns, 1.4541 us/op
WorkloadActual  47: 166528 op, 249862096.00 ns, 1.5004 us/op
WorkloadActual  48: 166528 op, 242120469.00 ns, 1.4539 us/op
WorkloadActual  49: 166528 op, 255390789.00 ns, 1.5336 us/op
WorkloadActual  50: 166528 op, 250099295.00 ns, 1.5018 us/op
WorkloadActual  51: 166528 op, 282713290.00 ns, 1.6977 us/op
WorkloadActual  52: 166528 op, 312441588.00 ns, 1.8762 us/op
WorkloadActual  53: 166528 op, 250483052.00 ns, 1.5041 us/op
WorkloadActual  54: 166528 op, 255753917.00 ns, 1.5358 us/op
WorkloadActual  55: 166528 op, 255742566.00 ns, 1.5357 us/op
WorkloadActual  56: 166528 op, 256406052.00 ns, 1.5397 us/op
WorkloadActual  57: 166528 op, 248761020.00 ns, 1.4938 us/op
WorkloadActual  58: 166528 op, 247199071.00 ns, 1.4844 us/op
WorkloadActual  59: 166528 op, 239109365.00 ns, 1.4359 us/op
WorkloadActual  60: 166528 op, 243807896.00 ns, 1.4641 us/op
WorkloadActual  61: 166528 op, 245820209.00 ns, 1.4761 us/op
WorkloadActual  62: 166528 op, 245162963.00 ns, 1.4722 us/op
WorkloadActual  63: 166528 op, 248699954.00 ns, 1.4934 us/op
WorkloadActual  64: 166528 op, 249764881.00 ns, 1.4998 us/op
WorkloadActual  65: 166528 op, 247198259.00 ns, 1.4844 us/op
WorkloadActual  66: 166528 op, 248820813.00 ns, 1.4942 us/op
WorkloadActual  67: 166528 op, 255572664.00 ns, 1.5347 us/op
WorkloadActual  68: 166528 op, 300449520.00 ns, 1.8042 us/op
WorkloadActual  69: 166528 op, 272949233.00 ns, 1.6391 us/op
WorkloadActual  70: 166528 op, 268183424.00 ns, 1.6104 us/op
WorkloadActual  71: 166528 op, 256010714.00 ns, 1.5373 us/op
WorkloadActual  72: 166528 op, 256810689.00 ns, 1.5421 us/op
WorkloadActual  73: 166528 op, 260972674.00 ns, 1.5671 us/op
WorkloadActual  74: 166528 op, 253941033.00 ns, 1.5249 us/op
WorkloadActual  75: 166528 op, 261674003.00 ns, 1.5714 us/op
WorkloadActual  76: 166528 op, 267609848.00 ns, 1.6070 us/op
WorkloadActual  77: 166528 op, 252526734.00 ns, 1.5164 us/op

// AfterActualRun
WorkloadResult   1: 166528 op, 253683305.00 ns, 1.5234 us/op
WorkloadResult   2: 166528 op, 272283772.00 ns, 1.6351 us/op
WorkloadResult   3: 166528 op, 283176688.00 ns, 1.7005 us/op
WorkloadResult   4: 166528 op, 285550324.00 ns, 1.7147 us/op
WorkloadResult   5: 166528 op, 284452956.00 ns, 1.7081 us/op
WorkloadResult   6: 166528 op, 264532979.00 ns, 1.5885 us/op
WorkloadResult   7: 166528 op, 261553183.00 ns, 1.5706 us/op
WorkloadResult   8: 166528 op, 268531472.00 ns, 1.6125 us/op
WorkloadResult   9: 166528 op, 274260056.00 ns, 1.6469 us/op
WorkloadResult  10: 166528 op, 288620070.00 ns, 1.7332 us/op
WorkloadResult  11: 166528 op, 286083024.00 ns, 1.7179 us/op
WorkloadResult  12: 166528 op, 271713431.00 ns, 1.6316 us/op
WorkloadResult  13: 166528 op, 263164516.00 ns, 1.5803 us/op
WorkloadResult  14: 166528 op, 267388979.00 ns, 1.6057 us/op
WorkloadResult  15: 166528 op, 256009862.00 ns, 1.5373 us/op
WorkloadResult  16: 166528 op, 262976590.00 ns, 1.5792 us/op
WorkloadResult  17: 166528 op, 243973290.00 ns, 1.4651 us/op
WorkloadResult  18: 166528 op, 247578189.00 ns, 1.4867 us/op
WorkloadResult  19: 166528 op, 246615395.00 ns, 1.4809 us/op
WorkloadResult  20: 166528 op, 242901980.00 ns, 1.4586 us/op
WorkloadResult  21: 166528 op, 249405209.00 ns, 1.4977 us/op
WorkloadResult  22: 166528 op, 249129377.00 ns, 1.4960 us/op
WorkloadResult  23: 166528 op, 242420969.00 ns, 1.4557 us/op
WorkloadResult  24: 166528 op, 242457277.00 ns, 1.4560 us/op
WorkloadResult  25: 166528 op, 243005146.00 ns, 1.4592 us/op
WorkloadResult  26: 166528 op, 245391616.00 ns, 1.4736 us/op
WorkloadResult  27: 166528 op, 244797912.00 ns, 1.4700 us/op
WorkloadResult  28: 166528 op, 242793274.00 ns, 1.4580 us/op
WorkloadResult  29: 166528 op, 243847851.00 ns, 1.4643 us/op
WorkloadResult  30: 166528 op, 246769056.00 ns, 1.4818 us/op
WorkloadResult  31: 166528 op, 249430768.00 ns, 1.4978 us/op
WorkloadResult  32: 166528 op, 249085795.00 ns, 1.4958 us/op
WorkloadResult  33: 166528 op, 245752139.00 ns, 1.4757 us/op
WorkloadResult  34: 166528 op, 248900474.00 ns, 1.4946 us/op
WorkloadResult  35: 166528 op, 244033213.00 ns, 1.4654 us/op
WorkloadResult  36: 166528 op, 244187375.00 ns, 1.4663 us/op
WorkloadResult  37: 166528 op, 243910911.00 ns, 1.4647 us/op
WorkloadResult  38: 166528 op, 253943647.00 ns, 1.5249 us/op
WorkloadResult  39: 166528 op, 251041319.00 ns, 1.5075 us/op
WorkloadResult  40: 166528 op, 242507442.00 ns, 1.4563 us/op
WorkloadResult  41: 166528 op, 243608448.00 ns, 1.4629 us/op
WorkloadResult  42: 166528 op, 244388446.00 ns, 1.4676 us/op
WorkloadResult  43: 166528 op, 260285021.00 ns, 1.5630 us/op
WorkloadResult  44: 166528 op, 241681538.00 ns, 1.4513 us/op
WorkloadResult  45: 166528 op, 249392987.00 ns, 1.4976 us/op
WorkloadResult  46: 166528 op, 241651360.00 ns, 1.4511 us/op
WorkloadResult  47: 166528 op, 254921680.00 ns, 1.5308 us/op
WorkloadResult  48: 166528 op, 249630186.00 ns, 1.4990 us/op
WorkloadResult  49: 166528 op, 282244181.00 ns, 1.6949 us/op
WorkloadResult  50: 166528 op, 250013943.00 ns, 1.5013 us/op
WorkloadResult  51: 166528 op, 255284808.00 ns, 1.5330 us/op
WorkloadResult  52: 166528 op, 255273457.00 ns, 1.5329 us/op
WorkloadResult  53: 166528 op, 255936943.00 ns, 1.5369 us/op
WorkloadResult  54: 166528 op, 248291911.00 ns, 1.4910 us/op
WorkloadResult  55: 166528 op, 246729962.00 ns, 1.4816 us/op
WorkloadResult  56: 166528 op, 238640256.00 ns, 1.4330 us/op
WorkloadResult  57: 166528 op, 243338787.00 ns, 1.4612 us/op
WorkloadResult  58: 166528 op, 245351100.00 ns, 1.4733 us/op
WorkloadResult  59: 166528 op, 244693854.00 ns, 1.4694 us/op
WorkloadResult  60: 166528 op, 248230845.00 ns, 1.4906 us/op
WorkloadResult  61: 166528 op, 249295772.00 ns, 1.4970 us/op
WorkloadResult  62: 166528 op, 246729150.00 ns, 1.4816 us/op
WorkloadResult  63: 166528 op, 248351704.00 ns, 1.4914 us/op
WorkloadResult  64: 166528 op, 255103555.00 ns, 1.5319 us/op
WorkloadResult  65: 166528 op, 272480124.00 ns, 1.6362 us/op
WorkloadResult  66: 166528 op, 267714315.00 ns, 1.6076 us/op
WorkloadResult  67: 166528 op, 255541605.00 ns, 1.5345 us/op
WorkloadResult  68: 166528 op, 256341580.00 ns, 1.5393 us/op
WorkloadResult  69: 166528 op, 260503565.00 ns, 1.5643 us/op
WorkloadResult  70: 166528 op, 253471924.00 ns, 1.5221 us/op
WorkloadResult  71: 166528 op, 261204894.00 ns, 1.5685 us/op
WorkloadResult  72: 166528 op, 267140739.00 ns, 1.6042 us/op
WorkloadResult  73: 166528 op, 252057625.00 ns, 1.5136 us/op
// GC:  106 0 0 892590080 166528
// Threading:  0 0 166528

// AfterAll
// Benchmark Process 46394 has exited with code 0.

Mean = 1.529 μs, StdErr = 0.009 μs (0.58%), N = 73, StdDev = 0.076 μs
Min = 1.433 μs, Q1 = 1.470 μs, Median = 1.498 μs, Q3 = 1.569 μs, Max = 1.733 μs
IQR = 0.099 μs, LowerFence = 1.322 μs, UpperFence = 1.716 μs
ConfidenceInterval = [1.499 μs; 1.560 μs] (CI 99.9%), Margin = 0.030 μs (1.99% of Mean)
Skewness = 1.14, Kurtosis = 3.35, MValue = 2.23

// ** Remained 69 (88.5%) benchmark(s) to run. Estimated finish 2026-02-19 8:58 (0h 28m from now) **
// **************************
// Benchmark: Scenario1.S1_CheckOptionStringErrorWithMessage_LightResults: .NET 10.0(Runtime=.NET 10.0, IterationTime=250ms) [Iterations=10]
// *** Execute ***
// Launch: 1 / 1
// Execute: dotnet "Enumerations.Options.Benchmarks-.NET 10.0-1.dll" --anonymousPipes 114 116 --benchmarkName "ReillyDigital.Enumerations.Options.Benchmarks.Scenarios.Scenario1.S1_CheckOptionStringErrorWithMessage_LightResults(Iterations: 10)" --job ".NET 10.0" --benchmarkId 9 in /media/andrew/Slowverflow/x/devs/reilly-digital/dotnet/enumerations.options.benchmarks/bin/Debug/net10.0/Enumerations.Options.Benchmarks-.NET 10.0-1/bin/Release/net10.0
// Failed to set up high priority (Permission denied). In order to run benchmarks with high priority, make sure you have the right permissions.
// BeforeAnythingElse

// Benchmark Process Environment Information:
// BenchmarkDotNet v0.15.8
// Runtime=.NET 10.0.3 (10.0.3, 10.0.326.7603), X64 RyuJIT x86-64-v3
// GC=Concurrent Workstation
// HardwareIntrinsics=AVX2+BMI1+BMI2+F16C+FMA+LZCNT+MOVBE,AVX,SSE3+SSSE3+SSE4.1+SSE4.2+POPCNT,X86Base+SSE+SSE2,AES+PCLMUL VectorSize=256
// Job: .NET 10.0(IterationTime=250ms)

OverheadJitting  1: 1 op, 152469.00 ns, 152.4690 us/op
WorkloadJitting  1: 1 op, 3442201.00 ns, 3.4422 ms/op

OverheadJitting  2: 16 op, 218003.00 ns, 13.6252 us/op
WorkloadJitting  2: 16 op, 232470.00 ns, 14.5294 us/op

WorkloadPilot    1: 16 op, 18675.00 ns, 1.1672 us/op
WorkloadPilot    2: 214192 op, 96582348.00 ns, 450.9148 ns/op
WorkloadPilot    3: 554432 op, 120663468.00 ns, 217.6344 ns/op
WorkloadPilot    4: 1148720 op, 132490093.00 ns, 115.3372 ns/op
WorkloadPilot    5: 2167568 op, 242178239.00 ns, 111.7281 ns/op
WorkloadPilot    6: 2237584 op, 295836742.00 ns, 132.2126 ns/op
WorkloadPilot    7: 1890896 op, 247844533.00 ns, 131.0725 ns/op
WorkloadPilot    8: 1907344 op, 238449175.00 ns, 125.0163 ns/op
WorkloadPilot    9: 1999744 op, 245708086.00 ns, 122.8698 ns/op
WorkloadPilot   10: 2034688 op, 249090354.00 ns, 122.4219 ns/op
WorkloadPilot   11: 2042128 op, 260751726.00 ns, 127.6863 ns/op
WorkloadPilot   12: 1957936 op, 230909752.00 ns, 117.9353 ns/op
WorkloadPilot   13: 2119808 op, 251277317.00 ns, 118.5378 ns/op

OverheadWarmup   1: 2119808 op, 5319998.00 ns, 2.5097 ns/op
OverheadWarmup   2: 2119808 op, 5841476.00 ns, 2.7557 ns/op
OverheadWarmup   3: 2119808 op, 6320573.00 ns, 2.9817 ns/op
OverheadWarmup   4: 2119808 op, 6262443.00 ns, 2.9543 ns/op
OverheadWarmup   5: 2119808 op, 5762957.00 ns, 2.7186 ns/op
OverheadWarmup   6: 2119808 op, 5732660.00 ns, 2.7043 ns/op
OverheadWarmup   7: 2119808 op, 5463220.00 ns, 2.5772 ns/op
OverheadWarmup   8: 2119808 op, 5371055.00 ns, 2.5337 ns/op
OverheadWarmup   9: 2119808 op, 5368109.00 ns, 2.5324 ns/op
OverheadWarmup  10: 2119808 op, 5370674.00 ns, 2.5336 ns/op

OverheadActual   1: 2119808 op, 5417794.00 ns, 2.5558 ns/op
OverheadActual   2: 2119808 op, 5402985.00 ns, 2.5488 ns/op
OverheadActual   3: 2119808 op, 5507103.00 ns, 2.5979 ns/op
OverheadActual   4: 2119808 op, 5453672.00 ns, 2.5727 ns/op
OverheadActual   5: 2119808 op, 5330939.00 ns, 2.5148 ns/op
OverheadActual   6: 2119808 op, 5474000.00 ns, 2.5823 ns/op
OverheadActual   7: 2119808 op, 5346168.00 ns, 2.5220 ns/op
OverheadActual   8: 2119808 op, 5340437.00 ns, 2.5193 ns/op
OverheadActual   9: 2119808 op, 5349454.00 ns, 2.5236 ns/op
OverheadActual  10: 2119808 op, 5391725.00 ns, 2.5435 ns/op
OverheadActual  11: 2119808 op, 5504859.00 ns, 2.5969 ns/op
OverheadActual  12: 2119808 op, 5496592.00 ns, 2.5930 ns/op
OverheadActual  13: 2119808 op, 5426641.00 ns, 2.5600 ns/op
OverheadActual  14: 2119808 op, 5370915.00 ns, 2.5337 ns/op
OverheadActual  15: 2119808 op, 5397275.00 ns, 2.5461 ns/op

WorkloadWarmup   1: 2119808 op, 252867058.00 ns, 119.2877 ns/op
WorkloadWarmup   2: 2119808 op, 247256099.00 ns, 116.6408 ns/op
WorkloadWarmup   3: 2119808 op, 240955102.00 ns, 113.6684 ns/op
WorkloadWarmup   4: 2119808 op, 238674372.00 ns, 112.5924 ns/op
WorkloadWarmup   5: 2119808 op, 235219086.00 ns, 110.9624 ns/op
WorkloadWarmup   6: 2119808 op, 238151440.00 ns, 112.3458 ns/op
WorkloadWarmup   7: 2119808 op, 231616009.00 ns, 109.2627 ns/op
WorkloadWarmup   8: 2119808 op, 232686157.00 ns, 109.7676 ns/op
WorkloadWarmup   9: 2119808 op, 232497289.00 ns, 109.6785 ns/op

// BeforeActualRun
WorkloadActual   1: 2119808 op, 234763231.00 ns, 110.7474 ns/op
WorkloadActual   2: 2119808 op, 246001883.00 ns, 116.0491 ns/op
WorkloadActual   3: 2119808 op, 253076294.00 ns, 119.3864 ns/op
WorkloadActual   4: 2119808 op, 289937836.00 ns, 136.7755 ns/op
WorkloadActual   5: 2119808 op, 273708190.00 ns, 129.1193 ns/op
WorkloadActual   6: 2119808 op, 260385852.00 ns, 122.8346 ns/op
WorkloadActual   7: 2119808 op, 307916796.00 ns, 145.2569 ns/op
WorkloadActual   8: 2119808 op, 257638488.00 ns, 121.5386 ns/op
WorkloadActual   9: 2119808 op, 245935166.00 ns, 116.0177 ns/op
WorkloadActual  10: 2119808 op, 242733391.00 ns, 114.5073 ns/op
WorkloadActual  11: 2119808 op, 243175739.00 ns, 114.7159 ns/op
WorkloadActual  12: 2119808 op, 265803416.00 ns, 125.3903 ns/op
WorkloadActual  13: 2119808 op, 258992803.00 ns, 122.1775 ns/op
WorkloadActual  14: 2119808 op, 241403071.00 ns, 113.8797 ns/op
WorkloadActual  15: 2119808 op, 242041420.00 ns, 114.1808 ns/op
WorkloadActual  16: 2119808 op, 243196589.00 ns, 114.7258 ns/op
WorkloadActual  17: 2119808 op, 251370744.00 ns, 118.5818 ns/op
WorkloadActual  18: 2119808 op, 252426013.00 ns, 119.0797 ns/op
WorkloadActual  19: 2119808 op, 249691423.00 ns, 117.7896 ns/op
WorkloadActual  20: 2119808 op, 271100230.00 ns, 127.8890 ns/op
WorkloadActual  21: 2119808 op, 250878241.00 ns, 118.3495 ns/op
WorkloadActual  22: 2119808 op, 258396083.00 ns, 121.8960 ns/op
WorkloadActual  23: 2119808 op, 253364270.00 ns, 119.5223 ns/op
WorkloadActual  24: 2119808 op, 251872394.00 ns, 118.8185 ns/op
WorkloadActual  25: 2119808 op, 248455521.00 ns, 117.2066 ns/op
WorkloadActual  26: 2119808 op, 238868158.00 ns, 112.6839 ns/op
WorkloadActual  27: 2119808 op, 239271212.00 ns, 112.8740 ns/op
WorkloadActual  28: 2119808 op, 239608340.00 ns, 113.0330 ns/op
WorkloadActual  29: 2119808 op, 236683259.00 ns, 111.6532 ns/op
WorkloadActual  30: 2119808 op, 236862960.00 ns, 111.7379 ns/op
WorkloadActual  31: 2119808 op, 238095495.00 ns, 112.3194 ns/op
WorkloadActual  32: 2119808 op, 236111546.00 ns, 111.3835 ns/op
WorkloadActual  33: 2119808 op, 288661969.00 ns, 136.1736 ns/op
WorkloadActual  34: 2119808 op, 236097870.00 ns, 111.3770 ns/op
WorkloadActual  35: 2119808 op, 241258427.00 ns, 113.8115 ns/op
WorkloadActual  36: 2119808 op, 240340006.00 ns, 113.3782 ns/op
WorkloadActual  37: 2119808 op, 241773132.00 ns, 114.0543 ns/op
WorkloadActual  38: 2119808 op, 246134864.00 ns, 116.1119 ns/op
WorkloadActual  39: 2119808 op, 240265846.00 ns, 113.3432 ns/op
WorkloadActual  40: 2119808 op, 240175265.00 ns, 113.3005 ns/op
WorkloadActual  41: 2119808 op, 242795429.00 ns, 114.5365 ns/op
WorkloadActual  42: 2119808 op, 241322818.00 ns, 113.8418 ns/op
WorkloadActual  43: 2119808 op, 240972645.00 ns, 113.6766 ns/op
WorkloadActual  44: 2119808 op, 233462177.00 ns, 110.1336 ns/op
WorkloadActual  45: 2119808 op, 235630415.00 ns, 111.1565 ns/op
WorkloadActual  46: 2119808 op, 235416189.00 ns, 111.0554 ns/op

// AfterActualRun
WorkloadResult   1: 2119808 op, 229360246.00 ns, 108.1986 ns/op
WorkloadResult   2: 2119808 op, 240598898.00 ns, 113.5003 ns/op
WorkloadResult   3: 2119808 op, 247673309.00 ns, 116.8376 ns/op
WorkloadResult   4: 2119808 op, 254982867.00 ns, 120.2858 ns/op
WorkloadResult   5: 2119808 op, 252235503.00 ns, 118.9898 ns/op
WorkloadResult   6: 2119808 op, 240532181.00 ns, 113.4689 ns/op
WorkloadResult   7: 2119808 op, 237330406.00 ns, 111.9584 ns/op
WorkloadResult   8: 2119808 op, 237772754.00 ns, 112.1671 ns/op
WorkloadResult   9: 2119808 op, 260400431.00 ns, 122.8415 ns/op
WorkloadResult  10: 2119808 op, 253589818.00 ns, 119.6287 ns/op
WorkloadResult  11: 2119808 op, 236000086.00 ns, 111.3309 ns/op
WorkloadResult  12: 2119808 op, 236638435.00 ns, 111.6320 ns/op
WorkloadResult  13: 2119808 op, 237793604.00 ns, 112.1770 ns/op
WorkloadResult  14: 2119808 op, 245967759.00 ns, 116.0330 ns/op
WorkloadResult  15: 2119808 op, 247023028.00 ns, 116.5308 ns/op
WorkloadResult  16: 2119808 op, 244288438.00 ns, 115.2408 ns/op
WorkloadResult  17: 2119808 op, 265697245.00 ns, 125.3402 ns/op
WorkloadResult  18: 2119808 op, 245475256.00 ns, 115.8007 ns/op
WorkloadResult  19: 2119808 op, 252993098.00 ns, 119.3472 ns/op
WorkloadResult  20: 2119808 op, 247961285.00 ns, 116.9735 ns/op
WorkloadResult  21: 2119808 op, 246469409.00 ns, 116.2697 ns/op
WorkloadResult  22: 2119808 op, 243052536.00 ns, 114.6578 ns/op
WorkloadResult  23: 2119808 op, 233465173.00 ns, 110.1351 ns/op
WorkloadResult  24: 2119808 op, 233868227.00 ns, 110.3252 ns/op
WorkloadResult  25: 2119808 op, 234205355.00 ns, 110.4842 ns/op
WorkloadResult  26: 2119808 op, 231280274.00 ns, 109.1044 ns/op
WorkloadResult  27: 2119808 op, 231459975.00 ns, 109.1891 ns/op
WorkloadResult  28: 2119808 op, 232692510.00 ns, 109.7706 ns/op
WorkloadResult  29: 2119808 op, 230708561.00 ns, 108.8346 ns/op
WorkloadResult  30: 2119808 op, 230694885.00 ns, 108.8282 ns/op
WorkloadResult  31: 2119808 op, 235855442.00 ns, 111.2626 ns/op
WorkloadResult  32: 2119808 op, 234937021.00 ns, 110.8294 ns/op
WorkloadResult  33: 2119808 op, 236370147.00 ns, 111.5055 ns/op
WorkloadResult  34: 2119808 op, 240731879.00 ns, 113.5631 ns/op
WorkloadResult  35: 2119808 op, 234862861.00 ns, 110.7944 ns/op
WorkloadResult  36: 2119808 op, 234772280.00 ns, 110.7517 ns/op
WorkloadResult  37: 2119808 op, 237392444.00 ns, 111.9877 ns/op
WorkloadResult  38: 2119808 op, 235919833.00 ns, 111.2930 ns/op
WorkloadResult  39: 2119808 op, 235569660.00 ns, 111.1278 ns/op
WorkloadResult  40: 2119808 op, 228059192.00 ns, 107.5848 ns/op
WorkloadResult  41: 2119808 op, 230227430.00 ns, 108.6077 ns/op
WorkloadResult  42: 2119808 op, 230013204.00 ns, 108.5066 ns/op
// GC:  141 0 0 1187092480 2119808
// Threading:  0 0 2119808

// AfterAll
// Benchmark Process 46604 has exited with code 0.

Mean = 113.183 ns, StdErr = 0.648 ns (0.57%), N = 42, StdDev = 4.199 ns
Min = 107.585 ns, Q1 = 110.365 ns, Median = 111.795 ns, Q3 = 115.975 ns, Max = 125.340 ns
IQR = 5.610 ns, LowerFence = 101.950 ns, UpperFence = 124.390 ns
ConfidenceInterval = [110.887 ns; 115.480 ns] (CI 99.9%), Margin = 2.297 ns (2.03% of Mean)
Skewness = 0.96, Kurtosis = 3.25, MValue = 2

// ** Remained 68 (87.2%) benchmark(s) to run. Estimated finish 2026-02-19 8:57 (0h 27m from now) **
// **************************
// Benchmark: Scenario1.S1_CheckOptionStringErrorWithMessage_Rascal: .NET 10.0(Runtime=.NET 10.0, IterationTime=250ms) [Iterations=10]
// *** Execute ***
// Launch: 1 / 1
// Execute: dotnet "Enumerations.Options.Benchmarks-.NET 10.0-1.dll" --anonymousPipes 114 116 --benchmarkName "ReillyDigital.Enumerations.Options.Benchmarks.Scenarios.Scenario1.S1_CheckOptionStringErrorWithMessage_Rascal(Iterations: 10)" --job ".NET 10.0" --benchmarkId 10 in /media/andrew/Slowverflow/x/devs/reilly-digital/dotnet/enumerations.options.benchmarks/bin/Debug/net10.0/Enumerations.Options.Benchmarks-.NET 10.0-1/bin/Release/net10.0
// Failed to set up high priority (Permission denied). In order to run benchmarks with high priority, make sure you have the right permissions.
// BeforeAnythingElse

// Benchmark Process Environment Information:
// BenchmarkDotNet v0.15.8
// Runtime=.NET 10.0.3 (10.0.3, 10.0.326.7603), X64 RyuJIT x86-64-v3
// GC=Concurrent Workstation
// HardwareIntrinsics=AVX2+BMI1+BMI2+F16C+FMA+LZCNT+MOVBE,AVX,SSE3+SSSE3+SSE4.1+SSE4.2+POPCNT,X86Base+SSE+SSE2,AES+PCLMUL VectorSize=256
// Job: .NET 10.0(IterationTime=250ms)

OverheadJitting  1: 1 op, 162908.00 ns, 162.9080 us/op
WorkloadJitting  1: 1 op, 2424363.00 ns, 2.4244 ms/op

OverheadJitting  2: 16 op, 204577.00 ns, 12.7861 us/op
WorkloadJitting  2: 16 op, 231870.00 ns, 14.4919 us/op

WorkloadPilot    1: 16 op, 6703.00 ns, 418.9375 ns/op
WorkloadPilot    2: 596752 op, 170444134.00 ns, 285.6197 ns/op
WorkloadPilot    3: 875296 op, 43464320.00 ns, 49.6567 ns/op
WorkloadPilot    4: 5034576 op, 229676416.00 ns, 45.6198 ns/op
WorkloadPilot    5: 5480080 op, 278705177.00 ns, 50.8579 ns/op
WorkloadPilot    6: 4915664 op, 247027235.00 ns, 50.2531 ns/op
WorkloadPilot    7: 4974832 op, 258789188.00 ns, 52.0197 ns/op
WorkloadPilot    8: 4805888 op, 210049444.00 ns, 43.7067 ns/op
WorkloadPilot    9: 5719952 op, 285632199.00 ns, 49.9361 ns/op

OverheadWarmup   1: 5719952 op, 15061062.00 ns, 2.6331 ns/op
OverheadWarmup   2: 5719952 op, 14695670.00 ns, 2.5692 ns/op
OverheadWarmup   3: 5719952 op, 14706450.00 ns, 2.5711 ns/op
OverheadWarmup   4: 5719952 op, 14250286.00 ns, 2.4913 ns/op
OverheadWarmup   5: 5719952 op, 14583327.00 ns, 2.5496 ns/op
OverheadWarmup   6: 5719952 op, 14182698.00 ns, 2.4795 ns/op

OverheadActual   1: 5719952 op, 14521200.00 ns, 2.5387 ns/op
OverheadActual   2: 5719952 op, 14403696.00 ns, 2.5181 ns/op
OverheadActual   3: 5719952 op, 14420879.00 ns, 2.5212 ns/op
OverheadActual   4: 5719952 op, 14462658.00 ns, 2.5285 ns/op
OverheadActual   5: 5719952 op, 14569181.00 ns, 2.5471 ns/op
OverheadActual   6: 5719952 op, 14644773.00 ns, 2.5603 ns/op
OverheadActual   7: 5719952 op, 14860622.00 ns, 2.5980 ns/op
OverheadActual   8: 5719952 op, 14834202.00 ns, 2.5934 ns/op
OverheadActual   9: 5719952 op, 14380363.00 ns, 2.5141 ns/op
OverheadActual  10: 5719952 op, 14386695.00 ns, 2.5152 ns/op
OverheadActual  11: 5719952 op, 14563069.00 ns, 2.5460 ns/op
OverheadActual  12: 5719952 op, 14314357.00 ns, 2.5025 ns/op
OverheadActual  13: 5719952 op, 14529225.00 ns, 2.5401 ns/op
OverheadActual  14: 5719952 op, 10809738.00 ns, 1.8898 ns/op
OverheadActual  15: 5719952 op, 10506404.00 ns, 1.8368 ns/op
OverheadActual  16: 5719952 op, 9781149.00 ns, 1.7100 ns/op
OverheadActual  17: 5719952 op, 9668346.00 ns, 1.6903 ns/op
OverheadActual  18: 5719952 op, 9714954.00 ns, 1.6984 ns/op
OverheadActual  19: 5719952 op, 11135696.00 ns, 1.9468 ns/op
OverheadActual  20: 5719952 op, 10066932.00 ns, 1.7600 ns/op

WorkloadWarmup   1: 5719952 op, 325193846.00 ns, 56.8525 ns/op
WorkloadWarmup   2: 5719952 op, 325901206.00 ns, 56.9762 ns/op
WorkloadWarmup   3: 5719952 op, 290210262.00 ns, 50.7365 ns/op
WorkloadWarmup   4: 5719952 op, 274514468.00 ns, 47.9924 ns/op
WorkloadWarmup   5: 5719952 op, 244881801.00 ns, 42.8119 ns/op
WorkloadWarmup   6: 5719952 op, 247735547.00 ns, 43.3108 ns/op
WorkloadWarmup   7: 5719952 op, 248619752.00 ns, 43.4654 ns/op
WorkloadWarmup   8: 5719952 op, 249640055.00 ns, 43.6437 ns/op
WorkloadWarmup   9: 5719952 op, 244542959.00 ns, 42.7526 ns/op

// BeforeActualRun
WorkloadActual   1: 5719952 op, 261138458.00 ns, 45.6540 ns/op
WorkloadActual   2: 5719952 op, 248643597.00 ns, 43.4695 ns/op
WorkloadActual   3: 5719952 op, 243645799.00 ns, 42.5958 ns/op
WorkloadActual   4: 5719952 op, 244641836.00 ns, 42.7699 ns/op
WorkloadActual   5: 5719952 op, 245036454.00 ns, 42.8389 ns/op
WorkloadActual   6: 5719952 op, 245251110.00 ns, 42.8764 ns/op
WorkloadActual   7: 5719952 op, 248370150.00 ns, 43.4217 ns/op
WorkloadActual   8: 5719952 op, 243148307.00 ns, 42.5088 ns/op
WorkloadActual   9: 5719952 op, 244243482.00 ns, 42.7003 ns/op
WorkloadActual  10: 5719952 op, 241863844.00 ns, 42.2842 ns/op
WorkloadActual  11: 5719952 op, 242795659.00 ns, 42.4471 ns/op
WorkloadActual  12: 5719952 op, 241845368.00 ns, 42.2810 ns/op
WorkloadActual  13: 5719952 op, 241319572.00 ns, 42.1891 ns/op
WorkloadActual  14: 5719952 op, 244617340.00 ns, 42.7656 ns/op
WorkloadActual  15: 5719952 op, 254291857.00 ns, 44.4570 ns/op

// AfterActualRun
WorkloadResult   1: 5719952 op, 234248401.50 ns, 40.9529 ns/op
WorkloadResult   2: 5719952 op, 229250603.50 ns, 40.0791 ns/op
WorkloadResult   3: 5719952 op, 230246640.50 ns, 40.2532 ns/op
WorkloadResult   4: 5719952 op, 230641258.50 ns, 40.3222 ns/op
WorkloadResult   5: 5719952 op, 230855914.50 ns, 40.3598 ns/op
WorkloadResult   6: 5719952 op, 233974954.50 ns, 40.9051 ns/op
WorkloadResult   7: 5719952 op, 228753111.50 ns, 39.9921 ns/op
WorkloadResult   8: 5719952 op, 229848286.50 ns, 40.1836 ns/op
WorkloadResult   9: 5719952 op, 227468648.50 ns, 39.7676 ns/op
WorkloadResult  10: 5719952 op, 228400463.50 ns, 39.9305 ns/op
WorkloadResult  11: 5719952 op, 227450172.50 ns, 39.7643 ns/op
WorkloadResult  12: 5719952 op, 226924376.50 ns, 39.6724 ns/op
WorkloadResult  13: 5719952 op, 230222144.50 ns, 40.2490 ns/op
// GC:  164 0 0 1372788480 5719952
// Threading:  0 0 5719952

// AfterAll
// Benchmark Process 46704 has exited with code 0.

Mean = 40.187 ns, StdErr = 0.110 ns (0.27%), N = 13, StdDev = 0.397 ns
Min = 39.672 ns, Q1 = 39.930 ns, Median = 40.184 ns, Q3 = 40.322 ns, Max = 40.953 ns
IQR = 0.392 ns, LowerFence = 39.343 ns, UpperFence = 40.910 ns
ConfidenceInterval = [39.711 ns; 40.663 ns] (CI 99.9%), Margin = 0.476 ns (1.18% of Mean)
Skewness = 0.63, Kurtosis = 2.32, MValue = 2

// ** Remained 67 (85.9%) benchmark(s) to run. Estimated finish 2026-02-19 8:55 (0h 25m from now) **
// **************************
// Benchmark: Scenario1.S1_CheckOptionStringErrorWithMessage_SimpleResults: .NET 10.0(Runtime=.NET 10.0, IterationTime=250ms) [Iterations=10]
// *** Execute ***
// Launch: 1 / 1
// Execute: dotnet "Enumerations.Options.Benchmarks-.NET 10.0-1.dll" --anonymousPipes 114 116 --benchmarkName "ReillyDigital.Enumerations.Options.Benchmarks.Scenarios.Scenario1.S1_CheckOptionStringErrorWithMessage_SimpleResults(Iterations: 10)" --job ".NET 10.0" --benchmarkId 11 in /media/andrew/Slowverflow/x/devs/reilly-digital/dotnet/enumerations.options.benchmarks/bin/Debug/net10.0/Enumerations.Options.Benchmarks-.NET 10.0-1/bin/Release/net10.0
// Failed to set up high priority (Permission denied). In order to run benchmarks with high priority, make sure you have the right permissions.
// BeforeAnythingElse

// Benchmark Process Environment Information:
// BenchmarkDotNet v0.15.8
// Runtime=.NET 10.0.3 (10.0.3, 10.0.326.7603), X64 RyuJIT x86-64-v3
// GC=Concurrent Workstation
// HardwareIntrinsics=AVX2+BMI1+BMI2+F16C+FMA+LZCNT+MOVBE,AVX,SSE3+SSSE3+SSE4.1+SSE4.2+POPCNT,X86Base+SSE+SSE2,AES+PCLMUL VectorSize=256
// Job: .NET 10.0(IterationTime=250ms)

OverheadJitting  1: 1 op, 162518.00 ns, 162.5180 us/op
WorkloadJitting  1: 1 op, 8722194.00 ns, 8.7222 ms/op

OverheadJitting  2: 16 op, 231849.00 ns, 14.4906 us/op
WorkloadJitting  2: 16 op, 291342.00 ns, 18.2089 us/op

WorkloadPilot    1: 16 op, 102975.00 ns, 6.4359 us/op
WorkloadPilot    2: 38848 op, 164296498.00 ns, 4.2292 us/op
WorkloadPilot    3: 59120 op, 99875357.00 ns, 1.6894 us/op
WorkloadPilot    4: 147984 op, 138687784.00 ns, 937.1809 ns/op
WorkloadPilot    5: 266768 op, 245184695.00 ns, 919.0934 ns/op
WorkloadPilot    6: 272016 op, 247778809.00 ns, 910.8979 ns/op
WorkloadPilot    7: 274464 op, 249650324.00 ns, 909.5922 ns/op
WorkloadPilot    8: 274848 op, 250303632.00 ns, 910.6984 ns/op
WorkloadPilot    9: 274528 op, 252658102.00 ns, 920.3364 ns/op
WorkloadPilot   10: 271648 op, 248142187.00 ns, 913.4696 ns/op
WorkloadPilot   11: 273696 op, 250374386.00 ns, 914.7901 ns/op

OverheadWarmup   1: 273696 op, 690859.00 ns, 2.5242 ns/op
OverheadWarmup   2: 273696 op, 729762.00 ns, 2.6663 ns/op
OverheadWarmup   3: 273696 op, 707660.00 ns, 2.5856 ns/op
OverheadWarmup   4: 273696 op, 706409.00 ns, 2.5810 ns/op
OverheadWarmup   5: 273696 op, 912068.00 ns, 3.3324 ns/op
OverheadWarmup   6: 273696 op, 783054.00 ns, 2.8610 ns/op

OverheadActual   1: 273696 op, 753808.00 ns, 2.7542 ns/op
OverheadActual   2: 273696 op, 718732.00 ns, 2.6260 ns/op
OverheadActual   3: 273696 op, 731005.00 ns, 2.6709 ns/op
OverheadActual   4: 273696 op, 701249.00 ns, 2.5621 ns/op
OverheadActual   5: 273696 op, 688805.00 ns, 2.5167 ns/op
OverheadActual   6: 273696 op, 740743.00 ns, 2.7064 ns/op
OverheadActual   7: 273696 op, 694185.00 ns, 2.5363 ns/op
OverheadActual   8: 273696 op, 677052.00 ns, 2.4737 ns/op
OverheadActual   9: 273696 op, 782121.00 ns, 2.8576 ns/op
OverheadActual  10: 273696 op, 794645.00 ns, 2.9034 ns/op
OverheadActual  11: 273696 op, 687152.00 ns, 2.5106 ns/op
OverheadActual  12: 273696 op, 722739.00 ns, 2.6407 ns/op
OverheadActual  13: 273696 op, 976500.00 ns, 3.5678 ns/op
OverheadActual  14: 273696 op, 710867.00 ns, 2.5973 ns/op
OverheadActual  15: 273696 op, 669659.00 ns, 2.4467 ns/op
OverheadActual  16: 273696 op, 689857.00 ns, 2.5205 ns/op
OverheadActual  17: 273696 op, 685799.00 ns, 2.5057 ns/op
OverheadActual  18: 273696 op, 720575.00 ns, 2.6328 ns/op

WorkloadWarmup   1: 273696 op, 255929079.00 ns, 935.0852 ns/op
WorkloadWarmup   2: 273696 op, 290836359.00 ns, 1.0626 us/op
WorkloadWarmup   3: 273696 op, 256791402.00 ns, 938.2359 ns/op
WorkloadWarmup   4: 273696 op, 247258905.00 ns, 903.4071 ns/op
WorkloadWarmup   5: 273696 op, 248462565.00 ns, 907.8049 ns/op
WorkloadWarmup   6: 273696 op, 250981816.00 ns, 917.0094 ns/op
WorkloadWarmup   7: 273696 op, 250691487.00 ns, 915.9487 ns/op

// BeforeActualRun
WorkloadActual   1: 273696 op, 248345242.00 ns, 907.3762 ns/op
WorkloadActual   2: 273696 op, 251073220.00 ns, 917.3434 ns/op
WorkloadActual   3: 273696 op, 252027268.00 ns, 920.8292 ns/op
WorkloadActual   4: 273696 op, 254971976.00 ns, 931.5882 ns/op
WorkloadActual   5: 273696 op, 258971342.00 ns, 946.2007 ns/op
WorkloadActual   6: 273696 op, 253928209.00 ns, 927.7746 ns/op
WorkloadActual   7: 273696 op, 252202038.00 ns, 921.4678 ns/op
WorkloadActual   8: 273696 op, 249944441.00 ns, 913.2192 ns/op
WorkloadActual   9: 273696 op, 263888748.00 ns, 964.1674 ns/op
WorkloadActual  10: 273696 op, 248910452.00 ns, 909.4413 ns/op
WorkloadActual  11: 273696 op, 248610876.00 ns, 908.3468 ns/op
WorkloadActual  12: 273696 op, 248658526.00 ns, 908.5209 ns/op
WorkloadActual  13: 273696 op, 251659751.00 ns, 919.4864 ns/op
WorkloadActual  14: 273696 op, 251186184.00 ns, 917.7561 ns/op
WorkloadActual  15: 273696 op, 251588126.00 ns, 919.2247 ns/op

// AfterActualRun
WorkloadResult   1: 273696 op, 247630442.50 ns, 904.7646 ns/op
WorkloadResult   2: 273696 op, 250358420.50 ns, 914.7317 ns/op
WorkloadResult   3: 273696 op, 251312468.50 ns, 918.2175 ns/op
WorkloadResult   4: 273696 op, 254257176.50 ns, 928.9766 ns/op
WorkloadResult   5: 273696 op, 253213409.50 ns, 925.1630 ns/op
WorkloadResult   6: 273696 op, 251487238.50 ns, 918.8561 ns/op
WorkloadResult   7: 273696 op, 249229641.50 ns, 910.6075 ns/op
WorkloadResult   8: 273696 op, 248195652.50 ns, 906.8297 ns/op
WorkloadResult   9: 273696 op, 247896076.50 ns, 905.7351 ns/op
WorkloadResult  10: 273696 op, 247943726.50 ns, 905.9092 ns/op
WorkloadResult  11: 273696 op, 250944951.50 ns, 916.8747 ns/op
WorkloadResult  12: 273696 op, 250471384.50 ns, 915.1445 ns/op
WorkloadResult  13: 273696 op, 250873326.50 ns, 916.6131 ns/op
// GC:  28 0 0 240852480 273696
// Threading:  0 0 273696

// AfterAll
// Benchmark Process 46737 has exited with code 0.

Mean = 914.494 ns, StdErr = 2.097 ns (0.23%), N = 13, StdDev = 7.561 ns
Min = 904.765 ns, Q1 = 906.830 ns, Median = 915.144 ns, Q3 = 918.218 ns, Max = 928.977 ns
IQR = 11.388 ns, LowerFence = 889.748 ns, UpperFence = 935.299 ns
ConfidenceInterval = [905.439 ns; 923.549 ns] (CI 99.9%), Margin = 9.055 ns (0.99% of Mean)
Skewness = 0.3, Kurtosis = 1.92, MValue = 2

// ** Remained 66 (84.6%) benchmark(s) to run. Estimated finish 2026-02-19 8:54 (0h 23m from now) **
// **************************
// Benchmark: Scenario1.S1_CheckOptionStringSuccess_ArdalisResult: .NET 10.0(Runtime=.NET 10.0, IterationTime=250ms) [Iterations=10]
// *** Execute ***
// Launch: 1 / 1
// Execute: dotnet "Enumerations.Options.Benchmarks-.NET 10.0-1.dll" --anonymousPipes 114 116 --benchmarkName "ReillyDigital.Enumerations.Options.Benchmarks.Scenarios.Scenario1.S1_CheckOptionStringSuccess_ArdalisResult(Iterations: 10)" --job ".NET 10.0" --benchmarkId 12 in /media/andrew/Slowverflow/x/devs/reilly-digital/dotnet/enumerations.options.benchmarks/bin/Debug/net10.0/Enumerations.Options.Benchmarks-.NET 10.0-1/bin/Release/net10.0
// Failed to set up high priority (Permission denied). In order to run benchmarks with high priority, make sure you have the right permissions.
// BeforeAnythingElse

// Benchmark Process Environment Information:
// BenchmarkDotNet v0.15.8
// Runtime=.NET 10.0.3 (10.0.3, 10.0.326.7603), X64 RyuJIT x86-64-v3
// GC=Concurrent Workstation
// HardwareIntrinsics=AVX2+BMI1+BMI2+F16C+FMA+LZCNT+MOVBE,AVX,SSE3+SSSE3+SSE4.1+SSE4.2+POPCNT,X86Base+SSE+SSE2,AES+PCLMUL VectorSize=256
// Job: .NET 10.0(IterationTime=250ms)

OverheadJitting  1: 1 op, 164582.00 ns, 164.5820 us/op
WorkloadJitting  1: 1 op, 2221959.00 ns, 2.2220 ms/op

OverheadJitting  2: 16 op, 204448.00 ns, 12.7780 us/op
WorkloadJitting  2: 16 op, 235025.00 ns, 14.6891 us/op

WorkloadPilot    1: 16 op, 29666.00 ns, 1.8541 us/op
WorkloadPilot    2: 134848 op, 55609909.00 ns, 412.3896 ns/op
WorkloadPilot    3: 606224 op, 148596505.00 ns, 245.1181 ns/op
WorkloadPilot    4: 1019920 op, 93593647.00 ns, 91.7657 ns/op
WorkloadPilot    5: 2724336 op, 235137090.00 ns, 86.3099 ns/op
WorkloadPilot    6: 2896544 op, 249040148.00 ns, 85.9784 ns/op
WorkloadPilot    7: 2907712 op, 254461018.00 ns, 87.5125 ns/op
WorkloadPilot    8: 2856736 op, 249124248.00 ns, 87.2059 ns/op
WorkloadPilot    9: 2866784 op, 242402084.00 ns, 84.5554 ns/op
WorkloadPilot   10: 2956656 op, 244977642.00 ns, 82.8563 ns/op
WorkloadPilot   11: 3017280 op, 253502753.00 ns, 84.0170 ns/op
WorkloadPilot   12: 2975600 op, 248954887.00 ns, 83.6654 ns/op
WorkloadPilot   13: 2988096 op, 252591266.00 ns, 84.5325 ns/op

OverheadWarmup   1: 2988096 op, 8079686.00 ns, 2.7040 ns/op
OverheadWarmup   2: 2988096 op, 8226234.00 ns, 2.7530 ns/op
OverheadWarmup   3: 2988096 op, 8245821.00 ns, 2.7596 ns/op
OverheadWarmup   4: 2988096 op, 8233989.00 ns, 2.7556 ns/op
OverheadWarmup   5: 2988096 op, 8193783.00 ns, 2.7421 ns/op
OverheadWarmup   6: 2988096 op, 8194313.00 ns, 2.7423 ns/op
OverheadWarmup   7: 2988096 op, 8144258.00 ns, 2.7256 ns/op

OverheadActual   1: 2988096 op, 8144389.00 ns, 2.7256 ns/op
OverheadActual   2: 2988096 op, 8394403.00 ns, 2.8093 ns/op
OverheadActual   3: 2988096 op, 8168965.00 ns, 2.7338 ns/op
OverheadActual   4: 2988096 op, 8183443.00 ns, 2.7387 ns/op
OverheadActual   5: 2988096 op, 8114733.00 ns, 2.7157 ns/op
OverheadActual   6: 2988096 op, 8102269.00 ns, 2.7115 ns/op
OverheadActual   7: 2988096 op, 8166651.00 ns, 2.7331 ns/op
OverheadActual   8: 2988096 op, 8111687.00 ns, 2.7147 ns/op
OverheadActual   9: 2988096 op, 8072452.00 ns, 2.7015 ns/op
OverheadActual  10: 2988096 op, 8124381.00 ns, 2.7189 ns/op
OverheadActual  11: 2988096 op, 8117308.00 ns, 2.7165 ns/op
OverheadActual  12: 2988096 op, 8136865.00 ns, 2.7231 ns/op
OverheadActual  13: 2988096 op, 8124832.00 ns, 2.7191 ns/op
OverheadActual  14: 2988096 op, 8093833.00 ns, 2.7087 ns/op
OverheadActual  15: 2988096 op, 8217848.00 ns, 2.7502 ns/op

WorkloadWarmup   1: 2988096 op, 272173574.00 ns, 91.0860 ns/op
WorkloadWarmup   2: 2988096 op, 255593142.00 ns, 85.5371 ns/op
WorkloadWarmup   3: 2988096 op, 251648500.00 ns, 84.2170 ns/op
WorkloadWarmup   4: 2988096 op, 253161175.00 ns, 84.7232 ns/op
WorkloadWarmup   5: 2988096 op, 249870201.00 ns, 83.6219 ns/op
WorkloadWarmup   6: 2988096 op, 249957076.00 ns, 83.6510 ns/op
WorkloadWarmup   7: 2988096 op, 250600244.00 ns, 83.8662 ns/op
WorkloadWarmup   8: 2988096 op, 249734404.00 ns, 83.5764 ns/op

// BeforeActualRun
WorkloadActual   1: 2988096 op, 250018051.00 ns, 83.6714 ns/op
WorkloadActual   2: 2988096 op, 272411073.00 ns, 91.1654 ns/op
WorkloadActual   3: 2988096 op, 269624153.00 ns, 90.2328 ns/op
WorkloadActual   4: 2988096 op, 282772092.00 ns, 94.6329 ns/op
WorkloadActual   5: 2988096 op, 272236923.00 ns, 91.1072 ns/op
WorkloadActual   6: 2988096 op, 273193926.00 ns, 91.4274 ns/op
WorkloadActual   7: 2988096 op, 290482698.00 ns, 97.2133 ns/op
WorkloadActual   8: 2988096 op, 283656918.00 ns, 94.9290 ns/op
WorkloadActual   9: 2988096 op, 277898639.00 ns, 93.0019 ns/op
WorkloadActual  10: 2988096 op, 274576405.00 ns, 91.8901 ns/op
WorkloadActual  11: 2988096 op, 275947072.00 ns, 92.3488 ns/op
WorkloadActual  12: 2988096 op, 271896548.00 ns, 90.9932 ns/op
WorkloadActual  13: 2988096 op, 265155288.00 ns, 88.7372 ns/op
WorkloadActual  14: 2988096 op, 268387560.00 ns, 89.8189 ns/op
WorkloadActual  15: 2988096 op, 266696888.00 ns, 89.2531 ns/op
WorkloadActual  16: 2988096 op, 260267108.00 ns, 87.1013 ns/op
WorkloadActual  17: 2988096 op, 261923555.00 ns, 87.6557 ns/op
WorkloadActual  18: 2988096 op, 246084890.00 ns, 82.3551 ns/op
WorkloadActual  19: 2988096 op, 248665629.00 ns, 83.2188 ns/op
WorkloadActual  20: 2988096 op, 250461061.00 ns, 83.8196 ns/op
WorkloadActual  21: 2988096 op, 252661459.00 ns, 84.5560 ns/op
WorkloadActual  22: 2988096 op, 250698711.00 ns, 83.8991 ns/op
WorkloadActual  23: 2988096 op, 255810515.00 ns, 85.6099 ns/op
WorkloadActual  24: 2988096 op, 250128110.00 ns, 83.7082 ns/op
WorkloadActual  25: 2988096 op, 250741561.00 ns, 83.9135 ns/op
WorkloadActual  26: 2988096 op, 246666863.00 ns, 82.5498 ns/op
WorkloadActual  27: 2988096 op, 251226751.00 ns, 84.0759 ns/op
WorkloadActual  28: 2988096 op, 250072965.00 ns, 83.6897 ns/op
WorkloadActual  29: 2988096 op, 251816378.00 ns, 84.2732 ns/op
WorkloadActual  30: 2988096 op, 254699289.00 ns, 85.2380 ns/op
WorkloadActual  31: 2988096 op, 250713128.00 ns, 83.9040 ns/op
WorkloadActual  32: 2988096 op, 250185869.00 ns, 83.7275 ns/op
WorkloadActual  33: 2988096 op, 250242506.00 ns, 83.7465 ns/op
WorkloadActual  34: 2988096 op, 253544762.00 ns, 84.8516 ns/op
WorkloadActual  35: 2988096 op, 251463660.00 ns, 84.1551 ns/op
WorkloadActual  36: 2988096 op, 258083229.00 ns, 86.3705 ns/op
WorkloadActual  37: 2988096 op, 253249993.00 ns, 84.7530 ns/op
WorkloadActual  38: 2988096 op, 248082865.00 ns, 83.0237 ns/op
WorkloadActual  39: 2988096 op, 248383134.00 ns, 83.1242 ns/op
WorkloadActual  40: 2988096 op, 250286850.00 ns, 83.7613 ns/op
WorkloadActual  41: 2988096 op, 248858083.00 ns, 83.2832 ns/op
WorkloadActual  42: 2988096 op, 246745030.00 ns, 82.5760 ns/op
WorkloadActual  43: 2988096 op, 252476078.00 ns, 84.4940 ns/op
WorkloadActual  44: 2988096 op, 254113339.00 ns, 85.0419 ns/op
WorkloadActual  45: 2988096 op, 253076715.00 ns, 84.6950 ns/op
WorkloadActual  46: 2988096 op, 250656080.00 ns, 83.8849 ns/op
WorkloadActual  47: 2988096 op, 250626204.00 ns, 83.8749 ns/op
WorkloadActual  48: 2988096 op, 254772068.00 ns, 85.2623 ns/op
WorkloadActual  49: 2988096 op, 256181057.00 ns, 85.7339 ns/op
WorkloadActual  50: 2988096 op, 254312377.00 ns, 85.1085 ns/op
WorkloadActual  51: 2988096 op, 255675900.00 ns, 85.5648 ns/op

// AfterActualRun
WorkloadResult   1: 2988096 op, 241893219.00 ns, 80.9523 ns/op
WorkloadResult   2: 2988096 op, 264286241.00 ns, 88.4464 ns/op
WorkloadResult   3: 2988096 op, 261499321.00 ns, 87.5137 ns/op
WorkloadResult   4: 2988096 op, 274647260.00 ns, 91.9138 ns/op
WorkloadResult   5: 2988096 op, 264112091.00 ns, 88.3881 ns/op
WorkloadResult   6: 2988096 op, 265069094.00 ns, 88.7084 ns/op
WorkloadResult   7: 2988096 op, 275532086.00 ns, 92.2099 ns/op
WorkloadResult   8: 2988096 op, 269773807.00 ns, 90.2828 ns/op
WorkloadResult   9: 2988096 op, 266451573.00 ns, 89.1710 ns/op
WorkloadResult  10: 2988096 op, 267822240.00 ns, 89.6297 ns/op
WorkloadResult  11: 2988096 op, 263771716.00 ns, 88.2742 ns/op
WorkloadResult  12: 2988096 op, 257030456.00 ns, 86.0181 ns/op
WorkloadResult  13: 2988096 op, 260262728.00 ns, 87.0999 ns/op
WorkloadResult  14: 2988096 op, 258572056.00 ns, 86.5341 ns/op
WorkloadResult  15: 2988096 op, 252142276.00 ns, 84.3823 ns/op
WorkloadResult  16: 2988096 op, 253798723.00 ns, 84.9366 ns/op
WorkloadResult  17: 2988096 op, 237960058.00 ns, 79.6360 ns/op
WorkloadResult  18: 2988096 op, 240540797.00 ns, 80.4997 ns/op
WorkloadResult  19: 2988096 op, 242336229.00 ns, 81.1005 ns/op
WorkloadResult  20: 2988096 op, 244536627.00 ns, 81.8369 ns/op
WorkloadResult  21: 2988096 op, 242573879.00 ns, 81.1801 ns/op
WorkloadResult  22: 2988096 op, 247685683.00 ns, 82.8908 ns/op
WorkloadResult  23: 2988096 op, 242003278.00 ns, 80.9891 ns/op
WorkloadResult  24: 2988096 op, 242616729.00 ns, 81.1944 ns/op
WorkloadResult  25: 2988096 op, 238542031.00 ns, 79.8308 ns/op
WorkloadResult  26: 2988096 op, 243101919.00 ns, 81.3568 ns/op
WorkloadResult  27: 2988096 op, 241948133.00 ns, 80.9707 ns/op
WorkloadResult  28: 2988096 op, 243691546.00 ns, 81.5541 ns/op
WorkloadResult  29: 2988096 op, 246574457.00 ns, 82.5189 ns/op
WorkloadResult  30: 2988096 op, 242588296.00 ns, 81.1849 ns/op
WorkloadResult  31: 2988096 op, 242061037.00 ns, 81.0085 ns/op
WorkloadResult  32: 2988096 op, 242117674.00 ns, 81.0274 ns/op
WorkloadResult  33: 2988096 op, 245419930.00 ns, 82.1325 ns/op
WorkloadResult  34: 2988096 op, 243338828.00 ns, 81.4361 ns/op
WorkloadResult  35: 2988096 op, 249958397.00 ns, 83.6514 ns/op
WorkloadResult  36: 2988096 op, 245125161.00 ns, 82.0339 ns/op
WorkloadResult  37: 2988096 op, 239958033.00 ns, 80.3047 ns/op
WorkloadResult  38: 2988096 op, 240258302.00 ns, 80.4051 ns/op
WorkloadResult  39: 2988096 op, 242162018.00 ns, 81.0422 ns/op
WorkloadResult  40: 2988096 op, 240733251.00 ns, 80.5641 ns/op
WorkloadResult  41: 2988096 op, 238620198.00 ns, 79.8569 ns/op
WorkloadResult  42: 2988096 op, 244351246.00 ns, 81.7749 ns/op
WorkloadResult  43: 2988096 op, 245988507.00 ns, 82.3228 ns/op
WorkloadResult  44: 2988096 op, 244951883.00 ns, 81.9759 ns/op
WorkloadResult  45: 2988096 op, 242531248.00 ns, 81.1658 ns/op
WorkloadResult  46: 2988096 op, 242501372.00 ns, 81.1558 ns/op
WorkloadResult  47: 2988096 op, 246647236.00 ns, 82.5433 ns/op
WorkloadResult  48: 2988096 op, 248056225.00 ns, 83.0148 ns/op
WorkloadResult  49: 2988096 op, 246187545.00 ns, 82.3894 ns/op
WorkloadResult  50: 2988096 op, 247551068.00 ns, 82.8458 ns/op
// GC:  257 0 0 2151429120 2988096
// Threading:  0 0 2988096

// AfterAll
// Benchmark Process 46790 has exited with code 0.

Mean = 83.477 ns, StdErr = 0.490 ns (0.59%), N = 50, StdDev = 3.463 ns
Min = 79.636 ns, Q1 = 81.057 ns, Median = 82.005 ns, Q3 = 85.748 ns, Max = 92.210 ns
IQR = 4.691 ns, LowerFence = 74.020 ns, UpperFence = 92.784 ns
ConfidenceInterval = [81.763 ns; 85.192 ns] (CI 99.9%), Margin = 1.715 ns (2.05% of Mean)
Skewness = 1.05, Kurtosis = 2.77, MValue = 2.21

// ** Remained 65 (83.3%) benchmark(s) to run. Estimated finish 2026-02-19 8:53 (0h 23m from now) **
// **************************
// Benchmark: Scenario1.S1_CheckOptionStringSuccess_EnumerationsOptions: .NET 10.0(Runtime=.NET 10.0, IterationTime=250ms) [Iterations=10]
// *** Execute ***
// Launch: 1 / 1
// Execute: dotnet "Enumerations.Options.Benchmarks-.NET 10.0-1.dll" --anonymousPipes 114 116 --benchmarkName "ReillyDigital.Enumerations.Options.Benchmarks.Scenarios.Scenario1.S1_CheckOptionStringSuccess_EnumerationsOptions(Iterations: 10)" --job ".NET 10.0" --benchmarkId 13 in /media/andrew/Slowverflow/x/devs/reilly-digital/dotnet/enumerations.options.benchmarks/bin/Debug/net10.0/Enumerations.Options.Benchmarks-.NET 10.0-1/bin/Release/net10.0
// Failed to set up high priority (Permission denied). In order to run benchmarks with high priority, make sure you have the right permissions.
// BeforeAnythingElse

// Benchmark Process Environment Information:
// BenchmarkDotNet v0.15.8
// Runtime=.NET 10.0.3 (10.0.3, 10.0.326.7603), X64 RyuJIT x86-64-v3
// GC=Concurrent Workstation
// HardwareIntrinsics=AVX2+BMI1+BMI2+F16C+FMA+LZCNT+MOVBE,AVX,SSE3+SSSE3+SSE4.1+SSE4.2+POPCNT,X86Base+SSE+SSE2,AES+PCLMUL VectorSize=256
// Job: .NET 10.0(IterationTime=250ms)

OverheadJitting  1: 1 op, 153291.00 ns, 153.2910 us/op
WorkloadJitting  1: 1 op, 2334503.00 ns, 2.3345 ms/op

OverheadJitting  2: 16 op, 207573.00 ns, 12.9733 us/op
WorkloadJitting  2: 16 op, 258109.00 ns, 16.1318 us/op

WorkloadPilot    1: 16 op, 30638.00 ns, 1.9149 us/op
WorkloadPilot    2: 130560 op, 55933301.00 ns, 428.4107 ns/op
WorkloadPilot    3: 583552 op, 148077552.00 ns, 253.7521 ns/op
WorkloadPilot    4: 985216 op, 59325277.00 ns, 60.2155 ns/op
WorkloadPilot    5: 4151760 op, 231993334.00 ns, 55.8783 ns/op
WorkloadPilot    6: 4474016 op, 316213734.00 ns, 70.6778 ns/op
WorkloadPilot    7: 3537184 op, 185655752.00 ns, 52.4869 ns/op
WorkloadPilot    8: 4763104 op, 254874331.00 ns, 53.5101 ns/op
WorkloadPilot    9: 4672016 op, 248915622.00 ns, 53.2780 ns/op
WorkloadPilot   10: 4692384 op, 228544752.00 ns, 48.7055 ns/op
WorkloadPilot   11: 5132896 op, 251134967.00 ns, 48.9266 ns/op

OverheadWarmup   1: 5132896 op, 14294871.00 ns, 2.7850 ns/op
OverheadWarmup   2: 5132896 op, 12983756.00 ns, 2.5295 ns/op
OverheadWarmup   3: 5132896 op, 12896852.00 ns, 2.5126 ns/op
OverheadWarmup   4: 5132896 op, 12802072.00 ns, 2.4941 ns/op
OverheadWarmup   5: 5132896 op, 12750866.00 ns, 2.4841 ns/op
OverheadWarmup   6: 5132896 op, 12798666.00 ns, 2.4935 ns/op
OverheadWarmup   7: 5132896 op, 12839644.00 ns, 2.5014 ns/op
OverheadWarmup   8: 5132896 op, 12791432.00 ns, 2.4920 ns/op
OverheadWarmup   9: 5132896 op, 12757267.00 ns, 2.4854 ns/op
OverheadWarmup  10: 5132896 op, 12810348.00 ns, 2.4957 ns/op

OverheadActual   1: 5132896 op, 12862216.00 ns, 2.5058 ns/op
OverheadActual   2: 5132896 op, 12934183.00 ns, 2.5199 ns/op
OverheadActual   3: 5132896 op, 12866565.00 ns, 2.5067 ns/op
OverheadActual   4: 5132896 op, 12838511.00 ns, 2.5012 ns/op
OverheadActual   5: 5132896 op, 13562674.00 ns, 2.6423 ns/op
OverheadActual   6: 5132896 op, 12896803.00 ns, 2.5126 ns/op
OverheadActual   7: 5132896 op, 12794448.00 ns, 2.4926 ns/op
OverheadActual   8: 5132896 op, 12753180.00 ns, 2.4846 ns/op
OverheadActual   9: 5132896 op, 12828893.00 ns, 2.4993 ns/op
OverheadActual  10: 5132896 op, 12876163.00 ns, 2.5086 ns/op
OverheadActual  11: 5132896 op, 12836998.00 ns, 2.5009 ns/op
OverheadActual  12: 5132896 op, 11696117.00 ns, 2.2787 ns/op
OverheadActual  13: 5132896 op, 11081172.00 ns, 2.1589 ns/op
OverheadActual  14: 5132896 op, 8765305.00 ns, 1.7077 ns/op
OverheadActual  15: 5132896 op, 8758362.00 ns, 1.7063 ns/op
OverheadActual  16: 5132896 op, 8738976.00 ns, 1.7025 ns/op
OverheadActual  17: 5132896 op, 8804981.00 ns, 1.7154 ns/op
OverheadActual  18: 5132896 op, 8797617.00 ns, 1.7140 ns/op
OverheadActual  19: 5132896 op, 8842111.00 ns, 1.7226 ns/op
OverheadActual  20: 5132896 op, 8815971.00 ns, 1.7175 ns/op

WorkloadWarmup   1: 5132896 op, 284514823.00 ns, 55.4297 ns/op
WorkloadWarmup   2: 5132896 op, 259563304.00 ns, 50.5686 ns/op
WorkloadWarmup   3: 5132896 op, 266587782.00 ns, 51.9371 ns/op
WorkloadWarmup   4: 5132896 op, 269506060.00 ns, 52.5057 ns/op
WorkloadWarmup   5: 5132896 op, 270331614.00 ns, 52.6665 ns/op
WorkloadWarmup   6: 5132896 op, 257354069.00 ns, 50.1382 ns/op
WorkloadWarmup   7: 5132896 op, 271080212.00 ns, 52.8123 ns/op
WorkloadWarmup   8: 5132896 op, 287074131.00 ns, 55.9283 ns/op
WorkloadWarmup   9: 5132896 op, 286823566.00 ns, 55.8795 ns/op

// BeforeActualRun
WorkloadActual   1: 5132896 op, 287147560.00 ns, 55.9426 ns/op
WorkloadActual   2: 5132896 op, 262394607.00 ns, 51.1202 ns/op
WorkloadActual   3: 5132896 op, 280266454.00 ns, 54.6020 ns/op
WorkloadActual   4: 5132896 op, 288825499.00 ns, 56.2695 ns/op
WorkloadActual   5: 5132896 op, 290066430.00 ns, 56.5113 ns/op
WorkloadActual   6: 5132896 op, 288317907.00 ns, 56.1706 ns/op
WorkloadActual   7: 5132896 op, 289630735.00 ns, 56.4264 ns/op
WorkloadActual   8: 5132896 op, 266724580.00 ns, 51.9638 ns/op
WorkloadActual   9: 5132896 op, 288546511.00 ns, 56.2151 ns/op
WorkloadActual  10: 5132896 op, 286004945.00 ns, 55.7200 ns/op
WorkloadActual  11: 5132896 op, 269184220.00 ns, 52.4430 ns/op
WorkloadActual  12: 5132896 op, 299115353.00 ns, 58.2742 ns/op
WorkloadActual  13: 5132896 op, 270044490.00 ns, 52.6106 ns/op
WorkloadActual  14: 5132896 op, 244870139.00 ns, 47.7060 ns/op
WorkloadActual  15: 5132896 op, 274740415.00 ns, 53.5254 ns/op
WorkloadActual  16: 5132896 op, 277029131.00 ns, 53.9713 ns/op
WorkloadActual  17: 5132896 op, 281137555.00 ns, 54.7717 ns/op
WorkloadActual  18: 5132896 op, 266587881.00 ns, 51.9371 ns/op
WorkloadActual  19: 5132896 op, 278788825.00 ns, 54.3141 ns/op
WorkloadActual  20: 5132896 op, 281460116.00 ns, 54.8346 ns/op
WorkloadActual  21: 5132896 op, 288862479.00 ns, 56.2767 ns/op
WorkloadActual  22: 5132896 op, 297734877.00 ns, 58.0052 ns/op
WorkloadActual  23: 5132896 op, 283625308.00 ns, 55.2564 ns/op
WorkloadActual  24: 5132896 op, 289094259.00 ns, 56.3219 ns/op
WorkloadActual  25: 5132896 op, 248481340.00 ns, 48.4096 ns/op
WorkloadActual  26: 5132896 op, 251990398.00 ns, 49.0932 ns/op
WorkloadActual  27: 5132896 op, 283628474.00 ns, 55.2570 ns/op
WorkloadActual  28: 5132896 op, 284879273.00 ns, 55.5007 ns/op
WorkloadActual  29: 5132896 op, 279773611.00 ns, 54.5060 ns/op
WorkloadActual  30: 5132896 op, 271427450.00 ns, 52.8800 ns/op
WorkloadActual  31: 5132896 op, 270841910.00 ns, 52.7659 ns/op
WorkloadActual  32: 5132896 op, 284828076.00 ns, 55.4907 ns/op
WorkloadActual  33: 5132896 op, 288177993.00 ns, 56.1434 ns/op
WorkloadActual  34: 5132896 op, 291393984.00 ns, 56.7699 ns/op
WorkloadActual  35: 5132896 op, 263857749.00 ns, 51.4052 ns/op
WorkloadActual  36: 5132896 op, 276751616.00 ns, 53.9172 ns/op
WorkloadActual  37: 5132896 op, 261586376.00 ns, 50.9627 ns/op
WorkloadActual  38: 5132896 op, 279288793.00 ns, 54.4115 ns/op
WorkloadActual  39: 5132896 op, 292862116.00 ns, 57.0559 ns/op
WorkloadActual  40: 5132896 op, 243022558.00 ns, 47.3461 ns/op
WorkloadActual  41: 5132896 op, 269370202.00 ns, 52.4792 ns/op
WorkloadActual  42: 5132896 op, 287066988.00 ns, 55.9269 ns/op
WorkloadActual  43: 5132896 op, 280792381.00 ns, 54.7045 ns/op
WorkloadActual  44: 5132896 op, 280079250.00 ns, 54.5655 ns/op
WorkloadActual  45: 5132896 op, 285398788.00 ns, 55.6019 ns/op
WorkloadActual  46: 5132896 op, 282491419.00 ns, 55.0355 ns/op
WorkloadActual  47: 5132896 op, 280591300.00 ns, 54.6653 ns/op
WorkloadActual  48: 5132896 op, 285777555.00 ns, 55.6757 ns/op
WorkloadActual  49: 5132896 op, 286251162.00 ns, 55.7680 ns/op
WorkloadActual  50: 5132896 op, 280828249.00 ns, 54.7115 ns/op
WorkloadActual  51: 5132896 op, 289719903.00 ns, 56.4438 ns/op
WorkloadActual  52: 5132896 op, 285036090.00 ns, 55.5312 ns/op
WorkloadActual  53: 5132896 op, 277349308.00 ns, 54.0337 ns/op
WorkloadActual  54: 5132896 op, 276237132.00 ns, 53.8170 ns/op
WorkloadActual  55: 5132896 op, 266586208.00 ns, 51.9368 ns/op
WorkloadActual  56: 5132896 op, 257819570.00 ns, 50.2289 ns/op
WorkloadActual  57: 5132896 op, 268030043.00 ns, 52.2181 ns/op
WorkloadActual  58: 5132896 op, 273665279.00 ns, 53.3160 ns/op
WorkloadActual  59: 5132896 op, 243967439.00 ns, 47.5302 ns/op
WorkloadActual  60: 5132896 op, 273694134.00 ns, 53.3216 ns/op
WorkloadActual  61: 5132896 op, 284228330.00 ns, 55.3739 ns/op
WorkloadActual  62: 5132896 op, 284701026.00 ns, 55.4660 ns/op
WorkloadActual  63: 5132896 op, 262408845.00 ns, 51.1230 ns/op
WorkloadActual  64: 5132896 op, 288458754.00 ns, 56.1981 ns/op
WorkloadActual  65: 5132896 op, 282320596.00 ns, 55.0022 ns/op

// AfterActualRun
WorkloadResult   1: 5132896 op, 274373746.00 ns, 53.4540 ns/op
WorkloadResult   2: 5132896 op, 249620793.00 ns, 48.6316 ns/op
WorkloadResult   3: 5132896 op, 267492640.00 ns, 52.1134 ns/op
WorkloadResult   4: 5132896 op, 276051685.00 ns, 53.7809 ns/op
WorkloadResult   5: 5132896 op, 277292616.00 ns, 54.0226 ns/op
WorkloadResult   6: 5132896 op, 275544093.00 ns, 53.6820 ns/op
WorkloadResult   7: 5132896 op, 276856921.00 ns, 53.9378 ns/op
WorkloadResult   8: 5132896 op, 253950766.00 ns, 49.4751 ns/op
WorkloadResult   9: 5132896 op, 275772697.00 ns, 53.7265 ns/op
WorkloadResult  10: 5132896 op, 273231131.00 ns, 53.2314 ns/op
WorkloadResult  11: 5132896 op, 256410406.00 ns, 49.9543 ns/op
WorkloadResult  12: 5132896 op, 286341539.00 ns, 55.7856 ns/op
WorkloadResult  13: 5132896 op, 257270676.00 ns, 50.1219 ns/op
WorkloadResult  14: 5132896 op, 232096325.00 ns, 45.2174 ns/op
WorkloadResult  15: 5132896 op, 261966601.00 ns, 51.0368 ns/op
WorkloadResult  16: 5132896 op, 264255317.00 ns, 51.4827 ns/op
WorkloadResult  17: 5132896 op, 268363741.00 ns, 52.2831 ns/op
WorkloadResult  18: 5132896 op, 253814067.00 ns, 49.4485 ns/op
WorkloadResult  19: 5132896 op, 266015011.00 ns, 51.8255 ns/op
WorkloadResult  20: 5132896 op, 268686302.00 ns, 52.3459 ns/op
WorkloadResult  21: 5132896 op, 276088665.00 ns, 53.7881 ns/op
WorkloadResult  22: 5132896 op, 284961063.00 ns, 55.5166 ns/op
WorkloadResult  23: 5132896 op, 270851494.00 ns, 52.7678 ns/op
WorkloadResult  24: 5132896 op, 276320445.00 ns, 53.8332 ns/op
WorkloadResult  25: 5132896 op, 235707526.00 ns, 45.9210 ns/op
WorkloadResult  26: 5132896 op, 239216584.00 ns, 46.6046 ns/op
WorkloadResult  27: 5132896 op, 270854660.00 ns, 52.7684 ns/op
WorkloadResult  28: 5132896 op, 272105459.00 ns, 53.0121 ns/op
WorkloadResult  29: 5132896 op, 266999797.00 ns, 52.0174 ns/op
WorkloadResult  30: 5132896 op, 258653636.00 ns, 50.3914 ns/op
WorkloadResult  31: 5132896 op, 258068096.00 ns, 50.2773 ns/op
WorkloadResult  32: 5132896 op, 272054262.00 ns, 53.0021 ns/op
WorkloadResult  33: 5132896 op, 275404179.00 ns, 53.6547 ns/op
WorkloadResult  34: 5132896 op, 278620170.00 ns, 54.2813 ns/op
WorkloadResult  35: 5132896 op, 251083935.00 ns, 48.9166 ns/op
WorkloadResult  36: 5132896 op, 263977802.00 ns, 51.4286 ns/op
WorkloadResult  37: 5132896 op, 248812562.00 ns, 48.4741 ns/op
WorkloadResult  38: 5132896 op, 266514979.00 ns, 51.9229 ns/op
WorkloadResult  39: 5132896 op, 280088302.00 ns, 54.5673 ns/op
WorkloadResult  40: 5132896 op, 230248744.00 ns, 44.8575 ns/op
WorkloadResult  41: 5132896 op, 256596388.00 ns, 49.9906 ns/op
WorkloadResult  42: 5132896 op, 274293174.00 ns, 53.4383 ns/op
WorkloadResult  43: 5132896 op, 268018567.00 ns, 52.2159 ns/op
WorkloadResult  44: 5132896 op, 267305436.00 ns, 52.0769 ns/op
WorkloadResult  45: 5132896 op, 272624974.00 ns, 53.1133 ns/op
WorkloadResult  46: 5132896 op, 269717605.00 ns, 52.5469 ns/op
WorkloadResult  47: 5132896 op, 267817486.00 ns, 52.1767 ns/op
WorkloadResult  48: 5132896 op, 273003741.00 ns, 53.1871 ns/op
WorkloadResult  49: 5132896 op, 273477348.00 ns, 53.2793 ns/op
WorkloadResult  50: 5132896 op, 268054435.00 ns, 52.2228 ns/op
WorkloadResult  51: 5132896 op, 276946089.00 ns, 53.9551 ns/op
WorkloadResult  52: 5132896 op, 272262276.00 ns, 53.0426 ns/op
WorkloadResult  53: 5132896 op, 264575494.00 ns, 51.5451 ns/op
WorkloadResult  54: 5132896 op, 263463318.00 ns, 51.3284 ns/op
WorkloadResult  55: 5132896 op, 253812394.00 ns, 49.4482 ns/op
WorkloadResult  56: 5132896 op, 245045756.00 ns, 47.7403 ns/op
WorkloadResult  57: 5132896 op, 255256229.00 ns, 49.7295 ns/op
WorkloadResult  58: 5132896 op, 260891465.00 ns, 50.8273 ns/op
WorkloadResult  59: 5132896 op, 231193625.00 ns, 45.0416 ns/op
WorkloadResult  60: 5132896 op, 260920320.00 ns, 50.8330 ns/op
WorkloadResult  61: 5132896 op, 271454516.00 ns, 52.8853 ns/op
WorkloadResult  62: 5132896 op, 271927212.00 ns, 52.9773 ns/op
WorkloadResult  63: 5132896 op, 249635031.00 ns, 48.6343 ns/op
WorkloadResult  64: 5132896 op, 275684940.00 ns, 53.7094 ns/op
WorkloadResult  65: 5132896 op, 269546782.00 ns, 52.5136 ns/op
// GC:  196 0 0 1642526720 5132896
// Threading:  0 0 5132896

// AfterAll
// Benchmark Process 46897 has exited with code 0.

Mean = 51.570 ns, StdErr = 0.309 ns (0.60%), N = 65, StdDev = 2.492 ns
Min = 44.857 ns, Q1 = 50.122 ns, Median = 52.216 ns, Q3 = 53.279 ns, Max = 55.786 ns
IQR = 3.157 ns, LowerFence = 45.386 ns, UpperFence = 58.015 ns
ConfidenceInterval = [50.504 ns; 52.635 ns] (CI 99.9%), Margin = 1.066 ns (2.07% of Mean)
Skewness = -0.99, Kurtosis = 3.48, MValue = 2

// ** Remained 64 (82.1%) benchmark(s) to run. Estimated finish 2026-02-19 8:54 (0h 22m from now) **
// **************************
// Benchmark: Scenario1.S1_CheckOptionStringSuccess_FluentResults: .NET 10.0(Runtime=.NET 10.0, IterationTime=250ms) [Iterations=10]
// *** Execute ***
// Launch: 1 / 1
// Execute: dotnet "Enumerations.Options.Benchmarks-.NET 10.0-1.dll" --anonymousPipes 114 116 --benchmarkName "ReillyDigital.Enumerations.Options.Benchmarks.Scenarios.Scenario1.S1_CheckOptionStringSuccess_FluentResults(Iterations: 10)" --job ".NET 10.0" --benchmarkId 14 in /media/andrew/Slowverflow/x/devs/reilly-digital/dotnet/enumerations.options.benchmarks/bin/Debug/net10.0/Enumerations.Options.Benchmarks-.NET 10.0-1/bin/Release/net10.0
// Failed to set up high priority (Permission denied). In order to run benchmarks with high priority, make sure you have the right permissions.
// BeforeAnythingElse

// Benchmark Process Environment Information:
// BenchmarkDotNet v0.15.8
// Runtime=.NET 10.0.3 (10.0.3, 10.0.326.7603), X64 RyuJIT x86-64-v3
// GC=Concurrent Workstation
// HardwareIntrinsics=AVX2+BMI1+BMI2+F16C+FMA+LZCNT+MOVBE,AVX,SSE3+SSSE3+SSE4.1+SSE4.2+POPCNT,X86Base+SSE+SSE2,AES+PCLMUL VectorSize=256
// Job: .NET 10.0(IterationTime=250ms)

OverheadJitting  1: 1 op, 157789.00 ns, 157.7890 us/op
WorkloadJitting  1: 1 op, 3456628.00 ns, 3.4566 ms/op

OverheadJitting  2: 16 op, 252388.00 ns, 15.7743 us/op
WorkloadJitting  2: 16 op, 276804.00 ns, 17.3003 us/op

WorkloadPilot    1: 16 op, 72768.00 ns, 4.5480 us/op
WorkloadPilot    2: 54976 op, 166976124.00 ns, 3.0373 us/op
WorkloadPilot    3: 82320 op, 53106116.00 ns, 645.1180 ns/op
WorkloadPilot    4: 387536 op, 132400373.00 ns, 341.6466 ns/op
WorkloadPilot    5: 731760 op, 244766402.00 ns, 334.4900 ns/op
WorkloadPilot    6: 747408 op, 250356983.00 ns, 334.9670 ns/op
WorkloadPilot    7: 746352 op, 244604335.00 ns, 327.7332 ns/op
WorkloadPilot    8: 762816 op, 251709255.00 ns, 329.9737 ns/op
WorkloadPilot    9: 757648 op, 241868262.00 ns, 319.2357 ns/op
WorkloadPilot   10: 783136 op, 250986376.00 ns, 320.4889 ns/op

OverheadWarmup   1: 783136 op, 2146877.00 ns, 2.7414 ns/op
OverheadWarmup   2: 783136 op, 2428380.00 ns, 3.1008 ns/op
OverheadWarmup   3: 783136 op, 2237829.00 ns, 2.8575 ns/op
OverheadWarmup   4: 783136 op, 2179599.00 ns, 2.7832 ns/op
OverheadWarmup   5: 783136 op, 2190680.00 ns, 2.7973 ns/op
OverheadWarmup   6: 783136 op, 2250904.00 ns, 2.8742 ns/op
OverheadWarmup   7: 783136 op, 2170031.00 ns, 2.7710 ns/op

OverheadActual   1: 783136 op, 2160163.00 ns, 2.7583 ns/op
OverheadActual   2: 783136 op, 2160793.00 ns, 2.7592 ns/op
OverheadActual   3: 783136 op, 2171444.00 ns, 2.7728 ns/op
OverheadActual   4: 783136 op, 2149582.00 ns, 2.7448 ns/op
OverheadActual   5: 783136 op, 2142148.00 ns, 2.7353 ns/op
OverheadActual   6: 783136 op, 2160804.00 ns, 2.7592 ns/op
OverheadActual   7: 783136 op, 2169911.00 ns, 2.7708 ns/op
OverheadActual   8: 783136 op, 2151997.00 ns, 2.7479 ns/op
OverheadActual   9: 783136 op, 2159681.00 ns, 2.7577 ns/op
OverheadActual  10: 783136 op, 2169170.00 ns, 2.7699 ns/op
OverheadActual  11: 783136 op, 2181022.00 ns, 2.7850 ns/op
OverheadActual  12: 783136 op, 2145214.00 ns, 2.7393 ns/op
OverheadActual  13: 783136 op, 2159671.00 ns, 2.7577 ns/op
OverheadActual  14: 783136 op, 2140135.00 ns, 2.7328 ns/op
OverheadActual  15: 783136 op, 2205688.00 ns, 2.8165 ns/op

WorkloadWarmup   1: 783136 op, 301815708.00 ns, 385.3937 ns/op
WorkloadWarmup   2: 783136 op, 259577470.00 ns, 331.4590 ns/op
WorkloadWarmup   3: 783136 op, 254863339.00 ns, 325.4394 ns/op
WorkloadWarmup   4: 783136 op, 251734833.00 ns, 321.4446 ns/op
WorkloadWarmup   5: 783136 op, 250434801.00 ns, 319.7846 ns/op
WorkloadWarmup   6: 783136 op, 253881280.00 ns, 324.1854 ns/op
WorkloadWarmup   7: 783136 op, 250573684.00 ns, 319.9619 ns/op
WorkloadWarmup   8: 783136 op, 250294614.00 ns, 319.6056 ns/op
WorkloadWarmup   9: 783136 op, 253494918.00 ns, 323.6921 ns/op
WorkloadWarmup  10: 783136 op, 256427674.00 ns, 327.4370 ns/op
WorkloadWarmup  11: 783136 op, 254627804.00 ns, 325.1387 ns/op

// BeforeActualRun
WorkloadActual   1: 783136 op, 264228942.00 ns, 337.3985 ns/op
WorkloadActual   2: 783136 op, 273963885.00 ns, 349.8293 ns/op
WorkloadActual   3: 783136 op, 277286960.00 ns, 354.0725 ns/op
WorkloadActual   4: 783136 op, 271275111.00 ns, 346.3959 ns/op
WorkloadActual   5: 783136 op, 281819447.00 ns, 359.8602 ns/op
WorkloadActual   6: 783136 op, 283834444.00 ns, 362.4331 ns/op
WorkloadActual   7: 783136 op, 286630350.00 ns, 366.0033 ns/op
WorkloadActual   8: 783136 op, 281833153.00 ns, 359.8777 ns/op
WorkloadActual   9: 783136 op, 267170194.00 ns, 341.1543 ns/op
WorkloadActual  10: 783136 op, 268895943.00 ns, 343.3579 ns/op
WorkloadActual  11: 783136 op, 270961006.00 ns, 345.9948 ns/op
WorkloadActual  12: 783136 op, 271699796.00 ns, 346.9382 ns/op
WorkloadActual  13: 783136 op, 272861006.00 ns, 348.4210 ns/op
WorkloadActual  14: 783136 op, 275901275.00 ns, 352.3031 ns/op
WorkloadActual  15: 783136 op, 279728766.00 ns, 357.1905 ns/op
WorkloadActual  16: 783136 op, 275482592.00 ns, 351.7685 ns/op
WorkloadActual  17: 783136 op, 274737831.00 ns, 350.8175 ns/op
WorkloadActual  18: 783136 op, 259617977.00 ns, 331.5107 ns/op
WorkloadActual  19: 783136 op, 264717518.00 ns, 338.0224 ns/op
WorkloadActual  20: 783136 op, 257139362.00 ns, 328.3457 ns/op
WorkloadActual  21: 783136 op, 259742724.00 ns, 331.6700 ns/op
WorkloadActual  22: 783136 op, 259413350.00 ns, 331.2494 ns/op
WorkloadActual  23: 783136 op, 252314481.00 ns, 322.1848 ns/op
WorkloadActual  24: 783136 op, 260886861.00 ns, 333.1310 ns/op
WorkloadActual  25: 783136 op, 252067954.00 ns, 321.8700 ns/op
WorkloadActual  26: 783136 op, 252308049.00 ns, 322.1765 ns/op
WorkloadActual  27: 783136 op, 253643188.00 ns, 323.8814 ns/op
WorkloadActual  28: 783136 op, 258116933.00 ns, 329.5940 ns/op
WorkloadActual  29: 783136 op, 257236205.00 ns, 328.4694 ns/op
WorkloadActual  30: 783136 op, 259640500.00 ns, 331.5395 ns/op
WorkloadActual  31: 783136 op, 260657106.00 ns, 332.8376 ns/op
WorkloadActual  32: 783136 op, 266887249.00 ns, 340.7930 ns/op
WorkloadActual  33: 783136 op, 259893610.00 ns, 331.8627 ns/op
WorkloadActual  34: 783136 op, 262613102.00 ns, 335.3352 ns/op
WorkloadActual  35: 783136 op, 251184711.00 ns, 320.7421 ns/op
WorkloadActual  36: 783136 op, 249571014.00 ns, 318.6816 ns/op
WorkloadActual  37: 783136 op, 252626362.00 ns, 322.5830 ns/op
WorkloadActual  38: 783136 op, 250113612.00 ns, 319.3744 ns/op
WorkloadActual  39: 783136 op, 259215785.00 ns, 330.9972 ns/op
WorkloadActual  40: 783136 op, 249956535.00 ns, 319.1739 ns/op
WorkloadActual  41: 783136 op, 251154715.00 ns, 320.7038 ns/op
WorkloadActual  42: 783136 op, 250028822.00 ns, 319.2662 ns/op
WorkloadActual  43: 783136 op, 253433712.00 ns, 323.6139 ns/op
WorkloadActual  44: 783136 op, 250833486.00 ns, 320.2936 ns/op
WorkloadActual  45: 783136 op, 252106367.00 ns, 321.9190 ns/op
WorkloadActual  46: 783136 op, 251486883.00 ns, 321.1280 ns/op
WorkloadActual  47: 783136 op, 249376024.00 ns, 318.4326 ns/op
WorkloadActual  48: 783136 op, 249719436.00 ns, 318.8711 ns/op
WorkloadActual  49: 783136 op, 251051950.00 ns, 320.5726 ns/op
WorkloadActual  50: 783136 op, 251446497.00 ns, 321.0764 ns/op
WorkloadActual  51: 783136 op, 253866231.00 ns, 324.1662 ns/op
WorkloadActual  52: 783136 op, 248533379.00 ns, 317.3566 ns/op
WorkloadActual  53: 783136 op, 248974815.00 ns, 317.9203 ns/op
WorkloadActual  54: 783136 op, 251971992.00 ns, 321.7474 ns/op

// AfterActualRun
WorkloadResult   1: 783136 op, 262068779.00 ns, 334.6402 ns/op
WorkloadResult   2: 783136 op, 271803722.00 ns, 347.0709 ns/op
WorkloadResult   3: 783136 op, 275126797.00 ns, 351.3142 ns/op
WorkloadResult   4: 783136 op, 269114948.00 ns, 343.6376 ns/op
WorkloadResult   5: 783136 op, 279659284.00 ns, 357.1018 ns/op
WorkloadResult   6: 783136 op, 281674281.00 ns, 359.6748 ns/op
WorkloadResult   7: 783136 op, 284470187.00 ns, 363.2449 ns/op
WorkloadResult   8: 783136 op, 279672990.00 ns, 357.1193 ns/op
WorkloadResult   9: 783136 op, 265010031.00 ns, 338.3959 ns/op
WorkloadResult  10: 783136 op, 266735780.00 ns, 340.5996 ns/op
WorkloadResult  11: 783136 op, 268800843.00 ns, 343.2365 ns/op
WorkloadResult  12: 783136 op, 269539633.00 ns, 344.1799 ns/op
WorkloadResult  13: 783136 op, 270700843.00 ns, 345.6626 ns/op
WorkloadResult  14: 783136 op, 273741112.00 ns, 349.5448 ns/op
WorkloadResult  15: 783136 op, 277568603.00 ns, 354.4322 ns/op
WorkloadResult  16: 783136 op, 273322429.00 ns, 349.0102 ns/op
WorkloadResult  17: 783136 op, 272577668.00 ns, 348.0592 ns/op
WorkloadResult  18: 783136 op, 257457814.00 ns, 328.7524 ns/op
WorkloadResult  19: 783136 op, 262557355.00 ns, 335.2641 ns/op
WorkloadResult  20: 783136 op, 254979199.00 ns, 325.5874 ns/op
WorkloadResult  21: 783136 op, 257582561.00 ns, 328.9117 ns/op
WorkloadResult  22: 783136 op, 257253187.00 ns, 328.4911 ns/op
WorkloadResult  23: 783136 op, 250154318.00 ns, 319.4264 ns/op
WorkloadResult  24: 783136 op, 258726698.00 ns, 330.3726 ns/op
WorkloadResult  25: 783136 op, 249907791.00 ns, 319.1116 ns/op
WorkloadResult  26: 783136 op, 250147886.00 ns, 319.4182 ns/op
WorkloadResult  27: 783136 op, 251483025.00 ns, 321.1231 ns/op
WorkloadResult  28: 783136 op, 255956770.00 ns, 326.8357 ns/op
WorkloadResult  29: 783136 op, 255076042.00 ns, 325.7110 ns/op
WorkloadResult  30: 783136 op, 257480337.00 ns, 328.7811 ns/op
WorkloadResult  31: 783136 op, 258496943.00 ns, 330.0792 ns/op
WorkloadResult  32: 783136 op, 264727086.00 ns, 338.0346 ns/op
WorkloadResult  33: 783136 op, 257733447.00 ns, 329.1043 ns/op
WorkloadResult  34: 783136 op, 260452939.00 ns, 332.5769 ns/op
WorkloadResult  35: 783136 op, 249024548.00 ns, 317.9838 ns/op
WorkloadResult  36: 783136 op, 247410851.00 ns, 315.9232 ns/op
WorkloadResult  37: 783136 op, 250466199.00 ns, 319.8247 ns/op
WorkloadResult  38: 783136 op, 247953449.00 ns, 316.6161 ns/op
WorkloadResult  39: 783136 op, 257055622.00 ns, 328.2388 ns/op
WorkloadResult  40: 783136 op, 247796372.00 ns, 316.4155 ns/op
WorkloadResult  41: 783136 op, 248994552.00 ns, 317.9455 ns/op
WorkloadResult  42: 783136 op, 247868659.00 ns, 316.5078 ns/op
WorkloadResult  43: 783136 op, 251273549.00 ns, 320.8556 ns/op
WorkloadResult  44: 783136 op, 248673323.00 ns, 317.5353 ns/op
WorkloadResult  45: 783136 op, 249946204.00 ns, 319.1607 ns/op
WorkloadResult  46: 783136 op, 249326720.00 ns, 318.3696 ns/op
WorkloadResult  47: 783136 op, 247215861.00 ns, 315.6742 ns/op
WorkloadResult  48: 783136 op, 247559273.00 ns, 316.1127 ns/op
WorkloadResult  49: 783136 op, 248891787.00 ns, 317.8143 ns/op
WorkloadResult  50: 783136 op, 249286334.00 ns, 318.3181 ns/op
WorkloadResult  51: 783136 op, 251706068.00 ns, 321.4079 ns/op
WorkloadResult  52: 783136 op, 246373216.00 ns, 314.5983 ns/op
WorkloadResult  53: 783136 op, 246814652.00 ns, 315.1619 ns/op
WorkloadResult  54: 783136 op, 249811829.00 ns, 318.9891 ns/op
// GC:  149 0 0 1253017600 783136
// Threading:  0 0 783136

// AfterAll
// Benchmark Process 46995 has exited with code 0.

Mean = 330.703 ns, StdErr = 1.906 ns (0.58%), N = 54, StdDev = 14.005 ns
Min = 314.598 ns, Q1 = 318.524 ns, Median = 328.365 ns, Q3 = 342.577 ns, Max = 363.245 ns
IQR = 24.053 ns, LowerFence = 282.445 ns, UpperFence = 378.656 ns
ConfidenceInterval = [324.063 ns; 337.343 ns] (CI 99.9%), Margin = 6.640 ns (2.01% of Mean)
Skewness = 0.69, Kurtosis = 2.18, MValue = 2.52

// ** Remained 63 (80.8%) benchmark(s) to run. Estimated finish 2026-02-19 8:53 (0h 22m from now) **
// **************************
// Benchmark: Scenario1.S1_CheckOptionStringSuccess_LightResults: .NET 10.0(Runtime=.NET 10.0, IterationTime=250ms) [Iterations=10]
// *** Execute ***
// Launch: 1 / 1
// Execute: dotnet "Enumerations.Options.Benchmarks-.NET 10.0-1.dll" --anonymousPipes 114 116 --benchmarkName "ReillyDigital.Enumerations.Options.Benchmarks.Scenarios.Scenario1.S1_CheckOptionStringSuccess_LightResults(Iterations: 10)" --job ".NET 10.0" --benchmarkId 15 in /media/andrew/Slowverflow/x/devs/reilly-digital/dotnet/enumerations.options.benchmarks/bin/Debug/net10.0/Enumerations.Options.Benchmarks-.NET 10.0-1/bin/Release/net10.0
// Failed to set up high priority (Permission denied). In order to run benchmarks with high priority, make sure you have the right permissions.
// BeforeAnythingElse

// Benchmark Process Environment Information:
// BenchmarkDotNet v0.15.8
// Runtime=.NET 10.0.3 (10.0.3, 10.0.326.7603), X64 RyuJIT x86-64-v3
// GC=Concurrent Workstation
// HardwareIntrinsics=AVX2+BMI1+BMI2+F16C+FMA+LZCNT+MOVBE,AVX,SSE3+SSSE3+SSE4.1+SSE4.2+POPCNT,X86Base+SSE+SSE2,AES+PCLMUL VectorSize=256
// Job: .NET 10.0(IterationTime=250ms)

OverheadJitting  1: 1 op, 156727.00 ns, 156.7270 us/op
WorkloadJitting  1: 1 op, 2900865.00 ns, 2.9009 ms/op

OverheadJitting  2: 16 op, 236398.00 ns, 14.7749 us/op
WorkloadJitting  2: 16 op, 206081.00 ns, 12.8801 us/op

WorkloadPilot    1: 16 op, 3828.00 ns, 239.2500 ns/op
WorkloadPilot    2: 1044944 op, 186992654.00 ns, 178.9499 ns/op
WorkloadPilot    3: 1397040 op, 6723217.00 ns, 4.8125 ns/op
WorkloadPilot    4: 51948352 op, 239080000.00 ns, 4.6023 ns/op
WorkloadPilot    5: 54321104 op, 246532759.00 ns, 4.5384 ns/op
WorkloadPilot    6: 55085088 op, 270340991.00 ns, 4.9077 ns/op
WorkloadPilot    7: 50940384 op, 230769647.00 ns, 4.5302 ns/op
WorkloadPilot    8: 55185328 op, 249958698.00 ns, 4.5294 ns/op
WorkloadPilot    9: 55194448 op, 250934428.00 ns, 4.5464 ns/op
WorkloadPilot   10: 54988928 op, 250917255.00 ns, 4.5631 ns/op

OverheadWarmup   1: 54988928 op, 137194315.00 ns, 2.4949 ns/op
OverheadWarmup   2: 54988928 op, 108986066.00 ns, 1.9820 ns/op
OverheadWarmup   3: 54988928 op, 83345843.00 ns, 1.5157 ns/op
OverheadWarmup   4: 54988928 op, 83358627.00 ns, 1.5159 ns/op
OverheadWarmup   5: 54988928 op, 83471671.00 ns, 1.5180 ns/op
OverheadWarmup   6: 54988928 op, 83576199.00 ns, 1.5199 ns/op
OverheadWarmup   7: 54988928 op, 83764135.00 ns, 1.5233 ns/op
OverheadWarmup   8: 54988928 op, 83728227.00 ns, 1.5226 ns/op
OverheadWarmup   9: 54988928 op, 83596046.00 ns, 1.5202 ns/op
OverheadWarmup  10: 54988928 op, 83742013.00 ns, 1.5229 ns/op

OverheadActual   1: 54988928 op, 83661621.00 ns, 1.5214 ns/op
OverheadActual   2: 54988928 op, 83867731.00 ns, 1.5252 ns/op
OverheadActual   3: 54988928 op, 83541504.00 ns, 1.5192 ns/op
OverheadActual   4: 54988928 op, 83682730.00 ns, 1.5218 ns/op
OverheadActual   5: 54988928 op, 83545021.00 ns, 1.5193 ns/op
OverheadActual   6: 54988928 op, 83634199.00 ns, 1.5209 ns/op
OverheadActual   7: 54988928 op, 83605765.00 ns, 1.5204 ns/op
OverheadActual   8: 54988928 op, 83607088.00 ns, 1.5204 ns/op
OverheadActual   9: 54988928 op, 83755859.00 ns, 1.5231 ns/op
OverheadActual  10: 54988928 op, 84129277.00 ns, 1.5299 ns/op
OverheadActual  11: 54988928 op, 84662257.00 ns, 1.5396 ns/op
OverheadActual  12: 54988928 op, 83794512.00 ns, 1.5238 ns/op
OverheadActual  13: 54988928 op, 85138619.00 ns, 1.5483 ns/op
OverheadActual  14: 54988928 op, 83790024.00 ns, 1.5238 ns/op
OverheadActual  15: 54988928 op, 84159514.00 ns, 1.5305 ns/op

WorkloadWarmup   1: 54988928 op, 251990077.00 ns, 4.5826 ns/op
WorkloadWarmup   2: 54988928 op, 251137452.00 ns, 4.5671 ns/op
WorkloadWarmup   3: 54988928 op, 251533301.00 ns, 4.5743 ns/op
WorkloadWarmup   4: 54988928 op, 250998990.00 ns, 4.5645 ns/op
WorkloadWarmup   5: 54988928 op, 248849196.00 ns, 4.5254 ns/op
WorkloadWarmup   6: 54988928 op, 246212141.00 ns, 4.4775 ns/op
WorkloadWarmup   7: 54988928 op, 250860396.00 ns, 4.5620 ns/op
WorkloadWarmup   8: 54988928 op, 250113272.00 ns, 4.5484 ns/op

// BeforeActualRun
WorkloadActual   1: 54988928 op, 248676409.00 ns, 4.5223 ns/op
WorkloadActual   2: 54988928 op, 249796702.00 ns, 4.5427 ns/op
WorkloadActual   3: 54988928 op, 252067143.00 ns, 4.5840 ns/op
WorkloadActual   4: 54988928 op, 249966262.00 ns, 4.5458 ns/op
WorkloadActual   5: 54988928 op, 248175600.00 ns, 4.5132 ns/op
WorkloadActual   6: 54988928 op, 251073792.00 ns, 4.5659 ns/op
WorkloadActual   7: 54988928 op, 253476933.00 ns, 4.6096 ns/op
WorkloadActual   8: 54988928 op, 253708883.00 ns, 4.6138 ns/op
WorkloadActual   9: 54988928 op, 244713923.00 ns, 4.4502 ns/op
WorkloadActual  10: 54988928 op, 246932426.00 ns, 4.4906 ns/op
WorkloadActual  11: 54988928 op, 240224859.00 ns, 4.3686 ns/op
WorkloadActual  12: 54988928 op, 246028753.00 ns, 4.4742 ns/op
WorkloadActual  13: 54988928 op, 242305450.00 ns, 4.4064 ns/op
WorkloadActual  14: 54988928 op, 253164431.00 ns, 4.6039 ns/op
WorkloadActual  15: 54988928 op, 252190197.00 ns, 4.5862 ns/op

// AfterActualRun
WorkloadResult   1: 54988928 op, 164920550.00 ns, 2.9992 ns/op
WorkloadResult   2: 54988928 op, 166040843.00 ns, 3.0195 ns/op
WorkloadResult   3: 54988928 op, 168311284.00 ns, 3.0608 ns/op
WorkloadResult   4: 54988928 op, 166210403.00 ns, 3.0226 ns/op
WorkloadResult   5: 54988928 op, 164419741.00 ns, 2.9901 ns/op
WorkloadResult   6: 54988928 op, 167317933.00 ns, 3.0428 ns/op
WorkloadResult   7: 54988928 op, 169721074.00 ns, 3.0865 ns/op
WorkloadResult   8: 54988928 op, 169953024.00 ns, 3.0907 ns/op
WorkloadResult   9: 54988928 op, 160958064.00 ns, 2.9271 ns/op
WorkloadResult  10: 54988928 op, 163176567.00 ns, 2.9674 ns/op
WorkloadResult  11: 54988928 op, 156469000.00 ns, 2.8455 ns/op
WorkloadResult  12: 54988928 op, 162272894.00 ns, 2.9510 ns/op
WorkloadResult  13: 54988928 op, 158549591.00 ns, 2.8833 ns/op
WorkloadResult  14: 54988928 op, 169408572.00 ns, 3.0808 ns/op
WorkloadResult  15: 54988928 op, 168434338.00 ns, 3.0631 ns/op
// GC:  0 0 0 0 54988928
// Threading:  0 0 54988928

// AfterAll
// Benchmark Process 47099 has exited with code 0.

Mean = 3.002 ns, StdErr = 0.019 ns (0.65%), N = 15, StdDev = 0.075 ns
Min = 2.845 ns, Q1 = 2.959 ns, Median = 3.020 ns, Q3 = 3.062 ns, Max = 3.091 ns
IQR = 0.103 ns, LowerFence = 2.805 ns, UpperFence = 3.216 ns
ConfidenceInterval = [2.922 ns; 3.082 ns] (CI 99.9%), Margin = 0.080 ns (2.67% of Mean)
Skewness = -0.6, Kurtosis = 2.14, MValue = 2

// ** Remained 62 (79.5%) benchmark(s) to run. Estimated finish 2026-02-19 8:53 (0h 21m from now) **
// **************************
// Benchmark: Scenario1.S1_CheckOptionStringSuccess_Rascal: .NET 10.0(Runtime=.NET 10.0, IterationTime=250ms) [Iterations=10]
// *** Execute ***
// Launch: 1 / 1
// Execute: dotnet "Enumerations.Options.Benchmarks-.NET 10.0-1.dll" --anonymousPipes 114 116 --benchmarkName "ReillyDigital.Enumerations.Options.Benchmarks.Scenarios.Scenario1.S1_CheckOptionStringSuccess_Rascal(Iterations: 10)" --job ".NET 10.0" --benchmarkId 16 in /media/andrew/Slowverflow/x/devs/reilly-digital/dotnet/enumerations.options.benchmarks/bin/Debug/net10.0/Enumerations.Options.Benchmarks-.NET 10.0-1/bin/Release/net10.0
// Failed to set up high priority (Permission denied). In order to run benchmarks with high priority, make sure you have the right permissions.
// BeforeAnythingElse

// Benchmark Process Environment Information:
// BenchmarkDotNet v0.15.8
// Runtime=.NET 10.0.3 (10.0.3, 10.0.326.7603), X64 RyuJIT x86-64-v3
// GC=Concurrent Workstation
// HardwareIntrinsics=AVX2+BMI1+BMI2+F16C+FMA+LZCNT+MOVBE,AVX,SSE3+SSSE3+SSE4.1+SSE4.2+POPCNT,X86Base+SSE+SSE2,AES+PCLMUL VectorSize=256
// Job: .NET 10.0(IterationTime=250ms)

OverheadJitting  1: 1 op, 163721.00 ns, 163.7210 us/op
WorkloadJitting  1: 1 op, 2308202.00 ns, 2.3082 ms/op

OverheadJitting  2: 16 op, 254582.00 ns, 15.9114 us/op
WorkloadJitting  2: 16 op, 238662.00 ns, 14.9164 us/op

WorkloadPilot    1: 16 op, 3506.00 ns, 219.1250 ns/op
WorkloadPilot    2: 1140912 op, 179071638.00 ns, 156.9548 ns/op
WorkloadPilot    3: 1592816 op, 6820952.00 ns, 4.2823 ns/op
WorkloadPilot    4: 58379536 op, 254808526.00 ns, 4.3647 ns/op
WorkloadPilot    5: 57277856 op, 245220603.00 ns, 4.2812 ns/op
WorkloadPilot    6: 58394224 op, 246492923.00 ns, 4.2212 ns/op
WorkloadPilot    7: 59225056 op, 267601401.00 ns, 4.5184 ns/op
WorkloadPilot    8: 55329552 op, 298657385.00 ns, 5.3978 ns/op

OverheadWarmup   1: 55329552 op, 143694810.00 ns, 2.5971 ns/op
OverheadWarmup   2: 55329552 op, 112948303.00 ns, 2.0414 ns/op
OverheadWarmup   3: 55329552 op, 104224235.00 ns, 1.8837 ns/op
OverheadWarmup   4: 55329552 op, 88171204.00 ns, 1.5936 ns/op
OverheadWarmup   5: 55329552 op, 87575235.00 ns, 1.5828 ns/op
OverheadWarmup   6: 55329552 op, 84542530.00 ns, 1.5280 ns/op
OverheadWarmup   7: 55329552 op, 83596487.00 ns, 1.5109 ns/op
OverheadWarmup   8: 55329552 op, 83226847.00 ns, 1.5042 ns/op
OverheadWarmup   9: 55329552 op, 85381920.00 ns, 1.5432 ns/op
OverheadWarmup  10: 55329552 op, 84539684.00 ns, 1.5279 ns/op

OverheadActual   1: 55329552 op, 84349855.00 ns, 1.5245 ns/op
OverheadActual   2: 55329552 op, 84523343.00 ns, 1.5276 ns/op
OverheadActual   3: 55329552 op, 83545010.00 ns, 1.5100 ns/op
OverheadActual   4: 55329552 op, 83566591.00 ns, 1.5103 ns/op
OverheadActual   5: 55329552 op, 83567683.00 ns, 1.5104 ns/op
OverheadActual   6: 55329552 op, 83441654.00 ns, 1.5081 ns/op
OverheadActual   7: 55329552 op, 85155721.00 ns, 1.5391 ns/op
OverheadActual   8: 55329552 op, 83627316.00 ns, 1.5114 ns/op
OverheadActual   9: 55329552 op, 83499404.00 ns, 1.5091 ns/op
OverheadActual  10: 55329552 op, 83614281.00 ns, 1.5112 ns/op
OverheadActual  11: 55329552 op, 83543658.00 ns, 1.5099 ns/op
OverheadActual  12: 55329552 op, 86190532.00 ns, 1.5578 ns/op
OverheadActual  13: 55329552 op, 84487626.00 ns, 1.5270 ns/op
OverheadActual  14: 55329552 op, 84984758.00 ns, 1.5360 ns/op
OverheadActual  15: 55329552 op, 84164924.00 ns, 1.5212 ns/op

WorkloadWarmup   1: 55329552 op, 235313825.00 ns, 4.2530 ns/op
WorkloadWarmup   2: 55329552 op, 235832217.00 ns, 4.2623 ns/op
WorkloadWarmup   3: 55329552 op, 239138210.00 ns, 4.3221 ns/op
WorkloadWarmup   4: 55329552 op, 256574672.00 ns, 4.6372 ns/op
WorkloadWarmup   5: 55329552 op, 260647889.00 ns, 4.7108 ns/op
WorkloadWarmup   6: 55329552 op, 246028714.00 ns, 4.4466 ns/op
WorkloadWarmup   7: 55329552 op, 244260083.00 ns, 4.4146 ns/op
WorkloadWarmup   8: 55329552 op, 260862135.00 ns, 4.7147 ns/op
WorkloadWarmup   9: 55329552 op, 240907352.00 ns, 4.3540 ns/op

// BeforeActualRun
WorkloadActual   1: 55329552 op, 235544863.00 ns, 4.2571 ns/op
WorkloadActual   2: 55329552 op, 240149506.00 ns, 4.3403 ns/op
WorkloadActual   3: 55329552 op, 241666189.00 ns, 4.3678 ns/op
WorkloadActual   4: 55329552 op, 295678261.00 ns, 5.3439 ns/op
WorkloadActual   5: 55329552 op, 258835445.00 ns, 4.6781 ns/op
WorkloadActual   6: 55329552 op, 273715645.00 ns, 4.9470 ns/op
WorkloadActual   7: 55329552 op, 244709164.00 ns, 4.4228 ns/op
WorkloadActual   8: 55329552 op, 245291577.00 ns, 4.4333 ns/op
WorkloadActual   9: 55329552 op, 239749548.00 ns, 4.3331 ns/op
WorkloadActual  10: 55329552 op, 238634656.00 ns, 4.3130 ns/op
WorkloadActual  11: 55329552 op, 234935548.00 ns, 4.2461 ns/op
WorkloadActual  12: 55329552 op, 239551102.00 ns, 4.3295 ns/op
WorkloadActual  13: 55329552 op, 236581005.00 ns, 4.2759 ns/op
WorkloadActual  14: 55329552 op, 234741721.00 ns, 4.2426 ns/op
WorkloadActual  15: 55329552 op, 235727228.00 ns, 4.2604 ns/op
WorkloadActual  16: 55329552 op, 235889736.00 ns, 4.2634 ns/op

// AfterActualRun
WorkloadResult   1: 55329552 op, 151917547.00 ns, 2.7457 ns/op
WorkloadResult   2: 55329552 op, 156522190.00 ns, 2.8289 ns/op
WorkloadResult   3: 55329552 op, 158038873.00 ns, 2.8563 ns/op
WorkloadResult   4: 55329552 op, 161081848.00 ns, 2.9113 ns/op
WorkloadResult   5: 55329552 op, 161664261.00 ns, 2.9218 ns/op
WorkloadResult   6: 55329552 op, 156122232.00 ns, 2.8217 ns/op
WorkloadResult   7: 55329552 op, 155007340.00 ns, 2.8015 ns/op
WorkloadResult   8: 55329552 op, 151308232.00 ns, 2.7347 ns/op
WorkloadResult   9: 55329552 op, 155923786.00 ns, 2.8181 ns/op
WorkloadResult  10: 55329552 op, 152953689.00 ns, 2.7644 ns/op
WorkloadResult  11: 55329552 op, 151114405.00 ns, 2.7312 ns/op
WorkloadResult  12: 55329552 op, 152099912.00 ns, 2.7490 ns/op
WorkloadResult  13: 55329552 op, 152262420.00 ns, 2.7519 ns/op
// GC:  0 0 0 0 55329552
// Threading:  0 0 55329552

// AfterAll
// Benchmark Process 47157 has exited with code 0.

Mean = 2.803 ns, StdErr = 0.018 ns (0.64%), N = 13, StdDev = 0.065 ns
Min = 2.731 ns, Q1 = 2.749 ns, Median = 2.802 ns, Q3 = 2.829 ns, Max = 2.922 ns
IQR = 0.080 ns, LowerFence = 2.629 ns, UpperFence = 2.949 ns
ConfidenceInterval = [2.725 ns; 2.880 ns] (CI 99.9%), Margin = 0.077 ns (2.76% of Mean)
Skewness = 0.55, Kurtosis = 1.87, MValue = 2

// ** Remained 61 (78.2%) benchmark(s) to run. Estimated finish 2026-02-19 8:52 (0h 20m from now) **
// **************************
// Benchmark: Scenario1.S1_CheckOptionStringSuccess_SimpleResults: .NET 10.0(Runtime=.NET 10.0, IterationTime=250ms) [Iterations=10]
// *** Execute ***
// Launch: 1 / 1
// Execute: dotnet "Enumerations.Options.Benchmarks-.NET 10.0-1.dll" --anonymousPipes 114 116 --benchmarkName "ReillyDigital.Enumerations.Options.Benchmarks.Scenarios.Scenario1.S1_CheckOptionStringSuccess_SimpleResults(Iterations: 10)" --job ".NET 10.0" --benchmarkId 17 in /media/andrew/Slowverflow/x/devs/reilly-digital/dotnet/enumerations.options.benchmarks/bin/Debug/net10.0/Enumerations.Options.Benchmarks-.NET 10.0-1/bin/Release/net10.0
// Failed to set up high priority (Permission denied). In order to run benchmarks with high priority, make sure you have the right permissions.
// BeforeAnythingElse

// Benchmark Process Environment Information:
// BenchmarkDotNet v0.15.8
// Runtime=.NET 10.0.3 (10.0.3, 10.0.326.7603), X64 RyuJIT x86-64-v3
// GC=Concurrent Workstation
// HardwareIntrinsics=AVX2+BMI1+BMI2+F16C+FMA+LZCNT+MOVBE,AVX,SSE3+SSSE3+SSE4.1+SSE4.2+POPCNT,X86Base+SSE+SSE2,AES+PCLMUL VectorSize=256
// Job: .NET 10.0(IterationTime=250ms)

OverheadJitting  1: 1 op, 185581.00 ns, 185.5810 us/op
WorkloadJitting  1: 1 op, 7578056.00 ns, 7.5781 ms/op

OverheadJitting  2: 16 op, 226960.00 ns, 14.1850 us/op
WorkloadJitting  2: 16 op, 288747.00 ns, 18.0467 us/op

WorkloadPilot    1: 16 op, 73119.00 ns, 4.5699 us/op
WorkloadPilot    2: 54720 op, 190933940.00 ns, 3.4893 us/op
WorkloadPilot    3: 71648 op, 72566131.00 ns, 1.0128 us/op
WorkloadPilot    4: 246848 op, 215970991.00 ns, 874.9149 ns/op
WorkloadPilot    5: 285744 op, 256843592.00 ns, 898.8591 ns/op
WorkloadPilot    6: 278144 op, 249583458.00 ns, 897.3174 ns/op
WorkloadPilot    7: 278608 op, 235309306.00 ns, 844.5892 ns/op
WorkloadPilot    8: 296016 op, 248674676.00 ns, 840.0717 ns/op
WorkloadPilot    9: 297600 op, 249748280.00 ns, 839.2079 ns/op
WorkloadPilot   10: 297904 op, 254848462.00 ns, 855.4718 ns/op
WorkloadPilot   11: 292240 op, 250609792.00 ns, 857.5479 ns/op

OverheadWarmup   1: 292240 op, 815255.00 ns, 2.7897 ns/op
OverheadWarmup   2: 292240 op, 816627.00 ns, 2.7944 ns/op
OverheadWarmup   3: 292240 op, 820264.00 ns, 2.8068 ns/op
OverheadWarmup   4: 292240 op, 809102.00 ns, 2.7686 ns/op
OverheadWarmup   5: 292240 op, 923890.00 ns, 3.1614 ns/op
OverheadWarmup   6: 292240 op, 977512.00 ns, 3.3449 ns/op
OverheadWarmup   7: 292240 op, 874146.00 ns, 2.9912 ns/op

OverheadActual   1: 292240 op, 877312.00 ns, 3.0020 ns/op
OverheadActual   2: 292240 op, 822979.00 ns, 2.8161 ns/op
OverheadActual   3: 292240 op, 805987.00 ns, 2.7580 ns/op
OverheadActual   4: 292240 op, 808071.00 ns, 2.7651 ns/op
OverheadActual   5: 292240 op, 816467.00 ns, 2.7938 ns/op
OverheadActual   6: 292240 op, 813611.00 ns, 2.7841 ns/op
OverheadActual   7: 292240 op, 812198.00 ns, 2.7792 ns/op
OverheadActual   8: 292240 op, 808271.00 ns, 2.7658 ns/op
OverheadActual   9: 292240 op, 828239.00 ns, 2.8341 ns/op
OverheadActual  10: 292240 op, 809865.00 ns, 2.7712 ns/op
OverheadActual  11: 292240 op, 798874.00 ns, 2.7336 ns/op
OverheadActual  12: 292240 op, 807510.00 ns, 2.7632 ns/op
OverheadActual  13: 292240 op, 821927.00 ns, 2.8125 ns/op
OverheadActual  14: 292240 op, 806598.00 ns, 2.7601 ns/op
OverheadActual  15: 292240 op, 808903.00 ns, 2.7679 ns/op

WorkloadWarmup   1: 292240 op, 251532460.00 ns, 860.7051 ns/op
WorkloadWarmup   2: 292240 op, 254157073.00 ns, 869.6861 ns/op
WorkloadWarmup   3: 292240 op, 260403516.00 ns, 891.0605 ns/op
WorkloadWarmup   4: 292240 op, 242071767.00 ns, 828.3321 ns/op
WorkloadWarmup   5: 292240 op, 244964207.00 ns, 838.2296 ns/op
WorkloadWarmup   6: 292240 op, 242481884.00 ns, 829.7354 ns/op

// BeforeActualRun
WorkloadActual   1: 292240 op, 270058847.00 ns, 924.0995 ns/op
WorkloadActual   2: 292240 op, 268599442.00 ns, 919.1057 ns/op
WorkloadActual   3: 292240 op, 253913992.00 ns, 868.8543 ns/op
WorkloadActual   4: 292240 op, 253380271.00 ns, 867.0280 ns/op
WorkloadActual   5: 292240 op, 253260093.00 ns, 866.6168 ns/op
WorkloadActual   6: 292240 op, 252412648.00 ns, 863.7170 ns/op
WorkloadActual   7: 292240 op, 254612355.00 ns, 871.2440 ns/op
WorkloadActual   8: 292240 op, 257537275.00 ns, 881.2527 ns/op
WorkloadActual   9: 292240 op, 254585704.00 ns, 871.1528 ns/op
WorkloadActual  10: 292240 op, 256664663.00 ns, 878.2667 ns/op
WorkloadActual  11: 292240 op, 262872703.00 ns, 899.5097 ns/op
WorkloadActual  12: 292240 op, 254815640.00 ns, 871.9396 ns/op
WorkloadActual  13: 292240 op, 250419993.00 ns, 856.8984 ns/op
WorkloadActual  14: 292240 op, 246941002.00 ns, 844.9938 ns/op
WorkloadActual  15: 292240 op, 244795897.00 ns, 837.6536 ns/op
WorkloadActual  16: 292240 op, 243636221.00 ns, 833.6854 ns/op
WorkloadActual  17: 292240 op, 246426206.00 ns, 843.2323 ns/op
WorkloadActual  18: 292240 op, 238975031.00 ns, 817.7355 ns/op
WorkloadActual  19: 292240 op, 236191588.00 ns, 808.2110 ns/op
WorkloadActual  20: 292240 op, 235173550.00 ns, 804.7275 ns/op
WorkloadActual  21: 292240 op, 234451561.00 ns, 802.2569 ns/op
WorkloadActual  22: 292240 op, 237458237.00 ns, 812.5453 ns/op
WorkloadActual  23: 292240 op, 237124755.00 ns, 811.4042 ns/op
WorkloadActual  24: 292240 op, 237593965.00 ns, 813.0097 ns/op
WorkloadActual  25: 292240 op, 246724992.00 ns, 844.2547 ns/op
WorkloadActual  26: 292240 op, 270712656.00 ns, 926.3368 ns/op
WorkloadActual  27: 292240 op, 246512159.00 ns, 843.5264 ns/op
WorkloadActual  28: 292240 op, 256312866.00 ns, 877.0629 ns/op
WorkloadActual  29: 292240 op, 255406890.00 ns, 873.9628 ns/op
WorkloadActual  30: 292240 op, 276233785.00 ns, 945.2292 ns/op
WorkloadActual  31: 292240 op, 271813331.00 ns, 930.1031 ns/op
WorkloadActual  32: 292240 op, 291186722.00 ns, 996.3958 ns/op
WorkloadActual  33: 292240 op, 252456140.00 ns, 863.8658 ns/op
WorkloadActual  34: 292240 op, 261092120.00 ns, 893.4168 ns/op
WorkloadActual  35: 292240 op, 275957422.00 ns, 944.2835 ns/op
WorkloadActual  36: 292240 op, 268619229.00 ns, 919.1734 ns/op
WorkloadActual  37: 292240 op, 297967458.00 ns, 1.0196 us/op
WorkloadActual  38: 292240 op, 282100950.00 ns, 965.3057 ns/op
WorkloadActual  39: 292240 op, 271170913.00 ns, 927.9048 ns/op
WorkloadActual  40: 292240 op, 259595635.00 ns, 888.2960 ns/op
WorkloadActual  41: 292240 op, 255276933.00 ns, 873.5181 ns/op
WorkloadActual  42: 292240 op, 256191556.00 ns, 876.6478 ns/op
WorkloadActual  43: 292240 op, 250667111.00 ns, 857.7440 ns/op
WorkloadActual  44: 292240 op, 256631109.00 ns, 878.1519 ns/op
WorkloadActual  45: 292240 op, 249055889.00 ns, 852.2307 ns/op
WorkloadActual  46: 292240 op, 257087504.00 ns, 879.7136 ns/op
WorkloadActual  47: 292240 op, 271078268.00 ns, 927.5878 ns/op
WorkloadActual  48: 292240 op, 291892940.00 ns, 998.8124 ns/op
WorkloadActual  49: 292240 op, 276010001.00 ns, 944.4635 ns/op
WorkloadActual  50: 292240 op, 293220354.00 ns, 1.0034 us/op
WorkloadActual  51: 292240 op, 273828147.00 ns, 936.9975 ns/op
WorkloadActual  52: 292240 op, 268558003.00 ns, 918.9639 ns/op
WorkloadActual  53: 292240 op, 267242611.00 ns, 914.4628 ns/op
WorkloadActual  54: 292240 op, 254648713.00 ns, 871.3684 ns/op
WorkloadActual  55: 292240 op, 244001113.00 ns, 834.9340 ns/op
WorkloadActual  56: 292240 op, 244365823.00 ns, 836.1820 ns/op
WorkloadActual  57: 292240 op, 249021614.00 ns, 852.1134 ns/op
WorkloadActual  58: 292240 op, 243086590.00 ns, 831.8046 ns/op
WorkloadActual  59: 292240 op, 238799629.00 ns, 817.1353 ns/op
WorkloadActual  60: 292240 op, 252582549.00 ns, 864.2983 ns/op
WorkloadActual  61: 292240 op, 254465727.00 ns, 870.7423 ns/op
WorkloadActual  62: 292240 op, 267694207.00 ns, 916.0081 ns/op
WorkloadActual  63: 292240 op, 263035701.00 ns, 900.0674 ns/op
WorkloadActual  64: 292240 op, 251689848.00 ns, 861.2437 ns/op
WorkloadActual  65: 292240 op, 250852181.00 ns, 858.3773 ns/op
WorkloadActual  66: 292240 op, 247171558.00 ns, 845.7828 ns/op
WorkloadActual  67: 292240 op, 251030459.00 ns, 858.9873 ns/op
WorkloadActual  68: 292240 op, 245964081.00 ns, 841.6510 ns/op
WorkloadActual  69: 292240 op, 246066736.00 ns, 842.0022 ns/op
WorkloadActual  70: 292240 op, 255459750.00 ns, 874.1437 ns/op
WorkloadActual  71: 292240 op, 248945349.00 ns, 851.8524 ns/op
WorkloadActual  72: 292240 op, 255358237.00 ns, 873.7963 ns/op
WorkloadActual  73: 292240 op, 251427501.00 ns, 860.3460 ns/op
WorkloadActual  74: 292240 op, 243984481.00 ns, 834.8771 ns/op
WorkloadActual  75: 292240 op, 241488653.00 ns, 826.3368 ns/op
WorkloadActual  76: 292240 op, 245542282.00 ns, 840.2076 ns/op

// AfterActualRun
WorkloadResult   1: 292240 op, 269248982.00 ns, 921.3283 ns/op
WorkloadResult   2: 292240 op, 267789577.00 ns, 916.3344 ns/op
WorkloadResult   3: 292240 op, 253104127.00 ns, 866.0831 ns/op
WorkloadResult   4: 292240 op, 252570406.00 ns, 864.2568 ns/op
WorkloadResult   5: 292240 op, 252450228.00 ns, 863.8456 ns/op
WorkloadResult   6: 292240 op, 251602783.00 ns, 860.9457 ns/op
WorkloadResult   7: 292240 op, 253802490.00 ns, 868.4728 ns/op
WorkloadResult   8: 292240 op, 256727410.00 ns, 878.4814 ns/op
WorkloadResult   9: 292240 op, 253775839.00 ns, 868.3816 ns/op
WorkloadResult  10: 292240 op, 255854798.00 ns, 875.4955 ns/op
WorkloadResult  11: 292240 op, 262062838.00 ns, 896.7384 ns/op
WorkloadResult  12: 292240 op, 254005775.00 ns, 869.1684 ns/op
WorkloadResult  13: 292240 op, 249610128.00 ns, 854.1272 ns/op
WorkloadResult  14: 292240 op, 246131137.00 ns, 842.2226 ns/op
WorkloadResult  15: 292240 op, 243986032.00 ns, 834.8824 ns/op
WorkloadResult  16: 292240 op, 242826356.00 ns, 830.9142 ns/op
WorkloadResult  17: 292240 op, 245616341.00 ns, 840.4611 ns/op
WorkloadResult  18: 292240 op, 238165166.00 ns, 814.9643 ns/op
WorkloadResult  19: 292240 op, 235381723.00 ns, 805.4398 ns/op
WorkloadResult  20: 292240 op, 234363685.00 ns, 801.9562 ns/op
WorkloadResult  21: 292240 op, 233641696.00 ns, 799.4857 ns/op
WorkloadResult  22: 292240 op, 236648372.00 ns, 809.7741 ns/op
WorkloadResult  23: 292240 op, 236314890.00 ns, 808.6329 ns/op
WorkloadResult  24: 292240 op, 236784100.00 ns, 810.2385 ns/op
WorkloadResult  25: 292240 op, 245915127.00 ns, 841.4835 ns/op
WorkloadResult  26: 292240 op, 269902791.00 ns, 923.5655 ns/op
WorkloadResult  27: 292240 op, 245702294.00 ns, 840.7552 ns/op
WorkloadResult  28: 292240 op, 255503001.00 ns, 874.2917 ns/op
WorkloadResult  29: 292240 op, 254597025.00 ns, 871.1916 ns/op
WorkloadResult  30: 292240 op, 275423920.00 ns, 942.4580 ns/op
WorkloadResult  31: 292240 op, 271003466.00 ns, 927.3319 ns/op
WorkloadResult  32: 292240 op, 251646275.00 ns, 861.0946 ns/op
WorkloadResult  33: 292240 op, 260282255.00 ns, 890.6455 ns/op
WorkloadResult  34: 292240 op, 275147557.00 ns, 941.5123 ns/op
WorkloadResult  35: 292240 op, 267809364.00 ns, 916.4021 ns/op
WorkloadResult  36: 292240 op, 281291085.00 ns, 962.5345 ns/op
WorkloadResult  37: 292240 op, 270361048.00 ns, 925.1336 ns/op
WorkloadResult  38: 292240 op, 258785770.00 ns, 885.5248 ns/op
WorkloadResult  39: 292240 op, 254467068.00 ns, 870.7469 ns/op
WorkloadResult  40: 292240 op, 255381691.00 ns, 873.8766 ns/op
WorkloadResult  41: 292240 op, 249857246.00 ns, 854.9728 ns/op
WorkloadResult  42: 292240 op, 255821244.00 ns, 875.3807 ns/op
WorkloadResult  43: 292240 op, 248246024.00 ns, 849.4594 ns/op
WorkloadResult  44: 292240 op, 256277639.00 ns, 876.9424 ns/op
WorkloadResult  45: 292240 op, 270268403.00 ns, 924.8166 ns/op
WorkloadResult  46: 292240 op, 275200136.00 ns, 941.6922 ns/op
WorkloadResult  47: 292240 op, 273018282.00 ns, 934.2263 ns/op
WorkloadResult  48: 292240 op, 267748138.00 ns, 916.1926 ns/op
WorkloadResult  49: 292240 op, 266432746.00 ns, 911.6916 ns/op
WorkloadResult  50: 292240 op, 253838848.00 ns, 868.5972 ns/op
WorkloadResult  51: 292240 op, 243191248.00 ns, 832.1628 ns/op
WorkloadResult  52: 292240 op, 243555958.00 ns, 833.4108 ns/op
WorkloadResult  53: 292240 op, 248211749.00 ns, 849.3421 ns/op
WorkloadResult  54: 292240 op, 242276725.00 ns, 829.0334 ns/op
WorkloadResult  55: 292240 op, 237989764.00 ns, 814.3641 ns/op
WorkloadResult  56: 292240 op, 251772684.00 ns, 861.5271 ns/op
WorkloadResult  57: 292240 op, 253655862.00 ns, 867.9711 ns/op
WorkloadResult  58: 292240 op, 266884342.00 ns, 913.2369 ns/op
WorkloadResult  59: 292240 op, 262225836.00 ns, 897.2962 ns/op
WorkloadResult  60: 292240 op, 250879983.00 ns, 858.4724 ns/op
WorkloadResult  61: 292240 op, 250042316.00 ns, 855.6061 ns/op
WorkloadResult  62: 292240 op, 246361693.00 ns, 843.0115 ns/op
WorkloadResult  63: 292240 op, 250220594.00 ns, 856.2161 ns/op
WorkloadResult  64: 292240 op, 245154216.00 ns, 838.8797 ns/op
WorkloadResult  65: 292240 op, 245256871.00 ns, 839.2310 ns/op
WorkloadResult  66: 292240 op, 254649885.00 ns, 871.3725 ns/op
WorkloadResult  67: 292240 op, 248135484.00 ns, 849.0812 ns/op
WorkloadResult  68: 292240 op, 254548372.00 ns, 871.0251 ns/op
WorkloadResult  69: 292240 op, 250617636.00 ns, 857.5747 ns/op
WorkloadResult  70: 292240 op, 243174616.00 ns, 832.1059 ns/op
WorkloadResult  71: 292240 op, 240678788.00 ns, 823.5655 ns/op
WorkloadResult  72: 292240 op, 244732417.00 ns, 837.4364 ns/op
// GC:  30 0 0 257171200 292240
// Threading:  0 0 292240

// AfterAll
// Benchmark Process 47279 has exited with code 0.

Mean = 867.182 ns, StdErr = 4.560 ns (0.53%), N = 72, StdDev = 38.693 ns
Min = 799.486 ns, Q1 = 840.154 ns, Median = 864.051 ns, Q3 = 886.805 ns, Max = 962.535 ns
IQR = 46.651 ns, LowerFence = 770.176 ns, UpperFence = 956.782 ns
ConfidenceInterval = [851.527 ns; 882.836 ns] (CI 99.9%), Margin = 15.654 ns (1.81% of Mean)
Skewness = 0.42, Kurtosis = 2.47, MValue = 2.62

// ** Remained 60 (76.9%) benchmark(s) to run. Estimated finish 2026-02-19 8:52 (0h 20m from now) **
// **************************
// Benchmark: Scenario1.S1_CheckVoidErrorNoMessage_ArdalisResult: .NET 10.0(Runtime=.NET 10.0, IterationTime=250ms) [Iterations=10]
// *** Execute ***
// Launch: 1 / 1
// Execute: dotnet "Enumerations.Options.Benchmarks-.NET 10.0-1.dll" --anonymousPipes 114 116 --benchmarkName "ReillyDigital.Enumerations.Options.Benchmarks.Scenarios.Scenario1.S1_CheckVoidErrorNoMessage_ArdalisResult(Iterations: 10)" --job ".NET 10.0" --benchmarkId 18 in /media/andrew/Slowverflow/x/devs/reilly-digital/dotnet/enumerations.options.benchmarks/bin/Debug/net10.0/Enumerations.Options.Benchmarks-.NET 10.0-1/bin/Release/net10.0
// Failed to set up high priority (Permission denied). In order to run benchmarks with high priority, make sure you have the right permissions.
// BeforeAnythingElse

// Benchmark Process Environment Information:
// BenchmarkDotNet v0.15.8
// Runtime=.NET 10.0.3 (10.0.3, 10.0.326.7603), X64 RyuJIT x86-64-v3
// GC=Concurrent Workstation
// HardwareIntrinsics=AVX2+BMI1+BMI2+F16C+FMA+LZCNT+MOVBE,AVX,SSE3+SSSE3+SSE4.1+SSE4.2+POPCNT,X86Base+SSE+SSE2,AES+PCLMUL VectorSize=256
// Job: .NET 10.0(IterationTime=250ms)

OverheadJitting  1: 1 op, 160373.00 ns, 160.3730 us/op
WorkloadJitting  1: 1 op, 2086763.00 ns, 2.0868 ms/op

OverheadJitting  2: 16 op, 262016.00 ns, 16.3760 us/op
WorkloadJitting  2: 16 op, 250805.00 ns, 15.6753 us/op

WorkloadPilot    1: 16 op, 43713.00 ns, 2.7321 us/op
WorkloadPilot    2: 91520 op, 51098252.00 ns, 558.3288 ns/op
WorkloadPilot    3: 447776 op, 158000491.00 ns, 352.8561 ns/op
WorkloadPilot    4: 708512 op, 77619945.00 ns, 109.5535 ns/op
WorkloadPilot    5: 2282000 op, 242636447.00 ns, 106.3262 ns/op
WorkloadPilot    6: 2351264 op, 252375327.00 ns, 107.3360 ns/op
WorkloadPilot    7: 2329136 op, 242969048.00 ns, 104.3172 ns/op
WorkloadPilot    8: 2396544 op, 277450359.00 ns, 115.7710 ns/op
WorkloadPilot    9: 2159440 op, 256722522.00 ns, 118.8838 ns/op

OverheadWarmup   1: 2159440 op, 5458080.00 ns, 2.5275 ns/op
OverheadWarmup   2: 2159440 op, 5532230.00 ns, 2.5619 ns/op
OverheadWarmup   3: 2159440 op, 5494699.00 ns, 2.5445 ns/op
OverheadWarmup   4: 2159440 op, 5508906.00 ns, 2.5511 ns/op
OverheadWarmup   5: 2159440 op, 5530216.00 ns, 2.5609 ns/op
OverheadWarmup   6: 2159440 op, 5487886.00 ns, 2.5413 ns/op

OverheadActual   1: 2159440 op, 5503215.00 ns, 2.5484 ns/op
OverheadActual   2: 2159440 op, 5825616.00 ns, 2.6977 ns/op
OverheadActual   3: 2159440 op, 5602433.00 ns, 2.5944 ns/op
OverheadActual   4: 2159440 op, 5537270.00 ns, 2.5642 ns/op
OverheadActual   5: 2159440 op, 5552839.00 ns, 2.5714 ns/op
OverheadActual   6: 2159440 op, 5620337.00 ns, 2.6027 ns/op
OverheadActual   7: 2159440 op, 5505349.00 ns, 2.5494 ns/op
OverheadActual   8: 2159440 op, 5574030.00 ns, 2.5812 ns/op
OverheadActual   9: 2159440 op, 5802553.00 ns, 2.6871 ns/op
OverheadActual  10: 2159440 op, 5488117.00 ns, 2.5415 ns/op
OverheadActual  11: 2159440 op, 5728702.00 ns, 2.6529 ns/op
OverheadActual  12: 2159440 op, 5506461.00 ns, 2.5499 ns/op
OverheadActual  13: 2159440 op, 5529565.00 ns, 2.5606 ns/op
OverheadActual  14: 2159440 op, 5577806.00 ns, 2.5830 ns/op
OverheadActual  15: 2159440 op, 5628002.00 ns, 2.6062 ns/op

WorkloadWarmup   1: 2159440 op, 236199833.00 ns, 109.3801 ns/op
WorkloadWarmup   2: 2159440 op, 223205737.00 ns, 103.3628 ns/op
WorkloadWarmup   3: 2159440 op, 218274666.00 ns, 101.0793 ns/op
WorkloadWarmup   4: 2159440 op, 215383067.00 ns, 99.7402 ns/op
WorkloadWarmup   5: 2159440 op, 217528802.00 ns, 100.7339 ns/op
WorkloadWarmup   6: 2159440 op, 214220135.00 ns, 99.2017 ns/op
WorkloadWarmup   7: 2159440 op, 212605786.00 ns, 98.4541 ns/op
WorkloadWarmup   8: 2159440 op, 209386057.00 ns, 96.9631 ns/op
WorkloadWarmup   9: 2159440 op, 246429513.00 ns, 114.1173 ns/op
WorkloadWarmup  10: 2159440 op, 214014214.00 ns, 99.1063 ns/op

// BeforeActualRun
WorkloadActual   1: 2159440 op, 216192972.00 ns, 100.1153 ns/op
WorkloadActual   2: 2159440 op, 230226116.00 ns, 106.6138 ns/op
WorkloadActual   3: 2159440 op, 232119243.00 ns, 107.4905 ns/op
WorkloadActual   4: 2159440 op, 223012401.00 ns, 103.2733 ns/op
WorkloadActual   5: 2159440 op, 227284114.00 ns, 105.2514 ns/op
WorkloadActual   6: 2159440 op, 233320880.00 ns, 108.0469 ns/op
WorkloadActual   7: 2159440 op, 225476308.00 ns, 104.4142 ns/op
WorkloadActual   8: 2159440 op, 223776949.00 ns, 103.6273 ns/op
WorkloadActual   9: 2159440 op, 225646541.00 ns, 104.4931 ns/op
WorkloadActual  10: 2159440 op, 229075236.00 ns, 106.0809 ns/op
WorkloadActual  11: 2159440 op, 229328376.00 ns, 106.1981 ns/op
WorkloadActual  12: 2159440 op, 230700596.00 ns, 106.8335 ns/op
WorkloadActual  13: 2159440 op, 226076876.00 ns, 104.6924 ns/op
WorkloadActual  14: 2159440 op, 227485635.00 ns, 105.3447 ns/op
WorkloadActual  15: 2159440 op, 226724593.00 ns, 104.9923 ns/op

// AfterActualRun
WorkloadResult   1: 2159440 op, 210618942.00 ns, 97.5341 ns/op
WorkloadResult   2: 2159440 op, 224652086.00 ns, 104.0326 ns/op
WorkloadResult   3: 2159440 op, 226545213.00 ns, 104.9092 ns/op
WorkloadResult   4: 2159440 op, 217438371.00 ns, 100.6920 ns/op
WorkloadResult   5: 2159440 op, 221710084.00 ns, 102.6702 ns/op
WorkloadResult   6: 2159440 op, 227746850.00 ns, 105.4657 ns/op
WorkloadResult   7: 2159440 op, 219902278.00 ns, 101.8330 ns/op
WorkloadResult   8: 2159440 op, 218202919.00 ns, 101.0461 ns/op
WorkloadResult   9: 2159440 op, 220072511.00 ns, 101.9118 ns/op
WorkloadResult  10: 2159440 op, 223501206.00 ns, 103.4996 ns/op
WorkloadResult  11: 2159440 op, 223754346.00 ns, 103.6168 ns/op
WorkloadResult  12: 2159440 op, 225126566.00 ns, 104.2523 ns/op
WorkloadResult  13: 2159440 op, 220502846.00 ns, 102.1111 ns/op
WorkloadResult  14: 2159440 op, 221911605.00 ns, 102.7635 ns/op
WorkloadResult  15: 2159440 op, 221150563.00 ns, 102.4111 ns/op
// GC:  185 0 0 1554796800 2159440
// Threading:  0 0 2159440

// AfterAll
// Benchmark Process 47463 has exited with code 0.

Mean = 102.583 ns, StdErr = 0.504 ns (0.49%), N = 15, StdDev = 1.950 ns
Min = 97.534 ns, Q1 = 101.872 ns, Median = 102.670 ns, Q3 = 103.825 ns, Max = 105.466 ns
IQR = 1.952 ns, LowerFence = 98.944 ns, UpperFence = 106.753 ns
ConfidenceInterval = [100.498 ns; 104.668 ns] (CI 99.9%), Margin = 2.085 ns (2.03% of Mean)
Skewness = -0.84, Kurtosis = 3.6, MValue = 2

// ** Remained 59 (75.6%) benchmark(s) to run. Estimated finish 2026-02-19 8:51 (0h 19m from now) **
// **************************
// Benchmark: Scenario1.S1_CheckVoidErrorNoMessage_EnumerationsOptions: .NET 10.0(Runtime=.NET 10.0, IterationTime=250ms) [Iterations=10]
// *** Execute ***
// Launch: 1 / 1
// Execute: dotnet "Enumerations.Options.Benchmarks-.NET 10.0-1.dll" --anonymousPipes 114 116 --benchmarkName "ReillyDigital.Enumerations.Options.Benchmarks.Scenarios.Scenario1.S1_CheckVoidErrorNoMessage_EnumerationsOptions(Iterations: 10)" --job ".NET 10.0" --benchmarkId 19 in /media/andrew/Slowverflow/x/devs/reilly-digital/dotnet/enumerations.options.benchmarks/bin/Debug/net10.0/Enumerations.Options.Benchmarks-.NET 10.0-1/bin/Release/net10.0
// Failed to set up high priority (Permission denied). In order to run benchmarks with high priority, make sure you have the right permissions.
// BeforeAnythingElse

// Benchmark Process Environment Information:
// BenchmarkDotNet v0.15.8
// Runtime=.NET 10.0.3 (10.0.3, 10.0.326.7603), X64 RyuJIT x86-64-v3
// GC=Concurrent Workstation
// HardwareIntrinsics=AVX2+BMI1+BMI2+F16C+FMA+LZCNT+MOVBE,AVX,SSE3+SSSE3+SSE4.1+SSE4.2+POPCNT,X86Base+SSE+SSE2,AES+PCLMUL VectorSize=256
// Job: .NET 10.0(IterationTime=250ms)

OverheadJitting  1: 1 op, 152319.00 ns, 152.3190 us/op
WorkloadJitting  1: 1 op, 2318492.00 ns, 2.3185 ms/op

OverheadJitting  2: 16 op, 194688.00 ns, 12.1680 us/op
WorkloadJitting  2: 16 op, 277125.00 ns, 17.3203 us/op

WorkloadPilot    1: 16 op, 32431.00 ns, 2.0269 us/op
WorkloadPilot    2: 123344 op, 62546620.00 ns, 507.0909 ns/op
WorkloadPilot    3: 493008 op, 151360431.00 ns, 307.0141 ns/op
WorkloadPilot    4: 814304 op, 110567513.00 ns, 135.7816 ns/op
WorkloadPilot    5: 1841200 op, 246314635.00 ns, 133.7794 ns/op
WorkloadPilot    6: 1868752 op, 250548025.00 ns, 134.0724 ns/op
WorkloadPilot    7: 1864672 op, 244715896.00 ns, 131.2380 ns/op
WorkloadPilot    8: 1904944 op, 245511404.00 ns, 128.8812 ns/op
WorkloadPilot    9: 1939776 op, 255928077.00 ns, 131.9369 ns/op
WorkloadPilot   10: 1894848 op, 246972983.00 ns, 130.3392 ns/op
WorkloadPilot   11: 1918080 op, 255150123.00 ns, 133.0237 ns/op

OverheadWarmup   1: 1918080 op, 4856520.00 ns, 2.5320 ns/op
OverheadWarmup   2: 1918080 op, 4881107.00 ns, 2.5448 ns/op
OverheadWarmup   3: 1918080 op, 4797258.00 ns, 2.5011 ns/op
OverheadWarmup   4: 1918080 op, 4803850.00 ns, 2.5045 ns/op
OverheadWarmup   5: 1918080 op, 4795425.00 ns, 2.5001 ns/op

OverheadActual   1: 1918080 op, 4807999.00 ns, 2.5067 ns/op
OverheadActual   2: 1918080 op, 4835330.00 ns, 2.5209 ns/op
OverheadActual   3: 1918080 op, 4812958.00 ns, 2.5093 ns/op
OverheadActual   4: 1918080 op, 5042944.00 ns, 2.6292 ns/op
OverheadActual   5: 1918080 op, 4821114.00 ns, 2.5135 ns/op
OverheadActual   6: 1918080 op, 4810894.00 ns, 2.5082 ns/op
OverheadActual   7: 1918080 op, 4823678.00 ns, 2.5148 ns/op
OverheadActual   8: 1918080 op, 4902557.00 ns, 2.5560 ns/op
OverheadActual   9: 1918080 op, 4820282.00 ns, 2.5131 ns/op
OverheadActual  10: 1918080 op, 4789293.00 ns, 2.4969 ns/op
OverheadActual  11: 1918080 op, 4801917.00 ns, 2.5035 ns/op
OverheadActual  12: 1918080 op, 4812046.00 ns, 2.5088 ns/op
OverheadActual  13: 1918080 op, 4801777.00 ns, 2.5034 ns/op
OverheadActual  14: 1918080 op, 4827074.00 ns, 2.5166 ns/op
OverheadActual  15: 1918080 op, 4826644.00 ns, 2.5164 ns/op

WorkloadWarmup   1: 1918080 op, 256836328.00 ns, 133.9028 ns/op
WorkloadWarmup   2: 1918080 op, 259813428.00 ns, 135.4549 ns/op
WorkloadWarmup   3: 1918080 op, 256693658.00 ns, 133.8284 ns/op
WorkloadWarmup   4: 1918080 op, 251041550.00 ns, 130.8817 ns/op
WorkloadWarmup   5: 1918080 op, 257796607.00 ns, 134.4035 ns/op
WorkloadWarmup   6: 1918080 op, 257623459.00 ns, 134.3132 ns/op

// BeforeActualRun
WorkloadActual   1: 1918080 op, 254560717.00 ns, 132.7164 ns/op
WorkloadActual   2: 1918080 op, 268771849.00 ns, 140.1255 ns/op
WorkloadActual   3: 1918080 op, 275738066.00 ns, 143.7573 ns/op
WorkloadActual   4: 1918080 op, 271989264.00 ns, 141.8029 ns/op
WorkloadActual   5: 1918080 op, 274682145.00 ns, 143.2068 ns/op
WorkloadActual   6: 1918080 op, 275134883.00 ns, 143.4429 ns/op
WorkloadActual   7: 1918080 op, 275862621.00 ns, 143.8223 ns/op
WorkloadActual   8: 1918080 op, 272211916.00 ns, 141.9190 ns/op
WorkloadActual   9: 1918080 op, 280309506.00 ns, 146.1407 ns/op
WorkloadActual  10: 1918080 op, 280664939.00 ns, 146.3260 ns/op
WorkloadActual  11: 1918080 op, 278323834.00 ns, 145.1054 ns/op
WorkloadActual  12: 1918080 op, 292787425.00 ns, 152.6461 ns/op
WorkloadActual  13: 1918080 op, 284790024.00 ns, 148.4766 ns/op
WorkloadActual  14: 1918080 op, 277197360.00 ns, 144.5181 ns/op
WorkloadActual  15: 1918080 op, 276604498.00 ns, 144.2091 ns/op
WorkloadActual  16: 1918080 op, 283650495.00 ns, 147.8825 ns/op
WorkloadActual  17: 1918080 op, 282404856.00 ns, 147.2331 ns/op
WorkloadActual  18: 1918080 op, 255446174.00 ns, 133.1781 ns/op
WorkloadActual  19: 1918080 op, 261462933.00 ns, 136.3149 ns/op
WorkloadActual  20: 1918080 op, 250525222.00 ns, 130.6125 ns/op
WorkloadActual  21: 1918080 op, 252439709.00 ns, 131.6106 ns/op
WorkloadActual  22: 1918080 op, 250763193.00 ns, 130.7366 ns/op
WorkloadActual  23: 1918080 op, 253168139.00 ns, 131.9904 ns/op
WorkloadActual  24: 1918080 op, 264562434.00 ns, 137.9309 ns/op
WorkloadActual  25: 1918080 op, 262656123.00 ns, 136.9370 ns/op
WorkloadActual  26: 1918080 op, 269653018.00 ns, 140.5849 ns/op
WorkloadActual  27: 1918080 op, 254727222.00 ns, 132.8032 ns/op
WorkloadActual  28: 1918080 op, 251787714.00 ns, 131.2707 ns/op
WorkloadActual  29: 1918080 op, 248661591.00 ns, 129.6409 ns/op
WorkloadActual  30: 1918080 op, 252926962.00 ns, 131.8647 ns/op
WorkloadActual  31: 1918080 op, 256647110.00 ns, 133.8042 ns/op
WorkloadActual  32: 1918080 op, 255372786.00 ns, 133.1398 ns/op
WorkloadActual  33: 1918080 op, 250090939.00 ns, 130.3861 ns/op
WorkloadActual  34: 1918080 op, 256421021.00 ns, 133.6863 ns/op
WorkloadActual  35: 1918080 op, 254232585.00 ns, 132.5454 ns/op
WorkloadActual  36: 1918080 op, 258843891.00 ns, 134.9495 ns/op
WorkloadActual  37: 1918080 op, 256332553.00 ns, 133.6402 ns/op
WorkloadActual  38: 1918080 op, 252820830.00 ns, 131.8093 ns/op
WorkloadActual  39: 1918080 op, 258847427.00 ns, 134.9513 ns/op
WorkloadActual  40: 1918080 op, 254508178.00 ns, 132.6890 ns/op
WorkloadActual  41: 1918080 op, 248714742.00 ns, 129.6686 ns/op
WorkloadActual  42: 1918080 op, 264257657.00 ns, 137.7720 ns/op
WorkloadActual  43: 1918080 op, 274433354.00 ns, 143.0771 ns/op
WorkloadActual  44: 1918080 op, 349245901.00 ns, 182.0810 ns/op
WorkloadActual  45: 1918080 op, 287909083.00 ns, 150.1028 ns/op
WorkloadActual  46: 1918080 op, 334388024.00 ns, 174.3348 ns/op
WorkloadActual  47: 1918080 op, 268137837.00 ns, 139.7949 ns/op
WorkloadActual  48: 1918080 op, 314649301.00 ns, 164.0439 ns/op
WorkloadActual  49: 1918080 op, 281437974.00 ns, 146.7290 ns/op
WorkloadActual  50: 1918080 op, 271119967.00 ns, 141.3497 ns/op
WorkloadActual  51: 1918080 op, 274513416.00 ns, 143.1189 ns/op
WorkloadActual  52: 1918080 op, 264312611.00 ns, 137.8006 ns/op
WorkloadActual  53: 1918080 op, 259364998.00 ns, 135.2212 ns/op
WorkloadActual  54: 1918080 op, 265196415.00 ns, 138.2614 ns/op
WorkloadActual  55: 1918080 op, 301658881.00 ns, 157.2713 ns/op
WorkloadActual  56: 1918080 op, 296214196.00 ns, 154.4327 ns/op
WorkloadActual  57: 1918080 op, 291462405.00 ns, 151.9553 ns/op
WorkloadActual  58: 1918080 op, 308720990.00 ns, 160.9531 ns/op
WorkloadActual  59: 1918080 op, 304251071.00 ns, 158.6227 ns/op
WorkloadActual  60: 1918080 op, 304785655.00 ns, 158.9014 ns/op
WorkloadActual  61: 1918080 op, 317440879.00 ns, 165.4993 ns/op
WorkloadActual  62: 1918080 op, 355566095.00 ns, 185.3761 ns/op
WorkloadActual  63: 1918080 op, 316833437.00 ns, 165.1826 ns/op
WorkloadActual  64: 1918080 op, 288144388.00 ns, 150.2254 ns/op
WorkloadActual  65: 1918080 op, 269393346.00 ns, 140.4495 ns/op
WorkloadActual  66: 1918080 op, 265799999.00 ns, 138.5761 ns/op
WorkloadActual  67: 1918080 op, 260129877.00 ns, 135.6199 ns/op
WorkloadActual  68: 1918080 op, 259516575.00 ns, 135.3002 ns/op
WorkloadActual  69: 1918080 op, 263690683.00 ns, 137.4764 ns/op
WorkloadActual  70: 1918080 op, 302603490.00 ns, 157.7637 ns/op
WorkloadActual  71: 1918080 op, 267494529.00 ns, 139.4595 ns/op
WorkloadActual  72: 1918080 op, 275351835.00 ns, 143.5560 ns/op
WorkloadActual  73: 1918080 op, 271233152.00 ns, 141.4087 ns/op
WorkloadActual  74: 1918080 op, 272505923.00 ns, 142.0722 ns/op
WorkloadActual  75: 1918080 op, 269886541.00 ns, 140.7066 ns/op
WorkloadActual  76: 1918080 op, 269740324.00 ns, 140.6304 ns/op
WorkloadActual  77: 1918080 op, 266002202.00 ns, 138.6815 ns/op
WorkloadActual  78: 1918080 op, 267823943.00 ns, 139.6313 ns/op
WorkloadActual  79: 1918080 op, 274661637.00 ns, 143.1961 ns/op
WorkloadActual  80: 1918080 op, 296205309.00 ns, 154.4280 ns/op
WorkloadActual  81: 1918080 op, 287432590.00 ns, 149.8543 ns/op
WorkloadActual  82: 1918080 op, 270537053.00 ns, 141.0458 ns/op
WorkloadActual  83: 1918080 op, 258189652.00 ns, 134.6084 ns/op
WorkloadActual  84: 1918080 op, 260277496.00 ns, 135.6969 ns/op
WorkloadActual  85: 1918080 op, 262727528.00 ns, 136.9742 ns/op
WorkloadActual  86: 1918080 op, 272508247.00 ns, 142.0735 ns/op
WorkloadActual  87: 1918080 op, 260097405.00 ns, 135.6030 ns/op
WorkloadActual  88: 1918080 op, 270007049.00 ns, 140.7694 ns/op
WorkloadActual  89: 1918080 op, 276660844.00 ns, 144.2384 ns/op
WorkloadActual  90: 1918080 op, 266387181.00 ns, 138.8822 ns/op

// AfterActualRun
WorkloadResult   1: 1918080 op, 249740435.00 ns, 130.2033 ns/op
WorkloadResult   2: 1918080 op, 263951567.00 ns, 137.6124 ns/op
WorkloadResult   3: 1918080 op, 270917784.00 ns, 141.2443 ns/op
WorkloadResult   4: 1918080 op, 267168982.00 ns, 139.2898 ns/op
WorkloadResult   5: 1918080 op, 269861863.00 ns, 140.6937 ns/op
WorkloadResult   6: 1918080 op, 270314601.00 ns, 140.9298 ns/op
WorkloadResult   7: 1918080 op, 271042339.00 ns, 141.3092 ns/op
WorkloadResult   8: 1918080 op, 267391634.00 ns, 139.4059 ns/op
WorkloadResult   9: 1918080 op, 275489224.00 ns, 143.6276 ns/op
WorkloadResult  10: 1918080 op, 275844657.00 ns, 143.8129 ns/op
WorkloadResult  11: 1918080 op, 273503552.00 ns, 142.5924 ns/op
WorkloadResult  12: 1918080 op, 287967143.00 ns, 150.1330 ns/op
WorkloadResult  13: 1918080 op, 279969742.00 ns, 145.9635 ns/op
WorkloadResult  14: 1918080 op, 272377078.00 ns, 142.0051 ns/op
WorkloadResult  15: 1918080 op, 271784216.00 ns, 141.6960 ns/op
WorkloadResult  16: 1918080 op, 278830213.00 ns, 145.3694 ns/op
WorkloadResult  17: 1918080 op, 277584574.00 ns, 144.7200 ns/op
WorkloadResult  18: 1918080 op, 250625892.00 ns, 130.6650 ns/op
WorkloadResult  19: 1918080 op, 256642651.00 ns, 133.8018 ns/op
WorkloadResult  20: 1918080 op, 245704940.00 ns, 128.0994 ns/op
WorkloadResult  21: 1918080 op, 247619427.00 ns, 129.0975 ns/op
WorkloadResult  22: 1918080 op, 245942911.00 ns, 128.2235 ns/op
WorkloadResult  23: 1918080 op, 248347857.00 ns, 129.4773 ns/op
WorkloadResult  24: 1918080 op, 259742152.00 ns, 135.4178 ns/op
WorkloadResult  25: 1918080 op, 257835841.00 ns, 134.4239 ns/op
WorkloadResult  26: 1918080 op, 264832736.00 ns, 138.0718 ns/op
WorkloadResult  27: 1918080 op, 249906940.00 ns, 130.2902 ns/op
WorkloadResult  28: 1918080 op, 246967432.00 ns, 128.7576 ns/op
WorkloadResult  29: 1918080 op, 243841309.00 ns, 127.1278 ns/op
WorkloadResult  30: 1918080 op, 248106680.00 ns, 129.3516 ns/op
WorkloadResult  31: 1918080 op, 251826828.00 ns, 131.2911 ns/op
WorkloadResult  32: 1918080 op, 250552504.00 ns, 130.6267 ns/op
WorkloadResult  33: 1918080 op, 245270657.00 ns, 127.8730 ns/op
WorkloadResult  34: 1918080 op, 251600739.00 ns, 131.1732 ns/op
WorkloadResult  35: 1918080 op, 249412303.00 ns, 130.0323 ns/op
WorkloadResult  36: 1918080 op, 254023609.00 ns, 132.4364 ns/op
WorkloadResult  37: 1918080 op, 251512271.00 ns, 131.1271 ns/op
WorkloadResult  38: 1918080 op, 248000548.00 ns, 129.2962 ns/op
WorkloadResult  39: 1918080 op, 254027145.00 ns, 132.4382 ns/op
WorkloadResult  40: 1918080 op, 249687896.00 ns, 130.1760 ns/op
WorkloadResult  41: 1918080 op, 243894460.00 ns, 127.1555 ns/op
WorkloadResult  42: 1918080 op, 259437375.00 ns, 135.2589 ns/op
WorkloadResult  43: 1918080 op, 269613072.00 ns, 140.5640 ns/op
WorkloadResult  44: 1918080 op, 283088801.00 ns, 147.5897 ns/op
WorkloadResult  45: 1918080 op, 263317555.00 ns, 137.2818 ns/op
WorkloadResult  46: 1918080 op, 276617692.00 ns, 144.2159 ns/op
WorkloadResult  47: 1918080 op, 266299685.00 ns, 138.8366 ns/op
WorkloadResult  48: 1918080 op, 269693134.00 ns, 140.6058 ns/op
WorkloadResult  49: 1918080 op, 259492329.00 ns, 135.2875 ns/op
WorkloadResult  50: 1918080 op, 254544716.00 ns, 132.7081 ns/op
WorkloadResult  51: 1918080 op, 260376133.00 ns, 135.7483 ns/op
WorkloadResult  52: 1918080 op, 296838599.00 ns, 154.7582 ns/op
WorkloadResult  53: 1918080 op, 291393914.00 ns, 151.9196 ns/op
WorkloadResult  54: 1918080 op, 286642123.00 ns, 149.4422 ns/op
WorkloadResult  55: 1918080 op, 303900708.00 ns, 158.4401 ns/op
WorkloadResult  56: 1918080 op, 299430789.00 ns, 156.1096 ns/op
WorkloadResult  57: 1918080 op, 299965373.00 ns, 156.3884 ns/op
WorkloadResult  58: 1918080 op, 283324106.00 ns, 147.7124 ns/op
WorkloadResult  59: 1918080 op, 264573064.00 ns, 137.9364 ns/op
WorkloadResult  60: 1918080 op, 260979717.00 ns, 136.0630 ns/op
WorkloadResult  61: 1918080 op, 255309595.00 ns, 133.1069 ns/op
WorkloadResult  62: 1918080 op, 254696293.00 ns, 132.7871 ns/op
WorkloadResult  63: 1918080 op, 258870401.00 ns, 134.9633 ns/op
WorkloadResult  64: 1918080 op, 297783208.00 ns, 155.2507 ns/op
WorkloadResult  65: 1918080 op, 262674247.00 ns, 136.9465 ns/op
WorkloadResult  66: 1918080 op, 270531553.00 ns, 141.0429 ns/op
WorkloadResult  67: 1918080 op, 266412870.00 ns, 138.8956 ns/op
WorkloadResult  68: 1918080 op, 267685641.00 ns, 139.5592 ns/op
WorkloadResult  69: 1918080 op, 265066259.00 ns, 138.1935 ns/op
WorkloadResult  70: 1918080 op, 264920042.00 ns, 138.1173 ns/op
WorkloadResult  71: 1918080 op, 261181920.00 ns, 136.1684 ns/op
WorkloadResult  72: 1918080 op, 263003661.00 ns, 137.1182 ns/op
WorkloadResult  73: 1918080 op, 269841355.00 ns, 140.6831 ns/op
WorkloadResult  74: 1918080 op, 291385027.00 ns, 151.9149 ns/op
WorkloadResult  75: 1918080 op, 282612308.00 ns, 147.3413 ns/op
WorkloadResult  76: 1918080 op, 265716771.00 ns, 138.5327 ns/op
WorkloadResult  77: 1918080 op, 253369370.00 ns, 132.0953 ns/op
WorkloadResult  78: 1918080 op, 255457214.00 ns, 133.1838 ns/op
WorkloadResult  79: 1918080 op, 257907246.00 ns, 134.4612 ns/op
WorkloadResult  80: 1918080 op, 267687965.00 ns, 139.5604 ns/op
WorkloadResult  81: 1918080 op, 255277123.00 ns, 133.0899 ns/op
WorkloadResult  82: 1918080 op, 265186767.00 ns, 138.2564 ns/op
WorkloadResult  83: 1918080 op, 271840562.00 ns, 141.7254 ns/op
WorkloadResult  84: 1918080 op, 261566899.00 ns, 136.3691 ns/op
// GC:  348 0 0 2915481600 1918080
// Threading:  0 0 1918080

// AfterAll
// Benchmark Process 47515 has exited with code 0.

Mean = 138.253 ns, StdErr = 0.824 ns (0.60%), N = 84, StdDev = 7.550 ns
Min = 127.128 ns, Q1 = 132.438 ns, Median = 137.774 ns, Q3 = 141.703 ns, Max = 158.440 ns
IQR = 9.266 ns, LowerFence = 118.539 ns, UpperFence = 155.602 ns
ConfidenceInterval = [135.443 ns; 141.064 ns] (CI 99.9%), Margin = 2.810 ns (2.03% of Mean)
Skewness = 0.73, Kurtosis = 2.97, MValue = 2.52

// ** Remained 58 (74.4%) benchmark(s) to run. Estimated finish 2026-02-19 8:52 (0h 19m from now) **
// **************************
// Benchmark: Scenario1.S1_CheckVoidErrorNoMessage_FluentResults: .NET 10.0(Runtime=.NET 10.0, IterationTime=250ms) [Iterations=10]
// *** Execute ***
// Launch: 1 / 1
// Execute: dotnet "Enumerations.Options.Benchmarks-.NET 10.0-1.dll" --anonymousPipes 114 116 --benchmarkName "ReillyDigital.Enumerations.Options.Benchmarks.Scenarios.Scenario1.S1_CheckVoidErrorNoMessage_FluentResults(Iterations: 10)" --job ".NET 10.0" --benchmarkId 20 in /media/andrew/Slowverflow/x/devs/reilly-digital/dotnet/enumerations.options.benchmarks/bin/Debug/net10.0/Enumerations.Options.Benchmarks-.NET 10.0-1/bin/Release/net10.0
// Failed to set up high priority (Permission denied). In order to run benchmarks with high priority, make sure you have the right permissions.
// BeforeAnythingElse

// Benchmark Process Environment Information:
// BenchmarkDotNet v0.15.8
// Runtime=.NET 10.0.3 (10.0.3, 10.0.326.7603), X64 RyuJIT x86-64-v3
// GC=Concurrent Workstation
// HardwareIntrinsics=AVX2+BMI1+BMI2+F16C+FMA+LZCNT+MOVBE,AVX,SSE3+SSSE3+SSE4.1+SSE4.2+POPCNT,X86Base+SSE+SSE2,AES+PCLMUL VectorSize=256
// Job: .NET 10.0(IterationTime=250ms)

OverheadJitting  1: 1 op, 175052.00 ns, 175.0520 us/op
WorkloadJitting  1: 1 op, 4135505.00 ns, 4.1355 ms/op

OverheadJitting  2: 16 op, 240616.00 ns, 15.0385 us/op
WorkloadJitting  2: 16 op, 324254.00 ns, 20.2659 us/op

WorkloadPilot    1: 16 op, 126440.00 ns, 7.9025 us/op
WorkloadPilot    2: 31648 op, 162029664.00 ns, 5.1197 us/op
WorkloadPilot    3: 48832 op, 75924744.00 ns, 1.5548 us/op
WorkloadPilot    4: 160800 op, 132758601.00 ns, 825.6132 ns/op
WorkloadPilot    5: 302816 op, 241301428.00 ns, 796.8583 ns/op
WorkloadPilot    6: 313744 op, 241423459.00 ns, 769.4919 ns/op
WorkloadPilot    7: 324896 op, 252994751.00 ns, 778.6946 ns/op
WorkloadPilot    8: 321056 op, 246291792.00 ns, 767.1303 ns/op
WorkloadPilot    9: 325904 op, 255204547.00 ns, 783.0666 ns/op
WorkloadPilot   10: 319264 op, 230735902.00 ns, 722.7119 ns/op
WorkloadPilot   11: 345920 op, 252037847.00 ns, 728.6015 ns/op

OverheadWarmup   1: 345920 op, 882422.00 ns, 2.5509 ns/op
OverheadWarmup   2: 345920 op, 913230.00 ns, 2.6400 ns/op
OverheadWarmup   3: 345920 op, 892230.00 ns, 2.5793 ns/op
OverheadWarmup   4: 345920 op, 898582.00 ns, 2.5977 ns/op
OverheadWarmup   5: 345920 op, 924261.00 ns, 2.6719 ns/op
OverheadWarmup   6: 345920 op, 871541.00 ns, 2.5195 ns/op

OverheadActual   1: 345920 op, 919051.00 ns, 2.6568 ns/op
OverheadActual   2: 345920 op, 884426.00 ns, 2.5567 ns/op
OverheadActual   3: 345920 op, 872633.00 ns, 2.5226 ns/op
OverheadActual   4: 345920 op, 894816.00 ns, 2.5868 ns/op
OverheadActual   5: 345920 op, 892901.00 ns, 2.5812 ns/op
OverheadActual   6: 345920 op, 898592.00 ns, 2.5977 ns/op
OverheadActual   7: 345920 op, 891168.00 ns, 2.5762 ns/op
OverheadActual   8: 345920 op, 867894.00 ns, 2.5089 ns/op
OverheadActual   9: 345920 op, 874968.00 ns, 2.5294 ns/op
OverheadActual  10: 345920 op, 919532.00 ns, 2.6582 ns/op
OverheadActual  11: 345920 op, 894755.00 ns, 2.5866 ns/op
OverheadActual  12: 345920 op, 937246.00 ns, 2.7094 ns/op
OverheadActual  13: 345920 op, 882031.00 ns, 2.5498 ns/op
OverheadActual  14: 345920 op, 907209.00 ns, 2.6226 ns/op
OverheadActual  15: 345920 op, 879787.00 ns, 2.5433 ns/op

WorkloadWarmup   1: 345920 op, 265014871.00 ns, 766.1161 ns/op
WorkloadWarmup   2: 345920 op, 264155303.00 ns, 763.6312 ns/op
WorkloadWarmup   3: 345920 op, 270077783.00 ns, 780.7521 ns/op
WorkloadWarmup   4: 345920 op, 273410828.00 ns, 790.3875 ns/op
WorkloadWarmup   5: 345920 op, 274515089.00 ns, 793.5797 ns/op
WorkloadWarmup   6: 345920 op, 253203115.00 ns, 731.9702 ns/op
WorkloadWarmup   7: 345920 op, 254547773.00 ns, 735.8573 ns/op
WorkloadWarmup   8: 345920 op, 255610716.00 ns, 738.9301 ns/op
WorkloadWarmup   9: 345920 op, 311331345.00 ns, 900.0097 ns/op
WorkloadWarmup  10: 345920 op, 252828145.00 ns, 730.8862 ns/op

// BeforeActualRun
WorkloadActual   1: 345920 op, 251507323.00 ns, 727.0679 ns/op
WorkloadActual   2: 345920 op, 292469252.00 ns, 845.4823 ns/op
WorkloadActual   3: 345920 op, 299199722.00 ns, 864.9391 ns/op
WorkloadActual   4: 345920 op, 292114500.00 ns, 844.4568 ns/op
WorkloadActual   5: 345920 op, 292583528.00 ns, 845.8127 ns/op
WorkloadActual   6: 345920 op, 292446990.00 ns, 845.4180 ns/op
WorkloadActual   7: 345920 op, 292296624.00 ns, 844.9833 ns/op
WorkloadActual   8: 345920 op, 291574777.00 ns, 842.8966 ns/op
WorkloadActual   9: 345920 op, 293765287.00 ns, 849.2290 ns/op
WorkloadActual  10: 345920 op, 291471842.00 ns, 842.5990 ns/op
WorkloadActual  11: 345920 op, 269289720.00 ns, 778.4740 ns/op
WorkloadActual  12: 345920 op, 281376918.00 ns, 813.4162 ns/op
WorkloadActual  13: 345920 op, 287745944.00 ns, 831.8280 ns/op
WorkloadActual  14: 345920 op, 280802189.00 ns, 811.7547 ns/op
WorkloadActual  15: 345920 op, 279985462.00 ns, 809.3937 ns/op
WorkloadActual  16: 345920 op, 303186995.00 ns, 876.4656 ns/op
WorkloadActual  17: 345920 op, 300417950.00 ns, 868.4608 ns/op
WorkloadActual  18: 345920 op, 268926181.00 ns, 777.4230 ns/op
WorkloadActual  19: 345920 op, 269201573.00 ns, 778.2192 ns/op
WorkloadActual  20: 345920 op, 266665439.00 ns, 770.8876 ns/op
WorkloadActual  21: 345920 op, 257058388.00 ns, 743.1151 ns/op
WorkloadActual  22: 345920 op, 266335664.00 ns, 769.9343 ns/op
WorkloadActual  23: 345920 op, 259776548.00 ns, 750.9729 ns/op
WorkloadActual  24: 345920 op, 280451515.00 ns, 810.7410 ns/op
WorkloadActual  25: 345920 op, 267166007.00 ns, 772.3347 ns/op
WorkloadActual  26: 345920 op, 251218024.00 ns, 726.2316 ns/op
WorkloadActual  27: 345920 op, 261924948.00 ns, 757.1836 ns/op
WorkloadActual  28: 345920 op, 264399626.00 ns, 764.3375 ns/op
WorkloadActual  29: 345920 op, 242885980.00 ns, 702.1449 ns/op
WorkloadActual  30: 345920 op, 312643130.00 ns, 903.8018 ns/op
WorkloadActual  31: 345920 op, 257601237.00 ns, 744.6844 ns/op
WorkloadActual  32: 345920 op, 246014757.00 ns, 711.1897 ns/op
WorkloadActual  33: 345920 op, 242765241.00 ns, 701.7959 ns/op
WorkloadActual  34: 345920 op, 241330693.00 ns, 697.6489 ns/op
WorkloadActual  35: 345920 op, 240745816.00 ns, 695.9581 ns/op
WorkloadActual  36: 345920 op, 242096765.00 ns, 699.8635 ns/op
WorkloadActual  37: 345920 op, 240217465.00 ns, 694.4307 ns/op
WorkloadActual  38: 345920 op, 244586361.00 ns, 707.0605 ns/op
WorkloadActual  39: 345920 op, 244920184.00 ns, 708.0255 ns/op
WorkloadActual  40: 345920 op, 239798490.00 ns, 693.2195 ns/op
WorkloadActual  41: 345920 op, 238573129.00 ns, 689.6772 ns/op
WorkloadActual  42: 345920 op, 241249961.00 ns, 697.4155 ns/op
WorkloadActual  43: 345920 op, 243524659.00 ns, 703.9913 ns/op
WorkloadActual  44: 345920 op, 242115881.00 ns, 699.9187 ns/op
WorkloadActual  45: 345920 op, 243836571.00 ns, 704.8930 ns/op
WorkloadActual  46: 345920 op, 241342286.00 ns, 697.6824 ns/op
WorkloadActual  47: 345920 op, 246688704.00 ns, 713.1380 ns/op
WorkloadActual  48: 345920 op, 243712966.00 ns, 704.5356 ns/op
WorkloadActual  49: 345920 op, 240787935.00 ns, 696.0798 ns/op
WorkloadActual  50: 345920 op, 244501711.00 ns, 706.8158 ns/op
WorkloadActual  51: 345920 op, 282906245.00 ns, 817.8372 ns/op
WorkloadActual  52: 345920 op, 240514387.00 ns, 695.2890 ns/op
WorkloadActual  53: 345920 op, 242523573.00 ns, 701.0973 ns/op
WorkloadActual  54: 345920 op, 241862321.00 ns, 699.1857 ns/op
WorkloadActual  55: 345920 op, 244170623.00 ns, 705.8586 ns/op
WorkloadActual  56: 345920 op, 245156681.00 ns, 708.7092 ns/op
WorkloadActual  57: 345920 op, 238792686.00 ns, 690.3119 ns/op
WorkloadActual  58: 345920 op, 244566874.00 ns, 707.0041 ns/op
WorkloadActual  59: 345920 op, 244289058.00 ns, 706.2010 ns/op
WorkloadActual  60: 345920 op, 237053140.00 ns, 685.2831 ns/op
WorkloadActual  61: 345920 op, 235655482.00 ns, 681.2427 ns/op
WorkloadActual  62: 345920 op, 244929391.00 ns, 708.0521 ns/op
WorkloadActual  63: 345920 op, 244029776.00 ns, 705.4515 ns/op
WorkloadActual  64: 345920 op, 244886008.00 ns, 707.9267 ns/op
WorkloadActual  65: 345920 op, 238487687.00 ns, 689.4302 ns/op
WorkloadActual  66: 345920 op, 236722574.00 ns, 684.3275 ns/op
WorkloadActual  67: 345920 op, 240795680.00 ns, 696.1022 ns/op
WorkloadActual  68: 345920 op, 238665624.00 ns, 689.9446 ns/op
WorkloadActual  69: 345920 op, 233823952.00 ns, 675.9481 ns/op
WorkloadActual  70: 345920 op, 236404612.00 ns, 683.4083 ns/op
WorkloadActual  71: 345920 op, 239820132.00 ns, 693.2821 ns/op
WorkloadActual  72: 345920 op, 244469870.00 ns, 706.7237 ns/op
WorkloadActual  73: 345920 op, 242201563.00 ns, 700.1664 ns/op
WorkloadActual  74: 345920 op, 242344824.00 ns, 700.5806 ns/op
WorkloadActual  75: 345920 op, 245248876.00 ns, 708.9757 ns/op
WorkloadActual  76: 345920 op, 244554030.00 ns, 706.9670 ns/op
WorkloadActual  77: 345920 op, 246878783.00 ns, 713.6875 ns/op
WorkloadActual  78: 345920 op, 238418246.00 ns, 689.2294 ns/op
WorkloadActual  79: 345920 op, 241118942.00 ns, 697.0367 ns/op
WorkloadActual  80: 345920 op, 240400551.00 ns, 694.9600 ns/op
WorkloadActual  81: 345920 op, 239765608.00 ns, 693.1244 ns/op
WorkloadActual  82: 345920 op, 242129857.00 ns, 699.9591 ns/op
WorkloadActual  83: 345920 op, 245706112.00 ns, 710.2975 ns/op
WorkloadActual  84: 345920 op, 244793694.00 ns, 707.6598 ns/op
WorkloadActual  85: 345920 op, 242463569.00 ns, 700.9238 ns/op
WorkloadActual  86: 345920 op, 245787888.00 ns, 710.5339 ns/op
WorkloadActual  87: 345920 op, 242385622.00 ns, 700.6985 ns/op
WorkloadActual  88: 345920 op, 244944470.00 ns, 708.0957 ns/op
WorkloadActual  89: 345920 op, 244303706.00 ns, 706.2434 ns/op
WorkloadActual  90: 345920 op, 239357485.00 ns, 691.9446 ns/op
WorkloadActual  91: 345920 op, 241074839.00 ns, 696.9092 ns/op
WorkloadActual  92: 345920 op, 245044119.00 ns, 708.3838 ns/op
WorkloadActual  93: 345920 op, 242251909.00 ns, 700.3119 ns/op
WorkloadActual  94: 345920 op, 240694288.00 ns, 695.8091 ns/op
WorkloadActual  95: 345920 op, 238928062.00 ns, 690.7032 ns/op
WorkloadActual  96: 345920 op, 240937880.00 ns, 696.5133 ns/op
WorkloadActual  97: 345920 op, 261521383.00 ns, 756.0169 ns/op
WorkloadActual  98: 345920 op, 249368310.00 ns, 720.8843 ns/op
WorkloadActual  99: 345920 op, 256726399.00 ns, 742.1554 ns/op
WorkloadActual  100: 345920 op, 243388752.00 ns, 703.5984 ns/op

// AfterActualRun
WorkloadResult   1: 345920 op, 250614422.00 ns, 724.4867 ns/op
WorkloadResult   2: 345920 op, 291576351.00 ns, 842.9011 ns/op
WorkloadResult   3: 345920 op, 291221599.00 ns, 841.8756 ns/op
WorkloadResult   4: 345920 op, 291690627.00 ns, 843.2315 ns/op
WorkloadResult   5: 345920 op, 291554089.00 ns, 842.8368 ns/op
WorkloadResult   6: 345920 op, 291403723.00 ns, 842.4021 ns/op
WorkloadResult   7: 345920 op, 290681876.00 ns, 840.3153 ns/op
WorkloadResult   8: 345920 op, 292872386.00 ns, 846.6477 ns/op
WorkloadResult   9: 345920 op, 290578941.00 ns, 840.0178 ns/op
WorkloadResult  10: 345920 op, 268396819.00 ns, 775.8927 ns/op
WorkloadResult  11: 345920 op, 280484017.00 ns, 810.8349 ns/op
WorkloadResult  12: 345920 op, 286853043.00 ns, 829.2468 ns/op
WorkloadResult  13: 345920 op, 279909288.00 ns, 809.1735 ns/op
WorkloadResult  14: 345920 op, 279092561.00 ns, 806.8124 ns/op
WorkloadResult  15: 345920 op, 268033280.00 ns, 774.8418 ns/op
WorkloadResult  16: 345920 op, 268308672.00 ns, 775.6379 ns/op
WorkloadResult  17: 345920 op, 265772538.00 ns, 768.3064 ns/op
WorkloadResult  18: 345920 op, 256165487.00 ns, 740.5339 ns/op
WorkloadResult  19: 345920 op, 265442763.00 ns, 767.3530 ns/op
WorkloadResult  20: 345920 op, 258883647.00 ns, 748.3917 ns/op
WorkloadResult  21: 345920 op, 279558614.00 ns, 808.1597 ns/op
WorkloadResult  22: 345920 op, 266273106.00 ns, 769.7534 ns/op
WorkloadResult  23: 345920 op, 250325123.00 ns, 723.6503 ns/op
WorkloadResult  24: 345920 op, 261032047.00 ns, 754.6024 ns/op
WorkloadResult  25: 345920 op, 263506725.00 ns, 761.7563 ns/op
WorkloadResult  26: 345920 op, 241993079.00 ns, 699.5637 ns/op
WorkloadResult  27: 345920 op, 256708336.00 ns, 742.1032 ns/op
WorkloadResult  28: 345920 op, 245121856.00 ns, 708.6085 ns/op
WorkloadResult  29: 345920 op, 241872340.00 ns, 699.2147 ns/op
WorkloadResult  30: 345920 op, 240437792.00 ns, 695.0676 ns/op
WorkloadResult  31: 345920 op, 239852915.00 ns, 693.3768 ns/op
WorkloadResult  32: 345920 op, 241203864.00 ns, 697.2822 ns/op
WorkloadResult  33: 345920 op, 239324564.00 ns, 691.8495 ns/op
WorkloadResult  34: 345920 op, 243693460.00 ns, 704.4792 ns/op
WorkloadResult  35: 345920 op, 244027283.00 ns, 705.4443 ns/op
WorkloadResult  36: 345920 op, 238905589.00 ns, 690.6383 ns/op
WorkloadResult  37: 345920 op, 237680228.00 ns, 687.0959 ns/op
WorkloadResult  38: 345920 op, 240357060.00 ns, 694.8342 ns/op
WorkloadResult  39: 345920 op, 242631758.00 ns, 701.4100 ns/op
WorkloadResult  40: 345920 op, 241222980.00 ns, 697.3375 ns/op
WorkloadResult  41: 345920 op, 242943670.00 ns, 702.3117 ns/op
WorkloadResult  42: 345920 op, 240449385.00 ns, 695.1011 ns/op
WorkloadResult  43: 345920 op, 245795803.00 ns, 710.5568 ns/op
WorkloadResult  44: 345920 op, 242820065.00 ns, 701.9544 ns/op
WorkloadResult  45: 345920 op, 239895034.00 ns, 693.4986 ns/op
WorkloadResult  46: 345920 op, 243608810.00 ns, 704.2345 ns/op
WorkloadResult  47: 345920 op, 282013344.00 ns, 815.2560 ns/op
WorkloadResult  48: 345920 op, 239621486.00 ns, 692.7078 ns/op
WorkloadResult  49: 345920 op, 241630672.00 ns, 698.5160 ns/op
WorkloadResult  50: 345920 op, 240969420.00 ns, 696.6045 ns/op
WorkloadResult  51: 345920 op, 243277722.00 ns, 703.2774 ns/op
WorkloadResult  52: 345920 op, 244263780.00 ns, 706.1279 ns/op
WorkloadResult  53: 345920 op, 237899785.00 ns, 687.7306 ns/op
WorkloadResult  54: 345920 op, 243673973.00 ns, 704.4229 ns/op
WorkloadResult  55: 345920 op, 243396157.00 ns, 703.6198 ns/op
WorkloadResult  56: 345920 op, 236160239.00 ns, 682.7019 ns/op
WorkloadResult  57: 345920 op, 234762581.00 ns, 678.6615 ns/op
WorkloadResult  58: 345920 op, 244036490.00 ns, 705.4709 ns/op
WorkloadResult  59: 345920 op, 243136875.00 ns, 702.8702 ns/op
WorkloadResult  60: 345920 op, 243993107.00 ns, 705.3455 ns/op
WorkloadResult  61: 345920 op, 237594786.00 ns, 686.8489 ns/op
WorkloadResult  62: 345920 op, 235829673.00 ns, 681.7463 ns/op
WorkloadResult  63: 345920 op, 239902779.00 ns, 693.5210 ns/op
WorkloadResult  64: 345920 op, 237772723.00 ns, 687.3633 ns/op
WorkloadResult  65: 345920 op, 232931051.00 ns, 673.3668 ns/op
WorkloadResult  66: 345920 op, 235511711.00 ns, 680.8271 ns/op
WorkloadResult  67: 345920 op, 238927231.00 ns, 690.7008 ns/op
WorkloadResult  68: 345920 op, 243576969.00 ns, 704.1425 ns/op
WorkloadResult  69: 345920 op, 241308662.00 ns, 697.5852 ns/op
WorkloadResult  70: 345920 op, 241451923.00 ns, 697.9993 ns/op
WorkloadResult  71: 345920 op, 244355975.00 ns, 706.3945 ns/op
WorkloadResult  72: 345920 op, 243661129.00 ns, 704.3858 ns/op
WorkloadResult  73: 345920 op, 245985882.00 ns, 711.1063 ns/op
WorkloadResult  74: 345920 op, 237525345.00 ns, 686.6482 ns/op
WorkloadResult  75: 345920 op, 240226041.00 ns, 694.4555 ns/op
WorkloadResult  76: 345920 op, 239507650.00 ns, 692.3787 ns/op
WorkloadResult  77: 345920 op, 238872707.00 ns, 690.5432 ns/op
WorkloadResult  78: 345920 op, 241236956.00 ns, 697.3779 ns/op
WorkloadResult  79: 345920 op, 244813211.00 ns, 707.7163 ns/op
WorkloadResult  80: 345920 op, 243900793.00 ns, 705.0786 ns/op
WorkloadResult  81: 345920 op, 241570668.00 ns, 698.3426 ns/op
WorkloadResult  82: 345920 op, 244894987.00 ns, 707.9527 ns/op
WorkloadResult  83: 345920 op, 241492721.00 ns, 698.1173 ns/op
WorkloadResult  84: 345920 op, 244051569.00 ns, 705.5145 ns/op
WorkloadResult  85: 345920 op, 243410805.00 ns, 703.6621 ns/op
WorkloadResult  86: 345920 op, 238464584.00 ns, 689.3634 ns/op
WorkloadResult  87: 345920 op, 240181938.00 ns, 694.3280 ns/op
WorkloadResult  88: 345920 op, 244151218.00 ns, 705.8025 ns/op
WorkloadResult  89: 345920 op, 241359008.00 ns, 697.7307 ns/op
WorkloadResult  90: 345920 op, 239801387.00 ns, 693.2279 ns/op
WorkloadResult  91: 345920 op, 238035161.00 ns, 688.1220 ns/op
WorkloadResult  92: 345920 op, 240044979.00 ns, 693.9321 ns/op
WorkloadResult  93: 345920 op, 260628482.00 ns, 753.4357 ns/op
WorkloadResult  94: 345920 op, 248475409.00 ns, 718.3031 ns/op
WorkloadResult  95: 345920 op, 255833498.00 ns, 739.5742 ns/op
WorkloadResult  96: 345920 op, 242495851.00 ns, 701.0171 ns/op
// GC:  145 0 0 1217638400 345920
// Threading:  0 0 345920

// AfterAll
// Benchmark Process 47679 has exited with code 0.

Mean = 725.704 ns, StdErr = 5.032 ns (0.69%), N = 96, StdDev = 49.308 ns
Min = 673.367 ns, Q1 = 694.424 ns, Median = 703.902 ns, Q3 = 743.675 ns, Max = 846.648 ns
IQR = 49.252 ns, LowerFence = 620.546 ns, UpperFence = 817.553 ns
ConfidenceInterval = [708.614 ns; 742.793 ns] (CI 99.9%), Margin = 17.090 ns (2.35% of Mean)
Skewness = 1.36, Kurtosis = 3.46, MValue = 2.3

// ** Remained 57 (73.1%) benchmark(s) to run. Estimated finish 2026-02-19 8:52 (0h 19m from now) **
// **************************
// Benchmark: Scenario1.S1_CheckVoidErrorNoMessage_LightResults: .NET 10.0(Runtime=.NET 10.0, IterationTime=250ms) [Iterations=10]
// *** Execute ***
// Launch: 1 / 1
// Execute: dotnet "Enumerations.Options.Benchmarks-.NET 10.0-1.dll" --anonymousPipes 114 116 --benchmarkName "ReillyDigital.Enumerations.Options.Benchmarks.Scenarios.Scenario1.S1_CheckVoidErrorNoMessage_LightResults(Iterations: 10)" --job ".NET 10.0" --benchmarkId 21 in /media/andrew/Slowverflow/x/devs/reilly-digital/dotnet/enumerations.options.benchmarks/bin/Debug/net10.0/Enumerations.Options.Benchmarks-.NET 10.0-1/bin/Release/net10.0
// Failed to set up high priority (Permission denied). In order to run benchmarks with high priority, make sure you have the right permissions.
// BeforeAnythingElse

// Benchmark Process Environment Information:
// BenchmarkDotNet v0.15.8
// Runtime=.NET 10.0.3 (10.0.3, 10.0.326.7603), X64 RyuJIT x86-64-v3
// GC=Concurrent Workstation
// HardwareIntrinsics=AVX2+BMI1+BMI2+F16C+FMA+LZCNT+MOVBE,AVX,SSE3+SSSE3+SSE4.1+SSE4.2+POPCNT,X86Base+SSE+SSE2,AES+PCLMUL VectorSize=256
// Job: .NET 10.0(IterationTime=250ms)

OverheadJitting  1: 1 op, 161015.00 ns, 161.0150 us/op
WorkloadJitting  1: 1 op, 3122877.00 ns, 3.1229 ms/op

OverheadJitting  2: 16 op, 235997.00 ns, 14.7498 us/op
WorkloadJitting  2: 16 op, 197654.00 ns, 12.3534 us/op

WorkloadPilot    1: 16 op, 2866.00 ns, 179.1250 ns/op
WorkloadPilot    2: 1395680 op, 180741462.00 ns, 129.5006 ns/op
WorkloadPilot    3: 1930496 op, 9514805.00 ns, 4.9287 ns/op
WorkloadPilot    4: 50723488 op, 247240409.00 ns, 4.8743 ns/op
WorkloadPilot    5: 51289648 op, 248201470.00 ns, 4.8392 ns/op
WorkloadPilot    6: 51661312 op, 252302549.00 ns, 4.8838 ns/op
WorkloadPilot    7: 51189856 op, 248815603.00 ns, 4.8606 ns/op
WorkloadPilot    8: 51433536 op, 249567818.00 ns, 4.8522 ns/op
WorkloadPilot    9: 51522608 op, 249405050.00 ns, 4.8407 ns/op
WorkloadPilot   10: 51645520 op, 250536333.00 ns, 4.8511 ns/op
WorkloadPilot   11: 51534960 op, 248520965.00 ns, 4.8224 ns/op
WorkloadPilot   12: 51841664 op, 250542274.00 ns, 4.8328 ns/op

OverheadWarmup   1: 51841664 op, 129315919.00 ns, 2.4944 ns/op
OverheadWarmup   2: 51841664 op, 107652400.00 ns, 2.0766 ns/op
OverheadWarmup   3: 51841664 op, 79100400.00 ns, 1.5258 ns/op
OverheadWarmup   4: 51841664 op, 78636701.00 ns, 1.5169 ns/op
OverheadWarmup   5: 51841664 op, 79855490.00 ns, 1.5404 ns/op
OverheadWarmup   6: 51841664 op, 78878950.00 ns, 1.5215 ns/op
OverheadWarmup   7: 51841664 op, 78240821.00 ns, 1.5092 ns/op
OverheadWarmup   8: 51841664 op, 78316454.00 ns, 1.5107 ns/op
OverheadWarmup   9: 51841664 op, 78582879.00 ns, 1.5158 ns/op
OverheadWarmup  10: 51841664 op, 79392312.00 ns, 1.5314 ns/op

OverheadActual   1: 51841664 op, 77960040.00 ns, 1.5038 ns/op
OverheadActual   2: 51841664 op, 77925875.00 ns, 1.5032 ns/op
OverheadActual   3: 51841664 op, 77917088.00 ns, 1.5030 ns/op
OverheadActual   4: 51841664 op, 78319019.00 ns, 1.5107 ns/op
OverheadActual   5: 51841664 op, 78050321.00 ns, 1.5056 ns/op
OverheadActual   6: 51841664 op, 78557292.00 ns, 1.5153 ns/op
OverheadActual   7: 51841664 op, 78609820.00 ns, 1.5163 ns/op
OverheadActual   8: 51841664 op, 78250610.00 ns, 1.5094 ns/op
OverheadActual   9: 51841664 op, 78670546.00 ns, 1.5175 ns/op
OverheadActual  10: 51841664 op, 79571191.00 ns, 1.5349 ns/op
OverheadActual  11: 51841664 op, 78527785.00 ns, 1.5148 ns/op
OverheadActual  12: 51841664 op, 78325121.00 ns, 1.5109 ns/op
OverheadActual  13: 51841664 op, 78215444.00 ns, 1.5087 ns/op
OverheadActual  14: 51841664 op, 77870750.00 ns, 1.5021 ns/op
OverheadActual  15: 51841664 op, 78041404.00 ns, 1.5054 ns/op

WorkloadWarmup   1: 51841664 op, 249174163.00 ns, 4.8064 ns/op
WorkloadWarmup   2: 51841664 op, 250880805.00 ns, 4.8394 ns/op
WorkloadWarmup   3: 51841664 op, 251251718.00 ns, 4.8465 ns/op
WorkloadWarmup   4: 51841664 op, 247768279.00 ns, 4.7793 ns/op
WorkloadWarmup   5: 51841664 op, 251416550.00 ns, 4.8497 ns/op
WorkloadWarmup   6: 51841664 op, 251400670.00 ns, 4.8494 ns/op

// BeforeActualRun
WorkloadActual   1: 51841664 op, 253964257.00 ns, 4.8988 ns/op
WorkloadActual   2: 51841664 op, 250312149.00 ns, 4.8284 ns/op
WorkloadActual   3: 51841664 op, 249700710.00 ns, 4.8166 ns/op
WorkloadActual   4: 51841664 op, 249370524.00 ns, 4.8102 ns/op
WorkloadActual   5: 51841664 op, 249875952.00 ns, 4.8200 ns/op
WorkloadActual   6: 51841664 op, 250083886.00 ns, 4.8240 ns/op
WorkloadActual   7: 51841664 op, 248937725.00 ns, 4.8019 ns/op
WorkloadActual   8: 51841664 op, 250147255.00 ns, 4.8252 ns/op
WorkloadActual   9: 51841664 op, 250096730.00 ns, 4.8242 ns/op
WorkloadActual  10: 51841664 op, 251360073.00 ns, 4.8486 ns/op
WorkloadActual  11: 51841664 op, 251151508.00 ns, 4.8446 ns/op
WorkloadActual  12: 51841664 op, 251815316.00 ns, 4.8574 ns/op
WorkloadActual  13: 51841664 op, 250411877.00 ns, 4.8303 ns/op
WorkloadActual  14: 51841664 op, 265998114.00 ns, 5.1310 ns/op
WorkloadActual  15: 51841664 op, 254266339.00 ns, 4.9047 ns/op

// AfterActualRun
WorkloadResult   1: 51841664 op, 175713647.00 ns, 3.3894 ns/op
WorkloadResult   2: 51841664 op, 172061539.00 ns, 3.3190 ns/op
WorkloadResult   3: 51841664 op, 171450100.00 ns, 3.3072 ns/op
WorkloadResult   4: 51841664 op, 171119914.00 ns, 3.3008 ns/op
WorkloadResult   5: 51841664 op, 171625342.00 ns, 3.3106 ns/op
WorkloadResult   6: 51841664 op, 171833276.00 ns, 3.3146 ns/op
WorkloadResult   7: 51841664 op, 170687115.00 ns, 3.2925 ns/op
WorkloadResult   8: 51841664 op, 171896645.00 ns, 3.3158 ns/op
WorkloadResult   9: 51841664 op, 171846120.00 ns, 3.3148 ns/op
WorkloadResult  10: 51841664 op, 173109463.00 ns, 3.3392 ns/op
WorkloadResult  11: 51841664 op, 172900898.00 ns, 3.3352 ns/op
WorkloadResult  12: 51841664 op, 173564706.00 ns, 3.3480 ns/op
WorkloadResult  13: 51841664 op, 172161267.00 ns, 3.3209 ns/op
// GC:  0 0 0 0 51841664
// Threading:  0 0 51841664

// AfterAll
// Benchmark Process 47865 has exited with code 0.

Mean = 3.324 ns, StdErr = 0.007 ns (0.21%), N = 13, StdDev = 0.025 ns
Min = 3.292 ns, Q1 = 3.311 ns, Median = 3.316 ns, Q3 = 3.335 ns, Max = 3.389 ns
IQR = 0.025 ns, LowerFence = 3.274 ns, UpperFence = 3.372 ns
ConfidenceInterval = [3.294 ns; 3.354 ns] (CI 99.9%), Margin = 0.030 ns (0.90% of Mean)
Skewness = 1.25, Kurtosis = 4.05, MValue = 2

// ** Remained 56 (71.8%) benchmark(s) to run. Estimated finish 2026-02-19 8:52 (0h 18m from now) **
// **************************
// Benchmark: Scenario1.S1_CheckVoidErrorNoMessage_Rascal: .NET 10.0(Runtime=.NET 10.0, IterationTime=250ms) [Iterations=10]
// *** Execute ***
// Launch: 1 / 1
// Execute: dotnet "Enumerations.Options.Benchmarks-.NET 10.0-1.dll" --anonymousPipes 114 116 --benchmarkName "ReillyDigital.Enumerations.Options.Benchmarks.Scenarios.Scenario1.S1_CheckVoidErrorNoMessage_Rascal(Iterations: 10)" --job ".NET 10.0" --benchmarkId 22 in /media/andrew/Slowverflow/x/devs/reilly-digital/dotnet/enumerations.options.benchmarks/bin/Debug/net10.0/Enumerations.Options.Benchmarks-.NET 10.0-1/bin/Release/net10.0
// Failed to set up high priority (Permission denied). In order to run benchmarks with high priority, make sure you have the right permissions.
// BeforeAnythingElse

// Benchmark Process Environment Information:
// BenchmarkDotNet v0.15.8
// Runtime=.NET 10.0.3 (10.0.3, 10.0.326.7603), X64 RyuJIT x86-64-v3
// GC=Concurrent Workstation
// HardwareIntrinsics=AVX2+BMI1+BMI2+F16C+FMA+LZCNT+MOVBE,AVX,SSE3+SSSE3+SSE4.1+SSE4.2+POPCNT,X86Base+SSE+SSE2,AES+PCLMUL VectorSize=256
// Job: .NET 10.0(IterationTime=250ms)

OverheadJitting  1: 1 op, 157538.00 ns, 157.5380 us/op
WorkloadJitting  1: 1 op, 2747705.00 ns, 2.7477 ms/op

OverheadJitting  2: 16 op, 222020.00 ns, 13.8763 us/op
WorkloadJitting  2: 16 op, 229014.00 ns, 14.3134 us/op

WorkloadPilot    1: 16 op, 8126.00 ns, 507.8750 ns/op
WorkloadPilot    2: 492256 op, 149400439.00 ns, 303.5015 ns/op
WorkloadPilot    3: 823728 op, 70066205.00 ns, 85.0599 ns/op
WorkloadPilot    4: 2939120 op, 136915847.00 ns, 46.5840 ns/op
WorkloadPilot    5: 5366656 op, 234442414.00 ns, 43.6850 ns/op
WorkloadPilot    6: 5722800 op, 247206775.00 ns, 43.1968 ns/op
WorkloadPilot    7: 5787472 op, 248617759.00 ns, 42.9579 ns/op
WorkloadPilot    8: 5819664 op, 264813951.00 ns, 45.5033 ns/op
WorkloadPilot    9: 5494112 op, 273511207.00 ns, 49.7826 ns/op
WorkloadPilot   10: 5021840 op, 227473412.00 ns, 45.2968 ns/op
WorkloadPilot   11: 5519152 op, 274306914.00 ns, 49.7009 ns/op

OverheadWarmup   1: 5519152 op, 14008057.00 ns, 2.5381 ns/op
OverheadWarmup   2: 5519152 op, 14475102.00 ns, 2.6227 ns/op
OverheadWarmup   3: 5519152 op, 14413505.00 ns, 2.6115 ns/op
OverheadWarmup   4: 5519152 op, 14045489.00 ns, 2.5449 ns/op
OverheadWarmup   5: 5519152 op, 14151519.00 ns, 2.5641 ns/op
OverheadWarmup   6: 5519152 op, 14601702.00 ns, 2.6456 ns/op
OverheadWarmup   7: 5519152 op, 14139747.00 ns, 2.5619 ns/op

OverheadActual   1: 5519152 op, 14232282.00 ns, 2.5787 ns/op
OverheadActual   2: 5519152 op, 13922756.00 ns, 2.5226 ns/op
OverheadActual   3: 5519152 op, 13970186.00 ns, 2.5312 ns/op
OverheadActual   4: 5519152 op, 14042983.00 ns, 2.5444 ns/op
OverheadActual   5: 5519152 op, 14251509.00 ns, 2.5822 ns/op
OverheadActual   6: 5519152 op, 14259263.00 ns, 2.5836 ns/op
OverheadActual   7: 5519152 op, 14098289.00 ns, 2.5544 ns/op
OverheadActual   8: 5519152 op, 14144817.00 ns, 2.5629 ns/op
OverheadActual   9: 5519152 op, 13959725.00 ns, 2.5293 ns/op
OverheadActual  10: 5519152 op, 13882800.00 ns, 2.5154 ns/op
OverheadActual  11: 5519152 op, 13902166.00 ns, 2.5189 ns/op
OverheadActual  12: 5519152 op, 14300141.00 ns, 2.5910 ns/op
OverheadActual  13: 5519152 op, 13567884.00 ns, 2.4583 ns/op
OverheadActual  14: 5519152 op, 9725314.00 ns, 1.7621 ns/op
OverheadActual  15: 5519152 op, 9532539.00 ns, 1.7272 ns/op
OverheadActual  16: 5519152 op, 9759479.00 ns, 1.7683 ns/op
OverheadActual  17: 5519152 op, 9566292.00 ns, 1.7333 ns/op
OverheadActual  18: 5519152 op, 10054958.00 ns, 1.8218 ns/op
OverheadActual  19: 5519152 op, 9803613.00 ns, 1.7763 ns/op
OverheadActual  20: 5519152 op, 9899694.00 ns, 1.7937 ns/op

WorkloadWarmup   1: 5519152 op, 257359749.00 ns, 46.6303 ns/op
WorkloadWarmup   2: 5519152 op, 244113184.00 ns, 44.2302 ns/op
WorkloadWarmup   3: 5519152 op, 236742381.00 ns, 42.8947 ns/op
WorkloadWarmup   4: 5519152 op, 237564098.00 ns, 43.0436 ns/op
WorkloadWarmup   5: 5519152 op, 237115749.00 ns, 42.9624 ns/op
WorkloadWarmup   6: 5519152 op, 237668495.00 ns, 43.0625 ns/op
WorkloadWarmup   7: 5519152 op, 234396367.00 ns, 42.4696 ns/op

// BeforeActualRun
WorkloadActual   1: 5519152 op, 294079202.00 ns, 53.2834 ns/op
WorkloadActual   2: 5519152 op, 271979596.00 ns, 49.2792 ns/op
WorkloadActual   3: 5519152 op, 234944214.00 ns, 42.5689 ns/op
WorkloadActual   4: 5519152 op, 235521428.00 ns, 42.6735 ns/op
WorkloadActual   5: 5519152 op, 234069288.00 ns, 42.4104 ns/op
WorkloadActual   6: 5519152 op, 238540427.00 ns, 43.2205 ns/op
WorkloadActual   7: 5519152 op, 249795980.00 ns, 45.2598 ns/op
WorkloadActual   8: 5519152 op, 235111932.00 ns, 42.5993 ns/op
WorkloadActual   9: 5519152 op, 240935505.00 ns, 43.6544 ns/op
WorkloadActual  10: 5519152 op, 292626189.00 ns, 53.0201 ns/op
WorkloadActual  11: 5519152 op, 300067867.00 ns, 54.3685 ns/op
WorkloadActual  12: 5519152 op, 300172595.00 ns, 54.3874 ns/op
WorkloadActual  13: 5519152 op, 274252772.00 ns, 49.6911 ns/op
WorkloadActual  14: 5519152 op, 298566192.00 ns, 54.0964 ns/op
WorkloadActual  15: 5519152 op, 298880106.00 ns, 54.1533 ns/op
WorkloadActual  16: 5519152 op, 295055221.00 ns, 53.4602 ns/op
WorkloadActual  17: 5519152 op, 293177774.00 ns, 53.1201 ns/op
WorkloadActual  18: 5519152 op, 252720040.00 ns, 45.7897 ns/op
WorkloadActual  19: 5519152 op, 263136673.00 ns, 47.6770 ns/op
WorkloadActual  20: 5519152 op, 309353327.00 ns, 56.0509 ns/op
WorkloadActual  21: 5519152 op, 301131552.00 ns, 54.5612 ns/op
WorkloadActual  22: 5519152 op, 241063357.00 ns, 43.6776 ns/op
WorkloadActual  23: 5519152 op, 237959507.00 ns, 43.1152 ns/op
WorkloadActual  24: 5519152 op, 244501711.00 ns, 44.3006 ns/op
WorkloadActual  25: 5519152 op, 236617324.00 ns, 42.8720 ns/op
WorkloadActual  26: 5519152 op, 236779813.00 ns, 42.9015 ns/op
WorkloadActual  27: 5519152 op, 236758903.00 ns, 42.8977 ns/op
WorkloadActual  28: 5519152 op, 237935021.00 ns, 43.1108 ns/op
WorkloadActual  29: 5519152 op, 237365441.00 ns, 43.0076 ns/op
WorkloadActual  30: 5519152 op, 236296176.00 ns, 42.8139 ns/op
WorkloadActual  31: 5519152 op, 237788433.00 ns, 43.0842 ns/op
WorkloadActual  32: 5519152 op, 237865679.00 ns, 43.0982 ns/op
WorkloadActual  33: 5519152 op, 237919181.00 ns, 43.1079 ns/op
WorkloadActual  34: 5519152 op, 238279753.00 ns, 43.1733 ns/op
WorkloadActual  35: 5519152 op, 241965246.00 ns, 43.8410 ns/op
WorkloadActual  36: 5519152 op, 242751836.00 ns, 43.9835 ns/op
WorkloadActual  37: 5519152 op, 238669943.00 ns, 43.2440 ns/op
WorkloadActual  38: 5519152 op, 298047029.00 ns, 54.0023 ns/op
WorkloadActual  39: 5519152 op, 240911099.00 ns, 43.6500 ns/op
WorkloadActual  40: 5519152 op, 236982466.00 ns, 42.9382 ns/op
WorkloadActual  41: 5519152 op, 238851947.00 ns, 43.2769 ns/op
WorkloadActual  42: 5519152 op, 240712773.00 ns, 43.6141 ns/op
WorkloadActual  43: 5519152 op, 241083725.00 ns, 43.6813 ns/op
WorkloadActual  44: 5519152 op, 241457854.00 ns, 43.7491 ns/op
WorkloadActual  45: 5519152 op, 245420401.00 ns, 44.4670 ns/op
WorkloadActual  46: 5519152 op, 277475567.00 ns, 50.2750 ns/op
WorkloadActual  47: 5519152 op, 257049351.00 ns, 46.5741 ns/op
WorkloadActual  48: 5519152 op, 236363403.00 ns, 42.8260 ns/op
WorkloadActual  49: 5519152 op, 235693935.00 ns, 42.7047 ns/op
WorkloadActual  50: 5519152 op, 271714964.00 ns, 49.2313 ns/op
WorkloadActual  51: 5519152 op, 299413036.00 ns, 54.2498 ns/op
WorkloadActual  52: 5519152 op, 304482651.00 ns, 55.1684 ns/op
WorkloadActual  53: 5519152 op, 285062240.00 ns, 51.6496 ns/op
WorkloadActual  54: 5519152 op, 303613714.00 ns, 55.0109 ns/op
WorkloadActual  55: 5519152 op, 304565797.00 ns, 55.1834 ns/op
WorkloadActual  56: 5519152 op, 305806308.00 ns, 55.4082 ns/op
WorkloadActual  57: 5519152 op, 306436471.00 ns, 55.5224 ns/op
WorkloadActual  58: 5519152 op, 294700539.00 ns, 53.3960 ns/op
WorkloadActual  59: 5519152 op, 242975400.00 ns, 44.0240 ns/op
WorkloadActual  60: 5519152 op, 233825265.00 ns, 42.3662 ns/op
WorkloadActual  61: 5519152 op, 235864739.00 ns, 42.7357 ns/op
WorkloadActual  62: 5519152 op, 257541223.00 ns, 46.6632 ns/op
WorkloadActual  63: 5519152 op, 253639521.00 ns, 45.9562 ns/op
WorkloadActual  64: 5519152 op, 259217779.00 ns, 46.9670 ns/op
WorkloadActual  65: 5519152 op, 236235651.00 ns, 42.8029 ns/op
WorkloadActual  66: 5519152 op, 251165004.00 ns, 45.5079 ns/op
WorkloadActual  67: 5519152 op, 279903667.00 ns, 50.7150 ns/op
WorkloadActual  68: 5519152 op, 265575964.00 ns, 48.1190 ns/op
WorkloadActual  69: 5519152 op, 336740741.00 ns, 61.0131 ns/op
WorkloadActual  70: 5519152 op, 282863685.00 ns, 51.2513 ns/op
WorkloadActual  71: 5519152 op, 258212054.00 ns, 46.7847 ns/op
WorkloadActual  72: 5519152 op, 245543193.00 ns, 44.4893 ns/op
WorkloadActual  73: 5519152 op, 242944581.00 ns, 44.0185 ns/op
WorkloadActual  74: 5519152 op, 247829585.00 ns, 44.9036 ns/op
WorkloadActual  75: 5519152 op, 251527851.00 ns, 45.5736 ns/op
WorkloadActual  76: 5519152 op, 245435229.00 ns, 44.4697 ns/op
WorkloadActual  77: 5519152 op, 251497684.00 ns, 45.5682 ns/op
WorkloadActual  78: 5519152 op, 256376637.00 ns, 46.4522 ns/op
WorkloadActual  79: 5519152 op, 249354845.00 ns, 45.1799 ns/op
WorkloadActual  80: 5519152 op, 240386345.00 ns, 43.5549 ns/op
WorkloadActual  81: 5519152 op, 285129367.00 ns, 51.6618 ns/op
WorkloadActual  82: 5519152 op, 242772295.00 ns, 43.9872 ns/op
WorkloadActual  83: 5519152 op, 255090079.00 ns, 46.2191 ns/op
WorkloadActual  84: 5519152 op, 312082969.00 ns, 56.5455 ns/op
WorkloadActual  85: 5519152 op, 252912014.00 ns, 45.8244 ns/op
WorkloadActual  86: 5519152 op, 234556460.00 ns, 42.4986 ns/op
WorkloadActual  87: 5519152 op, 236187249.00 ns, 42.7941 ns/op
WorkloadActual  88: 5519152 op, 237978463.00 ns, 43.1187 ns/op
WorkloadActual  89: 5519152 op, 238783307.00 ns, 43.2645 ns/op
WorkloadActual  90: 5519152 op, 237566182.00 ns, 43.0440 ns/op
WorkloadActual  91: 5519152 op, 238547451.00 ns, 43.2218 ns/op
WorkloadActual  92: 5519152 op, 236348024.00 ns, 42.8232 ns/op
WorkloadActual  93: 5519152 op, 237858936.00 ns, 43.0970 ns/op
WorkloadActual  94: 5519152 op, 240641909.00 ns, 43.6012 ns/op
WorkloadActual  95: 5519152 op, 239162626.00 ns, 43.3332 ns/op
WorkloadActual  96: 5519152 op, 236507577.00 ns, 42.8522 ns/op
WorkloadActual  97: 5519152 op, 235905837.00 ns, 42.7431 ns/op
WorkloadActual  98: 5519152 op, 234488631.00 ns, 42.4864 ns/op
WorkloadActual  99: 5519152 op, 235658138.00 ns, 42.6983 ns/op
WorkloadActual  100: 5519152 op, 237706768.00 ns, 43.0694 ns/op

// AfterActualRun
WorkloadResult   1: 5519152 op, 280166741.00 ns, 50.7626 ns/op
WorkloadResult   2: 5519152 op, 258067135.00 ns, 46.7585 ns/op
WorkloadResult   3: 5519152 op, 221031753.00 ns, 40.0481 ns/op
WorkloadResult   4: 5519152 op, 221608967.00 ns, 40.1527 ns/op
WorkloadResult   5: 5519152 op, 220156827.00 ns, 39.8896 ns/op
WorkloadResult   6: 5519152 op, 224627966.00 ns, 40.6997 ns/op
WorkloadResult   7: 5519152 op, 235883519.00 ns, 42.7391 ns/op
WorkloadResult   8: 5519152 op, 221199471.00 ns, 40.0785 ns/op
WorkloadResult   9: 5519152 op, 227023044.00 ns, 41.1337 ns/op
WorkloadResult  10: 5519152 op, 278713728.00 ns, 50.4994 ns/op
WorkloadResult  11: 5519152 op, 286155406.00 ns, 51.8477 ns/op
WorkloadResult  12: 5519152 op, 286260134.00 ns, 51.8667 ns/op
WorkloadResult  13: 5519152 op, 260340311.00 ns, 47.1703 ns/op
WorkloadResult  14: 5519152 op, 284653731.00 ns, 51.5756 ns/op
WorkloadResult  15: 5519152 op, 284967645.00 ns, 51.6325 ns/op
WorkloadResult  16: 5519152 op, 281142760.00 ns, 50.9395 ns/op
WorkloadResult  17: 5519152 op, 279265313.00 ns, 50.5993 ns/op
WorkloadResult  18: 5519152 op, 238807579.00 ns, 43.2689 ns/op
WorkloadResult  19: 5519152 op, 249224212.00 ns, 45.1563 ns/op
WorkloadResult  20: 5519152 op, 295440866.00 ns, 53.5301 ns/op
WorkloadResult  21: 5519152 op, 287219091.00 ns, 52.0404 ns/op
WorkloadResult  22: 5519152 op, 227150896.00 ns, 41.1568 ns/op
WorkloadResult  23: 5519152 op, 224047046.00 ns, 40.5945 ns/op
WorkloadResult  24: 5519152 op, 230589250.00 ns, 41.7798 ns/op
WorkloadResult  25: 5519152 op, 222704863.00 ns, 40.3513 ns/op
WorkloadResult  26: 5519152 op, 222867352.00 ns, 40.3807 ns/op
WorkloadResult  27: 5519152 op, 222846442.00 ns, 40.3769 ns/op
WorkloadResult  28: 5519152 op, 224022560.00 ns, 40.5900 ns/op
WorkloadResult  29: 5519152 op, 223452980.00 ns, 40.4868 ns/op
WorkloadResult  30: 5519152 op, 222383715.00 ns, 40.2931 ns/op
WorkloadResult  31: 5519152 op, 223875972.00 ns, 40.5635 ns/op
WorkloadResult  32: 5519152 op, 223953218.00 ns, 40.5775 ns/op
WorkloadResult  33: 5519152 op, 224006720.00 ns, 40.5872 ns/op
WorkloadResult  34: 5519152 op, 224367292.00 ns, 40.6525 ns/op
WorkloadResult  35: 5519152 op, 228052785.00 ns, 41.3203 ns/op
WorkloadResult  36: 5519152 op, 228839375.00 ns, 41.4628 ns/op
WorkloadResult  37: 5519152 op, 224757482.00 ns, 40.7232 ns/op
WorkloadResult  38: 5519152 op, 284134568.00 ns, 51.4816 ns/op
WorkloadResult  39: 5519152 op, 226998638.00 ns, 41.1293 ns/op
WorkloadResult  40: 5519152 op, 223070005.00 ns, 40.4174 ns/op
WorkloadResult  41: 5519152 op, 224939486.00 ns, 40.7562 ns/op
WorkloadResult  42: 5519152 op, 226800312.00 ns, 41.0933 ns/op
WorkloadResult  43: 5519152 op, 227171264.00 ns, 41.1605 ns/op
WorkloadResult  44: 5519152 op, 227545393.00 ns, 41.2283 ns/op
WorkloadResult  45: 5519152 op, 231507940.00 ns, 41.9463 ns/op
WorkloadResult  46: 5519152 op, 263563106.00 ns, 47.7543 ns/op
WorkloadResult  47: 5519152 op, 243136890.00 ns, 44.0533 ns/op
WorkloadResult  48: 5519152 op, 222450942.00 ns, 40.3053 ns/op
WorkloadResult  49: 5519152 op, 221781474.00 ns, 40.1840 ns/op
WorkloadResult  50: 5519152 op, 257802503.00 ns, 46.7105 ns/op
WorkloadResult  51: 5519152 op, 285500575.00 ns, 51.7291 ns/op
WorkloadResult  52: 5519152 op, 290570190.00 ns, 52.6476 ns/op
WorkloadResult  53: 5519152 op, 271149779.00 ns, 49.1289 ns/op
WorkloadResult  54: 5519152 op, 289701253.00 ns, 52.4902 ns/op
WorkloadResult  55: 5519152 op, 290653336.00 ns, 52.6627 ns/op
WorkloadResult  56: 5519152 op, 291893847.00 ns, 52.8874 ns/op
WorkloadResult  57: 5519152 op, 292524010.00 ns, 53.0016 ns/op
WorkloadResult  58: 5519152 op, 280788078.00 ns, 50.8752 ns/op
WorkloadResult  59: 5519152 op, 229062939.00 ns, 41.5033 ns/op
WorkloadResult  60: 5519152 op, 219912804.00 ns, 39.8454 ns/op
WorkloadResult  61: 5519152 op, 221952278.00 ns, 40.2149 ns/op
WorkloadResult  62: 5519152 op, 243628762.00 ns, 44.1424 ns/op
WorkloadResult  63: 5519152 op, 239727060.00 ns, 43.4355 ns/op
WorkloadResult  64: 5519152 op, 245305318.00 ns, 44.4462 ns/op
WorkloadResult  65: 5519152 op, 222323190.00 ns, 40.2821 ns/op
WorkloadResult  66: 5519152 op, 237252543.00 ns, 42.9871 ns/op
WorkloadResult  67: 5519152 op, 265991206.00 ns, 48.1942 ns/op
WorkloadResult  68: 5519152 op, 251663503.00 ns, 45.5982 ns/op
WorkloadResult  69: 5519152 op, 268951224.00 ns, 48.7305 ns/op
WorkloadResult  70: 5519152 op, 244299593.00 ns, 44.2640 ns/op
WorkloadResult  71: 5519152 op, 231630732.00 ns, 41.9685 ns/op
WorkloadResult  72: 5519152 op, 229032120.00 ns, 41.4977 ns/op
WorkloadResult  73: 5519152 op, 233917124.00 ns, 42.3828 ns/op
WorkloadResult  74: 5519152 op, 237615390.00 ns, 43.0529 ns/op
WorkloadResult  75: 5519152 op, 231522768.00 ns, 41.9490 ns/op
WorkloadResult  76: 5519152 op, 237585223.00 ns, 43.0474 ns/op
WorkloadResult  77: 5519152 op, 242464176.00 ns, 43.9314 ns/op
WorkloadResult  78: 5519152 op, 235442384.00 ns, 42.6592 ns/op
WorkloadResult  79: 5519152 op, 226473884.00 ns, 41.0342 ns/op
WorkloadResult  80: 5519152 op, 271216906.00 ns, 49.1410 ns/op
WorkloadResult  81: 5519152 op, 228859834.00 ns, 41.4665 ns/op
WorkloadResult  82: 5519152 op, 241177618.00 ns, 43.6983 ns/op
WorkloadResult  83: 5519152 op, 298170508.00 ns, 54.0247 ns/op
WorkloadResult  84: 5519152 op, 238999553.00 ns, 43.3037 ns/op
WorkloadResult  85: 5519152 op, 220643999.00 ns, 39.9779 ns/op
WorkloadResult  86: 5519152 op, 222274788.00 ns, 40.2734 ns/op
WorkloadResult  87: 5519152 op, 224066002.00 ns, 40.5979 ns/op
WorkloadResult  88: 5519152 op, 224870846.00 ns, 40.7437 ns/op
WorkloadResult  89: 5519152 op, 223653721.00 ns, 40.5232 ns/op
WorkloadResult  90: 5519152 op, 224634990.00 ns, 40.7010 ns/op
WorkloadResult  91: 5519152 op, 222435563.00 ns, 40.3025 ns/op
WorkloadResult  92: 5519152 op, 223946475.00 ns, 40.5762 ns/op
WorkloadResult  93: 5519152 op, 226729448.00 ns, 41.0805 ns/op
WorkloadResult  94: 5519152 op, 225250165.00 ns, 40.8125 ns/op
WorkloadResult  95: 5519152 op, 222595116.00 ns, 40.3314 ns/op
WorkloadResult  96: 5519152 op, 221993376.00 ns, 40.2224 ns/op
WorkloadResult  97: 5519152 op, 220576170.00 ns, 39.9656 ns/op
WorkloadResult  98: 5519152 op, 221745677.00 ns, 40.1775 ns/op
WorkloadResult  99: 5519152 op, 223794307.00 ns, 40.5487 ns/op
// GC:  158 0 0 1324596480 5519152
// Threading:  0 0 5519152

// AfterAll
// Benchmark Process 47919 has exited with code 0.

Mean = 43.955 ns, StdErr = 0.452 ns (1.03%), N = 99, StdDev = 4.494 ns
Min = 39.845 ns, Q1 = 40.570 ns, Median = 41.498 ns, Q3 = 46.964 ns, Max = 54.025 ns
IQR = 6.395 ns, LowerFence = 30.978 ns, UpperFence = 56.556 ns
ConfidenceInterval = [42.423 ns; 45.488 ns] (CI 99.9%), Margin = 1.532 ns (3.49% of Mean)
Skewness = 0.97, Kurtosis = 2.35, MValue = 2.86

// ** Remained 55 (70.5%) benchmark(s) to run. Estimated finish 2026-02-19 8:52 (0h 18m from now) **
// **************************
// Benchmark: Scenario1.S1_CheckVoidErrorNoMessage_SimpleResults: .NET 10.0(Runtime=.NET 10.0, IterationTime=250ms) [Iterations=10]
// *** Execute ***
// Launch: 1 / 1
// Execute: dotnet "Enumerations.Options.Benchmarks-.NET 10.0-1.dll" --anonymousPipes 114 116 --benchmarkName "ReillyDigital.Enumerations.Options.Benchmarks.Scenarios.Scenario1.S1_CheckVoidErrorNoMessage_SimpleResults(Iterations: 10)" --job ".NET 10.0" --benchmarkId 23 in /media/andrew/Slowverflow/x/devs/reilly-digital/dotnet/enumerations.options.benchmarks/bin/Debug/net10.0/Enumerations.Options.Benchmarks-.NET 10.0-1/bin/Release/net10.0
// Failed to set up high priority (Permission denied). In order to run benchmarks with high priority, make sure you have the right permissions.
// BeforeAnythingElse

// Benchmark Process Environment Information:
// BenchmarkDotNet v0.15.8
// Runtime=.NET 10.0.3 (10.0.3, 10.0.326.7603), X64 RyuJIT x86-64-v3
// GC=Concurrent Workstation
// HardwareIntrinsics=AVX2+BMI1+BMI2+F16C+FMA+LZCNT+MOVBE,AVX,SSE3+SSSE3+SSE4.1+SSE4.2+POPCNT,X86Base+SSE+SSE2,AES+PCLMUL VectorSize=256
// Job: .NET 10.0(IterationTime=250ms)

OverheadJitting  1: 1 op, 175102.00 ns, 175.1020 us/op
WorkloadJitting  1: 1 op, 8141834.00 ns, 8.1418 ms/op

OverheadJitting  2: 16 op, 230848.00 ns, 14.4280 us/op
WorkloadJitting  2: 16 op, 262677.00 ns, 16.4173 us/op

WorkloadPilot    1: 16 op, 62588.00 ns, 3.9118 us/op
WorkloadPilot    2: 63920 op, 191153767.00 ns, 2.9905 us/op
WorkloadPilot    3: 83600 op, 71424248.00 ns, 854.3570 ns/op
WorkloadPilot    4: 292624 op, 230325245.00 ns, 787.1031 ns/op
WorkloadPilot    5: 317632 op, 247805429.00 ns, 780.1652 ns/op
WorkloadPilot    6: 320448 op, 246628470.00 ns, 769.6365 ns/op
WorkloadPilot    7: 324832 op, 249535086.00 ns, 768.1974 ns/op
WorkloadPilot    8: 325440 op, 245278572.00 ns, 753.6829 ns/op
WorkloadPilot    9: 331712 op, 249642740.00 ns, 752.5888 ns/op
WorkloadPilot   10: 332192 op, 249893094.00 ns, 752.2550 ns/op
WorkloadPilot   11: 332336 op, 247105834.00 ns, 743.5422 ns/op
WorkloadPilot   12: 336240 op, 252056152.00 ns, 749.6317 ns/op
WorkloadPilot   13: 333504 op, 250162204.00 ns, 750.1026 ns/op
WorkloadPilot   14: 333296 op, 249339656.00 ns, 748.1028 ns/op
WorkloadPilot   15: 334192 op, 251122023.00 ns, 751.4304 ns/op

OverheadWarmup   1: 334192 op, 922998.00 ns, 2.7619 ns/op
OverheadWarmup   2: 334192 op, 947014.00 ns, 2.8337 ns/op
OverheadWarmup   3: 334192 op, 914743.00 ns, 2.7372 ns/op
OverheadWarmup   4: 334192 op, 935051.00 ns, 2.7979 ns/op
OverheadWarmup   5: 334192 op, 951252.00 ns, 2.8464 ns/op
OverheadWarmup   6: 334192 op, 904063.00 ns, 2.7052 ns/op

OverheadActual   1: 334192 op, 966391.00 ns, 2.8917 ns/op
OverheadActual   2: 334192 op, 928248.00 ns, 2.7776 ns/op
OverheadActual   3: 334192 op, 946453.00 ns, 2.8321 ns/op
OverheadActual   4: 334192 op, 927868.00 ns, 2.7765 ns/op
OverheadActual   5: 334192 op, 922498.00 ns, 2.7604 ns/op
OverheadActual   6: 334192 op, 946052.00 ns, 2.8309 ns/op
OverheadActual   7: 334192 op, 895948.00 ns, 2.6809 ns/op
OverheadActual   8: 334192 op, 955190.00 ns, 2.8582 ns/op
OverheadActual   9: 334192 op, 931725.00 ns, 2.7880 ns/op
OverheadActual  10: 334192 op, 952113.00 ns, 2.8490 ns/op
OverheadActual  11: 334192 op, 914583.00 ns, 2.7367 ns/op
OverheadActual  12: 334192 op, 933990.00 ns, 2.7948 ns/op
OverheadActual  13: 334192 op, 930654.00 ns, 2.7848 ns/op
OverheadActual  14: 334192 op, 920042.00 ns, 2.7530 ns/op
OverheadActual  15: 334192 op, 918169.00 ns, 2.7474 ns/op

WorkloadWarmup   1: 334192 op, 261412037.00 ns, 782.2211 ns/op
WorkloadWarmup   2: 334192 op, 256177420.00 ns, 766.5576 ns/op
WorkloadWarmup   3: 334192 op, 260594528.00 ns, 779.7749 ns/op
WorkloadWarmup   4: 334192 op, 250742123.00 ns, 750.2936 ns/op
WorkloadWarmup   5: 334192 op, 248492531.00 ns, 743.5622 ns/op
WorkloadWarmup   6: 334192 op, 247647951.00 ns, 741.0349 ns/op
WorkloadWarmup   7: 334192 op, 249026523.00 ns, 745.1600 ns/op
WorkloadWarmup   8: 334192 op, 247797674.00 ns, 741.4830 ns/op

// BeforeActualRun
WorkloadActual   1: 334192 op, 250520804.00 ns, 749.6314 ns/op
WorkloadActual   2: 334192 op, 249962165.00 ns, 747.9598 ns/op
WorkloadActual   3: 334192 op, 250289274.00 ns, 748.9386 ns/op
WorkloadActual   4: 334192 op, 249390112.00 ns, 746.2480 ns/op
WorkloadActual   5: 334192 op, 248825191.00 ns, 744.5576 ns/op
WorkloadActual   6: 334192 op, 252650879.00 ns, 756.0052 ns/op
WorkloadActual   7: 334192 op, 249665814.00 ns, 747.0730 ns/op
WorkloadActual   8: 334192 op, 251519445.00 ns, 752.6196 ns/op
WorkloadActual   9: 334192 op, 250940498.00 ns, 750.8872 ns/op
WorkloadActual  10: 334192 op, 251427932.00 ns, 752.3458 ns/op
WorkloadActual  11: 334192 op, 253727979.00 ns, 759.2282 ns/op
WorkloadActual  12: 334192 op, 252693379.00 ns, 756.1323 ns/op
WorkloadActual  13: 334192 op, 249543693.00 ns, 746.7076 ns/op
WorkloadActual  14: 334192 op, 249748310.00 ns, 747.3198 ns/op
WorkloadActual  15: 334192 op, 250468725.00 ns, 749.4755 ns/op

// AfterActualRun
WorkloadResult   1: 334192 op, 249590150.00 ns, 746.8466 ns/op
WorkloadResult   2: 334192 op, 249031511.00 ns, 745.1750 ns/op
WorkloadResult   3: 334192 op, 249358620.00 ns, 746.1538 ns/op
WorkloadResult   4: 334192 op, 248459458.00 ns, 743.4632 ns/op
WorkloadResult   5: 334192 op, 247894537.00 ns, 741.7728 ns/op
WorkloadResult   6: 334192 op, 251720225.00 ns, 753.2204 ns/op
WorkloadResult   7: 334192 op, 248735160.00 ns, 744.2882 ns/op
WorkloadResult   8: 334192 op, 250588791.00 ns, 749.8348 ns/op
WorkloadResult   9: 334192 op, 250009844.00 ns, 748.1024 ns/op
WorkloadResult  10: 334192 op, 250497278.00 ns, 749.5610 ns/op
WorkloadResult  11: 334192 op, 252797325.00 ns, 756.4434 ns/op
WorkloadResult  12: 334192 op, 251762725.00 ns, 753.3476 ns/op
WorkloadResult  13: 334192 op, 248613039.00 ns, 743.9228 ns/op
WorkloadResult  14: 334192 op, 248817656.00 ns, 744.5350 ns/op
WorkloadResult  15: 334192 op, 249538071.00 ns, 746.6907 ns/op
// GC:  15 0 0 133676800 334192
// Threading:  0 0 334192

// AfterAll
// Benchmark Process 48073 has exited with code 0.

Mean = 747.557 ns, StdErr = 1.083 ns (0.14%), N = 15, StdDev = 4.194 ns
Min = 741.773 ns, Q1 = 744.412 ns, Median = 746.691 ns, Q3 = 749.698 ns, Max = 756.443 ns
IQR = 5.286 ns, LowerFence = 736.482 ns, UpperFence = 757.627 ns
ConfidenceInterval = [743.074 ns; 752.040 ns] (CI 99.9%), Margin = 4.483 ns (0.60% of Mean)
Skewness = 0.64, Kurtosis = 2.21, MValue = 2

// ** Remained 54 (69.2%) benchmark(s) to run. Estimated finish 2026-02-19 8:52 (0h 18m from now) **
// **************************
// Benchmark: Scenario1.S1_CheckVoidErrorWithMessage_ArdalisResult: .NET 10.0(Runtime=.NET 10.0, IterationTime=250ms) [Iterations=10]
// *** Execute ***
// Launch: 1 / 1
// Execute: dotnet "Enumerations.Options.Benchmarks-.NET 10.0-1.dll" --anonymousPipes 114 116 --benchmarkName "ReillyDigital.Enumerations.Options.Benchmarks.Scenarios.Scenario1.S1_CheckVoidErrorWithMessage_ArdalisResult(Iterations: 10)" --job ".NET 10.0" --benchmarkId 24 in /media/andrew/Slowverflow/x/devs/reilly-digital/dotnet/enumerations.options.benchmarks/bin/Debug/net10.0/Enumerations.Options.Benchmarks-.NET 10.0-1/bin/Release/net10.0
// Failed to set up high priority (Permission denied). In order to run benchmarks with high priority, make sure you have the right permissions.
// BeforeAnythingElse

// Benchmark Process Environment Information:
// BenchmarkDotNet v0.15.8
// Runtime=.NET 10.0.3 (10.0.3, 10.0.326.7603), X64 RyuJIT x86-64-v3
// GC=Concurrent Workstation
// HardwareIntrinsics=AVX2+BMI1+BMI2+F16C+FMA+LZCNT+MOVBE,AVX,SSE3+SSSE3+SSE4.1+SSE4.2+POPCNT,X86Base+SSE+SSE2,AES+PCLMUL VectorSize=256
// Job: .NET 10.0(IterationTime=250ms)

OverheadJitting  1: 1 op, 153291.00 ns, 153.2910 us/op
WorkloadJitting  1: 1 op, 2393565.00 ns, 2.3936 ms/op

OverheadJitting  2: 16 op, 205218.00 ns, 12.8261 us/op
WorkloadJitting  2: 16 op, 233162.00 ns, 14.5726 us/op

WorkloadPilot    1: 16 op, 38784.00 ns, 2.4240 us/op
WorkloadPilot    2: 103136 op, 99338069.00 ns, 963.1755 ns/op
WorkloadPilot    3: 259568 op, 136160837.00 ns, 524.5671 ns/op
WorkloadPilot    4: 476592 op, 102566835.00 ns, 215.2089 ns/op
WorkloadPilot    5: 1161664 op, 242043775.00 ns, 208.3595 ns/op
WorkloadPilot    6: 1199856 op, 251834352.00 ns, 209.8871 ns/op
WorkloadPilot    7: 1191120 op, 255233171.00 ns, 214.2800 ns/op
WorkloadPilot    8: 1166704 op, 247321613.00 ns, 211.9832 ns/op
WorkloadPilot    9: 1179344 op, 253648429.00 ns, 215.0759 ns/op

OverheadWarmup   1: 1179344 op, 2979304.00 ns, 2.5262 ns/op
OverheadWarmup   2: 1179344 op, 2963363.00 ns, 2.5127 ns/op
OverheadWarmup   3: 1179344 op, 3006696.00 ns, 2.5495 ns/op
OverheadWarmup   4: 1179344 op, 3063123.00 ns, 2.5973 ns/op
OverheadWarmup   5: 1179344 op, 3113879.00 ns, 2.6403 ns/op
OverheadWarmup   6: 1179344 op, 2984834.00 ns, 2.5309 ns/op
OverheadWarmup   7: 1179344 op, 2978944.00 ns, 2.5259 ns/op
OverheadWarmup   8: 1179344 op, 2967622.00 ns, 2.5163 ns/op
OverheadWarmup   9: 1179344 op, 3037475.00 ns, 2.5756 ns/op
OverheadWarmup  10: 1179344 op, 3078442.00 ns, 2.6103 ns/op

OverheadActual   1: 1179344 op, 2967571.00 ns, 2.5163 ns/op
OverheadActual   2: 1179344 op, 3097317.00 ns, 2.6263 ns/op
OverheadActual   3: 1179344 op, 2994092.00 ns, 2.5388 ns/op
OverheadActual   4: 1179344 op, 2993922.00 ns, 2.5386 ns/op
OverheadActual   5: 1179344 op, 3001737.00 ns, 2.5453 ns/op
OverheadActual   6: 1179344 op, 2960127.00 ns, 2.5100 ns/op
OverheadActual   7: 1179344 op, 3014992.00 ns, 2.5565 ns/op
OverheadActual   8: 1179344 op, 3210092.00 ns, 2.7219 ns/op
OverheadActual   9: 1179344 op, 2998521.00 ns, 2.5425 ns/op
OverheadActual  10: 1179344 op, 2968684.00 ns, 2.5172 ns/op
OverheadActual  11: 1179344 op, 2958625.00 ns, 2.5087 ns/op
OverheadActual  12: 1179344 op, 3034509.00 ns, 2.5730 ns/op
OverheadActual  13: 1179344 op, 2967151.00 ns, 2.5159 ns/op
OverheadActual  14: 1179344 op, 3008189.00 ns, 2.5507 ns/op
OverheadActual  15: 1179344 op, 2996227.00 ns, 2.5406 ns/op

WorkloadWarmup   1: 1179344 op, 256717653.00 ns, 217.6783 ns/op
WorkloadWarmup   2: 1179344 op, 251969447.00 ns, 213.6522 ns/op
WorkloadWarmup   3: 1179344 op, 250959685.00 ns, 212.7960 ns/op
WorkloadWarmup   4: 1179344 op, 249331741.00 ns, 211.4156 ns/op
WorkloadWarmup   5: 1179344 op, 247533504.00 ns, 209.8908 ns/op
WorkloadWarmup   6: 1179344 op, 258544865.00 ns, 219.2277 ns/op
WorkloadWarmup   7: 1179344 op, 253385500.00 ns, 214.8529 ns/op
WorkloadWarmup   8: 1179344 op, 247066840.00 ns, 209.4951 ns/op
WorkloadWarmup   9: 1179344 op, 246852925.00 ns, 209.3138 ns/op
WorkloadWarmup  10: 1179344 op, 250614651.00 ns, 212.5034 ns/op
WorkloadWarmup  11: 1179344 op, 245664624.00 ns, 208.3062 ns/op

// BeforeActualRun
WorkloadActual   1: 1179344 op, 248865247.00 ns, 211.0201 ns/op
WorkloadActual   2: 1179344 op, 258086276.00 ns, 218.8388 ns/op
WorkloadActual   3: 1179344 op, 259211777.00 ns, 219.7932 ns/op
WorkloadActual   4: 1179344 op, 256697485.00 ns, 217.6612 ns/op
WorkloadActual   5: 1179344 op, 255780368.00 ns, 216.8836 ns/op
WorkloadActual   6: 1179344 op, 257388434.00 ns, 218.2471 ns/op
WorkloadActual   7: 1179344 op, 256281246.00 ns, 217.3083 ns/op
WorkloadActual   8: 1179344 op, 254755415.00 ns, 216.0145 ns/op
WorkloadActual   9: 1179344 op, 254748552.00 ns, 216.0087 ns/op
WorkloadActual  10: 1179344 op, 256020502.00 ns, 217.0872 ns/op
WorkloadActual  11: 1179344 op, 257162506.00 ns, 218.0556 ns/op
WorkloadActual  12: 1179344 op, 257981868.00 ns, 218.7503 ns/op
WorkloadActual  13: 1179344 op, 255467314.00 ns, 216.6181 ns/op
WorkloadActual  14: 1179344 op, 251477977.00 ns, 213.2355 ns/op
WorkloadActual  15: 1179344 op, 256863700.00 ns, 217.8022 ns/op

// AfterActualRun
WorkloadResult   1: 1179344 op, 245869020.00 ns, 208.4795 ns/op
WorkloadResult   2: 1179344 op, 255090049.00 ns, 216.2983 ns/op
WorkloadResult   3: 1179344 op, 256215550.00 ns, 217.2526 ns/op
WorkloadResult   4: 1179344 op, 253701258.00 ns, 215.1207 ns/op
WorkloadResult   5: 1179344 op, 252784141.00 ns, 214.3430 ns/op
WorkloadResult   6: 1179344 op, 254392207.00 ns, 215.7065 ns/op
WorkloadResult   7: 1179344 op, 253285019.00 ns, 214.7677 ns/op
WorkloadResult   8: 1179344 op, 251759188.00 ns, 213.4739 ns/op
WorkloadResult   9: 1179344 op, 251752325.00 ns, 213.4681 ns/op
WorkloadResult  10: 1179344 op, 253024275.00 ns, 214.5466 ns/op
WorkloadResult  11: 1179344 op, 254166279.00 ns, 215.5150 ns/op
WorkloadResult  12: 1179344 op, 254985641.00 ns, 216.2097 ns/op
WorkloadResult  13: 1179344 op, 252471087.00 ns, 214.0776 ns/op
WorkloadResult  14: 1179344 op, 248481750.00 ns, 210.6949 ns/op
WorkloadResult  15: 1179344 op, 253867473.00 ns, 215.2616 ns/op
// GC:  146 0 0 1226517760 1179344
// Threading:  0 0 1179344

// AfterAll
// Benchmark Process 48128 has exited with code 0.

Mean = 214.348 ns, StdErr = 0.577 ns (0.27%), N = 15, StdDev = 2.235 ns
Min = 208.479 ns, Q1 = 213.776 ns, Median = 214.768 ns, Q3 = 215.611 ns, Max = 217.253 ns
IQR = 1.835 ns, LowerFence = 211.023 ns, UpperFence = 218.363 ns
ConfidenceInterval = [211.958 ns; 216.737 ns] (CI 99.9%), Margin = 2.390 ns (1.11% of Mean)
Skewness = -1.24, Kurtosis = 3.92, MValue = 2

// ** Remained 53 (67.9%) benchmark(s) to run. Estimated finish 2026-02-19 8:51 (0h 17m from now) **
// **************************
// Benchmark: Scenario1.S1_CheckVoidErrorWithMessage_EnumerationsOptions: .NET 10.0(Runtime=.NET 10.0, IterationTime=250ms) [Iterations=10]
// *** Execute ***
// Launch: 1 / 1
// Execute: dotnet "Enumerations.Options.Benchmarks-.NET 10.0-1.dll" --anonymousPipes 114 116 --benchmarkName "ReillyDigital.Enumerations.Options.Benchmarks.Scenarios.Scenario1.S1_CheckVoidErrorWithMessage_EnumerationsOptions(Iterations: 10)" --job ".NET 10.0" --benchmarkId 25 in /media/andrew/Slowverflow/x/devs/reilly-digital/dotnet/enumerations.options.benchmarks/bin/Debug/net10.0/Enumerations.Options.Benchmarks-.NET 10.0-1/bin/Release/net10.0
// Failed to set up high priority (Permission denied). In order to run benchmarks with high priority, make sure you have the right permissions.
// BeforeAnythingElse

// Benchmark Process Environment Information:
// BenchmarkDotNet v0.15.8
// Runtime=.NET 10.0.3 (10.0.3, 10.0.326.7603), X64 RyuJIT x86-64-v3
// GC=Concurrent Workstation
// HardwareIntrinsics=AVX2+BMI1+BMI2+F16C+FMA+LZCNT+MOVBE,AVX,SSE3+SSSE3+SSE4.1+SSE4.2+POPCNT,X86Base+SSE+SSE2,AES+PCLMUL VectorSize=256
// Job: .NET 10.0(IterationTime=250ms)

OverheadJitting  1: 1 op, 166596.00 ns, 166.5960 us/op
WorkloadJitting  1: 1 op, 3576705.00 ns, 3.5767 ms/op

OverheadJitting  2: 16 op, 244774.00 ns, 15.2984 us/op
WorkloadJitting  2: 16 op, 288777.00 ns, 18.0486 us/op

WorkloadPilot    1: 16 op, 37882.00 ns, 2.3676 us/op
WorkloadPilot    2: 105600 op, 104318363.00 ns, 987.8633 ns/op
WorkloadPilot    3: 253072 op, 109895880.00 ns, 434.2475 ns/op
WorkloadPilot    4: 575712 op, 110580137.00 ns, 192.0754 ns/op
WorkloadPilot    5: 1301584 op, 258651406.00 ns, 198.7205 ns/op
WorkloadPilot    6: 1258048 op, 239297722.00 ns, 190.2135 ns/op
WorkloadPilot    7: 1314320 op, 238896783.00 ns, 181.7645 ns/op
WorkloadPilot    8: 1375408 op, 270752150.00 ns, 196.8522 ns/op
WorkloadPilot    9: 1270000 op, 255960429.00 ns, 201.5436 ns/op

OverheadWarmup   1: 1270000 op, 3206865.00 ns, 2.5251 ns/op
OverheadWarmup   2: 1270000 op, 3202016.00 ns, 2.5213 ns/op
OverheadWarmup   3: 1270000 op, 3175907.00 ns, 2.5007 ns/op
OverheadWarmup   4: 1270000 op, 3543874.00 ns, 2.7905 ns/op
OverheadWarmup   5: 1270000 op, 3238174.00 ns, 2.5497 ns/op
OverheadWarmup   6: 1270000 op, 3223146.00 ns, 2.5379 ns/op
OverheadWarmup   7: 1270000 op, 3253183.00 ns, 2.5616 ns/op
OverheadWarmup   8: 1270000 op, 3233616.00 ns, 2.5462 ns/op

OverheadActual   1: 1270000 op, 3254645.00 ns, 2.5627 ns/op
OverheadActual   2: 1270000 op, 3198119.00 ns, 2.5182 ns/op
OverheadActual   3: 1270000 op, 3244516.00 ns, 2.5547 ns/op
OverheadActual   4: 1270000 op, 3225210.00 ns, 2.5395 ns/op
OverheadActual   5: 1270000 op, 3155137.00 ns, 2.4844 ns/op
OverheadActual   6: 1270000 op, 3198159.00 ns, 2.5182 ns/op
OverheadActual   7: 1270000 op, 3252712.00 ns, 2.5612 ns/op
OverheadActual   8: 1270000 op, 3240298.00 ns, 2.5514 ns/op
OverheadActual   9: 1270000 op, 3205062.00 ns, 2.5237 ns/op
OverheadActual  10: 1270000 op, 3202107.00 ns, 2.5213 ns/op
OverheadActual  11: 1270000 op, 3159425.00 ns, 2.4877 ns/op
OverheadActual  12: 1270000 op, 3207537.00 ns, 2.5256 ns/op
OverheadActual  13: 1270000 op, 3208729.00 ns, 2.5266 ns/op
OverheadActual  14: 1270000 op, 3172049.00 ns, 2.4977 ns/op
OverheadActual  15: 1270000 op, 3223878.00 ns, 2.5385 ns/op

WorkloadWarmup   1: 1270000 op, 241856199.00 ns, 190.4380 ns/op
WorkloadWarmup   2: 1270000 op, 234527866.00 ns, 184.6676 ns/op
WorkloadWarmup   3: 1270000 op, 234012429.00 ns, 184.2618 ns/op
WorkloadWarmup   4: 1270000 op, 243876035.00 ns, 192.0284 ns/op
WorkloadWarmup   5: 1270000 op, 229634105.00 ns, 180.8143 ns/op
WorkloadWarmup   6: 1270000 op, 227421543.00 ns, 179.0721 ns/op
WorkloadWarmup   7: 1270000 op, 224121091.00 ns, 176.4733 ns/op
WorkloadWarmup   8: 1270000 op, 233117895.00 ns, 183.5574 ns/op
WorkloadWarmup   9: 1270000 op, 236153275.00 ns, 185.9475 ns/op
WorkloadWarmup  10: 1270000 op, 226131270.00 ns, 178.0561 ns/op

// BeforeActualRun
WorkloadActual   1: 1270000 op, 228282746.00 ns, 179.7502 ns/op
WorkloadActual   2: 1270000 op, 258876082.00 ns, 203.8394 ns/op
WorkloadActual   3: 1270000 op, 261425121.00 ns, 205.8466 ns/op
WorkloadActual   4: 1270000 op, 261371500.00 ns, 205.8043 ns/op
WorkloadActual   5: 1270000 op, 241899331.00 ns, 190.4719 ns/op
WorkloadActual   6: 1270000 op, 258550175.00 ns, 203.5828 ns/op
WorkloadActual   7: 1270000 op, 242091244.00 ns, 190.6230 ns/op
WorkloadActual   8: 1270000 op, 263785562.00 ns, 207.7052 ns/op
WorkloadActual   9: 1270000 op, 236623155.00 ns, 186.3174 ns/op
WorkloadActual  10: 1270000 op, 239292813.00 ns, 188.4195 ns/op
WorkloadActual  11: 1270000 op, 245705782.00 ns, 193.4691 ns/op
WorkloadActual  12: 1270000 op, 245494932.00 ns, 193.3031 ns/op
WorkloadActual  13: 1270000 op, 248642686.00 ns, 195.7816 ns/op
WorkloadActual  14: 1270000 op, 236501164.00 ns, 186.2214 ns/op
WorkloadActual  15: 1270000 op, 240919084.00 ns, 189.7001 ns/op
WorkloadActual  16: 1270000 op, 235039374.00 ns, 185.0704 ns/op
WorkloadActual  17: 1270000 op, 237648528.00 ns, 187.1248 ns/op
WorkloadActual  18: 1270000 op, 219206671.00 ns, 172.6037 ns/op
WorkloadActual  19: 1270000 op, 222902703.00 ns, 175.5139 ns/op
WorkloadActual  20: 1270000 op, 223245261.00 ns, 175.7837 ns/op
WorkloadActual  21: 1270000 op, 252044289.00 ns, 198.4601 ns/op
WorkloadActual  22: 1270000 op, 230686348.00 ns, 181.6428 ns/op
WorkloadActual  23: 1270000 op, 235569950.00 ns, 185.4881 ns/op
WorkloadActual  24: 1270000 op, 243902486.00 ns, 192.0492 ns/op
WorkloadActual  25: 1270000 op, 252266491.00 ns, 198.6350 ns/op
WorkloadActual  26: 1270000 op, 244758256.00 ns, 192.7230 ns/op
WorkloadActual  27: 1270000 op, 260047401.00 ns, 204.7617 ns/op
WorkloadActual  28: 1270000 op, 243827153.00 ns, 191.9899 ns/op
WorkloadActual  29: 1270000 op, 248250713.00 ns, 195.4730 ns/op
WorkloadActual  30: 1270000 op, 234706294.00 ns, 184.8081 ns/op
WorkloadActual  31: 1270000 op, 235932136.00 ns, 185.7733 ns/op
WorkloadActual  32: 1270000 op, 225864734.00 ns, 177.8462 ns/op
WorkloadActual  33: 1270000 op, 229425510.00 ns, 180.6500 ns/op
WorkloadActual  34: 1270000 op, 229109842.00 ns, 180.4015 ns/op
WorkloadActual  35: 1270000 op, 281945876.00 ns, 222.0046 ns/op
WorkloadActual  36: 1270000 op, 267080033.00 ns, 210.2992 ns/op
WorkloadActual  37: 1270000 op, 246938277.00 ns, 194.4396 ns/op
WorkloadActual  38: 1270000 op, 251776943.00 ns, 198.2496 ns/op
WorkloadActual  39: 1270000 op, 246802309.00 ns, 194.3325 ns/op
WorkloadActual  40: 1270000 op, 250153117.00 ns, 196.9710 ns/op
WorkloadActual  41: 1270000 op, 282478365.00 ns, 222.4239 ns/op
WorkloadActual  42: 1270000 op, 232684184.00 ns, 183.2159 ns/op
WorkloadActual  43: 1270000 op, 233765622.00 ns, 184.0674 ns/op
WorkloadActual  44: 1270000 op, 258263442.00 ns, 203.3570 ns/op
WorkloadActual  45: 1270000 op, 232855298.00 ns, 183.3506 ns/op
WorkloadActual  46: 1270000 op, 234309362.00 ns, 184.4956 ns/op
WorkloadActual  47: 1270000 op, 231722311.00 ns, 182.4585 ns/op
WorkloadActual  48: 1270000 op, 228968164.00 ns, 180.2899 ns/op
WorkloadActual  49: 1270000 op, 236999939.00 ns, 186.6141 ns/op
WorkloadActual  50: 1270000 op, 289416318.00 ns, 227.8869 ns/op
WorkloadActual  51: 1270000 op, 273280851.00 ns, 215.1818 ns/op
WorkloadActual  52: 1270000 op, 267872204.00 ns, 210.9230 ns/op
WorkloadActual  53: 1270000 op, 254909648.00 ns, 200.7163 ns/op
WorkloadActual  54: 1270000 op, 253471724.00 ns, 199.5840 ns/op
WorkloadActual  55: 1270000 op, 263616723.00 ns, 207.5722 ns/op
WorkloadActual  56: 1270000 op, 285490130.00 ns, 224.7954 ns/op
WorkloadActual  57: 1270000 op, 285096736.00 ns, 224.4856 ns/op
WorkloadActual  58: 1270000 op, 243811092.00 ns, 191.9772 ns/op
WorkloadActual  59: 1270000 op, 244094990.00 ns, 192.2008 ns/op
WorkloadActual  60: 1270000 op, 252327406.00 ns, 198.6830 ns/op
WorkloadActual  61: 1270000 op, 311812877.00 ns, 245.5220 ns/op
WorkloadActual  62: 1270000 op, 235956783.00 ns, 185.7927 ns/op
WorkloadActual  63: 1270000 op, 235007935.00 ns, 185.0456 ns/op
WorkloadActual  64: 1270000 op, 231888597.00 ns, 182.5894 ns/op
WorkloadActual  65: 1270000 op, 228552817.00 ns, 179.9628 ns/op
WorkloadActual  66: 1270000 op, 236684341.00 ns, 186.3656 ns/op
WorkloadActual  67: 1270000 op, 232432897.00 ns, 183.0180 ns/op
WorkloadActual  68: 1270000 op, 227801223.00 ns, 179.3710 ns/op
WorkloadActual  69: 1270000 op, 225839527.00 ns, 177.8264 ns/op
WorkloadActual  70: 1270000 op, 230350443.00 ns, 181.3783 ns/op
WorkloadActual  71: 1270000 op, 232118482.00 ns, 182.7705 ns/op
WorkloadActual  72: 1270000 op, 226875409.00 ns, 178.6421 ns/op
WorkloadActual  73: 1270000 op, 234165319.00 ns, 184.3821 ns/op
WorkloadActual  74: 1270000 op, 264400577.00 ns, 208.1894 ns/op
WorkloadActual  75: 1270000 op, 249345927.00 ns, 196.3354 ns/op
WorkloadActual  76: 1270000 op, 251590430.00 ns, 198.1027 ns/op
WorkloadActual  77: 1270000 op, 267030150.00 ns, 210.2600 ns/op
WorkloadActual  78: 1270000 op, 250978901.00 ns, 197.6212 ns/op
WorkloadActual  79: 1270000 op, 244156937.00 ns, 192.2496 ns/op
WorkloadActual  80: 1270000 op, 248943445.00 ns, 196.0185 ns/op
WorkloadActual  81: 1270000 op, 248255282.00 ns, 195.4766 ns/op
WorkloadActual  82: 1270000 op, 266927034.00 ns, 210.1788 ns/op
WorkloadActual  83: 1270000 op, 243375276.00 ns, 191.6341 ns/op
WorkloadActual  84: 1270000 op, 228825844.00 ns, 180.1778 ns/op
WorkloadActual  85: 1270000 op, 228915854.00 ns, 180.2487 ns/op
WorkloadActual  86: 1270000 op, 224819094.00 ns, 177.0229 ns/op
WorkloadActual  87: 1270000 op, 256128186.00 ns, 201.6757 ns/op
WorkloadActual  88: 1270000 op, 224968767.00 ns, 177.1408 ns/op
WorkloadActual  89: 1270000 op, 234364396.00 ns, 184.5389 ns/op
WorkloadActual  90: 1270000 op, 228799394.00 ns, 180.1570 ns/op
WorkloadActual  91: 1270000 op, 249613855.00 ns, 196.5463 ns/op
WorkloadActual  92: 1270000 op, 229838272.00 ns, 180.9750 ns/op
WorkloadActual  93: 1270000 op, 224120961.00 ns, 176.4732 ns/op
WorkloadActual  94: 1270000 op, 250699962.00 ns, 197.4015 ns/op
WorkloadActual  95: 1270000 op, 241871668.00 ns, 190.4501 ns/op
WorkloadActual  96: 1270000 op, 230748676.00 ns, 181.6919 ns/op
WorkloadActual  97: 1270000 op, 246695317.00 ns, 194.2483 ns/op
WorkloadActual  98: 1270000 op, 223783972.00 ns, 176.2079 ns/op
WorkloadActual  99: 1270000 op, 224057581.00 ns, 176.4233 ns/op
WorkloadActual  100: 1270000 op, 219480330.00 ns, 172.8192 ns/op

// AfterActualRun
WorkloadResult   1: 1270000 op, 225075209.00 ns, 177.2246 ns/op
WorkloadResult   2: 1270000 op, 255668545.00 ns, 201.3138 ns/op
WorkloadResult   3: 1270000 op, 258217584.00 ns, 203.3209 ns/op
WorkloadResult   4: 1270000 op, 258163963.00 ns, 203.2787 ns/op
WorkloadResult   5: 1270000 op, 238691794.00 ns, 187.9463 ns/op
WorkloadResult   6: 1270000 op, 255342638.00 ns, 201.0572 ns/op
WorkloadResult   7: 1270000 op, 238883707.00 ns, 188.0974 ns/op
WorkloadResult   8: 1270000 op, 260578025.00 ns, 205.1795 ns/op
WorkloadResult   9: 1270000 op, 233415618.00 ns, 183.7918 ns/op
WorkloadResult  10: 1270000 op, 236085276.00 ns, 185.8939 ns/op
WorkloadResult  11: 1270000 op, 242498245.00 ns, 190.9435 ns/op
WorkloadResult  12: 1270000 op, 242287395.00 ns, 190.7775 ns/op
WorkloadResult  13: 1270000 op, 245435149.00 ns, 193.2560 ns/op
WorkloadResult  14: 1270000 op, 233293627.00 ns, 183.6958 ns/op
WorkloadResult  15: 1270000 op, 237711547.00 ns, 187.1744 ns/op
WorkloadResult  16: 1270000 op, 231831837.00 ns, 182.5448 ns/op
WorkloadResult  17: 1270000 op, 234440991.00 ns, 184.5992 ns/op
WorkloadResult  18: 1270000 op, 215999134.00 ns, 170.0781 ns/op
WorkloadResult  19: 1270000 op, 219695166.00 ns, 172.9883 ns/op
WorkloadResult  20: 1270000 op, 220037724.00 ns, 173.2581 ns/op
WorkloadResult  21: 1270000 op, 248836752.00 ns, 195.9345 ns/op
WorkloadResult  22: 1270000 op, 227478811.00 ns, 179.1172 ns/op
WorkloadResult  23: 1270000 op, 232362413.00 ns, 182.9625 ns/op
WorkloadResult  24: 1270000 op, 240694949.00 ns, 189.5236 ns/op
WorkloadResult  25: 1270000 op, 249058954.00 ns, 196.1094 ns/op
WorkloadResult  26: 1270000 op, 241550719.00 ns, 190.1974 ns/op
WorkloadResult  27: 1270000 op, 256839864.00 ns, 202.2361 ns/op
WorkloadResult  28: 1270000 op, 240619616.00 ns, 189.4643 ns/op
WorkloadResult  29: 1270000 op, 245043176.00 ns, 192.9474 ns/op
WorkloadResult  30: 1270000 op, 231498757.00 ns, 182.2825 ns/op
WorkloadResult  31: 1270000 op, 232724599.00 ns, 183.2477 ns/op
WorkloadResult  32: 1270000 op, 222657197.00 ns, 175.3206 ns/op
WorkloadResult  33: 1270000 op, 226217973.00 ns, 178.1244 ns/op
WorkloadResult  34: 1270000 op, 225902305.00 ns, 177.8758 ns/op
WorkloadResult  35: 1270000 op, 278738339.00 ns, 219.4790 ns/op
WorkloadResult  36: 1270000 op, 263872496.00 ns, 207.7736 ns/op
WorkloadResult  37: 1270000 op, 243730740.00 ns, 191.9140 ns/op
WorkloadResult  38: 1270000 op, 248569406.00 ns, 195.7239 ns/op
WorkloadResult  39: 1270000 op, 243594772.00 ns, 191.8069 ns/op
WorkloadResult  40: 1270000 op, 246945580.00 ns, 194.4453 ns/op
WorkloadResult  41: 1270000 op, 279270828.00 ns, 219.8983 ns/op
WorkloadResult  42: 1270000 op, 229476647.00 ns, 180.6903 ns/op
WorkloadResult  43: 1270000 op, 230558085.00 ns, 181.5418 ns/op
WorkloadResult  44: 1270000 op, 255055905.00 ns, 200.8314 ns/op
WorkloadResult  45: 1270000 op, 229647761.00 ns, 180.8250 ns/op
WorkloadResult  46: 1270000 op, 231101825.00 ns, 181.9699 ns/op
WorkloadResult  47: 1270000 op, 228514774.00 ns, 179.9329 ns/op
WorkloadResult  48: 1270000 op, 225760627.00 ns, 177.7643 ns/op
WorkloadResult  49: 1270000 op, 233792402.00 ns, 184.0885 ns/op
WorkloadResult  50: 1270000 op, 270073314.00 ns, 212.6562 ns/op
WorkloadResult  51: 1270000 op, 264664667.00 ns, 208.3974 ns/op
WorkloadResult  52: 1270000 op, 251702111.00 ns, 198.1906 ns/op
WorkloadResult  53: 1270000 op, 250264187.00 ns, 197.0584 ns/op
WorkloadResult  54: 1270000 op, 260409186.00 ns, 205.0466 ns/op
WorkloadResult  55: 1270000 op, 240603555.00 ns, 189.4516 ns/op
WorkloadResult  56: 1270000 op, 240887453.00 ns, 189.6752 ns/op
WorkloadResult  57: 1270000 op, 249119869.00 ns, 196.1574 ns/op
WorkloadResult  58: 1270000 op, 232749246.00 ns, 183.2671 ns/op
WorkloadResult  59: 1270000 op, 231800398.00 ns, 182.5200 ns/op
WorkloadResult  60: 1270000 op, 228681060.00 ns, 180.0638 ns/op
WorkloadResult  61: 1270000 op, 225345280.00 ns, 177.4372 ns/op
WorkloadResult  62: 1270000 op, 233476804.00 ns, 183.8400 ns/op
WorkloadResult  63: 1270000 op, 229225360.00 ns, 180.4924 ns/op
WorkloadResult  64: 1270000 op, 224593686.00 ns, 176.8454 ns/op
WorkloadResult  65: 1270000 op, 222631990.00 ns, 175.3008 ns/op
WorkloadResult  66: 1270000 op, 227142906.00 ns, 178.8527 ns/op
WorkloadResult  67: 1270000 op, 228910945.00 ns, 180.2448 ns/op
WorkloadResult  68: 1270000 op, 223667872.00 ns, 176.1164 ns/op
WorkloadResult  69: 1270000 op, 230957782.00 ns, 181.8565 ns/op
WorkloadResult  70: 1270000 op, 261193040.00 ns, 205.6638 ns/op
WorkloadResult  71: 1270000 op, 246138390.00 ns, 193.8098 ns/op
WorkloadResult  72: 1270000 op, 248382893.00 ns, 195.5771 ns/op
WorkloadResult  73: 1270000 op, 263822613.00 ns, 207.7343 ns/op
WorkloadResult  74: 1270000 op, 247771364.00 ns, 195.0956 ns/op
WorkloadResult  75: 1270000 op, 240949400.00 ns, 189.7239 ns/op
WorkloadResult  76: 1270000 op, 245735908.00 ns, 193.4928 ns/op
WorkloadResult  77: 1270000 op, 245047745.00 ns, 192.9510 ns/op
WorkloadResult  78: 1270000 op, 263719497.00 ns, 207.6531 ns/op
WorkloadResult  79: 1270000 op, 240167739.00 ns, 189.1085 ns/op
WorkloadResult  80: 1270000 op, 225618307.00 ns, 177.6522 ns/op
WorkloadResult  81: 1270000 op, 225708317.00 ns, 177.7231 ns/op
WorkloadResult  82: 1270000 op, 221611557.00 ns, 174.4973 ns/op
WorkloadResult  83: 1270000 op, 252920649.00 ns, 199.1501 ns/op
WorkloadResult  84: 1270000 op, 221761230.00 ns, 174.6151 ns/op
WorkloadResult  85: 1270000 op, 231156859.00 ns, 182.0133 ns/op
WorkloadResult  86: 1270000 op, 225591857.00 ns, 177.6314 ns/op
WorkloadResult  87: 1270000 op, 246406318.00 ns, 194.0207 ns/op
WorkloadResult  88: 1270000 op, 226630735.00 ns, 178.4494 ns/op
WorkloadResult  89: 1270000 op, 220913424.00 ns, 173.9476 ns/op
WorkloadResult  90: 1270000 op, 247492425.00 ns, 194.8759 ns/op
WorkloadResult  91: 1270000 op, 238664131.00 ns, 187.9245 ns/op
WorkloadResult  92: 1270000 op, 227541139.00 ns, 179.1663 ns/op
WorkloadResult  93: 1270000 op, 243487780.00 ns, 191.7227 ns/op
WorkloadResult  94: 1270000 op, 220576435.00 ns, 173.6822 ns/op
WorkloadResult  95: 1270000 op, 220850044.00 ns, 173.8977 ns/op
WorkloadResult  96: 1270000 op, 216272793.00 ns, 170.2935 ns/op
// GC:  230 0 0 1930400000 1270000
// Threading:  0 0 1270000

// AfterAll
// Benchmark Process 48172 has exited with code 0.

Mean = 188.292 ns, StdErr = 1.140 ns (0.61%), N = 96, StdDev = 11.169 ns
Min = 170.078 ns, Q1 = 179.154 ns, Median = 187.549 ns, Q3 = 195.216 ns, Max = 219.898 ns
IQR = 16.062 ns, LowerFence = 155.061 ns, UpperFence = 219.309 ns
ConfidenceInterval = [184.421 ns; 192.163 ns] (CI 99.9%), Margin = 3.871 ns (2.06% of Mean)
Skewness = 0.63, Kurtosis = 2.81, MValue = 2.67

// ** Remained 52 (66.7%) benchmark(s) to run. Estimated finish 2026-02-19 8:52 (0h 17m from now) **
// **************************
// Benchmark: Scenario1.S1_CheckVoidErrorWithMessage_FluentResults: .NET 10.0(Runtime=.NET 10.0, IterationTime=250ms) [Iterations=10]
// *** Execute ***
// Launch: 1 / 1
// Execute: dotnet "Enumerations.Options.Benchmarks-.NET 10.0-1.dll" --anonymousPipes 114 116 --benchmarkName "ReillyDigital.Enumerations.Options.Benchmarks.Scenarios.Scenario1.S1_CheckVoidErrorWithMessage_FluentResults(Iterations: 10)" --job ".NET 10.0" --benchmarkId 26 in /media/andrew/Slowverflow/x/devs/reilly-digital/dotnet/enumerations.options.benchmarks/bin/Debug/net10.0/Enumerations.Options.Benchmarks-.NET 10.0-1/bin/Release/net10.0
// Failed to set up high priority (Permission denied). In order to run benchmarks with high priority, make sure you have the right permissions.
// BeforeAnythingElse

// Benchmark Process Environment Information:
// BenchmarkDotNet v0.15.8
// Runtime=.NET 10.0.3 (10.0.3, 10.0.326.7603), X64 RyuJIT x86-64-v3
// GC=Concurrent Workstation
// HardwareIntrinsics=AVX2+BMI1+BMI2+F16C+FMA+LZCNT+MOVBE,AVX,SSE3+SSSE3+SSE4.1+SSE4.2+POPCNT,X86Base+SSE+SSE2,AES+PCLMUL VectorSize=256
// Job: .NET 10.0(IterationTime=250ms)

OverheadJitting  1: 1 op, 164762.00 ns, 164.7620 us/op
WorkloadJitting  1: 1 op, 4113683.00 ns, 4.1137 ms/op

OverheadJitting  2: 16 op, 261565.00 ns, 16.3478 us/op
WorkloadJitting  2: 16 op, 516999.00 ns, 32.3124 us/op

WorkloadPilot    1: 16 op, 226539.00 ns, 14.1587 us/op
WorkloadPilot    2: 17664 op, 166974440.00 ns, 9.4528 us/op
WorkloadPilot    3: 26448 op, 89128167.00 ns, 3.3699 us/op
WorkloadPilot    4: 74192 op, 112912985.00 ns, 1.5219 us/op
WorkloadPilot    5: 164272 op, 254485454.00 ns, 1.5492 us/op
WorkloadPilot    6: 161392 op, 243521665.00 ns, 1.5089 us/op
WorkloadPilot    7: 165696 op, 248996857.00 ns, 1.5027 us/op
WorkloadPilot    8: 166368 op, 238641789.00 ns, 1.4344 us/op
WorkloadPilot    9: 174288 op, 247856988.00 ns, 1.4221 us/op
WorkloadPilot   10: 175808 op, 247098009.00 ns, 1.4055 us/op
WorkloadPilot   11: 177888 op, 250596266.00 ns, 1.4087 us/op
WorkloadPilot   12: 177472 op, 248585747.00 ns, 1.4007 us/op
WorkloadPilot   13: 178496 op, 268371901.00 ns, 1.5035 us/op

OverheadWarmup   1: 178496 op, 503444.00 ns, 2.8205 ns/op
OverheadWarmup   2: 178496 op, 492403.00 ns, 2.7586 ns/op
OverheadWarmup   3: 178496 op, 494016.00 ns, 2.7677 ns/op
OverheadWarmup   4: 178496 op, 471002.00 ns, 2.6387 ns/op
OverheadWarmup   5: 178496 op, 490409.00 ns, 2.7475 ns/op
OverheadWarmup   6: 178496 op, 483997.00 ns, 2.7115 ns/op

OverheadActual   1: 178496 op, 480841.00 ns, 2.6938 ns/op
OverheadActual   2: 178496 op, 505989.00 ns, 2.8347 ns/op
OverheadActual   3: 178496 op, 496490.00 ns, 2.7815 ns/op
OverheadActual   4: 178496 op, 490960.00 ns, 2.7505 ns/op
OverheadActual   5: 178496 op, 486301.00 ns, 2.7244 ns/op
OverheadActual   6: 178496 op, 512852.00 ns, 2.8732 ns/op
OverheadActual   7: 178496 op, 486110.00 ns, 2.7234 ns/op
OverheadActual   8: 178496 op, 505367.00 ns, 2.8313 ns/op
OverheadActual   9: 178496 op, 518351.00 ns, 2.9040 ns/op
OverheadActual  10: 178496 op, 504676.00 ns, 2.8274 ns/op
OverheadActual  11: 178496 op, 480571.00 ns, 2.6923 ns/op
OverheadActual  12: 178496 op, 481512.00 ns, 2.6976 ns/op
OverheadActual  13: 178496 op, 495699.00 ns, 2.7771 ns/op
OverheadActual  14: 178496 op, 522560.00 ns, 2.9276 ns/op
OverheadActual  15: 178496 op, 503714.00 ns, 2.8220 ns/op

WorkloadWarmup   1: 178496 op, 270841931.00 ns, 1.5174 us/op
WorkloadWarmup   2: 178496 op, 274749022.00 ns, 1.5392 us/op
WorkloadWarmup   3: 178496 op, 271607470.00 ns, 1.5216 us/op
WorkloadWarmup   4: 178496 op, 257993069.00 ns, 1.4454 us/op
WorkloadWarmup   5: 178496 op, 265712934.00 ns, 1.4886 us/op
WorkloadWarmup   6: 178496 op, 257785246.00 ns, 1.4442 us/op

// BeforeActualRun
WorkloadActual   1: 178496 op, 279509160.00 ns, 1.5659 us/op
WorkloadActual   2: 178496 op, 273615074.00 ns, 1.5329 us/op
WorkloadActual   3: 178496 op, 271158189.00 ns, 1.5191 us/op
WorkloadActual   4: 178496 op, 278072378.00 ns, 1.5579 us/op
WorkloadActual   5: 178496 op, 269674629.00 ns, 1.5108 us/op
WorkloadActual   6: 178496 op, 275516235.00 ns, 1.5435 us/op
WorkloadActual   7: 178496 op, 282565019.00 ns, 1.5830 us/op
WorkloadActual   8: 178496 op, 276969348.00 ns, 1.5517 us/op
WorkloadActual   9: 178496 op, 269790228.00 ns, 1.5115 us/op
WorkloadActual  10: 178496 op, 269672615.00 ns, 1.5108 us/op
WorkloadActual  11: 178496 op, 270298972.00 ns, 1.5143 us/op
WorkloadActual  12: 178496 op, 264943567.00 ns, 1.4843 us/op
WorkloadActual  13: 178496 op, 264987129.00 ns, 1.4846 us/op
WorkloadActual  14: 178496 op, 266540993.00 ns, 1.4933 us/op
WorkloadActual  15: 178496 op, 270819929.00 ns, 1.5172 us/op
WorkloadActual  16: 178496 op, 267535065.00 ns, 1.4988 us/op

// AfterActualRun
WorkloadResult   1: 178496 op, 279012670.00 ns, 1.5631 us/op
WorkloadResult   2: 178496 op, 273118584.00 ns, 1.5301 us/op
WorkloadResult   3: 178496 op, 270661699.00 ns, 1.5163 us/op
WorkloadResult   4: 178496 op, 277575888.00 ns, 1.5551 us/op
WorkloadResult   5: 178496 op, 269178139.00 ns, 1.5080 us/op
WorkloadResult   6: 178496 op, 275019745.00 ns, 1.5408 us/op
WorkloadResult   7: 178496 op, 282068529.00 ns, 1.5803 us/op
WorkloadResult   8: 178496 op, 276472858.00 ns, 1.5489 us/op
WorkloadResult   9: 178496 op, 269293738.00 ns, 1.5087 us/op
WorkloadResult  10: 178496 op, 269176125.00 ns, 1.5080 us/op
WorkloadResult  11: 178496 op, 269802482.00 ns, 1.5115 us/op
WorkloadResult  12: 178496 op, 264447077.00 ns, 1.4815 us/op
WorkloadResult  13: 178496 op, 264490639.00 ns, 1.4818 us/op
WorkloadResult  14: 178496 op, 266044503.00 ns, 1.4905 us/op
WorkloadResult  15: 178496 op, 270323439.00 ns, 1.5145 us/op
WorkloadResult  16: 178496 op, 267038575.00 ns, 1.4960 us/op
// GC:  112 0 0 942458880 178496
// Threading:  0 0 178496

// AfterAll
// Benchmark Process 48324 has exited with code 0.

Mean = 1.521 μs, StdErr = 0.007 μs (0.48%), N = 16, StdDev = 0.029 μs
Min = 1.482 μs, Q1 = 1.505 μs, Median = 1.513 μs, Q3 = 1.543 μs, Max = 1.580 μs
IQR = 0.038 μs, LowerFence = 1.448 μs, UpperFence = 1.599 μs
ConfidenceInterval = [1.491 μs; 1.551 μs] (CI 99.9%), Margin = 0.030 μs (1.97% of Mean)
Skewness = 0.44, Kurtosis = 1.98, MValue = 2

// ** Remained 51 (65.4%) benchmark(s) to run. Estimated finish 2026-02-19 8:51 (0h 16m from now) **
// **************************
// Benchmark: Scenario1.S1_CheckVoidErrorWithMessage_LightResults: .NET 10.0(Runtime=.NET 10.0, IterationTime=250ms) [Iterations=10]
// *** Execute ***
// Launch: 1 / 1
// Execute: dotnet "Enumerations.Options.Benchmarks-.NET 10.0-1.dll" --anonymousPipes 114 116 --benchmarkName "ReillyDigital.Enumerations.Options.Benchmarks.Scenarios.Scenario1.S1_CheckVoidErrorWithMessage_LightResults(Iterations: 10)" --job ".NET 10.0" --benchmarkId 27 in /media/andrew/Slowverflow/x/devs/reilly-digital/dotnet/enumerations.options.benchmarks/bin/Debug/net10.0/Enumerations.Options.Benchmarks-.NET 10.0-1/bin/Release/net10.0
// Failed to set up high priority (Permission denied). In order to run benchmarks with high priority, make sure you have the right permissions.
// BeforeAnythingElse

// Benchmark Process Environment Information:
// BenchmarkDotNet v0.15.8
// Runtime=.NET 10.0.3 (10.0.3, 10.0.326.7603), X64 RyuJIT x86-64-v3
// GC=Concurrent Workstation
// HardwareIntrinsics=AVX2+BMI1+BMI2+F16C+FMA+LZCNT+MOVBE,AVX,SSE3+SSSE3+SSE4.1+SSE4.2+POPCNT,X86Base+SSE+SSE2,AES+PCLMUL VectorSize=256
// Job: .NET 10.0(IterationTime=250ms)

OverheadJitting  1: 1 op, 169691.00 ns, 169.6910 us/op
WorkloadJitting  1: 1 op, 2828299.00 ns, 2.8283 ms/op

OverheadJitting  2: 16 op, 200570.00 ns, 12.5356 us/op
WorkloadJitting  2: 16 op, 239254.00 ns, 14.9534 us/op

WorkloadPilot    1: 16 op, 23465.00 ns, 1.4666 us/op
WorkloadPilot    2: 170480 op, 75241459.00 ns, 441.3507 ns/op
WorkloadPilot    3: 566448 op, 130969623.00 ns, 231.2121 ns/op
WorkloadPilot    4: 1081264 op, 122522269.00 ns, 113.3139 ns/op
WorkloadPilot    5: 2206272 op, 250645930.00 ns, 113.6061 ns/op
WorkloadPilot    6: 2200592 op, 251468359.00 ns, 114.2730 ns/op
WorkloadPilot    7: 2187744 op, 243094645.00 ns, 111.1166 ns/op
WorkloadPilot    8: 2249904 op, 253198325.00 ns, 112.5374 ns/op

OverheadWarmup   1: 2249904 op, 5763228.00 ns, 2.5615 ns/op
OverheadWarmup   2: 2249904 op, 5858518.00 ns, 2.6039 ns/op
OverheadWarmup   3: 2249904 op, 5736578.00 ns, 2.5497 ns/op
OverheadWarmup   4: 2249904 op, 5710057.00 ns, 2.5379 ns/op
OverheadWarmup   5: 2249904 op, 5700129.00 ns, 2.5335 ns/op
OverheadWarmup   6: 2249904 op, 5715067.00 ns, 2.5401 ns/op
OverheadWarmup   7: 2249904 op, 5685500.00 ns, 2.5270 ns/op

OverheadActual   1: 2249904 op, 5751065.00 ns, 2.5561 ns/op
OverheadActual   2: 2249904 op, 5689839.00 ns, 2.5289 ns/op
OverheadActual   3: 2249904 op, 5735496.00 ns, 2.5492 ns/op
OverheadActual   4: 2249904 op, 6212719.00 ns, 2.7613 ns/op
OverheadActual   5: 2249904 op, 5784088.00 ns, 2.5708 ns/op
OverheadActual   6: 2249904 op, 5754972.00 ns, 2.5579 ns/op
OverheadActual   7: 2249904 op, 5722792.00 ns, 2.5436 ns/op
OverheadActual   8: 2249904 op, 5918953.00 ns, 2.6308 ns/op
OverheadActual   9: 2249904 op, 5697604.00 ns, 2.5324 ns/op
OverheadActual  10: 2249904 op, 5678237.00 ns, 2.5238 ns/op
OverheadActual  11: 2249904 op, 5821117.00 ns, 2.5873 ns/op
OverheadActual  12: 2249904 op, 5684228.00 ns, 2.5264 ns/op
OverheadActual  13: 2249904 op, 5680672.00 ns, 2.5249 ns/op
OverheadActual  14: 2249904 op, 5770993.00 ns, 2.5650 ns/op
OverheadActual  15: 2249904 op, 5734583.00 ns, 2.5488 ns/op

WorkloadWarmup   1: 2249904 op, 262650052.00 ns, 116.7383 ns/op
WorkloadWarmup   2: 2249904 op, 257628960.00 ns, 114.5066 ns/op
WorkloadWarmup   3: 2249904 op, 246959697.00 ns, 109.7645 ns/op
WorkloadWarmup   4: 2249904 op, 246366113.00 ns, 109.5007 ns/op
WorkloadWarmup   5: 2249904 op, 246929610.00 ns, 109.7512 ns/op
WorkloadWarmup   6: 2249904 op, 244786510.00 ns, 108.7986 ns/op
WorkloadWarmup   7: 2249904 op, 244614785.00 ns, 108.7223 ns/op
WorkloadWarmup   8: 2249904 op, 251515388.00 ns, 111.7894 ns/op
WorkloadWarmup   9: 2249904 op, 248064771.00 ns, 110.2557 ns/op

// BeforeActualRun
WorkloadActual   1: 2249904 op, 253165143.00 ns, 112.5226 ns/op
WorkloadActual   2: 2249904 op, 266189446.00 ns, 118.3115 ns/op
WorkloadActual   3: 2249904 op, 260971812.00 ns, 115.9924 ns/op
WorkloadActual   4: 2249904 op, 262641004.00 ns, 116.7343 ns/op
WorkloadActual   5: 2249904 op, 276506011.00 ns, 122.8968 ns/op
WorkloadActual   6: 2249904 op, 261579653.00 ns, 116.2626 ns/op
WorkloadActual   7: 2249904 op, 268638126.00 ns, 119.3998 ns/op
WorkloadActual   8: 2249904 op, 259265470.00 ns, 115.2340 ns/op
WorkloadActual   9: 2249904 op, 261760086.00 ns, 116.3428 ns/op
WorkloadActual  10: 2249904 op, 265416362.00 ns, 117.9679 ns/op
WorkloadActual  11: 2249904 op, 259462312.00 ns, 115.3215 ns/op
WorkloadActual  12: 2249904 op, 260855242.00 ns, 115.9406 ns/op
WorkloadActual  13: 2249904 op, 258550866.00 ns, 114.9164 ns/op
WorkloadActual  14: 2249904 op, 266058389.00 ns, 118.2532 ns/op
WorkloadActual  15: 2249904 op, 272346772.00 ns, 121.0482 ns/op
WorkloadActual  16: 2249904 op, 278951022.00 ns, 123.9835 ns/op
WorkloadActual  17: 2249904 op, 269955080.00 ns, 119.9852 ns/op
WorkloadActual  18: 2249904 op, 251284992.00 ns, 111.6870 ns/op
WorkloadActual  19: 2249904 op, 251532350.00 ns, 111.7969 ns/op
WorkloadActual  20: 2249904 op, 251170514.00 ns, 111.6361 ns/op
WorkloadActual  21: 2249904 op, 249077098.00 ns, 110.7057 ns/op
WorkloadActual  22: 2249904 op, 251234877.00 ns, 111.6647 ns/op
WorkloadActual  23: 2249904 op, 248610244.00 ns, 110.4982 ns/op
WorkloadActual  24: 2249904 op, 258257571.00 ns, 114.7860 ns/op
WorkloadActual  25: 2249904 op, 254446331.00 ns, 113.0921 ns/op
WorkloadActual  26: 2249904 op, 253956482.00 ns, 112.8744 ns/op
WorkloadActual  27: 2249904 op, 250519240.00 ns, 111.3466 ns/op
WorkloadActual  28: 2249904 op, 249215781.00 ns, 110.7673 ns/op
WorkloadActual  29: 2249904 op, 249038135.00 ns, 110.6883 ns/op
WorkloadActual  30: 2249904 op, 245566879.00 ns, 109.1455 ns/op
WorkloadActual  31: 2249904 op, 248070581.00 ns, 110.2583 ns/op
WorkloadActual  32: 2249904 op, 255380610.00 ns, 113.5073 ns/op
WorkloadActual  33: 2249904 op, 251528632.00 ns, 111.7953 ns/op
WorkloadActual  34: 2249904 op, 254063675.00 ns, 112.9220 ns/op
WorkloadActual  35: 2249904 op, 255046257.00 ns, 113.3587 ns/op

// AfterActualRun
WorkloadResult   1: 2249904 op, 247429647.00 ns, 109.9734 ns/op
WorkloadResult   2: 2249904 op, 260453950.00 ns, 115.7623 ns/op
WorkloadResult   3: 2249904 op, 255236316.00 ns, 113.4432 ns/op
WorkloadResult   4: 2249904 op, 256905508.00 ns, 114.1851 ns/op
WorkloadResult   5: 2249904 op, 270770515.00 ns, 120.3476 ns/op
WorkloadResult   6: 2249904 op, 255844157.00 ns, 113.7134 ns/op
WorkloadResult   7: 2249904 op, 262902630.00 ns, 116.8506 ns/op
WorkloadResult   8: 2249904 op, 253529974.00 ns, 112.6848 ns/op
WorkloadResult   9: 2249904 op, 256024590.00 ns, 113.7936 ns/op
WorkloadResult  10: 2249904 op, 259680866.00 ns, 115.4186 ns/op
WorkloadResult  11: 2249904 op, 253726816.00 ns, 112.7723 ns/op
WorkloadResult  12: 2249904 op, 255119746.00 ns, 113.3914 ns/op
WorkloadResult  13: 2249904 op, 252815370.00 ns, 112.3672 ns/op
WorkloadResult  14: 2249904 op, 260322893.00 ns, 115.7040 ns/op
WorkloadResult  15: 2249904 op, 266611276.00 ns, 118.4990 ns/op
WorkloadResult  16: 2249904 op, 264219584.00 ns, 117.4359 ns/op
WorkloadResult  17: 2249904 op, 245549496.00 ns, 109.1378 ns/op
WorkloadResult  18: 2249904 op, 245796854.00 ns, 109.2477 ns/op
WorkloadResult  19: 2249904 op, 245435018.00 ns, 109.0869 ns/op
WorkloadResult  20: 2249904 op, 243341602.00 ns, 108.1564 ns/op
WorkloadResult  21: 2249904 op, 245499381.00 ns, 109.1155 ns/op
WorkloadResult  22: 2249904 op, 242874748.00 ns, 107.9489 ns/op
WorkloadResult  23: 2249904 op, 252522075.00 ns, 112.2368 ns/op
WorkloadResult  24: 2249904 op, 248710835.00 ns, 110.5429 ns/op
WorkloadResult  25: 2249904 op, 248220986.00 ns, 110.3251 ns/op
WorkloadResult  26: 2249904 op, 244783744.00 ns, 108.7974 ns/op
WorkloadResult  27: 2249904 op, 243480285.00 ns, 108.2181 ns/op
WorkloadResult  28: 2249904 op, 243302639.00 ns, 108.1391 ns/op
WorkloadResult  29: 2249904 op, 239831383.00 ns, 106.5963 ns/op
WorkloadResult  30: 2249904 op, 242335085.00 ns, 107.7091 ns/op
WorkloadResult  31: 2249904 op, 249645114.00 ns, 110.9581 ns/op
WorkloadResult  32: 2249904 op, 245793136.00 ns, 109.2461 ns/op
WorkloadResult  33: 2249904 op, 248328179.00 ns, 110.3728 ns/op
WorkloadResult  34: 2249904 op, 249310761.00 ns, 110.8095 ns/op
// GC:  150 0 0 1259946240 2249904
// Threading:  0 0 2249904

// AfterAll
// Benchmark Process 48378 has exited with code 0.

Mean = 111.853 ns, StdErr = 0.592 ns (0.53%), N = 34, StdDev = 3.449 ns
Min = 106.596 ns, Q1 = 109.121 ns, Median = 110.884 ns, Q3 = 113.774 ns, Max = 120.348 ns
IQR = 4.652 ns, LowerFence = 102.142 ns, UpperFence = 120.752 ns
ConfidenceInterval = [109.717 ns; 113.989 ns] (CI 99.9%), Margin = 2.136 ns (1.91% of Mean)
Skewness = 0.6, Kurtosis = 2.42, MValue = 2

// ** Remained 50 (64.1%) benchmark(s) to run. Estimated finish 2026-02-19 8:51 (0h 16m from now) **
// **************************
// Benchmark: Scenario1.S1_CheckVoidErrorWithMessage_Rascal: .NET 10.0(Runtime=.NET 10.0, IterationTime=250ms) [Iterations=10]
// *** Execute ***
// Launch: 1 / 1
// Execute: dotnet "Enumerations.Options.Benchmarks-.NET 10.0-1.dll" --anonymousPipes 114 116 --benchmarkName "ReillyDigital.Enumerations.Options.Benchmarks.Scenarios.Scenario1.S1_CheckVoidErrorWithMessage_Rascal(Iterations: 10)" --job ".NET 10.0" --benchmarkId 28 in /media/andrew/Slowverflow/x/devs/reilly-digital/dotnet/enumerations.options.benchmarks/bin/Debug/net10.0/Enumerations.Options.Benchmarks-.NET 10.0-1/bin/Release/net10.0
// Failed to set up high priority (Permission denied). In order to run benchmarks with high priority, make sure you have the right permissions.
// BeforeAnythingElse

// Benchmark Process Environment Information:
// BenchmarkDotNet v0.15.8
// Runtime=.NET 10.0.3 (10.0.3, 10.0.326.7603), X64 RyuJIT x86-64-v3
// GC=Concurrent Workstation
// HardwareIntrinsics=AVX2+BMI1+BMI2+F16C+FMA+LZCNT+MOVBE,AVX,SSE3+SSSE3+SSE4.1+SSE4.2+POPCNT,X86Base+SSE+SSE2,AES+PCLMUL VectorSize=256
// Job: .NET 10.0(IterationTime=250ms)

OverheadJitting  1: 1 op, 161997.00 ns, 161.9970 us/op
WorkloadJitting  1: 1 op, 2702119.00 ns, 2.7021 ms/op

OverheadJitting  2: 16 op, 210309.00 ns, 13.1443 us/op
WorkloadJitting  2: 16 op, 222912.00 ns, 13.9320 us/op

WorkloadPilot    1: 16 op, 6542.00 ns, 408.8750 ns/op
WorkloadPilot    2: 611440 op, 190720085.00 ns, 311.9195 ns/op
WorkloadPilot    3: 801504 op, 39085525.00 ns, 48.7652 ns/op
WorkloadPilot    4: 5126608 op, 231927460.00 ns, 45.2399 ns/op
WorkloadPilot    5: 5526096 op, 278317612.00 ns, 50.3642 ns/op
WorkloadPilot    6: 4963840 op, 219056697.00 ns, 44.1305 ns/op
WorkloadPilot    7: 5665024 op, 242959559.00 ns, 42.8876 ns/op
WorkloadPilot    8: 5829184 op, 246992039.00 ns, 42.3716 ns/op
WorkloadPilot    9: 5900176 op, 248779464.00 ns, 42.1648 ns/op
WorkloadPilot   10: 5929136 op, 286632494.00 ns, 48.3430 ns/op
WorkloadPilot   11: 5171376 op, 249711090.00 ns, 48.2872 ns/op
WorkloadPilot   12: 5177360 op, 262030648.00 ns, 50.6109 ns/op

OverheadWarmup   1: 5177360 op, 14554252.00 ns, 2.8111 ns/op
OverheadWarmup   2: 5177360 op, 14569050.00 ns, 2.8140 ns/op
OverheadWarmup   3: 5177360 op, 14526309.00 ns, 2.8057 ns/op
OverheadWarmup   4: 5177360 op, 14297556.00 ns, 2.7616 ns/op
OverheadWarmup   5: 5177360 op, 14255005.00 ns, 2.7533 ns/op
OverheadWarmup   6: 5177360 op, 14171516.00 ns, 2.7372 ns/op
OverheadWarmup   7: 5177360 op, 14309428.00 ns, 2.7638 ns/op
OverheadWarmup   8: 5177360 op, 14312444.00 ns, 2.7644 ns/op
OverheadWarmup   9: 5177360 op, 14227954.00 ns, 2.7481 ns/op

OverheadActual   1: 5177360 op, 14203487.00 ns, 2.7434 ns/op
OverheadActual   2: 5177360 op, 14127664.00 ns, 2.7287 ns/op
OverheadActual   3: 5177360 op, 14195182.00 ns, 2.7418 ns/op
OverheadActual   4: 5177360 op, 14208136.00 ns, 2.7443 ns/op
OverheadActual   5: 5177360 op, 14392175.00 ns, 2.7798 ns/op
OverheadActual   6: 5177360 op, 14251298.00 ns, 2.7526 ns/op
OverheadActual   7: 5177360 op, 14315420.00 ns, 2.7650 ns/op
OverheadActual   8: 5177360 op, 14149465.00 ns, 2.7329 ns/op
OverheadActual   9: 5177360 op, 14425738.00 ns, 2.7863 ns/op
OverheadActual  10: 5177360 op, 14199961.00 ns, 2.7427 ns/op
OverheadActual  11: 5177360 op, 14234787.00 ns, 2.7494 ns/op
OverheadActual  12: 5177360 op, 14225479.00 ns, 2.7476 ns/op
OverheadActual  13: 5177360 op, 14188859.00 ns, 2.7406 ns/op
OverheadActual  14: 5177360 op, 14283199.00 ns, 2.7588 ns/op
OverheadActual  15: 5177360 op, 14305420.00 ns, 2.7631 ns/op

WorkloadWarmup   1: 5177360 op, 254913345.00 ns, 49.2362 ns/op
WorkloadWarmup   2: 5177360 op, 278372026.00 ns, 53.7672 ns/op
WorkloadWarmup   3: 5177360 op, 313654326.00 ns, 60.5819 ns/op
WorkloadWarmup   4: 5177360 op, 318707138.00 ns, 61.5578 ns/op
WorkloadWarmup   5: 5177360 op, 301576935.00 ns, 58.2492 ns/op
WorkloadWarmup   6: 5177360 op, 281111926.00 ns, 54.2964 ns/op
WorkloadWarmup   7: 5177360 op, 303298217.00 ns, 58.5816 ns/op
WorkloadWarmup   8: 5177360 op, 290860074.00 ns, 56.1792 ns/op

// BeforeActualRun
WorkloadActual   1: 5177360 op, 306147083.00 ns, 59.1319 ns/op
WorkloadActual   2: 5177360 op, 294659882.00 ns, 56.9132 ns/op
WorkloadActual   3: 5177360 op, 354355361.00 ns, 68.4433 ns/op
WorkloadActual   4: 5177360 op, 323726226.00 ns, 62.5273 ns/op
WorkloadActual   5: 5177360 op, 313540289.00 ns, 60.5599 ns/op
WorkloadActual   6: 5177360 op, 328177619.00 ns, 63.3871 ns/op
WorkloadActual   7: 5177360 op, 348561335.00 ns, 67.3241 ns/op
WorkloadActual   8: 5177360 op, 313494382.00 ns, 60.5510 ns/op
WorkloadActual   9: 5177360 op, 314576212.00 ns, 60.7600 ns/op
WorkloadActual  10: 5177360 op, 307639851.00 ns, 59.4202 ns/op
WorkloadActual  11: 5177360 op, 300626505.00 ns, 58.0656 ns/op
WorkloadActual  12: 5177360 op, 319854672.00 ns, 61.7795 ns/op
WorkloadActual  13: 5177360 op, 309245824.00 ns, 59.7304 ns/op
WorkloadActual  14: 5177360 op, 280220678.00 ns, 54.1242 ns/op
WorkloadActual  15: 5177360 op, 310468750.00 ns, 59.9666 ns/op
WorkloadActual  16: 5177360 op, 294848780.00 ns, 56.9496 ns/op
WorkloadActual  17: 5177360 op, 271976099.00 ns, 52.5318 ns/op
WorkloadActual  18: 5177360 op, 272072712.00 ns, 52.5505 ns/op
WorkloadActual  19: 5177360 op, 296791840.00 ns, 57.3249 ns/op
WorkloadActual  20: 5177360 op, 289122632.00 ns, 55.8436 ns/op
WorkloadActual  21: 5177360 op, 301229297.00 ns, 58.1820 ns/op
WorkloadActual  22: 5177360 op, 282250824.00 ns, 54.5164 ns/op
WorkloadActual  23: 5177360 op, 313896785.00 ns, 60.6287 ns/op
WorkloadActual  24: 5177360 op, 280078779.00 ns, 54.0968 ns/op
WorkloadActual  25: 5177360 op, 263644456.00 ns, 50.9226 ns/op
WorkloadActual  26: 5177360 op, 259576579.00 ns, 50.1369 ns/op
WorkloadActual  27: 5177360 op, 258518344.00 ns, 49.9325 ns/op
WorkloadActual  28: 5177360 op, 260937116.00 ns, 50.3996 ns/op
WorkloadActual  29: 5177360 op, 261651050.00 ns, 50.5375 ns/op
WorkloadActual  30: 5177360 op, 260285312.00 ns, 50.2738 ns/op
WorkloadActual  31: 5177360 op, 254343015.00 ns, 49.1260 ns/op
WorkloadActual  32: 5177360 op, 260404848.00 ns, 50.2968 ns/op
WorkloadActual  33: 5177360 op, 271545924.00 ns, 52.4487 ns/op
WorkloadActual  34: 5177360 op, 293982308.00 ns, 56.7823 ns/op
WorkloadActual  35: 5177360 op, 328294881.00 ns, 63.4097 ns/op
WorkloadActual  36: 5177360 op, 279803257.00 ns, 54.0436 ns/op
WorkloadActual  37: 5177360 op, 294856474.00 ns, 56.9511 ns/op
WorkloadActual  38: 5177360 op, 265152312.00 ns, 51.2138 ns/op
WorkloadActual  39: 5177360 op, 278471814.00 ns, 53.7864 ns/op
WorkloadActual  40: 5177360 op, 302182603.00 ns, 58.3662 ns/op
WorkloadActual  41: 5177360 op, 318262134.00 ns, 61.4719 ns/op
WorkloadActual  42: 5177360 op, 338848324.00 ns, 65.4481 ns/op
WorkloadActual  43: 5177360 op, 332321549.00 ns, 64.1875 ns/op
WorkloadActual  44: 5177360 op, 306190726.00 ns, 59.1403 ns/op
WorkloadActual  45: 5177360 op, 305956132.00 ns, 59.0950 ns/op
WorkloadActual  46: 5177360 op, 328540817.00 ns, 63.4572 ns/op
WorkloadActual  47: 5177360 op, 314293396.00 ns, 60.7053 ns/op
WorkloadActual  48: 5177360 op, 327513972.00 ns, 63.2589 ns/op
WorkloadActual  49: 5177360 op, 382833681.00 ns, 73.9438 ns/op
WorkloadActual  50: 5177360 op, 458106690.00 ns, 88.4827 ns/op
WorkloadActual  51: 5177360 op, 307116320.00 ns, 59.3191 ns/op
WorkloadActual  52: 5177360 op, 325080321.00 ns, 62.7888 ns/op
WorkloadActual  53: 5177360 op, 317285685.00 ns, 61.2833 ns/op
WorkloadActual  54: 5177360 op, 309789013.00 ns, 59.8353 ns/op
WorkloadActual  55: 5177360 op, 305810326.00 ns, 59.0668 ns/op
WorkloadActual  56: 5177360 op, 300729330.00 ns, 58.0855 ns/op
WorkloadActual  57: 5177360 op, 291992469.00 ns, 56.3979 ns/op
WorkloadActual  58: 5177360 op, 289269971.00 ns, 55.8721 ns/op
WorkloadActual  59: 5177360 op, 331102640.00 ns, 63.9520 ns/op
WorkloadActual  60: 5177360 op, 303858558.00 ns, 58.6899 ns/op
WorkloadActual  61: 5177360 op, 306474002.00 ns, 59.1950 ns/op
WorkloadActual  62: 5177360 op, 316868965.00 ns, 61.2028 ns/op
WorkloadActual  63: 5177360 op, 295672330.00 ns, 57.1087 ns/op
WorkloadActual  64: 5177360 op, 286431073.00 ns, 55.3238 ns/op
WorkloadActual  65: 5177360 op, 283151580.00 ns, 54.6903 ns/op
WorkloadActual  66: 5177360 op, 301911450.00 ns, 58.3138 ns/op
WorkloadActual  67: 5177360 op, 283723253.00 ns, 54.8008 ns/op
WorkloadActual  68: 5177360 op, 292205983.00 ns, 56.4392 ns/op
WorkloadActual  69: 5177360 op, 283883276.00 ns, 54.8317 ns/op
WorkloadActual  70: 5177360 op, 271354201.00 ns, 52.4117 ns/op
WorkloadActual  71: 5177360 op, 286289304.00 ns, 55.2964 ns/op
WorkloadActual  72: 5177360 op, 282292603.00 ns, 54.5244 ns/op
WorkloadActual  73: 5177360 op, 280035487.00 ns, 54.0885 ns/op
WorkloadActual  74: 5177360 op, 283785752.00 ns, 54.8128 ns/op
WorkloadActual  75: 5177360 op, 287447609.00 ns, 55.5201 ns/op
WorkloadActual  76: 5177360 op, 300832726.00 ns, 58.1054 ns/op
WorkloadActual  77: 5177360 op, 306260108.00 ns, 59.1537 ns/op
WorkloadActual  78: 5177360 op, 283223777.00 ns, 54.7043 ns/op
WorkloadActual  79: 5177360 op, 283389791.00 ns, 54.7364 ns/op
WorkloadActual  80: 5177360 op, 290118228.00 ns, 56.0359 ns/op
WorkloadActual  81: 5177360 op, 295719509.00 ns, 57.1178 ns/op
WorkloadActual  82: 5177360 op, 289847034.00 ns, 55.9836 ns/op
WorkloadActual  83: 5177360 op, 280865690.00 ns, 54.2488 ns/op
WorkloadActual  84: 5177360 op, 287577535.00 ns, 55.5452 ns/op
WorkloadActual  85: 5177360 op, 270496246.00 ns, 52.2460 ns/op
WorkloadActual  86: 5177360 op, 277268285.00 ns, 53.5540 ns/op
WorkloadActual  87: 5177360 op, 274531961.00 ns, 53.0255 ns/op
WorkloadActual  88: 5177360 op, 287646155.00 ns, 55.5585 ns/op
WorkloadActual  89: 5177360 op, 287705648.00 ns, 55.5700 ns/op
WorkloadActual  90: 5177360 op, 294324617.00 ns, 56.8484 ns/op
WorkloadActual  91: 5177360 op, 287795558.00 ns, 55.5873 ns/op
WorkloadActual  92: 5177360 op, 282238119.00 ns, 54.5139 ns/op
WorkloadActual  93: 5177360 op, 301805839.00 ns, 58.2934 ns/op
WorkloadActual  94: 5177360 op, 301454223.00 ns, 58.2255 ns/op
WorkloadActual  95: 5177360 op, 327855228.00 ns, 63.3248 ns/op
WorkloadActual  96: 5177360 op, 300245333.00 ns, 57.9920 ns/op
WorkloadActual  97: 5177360 op, 271710396.00 ns, 52.4805 ns/op
WorkloadActual  98: 5177360 op, 283663360.00 ns, 54.7892 ns/op
WorkloadActual  99: 5177360 op, 291246686.00 ns, 56.2539 ns/op
WorkloadActual  100: 5177360 op, 304509492.00 ns, 58.8156 ns/op

// AfterActualRun
WorkloadResult   1: 5177360 op, 291921604.00 ns, 56.3843 ns/op
WorkloadResult   2: 5177360 op, 280434403.00 ns, 54.1655 ns/op
WorkloadResult   3: 5177360 op, 309500747.00 ns, 59.7796 ns/op
WorkloadResult   4: 5177360 op, 299314810.00 ns, 57.8122 ns/op
WorkloadResult   5: 5177360 op, 313952140.00 ns, 60.6394 ns/op
WorkloadResult   6: 5177360 op, 334335856.00 ns, 64.5765 ns/op
WorkloadResult   7: 5177360 op, 299268903.00 ns, 57.8034 ns/op
WorkloadResult   8: 5177360 op, 300350733.00 ns, 58.0123 ns/op
WorkloadResult   9: 5177360 op, 293414372.00 ns, 56.6726 ns/op
WorkloadResult  10: 5177360 op, 286401026.00 ns, 55.3180 ns/op
WorkloadResult  11: 5177360 op, 305629193.00 ns, 59.0319 ns/op
WorkloadResult  12: 5177360 op, 295020345.00 ns, 56.9828 ns/op
WorkloadResult  13: 5177360 op, 265995199.00 ns, 51.3766 ns/op
WorkloadResult  14: 5177360 op, 296243271.00 ns, 57.2190 ns/op
WorkloadResult  15: 5177360 op, 280623301.00 ns, 54.2020 ns/op
WorkloadResult  16: 5177360 op, 257750620.00 ns, 49.7842 ns/op
WorkloadResult  17: 5177360 op, 257847233.00 ns, 49.8028 ns/op
WorkloadResult  18: 5177360 op, 282566361.00 ns, 54.5773 ns/op
WorkloadResult  19: 5177360 op, 274897153.00 ns, 53.0960 ns/op
WorkloadResult  20: 5177360 op, 287003818.00 ns, 55.4344 ns/op
WorkloadResult  21: 5177360 op, 268025345.00 ns, 51.7687 ns/op
WorkloadResult  22: 5177360 op, 299671306.00 ns, 57.8811 ns/op
WorkloadResult  23: 5177360 op, 265853300.00 ns, 51.3492 ns/op
WorkloadResult  24: 5177360 op, 249418977.00 ns, 48.1749 ns/op
WorkloadResult  25: 5177360 op, 245351100.00 ns, 47.3892 ns/op
WorkloadResult  26: 5177360 op, 244292865.00 ns, 47.1848 ns/op
WorkloadResult  27: 5177360 op, 246711637.00 ns, 47.6520 ns/op
WorkloadResult  28: 5177360 op, 247425571.00 ns, 47.7899 ns/op
WorkloadResult  29: 5177360 op, 246059833.00 ns, 47.5261 ns/op
WorkloadResult  30: 5177360 op, 240117536.00 ns, 46.3784 ns/op
WorkloadResult  31: 5177360 op, 246179369.00 ns, 47.5492 ns/op
WorkloadResult  32: 5177360 op, 257320445.00 ns, 49.7011 ns/op
WorkloadResult  33: 5177360 op, 279756829.00 ns, 54.0346 ns/op
WorkloadResult  34: 5177360 op, 314069402.00 ns, 60.6621 ns/op
WorkloadResult  35: 5177360 op, 265577778.00 ns, 51.2960 ns/op
WorkloadResult  36: 5177360 op, 280630995.00 ns, 54.2035 ns/op
WorkloadResult  37: 5177360 op, 250926833.00 ns, 48.4662 ns/op
WorkloadResult  38: 5177360 op, 264246335.00 ns, 51.0388 ns/op
WorkloadResult  39: 5177360 op, 287957124.00 ns, 55.6185 ns/op
WorkloadResult  40: 5177360 op, 304036655.00 ns, 58.7243 ns/op
WorkloadResult  41: 5177360 op, 324622845.00 ns, 62.7005 ns/op
WorkloadResult  42: 5177360 op, 318096070.00 ns, 61.4398 ns/op
WorkloadResult  43: 5177360 op, 291965247.00 ns, 56.3927 ns/op
WorkloadResult  44: 5177360 op, 291730653.00 ns, 56.3474 ns/op
WorkloadResult  45: 5177360 op, 314315338.00 ns, 60.7096 ns/op
WorkloadResult  46: 5177360 op, 300067917.00 ns, 57.9577 ns/op
WorkloadResult  47: 5177360 op, 313288493.00 ns, 60.5112 ns/op
WorkloadResult  48: 5177360 op, 292890841.00 ns, 56.5715 ns/op
WorkloadResult  49: 5177360 op, 310854842.00 ns, 60.0412 ns/op
WorkloadResult  50: 5177360 op, 303060206.00 ns, 58.5357 ns/op
WorkloadResult  51: 5177360 op, 295563534.00 ns, 57.0877 ns/op
WorkloadResult  52: 5177360 op, 291584847.00 ns, 56.3192 ns/op
WorkloadResult  53: 5177360 op, 286503851.00 ns, 55.3378 ns/op
WorkloadResult  54: 5177360 op, 277766990.00 ns, 53.6503 ns/op
WorkloadResult  55: 5177360 op, 275044492.00 ns, 53.1245 ns/op
WorkloadResult  56: 5177360 op, 316877161.00 ns, 61.2044 ns/op
WorkloadResult  57: 5177360 op, 289633079.00 ns, 55.9422 ns/op
WorkloadResult  58: 5177360 op, 292248523.00 ns, 56.4474 ns/op
WorkloadResult  59: 5177360 op, 302643486.00 ns, 58.4552 ns/op
WorkloadResult  60: 5177360 op, 281446851.00 ns, 54.3611 ns/op
WorkloadResult  61: 5177360 op, 272205594.00 ns, 52.5761 ns/op
WorkloadResult  62: 5177360 op, 268926101.00 ns, 51.9427 ns/op
WorkloadResult  63: 5177360 op, 287685971.00 ns, 55.5662 ns/op
WorkloadResult  64: 5177360 op, 269497774.00 ns, 52.0531 ns/op
WorkloadResult  65: 5177360 op, 277980504.00 ns, 53.6916 ns/op
WorkloadResult  66: 5177360 op, 269657797.00 ns, 52.0840 ns/op
WorkloadResult  67: 5177360 op, 257128722.00 ns, 49.6641 ns/op
WorkloadResult  68: 5177360 op, 272063825.00 ns, 52.5488 ns/op
WorkloadResult  69: 5177360 op, 268067124.00 ns, 51.7768 ns/op
WorkloadResult  70: 5177360 op, 265810008.00 ns, 51.3408 ns/op
WorkloadResult  71: 5177360 op, 269560273.00 ns, 52.0652 ns/op
WorkloadResult  72: 5177360 op, 273222130.00 ns, 52.7725 ns/op
WorkloadResult  73: 5177360 op, 286607247.00 ns, 55.3578 ns/op
WorkloadResult  74: 5177360 op, 292034629.00 ns, 56.4061 ns/op
WorkloadResult  75: 5177360 op, 268998298.00 ns, 51.9567 ns/op
WorkloadResult  76: 5177360 op, 269164312.00 ns, 51.9887 ns/op
WorkloadResult  77: 5177360 op, 275892749.00 ns, 53.2883 ns/op
WorkloadResult  78: 5177360 op, 281494030.00 ns, 54.3702 ns/op
WorkloadResult  79: 5177360 op, 275621555.00 ns, 53.2359 ns/op
WorkloadResult  80: 5177360 op, 266640211.00 ns, 51.5012 ns/op
WorkloadResult  81: 5177360 op, 273352056.00 ns, 52.7976 ns/op
WorkloadResult  82: 5177360 op, 256270767.00 ns, 49.4983 ns/op
WorkloadResult  83: 5177360 op, 263042806.00 ns, 50.8064 ns/op
WorkloadResult  84: 5177360 op, 260306482.00 ns, 50.2778 ns/op
WorkloadResult  85: 5177360 op, 273420676.00 ns, 52.8108 ns/op
WorkloadResult  86: 5177360 op, 273480169.00 ns, 52.8223 ns/op
WorkloadResult  87: 5177360 op, 280099138.00 ns, 54.1008 ns/op
WorkloadResult  88: 5177360 op, 273570079.00 ns, 52.8397 ns/op
WorkloadResult  89: 5177360 op, 268012640.00 ns, 51.7663 ns/op
WorkloadResult  90: 5177360 op, 287580360.00 ns, 55.5458 ns/op
WorkloadResult  91: 5177360 op, 287228744.00 ns, 55.4778 ns/op
WorkloadResult  92: 5177360 op, 313629749.00 ns, 60.5772 ns/op
WorkloadResult  93: 5177360 op, 286019854.00 ns, 55.2443 ns/op
WorkloadResult  94: 5177360 op, 257484917.00 ns, 49.7329 ns/op
WorkloadResult  95: 5177360 op, 269437881.00 ns, 52.0416 ns/op
WorkloadResult  96: 5177360 op, 277021207.00 ns, 53.5063 ns/op
WorkloadResult  97: 5177360 op, 290284013.00 ns, 56.0680 ns/op
// GC:  148 0 0 1242566400 5177360
// Threading:  0 0 5177360

// AfterAll
// Benchmark Process 48455 has exited with code 0.

Mean = 54.250 ns, StdErr = 0.395 ns (0.73%), N = 97, StdDev = 3.895 ns
Min = 46.378 ns, Q1 = 51.769 ns, Median = 54.101 ns, Q3 = 56.571 ns, Max = 64.577 ns
IQR = 4.803 ns, LowerFence = 44.565 ns, UpperFence = 63.776 ns
ConfidenceInterval = [52.908 ns; 55.593 ns] (CI 99.9%), Margin = 1.342 ns (2.47% of Mean)
Skewness = 0.2, Kurtosis = 2.56, MValue = 3.38

// ** Remained 49 (62.8%) benchmark(s) to run. Estimated finish 2026-02-19 8:52 (0h 16m from now) **
// **************************
// Benchmark: Scenario1.S1_CheckVoidErrorWithMessage_SimpleResults: .NET 10.0(Runtime=.NET 10.0, IterationTime=250ms) [Iterations=10]
// *** Execute ***
// Launch: 1 / 1
// Execute: dotnet "Enumerations.Options.Benchmarks-.NET 10.0-1.dll" --anonymousPipes 114 116 --benchmarkName "ReillyDigital.Enumerations.Options.Benchmarks.Scenarios.Scenario1.S1_CheckVoidErrorWithMessage_SimpleResults(Iterations: 10)" --job ".NET 10.0" --benchmarkId 29 in /media/andrew/Slowverflow/x/devs/reilly-digital/dotnet/enumerations.options.benchmarks/bin/Debug/net10.0/Enumerations.Options.Benchmarks-.NET 10.0-1/bin/Release/net10.0
// Failed to set up high priority (Permission denied). In order to run benchmarks with high priority, make sure you have the right permissions.
// BeforeAnythingElse

// Benchmark Process Environment Information:
// BenchmarkDotNet v0.15.8
// Runtime=.NET 10.0.3 (10.0.3, 10.0.326.7603), X64 RyuJIT x86-64-v3
// GC=Concurrent Workstation
// HardwareIntrinsics=AVX2+BMI1+BMI2+F16C+FMA+LZCNT+MOVBE,AVX,SSE3+SSSE3+SSE4.1+SSE4.2+POPCNT,X86Base+SSE+SSE2,AES+PCLMUL VectorSize=256
// Job: .NET 10.0(IterationTime=250ms)

OverheadJitting  1: 1 op, 168329.00 ns, 168.3290 us/op
WorkloadJitting  1: 1 op, 8209252.00 ns, 8.2093 ms/op

OverheadJitting  2: 16 op, 249964.00 ns, 15.6228 us/op
WorkloadJitting  2: 16 op, 256045.00 ns, 16.0028 us/op

WorkloadPilot    1: 16 op, 63391.00 ns, 3.9619 us/op
WorkloadPilot    2: 63104 op, 150465106.00 ns, 2.3844 us/op
WorkloadPilot    3: 104848 op, 102944661.00 ns, 981.8467 ns/op
WorkloadPilot    4: 254624 op, 183681401.00 ns, 721.3829 ns/op
WorkloadPilot    5: 346560 op, 194564578.00 ns, 561.4167 ns/op
WorkloadPilot    6: 445312 op, 232627616.00 ns, 522.3924 ns/op
WorkloadPilot    7: 478576 op, 260758097.00 ns, 544.8625 ns/op
WorkloadPilot    8: 458832 op, 248581460.00 ns, 541.7701 ns/op
WorkloadPilot    9: 461456 op, 262233603.00 ns, 568.2743 ns/op
WorkloadPilot   10: 439936 op, 255318673.00 ns, 580.3541 ns/op

OverheadWarmup   1: 439936 op, 1125973.00 ns, 2.5594 ns/op
OverheadWarmup   2: 439936 op, 1114251.00 ns, 2.5328 ns/op
OverheadWarmup   3: 439936 op, 1112318.00 ns, 2.5284 ns/op
OverheadWarmup   4: 439936 op, 1127506.00 ns, 2.5629 ns/op
OverheadWarmup   5: 439936 op, 1122997.00 ns, 2.5526 ns/op
OverheadWarmup   6: 439936 op, 1170006.00 ns, 2.6595 ns/op
OverheadWarmup   7: 439936 op, 1166920.00 ns, 2.6525 ns/op

OverheadActual   1: 439936 op, 1118399.00 ns, 2.5422 ns/op
OverheadActual   2: 439936 op, 1187670.00 ns, 2.6996 ns/op
OverheadActual   3: 439936 op, 1133938.00 ns, 2.5775 ns/op
OverheadActual   4: 439936 op, 1165869.00 ns, 2.6501 ns/op
OverheadActual   5: 439936 op, 1168824.00 ns, 2.6568 ns/op
OverheadActual   6: 439936 op, 1120483.00 ns, 2.5469 ns/op
OverheadActual   7: 439936 op, 1172571.00 ns, 2.6653 ns/op
OverheadActual   8: 439936 op, 1129791.00 ns, 2.5681 ns/op
OverheadActual   9: 439936 op, 1112778.00 ns, 2.5294 ns/op
OverheadActual  10: 439936 op, 1167341.00 ns, 2.6534 ns/op
OverheadActual  11: 439936 op, 1145670.00 ns, 2.6042 ns/op
OverheadActual  12: 439936 op, 1128317.00 ns, 2.5647 ns/op
OverheadActual  13: 439936 op, 1147564.00 ns, 2.6085 ns/op
OverheadActual  14: 439936 op, 1137134.00 ns, 2.5848 ns/op
OverheadActual  15: 439936 op, 1157703.00 ns, 2.6315 ns/op

WorkloadWarmup   1: 439936 op, 237716837.00 ns, 540.3441 ns/op
WorkloadWarmup   2: 439936 op, 240616320.00 ns, 546.9348 ns/op
WorkloadWarmup   3: 439936 op, 242690881.00 ns, 551.6504 ns/op
WorkloadWarmup   4: 439936 op, 220096466.00 ns, 500.2920 ns/op
WorkloadWarmup   5: 439936 op, 226615657.00 ns, 515.1105 ns/op
WorkloadWarmup   6: 439936 op, 221636534.00 ns, 503.7927 ns/op

// BeforeActualRun
WorkloadActual   1: 439936 op, 223463706.00 ns, 507.9459 ns/op
WorkloadActual   2: 439936 op, 225378833.00 ns, 512.2991 ns/op
WorkloadActual   3: 439936 op, 229239087.00 ns, 521.0737 ns/op
WorkloadActual   4: 439936 op, 223694533.00 ns, 508.4706 ns/op
WorkloadActual   5: 439936 op, 223031397.00 ns, 506.9633 ns/op
WorkloadActual   6: 439936 op, 221084368.00 ns, 502.5376 ns/op
WorkloadActual   7: 439936 op, 220990069.00 ns, 502.3232 ns/op
WorkloadActual   8: 439936 op, 221332158.00 ns, 503.1008 ns/op
WorkloadActual   9: 439936 op, 222622322.00 ns, 506.0334 ns/op
WorkloadActual  10: 439936 op, 223490978.00 ns, 508.0079 ns/op
WorkloadActual  11: 439936 op, 221157187.00 ns, 502.7031 ns/op
WorkloadActual  12: 439936 op, 223622636.00 ns, 508.3072 ns/op
WorkloadActual  13: 439936 op, 225846670.00 ns, 513.3626 ns/op
WorkloadActual  14: 439936 op, 219066736.00 ns, 497.9514 ns/op
WorkloadActual  15: 439936 op, 220560656.00 ns, 501.3471 ns/op

// AfterActualRun
WorkloadResult   1: 439936 op, 222318036.00 ns, 505.3418 ns/op
WorkloadResult   2: 439936 op, 224233163.00 ns, 509.6950 ns/op
WorkloadResult   3: 439936 op, 222548863.00 ns, 505.8665 ns/op
WorkloadResult   4: 439936 op, 221885727.00 ns, 504.3591 ns/op
WorkloadResult   5: 439936 op, 219938698.00 ns, 499.9334 ns/op
WorkloadResult   6: 439936 op, 219844399.00 ns, 499.7190 ns/op
WorkloadResult   7: 439936 op, 220186488.00 ns, 500.4966 ns/op
WorkloadResult   8: 439936 op, 221476652.00 ns, 503.4293 ns/op
WorkloadResult   9: 439936 op, 222345308.00 ns, 505.4038 ns/op
WorkloadResult  10: 439936 op, 220011517.00 ns, 500.0989 ns/op
WorkloadResult  11: 439936 op, 222476966.00 ns, 505.7030 ns/op
WorkloadResult  12: 439936 op, 224701000.00 ns, 510.7584 ns/op
WorkloadResult  13: 439936 op, 217921066.00 ns, 495.3472 ns/op
WorkloadResult  14: 439936 op, 219414986.00 ns, 498.7430 ns/op
// GC:  21 0 0 175974400 439936
// Threading:  0 0 439936

// AfterAll
// Benchmark Process 49203 has exited with code 0.

Mean = 503.207 ns, StdErr = 1.160 ns (0.23%), N = 14, StdDev = 4.339 ns
Min = 495.347 ns, Q1 = 499.975 ns, Median = 503.894 ns, Q3 = 505.628 ns, Max = 510.758 ns
IQR = 5.653 ns, LowerFence = 491.495 ns, UpperFence = 514.108 ns
ConfidenceInterval = [498.312 ns; 508.102 ns] (CI 99.9%), Margin = 4.895 ns (0.97% of Mean)
Skewness = 0.05, Kurtosis = 1.97, MValue = 2

// ** Remained 48 (61.5%) benchmark(s) to run. Estimated finish 2026-02-19 8:51 (0h 15m from now) **
// **************************
// Benchmark: Scenario1.S1_CheckVoidSuccess_ArdalisResult: .NET 10.0(Runtime=.NET 10.0, IterationTime=250ms) [Iterations=10]
// *** Execute ***
// Launch: 1 / 1
// Execute: dotnet "Enumerations.Options.Benchmarks-.NET 10.0-1.dll" --anonymousPipes 114 116 --benchmarkName "ReillyDigital.Enumerations.Options.Benchmarks.Scenarios.Scenario1.S1_CheckVoidSuccess_ArdalisResult(Iterations: 10)" --job ".NET 10.0" --benchmarkId 30 in /media/andrew/Slowverflow/x/devs/reilly-digital/dotnet/enumerations.options.benchmarks/bin/Debug/net10.0/Enumerations.Options.Benchmarks-.NET 10.0-1/bin/Release/net10.0
// Failed to set up high priority (Permission denied). In order to run benchmarks with high priority, make sure you have the right permissions.
// BeforeAnythingElse

// Benchmark Process Environment Information:
// BenchmarkDotNet v0.15.8
// Runtime=.NET 10.0.3 (10.0.3, 10.0.326.7603), X64 RyuJIT x86-64-v3
// GC=Concurrent Workstation
// HardwareIntrinsics=AVX2+BMI1+BMI2+F16C+FMA+LZCNT+MOVBE,AVX,SSE3+SSSE3+SSE4.1+SSE4.2+POPCNT,X86Base+SSE+SSE2,AES+PCLMUL VectorSize=256
// Job: .NET 10.0(IterationTime=250ms)

OverheadJitting  1: 1 op, 160875.00 ns, 160.8750 us/op
WorkloadJitting  1: 1 op, 1868049.00 ns, 1.8680 ms/op

OverheadJitting  2: 16 op, 225598.00 ns, 14.0999 us/op
WorkloadJitting  2: 16 op, 225257.00 ns, 14.0786 us/op

WorkloadPilot    1: 16 op, 24437.00 ns, 1.5273 us/op
WorkloadPilot    2: 163696 op, 65563636.00 ns, 400.5207 ns/op
WorkloadPilot    3: 624192 op, 148097690.00 ns, 237.2630 ns/op
WorkloadPilot    4: 1053696 op, 87564915.00 ns, 83.1026 ns/op
WorkloadPilot    5: 3008336 op, 243120214.00 ns, 80.8155 ns/op
WorkloadPilot    6: 3093472 op, 245736650.00 ns, 79.4372 ns/op
WorkloadPilot    7: 3147152 op, 252893739.00 ns, 80.3564 ns/op
WorkloadPilot    8: 3111152 op, 248665699.00 ns, 79.9272 ns/op
WorkloadPilot    9: 3127856 op, 304941520.00 ns, 97.4922 ns/op
WorkloadPilot   10: 2564320 op, 213988345.00 ns, 83.4484 ns/op
WorkloadPilot   11: 2995872 op, 249153724.00 ns, 83.1657 ns/op
WorkloadPilot   12: 3006048 op, 281264826.00 ns, 93.5663 ns/op

OverheadWarmup   1: 3006048 op, 8477069.00 ns, 2.8200 ns/op
OverheadWarmup   2: 3006048 op, 9939399.00 ns, 3.3065 ns/op
OverheadWarmup   3: 3006048 op, 9590068.00 ns, 3.1903 ns/op
OverheadWarmup   4: 3006048 op, 8468012.00 ns, 2.8170 ns/op
OverheadWarmup   5: 3006048 op, 8412747.00 ns, 2.7986 ns/op
OverheadWarmup   6: 3006048 op, 8297289.00 ns, 2.7602 ns/op
OverheadWarmup   7: 3006048 op, 8303230.00 ns, 2.7622 ns/op
OverheadWarmup   8: 3006048 op, 8385285.00 ns, 2.7895 ns/op
OverheadWarmup   9: 3006048 op, 8342955.00 ns, 2.7754 ns/op

OverheadActual   1: 3006048 op, 8305033.00 ns, 2.7628 ns/op
OverheadActual   2: 3006048 op, 8353035.00 ns, 2.7787 ns/op
OverheadActual   3: 3006048 op, 8260399.00 ns, 2.7479 ns/op
OverheadActual   4: 3006048 op, 8261631.00 ns, 2.7483 ns/op
OverheadActual   5: 3006048 op, 8304191.00 ns, 2.7625 ns/op
OverheadActual   6: 3006048 op, 8283131.00 ns, 2.7555 ns/op
OverheadActual   7: 3006048 op, 8286879.00 ns, 2.7567 ns/op
OverheadActual   8: 3006048 op, 8302849.00 ns, 2.7620 ns/op
OverheadActual   9: 3006048 op, 8288813.00 ns, 2.7574 ns/op
OverheadActual  10: 3006048 op, 8286418.00 ns, 2.7566 ns/op
OverheadActual  11: 3006048 op, 8578472.00 ns, 2.8537 ns/op
OverheadActual  12: 3006048 op, 8267492.00 ns, 2.7503 ns/op
OverheadActual  13: 3006048 op, 8273634.00 ns, 2.7523 ns/op
OverheadActual  14: 3006048 op, 8283253.00 ns, 2.7555 ns/op
OverheadActual  15: 3006048 op, 8326184.00 ns, 2.7698 ns/op

WorkloadWarmup   1: 3006048 op, 245721181.00 ns, 81.7423 ns/op
WorkloadWarmup   2: 3006048 op, 244125237.00 ns, 81.2114 ns/op
WorkloadWarmup   3: 3006048 op, 241100948.00 ns, 80.2053 ns/op
WorkloadWarmup   4: 3006048 op, 239805885.00 ns, 79.7745 ns/op
WorkloadWarmup   5: 3006048 op, 239093215.00 ns, 79.5374 ns/op
WorkloadWarmup   6: 3006048 op, 237425576.00 ns, 78.9826 ns/op
WorkloadWarmup   7: 3006048 op, 238883588.00 ns, 79.4677 ns/op
WorkloadWarmup   8: 3006048 op, 282687862.00 ns, 94.0397 ns/op
WorkloadWarmup   9: 3006048 op, 239912066.00 ns, 79.8098 ns/op
WorkloadWarmup  10: 3006048 op, 237709854.00 ns, 79.0772 ns/op
WorkloadWarmup  11: 3006048 op, 237140806.00 ns, 78.8879 ns/op
WorkloadWarmup  12: 3006048 op, 236852721.00 ns, 78.7921 ns/op
WorkloadWarmup  13: 3006048 op, 240552179.00 ns, 80.0227 ns/op
WorkloadWarmup  14: 3006048 op, 245823605.00 ns, 81.7763 ns/op
WorkloadWarmup  15: 3006048 op, 248667633.00 ns, 82.7224 ns/op
WorkloadWarmup  16: 3006048 op, 243370097.00 ns, 80.9602 ns/op

// BeforeActualRun
WorkloadActual   1: 3006048 op, 243707225.00 ns, 81.0723 ns/op
WorkloadActual   2: 3006048 op, 258734935.00 ns, 86.0715 ns/op
WorkloadActual   3: 3006048 op, 265495522.00 ns, 88.3205 ns/op
WorkloadActual   4: 3006048 op, 258647940.00 ns, 86.0425 ns/op
WorkloadActual   5: 3006048 op, 262568778.00 ns, 87.3468 ns/op
WorkloadActual   6: 3006048 op, 258997752.00 ns, 86.1589 ns/op
WorkloadActual   7: 3006048 op, 263124260.00 ns, 87.5316 ns/op
WorkloadActual   8: 3006048 op, 258401212.00 ns, 85.9604 ns/op
WorkloadActual   9: 3006048 op, 257698101.00 ns, 85.7265 ns/op
WorkloadActual  10: 3006048 op, 258163081.00 ns, 85.8812 ns/op
WorkloadActual  11: 3006048 op, 257409875.00 ns, 85.6307 ns/op
WorkloadActual  12: 3006048 op, 260166597.00 ns, 86.5477 ns/op
WorkloadActual  13: 3006048 op, 259673142.00 ns, 86.3836 ns/op
WorkloadActual  14: 3006048 op, 278590259.00 ns, 92.6766 ns/op
WorkloadActual  15: 3006048 op, 271993222.00 ns, 90.4820 ns/op
WorkloadActual  16: 3006048 op, 271764719.00 ns, 90.4060 ns/op
WorkloadActual  17: 3006048 op, 274428505.00 ns, 91.2921 ns/op
WorkloadActual  18: 3006048 op, 244868245.00 ns, 81.4585 ns/op
WorkloadActual  19: 3006048 op, 261113340.00 ns, 86.8627 ns/op
WorkloadActual  20: 3006048 op, 257564176.00 ns, 85.6820 ns/op
WorkloadActual  21: 3006048 op, 252092350.00 ns, 83.8617 ns/op
WorkloadActual  22: 3006048 op, 264954467.00 ns, 88.1405 ns/op
WorkloadActual  23: 3006048 op, 249296203.00 ns, 82.9315 ns/op
WorkloadActual  24: 3006048 op, 244516499.00 ns, 81.3415 ns/op
WorkloadActual  25: 3006048 op, 244708944.00 ns, 81.4055 ns/op
WorkloadActual  26: 3006048 op, 248023232.00 ns, 82.5081 ns/op
WorkloadActual  27: 3006048 op, 265989819.00 ns, 88.4849 ns/op
WorkloadActual  28: 3006048 op, 253750882.00 ns, 84.4134 ns/op
WorkloadActual  29: 3006048 op, 264709322.00 ns, 88.0589 ns/op
WorkloadActual  30: 3006048 op, 265175787.00 ns, 88.2141 ns/op
WorkloadActual  31: 3006048 op, 249739503.00 ns, 83.0790 ns/op
WorkloadActual  32: 3006048 op, 249278510.00 ns, 82.9257 ns/op
WorkloadActual  33: 3006048 op, 263537944.00 ns, 87.6692 ns/op
WorkloadActual  34: 3006048 op, 252570637.00 ns, 84.0208 ns/op
WorkloadActual  35: 3006048 op, 317205804.00 ns, 105.5225 ns/op
WorkloadActual  36: 3006048 op, 275820802.00 ns, 91.7553 ns/op
WorkloadActual  37: 3006048 op, 275457123.00 ns, 91.6343 ns/op
WorkloadActual  38: 3006048 op, 272599710.00 ns, 90.6838 ns/op
WorkloadActual  39: 3006048 op, 254669824.00 ns, 84.7191 ns/op
WorkloadActual  40: 3006048 op, 251943589.00 ns, 83.8122 ns/op
WorkloadActual  41: 3006048 op, 249265135.00 ns, 82.9212 ns/op
WorkloadActual  42: 3006048 op, 254525240.00 ns, 84.6710 ns/op
WorkloadActual  43: 3006048 op, 262234424.00 ns, 87.2356 ns/op

// AfterActualRun
WorkloadResult   1: 3006048 op, 235420346.00 ns, 78.3156 ns/op
WorkloadResult   2: 3006048 op, 250448056.00 ns, 83.3147 ns/op
WorkloadResult   3: 3006048 op, 257208643.00 ns, 85.5637 ns/op
WorkloadResult   4: 3006048 op, 250361061.00 ns, 83.2858 ns/op
WorkloadResult   5: 3006048 op, 254281899.00 ns, 84.5901 ns/op
WorkloadResult   6: 3006048 op, 250710873.00 ns, 83.4022 ns/op
WorkloadResult   7: 3006048 op, 254837381.00 ns, 84.7749 ns/op
WorkloadResult   8: 3006048 op, 250114333.00 ns, 83.2037 ns/op
WorkloadResult   9: 3006048 op, 249411222.00 ns, 82.9698 ns/op
WorkloadResult  10: 3006048 op, 249876202.00 ns, 83.1245 ns/op
WorkloadResult  11: 3006048 op, 249122996.00 ns, 82.8739 ns/op
WorkloadResult  12: 3006048 op, 251879718.00 ns, 83.7910 ns/op
WorkloadResult  13: 3006048 op, 251386263.00 ns, 83.6268 ns/op
WorkloadResult  14: 3006048 op, 270303380.00 ns, 89.9198 ns/op
WorkloadResult  15: 3006048 op, 263706343.00 ns, 87.7253 ns/op
WorkloadResult  16: 3006048 op, 263477840.00 ns, 87.6492 ns/op
WorkloadResult  17: 3006048 op, 266141626.00 ns, 88.5354 ns/op
WorkloadResult  18: 3006048 op, 236581366.00 ns, 78.7018 ns/op
WorkloadResult  19: 3006048 op, 252826461.00 ns, 84.1059 ns/op
WorkloadResult  20: 3006048 op, 249277297.00 ns, 82.9253 ns/op
WorkloadResult  21: 3006048 op, 243805471.00 ns, 81.1050 ns/op
WorkloadResult  22: 3006048 op, 256667588.00 ns, 85.3837 ns/op
WorkloadResult  23: 3006048 op, 241009324.00 ns, 80.1748 ns/op
WorkloadResult  24: 3006048 op, 236229620.00 ns, 78.5848 ns/op
WorkloadResult  25: 3006048 op, 236422065.00 ns, 78.6488 ns/op
WorkloadResult  26: 3006048 op, 239736353.00 ns, 79.7513 ns/op
WorkloadResult  27: 3006048 op, 257702940.00 ns, 85.7282 ns/op
WorkloadResult  28: 3006048 op, 245464003.00 ns, 81.6567 ns/op
WorkloadResult  29: 3006048 op, 256422443.00 ns, 85.3022 ns/op
WorkloadResult  30: 3006048 op, 256888908.00 ns, 85.4574 ns/op
WorkloadResult  31: 3006048 op, 241452624.00 ns, 80.3223 ns/op
WorkloadResult  32: 3006048 op, 240991631.00 ns, 80.1689 ns/op
WorkloadResult  33: 3006048 op, 255251065.00 ns, 84.9125 ns/op
WorkloadResult  34: 3006048 op, 244283758.00 ns, 81.2641 ns/op
WorkloadResult  35: 3006048 op, 267533923.00 ns, 88.9986 ns/op
WorkloadResult  36: 3006048 op, 267170244.00 ns, 88.8776 ns/op
WorkloadResult  37: 3006048 op, 264312831.00 ns, 87.9270 ns/op
WorkloadResult  38: 3006048 op, 246382945.00 ns, 81.9624 ns/op
WorkloadResult  39: 3006048 op, 243656710.00 ns, 81.0555 ns/op
WorkloadResult  40: 3006048 op, 240978256.00 ns, 80.1645 ns/op
WorkloadResult  41: 3006048 op, 246238361.00 ns, 81.9143 ns/op
WorkloadResult  42: 3006048 op, 253947545.00 ns, 84.4789 ns/op
// GC:  258 0 0 2164354560 3006048
// Threading:  0 0 3006048

// AfterAll
// Benchmark Process 49317 has exited with code 0.

Mean = 83.482 ns, StdErr = 0.475 ns (0.57%), N = 42, StdDev = 3.075 ns
Min = 78.316 ns, Q1 = 81.145 ns, Median = 83.300 ns, Q3 = 85.363 ns, Max = 89.920 ns
IQR = 4.219 ns, LowerFence = 74.817 ns, UpperFence = 91.691 ns
ConfidenceInterval = [81.800 ns; 85.164 ns] (CI 99.9%), Margin = 1.682 ns (2.01% of Mean)
Skewness = 0.23, Kurtosis = 2.23, MValue = 2.27

// ** Remained 47 (60.3%) benchmark(s) to run. Estimated finish 2026-02-19 8:51 (0h 15m from now) **
// **************************
// Benchmark: Scenario1.S1_CheckVoidSuccess_EnumerationsOptions: .NET 10.0(Runtime=.NET 10.0, IterationTime=250ms) [Iterations=10]
// *** Execute ***
// Launch: 1 / 1
// Execute: dotnet "Enumerations.Options.Benchmarks-.NET 10.0-1.dll" --anonymousPipes 114 116 --benchmarkName "ReillyDigital.Enumerations.Options.Benchmarks.Scenarios.Scenario1.S1_CheckVoidSuccess_EnumerationsOptions(Iterations: 10)" --job ".NET 10.0" --benchmarkId 31 in /media/andrew/Slowverflow/x/devs/reilly-digital/dotnet/enumerations.options.benchmarks/bin/Debug/net10.0/Enumerations.Options.Benchmarks-.NET 10.0-1/bin/Release/net10.0
// Failed to set up high priority (Permission denied). In order to run benchmarks with high priority, make sure you have the right permissions.
// BeforeAnythingElse

// Benchmark Process Environment Information:
// BenchmarkDotNet v0.15.8
// Runtime=.NET 10.0.3 (10.0.3, 10.0.326.7603), X64 RyuJIT x86-64-v3
// GC=Concurrent Workstation
// HardwareIntrinsics=AVX2+BMI1+BMI2+F16C+FMA+LZCNT+MOVBE,AVX,SSE3+SSSE3+SSE4.1+SSE4.2+POPCNT,X86Base+SSE+SSE2,AES+PCLMUL VectorSize=256
// Job: .NET 10.0(IterationTime=250ms)

OverheadJitting  1: 1 op, 158650.00 ns, 158.6500 us/op
WorkloadJitting  1: 1 op, 2454891.00 ns, 2.4549 ms/op

OverheadJitting  2: 16 op, 250294.00 ns, 15.6434 us/op
WorkloadJitting  2: 16 op, 238501.00 ns, 14.9063 us/op

WorkloadPilot    1: 16 op, 10190.00 ns, 636.8750 ns/op
WorkloadPilot    2: 392544 op, 126971498.00 ns, 323.4580 ns/op
WorkloadPilot    3: 772912 op, 85030114.00 ns, 110.0127 ns/op
WorkloadPilot    4: 2272480 op, 170231561.00 ns, 74.9100 ns/op
WorkloadPilot    5: 3337344 op, 247898956.00 ns, 74.2803 ns/op
WorkloadPilot    6: 3365632 op, 242760231.00 ns, 72.1292 ns/op
WorkloadPilot    7: 3466016 op, 251160154.00 ns, 72.4636 ns/op
WorkloadPilot    8: 3450016 op, 244781721.00 ns, 70.9509 ns/op
WorkloadPilot    9: 3523568 op, 246674106.00 ns, 70.0069 ns/op
WorkloadPilot   10: 3571088 op, 257279668.00 ns, 72.0452 ns/op
WorkloadPilot   11: 3470048 op, 258865813.00 ns, 74.6001 ns/op

OverheadWarmup   1: 3470048 op, 8716714.00 ns, 2.5120 ns/op
OverheadWarmup   2: 3470048 op, 8702707.00 ns, 2.5080 ns/op
OverheadWarmup   3: 3470048 op, 8674253.00 ns, 2.4998 ns/op
OverheadWarmup   4: 3470048 op, 8672870.00 ns, 2.4994 ns/op
OverheadWarmup   5: 3470048 op, 8690433.00 ns, 2.5044 ns/op
OverheadWarmup   6: 3470048 op, 8644296.00 ns, 2.4911 ns/op
OverheadWarmup   7: 3470048 op, 8722664.00 ns, 2.5137 ns/op
OverheadWarmup   8: 3470048 op, 8696044.00 ns, 2.5060 ns/op

OverheadActual   1: 3470048 op, 8724057.00 ns, 2.5141 ns/op
OverheadActual   2: 3470048 op, 8825378.00 ns, 2.5433 ns/op
OverheadActual   3: 3470048 op, 8696254.00 ns, 2.5061 ns/op
OverheadActual   4: 3470048 op, 8765525.00 ns, 2.5261 ns/op
OverheadActual   5: 3470048 op, 8632924.00 ns, 2.4878 ns/op
OverheadActual   6: 3470048 op, 8795393.00 ns, 2.5347 ns/op
OverheadActual   7: 3470048 op, 8715040.00 ns, 2.5115 ns/op
OverheadActual   8: 3470048 op, 8818867.00 ns, 2.5414 ns/op
OverheadActual   9: 3470048 op, 8679984.00 ns, 2.5014 ns/op
OverheadActual  10: 3470048 op, 8794510.00 ns, 2.5344 ns/op
OverheadActual  11: 3470048 op, 8827403.00 ns, 2.5439 ns/op
OverheadActual  12: 3470048 op, 8686787.00 ns, 2.5034 ns/op
OverheadActual  13: 3470048 op, 8756007.00 ns, 2.5233 ns/op
OverheadActual  14: 3470048 op, 8712726.00 ns, 2.5108 ns/op
OverheadActual  15: 3470048 op, 8763572.00 ns, 2.5255 ns/op

WorkloadWarmup   1: 3470048 op, 267859831.00 ns, 77.1920 ns/op
WorkloadWarmup   2: 3470048 op, 260565372.00 ns, 75.0898 ns/op
WorkloadWarmup   3: 3470048 op, 251455514.00 ns, 72.4646 ns/op
WorkloadWarmup   4: 3470048 op, 245306235.00 ns, 70.6925 ns/op
WorkloadWarmup   5: 3470048 op, 248534170.00 ns, 71.6227 ns/op
WorkloadWarmup   6: 3470048 op, 254675495.00 ns, 73.3925 ns/op
WorkloadWarmup   7: 3470048 op, 241985073.00 ns, 69.7354 ns/op
WorkloadWarmup   8: 3470048 op, 245193061.00 ns, 70.6598 ns/op
WorkloadWarmup   9: 3470048 op, 246030547.00 ns, 70.9012 ns/op
WorkloadWarmup  10: 3470048 op, 250330042.00 ns, 72.1402 ns/op
WorkloadWarmup  11: 3470048 op, 250189336.00 ns, 72.0997 ns/op

// BeforeActualRun
WorkloadActual   1: 3470048 op, 248216277.00 ns, 71.5311 ns/op
WorkloadActual   2: 3470048 op, 256092058.00 ns, 73.8007 ns/op
WorkloadActual   3: 3470048 op, 254253054.00 ns, 73.2708 ns/op
WorkloadActual   4: 3470048 op, 260323614.00 ns, 75.0202 ns/op
WorkloadActual   5: 3470048 op, 275435312.00 ns, 79.3751 ns/op
WorkloadActual   6: 3470048 op, 276388979.00 ns, 79.6499 ns/op
WorkloadActual   7: 3470048 op, 256382218.00 ns, 73.8843 ns/op
WorkloadActual   8: 3470048 op, 255954397.00 ns, 73.7611 ns/op
WorkloadActual   9: 3470048 op, 260671524.00 ns, 75.1204 ns/op
WorkloadActual  10: 3470048 op, 259182593.00 ns, 74.6914 ns/op
WorkloadActual  11: 3470048 op, 257817847.00 ns, 74.2981 ns/op
WorkloadActual  12: 3470048 op, 253470782.00 ns, 73.0453 ns/op
WorkloadActual  13: 3470048 op, 256744143.00 ns, 73.9886 ns/op
WorkloadActual  14: 3470048 op, 257016419.00 ns, 74.0671 ns/op
WorkloadActual  15: 3470048 op, 262363178.00 ns, 75.6079 ns/op

// AfterActualRun
WorkloadResult   1: 3470048 op, 239460270.00 ns, 69.0078 ns/op
WorkloadResult   2: 3470048 op, 247336051.00 ns, 71.2774 ns/op
WorkloadResult   3: 3470048 op, 245497047.00 ns, 70.7474 ns/op
WorkloadResult   4: 3470048 op, 251567607.00 ns, 72.4969 ns/op
WorkloadResult   5: 3470048 op, 247626211.00 ns, 71.3610 ns/op
WorkloadResult   6: 3470048 op, 247198390.00 ns, 71.2377 ns/op
WorkloadResult   7: 3470048 op, 251915517.00 ns, 72.5971 ns/op
WorkloadResult   8: 3470048 op, 250426586.00 ns, 72.1680 ns/op
WorkloadResult   9: 3470048 op, 249061840.00 ns, 71.7748 ns/op
WorkloadResult  10: 3470048 op, 244714775.00 ns, 70.5220 ns/op
WorkloadResult  11: 3470048 op, 247988136.00 ns, 71.4653 ns/op
WorkloadResult  12: 3470048 op, 248260412.00 ns, 71.5438 ns/op
WorkloadResult  13: 3470048 op, 253607171.00 ns, 73.0846 ns/op
// GC:  99 0 0 832811520 3470048
// Threading:  0 0 3470048

// AfterAll
// Benchmark Process 49446 has exited with code 0.

Mean = 71.483 ns, StdErr = 0.290 ns (0.41%), N = 13, StdDev = 1.045 ns
Min = 69.008 ns, Q1 = 71.238 ns, Median = 71.465 ns, Q3 = 72.168 ns, Max = 73.085 ns
IQR = 0.930 ns, LowerFence = 69.842 ns, UpperFence = 73.564 ns
ConfidenceInterval = [70.232 ns; 72.735 ns] (CI 99.9%), Margin = 1.251 ns (1.75% of Mean)
Skewness = -0.65, Kurtosis = 3.1, MValue = 2

// ** Remained 46 (59.0%) benchmark(s) to run. Estimated finish 2026-02-19 8:51 (0h 14m from now) **
// **************************
// Benchmark: Scenario1.S1_CheckVoidSuccess_FluentResults: .NET 10.0(Runtime=.NET 10.0, IterationTime=250ms) [Iterations=10]
// *** Execute ***
// Launch: 1 / 1
// Execute: dotnet "Enumerations.Options.Benchmarks-.NET 10.0-1.dll" --anonymousPipes 114 116 --benchmarkName "ReillyDigital.Enumerations.Options.Benchmarks.Scenarios.Scenario1.S1_CheckVoidSuccess_FluentResults(Iterations: 10)" --job ".NET 10.0" --benchmarkId 32 in /media/andrew/Slowverflow/x/devs/reilly-digital/dotnet/enumerations.options.benchmarks/bin/Debug/net10.0/Enumerations.Options.Benchmarks-.NET 10.0-1/bin/Release/net10.0
// Failed to set up high priority (Permission denied). In order to run benchmarks with high priority, make sure you have the right permissions.
// BeforeAnythingElse

// Benchmark Process Environment Information:
// BenchmarkDotNet v0.15.8
// Runtime=.NET 10.0.3 (10.0.3, 10.0.326.7603), X64 RyuJIT x86-64-v3
// GC=Concurrent Workstation
// HardwareIntrinsics=AVX2+BMI1+BMI2+F16C+FMA+LZCNT+MOVBE,AVX,SSE3+SSSE3+SSE4.1+SSE4.2+POPCNT,X86Base+SSE+SSE2,AES+PCLMUL VectorSize=256
// Job: .NET 10.0(IterationTime=250ms)

OverheadJitting  1: 1 op, 161065.00 ns, 161.0650 us/op
WorkloadJitting  1: 1 op, 3218488.00 ns, 3.2185 ms/op

OverheadJitting  2: 16 op, 222221.00 ns, 13.8888 us/op
WorkloadJitting  2: 16 op, 260143.00 ns, 16.2589 us/op

WorkloadPilot    1: 16 op, 40416.00 ns, 2.5260 us/op
WorkloadPilot    2: 98976 op, 166154597.00 ns, 1.6787 us/op
WorkloadPilot    3: 148928 op, 61240887.00 ns, 411.2114 ns/op
WorkloadPilot    4: 607968 op, 140824863.00 ns, 231.6320 ns/op
WorkloadPilot    5: 1079312 op, 240067280.00 ns, 222.4262 ns/op
WorkloadPilot    6: 1123968 op, 241590676.00 ns, 214.9444 ns/op
WorkloadPilot    7: 1163104 op, 250904020.00 ns, 215.7193 ns/op
WorkloadPilot    8: 1158928 op, 245824406.00 ns, 212.1136 ns/op
WorkloadPilot    9: 1178624 op, 254179074.00 ns, 215.6575 ns/op
WorkloadPilot   10: 1159248 op, 256307516.00 ns, 221.0981 ns/op

OverheadWarmup   1: 1159248 op, 2895005.00 ns, 2.4973 ns/op
OverheadWarmup   2: 1159248 op, 3463141.00 ns, 2.9874 ns/op
OverheadWarmup   3: 1159248 op, 3138035.00 ns, 2.7070 ns/op
OverheadWarmup   4: 1159248 op, 3051602.00 ns, 2.6324 ns/op
OverheadWarmup   5: 1159248 op, 2940660.00 ns, 2.5367 ns/op
OverheadWarmup   6: 1159248 op, 2873203.00 ns, 2.4785 ns/op
OverheadWarmup   7: 1159248 op, 2915233.00 ns, 2.5148 ns/op
OverheadWarmup   8: 1159248 op, 2898721.00 ns, 2.5005 ns/op

OverheadActual   1: 1159248 op, 2940792.00 ns, 2.5368 ns/op
OverheadActual   2: 1159248 op, 2890065.00 ns, 2.4931 ns/op
OverheadActual   3: 1159248 op, 2927717.00 ns, 2.5255 ns/op
OverheadActual   4: 1159248 op, 2886008.00 ns, 2.4896 ns/op
OverheadActual   5: 1159248 op, 2992188.00 ns, 2.5811 ns/op
OverheadActual   6: 1159248 op, 3247522.00 ns, 2.8014 ns/op
OverheadActual   7: 1159248 op, 3096636.00 ns, 2.6712 ns/op
OverheadActual   8: 1159248 op, 2953836.00 ns, 2.5481 ns/op
OverheadActual   9: 1159248 op, 2957633.00 ns, 2.5513 ns/op
OverheadActual  10: 1159248 op, 2913400.00 ns, 2.5132 ns/op
OverheadActual  11: 1159248 op, 3057603.00 ns, 2.6376 ns/op
OverheadActual  12: 1159248 op, 2973243.00 ns, 2.5648 ns/op
OverheadActual  13: 1159248 op, 3150037.00 ns, 2.7173 ns/op
OverheadActual  14: 1159248 op, 2912067.00 ns, 2.5120 ns/op
OverheadActual  15: 1159248 op, 2965498.00 ns, 2.5581 ns/op

WorkloadWarmup   1: 1159248 op, 254525991.00 ns, 219.5613 ns/op
WorkloadWarmup   2: 1159248 op, 249052883.00 ns, 214.8400 ns/op
WorkloadWarmup   3: 1159248 op, 248763875.00 ns, 214.5907 ns/op
WorkloadWarmup   4: 1159248 op, 247971123.00 ns, 213.9069 ns/op
WorkloadWarmup   5: 1159248 op, 246570780.00 ns, 212.6989 ns/op
WorkloadWarmup   6: 1159248 op, 264578034.00 ns, 228.2325 ns/op
WorkloadWarmup   7: 1159248 op, 247694198.00 ns, 213.6680 ns/op
WorkloadWarmup   8: 1159248 op, 252590734.00 ns, 217.8919 ns/op
WorkloadWarmup   9: 1159248 op, 253768837.00 ns, 218.9082 ns/op
WorkloadWarmup  10: 1159248 op, 267518875.00 ns, 230.7693 ns/op
WorkloadWarmup  11: 1159248 op, 245656689.00 ns, 211.9104 ns/op

// BeforeActualRun
WorkloadActual   1: 1159248 op, 250755648.00 ns, 216.3089 ns/op
WorkloadActual   2: 1159248 op, 261554386.00 ns, 225.6242 ns/op
WorkloadActual   3: 1159248 op, 253943086.00 ns, 219.0585 ns/op
WorkloadActual   4: 1159248 op, 268814048.00 ns, 231.8866 ns/op
WorkloadActual   5: 1159248 op, 268704622.00 ns, 231.7922 ns/op
WorkloadActual   6: 1159248 op, 252761819.00 ns, 218.0395 ns/op
WorkloadActual   7: 1159248 op, 253544352.00 ns, 218.7145 ns/op
WorkloadActual   8: 1159248 op, 249341530.00 ns, 215.0890 ns/op
WorkloadActual   9: 1159248 op, 244367727.00 ns, 210.7985 ns/op
WorkloadActual  10: 1159248 op, 253462607.00 ns, 218.6440 ns/op
WorkloadActual  11: 1159248 op, 272965373.00 ns, 235.4676 ns/op
WorkloadActual  12: 1159248 op, 265332673.00 ns, 228.8834 ns/op
WorkloadActual  13: 1159248 op, 264055935.00 ns, 227.7821 ns/op
WorkloadActual  14: 1159248 op, 256299060.00 ns, 221.0908 ns/op
WorkloadActual  15: 1159248 op, 256069916.00 ns, 220.8931 ns/op
WorkloadActual  16: 1159248 op, 286752331.00 ns, 247.3606 ns/op
WorkloadActual  17: 1159248 op, 254845446.00 ns, 219.8369 ns/op
WorkloadActual  18: 1159248 op, 257875206.00 ns, 222.4504 ns/op
WorkloadActual  19: 1159248 op, 251806520.00 ns, 217.2154 ns/op
WorkloadActual  20: 1159248 op, 249383539.00 ns, 215.1253 ns/op
WorkloadActual  21: 1159248 op, 258959150.00 ns, 223.3855 ns/op
WorkloadActual  22: 1159248 op, 267322433.00 ns, 230.5999 ns/op
WorkloadActual  23: 1159248 op, 251563248.00 ns, 217.0055 ns/op
WorkloadActual  24: 1159248 op, 245615080.00 ns, 211.8745 ns/op
WorkloadActual  25: 1159248 op, 241775837.00 ns, 208.5627 ns/op
WorkloadActual  26: 1159248 op, 243083163.00 ns, 209.6904 ns/op
WorkloadActual  27: 1159248 op, 241138610.00 ns, 208.0130 ns/op
WorkloadActual  28: 1159248 op, 248640542.00 ns, 214.4843 ns/op
WorkloadActual  29: 1159248 op, 256212756.00 ns, 221.0163 ns/op
WorkloadActual  30: 1159248 op, 277895383.00 ns, 239.7204 ns/op
WorkloadActual  31: 1159248 op, 302932244.00 ns, 261.3179 ns/op
WorkloadActual  32: 1159248 op, 283253834.00 ns, 244.3427 ns/op
WorkloadActual  33: 1159248 op, 285560764.00 ns, 246.3328 ns/op
WorkloadActual  34: 1159248 op, 260110991.00 ns, 224.3791 ns/op
WorkloadActual  35: 1159248 op, 267141941.00 ns, 230.4442 ns/op
WorkloadActual  36: 1159248 op, 271441616.00 ns, 234.1532 ns/op
WorkloadActual  37: 1159248 op, 252405684.00 ns, 217.7323 ns/op
WorkloadActual  38: 1159248 op, 249609788.00 ns, 215.3204 ns/op
WorkloadActual  39: 1159248 op, 248815082.00 ns, 214.6349 ns/op
WorkloadActual  40: 1159248 op, 247315521.00 ns, 213.3413 ns/op
WorkloadActual  41: 1159248 op, 246836414.00 ns, 212.9280 ns/op
WorkloadActual  42: 1159248 op, 243601175.00 ns, 210.1372 ns/op
WorkloadActual  43: 1159248 op, 247752209.00 ns, 213.7180 ns/op
WorkloadActual  44: 1159248 op, 241906905.00 ns, 208.6757 ns/op
WorkloadActual  45: 1159248 op, 242851003.00 ns, 209.4901 ns/op
WorkloadActual  46: 1159248 op, 241162955.00 ns, 208.0340 ns/op
WorkloadActual  47: 1159248 op, 243038529.00 ns, 209.6519 ns/op
WorkloadActual  48: 1159248 op, 242690569.00 ns, 209.3517 ns/op
WorkloadActual  49: 1159248 op, 252069919.00 ns, 217.4426 ns/op
WorkloadActual  50: 1159248 op, 249966874.00 ns, 215.6285 ns/op
WorkloadActual  51: 1159248 op, 248728638.00 ns, 214.5603 ns/op
WorkloadActual  52: 1159248 op, 250968161.00 ns, 216.4922 ns/op
WorkloadActual  53: 1159248 op, 248643246.00 ns, 214.4867 ns/op

// AfterActualRun
WorkloadResult   1: 1159248 op, 247798015.00 ns, 213.7576 ns/op
WorkloadResult   2: 1159248 op, 258596753.00 ns, 223.0728 ns/op
WorkloadResult   3: 1159248 op, 250985453.00 ns, 216.5071 ns/op
WorkloadResult   4: 1159248 op, 265856415.00 ns, 229.3352 ns/op
WorkloadResult   5: 1159248 op, 265746989.00 ns, 229.2408 ns/op
WorkloadResult   6: 1159248 op, 249804186.00 ns, 215.4881 ns/op
WorkloadResult   7: 1159248 op, 250586719.00 ns, 216.1632 ns/op
WorkloadResult   8: 1159248 op, 246383897.00 ns, 212.5377 ns/op
WorkloadResult   9: 1159248 op, 241410094.00 ns, 208.2472 ns/op
WorkloadResult  10: 1159248 op, 250504974.00 ns, 216.0927 ns/op
WorkloadResult  11: 1159248 op, 270007740.00 ns, 232.9163 ns/op
WorkloadResult  12: 1159248 op, 262375040.00 ns, 226.3321 ns/op
WorkloadResult  13: 1159248 op, 261098302.00 ns, 225.2308 ns/op
WorkloadResult  14: 1159248 op, 253341427.00 ns, 218.5395 ns/op
WorkloadResult  15: 1159248 op, 253112283.00 ns, 218.3418 ns/op
WorkloadResult  16: 1159248 op, 251887813.00 ns, 217.2855 ns/op
WorkloadResult  17: 1159248 op, 254917573.00 ns, 219.8991 ns/op
WorkloadResult  18: 1159248 op, 248848887.00 ns, 214.6641 ns/op
WorkloadResult  19: 1159248 op, 246425906.00 ns, 212.5739 ns/op
WorkloadResult  20: 1159248 op, 256001517.00 ns, 220.8341 ns/op
WorkloadResult  21: 1159248 op, 264364800.00 ns, 228.0485 ns/op
WorkloadResult  22: 1159248 op, 248605615.00 ns, 214.4542 ns/op
WorkloadResult  23: 1159248 op, 242657447.00 ns, 209.3232 ns/op
WorkloadResult  24: 1159248 op, 238818204.00 ns, 206.0113 ns/op
WorkloadResult  25: 1159248 op, 240125530.00 ns, 207.1391 ns/op
WorkloadResult  26: 1159248 op, 238180977.00 ns, 205.4616 ns/op
WorkloadResult  27: 1159248 op, 245682909.00 ns, 211.9330 ns/op
WorkloadResult  28: 1159248 op, 253255123.00 ns, 218.4650 ns/op
WorkloadResult  29: 1159248 op, 274937750.00 ns, 237.1691 ns/op
WorkloadResult  30: 1159248 op, 257153358.00 ns, 221.8277 ns/op
WorkloadResult  31: 1159248 op, 264184308.00 ns, 227.8928 ns/op
WorkloadResult  32: 1159248 op, 268483983.00 ns, 231.6019 ns/op
WorkloadResult  33: 1159248 op, 249448051.00 ns, 215.1809 ns/op
WorkloadResult  34: 1159248 op, 246652155.00 ns, 212.7691 ns/op
WorkloadResult  35: 1159248 op, 245857449.00 ns, 212.0836 ns/op
WorkloadResult  36: 1159248 op, 244357888.00 ns, 210.7900 ns/op
WorkloadResult  37: 1159248 op, 243878781.00 ns, 210.3767 ns/op
WorkloadResult  38: 1159248 op, 240643542.00 ns, 207.5859 ns/op
WorkloadResult  39: 1159248 op, 244794576.00 ns, 211.1667 ns/op
WorkloadResult  40: 1159248 op, 238949272.00 ns, 206.1244 ns/op
WorkloadResult  41: 1159248 op, 239893370.00 ns, 206.9388 ns/op
WorkloadResult  42: 1159248 op, 238205322.00 ns, 205.4826 ns/op
WorkloadResult  43: 1159248 op, 240080896.00 ns, 207.1005 ns/op
WorkloadResult  44: 1159248 op, 239732936.00 ns, 206.8004 ns/op
WorkloadResult  45: 1159248 op, 249112286.00 ns, 214.8913 ns/op
WorkloadResult  46: 1159248 op, 247009241.00 ns, 213.0771 ns/op
WorkloadResult  47: 1159248 op, 245771005.00 ns, 212.0090 ns/op
WorkloadResult  48: 1159248 op, 248010528.00 ns, 213.9409 ns/op
WorkloadResult  49: 1159248 op, 245685613.00 ns, 211.9353 ns/op
// GC:  144 0 0 1205617920 1159248
// Threading:  0 0 1159248

// AfterAll
// Benchmark Process 49502 has exited with code 0.

Mean = 216.013 ns, StdErr = 1.144 ns (0.53%), N = 49, StdDev = 8.005 ns
Min = 205.462 ns, Q1 = 210.790 ns, Median = 214.454 ns, Q3 = 219.899 ns, Max = 237.169 ns
IQR = 9.109 ns, LowerFence = 197.126 ns, UpperFence = 233.563 ns
ConfidenceInterval = [212.005 ns; 220.021 ns] (CI 99.9%), Margin = 4.008 ns (1.86% of Mean)
Skewness = 0.77, Kurtosis = 2.75, MValue = 2

// ** Remained 45 (57.7%) benchmark(s) to run. Estimated finish 2026-02-19 8:51 (0h 14m from now) **
// **************************
// Benchmark: Scenario1.S1_CheckVoidSuccess_LightResults: .NET 10.0(Runtime=.NET 10.0, IterationTime=250ms) [Iterations=10]
// *** Execute ***
// Launch: 1 / 1
// Execute: dotnet "Enumerations.Options.Benchmarks-.NET 10.0-1.dll" --anonymousPipes 114 116 --benchmarkName "ReillyDigital.Enumerations.Options.Benchmarks.Scenarios.Scenario1.S1_CheckVoidSuccess_LightResults(Iterations: 10)" --job ".NET 10.0" --benchmarkId 33 in /media/andrew/Slowverflow/x/devs/reilly-digital/dotnet/enumerations.options.benchmarks/bin/Debug/net10.0/Enumerations.Options.Benchmarks-.NET 10.0-1/bin/Release/net10.0
// Failed to set up high priority (Permission denied). In order to run benchmarks with high priority, make sure you have the right permissions.
// BeforeAnythingElse

// Benchmark Process Environment Information:
// BenchmarkDotNet v0.15.8
// Runtime=.NET 10.0.3 (10.0.3, 10.0.326.7603), X64 RyuJIT x86-64-v3
// GC=Concurrent Workstation
// HardwareIntrinsics=AVX2+BMI1+BMI2+F16C+FMA+LZCNT+MOVBE,AVX,SSE3+SSSE3+SSE4.1+SSE4.2+POPCNT,X86Base+SSE+SSE2,AES+PCLMUL VectorSize=256
// Job: .NET 10.0(IterationTime=250ms)

OverheadJitting  1: 1 op, 160444.00 ns, 160.4440 us/op
WorkloadJitting  1: 1 op, 2690697.00 ns, 2.6907 ms/op

OverheadJitting  2: 16 op, 212562.00 ns, 13.2851 us/op
WorkloadJitting  2: 16 op, 210910.00 ns, 13.1819 us/op

WorkloadPilot    1: 16 op, 2254.00 ns, 140.8750 ns/op
WorkloadPilot    2: 1774624 op, 191856778.00 ns, 108.1112 ns/op
WorkloadPilot    3: 2312448 op, 11736454.00 ns, 5.0753 ns/op
WorkloadPilot    4: 49257808 op, 250738435.00 ns, 5.0903 ns/op
WorkloadPilot    5: 49112752 op, 242206563.00 ns, 4.9316 ns/op
WorkloadPilot    6: 50693056 op, 237310597.00 ns, 4.6813 ns/op
WorkloadPilot    7: 53403712 op, 266226727.00 ns, 4.9852 ns/op
WorkloadPilot    8: 50148720 op, 249069274.00 ns, 4.9666 ns/op
WorkloadPilot    9: 50336128 op, 249940785.00 ns, 4.9654 ns/op
WorkloadPilot   10: 50348064 op, 251163511.00 ns, 4.9885 ns/op

OverheadWarmup   1: 50348064 op, 128208862.00 ns, 2.5465 ns/op
OverheadWarmup   2: 50348064 op, 108270741.00 ns, 2.1504 ns/op
OverheadWarmup   3: 50348064 op, 78078113.00 ns, 1.5508 ns/op
OverheadWarmup   4: 50348064 op, 77255615.00 ns, 1.5344 ns/op
OverheadWarmup   5: 50348064 op, 77187826.00 ns, 1.5331 ns/op
OverheadWarmup   6: 50348064 op, 77630055.00 ns, 1.5419 ns/op
OverheadWarmup   7: 50348064 op, 79864808.00 ns, 1.5863 ns/op
OverheadWarmup   8: 50348064 op, 76932122.00 ns, 1.5280 ns/op
OverheadWarmup   9: 50348064 op, 76957621.00 ns, 1.5285 ns/op
OverheadWarmup  10: 50348064 op, 77587714.00 ns, 1.5410 ns/op

OverheadActual   1: 50348064 op, 79010820.00 ns, 1.5693 ns/op
OverheadActual   2: 50348064 op, 77082016.00 ns, 1.5310 ns/op
OverheadActual   3: 50348064 op, 79182906.00 ns, 1.5727 ns/op
OverheadActual   4: 50348064 op, 76686006.00 ns, 1.5231 ns/op
OverheadActual   5: 50348064 op, 76504623.00 ns, 1.5195 ns/op
OverheadActual   6: 50348064 op, 76457453.00 ns, 1.5186 ns/op
OverheadActual   7: 50348064 op, 76586708.00 ns, 1.5211 ns/op
OverheadActual   8: 50348064 op, 76559857.00 ns, 1.5206 ns/op
OverheadActual   9: 50348064 op, 76559286.00 ns, 1.5206 ns/op
OverheadActual  10: 50348064 op, 76350300.00 ns, 1.5164 ns/op
OverheadActual  11: 50348064 op, 76900512.00 ns, 1.5274 ns/op
OverheadActual  12: 50348064 op, 76600775.00 ns, 1.5214 ns/op
OverheadActual  13: 50348064 op, 76837403.00 ns, 1.5261 ns/op
OverheadActual  14: 50348064 op, 76150622.00 ns, 1.5125 ns/op
OverheadActual  15: 50348064 op, 76088604.00 ns, 1.5113 ns/op

WorkloadWarmup   1: 50348064 op, 249160587.00 ns, 4.9488 ns/op
WorkloadWarmup   2: 50348064 op, 250218531.00 ns, 4.9698 ns/op
WorkloadWarmup   3: 50348064 op, 252996403.00 ns, 5.0249 ns/op
WorkloadWarmup   4: 50348064 op, 245556690.00 ns, 4.8772 ns/op
WorkloadWarmup   5: 50348064 op, 247182560.00 ns, 4.9095 ns/op
WorkloadWarmup   6: 50348064 op, 251361226.00 ns, 4.9925 ns/op
WorkloadWarmup   7: 50348064 op, 252996443.00 ns, 5.0249 ns/op
WorkloadWarmup   8: 50348064 op, 254086609.00 ns, 5.0466 ns/op
WorkloadWarmup   9: 50348064 op, 258659722.00 ns, 5.1374 ns/op
WorkloadWarmup  10: 50348064 op, 251712742.00 ns, 4.9995 ns/op

// BeforeActualRun
WorkloadActual   1: 50348064 op, 251232992.00 ns, 4.9899 ns/op
WorkloadActual   2: 50348064 op, 260500770.00 ns, 5.1740 ns/op
WorkloadActual   3: 50348064 op, 252531984.00 ns, 5.0157 ns/op
WorkloadActual   4: 50348064 op, 241436153.00 ns, 4.7953 ns/op
WorkloadActual   5: 50348064 op, 262574649.00 ns, 5.2152 ns/op
WorkloadActual   6: 50348064 op, 250053890.00 ns, 4.9665 ns/op
WorkloadActual   7: 50348064 op, 252154238.00 ns, 5.0082 ns/op
WorkloadActual   8: 50348064 op, 246812078.00 ns, 4.9021 ns/op
WorkloadActual   9: 50348064 op, 255001531.00 ns, 5.0648 ns/op
WorkloadActual  10: 50348064 op, 251824574.00 ns, 5.0017 ns/op
WorkloadActual  11: 50348064 op, 261545609.00 ns, 5.1948 ns/op
WorkloadActual  12: 50348064 op, 248373826.00 ns, 4.9331 ns/op
WorkloadActual  13: 50348064 op, 244502683.00 ns, 4.8562 ns/op
WorkloadActual  14: 50348064 op, 253413403.00 ns, 5.0332 ns/op
WorkloadActual  15: 50348064 op, 257819881.00 ns, 5.1208 ns/op
WorkloadActual  16: 50348064 op, 256246230.00 ns, 5.0895 ns/op
WorkloadActual  17: 50348064 op, 253022603.00 ns, 5.0255 ns/op
WorkloadActual  18: 50348064 op, 249489770.00 ns, 4.9553 ns/op
WorkloadActual  19: 50348064 op, 247658331.00 ns, 4.9189 ns/op
WorkloadActual  20: 50348064 op, 261325983.00 ns, 5.1904 ns/op
WorkloadActual  21: 50348064 op, 247553482.00 ns, 4.9168 ns/op

// AfterActualRun
WorkloadResult   1: 50348064 op, 174646284.00 ns, 3.4688 ns/op
WorkloadResult   2: 50348064 op, 183914062.00 ns, 3.6529 ns/op
WorkloadResult   3: 50348064 op, 175945276.00 ns, 3.4946 ns/op
WorkloadResult   4: 50348064 op, 164849445.00 ns, 3.2742 ns/op
WorkloadResult   5: 50348064 op, 185987941.00 ns, 3.6940 ns/op
WorkloadResult   6: 50348064 op, 173467182.00 ns, 3.4454 ns/op
WorkloadResult   7: 50348064 op, 175567530.00 ns, 3.4871 ns/op
WorkloadResult   8: 50348064 op, 170225370.00 ns, 3.3810 ns/op
WorkloadResult   9: 50348064 op, 178414823.00 ns, 3.5436 ns/op
WorkloadResult  10: 50348064 op, 175237866.00 ns, 3.4805 ns/op
WorkloadResult  11: 50348064 op, 184958901.00 ns, 3.6736 ns/op
WorkloadResult  12: 50348064 op, 171787118.00 ns, 3.4120 ns/op
WorkloadResult  13: 50348064 op, 167915975.00 ns, 3.3351 ns/op
WorkloadResult  14: 50348064 op, 176826695.00 ns, 3.5121 ns/op
WorkloadResult  15: 50348064 op, 181233173.00 ns, 3.5996 ns/op
WorkloadResult  16: 50348064 op, 179659522.00 ns, 3.5684 ns/op
WorkloadResult  17: 50348064 op, 176435895.00 ns, 3.5043 ns/op
WorkloadResult  18: 50348064 op, 172903062.00 ns, 3.4342 ns/op
WorkloadResult  19: 50348064 op, 171071623.00 ns, 3.3978 ns/op
WorkloadResult  20: 50348064 op, 184739275.00 ns, 3.6692 ns/op
WorkloadResult  21: 50348064 op, 170966774.00 ns, 3.3957 ns/op
// GC:  0 0 0 0 50348064
// Threading:  0 0 50348064

// AfterAll
// Benchmark Process 49592 has exited with code 0.

Mean = 3.496 ns, StdErr = 0.025 ns (0.72%), N = 21, StdDev = 0.115 ns
Min = 3.274 ns, Q1 = 3.412 ns, Median = 3.487 ns, Q3 = 3.568 ns, Max = 3.694 ns
IQR = 0.156 ns, LowerFence = 3.177 ns, UpperFence = 3.803 ns
ConfidenceInterval = [3.399 ns; 3.593 ns] (CI 99.9%), Margin = 0.097 ns (2.77% of Mean)
Skewness = 0.13, Kurtosis = 2.07, MValue = 2.4

// ** Remained 44 (56.4%) benchmark(s) to run. Estimated finish 2026-02-19 8:50 (0h 13m from now) **
// **************************
// Benchmark: Scenario1.S1_CheckVoidSuccess_Rascal: .NET 10.0(Runtime=.NET 10.0, IterationTime=250ms) [Iterations=10]
// *** Execute ***
// Launch: 1 / 1
// Execute: dotnet "Enumerations.Options.Benchmarks-.NET 10.0-1.dll" --anonymousPipes 114 116 --benchmarkName "ReillyDigital.Enumerations.Options.Benchmarks.Scenarios.Scenario1.S1_CheckVoidSuccess_Rascal(Iterations: 10)" --job ".NET 10.0" --benchmarkId 34 in /media/andrew/Slowverflow/x/devs/reilly-digital/dotnet/enumerations.options.benchmarks/bin/Debug/net10.0/Enumerations.Options.Benchmarks-.NET 10.0-1/bin/Release/net10.0
// Failed to set up high priority (Permission denied). In order to run benchmarks with high priority, make sure you have the right permissions.
// BeforeAnythingElse

// Benchmark Process Environment Information:
// BenchmarkDotNet v0.15.8
// Runtime=.NET 10.0.3 (10.0.3, 10.0.326.7603), X64 RyuJIT x86-64-v3
// GC=Concurrent Workstation
// HardwareIntrinsics=AVX2+BMI1+BMI2+F16C+FMA+LZCNT+MOVBE,AVX,SSE3+SSSE3+SSE4.1+SSE4.2+POPCNT,X86Base+SSE+SSE2,AES+PCLMUL VectorSize=256
// Job: .NET 10.0(IterationTime=250ms)

OverheadJitting  1: 1 op, 198315.00 ns, 198.3150 us/op
WorkloadJitting  1: 1 op, 2199416.00 ns, 2.1994 ms/op

OverheadJitting  2: 16 op, 213354.00 ns, 13.3346 us/op
WorkloadJitting  2: 16 op, 196593.00 ns, 12.2871 us/op

WorkloadPilot    1: 16 op, 4018.00 ns, 251.1250 ns/op
WorkloadPilot    2: 995520 op, 182658473.00 ns, 183.4805 ns/op
WorkloadPilot    3: 1362544 op, 6250701.00 ns, 4.5875 ns/op
WorkloadPilot    4: 54495648 op, 247021043.00 ns, 4.5329 ns/op
WorkloadPilot    5: 55152848 op, 238275175.00 ns, 4.3203 ns/op
WorkloadPilot    6: 57866768 op, 252252935.00 ns, 4.3592 ns/op
WorkloadPilot    7: 57349952 op, 245117808.00 ns, 4.2741 ns/op
WorkloadPilot    8: 58492240 op, 279044630.00 ns, 4.7706 ns/op
WorkloadPilot    9: 52404032 op, 223334451.00 ns, 4.2618 ns/op
WorkloadPilot   10: 58660944 op, 263543855.00 ns, 4.4927 ns/op

OverheadWarmup   1: 58660944 op, 162971708.00 ns, 2.7782 ns/op
OverheadWarmup   2: 58660944 op, 106003035.00 ns, 1.8070 ns/op
OverheadWarmup   3: 58660944 op, 90037981.00 ns, 1.5349 ns/op
OverheadWarmup   4: 58660944 op, 89751508.00 ns, 1.5300 ns/op
OverheadWarmup   5: 58660944 op, 89336732.00 ns, 1.5229 ns/op
OverheadWarmup   6: 58660944 op, 88955450.00 ns, 1.5164 ns/op
OverheadWarmup   7: 58660944 op, 91010654.00 ns, 1.5515 ns/op
OverheadWarmup   8: 58660944 op, 89338996.00 ns, 1.5230 ns/op
OverheadWarmup   9: 58660944 op, 89455146.00 ns, 1.5250 ns/op
OverheadWarmup  10: 58660944 op, 89426522.00 ns, 1.5245 ns/op

OverheadActual   1: 58660944 op, 89605301.00 ns, 1.5275 ns/op
OverheadActual   2: 58660944 op, 92315295.00 ns, 1.5737 ns/op
OverheadActual   3: 58660944 op, 89292348.00 ns, 1.5222 ns/op
OverheadActual   4: 58660944 op, 89056782.00 ns, 1.5182 ns/op
OverheadActual   5: 58660944 op, 89297708.00 ns, 1.5223 ns/op
OverheadActual   6: 58660944 op, 89743623.00 ns, 1.5299 ns/op
OverheadActual   7: 58660944 op, 89967377.00 ns, 1.5337 ns/op
OverheadActual   8: 58660944 op, 89666727.00 ns, 1.5286 ns/op
OverheadActual   9: 58660944 op, 89695121.00 ns, 1.5290 ns/op
OverheadActual  10: 58660944 op, 89220522.00 ns, 1.5210 ns/op
OverheadActual  11: 58660944 op, 88860720.00 ns, 1.5148 ns/op
OverheadActual  12: 58660944 op, 91673509.00 ns, 1.5628 ns/op
OverheadActual  13: 58660944 op, 88974335.00 ns, 1.5168 ns/op
OverheadActual  14: 58660944 op, 88533811.00 ns, 1.5092 ns/op
OverheadActual  15: 58660944 op, 89222265.00 ns, 1.5210 ns/op

WorkloadWarmup   1: 58660944 op, 250046145.00 ns, 4.2626 ns/op
WorkloadWarmup   2: 58660944 op, 249403267.00 ns, 4.2516 ns/op
WorkloadWarmup   3: 58660944 op, 247965703.00 ns, 4.2271 ns/op
WorkloadWarmup   4: 58660944 op, 247644845.00 ns, 4.2216 ns/op
WorkloadWarmup   5: 58660944 op, 250981887.00 ns, 4.2785 ns/op
WorkloadWarmup   6: 58660944 op, 251282447.00 ns, 4.2836 ns/op
WorkloadWarmup   7: 58660944 op, 249113487.00 ns, 4.2467 ns/op
WorkloadWarmup   8: 58660944 op, 252817133.00 ns, 4.3098 ns/op
WorkloadWarmup   9: 58660944 op, 251809525.00 ns, 4.2926 ns/op

// BeforeActualRun
WorkloadActual   1: 58660944 op, 250081771.00 ns, 4.2632 ns/op
WorkloadActual   2: 58660944 op, 250651441.00 ns, 4.2729 ns/op
WorkloadActual   3: 58660944 op, 250838957.00 ns, 4.2761 ns/op
WorkloadActual   4: 58660944 op, 248503963.00 ns, 4.2363 ns/op
WorkloadActual   5: 58660944 op, 249288089.00 ns, 4.2496 ns/op
WorkloadActual   6: 58660944 op, 250446152.00 ns, 4.2694 ns/op
WorkloadActual   7: 58660944 op, 248307200.00 ns, 4.2329 ns/op
WorkloadActual   8: 58660944 op, 276860202.00 ns, 4.7197 ns/op
WorkloadActual   9: 58660944 op, 250020586.00 ns, 4.2621 ns/op
WorkloadActual  10: 58660944 op, 249317184.00 ns, 4.2501 ns/op
WorkloadActual  11: 58660944 op, 249699207.00 ns, 4.2567 ns/op
WorkloadActual  12: 58660944 op, 248689154.00 ns, 4.2394 ns/op
WorkloadActual  13: 58660944 op, 248989783.00 ns, 4.2446 ns/op
WorkloadActual  14: 58660944 op, 250798269.00 ns, 4.2754 ns/op
WorkloadActual  15: 58660944 op, 252950155.00 ns, 4.3121 ns/op

// AfterActualRun
WorkloadResult   1: 58660944 op, 160784063.00 ns, 2.7409 ns/op
WorkloadResult   2: 58660944 op, 161353733.00 ns, 2.7506 ns/op
WorkloadResult   3: 58660944 op, 161541249.00 ns, 2.7538 ns/op
WorkloadResult   4: 58660944 op, 159206255.00 ns, 2.7140 ns/op
WorkloadResult   5: 58660944 op, 159990381.00 ns, 2.7274 ns/op
WorkloadResult   6: 58660944 op, 161148444.00 ns, 2.7471 ns/op
WorkloadResult   7: 58660944 op, 159009492.00 ns, 2.7107 ns/op
WorkloadResult   8: 58660944 op, 160722878.00 ns, 2.7399 ns/op
WorkloadResult   9: 58660944 op, 160019476.00 ns, 2.7279 ns/op
WorkloadResult  10: 58660944 op, 160401499.00 ns, 2.7344 ns/op
WorkloadResult  11: 58660944 op, 159391446.00 ns, 2.7172 ns/op
WorkloadResult  12: 58660944 op, 159692075.00 ns, 2.7223 ns/op
WorkloadResult  13: 58660944 op, 161500561.00 ns, 2.7531 ns/op
WorkloadResult  14: 58660944 op, 163652447.00 ns, 2.7898 ns/op
// GC:  0 0 0 0 58660944
// Threading:  0 0 58660944

// AfterAll
// Benchmark Process 49659 has exited with code 0.

Mean = 2.738 ns, StdErr = 0.006 ns (0.20%), N = 14, StdDev = 0.021 ns
Min = 2.711 ns, Q1 = 2.724 ns, Median = 2.737 ns, Q3 = 2.750 ns, Max = 2.790 ns
IQR = 0.026 ns, LowerFence = 2.684 ns, UpperFence = 2.789 ns
ConfidenceInterval = [2.714 ns; 2.761 ns] (CI 99.9%), Margin = 0.024 ns (0.86% of Mean)
Skewness = 0.82, Kurtosis = 3.25, MValue = 2

// ** Remained 43 (55.1%) benchmark(s) to run. Estimated finish 2026-02-19 8:50 (0h 13m from now) **
// **************************
// Benchmark: Scenario1.S1_CheckVoidSuccess_SimpleResults: .NET 10.0(Runtime=.NET 10.0, IterationTime=250ms) [Iterations=10]
// *** Execute ***
// Launch: 1 / 1
// Execute: dotnet "Enumerations.Options.Benchmarks-.NET 10.0-1.dll" --anonymousPipes 114 116 --benchmarkName "ReillyDigital.Enumerations.Options.Benchmarks.Scenarios.Scenario1.S1_CheckVoidSuccess_SimpleResults(Iterations: 10)" --job ".NET 10.0" --benchmarkId 35 in /media/andrew/Slowverflow/x/devs/reilly-digital/dotnet/enumerations.options.benchmarks/bin/Debug/net10.0/Enumerations.Options.Benchmarks-.NET 10.0-1/bin/Release/net10.0
// Failed to set up high priority (Permission denied). In order to run benchmarks with high priority, make sure you have the right permissions.
// BeforeAnythingElse

// Benchmark Process Environment Information:
// BenchmarkDotNet v0.15.8
// Runtime=.NET 10.0.3 (10.0.3, 10.0.326.7603), X64 RyuJIT x86-64-v3
// GC=Concurrent Workstation
// HardwareIntrinsics=AVX2+BMI1+BMI2+F16C+FMA+LZCNT+MOVBE,AVX,SSE3+SSSE3+SSE4.1+SSE4.2+POPCNT,X86Base+SSE+SSE2,AES+PCLMUL VectorSize=256
// Job: .NET 10.0(IterationTime=250ms)

OverheadJitting  1: 1 op, 159572.00 ns, 159.5720 us/op
WorkloadJitting  1: 1 op, 7650133.00 ns, 7.6501 ms/op

OverheadJitting  2: 16 op, 227270.00 ns, 14.2044 us/op
WorkloadJitting  2: 16 op, 257518.00 ns, 16.0949 us/op

WorkloadPilot    1: 16 op, 63450.00 ns, 3.9656 us/op
WorkloadPilot    2: 63056 op, 184382209.00 ns, 2.9241 us/op
WorkloadPilot    3: 85504 op, 105752811.00 ns, 1.2368 us/op
WorkloadPilot    4: 202144 op, 192502121.00 ns, 952.3019 ns/op
WorkloadPilot    5: 262528 op, 247740446.00 ns, 943.6725 ns/op
WorkloadPilot    6: 264928 op, 254192339.00 ns, 959.4771 ns/op
WorkloadPilot    7: 260560 op, 244079200.00 ns, 936.7485 ns/op
WorkloadPilot    8: 266896 op, 253724513.00 ns, 950.6494 ns/op
WorkloadPilot    9: 262992 op, 248429692.00 ns, 944.6283 ns/op
WorkloadPilot   10: 264656 op, 251273399.00 ns, 949.4340 ns/op

OverheadWarmup   1: 264656 op, 668777.00 ns, 2.5270 ns/op
OverheadWarmup   2: 264656 op, 702881.00 ns, 2.6558 ns/op
OverheadWarmup   3: 264656 op, 701018.00 ns, 2.6488 ns/op
OverheadWarmup   4: 264656 op, 749971.00 ns, 2.8338 ns/op
OverheadWarmup   5: 264656 op, 718561.00 ns, 2.7151 ns/op

OverheadActual   1: 264656 op, 766773.00 ns, 2.8972 ns/op
OverheadActual   2: 264656 op, 685278.00 ns, 2.5893 ns/op
OverheadActual   3: 264656 op, 679076.00 ns, 2.5659 ns/op
OverheadActual   4: 264656 op, 698614.00 ns, 2.6397 ns/op
OverheadActual   5: 264656 op, 695568.00 ns, 2.6282 ns/op
OverheadActual   6: 264656 op, 794916.00 ns, 3.0036 ns/op
OverheadActual   7: 264656 op, 690268.00 ns, 2.6082 ns/op
OverheadActual   8: 264656 op, 674819.00 ns, 2.5498 ns/op
OverheadActual   9: 264656 op, 668636.00 ns, 2.5264 ns/op
OverheadActual  10: 264656 op, 727458.00 ns, 2.7487 ns/op
OverheadActual  11: 264656 op, 677514.00 ns, 2.5600 ns/op
OverheadActual  12: 264656 op, 681901.00 ns, 2.5766 ns/op
OverheadActual  13: 264656 op, 676371.00 ns, 2.5557 ns/op
OverheadActual  14: 264656 op, 688434.00 ns, 2.6012 ns/op
OverheadActual  15: 264656 op, 702371.00 ns, 2.6539 ns/op

WorkloadWarmup   1: 264656 op, 259544679.00 ns, 980.6869 ns/op
WorkloadWarmup   2: 264656 op, 255424974.00 ns, 965.1207 ns/op
WorkloadWarmup   3: 264656 op, 263591545.00 ns, 995.9780 ns/op
WorkloadWarmup   4: 264656 op, 252349788.00 ns, 953.5011 ns/op
WorkloadWarmup   5: 264656 op, 257015568.00 ns, 971.1307 ns/op
WorkloadWarmup   6: 264656 op, 260867534.00 ns, 985.6853 ns/op
WorkloadWarmup   7: 264656 op, 267289350.00 ns, 1.0100 us/op
WorkloadWarmup   8: 264656 op, 258749131.00 ns, 977.6810 ns/op

// BeforeActualRun
WorkloadActual   1: 264656 op, 263558984.00 ns, 995.8549 ns/op
WorkloadActual   2: 264656 op, 270720510.00 ns, 1.0229 us/op
WorkloadActual   3: 264656 op, 277512347.00 ns, 1.0486 us/op
WorkloadActual   4: 264656 op, 250844016.00 ns, 947.8116 ns/op
WorkloadActual   5: 264656 op, 263362932.00 ns, 995.1142 ns/op
WorkloadActual   6: 264656 op, 253252168.00 ns, 956.9107 ns/op
WorkloadActual   7: 264656 op, 254343545.00 ns, 961.0345 ns/op
WorkloadActual   8: 264656 op, 253351106.00 ns, 957.2846 ns/op
WorkloadActual   9: 264656 op, 253804494.00 ns, 958.9977 ns/op
WorkloadActual  10: 264656 op, 253324745.00 ns, 957.1850 ns/op
WorkloadActual  11: 264656 op, 255402702.00 ns, 965.0365 ns/op
WorkloadActual  12: 264656 op, 250933015.00 ns, 948.1478 ns/op
WorkloadActual  13: 264656 op, 256813054.00 ns, 970.3655 ns/op
WorkloadActual  14: 264656 op, 249723493.00 ns, 943.5777 ns/op
WorkloadActual  15: 264656 op, 246933227.00 ns, 933.0347 ns/op
WorkloadActual  16: 264656 op, 248443599.00 ns, 938.7416 ns/op
WorkloadActual  17: 264656 op, 276466996.00 ns, 1.0446 us/op
WorkloadActual  18: 264656 op, 251398336.00 ns, 949.9061 ns/op
WorkloadActual  19: 264656 op, 246816927.00 ns, 932.5952 ns/op
WorkloadActual  20: 264656 op, 247436290.00 ns, 934.9355 ns/op
WorkloadActual  21: 264656 op, 250954395.00 ns, 948.2286 ns/op

// AfterActualRun
WorkloadResult   1: 264656 op, 262870550.00 ns, 993.2537 ns/op
WorkloadResult   2: 264656 op, 250155582.00 ns, 945.2103 ns/op
WorkloadResult   3: 264656 op, 262674498.00 ns, 992.5129 ns/op
WorkloadResult   4: 264656 op, 252563734.00 ns, 954.3095 ns/op
WorkloadResult   5: 264656 op, 253655111.00 ns, 958.4333 ns/op
WorkloadResult   6: 264656 op, 252662672.00 ns, 954.6833 ns/op
WorkloadResult   7: 264656 op, 253116060.00 ns, 956.3965 ns/op
WorkloadResult   8: 264656 op, 252636311.00 ns, 954.5837 ns/op
WorkloadResult   9: 264656 op, 254714268.00 ns, 962.4353 ns/op
WorkloadResult  10: 264656 op, 250244581.00 ns, 945.5466 ns/op
WorkloadResult  11: 264656 op, 256124620.00 ns, 967.7643 ns/op
WorkloadResult  12: 264656 op, 249035059.00 ns, 940.9764 ns/op
WorkloadResult  13: 264656 op, 246244793.00 ns, 930.4334 ns/op
WorkloadResult  14: 264656 op, 247755165.00 ns, 936.1404 ns/op
WorkloadResult  15: 264656 op, 250709902.00 ns, 947.3048 ns/op
WorkloadResult  16: 264656 op, 246128493.00 ns, 929.9940 ns/op
WorkloadResult  17: 264656 op, 246747856.00 ns, 932.3343 ns/op
WorkloadResult  18: 264656 op, 250265961.00 ns, 945.6274 ns/op
// GC:  12 0 0 105862400 264656
// Threading:  0 0 264656

// AfterAll
// Benchmark Process 49712 has exited with code 0.

Mean = 952.663 ns, StdErr = 4.290 ns (0.45%), N = 18, StdDev = 18.202 ns
Min = 929.994 ns, Q1 = 942.035 ns, Median = 950.807 ns, Q3 = 957.924 ns, Max = 993.254 ns
IQR = 15.889 ns, LowerFence = 918.201 ns, UpperFence = 981.758 ns
ConfidenceInterval = [935.652 ns; 969.674 ns] (CI 99.9%), Margin = 17.011 ns (1.79% of Mean)
Skewness = 0.89, Kurtosis = 3.08, MValue = 2

// ** Remained 42 (53.8%) benchmark(s) to run. Estimated finish 2026-02-19 8:50 (0h 12m from now) **
// **************************
// Benchmark: Scenario1.S1_ReturnOptionStringErrorNoMessage_ArdalisResult: .NET 10.0(Runtime=.NET 10.0, IterationTime=250ms) [Iterations=10]
// *** Execute ***
// Launch: 1 / 1
// Execute: dotnet "Enumerations.Options.Benchmarks-.NET 10.0-1.dll" --anonymousPipes 114 116 --benchmarkName "ReillyDigital.Enumerations.Options.Benchmarks.Scenarios.Scenario1.S1_ReturnOptionStringErrorNoMessage_ArdalisResult(Iterations: 10)" --job ".NET 10.0" --benchmarkId 36 in /media/andrew/Slowverflow/x/devs/reilly-digital/dotnet/enumerations.options.benchmarks/bin/Debug/net10.0/Enumerations.Options.Benchmarks-.NET 10.0-1/bin/Release/net10.0
// Failed to set up high priority (Permission denied). In order to run benchmarks with high priority, make sure you have the right permissions.
// BeforeAnythingElse

// Benchmark Process Environment Information:
// BenchmarkDotNet v0.15.8
// Runtime=.NET 10.0.3 (10.0.3, 10.0.326.7603), X64 RyuJIT x86-64-v3
// GC=Concurrent Workstation
// HardwareIntrinsics=AVX2+BMI1+BMI2+F16C+FMA+LZCNT+MOVBE,AVX,SSE3+SSSE3+SSE4.1+SSE4.2+POPCNT,X86Base+SSE+SSE2,AES+PCLMUL VectorSize=256
// Job: .NET 10.0(IterationTime=250ms)

OverheadJitting  1: 1 op, 163600.00 ns, 163.6000 us/op
WorkloadJitting  1: 1 op, 2665780.00 ns, 2.6658 ms/op

OverheadJitting  2: 16 op, 203656.00 ns, 12.7285 us/op
WorkloadJitting  2: 16 op, 224134.00 ns, 14.0084 us/op

WorkloadPilot    1: 16 op, 31901.00 ns, 1.9938 us/op
WorkloadPilot    2: 125392 op, 59210941.00 ns, 472.2067 ns/op
WorkloadPilot    3: 529440 op, 150301906.00 ns, 283.8885 ns/op
WorkloadPilot    4: 880640 op, 87577579.00 ns, 99.4477 ns/op
WorkloadPilot    5: 2513888 op, 245168725.00 ns, 97.5257 ns/op
WorkloadPilot    6: 2563440 op, 243280126.00 ns, 94.9038 ns/op
WorkloadPilot    7: 2634256 op, 251890518.00 ns, 95.6211 ns/op
WorkloadPilot    8: 2614496 op, 247235479.00 ns, 94.5633 ns/op
WorkloadPilot    9: 2643744 op, 256232214.00 ns, 96.9202 ns/op
WorkloadPilot   10: 2579456 op, 247974940.00 ns, 96.1346 ns/op
WorkloadPilot   11: 2600528 op, 250019213.00 ns, 96.1417 ns/op

OverheadWarmup   1: 2600528 op, 7098057.00 ns, 2.7295 ns/op
OverheadWarmup   2: 2600528 op, 7113105.00 ns, 2.7353 ns/op
OverheadWarmup   3: 2600528 op, 7073992.00 ns, 2.7202 ns/op
OverheadWarmup   4: 2600528 op, 7139765.00 ns, 2.7455 ns/op
OverheadWarmup   5: 2600528 op, 7142992.00 ns, 2.7467 ns/op
OverheadWarmup   6: 2600528 op, 7101042.00 ns, 2.7306 ns/op

OverheadActual   1: 2600528 op, 7127462.00 ns, 2.7408 ns/op
OverheadActual   2: 2600528 op, 7140367.00 ns, 2.7457 ns/op
OverheadActual   3: 2600528 op, 7128234.00 ns, 2.7411 ns/op
OverheadActual   4: 2600528 op, 7138864.00 ns, 2.7452 ns/op
OverheadActual   5: 2600528 op, 7131821.00 ns, 2.7425 ns/op
OverheadActual   6: 2600528 op, 7113025.00 ns, 2.7352 ns/op
OverheadActual   7: 2600528 op, 7139666.00 ns, 2.7455 ns/op
OverheadActual   8: 2600528 op, 7120520.00 ns, 2.7381 ns/op
OverheadActual   9: 2600528 op, 7113145.00 ns, 2.7353 ns/op
OverheadActual  10: 2600528 op, 7083750.00 ns, 2.7240 ns/op
OverheadActual  11: 2600528 op, 7107254.00 ns, 2.7330 ns/op
OverheadActual  12: 2600528 op, 7134486.00 ns, 2.7435 ns/op
OverheadActual  13: 2600528 op, 7097215.00 ns, 2.7291 ns/op
OverheadActual  14: 2600528 op, 7147120.00 ns, 2.7483 ns/op
OverheadActual  15: 2600528 op, 7123515.00 ns, 2.7393 ns/op

WorkloadWarmup   1: 2600528 op, 258974839.00 ns, 99.5855 ns/op
WorkloadWarmup   2: 2600528 op, 260385121.00 ns, 100.1278 ns/op
WorkloadWarmup   3: 2600528 op, 260561825.00 ns, 100.1957 ns/op
WorkloadWarmup   4: 2600528 op, 255184819.00 ns, 98.1281 ns/op
WorkloadWarmup   5: 2600528 op, 251756244.00 ns, 96.8097 ns/op
WorkloadWarmup   6: 2600528 op, 253118214.00 ns, 97.3334 ns/op
WorkloadWarmup   7: 2600528 op, 252798679.00 ns, 97.2105 ns/op

// BeforeActualRun
WorkloadActual   1: 2600528 op, 253086874.00 ns, 97.3213 ns/op
WorkloadActual   2: 2600528 op, 282036658.00 ns, 108.4536 ns/op
WorkloadActual   3: 2600528 op, 279923224.00 ns, 107.6409 ns/op
WorkloadActual   4: 2600528 op, 275291440.00 ns, 105.8598 ns/op
WorkloadActual   5: 2600528 op, 284268807.00 ns, 109.3120 ns/op
WorkloadActual   6: 2600528 op, 288762901.00 ns, 111.0401 ns/op
WorkloadActual   7: 2600528 op, 269137972.00 ns, 103.4936 ns/op
WorkloadActual   8: 2600528 op, 272079545.00 ns, 104.6247 ns/op
WorkloadActual   9: 2600528 op, 291605105.00 ns, 112.1330 ns/op
WorkloadActual  10: 2600528 op, 284338459.00 ns, 109.3387 ns/op
WorkloadActual  11: 2600528 op, 276999275.00 ns, 106.5166 ns/op
WorkloadActual  12: 2600528 op, 275791116.00 ns, 106.0520 ns/op
WorkloadActual  13: 2600528 op, 271685358.00 ns, 104.4732 ns/op
WorkloadActual  14: 2600528 op, 266953304.00 ns, 102.6535 ns/op
WorkloadActual  15: 2600528 op, 275688933.00 ns, 106.0127 ns/op
WorkloadActual  16: 2600528 op, 270567350.00 ns, 104.0432 ns/op
WorkloadActual  17: 2600528 op, 272597386.00 ns, 104.8239 ns/op
WorkloadActual  18: 2600528 op, 245576998.00 ns, 94.4335 ns/op
WorkloadActual  19: 2600528 op, 250183524.00 ns, 96.2049 ns/op
WorkloadActual  20: 2600528 op, 246381372.00 ns, 94.7428 ns/op
WorkloadActual  21: 2600528 op, 253150695.00 ns, 97.3459 ns/op
WorkloadActual  22: 2600528 op, 255390098.00 ns, 98.2070 ns/op
WorkloadActual  23: 2600528 op, 252935267.00 ns, 97.2630 ns/op
WorkloadActual  24: 2600528 op, 246414034.00 ns, 94.7554 ns/op
WorkloadActual  25: 2600528 op, 243771337.00 ns, 93.7392 ns/op
WorkloadActual  26: 2600528 op, 246170392.00 ns, 94.6617 ns/op
WorkloadActual  27: 2600528 op, 249766695.00 ns, 96.0446 ns/op
WorkloadActual  28: 2600528 op, 247966485.00 ns, 95.3524 ns/op
WorkloadActual  29: 2600528 op, 246905114.00 ns, 94.9442 ns/op
WorkloadActual  30: 2600528 op, 252107930.00 ns, 96.9449 ns/op
WorkloadActual  31: 2600528 op, 281237073.00 ns, 108.1461 ns/op
WorkloadActual  32: 2600528 op, 272455737.00 ns, 104.7694 ns/op
WorkloadActual  33: 2600528 op, 269981601.00 ns, 103.8180 ns/op
WorkloadActual  34: 2600528 op, 273579677.00 ns, 105.2016 ns/op
WorkloadActual  35: 2600528 op, 263553543.00 ns, 101.3462 ns/op
WorkloadActual  36: 2600528 op, 248780566.00 ns, 95.6654 ns/op
WorkloadActual  37: 2600528 op, 246631786.00 ns, 94.8391 ns/op
WorkloadActual  38: 2600528 op, 255571943.00 ns, 98.2769 ns/op
WorkloadActual  39: 2600528 op, 247017226.00 ns, 94.9873 ns/op
WorkloadActual  40: 2600528 op, 254626692.00 ns, 97.9135 ns/op
WorkloadActual  41: 2600528 op, 251336409.00 ns, 96.6482 ns/op
WorkloadActual  42: 2600528 op, 251286474.00 ns, 96.6290 ns/op
WorkloadActual  43: 2600528 op, 249262610.00 ns, 95.8508 ns/op
WorkloadActual  44: 2600528 op, 249951285.00 ns, 96.1156 ns/op
WorkloadActual  45: 2600528 op, 252684423.00 ns, 97.1666 ns/op
WorkloadActual  46: 2600528 op, 254709649.00 ns, 97.9454 ns/op
WorkloadActual  47: 2600528 op, 256385424.00 ns, 98.5898 ns/op
WorkloadActual  48: 2600528 op, 256048005.00 ns, 98.4600 ns/op
WorkloadActual  49: 2600528 op, 250767762.00 ns, 96.4296 ns/op
WorkloadActual  50: 2600528 op, 251464581.00 ns, 96.6975 ns/op
WorkloadActual  51: 2600528 op, 248972791.00 ns, 95.7393 ns/op
WorkloadActual  52: 2600528 op, 248993450.00 ns, 95.7473 ns/op
WorkloadActual  53: 2600528 op, 245124551.00 ns, 94.2595 ns/op
WorkloadActual  54: 2600528 op, 247238726.00 ns, 95.0725 ns/op
WorkloadActual  55: 2600528 op, 246002203.00 ns, 94.5970 ns/op
WorkloadActual  56: 2600528 op, 249357810.00 ns, 95.8874 ns/op
WorkloadActual  57: 2600528 op, 247385624.00 ns, 95.1290 ns/op
WorkloadActual  58: 2600528 op, 245320692.00 ns, 94.3350 ns/op
WorkloadActual  59: 2600528 op, 243442996.00 ns, 93.6129 ns/op
WorkloadActual  60: 2600528 op, 248546072.00 ns, 95.5752 ns/op
WorkloadActual  61: 2600528 op, 243511906.00 ns, 93.6394 ns/op
WorkloadActual  62: 2600528 op, 246475350.00 ns, 94.7790 ns/op
WorkloadActual  63: 2600528 op, 243266160.00 ns, 93.5449 ns/op
WorkloadActual  64: 2600528 op, 255974976.00 ns, 98.4319 ns/op
WorkloadActual  65: 2600528 op, 251498786.00 ns, 96.7107 ns/op
WorkloadActual  66: 2600528 op, 248792199.00 ns, 95.6699 ns/op
WorkloadActual  67: 2600528 op, 247511974.00 ns, 95.1776 ns/op
WorkloadActual  68: 2600528 op, 256823935.00 ns, 98.7584 ns/op
WorkloadActual  69: 2600528 op, 250284536.00 ns, 96.2437 ns/op
WorkloadActual  70: 2600528 op, 254461108.00 ns, 97.8498 ns/op
WorkloadActual  71: 2600528 op, 247000545.00 ns, 94.9809 ns/op
WorkloadActual  72: 2600528 op, 249170064.00 ns, 95.8152 ns/op
WorkloadActual  73: 2600528 op, 244542728.00 ns, 94.0358 ns/op
WorkloadActual  74: 2600528 op, 246636174.00 ns, 94.8408 ns/op
WorkloadActual  75: 2600528 op, 246233532.00 ns, 94.6860 ns/op
WorkloadActual  76: 2600528 op, 256294551.00 ns, 98.5548 ns/op

// AfterActualRun
WorkloadResult   1: 2600528 op, 245959412.00 ns, 94.5806 ns/op
WorkloadResult   2: 2600528 op, 274909196.00 ns, 105.7128 ns/op
WorkloadResult   3: 2600528 op, 272795762.00 ns, 104.9001 ns/op
WorkloadResult   4: 2600528 op, 268163978.00 ns, 103.1191 ns/op
WorkloadResult   5: 2600528 op, 277141345.00 ns, 106.5712 ns/op
WorkloadResult   6: 2600528 op, 281635439.00 ns, 108.2993 ns/op
WorkloadResult   7: 2600528 op, 262010510.00 ns, 100.7528 ns/op
WorkloadResult   8: 2600528 op, 264952083.00 ns, 101.8840 ns/op
WorkloadResult   9: 2600528 op, 284477643.00 ns, 109.3923 ns/op
WorkloadResult  10: 2600528 op, 277210997.00 ns, 106.5980 ns/op
WorkloadResult  11: 2600528 op, 269871813.00 ns, 103.7758 ns/op
WorkloadResult  12: 2600528 op, 268663654.00 ns, 103.3112 ns/op
WorkloadResult  13: 2600528 op, 264557896.00 ns, 101.7324 ns/op
WorkloadResult  14: 2600528 op, 259825842.00 ns, 99.9127 ns/op
WorkloadResult  15: 2600528 op, 268561471.00 ns, 103.2719 ns/op
WorkloadResult  16: 2600528 op, 263439888.00 ns, 101.3025 ns/op
WorkloadResult  17: 2600528 op, 265469924.00 ns, 102.0831 ns/op
WorkloadResult  18: 2600528 op, 238449536.00 ns, 91.6927 ns/op
WorkloadResult  19: 2600528 op, 243056062.00 ns, 93.4641 ns/op
WorkloadResult  20: 2600528 op, 239253910.00 ns, 92.0021 ns/op
WorkloadResult  21: 2600528 op, 246023233.00 ns, 94.6051 ns/op
WorkloadResult  22: 2600528 op, 248262636.00 ns, 95.4662 ns/op
WorkloadResult  23: 2600528 op, 245807805.00 ns, 94.5223 ns/op
WorkloadResult  24: 2600528 op, 239286572.00 ns, 92.0146 ns/op
WorkloadResult  25: 2600528 op, 236643875.00 ns, 90.9984 ns/op
WorkloadResult  26: 2600528 op, 239042930.00 ns, 91.9209 ns/op
WorkloadResult  27: 2600528 op, 242639233.00 ns, 93.3038 ns/op
WorkloadResult  28: 2600528 op, 240839023.00 ns, 92.6116 ns/op
WorkloadResult  29: 2600528 op, 239777652.00 ns, 92.2034 ns/op
WorkloadResult  30: 2600528 op, 244980468.00 ns, 94.2041 ns/op
WorkloadResult  31: 2600528 op, 274109611.00 ns, 105.4054 ns/op
WorkloadResult  32: 2600528 op, 265328275.00 ns, 102.0286 ns/op
WorkloadResult  33: 2600528 op, 262854139.00 ns, 101.0772 ns/op
WorkloadResult  34: 2600528 op, 266452215.00 ns, 102.4608 ns/op
WorkloadResult  35: 2600528 op, 256426081.00 ns, 98.6054 ns/op
WorkloadResult  36: 2600528 op, 241653104.00 ns, 92.9246 ns/op
WorkloadResult  37: 2600528 op, 239504324.00 ns, 92.0983 ns/op
WorkloadResult  38: 2600528 op, 248444481.00 ns, 95.5362 ns/op
WorkloadResult  39: 2600528 op, 239889764.00 ns, 92.2466 ns/op
WorkloadResult  40: 2600528 op, 247499230.00 ns, 95.1727 ns/op
WorkloadResult  41: 2600528 op, 244208947.00 ns, 93.9074 ns/op
WorkloadResult  42: 2600528 op, 244159012.00 ns, 93.8882 ns/op
WorkloadResult  43: 2600528 op, 242135148.00 ns, 93.1100 ns/op
WorkloadResult  44: 2600528 op, 242823823.00 ns, 93.3748 ns/op
WorkloadResult  45: 2600528 op, 245556961.00 ns, 94.4258 ns/op
WorkloadResult  46: 2600528 op, 247582187.00 ns, 95.2046 ns/op
WorkloadResult  47: 2600528 op, 249257962.00 ns, 95.8490 ns/op
WorkloadResult  48: 2600528 op, 248920543.00 ns, 95.7192 ns/op
WorkloadResult  49: 2600528 op, 243640300.00 ns, 93.6888 ns/op
WorkloadResult  50: 2600528 op, 244337119.00 ns, 93.9567 ns/op
WorkloadResult  51: 2600528 op, 241845329.00 ns, 92.9985 ns/op
WorkloadResult  52: 2600528 op, 241865988.00 ns, 93.0065 ns/op
WorkloadResult  53: 2600528 op, 237997089.00 ns, 91.5188 ns/op
WorkloadResult  54: 2600528 op, 240111264.00 ns, 92.3317 ns/op
WorkloadResult  55: 2600528 op, 238874741.00 ns, 91.8562 ns/op
WorkloadResult  56: 2600528 op, 242230348.00 ns, 93.1466 ns/op
WorkloadResult  57: 2600528 op, 240258162.00 ns, 92.3882 ns/op
WorkloadResult  58: 2600528 op, 238193230.00 ns, 91.5942 ns/op
WorkloadResult  59: 2600528 op, 236315534.00 ns, 90.8721 ns/op
WorkloadResult  60: 2600528 op, 241418610.00 ns, 92.8345 ns/op
WorkloadResult  61: 2600528 op, 236384444.00 ns, 90.8986 ns/op
WorkloadResult  62: 2600528 op, 239347888.00 ns, 92.0382 ns/op
WorkloadResult  63: 2600528 op, 236138698.00 ns, 90.8041 ns/op
WorkloadResult  64: 2600528 op, 248847514.00 ns, 95.6911 ns/op
WorkloadResult  65: 2600528 op, 244371324.00 ns, 93.9699 ns/op
WorkloadResult  66: 2600528 op, 241664737.00 ns, 92.9291 ns/op
WorkloadResult  67: 2600528 op, 240384512.00 ns, 92.4368 ns/op
WorkloadResult  68: 2600528 op, 249696473.00 ns, 96.0176 ns/op
WorkloadResult  69: 2600528 op, 243157074.00 ns, 93.5030 ns/op
WorkloadResult  70: 2600528 op, 247333646.00 ns, 95.1090 ns/op
WorkloadResult  71: 2600528 op, 239873083.00 ns, 92.2401 ns/op
WorkloadResult  72: 2600528 op, 242042602.00 ns, 93.0744 ns/op
WorkloadResult  73: 2600528 op, 237415266.00 ns, 91.2950 ns/op
WorkloadResult  74: 2600528 op, 239508712.00 ns, 92.1000 ns/op
WorkloadResult  75: 2600528 op, 239106070.00 ns, 91.9452 ns/op
WorkloadResult  76: 2600528 op, 249167089.00 ns, 95.8140 ns/op
// GC:  223 0 0 1872380160 2600528
// Threading:  0 0 2600528

// AfterAll
// Benchmark Process 49768 has exited with code 0.

Mean = 96.043 ns, StdErr = 0.571 ns (0.59%), N = 76, StdDev = 4.976 ns
Min = 90.804 ns, Q1 = 92.310 ns, Median = 93.932 ns, Q3 = 100.123 ns, Max = 109.392 ns
IQR = 7.812 ns, LowerFence = 80.592 ns, UpperFence = 111.841 ns
ConfidenceInterval = [94.088 ns; 97.999 ns] (CI 99.9%), Margin = 1.955 ns (2.04% of Mean)
Skewness = 1.06, Kurtosis = 2.81, MValue = 2.55

// ** Remained 41 (52.6%) benchmark(s) to run. Estimated finish 2026-02-19 8:50 (0h 12m from now) **
// **************************
// Benchmark: Scenario1.S1_ReturnOptionStringErrorNoMessage_EnumerationsOptions: .NET 10.0(Runtime=.NET 10.0, IterationTime=250ms) [Iterations=10]
// *** Execute ***
// Launch: 1 / 1
// Execute: dotnet "Enumerations.Options.Benchmarks-.NET 10.0-1.dll" --anonymousPipes 114 116 --benchmarkName "ReillyDigital.Enumerations.Options.Benchmarks.Scenarios.Scenario1.S1_ReturnOptionStringErrorNoMessage_EnumerationsOptions(Iterations: 10)" --job ".NET 10.0" --benchmarkId 37 in /media/andrew/Slowverflow/x/devs/reilly-digital/dotnet/enumerations.options.benchmarks/bin/Debug/net10.0/Enumerations.Options.Benchmarks-.NET 10.0-1/bin/Release/net10.0
// Failed to set up high priority (Permission denied). In order to run benchmarks with high priority, make sure you have the right permissions.
// BeforeAnythingElse

// Benchmark Process Environment Information:
// BenchmarkDotNet v0.15.8
// Runtime=.NET 10.0.3 (10.0.3, 10.0.326.7603), X64 RyuJIT x86-64-v3
// GC=Concurrent Workstation
// HardwareIntrinsics=AVX2+BMI1+BMI2+F16C+FMA+LZCNT+MOVBE,AVX,SSE3+SSSE3+SSE4.1+SSE4.2+POPCNT,X86Base+SSE+SSE2,AES+PCLMUL VectorSize=256
// Job: .NET 10.0(IterationTime=250ms)

OverheadJitting  1: 1 op, 168429.00 ns, 168.4290 us/op
WorkloadJitting  1: 1 op, 2604905.00 ns, 2.6049 ms/op

OverheadJitting  2: 16 op, 197574.00 ns, 12.3484 us/op
WorkloadJitting  2: 16 op, 233192.00 ns, 14.5745 us/op

WorkloadPilot    1: 16 op, 30508.00 ns, 1.9068 us/op
WorkloadPilot    2: 131120 op, 68342811.00 ns, 521.2234 ns/op
WorkloadPilot    3: 479648 op, 149788934.00 ns, 312.2893 ns/op
WorkloadPilot    4: 800544 op, 126322719.00 ns, 157.7961 ns/op
WorkloadPilot    5: 1584336 op, 235736446.00 ns, 148.7920 ns/op
WorkloadPilot    6: 1680208 op, 239606357.00 ns, 142.6052 ns/op
WorkloadPilot    7: 1753104 op, 249992553.00 ns, 142.6000 ns/op
WorkloadPilot    8: 1753168 op, 244614865.00 ns, 139.5273 ns/op
WorkloadPilot    9: 1791776 op, 251231280.00 ns, 140.2136 ns/op
WorkloadPilot   10: 1783008 op, 250531073.00 ns, 140.5103 ns/op
WorkloadPilot   11: 1779232 op, 245651038.00 ns, 138.0658 ns/op
WorkloadPilot   12: 1810736 op, 252668753.00 ns, 139.5393 ns/op

OverheadWarmup   1: 1810736 op, 4907747.00 ns, 2.7104 ns/op
OverheadWarmup   2: 1810736 op, 4907396.00 ns, 2.7102 ns/op
OverheadWarmup   3: 1810736 op, 5123135.00 ns, 2.8293 ns/op
OverheadWarmup   4: 1810736 op, 5436589.00 ns, 3.0024 ns/op
OverheadWarmup   5: 1810736 op, 4926142.00 ns, 2.7205 ns/op
OverheadWarmup   6: 1810736 op, 4990103.00 ns, 2.7558 ns/op
OverheadWarmup   7: 1810736 op, 4944076.00 ns, 2.7304 ns/op

OverheadActual   1: 1810736 op, 4998209.00 ns, 2.7603 ns/op
OverheadActual   2: 1810736 op, 4990213.00 ns, 2.7559 ns/op
OverheadActual   3: 1810736 op, 4970656.00 ns, 2.7451 ns/op
OverheadActual   4: 1810736 op, 4962852.00 ns, 2.7408 ns/op
OverheadActual   5: 1810736 op, 4957903.00 ns, 2.7381 ns/op
OverheadActual   6: 1810736 op, 5042653.00 ns, 2.7849 ns/op
OverheadActual   7: 1810736 op, 4989893.00 ns, 2.7557 ns/op
OverheadActual   8: 1810736 op, 4983661.00 ns, 2.7523 ns/op
OverheadActual   9: 1810736 op, 5018828.00 ns, 2.7717 ns/op
OverheadActual  10: 1810736 op, 4934598.00 ns, 2.7252 ns/op
OverheadActual  11: 1810736 op, 4993610.00 ns, 2.7578 ns/op
OverheadActual  12: 1810736 op, 4933817.00 ns, 2.7248 ns/op
OverheadActual  13: 1810736 op, 4961829.00 ns, 2.7402 ns/op
OverheadActual  14: 1810736 op, 4979053.00 ns, 2.7497 ns/op
OverheadActual  15: 1810736 op, 4947673.00 ns, 2.7324 ns/op

WorkloadWarmup   1: 1810736 op, 255128453.00 ns, 140.8977 ns/op
WorkloadWarmup   2: 1810736 op, 247710290.00 ns, 136.8009 ns/op
WorkloadWarmup   3: 1810736 op, 246105870.00 ns, 135.9148 ns/op
WorkloadWarmup   4: 1810736 op, 242867385.00 ns, 134.1263 ns/op
WorkloadWarmup   5: 1810736 op, 240364002.00 ns, 132.7438 ns/op
WorkloadWarmup   6: 1810736 op, 241374717.00 ns, 133.3020 ns/op
WorkloadWarmup   7: 1810736 op, 241015988.00 ns, 133.1039 ns/op
WorkloadWarmup   8: 1810736 op, 241304594.00 ns, 133.2633 ns/op
WorkloadWarmup   9: 1810736 op, 244357748.00 ns, 134.9494 ns/op
WorkloadWarmup  10: 1810736 op, 245540629.00 ns, 135.6027 ns/op
WorkloadWarmup  11: 1810736 op, 246857874.00 ns, 136.3301 ns/op
WorkloadWarmup  12: 1810736 op, 246158239.00 ns, 135.9437 ns/op

// BeforeActualRun
WorkloadActual   1: 1810736 op, 256681645.00 ns, 141.7554 ns/op
WorkloadActual   2: 1810736 op, 265990590.00 ns, 146.8964 ns/op
WorkloadActual   3: 1810736 op, 281918855.00 ns, 155.6930 ns/op
WorkloadActual   4: 1810736 op, 285838641.00 ns, 157.8577 ns/op
WorkloadActual   5: 1810736 op, 279084345.00 ns, 154.1276 ns/op
WorkloadActual   6: 1810736 op, 267947948.00 ns, 147.9774 ns/op
WorkloadActual   7: 1810736 op, 319462990.00 ns, 176.4271 ns/op
WorkloadActual   8: 1810736 op, 320057346.00 ns, 176.7554 ns/op
WorkloadActual   9: 1810736 op, 302050663.00 ns, 166.8110 ns/op
WorkloadActual  10: 1810736 op, 300296400.00 ns, 165.8422 ns/op
WorkloadActual  11: 1810736 op, 309537066.00 ns, 170.9454 ns/op
WorkloadActual  12: 1810736 op, 293788612.00 ns, 162.2482 ns/op
WorkloadActual  13: 1810736 op, 308697665.00 ns, 170.4819 ns/op
WorkloadActual  14: 1810736 op, 280016852.00 ns, 154.6426 ns/op
WorkloadActual  15: 1810736 op, 334348840.00 ns, 184.6480 ns/op
WorkloadActual  16: 1810736 op, 347464446.00 ns, 191.8913 ns/op
WorkloadActual  17: 1810736 op, 281900590.00 ns, 155.6829 ns/op
WorkloadActual  18: 1810736 op, 251547509.00 ns, 138.9200 ns/op
WorkloadActual  19: 1810736 op, 252772069.00 ns, 139.5963 ns/op
WorkloadActual  20: 1810736 op, 248235554.00 ns, 137.0910 ns/op
WorkloadActual  21: 1810736 op, 260276014.00 ns, 143.7405 ns/op
WorkloadActual  22: 1810736 op, 251453079.00 ns, 138.8679 ns/op
WorkloadActual  23: 1810736 op, 253070193.00 ns, 139.7610 ns/op
WorkloadActual  24: 1810736 op, 250166052.00 ns, 138.1571 ns/op
WorkloadActual  25: 1810736 op, 281077161.00 ns, 155.2281 ns/op
WorkloadActual  26: 1810736 op, 254117016.00 ns, 140.3391 ns/op
WorkloadActual  27: 1810736 op, 255187624.00 ns, 140.9303 ns/op
WorkloadActual  28: 1810736 op, 251716689.00 ns, 139.0135 ns/op
WorkloadActual  29: 1810736 op, 250491918.00 ns, 138.3371 ns/op
WorkloadActual  30: 1810736 op, 256438163.00 ns, 141.6210 ns/op
WorkloadActual  31: 1810736 op, 251286314.00 ns, 138.7758 ns/op
WorkloadActual  32: 1810736 op, 243745629.00 ns, 134.6114 ns/op
WorkloadActual  33: 1810736 op, 252269978.00 ns, 139.3190 ns/op
WorkloadActual  34: 1810736 op, 255781129.00 ns, 141.2581 ns/op
WorkloadActual  35: 1810736 op, 250087583.00 ns, 138.1138 ns/op
WorkloadActual  36: 1810736 op, 259120375.00 ns, 143.1022 ns/op
WorkloadActual  37: 1810736 op, 270694311.00 ns, 149.4941 ns/op
WorkloadActual  38: 1810736 op, 260325528.00 ns, 143.7678 ns/op
WorkloadActual  39: 1810736 op, 263753281.00 ns, 145.6608 ns/op
WorkloadActual  40: 1810736 op, 259811394.00 ns, 143.4839 ns/op
WorkloadActual  41: 1810736 op, 284800013.00 ns, 157.2841 ns/op
WorkloadActual  42: 1810736 op, 274864671.00 ns, 151.7972 ns/op
WorkloadActual  43: 1810736 op, 272850866.00 ns, 150.6851 ns/op
WorkloadActual  44: 1810736 op, 266812467.00 ns, 147.3503 ns/op
WorkloadActual  45: 1810736 op, 259377011.00 ns, 143.2440 ns/op
WorkloadActual  46: 1810736 op, 264396871.00 ns, 146.0162 ns/op
WorkloadActual  47: 1810736 op, 261504421.00 ns, 144.4189 ns/op
WorkloadActual  48: 1810736 op, 284573955.00 ns, 157.1593 ns/op
WorkloadActual  49: 1810736 op, 253015530.00 ns, 139.7308 ns/op
WorkloadActual  50: 1810736 op, 250301498.00 ns, 138.2319 ns/op
WorkloadActual  51: 1810736 op, 269273139.00 ns, 148.7092 ns/op
WorkloadActual  52: 1810736 op, 284446503.00 ns, 157.0889 ns/op
WorkloadActual  53: 1810736 op, 268511485.00 ns, 148.2886 ns/op
WorkloadActual  54: 1810736 op, 255473295.00 ns, 141.0881 ns/op
WorkloadActual  55: 1810736 op, 255966249.00 ns, 141.3603 ns/op
WorkloadActual  56: 1810736 op, 267899456.00 ns, 147.9506 ns/op
WorkloadActual  57: 1810736 op, 248091501.00 ns, 137.0114 ns/op
WorkloadActual  58: 1810736 op, 250686728.00 ns, 138.4447 ns/op
WorkloadActual  59: 1810736 op, 247827762.00 ns, 136.8658 ns/op
WorkloadActual  60: 1810736 op, 273533099.00 ns, 151.0618 ns/op
WorkloadActual  61: 1810736 op, 266532276.00 ns, 147.1955 ns/op
WorkloadActual  62: 1810736 op, 260433613.00 ns, 143.8275 ns/op
WorkloadActual  63: 1810736 op, 258513546.00 ns, 142.7671 ns/op
WorkloadActual  64: 1810736 op, 255676621.00 ns, 141.2004 ns/op
WorkloadActual  65: 1810736 op, 256199120.00 ns, 141.4889 ns/op
WorkloadActual  66: 1810736 op, 253721296.00 ns, 140.1205 ns/op
WorkloadActual  67: 1810736 op, 247328155.00 ns, 136.5898 ns/op
WorkloadActual  68: 1810736 op, 246624181.00 ns, 136.2011 ns/op
WorkloadActual  69: 1810736 op, 245101006.00 ns, 135.3599 ns/op
WorkloadActual  70: 1810736 op, 248320195.00 ns, 137.1377 ns/op
WorkloadActual  71: 1810736 op, 243372111.00 ns, 134.4051 ns/op
WorkloadActual  72: 1810736 op, 247871284.00 ns, 136.8898 ns/op
WorkloadActual  73: 1810736 op, 245617014.00 ns, 135.6449 ns/op
WorkloadActual  74: 1810736 op, 252467591.00 ns, 139.4282 ns/op
WorkloadActual  75: 1810736 op, 263007298.00 ns, 145.2488 ns/op
WorkloadActual  76: 1810736 op, 262485390.00 ns, 144.9606 ns/op
WorkloadActual  77: 1810736 op, 277339459.00 ns, 153.1639 ns/op
WorkloadActual  78: 1810736 op, 266170551.00 ns, 146.9958 ns/op
WorkloadActual  79: 1810736 op, 263964883.00 ns, 145.7777 ns/op
WorkloadActual  80: 1810736 op, 262656254.00 ns, 145.0550 ns/op
WorkloadActual  81: 1810736 op, 270789641.00 ns, 149.5467 ns/op
WorkloadActual  82: 1810736 op, 266077143.00 ns, 146.9442 ns/op
WorkloadActual  83: 1810736 op, 264855630.00 ns, 146.2696 ns/op

// AfterActualRun
WorkloadResult   1: 1810736 op, 251702592.00 ns, 139.0057 ns/op
WorkloadResult   2: 1810736 op, 261011537.00 ns, 144.1467 ns/op
WorkloadResult   3: 1810736 op, 276939802.00 ns, 152.9432 ns/op
WorkloadResult   4: 1810736 op, 280859588.00 ns, 155.1080 ns/op
WorkloadResult   5: 1810736 op, 274105292.00 ns, 151.3778 ns/op
WorkloadResult   6: 1810736 op, 262968895.00 ns, 145.2276 ns/op
WorkloadResult   7: 1810736 op, 297071610.00 ns, 164.0612 ns/op
WorkloadResult   8: 1810736 op, 295317347.00 ns, 163.0924 ns/op
WorkloadResult   9: 1810736 op, 288809559.00 ns, 159.4984 ns/op
WorkloadResult  10: 1810736 op, 275037799.00 ns, 151.8928 ns/op
WorkloadResult  11: 1810736 op, 276921537.00 ns, 152.9331 ns/op
WorkloadResult  12: 1810736 op, 246568456.00 ns, 136.1703 ns/op
WorkloadResult  13: 1810736 op, 247793016.00 ns, 136.8466 ns/op
WorkloadResult  14: 1810736 op, 243256501.00 ns, 134.3412 ns/op
WorkloadResult  15: 1810736 op, 255296961.00 ns, 140.9907 ns/op
WorkloadResult  16: 1810736 op, 246474026.00 ns, 136.1181 ns/op
WorkloadResult  17: 1810736 op, 248091140.00 ns, 137.0112 ns/op
WorkloadResult  18: 1810736 op, 245186999.00 ns, 135.4074 ns/op
WorkloadResult  19: 1810736 op, 276098108.00 ns, 152.4784 ns/op
WorkloadResult  20: 1810736 op, 249137963.00 ns, 137.5893 ns/op
WorkloadResult  21: 1810736 op, 250208571.00 ns, 138.1806 ns/op
WorkloadResult  22: 1810736 op, 246737636.00 ns, 136.2637 ns/op
WorkloadResult  23: 1810736 op, 245512865.00 ns, 135.5873 ns/op
WorkloadResult  24: 1810736 op, 251459110.00 ns, 138.8712 ns/op
WorkloadResult  25: 1810736 op, 246307261.00 ns, 136.0260 ns/op
WorkloadResult  26: 1810736 op, 238766576.00 ns, 131.8616 ns/op
WorkloadResult  27: 1810736 op, 247290925.00 ns, 136.5693 ns/op
WorkloadResult  28: 1810736 op, 250802076.00 ns, 138.5084 ns/op
WorkloadResult  29: 1810736 op, 245108530.00 ns, 135.3640 ns/op
WorkloadResult  30: 1810736 op, 254141322.00 ns, 140.3525 ns/op
WorkloadResult  31: 1810736 op, 265715258.00 ns, 146.7443 ns/op
WorkloadResult  32: 1810736 op, 255346475.00 ns, 141.0181 ns/op
WorkloadResult  33: 1810736 op, 258774228.00 ns, 142.9111 ns/op
WorkloadResult  34: 1810736 op, 254832341.00 ns, 140.7341 ns/op
WorkloadResult  35: 1810736 op, 279820960.00 ns, 154.5344 ns/op
WorkloadResult  36: 1810736 op, 269885618.00 ns, 149.0475 ns/op
WorkloadResult  37: 1810736 op, 267871813.00 ns, 147.9353 ns/op
WorkloadResult  38: 1810736 op, 261833414.00 ns, 144.6005 ns/op
WorkloadResult  39: 1810736 op, 254397958.00 ns, 140.4942 ns/op
WorkloadResult  40: 1810736 op, 259417818.00 ns, 143.2665 ns/op
WorkloadResult  41: 1810736 op, 256525368.00 ns, 141.6691 ns/op
WorkloadResult  42: 1810736 op, 279594902.00 ns, 154.4095 ns/op
WorkloadResult  43: 1810736 op, 248036477.00 ns, 136.9810 ns/op
WorkloadResult  44: 1810736 op, 245322445.00 ns, 135.4822 ns/op
WorkloadResult  45: 1810736 op, 264294086.00 ns, 145.9595 ns/op
WorkloadResult  46: 1810736 op, 279467450.00 ns, 154.3391 ns/op
WorkloadResult  47: 1810736 op, 263532432.00 ns, 145.5388 ns/op
WorkloadResult  48: 1810736 op, 250494242.00 ns, 138.3384 ns/op
WorkloadResult  49: 1810736 op, 250987196.00 ns, 138.6106 ns/op
WorkloadResult  50: 1810736 op, 262920403.00 ns, 145.2008 ns/op
WorkloadResult  51: 1810736 op, 243112448.00 ns, 134.2617 ns/op
WorkloadResult  52: 1810736 op, 245707675.00 ns, 135.6949 ns/op
WorkloadResult  53: 1810736 op, 242848709.00 ns, 134.1160 ns/op
WorkloadResult  54: 1810736 op, 268554046.00 ns, 148.3121 ns/op
WorkloadResult  55: 1810736 op, 261553223.00 ns, 144.4458 ns/op
WorkloadResult  56: 1810736 op, 255454560.00 ns, 141.0777 ns/op
WorkloadResult  57: 1810736 op, 253534493.00 ns, 140.0174 ns/op
WorkloadResult  58: 1810736 op, 250697568.00 ns, 138.4506 ns/op
WorkloadResult  59: 1810736 op, 251220067.00 ns, 138.7392 ns/op
WorkloadResult  60: 1810736 op, 248742243.00 ns, 137.3708 ns/op
WorkloadResult  61: 1810736 op, 242349102.00 ns, 133.8401 ns/op
WorkloadResult  62: 1810736 op, 241645128.00 ns, 133.4513 ns/op
WorkloadResult  63: 1810736 op, 240121953.00 ns, 132.6101 ns/op
WorkloadResult  64: 1810736 op, 243341142.00 ns, 134.3880 ns/op
WorkloadResult  65: 1810736 op, 238393058.00 ns, 131.6553 ns/op
WorkloadResult  66: 1810736 op, 242892231.00 ns, 134.1401 ns/op
WorkloadResult  67: 1810736 op, 240637961.00 ns, 132.8951 ns/op
WorkloadResult  68: 1810736 op, 247488538.00 ns, 136.6784 ns/op
WorkloadResult  69: 1810736 op, 258028245.00 ns, 142.4991 ns/op
WorkloadResult  70: 1810736 op, 257506337.00 ns, 142.2109 ns/op
WorkloadResult  71: 1810736 op, 272360406.00 ns, 150.4142 ns/op
WorkloadResult  72: 1810736 op, 261191498.00 ns, 144.2460 ns/op
WorkloadResult  73: 1810736 op, 258985830.00 ns, 143.0279 ns/op
WorkloadResult  74: 1810736 op, 257677201.00 ns, 142.3052 ns/op
WorkloadResult  75: 1810736 op, 265810588.00 ns, 146.7970 ns/op
WorkloadResult  76: 1810736 op, 261098090.00 ns, 144.1945 ns/op
WorkloadResult  77: 1810736 op, 259876577.00 ns, 143.5199 ns/op
// GC:  329 0 0 2752318720 1810736
// Threading:  0 0 1810736

// AfterAll
// Benchmark Process 49891 has exited with code 0.

Mean = 142.117 ns, StdErr = 0.845 ns (0.59%), N = 77, StdDev = 7.418 ns
Min = 131.655 ns, Q1 = 136.264 ns, Median = 140.734 ns, Q3 = 145.539 ns, Max = 164.061 ns
IQR = 9.275 ns, LowerFence = 122.351 ns, UpperFence = 159.452 ns
ConfidenceInterval = [139.223 ns; 145.011 ns] (CI 99.9%), Margin = 2.894 ns (2.04% of Mean)
Skewness = 0.92, Kurtosis = 3.3, MValue = 2.08

// ** Remained 40 (51.3%) benchmark(s) to run. Estimated finish 2026-02-19 8:50 (0h 12m from now) **
// **************************
// Benchmark: Scenario1.S1_ReturnOptionStringErrorNoMessage_FluentResults: .NET 10.0(Runtime=.NET 10.0, IterationTime=250ms) [Iterations=10]
// *** Execute ***
// Launch: 1 / 1
// Execute: dotnet "Enumerations.Options.Benchmarks-.NET 10.0-1.dll" --anonymousPipes 114 116 --benchmarkName "ReillyDigital.Enumerations.Options.Benchmarks.Scenarios.Scenario1.S1_ReturnOptionStringErrorNoMessage_FluentResults(Iterations: 10)" --job ".NET 10.0" --benchmarkId 38 in /media/andrew/Slowverflow/x/devs/reilly-digital/dotnet/enumerations.options.benchmarks/bin/Debug/net10.0/Enumerations.Options.Benchmarks-.NET 10.0-1/bin/Release/net10.0
// Failed to set up high priority (Permission denied). In order to run benchmarks with high priority, make sure you have the right permissions.
// BeforeAnythingElse

// Benchmark Process Environment Information:
// BenchmarkDotNet v0.15.8
// Runtime=.NET 10.0.3 (10.0.3, 10.0.326.7603), X64 RyuJIT x86-64-v3
// GC=Concurrent Workstation
// HardwareIntrinsics=AVX2+BMI1+BMI2+F16C+FMA+LZCNT+MOVBE,AVX,SSE3+SSSE3+SSE4.1+SSE4.2+POPCNT,X86Base+SSE+SSE2,AES+PCLMUL VectorSize=256
// Job: .NET 10.0(IterationTime=250ms)

OverheadJitting  1: 1 op, 162178.00 ns, 162.1780 us/op
WorkloadJitting  1: 1 op, 3541299.00 ns, 3.5413 ms/op

OverheadJitting  2: 16 op, 273949.00 ns, 17.1218 us/op
WorkloadJitting  2: 16 op, 305419.00 ns, 19.0887 us/op

WorkloadPilot    1: 16 op, 88388.00 ns, 5.5243 us/op
WorkloadPilot    2: 45264 op, 99061665.00 ns, 2.1885 us/op
WorkloadPilot    3: 114240 op, 127001555.00 ns, 1.1117 us/op
WorkloadPilot    4: 224880 op, 113532118.00 ns, 504.8564 ns/op
WorkloadPilot    5: 495200 op, 228730112.00 ns, 461.8944 ns/op
WorkloadPilot    6: 541264 op, 249451307.00 ns, 460.8681 ns/op
WorkloadPilot    7: 542464 op, 256843631.00 ns, 473.4759 ns/op
WorkloadPilot    8: 528016 op, 244251567.00 ns, 462.5836 ns/op
WorkloadPilot    9: 540448 op, 244257589.00 ns, 451.9539 ns/op
WorkloadPilot   10: 553168 op, 258640736.00 ns, 467.5627 ns/op
WorkloadPilot   11: 534688 op, 243014753.00 ns, 454.4982 ns/op
WorkloadPilot   12: 550064 op, 249615329.00 ns, 453.7932 ns/op
WorkloadPilot   13: 550912 op, 255053701.00 ns, 462.9663 ns/op

OverheadWarmup   1: 550912 op, 1420020.00 ns, 2.5776 ns/op
OverheadWarmup   2: 550912 op, 1393159.00 ns, 2.5288 ns/op
OverheadWarmup   3: 550912 op, 1383551.00 ns, 2.5114 ns/op
OverheadWarmup   4: 550912 op, 1424188.00 ns, 2.5851 ns/op
OverheadWarmup   5: 550912 op, 1368993.00 ns, 2.4850 ns/op
OverheadWarmup   6: 550912 op, 1393480.00 ns, 2.5294 ns/op
OverheadWarmup   7: 550912 op, 1415281.00 ns, 2.5690 ns/op
OverheadWarmup   8: 550912 op, 1363513.00 ns, 2.4750 ns/op

OverheadActual   1: 550912 op, 1380264.00 ns, 2.5054 ns/op
OverheadActual   2: 550912 op, 1376558.00 ns, 2.4987 ns/op
OverheadActual   3: 550912 op, 1403679.00 ns, 2.5479 ns/op
OverheadActual   4: 550912 op, 1368613.00 ns, 2.4843 ns/op
OverheadActual   5: 550912 op, 1370466.00 ns, 2.4876 ns/op
OverheadActual   6: 550912 op, 1389502.00 ns, 2.5222 ns/op
OverheadActual   7: 550912 op, 1363964.00 ns, 2.4758 ns/op
OverheadActual   8: 550912 op, 1401485.00 ns, 2.5439 ns/op
OverheadActual   9: 550912 op, 1377760.00 ns, 2.5009 ns/op
OverheadActual  10: 550912 op, 1378972.00 ns, 2.5031 ns/op
OverheadActual  11: 550912 op, 1398410.00 ns, 2.5384 ns/op
OverheadActual  12: 550912 op, 1390745.00 ns, 2.5244 ns/op
OverheadActual  13: 550912 op, 1383190.00 ns, 2.5107 ns/op
OverheadActual  14: 550912 op, 1390885.00 ns, 2.5247 ns/op
OverheadActual  15: 550912 op, 1374955.00 ns, 2.4958 ns/op

WorkloadWarmup   1: 550912 op, 255270311.00 ns, 463.3595 ns/op
WorkloadWarmup   2: 550912 op, 252772990.00 ns, 458.8264 ns/op
WorkloadWarmup   3: 550912 op, 246060133.00 ns, 446.6414 ns/op
WorkloadWarmup   4: 550912 op, 247321803.00 ns, 448.9316 ns/op
WorkloadWarmup   5: 550912 op, 247622092.00 ns, 449.4767 ns/op
WorkloadWarmup   6: 550912 op, 247190505.00 ns, 448.6933 ns/op
WorkloadWarmup   7: 550912 op, 248650781.00 ns, 451.3439 ns/op
WorkloadWarmup   8: 550912 op, 253794185.00 ns, 460.6801 ns/op
WorkloadWarmup   9: 550912 op, 247602845.00 ns, 449.4417 ns/op

// BeforeActualRun
WorkloadActual   1: 550912 op, 264964015.00 ns, 480.9552 ns/op
WorkloadActual   2: 550912 op, 287722249.00 ns, 522.2654 ns/op
WorkloadActual   3: 550912 op, 268013642.00 ns, 486.4908 ns/op
WorkloadActual   4: 550912 op, 265499419.00 ns, 481.9271 ns/op
WorkloadActual   5: 550912 op, 269944190.00 ns, 489.9951 ns/op
WorkloadActual   6: 550912 op, 297895031.00 ns, 540.7307 ns/op
WorkloadActual   7: 550912 op, 311135183.00 ns, 564.7639 ns/op
WorkloadActual   8: 550912 op, 324995070.00 ns, 589.9219 ns/op
WorkloadActual   9: 550912 op, 358958010.00 ns, 651.5705 ns/op
WorkloadActual  10: 550912 op, 310982163.00 ns, 564.4861 ns/op
WorkloadActual  11: 550912 op, 286586478.00 ns, 520.2037 ns/op
WorkloadActual  12: 550912 op, 285657848.00 ns, 518.5181 ns/op
WorkloadActual  13: 550912 op, 280965759.00 ns, 510.0012 ns/op
WorkloadActual  14: 550912 op, 291719712.00 ns, 529.5214 ns/op
WorkloadActual  15: 550912 op, 282429051.00 ns, 512.6573 ns/op
WorkloadActual  16: 550912 op, 281999938.00 ns, 511.8784 ns/op
WorkloadActual  17: 550912 op, 277775045.00 ns, 504.2095 ns/op
WorkloadActual  18: 550912 op, 258827661.00 ns, 469.8167 ns/op
WorkloadActual  19: 550912 op, 253120939.00 ns, 459.4580 ns/op
WorkloadActual  20: 550912 op, 257533429.00 ns, 467.4675 ns/op
WorkloadActual  21: 550912 op, 256110923.00 ns, 464.8854 ns/op
WorkloadActual  22: 550912 op, 263114812.00 ns, 477.5986 ns/op
WorkloadActual  23: 550912 op, 251021973.00 ns, 455.6480 ns/op
WorkloadActual  24: 550912 op, 253333191.00 ns, 459.8433 ns/op
WorkloadActual  25: 550912 op, 253148883.00 ns, 459.5087 ns/op
WorkloadActual  26: 550912 op, 252198632.00 ns, 457.7839 ns/op
WorkloadActual  27: 550912 op, 246400468.00 ns, 447.2592 ns/op
WorkloadActual  28: 550912 op, 246130406.00 ns, 446.7690 ns/op
WorkloadActual  29: 550912 op, 248465740.00 ns, 451.0080 ns/op
WorkloadActual  30: 550912 op, 247312365.00 ns, 448.9145 ns/op
WorkloadActual  31: 550912 op, 250190568.00 ns, 454.1389 ns/op
WorkloadActual  32: 550912 op, 246873884.00 ns, 448.1185 ns/op
WorkloadActual  33: 550912 op, 247359004.00 ns, 448.9991 ns/op
WorkloadActual  34: 550912 op, 245630749.00 ns, 445.8620 ns/op
WorkloadActual  35: 550912 op, 246940331.00 ns, 448.2392 ns/op
WorkloadActual  36: 550912 op, 246911546.00 ns, 448.1869 ns/op
WorkloadActual  37: 550912 op, 252189535.00 ns, 457.7674 ns/op
WorkloadActual  38: 550912 op, 252351922.00 ns, 458.0621 ns/op
WorkloadActual  39: 550912 op, 262153100.00 ns, 475.8529 ns/op
WorkloadActual  40: 550912 op, 264369129.00 ns, 479.8754 ns/op
WorkloadActual  41: 550912 op, 248099877.00 ns, 450.3439 ns/op
WorkloadActual  42: 550912 op, 251304388.00 ns, 456.1607 ns/op
WorkloadActual  43: 550912 op, 261015205.00 ns, 473.7875 ns/op
WorkloadActual  44: 550912 op, 259224703.00 ns, 470.5374 ns/op
WorkloadActual  45: 550912 op, 249244535.00 ns, 452.4217 ns/op
WorkloadActual  46: 550912 op, 254285005.00 ns, 461.5710 ns/op
WorkloadActual  47: 550912 op, 256796713.00 ns, 466.1302 ns/op
WorkloadActual  48: 550912 op, 251205791.00 ns, 455.9817 ns/op
WorkloadActual  49: 550912 op, 275033782.00 ns, 499.2336 ns/op
WorkloadActual  50: 550912 op, 275417268.00 ns, 499.9297 ns/op
WorkloadActual  51: 550912 op, 267735225.00 ns, 485.9855 ns/op
WorkloadActual  52: 550912 op, 274862426.00 ns, 498.9226 ns/op
WorkloadActual  53: 550912 op, 253720986.00 ns, 460.5472 ns/op
WorkloadActual  54: 550912 op, 271201652.00 ns, 492.2776 ns/op
WorkloadActual  55: 550912 op, 252087852.00 ns, 457.5828 ns/op
WorkloadActual  56: 550912 op, 268808157.00 ns, 487.9330 ns/op
WorkloadActual  57: 550912 op, 259743696.00 ns, 471.4795 ns/op
WorkloadActual  58: 550912 op, 257230885.00 ns, 466.9183 ns/op
WorkloadActual  59: 550912 op, 249010021.00 ns, 451.9960 ns/op
WorkloadActual  60: 550912 op, 250489064.00 ns, 454.6807 ns/op
WorkloadActual  61: 550912 op, 252081450.00 ns, 457.5712 ns/op
WorkloadActual  62: 550912 op, 250475948.00 ns, 454.6569 ns/op
WorkloadActual  63: 550912 op, 261102289.00 ns, 473.9455 ns/op
WorkloadActual  64: 550912 op, 277159850.00 ns, 503.0928 ns/op
WorkloadActual  65: 550912 op, 301809056.00 ns, 547.8353 ns/op
WorkloadActual  66: 550912 op, 255257246.00 ns, 463.3358 ns/op
WorkloadActual  67: 550912 op, 256627112.00 ns, 465.8223 ns/op
WorkloadActual  68: 550912 op, 257091953.00 ns, 466.6661 ns/op
WorkloadActual  69: 550912 op, 259359037.00 ns, 470.7812 ns/op
WorkloadActual  70: 550912 op, 250545440.00 ns, 454.7831 ns/op
WorkloadActual  71: 550912 op, 253306772.00 ns, 459.7953 ns/op
WorkloadActual  72: 550912 op, 273308554.00 ns, 496.1020 ns/op
WorkloadActual  73: 550912 op, 261386939.00 ns, 474.4622 ns/op
WorkloadActual  74: 550912 op, 262394668.00 ns, 476.2914 ns/op
WorkloadActual  75: 550912 op, 261229651.00 ns, 474.1767 ns/op
WorkloadActual  76: 550912 op, 263728194.00 ns, 478.7120 ns/op
WorkloadActual  77: 550912 op, 268565067.00 ns, 487.4918 ns/op

// AfterActualRun
WorkloadResult   1: 550912 op, 263583751.00 ns, 478.4498 ns/op
WorkloadResult   2: 550912 op, 286341985.00 ns, 519.7599 ns/op
WorkloadResult   3: 550912 op, 266633378.00 ns, 483.9854 ns/op
WorkloadResult   4: 550912 op, 264119155.00 ns, 479.4217 ns/op
WorkloadResult   5: 550912 op, 268563926.00 ns, 487.4897 ns/op
WorkloadResult   6: 550912 op, 296514767.00 ns, 538.2253 ns/op
WorkloadResult   7: 550912 op, 285206214.00 ns, 517.6983 ns/op
WorkloadResult   8: 550912 op, 284277584.00 ns, 516.0127 ns/op
WorkloadResult   9: 550912 op, 279585495.00 ns, 507.4957 ns/op
WorkloadResult  10: 550912 op, 290339448.00 ns, 527.0160 ns/op
WorkloadResult  11: 550912 op, 281048787.00 ns, 510.1519 ns/op
WorkloadResult  12: 550912 op, 280619674.00 ns, 509.3730 ns/op
WorkloadResult  13: 550912 op, 276394781.00 ns, 501.7040 ns/op
WorkloadResult  14: 550912 op, 257447397.00 ns, 467.3113 ns/op
WorkloadResult  15: 550912 op, 251740675.00 ns, 456.9526 ns/op
WorkloadResult  16: 550912 op, 256153165.00 ns, 464.9620 ns/op
WorkloadResult  17: 550912 op, 254730659.00 ns, 462.3799 ns/op
WorkloadResult  18: 550912 op, 261734548.00 ns, 475.0932 ns/op
WorkloadResult  19: 550912 op, 249641709.00 ns, 453.1426 ns/op
WorkloadResult  20: 550912 op, 251952927.00 ns, 457.3379 ns/op
WorkloadResult  21: 550912 op, 251768619.00 ns, 457.0033 ns/op
WorkloadResult  22: 550912 op, 250818368.00 ns, 455.2785 ns/op
WorkloadResult  23: 550912 op, 245020204.00 ns, 444.7538 ns/op
WorkloadResult  24: 550912 op, 244750142.00 ns, 444.2636 ns/op
WorkloadResult  25: 550912 op, 247085476.00 ns, 448.5026 ns/op
WorkloadResult  26: 550912 op, 245932101.00 ns, 446.4090 ns/op
WorkloadResult  27: 550912 op, 248810304.00 ns, 451.6335 ns/op
WorkloadResult  28: 550912 op, 245493620.00 ns, 445.6131 ns/op
WorkloadResult  29: 550912 op, 245978740.00 ns, 446.4937 ns/op
WorkloadResult  30: 550912 op, 244250485.00 ns, 443.3566 ns/op
WorkloadResult  31: 550912 op, 245560067.00 ns, 445.7337 ns/op
WorkloadResult  32: 550912 op, 245531282.00 ns, 445.6815 ns/op
WorkloadResult  33: 550912 op, 250809271.00 ns, 455.2619 ns/op
WorkloadResult  34: 550912 op, 250971658.00 ns, 455.5567 ns/op
WorkloadResult  35: 550912 op, 260772836.00 ns, 473.3475 ns/op
WorkloadResult  36: 550912 op, 262988865.00 ns, 477.3700 ns/op
WorkloadResult  37: 550912 op, 246719613.00 ns, 447.8385 ns/op
WorkloadResult  38: 550912 op, 249924124.00 ns, 453.6553 ns/op
WorkloadResult  39: 550912 op, 259634941.00 ns, 471.2821 ns/op
WorkloadResult  40: 550912 op, 257844439.00 ns, 468.0320 ns/op
WorkloadResult  41: 550912 op, 247864271.00 ns, 449.9163 ns/op
WorkloadResult  42: 550912 op, 252904741.00 ns, 459.0656 ns/op
WorkloadResult  43: 550912 op, 255416449.00 ns, 463.6248 ns/op
WorkloadResult  44: 550912 op, 249825527.00 ns, 453.4763 ns/op
WorkloadResult  45: 550912 op, 273653518.00 ns, 496.7282 ns/op
WorkloadResult  46: 550912 op, 274037004.00 ns, 497.4243 ns/op
WorkloadResult  47: 550912 op, 266354961.00 ns, 483.4800 ns/op
WorkloadResult  48: 550912 op, 273482162.00 ns, 496.4171 ns/op
WorkloadResult  49: 550912 op, 252340722.00 ns, 458.0418 ns/op
WorkloadResult  50: 550912 op, 269821388.00 ns, 489.7722 ns/op
WorkloadResult  51: 550912 op, 250707588.00 ns, 455.0774 ns/op
WorkloadResult  52: 550912 op, 267427893.00 ns, 485.4276 ns/op
WorkloadResult  53: 550912 op, 258363432.00 ns, 468.9741 ns/op
WorkloadResult  54: 550912 op, 255850621.00 ns, 464.4129 ns/op
WorkloadResult  55: 550912 op, 247629757.00 ns, 449.4906 ns/op
WorkloadResult  56: 550912 op, 249108800.00 ns, 452.1753 ns/op
WorkloadResult  57: 550912 op, 250701186.00 ns, 455.0658 ns/op
WorkloadResult  58: 550912 op, 249095684.00 ns, 452.1515 ns/op
WorkloadResult  59: 550912 op, 259722025.00 ns, 471.4401 ns/op
WorkloadResult  60: 550912 op, 275779586.00 ns, 500.5874 ns/op
WorkloadResult  61: 550912 op, 253876982.00 ns, 460.8304 ns/op
WorkloadResult  62: 550912 op, 255246848.00 ns, 463.3169 ns/op
WorkloadResult  63: 550912 op, 255711689.00 ns, 464.1607 ns/op
WorkloadResult  64: 550912 op, 257978773.00 ns, 468.2758 ns/op
WorkloadResult  65: 550912 op, 249165176.00 ns, 452.2776 ns/op
WorkloadResult  66: 550912 op, 251926508.00 ns, 457.2899 ns/op
WorkloadResult  67: 550912 op, 271928290.00 ns, 493.5966 ns/op
WorkloadResult  68: 550912 op, 260006675.00 ns, 471.9568 ns/op
WorkloadResult  69: 550912 op, 261014404.00 ns, 473.7860 ns/op
WorkloadResult  70: 550912 op, 259849387.00 ns, 471.6713 ns/op
WorkloadResult  71: 550912 op, 262347930.00 ns, 476.2066 ns/op
WorkloadResult  72: 550912 op, 267184803.00 ns, 484.9864 ns/op
// GC:  179 0 0 1498480640 550912
// Threading:  0 0 550912

// AfterAll
// Benchmark Process 50038 has exited with code 0.

Mean = 471.280 ns, StdErr = 2.685 ns (0.57%), N = 72, StdDev = 22.787 ns
Min = 443.357 ns, Q1 = 453.611 ns, Median = 464.687 ns, Q3 = 484.236 ns, Max = 538.225 ns
IQR = 30.625 ns, LowerFence = 407.673 ns, UpperFence = 530.173 ns
ConfidenceInterval = [462.061 ns; 480.499 ns] (CI 99.9%), Margin = 9.219 ns (1.96% of Mean)
Skewness = 0.94, Kurtosis = 3.07, MValue = 2

// ** Remained 39 (50.0%) benchmark(s) to run. Estimated finish 2026-02-19 8:50 (0h 12m from now) **
// **************************
// Benchmark: Scenario1.S1_ReturnOptionStringErrorNoMessage_LightResults: .NET 10.0(Runtime=.NET 10.0, IterationTime=250ms) [Iterations=10]
// *** Execute ***
// Launch: 1 / 1
// Execute: dotnet "Enumerations.Options.Benchmarks-.NET 10.0-1.dll" --anonymousPipes 114 116 --benchmarkName "ReillyDigital.Enumerations.Options.Benchmarks.Scenarios.Scenario1.S1_ReturnOptionStringErrorNoMessage_LightResults(Iterations: 10)" --job ".NET 10.0" --benchmarkId 39 in /media/andrew/Slowverflow/x/devs/reilly-digital/dotnet/enumerations.options.benchmarks/bin/Debug/net10.0/Enumerations.Options.Benchmarks-.NET 10.0-1/bin/Release/net10.0
// Failed to set up high priority (Permission denied). In order to run benchmarks with high priority, make sure you have the right permissions.
// BeforeAnythingElse

// Benchmark Process Environment Information:
// BenchmarkDotNet v0.15.8
// Runtime=.NET 10.0.3 (10.0.3, 10.0.326.7603), X64 RyuJIT x86-64-v3
// GC=Concurrent Workstation
// HardwareIntrinsics=AVX2+BMI1+BMI2+F16C+FMA+LZCNT+MOVBE,AVX,SSE3+SSSE3+SSE4.1+SSE4.2+POPCNT,X86Base+SSE+SSE2,AES+PCLMUL VectorSize=256
// Job: .NET 10.0(IterationTime=250ms)

OverheadJitting  1: 1 op, 152890.00 ns, 152.8900 us/op
WorkloadJitting  1: 1 op, 3088290.00 ns, 3.0883 ms/op

OverheadJitting  2: 16 op, 203786.00 ns, 12.7366 us/op
WorkloadJitting  2: 16 op, 200269.00 ns, 12.5168 us/op

WorkloadPilot    1: 16 op, 2815.00 ns, 175.9375 ns/op
WorkloadPilot    2: 1420960 op, 179768568.00 ns, 126.5121 ns/op
WorkloadPilot    3: 1976096 op, 110985454.00 ns, 56.1640 ns/op
WorkloadPilot    4: 4451264 op, 21483488.00 ns, 4.8264 ns/op
WorkloadPilot    5: 51798672 op, 248260131.00 ns, 4.7928 ns/op
WorkloadPilot    6: 52161696 op, 253078368.00 ns, 4.8518 ns/op
WorkloadPilot    7: 51527232 op, 255846282.00 ns, 4.9653 ns/op
WorkloadPilot    8: 50349808 op, 243764003.00 ns, 4.8414 ns/op
WorkloadPilot    9: 51637872 op, 255015769.00 ns, 4.9385 ns/op

OverheadWarmup   1: 51637872 op, 129938930.00 ns, 2.5163 ns/op
OverheadWarmup   2: 51637872 op, 108719962.00 ns, 2.1054 ns/op
OverheadWarmup   3: 51637872 op, 78897295.00 ns, 1.5279 ns/op
OverheadWarmup   4: 51637872 op, 78898387.00 ns, 1.5279 ns/op
OverheadWarmup   5: 51637872 op, 79562956.00 ns, 1.5408 ns/op
OverheadWarmup   6: 51637872 op, 79049444.00 ns, 1.5308 ns/op
OverheadWarmup   7: 51637872 op, 78425201.00 ns, 1.5188 ns/op
OverheadWarmup   8: 51637872 op, 78601285.00 ns, 1.5222 ns/op
OverheadWarmup   9: 51637872 op, 83393132.00 ns, 1.6150 ns/op
OverheadWarmup  10: 51637872 op, 78349979.00 ns, 1.5173 ns/op

OverheadActual   1: 51637872 op, 78433477.00 ns, 1.5189 ns/op
OverheadActual   2: 51637872 op, 78582980.00 ns, 1.5218 ns/op
OverheadActual   3: 51637872 op, 78417406.00 ns, 1.5186 ns/op
OverheadActual   4: 51637872 op, 78443475.00 ns, 1.5191 ns/op
OverheadActual   5: 51637872 op, 78588060.00 ns, 1.5219 ns/op
OverheadActual   6: 51637872 op, 78532424.00 ns, 1.5208 ns/op
OverheadActual   7: 51637872 op, 78826712.00 ns, 1.5265 ns/op
OverheadActual   8: 51637872 op, 78905761.00 ns, 1.5281 ns/op
OverheadActual   9: 51637872 op, 78789982.00 ns, 1.5258 ns/op
OverheadActual  10: 51637872 op, 79778865.00 ns, 1.5450 ns/op
OverheadActual  11: 51637872 op, 79768336.00 ns, 1.5448 ns/op
OverheadActual  12: 51637872 op, 77879808.00 ns, 1.5082 ns/op
OverheadActual  13: 51637872 op, 77899164.00 ns, 1.5086 ns/op
OverheadActual  14: 51637872 op, 78051553.00 ns, 1.5115 ns/op
OverheadActual  15: 51637872 op, 78426343.00 ns, 1.5188 ns/op

WorkloadWarmup   1: 51637872 op, 245407026.00 ns, 4.7525 ns/op
WorkloadWarmup   2: 51637872 op, 241072555.00 ns, 4.6685 ns/op
WorkloadWarmup   3: 51637872 op, 254325281.00 ns, 4.9252 ns/op
WorkloadWarmup   4: 51637872 op, 256907983.00 ns, 4.9752 ns/op
WorkloadWarmup   5: 51637872 op, 248459389.00 ns, 4.8116 ns/op
WorkloadWarmup   6: 51637872 op, 240906279.00 ns, 4.6653 ns/op
WorkloadWarmup   7: 51637872 op, 249458091.00 ns, 4.8309 ns/op
WorkloadWarmup   8: 51637872 op, 259844767.00 ns, 5.0321 ns/op
WorkloadWarmup   9: 51637872 op, 248759216.00 ns, 4.8174 ns/op

// BeforeActualRun
WorkloadActual   1: 51637872 op, 245667860.00 ns, 4.7575 ns/op
WorkloadActual   2: 51637872 op, 241573243.00 ns, 4.6782 ns/op
WorkloadActual   3: 51637872 op, 237018524.00 ns, 4.5900 ns/op
WorkloadActual   4: 51637872 op, 251366636.00 ns, 4.8679 ns/op
WorkloadActual   5: 51637872 op, 244988233.00 ns, 4.7444 ns/op
WorkloadActual   6: 51637872 op, 262265182.00 ns, 5.0789 ns/op
WorkloadActual   7: 51637872 op, 286904710.00 ns, 5.5561 ns/op
WorkloadActual   8: 51637872 op, 262654320.00 ns, 5.0865 ns/op
WorkloadActual   9: 51637872 op, 267197216.00 ns, 5.1744 ns/op
WorkloadActual  10: 51637872 op, 247551749.00 ns, 4.7940 ns/op
WorkloadActual  11: 51637872 op, 255273006.00 ns, 4.9435 ns/op
WorkloadActual  12: 51637872 op, 236101628.00 ns, 4.5723 ns/op
WorkloadActual  13: 51637872 op, 239871599.00 ns, 4.6453 ns/op
WorkloadActual  14: 51637872 op, 249064094.00 ns, 4.8233 ns/op
WorkloadActual  15: 51637872 op, 241702337.00 ns, 4.6807 ns/op
WorkloadActual  16: 51637872 op, 246166404.00 ns, 4.7672 ns/op
WorkloadActual  17: 51637872 op, 248709963.00 ns, 4.8164 ns/op
WorkloadActual  18: 51637872 op, 256334758.00 ns, 4.9641 ns/op
WorkloadActual  19: 51637872 op, 261276169.00 ns, 5.0598 ns/op
WorkloadActual  20: 51637872 op, 262190201.00 ns, 5.0775 ns/op
WorkloadActual  21: 51637872 op, 260816878.00 ns, 5.0509 ns/op
WorkloadActual  22: 51637872 op, 253297394.00 ns, 4.9053 ns/op
WorkloadActual  23: 51637872 op, 255410247.00 ns, 4.9462 ns/op
WorkloadActual  24: 51637872 op, 248507710.00 ns, 4.8125 ns/op
WorkloadActual  25: 51637872 op, 252274055.00 ns, 4.8854 ns/op
WorkloadActual  26: 51637872 op, 248886928.00 ns, 4.8199 ns/op
WorkloadActual  27: 51637872 op, 255713391.00 ns, 4.9521 ns/op
WorkloadActual  28: 51637872 op, 260978565.00 ns, 5.0540 ns/op
WorkloadActual  29: 51637872 op, 250186681.00 ns, 4.8450 ns/op
WorkloadActual  30: 51637872 op, 248611156.00 ns, 4.8145 ns/op
WorkloadActual  31: 51637872 op, 254233236.00 ns, 4.9234 ns/op
WorkloadActual  32: 51637872 op, 239298784.00 ns, 4.6342 ns/op
WorkloadActual  33: 51637872 op, 240757327.00 ns, 4.6624 ns/op
WorkloadActual  34: 51637872 op, 266413831.00 ns, 5.1593 ns/op
WorkloadActual  35: 51637872 op, 245040692.00 ns, 4.7454 ns/op
WorkloadActual  36: 51637872 op, 245175267.00 ns, 4.7480 ns/op
WorkloadActual  37: 51637872 op, 243084465.00 ns, 4.7075 ns/op
WorkloadActual  38: 51637872 op, 254388451.00 ns, 4.9264 ns/op

// AfterActualRun
WorkloadResult   1: 51637872 op, 167135436.00 ns, 3.2367 ns/op
WorkloadResult   2: 51637872 op, 163040819.00 ns, 3.1574 ns/op
WorkloadResult   3: 51637872 op, 158486100.00 ns, 3.0692 ns/op
WorkloadResult   4: 51637872 op, 172834212.00 ns, 3.3470 ns/op
WorkloadResult   5: 51637872 op, 166455809.00 ns, 3.2235 ns/op
WorkloadResult   6: 51637872 op, 183732758.00 ns, 3.5581 ns/op
WorkloadResult   7: 51637872 op, 184121896.00 ns, 3.5656 ns/op
WorkloadResult   8: 51637872 op, 188664792.00 ns, 3.6536 ns/op
WorkloadResult   9: 51637872 op, 169019325.00 ns, 3.2732 ns/op
WorkloadResult  10: 51637872 op, 176740582.00 ns, 3.4227 ns/op
WorkloadResult  11: 51637872 op, 157569204.00 ns, 3.0514 ns/op
WorkloadResult  12: 51637872 op, 161339175.00 ns, 3.1244 ns/op
WorkloadResult  13: 51637872 op, 170531670.00 ns, 3.3025 ns/op
WorkloadResult  14: 51637872 op, 163169913.00 ns, 3.1599 ns/op
WorkloadResult  15: 51637872 op, 167633980.00 ns, 3.2463 ns/op
WorkloadResult  16: 51637872 op, 170177539.00 ns, 3.2956 ns/op
WorkloadResult  17: 51637872 op, 177802334.00 ns, 3.4433 ns/op
WorkloadResult  18: 51637872 op, 182743745.00 ns, 3.5389 ns/op
WorkloadResult  19: 51637872 op, 183657777.00 ns, 3.5566 ns/op
WorkloadResult  20: 51637872 op, 182284454.00 ns, 3.5301 ns/op
WorkloadResult  21: 51637872 op, 174764970.00 ns, 3.3844 ns/op
WorkloadResult  22: 51637872 op, 176877823.00 ns, 3.4254 ns/op
WorkloadResult  23: 51637872 op, 169975286.00 ns, 3.2917 ns/op
WorkloadResult  24: 51637872 op, 173741631.00 ns, 3.3646 ns/op
WorkloadResult  25: 51637872 op, 170354504.00 ns, 3.2990 ns/op
WorkloadResult  26: 51637872 op, 177180967.00 ns, 3.4312 ns/op
WorkloadResult  27: 51637872 op, 182446141.00 ns, 3.5332 ns/op
WorkloadResult  28: 51637872 op, 171654257.00 ns, 3.3242 ns/op
WorkloadResult  29: 51637872 op, 170078732.00 ns, 3.2937 ns/op
WorkloadResult  30: 51637872 op, 175700812.00 ns, 3.4026 ns/op
WorkloadResult  31: 51637872 op, 160766360.00 ns, 3.1133 ns/op
WorkloadResult  32: 51637872 op, 162224903.00 ns, 3.1416 ns/op
WorkloadResult  33: 51637872 op, 187881407.00 ns, 3.6384 ns/op
WorkloadResult  34: 51637872 op, 166508268.00 ns, 3.2245 ns/op
WorkloadResult  35: 51637872 op, 166642843.00 ns, 3.2271 ns/op
WorkloadResult  36: 51637872 op, 164552041.00 ns, 3.1867 ns/op
WorkloadResult  37: 51637872 op, 175856027.00 ns, 3.4056 ns/op
// GC:  0 0 0 0 51637872
// Threading:  0 0 51637872

// AfterAll
// Benchmark Process 50176 has exited with code 0.

Mean = 3.336 ns, StdErr = 0.027 ns (0.80%), N = 37, StdDev = 0.162 ns
Min = 3.051 ns, Q1 = 3.225 ns, Median = 3.302 ns, Q3 = 3.431 ns, Max = 3.654 ns
IQR = 0.207 ns, LowerFence = 2.915 ns, UpperFence = 3.741 ns
ConfidenceInterval = [3.241 ns; 3.432 ns] (CI 99.9%), Margin = 0.095 ns (2.86% of Mean)
Skewness = 0.19, Kurtosis = 2.03, MValue = 2

// ** Remained 38 (48.7%) benchmark(s) to run. Estimated finish 2026-02-19 8:50 (0h 12m from now) **
// **************************
// Benchmark: Scenario1.S1_ReturnOptionStringErrorNoMessage_Rascal: .NET 10.0(Runtime=.NET 10.0, IterationTime=250ms) [Iterations=10]
// *** Execute ***
// Launch: 1 / 1
// Execute: dotnet "Enumerations.Options.Benchmarks-.NET 10.0-1.dll" --anonymousPipes 114 116 --benchmarkName "ReillyDigital.Enumerations.Options.Benchmarks.Scenarios.Scenario1.S1_ReturnOptionStringErrorNoMessage_Rascal(Iterations: 10)" --job ".NET 10.0" --benchmarkId 40 in /media/andrew/Slowverflow/x/devs/reilly-digital/dotnet/enumerations.options.benchmarks/bin/Debug/net10.0/Enumerations.Options.Benchmarks-.NET 10.0-1/bin/Release/net10.0
// Failed to set up high priority (Permission denied). In order to run benchmarks with high priority, make sure you have the right permissions.
// BeforeAnythingElse

// Benchmark Process Environment Information:
// BenchmarkDotNet v0.15.8
// Runtime=.NET 10.0.3 (10.0.3, 10.0.326.7603), X64 RyuJIT x86-64-v3
// GC=Concurrent Workstation
// HardwareIntrinsics=AVX2+BMI1+BMI2+F16C+FMA+LZCNT+MOVBE,AVX,SSE3+SSSE3+SSE4.1+SSE4.2+POPCNT,X86Base+SSE+SSE2,AES+PCLMUL VectorSize=256
// Job: .NET 10.0(IterationTime=250ms)

OverheadJitting  1: 1 op, 196722.00 ns, 196.7220 us/op
WorkloadJitting  1: 1 op, 2842936.00 ns, 2.8429 ms/op

OverheadJitting  2: 16 op, 237570.00 ns, 14.8481 us/op
WorkloadJitting  2: 16 op, 238231.00 ns, 14.8894 us/op

WorkloadPilot    1: 16 op, 6582.00 ns, 411.3750 ns/op
WorkloadPilot    2: 607728 op, 173892587.00 ns, 286.1356 ns/op
WorkloadPilot    3: 873712 op, 49796836.00 ns, 56.9946 ns/op
WorkloadPilot    4: 4386384 op, 233545896.00 ns, 53.2434 ns/op
WorkloadPilot    5: 4695424 op, 249026202.00 ns, 53.0359 ns/op
WorkloadPilot    6: 4713792 op, 266004005.00 ns, 56.4310 ns/op
WorkloadPilot    7: 4430192 op, 230351203.00 ns, 51.9958 ns/op
WorkloadPilot    8: 4808096 op, 223302651.00 ns, 46.4431 ns/op
WorkloadPilot    9: 5382944 op, 276127804.00 ns, 51.2968 ns/op
WorkloadPilot   10: 4873600 op, 252294324.00 ns, 51.7675 ns/op

OverheadWarmup   1: 4873600 op, 12391705.00 ns, 2.5426 ns/op
OverheadWarmup   2: 4873600 op, 12328065.00 ns, 2.5296 ns/op
OverheadWarmup   3: 4873600 op, 12413156.00 ns, 2.5470 ns/op
OverheadWarmup   4: 4873600 op, 12251309.00 ns, 2.5138 ns/op
OverheadWarmup   5: 4873600 op, 12329718.00 ns, 2.5299 ns/op
OverheadWarmup   6: 4873600 op, 12340538.00 ns, 2.5321 ns/op
OverheadWarmup   7: 4873600 op, 12247061.00 ns, 2.5129 ns/op

OverheadActual   1: 4873600 op, 12207326.00 ns, 2.5048 ns/op
OverheadActual   2: 4873600 op, 12273872.00 ns, 2.5184 ns/op
OverheadActual   3: 4873600 op, 12309700.00 ns, 2.5258 ns/op
OverheadActual   4: 4873600 op, 12346590.00 ns, 2.5334 ns/op
OverheadActual   5: 4873600 op, 12400322.00 ns, 2.5444 ns/op
OverheadActual   6: 4873600 op, 12315901.00 ns, 2.5271 ns/op
OverheadActual   7: 4873600 op, 12379993.00 ns, 2.5402 ns/op
OverheadActual   8: 4873600 op, 12296124.00 ns, 2.5230 ns/op
OverheadActual   9: 4873600 op, 12285114.00 ns, 2.5207 ns/op
OverheadActual  10: 4873600 op, 12492927.00 ns, 2.5634 ns/op
OverheadActual  11: 4873600 op, 12373540.00 ns, 2.5389 ns/op
OverheadActual  12: 4873600 op, 12246821.00 ns, 2.5129 ns/op
OverheadActual  13: 4873600 op, 12217034.00 ns, 2.5068 ns/op
OverheadActual  14: 4873600 op, 12266478.00 ns, 2.5169 ns/op
OverheadActual  15: 4873600 op, 12353502.00 ns, 2.5348 ns/op

WorkloadWarmup   1: 4873600 op, 238999367.00 ns, 49.0396 ns/op
WorkloadWarmup   2: 4873600 op, 257895515.00 ns, 52.9168 ns/op
WorkloadWarmup   3: 4873600 op, 260396893.00 ns, 53.4301 ns/op
WorkloadWarmup   4: 4873600 op, 246428220.00 ns, 50.5639 ns/op
WorkloadWarmup   5: 4873600 op, 260611009.00 ns, 53.4740 ns/op
WorkloadWarmup   6: 4873600 op, 258241770.00 ns, 52.9879 ns/op

// BeforeActualRun
WorkloadActual   1: 4873600 op, 250101418.00 ns, 51.3176 ns/op
WorkloadActual   2: 4873600 op, 290617324.00 ns, 59.6309 ns/op
WorkloadActual   3: 4873600 op, 256034398.00 ns, 52.5350 ns/op
WorkloadActual   4: 4873600 op, 263150359.00 ns, 53.9951 ns/op
WorkloadActual   5: 4873600 op, 272315642.00 ns, 55.8757 ns/op
WorkloadActual   6: 4873600 op, 270534307.00 ns, 55.5102 ns/op
WorkloadActual   7: 4873600 op, 268140513.00 ns, 55.0190 ns/op
WorkloadActual   8: 4873600 op, 264731755.00 ns, 54.3195 ns/op
WorkloadActual   9: 4873600 op, 296975188.00 ns, 60.9355 ns/op
WorkloadActual  10: 4873600 op, 274229037.00 ns, 56.2683 ns/op
WorkloadActual  11: 4873600 op, 249640516.00 ns, 51.2230 ns/op
WorkloadActual  12: 4873600 op, 263518988.00 ns, 54.0707 ns/op
WorkloadActual  13: 4873600 op, 258044937.00 ns, 52.9475 ns/op
WorkloadActual  14: 4873600 op, 275012271.00 ns, 56.4290 ns/op
WorkloadActual  15: 4873600 op, 269554211.00 ns, 55.3091 ns/op
WorkloadActual  16: 4873600 op, 255205338.00 ns, 52.3649 ns/op
WorkloadActual  17: 4873600 op, 254387298.00 ns, 52.1970 ns/op
WorkloadActual  18: 4873600 op, 239035105.00 ns, 49.0469 ns/op
WorkloadActual  19: 4873600 op, 248057347.00 ns, 50.8982 ns/op
WorkloadActual  20: 4873600 op, 208395720.00 ns, 42.7601 ns/op
WorkloadActual  21: 4873600 op, 242448471.00 ns, 49.7473 ns/op
WorkloadActual  22: 4873600 op, 237379739.00 ns, 48.7073 ns/op
WorkloadActual  23: 4873600 op, 247584120.00 ns, 50.8011 ns/op
WorkloadActual  24: 4873600 op, 253854239.00 ns, 52.0876 ns/op
WorkloadActual  25: 4873600 op, 267223746.00 ns, 54.8309 ns/op
WorkloadActual  26: 4873600 op, 239849968.00 ns, 49.2141 ns/op
WorkloadActual  27: 4873600 op, 242661695.00 ns, 49.7911 ns/op
WorkloadActual  28: 4873600 op, 242588086.00 ns, 49.7760 ns/op
WorkloadActual  29: 4873600 op, 256448653.00 ns, 52.6200 ns/op
WorkloadActual  30: 4873600 op, 251493866.00 ns, 51.6033 ns/op
WorkloadActual  31: 4873600 op, 266840320.00 ns, 54.7522 ns/op
WorkloadActual  32: 4873600 op, 255650221.00 ns, 52.4561 ns/op
WorkloadActual  33: 4873600 op, 266143610.00 ns, 54.6092 ns/op
WorkloadActual  34: 4873600 op, 277446692.00 ns, 56.9285 ns/op
WorkloadActual  35: 4873600 op, 264383576.00 ns, 54.2481 ns/op
WorkloadActual  36: 4873600 op, 256903195.00 ns, 52.7132 ns/op
WorkloadActual  37: 4873600 op, 253210429.00 ns, 51.9555 ns/op
WorkloadActual  38: 4873600 op, 247202758.00 ns, 50.7228 ns/op
WorkloadActual  39: 4873600 op, 250129382.00 ns, 51.3233 ns/op
WorkloadActual  40: 4873600 op, 244104128.00 ns, 50.0870 ns/op
WorkloadActual  41: 4873600 op, 259195757.00 ns, 53.1836 ns/op
WorkloadActual  42: 4873600 op, 277853523.00 ns, 57.0120 ns/op
WorkloadActual  43: 4873600 op, 291994893.00 ns, 59.9136 ns/op
WorkloadActual  44: 4873600 op, 272093090.00 ns, 55.8300 ns/op
WorkloadActual  45: 4873600 op, 258817501.00 ns, 53.1060 ns/op
WorkloadActual  46: 4873600 op, 257730331.00 ns, 52.8829 ns/op
WorkloadActual  47: 4873600 op, 256376788.00 ns, 52.6052 ns/op
WorkloadActual  48: 4873600 op, 261868320.00 ns, 53.7320 ns/op
WorkloadActual  49: 4873600 op, 262426337.00 ns, 53.8465 ns/op
WorkloadActual  50: 4873600 op, 229540207.00 ns, 47.0987 ns/op
WorkloadActual  51: 4873600 op, 251146659.00 ns, 51.5321 ns/op
WorkloadActual  52: 4873600 op, 246843697.00 ns, 50.6491 ns/op
WorkloadActual  53: 4873600 op, 252974061.00 ns, 51.9070 ns/op
WorkloadActual  54: 4873600 op, 258040830.00 ns, 52.9467 ns/op
WorkloadActual  55: 4873600 op, 248968543.00 ns, 51.0851 ns/op
WorkloadActual  56: 4873600 op, 213613836.00 ns, 43.8308 ns/op
WorkloadActual  57: 4873600 op, 240900980.00 ns, 49.4298 ns/op
WorkloadActual  58: 4873600 op, 237603813.00 ns, 48.7532 ns/op
WorkloadActual  59: 4873600 op, 247699980.00 ns, 50.8248 ns/op
WorkloadActual  60: 4873600 op, 245579973.00 ns, 50.3899 ns/op
WorkloadActual  61: 4873600 op, 251170063.00 ns, 51.5369 ns/op
WorkloadActual  62: 4873600 op, 223490276.00 ns, 45.8573 ns/op
WorkloadActual  63: 4873600 op, 241716244.00 ns, 49.5971 ns/op
WorkloadActual  64: 4873600 op, 308734786.00 ns, 63.3484 ns/op
WorkloadActual  65: 4873600 op, 268176531.00 ns, 55.0264 ns/op
WorkloadActual  66: 4873600 op, 291486160.00 ns, 59.8092 ns/op
WorkloadActual  67: 4873600 op, 256245518.00 ns, 52.5783 ns/op
WorkloadActual  68: 4873600 op, 224410370.00 ns, 46.0461 ns/op
WorkloadActual  69: 4873600 op, 281196196.00 ns, 57.6978 ns/op
WorkloadActual  70: 4873600 op, 266858955.00 ns, 54.7560 ns/op
WorkloadActual  71: 4873600 op, 254414319.00 ns, 52.2025 ns/op
WorkloadActual  72: 4873600 op, 250616234.00 ns, 51.4232 ns/op
WorkloadActual  73: 4873600 op, 244895337.00 ns, 50.2494 ns/op
WorkloadActual  74: 4873600 op, 260033524.00 ns, 53.3555 ns/op
WorkloadActual  75: 4873600 op, 246446224.00 ns, 50.5676 ns/op
WorkloadActual  76: 4873600 op, 296560623.00 ns, 60.8504 ns/op
WorkloadActual  77: 4873600 op, 238172340.00 ns, 48.8699 ns/op
WorkloadActual  78: 4873600 op, 245115563.00 ns, 50.2946 ns/op
WorkloadActual  79: 4873600 op, 257497731.00 ns, 52.8352 ns/op
WorkloadActual  80: 4873600 op, 273799814.00 ns, 56.1802 ns/op
WorkloadActual  81: 4873600 op, 253493395.00 ns, 52.0136 ns/op
WorkloadActual  82: 4873600 op, 253174310.00 ns, 51.9481 ns/op
WorkloadActual  83: 4873600 op, 209052625.00 ns, 42.8949 ns/op
WorkloadActual  84: 4873600 op, 238982986.00 ns, 49.0362 ns/op
WorkloadActual  85: 4873600 op, 241717206.00 ns, 49.5973 ns/op
WorkloadActual  86: 4873600 op, 238343434.00 ns, 48.9050 ns/op
WorkloadActual  87: 4873600 op, 238132034.00 ns, 48.8616 ns/op
WorkloadActual  88: 4873600 op, 242477676.00 ns, 49.7533 ns/op
WorkloadActual  89: 4873600 op, 256200203.00 ns, 52.5690 ns/op
WorkloadActual  90: 4873600 op, 256854131.00 ns, 52.7032 ns/op
WorkloadActual  91: 4873600 op, 288237284.00 ns, 59.1426 ns/op
WorkloadActual  92: 4873600 op, 256067571.00 ns, 52.5418 ns/op
WorkloadActual  93: 4873600 op, 260887893.00 ns, 53.5308 ns/op
WorkloadActual  94: 4873600 op, 260632710.00 ns, 53.4785 ns/op
WorkloadActual  95: 4873600 op, 252347124.00 ns, 51.7784 ns/op
WorkloadActual  96: 4873600 op, 261504792.00 ns, 53.6574 ns/op
WorkloadActual  97: 4873600 op, 257257746.00 ns, 52.7860 ns/op
WorkloadActual  98: 4873600 op, 252659335.00 ns, 51.8424 ns/op
WorkloadActual  99: 4873600 op, 245951137.00 ns, 50.4660 ns/op
WorkloadActual  100: 4873600 op, 246382694.00 ns, 50.5546 ns/op

// AfterActualRun
WorkloadResult   1: 4873600 op, 237791718.00 ns, 48.7918 ns/op
WorkloadResult   2: 4873600 op, 243724698.00 ns, 50.0092 ns/op
WorkloadResult   3: 4873600 op, 250840659.00 ns, 51.4693 ns/op
WorkloadResult   4: 4873600 op, 260005942.00 ns, 53.3499 ns/op
WorkloadResult   5: 4873600 op, 258224607.00 ns, 52.9844 ns/op
WorkloadResult   6: 4873600 op, 255830813.00 ns, 52.4932 ns/op
WorkloadResult   7: 4873600 op, 252422055.00 ns, 51.7938 ns/op
WorkloadResult   8: 4873600 op, 261919337.00 ns, 53.7425 ns/op
WorkloadResult   9: 4873600 op, 237330816.00 ns, 48.6972 ns/op
WorkloadResult  10: 4873600 op, 251209288.00 ns, 51.5449 ns/op
WorkloadResult  11: 4873600 op, 245735237.00 ns, 50.4217 ns/op
WorkloadResult  12: 4873600 op, 262702571.00 ns, 53.9032 ns/op
WorkloadResult  13: 4873600 op, 257244511.00 ns, 52.7833 ns/op
WorkloadResult  14: 4873600 op, 242895638.00 ns, 49.8391 ns/op
WorkloadResult  15: 4873600 op, 242077598.00 ns, 49.6712 ns/op
WorkloadResult  16: 4873600 op, 226725405.00 ns, 46.5211 ns/op
WorkloadResult  17: 4873600 op, 235747647.00 ns, 48.3724 ns/op
WorkloadResult  18: 4873600 op, 196086020.00 ns, 40.2343 ns/op
WorkloadResult  19: 4873600 op, 230138771.00 ns, 47.2215 ns/op
WorkloadResult  20: 4873600 op, 225070039.00 ns, 46.1815 ns/op
WorkloadResult  21: 4873600 op, 235274420.00 ns, 48.2753 ns/op
WorkloadResult  22: 4873600 op, 241544539.00 ns, 49.5618 ns/op
WorkloadResult  23: 4873600 op, 254914046.00 ns, 52.3051 ns/op
WorkloadResult  24: 4873600 op, 227540268.00 ns, 46.6883 ns/op
WorkloadResult  25: 4873600 op, 230351995.00 ns, 47.2653 ns/op
WorkloadResult  26: 4873600 op, 230278386.00 ns, 47.2502 ns/op
WorkloadResult  27: 4873600 op, 244138953.00 ns, 50.0942 ns/op
WorkloadResult  28: 4873600 op, 239184166.00 ns, 49.0775 ns/op
WorkloadResult  29: 4873600 op, 254530620.00 ns, 52.2264 ns/op
WorkloadResult  30: 4873600 op, 243340521.00 ns, 49.9303 ns/op
WorkloadResult  31: 4873600 op, 253833910.00 ns, 52.0835 ns/op
WorkloadResult  32: 4873600 op, 265136992.00 ns, 54.4027 ns/op
WorkloadResult  33: 4873600 op, 252073876.00 ns, 51.7223 ns/op
WorkloadResult  34: 4873600 op, 244593495.00 ns, 50.1874 ns/op
WorkloadResult  35: 4873600 op, 240900729.00 ns, 49.4297 ns/op
WorkloadResult  36: 4873600 op, 234893058.00 ns, 48.1970 ns/op
WorkloadResult  37: 4873600 op, 237819682.00 ns, 48.7975 ns/op
WorkloadResult  38: 4873600 op, 231794428.00 ns, 47.5612 ns/op
WorkloadResult  39: 4873600 op, 246886057.00 ns, 50.6578 ns/op
WorkloadResult  40: 4873600 op, 265543823.00 ns, 54.4862 ns/op
WorkloadResult  41: 4873600 op, 259783390.00 ns, 53.3042 ns/op
WorkloadResult  42: 4873600 op, 246507801.00 ns, 50.5802 ns/op
WorkloadResult  43: 4873600 op, 245420631.00 ns, 50.3572 ns/op
WorkloadResult  44: 4873600 op, 244067088.00 ns, 50.0794 ns/op
WorkloadResult  45: 4873600 op, 249558620.00 ns, 51.2062 ns/op
WorkloadResult  46: 4873600 op, 250116637.00 ns, 51.3207 ns/op
WorkloadResult  47: 4873600 op, 217230507.00 ns, 44.5729 ns/op
WorkloadResult  48: 4873600 op, 238836959.00 ns, 49.0063 ns/op
WorkloadResult  49: 4873600 op, 234533997.00 ns, 48.1234 ns/op
WorkloadResult  50: 4873600 op, 240664361.00 ns, 49.3812 ns/op
WorkloadResult  51: 4873600 op, 245731130.00 ns, 50.4209 ns/op
WorkloadResult  52: 4873600 op, 236658843.00 ns, 48.5593 ns/op
WorkloadResult  53: 4873600 op, 201304136.00 ns, 41.3050 ns/op
WorkloadResult  54: 4873600 op, 228591280.00 ns, 46.9040 ns/op
WorkloadResult  55: 4873600 op, 225294113.00 ns, 46.2275 ns/op
WorkloadResult  56: 4873600 op, 235390280.00 ns, 48.2991 ns/op
WorkloadResult  57: 4873600 op, 233270273.00 ns, 47.8641 ns/op
WorkloadResult  58: 4873600 op, 238860363.00 ns, 49.0111 ns/op
WorkloadResult  59: 4873600 op, 211180576.00 ns, 43.3315 ns/op
WorkloadResult  60: 4873600 op, 229406544.00 ns, 47.0713 ns/op
WorkloadResult  61: 4873600 op, 255866831.00 ns, 52.5006 ns/op
WorkloadResult  62: 4873600 op, 243935818.00 ns, 50.0525 ns/op
WorkloadResult  63: 4873600 op, 212100670.00 ns, 43.5203 ns/op
WorkloadResult  64: 4873600 op, 268886496.00 ns, 55.1720 ns/op
WorkloadResult  65: 4873600 op, 254549255.00 ns, 52.2302 ns/op
WorkloadResult  66: 4873600 op, 242104619.00 ns, 49.6768 ns/op
WorkloadResult  67: 4873600 op, 238306534.00 ns, 48.8974 ns/op
WorkloadResult  68: 4873600 op, 232585637.00 ns, 47.7236 ns/op
WorkloadResult  69: 4873600 op, 247723824.00 ns, 50.8297 ns/op
WorkloadResult  70: 4873600 op, 234136524.00 ns, 48.0418 ns/op
WorkloadResult  71: 4873600 op, 225862640.00 ns, 46.3441 ns/op
WorkloadResult  72: 4873600 op, 232805863.00 ns, 47.7688 ns/op
WorkloadResult  73: 4873600 op, 245188031.00 ns, 50.3094 ns/op
WorkloadResult  74: 4873600 op, 261490114.00 ns, 53.6544 ns/op
WorkloadResult  75: 4873600 op, 241183695.00 ns, 49.4878 ns/op
WorkloadResult  76: 4873600 op, 240864610.00 ns, 49.4223 ns/op
WorkloadResult  77: 4873600 op, 196742925.00 ns, 40.3691 ns/op
WorkloadResult  78: 4873600 op, 226673286.00 ns, 46.5104 ns/op
WorkloadResult  79: 4873600 op, 229407506.00 ns, 47.0715 ns/op
WorkloadResult  80: 4873600 op, 226033734.00 ns, 46.3792 ns/op
WorkloadResult  81: 4873600 op, 225822334.00 ns, 46.3358 ns/op
WorkloadResult  82: 4873600 op, 230167976.00 ns, 47.2275 ns/op
WorkloadResult  83: 4873600 op, 243890503.00 ns, 50.0432 ns/op
WorkloadResult  84: 4873600 op, 244544431.00 ns, 50.1774 ns/op
WorkloadResult  85: 4873600 op, 275927584.00 ns, 56.6168 ns/op
WorkloadResult  86: 4873600 op, 243757871.00 ns, 50.0160 ns/op
WorkloadResult  87: 4873600 op, 248578193.00 ns, 51.0050 ns/op
WorkloadResult  88: 4873600 op, 248323010.00 ns, 50.9527 ns/op
WorkloadResult  89: 4873600 op, 240037424.00 ns, 49.2526 ns/op
WorkloadResult  90: 4873600 op, 249195092.00 ns, 51.1316 ns/op
WorkloadResult  91: 4873600 op, 244948046.00 ns, 50.2602 ns/op
WorkloadResult  92: 4873600 op, 240349635.00 ns, 49.3167 ns/op
WorkloadResult  93: 4873600 op, 233641437.00 ns, 47.9402 ns/op
WorkloadResult  94: 4873600 op, 234072994.00 ns, 48.0288 ns/op
// GC:  139 0 0 1169664000 4873600
// Threading:  0 0 4873600

// AfterAll
// Benchmark Process 50259 has exited with code 0.

Mean = 49.377 ns, StdErr = 0.304 ns (0.62%), N = 94, StdDev = 2.948 ns
Min = 40.234 ns, Q1 = 47.793 ns, Median = 49.525 ns, Q3 = 51.100 ns, Max = 56.617 ns
IQR = 3.307 ns, LowerFence = 42.832 ns, UpperFence = 56.061 ns
ConfidenceInterval = [48.343 ns; 50.410 ns] (CI 99.9%), Margin = 1.033 ns (2.09% of Mean)
Skewness = -0.56, Kurtosis = 4.15, MValue = 2.19

// ** Remained 37 (47.4%) benchmark(s) to run. Estimated finish 2026-02-19 8:51 (0h 11m from now) **
// **************************
// Benchmark: Scenario1.S1_ReturnOptionStringErrorNoMessage_SimpleResults: .NET 10.0(Runtime=.NET 10.0, IterationTime=250ms) [Iterations=10]
// *** Execute ***
// Launch: 1 / 1
// Execute: dotnet "Enumerations.Options.Benchmarks-.NET 10.0-1.dll" --anonymousPipes 114 116 --benchmarkName "ReillyDigital.Enumerations.Options.Benchmarks.Scenarios.Scenario1.S1_ReturnOptionStringErrorNoMessage_SimpleResults(Iterations: 10)" --job ".NET 10.0" --benchmarkId 41 in /media/andrew/Slowverflow/x/devs/reilly-digital/dotnet/enumerations.options.benchmarks/bin/Debug/net10.0/Enumerations.Options.Benchmarks-.NET 10.0-1/bin/Release/net10.0
// Failed to set up high priority (Permission denied). In order to run benchmarks with high priority, make sure you have the right permissions.
// BeforeAnythingElse

// Benchmark Process Environment Information:
// BenchmarkDotNet v0.15.8
// Runtime=.NET 10.0.3 (10.0.3, 10.0.326.7603), X64 RyuJIT x86-64-v3
// GC=Concurrent Workstation
// HardwareIntrinsics=AVX2+BMI1+BMI2+F16C+FMA+LZCNT+MOVBE,AVX,SSE3+SSSE3+SSE4.1+SSE4.2+POPCNT,X86Base+SSE+SSE2,AES+PCLMUL VectorSize=256
// Job: .NET 10.0(IterationTime=250ms)

OverheadJitting  1: 1 op, 154343.00 ns, 154.3430 us/op
WorkloadJitting  1: 1 op, 6462272.00 ns, 6.4623 ms/op

OverheadJitting  2: 16 op, 218494.00 ns, 13.6559 us/op
WorkloadJitting  2: 16 op, 310578.00 ns, 19.4111 us/op

WorkloadPilot    1: 16 op, 132371.00 ns, 8.2732 us/op
WorkloadPilot    2: 30224 op, 143561707.00 ns, 4.7499 us/op
WorkloadPilot    3: 52640 op, 124996407.00 ns, 2.3746 us/op
WorkloadPilot    4: 105296 op, 138925334.00 ns, 1.3194 us/op
WorkloadPilot    5: 189488 op, 249658571.00 ns, 1.3175 us/op
WorkloadPilot    6: 189760 op, 243070570.00 ns, 1.2809 us/op
WorkloadPilot    7: 195184 op, 251811148.00 ns, 1.2901 us/op
WorkloadPilot    8: 193792 op, 249538042.00 ns, 1.2877 us/op
WorkloadPilot    9: 194160 op, 249869840.00 ns, 1.2869 us/op
WorkloadPilot   10: 194272 op, 249897563.00 ns, 1.2863 us/op
WorkloadPilot   11: 194352 op, 251537980.00 ns, 1.2942 us/op
WorkloadPilot   12: 193168 op, 242962325.00 ns, 1.2578 us/op
WorkloadPilot   13: 198768 op, 252736511.00 ns, 1.2715 us/op

OverheadWarmup   1: 198768 op, 565310.00 ns, 2.8441 ns/op
OverheadWarmup   2: 198768 op, 538731.00 ns, 2.7104 ns/op
OverheadWarmup   3: 198768 op, 534202.00 ns, 2.6876 ns/op
OverheadWarmup   4: 198768 op, 534493.00 ns, 2.6890 ns/op
OverheadWarmup   5: 198768 op, 548810.00 ns, 2.7611 ns/op
OverheadWarmup   6: 198768 op, 545393.00 ns, 2.7439 ns/op
OverheadWarmup   7: 198768 op, 535385.00 ns, 2.6935 ns/op
OverheadWarmup   8: 198768 op, 522590.00 ns, 2.6291 ns/op
OverheadWarmup   9: 198768 op, 557126.00 ns, 2.8029 ns/op
OverheadWarmup  10: 198768 op, 524354.00 ns, 2.6380 ns/op

OverheadActual   1: 198768 op, 753498.00 ns, 3.7908 ns/op
OverheadActual   2: 198768 op, 564840.00 ns, 2.8417 ns/op
OverheadActual   3: 198768 op, 545202.00 ns, 2.7429 ns/op
OverheadActual   4: 198768 op, 525565.00 ns, 2.6441 ns/op
OverheadActual   5: 198768 op, 526468.00 ns, 2.6487 ns/op
OverheadActual   6: 198768 op, 527369.00 ns, 2.6532 ns/op
OverheadActual   7: 198768 op, 526397.00 ns, 2.6483 ns/op
OverheadActual   8: 198768 op, 536517.00 ns, 2.6992 ns/op
OverheadActual   9: 198768 op, 530495.00 ns, 2.6689 ns/op
OverheadActual  10: 198768 op, 531677.00 ns, 2.6749 ns/op
OverheadActual  11: 198768 op, 532920.00 ns, 2.6811 ns/op
OverheadActual  12: 198768 op, 542258.00 ns, 2.7281 ns/op
OverheadActual  13: 198768 op, 541917.00 ns, 2.7264 ns/op
OverheadActual  14: 198768 op, 549721.00 ns, 2.7656 ns/op
OverheadActual  15: 198768 op, 532629.00 ns, 2.6797 ns/op

WorkloadWarmup   1: 198768 op, 265810078.00 ns, 1.3373 us/op
WorkloadWarmup   2: 198768 op, 260513083.00 ns, 1.3106 us/op
WorkloadWarmup   3: 198768 op, 250030645.00 ns, 1.2579 us/op
WorkloadWarmup   4: 198768 op, 249046019.00 ns, 1.2529 us/op
WorkloadWarmup   5: 198768 op, 249754822.00 ns, 1.2565 us/op
WorkloadWarmup   6: 198768 op, 249918432.00 ns, 1.2573 us/op
WorkloadWarmup   7: 198768 op, 252947320.00 ns, 1.2726 us/op
WorkloadWarmup   8: 198768 op, 253564369.00 ns, 1.2757 us/op
WorkloadWarmup   9: 198768 op, 256121935.00 ns, 1.2885 us/op
WorkloadWarmup  10: 198768 op, 253644831.00 ns, 1.2761 us/op
WorkloadWarmup  11: 198768 op, 255775228.00 ns, 1.2868 us/op
WorkloadWarmup  12: 198768 op, 253565060.00 ns, 1.2757 us/op

// BeforeActualRun
WorkloadActual   1: 198768 op, 257742885.00 ns, 1.2967 us/op
WorkloadActual   2: 198768 op, 255253218.00 ns, 1.2842 us/op
WorkloadActual   3: 198768 op, 258410600.00 ns, 1.3001 us/op
WorkloadActual   4: 198768 op, 256043977.00 ns, 1.2882 us/op
WorkloadActual   5: 198768 op, 258912731.00 ns, 1.3026 us/op
WorkloadActual   6: 198768 op, 261762741.00 ns, 1.3169 us/op
WorkloadActual   7: 198768 op, 254626501.00 ns, 1.2810 us/op
WorkloadActual   8: 198768 op, 260696099.00 ns, 1.3116 us/op
WorkloadActual   9: 198768 op, 261734718.00 ns, 1.3168 us/op
WorkloadActual  10: 198768 op, 268243788.00 ns, 1.3495 us/op
WorkloadActual  11: 198768 op, 265501593.00 ns, 1.3357 us/op
WorkloadActual  12: 198768 op, 270970244.00 ns, 1.3632 us/op
WorkloadActual  13: 198768 op, 267143564.00 ns, 1.3440 us/op
WorkloadActual  14: 198768 op, 263561919.00 ns, 1.3260 us/op
WorkloadActual  15: 198768 op, 261559536.00 ns, 1.3159 us/op

// AfterActualRun
WorkloadResult   1: 198768 op, 257209965.00 ns, 1.2940 us/op
WorkloadResult   2: 198768 op, 254720298.00 ns, 1.2815 us/op
WorkloadResult   3: 198768 op, 257877680.00 ns, 1.2974 us/op
WorkloadResult   4: 198768 op, 255511057.00 ns, 1.2855 us/op
WorkloadResult   5: 198768 op, 258379811.00 ns, 1.2999 us/op
WorkloadResult   6: 198768 op, 261229821.00 ns, 1.3142 us/op
WorkloadResult   7: 198768 op, 254093581.00 ns, 1.2783 us/op
WorkloadResult   8: 198768 op, 260163179.00 ns, 1.3089 us/op
WorkloadResult   9: 198768 op, 261201798.00 ns, 1.3141 us/op
WorkloadResult  10: 198768 op, 267710868.00 ns, 1.3469 us/op
WorkloadResult  11: 198768 op, 264968673.00 ns, 1.3331 us/op
WorkloadResult  12: 198768 op, 270437324.00 ns, 1.3606 us/op
WorkloadResult  13: 198768 op, 266610644.00 ns, 1.3413 us/op
WorkloadResult  14: 198768 op, 263028999.00 ns, 1.3233 us/op
WorkloadResult  15: 198768 op, 261026616.00 ns, 1.3132 us/op
// GC:  20 0 0 174915840 198768
// Threading:  0 0 198768

// AfterAll
// Benchmark Process 50488 has exited with code 0.

Mean = 1.313 μs, StdErr = 0.006 μs (0.48%), N = 15, StdDev = 0.025 μs
Min = 1.278 μs, Q1 = 1.296 μs, Median = 1.313 μs, Q3 = 1.328 μs, Max = 1.361 μs
IQR = 0.032 μs, LowerFence = 1.247 μs, UpperFence = 1.377 μs
ConfidenceInterval = [1.287 μs; 1.339 μs] (CI 99.9%), Margin = 0.026 μs (2.00% of Mean)
Skewness = 0.34, Kurtosis = 1.92, MValue = 2

// ** Remained 36 (46.2%) benchmark(s) to run. Estimated finish 2026-02-19 8:50 (0h 11m from now) **
// **************************
// Benchmark: Scenario1.S1_ReturnOptionStringErrorWithMessage_ArdalisResult: .NET 10.0(Runtime=.NET 10.0, IterationTime=250ms) [Iterations=10]
// *** Execute ***
// Launch: 1 / 1
// Execute: dotnet "Enumerations.Options.Benchmarks-.NET 10.0-1.dll" --anonymousPipes 114 116 --benchmarkName "ReillyDigital.Enumerations.Options.Benchmarks.Scenarios.Scenario1.S1_ReturnOptionStringErrorWithMessage_ArdalisResult(Iterations: 10)" --job ".NET 10.0" --benchmarkId 42 in /media/andrew/Slowverflow/x/devs/reilly-digital/dotnet/enumerations.options.benchmarks/bin/Debug/net10.0/Enumerations.Options.Benchmarks-.NET 10.0-1/bin/Release/net10.0
// Failed to set up high priority (Permission denied). In order to run benchmarks with high priority, make sure you have the right permissions.
// BeforeAnythingElse

// Benchmark Process Environment Information:
// BenchmarkDotNet v0.15.8
// Runtime=.NET 10.0.3 (10.0.3, 10.0.326.7603), X64 RyuJIT x86-64-v3
// GC=Concurrent Workstation
// HardwareIntrinsics=AVX2+BMI1+BMI2+F16C+FMA+LZCNT+MOVBE,AVX,SSE3+SSSE3+SSE4.1+SSE4.2+POPCNT,X86Base+SSE+SSE2,AES+PCLMUL VectorSize=256
// Job: .NET 10.0(IterationTime=250ms)

OverheadJitting  1: 1 op, 152850.00 ns, 152.8500 us/op
WorkloadJitting  1: 1 op, 2518712.00 ns, 2.5187 ms/op

OverheadJitting  2: 16 op, 196001.00 ns, 12.2501 us/op
WorkloadJitting  2: 16 op, 225797.00 ns, 14.1123 us/op

WorkloadPilot    1: 16 op, 38673.00 ns, 2.4171 us/op
WorkloadPilot    2: 103440 op, 51031716.00 ns, 493.3461 ns/op
WorkloadPilot    3: 506752 op, 154462287.00 ns, 304.8084 ns/op
WorkloadPilot    4: 820192 op, 119508520.00 ns, 145.7080 ns/op
WorkloadPilot    5: 1715776 op, 236798317.00 ns, 138.0124 ns/op
WorkloadPilot    6: 1811440 op, 251623913.00 ns, 138.9082 ns/op
WorkloadPilot    7: 1799760 op, 258264203.00 ns, 143.4992 ns/op
WorkloadPilot    8: 1742176 op, 244928690.00 ns, 140.5878 ns/op
WorkloadPilot    9: 1778256 op, 246037831.00 ns, 138.3591 ns/op
WorkloadPilot   10: 1806896 op, 260121130.00 ns, 143.9602 ns/op

OverheadWarmup   1: 1806896 op, 4496388.00 ns, 2.4885 ns/op
OverheadWarmup   2: 1806896 op, 4490196.00 ns, 2.4850 ns/op
OverheadWarmup   3: 1806896 op, 4602740.00 ns, 2.5473 ns/op
OverheadWarmup   4: 1806896 op, 4553586.00 ns, 2.5201 ns/op
OverheadWarmup   5: 1806896 op, 4672031.00 ns, 2.5857 ns/op
OverheadWarmup   6: 1806896 op, 4735501.00 ns, 2.6208 ns/op
OverheadWarmup   7: 1806896 op, 4799954.00 ns, 2.6565 ns/op
OverheadWarmup   8: 1806896 op, 4606867.00 ns, 2.5496 ns/op

OverheadActual   1: 1806896 op, 4485487.00 ns, 2.4824 ns/op
OverheadActual   2: 1806896 op, 4602098.00 ns, 2.5470 ns/op
OverheadActual   3: 1806896 op, 4548617.00 ns, 2.5174 ns/op
OverheadActual   4: 1806896 op, 4874384.00 ns, 2.6977 ns/op
OverheadActual   5: 1806896 op, 4524231.00 ns, 2.5039 ns/op
OverheadActual   6: 1806896 op, 4534009.00 ns, 2.5093 ns/op
OverheadActual   7: 1806896 op, 4523119.00 ns, 2.5033 ns/op
OverheadActual   8: 1806896 op, 4518310.00 ns, 2.5006 ns/op
OverheadActual   9: 1806896 op, 4534010.00 ns, 2.5093 ns/op
OverheadActual  10: 1806896 op, 4614351.00 ns, 2.5537 ns/op
OverheadActual  11: 1806896 op, 4612609.00 ns, 2.5528 ns/op
OverheadActual  12: 1806896 op, 4542275.00 ns, 2.5139 ns/op
OverheadActual  13: 1806896 op, 4588213.00 ns, 2.5393 ns/op
OverheadActual  14: 1806896 op, 4773763.00 ns, 2.6420 ns/op
OverheadActual  15: 1806896 op, 4658315.00 ns, 2.5781 ns/op

WorkloadWarmup   1: 1806896 op, 302825761.00 ns, 167.5945 ns/op
WorkloadWarmup   2: 1806896 op, 265292768.00 ns, 146.8224 ns/op
WorkloadWarmup   3: 1806896 op, 258459293.00 ns, 143.0405 ns/op
WorkloadWarmup   4: 1806896 op, 251783015.00 ns, 139.3456 ns/op
WorkloadWarmup   5: 1806896 op, 258650906.00 ns, 143.1465 ns/op
WorkloadWarmup   6: 1806896 op, 254457721.00 ns, 140.8259 ns/op
WorkloadWarmup   7: 1806896 op, 251960451.00 ns, 139.4438 ns/op
WorkloadWarmup   8: 1806896 op, 248431095.00 ns, 137.4905 ns/op
WorkloadWarmup   9: 1806896 op, 244526037.00 ns, 135.3293 ns/op
WorkloadWarmup  10: 1806896 op, 243373553.00 ns, 134.6915 ns/op
WorkloadWarmup  11: 1806896 op, 245528897.00 ns, 135.8844 ns/op
WorkloadWarmup  12: 1806896 op, 245657821.00 ns, 135.9557 ns/op
WorkloadWarmup  13: 1806896 op, 259219463.00 ns, 143.4612 ns/op
WorkloadWarmup  14: 1806896 op, 259066764.00 ns, 143.3767 ns/op

// BeforeActualRun
WorkloadActual   1: 1806896 op, 258492836.00 ns, 143.0591 ns/op
WorkloadActual   2: 1806896 op, 272495583.00 ns, 150.8087 ns/op
WorkloadActual   3: 1806896 op, 278280172.00 ns, 154.0101 ns/op
WorkloadActual   4: 1806896 op, 275251173.00 ns, 152.3337 ns/op
WorkloadActual   5: 1806896 op, 265172030.00 ns, 146.7556 ns/op
WorkloadActual   6: 1806896 op, 270098713.00 ns, 149.4822 ns/op
WorkloadActual   7: 1806896 op, 263429688.00 ns, 145.7913 ns/op
WorkloadActual   8: 1806896 op, 265562609.00 ns, 146.9717 ns/op
WorkloadActual   9: 1806896 op, 264905704.00 ns, 146.6082 ns/op
WorkloadActual  10: 1806896 op, 267209920.00 ns, 147.8834 ns/op
WorkloadActual  11: 1806896 op, 268429921.00 ns, 148.5586 ns/op
WorkloadActual  12: 1806896 op, 266813479.00 ns, 147.6640 ns/op
WorkloadActual  13: 1806896 op, 266654968.00 ns, 147.5763 ns/op
WorkloadActual  14: 1806896 op, 268690234.00 ns, 148.7027 ns/op
WorkloadActual  15: 1806896 op, 265848000.00 ns, 147.1297 ns/op

// AfterActualRun
WorkloadResult   1: 1806896 op, 253944219.00 ns, 140.5417 ns/op
WorkloadResult   2: 1806896 op, 267946966.00 ns, 148.2913 ns/op
WorkloadResult   3: 1806896 op, 270702556.00 ns, 149.8163 ns/op
WorkloadResult   4: 1806896 op, 260623413.00 ns, 144.2382 ns/op
WorkloadResult   5: 1806896 op, 265550096.00 ns, 146.9648 ns/op
WorkloadResult   6: 1806896 op, 258881071.00 ns, 143.2739 ns/op
WorkloadResult   7: 1806896 op, 261013992.00 ns, 144.4544 ns/op
WorkloadResult   8: 1806896 op, 260357087.00 ns, 144.0908 ns/op
WorkloadResult   9: 1806896 op, 262661303.00 ns, 145.3660 ns/op
WorkloadResult  10: 1806896 op, 263881304.00 ns, 146.0412 ns/op
WorkloadResult  11: 1806896 op, 262264862.00 ns, 145.1466 ns/op
WorkloadResult  12: 1806896 op, 262106351.00 ns, 145.0589 ns/op
WorkloadResult  13: 1806896 op, 264141617.00 ns, 146.1853 ns/op
WorkloadResult  14: 1806896 op, 261299383.00 ns, 144.6123 ns/op
// GC:  224 0 0 1879171840 1806896
// Threading:  0 0 1806896

// AfterAll
// Benchmark Process 50547 has exited with code 0.

Mean = 145.292 ns, StdErr = 0.593 ns (0.41%), N = 14, StdDev = 2.220 ns
Min = 140.542 ns, Q1 = 144.292 ns, Median = 145.103 ns, Q3 = 146.149 ns, Max = 149.816 ns
IQR = 1.857 ns, LowerFence = 141.507 ns, UpperFence = 148.935 ns
ConfidenceInterval = [142.787 ns; 147.796 ns] (CI 99.9%), Margin = 2.504 ns (1.72% of Mean)
Skewness = 0.04, Kurtosis = 3.06, MValue = 2

// ** Remained 35 (44.9%) benchmark(s) to run. Estimated finish 2026-02-19 8:50 (0h 10m from now) **
// **************************
// Benchmark: Scenario1.S1_ReturnOptionStringErrorWithMessage_EnumerationsOptions: .NET 10.0(Runtime=.NET 10.0, IterationTime=250ms) [Iterations=10]
// *** Execute ***
// Launch: 1 / 1
// Execute: dotnet "Enumerations.Options.Benchmarks-.NET 10.0-1.dll" --anonymousPipes 114 116 --benchmarkName "ReillyDigital.Enumerations.Options.Benchmarks.Scenarios.Scenario1.S1_ReturnOptionStringErrorWithMessage_EnumerationsOptions(Iterations: 10)" --job ".NET 10.0" --benchmarkId 43 in /media/andrew/Slowverflow/x/devs/reilly-digital/dotnet/enumerations.options.benchmarks/bin/Debug/net10.0/Enumerations.Options.Benchmarks-.NET 10.0-1/bin/Release/net10.0
// Failed to set up high priority (Permission denied). In order to run benchmarks with high priority, make sure you have the right permissions.
// BeforeAnythingElse

// Benchmark Process Environment Information:
// BenchmarkDotNet v0.15.8
// Runtime=.NET 10.0.3 (10.0.3, 10.0.326.7603), X64 RyuJIT x86-64-v3
// GC=Concurrent Workstation
// HardwareIntrinsics=AVX2+BMI1+BMI2+F16C+FMA+LZCNT+MOVBE,AVX,SSE3+SSSE3+SSE4.1+SSE4.2+POPCNT,X86Base+SSE+SSE2,AES+PCLMUL VectorSize=256
// Job: .NET 10.0(IterationTime=250ms)

OverheadJitting  1: 1 op, 159291.00 ns, 159.2910 us/op
WorkloadJitting  1: 1 op, 2484347.00 ns, 2.4843 ms/op

OverheadJitting  2: 16 op, 211761.00 ns, 13.2351 us/op
WorkloadJitting  2: 16 op, 288426.00 ns, 18.0266 us/op

WorkloadPilot    1: 16 op, 34746.00 ns, 2.1716 us/op
WorkloadPilot    2: 115136 op, 65879624.00 ns, 572.1896 ns/op
WorkloadPilot    3: 436928 op, 148654595.00 ns, 340.2268 ns/op
WorkloadPilot    4: 734816 op, 109337472.00 ns, 148.7957 ns/op
WorkloadPilot    5: 1680160 op, 243860396.00 ns, 145.1412 ns/op
WorkloadPilot    6: 1722464 op, 233488347.00 ns, 135.5548 ns/op
WorkloadPilot    7: 1844272 op, 244893423.00 ns, 132.7860 ns/op
WorkloadPilot    8: 1882736 op, 246896587.00 ns, 131.1371 ns/op
WorkloadPilot    9: 1906416 op, 247782807.00 ns, 129.9731 ns/op
WorkloadPilot   10: 1923488 op, 248437517.00 ns, 129.1599 ns/op
WorkloadPilot   11: 1935600 op, 250743856.00 ns, 129.5432 ns/op
WorkloadPilot   12: 1929872 op, 250563334.00 ns, 129.8342 ns/op
WorkloadPilot   13: 1925536 op, 251666804.00 ns, 130.6996 ns/op

OverheadWarmup   1: 1925536 op, 4917776.00 ns, 2.5540 ns/op
OverheadWarmup   2: 1925536 op, 4872370.00 ns, 2.5304 ns/op
OverheadWarmup   3: 1925536 op, 5090263.00 ns, 2.6436 ns/op
OverheadWarmup   4: 1925536 op, 5111834.00 ns, 2.6548 ns/op
OverheadWarmup   5: 1925536 op, 4990815.00 ns, 2.5919 ns/op
OverheadWarmup   6: 1925536 op, 4858504.00 ns, 2.5232 ns/op
OverheadWarmup   7: 1925536 op, 4846161.00 ns, 2.5168 ns/op
OverheadWarmup   8: 1925536 op, 4959075.00 ns, 2.5754 ns/op
OverheadWarmup   9: 1925536 op, 4882960.00 ns, 2.5359 ns/op

OverheadActual   1: 1925536 op, 5070526.00 ns, 2.6333 ns/op
OverheadActual   2: 1925536 op, 4856550.00 ns, 2.5222 ns/op
OverheadActual   3: 1925536 op, 4968322.00 ns, 2.5802 ns/op
OverheadActual   4: 1925536 op, 4965797.00 ns, 2.5789 ns/op
OverheadActual   5: 1925536 op, 4847373.00 ns, 2.5174 ns/op
OverheadActual   6: 1925536 op, 4862823.00 ns, 2.5254 ns/op
OverheadActual   7: 1925536 op, 4875466.00 ns, 2.5320 ns/op
OverheadActual   8: 1925536 op, 4926142.00 ns, 2.5583 ns/op
OverheadActual   9: 1925536 op, 4904111.00 ns, 2.5469 ns/op
OverheadActual  10: 1925536 op, 4823398.00 ns, 2.5050 ns/op
OverheadActual  11: 1925536 op, 4910273.00 ns, 2.5501 ns/op
OverheadActual  12: 1925536 op, 4846442.00 ns, 2.5169 ns/op
OverheadActual  13: 1925536 op, 4822727.00 ns, 2.5046 ns/op
OverheadActual  14: 1925536 op, 5647770.00 ns, 2.9331 ns/op
OverheadActual  15: 1925536 op, 4789343.00 ns, 2.4873 ns/op

WorkloadWarmup   1: 1925536 op, 267136180.00 ns, 138.7334 ns/op
WorkloadWarmup   2: 1925536 op, 265523686.00 ns, 137.8960 ns/op
WorkloadWarmup   3: 1925536 op, 263927181.00 ns, 137.0669 ns/op
WorkloadWarmup   4: 1925536 op, 249170155.00 ns, 129.4030 ns/op
WorkloadWarmup   5: 1925536 op, 258828461.00 ns, 134.4189 ns/op
WorkloadWarmup   6: 1925536 op, 259414793.00 ns, 134.7234 ns/op
WorkloadWarmup   7: 1925536 op, 253169942.00 ns, 131.4802 ns/op
WorkloadWarmup   8: 1925536 op, 257380539.00 ns, 133.6670 ns/op
WorkloadWarmup   9: 1925536 op, 261867659.00 ns, 135.9973 ns/op
WorkloadWarmup  10: 1925536 op, 257920832.00 ns, 133.9476 ns/op

// BeforeActualRun
WorkloadActual   1: 1925536 op, 250209544.00 ns, 129.9428 ns/op
WorkloadActual   2: 1925536 op, 285256979.00 ns, 148.1442 ns/op
WorkloadActual   3: 1925536 op, 287224897.00 ns, 149.1662 ns/op
WorkloadActual   4: 1925536 op, 278727499.00 ns, 144.7532 ns/op
WorkloadActual   5: 1925536 op, 287561685.00 ns, 149.3411 ns/op
WorkloadActual   6: 1925536 op, 294009680.00 ns, 152.6898 ns/op
WorkloadActual   7: 1925536 op, 289119546.00 ns, 150.1502 ns/op
WorkloadActual   8: 1925536 op, 290734836.00 ns, 150.9890 ns/op
WorkloadActual   9: 1925536 op, 292130800.00 ns, 151.7140 ns/op
WorkloadActual  10: 1925536 op, 269711259.00 ns, 140.0707 ns/op
WorkloadActual  11: 1925536 op, 277722776.00 ns, 144.2314 ns/op
WorkloadActual  12: 1925536 op, 283864271.00 ns, 147.4209 ns/op
WorkloadActual  13: 1925536 op, 290550908.00 ns, 150.8935 ns/op
WorkloadActual  14: 1925536 op, 286337616.00 ns, 148.7054 ns/op
WorkloadActual  15: 1925536 op, 291557675.00 ns, 151.4164 ns/op
WorkloadActual  16: 1925536 op, 295508118.00 ns, 153.4680 ns/op
WorkloadActual  17: 1925536 op, 319511151.00 ns, 165.9336 ns/op
WorkloadActual  18: 1925536 op, 259672351.00 ns, 134.8572 ns/op
WorkloadActual  19: 1925536 op, 264865879.00 ns, 137.5544 ns/op
WorkloadActual  20: 1925536 op, 250726954.00 ns, 130.2115 ns/op
WorkloadActual  21: 1925536 op, 263749975.00 ns, 136.9748 ns/op
WorkloadActual  22: 1925536 op, 262503795.00 ns, 136.3276 ns/op
WorkloadActual  23: 1925536 op, 276623894.00 ns, 143.6607 ns/op
WorkloadActual  24: 1925536 op, 264984544.00 ns, 137.6160 ns/op
WorkloadActual  25: 1925536 op, 262250725.00 ns, 136.1962 ns/op
WorkloadActual  26: 1925536 op, 267638542.00 ns, 138.9943 ns/op
WorkloadActual  27: 1925536 op, 262378066.00 ns, 136.2624 ns/op
WorkloadActual  28: 1925536 op, 264123453.00 ns, 137.1688 ns/op
WorkloadActual  29: 1925536 op, 268619811.00 ns, 139.5039 ns/op
WorkloadActual  30: 1925536 op, 270735058.00 ns, 140.6024 ns/op
WorkloadActual  31: 1925536 op, 269698745.00 ns, 140.0642 ns/op
WorkloadActual  32: 1925536 op, 249962455.00 ns, 129.8145 ns/op
WorkloadActual  33: 1925536 op, 248723248.00 ns, 129.1709 ns/op
WorkloadActual  34: 1925536 op, 254635549.00 ns, 132.2414 ns/op
WorkloadActual  35: 1925536 op, 252570587.00 ns, 131.1690 ns/op
WorkloadActual  36: 1925536 op, 250170570.00 ns, 129.9226 ns/op
WorkloadActual  37: 1925536 op, 260410319.00 ns, 135.2404 ns/op
WorkloadActual  38: 1925536 op, 264709703.00 ns, 137.4733 ns/op
WorkloadActual  39: 1925536 op, 264749208.00 ns, 137.4938 ns/op
WorkloadActual  40: 1925536 op, 268393011.00 ns, 139.3861 ns/op
WorkloadActual  41: 1925536 op, 251910566.00 ns, 130.8262 ns/op
WorkloadActual  42: 1925536 op, 253098517.00 ns, 131.4431 ns/op
WorkloadActual  43: 1925536 op, 266405175.00 ns, 138.3538 ns/op
WorkloadActual  44: 1925536 op, 267749442.00 ns, 139.0519 ns/op
WorkloadActual  45: 1925536 op, 266880025.00 ns, 138.6004 ns/op
WorkloadActual  46: 1925536 op, 265100133.00 ns, 137.6760 ns/op
WorkloadActual  47: 1925536 op, 270145711.00 ns, 140.2964 ns/op
WorkloadActual  48: 1925536 op, 270119191.00 ns, 140.2826 ns/op
WorkloadActual  49: 1925536 op, 267687975.00 ns, 139.0200 ns/op
WorkloadActual  50: 1925536 op, 265757258.00 ns, 138.0173 ns/op
WorkloadActual  51: 1925536 op, 262624403.00 ns, 136.3903 ns/op
WorkloadActual  52: 1925536 op, 262627359.00 ns, 136.3918 ns/op
WorkloadActual  53: 1925536 op, 264447256.00 ns, 137.3370 ns/op
WorkloadActual  54: 1925536 op, 269084612.00 ns, 139.7453 ns/op
WorkloadActual  55: 1925536 op, 265954040.00 ns, 138.1195 ns/op
WorkloadActual  56: 1925536 op, 255380950.00 ns, 132.6285 ns/op
WorkloadActual  57: 1925536 op, 252643344.00 ns, 131.2068 ns/op
WorkloadActual  58: 1925536 op, 267880360.00 ns, 139.1199 ns/op
WorkloadActual  59: 1925536 op, 273826655.00 ns, 142.2080 ns/op
WorkloadActual  60: 1925536 op, 265470404.00 ns, 137.8683 ns/op
WorkloadActual  61: 1925536 op, 263925087.00 ns, 137.0658 ns/op
WorkloadActual  62: 1925536 op, 266348477.00 ns, 138.3243 ns/op
WorkloadActual  63: 1925536 op, 257602779.00 ns, 133.7824 ns/op

// AfterActualRun
WorkloadResult   1: 1925536 op, 245334078.00 ns, 127.4108 ns/op
WorkloadResult   2: 1925536 op, 280381513.00 ns, 145.6122 ns/op
WorkloadResult   3: 1925536 op, 282349431.00 ns, 146.6342 ns/op
WorkloadResult   4: 1925536 op, 273852033.00 ns, 142.2212 ns/op
WorkloadResult   5: 1925536 op, 282686219.00 ns, 146.8091 ns/op
WorkloadResult   6: 1925536 op, 289134214.00 ns, 150.1578 ns/op
WorkloadResult   7: 1925536 op, 284244080.00 ns, 147.6182 ns/op
WorkloadResult   8: 1925536 op, 285859370.00 ns, 148.4570 ns/op
WorkloadResult   9: 1925536 op, 287255334.00 ns, 149.1820 ns/op
WorkloadResult  10: 1925536 op, 264835793.00 ns, 137.5387 ns/op
WorkloadResult  11: 1925536 op, 272847310.00 ns, 141.6994 ns/op
WorkloadResult  12: 1925536 op, 278988805.00 ns, 144.8889 ns/op
WorkloadResult  13: 1925536 op, 285675442.00 ns, 148.3615 ns/op
WorkloadResult  14: 1925536 op, 281462150.00 ns, 146.1734 ns/op
WorkloadResult  15: 1925536 op, 286682209.00 ns, 148.8844 ns/op
WorkloadResult  16: 1925536 op, 254796885.00 ns, 132.3252 ns/op
WorkloadResult  17: 1925536 op, 259990413.00 ns, 135.0224 ns/op
WorkloadResult  18: 1925536 op, 245851488.00 ns, 127.6795 ns/op
WorkloadResult  19: 1925536 op, 258874509.00 ns, 134.4428 ns/op
WorkloadResult  20: 1925536 op, 257628329.00 ns, 133.7956 ns/op
WorkloadResult  21: 1925536 op, 271748428.00 ns, 141.1287 ns/op
WorkloadResult  22: 1925536 op, 260109078.00 ns, 135.0840 ns/op
WorkloadResult  23: 1925536 op, 257375259.00 ns, 133.6642 ns/op
WorkloadResult  24: 1925536 op, 262763076.00 ns, 136.4623 ns/op
WorkloadResult  25: 1925536 op, 257502600.00 ns, 133.7303 ns/op
WorkloadResult  26: 1925536 op, 259247987.00 ns, 134.6368 ns/op
WorkloadResult  27: 1925536 op, 263744345.00 ns, 136.9719 ns/op
WorkloadResult  28: 1925536 op, 265859592.00 ns, 138.0704 ns/op
WorkloadResult  29: 1925536 op, 264823279.00 ns, 137.5322 ns/op
WorkloadResult  30: 1925536 op, 245086989.00 ns, 127.2825 ns/op
WorkloadResult  31: 1925536 op, 243847782.00 ns, 126.6389 ns/op
WorkloadResult  32: 1925536 op, 249760083.00 ns, 129.7094 ns/op
WorkloadResult  33: 1925536 op, 247695121.00 ns, 128.6370 ns/op
WorkloadResult  34: 1925536 op, 245295104.00 ns, 127.3906 ns/op
WorkloadResult  35: 1925536 op, 255534853.00 ns, 132.7084 ns/op
WorkloadResult  36: 1925536 op, 259834237.00 ns, 134.9413 ns/op
WorkloadResult  37: 1925536 op, 259873742.00 ns, 134.9618 ns/op
WorkloadResult  38: 1925536 op, 263517545.00 ns, 136.8541 ns/op
WorkloadResult  39: 1925536 op, 247035100.00 ns, 128.2942 ns/op
WorkloadResult  40: 1925536 op, 248223051.00 ns, 128.9111 ns/op
WorkloadResult  41: 1925536 op, 261529709.00 ns, 135.8218 ns/op
WorkloadResult  42: 1925536 op, 262873976.00 ns, 136.5199 ns/op
WorkloadResult  43: 1925536 op, 262004559.00 ns, 136.0684 ns/op
WorkloadResult  44: 1925536 op, 260224667.00 ns, 135.1440 ns/op
WorkloadResult  45: 1925536 op, 265270245.00 ns, 137.7644 ns/op
WorkloadResult  46: 1925536 op, 265243725.00 ns, 137.7506 ns/op
WorkloadResult  47: 1925536 op, 262812509.00 ns, 136.4880 ns/op
WorkloadResult  48: 1925536 op, 260881792.00 ns, 135.4853 ns/op
WorkloadResult  49: 1925536 op, 257748937.00 ns, 133.8583 ns/op
WorkloadResult  50: 1925536 op, 257751893.00 ns, 133.8598 ns/op
WorkloadResult  51: 1925536 op, 259571790.00 ns, 134.8050 ns/op
WorkloadResult  52: 1925536 op, 264209146.00 ns, 137.2133 ns/op
WorkloadResult  53: 1925536 op, 261078574.00 ns, 135.5875 ns/op
WorkloadResult  54: 1925536 op, 250505484.00 ns, 130.0965 ns/op
WorkloadResult  55: 1925536 op, 247767878.00 ns, 128.6748 ns/op
WorkloadResult  56: 1925536 op, 263004894.00 ns, 136.5879 ns/op
WorkloadResult  57: 1925536 op, 268951189.00 ns, 139.6760 ns/op
WorkloadResult  58: 1925536 op, 260594938.00 ns, 135.3363 ns/op
WorkloadResult  59: 1925536 op, 259049621.00 ns, 134.5338 ns/op
WorkloadResult  60: 1925536 op, 261473011.00 ns, 135.7923 ns/op
WorkloadResult  61: 1925536 op, 252727313.00 ns, 131.2504 ns/op
// GC:  349 0 0 2926814720 1925536
// Threading:  0 0 1925536

// AfterAll
// Benchmark Process 50600 has exited with code 0.

Mean = 136.669 ns, StdErr = 0.801 ns (0.59%), N = 61, StdDev = 6.257 ns
Min = 126.639 ns, Q1 = 133.730 ns, Median = 135.587 ns, Q3 = 138.070 ns, Max = 150.158 ns
IQR = 4.340 ns, LowerFence = 127.220 ns, UpperFence = 144.581 ns
ConfidenceInterval = [133.898 ns; 139.441 ns] (CI 99.9%), Margin = 2.772 ns (2.03% of Mean)
Skewness = 0.54, Kurtosis = 2.52, MValue = 2.14

// ** Remained 34 (43.6%) benchmark(s) to run. Estimated finish 2026-02-19 8:50 (0h 10m from now) **
// **************************
// Benchmark: Scenario1.S1_ReturnOptionStringErrorWithMessage_FluentResults: .NET 10.0(Runtime=.NET 10.0, IterationTime=250ms) [Iterations=10]
// *** Execute ***
// Launch: 1 / 1
// Execute: dotnet "Enumerations.Options.Benchmarks-.NET 10.0-1.dll" --anonymousPipes 114 116 --benchmarkName "ReillyDigital.Enumerations.Options.Benchmarks.Scenarios.Scenario1.S1_ReturnOptionStringErrorWithMessage_FluentResults(Iterations: 10)" --job ".NET 10.0" --benchmarkId 44 in /media/andrew/Slowverflow/x/devs/reilly-digital/dotnet/enumerations.options.benchmarks/bin/Debug/net10.0/Enumerations.Options.Benchmarks-.NET 10.0-1/bin/Release/net10.0
// Failed to set up high priority (Permission denied). In order to run benchmarks with high priority, make sure you have the right permissions.
// BeforeAnythingElse

// Benchmark Process Environment Information:
// BenchmarkDotNet v0.15.8
// Runtime=.NET 10.0.3 (10.0.3, 10.0.326.7603), X64 RyuJIT x86-64-v3
// GC=Concurrent Workstation
// HardwareIntrinsics=AVX2+BMI1+BMI2+F16C+FMA+LZCNT+MOVBE,AVX,SSE3+SSSE3+SSE4.1+SSE4.2+POPCNT,X86Base+SSE+SSE2,AES+PCLMUL VectorSize=256
// Job: .NET 10.0(IterationTime=250ms)

OverheadJitting  1: 1 op, 149784.00 ns, 149.7840 us/op
WorkloadJitting  1: 1 op, 2950169.00 ns, 2.9502 ms/op

OverheadJitting  2: 16 op, 252107.00 ns, 15.7567 us/op
WorkloadJitting  2: 16 op, 305759.00 ns, 19.1099 us/op

WorkloadPilot    1: 16 op, 69141.00 ns, 4.3213 us/op
WorkloadPilot    2: 57856 op, 121621343.00 ns, 2.1021 us/op
WorkloadPilot    3: 118928 op, 118487415.00 ns, 996.2954 ns/op
WorkloadPilot    4: 250944 op, 125974770.00 ns, 502.0035 ns/op
WorkloadPilot    5: 498016 op, 250115796.00 ns, 502.2244 ns/op
WorkloadPilot    6: 497792 op, 244508373.00 ns, 491.1858 ns/op
WorkloadPilot    7: 508976 op, 251471344.00 ns, 494.0731 ns/op
WorkloadPilot    8: 506000 op, 251348261.00 ns, 496.7357 ns/op

OverheadWarmup   1: 506000 op, 1267531.00 ns, 2.5050 ns/op
OverheadWarmup   2: 506000 op, 1264195.00 ns, 2.4984 ns/op
OverheadWarmup   3: 506000 op, 1261961.00 ns, 2.4940 ns/op
OverheadWarmup   4: 506000 op, 1295845.00 ns, 2.5610 ns/op
OverheadWarmup   5: 506000 op, 1256651.00 ns, 2.4835 ns/op
OverheadWarmup   6: 506000 op, 1287209.00 ns, 2.5439 ns/op
OverheadWarmup   7: 506000 op, 1818134.00 ns, 3.5932 ns/op
OverheadWarmup   8: 506000 op, 1301215.00 ns, 2.5716 ns/op

OverheadActual   1: 506000 op, 1289123.00 ns, 2.5477 ns/op
OverheadActual   2: 506000 op, 1279774.00 ns, 2.5292 ns/op
OverheadActual   3: 506000 op, 1275196.00 ns, 2.5202 ns/op
OverheadActual   4: 506000 op, 1262311.00 ns, 2.4947 ns/op
OverheadActual   5: 506000 op, 1284213.00 ns, 2.5380 ns/op
OverheadActual   6: 506000 op, 1284193.00 ns, 2.5379 ns/op
OverheadActual   7: 506000 op, 1280275.00 ns, 2.5302 ns/op
OverheadActual   8: 506000 op, 1262201.00 ns, 2.4945 ns/op
OverheadActual   9: 506000 op, 1271760.00 ns, 2.5134 ns/op
OverheadActual  10: 506000 op, 1290875.00 ns, 2.5511 ns/op
OverheadActual  11: 506000 op, 1259566.00 ns, 2.4893 ns/op
OverheadActual  12: 506000 op, 1286287.00 ns, 2.5421 ns/op
OverheadActual  13: 506000 op, 1270958.00 ns, 2.5118 ns/op
OverheadActual  14: 506000 op, 1295875.00 ns, 2.5610 ns/op
OverheadActual  15: 506000 op, 1263103.00 ns, 2.4963 ns/op

WorkloadWarmup   1: 506000 op, 256341100.00 ns, 506.6030 ns/op
WorkloadWarmup   2: 506000 op, 264542957.00 ns, 522.8122 ns/op
WorkloadWarmup   3: 506000 op, 256784039.00 ns, 507.4783 ns/op
WorkloadWarmup   4: 506000 op, 253485951.00 ns, 500.9604 ns/op
WorkloadWarmup   5: 506000 op, 258034117.00 ns, 509.9488 ns/op
WorkloadWarmup   6: 506000 op, 254761918.00 ns, 503.4821 ns/op

// BeforeActualRun
WorkloadActual   1: 506000 op, 256158293.00 ns, 506.2417 ns/op
WorkloadActual   2: 506000 op, 267650284.00 ns, 528.9531 ns/op
WorkloadActual   3: 506000 op, 269536077.00 ns, 532.6800 ns/op
WorkloadActual   4: 506000 op, 266149020.00 ns, 525.9862 ns/op
WorkloadActual   5: 506000 op, 270525201.00 ns, 534.6348 ns/op
WorkloadActual   6: 506000 op, 265813434.00 ns, 525.3230 ns/op
WorkloadActual   7: 506000 op, 269471824.00 ns, 532.5530 ns/op
WorkloadActual   8: 506000 op, 267164403.00 ns, 527.9929 ns/op
WorkloadActual   9: 506000 op, 267114318.00 ns, 527.8939 ns/op
WorkloadActual  10: 506000 op, 267529144.00 ns, 528.7137 ns/op
WorkloadActual  11: 506000 op, 273794404.00 ns, 541.0957 ns/op
WorkloadActual  12: 506000 op, 270102941.00 ns, 533.8003 ns/op
WorkloadActual  13: 506000 op, 267641187.00 ns, 528.9352 ns/op
WorkloadActual  14: 506000 op, 272315672.00 ns, 538.1733 ns/op
WorkloadActual  15: 506000 op, 266073427.00 ns, 525.8368 ns/op

// AfterActualRun
WorkloadResult   1: 506000 op, 254878519.00 ns, 503.7125 ns/op
WorkloadResult   2: 506000 op, 266370510.00 ns, 526.4239 ns/op
WorkloadResult   3: 506000 op, 268256303.00 ns, 530.1508 ns/op
WorkloadResult   4: 506000 op, 264869246.00 ns, 523.4570 ns/op
WorkloadResult   5: 506000 op, 269245427.00 ns, 532.1056 ns/op
WorkloadResult   6: 506000 op, 264533660.00 ns, 522.7938 ns/op
WorkloadResult   7: 506000 op, 268192050.00 ns, 530.0238 ns/op
WorkloadResult   8: 506000 op, 265884629.00 ns, 525.4637 ns/op
WorkloadResult   9: 506000 op, 265834544.00 ns, 525.3647 ns/op
WorkloadResult  10: 506000 op, 266249370.00 ns, 526.1845 ns/op
WorkloadResult  11: 506000 op, 272514630.00 ns, 538.5665 ns/op
WorkloadResult  12: 506000 op, 268823167.00 ns, 531.2711 ns/op
WorkloadResult  13: 506000 op, 266361413.00 ns, 526.4060 ns/op
WorkloadResult  14: 506000 op, 271035898.00 ns, 535.6441 ns/op
WorkloadResult  15: 506000 op, 264793653.00 ns, 523.3076 ns/op
// GC:  164 0 0 1376320000 506000
// Threading:  0 0 506000

// AfterAll
// Benchmark Process 50707 has exited with code 0.

Mean = 526.725 ns, StdErr = 2.028 ns (0.38%), N = 15, StdDev = 7.853 ns
Min = 503.712 ns, Q1 = 524.411 ns, Median = 526.406 ns, Q3 = 530.711 ns, Max = 538.566 ns
IQR = 6.300 ns, LowerFence = 514.961 ns, UpperFence = 540.161 ns
ConfidenceInterval = [518.330 ns; 535.120 ns] (CI 99.9%), Margin = 8.395 ns (1.59% of Mean)
Skewness = -1.33, Kurtosis = 5.41, MValue = 2

// ** Remained 33 (42.3%) benchmark(s) to run. Estimated finish 2026-02-19 8:50 (0h 10m from now) **
// **************************
// Benchmark: Scenario1.S1_ReturnOptionStringErrorWithMessage_LightResults: .NET 10.0(Runtime=.NET 10.0, IterationTime=250ms) [Iterations=10]
// *** Execute ***
// Launch: 1 / 1
// Execute: dotnet "Enumerations.Options.Benchmarks-.NET 10.0-1.dll" --anonymousPipes 114 116 --benchmarkName "ReillyDigital.Enumerations.Options.Benchmarks.Scenarios.Scenario1.S1_ReturnOptionStringErrorWithMessage_LightResults(Iterations: 10)" --job ".NET 10.0" --benchmarkId 45 in /media/andrew/Slowverflow/x/devs/reilly-digital/dotnet/enumerations.options.benchmarks/bin/Debug/net10.0/Enumerations.Options.Benchmarks-.NET 10.0-1/bin/Release/net10.0
// Failed to set up high priority (Permission denied). In order to run benchmarks with high priority, make sure you have the right permissions.
// BeforeAnythingElse

// Benchmark Process Environment Information:
// BenchmarkDotNet v0.15.8
// Runtime=.NET 10.0.3 (10.0.3, 10.0.326.7603), X64 RyuJIT x86-64-v3
// GC=Concurrent Workstation
// HardwareIntrinsics=AVX2+BMI1+BMI2+F16C+FMA+LZCNT+MOVBE,AVX,SSE3+SSSE3+SSE4.1+SSE4.2+POPCNT,X86Base+SSE+SSE2,AES+PCLMUL VectorSize=256
// Job: .NET 10.0(IterationTime=250ms)

OverheadJitting  1: 1 op, 149583.00 ns, 149.5830 us/op
WorkloadJitting  1: 1 op, 3528254.00 ns, 3.5283 ms/op

OverheadJitting  2: 16 op, 215428.00 ns, 13.4643 us/op
WorkloadJitting  2: 16 op, 223173.00 ns, 13.9483 us/op

WorkloadPilot    1: 16 op, 21530.00 ns, 1.3456 us/op
WorkloadPilot    2: 185792 op, 69076490.00 ns, 371.7947 ns/op
WorkloadPilot    3: 672416 op, 151655340.00 ns, 225.5380 ns/op
WorkloadPilot    4: 1108464 op, 122612490.00 ns, 110.6148 ns/op
WorkloadPilot    5: 2260096 op, 244593405.00 ns, 108.2226 ns/op
WorkloadPilot    6: 2310064 op, 250965105.00 ns, 108.6399 ns/op
WorkloadPilot    7: 2301184 op, 247787456.00 ns, 107.6782 ns/op
WorkloadPilot    8: 2321744 op, 249983555.00 ns, 107.6706 ns/op
WorkloadPilot    9: 2321904 op, 251255446.00 ns, 108.2110 ns/op
WorkloadPilot   10: 2310304 op, 264987189.00 ns, 114.6980 ns/op

OverheadWarmup   1: 2310304 op, 5867656.00 ns, 2.5398 ns/op
OverheadWarmup   2: 2310304 op, 6027689.00 ns, 2.6090 ns/op
OverheadWarmup   3: 2310304 op, 5774189.00 ns, 2.4993 ns/op
OverheadWarmup   4: 2310304 op, 5895188.00 ns, 2.5517 ns/op
OverheadWarmup   5: 2310304 op, 5772736.00 ns, 2.4987 ns/op

OverheadActual   1: 2310304 op, 5873357.00 ns, 2.5422 ns/op
OverheadActual   2: 2310304 op, 5895869.00 ns, 2.5520 ns/op
OverheadActual   3: 2310304 op, 5736287.00 ns, 2.4829 ns/op
OverheadActual   4: 2310304 op, 5802432.00 ns, 2.5115 ns/op
OverheadActual   5: 2310304 op, 5781092.00 ns, 2.5023 ns/op
OverheadActual   6: 2310304 op, 5801811.00 ns, 2.5113 ns/op
OverheadActual   7: 2310304 op, 5736578.00 ns, 2.4830 ns/op
OverheadActual   8: 2310304 op, 5807362.00 ns, 2.5137 ns/op
OverheadActual   9: 2310304 op, 5719736.00 ns, 2.4758 ns/op
OverheadActual  10: 2310304 op, 5798374.00 ns, 2.5098 ns/op
OverheadActual  11: 2310304 op, 5779689.00 ns, 2.5017 ns/op
OverheadActual  12: 2310304 op, 5856916.00 ns, 2.5351 ns/op
OverheadActual  13: 2310304 op, 5861053.00 ns, 2.5369 ns/op
OverheadActual  14: 2310304 op, 5998934.00 ns, 2.5966 ns/op
OverheadActual  15: 2310304 op, 5808203.00 ns, 2.5140 ns/op

WorkloadWarmup   1: 2310304 op, 262692051.00 ns, 113.7045 ns/op
WorkloadWarmup   2: 2310304 op, 260362828.00 ns, 112.6963 ns/op
WorkloadWarmup   3: 2310304 op, 261403330.00 ns, 113.1467 ns/op
WorkloadWarmup   4: 2310304 op, 254118379.00 ns, 109.9935 ns/op
WorkloadWarmup   5: 2310304 op, 254863580.00 ns, 110.3160 ns/op
WorkloadWarmup   6: 2310304 op, 260637880.00 ns, 112.8154 ns/op
WorkloadWarmup   7: 2310304 op, 258203908.00 ns, 111.7619 ns/op

// BeforeActualRun
WorkloadActual   1: 2310304 op, 256775653.00 ns, 111.1437 ns/op
WorkloadActual   2: 2310304 op, 278979386.00 ns, 120.7544 ns/op
WorkloadActual   3: 2310304 op, 273803681.00 ns, 118.5141 ns/op
WorkloadActual   4: 2310304 op, 270728045.00 ns, 117.1829 ns/op
WorkloadActual   5: 2310304 op, 269299278.00 ns, 116.5644 ns/op
WorkloadActual   6: 2310304 op, 270701885.00 ns, 117.1715 ns/op
WorkloadActual   7: 2310304 op, 274673779.00 ns, 118.8908 ns/op
WorkloadActual   8: 2310304 op, 277372922.00 ns, 120.0591 ns/op
WorkloadActual   9: 2310304 op, 272272661.00 ns, 117.8514 ns/op
WorkloadActual  10: 2310304 op, 267982262.00 ns, 115.9944 ns/op
WorkloadActual  11: 2310304 op, 276068752.00 ns, 119.4946 ns/op
WorkloadActual  12: 2310304 op, 271340355.00 ns, 117.4479 ns/op
WorkloadActual  13: 2310304 op, 276226481.00 ns, 119.5628 ns/op
WorkloadActual  14: 2310304 op, 280061897.00 ns, 121.2230 ns/op
WorkloadActual  15: 2310304 op, 275919119.00 ns, 119.4298 ns/op
WorkloadActual  16: 2310304 op, 276593767.00 ns, 119.7218 ns/op
WorkloadActual  17: 2310304 op, 269530877.00 ns, 116.6647 ns/op

// AfterActualRun
WorkloadResult   1: 2310304 op, 250973221.00 ns, 108.6321 ns/op
WorkloadResult   2: 2310304 op, 273176954.00 ns, 118.2429 ns/op
WorkloadResult   3: 2310304 op, 268001249.00 ns, 116.0026 ns/op
WorkloadResult   4: 2310304 op, 264925613.00 ns, 114.6713 ns/op
WorkloadResult   5: 2310304 op, 263496846.00 ns, 114.0529 ns/op
WorkloadResult   6: 2310304 op, 264899453.00 ns, 114.6600 ns/op
WorkloadResult   7: 2310304 op, 268871347.00 ns, 116.3792 ns/op
WorkloadResult   8: 2310304 op, 271570490.00 ns, 117.5475 ns/op
WorkloadResult   9: 2310304 op, 266470229.00 ns, 115.3399 ns/op
WorkloadResult  10: 2310304 op, 262179830.00 ns, 113.4828 ns/op
WorkloadResult  11: 2310304 op, 270266320.00 ns, 116.9830 ns/op
WorkloadResult  12: 2310304 op, 265537923.00 ns, 114.9364 ns/op
WorkloadResult  13: 2310304 op, 270424049.00 ns, 117.0513 ns/op
WorkloadResult  14: 2310304 op, 274259465.00 ns, 118.7114 ns/op
WorkloadResult  15: 2310304 op, 270116687.00 ns, 116.9182 ns/op
WorkloadResult  16: 2310304 op, 270791335.00 ns, 117.2103 ns/op
WorkloadResult  17: 2310304 op, 263728445.00 ns, 114.1531 ns/op
// GC:  154 0 0 1293770240 2310304
// Threading:  0 0 2310304

// AfterAll
// Benchmark Process 50754 has exited with code 0.

Mean = 115.587 ns, StdErr = 0.573 ns (0.50%), N = 17, StdDev = 2.363 ns
Min = 108.632 ns, Q1 = 114.660 ns, Median = 116.003 ns, Q3 = 117.051 ns, Max = 118.711 ns
IQR = 2.391 ns, LowerFence = 111.073 ns, UpperFence = 120.638 ns
ConfidenceInterval = [113.286 ns; 117.888 ns] (CI 99.9%), Margin = 2.301 ns (1.99% of Mean)
Skewness = -1.27, Kurtosis = 4.81, MValue = 2

// ** Remained 32 (41.0%) benchmark(s) to run. Estimated finish 2026-02-19 8:50 (0h 9m from now) **
// **************************
// Benchmark: Scenario1.S1_ReturnOptionStringErrorWithMessage_Rascal: .NET 10.0(Runtime=.NET 10.0, IterationTime=250ms) [Iterations=10]
// *** Execute ***
// Launch: 1 / 1
// Execute: dotnet "Enumerations.Options.Benchmarks-.NET 10.0-1.dll" --anonymousPipes 114 116 --benchmarkName "ReillyDigital.Enumerations.Options.Benchmarks.Scenarios.Scenario1.S1_ReturnOptionStringErrorWithMessage_Rascal(Iterations: 10)" --job ".NET 10.0" --benchmarkId 46 in /media/andrew/Slowverflow/x/devs/reilly-digital/dotnet/enumerations.options.benchmarks/bin/Debug/net10.0/Enumerations.Options.Benchmarks-.NET 10.0-1/bin/Release/net10.0
// Failed to set up high priority (Permission denied). In order to run benchmarks with high priority, make sure you have the right permissions.
// BeforeAnythingElse

// Benchmark Process Environment Information:
// BenchmarkDotNet v0.15.8
// Runtime=.NET 10.0.3 (10.0.3, 10.0.326.7603), X64 RyuJIT x86-64-v3
// GC=Concurrent Workstation
// HardwareIntrinsics=AVX2+BMI1+BMI2+F16C+FMA+LZCNT+MOVBE,AVX,SSE3+SSSE3+SSE4.1+SSE4.2+POPCNT,X86Base+SSE+SSE2,AES+PCLMUL VectorSize=256
// Job: .NET 10.0(IterationTime=250ms)

OverheadJitting  1: 1 op, 159051.00 ns, 159.0510 us/op
WorkloadJitting  1: 1 op, 2317320.00 ns, 2.3173 ms/op

OverheadJitting  2: 16 op, 211822.00 ns, 13.2389 us/op
WorkloadJitting  2: 16 op, 229394.00 ns, 14.3371 us/op

WorkloadPilot    1: 16 op, 4408.00 ns, 275.5000 ns/op
WorkloadPilot    2: 907456 op, 187141386.00 ns, 206.2264 ns/op
WorkloadPilot    3: 1212272 op, 55956806.00 ns, 46.1586 ns/op
WorkloadPilot    4: 5416112 op, 233008438.00 ns, 43.0213 ns/op
WorkloadPilot    5: 5811072 op, 259505024.00 ns, 44.6570 ns/op
WorkloadPilot    6: 5598240 op, 239062777.00 ns, 42.7032 ns/op
WorkloadPilot    7: 5854368 op, 248225916.00 ns, 42.4001 ns/op
WorkloadPilot    8: 5896224 op, 251216762.00 ns, 42.6064 ns/op
WorkloadPilot    9: 5867680 op, 248828277.00 ns, 42.4066 ns/op
WorkloadPilot   10: 5895312 op, 252956879.00 ns, 42.9081 ns/op

OverheadWarmup   1: 5895312 op, 14848069.00 ns, 2.5186 ns/op
OverheadWarmup   2: 5895312 op, 14830314.00 ns, 2.5156 ns/op
OverheadWarmup   3: 5895312 op, 14899726.00 ns, 2.5274 ns/op
OverheadWarmup   4: 5895312 op, 14935875.00 ns, 2.5335 ns/op
OverheadWarmup   5: 5895312 op, 14936776.00 ns, 2.5337 ns/op
OverheadWarmup   6: 5895312 op, 14781582.00 ns, 2.5073 ns/op
OverheadWarmup   7: 5895312 op, 14698696.00 ns, 2.4933 ns/op
OverheadWarmup   8: 5895312 op, 14973066.00 ns, 2.5398 ns/op
OverheadWarmup   9: 5895312 op, 15036335.00 ns, 2.5506 ns/op
OverheadWarmup  10: 5895312 op, 14986371.00 ns, 2.5421 ns/op

OverheadActual   1: 5895312 op, 14738722.00 ns, 2.5001 ns/op
OverheadActual   2: 5895312 op, 14669050.00 ns, 2.4883 ns/op
OverheadActual   3: 5895312 op, 14827329.00 ns, 2.5151 ns/op
OverheadActual   4: 5895312 op, 14902101.00 ns, 2.5278 ns/op
OverheadActual   5: 5895312 op, 14802132.00 ns, 2.5108 ns/op
OverheadActual   6: 5895312 op, 14867094.00 ns, 2.5219 ns/op
OverheadActual   7: 5895312 op, 15036335.00 ns, 2.5506 ns/op
OverheadActual   8: 5895312 op, 14766724.00 ns, 2.5048 ns/op
OverheadActual   9: 5895312 op, 14754081.00 ns, 2.5027 ns/op
OverheadActual  10: 5895312 op, 14791932.00 ns, 2.5091 ns/op
OverheadActual  11: 5895312 op, 14868487.00 ns, 2.5221 ns/op
OverheadActual  12: 5895312 op, 14779719.00 ns, 2.5070 ns/op
OverheadActual  13: 5895312 op, 14799317.00 ns, 2.5104 ns/op
OverheadActual  14: 5895312 op, 14650574.00 ns, 2.4851 ns/op
OverheadActual  15: 5895312 op, 14888234.00 ns, 2.5254 ns/op

WorkloadWarmup   1: 5895312 op, 266697790.00 ns, 45.2390 ns/op
WorkloadWarmup   2: 5895312 op, 314563958.00 ns, 53.3583 ns/op
WorkloadWarmup   3: 5895312 op, 308705951.00 ns, 52.3647 ns/op
WorkloadWarmup   4: 5895312 op, 320566310.00 ns, 54.3765 ns/op
WorkloadWarmup   5: 5895312 op, 302147437.00 ns, 51.2522 ns/op
WorkloadWarmup   6: 5895312 op, 299205032.00 ns, 50.7530 ns/op

// BeforeActualRun
WorkloadActual   1: 5895312 op, 261757150.00 ns, 44.4009 ns/op
WorkloadActual   2: 5895312 op, 270514239.00 ns, 45.8863 ns/op
WorkloadActual   3: 5895312 op, 275912436.00 ns, 46.8020 ns/op
WorkloadActual   4: 5895312 op, 297415813.00 ns, 50.4495 ns/op
WorkloadActual   5: 5895312 op, 283318737.00 ns, 48.0583 ns/op
WorkloadActual   6: 5895312 op, 296579348.00 ns, 50.3077 ns/op
WorkloadActual   7: 5895312 op, 323929521.00 ns, 54.9470 ns/op
WorkloadActual   8: 5895312 op, 284278294.00 ns, 48.2211 ns/op
WorkloadActual   9: 5895312 op, 293684284.00 ns, 49.8166 ns/op
WorkloadActual  10: 5895312 op, 304761860.00 ns, 51.6956 ns/op
WorkloadActual  11: 5895312 op, 285186485.00 ns, 48.3751 ns/op
WorkloadActual  12: 5895312 op, 281415692.00 ns, 47.7355 ns/op
WorkloadActual  13: 5895312 op, 289531437.00 ns, 49.1121 ns/op
WorkloadActual  14: 5895312 op, 291805203.00 ns, 49.4978 ns/op
WorkloadActual  15: 5895312 op, 290178573.00 ns, 49.2219 ns/op
WorkloadActual  16: 5895312 op, 286586317.00 ns, 48.6126 ns/op
WorkloadActual  17: 5895312 op, 282469598.00 ns, 47.9143 ns/op
WorkloadActual  18: 5895312 op, 299389512.00 ns, 50.7843 ns/op
WorkloadActual  19: 5895312 op, 323616578.00 ns, 54.8939 ns/op
WorkloadActual  20: 5895312 op, 257326477.00 ns, 43.6493 ns/op
WorkloadActual  21: 5895312 op, 257201419.00 ns, 43.6281 ns/op
WorkloadActual  22: 5895312 op, 277020145.00 ns, 46.9899 ns/op
WorkloadActual  23: 5895312 op, 318377293.00 ns, 54.0052 ns/op
WorkloadActual  24: 5895312 op, 327376331.00 ns, 55.5316 ns/op
WorkloadActual  25: 5895312 op, 344872686.00 ns, 58.4995 ns/op
WorkloadActual  26: 5895312 op, 298964908.00 ns, 50.7123 ns/op
WorkloadActual  27: 5895312 op, 314345796.00 ns, 53.3213 ns/op
WorkloadActual  28: 5895312 op, 260045508.00 ns, 44.1106 ns/op
WorkloadActual  29: 5895312 op, 260994805.00 ns, 44.2716 ns/op
WorkloadActual  30: 5895312 op, 300874605.00 ns, 51.0362 ns/op
WorkloadActual  31: 5895312 op, 321864619.00 ns, 54.5967 ns/op
WorkloadActual  32: 5895312 op, 293920882.00 ns, 49.8567 ns/op
WorkloadActual  33: 5895312 op, 256995960.00 ns, 43.5933 ns/op
WorkloadActual  34: 5895312 op, 293777149.00 ns, 49.8323 ns/op
WorkloadActual  35: 5895312 op, 316309275.00 ns, 53.6544 ns/op
WorkloadActual  36: 5895312 op, 260169623.00 ns, 44.1316 ns/op
WorkloadActual  37: 5895312 op, 260134697.00 ns, 44.1257 ns/op
WorkloadActual  38: 5895312 op, 304701515.00 ns, 51.6854 ns/op
WorkloadActual  39: 5895312 op, 339317702.00 ns, 57.5572 ns/op
WorkloadActual  40: 5895312 op, 332981609.00 ns, 56.4824 ns/op
WorkloadActual  41: 5895312 op, 257327057.00 ns, 43.6494 ns/op
WorkloadActual  42: 5895312 op, 296443120.00 ns, 50.2846 ns/op
WorkloadActual  43: 5895312 op, 328214889.00 ns, 55.6739 ns/op
WorkloadActual  44: 5895312 op, 307892040.00 ns, 52.2266 ns/op
WorkloadActual  45: 5895312 op, 307746443.00 ns, 52.2019 ns/op
WorkloadActual  46: 5895312 op, 318623700.00 ns, 54.0470 ns/op
WorkloadActual  47: 5895312 op, 320452003.00 ns, 54.3571 ns/op
WorkloadActual  48: 5895312 op, 327577702.00 ns, 55.5658 ns/op
WorkloadActual  49: 5895312 op, 279651279.00 ns, 47.4362 ns/op
WorkloadActual  50: 5895312 op, 291162706.00 ns, 49.3889 ns/op
WorkloadActual  51: 5895312 op, 323358660.00 ns, 54.8501 ns/op
WorkloadActual  52: 5895312 op, 261371960.00 ns, 44.3356 ns/op
WorkloadActual  53: 5895312 op, 258542760.00 ns, 43.8557 ns/op
WorkloadActual  54: 5895312 op, 293356863.00 ns, 49.7610 ns/op
WorkloadActual  55: 5895312 op, 337362329.00 ns, 57.2255 ns/op
WorkloadActual  56: 5895312 op, 311494764.00 ns, 52.8377 ns/op
WorkloadActual  57: 5895312 op, 312805858.00 ns, 53.0601 ns/op
WorkloadActual  58: 5895312 op, 314499957.00 ns, 53.3475 ns/op
WorkloadActual  59: 5895312 op, 320223120.00 ns, 54.3183 ns/op
WorkloadActual  60: 5895312 op, 275787910.00 ns, 46.7809 ns/op
WorkloadActual  61: 5895312 op, 251647919.00 ns, 42.6861 ns/op
WorkloadActual  62: 5895312 op, 281515881.00 ns, 47.7525 ns/op
WorkloadActual  63: 5895312 op, 314042040.00 ns, 53.2698 ns/op
WorkloadActual  64: 5895312 op, 283099352.00 ns, 48.0211 ns/op
WorkloadActual  65: 5895312 op, 251211031.00 ns, 42.6120 ns/op
WorkloadActual  66: 5895312 op, 295002931.00 ns, 50.0403 ns/op
WorkloadActual  67: 5895312 op, 331757381.00 ns, 56.2748 ns/op
WorkloadActual  68: 5895312 op, 253106472.00 ns, 42.9335 ns/op
WorkloadActual  69: 5895312 op, 258425418.00 ns, 43.8357 ns/op
WorkloadActual  70: 5895312 op, 306609449.00 ns, 52.0090 ns/op
WorkloadActual  71: 5895312 op, 314330766.00 ns, 53.3188 ns/op
WorkloadActual  72: 5895312 op, 293943034.00 ns, 49.8605 ns/op
WorkloadActual  73: 5895312 op, 256913524.00 ns, 43.5793 ns/op
WorkloadActual  74: 5895312 op, 291837895.00 ns, 49.5034 ns/op
WorkloadActual  75: 5895312 op, 328075035.00 ns, 55.6502 ns/op
WorkloadActual  76: 5895312 op, 321487144.00 ns, 54.5327 ns/op
WorkloadActual  77: 5895312 op, 329569906.00 ns, 55.9037 ns/op
WorkloadActual  78: 5895312 op, 325952203.00 ns, 55.2901 ns/op
WorkloadActual  79: 5895312 op, 325043251.00 ns, 55.1359 ns/op
WorkloadActual  80: 5895312 op, 304254438.00 ns, 51.6096 ns/op
WorkloadActual  81: 5895312 op, 317892054.00 ns, 53.9229 ns/op
WorkloadActual  82: 5895312 op, 322032577.00 ns, 54.6252 ns/op
WorkloadActual  83: 5895312 op, 322785354.00 ns, 54.7529 ns/op
WorkloadActual  84: 5895312 op, 321167689.00 ns, 54.4785 ns/op
WorkloadActual  85: 5895312 op, 326102578.00 ns, 55.3156 ns/op
WorkloadActual  86: 5895312 op, 297151071.00 ns, 50.4046 ns/op
WorkloadActual  87: 5895312 op, 318862722.00 ns, 54.0875 ns/op
WorkloadActual  88: 5895312 op, 304579974.00 ns, 51.6648 ns/op
WorkloadActual  89: 5895312 op, 325820804.00 ns, 55.2678 ns/op
WorkloadActual  90: 5895312 op, 358851879.00 ns, 60.8707 ns/op
WorkloadActual  91: 5895312 op, 309336797.00 ns, 52.4717 ns/op
WorkloadActual  92: 5895312 op, 330820014.00 ns, 56.1158 ns/op
WorkloadActual  93: 5895312 op, 276389961.00 ns, 46.8830 ns/op
WorkloadActual  94: 5895312 op, 258222003.00 ns, 43.8012 ns/op
WorkloadActual  95: 5895312 op, 312747728.00 ns, 53.0502 ns/op
WorkloadActual  96: 5895312 op, 345999972.00 ns, 58.6907 ns/op
WorkloadActual  97: 5895312 op, 262141628.00 ns, 44.4661 ns/op
WorkloadActual  98: 5895312 op, 316840752.00 ns, 53.7445 ns/op
WorkloadActual  99: 5895312 op, 357193026.00 ns, 60.5893 ns/op
WorkloadActual  100: 5895312 op, 350478797.00 ns, 59.4504 ns/op

// AfterActualRun
WorkloadResult   1: 5895312 op, 246957833.00 ns, 41.8905 ns/op
WorkloadResult   2: 5895312 op, 255714922.00 ns, 43.3760 ns/op
WorkloadResult   3: 5895312 op, 261113119.00 ns, 44.2917 ns/op
WorkloadResult   4: 5895312 op, 282616496.00 ns, 47.9392 ns/op
WorkloadResult   5: 5895312 op, 268519420.00 ns, 45.5480 ns/op
WorkloadResult   6: 5895312 op, 281780031.00 ns, 47.7973 ns/op
WorkloadResult   7: 5895312 op, 309130204.00 ns, 52.4366 ns/op
WorkloadResult   8: 5895312 op, 269478977.00 ns, 45.7107 ns/op
WorkloadResult   9: 5895312 op, 278884967.00 ns, 47.3062 ns/op
WorkloadResult  10: 5895312 op, 289962543.00 ns, 49.1853 ns/op
WorkloadResult  11: 5895312 op, 270387168.00 ns, 45.8648 ns/op
WorkloadResult  12: 5895312 op, 266616375.00 ns, 45.2252 ns/op
WorkloadResult  13: 5895312 op, 274732120.00 ns, 46.6018 ns/op
WorkloadResult  14: 5895312 op, 277005886.00 ns, 46.9875 ns/op
WorkloadResult  15: 5895312 op, 275379256.00 ns, 46.7116 ns/op
WorkloadResult  16: 5895312 op, 271787000.00 ns, 46.1022 ns/op
WorkloadResult  17: 5895312 op, 267670281.00 ns, 45.4039 ns/op
WorkloadResult  18: 5895312 op, 284590195.00 ns, 48.2740 ns/op
WorkloadResult  19: 5895312 op, 308817261.00 ns, 52.3835 ns/op
WorkloadResult  20: 5895312 op, 242527160.00 ns, 41.1390 ns/op
WorkloadResult  21: 5895312 op, 242402102.00 ns, 41.1178 ns/op
WorkloadResult  22: 5895312 op, 262220828.00 ns, 44.4796 ns/op
WorkloadResult  23: 5895312 op, 303577976.00 ns, 51.4948 ns/op
WorkloadResult  24: 5895312 op, 312577014.00 ns, 53.0213 ns/op
WorkloadResult  25: 5895312 op, 330073369.00 ns, 55.9891 ns/op
WorkloadResult  26: 5895312 op, 284165591.00 ns, 48.2020 ns/op
WorkloadResult  27: 5895312 op, 299546479.00 ns, 50.8110 ns/op
WorkloadResult  28: 5895312 op, 245246191.00 ns, 41.6002 ns/op
WorkloadResult  29: 5895312 op, 246195488.00 ns, 41.7612 ns/op
WorkloadResult  30: 5895312 op, 286075288.00 ns, 48.5259 ns/op
WorkloadResult  31: 5895312 op, 307065302.00 ns, 52.0864 ns/op
WorkloadResult  32: 5895312 op, 279121565.00 ns, 47.3464 ns/op
WorkloadResult  33: 5895312 op, 242196643.00 ns, 41.0829 ns/op
WorkloadResult  34: 5895312 op, 278977832.00 ns, 47.3220 ns/op
WorkloadResult  35: 5895312 op, 301509958.00 ns, 51.1440 ns/op
WorkloadResult  36: 5895312 op, 245370306.00 ns, 41.6213 ns/op
WorkloadResult  37: 5895312 op, 245335380.00 ns, 41.6153 ns/op
WorkloadResult  38: 5895312 op, 289902198.00 ns, 49.1750 ns/op
WorkloadResult  39: 5895312 op, 324518385.00 ns, 55.0469 ns/op
WorkloadResult  40: 5895312 op, 318182292.00 ns, 53.9721 ns/op
WorkloadResult  41: 5895312 op, 242527740.00 ns, 41.1391 ns/op
WorkloadResult  42: 5895312 op, 281643803.00 ns, 47.7742 ns/op
WorkloadResult  43: 5895312 op, 313415572.00 ns, 53.1635 ns/op
WorkloadResult  44: 5895312 op, 293092723.00 ns, 49.7162 ns/op
WorkloadResult  45: 5895312 op, 292947126.00 ns, 49.6915 ns/op
WorkloadResult  46: 5895312 op, 303824383.00 ns, 51.5366 ns/op
WorkloadResult  47: 5895312 op, 305652686.00 ns, 51.8467 ns/op
WorkloadResult  48: 5895312 op, 312778385.00 ns, 53.0554 ns/op
WorkloadResult  49: 5895312 op, 264851962.00 ns, 44.9259 ns/op
WorkloadResult  50: 5895312 op, 276363389.00 ns, 46.8785 ns/op
WorkloadResult  51: 5895312 op, 308559343.00 ns, 52.3398 ns/op
WorkloadResult  52: 5895312 op, 246572643.00 ns, 41.8252 ns/op
WorkloadResult  53: 5895312 op, 243743443.00 ns, 41.3453 ns/op
WorkloadResult  54: 5895312 op, 278557546.00 ns, 47.2507 ns/op
WorkloadResult  55: 5895312 op, 322563012.00 ns, 54.7152 ns/op
WorkloadResult  56: 5895312 op, 296695447.00 ns, 50.3274 ns/op
WorkloadResult  57: 5895312 op, 298006541.00 ns, 50.5497 ns/op
WorkloadResult  58: 5895312 op, 299700640.00 ns, 50.8371 ns/op
WorkloadResult  59: 5895312 op, 305423803.00 ns, 51.8079 ns/op
WorkloadResult  60: 5895312 op, 260988593.00 ns, 44.2705 ns/op
WorkloadResult  61: 5895312 op, 236848602.00 ns, 40.1758 ns/op
WorkloadResult  62: 5895312 op, 266716564.00 ns, 45.2421 ns/op
WorkloadResult  63: 5895312 op, 299242723.00 ns, 50.7594 ns/op
WorkloadResult  64: 5895312 op, 268300035.00 ns, 45.5107 ns/op
WorkloadResult  65: 5895312 op, 236411714.00 ns, 40.1016 ns/op
WorkloadResult  66: 5895312 op, 280203614.00 ns, 47.5299 ns/op
WorkloadResult  67: 5895312 op, 316958064.00 ns, 53.7644 ns/op
WorkloadResult  68: 5895312 op, 238307155.00 ns, 40.4232 ns/op
WorkloadResult  69: 5895312 op, 243626101.00 ns, 41.3254 ns/op
WorkloadResult  70: 5895312 op, 291810132.00 ns, 49.4987 ns/op
WorkloadResult  71: 5895312 op, 299531449.00 ns, 50.8084 ns/op
WorkloadResult  72: 5895312 op, 279143717.00 ns, 47.3501 ns/op
WorkloadResult  73: 5895312 op, 242114207.00 ns, 41.0689 ns/op
WorkloadResult  74: 5895312 op, 277038578.00 ns, 46.9930 ns/op
WorkloadResult  75: 5895312 op, 313275718.00 ns, 53.1398 ns/op
WorkloadResult  76: 5895312 op, 306687827.00 ns, 52.0223 ns/op
WorkloadResult  77: 5895312 op, 314770589.00 ns, 53.3934 ns/op
WorkloadResult  78: 5895312 op, 311152886.00 ns, 52.7797 ns/op
WorkloadResult  79: 5895312 op, 310243934.00 ns, 52.6255 ns/op
WorkloadResult  80: 5895312 op, 289455121.00 ns, 49.0992 ns/op
WorkloadResult  81: 5895312 op, 303092737.00 ns, 51.4125 ns/op
WorkloadResult  82: 5895312 op, 307233260.00 ns, 52.1148 ns/op
WorkloadResult  83: 5895312 op, 307986037.00 ns, 52.2425 ns/op
WorkloadResult  84: 5895312 op, 306368372.00 ns, 51.9681 ns/op
WorkloadResult  85: 5895312 op, 311303261.00 ns, 52.8052 ns/op
WorkloadResult  86: 5895312 op, 282351754.00 ns, 47.8943 ns/op
WorkloadResult  87: 5895312 op, 304063405.00 ns, 51.5772 ns/op
WorkloadResult  88: 5895312 op, 289780657.00 ns, 49.1544 ns/op
WorkloadResult  89: 5895312 op, 311021487.00 ns, 52.7574 ns/op
WorkloadResult  90: 5895312 op, 344052562.00 ns, 58.3604 ns/op
WorkloadResult  91: 5895312 op, 294537480.00 ns, 49.9613 ns/op
WorkloadResult  92: 5895312 op, 316020697.00 ns, 53.6054 ns/op
WorkloadResult  93: 5895312 op, 261590644.00 ns, 44.3727 ns/op
WorkloadResult  94: 5895312 op, 243422686.00 ns, 41.2909 ns/op
WorkloadResult  95: 5895312 op, 297948411.00 ns, 50.5399 ns/op
WorkloadResult  96: 5895312 op, 331200655.00 ns, 56.1803 ns/op
WorkloadResult  97: 5895312 op, 247342311.00 ns, 41.9558 ns/op
WorkloadResult  98: 5895312 op, 302041435.00 ns, 51.2342 ns/op
WorkloadResult  99: 5895312 op, 342393709.00 ns, 58.0790 ns/op
WorkloadResult  100: 5895312 op, 335679480.00 ns, 56.9401 ns/op
// GC:  169 0 0 1414874880 5895312
// Threading:  0 0 5895312

// AfterAll
// Benchmark Process 50807 has exited with code 0.

Mean = 48.406 ns, StdErr = 0.460 ns (0.95%), N = 100, StdDev = 4.601 ns
Min = 40.102 ns, Q1 = 45.238 ns, Median = 48.813 ns, Q3 = 52.038 ns, Max = 58.360 ns
IQR = 6.800 ns, LowerFence = 35.037 ns, UpperFence = 62.239 ns
ConfidenceInterval = [46.846 ns; 49.967 ns] (CI 99.9%), Margin = 1.560 ns (3.22% of Mean)
Skewness = -0.13, Kurtosis = 2.12, MValue = 4.34

// ** Remained 31 (39.7%) benchmark(s) to run. Estimated finish 2026-02-19 8:50 (0h 9m from now) **
// **************************
// Benchmark: Scenario1.S1_ReturnOptionStringErrorWithMessage_SimpleResults: .NET 10.0(Runtime=.NET 10.0, IterationTime=250ms) [Iterations=10]
// *** Execute ***
// Launch: 1 / 1
// Execute: dotnet "Enumerations.Options.Benchmarks-.NET 10.0-1.dll" --anonymousPipes 114 116 --benchmarkName "ReillyDigital.Enumerations.Options.Benchmarks.Scenarios.Scenario1.S1_ReturnOptionStringErrorWithMessage_SimpleResults(Iterations: 10)" --job ".NET 10.0" --benchmarkId 47 in /media/andrew/Slowverflow/x/devs/reilly-digital/dotnet/enumerations.options.benchmarks/bin/Debug/net10.0/Enumerations.Options.Benchmarks-.NET 10.0-1/bin/Release/net10.0
// Failed to set up high priority (Permission denied). In order to run benchmarks with high priority, make sure you have the right permissions.
// BeforeAnythingElse

// Benchmark Process Environment Information:
// BenchmarkDotNet v0.15.8
// Runtime=.NET 10.0.3 (10.0.3, 10.0.326.7603), X64 RyuJIT x86-64-v3
// GC=Concurrent Workstation
// HardwareIntrinsics=AVX2+BMI1+BMI2+F16C+FMA+LZCNT+MOVBE,AVX,SSE3+SSSE3+SSE4.1+SSE4.2+POPCNT,X86Base+SSE+SSE2,AES+PCLMUL VectorSize=256
// Job: .NET 10.0(IterationTime=250ms)

OverheadJitting  1: 1 op, 166906.00 ns, 166.9060 us/op
WorkloadJitting  1: 1 op, 8072343.00 ns, 8.0723 ms/op

OverheadJitting  2: 16 op, 249513.00 ns, 15.5946 us/op
WorkloadJitting  2: 16 op, 278508.00 ns, 17.4068 us/op

WorkloadPilot    1: 16 op, 103165.00 ns, 6.4478 us/op
WorkloadPilot    2: 38784 op, 140905596.00 ns, 3.6331 us/op
WorkloadPilot    3: 68816 op, 112316596.00 ns, 1.6321 us/op
WorkloadPilot    4: 153184 op, 136145297.00 ns, 888.7697 ns/op
WorkloadPilot    5: 281296 op, 237056717.00 ns, 842.7305 ns/op
WorkloadPilot    6: 296656 op, 290432754.00 ns, 979.0220 ns/op
WorkloadPilot    7: 255360 op, 229292408.00 ns, 897.9183 ns/op
WorkloadPilot    8: 278432 op, 234077162.00 ns, 840.6978 ns/op
WorkloadPilot    9: 297376 op, 251260926.00 ns, 844.9267 ns/op
WorkloadPilot   10: 295888 op, 246428722.00 ns, 832.8446 ns/op
WorkloadPilot   11: 300176 op, 267104721.00 ns, 889.8270 ns/op

OverheadWarmup   1: 300176 op, 759038.00 ns, 2.5286 ns/op
OverheadWarmup   2: 300176 op, 769107.00 ns, 2.5622 ns/op
OverheadWarmup   3: 300176 op, 778996.00 ns, 2.5951 ns/op
OverheadWarmup   4: 300176 op, 766772.00 ns, 2.5544 ns/op
OverheadWarmup   5: 300176 op, 758818.00 ns, 2.5279 ns/op
OverheadWarmup   6: 300176 op, 765991.00 ns, 2.5518 ns/op
OverheadWarmup   7: 300176 op, 773245.00 ns, 2.5760 ns/op
OverheadWarmup   8: 300176 op, 784536.00 ns, 2.6136 ns/op
OverheadWarmup   9: 300176 op, 760070.00 ns, 2.5321 ns/op

OverheadActual   1: 300176 op, 779407.00 ns, 2.5965 ns/op
OverheadActual   2: 300176 op, 978854.00 ns, 3.2609 ns/op
OverheadActual   3: 300176 op, 816396.00 ns, 2.7197 ns/op
OverheadActual   4: 300176 op, 784887.00 ns, 2.6148 ns/op
OverheadActual   5: 300176 op, 766532.00 ns, 2.5536 ns/op
OverheadActual   6: 300176 op, 790819.00 ns, 2.6345 ns/op
OverheadActual   7: 300176 op, 756673.00 ns, 2.5208 ns/op
OverheadActual   8: 300176 op, 764909.00 ns, 2.5482 ns/op
OverheadActual   9: 300176 op, 806919.00 ns, 2.6882 ns/op
OverheadActual  10: 300176 op, 760160.00 ns, 2.5324 ns/op
OverheadActual  11: 300176 op, 772804.00 ns, 2.5745 ns/op
OverheadActual  12: 300176 op, 771982.00 ns, 2.5718 ns/op
OverheadActual  13: 300176 op, 784707.00 ns, 2.6142 ns/op
OverheadActual  14: 300176 op, 760952.00 ns, 2.5350 ns/op
OverheadActual  15: 300176 op, 807580.00 ns, 2.6904 ns/op

WorkloadWarmup   1: 300176 op, 297742051.00 ns, 991.8916 ns/op
WorkloadWarmup   2: 300176 op, 255460872.00 ns, 851.0370 ns/op
WorkloadWarmup   3: 300176 op, 281530008.00 ns, 937.8831 ns/op
WorkloadWarmup   4: 300176 op, 278860280.00 ns, 928.9893 ns/op
WorkloadWarmup   5: 300176 op, 274447661.00 ns, 914.2892 ns/op
WorkloadWarmup   6: 300176 op, 283301093.00 ns, 943.7833 ns/op
WorkloadWarmup   7: 300176 op, 305270613.00 ns, 1.0170 us/op
WorkloadWarmup   8: 300176 op, 322873691.00 ns, 1.0756 us/op
WorkloadWarmup   9: 300176 op, 289390921.00 ns, 964.0708 ns/op

// BeforeActualRun
WorkloadActual   1: 300176 op, 285230258.00 ns, 950.2101 ns/op
WorkloadActual   2: 300176 op, 279472580.00 ns, 931.0291 ns/op
WorkloadActual   3: 300176 op, 280482504.00 ns, 934.3935 ns/op
WorkloadActual   4: 300176 op, 295393642.00 ns, 984.0682 ns/op
WorkloadActual   5: 300176 op, 297286056.00 ns, 990.3725 ns/op
WorkloadActual   6: 300176 op, 327044161.00 ns, 1.0895 us/op
WorkloadActual   7: 300176 op, 321920806.00 ns, 1.0724 us/op
WorkloadActual   8: 300176 op, 299394020.00 ns, 997.3949 ns/op
WorkloadActual   9: 300176 op, 282491910.00 ns, 941.0876 ns/op
WorkloadActual  10: 300176 op, 275294566.00 ns, 917.1105 ns/op
WorkloadActual  11: 300176 op, 298981839.00 ns, 996.0218 ns/op
WorkloadActual  12: 300176 op, 299730638.00 ns, 998.5163 ns/op
WorkloadActual  13: 300176 op, 302546583.00 ns, 1.0079 us/op
WorkloadActual  14: 300176 op, 305427971.00 ns, 1.0175 us/op
WorkloadActual  15: 300176 op, 267792985.00 ns, 892.1199 ns/op
WorkloadActual  16: 300176 op, 292217204.00 ns, 973.4862 ns/op
WorkloadActual  17: 300176 op, 292207105.00 ns, 973.4526 ns/op
WorkloadActual  18: 300176 op, 273449169.00 ns, 910.9628 ns/op
WorkloadActual  19: 300176 op, 290289904.00 ns, 967.0657 ns/op
WorkloadActual  20: 300176 op, 295151633.00 ns, 983.2619 ns/op
WorkloadActual  21: 300176 op, 289518642.00 ns, 964.4963 ns/op
WorkloadActual  22: 300176 op, 270465567.00 ns, 901.0233 ns/op
WorkloadActual  23: 300176 op, 270697507.00 ns, 901.7960 ns/op
WorkloadActual  24: 300176 op, 309685938.00 ns, 1.0317 us/op
WorkloadActual  25: 300176 op, 288265588.00 ns, 960.3219 ns/op
WorkloadActual  26: 300176 op, 272769131.00 ns, 908.6973 ns/op
WorkloadActual  27: 300176 op, 277486969.00 ns, 924.4142 ns/op
WorkloadActual  28: 300176 op, 288853241.00 ns, 962.2796 ns/op
WorkloadActual  29: 300176 op, 276387075.00 ns, 920.7501 ns/op
WorkloadActual  30: 300176 op, 270328317.00 ns, 900.5661 ns/op
WorkloadActual  31: 300176 op, 267587325.00 ns, 891.4348 ns/op
WorkloadActual  32: 300176 op, 275856641.00 ns, 918.9830 ns/op
WorkloadActual  33: 300176 op, 273048621.00 ns, 909.6284 ns/op
WorkloadActual  34: 300176 op, 308034769.00 ns, 1.0262 us/op
WorkloadActual  35: 300176 op, 290024821.00 ns, 966.1826 ns/op
WorkloadActual  36: 300176 op, 286239040.00 ns, 953.5707 ns/op
WorkloadActual  37: 300176 op, 280898311.00 ns, 935.7787 ns/op
WorkloadActual  38: 300176 op, 278818532.00 ns, 928.8502 ns/op
WorkloadActual  39: 300176 op, 262452768.00 ns, 874.3296 ns/op
WorkloadActual  40: 300176 op, 276116383.00 ns, 919.8483 ns/op
WorkloadActual  41: 300176 op, 278490199.00 ns, 927.7564 ns/op
WorkloadActual  42: 300176 op, 275932334.00 ns, 919.2352 ns/op
WorkloadActual  43: 300176 op, 283434507.00 ns, 944.2277 ns/op
WorkloadActual  44: 300176 op, 279176890.00 ns, 930.0440 ns/op
WorkloadActual  45: 300176 op, 291042660.00 ns, 969.5734 ns/op
WorkloadActual  46: 300176 op, 274535167.00 ns, 914.5807 ns/op
WorkloadActual  47: 300176 op, 296585179.00 ns, 988.0376 ns/op
WorkloadActual  48: 300176 op, 307555041.00 ns, 1.0246 us/op
WorkloadActual  49: 300176 op, 274456678.00 ns, 914.3192 ns/op
WorkloadActual  50: 300176 op, 289693343.00 ns, 965.0783 ns/op
WorkloadActual  51: 300176 op, 285907050.00 ns, 952.4647 ns/op
WorkloadActual  52: 300176 op, 273866170.00 ns, 912.3520 ns/op
WorkloadActual  53: 300176 op, 286120314.00 ns, 953.1752 ns/op
WorkloadActual  54: 300176 op, 275330173.00 ns, 917.2291 ns/op
WorkloadActual  55: 300176 op, 299546149.00 ns, 997.9017 ns/op
WorkloadActual  56: 300176 op, 335269284.00 ns, 1.1169 us/op
WorkloadActual  57: 300176 op, 296905265.00 ns, 989.1039 ns/op
WorkloadActual  58: 300176 op, 308175897.00 ns, 1.0267 us/op
WorkloadActual  59: 300176 op, 304129261.00 ns, 1.0132 us/op
WorkloadActual  60: 300176 op, 276100613.00 ns, 919.7958 ns/op
WorkloadActual  61: 300176 op, 266639889.00 ns, 888.2785 ns/op
WorkloadActual  62: 300176 op, 257040985.00 ns, 856.3009 ns/op
WorkloadActual  63: 300176 op, 289096613.00 ns, 963.0904 ns/op
WorkloadActual  64: 300176 op, 267791291.00 ns, 892.1143 ns/op
WorkloadActual  65: 300176 op, 253338452.00 ns, 843.9664 ns/op
WorkloadActual  66: 300176 op, 258609156.00 ns, 861.5251 ns/op
WorkloadActual  67: 300176 op, 250949435.00 ns, 836.0077 ns/op
WorkloadActual  68: 300176 op, 250188754.00 ns, 833.4735 ns/op
WorkloadActual  69: 300176 op, 254012758.00 ns, 846.2127 ns/op
WorkloadActual  70: 300176 op, 252764815.00 ns, 842.0554 ns/op
WorkloadActual  71: 300176 op, 260855131.00 ns, 869.0073 ns/op
WorkloadActual  72: 300176 op, 265491945.00 ns, 884.4543 ns/op
WorkloadActual  73: 300176 op, 264548699.00 ns, 881.3120 ns/op
WorkloadActual  74: 300176 op, 252729127.00 ns, 841.9365 ns/op
WorkloadActual  75: 300176 op, 268815752.00 ns, 895.5271 ns/op
WorkloadActual  76: 300176 op, 413858024.00 ns, 1.3787 us/op
WorkloadActual  77: 300176 op, 362695991.00 ns, 1.2083 us/op
WorkloadActual  78: 300176 op, 318616626.00 ns, 1.0614 us/op
WorkloadActual  79: 300176 op, 272259917.00 ns, 907.0009 ns/op
WorkloadActual  80: 300176 op, 253482093.00 ns, 844.4449 ns/op
WorkloadActual  81: 300176 op, 249299690.00 ns, 830.5117 ns/op
WorkloadActual  82: 300176 op, 265115141.00 ns, 883.1990 ns/op
WorkloadActual  83: 300176 op, 268284505.00 ns, 893.7573 ns/op
WorkloadActual  84: 300176 op, 263564935.00 ns, 878.0347 ns/op
WorkloadActual  85: 300176 op, 247394942.00 ns, 824.1663 ns/op
WorkloadActual  86: 300176 op, 250413681.00 ns, 834.2229 ns/op
WorkloadActual  87: 300176 op, 250882048.00 ns, 835.7832 ns/op
WorkloadActual  88: 300176 op, 253458749.00 ns, 844.3671 ns/op
WorkloadActual  89: 300176 op, 263762388.00 ns, 878.6925 ns/op
WorkloadActual  90: 300176 op, 268772650.00 ns, 895.3835 ns/op
WorkloadActual  91: 300176 op, 267613134.00 ns, 891.5208 ns/op
WorkloadActual  92: 300176 op, 263099613.00 ns, 876.4845 ns/op
WorkloadActual  93: 300176 op, 263828544.00 ns, 878.9129 ns/op
WorkloadActual  94: 300176 op, 257385178.00 ns, 857.4476 ns/op
WorkloadActual  95: 300176 op, 274208989.00 ns, 913.4940 ns/op
WorkloadActual  96: 300176 op, 265389391.00 ns, 884.1126 ns/op
WorkloadActual  97: 300176 op, 269540555.00 ns, 897.9417 ns/op
WorkloadActual  98: 300176 op, 270409140.00 ns, 900.8353 ns/op
WorkloadActual  99: 300176 op, 254421002.00 ns, 847.5728 ns/op
WorkloadActual  100: 300176 op, 251041050.00 ns, 836.3129 ns/op

// AfterActualRun
WorkloadResult   1: 300176 op, 284450851.00 ns, 947.6136 ns/op
WorkloadResult   2: 300176 op, 278693173.00 ns, 928.4326 ns/op
WorkloadResult   3: 300176 op, 279703097.00 ns, 931.7970 ns/op
WorkloadResult   4: 300176 op, 294614235.00 ns, 981.4717 ns/op
WorkloadResult   5: 300176 op, 296506649.00 ns, 987.7760 ns/op
WorkloadResult   6: 300176 op, 326264754.00 ns, 1.0869 us/op
WorkloadResult   7: 300176 op, 321141399.00 ns, 1.0698 us/op
WorkloadResult   8: 300176 op, 298614613.00 ns, 994.7984 ns/op
WorkloadResult   9: 300176 op, 281712503.00 ns, 938.4911 ns/op
WorkloadResult  10: 300176 op, 274515159.00 ns, 914.5140 ns/op
WorkloadResult  11: 300176 op, 298202432.00 ns, 993.4253 ns/op
WorkloadResult  12: 300176 op, 298951231.00 ns, 995.9198 ns/op
WorkloadResult  13: 300176 op, 301767176.00 ns, 1.0053 us/op
WorkloadResult  14: 300176 op, 304648564.00 ns, 1.0149 us/op
WorkloadResult  15: 300176 op, 267013578.00 ns, 889.5234 ns/op
WorkloadResult  16: 300176 op, 291437797.00 ns, 970.8897 ns/op
WorkloadResult  17: 300176 op, 291427698.00 ns, 970.8561 ns/op
WorkloadResult  18: 300176 op, 272669762.00 ns, 908.3663 ns/op
WorkloadResult  19: 300176 op, 289510497.00 ns, 964.4692 ns/op
WorkloadResult  20: 300176 op, 294372226.00 ns, 980.6654 ns/op
WorkloadResult  21: 300176 op, 288739235.00 ns, 961.8998 ns/op
WorkloadResult  22: 300176 op, 269686160.00 ns, 898.4268 ns/op
WorkloadResult  23: 300176 op, 269918100.00 ns, 899.1995 ns/op
WorkloadResult  24: 300176 op, 308906531.00 ns, 1.0291 us/op
WorkloadResult  25: 300176 op, 287486181.00 ns, 957.7254 ns/op
WorkloadResult  26: 300176 op, 271989724.00 ns, 906.1008 ns/op
WorkloadResult  27: 300176 op, 276707562.00 ns, 921.8177 ns/op
WorkloadResult  28: 300176 op, 288073834.00 ns, 959.6831 ns/op
WorkloadResult  29: 300176 op, 275607668.00 ns, 918.1536 ns/op
WorkloadResult  30: 300176 op, 269548910.00 ns, 897.9696 ns/op
WorkloadResult  31: 300176 op, 266807918.00 ns, 888.8383 ns/op
WorkloadResult  32: 300176 op, 275077234.00 ns, 916.3865 ns/op
WorkloadResult  33: 300176 op, 272269214.00 ns, 907.0319 ns/op
WorkloadResult  34: 300176 op, 307255362.00 ns, 1.0236 us/op
WorkloadResult  35: 300176 op, 289245414.00 ns, 963.5861 ns/op
WorkloadResult  36: 300176 op, 285459633.00 ns, 950.9742 ns/op
WorkloadResult  37: 300176 op, 280118904.00 ns, 933.1822 ns/op
WorkloadResult  38: 300176 op, 278039125.00 ns, 926.2537 ns/op
WorkloadResult  39: 300176 op, 261673361.00 ns, 871.7331 ns/op
WorkloadResult  40: 300176 op, 275336976.00 ns, 917.2518 ns/op
WorkloadResult  41: 300176 op, 277710792.00 ns, 925.1599 ns/op
WorkloadResult  42: 300176 op, 275152927.00 ns, 916.6387 ns/op
WorkloadResult  43: 300176 op, 282655100.00 ns, 941.6312 ns/op
WorkloadResult  44: 300176 op, 278397483.00 ns, 927.4475 ns/op
WorkloadResult  45: 300176 op, 290263253.00 ns, 966.9769 ns/op
WorkloadResult  46: 300176 op, 273755760.00 ns, 911.9842 ns/op
WorkloadResult  47: 300176 op, 295805772.00 ns, 985.4411 ns/op
WorkloadResult  48: 300176 op, 306775634.00 ns, 1.0220 us/op
WorkloadResult  49: 300176 op, 273677271.00 ns, 911.7227 ns/op
WorkloadResult  50: 300176 op, 288913936.00 ns, 962.4818 ns/op
WorkloadResult  51: 300176 op, 285127643.00 ns, 949.8682 ns/op
WorkloadResult  52: 300176 op, 273086763.00 ns, 909.7555 ns/op
WorkloadResult  53: 300176 op, 285340907.00 ns, 950.5787 ns/op
WorkloadResult  54: 300176 op, 274550766.00 ns, 914.6326 ns/op
WorkloadResult  55: 300176 op, 298766742.00 ns, 995.3052 ns/op
WorkloadResult  56: 300176 op, 296125858.00 ns, 986.5074 ns/op
WorkloadResult  57: 300176 op, 307396490.00 ns, 1.0241 us/op
WorkloadResult  58: 300176 op, 303349854.00 ns, 1.0106 us/op
WorkloadResult  59: 300176 op, 275321206.00 ns, 917.1993 ns/op
WorkloadResult  60: 300176 op, 265860482.00 ns, 885.6820 ns/op
WorkloadResult  61: 300176 op, 256261578.00 ns, 853.7044 ns/op
WorkloadResult  62: 300176 op, 288317206.00 ns, 960.4939 ns/op
WorkloadResult  63: 300176 op, 267011884.00 ns, 889.5178 ns/op
WorkloadResult  64: 300176 op, 252559045.00 ns, 841.3699 ns/op
WorkloadResult  65: 300176 op, 257829749.00 ns, 858.9286 ns/op
WorkloadResult  66: 300176 op, 250170028.00 ns, 833.4112 ns/op
WorkloadResult  67: 300176 op, 249409347.00 ns, 830.8770 ns/op
WorkloadResult  68: 300176 op, 253233351.00 ns, 843.6162 ns/op
WorkloadResult  69: 300176 op, 251985408.00 ns, 839.4589 ns/op
WorkloadResult  70: 300176 op, 260075724.00 ns, 866.4108 ns/op
WorkloadResult  71: 300176 op, 264712538.00 ns, 881.8578 ns/op
WorkloadResult  72: 300176 op, 263769292.00 ns, 878.7155 ns/op
WorkloadResult  73: 300176 op, 251949720.00 ns, 839.3400 ns/op
WorkloadResult  74: 300176 op, 268036345.00 ns, 892.9306 ns/op
WorkloadResult  75: 300176 op, 317837219.00 ns, 1.0588 us/op
WorkloadResult  76: 300176 op, 271480510.00 ns, 904.4044 ns/op
WorkloadResult  77: 300176 op, 252702686.00 ns, 841.8484 ns/op
WorkloadResult  78: 300176 op, 248520283.00 ns, 827.9152 ns/op
WorkloadResult  79: 300176 op, 264335734.00 ns, 880.6025 ns/op
WorkloadResult  80: 300176 op, 267505098.00 ns, 891.1608 ns/op
WorkloadResult  81: 300176 op, 262785528.00 ns, 875.4382 ns/op
WorkloadResult  82: 300176 op, 246615535.00 ns, 821.5698 ns/op
WorkloadResult  83: 300176 op, 249634274.00 ns, 831.6264 ns/op
WorkloadResult  84: 300176 op, 250102641.00 ns, 833.1867 ns/op
WorkloadResult  85: 300176 op, 252679342.00 ns, 841.7706 ns/op
WorkloadResult  86: 300176 op, 262982981.00 ns, 876.0960 ns/op
WorkloadResult  87: 300176 op, 267993243.00 ns, 892.7870 ns/op
WorkloadResult  88: 300176 op, 266833727.00 ns, 888.9243 ns/op
WorkloadResult  89: 300176 op, 262320206.00 ns, 873.8880 ns/op
WorkloadResult  90: 300176 op, 263049137.00 ns, 876.3164 ns/op
WorkloadResult  91: 300176 op, 256605771.00 ns, 854.8511 ns/op
WorkloadResult  92: 300176 op, 273429582.00 ns, 910.8975 ns/op
WorkloadResult  93: 300176 op, 264609984.00 ns, 881.5161 ns/op
WorkloadResult  94: 300176 op, 268761148.00 ns, 895.3452 ns/op
WorkloadResult  95: 300176 op, 269629733.00 ns, 898.2388 ns/op
WorkloadResult  96: 300176 op, 253641595.00 ns, 844.9763 ns/op
WorkloadResult  97: 300176 op, 250261643.00 ns, 833.7164 ns/op
// GC:  31 0 0 264154880 300176
// Threading:  0 0 300176

// AfterAll
// Benchmark Process 50983 has exited with code 0.

Mean = 921.516 ns, StdErr = 6.105 ns (0.66%), N = 97, StdDev = 60.130 ns
Min = 821.570 ns, Q1 = 880.602 ns, Median = 914.514 ns, Q3 = 962.482 ns, Max = 1,086.912 ns
IQR = 81.879 ns, LowerFence = 757.784 ns, UpperFence = 1,085.301 ns
ConfidenceInterval = [900.790 ns; 942.242 ns] (CI 99.9%), Margin = 20.726 ns (2.25% of Mean)
Skewness = 0.45, Kurtosis = 2.64, MValue = 3.07

// ** Remained 30 (38.5%) benchmark(s) to run. Estimated finish 2026-02-19 8:51 (0h 9m from now) **
// **************************
// Benchmark: Scenario1.S1_ReturnOptionStringNone_ArdalisResult: .NET 10.0(Runtime=.NET 10.0, IterationTime=250ms) [Iterations=10]
// *** Execute ***
// Launch: 1 / 1
// Execute: dotnet "Enumerations.Options.Benchmarks-.NET 10.0-1.dll" --anonymousPipes 114 116 --benchmarkName "ReillyDigital.Enumerations.Options.Benchmarks.Scenarios.Scenario1.S1_ReturnOptionStringNone_ArdalisResult(Iterations: 10)" --job ".NET 10.0" --benchmarkId 48 in /media/andrew/Slowverflow/x/devs/reilly-digital/dotnet/enumerations.options.benchmarks/bin/Debug/net10.0/Enumerations.Options.Benchmarks-.NET 10.0-1/bin/Release/net10.0
// Failed to set up high priority (Permission denied). In order to run benchmarks with high priority, make sure you have the right permissions.
// BeforeAnythingElse

// Benchmark Process Environment Information:
// BenchmarkDotNet v0.15.8
// Runtime=.NET 10.0.3 (10.0.3, 10.0.326.7603), X64 RyuJIT x86-64-v3
// GC=Concurrent Workstation
// HardwareIntrinsics=AVX2+BMI1+BMI2+F16C+FMA+LZCNT+MOVBE,AVX,SSE3+SSSE3+SSE4.1+SSE4.2+POPCNT,X86Base+SSE+SSE2,AES+PCLMUL VectorSize=256
// Job: .NET 10.0(IterationTime=250ms)

OverheadJitting  1: 1 op, 210859.00 ns, 210.8590 us/op
WorkloadJitting  1: 1 op, 2430474.00 ns, 2.4305 ms/op

OverheadJitting  2: 16 op, 306470.00 ns, 19.1544 us/op
WorkloadJitting  2: 16 op, 304507.00 ns, 19.0317 us/op

WorkloadPilot    1: 16 op, 45967.00 ns, 2.8729 us/op
WorkloadPilot    2: 87024 op, 44930908.00 ns, 516.3048 ns/op
WorkloadPilot    3: 484224 op, 135479106.00 ns, 279.7860 ns/op
WorkloadPilot    4: 893552 op, 112309011.00 ns, 125.6883 ns/op
WorkloadPilot    5: 1989056 op, 224877775.00 ns, 113.0575 ns/op
WorkloadPilot    6: 2211264 op, 260734212.00 ns, 117.9118 ns/op
WorkloadPilot    7: 2120240 op, 210098958.00 ns, 99.0921 ns/op
WorkloadPilot    8: 2522912 op, 235243151.00 ns, 93.2427 ns/op
WorkloadPilot    9: 2681184 op, 254225842.00 ns, 94.8185 ns/op
WorkloadPilot   10: 2636624 op, 242771072.00 ns, 92.0765 ns/op
WorkloadPilot   11: 2715136 op, 239233370.00 ns, 88.1110 ns/op
WorkloadPilot   12: 2837344 op, 242639804.00 ns, 85.5165 ns/op
WorkloadPilot   13: 2923424 op, 264109596.00 ns, 90.3426 ns/op

OverheadWarmup   1: 2923424 op, 8686756.00 ns, 2.9714 ns/op
OverheadWarmup   2: 2923424 op, 8663182.00 ns, 2.9634 ns/op
OverheadWarmup   3: 2923424 op, 8173123.00 ns, 2.7957 ns/op
OverheadWarmup   4: 2923424 op, 8168244.00 ns, 2.7941 ns/op
OverheadWarmup   5: 2923424 op, 8176610.00 ns, 2.7969 ns/op
OverheadWarmup   6: 2923424 op, 8134821.00 ns, 2.7826 ns/op
OverheadWarmup   7: 2923424 op, 8178053.00 ns, 2.7974 ns/op
OverheadWarmup   8: 2923424 op, 8119502.00 ns, 2.7774 ns/op

OverheadActual   1: 2923424 op, 8119722.00 ns, 2.7775 ns/op
OverheadActual   2: 2923424 op, 8147465.00 ns, 2.7870 ns/op
OverheadActual   3: 2923424 op, 8162453.00 ns, 2.7921 ns/op
OverheadActual   4: 2923424 op, 8194794.00 ns, 2.8031 ns/op
OverheadActual   5: 2923424 op, 8088894.00 ns, 2.7669 ns/op
OverheadActual   6: 2923424 op, 8103502.00 ns, 2.7719 ns/op
OverheadActual   7: 2923424 op, 8111046.00 ns, 2.7745 ns/op
OverheadActual   8: 2923424 op, 8062864.00 ns, 2.7580 ns/op
OverheadActual   9: 2923424 op, 8168675.00 ns, 2.7942 ns/op
OverheadActual  10: 2923424 op, 8115544.00 ns, 2.7760 ns/op
OverheadActual  11: 2923424 op, 8134701.00 ns, 2.7826 ns/op
OverheadActual  12: 2923424 op, 8118129.00 ns, 2.7769 ns/op
OverheadActual  13: 2923424 op, 8127066.00 ns, 2.7800 ns/op
OverheadActual  14: 2923424 op, 8085427.00 ns, 2.7657 ns/op
OverheadActual  15: 2923424 op, 8087752.00 ns, 2.7665 ns/op

WorkloadWarmup   1: 2923424 op, 273304966.00 ns, 93.4880 ns/op
WorkloadWarmup   2: 2923424 op, 261227566.00 ns, 89.3567 ns/op
WorkloadWarmup   3: 2923424 op, 255664808.00 ns, 87.4539 ns/op
WorkloadWarmup   4: 2923424 op, 270512186.00 ns, 92.5327 ns/op
WorkloadWarmup   5: 2923424 op, 262184349.00 ns, 89.6840 ns/op
WorkloadWarmup   6: 2923424 op, 250561751.00 ns, 85.7083 ns/op
WorkloadWarmup   7: 2923424 op, 247537131.00 ns, 84.6737 ns/op
WorkloadWarmup   8: 2923424 op, 243919107.00 ns, 83.4361 ns/op
WorkloadWarmup   9: 2923424 op, 244891849.00 ns, 83.7688 ns/op
WorkloadWarmup  10: 2923424 op, 242313906.00 ns, 82.8870 ns/op

// BeforeActualRun
WorkloadActual   1: 2923424 op, 248721395.00 ns, 85.0788 ns/op
WorkloadActual   2: 2923424 op, 329921603.00 ns, 112.8545 ns/op
WorkloadActual   3: 2923424 op, 282245022.00 ns, 96.5460 ns/op
WorkloadActual   4: 2923424 op, 280811757.00 ns, 96.0558 ns/op
WorkloadActual   5: 2923424 op, 270763522.00 ns, 92.6186 ns/op
WorkloadActual   6: 2923424 op, 289146317.00 ns, 98.9067 ns/op
WorkloadActual   7: 2923424 op, 274819966.00 ns, 94.0062 ns/op
WorkloadActual   8: 2923424 op, 302161203.00 ns, 103.3587 ns/op
WorkloadActual   9: 2923424 op, 293246645.00 ns, 100.3093 ns/op
WorkloadActual  10: 2923424 op, 279355519.00 ns, 95.5576 ns/op
WorkloadActual  11: 2923424 op, 289156697.00 ns, 98.9103 ns/op
WorkloadActual  12: 2923424 op, 277831191.00 ns, 95.0362 ns/op
WorkloadActual  13: 2923424 op, 276987764.00 ns, 94.7477 ns/op
WorkloadActual  14: 2923424 op, 279409060.00 ns, 95.5760 ns/op
WorkloadActual  15: 2923424 op, 281738223.00 ns, 96.3727 ns/op
WorkloadActual  16: 2923424 op, 304483722.00 ns, 104.1531 ns/op
WorkloadActual  17: 2923424 op, 319774590.00 ns, 109.3836 ns/op
WorkloadActual  18: 2923424 op, 294552819.00 ns, 100.7561 ns/op
WorkloadActual  19: 2923424 op, 337042833.00 ns, 115.2904 ns/op
WorkloadActual  20: 2923424 op, 264089639.00 ns, 90.3357 ns/op
WorkloadActual  21: 2923424 op, 251282536.00 ns, 85.9549 ns/op
WorkloadActual  22: 2923424 op, 271552386.00 ns, 92.8885 ns/op
WorkloadActual  23: 2923424 op, 239668204.00 ns, 81.9820 ns/op
WorkloadActual  24: 2923424 op, 244149123.00 ns, 83.5148 ns/op
WorkloadActual  25: 2923424 op, 244798453.00 ns, 83.7369 ns/op
WorkloadActual  26: 2923424 op, 242282266.00 ns, 82.8762 ns/op
WorkloadActual  27: 2923424 op, 245094634.00 ns, 83.8382 ns/op
WorkloadActual  28: 2923424 op, 244601239.00 ns, 83.6694 ns/op
WorkloadActual  29: 2923424 op, 240737450.00 ns, 82.3478 ns/op
WorkloadActual  30: 2923424 op, 242961323.00 ns, 83.1085 ns/op
WorkloadActual  31: 2923424 op, 242961824.00 ns, 83.1087 ns/op
WorkloadActual  32: 2923424 op, 240281135.00 ns, 82.1917 ns/op
WorkloadActual  33: 2923424 op, 240174053.00 ns, 82.1551 ns/op
WorkloadActual  34: 2923424 op, 241153929.00 ns, 82.4902 ns/op
WorkloadActual  35: 2923424 op, 240645766.00 ns, 82.3164 ns/op
WorkloadActual  36: 2923424 op, 248248639.00 ns, 84.9171 ns/op
WorkloadActual  37: 2923424 op, 296979997.00 ns, 101.5864 ns/op
WorkloadActual  38: 2923424 op, 279912133.00 ns, 95.7480 ns/op
WorkloadActual  39: 2923424 op, 291814001.00 ns, 99.8193 ns/op
WorkloadActual  40: 2923424 op, 303126932.00 ns, 103.6890 ns/op
WorkloadActual  41: 2923424 op, 261573001.00 ns, 89.4749 ns/op
WorkloadActual  42: 2923424 op, 262529112.00 ns, 89.8019 ns/op
WorkloadActual  43: 2923424 op, 258986230.00 ns, 88.5900 ns/op
WorkloadActual  44: 2923424 op, 263004894.00 ns, 89.9647 ns/op
WorkloadActual  45: 2923424 op, 252923445.00 ns, 86.5162 ns/op
WorkloadActual  46: 2923424 op, 251150105.00 ns, 85.9096 ns/op
WorkloadActual  47: 2923424 op, 269853488.00 ns, 92.3073 ns/op
WorkloadActual  48: 2923424 op, 276940564.00 ns, 94.7316 ns/op
WorkloadActual  49: 2923424 op, 314799595.00 ns, 107.6818 ns/op
WorkloadActual  50: 2923424 op, 299912082.00 ns, 102.5893 ns/op
WorkloadActual  51: 2923424 op, 289570961.00 ns, 99.0520 ns/op
WorkloadActual  52: 2923424 op, 344053575.00 ns, 117.6886 ns/op
WorkloadActual  53: 2923424 op, 310806269.00 ns, 106.3158 ns/op
WorkloadActual  54: 2923424 op, 262721387.00 ns, 89.8677 ns/op
WorkloadActual  55: 2923424 op, 256358282.00 ns, 87.6911 ns/op
WorkloadActual  56: 2923424 op, 248917907.00 ns, 85.1460 ns/op
WorkloadActual  57: 2923424 op, 257026899.00 ns, 87.9198 ns/op
WorkloadActual  58: 2923424 op, 382689858.00 ns, 130.9047 ns/op
WorkloadActual  59: 2923424 op, 403703528.00 ns, 138.0927 ns/op
WorkloadActual  60: 2923424 op, 339578276.00 ns, 116.1577 ns/op
WorkloadActual  61: 2923424 op, 351846667.00 ns, 120.3543 ns/op
WorkloadActual  62: 2923424 op, 310965030.00 ns, 106.3701 ns/op
WorkloadActual  63: 2923424 op, 348103066.00 ns, 119.0738 ns/op
WorkloadActual  64: 2923424 op, 302088856.00 ns, 103.3339 ns/op
WorkloadActual  65: 2923424 op, 306756839.00 ns, 104.9307 ns/op
WorkloadActual  66: 2923424 op, 307380090.00 ns, 105.1439 ns/op
WorkloadActual  67: 2923424 op, 253604836.00 ns, 86.7492 ns/op
WorkloadActual  68: 2923424 op, 261451060.00 ns, 89.4332 ns/op
WorkloadActual  69: 2923424 op, 263650767.00 ns, 90.1856 ns/op
WorkloadActual  70: 2923424 op, 257319935.00 ns, 88.0201 ns/op
WorkloadActual  71: 2923424 op, 246881089.00 ns, 84.4493 ns/op
WorkloadActual  72: 2923424 op, 264683243.00 ns, 90.5388 ns/op
WorkloadActual  73: 2923424 op, 261345210.00 ns, 89.3970 ns/op
WorkloadActual  74: 2923424 op, 259629420.00 ns, 88.8100 ns/op
WorkloadActual  75: 2923424 op, 253377686.00 ns, 86.6715 ns/op
WorkloadActual  76: 2923424 op, 249173561.00 ns, 85.2335 ns/op
WorkloadActual  77: 2923424 op, 242198738.00 ns, 82.8476 ns/op
WorkloadActual  78: 2923424 op, 247512063.00 ns, 84.6651 ns/op
WorkloadActual  79: 2923424 op, 246966300.00 ns, 84.4784 ns/op
WorkloadActual  80: 2923424 op, 244080112.00 ns, 83.4912 ns/op
WorkloadActual  81: 2923424 op, 248816916.00 ns, 85.1115 ns/op
WorkloadActual  82: 2923424 op, 240109029.00 ns, 82.1328 ns/op
WorkloadActual  83: 2923424 op, 236288040.00 ns, 80.8258 ns/op
WorkloadActual  84: 2923424 op, 237395538.00 ns, 81.2046 ns/op
WorkloadActual  85: 2923424 op, 237351385.00 ns, 81.1895 ns/op
WorkloadActual  86: 2923424 op, 238230491.00 ns, 81.4902 ns/op
WorkloadActual  87: 2923424 op, 238385404.00 ns, 81.5432 ns/op
WorkloadActual  88: 2923424 op, 248889704.00 ns, 85.1364 ns/op
WorkloadActual  89: 2923424 op, 240372078.00 ns, 82.2228 ns/op
WorkloadActual  90: 2923424 op, 251179892.00 ns, 85.9198 ns/op
WorkloadActual  91: 2923424 op, 249866133.00 ns, 85.4704 ns/op
WorkloadActual  92: 2923424 op, 250244130.00 ns, 85.5997 ns/op
WorkloadActual  93: 2923424 op, 290797735.00 ns, 99.4716 ns/op
WorkloadActual  94: 2923424 op, 305568577.00 ns, 104.5242 ns/op
WorkloadActual  95: 2923424 op, 302032319.00 ns, 103.3146 ns/op
WorkloadActual  96: 2923424 op, 309933426.00 ns, 106.0173 ns/op
WorkloadActual  97: 2923424 op, 260402574.00 ns, 89.0745 ns/op
WorkloadActual  98: 2923424 op, 248568495.00 ns, 85.0265 ns/op
WorkloadActual  99: 2923424 op, 250739578.00 ns, 85.7691 ns/op
WorkloadActual  100: 2923424 op, 255440925.00 ns, 87.3773 ns/op

// AfterActualRun
WorkloadResult   1: 2923424 op, 240603266.00 ns, 82.3019 ns/op
WorkloadResult   2: 2923424 op, 321803474.00 ns, 110.0776 ns/op
WorkloadResult   3: 2923424 op, 274126893.00 ns, 93.7691 ns/op
WorkloadResult   4: 2923424 op, 272693628.00 ns, 93.2788 ns/op
WorkloadResult   5: 2923424 op, 262645393.00 ns, 89.8417 ns/op
WorkloadResult   6: 2923424 op, 281028188.00 ns, 96.1298 ns/op
WorkloadResult   7: 2923424 op, 266701837.00 ns, 91.2293 ns/op
WorkloadResult   8: 2923424 op, 294043074.00 ns, 100.5817 ns/op
WorkloadResult   9: 2923424 op, 285128516.00 ns, 97.5324 ns/op
WorkloadResult  10: 2923424 op, 271237390.00 ns, 92.7807 ns/op
WorkloadResult  11: 2923424 op, 281038568.00 ns, 96.1334 ns/op
WorkloadResult  12: 2923424 op, 269713062.00 ns, 92.2593 ns/op
WorkloadResult  13: 2923424 op, 268869635.00 ns, 91.9708 ns/op
WorkloadResult  14: 2923424 op, 271290931.00 ns, 92.7990 ns/op
WorkloadResult  15: 2923424 op, 273620094.00 ns, 93.5958 ns/op
WorkloadResult  16: 2923424 op, 296365593.00 ns, 101.3762 ns/op
WorkloadResult  17: 2923424 op, 311656461.00 ns, 106.6067 ns/op
WorkloadResult  18: 2923424 op, 286434690.00 ns, 97.9792 ns/op
WorkloadResult  19: 2923424 op, 328924704.00 ns, 112.5135 ns/op
WorkloadResult  20: 2923424 op, 255971510.00 ns, 87.5588 ns/op
WorkloadResult  21: 2923424 op, 243164407.00 ns, 83.1779 ns/op
WorkloadResult  22: 2923424 op, 263434257.00 ns, 90.1115 ns/op
WorkloadResult  23: 2923424 op, 231550075.00 ns, 79.2051 ns/op
WorkloadResult  24: 2923424 op, 236030994.00 ns, 80.7379 ns/op
WorkloadResult  25: 2923424 op, 236680324.00 ns, 80.9600 ns/op
WorkloadResult  26: 2923424 op, 234164137.00 ns, 80.0993 ns/op
WorkloadResult  27: 2923424 op, 236976505.00 ns, 81.0613 ns/op
WorkloadResult  28: 2923424 op, 236483110.00 ns, 80.8925 ns/op
WorkloadResult  29: 2923424 op, 232619321.00 ns, 79.5708 ns/op
WorkloadResult  30: 2923424 op, 234843194.00 ns, 80.3316 ns/op
WorkloadResult  31: 2923424 op, 234843695.00 ns, 80.3317 ns/op
WorkloadResult  32: 2923424 op, 232163006.00 ns, 79.4148 ns/op
WorkloadResult  33: 2923424 op, 232055924.00 ns, 79.3781 ns/op
WorkloadResult  34: 2923424 op, 233035800.00 ns, 79.7133 ns/op
WorkloadResult  35: 2923424 op, 232527637.00 ns, 79.5395 ns/op
WorkloadResult  36: 2923424 op, 240130510.00 ns, 82.1402 ns/op
WorkloadResult  37: 2923424 op, 288861868.00 ns, 98.8094 ns/op
WorkloadResult  38: 2923424 op, 271794004.00 ns, 92.9711 ns/op
WorkloadResult  39: 2923424 op, 283695872.00 ns, 97.0423 ns/op
WorkloadResult  40: 2923424 op, 295008803.00 ns, 100.9121 ns/op
WorkloadResult  41: 2923424 op, 253454872.00 ns, 86.6980 ns/op
WorkloadResult  42: 2923424 op, 254410983.00 ns, 87.0250 ns/op
WorkloadResult  43: 2923424 op, 250868101.00 ns, 85.8131 ns/op
WorkloadResult  44: 2923424 op, 254886765.00 ns, 87.1878 ns/op
WorkloadResult  45: 2923424 op, 244805316.00 ns, 83.7392 ns/op
WorkloadResult  46: 2923424 op, 243031976.00 ns, 83.1326 ns/op
WorkloadResult  47: 2923424 op, 261735359.00 ns, 89.5304 ns/op
WorkloadResult  48: 2923424 op, 268822435.00 ns, 91.9547 ns/op
WorkloadResult  49: 2923424 op, 306681466.00 ns, 104.9049 ns/op
WorkloadResult  50: 2923424 op, 291793953.00 ns, 99.8124 ns/op
WorkloadResult  51: 2923424 op, 281452832.00 ns, 96.2751 ns/op
WorkloadResult  52: 2923424 op, 335935446.00 ns, 114.9116 ns/op
WorkloadResult  53: 2923424 op, 302688140.00 ns, 103.5389 ns/op
WorkloadResult  54: 2923424 op, 254603258.00 ns, 87.0908 ns/op
WorkloadResult  55: 2923424 op, 248240153.00 ns, 84.9142 ns/op
WorkloadResult  56: 2923424 op, 240799778.00 ns, 82.3691 ns/op
WorkloadResult  57: 2923424 op, 248908770.00 ns, 85.1429 ns/op
WorkloadResult  58: 2923424 op, 331460147.00 ns, 113.3808 ns/op
WorkloadResult  59: 2923424 op, 343728538.00 ns, 117.5774 ns/op
WorkloadResult  60: 2923424 op, 302846901.00 ns, 103.5932 ns/op
WorkloadResult  61: 2923424 op, 339984937.00 ns, 116.2968 ns/op
WorkloadResult  62: 2923424 op, 293970727.00 ns, 100.5570 ns/op
WorkloadResult  63: 2923424 op, 298638710.00 ns, 102.1537 ns/op
WorkloadResult  64: 2923424 op, 299261961.00 ns, 102.3669 ns/op
WorkloadResult  65: 2923424 op, 245486707.00 ns, 83.9723 ns/op
WorkloadResult  66: 2923424 op, 253332931.00 ns, 86.6562 ns/op
WorkloadResult  67: 2923424 op, 255532638.00 ns, 87.4087 ns/op
WorkloadResult  68: 2923424 op, 249201806.00 ns, 85.2431 ns/op
WorkloadResult  69: 2923424 op, 238762960.00 ns, 81.6724 ns/op
WorkloadResult  70: 2923424 op, 256565114.00 ns, 87.7619 ns/op
WorkloadResult  71: 2923424 op, 253227081.00 ns, 86.6200 ns/op
WorkloadResult  72: 2923424 op, 251511291.00 ns, 86.0331 ns/op
WorkloadResult  73: 2923424 op, 245259557.00 ns, 83.8946 ns/op
WorkloadResult  74: 2923424 op, 241055432.00 ns, 82.4565 ns/op
WorkloadResult  75: 2923424 op, 234080609.00 ns, 80.0707 ns/op
WorkloadResult  76: 2923424 op, 239393934.00 ns, 81.8882 ns/op
WorkloadResult  77: 2923424 op, 238848171.00 ns, 81.7015 ns/op
WorkloadResult  78: 2923424 op, 235961983.00 ns, 80.7143 ns/op
WorkloadResult  79: 2923424 op, 240698787.00 ns, 82.3345 ns/op
WorkloadResult  80: 2923424 op, 231990900.00 ns, 79.3559 ns/op
WorkloadResult  81: 2923424 op, 228169911.00 ns, 78.0489 ns/op
WorkloadResult  82: 2923424 op, 229277409.00 ns, 78.4277 ns/op
WorkloadResult  83: 2923424 op, 229233256.00 ns, 78.4126 ns/op
WorkloadResult  84: 2923424 op, 230112362.00 ns, 78.7133 ns/op
WorkloadResult  85: 2923424 op, 230267275.00 ns, 78.7663 ns/op
WorkloadResult  86: 2923424 op, 240771575.00 ns, 82.3594 ns/op
WorkloadResult  87: 2923424 op, 232253949.00 ns, 79.4459 ns/op
WorkloadResult  88: 2923424 op, 243061763.00 ns, 83.1428 ns/op
WorkloadResult  89: 2923424 op, 241748004.00 ns, 82.6934 ns/op
WorkloadResult  90: 2923424 op, 242126001.00 ns, 82.8227 ns/op
WorkloadResult  91: 2923424 op, 282679606.00 ns, 96.6947 ns/op
WorkloadResult  92: 2923424 op, 297450448.00 ns, 101.7473 ns/op
WorkloadResult  93: 2923424 op, 293914190.00 ns, 100.5377 ns/op
WorkloadResult  94: 2923424 op, 301815297.00 ns, 103.2403 ns/op
WorkloadResult  95: 2923424 op, 252284445.00 ns, 86.2976 ns/op
WorkloadResult  96: 2923424 op, 240450366.00 ns, 82.2496 ns/op
WorkloadResult  97: 2923424 op, 242621449.00 ns, 82.9922 ns/op
WorkloadResult  98: 2923424 op, 247322796.00 ns, 84.6004 ns/op
// GC:  251 0 0 2104865280 2923424
// Threading:  0 0 2923424

// AfterAll
// Benchmark Process 51776 has exited with code 0.

Mean = 89.752 ns, StdErr = 1.014 ns (1.13%), N = 98, StdDev = 10.036 ns
Min = 78.049 ns, Q1 = 81.951 ns, Median = 86.638 ns, Q3 = 96.590 ns, Max = 117.577 ns
IQR = 14.639 ns, LowerFence = 59.993 ns, UpperFence = 118.548 ns
ConfidenceInterval = [86.311 ns; 93.192 ns] (CI 99.9%), Margin = 3.441 ns (3.83% of Mean)
Skewness = 0.93, Kurtosis = 2.97, MValue = 2.1

// ** Remained 29 (37.2%) benchmark(s) to run. Estimated finish 2026-02-19 8:51 (0h 9m from now) **
// **************************
// Benchmark: Scenario1.S1_ReturnOptionStringNone_EnumerationsOptions: .NET 10.0(Runtime=.NET 10.0, IterationTime=250ms) [Iterations=10]
// *** Execute ***
// Launch: 1 / 1
// Execute: dotnet "Enumerations.Options.Benchmarks-.NET 10.0-1.dll" --anonymousPipes 114 116 --benchmarkName "ReillyDigital.Enumerations.Options.Benchmarks.Scenarios.Scenario1.S1_ReturnOptionStringNone_EnumerationsOptions(Iterations: 10)" --job ".NET 10.0" --benchmarkId 49 in /media/andrew/Slowverflow/x/devs/reilly-digital/dotnet/enumerations.options.benchmarks/bin/Debug/net10.0/Enumerations.Options.Benchmarks-.NET 10.0-1/bin/Release/net10.0
// Failed to set up high priority (Permission denied). In order to run benchmarks with high priority, make sure you have the right permissions.
// BeforeAnythingElse

// Benchmark Process Environment Information:
// BenchmarkDotNet v0.15.8
// Runtime=.NET 10.0.3 (10.0.3, 10.0.326.7603), X64 RyuJIT x86-64-v3
// GC=Concurrent Workstation
// HardwareIntrinsics=AVX2+BMI1+BMI2+F16C+FMA+LZCNT+MOVBE,AVX,SSE3+SSSE3+SSE4.1+SSE4.2+POPCNT,X86Base+SSE+SSE2,AES+PCLMUL VectorSize=256
// Job: .NET 10.0(IterationTime=250ms)

OverheadJitting  1: 1 op, 159231.00 ns, 159.2310 us/op
WorkloadJitting  1: 1 op, 2027270.00 ns, 2.0273 ms/op

OverheadJitting  2: 16 op, 229425.00 ns, 14.3391 us/op
WorkloadJitting  2: 16 op, 249844.00 ns, 15.6153 us/op

WorkloadPilot    1: 16 op, 8686.00 ns, 542.8750 ns/op
WorkloadPilot    2: 460512 op, 163332621.00 ns, 354.6761 ns/op
WorkloadPilot    3: 704880 op, 83168357.00 ns, 117.9894 ns/op
WorkloadPilot    4: 2118848 op, 201210669.00 ns, 94.9623 ns/op
WorkloadPilot    5: 2632624 op, 242150967.00 ns, 91.9808 ns/op
WorkloadPilot    6: 2717968 op, 240837820.00 ns, 88.6095 ns/op
WorkloadPilot    7: 2821376 op, 255717328.00 ns, 90.6357 ns/op
WorkloadPilot    8: 2758304 op, 240504218.00 ns, 87.1928 ns/op
WorkloadPilot    9: 2867216 op, 251594698.00 ns, 87.7488 ns/op
WorkloadPilot   10: 2849056 op, 244313495.00 ns, 85.7524 ns/op
WorkloadPilot   11: 2915376 op, 256716401.00 ns, 88.0560 ns/op

OverheadWarmup   1: 2915376 op, 7490861.00 ns, 2.5694 ns/op
OverheadWarmup   2: 2915376 op, 7614825.00 ns, 2.6120 ns/op
OverheadWarmup   3: 2915376 op, 7599317.00 ns, 2.6066 ns/op
OverheadWarmup   4: 2915376 op, 7435206.00 ns, 2.5503 ns/op
OverheadWarmup   5: 2915376 op, 7407153.00 ns, 2.5407 ns/op
OverheadWarmup   6: 2915376 op, 7653229.00 ns, 2.6251 ns/op
OverheadWarmup   7: 2915376 op, 7353891.00 ns, 2.5225 ns/op

OverheadActual   1: 2915376 op, 7448561.00 ns, 2.5549 ns/op
OverheadActual   2: 2915376 op, 7509777.00 ns, 2.5759 ns/op
OverheadActual   3: 2915376 op, 7716298.00 ns, 2.6468 ns/op
OverheadActual   4: 2915376 op, 7444323.00 ns, 2.5535 ns/op
OverheadActual   5: 2915376 op, 7323925.00 ns, 2.5122 ns/op
OverheadActual   6: 2915376 op, 7469791.00 ns, 2.5622 ns/op
OverheadActual   7: 2915376 op, 7407042.00 ns, 2.5407 ns/op
OverheadActual   8: 2915376 op, 7478668.00 ns, 2.5652 ns/op
OverheadActual   9: 2915376 op, 7606720.00 ns, 2.6092 ns/op
OverheadActual  10: 2915376 op, 7389529.00 ns, 2.5347 ns/op
OverheadActual  11: 2915376 op, 7537990.00 ns, 2.5856 ns/op
OverheadActual  12: 2915376 op, 7495700.00 ns, 2.5711 ns/op
OverheadActual  13: 2915376 op, 7361326.00 ns, 2.5250 ns/op
OverheadActual  14: 2915376 op, 7574329.00 ns, 2.5981 ns/op
OverheadActual  15: 2915376 op, 7480892.00 ns, 2.5660 ns/op

WorkloadWarmup   1: 2915376 op, 287094380.00 ns, 98.4759 ns/op
WorkloadWarmup   2: 2915376 op, 276075225.00 ns, 94.6963 ns/op
WorkloadWarmup   3: 2915376 op, 267203297.00 ns, 91.6531 ns/op
WorkloadWarmup   4: 2915376 op, 291076914.00 ns, 99.8420 ns/op
WorkloadWarmup   5: 2915376 op, 291036027.00 ns, 99.8280 ns/op
WorkloadWarmup   6: 2915376 op, 289322581.00 ns, 99.2402 ns/op
WorkloadWarmup   7: 2915376 op, 286194786.00 ns, 98.1674 ns/op
WorkloadWarmup   8: 2915376 op, 262446295.00 ns, 90.0214 ns/op
WorkloadWarmup   9: 2915376 op, 259408170.00 ns, 88.9793 ns/op
WorkloadWarmup  10: 2915376 op, 258760843.00 ns, 88.7573 ns/op
WorkloadWarmup  11: 2915376 op, 283484792.00 ns, 97.2378 ns/op
WorkloadWarmup  12: 2915376 op, 323835643.00 ns, 111.0785 ns/op
WorkloadWarmup  13: 2915376 op, 311605774.00 ns, 106.8836 ns/op

// BeforeActualRun
WorkloadActual   1: 2915376 op, 291742966.00 ns, 100.0704 ns/op
WorkloadActual   2: 2915376 op, 295922534.00 ns, 101.5041 ns/op
WorkloadActual   3: 2915376 op, 306438125.00 ns, 105.1110 ns/op
WorkloadActual   4: 2915376 op, 289334413.00 ns, 99.2443 ns/op
WorkloadActual   5: 2915376 op, 285936175.00 ns, 98.0787 ns/op
WorkloadActual   6: 2915376 op, 268570618.00 ns, 92.1221 ns/op
WorkloadActual   7: 2915376 op, 274319258.00 ns, 94.0940 ns/op
WorkloadActual   8: 2915376 op, 273519794.00 ns, 93.8197 ns/op
WorkloadActual   9: 2915376 op, 275221176.00 ns, 94.4033 ns/op
WorkloadActual  10: 2915376 op, 267219939.00 ns, 91.6588 ns/op
WorkloadActual  11: 2915376 op, 258968166.00 ns, 88.8284 ns/op
WorkloadActual  12: 2915376 op, 258717081.00 ns, 88.7423 ns/op
WorkloadActual  13: 2915376 op, 272806733.00 ns, 93.5751 ns/op
WorkloadActual  14: 2915376 op, 295748193.00 ns, 101.4443 ns/op
WorkloadActual  15: 2915376 op, 312258330.00 ns, 107.1074 ns/op
WorkloadActual  16: 2915376 op, 303212734.00 ns, 104.0047 ns/op
WorkloadActual  17: 2915376 op, 322021226.00 ns, 110.4562 ns/op
WorkloadActual  18: 2915376 op, 305849620.00 ns, 104.9092 ns/op
WorkloadActual  19: 2915376 op, 290360737.00 ns, 99.5963 ns/op
WorkloadActual  20: 2915376 op, 277139691.00 ns, 95.0614 ns/op
WorkloadActual  21: 2915376 op, 321940893.00 ns, 110.4286 ns/op
WorkloadActual  22: 2915376 op, 348173319.00 ns, 119.4266 ns/op
WorkloadActual  23: 2915376 op, 286268615.00 ns, 98.1927 ns/op
WorkloadActual  24: 2915376 op, 287440244.00 ns, 98.5946 ns/op
WorkloadActual  25: 2915376 op, 302859656.00 ns, 103.8836 ns/op
WorkloadActual  26: 2915376 op, 298797230.00 ns, 102.4901 ns/op
WorkloadActual  27: 2915376 op, 295616634.00 ns, 101.3991 ns/op
WorkloadActual  28: 2915376 op, 276499348.00 ns, 94.8417 ns/op
WorkloadActual  29: 2915376 op, 251045477.00 ns, 86.1108 ns/op
WorkloadActual  30: 2915376 op, 245801954.00 ns, 84.3123 ns/op
WorkloadActual  31: 2915376 op, 254307337.00 ns, 87.2297 ns/op
WorkloadActual  32: 2915376 op, 245242835.00 ns, 84.1205 ns/op
WorkloadActual  33: 2915376 op, 246282845.00 ns, 84.4772 ns/op
WorkloadActual  34: 2915376 op, 257254761.00 ns, 88.2407 ns/op
WorkloadActual  35: 2915376 op, 250417227.00 ns, 85.8953 ns/op
WorkloadActual  36: 2915376 op, 256495833.00 ns, 87.9804 ns/op
WorkloadActual  37: 2915376 op, 251084802.00 ns, 86.1243 ns/op
WorkloadActual  38: 2915376 op, 248762372.00 ns, 85.3277 ns/op
WorkloadActual  39: 2915376 op, 251496162.00 ns, 86.2654 ns/op
WorkloadActual  40: 2915376 op, 255438781.00 ns, 87.6178 ns/op
WorkloadActual  41: 2915376 op, 254603277.00 ns, 87.3312 ns/op
WorkloadActual  42: 2915376 op, 251850382.00 ns, 86.3869 ns/op
WorkloadActual  43: 2915376 op, 255646885.00 ns, 87.6892 ns/op
WorkloadActual  44: 2915376 op, 269169302.00 ns, 92.3275 ns/op
WorkloadActual  45: 2915376 op, 261482690.00 ns, 89.6909 ns/op
WorkloadActual  46: 2915376 op, 269234024.00 ns, 92.3497 ns/op
WorkloadActual  47: 2915376 op, 253386943.00 ns, 86.9140 ns/op
WorkloadActual  48: 2915376 op, 267001926.00 ns, 91.5840 ns/op
WorkloadActual  49: 2915376 op, 269440866.00 ns, 92.4206 ns/op
WorkloadActual  50: 2915376 op, 280197905.00 ns, 96.1104 ns/op
WorkloadActual  51: 2915376 op, 249252681.00 ns, 85.4959 ns/op
WorkloadActual  52: 2915376 op, 255735082.00 ns, 87.7194 ns/op
WorkloadActual  53: 2915376 op, 246535554.00 ns, 84.5639 ns/op
WorkloadActual  54: 2915376 op, 258276496.00 ns, 88.5911 ns/op
WorkloadActual  55: 2915376 op, 256466587.00 ns, 87.9703 ns/op
WorkloadActual  56: 2915376 op, 263806823.00 ns, 90.4881 ns/op
WorkloadActual  57: 2915376 op, 295882497.00 ns, 101.4903 ns/op
WorkloadActual  58: 2915376 op, 291750190.00 ns, 100.0729 ns/op
WorkloadActual  59: 2915376 op, 294662236.00 ns, 101.0718 ns/op
WorkloadActual  60: 2915376 op, 255746994.00 ns, 87.7235 ns/op
WorkloadActual  61: 2915376 op, 250458264.00 ns, 85.9094 ns/op
WorkloadActual  62: 2915376 op, 248705625.00 ns, 85.3083 ns/op
WorkloadActual  63: 2915376 op, 257003033.00 ns, 88.1543 ns/op
WorkloadActual  64: 2915376 op, 265880110.00 ns, 91.1993 ns/op
WorkloadActual  65: 2915376 op, 255604334.00 ns, 87.6746 ns/op
WorkloadActual  66: 2915376 op, 253533661.00 ns, 86.9643 ns/op
WorkloadActual  67: 2915376 op, 265112767.00 ns, 90.9360 ns/op
WorkloadActual  68: 2915376 op, 252984792.00 ns, 86.7760 ns/op
WorkloadActual  69: 2915376 op, 248339471.00 ns, 85.1827 ns/op
WorkloadActual  70: 2915376 op, 258358532.00 ns, 88.6193 ns/op
WorkloadActual  71: 2915376 op, 257191460.00 ns, 88.2190 ns/op
WorkloadActual  72: 2915376 op, 248252637.00 ns, 85.1529 ns/op
WorkloadActual  73: 2915376 op, 248447296.00 ns, 85.2196 ns/op
WorkloadActual  74: 2915376 op, 290866416.00 ns, 99.7698 ns/op
WorkloadActual  75: 2915376 op, 255344041.00 ns, 87.5853 ns/op
WorkloadActual  76: 2915376 op, 330366045.00 ns, 113.3185 ns/op
WorkloadActual  77: 2915376 op, 291957452.00 ns, 100.1440 ns/op
WorkloadActual  78: 2915376 op, 313425041.00 ns, 107.5076 ns/op
WorkloadActual  79: 2915376 op, 321242912.00 ns, 110.1892 ns/op
WorkloadActual  80: 2915376 op, 289479017.00 ns, 99.2939 ns/op
WorkloadActual  81: 2915376 op, 310018869.00 ns, 106.3392 ns/op
WorkloadActual  82: 2915376 op, 319001435.00 ns, 109.4203 ns/op
WorkloadActual  83: 2915376 op, 297606484.00 ns, 102.0817 ns/op
WorkloadActual  84: 2915376 op, 288368403.00 ns, 98.9129 ns/op
WorkloadActual  85: 2915376 op, 287776132.00 ns, 98.7098 ns/op
WorkloadActual  86: 2915376 op, 286110676.00 ns, 98.1385 ns/op
WorkloadActual  87: 2915376 op, 284100588.00 ns, 97.4490 ns/op
WorkloadActual  88: 2915376 op, 281975021.00 ns, 96.7200 ns/op
WorkloadActual  89: 2915376 op, 285429616.00 ns, 97.9049 ns/op
WorkloadActual  90: 2915376 op, 301018829.00 ns, 103.2521 ns/op
WorkloadActual  91: 2915376 op, 282834891.00 ns, 97.0149 ns/op
WorkloadActual  92: 2915376 op, 277836802.00 ns, 95.3005 ns/op
WorkloadActual  93: 2915376 op, 289131419.00 ns, 99.1747 ns/op
WorkloadActual  94: 2915376 op, 288910270.00 ns, 99.0988 ns/op
WorkloadActual  95: 2915376 op, 290883328.00 ns, 99.7756 ns/op
WorkloadActual  96: 2915376 op, 286108893.00 ns, 98.1379 ns/op
WorkloadActual  97: 2915376 op, 297815811.00 ns, 102.1535 ns/op
WorkloadActual  98: 2915376 op, 282213373.00 ns, 96.8017 ns/op
WorkloadActual  99: 2915376 op, 276231641.00 ns, 94.7499 ns/op
WorkloadActual  100: 2915376 op, 284170260.00 ns, 97.4729 ns/op

// AfterActualRun
WorkloadResult   1: 2915376 op, 284264298.00 ns, 97.5052 ns/op
WorkloadResult   2: 2915376 op, 288443866.00 ns, 98.9388 ns/op
WorkloadResult   3: 2915376 op, 298959457.00 ns, 102.5458 ns/op
WorkloadResult   4: 2915376 op, 281855745.00 ns, 96.6790 ns/op
WorkloadResult   5: 2915376 op, 278457507.00 ns, 95.5134 ns/op
WorkloadResult   6: 2915376 op, 261091950.00 ns, 89.5569 ns/op
WorkloadResult   7: 2915376 op, 266840590.00 ns, 91.5287 ns/op
WorkloadResult   8: 2915376 op, 266041126.00 ns, 91.2545 ns/op
WorkloadResult   9: 2915376 op, 267742508.00 ns, 91.8381 ns/op
WorkloadResult  10: 2915376 op, 259741271.00 ns, 89.0936 ns/op
WorkloadResult  11: 2915376 op, 251489498.00 ns, 86.2631 ns/op
WorkloadResult  12: 2915376 op, 251238413.00 ns, 86.1770 ns/op
WorkloadResult  13: 2915376 op, 265328065.00 ns, 91.0099 ns/op
WorkloadResult  14: 2915376 op, 288269525.00 ns, 98.8790 ns/op
WorkloadResult  15: 2915376 op, 304779662.00 ns, 104.5421 ns/op
WorkloadResult  16: 2915376 op, 295734066.00 ns, 101.4394 ns/op
WorkloadResult  17: 2915376 op, 314542558.00 ns, 107.8909 ns/op
WorkloadResult  18: 2915376 op, 298370952.00 ns, 102.3439 ns/op
WorkloadResult  19: 2915376 op, 282882069.00 ns, 97.0311 ns/op
WorkloadResult  20: 2915376 op, 269661023.00 ns, 92.4961 ns/op
WorkloadResult  21: 2915376 op, 314462225.00 ns, 107.8634 ns/op
WorkloadResult  22: 2915376 op, 278789947.00 ns, 95.6274 ns/op
WorkloadResult  23: 2915376 op, 279961576.00 ns, 96.0293 ns/op
WorkloadResult  24: 2915376 op, 295380988.00 ns, 101.3183 ns/op
WorkloadResult  25: 2915376 op, 291318562.00 ns, 99.9249 ns/op
WorkloadResult  26: 2915376 op, 288137966.00 ns, 98.8339 ns/op
WorkloadResult  27: 2915376 op, 269020680.00 ns, 92.2765 ns/op
WorkloadResult  28: 2915376 op, 243566809.00 ns, 83.5456 ns/op
WorkloadResult  29: 2915376 op, 238323286.00 ns, 81.7470 ns/op
WorkloadResult  30: 2915376 op, 246828669.00 ns, 84.6644 ns/op
WorkloadResult  31: 2915376 op, 237764167.00 ns, 81.5552 ns/op
WorkloadResult  32: 2915376 op, 238804177.00 ns, 81.9120 ns/op
WorkloadResult  33: 2915376 op, 249776093.00 ns, 85.6754 ns/op
WorkloadResult  34: 2915376 op, 242938559.00 ns, 83.3301 ns/op
WorkloadResult  35: 2915376 op, 249017165.00 ns, 85.4151 ns/op
WorkloadResult  36: 2915376 op, 243606134.00 ns, 83.5591 ns/op
WorkloadResult  37: 2915376 op, 241283704.00 ns, 82.7625 ns/op
WorkloadResult  38: 2915376 op, 244017494.00 ns, 83.7002 ns/op
WorkloadResult  39: 2915376 op, 247960113.00 ns, 85.0525 ns/op
WorkloadResult  40: 2915376 op, 247124609.00 ns, 84.7659 ns/op
WorkloadResult  41: 2915376 op, 244371714.00 ns, 83.8217 ns/op
WorkloadResult  42: 2915376 op, 248168217.00 ns, 85.1239 ns/op
WorkloadResult  43: 2915376 op, 261690634.00 ns, 89.7622 ns/op
WorkloadResult  44: 2915376 op, 254004022.00 ns, 87.1256 ns/op
WorkloadResult  45: 2915376 op, 261755356.00 ns, 89.7844 ns/op
WorkloadResult  46: 2915376 op, 245908275.00 ns, 84.3487 ns/op
WorkloadResult  47: 2915376 op, 259523258.00 ns, 89.0188 ns/op
WorkloadResult  48: 2915376 op, 261962198.00 ns, 89.8554 ns/op
WorkloadResult  49: 2915376 op, 272719237.00 ns, 93.5451 ns/op
WorkloadResult  50: 2915376 op, 241774013.00 ns, 82.9306 ns/op
WorkloadResult  51: 2915376 op, 248256414.00 ns, 85.1542 ns/op
WorkloadResult  52: 2915376 op, 239056886.00 ns, 81.9986 ns/op
WorkloadResult  53: 2915376 op, 250797828.00 ns, 86.0259 ns/op
WorkloadResult  54: 2915376 op, 248987919.00 ns, 85.4051 ns/op
WorkloadResult  55: 2915376 op, 256328155.00 ns, 87.9228 ns/op
WorkloadResult  56: 2915376 op, 288403829.00 ns, 98.9251 ns/op
WorkloadResult  57: 2915376 op, 284271522.00 ns, 97.5077 ns/op
WorkloadResult  58: 2915376 op, 287183568.00 ns, 98.5065 ns/op
WorkloadResult  59: 2915376 op, 248268326.00 ns, 85.1583 ns/op
WorkloadResult  60: 2915376 op, 242979596.00 ns, 83.3442 ns/op
WorkloadResult  61: 2915376 op, 241226957.00 ns, 82.7430 ns/op
WorkloadResult  62: 2915376 op, 249524365.00 ns, 85.5891 ns/op
WorkloadResult  63: 2915376 op, 258401442.00 ns, 88.6340 ns/op
WorkloadResult  64: 2915376 op, 248125666.00 ns, 85.1093 ns/op
WorkloadResult  65: 2915376 op, 246054993.00 ns, 84.3991 ns/op
WorkloadResult  66: 2915376 op, 257634099.00 ns, 88.3708 ns/op
WorkloadResult  67: 2915376 op, 245506124.00 ns, 84.2108 ns/op
WorkloadResult  68: 2915376 op, 240860803.00 ns, 82.6174 ns/op
WorkloadResult  69: 2915376 op, 250879864.00 ns, 86.0540 ns/op
WorkloadResult  70: 2915376 op, 249712792.00 ns, 85.6537 ns/op
WorkloadResult  71: 2915376 op, 240773969.00 ns, 82.5876 ns/op
WorkloadResult  72: 2915376 op, 240968628.00 ns, 82.6544 ns/op
WorkloadResult  73: 2915376 op, 283387748.00 ns, 97.2045 ns/op
WorkloadResult  74: 2915376 op, 247865373.00 ns, 85.0200 ns/op
WorkloadResult  75: 2915376 op, 322887377.00 ns, 110.7533 ns/op
WorkloadResult  76: 2915376 op, 284478784.00 ns, 97.5788 ns/op
WorkloadResult  77: 2915376 op, 305946373.00 ns, 104.9423 ns/op
WorkloadResult  78: 2915376 op, 313764244.00 ns, 107.6239 ns/op
WorkloadResult  79: 2915376 op, 282000349.00 ns, 96.7286 ns/op
WorkloadResult  80: 2915376 op, 302540201.00 ns, 103.7740 ns/op
WorkloadResult  81: 2915376 op, 311522767.00 ns, 106.8551 ns/op
WorkloadResult  82: 2915376 op, 290127816.00 ns, 99.5164 ns/op
WorkloadResult  83: 2915376 op, 280889735.00 ns, 96.3477 ns/op
WorkloadResult  84: 2915376 op, 280297464.00 ns, 96.1445 ns/op
WorkloadResult  85: 2915376 op, 278632008.00 ns, 95.5733 ns/op
WorkloadResult  86: 2915376 op, 276621920.00 ns, 94.8838 ns/op
WorkloadResult  87: 2915376 op, 274496353.00 ns, 94.1547 ns/op
WorkloadResult  88: 2915376 op, 277950948.00 ns, 95.3397 ns/op
WorkloadResult  89: 2915376 op, 293540161.00 ns, 100.6869 ns/op
WorkloadResult  90: 2915376 op, 275356223.00 ns, 94.4496 ns/op
WorkloadResult  91: 2915376 op, 270358134.00 ns, 92.7353 ns/op
WorkloadResult  92: 2915376 op, 281652751.00 ns, 96.6094 ns/op
WorkloadResult  93: 2915376 op, 281431602.00 ns, 96.5336 ns/op
WorkloadResult  94: 2915376 op, 283404660.00 ns, 97.2103 ns/op
WorkloadResult  95: 2915376 op, 278630225.00 ns, 95.5727 ns/op
WorkloadResult  96: 2915376 op, 290337143.00 ns, 99.5882 ns/op
WorkloadResult  97: 2915376 op, 274734705.00 ns, 94.2365 ns/op
WorkloadResult  98: 2915376 op, 268752973.00 ns, 92.1847 ns/op
WorkloadResult  99: 2915376 op, 276691592.00 ns, 94.9077 ns/op
// GC:  83 0 0 699690240 2915376
// Threading:  0 0 2915376

// AfterAll
// Benchmark Process 52165 has exited with code 0.

Mean = 92.052 ns, StdErr = 0.750 ns (0.81%), N = 99, StdDev = 7.458 ns
Min = 81.555 ns, Q1 = 85.139 ns, Median = 91.838 ns, Q3 = 97.207 ns, Max = 110.753 ns
IQR = 12.068 ns, LowerFence = 67.036 ns, UpperFence = 115.310 ns
ConfidenceInterval = [89.509 ns; 94.595 ns] (CI 99.9%), Margin = 2.543 ns (2.76% of Mean)
Skewness = 0.41, Kurtosis = 2.17, MValue = 4.06

// ** Remained 28 (35.9%) benchmark(s) to run. Estimated finish 2026-02-19 8:51 (0h 9m from now) **
// **************************
// Benchmark: Scenario1.S1_ReturnOptionStringNone_FluentResults: .NET 10.0(Runtime=.NET 10.0, IterationTime=250ms) [Iterations=10]
// *** Execute ***
// Launch: 1 / 1
// Execute: dotnet "Enumerations.Options.Benchmarks-.NET 10.0-1.dll" --anonymousPipes 114 116 --benchmarkName "ReillyDigital.Enumerations.Options.Benchmarks.Scenarios.Scenario1.S1_ReturnOptionStringNone_FluentResults(Iterations: 10)" --job ".NET 10.0" --benchmarkId 50 in /media/andrew/Slowverflow/x/devs/reilly-digital/dotnet/enumerations.options.benchmarks/bin/Debug/net10.0/Enumerations.Options.Benchmarks-.NET 10.0-1/bin/Release/net10.0
// Failed to set up high priority (Permission denied). In order to run benchmarks with high priority, make sure you have the right permissions.
// BeforeAnythingElse

// Benchmark Process Environment Information:
// BenchmarkDotNet v0.15.8
// Runtime=.NET 10.0.3 (10.0.3, 10.0.326.7603), X64 RyuJIT x86-64-v3
// GC=Concurrent Workstation
// HardwareIntrinsics=AVX2+BMI1+BMI2+F16C+FMA+LZCNT+MOVBE,AVX,SSE3+SSSE3+SSE4.1+SSE4.2+POPCNT,X86Base+SSE+SSE2,AES+PCLMUL VectorSize=256
// Job: .NET 10.0(IterationTime=250ms)

OverheadJitting  1: 1 op, 186844.00 ns, 186.8440 us/op
WorkloadJitting  1: 1 op, 3500481.00 ns, 3.5005 ms/op

OverheadJitting  2: 16 op, 263940.00 ns, 16.4963 us/op
WorkloadJitting  2: 16 op, 255203.00 ns, 15.9502 us/op

WorkloadPilot    1: 16 op, 58341.00 ns, 3.6463 us/op
WorkloadPilot    2: 68576 op, 127287818.00 ns, 1.8562 us/op
WorkloadPilot    3: 134688 op, 85271110.00 ns, 633.1010 ns/op
WorkloadPilot    4: 394896 op, 111643090.00 ns, 282.7152 ns/op
WorkloadPilot    5: 884288 op, 231450977.00 ns, 261.7371 ns/op
WorkloadPilot    6: 955168 op, 249855232.00 ns, 261.5825 ns/op
WorkloadPilot    7: 955728 op, 255441255.00 ns, 267.2740 ns/op
WorkloadPilot    8: 935376 op, 243103131.00 ns, 259.8988 ns/op
WorkloadPilot    9: 961920 op, 256420159.00 ns, 266.5712 ns/op
WorkloadPilot   10: 937840 op, 245004813.00 ns, 261.2437 ns/op
WorkloadPilot   11: 956976 op, 241902948.00 ns, 252.7785 ns/op
WorkloadPilot   12: 989008 op, 242518023.00 ns, 245.2134 ns/op
WorkloadPilot   13: 1019520 op, 266722537.00 ns, 261.6158 ns/op

OverheadWarmup   1: 1019520 op, 2833628.00 ns, 2.7794 ns/op
OverheadWarmup   2: 1019520 op, 2837095.00 ns, 2.7828 ns/op
OverheadWarmup   3: 1019520 op, 2869375.00 ns, 2.8144 ns/op
OverheadWarmup   4: 1019520 op, 2908330.00 ns, 2.8526 ns/op
OverheadWarmup   5: 1019520 op, 2859156.00 ns, 2.8044 ns/op
OverheadWarmup   6: 1019520 op, 2955028.00 ns, 2.8985 ns/op
OverheadWarmup   7: 1019520 op, 2933647.00 ns, 2.8775 ns/op

OverheadActual   1: 1019520 op, 2840000.00 ns, 2.7856 ns/op
OverheadActual   2: 1019520 op, 2818529.00 ns, 2.7646 ns/op
OverheadActual   3: 1019520 op, 2861581.00 ns, 2.8068 ns/op
OverheadActual   4: 1019520 op, 2835572.00 ns, 2.7813 ns/op
OverheadActual   5: 1019520 op, 2832456.00 ns, 2.7782 ns/op
OverheadActual   6: 1019520 op, 2819101.00 ns, 2.7651 ns/op
OverheadActual   7: 1019520 op, 2833378.00 ns, 2.7791 ns/op
OverheadActual   8: 1019520 op, 2854427.00 ns, 2.7998 ns/op
OverheadActual   9: 1019520 op, 2958404.00 ns, 2.9018 ns/op
OverheadActual  10: 1019520 op, 2837936.00 ns, 2.7836 ns/op
OverheadActual  11: 1019520 op, 2859867.00 ns, 2.8051 ns/op
OverheadActual  12: 1019520 op, 2820163.00 ns, 2.7662 ns/op
OverheadActual  13: 1019520 op, 2862633.00 ns, 2.8078 ns/op
OverheadActual  14: 1019520 op, 2844869.00 ns, 2.7904 ns/op
OverheadActual  15: 1019520 op, 2851101.00 ns, 2.7965 ns/op

WorkloadWarmup   1: 1019520 op, 283866064.00 ns, 278.4311 ns/op
WorkloadWarmup   2: 1019520 op, 272220231.00 ns, 267.0082 ns/op
WorkloadWarmup   3: 1019520 op, 267627882.00 ns, 262.5038 ns/op
WorkloadWarmup   4: 1019520 op, 295641312.00 ns, 289.9809 ns/op
WorkloadWarmup   5: 1019520 op, 268523208.00 ns, 263.3820 ns/op
WorkloadWarmup   6: 1019520 op, 235914993.00 ns, 231.3981 ns/op
WorkloadWarmup   7: 1019520 op, 234904380.00 ns, 230.4068 ns/op
WorkloadWarmup   8: 1019520 op, 225221376.00 ns, 220.9092 ns/op
WorkloadWarmup   9: 1019520 op, 226017203.00 ns, 221.6898 ns/op
WorkloadWarmup  10: 1019520 op, 226998583.00 ns, 222.6524 ns/op
WorkloadWarmup  11: 1019520 op, 225649246.00 ns, 221.3289 ns/op

// BeforeActualRun
WorkloadActual   1: 1019520 op, 230134573.00 ns, 225.7284 ns/op
WorkloadActual   2: 1019520 op, 240066639.00 ns, 235.4703 ns/op
WorkloadActual   3: 1019520 op, 242493696.00 ns, 237.8508 ns/op
WorkloadActual   4: 1019520 op, 238953851.00 ns, 234.3788 ns/op
WorkloadActual   5: 1019520 op, 235696179.00 ns, 231.1835 ns/op
WorkloadActual   6: 1019520 op, 231953850.00 ns, 227.5128 ns/op
WorkloadActual   7: 1019520 op, 233176947.00 ns, 228.7125 ns/op
WorkloadActual   8: 1019520 op, 233460384.00 ns, 228.9905 ns/op
WorkloadActual   9: 1019520 op, 232560169.00 ns, 228.1075 ns/op
WorkloadActual  10: 1019520 op, 233411712.00 ns, 228.9427 ns/op
WorkloadActual  11: 1019520 op, 234559867.00 ns, 230.0689 ns/op
WorkloadActual  12: 1019520 op, 232451302.00 ns, 228.0007 ns/op
WorkloadActual  13: 1019520 op, 231681273.00 ns, 227.2454 ns/op
WorkloadActual  14: 1019520 op, 231996200.00 ns, 227.5543 ns/op
WorkloadActual  15: 1019520 op, 233208897.00 ns, 228.7438 ns/op

// AfterActualRun
WorkloadResult   1: 1019520 op, 227294573.00 ns, 222.9427 ns/op
WorkloadResult   2: 1019520 op, 236113851.00 ns, 231.5932 ns/op
WorkloadResult   3: 1019520 op, 232856179.00 ns, 228.3979 ns/op
WorkloadResult   4: 1019520 op, 229113850.00 ns, 224.7272 ns/op
WorkloadResult   5: 1019520 op, 230336947.00 ns, 225.9269 ns/op
WorkloadResult   6: 1019520 op, 230620384.00 ns, 226.2049 ns/op
WorkloadResult   7: 1019520 op, 229720169.00 ns, 225.3219 ns/op
WorkloadResult   8: 1019520 op, 230571712.00 ns, 226.1571 ns/op
WorkloadResult   9: 1019520 op, 231719867.00 ns, 227.2833 ns/op
WorkloadResult  10: 1019520 op, 229611302.00 ns, 225.2151 ns/op
WorkloadResult  11: 1019520 op, 228841273.00 ns, 224.4598 ns/op
WorkloadResult  12: 1019520 op, 229156200.00 ns, 224.7687 ns/op
WorkloadResult  13: 1019520 op, 230368897.00 ns, 225.9582 ns/op
// GC:  136 0 0 1141862400 1019520
// Threading:  0 0 1019520

// AfterAll
// Benchmark Process 52431 has exited with code 0.

Mean = 226.074 ns, StdErr = 0.592 ns (0.26%), N = 13, StdDev = 2.133 ns
Min = 222.943 ns, Q1 = 224.769 ns, Median = 225.927 ns, Q3 = 226.205 ns, Max = 231.593 ns
IQR = 1.436 ns, LowerFence = 222.614 ns, UpperFence = 228.359 ns
ConfidenceInterval = [223.519 ns; 228.628 ns] (CI 99.9%), Margin = 2.555 ns (1.13% of Mean)
Skewness = 1.12, Kurtosis = 3.97, MValue = 2

// ** Remained 27 (34.6%) benchmark(s) to run. Estimated finish 2026-02-19 8:51 (0h 8m from now) **
// **************************
// Benchmark: Scenario1.S1_ReturnOptionStringNone_LightResults: .NET 10.0(Runtime=.NET 10.0, IterationTime=250ms) [Iterations=10]
// *** Execute ***
// Launch: 1 / 1
// Execute: dotnet "Enumerations.Options.Benchmarks-.NET 10.0-1.dll" --anonymousPipes 114 116 --benchmarkName "ReillyDigital.Enumerations.Options.Benchmarks.Scenarios.Scenario1.S1_ReturnOptionStringNone_LightResults(Iterations: 10)" --job ".NET 10.0" --benchmarkId 51 in /media/andrew/Slowverflow/x/devs/reilly-digital/dotnet/enumerations.options.benchmarks/bin/Debug/net10.0/Enumerations.Options.Benchmarks-.NET 10.0-1/bin/Release/net10.0
// Failed to set up high priority (Permission denied). In order to run benchmarks with high priority, make sure you have the right permissions.
// BeforeAnythingElse

// Benchmark Process Environment Information:
// BenchmarkDotNet v0.15.8
// Runtime=.NET 10.0.3 (10.0.3, 10.0.326.7603), X64 RyuJIT x86-64-v3
// GC=Concurrent Workstation
// HardwareIntrinsics=AVX2+BMI1+BMI2+F16C+FMA+LZCNT+MOVBE,AVX,SSE3+SSSE3+SSE4.1+SSE4.2+POPCNT,X86Base+SSE+SSE2,AES+PCLMUL VectorSize=256
// Job: .NET 10.0(IterationTime=250ms)

OverheadJitting  1: 1 op, 178969.00 ns, 178.9690 us/op
WorkloadJitting  1: 1 op, 2651564.00 ns, 2.6516 ms/op

OverheadJitting  2: 16 op, 228563.00 ns, 14.2852 us/op
WorkloadJitting  2: 16 op, 201131.00 ns, 12.5707 us/op

WorkloadPilot    1: 16 op, 3006.00 ns, 187.8750 ns/op
WorkloadPilot    2: 1330672 op, 186166148.00 ns, 139.9039 ns/op
WorkloadPilot    3: 1786944 op, 8364556.00 ns, 4.6809 ns/op
WorkloadPilot    4: 53408224 op, 266871418.00 ns, 4.9968 ns/op
WorkloadPilot    5: 50031808 op, 262577224.00 ns, 5.2482 ns/op
WorkloadPilot    6: 47635328 op, 250691196.00 ns, 5.2627 ns/op

OverheadWarmup   1: 47635328 op, 129430827.00 ns, 2.7171 ns/op
OverheadWarmup   2: 47635328 op, 105749194.00 ns, 2.2200 ns/op
OverheadWarmup   3: 47635328 op, 72142880.00 ns, 1.5145 ns/op
OverheadWarmup   4: 47635328 op, 72719642.00 ns, 1.5266 ns/op
OverheadWarmup   5: 47635328 op, 73332413.00 ns, 1.5395 ns/op
OverheadWarmup   6: 47635328 op, 72248098.00 ns, 1.5167 ns/op
OverheadWarmup   7: 47635328 op, 72073539.00 ns, 1.5130 ns/op
OverheadWarmup   8: 47635328 op, 72011621.00 ns, 1.5117 ns/op
OverheadWarmup   9: 47635328 op, 72033833.00 ns, 1.5122 ns/op
OverheadWarmup  10: 47635328 op, 73337753.00 ns, 1.5396 ns/op

OverheadActual   1: 47635328 op, 89107608.00 ns, 1.8706 ns/op
OverheadActual   2: 47635328 op, 81634210.00 ns, 1.7137 ns/op
OverheadActual   3: 47635328 op, 80431642.00 ns, 1.6885 ns/op
OverheadActual   4: 47635328 op, 75489720.00 ns, 1.5847 ns/op
OverheadActual   5: 47635328 op, 73825527.00 ns, 1.5498 ns/op
OverheadActual   6: 47635328 op, 76080750.00 ns, 1.5971 ns/op
OverheadActual   7: 47635328 op, 80098421.00 ns, 1.6815 ns/op
OverheadActual   8: 47635328 op, 79116330.00 ns, 1.6609 ns/op
OverheadActual   9: 47635328 op, 78828505.00 ns, 1.6548 ns/op
OverheadActual  10: 47635328 op, 75835003.00 ns, 1.5920 ns/op
OverheadActual  11: 47635328 op, 77836055.00 ns, 1.6340 ns/op
OverheadActual  12: 47635328 op, 74744358.00 ns, 1.5691 ns/op
OverheadActual  13: 47635328 op, 76773952.00 ns, 1.6117 ns/op
OverheadActual  14: 47635328 op, 75206493.00 ns, 1.5788 ns/op
OverheadActual  15: 47635328 op, 75039256.00 ns, 1.5753 ns/op

WorkloadWarmup   1: 47635328 op, 267389240.00 ns, 5.6133 ns/op
WorkloadWarmup   2: 47635328 op, 264338581.00 ns, 5.5492 ns/op
WorkloadWarmup   3: 47635328 op, 271567245.00 ns, 5.7010 ns/op
WorkloadWarmup   4: 47635328 op, 279599371.00 ns, 5.8696 ns/op
WorkloadWarmup   5: 47635328 op, 297224631.00 ns, 6.2396 ns/op
WorkloadWarmup   6: 47635328 op, 265202096.00 ns, 5.5673 ns/op
WorkloadWarmup   7: 47635328 op, 278929872.00 ns, 5.8555 ns/op
WorkloadWarmup   8: 47635328 op, 260204138.00 ns, 5.4624 ns/op

// BeforeActualRun
WorkloadActual   1: 47635328 op, 266497851.00 ns, 5.5945 ns/op
WorkloadActual   2: 47635328 op, 262573376.00 ns, 5.5122 ns/op
WorkloadActual   3: 47635328 op, 271657164.00 ns, 5.7029 ns/op
WorkloadActual   4: 47635328 op, 258273490.00 ns, 5.4219 ns/op
WorkloadActual   5: 47635328 op, 250812687.00 ns, 5.2653 ns/op
WorkloadActual   6: 47635328 op, 253451495.00 ns, 5.3207 ns/op
WorkloadActual   7: 47635328 op, 251996059.00 ns, 5.2901 ns/op
WorkloadActual   8: 47635328 op, 256636479.00 ns, 5.3875 ns/op
WorkloadActual   9: 47635328 op, 240686974.00 ns, 5.0527 ns/op
WorkloadActual  10: 47635328 op, 256265566.00 ns, 5.3797 ns/op
WorkloadActual  11: 47635328 op, 250847883.00 ns, 5.2660 ns/op
WorkloadActual  12: 47635328 op, 256814476.00 ns, 5.3913 ns/op
WorkloadActual  13: 47635328 op, 253881890.00 ns, 5.3297 ns/op
WorkloadActual  14: 47635328 op, 254663100.00 ns, 5.3461 ns/op
WorkloadActual  15: 47635328 op, 247983877.00 ns, 5.2059 ns/op
WorkloadActual  16: 47635328 op, 248554759.00 ns, 5.2179 ns/op
WorkloadActual  17: 47635328 op, 235759279.00 ns, 4.9493 ns/op
WorkloadActual  18: 47635328 op, 255627568.00 ns, 5.3663 ns/op
WorkloadActual  19: 47635328 op, 250256242.00 ns, 5.2536 ns/op
WorkloadActual  20: 47635328 op, 244802291.00 ns, 5.1391 ns/op
WorkloadActual  21: 47635328 op, 249587195.00 ns, 5.2395 ns/op
WorkloadActual  22: 47635328 op, 250743225.00 ns, 5.2638 ns/op
WorkloadActual  23: 47635328 op, 241957030.00 ns, 5.0794 ns/op
WorkloadActual  24: 47635328 op, 248976498.00 ns, 5.2267 ns/op
WorkloadActual  25: 47635328 op, 249388859.00 ns, 5.2354 ns/op
WorkloadActual  26: 47635328 op, 268196018.00 ns, 5.6302 ns/op
WorkloadActual  27: 47635328 op, 268733917.00 ns, 5.6415 ns/op
WorkloadActual  28: 47635328 op, 256142874.00 ns, 5.3772 ns/op

// AfterActualRun
WorkloadResult   1: 47635328 op, 189723899.00 ns, 3.9828 ns/op
WorkloadResult   2: 47635328 op, 185799424.00 ns, 3.9005 ns/op
WorkloadResult   3: 47635328 op, 181499538.00 ns, 3.8102 ns/op
WorkloadResult   4: 47635328 op, 174038735.00 ns, 3.6536 ns/op
WorkloadResult   5: 47635328 op, 176677543.00 ns, 3.7090 ns/op
WorkloadResult   6: 47635328 op, 175222107.00 ns, 3.6784 ns/op
WorkloadResult   7: 47635328 op, 179862527.00 ns, 3.7758 ns/op
WorkloadResult   8: 47635328 op, 163913022.00 ns, 3.4410 ns/op
WorkloadResult   9: 47635328 op, 179491614.00 ns, 3.7680 ns/op
WorkloadResult  10: 47635328 op, 174073931.00 ns, 3.6543 ns/op
WorkloadResult  11: 47635328 op, 180040524.00 ns, 3.7796 ns/op
WorkloadResult  12: 47635328 op, 177107938.00 ns, 3.7180 ns/op
WorkloadResult  13: 47635328 op, 177889148.00 ns, 3.7344 ns/op
WorkloadResult  14: 47635328 op, 171209925.00 ns, 3.5942 ns/op
WorkloadResult  15: 47635328 op, 171780807.00 ns, 3.6062 ns/op
WorkloadResult  16: 47635328 op, 158985327.00 ns, 3.3376 ns/op
WorkloadResult  17: 47635328 op, 178853616.00 ns, 3.7546 ns/op
WorkloadResult  18: 47635328 op, 173482290.00 ns, 3.6419 ns/op
WorkloadResult  19: 47635328 op, 168028339.00 ns, 3.5274 ns/op
WorkloadResult  20: 47635328 op, 172813243.00 ns, 3.6278 ns/op
WorkloadResult  21: 47635328 op, 173969273.00 ns, 3.6521 ns/op
WorkloadResult  22: 47635328 op, 165183078.00 ns, 3.4677 ns/op
WorkloadResult  23: 47635328 op, 172202546.00 ns, 3.6150 ns/op
WorkloadResult  24: 47635328 op, 172614907.00 ns, 3.6237 ns/op
WorkloadResult  25: 47635328 op, 179368922.00 ns, 3.7655 ns/op
// GC:  0 0 0 0 47635328
// Threading:  0 0 47635328

// AfterAll
// Benchmark Process 52514 has exited with code 0.

Mean = 3.673 ns, StdErr = 0.028 ns (0.76%), N = 25, StdDev = 0.140 ns
Min = 3.338 ns, Q1 = 3.615 ns, Median = 3.654 ns, Q3 = 3.765 ns, Max = 3.983 ns
IQR = 0.150 ns, LowerFence = 3.389 ns, UpperFence = 3.991 ns
ConfidenceInterval = [3.568 ns; 3.778 ns] (CI 99.9%), Margin = 0.105 ns (2.85% of Mean)
Skewness = -0.2, Kurtosis = 3.18, MValue = 2

// ** Remained 26 (33.3%) benchmark(s) to run. Estimated finish 2026-02-19 8:51 (0h 8m from now) **
// **************************
// Benchmark: Scenario1.S1_ReturnOptionStringNone_Rascal: .NET 10.0(Runtime=.NET 10.0, IterationTime=250ms) [Iterations=10]
// *** Execute ***
// Launch: 1 / 1
// Execute: dotnet "Enumerations.Options.Benchmarks-.NET 10.0-1.dll" --anonymousPipes 114 116 --benchmarkName "ReillyDigital.Enumerations.Options.Benchmarks.Scenarios.Scenario1.S1_ReturnOptionStringNone_Rascal(Iterations: 10)" --job ".NET 10.0" --benchmarkId 52 in /media/andrew/Slowverflow/x/devs/reilly-digital/dotnet/enumerations.options.benchmarks/bin/Debug/net10.0/Enumerations.Options.Benchmarks-.NET 10.0-1/bin/Release/net10.0
// Failed to set up high priority (Permission denied). In order to run benchmarks with high priority, make sure you have the right permissions.
// BeforeAnythingElse

// Benchmark Process Environment Information:
// BenchmarkDotNet v0.15.8
// Runtime=.NET 10.0.3 (10.0.3, 10.0.326.7603), X64 RyuJIT x86-64-v3
// GC=Concurrent Workstation
// HardwareIntrinsics=AVX2+BMI1+BMI2+F16C+FMA+LZCNT+MOVBE,AVX,SSE3+SSSE3+SSE4.1+SSE4.2+POPCNT,X86Base+SSE+SSE2,AES+PCLMUL VectorSize=256
// Job: .NET 10.0(IterationTime=250ms)

OverheadJitting  1: 1 op, 194929.00 ns, 194.9290 us/op
WorkloadJitting  1: 1 op, 2680217.00 ns, 2.6802 ms/op

OverheadJitting  2: 16 op, 272637.00 ns, 17.0398 us/op
WorkloadJitting  2: 16 op, 217181.00 ns, 13.5738 us/op

WorkloadPilot    1: 16 op, 3126.00 ns, 195.3750 ns/op
WorkloadPilot    2: 1279600 op, 175874461.00 ns, 137.4449 ns/op
WorkloadPilot    3: 1818912 op, 8670575.00 ns, 4.7669 ns/op
WorkloadPilot    4: 52444976 op, 240675342.00 ns, 4.5891 ns/op
WorkloadPilot    5: 54476896 op, 256233035.00 ns, 4.7035 ns/op
WorkloadPilot    6: 53151712 op, 252604992.00 ns, 4.7525 ns/op
WorkloadPilot    7: 52603584 op, 249096125.00 ns, 4.7353 ns/op
WorkloadPilot    8: 52794464 op, 245201176.00 ns, 4.6444 ns/op
WorkloadPilot    9: 53827712 op, 248748275.00 ns, 4.6212 ns/op
WorkloadPilot   10: 54098592 op, 257752023.00 ns, 4.7645 ns/op

OverheadWarmup   1: 54098592 op, 149868365.00 ns, 2.7703 ns/op
OverheadWarmup   2: 54098592 op, 106861631.00 ns, 1.9753 ns/op
OverheadWarmup   3: 54098592 op, 82337402.00 ns, 1.5220 ns/op
OverheadWarmup   4: 54098592 op, 82398278.00 ns, 1.5231 ns/op
OverheadWarmup   5: 54098592 op, 82211013.00 ns, 1.5197 ns/op
OverheadWarmup   6: 54098592 op, 82821760.00 ns, 1.5309 ns/op
OverheadWarmup   7: 54098592 op, 82440167.00 ns, 1.5239 ns/op

OverheadActual   1: 54098592 op, 82214079.00 ns, 1.5197 ns/op
OverheadActual   2: 54098592 op, 82723924.00 ns, 1.5291 ns/op
OverheadActual   3: 54098592 op, 82747649.00 ns, 1.5296 ns/op
OverheadActual   4: 54098592 op, 82473670.00 ns, 1.5245 ns/op
OverheadActual   5: 54098592 op, 82278440.00 ns, 1.5209 ns/op
OverheadActual   6: 54098592 op, 82982805.00 ns, 1.5339 ns/op
OverheadActual   7: 54098592 op, 83900242.00 ns, 1.5509 ns/op
OverheadActual   8: 54098592 op, 82439446.00 ns, 1.5239 ns/op
OverheadActual   9: 54098592 op, 82373981.00 ns, 1.5227 ns/op
OverheadActual  10: 54098592 op, 82308868.00 ns, 1.5215 ns/op
OverheadActual  11: 54098592 op, 82186506.00 ns, 1.5192 ns/op
OverheadActual  12: 54098592 op, 82472808.00 ns, 1.5245 ns/op
OverheadActual  13: 54098592 op, 82699027.00 ns, 1.5287 ns/op
OverheadActual  14: 54098592 op, 82528594.00 ns, 1.5255 ns/op
OverheadActual  15: 54098592 op, 82288229.00 ns, 1.5211 ns/op

WorkloadWarmup   1: 54098592 op, 242208567.00 ns, 4.4772 ns/op
WorkloadWarmup   2: 54098592 op, 251932288.00 ns, 4.6569 ns/op
WorkloadWarmup   3: 54098592 op, 249611400.00 ns, 4.6140 ns/op
WorkloadWarmup   4: 54098592 op, 250057325.00 ns, 4.6223 ns/op
WorkloadWarmup   5: 54098592 op, 263297018.00 ns, 4.8670 ns/op
WorkloadWarmup   6: 54098592 op, 261164206.00 ns, 4.8276 ns/op

// BeforeActualRun
WorkloadActual   1: 54098592 op, 248316507.00 ns, 4.5901 ns/op
WorkloadActual   2: 54098592 op, 247782216.00 ns, 4.5802 ns/op
WorkloadActual   3: 54098592 op, 250553285.00 ns, 4.6314 ns/op
WorkloadActual   4: 54098592 op, 241969704.00 ns, 4.4728 ns/op
WorkloadActual   5: 54098592 op, 240711680.00 ns, 4.4495 ns/op
WorkloadActual   6: 54098592 op, 251459752.00 ns, 4.6482 ns/op
WorkloadActual   7: 54098592 op, 245612335.00 ns, 4.5401 ns/op
WorkloadActual   8: 54098592 op, 250227588.00 ns, 4.6254 ns/op
WorkloadActual   9: 54098592 op, 241472523.00 ns, 4.4636 ns/op
WorkloadActual  10: 54098592 op, 245682979.00 ns, 4.5414 ns/op
WorkloadActual  11: 54098592 op, 253037171.00 ns, 4.6773 ns/op
WorkloadActual  12: 54098592 op, 256530318.00 ns, 4.7419 ns/op
WorkloadActual  13: 54098592 op, 251192696.00 ns, 4.6432 ns/op
WorkloadActual  14: 54098592 op, 255019085.00 ns, 4.7140 ns/op
WorkloadActual  15: 54098592 op, 245143116.00 ns, 4.5314 ns/op
WorkloadActual  16: 54098592 op, 252920229.00 ns, 4.6752 ns/op

// AfterActualRun
WorkloadResult   1: 54098592 op, 165843699.00 ns, 3.0656 ns/op
WorkloadResult   2: 54098592 op, 165309408.00 ns, 3.0557 ns/op
WorkloadResult   3: 54098592 op, 168080477.00 ns, 3.1069 ns/op
WorkloadResult   4: 54098592 op, 159496896.00 ns, 2.9483 ns/op
WorkloadResult   5: 54098592 op, 158238872.00 ns, 2.9250 ns/op
WorkloadResult   6: 54098592 op, 168986944.00 ns, 3.1237 ns/op
WorkloadResult   7: 54098592 op, 163139527.00 ns, 3.0156 ns/op
WorkloadResult   8: 54098592 op, 167754780.00 ns, 3.1009 ns/op
WorkloadResult   9: 54098592 op, 158999715.00 ns, 2.9391 ns/op
WorkloadResult  10: 54098592 op, 163210171.00 ns, 3.0169 ns/op
WorkloadResult  11: 54098592 op, 170564363.00 ns, 3.1528 ns/op
WorkloadResult  12: 54098592 op, 174057510.00 ns, 3.2174 ns/op
WorkloadResult  13: 54098592 op, 168719888.00 ns, 3.1187 ns/op
WorkloadResult  14: 54098592 op, 172546277.00 ns, 3.1895 ns/op
WorkloadResult  15: 54098592 op, 162670308.00 ns, 3.0069 ns/op
WorkloadResult  16: 54098592 op, 170447421.00 ns, 3.1507 ns/op
// GC:  0 0 0 0 54098592
// Threading:  0 0 54098592

// AfterAll
// Benchmark Process 52612 has exited with code 0.

Mean = 3.071 ns, StdErr = 0.022 ns (0.73%), N = 16, StdDev = 0.089 ns
Min = 2.925 ns, Q1 = 3.013 ns, Median = 3.083 ns, Q3 = 3.130 ns, Max = 3.217 ns
IQR = 0.117 ns, LowerFence = 2.838 ns, UpperFence = 3.306 ns
ConfidenceInterval = [2.980 ns; 3.162 ns] (CI 99.9%), Margin = 0.091 ns (2.96% of Mean)
Skewness = -0.14, Kurtosis = 1.74, MValue = 2

// ** Remained 25 (32.1%) benchmark(s) to run. Estimated finish 2026-02-19 8:51 (0h 7m from now) **
// **************************
// Benchmark: Scenario1.S1_ReturnOptionStringNone_SimpleResults: .NET 10.0(Runtime=.NET 10.0, IterationTime=250ms) [Iterations=10]
// *** Execute ***
// Launch: 1 / 1
// Execute: dotnet "Enumerations.Options.Benchmarks-.NET 10.0-1.dll" --anonymousPipes 114 116 --benchmarkName "ReillyDigital.Enumerations.Options.Benchmarks.Scenarios.Scenario1.S1_ReturnOptionStringNone_SimpleResults(Iterations: 10)" --job ".NET 10.0" --benchmarkId 53 in /media/andrew/Slowverflow/x/devs/reilly-digital/dotnet/enumerations.options.benchmarks/bin/Debug/net10.0/Enumerations.Options.Benchmarks-.NET 10.0-1/bin/Release/net10.0
// Failed to set up high priority (Permission denied). In order to run benchmarks with high priority, make sure you have the right permissions.
// BeforeAnythingElse

// Benchmark Process Environment Information:
// BenchmarkDotNet v0.15.8
// Runtime=.NET 10.0.3 (10.0.3, 10.0.326.7603), X64 RyuJIT x86-64-v3
// GC=Concurrent Workstation
// HardwareIntrinsics=AVX2+BMI1+BMI2+F16C+FMA+LZCNT+MOVBE,AVX,SSE3+SSSE3+SSE4.1+SSE4.2+POPCNT,X86Base+SSE+SSE2,AES+PCLMUL VectorSize=256
// Job: .NET 10.0(IterationTime=250ms)

OverheadJitting  1: 1 op, 168700.00 ns, 168.7000 us/op
WorkloadJitting  1: 1 op, 5805408.00 ns, 5.8054 ms/op

OverheadJitting  2: 16 op, 234745.00 ns, 14.6716 us/op
WorkloadJitting  2: 16 op, 264571.00 ns, 16.5357 us/op

WorkloadPilot    1: 16 op, 66015.00 ns, 4.1259 us/op
WorkloadPilot    2: 60592 op, 187108333.00 ns, 3.0880 us/op
WorkloadPilot    3: 80960 op, 73904427.00 ns, 912.8511 ns/op
WorkloadPilot    4: 273872 op, 206267108.00 ns, 753.1515 ns/op
WorkloadPilot    5: 331952 op, 248614873.00 ns, 748.9483 ns/op
WorkloadPilot    6: 333808 op, 250210866.00 ns, 749.5652 ns/op
WorkloadPilot    7: 333536 op, 253624804.00 ns, 760.4121 ns/op
WorkloadPilot    8: 328784 op, 247949362.00 ns, 754.1406 ns/op
WorkloadPilot    9: 331504 op, 251723943.00 ns, 759.3391 ns/op

OverheadWarmup   1: 331504 op, 916436.00 ns, 2.7645 ns/op
OverheadWarmup   2: 331504 op, 909473.00 ns, 2.7435 ns/op
OverheadWarmup   3: 331504 op, 917598.00 ns, 2.7680 ns/op
OverheadWarmup   4: 331504 op, 900616.00 ns, 2.7168 ns/op
OverheadWarmup   5: 331504 op, 918039.00 ns, 2.7693 ns/op
OverheadWarmup   6: 331504 op, 898232.00 ns, 2.7096 ns/op

OverheadActual   1: 331504 op, 971321.00 ns, 2.9300 ns/op
OverheadActual   2: 331504 op, 902920.00 ns, 2.7237 ns/op
OverheadActual   3: 331504 op, 895706.00 ns, 2.7019 ns/op
OverheadActual   4: 331504 op, 884476.00 ns, 2.6681 ns/op
OverheadActual   5: 331504 op, 895667.00 ns, 2.7018 ns/op
OverheadActual   6: 331504 op, 917459.00 ns, 2.7676 ns/op
OverheadActual   7: 331504 op, 901478.00 ns, 2.7194 ns/op
OverheadActual   8: 331504 op, 912369.00 ns, 2.7522 ns/op
OverheadActual   9: 331504 op, 933538.00 ns, 2.8161 ns/op
OverheadActual  10: 331504 op, 889986.00 ns, 2.6847 ns/op
OverheadActual  11: 331504 op, 918810.00 ns, 2.7716 ns/op
OverheadActual  12: 331504 op, 909042.00 ns, 2.7422 ns/op
OverheadActual  13: 331504 op, 945091.00 ns, 2.8509 ns/op
OverheadActual  14: 331504 op, 908782.00 ns, 2.7414 ns/op
OverheadActual  15: 331504 op, 934841.00 ns, 2.8200 ns/op

WorkloadWarmup   1: 331504 op, 256484571.00 ns, 773.6998 ns/op
WorkloadWarmup   2: 331504 op, 249539695.00 ns, 752.7502 ns/op
WorkloadWarmup   3: 331504 op, 247265777.00 ns, 745.8908 ns/op
WorkloadWarmup   4: 331504 op, 245471688.00 ns, 740.4788 ns/op
WorkloadWarmup   5: 331504 op, 247255077.00 ns, 745.8585 ns/op
WorkloadWarmup   6: 331504 op, 246271273.00 ns, 742.8908 ns/op
WorkloadWarmup   7: 331504 op, 252986635.00 ns, 763.1481 ns/op
WorkloadWarmup   8: 331504 op, 248832795.00 ns, 750.6178 ns/op

// BeforeActualRun
WorkloadActual   1: 331504 op, 251268851.00 ns, 757.9663 ns/op
WorkloadActual   2: 331504 op, 250388193.00 ns, 755.3097 ns/op
WorkloadActual   3: 331504 op, 251502112.00 ns, 758.6699 ns/op
WorkloadActual   4: 331504 op, 250239922.00 ns, 754.8625 ns/op
WorkloadActual   5: 331504 op, 252043489.00 ns, 760.3030 ns/op
WorkloadActual   6: 331504 op, 286709621.00 ns, 864.8753 ns/op
WorkloadActual   7: 331504 op, 249383600.00 ns, 752.2793 ns/op
WorkloadActual   8: 331504 op, 254913866.00 ns, 768.9617 ns/op
WorkloadActual   9: 331504 op, 253289508.00 ns, 764.0617 ns/op
WorkloadActual  10: 331504 op, 257829490.00 ns, 777.7568 ns/op
WorkloadActual  11: 331504 op, 255392042.00 ns, 770.4041 ns/op
WorkloadActual  12: 331504 op, 253662295.00 ns, 765.1862 ns/op
WorkloadActual  13: 331504 op, 251416941.00 ns, 758.4130 ns/op
WorkloadActual  14: 331504 op, 250001139.00 ns, 754.1421 ns/op
WorkloadActual  15: 331504 op, 254182861.00 ns, 766.7565 ns/op

// AfterActualRun
WorkloadResult   1: 331504 op, 250359809.00 ns, 755.2241 ns/op
WorkloadResult   2: 331504 op, 249479151.00 ns, 752.5675 ns/op
WorkloadResult   3: 331504 op, 250593070.00 ns, 755.9277 ns/op
WorkloadResult   4: 331504 op, 249330880.00 ns, 752.1203 ns/op
WorkloadResult   5: 331504 op, 251134447.00 ns, 757.5608 ns/op
WorkloadResult   6: 331504 op, 248474558.00 ns, 749.5371 ns/op
WorkloadResult   7: 331504 op, 254004824.00 ns, 766.2195 ns/op
WorkloadResult   8: 331504 op, 252380466.00 ns, 761.3195 ns/op
WorkloadResult   9: 331504 op, 256920448.00 ns, 775.0146 ns/op
WorkloadResult  10: 331504 op, 254483000.00 ns, 767.6619 ns/op
WorkloadResult  11: 331504 op, 252753253.00 ns, 762.4441 ns/op
WorkloadResult  12: 331504 op, 250507899.00 ns, 755.6708 ns/op
WorkloadResult  13: 331504 op, 249092097.00 ns, 751.4000 ns/op
WorkloadResult  14: 331504 op, 253273819.00 ns, 764.0144 ns/op
// GC:  19 0 0 159121920 331504
// Threading:  0 0 331504

// AfterAll
// Benchmark Process 52671 has exited with code 0.

Mean = 759.049 ns, StdErr = 1.960 ns (0.26%), N = 14, StdDev = 7.332 ns
Min = 749.537 ns, Q1 = 753.232 ns, Median = 756.744 ns, Q3 = 763.622 ns, Max = 775.015 ns
IQR = 10.390 ns, LowerFence = 737.647 ns, UpperFence = 779.207 ns
ConfidenceInterval = [750.778 ns; 767.320 ns] (CI 99.9%), Margin = 8.271 ns (1.09% of Mean)
Skewness = 0.58, Kurtosis = 2.22, MValue = 2

// ** Remained 24 (30.8%) benchmark(s) to run. Estimated finish 2026-02-19 8:50 (0h 7m from now) **
// **************************
// Benchmark: Scenario1.S1_ReturnOptionStringSuccess_ArdalisResult: .NET 10.0(Runtime=.NET 10.0, IterationTime=250ms) [Iterations=10]
// *** Execute ***
// Launch: 1 / 1
// Execute: dotnet "Enumerations.Options.Benchmarks-.NET 10.0-1.dll" --anonymousPipes 114 116 --benchmarkName "ReillyDigital.Enumerations.Options.Benchmarks.Scenarios.Scenario1.S1_ReturnOptionStringSuccess_ArdalisResult(Iterations: 10)" --job ".NET 10.0" --benchmarkId 54 in /media/andrew/Slowverflow/x/devs/reilly-digital/dotnet/enumerations.options.benchmarks/bin/Debug/net10.0/Enumerations.Options.Benchmarks-.NET 10.0-1/bin/Release/net10.0
// Failed to set up high priority (Permission denied). In order to run benchmarks with high priority, make sure you have the right permissions.
// BeforeAnythingElse

// Benchmark Process Environment Information:
// BenchmarkDotNet v0.15.8
// Runtime=.NET 10.0.3 (10.0.3, 10.0.326.7603), X64 RyuJIT x86-64-v3
// GC=Concurrent Workstation
// HardwareIntrinsics=AVX2+BMI1+BMI2+F16C+FMA+LZCNT+MOVBE,AVX,SSE3+SSSE3+SSE4.1+SSE4.2+POPCNT,X86Base+SSE+SSE2,AES+PCLMUL VectorSize=256
// Job: .NET 10.0(IterationTime=250ms)

OverheadJitting  1: 1 op, 164031.00 ns, 164.0310 us/op
WorkloadJitting  1: 1 op, 2158940.00 ns, 2.1589 ms/op

OverheadJitting  2: 16 op, 203195.00 ns, 12.6997 us/op
WorkloadJitting  2: 16 op, 262347.00 ns, 16.3967 us/op

WorkloadPilot    1: 16 op, 19577.00 ns, 1.2236 us/op
WorkloadPilot    2: 204336 op, 76197871.00 ns, 372.9048 ns/op
WorkloadPilot    3: 670416 op, 144207751.00 ns, 215.1019 ns/op
WorkloadPilot    4: 1162240 op, 105691024.00 ns, 90.9373 ns/op
WorkloadPilot    5: 2749152 op, 235313915.00 ns, 85.5951 ns/op
WorkloadPilot    6: 2920736 op, 248607870.00 ns, 85.1182 ns/op
WorkloadPilot    7: 2937104 op, 250102411.00 ns, 85.1527 ns/op
WorkloadPilot    8: 2935904 op, 247083471.00 ns, 84.1592 ns/op
WorkloadPilot    9: 2970560 op, 254015764.00 ns, 85.5111 ns/op
WorkloadPilot   10: 2923600 op, 244225217.00 ns, 83.5358 ns/op
WorkloadPilot   11: 2992736 op, 257516005.00 ns, 86.0470 ns/op

OverheadWarmup   1: 2992736 op, 7614635.00 ns, 2.5444 ns/op
OverheadWarmup   2: 2992736 op, 7881751.00 ns, 2.6336 ns/op
OverheadWarmup   3: 2992736 op, 7729283.00 ns, 2.5827 ns/op
OverheadWarmup   4: 2992736 op, 7625957.00 ns, 2.5482 ns/op
OverheadWarmup   5: 2992736 op, 7666914.00 ns, 2.5618 ns/op
OverheadWarmup   6: 2992736 op, 7766132.00 ns, 2.5950 ns/op
OverheadWarmup   7: 2992736 op, 7733761.00 ns, 2.5842 ns/op

OverheadActual   1: 2992736 op, 7933209.00 ns, 2.6508 ns/op
OverheadActual   2: 2992736 op, 7631978.00 ns, 2.5502 ns/op
OverheadActual   3: 2992736 op, 7845984.00 ns, 2.6217 ns/op
OverheadActual   4: 2992736 op, 7694516.00 ns, 2.5711 ns/op
OverheadActual   5: 2992736 op, 7731888.00 ns, 2.5836 ns/op
OverheadActual   6: 2992736 op, 7743189.00 ns, 2.5873 ns/op
OverheadActual   7: 2992736 op, 7711740.00 ns, 2.5768 ns/op
OverheadActual   8: 2992736 op, 7634974.00 ns, 2.5512 ns/op
OverheadActual   9: 2992736 op, 7642358.00 ns, 2.5536 ns/op
OverheadActual  10: 2992736 op, 7767145.00 ns, 2.5953 ns/op
OverheadActual  11: 2992736 op, 7707972.00 ns, 2.5756 ns/op
OverheadActual  12: 2992736 op, 7700017.00 ns, 2.5729 ns/op
OverheadActual  13: 2992736 op, 7872153.00 ns, 2.6304 ns/op
OverheadActual  14: 2992736 op, 7789016.00 ns, 2.6026 ns/op
OverheadActual  15: 2992736 op, 7580812.00 ns, 2.5331 ns/op

WorkloadWarmup   1: 2992736 op, 266678333.00 ns, 89.1085 ns/op
WorkloadWarmup   2: 2992736 op, 254916080.00 ns, 85.1783 ns/op
WorkloadWarmup   3: 2992736 op, 258032524.00 ns, 86.2196 ns/op
WorkloadWarmup   4: 2992736 op, 256454564.00 ns, 85.6923 ns/op
WorkloadWarmup   5: 2992736 op, 260930223.00 ns, 87.1879 ns/op
WorkloadWarmup   6: 2992736 op, 252948573.00 ns, 84.5208 ns/op

// BeforeActualRun
WorkloadActual   1: 2992736 op, 280242308.00 ns, 93.6408 ns/op
WorkloadActual   2: 2992736 op, 314549090.00 ns, 105.1042 ns/op
WorkloadActual   3: 2992736 op, 286060060.00 ns, 95.5848 ns/op
WorkloadActual   4: 2992736 op, 277079567.00 ns, 92.5840 ns/op
WorkloadActual   5: 2992736 op, 279910540.00 ns, 93.5300 ns/op
WorkloadActual   6: 2992736 op, 297226183.00 ns, 99.3159 ns/op
WorkloadActual   7: 2992736 op, 337370644.00 ns, 112.7298 ns/op
WorkloadActual   8: 2992736 op, 316763946.00 ns, 105.8443 ns/op
WorkloadActual   9: 2992736 op, 295382029.00 ns, 98.6997 ns/op
WorkloadActual  10: 2992736 op, 294066789.00 ns, 98.2602 ns/op
WorkloadActual  11: 2992736 op, 281165067.00 ns, 93.9492 ns/op
WorkloadActual  12: 2992736 op, 283076739.00 ns, 94.5879 ns/op
WorkloadActual  13: 2992736 op, 284970236.00 ns, 95.2206 ns/op
WorkloadActual  14: 2992736 op, 274509678.00 ns, 91.7253 ns/op
WorkloadActual  15: 2992736 op, 276138284.00 ns, 92.2695 ns/op
WorkloadActual  16: 2992736 op, 275543177.00 ns, 92.0707 ns/op
WorkloadActual  17: 2992736 op, 277516315.00 ns, 92.7300 ns/op
WorkloadActual  18: 2992736 op, 254641930.00 ns, 85.0867 ns/op
WorkloadActual  19: 2992736 op, 249645695.00 ns, 83.4172 ns/op
WorkloadActual  20: 2992736 op, 248759757.00 ns, 83.1212 ns/op
WorkloadActual  21: 2992736 op, 247238145.00 ns, 82.6127 ns/op
WorkloadActual  22: 2992736 op, 249177048.00 ns, 83.2606 ns/op
WorkloadActual  23: 2992736 op, 257710554.00 ns, 86.1120 ns/op
WorkloadActual  24: 2992736 op, 247688297.00 ns, 82.7632 ns/op
WorkloadActual  25: 2992736 op, 248445292.00 ns, 83.0161 ns/op
WorkloadActual  26: 2992736 op, 244281353.00 ns, 81.6248 ns/op
WorkloadActual  27: 2992736 op, 247818424.00 ns, 82.8066 ns/op
WorkloadActual  28: 2992736 op, 253530005.00 ns, 84.7151 ns/op
WorkloadActual  29: 2992736 op, 246256575.00 ns, 82.2848 ns/op
WorkloadActual  30: 2992736 op, 247500852.00 ns, 82.7005 ns/op
WorkloadActual  31: 2992736 op, 252044721.00 ns, 84.2188 ns/op
WorkloadActual  32: 2992736 op, 252402859.00 ns, 84.3385 ns/op
WorkloadActual  33: 2992736 op, 250279426.00 ns, 83.6290 ns/op
WorkloadActual  34: 2992736 op, 251155957.00 ns, 83.9219 ns/op
WorkloadActual  35: 2992736 op, 246071074.00 ns, 82.2228 ns/op
WorkloadActual  36: 2992736 op, 254835788.00 ns, 85.1514 ns/op
WorkloadActual  37: 2992736 op, 248787390.00 ns, 83.1304 ns/op
WorkloadActual  38: 2992736 op, 245841790.00 ns, 82.1462 ns/op
WorkloadActual  39: 2992736 op, 249372658.00 ns, 83.3260 ns/op
WorkloadActual  40: 2992736 op, 248041356.00 ns, 82.8811 ns/op
WorkloadActual  41: 2992736 op, 259256803.00 ns, 86.6287 ns/op
WorkloadActual  42: 2992736 op, 260291674.00 ns, 86.9745 ns/op
WorkloadActual  43: 2992736 op, 251303246.00 ns, 83.9711 ns/op
WorkloadActual  44: 2992736 op, 247039057.00 ns, 82.5462 ns/op
WorkloadActual  45: 2992736 op, 249517202.00 ns, 83.3743 ns/op
WorkloadActual  46: 2992736 op, 246383687.00 ns, 82.3272 ns/op
WorkloadActual  47: 2992736 op, 244213094.00 ns, 81.6020 ns/op
WorkloadActual  48: 2992736 op, 246496139.00 ns, 82.3648 ns/op
WorkloadActual  49: 2992736 op, 245635108.00 ns, 82.0771 ns/op
WorkloadActual  50: 2992736 op, 242171767.00 ns, 80.9199 ns/op
WorkloadActual  51: 2992736 op, 246692942.00 ns, 82.4306 ns/op
WorkloadActual  52: 2992736 op, 248646352.00 ns, 83.0833 ns/op
WorkloadActual  53: 2992736 op, 251672786.00 ns, 84.0945 ns/op
WorkloadActual  54: 2992736 op, 273100179.00 ns, 91.2544 ns/op
WorkloadActual  55: 2992736 op, 261442484.00 ns, 87.3590 ns/op
WorkloadActual  56: 2992736 op, 261007841.00 ns, 87.2138 ns/op
WorkloadActual  57: 2992736 op, 268388102.00 ns, 89.6798 ns/op
WorkloadActual  58: 2992736 op, 262292213.00 ns, 87.6430 ns/op
WorkloadActual  59: 2992736 op, 257629600.00 ns, 86.0850 ns/op
WorkloadActual  60: 2992736 op, 248512890.00 ns, 83.0387 ns/op
WorkloadActual  61: 2992736 op, 253110520.00 ns, 84.5750 ns/op
WorkloadActual  62: 2992736 op, 251019408.00 ns, 83.8762 ns/op
WorkloadActual  63: 2992736 op, 255171615.00 ns, 85.2637 ns/op
WorkloadActual  64: 2992736 op, 274581415.00 ns, 91.7493 ns/op
WorkloadActual  65: 2992736 op, 270030764.00 ns, 90.2287 ns/op
WorkloadActual  66: 2992736 op, 303035780.00 ns, 101.2571 ns/op
WorkloadActual  67: 2992736 op, 301172570.00 ns, 100.6345 ns/op
WorkloadActual  68: 2992736 op, 280741405.00 ns, 93.8076 ns/op
WorkloadActual  69: 2992736 op, 302221888.00 ns, 100.9851 ns/op
WorkloadActual  70: 2992736 op, 360808736.00 ns, 120.5615 ns/op
WorkloadActual  71: 2992736 op, 299433555.00 ns, 100.0534 ns/op
WorkloadActual  72: 2992736 op, 314242770.00 ns, 105.0018 ns/op
WorkloadActual  73: 2992736 op, 312869689.00 ns, 104.5430 ns/op
WorkloadActual  74: 2992736 op, 335068433.00 ns, 111.9606 ns/op
WorkloadActual  75: 2992736 op, 291361904.00 ns, 97.3564 ns/op
WorkloadActual  76: 2992736 op, 289673225.00 ns, 96.7921 ns/op
WorkloadActual  77: 2992736 op, 302419843.00 ns, 101.0513 ns/op
WorkloadActual  78: 2992736 op, 297317216.00 ns, 99.3463 ns/op
WorkloadActual  79: 2992736 op, 261603299.00 ns, 87.4128 ns/op
WorkloadActual  80: 2992736 op, 282128211.00 ns, 94.2710 ns/op
WorkloadActual  81: 2992736 op, 276424978.00 ns, 92.3653 ns/op
WorkloadActual  82: 2992736 op, 288476127.00 ns, 96.3921 ns/op
WorkloadActual  83: 2992736 op, 266623328.00 ns, 89.0902 ns/op
WorkloadActual  84: 2992736 op, 294552318.00 ns, 98.4224 ns/op
WorkloadActual  85: 2992736 op, 291701197.00 ns, 97.4697 ns/op
WorkloadActual  86: 2992736 op, 300499605.00 ns, 100.4097 ns/op
WorkloadActual  87: 2992736 op, 299296676.00 ns, 100.0077 ns/op
WorkloadActual  88: 2992736 op, 305654440.00 ns, 102.1321 ns/op
WorkloadActual  89: 2992736 op, 311652834.00 ns, 104.1364 ns/op
WorkloadActual  90: 2992736 op, 273002233.00 ns, 91.2216 ns/op
WorkloadActual  91: 2992736 op, 311612758.00 ns, 104.1230 ns/op
WorkloadActual  92: 2992736 op, 314068880.00 ns, 104.9437 ns/op
WorkloadActual  93: 2992736 op, 275506577.00 ns, 92.0584 ns/op
WorkloadActual  94: 2992736 op, 257347235.00 ns, 85.9906 ns/op
WorkloadActual  95: 2992736 op, 254048136.00 ns, 84.8883 ns/op
WorkloadActual  96: 2992736 op, 255746844.00 ns, 85.4559 ns/op
WorkloadActual  97: 2992736 op, 256928192.00 ns, 85.8506 ns/op
WorkloadActual  98: 2992736 op, 252759454.00 ns, 84.4577 ns/op
WorkloadActual  99: 2992736 op, 252691035.00 ns, 84.4348 ns/op
WorkloadActual  100: 2992736 op, 252974902.00 ns, 84.5296 ns/op

// AfterActualRun
WorkloadResult   1: 2992736 op, 272530568.00 ns, 91.0640 ns/op
WorkloadResult   2: 2992736 op, 306837350.00 ns, 102.5274 ns/op
WorkloadResult   3: 2992736 op, 278348320.00 ns, 93.0080 ns/op
WorkloadResult   4: 2992736 op, 269367827.00 ns, 90.0072 ns/op
WorkloadResult   5: 2992736 op, 272198800.00 ns, 90.9532 ns/op
WorkloadResult   6: 2992736 op, 289514443.00 ns, 96.7391 ns/op
WorkloadResult   7: 2992736 op, 329658904.00 ns, 110.1530 ns/op
WorkloadResult   8: 2992736 op, 309052206.00 ns, 103.2674 ns/op
WorkloadResult   9: 2992736 op, 287670289.00 ns, 96.1228 ns/op
WorkloadResult  10: 2992736 op, 286355049.00 ns, 95.6834 ns/op
WorkloadResult  11: 2992736 op, 273453327.00 ns, 91.3724 ns/op
WorkloadResult  12: 2992736 op, 275364999.00 ns, 92.0111 ns/op
WorkloadResult  13: 2992736 op, 277258496.00 ns, 92.6438 ns/op
WorkloadResult  14: 2992736 op, 266797938.00 ns, 89.1485 ns/op
WorkloadResult  15: 2992736 op, 268426544.00 ns, 89.6927 ns/op
WorkloadResult  16: 2992736 op, 267831437.00 ns, 89.4938 ns/op
WorkloadResult  17: 2992736 op, 269804575.00 ns, 90.1531 ns/op
WorkloadResult  18: 2992736 op, 246930190.00 ns, 82.5098 ns/op
WorkloadResult  19: 2992736 op, 241933955.00 ns, 80.8404 ns/op
WorkloadResult  20: 2992736 op, 241048017.00 ns, 80.5444 ns/op
WorkloadResult  21: 2992736 op, 239526405.00 ns, 80.0359 ns/op
WorkloadResult  22: 2992736 op, 241465308.00 ns, 80.6838 ns/op
WorkloadResult  23: 2992736 op, 249998814.00 ns, 83.5352 ns/op
WorkloadResult  24: 2992736 op, 239976557.00 ns, 80.1863 ns/op
WorkloadResult  25: 2992736 op, 240733552.00 ns, 80.4393 ns/op
WorkloadResult  26: 2992736 op, 236569613.00 ns, 79.0479 ns/op
WorkloadResult  27: 2992736 op, 240106684.00 ns, 80.2298 ns/op
WorkloadResult  28: 2992736 op, 245818265.00 ns, 82.1383 ns/op
WorkloadResult  29: 2992736 op, 238544835.00 ns, 79.7079 ns/op
WorkloadResult  30: 2992736 op, 239789112.00 ns, 80.1237 ns/op
WorkloadResult  31: 2992736 op, 244332981.00 ns, 81.6420 ns/op
WorkloadResult  32: 2992736 op, 244691119.00 ns, 81.7617 ns/op
WorkloadResult  33: 2992736 op, 242567686.00 ns, 81.0521 ns/op
WorkloadResult  34: 2992736 op, 243444217.00 ns, 81.3450 ns/op
WorkloadResult  35: 2992736 op, 238359334.00 ns, 79.6460 ns/op
WorkloadResult  36: 2992736 op, 247124048.00 ns, 82.5746 ns/op
WorkloadResult  37: 2992736 op, 241075650.00 ns, 80.5536 ns/op
WorkloadResult  38: 2992736 op, 238130050.00 ns, 79.5693 ns/op
WorkloadResult  39: 2992736 op, 241660918.00 ns, 80.7492 ns/op
WorkloadResult  40: 2992736 op, 240329616.00 ns, 80.3043 ns/op
WorkloadResult  41: 2992736 op, 251545063.00 ns, 84.0519 ns/op
WorkloadResult  42: 2992736 op, 252579934.00 ns, 84.3977 ns/op
WorkloadResult  43: 2992736 op, 243591506.00 ns, 81.3943 ns/op
WorkloadResult  44: 2992736 op, 239327317.00 ns, 79.9694 ns/op
WorkloadResult  45: 2992736 op, 241805462.00 ns, 80.7975 ns/op
WorkloadResult  46: 2992736 op, 238671947.00 ns, 79.7504 ns/op
WorkloadResult  47: 2992736 op, 236501354.00 ns, 79.0251 ns/op
WorkloadResult  48: 2992736 op, 238784399.00 ns, 79.7880 ns/op
WorkloadResult  49: 2992736 op, 237923368.00 ns, 79.5003 ns/op
WorkloadResult  50: 2992736 op, 234460027.00 ns, 78.3430 ns/op
WorkloadResult  51: 2992736 op, 238981202.00 ns, 79.8538 ns/op
WorkloadResult  52: 2992736 op, 240934612.00 ns, 80.5065 ns/op
WorkloadResult  53: 2992736 op, 243961046.00 ns, 81.5177 ns/op
WorkloadResult  54: 2992736 op, 265388439.00 ns, 88.6775 ns/op
WorkloadResult  55: 2992736 op, 253730744.00 ns, 84.7822 ns/op
WorkloadResult  56: 2992736 op, 253296101.00 ns, 84.6370 ns/op
WorkloadResult  57: 2992736 op, 260676362.00 ns, 87.1030 ns/op
WorkloadResult  58: 2992736 op, 254580473.00 ns, 85.0661 ns/op
WorkloadResult  59: 2992736 op, 249917860.00 ns, 83.5082 ns/op
WorkloadResult  60: 2992736 op, 240801150.00 ns, 80.4619 ns/op
WorkloadResult  61: 2992736 op, 245398780.00 ns, 81.9981 ns/op
WorkloadResult  62: 2992736 op, 243307668.00 ns, 81.2994 ns/op
WorkloadResult  63: 2992736 op, 247459875.00 ns, 82.6868 ns/op
WorkloadResult  64: 2992736 op, 266869675.00 ns, 89.1725 ns/op
WorkloadResult  65: 2992736 op, 262319024.00 ns, 87.6519 ns/op
WorkloadResult  66: 2992736 op, 295324040.00 ns, 98.6803 ns/op
WorkloadResult  67: 2992736 op, 293460830.00 ns, 98.0577 ns/op
WorkloadResult  68: 2992736 op, 273029665.00 ns, 91.2308 ns/op
WorkloadResult  69: 2992736 op, 294510148.00 ns, 98.4083 ns/op
WorkloadResult  70: 2992736 op, 291721815.00 ns, 97.4766 ns/op
WorkloadResult  71: 2992736 op, 306531030.00 ns, 102.4250 ns/op
WorkloadResult  72: 2992736 op, 305157949.00 ns, 101.9662 ns/op
WorkloadResult  73: 2992736 op, 327356693.00 ns, 109.3838 ns/op
WorkloadResult  74: 2992736 op, 283650164.00 ns, 94.7795 ns/op
WorkloadResult  75: 2992736 op, 281961485.00 ns, 94.2153 ns/op
WorkloadResult  76: 2992736 op, 294708103.00 ns, 98.4745 ns/op
WorkloadResult  77: 2992736 op, 289605476.00 ns, 96.7695 ns/op
WorkloadResult  78: 2992736 op, 253891559.00 ns, 84.8359 ns/op
WorkloadResult  79: 2992736 op, 274416471.00 ns, 91.6942 ns/op
WorkloadResult  80: 2992736 op, 268713238.00 ns, 89.7885 ns/op
WorkloadResult  81: 2992736 op, 280764387.00 ns, 93.8153 ns/op
WorkloadResult  82: 2992736 op, 258911588.00 ns, 86.5133 ns/op
WorkloadResult  83: 2992736 op, 286840578.00 ns, 95.8456 ns/op
WorkloadResult  84: 2992736 op, 283989457.00 ns, 94.8929 ns/op
WorkloadResult  85: 2992736 op, 292787865.00 ns, 97.8328 ns/op
WorkloadResult  86: 2992736 op, 291584936.00 ns, 97.4309 ns/op
WorkloadResult  87: 2992736 op, 297942700.00 ns, 99.5553 ns/op
WorkloadResult  88: 2992736 op, 303941094.00 ns, 101.5596 ns/op
WorkloadResult  89: 2992736 op, 265290493.00 ns, 88.6448 ns/op
WorkloadResult  90: 2992736 op, 303901018.00 ns, 101.5462 ns/op
WorkloadResult  91: 2992736 op, 306357140.00 ns, 102.3669 ns/op
WorkloadResult  92: 2992736 op, 267794837.00 ns, 89.4816 ns/op
WorkloadResult  93: 2992736 op, 249635495.00 ns, 83.4138 ns/op
WorkloadResult  94: 2992736 op, 246336396.00 ns, 82.3114 ns/op
WorkloadResult  95: 2992736 op, 248035104.00 ns, 82.8790 ns/op
WorkloadResult  96: 2992736 op, 249216452.00 ns, 83.2738 ns/op
WorkloadResult  97: 2992736 op, 245047714.00 ns, 81.8808 ns/op
WorkloadResult  98: 2992736 op, 244979295.00 ns, 81.8580 ns/op
WorkloadResult  99: 2992736 op, 245263162.00 ns, 81.9528 ns/op
// GC:  257 0 0 2154769920 2992736
// Threading:  0 0 2992736

// AfterAll
// Benchmark Process 52723 has exited with code 0.

Mean = 87.924 ns, StdErr = 0.802 ns (0.91%), N = 99, StdDev = 7.980 ns
Min = 78.343 ns, Q1 = 80.946 ns, Median = 84.782 ns, Q3 = 94.015 ns, Max = 110.153 ns
IQR = 13.069 ns, LowerFence = 61.343 ns, UpperFence = 113.619 ns
ConfidenceInterval = [85.203 ns; 90.645 ns] (CI 99.9%), Margin = 2.721 ns (3.09% of Mean)
Skewness = 0.76, Kurtosis = 2.5, MValue = 2.53

// ** Remained 23 (29.5%) benchmark(s) to run. Estimated finish 2026-02-19 8:51 (0h 7m from now) **
// **************************
// Benchmark: Scenario1.S1_ReturnOptionStringSuccess_EnumerationsOptions: .NET 10.0(Runtime=.NET 10.0, IterationTime=250ms) [Iterations=10]
// *** Execute ***
// Launch: 1 / 1
// Execute: dotnet "Enumerations.Options.Benchmarks-.NET 10.0-1.dll" --anonymousPipes 114 116 --benchmarkName "ReillyDigital.Enumerations.Options.Benchmarks.Scenarios.Scenario1.S1_ReturnOptionStringSuccess_EnumerationsOptions(Iterations: 10)" --job ".NET 10.0" --benchmarkId 55 in /media/andrew/Slowverflow/x/devs/reilly-digital/dotnet/enumerations.options.benchmarks/bin/Debug/net10.0/Enumerations.Options.Benchmarks-.NET 10.0-1/bin/Release/net10.0
// Failed to set up high priority (Permission denied). In order to run benchmarks with high priority, make sure you have the right permissions.
// BeforeAnythingElse

// Benchmark Process Environment Information:
// BenchmarkDotNet v0.15.8
// Runtime=.NET 10.0.3 (10.0.3, 10.0.326.7603), X64 RyuJIT x86-64-v3
// GC=Concurrent Workstation
// HardwareIntrinsics=AVX2+BMI1+BMI2+F16C+FMA+LZCNT+MOVBE,AVX,SSE3+SSSE3+SSE4.1+SSE4.2+POPCNT,X86Base+SSE+SSE2,AES+PCLMUL VectorSize=256
// Job: .NET 10.0(IterationTime=250ms)

OverheadJitting  1: 1 op, 168529.00 ns, 168.5290 us/op
WorkloadJitting  1: 1 op, 2678033.00 ns, 2.6780 ms/op

OverheadJitting  2: 16 op, 228303.00 ns, 14.2689 us/op
WorkloadJitting  2: 16 op, 234644.00 ns, 14.6653 us/op

WorkloadPilot    1: 16 op, 23074.00 ns, 1.4421 us/op
WorkloadPilot    2: 173360 op, 72183336.00 ns, 416.3783 ns/op
WorkloadPilot    3: 600416 op, 122573426.00 ns, 204.1475 ns/op
WorkloadPilot    4: 1224608 op, 63389947.00 ns, 51.7635 ns/op
WorkloadPilot    5: 4829664 op, 237555462.00 ns, 49.1867 ns/op
WorkloadPilot    6: 5082672 op, 244742056.00 ns, 48.1522 ns/op
WorkloadPilot    7: 5191872 op, 261216897.00 ns, 50.3127 ns/op
WorkloadPilot    8: 4968928 op, 248788562.00 ns, 50.0689 ns/op
WorkloadPilot    9: 4993136 op, 257504563.00 ns, 51.5717 ns/op
WorkloadPilot   10: 4847632 op, 266044061.00 ns, 54.8812 ns/op

OverheadWarmup   1: 4847632 op, 12958339.00 ns, 2.6731 ns/op
OverheadWarmup   2: 4847632 op, 12288610.00 ns, 2.5350 ns/op
OverheadWarmup   3: 4847632 op, 12307355.00 ns, 2.5388 ns/op
OverheadWarmup   4: 4847632 op, 12336099.00 ns, 2.5448 ns/op
OverheadWarmup   5: 4847632 op, 12074274.00 ns, 2.4908 ns/op
OverheadWarmup   6: 4847632 op, 12419297.00 ns, 2.5619 ns/op
OverheadWarmup   7: 4847632 op, 12159525.00 ns, 2.5083 ns/op

OverheadActual   1: 4847632 op, 12456167.00 ns, 2.5695 ns/op
OverheadActual   2: 4847632 op, 12094533.00 ns, 2.4949 ns/op
OverheadActual   3: 4847632 op, 12211113.00 ns, 2.5190 ns/op
OverheadActual   4: 4847632 op, 12077890.00 ns, 2.4915 ns/op
OverheadActual   5: 4847632 op, 12165867.00 ns, 2.5097 ns/op
OverheadActual   6: 4847632 op, 12088491.00 ns, 2.4937 ns/op
OverheadActual   7: 4847632 op, 12143575.00 ns, 2.5051 ns/op
OverheadActual   8: 4847632 op, 12198839.00 ns, 2.5165 ns/op
OverheadActual   9: 4847632 op, 12163122.00 ns, 2.5091 ns/op
OverheadActual  10: 4847632 op, 12119910.00 ns, 2.5002 ns/op
OverheadActual  11: 4847632 op, 12209280.00 ns, 2.5186 ns/op
OverheadActual  12: 4847632 op, 12165526.00 ns, 2.5096 ns/op
OverheadActual  13: 4847632 op, 12135770.00 ns, 2.5034 ns/op
OverheadActual  14: 4847632 op, 12223206.00 ns, 2.5215 ns/op
OverheadActual  15: 4847632 op, 12097808.00 ns, 2.4956 ns/op

WorkloadWarmup   1: 4847632 op, 246813210.00 ns, 50.9142 ns/op
WorkloadWarmup   2: 4847632 op, 263130532.00 ns, 54.2802 ns/op
WorkloadWarmup   3: 4847632 op, 267985749.00 ns, 55.2818 ns/op
WorkloadWarmup   4: 4847632 op, 247945434.00 ns, 51.1477 ns/op
WorkloadWarmup   5: 4847632 op, 268818237.00 ns, 55.4535 ns/op
WorkloadWarmup   6: 4847632 op, 258635737.00 ns, 53.3530 ns/op

// BeforeActualRun
WorkloadActual   1: 4847632 op, 287062509.00 ns, 59.2171 ns/op
WorkloadActual   2: 4847632 op, 313562852.00 ns, 64.6837 ns/op
WorkloadActual   3: 4847632 op, 304218379.00 ns, 62.7561 ns/op
WorkloadActual   4: 4847632 op, 300396349.00 ns, 61.9676 ns/op
WorkloadActual   5: 4847632 op, 275781729.00 ns, 56.8900 ns/op
WorkloadActual   6: 4847632 op, 280956562.00 ns, 57.9575 ns/op
WorkloadActual   7: 4847632 op, 295903127.00 ns, 61.0408 ns/op
WorkloadActual   8: 4847632 op, 295133809.00 ns, 60.8821 ns/op
WorkloadActual   9: 4847632 op, 301176467.00 ns, 62.1286 ns/op
WorkloadActual  10: 4847632 op, 298370652.00 ns, 61.5498 ns/op
WorkloadActual  11: 4847632 op, 300301159.00 ns, 61.9480 ns/op
WorkloadActual  12: 4847632 op, 287434283.00 ns, 59.2938 ns/op
WorkloadActual  13: 4847632 op, 282554800.00 ns, 58.2872 ns/op
WorkloadActual  14: 4847632 op, 282903350.00 ns, 58.3591 ns/op
WorkloadActual  15: 4847632 op, 269847186.00 ns, 55.6658 ns/op
WorkloadActual  16: 4847632 op, 276848369.00 ns, 57.1100 ns/op
WorkloadActual  17: 4847632 op, 282844087.00 ns, 58.3469 ns/op
WorkloadActual  18: 4847632 op, 261515943.00 ns, 53.9472 ns/op
WorkloadActual  19: 4847632 op, 270458214.00 ns, 55.7918 ns/op
WorkloadActual  20: 4847632 op, 271011562.00 ns, 55.9060 ns/op
WorkloadActual  21: 4847632 op, 273437677.00 ns, 56.4064 ns/op
WorkloadActual  22: 4847632 op, 270971116.00 ns, 55.8976 ns/op
WorkloadActual  23: 4847632 op, 246208374.00 ns, 50.7894 ns/op
WorkloadActual  24: 4847632 op, 267118236.00 ns, 55.1028 ns/op
WorkloadActual  25: 4847632 op, 269247220.00 ns, 55.5420 ns/op
WorkloadActual  26: 4847632 op, 248015608.00 ns, 51.1622 ns/op
WorkloadActual  27: 4847632 op, 245080747.00 ns, 50.5568 ns/op
WorkloadActual  28: 4847632 op, 267727921.00 ns, 55.2286 ns/op
WorkloadActual  29: 4847632 op, 262153440.00 ns, 54.0787 ns/op
WorkloadActual  30: 4847632 op, 243866347.00 ns, 50.3063 ns/op
WorkloadActual  31: 4847632 op, 249256569.00 ns, 51.4182 ns/op
WorkloadActual  32: 4847632 op, 262435535.00 ns, 54.1369 ns/op
WorkloadActual  33: 4847632 op, 245377019.00 ns, 50.6179 ns/op
WorkloadActual  34: 4847632 op, 256055769.00 ns, 52.8208 ns/op
WorkloadActual  35: 4847632 op, 250143218.00 ns, 51.6011 ns/op
WorkloadActual  36: 4847632 op, 277791516.00 ns, 57.3046 ns/op
WorkloadActual  37: 4847632 op, 345694633.00 ns, 71.3121 ns/op
WorkloadActual  38: 4847632 op, 303762806.00 ns, 62.6621 ns/op
WorkloadActual  39: 4847632 op, 271754108.00 ns, 56.0591 ns/op
WorkloadActual  40: 4847632 op, 259709090.00 ns, 53.5744 ns/op
WorkloadActual  41: 4847632 op, 263828835.00 ns, 54.4243 ns/op
WorkloadActual  42: 4847632 op, 264876379.00 ns, 54.6404 ns/op
WorkloadActual  43: 4847632 op, 232220776.00 ns, 47.9040 ns/op
WorkloadActual  44: 4847632 op, 284188535.00 ns, 58.6242 ns/op
WorkloadActual  45: 4847632 op, 263131804.00 ns, 54.2805 ns/op
WorkloadActual  46: 4847632 op, 303594979.00 ns, 62.6275 ns/op
WorkloadActual  47: 4847632 op, 255622899.00 ns, 52.7315 ns/op
WorkloadActual  48: 4847632 op, 268618338.00 ns, 55.4123 ns/op
WorkloadActual  49: 4847632 op, 274105142.00 ns, 56.5441 ns/op
WorkloadActual  50: 4847632 op, 263607926.00 ns, 54.3787 ns/op
WorkloadActual  51: 4847632 op, 256932380.00 ns, 53.0016 ns/op
WorkloadActual  52: 4847632 op, 259840929.00 ns, 53.6016 ns/op
WorkloadActual  53: 4847632 op, 293952872.00 ns, 60.6384 ns/op
WorkloadActual  54: 4847632 op, 233146118.00 ns, 48.0948 ns/op
WorkloadActual  55: 4847632 op, 231192227.00 ns, 47.6918 ns/op
WorkloadActual  56: 4847632 op, 254618166.00 ns, 52.5242 ns/op
WorkloadActual  57: 4847632 op, 228757534.00 ns, 47.1895 ns/op
WorkloadActual  58: 4847632 op, 259586619.00 ns, 53.5492 ns/op
WorkloadActual  59: 4847632 op, 274835847.00 ns, 56.6949 ns/op
WorkloadActual  60: 4847632 op, 264207693.00 ns, 54.5024 ns/op
WorkloadActual  61: 4847632 op, 257149902.00 ns, 53.0465 ns/op
WorkloadActual  62: 4847632 op, 260114678.00 ns, 53.6581 ns/op
WorkloadActual  63: 4847632 op, 264273607.00 ns, 54.5160 ns/op
WorkloadActual  64: 4847632 op, 260288668.00 ns, 53.6940 ns/op
WorkloadActual  65: 4847632 op, 231979038.00 ns, 47.8541 ns/op
WorkloadActual  66: 4847632 op, 229620138.00 ns, 47.3675 ns/op
WorkloadActual  67: 4847632 op, 228227551.00 ns, 47.0802 ns/op
WorkloadActual  68: 4847632 op, 301395261.00 ns, 62.1737 ns/op
WorkloadActual  69: 4847632 op, 287283478.00 ns, 59.2626 ns/op
WorkloadActual  70: 4847632 op, 289167076.00 ns, 59.6512 ns/op
WorkloadActual  71: 4847632 op, 227813566.00 ns, 46.9948 ns/op
WorkloadActual  72: 4847632 op, 281052303.00 ns, 57.9772 ns/op
WorkloadActual  73: 4847632 op, 283170165.00 ns, 58.4141 ns/op
WorkloadActual  74: 4847632 op, 258752358.00 ns, 53.3771 ns/op
WorkloadActual  75: 4847632 op, 261464966.00 ns, 53.9366 ns/op
WorkloadActual  76: 4847632 op, 259872660.00 ns, 53.6082 ns/op
WorkloadActual  77: 4847632 op, 265142573.00 ns, 54.6953 ns/op
WorkloadActual  78: 4847632 op, 245628415.00 ns, 50.6698 ns/op
WorkloadActual  79: 4847632 op, 233743891.00 ns, 48.2182 ns/op
WorkloadActual  80: 4847632 op, 248449299.00 ns, 51.2517 ns/op
WorkloadActual  81: 4847632 op, 271982712.00 ns, 56.1063 ns/op
WorkloadActual  82: 4847632 op, 338350069.00 ns, 69.7970 ns/op
WorkloadActual  83: 4847632 op, 389151660.00 ns, 80.2767 ns/op
WorkloadActual  84: 4847632 op, 317633945.00 ns, 65.5235 ns/op
WorkloadActual  85: 4847632 op, 285414678.00 ns, 58.8771 ns/op
WorkloadActual  86: 4847632 op, 257526005.00 ns, 53.1241 ns/op
WorkloadActual  87: 4847632 op, 256318928.00 ns, 52.8751 ns/op
WorkloadActual  88: 4847632 op, 318006390.00 ns, 65.6004 ns/op
WorkloadActual  89: 4847632 op, 292586274.00 ns, 60.3565 ns/op
WorkloadActual  90: 4847632 op, 239616466.00 ns, 49.4296 ns/op
WorkloadActual  91: 4847632 op, 236198862.00 ns, 48.7246 ns/op
WorkloadActual  92: 4847632 op, 259548075.00 ns, 53.5412 ns/op
WorkloadActual  93: 4847632 op, 259971077.00 ns, 53.6285 ns/op
WorkloadActual  94: 4847632 op, 263885041.00 ns, 54.4359 ns/op
WorkloadActual  95: 4847632 op, 265460636.00 ns, 54.7609 ns/op
WorkloadActual  96: 4847632 op, 270485826.00 ns, 55.7975 ns/op
WorkloadActual  97: 4847632 op, 270307608.00 ns, 55.7608 ns/op
WorkloadActual  98: 4847632 op, 257208543.00 ns, 53.0586 ns/op
WorkloadActual  99: 4847632 op, 229511483.00 ns, 47.3451 ns/op
WorkloadActual  100: 4847632 op, 256698306.00 ns, 52.9533 ns/op

// AfterActualRun
WorkloadResult   1: 4847632 op, 274899387.00 ns, 56.7080 ns/op
WorkloadResult   2: 4847632 op, 301399730.00 ns, 62.1746 ns/op
WorkloadResult   3: 4847632 op, 292055257.00 ns, 60.2470 ns/op
WorkloadResult   4: 4847632 op, 288233227.00 ns, 59.4586 ns/op
WorkloadResult   5: 4847632 op, 263618607.00 ns, 54.3809 ns/op
WorkloadResult   6: 4847632 op, 268793440.00 ns, 55.4484 ns/op
WorkloadResult   7: 4847632 op, 283740005.00 ns, 58.5317 ns/op
WorkloadResult   8: 4847632 op, 282970687.00 ns, 58.3730 ns/op
WorkloadResult   9: 4847632 op, 289013345.00 ns, 59.6195 ns/op
WorkloadResult  10: 4847632 op, 286207530.00 ns, 59.0407 ns/op
WorkloadResult  11: 4847632 op, 288138037.00 ns, 59.4389 ns/op
WorkloadResult  12: 4847632 op, 275271161.00 ns, 56.7847 ns/op
WorkloadResult  13: 4847632 op, 270391678.00 ns, 55.7781 ns/op
WorkloadResult  14: 4847632 op, 270740228.00 ns, 55.8500 ns/op
WorkloadResult  15: 4847632 op, 257684064.00 ns, 53.1567 ns/op
WorkloadResult  16: 4847632 op, 264685247.00 ns, 54.6009 ns/op
WorkloadResult  17: 4847632 op, 270680965.00 ns, 55.8378 ns/op
WorkloadResult  18: 4847632 op, 249352821.00 ns, 51.4381 ns/op
WorkloadResult  19: 4847632 op, 258295092.00 ns, 53.2827 ns/op
WorkloadResult  20: 4847632 op, 258848440.00 ns, 53.3969 ns/op
WorkloadResult  21: 4847632 op, 261274555.00 ns, 53.8974 ns/op
WorkloadResult  22: 4847632 op, 258807994.00 ns, 53.3885 ns/op
WorkloadResult  23: 4847632 op, 234045252.00 ns, 48.2803 ns/op
WorkloadResult  24: 4847632 op, 254955114.00 ns, 52.5937 ns/op
WorkloadResult  25: 4847632 op, 257084098.00 ns, 53.0329 ns/op
WorkloadResult  26: 4847632 op, 235852486.00 ns, 48.6531 ns/op
WorkloadResult  27: 4847632 op, 232917625.00 ns, 48.0477 ns/op
WorkloadResult  28: 4847632 op, 255564799.00 ns, 52.7195 ns/op
WorkloadResult  29: 4847632 op, 249990318.00 ns, 51.5696 ns/op
WorkloadResult  30: 4847632 op, 231703225.00 ns, 47.7972 ns/op
WorkloadResult  31: 4847632 op, 237093447.00 ns, 48.9091 ns/op
WorkloadResult  32: 4847632 op, 250272413.00 ns, 51.6278 ns/op
WorkloadResult  33: 4847632 op, 233213897.00 ns, 48.1088 ns/op
WorkloadResult  34: 4847632 op, 243892647.00 ns, 50.3117 ns/op
WorkloadResult  35: 4847632 op, 237980096.00 ns, 49.0920 ns/op
WorkloadResult  36: 4847632 op, 265628394.00 ns, 54.7955 ns/op
WorkloadResult  37: 4847632 op, 291599684.00 ns, 60.1530 ns/op
WorkloadResult  38: 4847632 op, 259590986.00 ns, 53.5501 ns/op
WorkloadResult  39: 4847632 op, 247545968.00 ns, 51.0653 ns/op
WorkloadResult  40: 4847632 op, 251665713.00 ns, 51.9152 ns/op
WorkloadResult  41: 4847632 op, 252713257.00 ns, 52.1313 ns/op
WorkloadResult  42: 4847632 op, 220057654.00 ns, 45.3949 ns/op
WorkloadResult  43: 4847632 op, 272025413.00 ns, 56.1151 ns/op
WorkloadResult  44: 4847632 op, 250968682.00 ns, 51.7714 ns/op
WorkloadResult  45: 4847632 op, 291431857.00 ns, 60.1184 ns/op
WorkloadResult  46: 4847632 op, 243459777.00 ns, 50.2224 ns/op
WorkloadResult  47: 4847632 op, 256455216.00 ns, 52.9032 ns/op
WorkloadResult  48: 4847632 op, 261942020.00 ns, 54.0350 ns/op
WorkloadResult  49: 4847632 op, 251444804.00 ns, 51.8696 ns/op
WorkloadResult  50: 4847632 op, 244769258.00 ns, 50.4925 ns/op
WorkloadResult  51: 4847632 op, 247677807.00 ns, 51.0925 ns/op
WorkloadResult  52: 4847632 op, 281789750.00 ns, 58.1294 ns/op
WorkloadResult  53: 4847632 op, 220982996.00 ns, 45.5858 ns/op
WorkloadResult  54: 4847632 op, 219029105.00 ns, 45.1827 ns/op
WorkloadResult  55: 4847632 op, 242455044.00 ns, 50.0152 ns/op
WorkloadResult  56: 4847632 op, 216594412.00 ns, 44.6805 ns/op
WorkloadResult  57: 4847632 op, 247423497.00 ns, 51.0401 ns/op
WorkloadResult  58: 4847632 op, 262672725.00 ns, 54.1858 ns/op
WorkloadResult  59: 4847632 op, 252044571.00 ns, 51.9933 ns/op
WorkloadResult  60: 4847632 op, 244986780.00 ns, 50.5374 ns/op
WorkloadResult  61: 4847632 op, 247951556.00 ns, 51.1490 ns/op
WorkloadResult  62: 4847632 op, 252110485.00 ns, 52.0069 ns/op
WorkloadResult  63: 4847632 op, 248125546.00 ns, 51.1849 ns/op
WorkloadResult  64: 4847632 op, 219815916.00 ns, 45.3450 ns/op
WorkloadResult  65: 4847632 op, 217457016.00 ns, 44.8584 ns/op
WorkloadResult  66: 4847632 op, 216064429.00 ns, 44.5711 ns/op
WorkloadResult  67: 4847632 op, 289232139.00 ns, 59.6646 ns/op
WorkloadResult  68: 4847632 op, 275120356.00 ns, 56.7536 ns/op
WorkloadResult  69: 4847632 op, 277003954.00 ns, 57.1421 ns/op
WorkloadResult  70: 4847632 op, 215650444.00 ns, 44.4857 ns/op
WorkloadResult  71: 4847632 op, 268889181.00 ns, 55.4682 ns/op
WorkloadResult  72: 4847632 op, 271007043.00 ns, 55.9050 ns/op
WorkloadResult  73: 4847632 op, 246589236.00 ns, 50.8680 ns/op
WorkloadResult  74: 4847632 op, 249301844.00 ns, 51.4276 ns/op
WorkloadResult  75: 4847632 op, 247709538.00 ns, 51.0991 ns/op
WorkloadResult  76: 4847632 op, 252979451.00 ns, 52.1862 ns/op
WorkloadResult  77: 4847632 op, 233465293.00 ns, 48.1607 ns/op
WorkloadResult  78: 4847632 op, 221580769.00 ns, 45.7091 ns/op
WorkloadResult  79: 4847632 op, 236286177.00 ns, 48.7426 ns/op
WorkloadResult  80: 4847632 op, 259819590.00 ns, 53.5972 ns/op
WorkloadResult  81: 4847632 op, 305470823.00 ns, 63.0144 ns/op
WorkloadResult  82: 4847632 op, 273251556.00 ns, 56.3680 ns/op
WorkloadResult  83: 4847632 op, 245362883.00 ns, 50.6150 ns/op
WorkloadResult  84: 4847632 op, 244155806.00 ns, 50.3660 ns/op
WorkloadResult  85: 4847632 op, 305843268.00 ns, 63.0913 ns/op
WorkloadResult  86: 4847632 op, 280423152.00 ns, 57.8475 ns/op
WorkloadResult  87: 4847632 op, 227453344.00 ns, 46.9205 ns/op
WorkloadResult  88: 4847632 op, 224035740.00 ns, 46.2155 ns/op
WorkloadResult  89: 4847632 op, 247384953.00 ns, 51.0321 ns/op
WorkloadResult  90: 4847632 op, 247807955.00 ns, 51.1194 ns/op
WorkloadResult  91: 4847632 op, 251721919.00 ns, 51.9268 ns/op
WorkloadResult  92: 4847632 op, 253297514.00 ns, 52.2518 ns/op
WorkloadResult  93: 4847632 op, 258322704.00 ns, 53.2884 ns/op
WorkloadResult  94: 4847632 op, 258144486.00 ns, 53.2517 ns/op
WorkloadResult  95: 4847632 op, 245045421.00 ns, 50.5495 ns/op
WorkloadResult  96: 4847632 op, 217348361.00 ns, 44.8360 ns/op
WorkloadResult  97: 4847632 op, 244535184.00 ns, 50.4443 ns/op
// GC:  185 0 0 1551242240 4847632
// Threading:  0 0 4847632

// AfterAll
// Benchmark Process 53278 has exited with code 0.

Mean = 52.619 ns, StdErr = 0.452 ns (0.86%), N = 97, StdDev = 4.447 ns
Min = 44.486 ns, Q1 = 50.366 ns, Median = 52.007 ns, Q3 = 55.778 ns, Max = 63.091 ns
IQR = 5.412 ns, LowerFence = 42.248 ns, UpperFence = 63.896 ns
ConfidenceInterval = [51.086 ns; 54.151 ns] (CI 99.9%), Margin = 1.533 ns (2.91% of Mean)
Skewness = 0.2, Kurtosis = 2.59, MValue = 2.13

// ** Remained 22 (28.2%) benchmark(s) to run. Estimated finish 2026-02-19 8:51 (0h 7m from now) **
// **************************
// Benchmark: Scenario1.S1_ReturnOptionStringSuccess_FluentResults: .NET 10.0(Runtime=.NET 10.0, IterationTime=250ms) [Iterations=10]
// *** Execute ***
// Launch: 1 / 1
// Execute: dotnet "Enumerations.Options.Benchmarks-.NET 10.0-1.dll" --anonymousPipes 114 116 --benchmarkName "ReillyDigital.Enumerations.Options.Benchmarks.Scenarios.Scenario1.S1_ReturnOptionStringSuccess_FluentResults(Iterations: 10)" --job ".NET 10.0" --benchmarkId 56 in /media/andrew/Slowverflow/x/devs/reilly-digital/dotnet/enumerations.options.benchmarks/bin/Debug/net10.0/Enumerations.Options.Benchmarks-.NET 10.0-1/bin/Release/net10.0
// Failed to set up high priority (Permission denied). In order to run benchmarks with high priority, make sure you have the right permissions.
// BeforeAnythingElse

// Benchmark Process Environment Information:
// BenchmarkDotNet v0.15.8
// Runtime=.NET 10.0.3 (10.0.3, 10.0.326.7603), X64 RyuJIT x86-64-v3
// GC=Concurrent Workstation
// HardwareIntrinsics=AVX2+BMI1+BMI2+F16C+FMA+LZCNT+MOVBE,AVX,SSE3+SSSE3+SSE4.1+SSE4.2+POPCNT,X86Base+SSE+SSE2,AES+PCLMUL VectorSize=256
// Job: .NET 10.0(IterationTime=250ms)

OverheadJitting  1: 1 op, 164842.00 ns, 164.8420 us/op
WorkloadJitting  1: 1 op, 3497766.00 ns, 3.4978 ms/op

OverheadJitting  2: 16 op, 250806.00 ns, 15.6754 us/op
WorkloadJitting  2: 16 op, 266404.00 ns, 16.6503 us/op

WorkloadPilot    1: 16 op, 53621.00 ns, 3.3513 us/op
WorkloadPilot    2: 74608 op, 136152000.00 ns, 1.8249 us/op
WorkloadPilot    3: 137008 op, 82251089.00 ns, 600.3379 ns/op
WorkloadPilot    4: 416432 op, 108210126.00 ns, 259.8507 ns/op
WorkloadPilot    5: 962096 op, 234523388.00 ns, 243.7630 ns/op
WorkloadPilot    6: 1025600 op, 228628330.00 ns, 222.9215 ns/op
WorkloadPilot    7: 1121472 op, 245090917.00 ns, 218.5439 ns/op
WorkloadPilot    8: 1143936 op, 252360519.00 ns, 220.6072 ns/op
WorkloadPilot    9: 1133248 op, 253194909.00 ns, 223.4241 ns/op
WorkloadPilot   10: 1118960 op, 253570481.00 ns, 226.6126 ns/op

OverheadWarmup   1: 1118960 op, 3168192.00 ns, 2.8314 ns/op
OverheadWarmup   2: 1118960 op, 3169124.00 ns, 2.8322 ns/op
OverheadWarmup   3: 1118960 op, 3062221.00 ns, 2.7367 ns/op
OverheadWarmup   4: 1118960 op, 3119620.00 ns, 2.7880 ns/op
OverheadWarmup   5: 1118960 op, 3082139.00 ns, 2.7545 ns/op

OverheadActual   1: 1118960 op, 3136331.00 ns, 2.8029 ns/op
OverheadActual   2: 1118960 op, 3067892.00 ns, 2.7417 ns/op
OverheadActual   3: 1118960 op, 3105643.00 ns, 2.7755 ns/op
OverheadActual   4: 1118960 op, 3120983.00 ns, 2.7892 ns/op
OverheadActual   5: 1118960 op, 3167972.00 ns, 2.8312 ns/op
OverheadActual   6: 1118960 op, 3085516.00 ns, 2.7575 ns/op
OverheadActual   7: 1118960 op, 3111004.00 ns, 2.7803 ns/op
OverheadActual   8: 1118960 op, 3106615.00 ns, 2.7763 ns/op
OverheadActual   9: 1118960 op, 3136001.00 ns, 2.8026 ns/op
OverheadActual  10: 1118960 op, 3055689.00 ns, 2.7308 ns/op
OverheadActual  11: 1118960 op, 3084223.00 ns, 2.7563 ns/op
OverheadActual  12: 1118960 op, 3059746.00 ns, 2.7345 ns/op
OverheadActual  13: 1118960 op, 3101746.00 ns, 2.7720 ns/op
OverheadActual  14: 1118960 op, 3096577.00 ns, 2.7674 ns/op
OverheadActual  15: 1118960 op, 3104671.00 ns, 2.7746 ns/op

WorkloadWarmup   1: 1118960 op, 250030004.00 ns, 223.4486 ns/op
WorkloadWarmup   2: 1118960 op, 239095048.00 ns, 213.6761 ns/op
WorkloadWarmup   3: 1118960 op, 237746985.00 ns, 212.4714 ns/op
WorkloadWarmup   4: 1118960 op, 235293106.00 ns, 210.2784 ns/op
WorkloadWarmup   5: 1118960 op, 235570010.00 ns, 210.5259 ns/op
WorkloadWarmup   6: 1118960 op, 235645143.00 ns, 210.5930 ns/op
WorkloadWarmup   7: 1118960 op, 237081123.00 ns, 211.8763 ns/op
WorkloadWarmup   8: 1118960 op, 237232440.00 ns, 212.0115 ns/op
WorkloadWarmup   9: 1118960 op, 237223473.00 ns, 212.0035 ns/op
WorkloadWarmup  10: 1118960 op, 237182615.00 ns, 211.9670 ns/op
WorkloadWarmup  11: 1118960 op, 241212109.00 ns, 215.5681 ns/op
WorkloadWarmup  12: 1118960 op, 241368966.00 ns, 215.7083 ns/op
WorkloadWarmup  13: 1118960 op, 247110333.00 ns, 220.8393 ns/op
WorkloadWarmup  14: 1118960 op, 238532032.00 ns, 213.1730 ns/op

// BeforeActualRun
WorkloadActual   1: 1118960 op, 239265180.00 ns, 213.8282 ns/op
WorkloadActual   2: 1118960 op, 266562724.00 ns, 238.2236 ns/op
WorkloadActual   3: 1118960 op, 264037310.00 ns, 235.9667 ns/op
WorkloadActual   4: 1118960 op, 263530559.00 ns, 235.5138 ns/op
WorkloadActual   5: 1118960 op, 266646362.00 ns, 238.2984 ns/op
WorkloadActual   6: 1118960 op, 264328662.00 ns, 236.2271 ns/op
WorkloadActual   7: 1118960 op, 263229469.00 ns, 235.2448 ns/op
WorkloadActual   8: 1118960 op, 257501408.00 ns, 230.1257 ns/op
WorkloadActual   9: 1118960 op, 256610570.00 ns, 229.3295 ns/op
WorkloadActual  10: 1118960 op, 250880555.00 ns, 224.2087 ns/op
WorkloadActual  11: 1118960 op, 256046701.00 ns, 228.8256 ns/op
WorkloadActual  12: 1118960 op, 248521385.00 ns, 222.1003 ns/op
WorkloadActual  13: 1118960 op, 245524519.00 ns, 219.4221 ns/op
WorkloadActual  14: 1118960 op, 249127023.00 ns, 222.6416 ns/op
WorkloadActual  15: 1118960 op, 249672797.00 ns, 223.1293 ns/op
WorkloadActual  16: 1118960 op, 250010006.00 ns, 223.4307 ns/op
WorkloadActual  17: 1118960 op, 248511117.00 ns, 222.0912 ns/op
WorkloadActual  18: 1118960 op, 237043953.00 ns, 211.8431 ns/op
WorkloadActual  19: 1118960 op, 240067280.00 ns, 214.5450 ns/op
WorkloadActual  20: 1118960 op, 239355732.00 ns, 213.9091 ns/op
WorkloadActual  21: 1118960 op, 240268011.00 ns, 214.7244 ns/op
WorkloadActual  22: 1118960 op, 242341558.00 ns, 216.5775 ns/op
WorkloadActual  23: 1118960 op, 243403109.00 ns, 217.5262 ns/op
WorkloadActual  24: 1118960 op, 242974448.00 ns, 217.1431 ns/op
WorkloadActual  25: 1118960 op, 241900593.00 ns, 216.1834 ns/op
WorkloadActual  26: 1118960 op, 245405092.00 ns, 219.3153 ns/op
WorkloadActual  27: 1118960 op, 245258074.00 ns, 219.1840 ns/op
WorkloadActual  28: 1118960 op, 251027423.00 ns, 224.3399 ns/op
WorkloadActual  29: 1118960 op, 268091890.00 ns, 239.5902 ns/op
WorkloadActual  30: 1118960 op, 265795300.00 ns, 237.5378 ns/op
WorkloadActual  31: 1118960 op, 258379591.00 ns, 230.9105 ns/op
WorkloadActual  32: 1118960 op, 257369208.00 ns, 230.0075 ns/op
WorkloadActual  33: 1118960 op, 251712371.00 ns, 224.9521 ns/op
WorkloadActual  34: 1118960 op, 250816654.00 ns, 224.1516 ns/op
WorkloadActual  35: 1118960 op, 250345671.00 ns, 223.7307 ns/op
WorkloadActual  36: 1118960 op, 254103391.00 ns, 227.0889 ns/op
WorkloadActual  37: 1118960 op, 256649865.00 ns, 229.3646 ns/op
WorkloadActual  38: 1118960 op, 249374212.00 ns, 222.8625 ns/op
WorkloadActual  39: 1118960 op, 253123714.00 ns, 226.2134 ns/op

// AfterActualRun
WorkloadResult   1: 1118960 op, 236160509.00 ns, 211.0536 ns/op
WorkloadResult   2: 1118960 op, 263458053.00 ns, 235.4490 ns/op
WorkloadResult   3: 1118960 op, 260932639.00 ns, 233.1921 ns/op
WorkloadResult   4: 1118960 op, 260425888.00 ns, 232.7392 ns/op
WorkloadResult   5: 1118960 op, 263541691.00 ns, 235.5238 ns/op
WorkloadResult   6: 1118960 op, 261223991.00 ns, 233.4525 ns/op
WorkloadResult   7: 1118960 op, 260124798.00 ns, 232.4701 ns/op
WorkloadResult   8: 1118960 op, 254396737.00 ns, 227.3511 ns/op
WorkloadResult   9: 1118960 op, 253505899.00 ns, 226.5549 ns/op
WorkloadResult  10: 1118960 op, 247775884.00 ns, 221.4341 ns/op
WorkloadResult  11: 1118960 op, 252942030.00 ns, 226.0510 ns/op
WorkloadResult  12: 1118960 op, 245416714.00 ns, 219.3257 ns/op
WorkloadResult  13: 1118960 op, 242419848.00 ns, 216.6475 ns/op
WorkloadResult  14: 1118960 op, 246022352.00 ns, 219.8670 ns/op
WorkloadResult  15: 1118960 op, 246568126.00 ns, 220.3547 ns/op
WorkloadResult  16: 1118960 op, 246905335.00 ns, 220.6561 ns/op
WorkloadResult  17: 1118960 op, 245406446.00 ns, 219.3165 ns/op
WorkloadResult  18: 1118960 op, 233939282.00 ns, 209.0685 ns/op
WorkloadResult  19: 1118960 op, 236962609.00 ns, 211.7704 ns/op
WorkloadResult  20: 1118960 op, 236251061.00 ns, 211.1345 ns/op
WorkloadResult  21: 1118960 op, 237163340.00 ns, 211.9498 ns/op
WorkloadResult  22: 1118960 op, 239236887.00 ns, 213.8029 ns/op
WorkloadResult  23: 1118960 op, 240298438.00 ns, 214.7516 ns/op
WorkloadResult  24: 1118960 op, 239869777.00 ns, 214.3685 ns/op
WorkloadResult  25: 1118960 op, 238795922.00 ns, 213.4088 ns/op
WorkloadResult  26: 1118960 op, 242300421.00 ns, 216.5407 ns/op
WorkloadResult  27: 1118960 op, 242153403.00 ns, 216.4093 ns/op
WorkloadResult  28: 1118960 op, 247922752.00 ns, 221.5653 ns/op
WorkloadResult  29: 1118960 op, 264987219.00 ns, 236.8156 ns/op
WorkloadResult  30: 1118960 op, 262690629.00 ns, 234.7632 ns/op
WorkloadResult  31: 1118960 op, 255274920.00 ns, 228.1359 ns/op
WorkloadResult  32: 1118960 op, 254264537.00 ns, 227.2329 ns/op
WorkloadResult  33: 1118960 op, 248607700.00 ns, 222.1775 ns/op
WorkloadResult  34: 1118960 op, 247711983.00 ns, 221.3770 ns/op
WorkloadResult  35: 1118960 op, 247241000.00 ns, 220.9561 ns/op
WorkloadResult  36: 1118960 op, 250998720.00 ns, 224.3143 ns/op
WorkloadResult  37: 1118960 op, 253545194.00 ns, 226.5900 ns/op
WorkloadResult  38: 1118960 op, 246269541.00 ns, 220.0879 ns/op
WorkloadResult  39: 1118960 op, 250019043.00 ns, 223.4388 ns/op
// GC:  149 0 0 1253235200 1118960
// Threading:  0 0 1118960

// AfterAll
// Benchmark Process 53576 has exited with code 0.

Mean = 222.361 ns, StdErr = 1.263 ns (0.57%), N = 39, StdDev = 7.886 ns
Min = 209.068 ns, Q1 = 216.475 ns, Median = 221.377 ns, Q3 = 227.292 ns, Max = 236.816 ns
IQR = 10.817 ns, LowerFence = 200.250 ns, UpperFence = 243.517 ns
ConfidenceInterval = [217.859 ns; 226.864 ns] (CI 99.9%), Margin = 4.503 ns (2.02% of Mean)
Skewness = 0.23, Kurtosis = 1.93, MValue = 2

// ** Remained 21 (26.9%) benchmark(s) to run. Estimated finish 2026-02-19 8:51 (0h 6m from now) **
// **************************
// Benchmark: Scenario1.S1_ReturnOptionStringSuccess_LightResults: .NET 10.0(Runtime=.NET 10.0, IterationTime=250ms) [Iterations=10]
// *** Execute ***
// Launch: 1 / 1
// Execute: dotnet "Enumerations.Options.Benchmarks-.NET 10.0-1.dll" --anonymousPipes 114 116 --benchmarkName "ReillyDigital.Enumerations.Options.Benchmarks.Scenarios.Scenario1.S1_ReturnOptionStringSuccess_LightResults(Iterations: 10)" --job ".NET 10.0" --benchmarkId 57 in /media/andrew/Slowverflow/x/devs/reilly-digital/dotnet/enumerations.options.benchmarks/bin/Debug/net10.0/Enumerations.Options.Benchmarks-.NET 10.0-1/bin/Release/net10.0
// Failed to set up high priority (Permission denied). In order to run benchmarks with high priority, make sure you have the right permissions.
// BeforeAnythingElse

// Benchmark Process Environment Information:
// BenchmarkDotNet v0.15.8
// Runtime=.NET 10.0.3 (10.0.3, 10.0.326.7603), X64 RyuJIT x86-64-v3
// GC=Concurrent Workstation
// HardwareIntrinsics=AVX2+BMI1+BMI2+F16C+FMA+LZCNT+MOVBE,AVX,SSE3+SSSE3+SSE4.1+SSE4.2+POPCNT,X86Base+SSE+SSE2,AES+PCLMUL VectorSize=256
// Job: .NET 10.0(IterationTime=250ms)

OverheadJitting  1: 1 op, 179289.00 ns, 179.2890 us/op
WorkloadJitting  1: 1 op, 2020738.00 ns, 2.0207 ms/op

OverheadJitting  2: 16 op, 198536.00 ns, 12.4085 us/op
WorkloadJitting  2: 16 op, 200279.00 ns, 12.5174 us/op

WorkloadPilot    1: 16 op, 3136.00 ns, 196.0000 ns/op
WorkloadPilot    2: 1275520 op, 157421113.00 ns, 123.4172 ns/op
WorkloadPilot    3: 2025664 op, 10475224.00 ns, 5.1713 ns/op
WorkloadPilot    4: 48344176 op, 261907775.00 ns, 5.4176 ns/op
WorkloadPilot    5: 46146192 op, 248615695.00 ns, 5.3876 ns/op
WorkloadPilot    6: 46403136 op, 240202897.00 ns, 5.1764 ns/op
WorkloadPilot    7: 48295776 op, 255772562.00 ns, 5.2960 ns/op
WorkloadPilot    8: 47205792 op, 245885582.00 ns, 5.2088 ns/op
WorkloadPilot    9: 47995696 op, 238977656.00 ns, 4.9791 ns/op
WorkloadPilot   10: 50209408 op, 270527956.00 ns, 5.3880 ns/op

OverheadWarmup   1: 50209408 op, 139440730.00 ns, 2.7772 ns/op
OverheadWarmup   2: 50209408 op, 105427354.00 ns, 2.0998 ns/op
OverheadWarmup   3: 50209408 op, 77308756.00 ns, 1.5397 ns/op
OverheadWarmup   4: 50209408 op, 77294279.00 ns, 1.5394 ns/op
OverheadWarmup   5: 50209408 op, 77378708.00 ns, 1.5411 ns/op
OverheadWarmup   6: 50209408 op, 77043223.00 ns, 1.5344 ns/op
OverheadWarmup   7: 50209408 op, 76819448.00 ns, 1.5300 ns/op
OverheadWarmup   8: 50209408 op, 76760487.00 ns, 1.5288 ns/op
OverheadWarmup   9: 50209408 op, 76977799.00 ns, 1.5331 ns/op
OverheadWarmup  10: 50209408 op, 76880214.00 ns, 1.5312 ns/op

OverheadActual   1: 50209408 op, 76733235.00 ns, 1.5283 ns/op
OverheadActual   2: 50209408 op, 76908658.00 ns, 1.5318 ns/op
OverheadActual   3: 50209408 op, 77201814.00 ns, 1.5376 ns/op
OverheadActual   4: 50209408 op, 77014498.00 ns, 1.5339 ns/op
OverheadActual   5: 50209408 op, 76943233.00 ns, 1.5324 ns/op
OverheadActual   6: 50209408 op, 76792648.00 ns, 1.5294 ns/op
OverheadActual   7: 50209408 op, 76682029.00 ns, 1.5272 ns/op
OverheadActual   8: 50209408 op, 76707336.00 ns, 1.5277 ns/op
OverheadActual   9: 50209408 op, 76764525.00 ns, 1.5289 ns/op
OverheadActual  10: 50209408 op, 76760266.00 ns, 1.5288 ns/op
OverheadActual  11: 50209408 op, 76773852.00 ns, 1.5291 ns/op
OverheadActual  12: 50209408 op, 76785916.00 ns, 1.5293 ns/op
OverheadActual  13: 50209408 op, 77040087.00 ns, 1.5344 ns/op
OverheadActual  14: 50209408 op, 77015901.00 ns, 1.5339 ns/op
OverheadActual  15: 50209408 op, 76910241.00 ns, 1.5318 ns/op

WorkloadWarmup   1: 50209408 op, 259564005.00 ns, 5.1696 ns/op
WorkloadWarmup   2: 50209408 op, 246840992.00 ns, 4.9162 ns/op
WorkloadWarmup   3: 50209408 op, 262377926.00 ns, 5.2257 ns/op
WorkloadWarmup   4: 50209408 op, 266097603.00 ns, 5.2998 ns/op
WorkloadWarmup   5: 50209408 op, 260739051.00 ns, 5.1930 ns/op
WorkloadWarmup   6: 50209408 op, 270078053.00 ns, 5.3790 ns/op
WorkloadWarmup   7: 50209408 op, 272731831.00 ns, 5.4319 ns/op
WorkloadWarmup   8: 50209408 op, 258369903.00 ns, 5.1458 ns/op

// BeforeActualRun
WorkloadActual   1: 50209408 op, 265796673.00 ns, 5.2938 ns/op
WorkloadActual   2: 50209408 op, 267474862.00 ns, 5.3272 ns/op
WorkloadActual   3: 50209408 op, 257444309.00 ns, 5.1274 ns/op
WorkloadActual   4: 50209408 op, 253124506.00 ns, 5.0414 ns/op
WorkloadActual   5: 50209408 op, 254907644.00 ns, 5.0769 ns/op
WorkloadActual   6: 50209408 op, 245039359.00 ns, 4.8803 ns/op
WorkloadActual   7: 50209408 op, 257415986.00 ns, 5.1268 ns/op
WorkloadActual   8: 50209408 op, 273362235.00 ns, 5.4444 ns/op
WorkloadActual   9: 50209408 op, 237605757.00 ns, 4.7323 ns/op
WorkloadActual  10: 50209408 op, 260347920.00 ns, 5.1852 ns/op
WorkloadActual  11: 50209408 op, 256223748.00 ns, 5.1031 ns/op
WorkloadActual  12: 50209408 op, 255579376.00 ns, 5.0903 ns/op
WorkloadActual  13: 50209408 op, 255466482.00 ns, 5.0880 ns/op
WorkloadActual  14: 50209408 op, 263237925.00 ns, 5.2428 ns/op
WorkloadActual  15: 50209408 op, 258760603.00 ns, 5.1536 ns/op
WorkloadActual  16: 50209408 op, 255256826.00 ns, 5.0838 ns/op
WorkloadActual  17: 50209408 op, 250920872.00 ns, 4.9975 ns/op
WorkloadActual  18: 50209408 op, 261560668.00 ns, 5.2094 ns/op
WorkloadActual  19: 50209408 op, 249062891.00 ns, 4.9605 ns/op
WorkloadActual  20: 50209408 op, 259786937.00 ns, 5.1741 ns/op
WorkloadActual  21: 50209408 op, 258757457.00 ns, 5.1536 ns/op
WorkloadActual  22: 50209408 op, 270568262.00 ns, 5.3888 ns/op
WorkloadActual  23: 50209408 op, 270636231.00 ns, 5.3901 ns/op
WorkloadActual  24: 50209408 op, 267765232.00 ns, 5.3330 ns/op
WorkloadActual  25: 50209408 op, 232226517.00 ns, 4.6252 ns/op
WorkloadActual  26: 50209408 op, 234123139.00 ns, 4.6629 ns/op
WorkloadActual  27: 50209408 op, 267419487.00 ns, 5.3261 ns/op
WorkloadActual  28: 50209408 op, 235962764.00 ns, 4.6996 ns/op
WorkloadActual  29: 50209408 op, 239018223.00 ns, 4.7604 ns/op
WorkloadActual  30: 50209408 op, 283255116.00 ns, 5.6415 ns/op
WorkloadActual  31: 50209408 op, 258268481.00 ns, 5.1438 ns/op
WorkloadActual  32: 50209408 op, 243622875.00 ns, 4.8521 ns/op
WorkloadActual  33: 50209408 op, 258387116.00 ns, 5.1462 ns/op
WorkloadActual  34: 50209408 op, 272953261.00 ns, 5.4363 ns/op
WorkloadActual  35: 50209408 op, 261908005.00 ns, 5.2163 ns/op
WorkloadActual  36: 50209408 op, 223183616.00 ns, 4.4451 ns/op
WorkloadActual  37: 50209408 op, 243528036.00 ns, 4.8502 ns/op
WorkloadActual  38: 50209408 op, 247439706.00 ns, 4.9282 ns/op
WorkloadActual  39: 50209408 op, 255101762.00 ns, 5.0808 ns/op
WorkloadActual  40: 50209408 op, 259174358.00 ns, 5.1619 ns/op
WorkloadActual  41: 50209408 op, 266022641.00 ns, 5.2983 ns/op
WorkloadActual  42: 50209408 op, 236793528.00 ns, 4.7161 ns/op
WorkloadActual  43: 50209408 op, 255541405.00 ns, 5.0895 ns/op
WorkloadActual  44: 50209408 op, 261256241.00 ns, 5.2033 ns/op
WorkloadActual  45: 50209408 op, 243192601.00 ns, 4.8436 ns/op
WorkloadActual  46: 50209408 op, 250595265.00 ns, 4.9910 ns/op
WorkloadActual  47: 50209408 op, 247865353.00 ns, 4.9366 ns/op
WorkloadActual  48: 50209408 op, 263618326.00 ns, 5.2504 ns/op
WorkloadActual  49: 50209408 op, 268917093.00 ns, 5.3559 ns/op
WorkloadActual  50: 50209408 op, 253302072.00 ns, 5.0449 ns/op
WorkloadActual  51: 50209408 op, 260604516.00 ns, 5.1904 ns/op
WorkloadActual  52: 50209408 op, 270202379.00 ns, 5.3815 ns/op
WorkloadActual  53: 50209408 op, 241719680.00 ns, 4.8142 ns/op
WorkloadActual  54: 50209408 op, 251070024.00 ns, 5.0005 ns/op
WorkloadActual  55: 50209408 op, 260164803.00 ns, 5.1816 ns/op
WorkloadActual  56: 50209408 op, 248531836.00 ns, 4.9499 ns/op
WorkloadActual  57: 50209408 op, 251939852.00 ns, 5.0178 ns/op
WorkloadActual  58: 50209408 op, 249224698.00 ns, 4.9637 ns/op
WorkloadActual  59: 50209408 op, 253083048.00 ns, 5.0406 ns/op

// AfterActualRun
WorkloadResult   1: 50209408 op, 189004025.00 ns, 3.7643 ns/op
WorkloadResult   2: 50209408 op, 190682214.00 ns, 3.7977 ns/op
WorkloadResult   3: 50209408 op, 180651661.00 ns, 3.5980 ns/op
WorkloadResult   4: 50209408 op, 176331858.00 ns, 3.5119 ns/op
WorkloadResult   5: 50209408 op, 178114996.00 ns, 3.5474 ns/op
WorkloadResult   6: 50209408 op, 168246711.00 ns, 3.3509 ns/op
WorkloadResult   7: 50209408 op, 180623338.00 ns, 3.5974 ns/op
WorkloadResult   8: 50209408 op, 196569587.00 ns, 3.9150 ns/op
WorkloadResult   9: 50209408 op, 160813109.00 ns, 3.2028 ns/op
WorkloadResult  10: 50209408 op, 183555272.00 ns, 3.6558 ns/op
WorkloadResult  11: 50209408 op, 179431100.00 ns, 3.5737 ns/op
WorkloadResult  12: 50209408 op, 178786728.00 ns, 3.5608 ns/op
WorkloadResult  13: 50209408 op, 178673834.00 ns, 3.5586 ns/op
WorkloadResult  14: 50209408 op, 186445277.00 ns, 3.7134 ns/op
WorkloadResult  15: 50209408 op, 181967955.00 ns, 3.6242 ns/op
WorkloadResult  16: 50209408 op, 178464178.00 ns, 3.5544 ns/op
WorkloadResult  17: 50209408 op, 174128224.00 ns, 3.4680 ns/op
WorkloadResult  18: 50209408 op, 184768020.00 ns, 3.6799 ns/op
WorkloadResult  19: 50209408 op, 172270243.00 ns, 3.4310 ns/op
WorkloadResult  20: 50209408 op, 182994289.00 ns, 3.6446 ns/op
WorkloadResult  21: 50209408 op, 181964809.00 ns, 3.6241 ns/op
WorkloadResult  22: 50209408 op, 193775614.00 ns, 3.8593 ns/op
WorkloadResult  23: 50209408 op, 193843583.00 ns, 3.8607 ns/op
WorkloadResult  24: 50209408 op, 190972584.00 ns, 3.8035 ns/op
WorkloadResult  25: 50209408 op, 155433869.00 ns, 3.0957 ns/op
WorkloadResult  26: 50209408 op, 157330491.00 ns, 3.1335 ns/op
WorkloadResult  27: 50209408 op, 190626839.00 ns, 3.7966 ns/op
WorkloadResult  28: 50209408 op, 159170116.00 ns, 3.1701 ns/op
WorkloadResult  29: 50209408 op, 162225575.00 ns, 3.2310 ns/op
WorkloadResult  30: 50209408 op, 181475833.00 ns, 3.6144 ns/op
WorkloadResult  31: 50209408 op, 166830227.00 ns, 3.3227 ns/op
WorkloadResult  32: 50209408 op, 181594468.00 ns, 3.6167 ns/op
WorkloadResult  33: 50209408 op, 196160613.00 ns, 3.9068 ns/op
WorkloadResult  34: 50209408 op, 185115357.00 ns, 3.6869 ns/op
WorkloadResult  35: 50209408 op, 146390968.00 ns, 2.9156 ns/op
WorkloadResult  36: 50209408 op, 166735388.00 ns, 3.3208 ns/op
WorkloadResult  37: 50209408 op, 170647058.00 ns, 3.3987 ns/op
WorkloadResult  38: 50209408 op, 178309114.00 ns, 3.5513 ns/op
WorkloadResult  39: 50209408 op, 182381710.00 ns, 3.6324 ns/op
WorkloadResult  40: 50209408 op, 189229993.00 ns, 3.7688 ns/op
WorkloadResult  41: 50209408 op, 160000880.00 ns, 3.1867 ns/op
WorkloadResult  42: 50209408 op, 178748757.00 ns, 3.5601 ns/op
WorkloadResult  43: 50209408 op, 184463593.00 ns, 3.6739 ns/op
WorkloadResult  44: 50209408 op, 166399953.00 ns, 3.3141 ns/op
WorkloadResult  45: 50209408 op, 173802617.00 ns, 3.4616 ns/op
WorkloadResult  46: 50209408 op, 171072705.00 ns, 3.4072 ns/op
WorkloadResult  47: 50209408 op, 186825678.00 ns, 3.7209 ns/op
WorkloadResult  48: 50209408 op, 192124445.00 ns, 3.8265 ns/op
WorkloadResult  49: 50209408 op, 176509424.00 ns, 3.5155 ns/op
WorkloadResult  50: 50209408 op, 183811868.00 ns, 3.6609 ns/op
WorkloadResult  51: 50209408 op, 193409731.00 ns, 3.8521 ns/op
WorkloadResult  52: 50209408 op, 164927032.00 ns, 3.2848 ns/op
WorkloadResult  53: 50209408 op, 174277376.00 ns, 3.4710 ns/op
WorkloadResult  54: 50209408 op, 183372155.00 ns, 3.6521 ns/op
WorkloadResult  55: 50209408 op, 171739188.00 ns, 3.4205 ns/op
WorkloadResult  56: 50209408 op, 175147204.00 ns, 3.4883 ns/op
WorkloadResult  57: 50209408 op, 172432050.00 ns, 3.4343 ns/op
WorkloadResult  58: 50209408 op, 176290400.00 ns, 3.5111 ns/op
// GC:  0 0 0 0 50209408
// Threading:  0 0 50209408

// AfterAll
// Benchmark Process 53727 has exited with code 0.

Mean = 3.543 ns, StdErr = 0.029 ns (0.81%), N = 58, StdDev = 0.220 ns
Min = 2.916 ns, Q1 = 3.423 ns, Median = 3.560 ns, Q3 = 3.678 ns, Max = 3.915 ns
IQR = 0.255 ns, LowerFence = 3.040 ns, UpperFence = 4.061 ns
ConfidenceInterval = [3.443 ns; 3.643 ns] (CI 99.9%), Margin = 0.100 ns (2.82% of Mean)
Skewness = -0.53, Kurtosis = 2.9, MValue = 2

// ** Remained 20 (25.6%) benchmark(s) to run. Estimated finish 2026-02-19 8:51 (0h 6m from now) **
// **************************
// Benchmark: Scenario1.S1_ReturnOptionStringSuccess_Rascal: .NET 10.0(Runtime=.NET 10.0, IterationTime=250ms) [Iterations=10]
// *** Execute ***
// Launch: 1 / 1
// Execute: dotnet "Enumerations.Options.Benchmarks-.NET 10.0-1.dll" --anonymousPipes 114 116 --benchmarkName "ReillyDigital.Enumerations.Options.Benchmarks.Scenarios.Scenario1.S1_ReturnOptionStringSuccess_Rascal(Iterations: 10)" --job ".NET 10.0" --benchmarkId 58 in /media/andrew/Slowverflow/x/devs/reilly-digital/dotnet/enumerations.options.benchmarks/bin/Debug/net10.0/Enumerations.Options.Benchmarks-.NET 10.0-1/bin/Release/net10.0
// Failed to set up high priority (Permission denied). In order to run benchmarks with high priority, make sure you have the right permissions.
// BeforeAnythingElse

// Benchmark Process Environment Information:
// BenchmarkDotNet v0.15.8
// Runtime=.NET 10.0.3 (10.0.3, 10.0.326.7603), X64 RyuJIT x86-64-v3
// GC=Concurrent Workstation
// HardwareIntrinsics=AVX2+BMI1+BMI2+F16C+FMA+LZCNT+MOVBE,AVX,SSE3+SSSE3+SSE4.1+SSE4.2+POPCNT,X86Base+SSE+SSE2,AES+PCLMUL VectorSize=256
// Job: .NET 10.0(IterationTime=250ms)

OverheadJitting  1: 1 op, 162347.00 ns, 162.3470 us/op
WorkloadJitting  1: 1 op, 1719057.00 ns, 1.7191 ms/op

OverheadJitting  2: 16 op, 197434.00 ns, 12.3396 us/op
WorkloadJitting  2: 16 op, 214707.00 ns, 13.4192 us/op

WorkloadPilot    1: 16 op, 3176.00 ns, 198.5000 ns/op
WorkloadPilot    2: 1259456 op, 190660252.00 ns, 151.3830 ns/op
WorkloadPilot    3: 1651440 op, 7449152.00 ns, 4.5107 ns/op
WorkloadPilot    4: 55423760 op, 245812944.00 ns, 4.4352 ns/op
WorkloadPilot    5: 56367824 op, 252389434.00 ns, 4.4775 ns/op
WorkloadPilot    6: 55834176 op, 248773513.00 ns, 4.4556 ns/op
WorkloadPilot    7: 56109456 op, 246560190.00 ns, 4.3943 ns/op
WorkloadPilot    8: 56892256 op, 248486179.00 ns, 4.3677 ns/op
WorkloadPilot    9: 57238864 op, 250214383.00 ns, 4.3714 ns/op
WorkloadPilot   10: 57189824 op, 249510950.00 ns, 4.3629 ns/op
WorkloadPilot   11: 57301920 op, 250109585.00 ns, 4.3648 ns/op

OverheadWarmup   1: 57301920 op, 142044904.00 ns, 2.4789 ns/op
OverheadWarmup   2: 57301920 op, 109922601.00 ns, 1.9183 ns/op
OverheadWarmup   3: 57301920 op, 86630576.00 ns, 1.5118 ns/op
OverheadWarmup   4: 57301920 op, 87437905.00 ns, 1.5259 ns/op
OverheadWarmup   5: 57301920 op, 86645794.00 ns, 1.5121 ns/op
OverheadWarmup   6: 57301920 op, 86252139.00 ns, 1.5052 ns/op
OverheadWarmup   7: 57301920 op, 86739752.00 ns, 1.5137 ns/op
OverheadWarmup   8: 57301920 op, 86385922.00 ns, 1.5076 ns/op

OverheadActual   1: 57301920 op, 86326700.00 ns, 1.5065 ns/op
OverheadActual   2: 57301920 op, 87688420.00 ns, 1.5303 ns/op
OverheadActual   3: 57301920 op, 86830123.00 ns, 1.5153 ns/op
OverheadActual   4: 57301920 op, 86149895.00 ns, 1.5034 ns/op
OverheadActual   5: 57301920 op, 86486873.00 ns, 1.5093 ns/op
OverheadActual   6: 57301920 op, 86149523.00 ns, 1.5034 ns/op
OverheadActual   7: 57301920 op, 86149755.00 ns, 1.5034 ns/op
OverheadActual   8: 57301920 op, 87422766.00 ns, 1.5257 ns/op
OverheadActual   9: 57301920 op, 86315469.00 ns, 1.5063 ns/op
OverheadActual  10: 57301920 op, 87851799.00 ns, 1.5331 ns/op
OverheadActual  11: 57301920 op, 86481063.00 ns, 1.5092 ns/op
OverheadActual  12: 57301920 op, 86299889.00 ns, 1.5061 ns/op
OverheadActual  13: 57301920 op, 86841675.00 ns, 1.5155 ns/op
OverheadActual  14: 57301920 op, 87342855.00 ns, 1.5243 ns/op
OverheadActual  15: 57301920 op, 87008963.00 ns, 1.5184 ns/op

WorkloadWarmup   1: 57301920 op, 251131270.00 ns, 4.3826 ns/op
WorkloadWarmup   2: 57301920 op, 251251006.00 ns, 4.3847 ns/op
WorkloadWarmup   3: 57301920 op, 250089607.00 ns, 4.3644 ns/op
WorkloadWarmup   4: 57301920 op, 249855574.00 ns, 4.3603 ns/op
WorkloadWarmup   5: 57301920 op, 250492981.00 ns, 4.3715 ns/op
WorkloadWarmup   6: 57301920 op, 252396777.00 ns, 4.4047 ns/op
WorkloadWarmup   7: 57301920 op, 251423313.00 ns, 4.3877 ns/op

// BeforeActualRun
WorkloadActual   1: 57301920 op, 253658187.00 ns, 4.4267 ns/op
WorkloadActual   2: 57301920 op, 250532426.00 ns, 4.3721 ns/op
WorkloadActual   3: 57301920 op, 255722567.00 ns, 4.4627 ns/op
WorkloadActual   4: 57301920 op, 249729305.00 ns, 4.3581 ns/op
WorkloadActual   5: 57301920 op, 251962013.00 ns, 4.3971 ns/op
WorkloadActual   6: 57301920 op, 251410458.00 ns, 4.3875 ns/op
WorkloadActual   7: 57301920 op, 252944044.00 ns, 4.4142 ns/op
WorkloadActual   8: 57301920 op, 255250954.00 ns, 4.4545 ns/op
WorkloadActual   9: 57301920 op, 251617130.00 ns, 4.3911 ns/op
WorkloadActual  10: 57301920 op, 249911719.00 ns, 4.3613 ns/op
WorkloadActual  11: 57301920 op, 255415086.00 ns, 4.4574 ns/op
WorkloadActual  12: 57301920 op, 252520682.00 ns, 4.4068 ns/op
WorkloadActual  13: 57301920 op, 250990444.00 ns, 4.3801 ns/op
WorkloadActual  14: 57301920 op, 250270238.00 ns, 4.3676 ns/op
WorkloadActual  15: 57301920 op, 250026537.00 ns, 4.3633 ns/op

// AfterActualRun
WorkloadResult   1: 57301920 op, 167171314.00 ns, 2.9174 ns/op
WorkloadResult   2: 57301920 op, 164045553.00 ns, 2.8628 ns/op
WorkloadResult   3: 57301920 op, 169235694.00 ns, 2.9534 ns/op
WorkloadResult   4: 57301920 op, 163242432.00 ns, 2.8488 ns/op
WorkloadResult   5: 57301920 op, 165475140.00 ns, 2.8878 ns/op
WorkloadResult   6: 57301920 op, 164923585.00 ns, 2.8782 ns/op
WorkloadResult   7: 57301920 op, 166457171.00 ns, 2.9049 ns/op
WorkloadResult   8: 57301920 op, 168764081.00 ns, 2.9452 ns/op
WorkloadResult   9: 57301920 op, 165130257.00 ns, 2.8818 ns/op
WorkloadResult  10: 57301920 op, 163424846.00 ns, 2.8520 ns/op
WorkloadResult  11: 57301920 op, 168928213.00 ns, 2.9480 ns/op
WorkloadResult  12: 57301920 op, 166033809.00 ns, 2.8975 ns/op
WorkloadResult  13: 57301920 op, 164503571.00 ns, 2.8708 ns/op
WorkloadResult  14: 57301920 op, 163783365.00 ns, 2.8583 ns/op
WorkloadResult  15: 57301920 op, 163539664.00 ns, 2.8540 ns/op
// GC:  0 0 0 0 57301920
// Threading:  0 0 57301920

// AfterAll
// Benchmark Process 53946 has exited with code 0.

Mean = 2.891 ns, StdErr = 0.009 ns (0.32%), N = 15, StdDev = 0.036 ns
Min = 2.849 ns, Q1 = 2.861 ns, Median = 2.882 ns, Q3 = 2.911 ns, Max = 2.953 ns
IQR = 0.051 ns, LowerFence = 2.785 ns, UpperFence = 2.987 ns
ConfidenceInterval = [2.852 ns; 2.929 ns] (CI 99.9%), Margin = 0.039 ns (1.33% of Mean)
Skewness = 0.53, Kurtosis = 1.76, MValue = 2

// ** Remained 19 (24.4%) benchmark(s) to run. Estimated finish 2026-02-19 8:51 (0h 6m from now) **
// **************************
// Benchmark: Scenario1.S1_ReturnOptionStringSuccess_SimpleResults: .NET 10.0(Runtime=.NET 10.0, IterationTime=250ms) [Iterations=10]
// *** Execute ***
// Launch: 1 / 1
// Execute: dotnet "Enumerations.Options.Benchmarks-.NET 10.0-1.dll" --anonymousPipes 114 116 --benchmarkName "ReillyDigital.Enumerations.Options.Benchmarks.Scenarios.Scenario1.S1_ReturnOptionStringSuccess_SimpleResults(Iterations: 10)" --job ".NET 10.0" --benchmarkId 59 in /media/andrew/Slowverflow/x/devs/reilly-digital/dotnet/enumerations.options.benchmarks/bin/Debug/net10.0/Enumerations.Options.Benchmarks-.NET 10.0-1/bin/Release/net10.0
// Failed to set up high priority (Permission denied). In order to run benchmarks with high priority, make sure you have the right permissions.
// BeforeAnythingElse

// Benchmark Process Environment Information:
// BenchmarkDotNet v0.15.8
// Runtime=.NET 10.0.3 (10.0.3, 10.0.326.7603), X64 RyuJIT x86-64-v3
// GC=Concurrent Workstation
// HardwareIntrinsics=AVX2+BMI1+BMI2+F16C+FMA+LZCNT+MOVBE,AVX,SSE3+SSSE3+SSE4.1+SSE4.2+POPCNT,X86Base+SSE+SSE2,AES+PCLMUL VectorSize=256
// Job: .NET 10.0(IterationTime=250ms)

OverheadJitting  1: 1 op, 170313.00 ns, 170.3130 us/op
WorkloadJitting  1: 1 op, 7992792.00 ns, 7.9928 ms/op

OverheadJitting  2: 16 op, 225447.00 ns, 14.0904 us/op
WorkloadJitting  2: 16 op, 274149.00 ns, 17.1343 us/op

WorkloadPilot    1: 16 op, 76986.00 ns, 4.8116 us/op
WorkloadPilot    2: 51968 op, 181476424.00 ns, 3.4921 us/op
WorkloadPilot    3: 71600 op, 69650347.00 ns, 972.7702 ns/op
WorkloadPilot    4: 257008 op, 218456911.00 ns, 850.0004 ns/op
WorkloadPilot    5: 294128 op, 253577033.00 ns, 862.1316 ns/op
WorkloadPilot    6: 289984 op, 251171887.00 ns, 866.1577 ns/op
WorkloadPilot    7: 288640 op, 247789599.00 ns, 858.4728 ns/op
WorkloadPilot    8: 291216 op, 249971312.00 ns, 858.3708 ns/op
WorkloadPilot    9: 291264 op, 248664607.00 ns, 853.7430 ns/op
WorkloadPilot   10: 292832 op, 248217450.00 ns, 847.6446 ns/op
WorkloadPilot   11: 294944 op, 248698241.00 ns, 843.2050 ns/op
WorkloadPilot   12: 296496 op, 247100334.00 ns, 833.4019 ns/op
WorkloadPilot   13: 299984 op, 250008724.00 ns, 833.4069 ns/op

OverheadWarmup   1: 299984 op, 812179.00 ns, 2.7074 ns/op
OverheadWarmup   2: 299984 op, 785859.00 ns, 2.6197 ns/op
OverheadWarmup   3: 299984 op, 811868.00 ns, 2.7064 ns/op
OverheadWarmup   4: 299984 op, 781931.00 ns, 2.6066 ns/op
OverheadWarmup   5: 299984 op, 788484.00 ns, 2.6284 ns/op
OverheadWarmup   6: 299984 op, 813902.00 ns, 2.7132 ns/op
OverheadWarmup   7: 299984 op, 809253.00 ns, 2.6977 ns/op

OverheadActual   1: 299984 op, 796790.00 ns, 2.6561 ns/op
OverheadActual   2: 299984 op, 795427.00 ns, 2.6516 ns/op
OverheadActual   3: 299984 op, 791209.00 ns, 2.6375 ns/op
OverheadActual   4: 299984 op, 758647.00 ns, 2.5290 ns/op
OverheadActual   5: 299984 op, 809022.00 ns, 2.6969 ns/op
OverheadActual   6: 299984 op, 766242.00 ns, 2.5543 ns/op
OverheadActual   7: 299984 op, 766522.00 ns, 2.5552 ns/op
OverheadActual   8: 299984 op, 771752.00 ns, 2.5726 ns/op
OverheadActual   9: 299984 op, 767944.00 ns, 2.5599 ns/op
OverheadActual  10: 299984 op, 792732.00 ns, 2.6426 ns/op
OverheadActual  11: 299984 op, 761082.00 ns, 2.5371 ns/op
OverheadActual  12: 299984 op, 834692.00 ns, 2.7825 ns/op
OverheadActual  13: 299984 op, 791009.00 ns, 2.6368 ns/op
OverheadActual  14: 299984 op, 771832.00 ns, 2.5729 ns/op
OverheadActual  15: 299984 op, 780989.00 ns, 2.6034 ns/op

WorkloadWarmup   1: 299984 op, 262319896.00 ns, 874.4463 ns/op
WorkloadWarmup   2: 299984 op, 256455396.00 ns, 854.8969 ns/op
WorkloadWarmup   3: 299984 op, 254568712.00 ns, 848.6076 ns/op
WorkloadWarmup   4: 299984 op, 256520720.00 ns, 855.1147 ns/op
WorkloadWarmup   5: 299984 op, 251065866.00 ns, 836.9309 ns/op
WorkloadWarmup   6: 299984 op, 256521151.00 ns, 855.1161 ns/op
WorkloadWarmup   7: 299984 op, 257818098.00 ns, 859.4395 ns/op
WorkloadWarmup   8: 299984 op, 257234792.00 ns, 857.4950 ns/op

// BeforeActualRun
WorkloadActual   1: 299984 op, 259944946.00 ns, 866.5294 ns/op
WorkloadActual   2: 299984 op, 288983038.00 ns, 963.3282 ns/op
WorkloadActual   3: 299984 op, 249500070.00 ns, 831.7113 ns/op
WorkloadActual   4: 299984 op, 257998911.00 ns, 860.0422 ns/op
WorkloadActual   5: 299984 op, 261571669.00 ns, 871.9521 ns/op
WorkloadActual   6: 299984 op, 265315671.00 ns, 884.4327 ns/op
WorkloadActual   7: 299984 op, 265682476.00 ns, 885.6555 ns/op
WorkloadActual   8: 299984 op, 270340450.00 ns, 901.1829 ns/op
WorkloadActual   9: 299984 op, 267017986.00 ns, 890.1074 ns/op
WorkloadActual  10: 299984 op, 282565920.00 ns, 941.9366 ns/op
WorkloadActual  11: 299984 op, 291377724.00 ns, 971.3109 ns/op
WorkloadActual  12: 299984 op, 305609034.00 ns, 1.0188 us/op
WorkloadActual  13: 299984 op, 261578061.00 ns, 871.9734 ns/op
WorkloadActual  14: 299984 op, 259357764.00 ns, 864.5720 ns/op
WorkloadActual  15: 299984 op, 251290792.00 ns, 837.6806 ns/op
WorkloadActual  16: 299984 op, 249672206.00 ns, 832.2851 ns/op
WorkloadActual  17: 299984 op, 252302538.00 ns, 841.0533 ns/op
WorkloadActual  18: 299984 op, 259559637.00 ns, 865.2449 ns/op
WorkloadActual  19: 299984 op, 250790465.00 ns, 836.0128 ns/op
WorkloadActual  20: 299984 op, 253942195.00 ns, 846.5191 ns/op
WorkloadActual  21: 299984 op, 251853479.00 ns, 839.5564 ns/op
WorkloadActual  22: 299984 op, 259322187.00 ns, 864.4534 ns/op
WorkloadActual  23: 299984 op, 254443705.00 ns, 848.1909 ns/op
WorkloadActual  24: 299984 op, 251213986.00 ns, 837.4246 ns/op
WorkloadActual  25: 299984 op, 261569294.00 ns, 871.9442 ns/op
WorkloadActual  26: 299984 op, 255177716.00 ns, 850.6378 ns/op
WorkloadActual  27: 299984 op, 259911784.00 ns, 866.4188 ns/op
WorkloadActual  28: 299984 op, 254691805.00 ns, 849.0180 ns/op
WorkloadActual  29: 299984 op, 251394038.00 ns, 838.0248 ns/op
WorkloadActual  30: 299984 op, 250556140.00 ns, 835.2317 ns/op
WorkloadActual  31: 299984 op, 256424888.00 ns, 854.7952 ns/op

// AfterActualRun
WorkloadResult   1: 299984 op, 259163957.00 ns, 863.9259 ns/op
WorkloadResult   2: 299984 op, 248719081.00 ns, 829.1078 ns/op
WorkloadResult   3: 299984 op, 257217922.00 ns, 857.4388 ns/op
WorkloadResult   4: 299984 op, 260790680.00 ns, 869.3486 ns/op
WorkloadResult   5: 299984 op, 264534682.00 ns, 881.8293 ns/op
WorkloadResult   6: 299984 op, 264901487.00 ns, 883.0521 ns/op
WorkloadResult   7: 299984 op, 269559461.00 ns, 898.5795 ns/op
WorkloadResult   8: 299984 op, 266236997.00 ns, 887.5040 ns/op
WorkloadResult   9: 299984 op, 260797072.00 ns, 869.3699 ns/op
WorkloadResult  10: 299984 op, 258576775.00 ns, 861.9686 ns/op
WorkloadResult  11: 299984 op, 250509803.00 ns, 835.0772 ns/op
WorkloadResult  12: 299984 op, 248891217.00 ns, 829.6816 ns/op
WorkloadResult  13: 299984 op, 251521549.00 ns, 838.4499 ns/op
WorkloadResult  14: 299984 op, 258778648.00 ns, 862.6415 ns/op
WorkloadResult  15: 299984 op, 250009476.00 ns, 833.4094 ns/op
WorkloadResult  16: 299984 op, 253161206.00 ns, 843.9157 ns/op
WorkloadResult  17: 299984 op, 251072490.00 ns, 836.9529 ns/op
WorkloadResult  18: 299984 op, 258541198.00 ns, 861.8500 ns/op
WorkloadResult  19: 299984 op, 253662716.00 ns, 845.5875 ns/op
WorkloadResult  20: 299984 op, 250432997.00 ns, 834.8212 ns/op
WorkloadResult  21: 299984 op, 260788305.00 ns, 869.3407 ns/op
WorkloadResult  22: 299984 op, 254396727.00 ns, 848.0343 ns/op
WorkloadResult  23: 299984 op, 259130795.00 ns, 863.8154 ns/op
WorkloadResult  24: 299984 op, 253910816.00 ns, 846.4145 ns/op
WorkloadResult  25: 299984 op, 250613049.00 ns, 835.4214 ns/op
WorkloadResult  26: 299984 op, 249775151.00 ns, 832.6282 ns/op
WorkloadResult  27: 299984 op, 255643899.00 ns, 852.1918 ns/op
// GC:  31 0 0 263985920 299984
// Threading:  0 0 299984

// AfterAll
// Benchmark Process 54053 has exited with code 0.

Mean = 854.532 ns, StdErr = 3.736 ns (0.44%), N = 27, StdDev = 19.413 ns
Min = 829.108 ns, Q1 = 836.187 ns, Median = 852.192 ns, Q3 = 866.633 ns, Max = 898.579 ns
IQR = 30.446 ns, LowerFence = 790.518 ns, UpperFence = 912.303 ns
ConfidenceInterval = [840.684 ns; 868.380 ns] (CI 99.9%), Margin = 13.848 ns (1.62% of Mean)
Skewness = 0.46, Kurtosis = 2.13, MValue = 2

// ** Remained 18 (23.1%) benchmark(s) to run. Estimated finish 2026-02-19 8:51 (0h 5m from now) **
// **************************
// Benchmark: Scenario1.S1_ReturnVoidErrorNoMessage_ArdalisResult: .NET 10.0(Runtime=.NET 10.0, IterationTime=250ms) [Iterations=10]
// *** Execute ***
// Launch: 1 / 1
// Execute: dotnet "Enumerations.Options.Benchmarks-.NET 10.0-1.dll" --anonymousPipes 114 116 --benchmarkName "ReillyDigital.Enumerations.Options.Benchmarks.Scenarios.Scenario1.S1_ReturnVoidErrorNoMessage_ArdalisResult(Iterations: 10)" --job ".NET 10.0" --benchmarkId 60 in /media/andrew/Slowverflow/x/devs/reilly-digital/dotnet/enumerations.options.benchmarks/bin/Debug/net10.0/Enumerations.Options.Benchmarks-.NET 10.0-1/bin/Release/net10.0
// Failed to set up high priority (Permission denied). In order to run benchmarks with high priority, make sure you have the right permissions.
// BeforeAnythingElse

// Benchmark Process Environment Information:
// BenchmarkDotNet v0.15.8
// Runtime=.NET 10.0.3 (10.0.3, 10.0.326.7603), X64 RyuJIT x86-64-v3
// GC=Concurrent Workstation
// HardwareIntrinsics=AVX2+BMI1+BMI2+F16C+FMA+LZCNT+MOVBE,AVX,SSE3+SSSE3+SSE4.1+SSE4.2+POPCNT,X86Base+SSE+SSE2,AES+PCLMUL VectorSize=256
// Job: .NET 10.0(IterationTime=250ms)

OverheadJitting  1: 1 op, 161947.00 ns, 161.9470 us/op
WorkloadJitting  1: 1 op, 2476020.00 ns, 2.4760 ms/op

OverheadJitting  2: 16 op, 210920.00 ns, 13.1825 us/op
WorkloadJitting  2: 16 op, 274109.00 ns, 17.1318 us/op

WorkloadPilot    1: 16 op, 19907.00 ns, 1.2442 us/op
WorkloadPilot    2: 200944 op, 92707558.00 ns, 461.3602 ns/op
WorkloadPilot    3: 541888 op, 127377027.00 ns, 235.0615 ns/op
WorkloadPilot    4: 1063552 op, 108876268.00 ns, 102.3704 ns/op
WorkloadPilot    5: 2442112 op, 247108870.00 ns, 101.1865 ns/op
WorkloadPilot    6: 2470688 op, 248442386.00 ns, 100.5560 ns/op
WorkloadPilot    7: 2486192 op, 260553249.00 ns, 104.8001 ns/op
WorkloadPilot    8: 2385504 op, 257624992.00 ns, 107.9960 ns/op
WorkloadPilot    9: 2314912 op, 254281738.00 ns, 109.8451 ns/op

OverheadWarmup   1: 2314912 op, 6063647.00 ns, 2.6194 ns/op
OverheadWarmup   2: 2314912 op, 6191860.00 ns, 2.6748 ns/op
OverheadWarmup   3: 2314912 op, 6042837.00 ns, 2.6104 ns/op
OverheadWarmup   4: 2314912 op, 5925696.00 ns, 2.5598 ns/op
OverheadWarmup   5: 2314912 op, 5960893.00 ns, 2.5750 ns/op
OverheadWarmup   6: 2314912 op, 5867957.00 ns, 2.5349 ns/op

OverheadActual   1: 2314912 op, 5899506.00 ns, 2.5485 ns/op
OverheadActual   2: 2314912 op, 5862567.00 ns, 2.5325 ns/op
OverheadActual   3: 2314912 op, 5950763.00 ns, 2.5706 ns/op
OverheadActual   4: 2314912 op, 5835074.00 ns, 2.5206 ns/op
OverheadActual   5: 2314912 op, 5889698.00 ns, 2.5442 ns/op
OverheadActual   6: 2314912 op, 5894907.00 ns, 2.5465 ns/op
OverheadActual   7: 2314912 op, 5825907.00 ns, 2.5167 ns/op
OverheadActual   8: 2314912 op, 5842348.00 ns, 2.5238 ns/op
OverheadActual   9: 2314912 op, 5844713.00 ns, 2.5248 ns/op
OverheadActual  10: 2314912 op, 5797924.00 ns, 2.5046 ns/op
OverheadActual  11: 2314912 op, 5806269.00 ns, 2.5082 ns/op
OverheadActual  12: 2314912 op, 5822280.00 ns, 2.5151 ns/op
OverheadActual  13: 2314912 op, 5808243.00 ns, 2.5091 ns/op
OverheadActual  14: 2314912 op, 5866253.00 ns, 2.5341 ns/op
OverheadActual  15: 2314912 op, 5803835.00 ns, 2.5072 ns/op

WorkloadWarmup   1: 2314912 op, 252550378.00 ns, 109.0972 ns/op
WorkloadWarmup   2: 2314912 op, 242863788.00 ns, 104.9128 ns/op
WorkloadWarmup   3: 2314912 op, 270838524.00 ns, 116.9973 ns/op
WorkloadWarmup   4: 2314912 op, 246671141.00 ns, 106.5575 ns/op
WorkloadWarmup   5: 2314912 op, 223937854.00 ns, 96.7371 ns/op
WorkloadWarmup   6: 2314912 op, 229058955.00 ns, 98.9493 ns/op
WorkloadWarmup   7: 2314912 op, 227746640.00 ns, 98.3824 ns/op

// BeforeActualRun
WorkloadActual   1: 2314912 op, 236062343.00 ns, 101.9747 ns/op
WorkloadActual   2: 2314912 op, 261020925.00 ns, 112.7563 ns/op
WorkloadActual   3: 2314912 op, 246106702.00 ns, 106.3136 ns/op
WorkloadActual   4: 2314912 op, 239444039.00 ns, 103.4355 ns/op
WorkloadActual   5: 2314912 op, 237017383.00 ns, 102.3872 ns/op
WorkloadActual   6: 2314912 op, 236297328.00 ns, 102.0762 ns/op
WorkloadActual   7: 2314912 op, 235518874.00 ns, 101.7399 ns/op
WorkloadActual   8: 2314912 op, 239158368.00 ns, 103.3121 ns/op
WorkloadActual   9: 2314912 op, 242014869.00 ns, 104.5460 ns/op
WorkloadActual  10: 2314912 op, 237622919.00 ns, 102.6488 ns/op
WorkloadActual  11: 2314912 op, 238735977.00 ns, 103.1296 ns/op
WorkloadActual  12: 2314912 op, 238846377.00 ns, 103.1773 ns/op
WorkloadActual  13: 2314912 op, 246008536.00 ns, 106.2712 ns/op
WorkloadActual  14: 2314912 op, 248425483.00 ns, 107.3153 ns/op
WorkloadActual  15: 2314912 op, 258244987.00 ns, 111.5572 ns/op
WorkloadActual  16: 2314912 op, 258225971.00 ns, 111.5489 ns/op
WorkloadActual  17: 2314912 op, 261179777.00 ns, 112.8249 ns/op
WorkloadActual  18: 2314912 op, 231570113.00 ns, 100.0341 ns/op
WorkloadActual  19: 2314912 op, 222440688.00 ns, 96.0903 ns/op
WorkloadActual  20: 2314912 op, 221905183.00 ns, 95.8590 ns/op
WorkloadActual  21: 2314912 op, 225189275.00 ns, 97.2777 ns/op
WorkloadActual  22: 2314912 op, 224643281.00 ns, 97.0418 ns/op
WorkloadActual  23: 2314912 op, 228455062.00 ns, 98.6884 ns/op
WorkloadActual  24: 2314912 op, 222414388.00 ns, 96.0790 ns/op
WorkloadActual  25: 2314912 op, 222810649.00 ns, 96.2502 ns/op
WorkloadActual  26: 2314912 op, 224794627.00 ns, 97.1072 ns/op
WorkloadActual  27: 2314912 op, 220674512.00 ns, 95.3274 ns/op
WorkloadActual  28: 2314912 op, 222331501.00 ns, 96.0432 ns/op
WorkloadActual  29: 2314912 op, 234994580.00 ns, 101.5134 ns/op
WorkloadActual  30: 2314912 op, 229867808.00 ns, 99.2987 ns/op
WorkloadActual  31: 2314912 op, 229326923.00 ns, 99.0651 ns/op
WorkloadActual  32: 2314912 op, 233035439.00 ns, 100.6671 ns/op
WorkloadActual  33: 2314912 op, 234396998.00 ns, 101.2553 ns/op
WorkloadActual  34: 2314912 op, 229104152.00 ns, 98.9688 ns/op
WorkloadActual  35: 2314912 op, 250795243.00 ns, 108.3390 ns/op
WorkloadActual  36: 2314912 op, 234714380.00 ns, 101.3924 ns/op
WorkloadActual  37: 2314912 op, 232756611.00 ns, 100.5466 ns/op
WorkloadActual  38: 2314912 op, 232498952.00 ns, 100.4353 ns/op
WorkloadActual  39: 2314912 op, 231357019.00 ns, 99.9420 ns/op
WorkloadActual  40: 2314912 op, 230323872.00 ns, 99.4957 ns/op
WorkloadActual  41: 2314912 op, 227616733.00 ns, 98.3263 ns/op

// AfterActualRun
WorkloadResult   1: 2314912 op, 230219995.00 ns, 99.4509 ns/op
WorkloadResult   2: 2314912 op, 240264354.00 ns, 103.7898 ns/op
WorkloadResult   3: 2314912 op, 233601691.00 ns, 100.9117 ns/op
WorkloadResult   4: 2314912 op, 231175035.00 ns, 99.8634 ns/op
WorkloadResult   5: 2314912 op, 230454980.00 ns, 99.5524 ns/op
WorkloadResult   6: 2314912 op, 229676526.00 ns, 99.2161 ns/op
WorkloadResult   7: 2314912 op, 233316020.00 ns, 100.7883 ns/op
WorkloadResult   8: 2314912 op, 236172521.00 ns, 102.0222 ns/op
WorkloadResult   9: 2314912 op, 231780571.00 ns, 100.1250 ns/op
WorkloadResult  10: 2314912 op, 232893629.00 ns, 100.6058 ns/op
WorkloadResult  11: 2314912 op, 233004029.00 ns, 100.6535 ns/op
WorkloadResult  12: 2314912 op, 240166188.00 ns, 103.7474 ns/op
WorkloadResult  13: 2314912 op, 242583135.00 ns, 104.7915 ns/op
WorkloadResult  14: 2314912 op, 225727765.00 ns, 97.5103 ns/op
WorkloadResult  15: 2314912 op, 216598340.00 ns, 93.5666 ns/op
WorkloadResult  16: 2314912 op, 216062835.00 ns, 93.3352 ns/op
WorkloadResult  17: 2314912 op, 219346927.00 ns, 94.7539 ns/op
WorkloadResult  18: 2314912 op, 218800933.00 ns, 94.5180 ns/op
WorkloadResult  19: 2314912 op, 222612714.00 ns, 96.1647 ns/op
WorkloadResult  20: 2314912 op, 216572040.00 ns, 93.5552 ns/op
WorkloadResult  21: 2314912 op, 216968301.00 ns, 93.7264 ns/op
WorkloadResult  22: 2314912 op, 218952279.00 ns, 94.5834 ns/op
WorkloadResult  23: 2314912 op, 214832164.00 ns, 92.8036 ns/op
WorkloadResult  24: 2314912 op, 216489153.00 ns, 93.5194 ns/op
WorkloadResult  25: 2314912 op, 229152232.00 ns, 98.9896 ns/op
WorkloadResult  26: 2314912 op, 224025460.00 ns, 96.7749 ns/op
WorkloadResult  27: 2314912 op, 223484575.00 ns, 96.5413 ns/op
WorkloadResult  28: 2314912 op, 227193091.00 ns, 98.1433 ns/op
WorkloadResult  29: 2314912 op, 228554650.00 ns, 98.7315 ns/op
WorkloadResult  30: 2314912 op, 223261804.00 ns, 96.4451 ns/op
WorkloadResult  31: 2314912 op, 244952895.00 ns, 105.8152 ns/op
WorkloadResult  32: 2314912 op, 228872032.00 ns, 98.8686 ns/op
WorkloadResult  33: 2314912 op, 226914263.00 ns, 98.0228 ns/op
WorkloadResult  34: 2314912 op, 226656604.00 ns, 97.9115 ns/op
WorkloadResult  35: 2314912 op, 225514671.00 ns, 97.4182 ns/op
WorkloadResult  36: 2314912 op, 224481524.00 ns, 96.9719 ns/op
WorkloadResult  37: 2314912 op, 221774385.00 ns, 95.8025 ns/op
// GC:  199 0 0 1666736640 2314912
// Threading:  0 0 2314912

// AfterAll
// Benchmark Process 54368 has exited with code 0.

Mean = 98.108 ns, StdErr = 0.557 ns (0.57%), N = 37, StdDev = 3.385 ns
Min = 92.804 ns, Q1 = 95.803 ns, Median = 98.023 ns, Q3 = 100.125 ns, Max = 105.815 ns
IQR = 4.322 ns, LowerFence = 89.319 ns, UpperFence = 106.609 ns
ConfidenceInterval = [96.114 ns; 100.102 ns] (CI 99.9%), Margin = 1.994 ns (2.03% of Mean)
Skewness = 0.34, Kurtosis = 2.37, MValue = 2.5

// ** Remained 17 (21.8%) benchmark(s) to run. Estimated finish 2026-02-19 8:50 (0h 5m from now) **
// **************************
// Benchmark: Scenario1.S1_ReturnVoidErrorNoMessage_EnumerationsOptions: .NET 10.0(Runtime=.NET 10.0, IterationTime=250ms) [Iterations=10]
// *** Execute ***
// Launch: 1 / 1
// Execute: dotnet "Enumerations.Options.Benchmarks-.NET 10.0-1.dll" --anonymousPipes 114 116 --benchmarkName "ReillyDigital.Enumerations.Options.Benchmarks.Scenarios.Scenario1.S1_ReturnVoidErrorNoMessage_EnumerationsOptions(Iterations: 10)" --job ".NET 10.0" --benchmarkId 61 in /media/andrew/Slowverflow/x/devs/reilly-digital/dotnet/enumerations.options.benchmarks/bin/Debug/net10.0/Enumerations.Options.Benchmarks-.NET 10.0-1/bin/Release/net10.0
// Failed to set up high priority (Permission denied). In order to run benchmarks with high priority, make sure you have the right permissions.
// BeforeAnythingElse

// Benchmark Process Environment Information:
// BenchmarkDotNet v0.15.8
// Runtime=.NET 10.0.3 (10.0.3, 10.0.326.7603), X64 RyuJIT x86-64-v3
// GC=Concurrent Workstation
// HardwareIntrinsics=AVX2+BMI1+BMI2+F16C+FMA+LZCNT+MOVBE,AVX,SSE3+SSSE3+SSE4.1+SSE4.2+POPCNT,X86Base+SSE+SSE2,AES+PCLMUL VectorSize=256
// Job: .NET 10.0(IterationTime=250ms)

OverheadJitting  1: 1 op, 158901.00 ns, 158.9010 us/op
WorkloadJitting  1: 1 op, 1773730.00 ns, 1.7737 ms/op

OverheadJitting  2: 16 op, 198496.00 ns, 12.4060 us/op
WorkloadJitting  2: 16 op, 230237.00 ns, 14.3898 us/op

WorkloadPilot    1: 16 op, 38793.00 ns, 2.4246 us/op
WorkloadPilot    2: 103120 op, 53023259.00 ns, 514.1899 ns/op
WorkloadPilot    3: 486208 op, 165023816.00 ns, 339.4099 ns/op
WorkloadPilot    4: 736576 op, 102808894.00 ns, 139.5768 ns/op
WorkloadPilot    5: 1791136 op, 244103055.00 ns, 136.2839 ns/op
WorkloadPilot    6: 1834416 op, 242775441.00 ns, 132.3448 ns/op
WorkloadPilot    7: 1889008 op, 256623745.00 ns, 135.8511 ns/op
WorkloadPilot    8: 1840256 op, 244249283.00 ns, 132.7257 ns/op
WorkloadPilot    9: 1883584 op, 248648036.00 ns, 132.0079 ns/op
WorkloadPilot   10: 1893840 op, 252034772.00 ns, 133.0813 ns/op
WorkloadPilot   11: 1878560 op, 250233870.00 ns, 133.2052 ns/op

OverheadWarmup   1: 1878560 op, 4762923.00 ns, 2.5354 ns/op
OverheadWarmup   2: 1878560 op, 4867872.00 ns, 2.5913 ns/op
OverheadWarmup   3: 1878560 op, 4778683.00 ns, 2.5438 ns/op
OverheadWarmup   4: 1878560 op, 4709261.00 ns, 2.5068 ns/op
OverheadWarmup   5: 1878560 op, 4768113.00 ns, 2.5382 ns/op
OverheadWarmup   6: 1878560 op, 4818678.00 ns, 2.5651 ns/op
OverheadWarmup   7: 1878560 op, 4730491.00 ns, 2.5181 ns/op

OverheadActual   1: 1878560 op, 4746722.00 ns, 2.5268 ns/op
OverheadActual   2: 1878560 op, 4806506.00 ns, 2.5586 ns/op
OverheadActual   3: 1878560 op, 4742054.00 ns, 2.5243 ns/op
OverheadActual   4: 1878560 op, 4815432.00 ns, 2.5634 ns/op
OverheadActual   5: 1878560 op, 4741713.00 ns, 2.5241 ns/op
OverheadActual   6: 1878560 op, 4779705.00 ns, 2.5443 ns/op
OverheadActual   7: 1878560 op, 4924139.00 ns, 2.6212 ns/op
OverheadActual   8: 1878560 op, 4755940.00 ns, 2.5317 ns/op
OverheadActual   9: 1878560 op, 4760028.00 ns, 2.5339 ns/op
OverheadActual  10: 1878560 op, 4813429.00 ns, 2.5623 ns/op
OverheadActual  11: 1878560 op, 4830511.00 ns, 2.5714 ns/op
OverheadActual  12: 1878560 op, 4877159.00 ns, 2.5962 ns/op
OverheadActual  13: 1878560 op, 4763404.00 ns, 2.5357 ns/op
OverheadActual  14: 1878560 op, 4791267.00 ns, 2.5505 ns/op
OverheadActual  15: 1878560 op, 4690265.00 ns, 2.4967 ns/op

WorkloadWarmup   1: 1878560 op, 256949973.00 ns, 136.7803 ns/op
WorkloadWarmup   2: 1878560 op, 254774793.00 ns, 135.6224 ns/op
WorkloadWarmup   3: 1878560 op, 248946250.00 ns, 132.5197 ns/op
WorkloadWarmup   4: 1878560 op, 250046996.00 ns, 133.1057 ns/op
WorkloadWarmup   5: 1878560 op, 249173290.00 ns, 132.6406 ns/op
WorkloadWarmup   6: 1878560 op, 243743805.00 ns, 129.7503 ns/op
WorkloadWarmup   7: 1878560 op, 249046701.00 ns, 132.5732 ns/op
WorkloadWarmup   8: 1878560 op, 249350396.00 ns, 132.7349 ns/op
WorkloadWarmup   9: 1878560 op, 245352273.00 ns, 130.6066 ns/op

// BeforeActualRun
WorkloadActual   1: 1878560 op, 253867694.00 ns, 135.1395 ns/op
WorkloadActual   2: 1878560 op, 319996570.00 ns, 170.3414 ns/op
WorkloadActual   3: 1878560 op, 281252362.00 ns, 149.7170 ns/op
WorkloadActual   4: 1878560 op, 286122388.00 ns, 152.3094 ns/op
WorkloadActual   5: 1878560 op, 283142483.00 ns, 150.7232 ns/op
WorkloadActual   6: 1878560 op, 284594344.00 ns, 151.4960 ns/op
WorkloadActual   7: 1878560 op, 281491004.00 ns, 149.8440 ns/op
WorkloadActual   8: 1878560 op, 283753160.00 ns, 151.0482 ns/op
WorkloadActual   9: 1878560 op, 289449992.00 ns, 154.0808 ns/op
WorkloadActual  10: 1878560 op, 283446289.00 ns, 150.8849 ns/op
WorkloadActual  11: 1878560 op, 283704959.00 ns, 151.0226 ns/op
WorkloadActual  12: 1878560 op, 286912925.00 ns, 152.7302 ns/op
WorkloadActual  13: 1878560 op, 281996302.00 ns, 150.1130 ns/op
WorkloadActual  14: 1878560 op, 283441409.00 ns, 150.8823 ns/op
WorkloadActual  15: 1878560 op, 286817294.00 ns, 152.6793 ns/op
WorkloadActual  16: 1878560 op, 284188294.00 ns, 151.2799 ns/op
WorkloadActual  17: 1878560 op, 289742937.00 ns, 154.2367 ns/op
WorkloadActual  18: 1878560 op, 253086844.00 ns, 134.7239 ns/op
WorkloadActual  19: 1878560 op, 251714014.00 ns, 133.9931 ns/op
WorkloadActual  20: 1878560 op, 252492088.00 ns, 134.4073 ns/op
WorkloadActual  21: 1878560 op, 251850993.00 ns, 134.0660 ns/op
WorkloadActual  22: 1878560 op, 250466901.00 ns, 133.3292 ns/op
WorkloadActual  23: 1878560 op, 247958950.00 ns, 131.9942 ns/op
WorkloadActual  24: 1878560 op, 257419242.00 ns, 137.0301 ns/op
WorkloadActual  25: 1878560 op, 252726181.00 ns, 134.5319 ns/op
WorkloadActual  26: 1878560 op, 255141718.00 ns, 135.8177 ns/op
WorkloadActual  27: 1878560 op, 251888024.00 ns, 134.0857 ns/op
WorkloadActual  28: 1878560 op, 255848957.00 ns, 136.1942 ns/op
WorkloadActual  29: 1878560 op, 252067063.00 ns, 134.1810 ns/op
WorkloadActual  30: 1878560 op, 249313827.00 ns, 132.7154 ns/op
WorkloadActual  31: 1878560 op, 246563366.00 ns, 131.2513 ns/op
WorkloadActual  32: 1878560 op, 254130442.00 ns, 135.2794 ns/op
WorkloadActual  33: 1878560 op, 250315715.00 ns, 133.2487 ns/op
WorkloadActual  34: 1878560 op, 247189342.00 ns, 131.5845 ns/op
WorkloadActual  35: 1878560 op, 250747132.00 ns, 133.4784 ns/op
WorkloadActual  36: 1878560 op, 246818941.00 ns, 131.3873 ns/op
WorkloadActual  37: 1878560 op, 252554096.00 ns, 134.4403 ns/op
WorkloadActual  38: 1878560 op, 249627321.00 ns, 132.8823 ns/op
WorkloadActual  39: 1878560 op, 247239557.00 ns, 131.6112 ns/op
WorkloadActual  40: 1878560 op, 249806100.00 ns, 132.9774 ns/op
WorkloadActual  41: 1878560 op, 250598551.00 ns, 133.3993 ns/op
WorkloadActual  42: 1878560 op, 249513225.00 ns, 132.8215 ns/op
WorkloadActual  43: 1878560 op, 250681979.00 ns, 133.4437 ns/op
WorkloadActual  44: 1878560 op, 245202488.00 ns, 130.5268 ns/op
WorkloadActual  45: 1878560 op, 250272573.00 ns, 133.2258 ns/op
WorkloadActual  46: 1878560 op, 243105426.00 ns, 129.4105 ns/op
WorkloadActual  47: 1878560 op, 252647272.00 ns, 134.4899 ns/op
WorkloadActual  48: 1878560 op, 241945960.00 ns, 128.7933 ns/op
WorkloadActual  49: 1878560 op, 240766936.00 ns, 128.1657 ns/op
WorkloadActual  50: 1878560 op, 240966214.00 ns, 128.2718 ns/op
WorkloadActual  51: 1878560 op, 240168772.00 ns, 127.8473 ns/op
WorkloadActual  52: 1878560 op, 241253057.00 ns, 128.4245 ns/op
WorkloadActual  53: 1878560 op, 244135196.00 ns, 129.9587 ns/op
WorkloadActual  54: 1878560 op, 242929242.00 ns, 129.3167 ns/op
WorkloadActual  55: 1878560 op, 248845569.00 ns, 132.4661 ns/op
WorkloadActual  56: 1878560 op, 248106690.00 ns, 132.0728 ns/op
WorkloadActual  57: 1878560 op, 251887202.00 ns, 134.0853 ns/op
WorkloadActual  58: 1878560 op, 254434017.00 ns, 135.4410 ns/op
WorkloadActual  59: 1878560 op, 249627652.00 ns, 132.8824 ns/op
WorkloadActual  60: 1878560 op, 248383494.00 ns, 132.2202 ns/op
WorkloadActual  61: 1878560 op, 252496156.00 ns, 134.4094 ns/op
WorkloadActual  62: 1878560 op, 248473115.00 ns, 132.2679 ns/op
WorkloadActual  63: 1878560 op, 249871764.00 ns, 133.0124 ns/op
WorkloadActual  64: 1878560 op, 253170583.00 ns, 134.7684 ns/op
WorkloadActual  65: 1878560 op, 253770369.00 ns, 135.0877 ns/op

// AfterActualRun
WorkloadResult   1: 1878560 op, 249087989.00 ns, 132.5952 ns/op
WorkloadResult   2: 1878560 op, 248307139.00 ns, 132.1795 ns/op
WorkloadResult   3: 1878560 op, 246934309.00 ns, 131.4487 ns/op
WorkloadResult   4: 1878560 op, 247712383.00 ns, 131.8629 ns/op
WorkloadResult   5: 1878560 op, 247071288.00 ns, 131.5216 ns/op
WorkloadResult   6: 1878560 op, 245687196.00 ns, 130.7849 ns/op
WorkloadResult   7: 1878560 op, 243179245.00 ns, 129.4498 ns/op
WorkloadResult   8: 1878560 op, 252639537.00 ns, 134.4857 ns/op
WorkloadResult   9: 1878560 op, 247946476.00 ns, 131.9875 ns/op
WorkloadResult  10: 1878560 op, 250362013.00 ns, 133.2734 ns/op
WorkloadResult  11: 1878560 op, 247108319.00 ns, 131.5414 ns/op
WorkloadResult  12: 1878560 op, 251069252.00 ns, 133.6498 ns/op
WorkloadResult  13: 1878560 op, 247287358.00 ns, 131.6367 ns/op
WorkloadResult  14: 1878560 op, 244534122.00 ns, 130.1710 ns/op
WorkloadResult  15: 1878560 op, 241783661.00 ns, 128.7069 ns/op
WorkloadResult  16: 1878560 op, 249350737.00 ns, 132.7350 ns/op
WorkloadResult  17: 1878560 op, 245536010.00 ns, 130.7044 ns/op
WorkloadResult  18: 1878560 op, 242409637.00 ns, 129.0401 ns/op
WorkloadResult  19: 1878560 op, 245967427.00 ns, 130.9340 ns/op
WorkloadResult  20: 1878560 op, 242039236.00 ns, 128.8430 ns/op
WorkloadResult  21: 1878560 op, 247774391.00 ns, 131.8959 ns/op
WorkloadResult  22: 1878560 op, 244847616.00 ns, 130.3379 ns/op
WorkloadResult  23: 1878560 op, 242459852.00 ns, 129.0669 ns/op
WorkloadResult  24: 1878560 op, 245026395.00 ns, 130.4331 ns/op
WorkloadResult  25: 1878560 op, 245818846.00 ns, 130.8549 ns/op
WorkloadResult  26: 1878560 op, 244733520.00 ns, 130.2772 ns/op
WorkloadResult  27: 1878560 op, 245902274.00 ns, 130.8993 ns/op
WorkloadResult  28: 1878560 op, 240422783.00 ns, 127.9825 ns/op
WorkloadResult  29: 1878560 op, 245492868.00 ns, 130.6814 ns/op
WorkloadResult  30: 1878560 op, 238325721.00 ns, 126.8662 ns/op
WorkloadResult  31: 1878560 op, 247867567.00 ns, 131.9455 ns/op
WorkloadResult  32: 1878560 op, 237166255.00 ns, 126.2490 ns/op
WorkloadResult  33: 1878560 op, 235987231.00 ns, 125.6213 ns/op
WorkloadResult  34: 1878560 op, 236186509.00 ns, 125.7274 ns/op
WorkloadResult  35: 1878560 op, 235389067.00 ns, 125.3029 ns/op
WorkloadResult  36: 1878560 op, 236473352.00 ns, 125.8801 ns/op
WorkloadResult  37: 1878560 op, 239355491.00 ns, 127.4143 ns/op
WorkloadResult  38: 1878560 op, 238149537.00 ns, 126.7724 ns/op
WorkloadResult  39: 1878560 op, 244065864.00 ns, 129.9218 ns/op
WorkloadResult  40: 1878560 op, 243326985.00 ns, 129.5285 ns/op
WorkloadResult  41: 1878560 op, 247107497.00 ns, 131.5409 ns/op
WorkloadResult  42: 1878560 op, 249654312.00 ns, 132.8966 ns/op
WorkloadResult  43: 1878560 op, 244847947.00 ns, 130.3381 ns/op
WorkloadResult  44: 1878560 op, 243603789.00 ns, 129.6758 ns/op
WorkloadResult  45: 1878560 op, 247716451.00 ns, 131.8651 ns/op
WorkloadResult  46: 1878560 op, 243693410.00 ns, 129.7235 ns/op
WorkloadResult  47: 1878560 op, 245092059.00 ns, 130.4680 ns/op
WorkloadResult  48: 1878560 op, 248390878.00 ns, 132.2241 ns/op
WorkloadResult  49: 1878560 op, 248990664.00 ns, 132.5434 ns/op
// GC:  341 0 0 2855411200 1878560
// Threading:  0 0 1878560

// AfterAll
// Benchmark Process 54455 has exited with code 0.

Mean = 130.255 ns, StdErr = 0.321 ns (0.25%), N = 49, StdDev = 2.244 ns
Min = 125.303 ns, Q1 = 129.067 ns, Median = 130.681 ns, Q3 = 131.865 ns, Max = 134.486 ns
IQR = 2.798 ns, LowerFence = 124.870 ns, UpperFence = 136.062 ns
ConfidenceInterval = [129.131 ns; 131.378 ns] (CI 99.9%), Margin = 1.123 ns (0.86% of Mean)
Skewness = -0.61, Kurtosis = 2.62, MValue = 2

// ** Remained 16 (20.5%) benchmark(s) to run. Estimated finish 2026-02-19 8:50 (0h 5m from now) **
// **************************
// Benchmark: Scenario1.S1_ReturnVoidErrorNoMessage_FluentResults: .NET 10.0(Runtime=.NET 10.0, IterationTime=250ms) [Iterations=10]
// *** Execute ***
// Launch: 1 / 1
// Execute: dotnet "Enumerations.Options.Benchmarks-.NET 10.0-1.dll" --anonymousPipes 114 116 --benchmarkName "ReillyDigital.Enumerations.Options.Benchmarks.Scenarios.Scenario1.S1_ReturnVoidErrorNoMessage_FluentResults(Iterations: 10)" --job ".NET 10.0" --benchmarkId 62 in /media/andrew/Slowverflow/x/devs/reilly-digital/dotnet/enumerations.options.benchmarks/bin/Debug/net10.0/Enumerations.Options.Benchmarks-.NET 10.0-1/bin/Release/net10.0
// Failed to set up high priority (Permission denied). In order to run benchmarks with high priority, make sure you have the right permissions.
// BeforeAnythingElse

// Benchmark Process Environment Information:
// BenchmarkDotNet v0.15.8
// Runtime=.NET 10.0.3 (10.0.3, 10.0.326.7603), X64 RyuJIT x86-64-v3
// GC=Concurrent Workstation
// HardwareIntrinsics=AVX2+BMI1+BMI2+F16C+FMA+LZCNT+MOVBE,AVX,SSE3+SSSE3+SSE4.1+SSE4.2+POPCNT,X86Base+SSE+SSE2,AES+PCLMUL VectorSize=256
// Job: .NET 10.0(IterationTime=250ms)

OverheadJitting  1: 1 op, 157328.00 ns, 157.3280 us/op
WorkloadJitting  1: 1 op, 3551097.00 ns, 3.5511 ms/op

OverheadJitting  2: 16 op, 242049.00 ns, 15.1281 us/op
WorkloadJitting  2: 16 op, 342489.00 ns, 21.4056 us/op

WorkloadPilot    1: 16 op, 72978.00 ns, 4.5611 us/op
WorkloadPilot    2: 54816 op, 116877035.00 ns, 2.1322 us/op
WorkloadPilot    3: 117264 op, 120663248.00 ns, 1.0290 us/op
WorkloadPilot    4: 242960 op, 120825936.00 ns, 497.3079 ns/op
WorkloadPilot    5: 502720 op, 241811394.00 ns, 481.0061 ns/op
WorkloadPilot    6: 519744 op, 243794230.00 ns, 469.0660 ns/op
WorkloadPilot    7: 532976 op, 246509314.00 ns, 462.5148 ns/op
WorkloadPilot    8: 540528 op, 248508040.00 ns, 459.7505 ns/op
WorkloadPilot    9: 543776 op, 251020160.00 ns, 461.6242 ns/op
WorkloadPilot   10: 541568 op, 252091028.00 ns, 465.4836 ns/op
WorkloadPilot   11: 537088 op, 249747339.00 ns, 465.0026 ns/op
WorkloadPilot   12: 537632 op, 250862180.00 ns, 466.6057 ns/op

OverheadWarmup   1: 537632 op, 1472259.00 ns, 2.7384 ns/op
OverheadWarmup   2: 537632 op, 1488009.00 ns, 2.7677 ns/op
OverheadWarmup   3: 537632 op, 1461409.00 ns, 2.7182 ns/op
OverheadWarmup   4: 537632 op, 1457741.00 ns, 2.7114 ns/op
OverheadWarmup   5: 537632 op, 1497086.00 ns, 2.7846 ns/op
OverheadWarmup   6: 537632 op, 1507405.00 ns, 2.8038 ns/op
OverheadWarmup   7: 537632 op, 1493309.00 ns, 2.7776 ns/op

OverheadActual   1: 537632 op, 1441501.00 ns, 2.6812 ns/op
OverheadActual   2: 537632 op, 1465126.00 ns, 2.7251 ns/op
OverheadActual   3: 537632 op, 1458413.00 ns, 2.7127 ns/op
OverheadActual   4: 537632 op, 1438556.00 ns, 2.6757 ns/op
OverheadActual   5: 537632 op, 1448654.00 ns, 2.6945 ns/op
OverheadActual   6: 537632 op, 1498679.00 ns, 2.7876 ns/op
OverheadActual   7: 537632 op, 1472670.00 ns, 2.7392 ns/op
OverheadActual   8: 537632 op, 1519929.00 ns, 2.8271 ns/op
OverheadActual   9: 537632 op, 1464695.00 ns, 2.7243 ns/op
OverheadActual  10: 537632 op, 1464906.00 ns, 2.7247 ns/op
OverheadActual  11: 537632 op, 1462551.00 ns, 2.7204 ns/op
OverheadActual  12: 537632 op, 1463272.00 ns, 2.7217 ns/op
OverheadActual  13: 537632 op, 1475064.00 ns, 2.7436 ns/op
OverheadActual  14: 537632 op, 1479393.00 ns, 2.7517 ns/op
OverheadActual  15: 537632 op, 1441150.00 ns, 2.6806 ns/op

WorkloadWarmup   1: 537632 op, 259297069.00 ns, 482.2947 ns/op
WorkloadWarmup   2: 537632 op, 250437846.00 ns, 465.8165 ns/op
WorkloadWarmup   3: 537632 op, 247189332.00 ns, 459.7742 ns/op
WorkloadWarmup   4: 537632 op, 242290181.00 ns, 450.6618 ns/op
WorkloadWarmup   5: 537632 op, 245195345.00 ns, 456.0654 ns/op
WorkloadWarmup   6: 537632 op, 243149258.00 ns, 452.2596 ns/op
WorkloadWarmup   7: 537632 op, 247030852.00 ns, 459.4794 ns/op
WorkloadWarmup   8: 537632 op, 297048997.00 ns, 552.5136 ns/op
WorkloadWarmup   9: 537632 op, 255625054.00 ns, 475.4647 ns/op

// BeforeActualRun
WorkloadActual   1: 537632 op, 252000547.00 ns, 468.7231 ns/op
WorkloadActual   2: 537632 op, 267191204.00 ns, 496.9779 ns/op
WorkloadActual   3: 537632 op, 264681760.00 ns, 492.3103 ns/op
WorkloadActual   4: 537632 op, 268328719.00 ns, 499.0937 ns/op
WorkloadActual   5: 537632 op, 265915518.00 ns, 494.6051 ns/op
WorkloadActual   6: 537632 op, 260299909.00 ns, 484.1600 ns/op
WorkloadActual   7: 537632 op, 251781482.00 ns, 468.3157 ns/op
WorkloadActual   8: 537632 op, 254355738.00 ns, 473.1038 ns/op
WorkloadActual   9: 537632 op, 252012610.00 ns, 468.7456 ns/op
WorkloadActual  10: 537632 op, 251383859.00 ns, 467.5761 ns/op
WorkloadActual  11: 537632 op, 251797943.00 ns, 468.3463 ns/op
WorkloadActual  12: 537632 op, 253150134.00 ns, 470.8614 ns/op
WorkloadActual  13: 537632 op, 253196713.00 ns, 470.9480 ns/op
WorkloadActual  14: 537632 op, 250917254.00 ns, 466.7082 ns/op
WorkloadActual  15: 537632 op, 249656405.00 ns, 464.3630 ns/op
WorkloadActual  16: 537632 op, 253004098.00 ns, 470.5897 ns/op
WorkloadActual  17: 537632 op, 256867447.00 ns, 477.7756 ns/op
WorkloadActual  18: 537632 op, 240364774.00 ns, 447.0805 ns/op
WorkloadActual  19: 537632 op, 238866676.00 ns, 444.2940 ns/op
WorkloadActual  20: 537632 op, 243177513.00 ns, 452.3122 ns/op
WorkloadActual  21: 537632 op, 240932328.00 ns, 448.1361 ns/op
WorkloadActual  22: 537632 op, 240160356.00 ns, 446.7003 ns/op
WorkloadActual  23: 537632 op, 238348434.00 ns, 443.3301 ns/op
WorkloadActual  24: 537632 op, 244152139.00 ns, 454.1250 ns/op
WorkloadActual  25: 537632 op, 252787938.00 ns, 470.1877 ns/op
WorkloadActual  26: 537632 op, 253771321.00 ns, 472.0168 ns/op
WorkloadActual  27: 537632 op, 255070573.00 ns, 474.4334 ns/op
WorkloadActual  28: 537632 op, 253652716.00 ns, 471.7962 ns/op
WorkloadActual  29: 537632 op, 253933368.00 ns, 472.3182 ns/op

// AfterActualRun
WorkloadResult   1: 537632 op, 250535852.00 ns, 465.9988 ns/op
WorkloadResult   2: 537632 op, 258835214.00 ns, 481.4357 ns/op
WorkloadResult   3: 537632 op, 250316787.00 ns, 465.5913 ns/op
WorkloadResult   4: 537632 op, 252891043.00 ns, 470.3794 ns/op
WorkloadResult   5: 537632 op, 250547915.00 ns, 466.0212 ns/op
WorkloadResult   6: 537632 op, 249919164.00 ns, 464.8517 ns/op
WorkloadResult   7: 537632 op, 250333248.00 ns, 465.6219 ns/op
WorkloadResult   8: 537632 op, 251685439.00 ns, 468.1370 ns/op
WorkloadResult   9: 537632 op, 251732018.00 ns, 468.2237 ns/op
WorkloadResult  10: 537632 op, 249452559.00 ns, 463.9838 ns/op
WorkloadResult  11: 537632 op, 248191710.00 ns, 461.6386 ns/op
WorkloadResult  12: 537632 op, 251539403.00 ns, 467.8654 ns/op
WorkloadResult  13: 537632 op, 255402752.00 ns, 475.0512 ns/op
WorkloadResult  14: 537632 op, 238900079.00 ns, 444.3561 ns/op
WorkloadResult  15: 537632 op, 237401981.00 ns, 441.5697 ns/op
WorkloadResult  16: 537632 op, 241712818.00 ns, 449.5879 ns/op
WorkloadResult  17: 537632 op, 239467633.00 ns, 445.4118 ns/op
WorkloadResult  18: 537632 op, 238695661.00 ns, 443.9759 ns/op
WorkloadResult  19: 537632 op, 236883739.00 ns, 440.6057 ns/op
WorkloadResult  20: 537632 op, 242687444.00 ns, 451.4007 ns/op
WorkloadResult  21: 537632 op, 251323243.00 ns, 467.4633 ns/op
WorkloadResult  22: 537632 op, 252306626.00 ns, 469.2924 ns/op
WorkloadResult  23: 537632 op, 253605878.00 ns, 471.7090 ns/op
WorkloadResult  24: 537632 op, 252188021.00 ns, 469.0718 ns/op
WorkloadResult  25: 537632 op, 252468673.00 ns, 469.5938 ns/op
// GC:  169 0 0 1419348480 537632
// Threading:  0 0 537632

// AfterAll
// Benchmark Process 54595 has exited with code 0.

Mean = 461.954 ns, StdErr = 2.287 ns (0.49%), N = 25, StdDev = 11.433 ns
Min = 440.606 ns, Q1 = 451.401 ns, Median = 465.999 ns, Q3 = 469.072 ns, Max = 481.436 ns
IQR = 17.671 ns, LowerFence = 424.894 ns, UpperFence = 495.579 ns
ConfidenceInterval = [453.389 ns; 470.518 ns] (CI 99.9%), Margin = 8.564 ns (1.85% of Mean)
Skewness = -0.63, Kurtosis = 2.09, MValue = 2.63

// ** Remained 15 (19.2%) benchmark(s) to run. Estimated finish 2026-02-19 8:50 (0h 4m from now) **
// **************************
// Benchmark: Scenario1.S1_ReturnVoidErrorNoMessage_LightResults: .NET 10.0(Runtime=.NET 10.0, IterationTime=250ms) [Iterations=10]
// *** Execute ***
// Launch: 1 / 1
// Execute: dotnet "Enumerations.Options.Benchmarks-.NET 10.0-1.dll" --anonymousPipes 114 116 --benchmarkName "ReillyDigital.Enumerations.Options.Benchmarks.Scenarios.Scenario1.S1_ReturnVoidErrorNoMessage_LightResults(Iterations: 10)" --job ".NET 10.0" --benchmarkId 63 in /media/andrew/Slowverflow/x/devs/reilly-digital/dotnet/enumerations.options.benchmarks/bin/Debug/net10.0/Enumerations.Options.Benchmarks-.NET 10.0-1/bin/Release/net10.0
// Failed to set up high priority (Permission denied). In order to run benchmarks with high priority, make sure you have the right permissions.
// BeforeAnythingElse

// Benchmark Process Environment Information:
// BenchmarkDotNet v0.15.8
// Runtime=.NET 10.0.3 (10.0.3, 10.0.326.7603), X64 RyuJIT x86-64-v3
// GC=Concurrent Workstation
// HardwareIntrinsics=AVX2+BMI1+BMI2+F16C+FMA+LZCNT+MOVBE,AVX,SSE3+SSSE3+SSE4.1+SSE4.2+POPCNT,X86Base+SSE+SSE2,AES+PCLMUL VectorSize=256
// Job: .NET 10.0(IterationTime=250ms)

OverheadJitting  1: 1 op, 153341.00 ns, 153.3410 us/op
WorkloadJitting  1: 1 op, 2761472.00 ns, 2.7615 ms/op

OverheadJitting  2: 16 op, 211500.00 ns, 13.2188 us/op
WorkloadJitting  2: 16 op, 223403.00 ns, 13.9627 us/op

WorkloadPilot    1: 16 op, 1964.00 ns, 122.7500 ns/op
WorkloadPilot    2: 2036672 op, 190925554.00 ns, 93.7439 ns/op
WorkloadPilot    3: 2666848 op, 13426756.00 ns, 5.0347 ns/op
WorkloadPilot    4: 49655488 op, 249243955.00 ns, 5.0195 ns/op
WorkloadPilot    5: 49806112 op, 243034591.00 ns, 4.8796 ns/op
WorkloadPilot    6: 51233568 op, 254612945.00 ns, 4.9697 ns/op
WorkloadPilot    7: 50305360 op, 250468555.00 ns, 4.9790 ns/op
WorkloadPilot    8: 50211264 op, 241344841.00 ns, 4.8066 ns/op
WorkloadPilot    9: 52011952 op, 253536176.00 ns, 4.8746 ns/op

OverheadWarmup   1: 52011952 op, 131681651.00 ns, 2.5318 ns/op
OverheadWarmup   2: 52011952 op, 107829535.00 ns, 2.0732 ns/op
OverheadWarmup   3: 52011952 op, 80310643.00 ns, 1.5441 ns/op
OverheadWarmup   4: 52011952 op, 79648569.00 ns, 1.5314 ns/op
OverheadWarmup   5: 52011952 op, 79695407.00 ns, 1.5323 ns/op
OverheadWarmup   6: 52011952 op, 79765680.00 ns, 1.5336 ns/op
OverheadWarmup   7: 52011952 op, 79970078.00 ns, 1.5375 ns/op
OverheadWarmup   8: 52011952 op, 84126702.00 ns, 1.6174 ns/op
OverheadWarmup   9: 52011952 op, 79392453.00 ns, 1.5264 ns/op
OverheadWarmup  10: 52011952 op, 79417360.00 ns, 1.5269 ns/op

OverheadActual   1: 52011952 op, 79442608.00 ns, 1.5274 ns/op
OverheadActual   2: 52011952 op, 79239894.00 ns, 1.5235 ns/op
OverheadActual   3: 52011952 op, 79209637.00 ns, 1.5229 ns/op
OverheadActual   4: 52011952 op, 79534572.00 ns, 1.5292 ns/op
OverheadActual   5: 52011952 op, 79402252.00 ns, 1.5266 ns/op
OverheadActual   6: 52011952 op, 79425957.00 ns, 1.5271 ns/op
OverheadActual   7: 52011952 op, 79476392.00 ns, 1.5280 ns/op
OverheadActual   8: 52011952 op, 79486682.00 ns, 1.5282 ns/op
OverheadActual   9: 52011952 op, 79690899.00 ns, 1.5322 ns/op
OverheadActual  10: 52011952 op, 79954778.00 ns, 1.5372 ns/op
OverheadActual  11: 52011952 op, 82144046.00 ns, 1.5793 ns/op
OverheadActual  12: 52011952 op, 79158750.00 ns, 1.5219 ns/op
OverheadActual  13: 52011952 op, 86139475.00 ns, 1.6561 ns/op
OverheadActual  14: 52011952 op, 80028237.00 ns, 1.5387 ns/op
OverheadActual  15: 52011952 op, 79641104.00 ns, 1.5312 ns/op

WorkloadWarmup   1: 52011952 op, 253135356.00 ns, 4.8669 ns/op
WorkloadWarmup   2: 52011952 op, 248810393.00 ns, 4.7837 ns/op
WorkloadWarmup   3: 52011952 op, 254193120.00 ns, 4.8872 ns/op
WorkloadWarmup   4: 52011952 op, 256970212.00 ns, 4.9406 ns/op
WorkloadWarmup   5: 52011952 op, 250939647.00 ns, 4.8247 ns/op
WorkloadWarmup   6: 52011952 op, 245320322.00 ns, 4.7166 ns/op
WorkloadWarmup   7: 52011952 op, 256793878.00 ns, 4.9372 ns/op
WorkloadWarmup   8: 52011952 op, 245079946.00 ns, 4.7120 ns/op

// BeforeActualRun
WorkloadActual   1: 52011952 op, 262258981.00 ns, 5.0423 ns/op
WorkloadActual   2: 52011952 op, 253058862.00 ns, 4.8654 ns/op
WorkloadActual   3: 52011952 op, 250732474.00 ns, 4.8207 ns/op
WorkloadActual   4: 52011952 op, 260680010.00 ns, 5.0119 ns/op
WorkloadActual   5: 52011952 op, 261898137.00 ns, 5.0353 ns/op
WorkloadActual   6: 52011952 op, 234669775.00 ns, 4.5118 ns/op
WorkloadActual   7: 52011952 op, 242008578.00 ns, 4.6529 ns/op
WorkloadActual   8: 52011952 op, 249211152.00 ns, 4.7914 ns/op
WorkloadActual   9: 52011952 op, 258780220.00 ns, 4.9754 ns/op
WorkloadActual  10: 52011952 op, 257439040.00 ns, 4.9496 ns/op
WorkloadActual  11: 52011952 op, 260249003.00 ns, 5.0036 ns/op
WorkloadActual  12: 52011952 op, 257715173.00 ns, 4.9549 ns/op
WorkloadActual  13: 52011952 op, 254411565.00 ns, 4.8914 ns/op
WorkloadActual  14: 52011952 op, 252266651.00 ns, 4.8502 ns/op
WorkloadActual  15: 52011952 op, 259830359.00 ns, 4.9956 ns/op
WorkloadActual  16: 52011952 op, 261381759.00 ns, 5.0254 ns/op
WorkloadActual  17: 52011952 op, 259058357.00 ns, 4.9807 ns/op
WorkloadActual  18: 52011952 op, 257641082.00 ns, 4.9535 ns/op
WorkloadActual  19: 52011952 op, 252247384.00 ns, 4.8498 ns/op
WorkloadActual  20: 52011952 op, 264038462.00 ns, 5.0765 ns/op
WorkloadActual  21: 52011952 op, 252123109.00 ns, 4.8474 ns/op
WorkloadActual  22: 52011952 op, 251162720.00 ns, 4.8289 ns/op
WorkloadActual  23: 52011952 op, 264820143.00 ns, 5.0915 ns/op
WorkloadActual  24: 52011952 op, 251115921.00 ns, 4.8280 ns/op
WorkloadActual  25: 52011952 op, 256313197.00 ns, 4.9280 ns/op
WorkloadActual  26: 52011952 op, 254758642.00 ns, 4.8981 ns/op

// AfterActualRun
WorkloadResult   1: 52011952 op, 182772299.00 ns, 3.5140 ns/op
WorkloadResult   2: 52011952 op, 173572180.00 ns, 3.3372 ns/op
WorkloadResult   3: 52011952 op, 171245792.00 ns, 3.2924 ns/op
WorkloadResult   4: 52011952 op, 181193328.00 ns, 3.4837 ns/op
WorkloadResult   5: 52011952 op, 182411455.00 ns, 3.5071 ns/op
WorkloadResult   6: 52011952 op, 155183093.00 ns, 2.9836 ns/op
WorkloadResult   7: 52011952 op, 162521896.00 ns, 3.1247 ns/op
WorkloadResult   8: 52011952 op, 169724470.00 ns, 3.2632 ns/op
WorkloadResult   9: 52011952 op, 179293538.00 ns, 3.4472 ns/op
WorkloadResult  10: 52011952 op, 177952358.00 ns, 3.4214 ns/op
WorkloadResult  11: 52011952 op, 180762321.00 ns, 3.4754 ns/op
WorkloadResult  12: 52011952 op, 178228491.00 ns, 3.4267 ns/op
WorkloadResult  13: 52011952 op, 174924883.00 ns, 3.3632 ns/op
WorkloadResult  14: 52011952 op, 172779969.00 ns, 3.3219 ns/op
WorkloadResult  15: 52011952 op, 180343677.00 ns, 3.4674 ns/op
WorkloadResult  16: 52011952 op, 181895077.00 ns, 3.4972 ns/op
WorkloadResult  17: 52011952 op, 179571675.00 ns, 3.4525 ns/op
WorkloadResult  18: 52011952 op, 178154400.00 ns, 3.4253 ns/op
WorkloadResult  19: 52011952 op, 172760702.00 ns, 3.3216 ns/op
WorkloadResult  20: 52011952 op, 184551780.00 ns, 3.5483 ns/op
WorkloadResult  21: 52011952 op, 172636427.00 ns, 3.3192 ns/op
WorkloadResult  22: 52011952 op, 171676038.00 ns, 3.3007 ns/op
WorkloadResult  23: 52011952 op, 185333461.00 ns, 3.5633 ns/op
WorkloadResult  24: 52011952 op, 171629239.00 ns, 3.2998 ns/op
WorkloadResult  25: 52011952 op, 176826515.00 ns, 3.3997 ns/op
WorkloadResult  26: 52011952 op, 175271960.00 ns, 3.3698 ns/op
// GC:  0 0 0 0 52011952
// Threading:  0 0 52011952

// AfterAll
// Benchmark Process 54662 has exited with code 0.

Mean = 3.382 ns, StdErr = 0.025 ns (0.75%), N = 26, StdDev = 0.130 ns
Min = 2.984 ns, Q1 = 3.320 ns, Median = 3.411 ns, Q3 = 3.473 ns, Max = 3.563 ns
IQR = 0.154 ns, LowerFence = 3.089 ns, UpperFence = 3.704 ns
ConfidenceInterval = [3.287 ns; 3.477 ns] (CI 99.9%), Margin = 0.095 ns (2.81% of Mean)
Skewness = -1.13, Kurtosis = 4.42, MValue = 2

// ** Remained 14 (17.9%) benchmark(s) to run. Estimated finish 2026-02-19 8:50 (0h 4m from now) **
// **************************
// Benchmark: Scenario1.S1_ReturnVoidErrorNoMessage_Rascal: .NET 10.0(Runtime=.NET 10.0, IterationTime=250ms) [Iterations=10]
// *** Execute ***
// Launch: 1 / 1
// Execute: dotnet "Enumerations.Options.Benchmarks-.NET 10.0-1.dll" --anonymousPipes 114 116 --benchmarkName "ReillyDigital.Enumerations.Options.Benchmarks.Scenarios.Scenario1.S1_ReturnVoidErrorNoMessage_Rascal(Iterations: 10)" --job ".NET 10.0" --benchmarkId 64 in /media/andrew/Slowverflow/x/devs/reilly-digital/dotnet/enumerations.options.benchmarks/bin/Debug/net10.0/Enumerations.Options.Benchmarks-.NET 10.0-1/bin/Release/net10.0
// Failed to set up high priority (Permission denied). In order to run benchmarks with high priority, make sure you have the right permissions.
// BeforeAnythingElse

// Benchmark Process Environment Information:
// BenchmarkDotNet v0.15.8
// Runtime=.NET 10.0.3 (10.0.3, 10.0.326.7603), X64 RyuJIT x86-64-v3
// GC=Concurrent Workstation
// HardwareIntrinsics=AVX2+BMI1+BMI2+F16C+FMA+LZCNT+MOVBE,AVX,SSE3+SSSE3+SSE4.1+SSE4.2+POPCNT,X86Base+SSE+SSE2,AES+PCLMUL VectorSize=256
// Job: .NET 10.0(IterationTime=250ms)

OverheadJitting  1: 1 op, 152559.00 ns, 152.5590 us/op
WorkloadJitting  1: 1 op, 2231617.00 ns, 2.2316 ms/op

OverheadJitting  2: 16 op, 193927.00 ns, 12.1204 us/op
WorkloadJitting  2: 16 op, 211260.00 ns, 13.2038 us/op

WorkloadPilot    1: 16 op, 4779.00 ns, 298.6875 ns/op
WorkloadPilot    2: 837008 op, 174165975.00 ns, 208.0816 ns/op
WorkloadPilot    3: 1201456 op, 54315537.00 ns, 45.2081 ns/op
WorkloadPilot    4: 5529984 op, 290584050.00 ns, 52.5470 ns/op
WorkloadPilot    5: 4757648 op, 201807419.00 ns, 42.4175 ns/op
WorkloadPilot    6: 5893808 op, 249481234.00 ns, 42.3294 ns/op
WorkloadPilot    7: 5906064 op, 246384438.00 ns, 41.7172 ns/op
WorkloadPilot    8: 5992736 op, 250573895.00 ns, 41.8129 ns/op
WorkloadPilot    9: 5979024 op, 251016042.00 ns, 41.9828 ns/op

OverheadWarmup   1: 5979024 op, 15075650.00 ns, 2.5214 ns/op
OverheadWarmup   2: 5979024 op, 15186480.00 ns, 2.5400 ns/op
OverheadWarmup   3: 5979024 op, 15212088.00 ns, 2.5442 ns/op
OverheadWarmup   4: 5979024 op, 15104885.00 ns, 2.5263 ns/op
OverheadWarmup   5: 5979024 op, 14868447.00 ns, 2.4868 ns/op
OverheadWarmup   6: 5979024 op, 14861204.00 ns, 2.4856 ns/op
OverheadWarmup   7: 5979024 op, 14803965.00 ns, 2.4760 ns/op
OverheadWarmup   8: 5979024 op, 14791481.00 ns, 2.4739 ns/op
OverheadWarmup   9: 5979024 op, 14832409.00 ns, 2.4807 ns/op
OverheadWarmup  10: 5979024 op, 14855312.00 ns, 2.4846 ns/op

OverheadActual   1: 5979024 op, 14783897.00 ns, 2.4726 ns/op
OverheadActual   2: 5979024 op, 14842317.00 ns, 2.4824 ns/op
OverheadActual   3: 5979024 op, 14783917.00 ns, 2.4726 ns/op
OverheadActual   4: 5979024 op, 14946365.00 ns, 2.4998 ns/op
OverheadActual   5: 5979024 op, 14850703.00 ns, 2.4838 ns/op
OverheadActual   6: 5979024 op, 14878246.00 ns, 2.4884 ns/op
OverheadActual   7: 5979024 op, 14991620.00 ns, 2.5074 ns/op
OverheadActual   8: 5979024 op, 14873307.00 ns, 2.4876 ns/op
OverheadActual   9: 5979024 op, 14925105.00 ns, 2.4962 ns/op
OverheadActual  10: 5979024 op, 14922821.00 ns, 2.4959 ns/op
OverheadActual  11: 5979024 op, 14837759.00 ns, 2.4816 ns/op
OverheadActual  12: 5979024 op, 14935825.00 ns, 2.4980 ns/op
OverheadActual  13: 5979024 op, 14929132.00 ns, 2.4969 ns/op
OverheadActual  14: 5979024 op, 14994075.00 ns, 2.5078 ns/op
OverheadActual  15: 5979024 op, 14891421.00 ns, 2.4906 ns/op

WorkloadWarmup   1: 5979024 op, 326475985.00 ns, 54.6036 ns/op
WorkloadWarmup   2: 5979024 op, 322479554.00 ns, 53.9351 ns/op
WorkloadWarmup   3: 5979024 op, 313640860.00 ns, 52.4569 ns/op
WorkloadWarmup   4: 5979024 op, 308960293.00 ns, 51.6740 ns/op
WorkloadWarmup   5: 5979024 op, 311078977.00 ns, 52.0284 ns/op
WorkloadWarmup   6: 5979024 op, 311145563.00 ns, 52.0395 ns/op
WorkloadWarmup   7: 5979024 op, 311315334.00 ns, 52.0679 ns/op
WorkloadWarmup   8: 5979024 op, 251764118.00 ns, 42.1079 ns/op
WorkloadWarmup   9: 5979024 op, 313761949.00 ns, 52.4771 ns/op
WorkloadWarmup  10: 5979024 op, 248954527.00 ns, 41.6380 ns/op

// BeforeActualRun
WorkloadActual   1: 5979024 op, 254394692.00 ns, 42.5479 ns/op
WorkloadActual   2: 5979024 op, 314578727.00 ns, 52.6137 ns/op
WorkloadActual   3: 5979024 op, 318157316.00 ns, 53.2122 ns/op
WorkloadActual   4: 5979024 op, 320853473.00 ns, 53.6632 ns/op
WorkloadActual   5: 5979024 op, 263892154.00 ns, 44.1363 ns/op
WorkloadActual   6: 5979024 op, 321034576.00 ns, 53.6935 ns/op
WorkloadActual   7: 5979024 op, 318778032.00 ns, 53.3161 ns/op
WorkloadActual   8: 5979024 op, 323376844.00 ns, 54.0852 ns/op
WorkloadActual   9: 5979024 op, 330258921.00 ns, 55.2363 ns/op
WorkloadActual  10: 5979024 op, 321186755.00 ns, 53.7189 ns/op
WorkloadActual  11: 5979024 op, 329939056.00 ns, 55.1828 ns/op
WorkloadActual  12: 5979024 op, 335416121.00 ns, 56.0988 ns/op
WorkloadActual  13: 5979024 op, 340381889.00 ns, 56.9293 ns/op
WorkloadActual  14: 5979024 op, 318962591.00 ns, 53.3469 ns/op
WorkloadActual  15: 5979024 op, 316183506.00 ns, 52.8821 ns/op
WorkloadActual  16: 5979024 op, 330210951.00 ns, 55.2282 ns/op
WorkloadActual  17: 5979024 op, 266348638.00 ns, 44.5472 ns/op
WorkloadActual  18: 5979024 op, 253030668.00 ns, 42.3197 ns/op
WorkloadActual  19: 5979024 op, 254801904.00 ns, 42.6160 ns/op
WorkloadActual  20: 5979024 op, 251495230.00 ns, 42.0629 ns/op
WorkloadActual  21: 5979024 op, 256012136.00 ns, 42.8184 ns/op
WorkloadActual  22: 5979024 op, 252722214.00 ns, 42.2681 ns/op
WorkloadActual  23: 5979024 op, 251966462.00 ns, 42.1417 ns/op
WorkloadActual  24: 5979024 op, 253340976.00 ns, 42.3716 ns/op
WorkloadActual  25: 5979024 op, 251865140.00 ns, 42.1248 ns/op
WorkloadActual  26: 5979024 op, 253481452.00 ns, 42.3951 ns/op
WorkloadActual  27: 5979024 op, 253707020.00 ns, 42.4328 ns/op
WorkloadActual  28: 5979024 op, 252994610.00 ns, 42.3137 ns/op
WorkloadActual  29: 5979024 op, 252704189.00 ns, 42.2651 ns/op
WorkloadActual  30: 5979024 op, 295493972.00 ns, 49.4218 ns/op
WorkloadActual  31: 5979024 op, 253756934.00 ns, 42.4412 ns/op
WorkloadActual  32: 5979024 op, 253471864.00 ns, 42.3935 ns/op
WorkloadActual  33: 5979024 op, 253192686.00 ns, 42.3468 ns/op
WorkloadActual  34: 5979024 op, 252990933.00 ns, 42.3131 ns/op
WorkloadActual  35: 5979024 op, 252124241.00 ns, 42.1681 ns/op
WorkloadActual  36: 5979024 op, 251220318.00 ns, 42.0169 ns/op
WorkloadActual  37: 5979024 op, 252733946.00 ns, 42.2701 ns/op
WorkloadActual  38: 5979024 op, 251821538.00 ns, 42.1175 ns/op
WorkloadActual  39: 5979024 op, 254357132.00 ns, 42.5416 ns/op
WorkloadActual  40: 5979024 op, 251642649.00 ns, 42.0876 ns/op
WorkloadActual  41: 5979024 op, 252129832.00 ns, 42.1691 ns/op
WorkloadActual  42: 5979024 op, 252470868.00 ns, 42.2261 ns/op
WorkloadActual  43: 5979024 op, 252371369.00 ns, 42.2095 ns/op
WorkloadActual  44: 5979024 op, 255645592.00 ns, 42.7571 ns/op
WorkloadActual  45: 5979024 op, 253032932.00 ns, 42.3201 ns/op
WorkloadActual  46: 5979024 op, 253234214.00 ns, 42.3538 ns/op
WorkloadActual  47: 5979024 op, 253435505.00 ns, 42.3874 ns/op
WorkloadActual  48: 5979024 op, 252277652.00 ns, 42.1938 ns/op
WorkloadActual  49: 5979024 op, 252598630.00 ns, 42.2475 ns/op
WorkloadActual  50: 5979024 op, 256847068.00 ns, 42.9580 ns/op
WorkloadActual  51: 5979024 op, 251642278.00 ns, 42.0875 ns/op
WorkloadActual  52: 5979024 op, 251892692.00 ns, 42.1294 ns/op
WorkloadActual  53: 5979024 op, 260922810.00 ns, 43.6397 ns/op
WorkloadActual  54: 5979024 op, 254025944.00 ns, 42.4862 ns/op
WorkloadActual  55: 5979024 op, 252867709.00 ns, 42.2925 ns/op
WorkloadActual  56: 5979024 op, 252758452.00 ns, 42.2742 ns/op
WorkloadActual  57: 5979024 op, 252671438.00 ns, 42.2596 ns/op
WorkloadActual  58: 5979024 op, 253337791.00 ns, 42.3711 ns/op
WorkloadActual  59: 5979024 op, 252449978.00 ns, 42.2226 ns/op
WorkloadActual  60: 5979024 op, 252351191.00 ns, 42.2061 ns/op
WorkloadActual  61: 5979024 op, 252014904.00 ns, 42.1498 ns/op

// AfterActualRun
WorkloadResult   1: 5979024 op, 239503271.00 ns, 40.0573 ns/op
WorkloadResult   2: 5979024 op, 249000733.00 ns, 41.6457 ns/op
WorkloadResult   3: 5979024 op, 251457217.00 ns, 42.0566 ns/op
WorkloadResult   4: 5979024 op, 238139247.00 ns, 39.8291 ns/op
WorkloadResult   5: 5979024 op, 239910483.00 ns, 40.1254 ns/op
WorkloadResult   6: 5979024 op, 236603809.00 ns, 39.5723 ns/op
WorkloadResult   7: 5979024 op, 241120715.00 ns, 40.3278 ns/op
WorkloadResult   8: 5979024 op, 237830793.00 ns, 39.7775 ns/op
WorkloadResult   9: 5979024 op, 237075041.00 ns, 39.6511 ns/op
WorkloadResult  10: 5979024 op, 238449555.00 ns, 39.8810 ns/op
WorkloadResult  11: 5979024 op, 236973719.00 ns, 39.6342 ns/op
WorkloadResult  12: 5979024 op, 238590031.00 ns, 39.9045 ns/op
WorkloadResult  13: 5979024 op, 238815599.00 ns, 39.9422 ns/op
WorkloadResult  14: 5979024 op, 238103189.00 ns, 39.8231 ns/op
WorkloadResult  15: 5979024 op, 237812768.00 ns, 39.7745 ns/op
WorkloadResult  16: 5979024 op, 238865513.00 ns, 39.9506 ns/op
WorkloadResult  17: 5979024 op, 238580443.00 ns, 39.9029 ns/op
WorkloadResult  18: 5979024 op, 238301265.00 ns, 39.8562 ns/op
WorkloadResult  19: 5979024 op, 238099512.00 ns, 39.8225 ns/op
WorkloadResult  20: 5979024 op, 237232820.00 ns, 39.6775 ns/op
WorkloadResult  21: 5979024 op, 236328897.00 ns, 39.5263 ns/op
WorkloadResult  22: 5979024 op, 237842525.00 ns, 39.7795 ns/op
WorkloadResult  23: 5979024 op, 236930117.00 ns, 39.6269 ns/op
WorkloadResult  24: 5979024 op, 239465711.00 ns, 40.0510 ns/op
WorkloadResult  25: 5979024 op, 236751228.00 ns, 39.5970 ns/op
WorkloadResult  26: 5979024 op, 237238411.00 ns, 39.6785 ns/op
WorkloadResult  27: 5979024 op, 237579447.00 ns, 39.7355 ns/op
WorkloadResult  28: 5979024 op, 237479948.00 ns, 39.7188 ns/op
WorkloadResult  29: 5979024 op, 240754171.00 ns, 40.2665 ns/op
WorkloadResult  30: 5979024 op, 238141511.00 ns, 39.8295 ns/op
WorkloadResult  31: 5979024 op, 238342793.00 ns, 39.8632 ns/op
WorkloadResult  32: 5979024 op, 238544084.00 ns, 39.8968 ns/op
WorkloadResult  33: 5979024 op, 237386231.00 ns, 39.7032 ns/op
WorkloadResult  34: 5979024 op, 237707209.00 ns, 39.7569 ns/op
WorkloadResult  35: 5979024 op, 241955647.00 ns, 40.4674 ns/op
WorkloadResult  36: 5979024 op, 236750857.00 ns, 39.5969 ns/op
WorkloadResult  37: 5979024 op, 237001271.00 ns, 39.6388 ns/op
WorkloadResult  38: 5979024 op, 246031389.00 ns, 41.1491 ns/op
WorkloadResult  39: 5979024 op, 239134523.00 ns, 39.9956 ns/op
WorkloadResult  40: 5979024 op, 237976288.00 ns, 39.8019 ns/op
WorkloadResult  41: 5979024 op, 237867031.00 ns, 39.7836 ns/op
WorkloadResult  42: 5979024 op, 237780017.00 ns, 39.7690 ns/op
WorkloadResult  43: 5979024 op, 238446370.00 ns, 39.8805 ns/op
WorkloadResult  44: 5979024 op, 237558557.00 ns, 39.7320 ns/op
WorkloadResult  45: 5979024 op, 237459770.00 ns, 39.7155 ns/op
WorkloadResult  46: 5979024 op, 237123483.00 ns, 39.6592 ns/op
// GC:  171 0 0 1434965760 5979024
// Threading:  0 0 5979024

// AfterAll
// Benchmark Process 54741 has exited with code 0.

Mean = 39.944 ns, StdErr = 0.073 ns (0.18%), N = 46, StdDev = 0.496 ns
Min = 39.526 ns, Q1 = 39.706 ns, Median = 39.812 ns, Q3 = 39.933 ns, Max = 42.057 ns
IQR = 0.227 ns, LowerFence = 39.366 ns, UpperFence = 40.273 ns
ConfidenceInterval = [39.687 ns; 40.202 ns] (CI 99.9%), Margin = 0.257 ns (0.64% of Mean)
Skewness = 2.82, Kurtosis = 11, MValue = 2

// ** Remained 13 (16.7%) benchmark(s) to run. Estimated finish 2026-02-19 8:50 (0h 4m from now) **
// **************************
// Benchmark: Scenario1.S1_ReturnVoidErrorNoMessage_SimpleResults: .NET 10.0(Runtime=.NET 10.0, IterationTime=250ms) [Iterations=10]
// *** Execute ***
// Launch: 1 / 1
// Execute: dotnet "Enumerations.Options.Benchmarks-.NET 10.0-1.dll" --anonymousPipes 114 116 --benchmarkName "ReillyDigital.Enumerations.Options.Benchmarks.Scenarios.Scenario1.S1_ReturnVoidErrorNoMessage_SimpleResults(Iterations: 10)" --job ".NET 10.0" --benchmarkId 65 in /media/andrew/Slowverflow/x/devs/reilly-digital/dotnet/enumerations.options.benchmarks/bin/Debug/net10.0/Enumerations.Options.Benchmarks-.NET 10.0-1/bin/Release/net10.0
// Failed to set up high priority (Permission denied). In order to run benchmarks with high priority, make sure you have the right permissions.
// BeforeAnythingElse

// Benchmark Process Environment Information:
// BenchmarkDotNet v0.15.8
// Runtime=.NET 10.0.3 (10.0.3, 10.0.326.7603), X64 RyuJIT x86-64-v3
// GC=Concurrent Workstation
// HardwareIntrinsics=AVX2+BMI1+BMI2+F16C+FMA+LZCNT+MOVBE,AVX,SSE3+SSSE3+SSE4.1+SSE4.2+POPCNT,X86Base+SSE+SSE2,AES+PCLMUL VectorSize=256
// Job: .NET 10.0(IterationTime=250ms)

OverheadJitting  1: 1 op, 152118.00 ns, 152.1180 us/op
WorkloadJitting  1: 1 op, 8066953.00 ns, 8.0670 ms/op

OverheadJitting  2: 16 op, 254722.00 ns, 15.9201 us/op
WorkloadJitting  2: 16 op, 266965.00 ns, 16.6853 us/op

WorkloadPilot    1: 16 op, 59142.00 ns, 3.6964 us/op
WorkloadPilot    2: 67648 op, 203430064.00 ns, 3.0072 us/op
WorkloadPilot    3: 83136 op, 72725543.00 ns, 874.7780 ns/op
WorkloadPilot    4: 285792 op, 215949040.00 ns, 755.6161 ns/op
WorkloadPilot    5: 330864 op, 252894691.00 ns, 764.3464 ns/op
WorkloadPilot    6: 327088 op, 246305348.00 ns, 753.0247 ns/op
WorkloadPilot    7: 332000 op, 250708940.00 ns, 755.1474 ns/op
WorkloadPilot    8: 331072 op, 247937980.00 ns, 748.8944 ns/op
WorkloadPilot    9: 333840 op, 253032912.00 ns, 757.9467 ns/op

OverheadWarmup   1: 333840 op, 830232.00 ns, 2.4869 ns/op
OverheadWarmup   2: 333840 op, 875299.00 ns, 2.6219 ns/op
OverheadWarmup   3: 333840 op, 862233.00 ns, 2.5828 ns/op
OverheadWarmup   4: 333840 op, 866191.00 ns, 2.5946 ns/op
OverheadWarmup   5: 333840 op, 925303.00 ns, 2.7717 ns/op
OverheadWarmup   6: 333840 op, 1058536.00 ns, 3.1708 ns/op
OverheadWarmup   7: 333840 op, 998622.00 ns, 2.9913 ns/op

OverheadActual   1: 333840 op, 843357.00 ns, 2.5262 ns/op
OverheadActual   2: 333840 op, 840071.00 ns, 2.5164 ns/op
OverheadActual   3: 333840 op, 835303.00 ns, 2.5021 ns/op
OverheadActual   4: 333840 op, 847806.00 ns, 2.5396 ns/op
OverheadActual   5: 333840 op, 846313.00 ns, 2.5351 ns/op
OverheadActual   6: 333840 op, 851583.00 ns, 2.5509 ns/op
OverheadActual   7: 333840 op, 846584.00 ns, 2.5359 ns/op
OverheadActual   8: 333840 op, 843267.00 ns, 2.5260 ns/op
OverheadActual   9: 333840 op, 834891.00 ns, 2.5009 ns/op
OverheadActual  10: 333840 op, 830874.00 ns, 2.4888 ns/op
OverheadActual  11: 333840 op, 976651.00 ns, 2.9255 ns/op
OverheadActual  12: 333840 op, 858957.00 ns, 2.5730 ns/op
OverheadActual  13: 333840 op, 828239.00 ns, 2.4809 ns/op
OverheadActual  14: 333840 op, 827738.00 ns, 2.4794 ns/op
OverheadActual  15: 333840 op, 847505.00 ns, 2.5387 ns/op

WorkloadWarmup   1: 333840 op, 256567368.00 ns, 768.5339 ns/op
WorkloadWarmup   2: 333840 op, 267789407.00 ns, 802.1490 ns/op
WorkloadWarmup   3: 333840 op, 261163796.00 ns, 782.3023 ns/op
WorkloadWarmup   4: 333840 op, 260780443.00 ns, 781.1540 ns/op
WorkloadWarmup   5: 333840 op, 266853493.00 ns, 799.3455 ns/op
WorkloadWarmup   6: 333840 op, 270232395.00 ns, 809.4668 ns/op
WorkloadWarmup   7: 333840 op, 256904784.00 ns, 769.5446 ns/op

// BeforeActualRun
WorkloadActual   1: 333840 op, 254255685.00 ns, 761.6094 ns/op
WorkloadActual   2: 333840 op, 263715908.00 ns, 789.9470 ns/op
WorkloadActual   3: 333840 op, 257257562.00 ns, 770.6014 ns/op
WorkloadActual   4: 333840 op, 256236318.00 ns, 767.5423 ns/op
WorkloadActual   5: 333840 op, 252344013.00 ns, 755.8831 ns/op
WorkloadActual   6: 333840 op, 259070077.00 ns, 776.0307 ns/op
WorkloadActual   7: 333840 op, 251714139.00 ns, 753.9963 ns/op
WorkloadActual   8: 333840 op, 257131934.00 ns, 770.2251 ns/op
WorkloadActual   9: 333840 op, 254988152.00 ns, 763.8035 ns/op
WorkloadActual  10: 333840 op, 255128929.00 ns, 764.2252 ns/op
WorkloadActual  11: 333840 op, 258768465.00 ns, 775.1272 ns/op
WorkloadActual  12: 333840 op, 263273260.00 ns, 788.6211 ns/op
WorkloadActual  13: 333840 op, 263762768.00 ns, 790.0874 ns/op
WorkloadActual  14: 333840 op, 261086547.00 ns, 782.0709 ns/op
WorkloadActual  15: 333840 op, 257225792.00 ns, 770.5062 ns/op

// AfterActualRun
WorkloadResult   1: 333840 op, 253412328.00 ns, 759.0832 ns/op
WorkloadResult   2: 333840 op, 262872551.00 ns, 787.4208 ns/op
WorkloadResult   3: 333840 op, 256414205.00 ns, 768.0751 ns/op
WorkloadResult   4: 333840 op, 255392961.00 ns, 765.0161 ns/op
WorkloadResult   5: 333840 op, 251500656.00 ns, 753.3569 ns/op
WorkloadResult   6: 333840 op, 258226720.00 ns, 773.5044 ns/op
WorkloadResult   7: 333840 op, 250870782.00 ns, 751.4701 ns/op
WorkloadResult   8: 333840 op, 256288577.00 ns, 767.6988 ns/op
WorkloadResult   9: 333840 op, 254144795.00 ns, 761.2772 ns/op
WorkloadResult  10: 333840 op, 254285572.00 ns, 761.6989 ns/op
WorkloadResult  11: 333840 op, 257925108.00 ns, 772.6010 ns/op
WorkloadResult  12: 333840 op, 262429903.00 ns, 786.0948 ns/op
WorkloadResult  13: 333840 op, 262919411.00 ns, 787.5611 ns/op
WorkloadResult  14: 333840 op, 260243190.00 ns, 779.5447 ns/op
WorkloadResult  15: 333840 op, 256382435.00 ns, 767.9800 ns/op
// GC:  15 0 0 133536000 333840
// Threading:  0 0 333840

// AfterAll
// Benchmark Process 54847 has exited with code 0.

Mean = 769.492 ns, StdErr = 3.008 ns (0.39%), N = 15, StdDev = 11.649 ns
Min = 751.470 ns, Q1 = 761.488 ns, Median = 767.980 ns, Q3 = 776.525 ns, Max = 787.561 ns
IQR = 15.036 ns, LowerFence = 738.933 ns, UpperFence = 799.079 ns
ConfidenceInterval = [757.039 ns; 781.945 ns] (CI 99.9%), Margin = 12.453 ns (1.62% of Mean)
Skewness = 0.21, Kurtosis = 1.77, MValue = 2

// ** Remained 12 (15.4%) benchmark(s) to run. Estimated finish 2026-02-19 8:50 (0h 3m from now) **
// **************************
// Benchmark: Scenario1.S1_ReturnVoidErrorWithMessage_ArdalisResult: .NET 10.0(Runtime=.NET 10.0, IterationTime=250ms) [Iterations=10]
// *** Execute ***
// Launch: 1 / 1
// Execute: dotnet "Enumerations.Options.Benchmarks-.NET 10.0-1.dll" --anonymousPipes 114 116 --benchmarkName "ReillyDigital.Enumerations.Options.Benchmarks.Scenarios.Scenario1.S1_ReturnVoidErrorWithMessage_ArdalisResult(Iterations: 10)" --job ".NET 10.0" --benchmarkId 66 in /media/andrew/Slowverflow/x/devs/reilly-digital/dotnet/enumerations.options.benchmarks/bin/Debug/net10.0/Enumerations.Options.Benchmarks-.NET 10.0-1/bin/Release/net10.0
// Failed to set up high priority (Permission denied). In order to run benchmarks with high priority, make sure you have the right permissions.
// BeforeAnythingElse

// Benchmark Process Environment Information:
// BenchmarkDotNet v0.15.8
// Runtime=.NET 10.0.3 (10.0.3, 10.0.326.7603), X64 RyuJIT x86-64-v3
// GC=Concurrent Workstation
// HardwareIntrinsics=AVX2+BMI1+BMI2+F16C+FMA+LZCNT+MOVBE,AVX,SSE3+SSSE3+SSE4.1+SSE4.2+POPCNT,X86Base+SSE+SSE2,AES+PCLMUL VectorSize=256
// Job: .NET 10.0(IterationTime=250ms)

OverheadJitting  1: 1 op, 163509.00 ns, 163.5090 us/op
WorkloadJitting  1: 1 op, 2157859.00 ns, 2.1579 ms/op

OverheadJitting  2: 16 op, 209527.00 ns, 13.0954 us/op
WorkloadJitting  2: 16 op, 241488.00 ns, 15.0930 us/op

WorkloadPilot    1: 16 op, 42190.00 ns, 2.6369 us/op
WorkloadPilot    2: 94816 op, 48682416.00 ns, 513.4409 ns/op
WorkloadPilot    3: 486912 op, 147800039.00 ns, 303.5457 ns/op
WorkloadPilot    4: 823600 op, 114229064.00 ns, 138.6948 ns/op
WorkloadPilot    5: 1802528 op, 245653417.00 ns, 136.2827 ns/op
WorkloadPilot    6: 1834432 op, 247024054.00 ns, 134.6597 ns/op
WorkloadPilot    7: 1856544 op, 249463526.00 ns, 134.3698 ns/op
WorkloadPilot    8: 1860544 op, 250269041.00 ns, 134.5139 ns/op
WorkloadPilot    9: 1858544 op, 250667887.00 ns, 134.8733 ns/op
WorkloadPilot   10: 1853600 op, 248971654.00 ns, 134.3179 ns/op
WorkloadPilot   11: 1861264 op, 253302889.00 ns, 136.0919 ns/op

OverheadWarmup   1: 1861264 op, 4656021.00 ns, 2.5015 ns/op
OverheadWarmup   2: 1861264 op, 4911816.00 ns, 2.6390 ns/op
OverheadWarmup   3: 1861264 op, 4868865.00 ns, 2.6159 ns/op
OverheadWarmup   4: 1861264 op, 4932505.00 ns, 2.6501 ns/op
OverheadWarmup   5: 1861264 op, 5183280.00 ns, 2.7848 ns/op
OverheadWarmup   6: 1861264 op, 5813123.00 ns, 3.1232 ns/op
OverheadWarmup   7: 1861264 op, 4659598.00 ns, 2.5035 ns/op

OverheadActual   1: 1861264 op, 4678995.00 ns, 2.5139 ns/op
OverheadActual   2: 1861264 op, 4669818.00 ns, 2.5089 ns/op
OverheadActual   3: 1861264 op, 4704644.00 ns, 2.5277 ns/op
OverheadActual   4: 1861264 op, 4657735.00 ns, 2.5025 ns/op
OverheadActual   5: 1861264 op, 4681249.00 ns, 2.5151 ns/op
OverheadActual   6: 1861264 op, 4686890.00 ns, 2.5181 ns/op
OverheadActual   7: 1861264 op, 4653446.00 ns, 2.5002 ns/op
OverheadActual   8: 1861264 op, 4614433.00 ns, 2.4792 ns/op
OverheadActual   9: 1861264 op, 5795411.00 ns, 3.1137 ns/op
OverheadActual  10: 1861264 op, 4652004.00 ns, 2.4994 ns/op
OverheadActual  11: 1861264 op, 4620955.00 ns, 2.4827 ns/op
OverheadActual  12: 1861264 op, 5844403.00 ns, 3.1400 ns/op
OverheadActual  13: 1861264 op, 4625725.00 ns, 2.4853 ns/op
OverheadActual  14: 1861264 op, 5533323.00 ns, 2.9729 ns/op
OverheadActual  15: 1861264 op, 4634400.00 ns, 2.4899 ns/op

WorkloadWarmup   1: 1861264 op, 254698724.00 ns, 136.8418 ns/op
WorkloadWarmup   2: 1861264 op, 256018545.00 ns, 137.5509 ns/op
WorkloadWarmup   3: 1861264 op, 252134315.00 ns, 135.4640 ns/op
WorkloadWarmup   4: 1861264 op, 252186234.00 ns, 135.4919 ns/op
WorkloadWarmup   5: 1861264 op, 250748039.00 ns, 134.7192 ns/op
WorkloadWarmup   6: 1861264 op, 252186775.00 ns, 135.4922 ns/op

// BeforeActualRun
WorkloadActual   1: 1861264 op, 251830931.00 ns, 135.3010 ns/op
WorkloadActual   2: 1861264 op, 265580701.00 ns, 142.6884 ns/op
WorkloadActual   3: 1861264 op, 266596607.00 ns, 143.2342 ns/op
WorkloadActual   4: 1861264 op, 267624033.00 ns, 143.7862 ns/op
WorkloadActual   5: 1861264 op, 268751850.00 ns, 144.3921 ns/op
WorkloadActual   6: 1861264 op, 268782909.00 ns, 144.4088 ns/op
WorkloadActual   7: 1861264 op, 266439428.00 ns, 143.1497 ns/op
WorkloadActual   8: 1861264 op, 269751694.00 ns, 144.9293 ns/op
WorkloadActual   9: 1861264 op, 267698735.00 ns, 143.8263 ns/op
WorkloadActual  10: 1861264 op, 267411029.00 ns, 143.6717 ns/op
WorkloadActual  11: 1861264 op, 265912932.00 ns, 142.8669 ns/op
WorkloadActual  12: 1861264 op, 267245335.00 ns, 143.5827 ns/op
WorkloadActual  13: 1861264 op, 268941228.00 ns, 144.4939 ns/op
WorkloadActual  14: 1861264 op, 266809610.00 ns, 143.3486 ns/op
WorkloadActual  15: 1861264 op, 267898574.00 ns, 143.9337 ns/op

// AfterActualRun
WorkloadResult   1: 1861264 op, 247161113.00 ns, 132.7921 ns/op
WorkloadResult   2: 1861264 op, 260910883.00 ns, 140.1794 ns/op
WorkloadResult   3: 1861264 op, 261926789.00 ns, 140.7252 ns/op
WorkloadResult   4: 1861264 op, 262954215.00 ns, 141.2772 ns/op
WorkloadResult   5: 1861264 op, 264082032.00 ns, 141.8832 ns/op
WorkloadResult   6: 1861264 op, 264113091.00 ns, 141.8999 ns/op
WorkloadResult   7: 1861264 op, 261769610.00 ns, 140.6408 ns/op
WorkloadResult   8: 1861264 op, 265081876.00 ns, 142.4204 ns/op
WorkloadResult   9: 1861264 op, 263028917.00 ns, 141.3174 ns/op
WorkloadResult  10: 1861264 op, 262741211.00 ns, 141.1628 ns/op
WorkloadResult  11: 1861264 op, 261243114.00 ns, 140.3579 ns/op
WorkloadResult  12: 1861264 op, 262575517.00 ns, 141.0738 ns/op
WorkloadResult  13: 1861264 op, 264271410.00 ns, 141.9849 ns/op
WorkloadResult  14: 1861264 op, 262139792.00 ns, 140.8397 ns/op
WorkloadResult  15: 1861264 op, 263228756.00 ns, 141.4247 ns/op
// GC:  231 0 0 1935714560 1861264
// Threading:  0 0 1861264

// AfterAll
// Benchmark Process 54901 has exited with code 0.

Mean = 140.665 ns, StdErr = 0.585 ns (0.42%), N = 15, StdDev = 2.267 ns
Min = 132.792 ns, Q1 = 140.683 ns, Median = 141.163 ns, Q3 = 141.654 ns, Max = 142.420 ns
IQR = 0.971 ns, LowerFence = 139.227 ns, UpperFence = 143.110 ns
ConfidenceInterval = [138.241 ns; 143.089 ns] (CI 99.9%), Margin = 2.424 ns (1.72% of Mean)
Skewness = -2.72, Kurtosis = 9.74, MValue = 2

// ** Remained 11 (14.1%) benchmark(s) to run. Estimated finish 2026-02-19 8:50 (0h 3m from now) **
// **************************
// Benchmark: Scenario1.S1_ReturnVoidErrorWithMessage_EnumerationsOptions: .NET 10.0(Runtime=.NET 10.0, IterationTime=250ms) [Iterations=10]
// *** Execute ***
// Launch: 1 / 1
// Execute: dotnet "Enumerations.Options.Benchmarks-.NET 10.0-1.dll" --anonymousPipes 114 116 --benchmarkName "ReillyDigital.Enumerations.Options.Benchmarks.Scenarios.Scenario1.S1_ReturnVoidErrorWithMessage_EnumerationsOptions(Iterations: 10)" --job ".NET 10.0" --benchmarkId 67 in /media/andrew/Slowverflow/x/devs/reilly-digital/dotnet/enumerations.options.benchmarks/bin/Debug/net10.0/Enumerations.Options.Benchmarks-.NET 10.0-1/bin/Release/net10.0
// Failed to set up high priority (Permission denied). In order to run benchmarks with high priority, make sure you have the right permissions.
// BeforeAnythingElse

// Benchmark Process Environment Information:
// BenchmarkDotNet v0.15.8
// Runtime=.NET 10.0.3 (10.0.3, 10.0.326.7603), X64 RyuJIT x86-64-v3
// GC=Concurrent Workstation
// HardwareIntrinsics=AVX2+BMI1+BMI2+F16C+FMA+LZCNT+MOVBE,AVX,SSE3+SSSE3+SSE4.1+SSE4.2+POPCNT,X86Base+SSE+SSE2,AES+PCLMUL VectorSize=256
// Job: .NET 10.0(IterationTime=250ms)

OverheadJitting  1: 1 op, 181834.00 ns, 181.8340 us/op
WorkloadJitting  1: 1 op, 2550272.00 ns, 2.5503 ms/op

OverheadJitting  2: 16 op, 215819.00 ns, 13.4887 us/op
WorkloadJitting  2: 16 op, 238942.00 ns, 14.9339 us/op

WorkloadPilot    1: 16 op, 45236.00 ns, 2.8273 us/op
WorkloadPilot    2: 88432 op, 52230158.00 ns, 590.6251 ns/op
WorkloadPilot    3: 423280 op, 152188403.00 ns, 359.5455 ns/op
WorkloadPilot    4: 695328 op, 99208886.00 ns, 142.6793 ns/op
WorkloadPilot    5: 1752192 op, 247994522.00 ns, 141.5339 ns/op
WorkloadPilot    6: 1766368 op, 245444490.00 ns, 138.9543 ns/op
WorkloadPilot    7: 1799152 op, 256045536.00 ns, 142.3146 ns/op
WorkloadPilot    8: 1756672 op, 244100344.00 ns, 138.9561 ns/op
WorkloadPilot    9: 1799136 op, 252076937.00 ns, 140.1100 ns/op
WorkloadPilot   10: 1784320 op, 252178749.00 ns, 141.3305 ns/op

OverheadWarmup   1: 1784320 op, 4918729.00 ns, 2.7566 ns/op
OverheadWarmup   2: 1784320 op, 5000263.00 ns, 2.8023 ns/op
OverheadWarmup   3: 1784320 op, 4987048.00 ns, 2.7949 ns/op
OverheadWarmup   4: 1784320 op, 4975697.00 ns, 2.7886 ns/op
OverheadWarmup   5: 1784320 op, 5024900.00 ns, 2.8161 ns/op
OverheadWarmup   6: 1784320 op, 4929349.00 ns, 2.7626 ns/op

OverheadActual   1: 1784320 op, 4942495.00 ns, 2.7700 ns/op
OverheadActual   2: 1784320 op, 4981549.00 ns, 2.7918 ns/op
OverheadActual   3: 1784320 op, 4986547.00 ns, 2.7946 ns/op
OverheadActual   4: 1784320 op, 4991386.00 ns, 2.7974 ns/op
OverheadActual   5: 1784320 op, 4961049.00 ns, 2.7804 ns/op
OverheadActual   6: 1784320 op, 5002217.00 ns, 2.8034 ns/op
OverheadActual   7: 1784320 op, 4975326.00 ns, 2.7884 ns/op
OverheadActual   8: 1784320 op, 4900475.00 ns, 2.7464 ns/op
OverheadActual   9: 1784320 op, 4936593.00 ns, 2.7667 ns/op
OverheadActual  10: 1784320 op, 4971178.00 ns, 2.7860 ns/op
OverheadActual  11: 1784320 op, 5240639.00 ns, 2.9371 ns/op
OverheadActual  12: 1784320 op, 4935751.00 ns, 2.7662 ns/op
OverheadActual  13: 1784320 op, 4929570.00 ns, 2.7627 ns/op
OverheadActual  14: 1784320 op, 4895846.00 ns, 2.7438 ns/op
OverheadActual  15: 1784320 op, 4973623.00 ns, 2.7874 ns/op

WorkloadWarmup   1: 1784320 op, 252665602.00 ns, 141.6033 ns/op
WorkloadWarmup   2: 1784320 op, 253267984.00 ns, 141.9409 ns/op
WorkloadWarmup   3: 1784320 op, 248035199.00 ns, 139.0082 ns/op
WorkloadWarmup   4: 1784320 op, 247544159.00 ns, 138.7331 ns/op
WorkloadWarmup   5: 1784320 op, 253248627.00 ns, 141.9301 ns/op
WorkloadWarmup   6: 1784320 op, 248281256.00 ns, 139.1461 ns/op

// BeforeActualRun
WorkloadActual   1: 1784320 op, 254723661.00 ns, 142.7567 ns/op
WorkloadActual   2: 1784320 op, 252639573.00 ns, 141.5887 ns/op
WorkloadActual   3: 1784320 op, 247559478.00 ns, 138.7416 ns/op
WorkloadActual   4: 1784320 op, 235351508.00 ns, 131.8998 ns/op
WorkloadActual   5: 1784320 op, 234688893.00 ns, 131.5285 ns/op
WorkloadActual   6: 1784320 op, 236498200.00 ns, 132.5425 ns/op
WorkloadActual   7: 1784320 op, 236480356.00 ns, 132.5325 ns/op
WorkloadActual   8: 1784320 op, 243008626.00 ns, 136.1912 ns/op
WorkloadActual   9: 1784320 op, 249958022.00 ns, 140.0859 ns/op
WorkloadActual  10: 1784320 op, 247653336.00 ns, 138.7942 ns/op
WorkloadActual  11: 1784320 op, 249157005.00 ns, 139.6370 ns/op
WorkloadActual  12: 1784320 op, 250824514.00 ns, 140.5715 ns/op
WorkloadActual  13: 1784320 op, 251628057.00 ns, 141.0218 ns/op
WorkloadActual  14: 1784320 op, 250079552.00 ns, 140.1540 ns/op
WorkloadActual  15: 1784320 op, 247970336.00 ns, 138.9719 ns/op
WorkloadActual  16: 1784320 op, 248105172.00 ns, 139.0475 ns/op
WorkloadActual  17: 1784320 op, 249031657.00 ns, 139.5667 ns/op
WorkloadActual  18: 1784320 op, 251495485.00 ns, 140.9475 ns/op
WorkloadActual  19: 1784320 op, 249535722.00 ns, 139.8492 ns/op
WorkloadActual  20: 1784320 op, 254545644.00 ns, 142.6569 ns/op
WorkloadActual  21: 1784320 op, 247751792.00 ns, 138.8494 ns/op
WorkloadActual  22: 1784320 op, 249867350.00 ns, 140.0351 ns/op

// AfterActualRun
WorkloadResult   1: 1784320 op, 249752483.00 ns, 139.9707 ns/op
WorkloadResult   2: 1784320 op, 247668395.00 ns, 138.8027 ns/op
WorkloadResult   3: 1784320 op, 242588300.00 ns, 135.9556 ns/op
WorkloadResult   4: 1784320 op, 230380330.00 ns, 129.1138 ns/op
WorkloadResult   5: 1784320 op, 229717715.00 ns, 128.7424 ns/op
WorkloadResult   6: 1784320 op, 231527022.00 ns, 129.7564 ns/op
WorkloadResult   7: 1784320 op, 231509178.00 ns, 129.7464 ns/op
WorkloadResult   8: 1784320 op, 238037448.00 ns, 133.4051 ns/op
WorkloadResult   9: 1784320 op, 244986844.00 ns, 137.2998 ns/op
WorkloadResult  10: 1784320 op, 242682158.00 ns, 136.0082 ns/op
WorkloadResult  11: 1784320 op, 244185827.00 ns, 136.8509 ns/op
WorkloadResult  12: 1784320 op, 245853336.00 ns, 137.7855 ns/op
WorkloadResult  13: 1784320 op, 246656879.00 ns, 138.2358 ns/op
WorkloadResult  14: 1784320 op, 245108374.00 ns, 137.3679 ns/op
WorkloadResult  15: 1784320 op, 242999158.00 ns, 136.1859 ns/op
WorkloadResult  16: 1784320 op, 243133994.00 ns, 136.2614 ns/op
WorkloadResult  17: 1784320 op, 244060479.00 ns, 136.7807 ns/op
WorkloadResult  18: 1784320 op, 246524307.00 ns, 138.1615 ns/op
WorkloadResult  19: 1784320 op, 244564544.00 ns, 137.0632 ns/op
WorkloadResult  20: 1784320 op, 249574466.00 ns, 139.8709 ns/op
WorkloadResult  21: 1784320 op, 242780614.00 ns, 136.0634 ns/op
WorkloadResult  22: 1784320 op, 244896172.00 ns, 137.2490 ns/op
// GC:  324 0 0 2712166400 1784320
// Threading:  0 0 1784320

// AfterAll
// Benchmark Process 54936 has exited with code 0.

Mean = 135.758 ns, StdErr = 0.725 ns (0.53%), N = 22, StdDev = 3.400 ns
Min = 128.742 ns, Q1 = 135.969 ns, Median = 136.816 ns, Q3 = 137.681 ns, Max = 139.971 ns
IQR = 1.712 ns, LowerFence = 133.400 ns, UpperFence = 140.250 ns
ConfidenceInterval = [132.989 ns; 138.527 ns] (CI 99.9%), Margin = 2.769 ns (2.04% of Mean)
Skewness = -0.99, Kurtosis = 2.65, MValue = 2

// ** Remained 10 (12.8%) benchmark(s) to run. Estimated finish 2026-02-19 8:50 (0h 3m from now) **
// **************************
// Benchmark: Scenario1.S1_ReturnVoidErrorWithMessage_FluentResults: .NET 10.0(Runtime=.NET 10.0, IterationTime=250ms) [Iterations=10]
// *** Execute ***
// Launch: 1 / 1
// Execute: dotnet "Enumerations.Options.Benchmarks-.NET 10.0-1.dll" --anonymousPipes 114 116 --benchmarkName "ReillyDigital.Enumerations.Options.Benchmarks.Scenarios.Scenario1.S1_ReturnVoidErrorWithMessage_FluentResults(Iterations: 10)" --job ".NET 10.0" --benchmarkId 68 in /media/andrew/Slowverflow/x/devs/reilly-digital/dotnet/enumerations.options.benchmarks/bin/Debug/net10.0/Enumerations.Options.Benchmarks-.NET 10.0-1/bin/Release/net10.0
// Failed to set up high priority (Permission denied). In order to run benchmarks with high priority, make sure you have the right permissions.
// BeforeAnythingElse

// Benchmark Process Environment Information:
// BenchmarkDotNet v0.15.8
// Runtime=.NET 10.0.3 (10.0.3, 10.0.326.7603), X64 RyuJIT x86-64-v3
// GC=Concurrent Workstation
// HardwareIntrinsics=AVX2+BMI1+BMI2+F16C+FMA+LZCNT+MOVBE,AVX,SSE3+SSSE3+SSE4.1+SSE4.2+POPCNT,X86Base+SSE+SSE2,AES+PCLMUL VectorSize=256
// Job: .NET 10.0(IterationTime=250ms)

OverheadJitting  1: 1 op, 180392.00 ns, 180.3920 us/op
WorkloadJitting  1: 1 op, 3819707.00 ns, 3.8197 ms/op

OverheadJitting  2: 16 op, 286243.00 ns, 17.8902 us/op
WorkloadJitting  2: 16 op, 298676.00 ns, 18.6673 us/op

WorkloadPilot    1: 16 op, 80502.00 ns, 5.0314 us/op
WorkloadPilot    2: 49696 op, 107548667.00 ns, 2.1641 us/op
WorkloadPilot    3: 115520 op, 113204383.00 ns, 979.9548 ns/op
WorkloadPilot    4: 255120 op, 120984974.00 ns, 474.2277 ns/op
WorkloadPilot    5: 527184 op, 238302759.00 ns, 452.0296 ns/op
WorkloadPilot    6: 553072 op, 251404333.00 ns, 454.5599 ns/op
WorkloadPilot    7: 549984 op, 252341779.00 ns, 458.8166 ns/op
WorkloadPilot    8: 544880 op, 250485131.00 ns, 459.7070 ns/op

OverheadWarmup   1: 544880 op, 1511193.00 ns, 2.7734 ns/op
OverheadWarmup   2: 544880 op, 1478972.00 ns, 2.7143 ns/op
OverheadWarmup   3: 544880 op, 1488820.00 ns, 2.7324 ns/op
OverheadWarmup   4: 544880 op, 1504109.00 ns, 2.7604 ns/op
OverheadWarmup   5: 544880 op, 1493028.00 ns, 2.7401 ns/op
OverheadWarmup   6: 544880 op, 1577018.00 ns, 2.8942 ns/op
OverheadWarmup   7: 544880 op, 1496475.00 ns, 2.7464 ns/op

OverheadActual   1: 544880 op, 1487348.00 ns, 2.7297 ns/op
OverheadActual   2: 544880 op, 1479714.00 ns, 2.7157 ns/op
OverheadActual   3: 544880 op, 1501745.00 ns, 2.7561 ns/op
OverheadActual   4: 544880 op, 1474333.00 ns, 2.7058 ns/op
OverheadActual   5: 544880 op, 1482559.00 ns, 2.7209 ns/op
OverheadActual   6: 544880 op, 1486587.00 ns, 2.7283 ns/op
OverheadActual   7: 544880 op, 1561579.00 ns, 2.8659 ns/op
OverheadActual   8: 544880 op, 1481888.00 ns, 2.7197 ns/op
OverheadActual   9: 544880 op, 1484222.00 ns, 2.7239 ns/op
OverheadActual  10: 544880 op, 1463222.00 ns, 2.6854 ns/op
OverheadActual  11: 544880 op, 1492808.00 ns, 2.7397 ns/op
OverheadActual  12: 544880 op, 1513448.00 ns, 2.7776 ns/op
OverheadActual  13: 544880 op, 1493429.00 ns, 2.7408 ns/op
OverheadActual  14: 544880 op, 1492959.00 ns, 2.7400 ns/op
OverheadActual  15: 544880 op, 1501335.00 ns, 2.7553 ns/op

WorkloadWarmup   1: 544880 op, 256223122.00 ns, 470.2377 ns/op
WorkloadWarmup   2: 544880 op, 248114951.00 ns, 455.3571 ns/op
WorkloadWarmup   3: 544880 op, 250401593.00 ns, 459.5537 ns/op
WorkloadWarmup   4: 544880 op, 245538028.00 ns, 450.6277 ns/op
WorkloadWarmup   5: 544880 op, 247132088.00 ns, 453.5532 ns/op
WorkloadWarmup   6: 544880 op, 249623629.00 ns, 458.1259 ns/op
WorkloadWarmup   7: 544880 op, 248783126.00 ns, 456.5833 ns/op

// BeforeActualRun
WorkloadActual   1: 544880 op, 250521280.00 ns, 459.7733 ns/op
WorkloadActual   2: 544880 op, 262222479.00 ns, 481.2481 ns/op
WorkloadActual   3: 544880 op, 278456527.00 ns, 511.0419 ns/op
WorkloadActual   4: 544880 op, 267059092.00 ns, 490.1246 ns/op
WorkloadActual   5: 544880 op, 262722106.00 ns, 482.1651 ns/op
WorkloadActual   6: 544880 op, 262772832.00 ns, 482.2582 ns/op
WorkloadActual   7: 544880 op, 262339491.00 ns, 481.4629 ns/op
WorkloadActual   8: 544880 op, 260351775.00 ns, 477.8149 ns/op
WorkloadActual   9: 544880 op, 260361283.00 ns, 477.8323 ns/op
WorkloadActual  10: 544880 op, 255704049.00 ns, 469.2851 ns/op
WorkloadActual  11: 544880 op, 256412251.00 ns, 470.5848 ns/op
WorkloadActual  12: 544880 op, 255359487.00 ns, 468.6527 ns/op
WorkloadActual  13: 544880 op, 252742457.00 ns, 463.8498 ns/op
WorkloadActual  14: 544880 op, 253137306.00 ns, 464.5744 ns/op
WorkloadActual  15: 544880 op, 255929687.00 ns, 469.6992 ns/op
WorkloadActual  16: 544880 op, 253250811.00 ns, 464.7827 ns/op

// AfterActualRun
WorkloadResult   1: 544880 op, 249033932.00 ns, 457.0436 ns/op
WorkloadResult   2: 544880 op, 260735131.00 ns, 478.5184 ns/op
WorkloadResult   3: 544880 op, 265571744.00 ns, 487.3949 ns/op
WorkloadResult   4: 544880 op, 261234758.00 ns, 479.4354 ns/op
WorkloadResult   5: 544880 op, 261285484.00 ns, 479.5285 ns/op
WorkloadResult   6: 544880 op, 260852143.00 ns, 478.7332 ns/op
WorkloadResult   7: 544880 op, 258864427.00 ns, 475.0852 ns/op
WorkloadResult   8: 544880 op, 258873935.00 ns, 475.1027 ns/op
WorkloadResult   9: 544880 op, 254216701.00 ns, 466.5554 ns/op
WorkloadResult  10: 544880 op, 254924903.00 ns, 467.8551 ns/op
WorkloadResult  11: 544880 op, 253872139.00 ns, 465.9230 ns/op
WorkloadResult  12: 544880 op, 251255109.00 ns, 461.1201 ns/op
WorkloadResult  13: 544880 op, 251649958.00 ns, 461.8447 ns/op
WorkloadResult  14: 544880 op, 254442339.00 ns, 466.9695 ns/op
WorkloadResult  15: 544880 op, 251763463.00 ns, 462.0530 ns/op
// GC:  171 0 0 1438483200 544880
// Threading:  0 0 544880

// AfterAll
// Benchmark Process 54994 has exited with code 0.

Mean = 470.878 ns, StdErr = 2.279 ns (0.48%), N = 15, StdDev = 8.825 ns
Min = 457.044 ns, Q1 = 463.988 ns, Median = 467.855 ns, Q3 = 478.626 ns, Max = 487.395 ns
IQR = 14.638 ns, LowerFence = 442.031 ns, UpperFence = 500.582 ns
ConfidenceInterval = [461.443 ns; 480.312 ns] (CI 99.9%), Margin = 9.434 ns (2.00% of Mean)
Skewness = 0.15, Kurtosis = 1.68, MValue = 2

// ** Remained 9 (11.5%) benchmark(s) to run. Estimated finish 2026-02-19 8:49 (0h 2m from now) **
// **************************
// Benchmark: Scenario1.S1_ReturnVoidErrorWithMessage_LightResults: .NET 10.0(Runtime=.NET 10.0, IterationTime=250ms) [Iterations=10]
// *** Execute ***
// Launch: 1 / 1
// Execute: dotnet "Enumerations.Options.Benchmarks-.NET 10.0-1.dll" --anonymousPipes 114 116 --benchmarkName "ReillyDigital.Enumerations.Options.Benchmarks.Scenarios.Scenario1.S1_ReturnVoidErrorWithMessage_LightResults(Iterations: 10)" --job ".NET 10.0" --benchmarkId 69 in /media/andrew/Slowverflow/x/devs/reilly-digital/dotnet/enumerations.options.benchmarks/bin/Debug/net10.0/Enumerations.Options.Benchmarks-.NET 10.0-1/bin/Release/net10.0
// Failed to set up high priority (Permission denied). In order to run benchmarks with high priority, make sure you have the right permissions.
// BeforeAnythingElse

// Benchmark Process Environment Information:
// BenchmarkDotNet v0.15.8
// Runtime=.NET 10.0.3 (10.0.3, 10.0.326.7603), X64 RyuJIT x86-64-v3
// GC=Concurrent Workstation
// HardwareIntrinsics=AVX2+BMI1+BMI2+F16C+FMA+LZCNT+MOVBE,AVX,SSE3+SSSE3+SSE4.1+SSE4.2+POPCNT,X86Base+SSE+SSE2,AES+PCLMUL VectorSize=256
// Job: .NET 10.0(IterationTime=250ms)

OverheadJitting  1: 1 op, 156437.00 ns, 156.4370 us/op
WorkloadJitting  1: 1 op, 2626046.00 ns, 2.6260 ms/op

OverheadJitting  2: 16 op, 196653.00 ns, 12.2908 us/op
WorkloadJitting  2: 16 op, 234124.00 ns, 14.6328 us/op

WorkloadPilot    1: 16 op, 22933.00 ns, 1.4333 us/op
WorkloadPilot    2: 174432 op, 62631655.00 ns, 359.0606 ns/op
WorkloadPilot    3: 696272 op, 160111816.00 ns, 229.9558 ns/op
WorkloadPilot    4: 1087168 op, 120879895.00 ns, 111.1879 ns/op
WorkloadPilot    5: 2248448 op, 245132119.00 ns, 109.0228 ns/op
WorkloadPilot    6: 2293104 op, 246915999.00 ns, 107.6776 ns/op
WorkloadPilot    7: 2321760 op, 251484784.00 ns, 108.3164 ns/op
WorkloadPilot    8: 2308064 op, 249700434.00 ns, 108.1861 ns/op
WorkloadPilot    9: 2310848 op, 250208617.00 ns, 108.2757 ns/op
WorkloadPilot   10: 2308928 op, 251314813.00 ns, 108.8448 ns/op

OverheadWarmup   1: 2308928 op, 5829164.00 ns, 2.5246 ns/op
OverheadWarmup   2: 2308928 op, 6012511.00 ns, 2.6040 ns/op
OverheadWarmup   3: 2308928 op, 6084938.00 ns, 2.6354 ns/op
OverheadWarmup   4: 2308928 op, 5896672.00 ns, 2.5539 ns/op
OverheadWarmup   5: 2308928 op, 5855544.00 ns, 2.5360 ns/op
OverheadWarmup   6: 2308928 op, 5876363.00 ns, 2.5451 ns/op
OverheadWarmup   7: 2308928 op, 5868569.00 ns, 2.5417 ns/op

OverheadActual   1: 2308928 op, 5898927.00 ns, 2.5548 ns/op
OverheadActual   2: 2308928 op, 5785832.00 ns, 2.5059 ns/op
OverheadActual   3: 2308928 op, 5830386.00 ns, 2.5251 ns/op
OverheadActual   4: 2308928 op, 5784049.00 ns, 2.5051 ns/op
OverheadActual   5: 2308928 op, 5818454.00 ns, 2.5200 ns/op
OverheadActual   6: 2308928 op, 5761786.00 ns, 2.4954 ns/op
OverheadActual   7: 2308928 op, 5826940.00 ns, 2.5237 ns/op
OverheadActual   8: 2308928 op, 5783708.00 ns, 2.5049 ns/op
OverheadActual   9: 2308928 op, 5785071.00 ns, 2.5055 ns/op
OverheadActual  10: 2308928 op, 5771565.00 ns, 2.4997 ns/op
OverheadActual  11: 2308928 op, 6240954.00 ns, 2.7030 ns/op
OverheadActual  12: 2308928 op, 5850956.00 ns, 2.5341 ns/op
OverheadActual  13: 2308928 op, 5812603.00 ns, 2.5174 ns/op
OverheadActual  14: 2308928 op, 5754804.00 ns, 2.4924 ns/op
OverheadActual  15: 2308928 op, 5743412.00 ns, 2.4875 ns/op

WorkloadWarmup   1: 2308928 op, 256871531.00 ns, 111.2514 ns/op
WorkloadWarmup   2: 2308928 op, 265801249.00 ns, 115.1189 ns/op
WorkloadWarmup   3: 2308928 op, 263621399.00 ns, 114.1748 ns/op
WorkloadWarmup   4: 2308928 op, 260543438.00 ns, 112.8417 ns/op
WorkloadWarmup   5: 2308928 op, 260417459.00 ns, 112.7872 ns/op
WorkloadWarmup   6: 2308928 op, 261660474.00 ns, 113.3255 ns/op
WorkloadWarmup   7: 2308928 op, 263968728.00 ns, 114.3252 ns/op
WorkloadWarmup   8: 2308928 op, 264124363.00 ns, 114.3926 ns/op
WorkloadWarmup   9: 2308928 op, 262802328.00 ns, 113.8201 ns/op

// BeforeActualRun
WorkloadActual   1: 2308928 op, 265256618.00 ns, 114.8830 ns/op
WorkloadActual   2: 2308928 op, 283926029.00 ns, 122.9688 ns/op
WorkloadActual   3: 2308928 op, 282448310.00 ns, 122.3288 ns/op
WorkloadActual   4: 2308928 op, 281567020.00 ns, 121.9471 ns/op
WorkloadActual   5: 2308928 op, 278521089.00 ns, 120.6279 ns/op
WorkloadActual   6: 2308928 op, 278792454.00 ns, 120.7454 ns/op
WorkloadActual   7: 2308928 op, 283052645.00 ns, 122.5905 ns/op
WorkloadActual   8: 2308928 op, 282424895.00 ns, 122.3186 ns/op
WorkloadActual   9: 2308928 op, 282635545.00 ns, 122.4099 ns/op
WorkloadActual  10: 2308928 op, 279403742.00 ns, 121.0102 ns/op
WorkloadActual  11: 2308928 op, 279767280.00 ns, 121.1676 ns/op
WorkloadActual  12: 2308928 op, 284531868.00 ns, 123.2312 ns/op
WorkloadActual  13: 2308928 op, 284554971.00 ns, 123.2412 ns/op
WorkloadActual  14: 2308928 op, 283209241.00 ns, 122.6583 ns/op
WorkloadActual  15: 2308928 op, 284544110.00 ns, 123.2365 ns/op

// AfterActualRun
WorkloadResult   1: 2308928 op, 259470786.00 ns, 112.3772 ns/op
WorkloadResult   2: 2308928 op, 278140197.00 ns, 120.4629 ns/op
WorkloadResult   3: 2308928 op, 276662478.00 ns, 119.8229 ns/op
WorkloadResult   4: 2308928 op, 275781188.00 ns, 119.4412 ns/op
WorkloadResult   5: 2308928 op, 272735257.00 ns, 118.1220 ns/op
WorkloadResult   6: 2308928 op, 273006622.00 ns, 118.2396 ns/op
WorkloadResult   7: 2308928 op, 277266813.00 ns, 120.0847 ns/op
WorkloadResult   8: 2308928 op, 276639063.00 ns, 119.8128 ns/op
WorkloadResult   9: 2308928 op, 276849713.00 ns, 119.9040 ns/op
WorkloadResult  10: 2308928 op, 273617910.00 ns, 118.5043 ns/op
WorkloadResult  11: 2308928 op, 273981448.00 ns, 118.6618 ns/op
WorkloadResult  12: 2308928 op, 278746036.00 ns, 120.7253 ns/op
WorkloadResult  13: 2308928 op, 278769139.00 ns, 120.7353 ns/op
WorkloadResult  14: 2308928 op, 277423409.00 ns, 120.1525 ns/op
WorkloadResult  15: 2308928 op, 278758278.00 ns, 120.7306 ns/op
// GC:  154 0 0 1292999680 2308928
// Threading:  0 0 2308928

// AfterAll
// Benchmark Process 55047 has exited with code 0.

Mean = 119.185 ns, StdErr = 0.539 ns (0.45%), N = 15, StdDev = 2.088 ns
Min = 112.377 ns, Q1 = 118.583 ns, Median = 119.823 ns, Q3 = 120.308 ns, Max = 120.735 ns
IQR = 1.725 ns, LowerFence = 115.996 ns, UpperFence = 122.895 ns
ConfidenceInterval = [116.953 ns; 121.417 ns] (CI 99.9%), Margin = 2.232 ns (1.87% of Mean)
Skewness = -2.21, Kurtosis = 7.62, MValue = 2

// ** Remained 8 (10.3%) benchmark(s) to run. Estimated finish 2026-02-19 8:49 (0h 2m from now) **
// **************************
// Benchmark: Scenario1.S1_ReturnVoidErrorWithMessage_Rascal: .NET 10.0(Runtime=.NET 10.0, IterationTime=250ms) [Iterations=10]
// *** Execute ***
// Launch: 1 / 1
// Execute: dotnet "Enumerations.Options.Benchmarks-.NET 10.0-1.dll" --anonymousPipes 114 116 --benchmarkName "ReillyDigital.Enumerations.Options.Benchmarks.Scenarios.Scenario1.S1_ReturnVoidErrorWithMessage_Rascal(Iterations: 10)" --job ".NET 10.0" --benchmarkId 70 in /media/andrew/Slowverflow/x/devs/reilly-digital/dotnet/enumerations.options.benchmarks/bin/Debug/net10.0/Enumerations.Options.Benchmarks-.NET 10.0-1/bin/Release/net10.0
// Failed to set up high priority (Permission denied). In order to run benchmarks with high priority, make sure you have the right permissions.
// BeforeAnythingElse

// Benchmark Process Environment Information:
// BenchmarkDotNet v0.15.8
// Runtime=.NET 10.0.3 (10.0.3, 10.0.326.7603), X64 RyuJIT x86-64-v3
// GC=Concurrent Workstation
// HardwareIntrinsics=AVX2+BMI1+BMI2+F16C+FMA+LZCNT+MOVBE,AVX,SSE3+SSSE3+SSE4.1+SSE4.2+POPCNT,X86Base+SSE+SSE2,AES+PCLMUL VectorSize=256
// Job: .NET 10.0(IterationTime=250ms)

OverheadJitting  1: 1 op, 155415.00 ns, 155.4150 us/op
WorkloadJitting  1: 1 op, 2544622.00 ns, 2.5446 ms/op

OverheadJitting  2: 16 op, 219766.00 ns, 13.7354 us/op
WorkloadJitting  2: 16 op, 208285.00 ns, 13.0178 us/op

WorkloadPilot    1: 16 op, 5129.00 ns, 320.5625 ns/op
WorkloadPilot    2: 779888 op, 171983989.00 ns, 220.5240 ns/op
WorkloadPilot    3: 1133664 op, 54893143.00 ns, 48.4210 ns/op
WorkloadPilot    4: 5163056 op, 235331631.00 ns, 45.5799 ns/op
WorkloadPilot    5: 5484880 op, 246436210.00 ns, 44.9301 ns/op
WorkloadPilot    6: 5564208 op, 247195098.00 ns, 44.4259 ns/op
WorkloadPilot    7: 5627360 op, 252274551.00 ns, 44.8300 ns/op
WorkloadPilot    8: 5576624 op, 249266542.00 ns, 44.6985 ns/op
WorkloadPilot    9: 5593040 op, 251452674.00 ns, 44.9581 ns/op
WorkloadPilot   10: 5560736 op, 249592149.00 ns, 44.8847 ns/op
WorkloadPilot   11: 5569824 op, 249216027.00 ns, 44.7440 ns/op
WorkloadPilot   12: 5587360 op, 249709862.00 ns, 44.6919 ns/op
WorkloadPilot   13: 5593856 op, 294902656.00 ns, 52.7190 ns/op

OverheadWarmup   1: 5593856 op, 14227045.00 ns, 2.5433 ns/op
OverheadWarmup   2: 5593856 op, 14097219.00 ns, 2.5201 ns/op
OverheadWarmup   3: 5593856 op, 14038879.00 ns, 2.5097 ns/op
OverheadWarmup   4: 5593856 op, 14002519.00 ns, 2.5032 ns/op
OverheadWarmup   5: 5593856 op, 14023751.00 ns, 2.5070 ns/op
OverheadWarmup   6: 5593856 op, 14000997.00 ns, 2.5029 ns/op
OverheadWarmup   7: 5593856 op, 14245881.00 ns, 2.5467 ns/op
OverheadWarmup   8: 5593856 op, 14102760.00 ns, 2.5211 ns/op

OverheadActual   1: 5593856 op, 14147565.00 ns, 2.5291 ns/op
OverheadActual   2: 5593856 op, 14206757.00 ns, 2.5397 ns/op
OverheadActual   3: 5593856 op, 14098101.00 ns, 2.5203 ns/op
OverheadActual   4: 5593856 op, 14156292.00 ns, 2.5307 ns/op
OverheadActual   5: 5593856 op, 14145311.00 ns, 2.5287 ns/op
OverheadActual   6: 5593856 op, 14058456.00 ns, 2.5132 ns/op
OverheadActual   7: 5593856 op, 14062945.00 ns, 2.5140 ns/op
OverheadActual   8: 5593856 op, 14089414.00 ns, 2.5187 ns/op
OverheadActual   9: 5593856 op, 14277961.00 ns, 2.5524 ns/op
OverheadActual  10: 5593856 op, 14143727.00 ns, 2.5284 ns/op
OverheadActual  11: 5593856 op, 14145280.00 ns, 2.5287 ns/op
OverheadActual  12: 5593856 op, 13976190.00 ns, 2.4985 ns/op
OverheadActual  13: 5593856 op, 11713022.00 ns, 2.0939 ns/op
OverheadActual  14: 5593856 op, 9612923.00 ns, 1.7185 ns/op
OverheadActual  15: 5593856 op, 9681123.00 ns, 1.7307 ns/op
OverheadActual  16: 5593856 op, 9527972.00 ns, 1.7033 ns/op
OverheadActual  17: 5593856 op, 9533312.00 ns, 1.7042 ns/op
OverheadActual  18: 5593856 op, 9512142.00 ns, 1.7005 ns/op
OverheadActual  19: 5593856 op, 9531770.00 ns, 1.7040 ns/op
OverheadActual  20: 5593856 op, 9524085.00 ns, 1.7026 ns/op

WorkloadWarmup   1: 5593856 op, 251315905.00 ns, 44.9271 ns/op
WorkloadWarmup   2: 5593856 op, 245897249.00 ns, 43.9585 ns/op
WorkloadWarmup   3: 5593856 op, 243625625.00 ns, 43.5524 ns/op
WorkloadWarmup   4: 5593856 op, 244802113.00 ns, 43.7627 ns/op
WorkloadWarmup   5: 5593856 op, 244374353.00 ns, 43.6862 ns/op
WorkloadWarmup   6: 5593856 op, 240410163.00 ns, 42.9775 ns/op
WorkloadWarmup   7: 5593856 op, 240558232.00 ns, 43.0040 ns/op
WorkloadWarmup   8: 5593856 op, 242031184.00 ns, 43.2673 ns/op
WorkloadWarmup   9: 5593856 op, 241185011.00 ns, 43.1161 ns/op

// BeforeActualRun
WorkloadActual   1: 5593856 op, 299490840.00 ns, 53.5392 ns/op
WorkloadActual   2: 5593856 op, 313569123.00 ns, 56.0560 ns/op
WorkloadActual   3: 5593856 op, 311705863.00 ns, 55.7229 ns/op
WorkloadActual   4: 5593856 op, 317370074.00 ns, 56.7355 ns/op
WorkloadActual   5: 5593856 op, 338449061.00 ns, 60.5037 ns/op
WorkloadActual   6: 5593856 op, 323287576.00 ns, 57.7933 ns/op
WorkloadActual   7: 5593856 op, 265508124.00 ns, 47.4642 ns/op
WorkloadActual   8: 5593856 op, 310595630.00 ns, 55.5244 ns/op
WorkloadActual   9: 5593856 op, 254318894.00 ns, 45.4640 ns/op
WorkloadActual  10: 5593856 op, 255889320.00 ns, 45.7447 ns/op
WorkloadActual  11: 5593856 op, 312374259.00 ns, 55.8424 ns/op
WorkloadActual  12: 5593856 op, 314165403.00 ns, 56.1626 ns/op
WorkloadActual  13: 5593856 op, 321843029.00 ns, 57.5351 ns/op
WorkloadActual  14: 5593856 op, 305744157.00 ns, 54.6571 ns/op
WorkloadActual  15: 5593856 op, 312032401.00 ns, 55.7813 ns/op
WorkloadActual  16: 5593856 op, 322128651.00 ns, 57.5862 ns/op
WorkloadActual  17: 5593856 op, 323038554.00 ns, 57.7488 ns/op
WorkloadActual  18: 5593856 op, 255143236.00 ns, 45.6113 ns/op
WorkloadActual  19: 5593856 op, 254855412.00 ns, 45.5599 ns/op
WorkloadActual  20: 5593856 op, 313131725.00 ns, 55.9778 ns/op
WorkloadActual  21: 5593856 op, 253226795.00 ns, 45.2687 ns/op
WorkloadActual  22: 5593856 op, 251829929.00 ns, 45.0190 ns/op
WorkloadActual  23: 5593856 op, 241820354.00 ns, 43.2296 ns/op
WorkloadActual  24: 5593856 op, 241846443.00 ns, 43.2343 ns/op
WorkloadActual  25: 5593856 op, 241877383.00 ns, 43.2398 ns/op
WorkloadActual  26: 5593856 op, 241969687.00 ns, 43.2563 ns/op
WorkloadActual  27: 5593856 op, 234980194.00 ns, 42.0068 ns/op
WorkloadActual  28: 5593856 op, 235344244.00 ns, 42.0719 ns/op
WorkloadActual  29: 5593856 op, 235838911.00 ns, 42.1603 ns/op
WorkloadActual  30: 5593856 op, 235069143.00 ns, 42.0227 ns/op
WorkloadActual  31: 5593856 op, 236146604.00 ns, 42.2154 ns/op
WorkloadActual  32: 5593856 op, 235734564.00 ns, 42.1417 ns/op
WorkloadActual  33: 5593856 op, 240567651.00 ns, 43.0057 ns/op
WorkloadActual  34: 5593856 op, 241789927.00 ns, 43.2242 ns/op
WorkloadActual  35: 5593856 op, 240364536.00 ns, 42.9694 ns/op
WorkloadActual  36: 5593856 op, 245301499.00 ns, 43.8520 ns/op
WorkloadActual  37: 5593856 op, 243577704.00 ns, 43.5438 ns/op
WorkloadActual  38: 5593856 op, 244116675.00 ns, 43.6401 ns/op
WorkloadActual  39: 5593856 op, 244184032.00 ns, 43.6522 ns/op
WorkloadActual  40: 5593856 op, 244096817.00 ns, 43.6366 ns/op
WorkloadActual  41: 5593856 op, 244124490.00 ns, 43.6415 ns/op
WorkloadActual  42: 5593856 op, 242799700.00 ns, 43.4047 ns/op
WorkloadActual  43: 5593856 op, 243070834.00 ns, 43.4532 ns/op
WorkloadActual  44: 5593856 op, 242836078.00 ns, 43.4112 ns/op
WorkloadActual  45: 5593856 op, 242390415.00 ns, 43.3315 ns/op
WorkloadActual  46: 5593856 op, 246014992.00 ns, 43.9795 ns/op
WorkloadActual  47: 5593856 op, 246629666.00 ns, 44.0894 ns/op
WorkloadActual  48: 5593856 op, 245111840.00 ns, 43.8180 ns/op
WorkloadActual  49: 5593856 op, 240189504.00 ns, 42.9381 ns/op
WorkloadActual  50: 5593856 op, 240950736.00 ns, 43.0742 ns/op
WorkloadActual  51: 5593856 op, 240235601.00 ns, 42.9463 ns/op
WorkloadActual  52: 5593856 op, 241211641.00 ns, 43.1208 ns/op
WorkloadActual  53: 5593856 op, 248814346.00 ns, 44.4799 ns/op
WorkloadActual  54: 5593856 op, 246489019.00 ns, 44.0642 ns/op
WorkloadActual  55: 5593856 op, 248210852.00 ns, 44.3720 ns/op
WorkloadActual  56: 5593856 op, 247867611.00 ns, 44.3107 ns/op
WorkloadActual  57: 5593856 op, 248230439.00 ns, 44.3756 ns/op
WorkloadActual  58: 5593856 op, 248435298.00 ns, 44.4122 ns/op
WorkloadActual  59: 5593856 op, 251102240.00 ns, 44.8889 ns/op
WorkloadActual  60: 5593856 op, 249871218.00 ns, 44.6689 ns/op
WorkloadActual  61: 5593856 op, 250202426.00 ns, 44.7281 ns/op
WorkloadActual  62: 5593856 op, 248859301.00 ns, 44.4880 ns/op
WorkloadActual  63: 5593856 op, 249074177.00 ns, 44.5264 ns/op

// AfterActualRun
WorkloadResult   1: 5593856 op, 251447423.50 ns, 44.9506 ns/op
WorkloadResult   2: 5593856 op, 240258193.50 ns, 42.9504 ns/op
WorkloadResult   3: 5593856 op, 241828619.50 ns, 43.2311 ns/op
WorkloadResult   4: 5593856 op, 241082535.50 ns, 43.0977 ns/op
WorkloadResult   5: 5593856 op, 240794711.50 ns, 43.0463 ns/op
WorkloadResult   6: 5593856 op, 239166094.50 ns, 42.7551 ns/op
WorkloadResult   7: 5593856 op, 237769228.50 ns, 42.5054 ns/op
WorkloadResult   8: 5593856 op, 227759653.50 ns, 40.7160 ns/op
WorkloadResult   9: 5593856 op, 227785742.50 ns, 40.7207 ns/op
WorkloadResult  10: 5593856 op, 227816682.50 ns, 40.7262 ns/op
WorkloadResult  11: 5593856 op, 227908986.50 ns, 40.7427 ns/op
WorkloadResult  12: 5593856 op, 220919493.50 ns, 39.4932 ns/op
WorkloadResult  13: 5593856 op, 221283543.50 ns, 39.5583 ns/op
WorkloadResult  14: 5593856 op, 221778210.50 ns, 39.6468 ns/op
WorkloadResult  15: 5593856 op, 221008442.50 ns, 39.5091 ns/op
WorkloadResult  16: 5593856 op, 222085903.50 ns, 39.7018 ns/op
WorkloadResult  17: 5593856 op, 221673863.50 ns, 39.6281 ns/op
WorkloadResult  18: 5593856 op, 226506950.50 ns, 40.4921 ns/op
WorkloadResult  19: 5593856 op, 227729226.50 ns, 40.7106 ns/op
WorkloadResult  20: 5593856 op, 226303835.50 ns, 40.4558 ns/op
WorkloadResult  21: 5593856 op, 231240798.50 ns, 41.3384 ns/op
WorkloadResult  22: 5593856 op, 229517003.50 ns, 41.0302 ns/op
WorkloadResult  23: 5593856 op, 230055974.50 ns, 41.1265 ns/op
WorkloadResult  24: 5593856 op, 230123331.50 ns, 41.1386 ns/op
WorkloadResult  25: 5593856 op, 230036116.50 ns, 41.1230 ns/op
WorkloadResult  26: 5593856 op, 230063789.50 ns, 41.1279 ns/op
WorkloadResult  27: 5593856 op, 228738999.50 ns, 40.8911 ns/op
WorkloadResult  28: 5593856 op, 229010133.50 ns, 40.9396 ns/op
WorkloadResult  29: 5593856 op, 228775377.50 ns, 40.8976 ns/op
WorkloadResult  30: 5593856 op, 228329714.50 ns, 40.8179 ns/op
WorkloadResult  31: 5593856 op, 231954291.50 ns, 41.4659 ns/op
WorkloadResult  32: 5593856 op, 232568965.50 ns, 41.5758 ns/op
WorkloadResult  33: 5593856 op, 231051139.50 ns, 41.3044 ns/op
WorkloadResult  34: 5593856 op, 226128803.50 ns, 40.4245 ns/op
WorkloadResult  35: 5593856 op, 226890035.50 ns, 40.5606 ns/op
WorkloadResult  36: 5593856 op, 226174900.50 ns, 40.4327 ns/op
WorkloadResult  37: 5593856 op, 227150940.50 ns, 40.6072 ns/op
WorkloadResult  38: 5593856 op, 234753645.50 ns, 41.9663 ns/op
WorkloadResult  39: 5593856 op, 232428318.50 ns, 41.5506 ns/op
WorkloadResult  40: 5593856 op, 234150151.50 ns, 41.8585 ns/op
WorkloadResult  41: 5593856 op, 233806910.50 ns, 41.7971 ns/op
WorkloadResult  42: 5593856 op, 234169738.50 ns, 41.8620 ns/op
WorkloadResult  43: 5593856 op, 234374597.50 ns, 41.8986 ns/op
WorkloadResult  44: 5593856 op, 237041539.50 ns, 42.3753 ns/op
WorkloadResult  45: 5593856 op, 235810517.50 ns, 42.1553 ns/op
WorkloadResult  46: 5593856 op, 236141725.50 ns, 42.2145 ns/op
WorkloadResult  47: 5593856 op, 234798600.50 ns, 41.9744 ns/op
WorkloadResult  48: 5593856 op, 235013476.50 ns, 42.0128 ns/op
// GC:  160 0 0 1342525440 5593856
// Threading:  0 0 5593856

// AfterAll
// Benchmark Process 55096 has exited with code 0.

Mean = 41.315 ns, StdErr = 0.162 ns (0.39%), N = 48, StdDev = 1.122 ns
Min = 39.493 ns, Q1 = 40.685 ns, Median = 41.127 ns, Q3 = 41.968 ns, Max = 44.951 ns
IQR = 1.284 ns, LowerFence = 38.759 ns, UpperFence = 43.894 ns
ConfidenceInterval = [40.746 ns; 41.883 ns] (CI 99.9%), Margin = 0.569 ns (1.38% of Mean)
Skewness = 0.64, Kurtosis = 3.7, MValue = 2

// ** Remained 7 (9.0%) benchmark(s) to run. Estimated finish 2026-02-19 8:49 (0h 2m from now) **
// **************************
// Benchmark: Scenario1.S1_ReturnVoidErrorWithMessage_SimpleResults: .NET 10.0(Runtime=.NET 10.0, IterationTime=250ms) [Iterations=10]
// *** Execute ***
// Launch: 1 / 1
// Execute: dotnet "Enumerations.Options.Benchmarks-.NET 10.0-1.dll" --anonymousPipes 114 116 --benchmarkName "ReillyDigital.Enumerations.Options.Benchmarks.Scenarios.Scenario1.S1_ReturnVoidErrorWithMessage_SimpleResults(Iterations: 10)" --job ".NET 10.0" --benchmarkId 71 in /media/andrew/Slowverflow/x/devs/reilly-digital/dotnet/enumerations.options.benchmarks/bin/Debug/net10.0/Enumerations.Options.Benchmarks-.NET 10.0-1/bin/Release/net10.0
// Failed to set up high priority (Permission denied). In order to run benchmarks with high priority, make sure you have the right permissions.
// BeforeAnythingElse

// Benchmark Process Environment Information:
// BenchmarkDotNet v0.15.8
// Runtime=.NET 10.0.3 (10.0.3, 10.0.326.7603), X64 RyuJIT x86-64-v3
// GC=Concurrent Workstation
// HardwareIntrinsics=AVX2+BMI1+BMI2+F16C+FMA+LZCNT+MOVBE,AVX,SSE3+SSSE3+SSE4.1+SSE4.2+POPCNT,X86Base+SSE+SSE2,AES+PCLMUL VectorSize=256
// Job: .NET 10.0(IterationTime=250ms)

OverheadJitting  1: 1 op, 154482.00 ns, 154.4820 us/op
WorkloadJitting  1: 1 op, 8200046.00 ns, 8.2000 ms/op

OverheadJitting  2: 16 op, 217833.00 ns, 13.6146 us/op
WorkloadJitting  2: 16 op, 247750.00 ns, 15.4844 us/op

WorkloadPilot    1: 16 op, 42912.00 ns, 2.6820 us/op
WorkloadPilot    2: 93216 op, 170062378.00 ns, 1.8244 us/op
WorkloadPilot    3: 137040 op, 82546737.00 ns, 602.3551 ns/op
WorkloadPilot    4: 415040 op, 162015171.00 ns, 390.3604 ns/op
WorkloadPilot    5: 640448 op, 258481862.00 ns, 403.5954 ns/op
WorkloadPilot    6: 619440 op, 242922413.00 ns, 392.1646 ns/op
WorkloadPilot    7: 637488 op, 248087358.00 ns, 389.1640 ns/op
WorkloadPilot    8: 642416 op, 249658775.00 ns, 388.6248 ns/op
WorkloadPilot    9: 643296 op, 254311661.00 ns, 395.3260 ns/op
WorkloadPilot   10: 632400 op, 252361536.00 ns, 399.0537 ns/op

OverheadWarmup   1: 632400 op, 1587608.00 ns, 2.5104 ns/op
OverheadWarmup   2: 632400 op, 1599691.00 ns, 2.5296 ns/op
OverheadWarmup   3: 632400 op, 1613186.00 ns, 2.5509 ns/op
OverheadWarmup   4: 632400 op, 1607054.00 ns, 2.5412 ns/op
OverheadWarmup   5: 632400 op, 1613297.00 ns, 2.5511 ns/op
OverheadWarmup   6: 632400 op, 1641060.00 ns, 2.5950 ns/op
OverheadWarmup   7: 632400 op, 1646840.00 ns, 2.6041 ns/op
OverheadWarmup   8: 632400 op, 1632703.00 ns, 2.5818 ns/op

OverheadActual   1: 632400 op, 1620420.00 ns, 2.5623 ns/op
OverheadActual   2: 632400 op, 1575235.00 ns, 2.4909 ns/op
OverheadActual   3: 632400 op, 1578721.00 ns, 2.4964 ns/op
OverheadActual   4: 632400 op, 1582989.00 ns, 2.5031 ns/op
OverheadActual   5: 632400 op, 1601675.00 ns, 2.5327 ns/op
OverheadActual   6: 632400 op, 1619198.00 ns, 2.5604 ns/op
OverheadActual   7: 632400 op, 1626572.00 ns, 2.5721 ns/op
OverheadActual   8: 632400 op, 1601163.00 ns, 2.5319 ns/op
OverheadActual   9: 632400 op, 1581637.00 ns, 2.5010 ns/op
OverheadActual  10: 632400 op, 1590904.00 ns, 2.5157 ns/op
OverheadActual  11: 632400 op, 1584582.00 ns, 2.5057 ns/op
OverheadActual  12: 632400 op, 1582659.00 ns, 2.5026 ns/op
OverheadActual  13: 632400 op, 1598879.00 ns, 2.5283 ns/op
OverheadActual  14: 632400 op, 1604741.00 ns, 2.5375 ns/op
OverheadActual  15: 632400 op, 1586736.00 ns, 2.5091 ns/op

WorkloadWarmup   1: 632400 op, 249539439.00 ns, 394.5911 ns/op
WorkloadWarmup   2: 632400 op, 248689739.00 ns, 393.2475 ns/op
WorkloadWarmup   3: 632400 op, 245884674.00 ns, 388.8119 ns/op
WorkloadWarmup   4: 632400 op, 245444812.00 ns, 388.1164 ns/op
WorkloadWarmup   5: 632400 op, 246712533.00 ns, 390.1210 ns/op
WorkloadWarmup   6: 632400 op, 245696117.00 ns, 388.5138 ns/op
WorkloadWarmup   7: 632400 op, 244811551.00 ns, 387.1150 ns/op
WorkloadWarmup   8: 632400 op, 245561562.00 ns, 388.3010 ns/op
WorkloadWarmup   9: 632400 op, 245737446.00 ns, 388.5791 ns/op
WorkloadWarmup  10: 632400 op, 244026965.00 ns, 385.8744 ns/op

// BeforeActualRun
WorkloadActual   1: 632400 op, 248861445.00 ns, 393.5190 ns/op
WorkloadActual   2: 632400 op, 244914136.00 ns, 387.2773 ns/op
WorkloadActual   3: 632400 op, 246079334.00 ns, 389.1198 ns/op
WorkloadActual   4: 632400 op, 245491930.00 ns, 388.1909 ns/op
WorkloadActual   5: 632400 op, 245223181.00 ns, 387.7659 ns/op
WorkloadActual   6: 632400 op, 245918178.00 ns, 388.8649 ns/op
WorkloadActual   7: 632400 op, 246038777.00 ns, 389.0556 ns/op
WorkloadActual   8: 632400 op, 245032440.00 ns, 387.4643 ns/op
WorkloadActual   9: 632400 op, 246139268.00 ns, 389.2145 ns/op
WorkloadActual  10: 632400 op, 246337373.00 ns, 389.5278 ns/op
WorkloadActual  11: 632400 op, 246303659.00 ns, 389.4745 ns/op
WorkloadActual  12: 632400 op, 245511327.00 ns, 388.2216 ns/op
WorkloadActual  13: 632400 op, 244779772.00 ns, 387.0648 ns/op
WorkloadActual  14: 632400 op, 243020498.00 ns, 384.2829 ns/op
WorkloadActual  15: 632400 op, 244641569.00 ns, 386.8463 ns/op

// AfterActualRun
WorkloadResult   1: 632400 op, 243323232.00 ns, 384.7616 ns/op
WorkloadResult   2: 632400 op, 244488430.00 ns, 386.6041 ns/op
WorkloadResult   3: 632400 op, 243901026.00 ns, 385.6752 ns/op
WorkloadResult   4: 632400 op, 243632277.00 ns, 385.2503 ns/op
WorkloadResult   5: 632400 op, 244327274.00 ns, 386.3493 ns/op
WorkloadResult   6: 632400 op, 244447873.00 ns, 386.5400 ns/op
WorkloadResult   7: 632400 op, 243441536.00 ns, 384.9487 ns/op
WorkloadResult   8: 632400 op, 244548364.00 ns, 386.6989 ns/op
WorkloadResult   9: 632400 op, 244746469.00 ns, 387.0121 ns/op
WorkloadResult  10: 632400 op, 244712755.00 ns, 386.9588 ns/op
WorkloadResult  11: 632400 op, 243920423.00 ns, 385.7059 ns/op
WorkloadResult  12: 632400 op, 243188868.00 ns, 384.5491 ns/op
WorkloadResult  13: 632400 op, 241429594.00 ns, 381.7672 ns/op
WorkloadResult  14: 632400 op, 243050665.00 ns, 384.3306 ns/op
// GC:  30 0 0 252960000 632400
// Threading:  0 0 632400

// AfterAll
// Benchmark Process 55209 has exited with code 0.

Mean = 385.511 ns, StdErr = 0.378 ns (0.10%), N = 14, StdDev = 1.416 ns
Min = 381.767 ns, Q1 = 384.808 ns, Median = 385.691 ns, Q3 = 386.588 ns, Max = 387.012 ns
IQR = 1.780 ns, LowerFence = 382.139 ns, UpperFence = 389.258 ns
ConfidenceInterval = [383.914 ns; 387.108 ns] (CI 99.9%), Margin = 1.597 ns (0.41% of Mean)
Skewness = -1.12, Kurtosis = 3.81, MValue = 2

// ** Remained 6 (7.7%) benchmark(s) to run. Estimated finish 2026-02-19 8:49 (0h 1m from now) **
// **************************
// Benchmark: Scenario1.S1_ReturnVoidSuccess_ArdalisResult: .NET 10.0(Runtime=.NET 10.0, IterationTime=250ms) [Iterations=10]
// *** Execute ***
// Launch: 1 / 1
// Execute: dotnet "Enumerations.Options.Benchmarks-.NET 10.0-1.dll" --anonymousPipes 114 116 --benchmarkName "ReillyDigital.Enumerations.Options.Benchmarks.Scenarios.Scenario1.S1_ReturnVoidSuccess_ArdalisResult(Iterations: 10)" --job ".NET 10.0" --benchmarkId 72 in /media/andrew/Slowverflow/x/devs/reilly-digital/dotnet/enumerations.options.benchmarks/bin/Debug/net10.0/Enumerations.Options.Benchmarks-.NET 10.0-1/bin/Release/net10.0
// Failed to set up high priority (Permission denied). In order to run benchmarks with high priority, make sure you have the right permissions.
// BeforeAnythingElse

// Benchmark Process Environment Information:
// BenchmarkDotNet v0.15.8
// Runtime=.NET 10.0.3 (10.0.3, 10.0.326.7603), X64 RyuJIT x86-64-v3
// GC=Concurrent Workstation
// HardwareIntrinsics=AVX2+BMI1+BMI2+F16C+FMA+LZCNT+MOVBE,AVX,SSE3+SSSE3+SSE4.1+SSE4.2+POPCNT,X86Base+SSE+SSE2,AES+PCLMUL VectorSize=256
// Job: .NET 10.0(IterationTime=250ms)

OverheadJitting  1: 1 op, 154703.00 ns, 154.7030 us/op
WorkloadJitting  1: 1 op, 1744455.00 ns, 1.7445 ms/op

OverheadJitting  2: 16 op, 204467.00 ns, 12.7792 us/op
WorkloadJitting  2: 16 op, 261435.00 ns, 16.3397 us/op

WorkloadPilot    1: 16 op, 21301.00 ns, 1.3313 us/op
WorkloadPilot    2: 187792 op, 69761945.00 ns, 371.4852 ns/op
WorkloadPilot    3: 672976 op, 145677688.00 ns, 216.4679 ns/op
WorkloadPilot    4: 1154912 op, 95128345.00 ns, 82.3685 ns/op
WorkloadPilot    5: 3035152 op, 245743457.00 ns, 80.9658 ns/op
WorkloadPilot    6: 3087728 op, 244656498.00 ns, 79.2351 ns/op
WorkloadPilot    7: 3155168 op, 249208291.00 ns, 78.9842 ns/op
WorkloadPilot    8: 3165200 op, 249694322.00 ns, 78.8874 ns/op
WorkloadPilot    9: 3169088 op, 251284535.00 ns, 79.2924 ns/op
WorkloadPilot   10: 3152896 op, 248878046.00 ns, 78.9363 ns/op
WorkloadPilot   11: 3167120 op, 250403787.00 ns, 79.0636 ns/op
WorkloadPilot   12: 3162016 op, 248113988.00 ns, 78.4670 ns/op
WorkloadPilot   13: 3186064 op, 250842688.00 ns, 78.7312 ns/op

OverheadWarmup   1: 3186064 op, 8781217.00 ns, 2.7561 ns/op
OverheadWarmup   2: 3186064 op, 8849296.00 ns, 2.7775 ns/op
OverheadWarmup   3: 3186064 op, 8791938.00 ns, 2.7595 ns/op
OverheadWarmup   4: 3186064 op, 9119207.00 ns, 2.8622 ns/op
OverheadWarmup   5: 3186064 op, 8681579.00 ns, 2.7249 ns/op

OverheadActual   1: 3186064 op, 8824881.00 ns, 2.7698 ns/op
OverheadActual   2: 3186064 op, 8678843.00 ns, 2.7240 ns/op
OverheadActual   3: 3186064 op, 8859245.00 ns, 2.7806 ns/op
OverheadActual   4: 3186064 op, 8666901.00 ns, 2.7203 ns/op
OverheadActual   5: 3186064 op, 8853665.00 ns, 2.7789 ns/op
OverheadActual   6: 3186064 op, 8705133.00 ns, 2.7323 ns/op
OverheadActual   7: 3186064 op, 8636653.00 ns, 2.7108 ns/op
OverheadActual   8: 3186064 op, 8955297.00 ns, 2.8108 ns/op
OverheadActual   9: 3186064 op, 8683682.00 ns, 2.7255 ns/op
OverheadActual  10: 3186064 op, 8806997.00 ns, 2.7642 ns/op
OverheadActual  11: 3186064 op, 8615754.00 ns, 2.7042 ns/op
OverheadActual  12: 3186064 op, 8803861.00 ns, 2.7632 ns/op
OverheadActual  13: 3186064 op, 8672061.00 ns, 2.7219 ns/op
OverheadActual  14: 3186064 op, 8919148.00 ns, 2.7994 ns/op
OverheadActual  15: 3186064 op, 8655339.00 ns, 2.7166 ns/op

WorkloadWarmup   1: 3186064 op, 258061165.00 ns, 80.9969 ns/op
WorkloadWarmup   2: 3186064 op, 251685505.00 ns, 78.9957 ns/op
WorkloadWarmup   3: 3186064 op, 251410664.00 ns, 78.9095 ns/op
WorkloadWarmup   4: 3186064 op, 249611615.00 ns, 78.3448 ns/op
WorkloadWarmup   5: 3186064 op, 249136676.00 ns, 78.1958 ns/op
WorkloadWarmup   6: 3186064 op, 252621198.00 ns, 79.2894 ns/op
WorkloadWarmup   7: 3186064 op, 250028526.00 ns, 78.4757 ns/op
WorkloadWarmup   8: 3186064 op, 251752612.00 ns, 79.0168 ns/op
WorkloadWarmup   9: 3186064 op, 250366807.00 ns, 78.5819 ns/op

// BeforeActualRun
WorkloadActual   1: 3186064 op, 254871842.00 ns, 79.9958 ns/op
WorkloadActual   2: 3186064 op, 250724965.00 ns, 78.6943 ns/op
WorkloadActual   3: 3186064 op, 248581194.00 ns, 78.0214 ns/op
WorkloadActual   4: 3186064 op, 248401342.00 ns, 77.9650 ns/op
WorkloadActual   5: 3186064 op, 248378520.00 ns, 77.9578 ns/op
WorkloadActual   6: 3186064 op, 249691988.00 ns, 78.3700 ns/op
WorkloadActual   7: 3186064 op, 253041243.00 ns, 79.4213 ns/op
WorkloadActual   8: 3186064 op, 250429325.00 ns, 78.6015 ns/op
WorkloadActual   9: 3186064 op, 249502149.00 ns, 78.3105 ns/op
WorkloadActual  10: 3186064 op, 250942498.00 ns, 78.7625 ns/op
WorkloadActual  11: 3186064 op, 248297977.00 ns, 77.9325 ns/op
WorkloadActual  12: 3186064 op, 249834909.00 ns, 78.4149 ns/op
WorkloadActual  13: 3186064 op, 251772149.00 ns, 79.0229 ns/op
WorkloadActual  14: 3186064 op, 251319241.00 ns, 78.8808 ns/op
WorkloadActual  15: 3186064 op, 249721113.00 ns, 78.3792 ns/op

// AfterActualRun
WorkloadResult   1: 3186064 op, 242019832.00 ns, 75.9620 ns/op
WorkloadResult   2: 3186064 op, 239876061.00 ns, 75.2892 ns/op
WorkloadResult   3: 3186064 op, 239696209.00 ns, 75.2327 ns/op
WorkloadResult   4: 3186064 op, 239673387.00 ns, 75.2255 ns/op
WorkloadResult   5: 3186064 op, 240986855.00 ns, 75.6378 ns/op
WorkloadResult   6: 3186064 op, 244336110.00 ns, 76.6890 ns/op
WorkloadResult   7: 3186064 op, 241724192.00 ns, 75.8692 ns/op
WorkloadResult   8: 3186064 op, 240797016.00 ns, 75.5782 ns/op
WorkloadResult   9: 3186064 op, 242237365.00 ns, 76.0303 ns/op
WorkloadResult  10: 3186064 op, 239592844.00 ns, 75.2003 ns/op
WorkloadResult  11: 3186064 op, 241129776.00 ns, 75.6827 ns/op
WorkloadResult  12: 3186064 op, 243067016.00 ns, 76.2907 ns/op
WorkloadResult  13: 3186064 op, 242614108.00 ns, 76.1485 ns/op
WorkloadResult  14: 3186064 op, 241015980.00 ns, 75.6469 ns/op
// GC:  274 0 0 2293966080 3186064
// Threading:  0 0 3186064

// AfterAll
// Benchmark Process 55263 has exited with code 0.

Mean = 75.749 ns, StdErr = 0.119 ns (0.16%), N = 14, StdDev = 0.446 ns
Min = 75.200 ns, Q1 = 75.361 ns, Median = 75.665 ns, Q3 = 76.013 ns, Max = 76.689 ns
IQR = 0.652 ns, LowerFence = 74.384 ns, UpperFence = 76.991 ns
ConfidenceInterval = [75.246 ns; 76.252 ns] (CI 99.9%), Margin = 0.503 ns (0.66% of Mean)
Skewness = 0.43, Kurtosis = 2.14, MValue = 2

// ** Remained 5 (6.4%) benchmark(s) to run. Estimated finish 2026-02-19 8:49 (0h 1m from now) **
// **************************
// Benchmark: Scenario1.S1_ReturnVoidSuccess_EnumerationsOptions: .NET 10.0(Runtime=.NET 10.0, IterationTime=250ms) [Iterations=10]
// *** Execute ***
// Launch: 1 / 1
// Execute: dotnet "Enumerations.Options.Benchmarks-.NET 10.0-1.dll" --anonymousPipes 114 116 --benchmarkName "ReillyDigital.Enumerations.Options.Benchmarks.Scenarios.Scenario1.S1_ReturnVoidSuccess_EnumerationsOptions(Iterations: 10)" --job ".NET 10.0" --benchmarkId 73 in /media/andrew/Slowverflow/x/devs/reilly-digital/dotnet/enumerations.options.benchmarks/bin/Debug/net10.0/Enumerations.Options.Benchmarks-.NET 10.0-1/bin/Release/net10.0
// Failed to set up high priority (Permission denied). In order to run benchmarks with high priority, make sure you have the right permissions.
// BeforeAnythingElse

// Benchmark Process Environment Information:
// BenchmarkDotNet v0.15.8
// Runtime=.NET 10.0.3 (10.0.3, 10.0.326.7603), X64 RyuJIT x86-64-v3
// GC=Concurrent Workstation
// HardwareIntrinsics=AVX2+BMI1+BMI2+F16C+FMA+LZCNT+MOVBE,AVX,SSE3+SSSE3+SSE4.1+SSE4.2+POPCNT,X86Base+SSE+SSE2,AES+PCLMUL VectorSize=256
// Job: .NET 10.0(IterationTime=250ms)

OverheadJitting  1: 1 op, 154162.00 ns, 154.1620 us/op
WorkloadJitting  1: 1 op, 2218002.00 ns, 2.2180 ms/op

OverheadJitting  2: 16 op, 211450.00 ns, 13.2156 us/op
WorkloadJitting  2: 16 op, 226479.00 ns, 14.1549 us/op

WorkloadPilot    1: 16 op, 9247.00 ns, 577.9375 ns/op
WorkloadPilot    2: 432576 op, 143531572.00 ns, 331.8066 ns/op
WorkloadPilot    3: 753456 op, 92799162.00 ns, 123.1647 ns/op
WorkloadPilot    4: 2029808 op, 153028235.00 ns, 75.3905 ns/op
WorkloadPilot    5: 3316080 op, 247473946.00 ns, 74.6285 ns/op
WorkloadPilot    6: 3349936 op, 249269157.00 ns, 74.4101 ns/op
WorkloadPilot    7: 3359760 op, 248431580.00 ns, 73.9433 ns/op
WorkloadPilot    8: 3380976 op, 249100788.00 ns, 73.6772 ns/op
WorkloadPilot    9: 3393184 op, 254876782.00 ns, 75.1143 ns/op
WorkloadPilot   10: 3328272 op, 246506112.00 ns, 74.0643 ns/op
WorkloadPilot   11: 3375456 op, 248590522.00 ns, 73.6465 ns/op
WorkloadPilot   12: 3394608 op, 250147120.00 ns, 73.6895 ns/op
WorkloadPilot   13: 3392624 op, 250420359.00 ns, 73.8132 ns/op

OverheadWarmup   1: 3392624 op, 8673703.00 ns, 2.5566 ns/op
OverheadWarmup   2: 3392624 op, 8713670.00 ns, 2.5684 ns/op
OverheadWarmup   3: 3392624 op, 8791136.00 ns, 2.5912 ns/op
OverheadWarmup   4: 3392624 op, 8789874.00 ns, 2.5909 ns/op
OverheadWarmup   5: 3392624 op, 8733147.00 ns, 2.5742 ns/op
OverheadWarmup   6: 3392624 op, 8570178.00 ns, 2.5261 ns/op
OverheadWarmup   7: 3392624 op, 8649107.00 ns, 2.5494 ns/op
OverheadWarmup   8: 3392624 op, 8584354.00 ns, 2.5303 ns/op

OverheadActual   1: 3392624 op, 8697318.00 ns, 2.5636 ns/op
OverheadActual   2: 3392624 op, 8590005.00 ns, 2.5320 ns/op
OverheadActual   3: 3392624 op, 8552253.00 ns, 2.5208 ns/op
OverheadActual   4: 3392624 op, 8715362.00 ns, 2.5689 ns/op
OverheadActual   5: 3392624 op, 8559938.00 ns, 2.5231 ns/op
OverheadActual   6: 3392624 op, 8770217.00 ns, 2.5851 ns/op
OverheadActual   7: 3392624 op, 8652734.00 ns, 2.5505 ns/op
OverheadActual   8: 3392624 op, 8598762.00 ns, 2.5345 ns/op
OverheadActual   9: 3392624 op, 8610023.00 ns, 2.5379 ns/op
OverheadActual  10: 3392624 op, 8639459.00 ns, 2.5465 ns/op
OverheadActual  11: 3392624 op, 8623378.00 ns, 2.5418 ns/op
OverheadActual  12: 3392624 op, 8562974.00 ns, 2.5240 ns/op
OverheadActual  13: 3392624 op, 8666930.00 ns, 2.5546 ns/op
OverheadActual  14: 3392624 op, 8630722.00 ns, 2.5440 ns/op
OverheadActual  15: 3392624 op, 8613840.00 ns, 2.5390 ns/op

WorkloadWarmup   1: 3392624 op, 259581255.00 ns, 76.5134 ns/op
WorkloadWarmup   2: 3392624 op, 245233431.00 ns, 72.2843 ns/op
WorkloadWarmup   3: 3392624 op, 238947592.00 ns, 70.4315 ns/op
WorkloadWarmup   4: 3392624 op, 239507001.00 ns, 70.5964 ns/op
WorkloadWarmup   5: 3392624 op, 238912104.00 ns, 70.4210 ns/op
WorkloadWarmup   6: 3392624 op, 240772749.00 ns, 70.9695 ns/op
WorkloadWarmup   7: 3392624 op, 238370829.00 ns, 70.2615 ns/op

// BeforeActualRun
WorkloadActual   1: 3392624 op, 241443871.00 ns, 71.1673 ns/op
WorkloadActual   2: 3392624 op, 248133736.00 ns, 73.1392 ns/op
WorkloadActual   3: 3392624 op, 248885821.00 ns, 73.3609 ns/op
WorkloadActual   4: 3392624 op, 247077564.00 ns, 72.8279 ns/op
WorkloadActual   5: 3392624 op, 248160036.00 ns, 73.1469 ns/op
WorkloadActual   6: 3392624 op, 248129658.00 ns, 73.1380 ns/op
WorkloadActual   7: 3392624 op, 248440287.00 ns, 73.2295 ns/op
WorkloadActual   8: 3392624 op, 247460180.00 ns, 72.9406 ns/op
WorkloadActual   9: 3392624 op, 248592846.00 ns, 73.2745 ns/op
WorkloadActual  10: 3392624 op, 269522871.00 ns, 79.4438 ns/op
WorkloadActual  11: 3392624 op, 247709372.00 ns, 73.0141 ns/op
WorkloadActual  12: 3392624 op, 249440141.00 ns, 73.5243 ns/op
WorkloadActual  13: 3392624 op, 247547215.00 ns, 72.9663 ns/op
WorkloadActual  14: 3392624 op, 246562549.00 ns, 72.6761 ns/op
WorkloadActual  15: 3392624 op, 248254645.00 ns, 73.1748 ns/op

// AfterActualRun
WorkloadResult   1: 3392624 op, 232820493.00 ns, 68.6255 ns/op
WorkloadResult   2: 3392624 op, 239510358.00 ns, 70.5974 ns/op
WorkloadResult   3: 3392624 op, 240262443.00 ns, 70.8191 ns/op
WorkloadResult   4: 3392624 op, 238454186.00 ns, 70.2861 ns/op
WorkloadResult   5: 3392624 op, 239536658.00 ns, 70.6051 ns/op
WorkloadResult   6: 3392624 op, 239506280.00 ns, 70.5962 ns/op
WorkloadResult   7: 3392624 op, 239816909.00 ns, 70.6877 ns/op
WorkloadResult   8: 3392624 op, 238836802.00 ns, 70.3988 ns/op
WorkloadResult   9: 3392624 op, 239969468.00 ns, 70.7327 ns/op
WorkloadResult  10: 3392624 op, 239085994.00 ns, 70.4723 ns/op
WorkloadResult  11: 3392624 op, 240816763.00 ns, 70.9824 ns/op
WorkloadResult  12: 3392624 op, 238923837.00 ns, 70.4245 ns/op
WorkloadResult  13: 3392624 op, 237939171.00 ns, 70.1343 ns/op
WorkloadResult  14: 3392624 op, 239631267.00 ns, 70.6330 ns/op
// GC:  97 0 0 814229760 3392624
// Threading:  0 0 3392624

// AfterAll
// Benchmark Process 55312 has exited with code 0.

Mean = 70.428 ns, StdErr = 0.150 ns (0.21%), N = 14, StdDev = 0.562 ns
Min = 68.625 ns, Q1 = 70.405 ns, Median = 70.597 ns, Q3 = 70.674 ns, Max = 70.982 ns
IQR = 0.269 ns, LowerFence = 70.002 ns, UpperFence = 71.077 ns
ConfidenceInterval = [69.794 ns; 71.062 ns] (CI 99.9%), Margin = 0.634 ns (0.90% of Mean)
Skewness = -2.25, Kurtosis = 7.65, MValue = 2

// ** Remained 4 (5.1%) benchmark(s) to run. Estimated finish 2026-02-19 8:49 (0h 1m from now) **
// **************************
// Benchmark: Scenario1.S1_ReturnVoidSuccess_FluentResults: .NET 10.0(Runtime=.NET 10.0, IterationTime=250ms) [Iterations=10]
// *** Execute ***
// Launch: 1 / 1
// Execute: dotnet "Enumerations.Options.Benchmarks-.NET 10.0-1.dll" --anonymousPipes 114 116 --benchmarkName "ReillyDigital.Enumerations.Options.Benchmarks.Scenarios.Scenario1.S1_ReturnVoidSuccess_FluentResults(Iterations: 10)" --job ".NET 10.0" --benchmarkId 74 in /media/andrew/Slowverflow/x/devs/reilly-digital/dotnet/enumerations.options.benchmarks/bin/Debug/net10.0/Enumerations.Options.Benchmarks-.NET 10.0-1/bin/Release/net10.0
// Failed to set up high priority (Permission denied). In order to run benchmarks with high priority, make sure you have the right permissions.
// BeforeAnythingElse

// Benchmark Process Environment Information:
// BenchmarkDotNet v0.15.8
// Runtime=.NET 10.0.3 (10.0.3, 10.0.326.7603), X64 RyuJIT x86-64-v3
// GC=Concurrent Workstation
// HardwareIntrinsics=AVX2+BMI1+BMI2+F16C+FMA+LZCNT+MOVBE,AVX,SSE3+SSSE3+SSE4.1+SSE4.2+POPCNT,X86Base+SSE+SSE2,AES+PCLMUL VectorSize=256
// Job: .NET 10.0(IterationTime=250ms)

OverheadJitting  1: 1 op, 188277.00 ns, 188.2770 us/op
WorkloadJitting  1: 1 op, 2374158.00 ns, 2.3742 ms/op

OverheadJitting  2: 16 op, 199378.00 ns, 12.4611 us/op
WorkloadJitting  2: 16 op, 221700.00 ns, 13.8563 us/op

WorkloadPilot    1: 16 op, 17984.00 ns, 1.1240 us/op
WorkloadPilot    2: 222432 op, 83012199.00 ns, 373.2026 ns/op
WorkloadPilot    3: 669888 op, 140688134.00 ns, 210.0174 ns/op
WorkloadPilot    4: 1190384 op, 134951486.00 ns, 113.3680 ns/op
WorkloadPilot    5: 2205216 op, 256634432.00 ns, 116.3761 ns/op
WorkloadPilot    6: 2148208 op, 244572699.00 ns, 113.8496 ns/op
WorkloadPilot    7: 2195888 op, 249908658.00 ns, 113.8076 ns/op
WorkloadPilot    8: 2196704 op, 253486288.00 ns, 115.3939 ns/op
WorkloadPilot    9: 2166496 op, 245885656.00 ns, 113.4946 ns/op
WorkloadPilot   10: 2202752 op, 252064273.00 ns, 114.4315 ns/op

OverheadWarmup   1: 2202752 op, 6074188.00 ns, 2.7575 ns/op
OverheadWarmup   2: 2202752 op, 6255552.00 ns, 2.8399 ns/op
OverheadWarmup   3: 2202752 op, 6177734.00 ns, 2.8046 ns/op
OverheadWarmup   4: 2202752 op, 6150963.00 ns, 2.7924 ns/op
OverheadWarmup   5: 2202752 op, 6067446.00 ns, 2.7545 ns/op
OverheadWarmup   6: 2202752 op, 6064390.00 ns, 2.7531 ns/op
OverheadWarmup   7: 2202752 op, 6107562.00 ns, 2.7727 ns/op
OverheadWarmup   8: 2202752 op, 6071774.00 ns, 2.7564 ns/op

OverheadActual   1: 2202752 op, 6096551.00 ns, 2.7677 ns/op
OverheadActual   2: 2202752 op, 6044923.00 ns, 2.7443 ns/op
OverheadActual   3: 2202752 op, 6050844.00 ns, 2.7469 ns/op
OverheadActual   4: 2202752 op, 6036767.00 ns, 2.7406 ns/op
OverheadActual   5: 2202752 op, 6065432.00 ns, 2.7536 ns/op
OverheadActual   6: 2202752 op, 6044782.00 ns, 2.7442 ns/op
OverheadActual   7: 2202752 op, 6044232.00 ns, 2.7439 ns/op
OverheadActual   8: 2202752 op, 6090359.00 ns, 2.7649 ns/op
OverheadActual   9: 2202752 op, 6069860.00 ns, 2.7556 ns/op
OverheadActual  10: 2202752 op, 6002583.00 ns, 2.7250 ns/op
OverheadActual  11: 2202752 op, 6074529.00 ns, 2.7577 ns/op
OverheadActual  12: 2202752 op, 6099466.00 ns, 2.7690 ns/op
OverheadActual  13: 2202752 op, 6034383.00 ns, 2.7395 ns/op
OverheadActual  14: 2202752 op, 6126458.00 ns, 2.7813 ns/op
OverheadActual  15: 2202752 op, 6025366.00 ns, 2.7354 ns/op

WorkloadWarmup   1: 2202752 op, 253941630.00 ns, 115.2838 ns/op
WorkloadWarmup   2: 2202752 op, 253535490.00 ns, 115.0994 ns/op
WorkloadWarmup   3: 2202752 op, 250396342.00 ns, 113.6743 ns/op
WorkloadWarmup   4: 2202752 op, 248161559.00 ns, 112.6598 ns/op
WorkloadWarmup   5: 2202752 op, 246880411.00 ns, 112.0782 ns/op
WorkloadWarmup   6: 2202752 op, 246772055.00 ns, 112.0290 ns/op
WorkloadWarmup   7: 2202752 op, 247869114.00 ns, 112.5270 ns/op
WorkloadWarmup   8: 2202752 op, 248685832.00 ns, 112.8978 ns/op
WorkloadWarmup   9: 2202752 op, 248052442.00 ns, 112.6102 ns/op
WorkloadWarmup  10: 2202752 op, 247884864.00 ns, 112.5342 ns/op
WorkloadWarmup  11: 2202752 op, 246812362.00 ns, 112.0473 ns/op
WorkloadWarmup  12: 2202752 op, 247485498.00 ns, 112.3529 ns/op
WorkloadWarmup  13: 2202752 op, 248958639.00 ns, 113.0216 ns/op
WorkloadWarmup  14: 2202752 op, 248713955.00 ns, 112.9106 ns/op

// BeforeActualRun
WorkloadActual   1: 2202752 op, 251507347.00 ns, 114.1787 ns/op
WorkloadActual   2: 2202752 op, 271151958.00 ns, 123.0969 ns/op
WorkloadActual   3: 2202752 op, 270270968.00 ns, 122.6970 ns/op
WorkloadActual   4: 2202752 op, 267656915.00 ns, 121.5102 ns/op
WorkloadActual   5: 2202752 op, 267171285.00 ns, 121.2898 ns/op
WorkloadActual   6: 2202752 op, 269195280.00 ns, 122.2086 ns/op
WorkloadActual   7: 2202752 op, 268612045.00 ns, 121.9438 ns/op
WorkloadActual   8: 2202752 op, 265515989.00 ns, 120.5383 ns/op
WorkloadActual   9: 2202752 op, 263804747.00 ns, 119.7614 ns/op
WorkloadActual  10: 2202752 op, 266551532.00 ns, 121.0084 ns/op
WorkloadActual  11: 2202752 op, 268102660.00 ns, 121.7126 ns/op
WorkloadActual  12: 2202752 op, 266136525.00 ns, 120.8200 ns/op
WorkloadActual  13: 2202752 op, 264639348.00 ns, 120.1403 ns/op
WorkloadActual  14: 2202752 op, 265496893.00 ns, 120.5296 ns/op
WorkloadActual  15: 2202752 op, 267587214.00 ns, 121.4786 ns/op

// AfterActualRun
WorkloadResult   1: 2202752 op, 245456503.00 ns, 111.4317 ns/op
WorkloadResult   2: 2202752 op, 265101114.00 ns, 120.3500 ns/op
WorkloadResult   3: 2202752 op, 264220124.00 ns, 119.9500 ns/op
WorkloadResult   4: 2202752 op, 261606071.00 ns, 118.7633 ns/op
WorkloadResult   5: 2202752 op, 261120441.00 ns, 118.5428 ns/op
WorkloadResult   6: 2202752 op, 263144436.00 ns, 119.4617 ns/op
WorkloadResult   7: 2202752 op, 262561201.00 ns, 119.1969 ns/op
WorkloadResult   8: 2202752 op, 259465145.00 ns, 117.7914 ns/op
WorkloadResult   9: 2202752 op, 257753903.00 ns, 117.0145 ns/op
WorkloadResult  10: 2202752 op, 260500688.00 ns, 118.2615 ns/op
WorkloadResult  11: 2202752 op, 262051816.00 ns, 118.9656 ns/op
WorkloadResult  12: 2202752 op, 260085681.00 ns, 118.0731 ns/op
WorkloadResult  13: 2202752 op, 258588504.00 ns, 117.3934 ns/op
WorkloadResult  14: 2202752 op, 259446049.00 ns, 117.7827 ns/op
WorkloadResult  15: 2202752 op, 261536370.00 ns, 118.7316 ns/op
// GC:  147 0 0 1233541120 2202752
// Threading:  0 0 2202752

// AfterAll
// Benchmark Process 55355 has exited with code 0.

Mean = 118.114 ns, StdErr = 0.533 ns (0.45%), N = 15, StdDev = 2.065 ns
Min = 111.432 ns, Q1 = 117.787 ns, Median = 118.543 ns, Q3 = 119.081 ns, Max = 120.350 ns
IQR = 1.294 ns, LowerFence = 115.846 ns, UpperFence = 121.023 ns
ConfidenceInterval = [115.907 ns; 120.321 ns] (CI 99.9%), Margin = 2.207 ns (1.87% of Mean)
Skewness = -2.1, Kurtosis = 7.47, MValue = 2

// ** Remained 3 (3.8%) benchmark(s) to run. Estimated finish 2026-02-19 8:49 (0h 0m from now) **
// **************************
// Benchmark: Scenario1.S1_ReturnVoidSuccess_LightResults: .NET 10.0(Runtime=.NET 10.0, IterationTime=250ms) [Iterations=10]
// *** Execute ***
// Launch: 1 / 1
// Execute: dotnet "Enumerations.Options.Benchmarks-.NET 10.0-1.dll" --anonymousPipes 114 116 --benchmarkName "ReillyDigital.Enumerations.Options.Benchmarks.Scenarios.Scenario1.S1_ReturnVoidSuccess_LightResults(Iterations: 10)" --job ".NET 10.0" --benchmarkId 75 in /media/andrew/Slowverflow/x/devs/reilly-digital/dotnet/enumerations.options.benchmarks/bin/Debug/net10.0/Enumerations.Options.Benchmarks-.NET 10.0-1/bin/Release/net10.0
// Failed to set up high priority (Permission denied). In order to run benchmarks with high priority, make sure you have the right permissions.
// BeforeAnythingElse

// Benchmark Process Environment Information:
// BenchmarkDotNet v0.15.8
// Runtime=.NET 10.0.3 (10.0.3, 10.0.326.7603), X64 RyuJIT x86-64-v3
// GC=Concurrent Workstation
// HardwareIntrinsics=AVX2+BMI1+BMI2+F16C+FMA+LZCNT+MOVBE,AVX,SSE3+SSSE3+SSE4.1+SSE4.2+POPCNT,X86Base+SSE+SSE2,AES+PCLMUL VectorSize=256
// Job: .NET 10.0(IterationTime=250ms)

OverheadJitting  1: 1 op, 172397.00 ns, 172.3970 us/op
WorkloadJitting  1: 1 op, 2730854.00 ns, 2.7309 ms/op

OverheadJitting  2: 16 op, 200800.00 ns, 12.5500 us/op
WorkloadJitting  2: 16 op, 197244.00 ns, 12.3278 us/op

WorkloadPilot    1: 16 op, 2294.00 ns, 143.3750 ns/op
WorkloadPilot    2: 1743680 op, 187145063.00 ns, 107.3276 ns/op
WorkloadPilot    3: 2329328 op, 11022373.00 ns, 4.7320 ns/op
WorkloadPilot    4: 52831824 op, 253605262.00 ns, 4.8002 ns/op
WorkloadPilot    5: 52080768 op, 243564700.00 ns, 4.6767 ns/op
WorkloadPilot    6: 53456816 op, 243619183.00 ns, 4.5573 ns/op
WorkloadPilot    7: 54856944 op, 261272670.00 ns, 4.7628 ns/op
WorkloadPilot    8: 52490128 op, 243459060.00 ns, 4.6382 ns/op
WorkloadPilot    9: 53900368 op, 255442744.00 ns, 4.7392 ns/op

OverheadWarmup   1: 53900368 op, 147382218.00 ns, 2.7343 ns/op
OverheadWarmup   2: 53900368 op, 106865903.00 ns, 1.9827 ns/op
OverheadWarmup   3: 53900368 op, 82167087.00 ns, 1.5244 ns/op
OverheadWarmup   4: 53900368 op, 81950357.00 ns, 1.5204 ns/op
OverheadWarmup   5: 53900368 op, 81885404.00 ns, 1.5192 ns/op
OverheadWarmup   6: 53900368 op, 82202134.00 ns, 1.5251 ns/op
OverheadWarmup   7: 53900368 op, 82007475.00 ns, 1.5215 ns/op
OverheadWarmup   8: 53900368 op, 82987282.00 ns, 1.5396 ns/op
OverheadWarmup   9: 53900368 op, 82136479.00 ns, 1.5239 ns/op

OverheadActual   1: 53900368 op, 81314051.00 ns, 1.5086 ns/op
OverheadActual   2: 53900368 op, 81469025.00 ns, 1.5115 ns/op
OverheadActual   3: 53900368 op, 81210224.00 ns, 1.5067 ns/op
OverheadActual   4: 53900368 op, 81158397.00 ns, 1.5057 ns/op
OverheadActual   5: 53900368 op, 81289996.00 ns, 1.5082 ns/op
OverheadActual   6: 53900368 op, 81388763.00 ns, 1.5100 ns/op
OverheadActual   7: 53900368 op, 81473704.00 ns, 1.5116 ns/op
OverheadActual   8: 53900368 op, 80956384.00 ns, 1.5020 ns/op
OverheadActual   9: 53900368 op, 80945032.00 ns, 1.5018 ns/op
OverheadActual  10: 53900368 op, 81075951.00 ns, 1.5042 ns/op
OverheadActual  11: 53900368 op, 80999165.00 ns, 1.5028 ns/op
OverheadActual  12: 53900368 op, 81085028.00 ns, 1.5044 ns/op
OverheadActual  13: 53900368 op, 80973276.00 ns, 1.5023 ns/op
OverheadActual  14: 53900368 op, 81237076.00 ns, 1.5072 ns/op
OverheadActual  15: 53900368 op, 81195727.00 ns, 1.5064 ns/op

WorkloadWarmup   1: 53900368 op, 250194441.00 ns, 4.6418 ns/op
WorkloadWarmup   2: 53900368 op, 247717046.00 ns, 4.5958 ns/op
WorkloadWarmup   3: 53900368 op, 255217848.00 ns, 4.7350 ns/op
WorkloadWarmup   4: 53900368 op, 255305834.00 ns, 4.7366 ns/op
WorkloadWarmup   5: 53900368 op, 261799578.00 ns, 4.8571 ns/op
WorkloadWarmup   6: 53900368 op, 251951278.00 ns, 4.6744 ns/op
WorkloadWarmup   7: 53900368 op, 250600109.00 ns, 4.6493 ns/op
WorkloadWarmup   8: 53900368 op, 245603803.00 ns, 4.5566 ns/op
WorkloadWarmup   9: 53900368 op, 244613526.00 ns, 4.5383 ns/op
WorkloadWarmup  10: 53900368 op, 243102894.00 ns, 4.5102 ns/op
WorkloadWarmup  11: 53900368 op, 248440046.00 ns, 4.6092 ns/op
WorkloadWarmup  12: 53900368 op, 248901811.00 ns, 4.6178 ns/op
WorkloadWarmup  13: 53900368 op, 249847122.00 ns, 4.6354 ns/op
WorkloadWarmup  14: 53900368 op, 248235459.00 ns, 4.6055 ns/op

// BeforeActualRun
WorkloadActual   1: 53900368 op, 256162438.00 ns, 4.7525 ns/op
WorkloadActual   2: 53900368 op, 243934880.00 ns, 4.5257 ns/op
WorkloadActual   3: 53900368 op, 237422391.00 ns, 4.4048 ns/op
WorkloadActual   4: 53900368 op, 248570163.00 ns, 4.6117 ns/op
WorkloadActual   5: 53900368 op, 243715204.00 ns, 4.5216 ns/op
WorkloadActual   6: 53900368 op, 256593474.00 ns, 4.7605 ns/op
WorkloadActual   7: 53900368 op, 244314079.00 ns, 4.5327 ns/op
WorkloadActual   8: 53900368 op, 265421239.00 ns, 4.9243 ns/op
WorkloadActual   9: 53900368 op, 240695604.00 ns, 4.4656 ns/op
WorkloadActual  10: 53900368 op, 255788919.00 ns, 4.7456 ns/op
WorkloadActual  11: 53900368 op, 248181056.00 ns, 4.6044 ns/op
WorkloadActual  12: 53900368 op, 253860897.00 ns, 4.7098 ns/op
WorkloadActual  13: 53900368 op, 260514253.00 ns, 4.8333 ns/op
WorkloadActual  14: 53900368 op, 250262389.00 ns, 4.6431 ns/op
WorkloadActual  15: 53900368 op, 241855191.00 ns, 4.4871 ns/op
WorkloadActual  16: 53900368 op, 247688642.00 ns, 4.5953 ns/op
WorkloadActual  17: 53900368 op, 256502712.00 ns, 4.7588 ns/op
WorkloadActual  18: 53900368 op, 254852957.00 ns, 4.7282 ns/op
WorkloadActual  19: 53900368 op, 251471439.00 ns, 4.6655 ns/op
WorkloadActual  20: 53900368 op, 244328477.00 ns, 4.5330 ns/op
WorkloadActual  21: 53900368 op, 260167216.00 ns, 4.8268 ns/op
WorkloadActual  22: 53900368 op, 253748834.00 ns, 4.7077 ns/op
WorkloadActual  23: 53900368 op, 250068892.00 ns, 4.6395 ns/op
WorkloadActual  24: 53900368 op, 244198119.00 ns, 4.5305 ns/op
WorkloadActual  25: 53900368 op, 247436044.00 ns, 4.5906 ns/op
WorkloadActual  26: 53900368 op, 249158427.00 ns, 4.6226 ns/op

// AfterActualRun
WorkloadResult   1: 53900368 op, 174966711.00 ns, 3.2461 ns/op
WorkloadResult   2: 53900368 op, 162739153.00 ns, 3.0193 ns/op
WorkloadResult   3: 53900368 op, 156226664.00 ns, 2.8984 ns/op
WorkloadResult   4: 53900368 op, 167374436.00 ns, 3.1053 ns/op
WorkloadResult   5: 53900368 op, 162519477.00 ns, 3.0152 ns/op
WorkloadResult   6: 53900368 op, 175397747.00 ns, 3.2541 ns/op
WorkloadResult   7: 53900368 op, 163118352.00 ns, 3.0263 ns/op
WorkloadResult   8: 53900368 op, 184225512.00 ns, 3.4179 ns/op
WorkloadResult   9: 53900368 op, 159499877.00 ns, 2.9592 ns/op
WorkloadResult  10: 53900368 op, 174593192.00 ns, 3.2392 ns/op
WorkloadResult  11: 53900368 op, 166985329.00 ns, 3.0980 ns/op
WorkloadResult  12: 53900368 op, 172665170.00 ns, 3.2034 ns/op
WorkloadResult  13: 53900368 op, 179318526.00 ns, 3.3269 ns/op
WorkloadResult  14: 53900368 op, 169066662.00 ns, 3.1367 ns/op
WorkloadResult  15: 53900368 op, 160659464.00 ns, 2.9807 ns/op
WorkloadResult  16: 53900368 op, 166492915.00 ns, 3.0889 ns/op
WorkloadResult  17: 53900368 op, 175306985.00 ns, 3.2524 ns/op
WorkloadResult  18: 53900368 op, 173657230.00 ns, 3.2218 ns/op
WorkloadResult  19: 53900368 op, 170275712.00 ns, 3.1591 ns/op
WorkloadResult  20: 53900368 op, 163132750.00 ns, 3.0266 ns/op
WorkloadResult  21: 53900368 op, 178971489.00 ns, 3.3204 ns/op
WorkloadResult  22: 53900368 op, 172553107.00 ns, 3.2013 ns/op
WorkloadResult  23: 53900368 op, 168873165.00 ns, 3.1331 ns/op
WorkloadResult  24: 53900368 op, 163002392.00 ns, 3.0241 ns/op
WorkloadResult  25: 53900368 op, 166240317.00 ns, 3.0842 ns/op
WorkloadResult  26: 53900368 op, 167962700.00 ns, 3.1162 ns/op
// GC:  0 0 0 0 53900368
// Threading:  0 0 53900368

// AfterAll
// Benchmark Process 55410 has exited with code 0.

Mean = 3.137 ns, StdErr = 0.025 ns (0.79%), N = 26, StdDev = 0.127 ns
Min = 2.898 ns, Q1 = 3.026 ns, Median = 3.125 ns, Q3 = 3.235 ns, Max = 3.418 ns
IQR = 0.208 ns, LowerFence = 2.714 ns, UpperFence = 3.548 ns
ConfidenceInterval = [3.044 ns; 3.229 ns] (CI 99.9%), Margin = 0.093 ns (2.95% of Mean)
Skewness = 0.21, Kurtosis = 2.26, MValue = 2

// ** Remained 2 (2.6%) benchmark(s) to run. Estimated finish 2026-02-19 8:49 (0h 0m from now) **
// **************************
// Benchmark: Scenario1.S1_ReturnVoidSuccess_Rascal: .NET 10.0(Runtime=.NET 10.0, IterationTime=250ms) [Iterations=10]
// *** Execute ***
// Launch: 1 / 1
// Execute: dotnet "Enumerations.Options.Benchmarks-.NET 10.0-1.dll" --anonymousPipes 114 116 --benchmarkName "ReillyDigital.Enumerations.Options.Benchmarks.Scenarios.Scenario1.S1_ReturnVoidSuccess_Rascal(Iterations: 10)" --job ".NET 10.0" --benchmarkId 76 in /media/andrew/Slowverflow/x/devs/reilly-digital/dotnet/enumerations.options.benchmarks/bin/Debug/net10.0/Enumerations.Options.Benchmarks-.NET 10.0-1/bin/Release/net10.0
// Failed to set up high priority (Permission denied). In order to run benchmarks with high priority, make sure you have the right permissions.
// BeforeAnythingElse

// Benchmark Process Environment Information:
// BenchmarkDotNet v0.15.8
// Runtime=.NET 10.0.3 (10.0.3, 10.0.326.7603), X64 RyuJIT x86-64-v3
// GC=Concurrent Workstation
// HardwareIntrinsics=AVX2+BMI1+BMI2+F16C+FMA+LZCNT+MOVBE,AVX,SSE3+SSSE3+SSE4.1+SSE4.2+POPCNT,X86Base+SSE+SSE2,AES+PCLMUL VectorSize=256
// Job: .NET 10.0(IterationTime=250ms)

OverheadJitting  1: 1 op, 151227.00 ns, 151.2270 us/op
WorkloadJitting  1: 1 op, 2347258.00 ns, 2.3473 ms/op

OverheadJitting  2: 16 op, 204408.00 ns, 12.7755 us/op
WorkloadJitting  2: 16 op, 203506.00 ns, 12.7191 us/op

WorkloadPilot    1: 16 op, 2665.00 ns, 166.5625 ns/op
WorkloadPilot    2: 1500944 op, 190106796.00 ns, 126.6582 ns/op
WorkloadPilot    3: 1973824 op, 8342717.00 ns, 4.2267 ns/op
WorkloadPilot    4: 59148128 op, 247068066.00 ns, 4.1771 ns/op
WorkloadPilot    5: 59850048 op, 248875932.00 ns, 4.1583 ns/op
WorkloadPilot    6: 60120368 op, 251283033.00 ns, 4.1797 ns/op
WorkloadPilot    7: 59813408 op, 250716890.00 ns, 4.1917 ns/op
WorkloadPilot    8: 59642384 op, 249659096.00 ns, 4.1859 ns/op
WorkloadPilot    9: 59723824 op, 249582581.00 ns, 4.1789 ns/op
WorkloadPilot   10: 59823712 op, 251074848.00 ns, 4.1969 ns/op

OverheadWarmup   1: 59823712 op, 152916744.00 ns, 2.5561 ns/op
OverheadWarmup   2: 59823712 op, 111959775.00 ns, 1.8715 ns/op
OverheadWarmup   3: 59823712 op, 91659683.00 ns, 1.5322 ns/op
OverheadWarmup   4: 59823712 op, 92625122.00 ns, 1.5483 ns/op
OverheadWarmup   5: 59823712 op, 91749883.00 ns, 1.5337 ns/op
OverheadWarmup   6: 59823712 op, 91290824.00 ns, 1.5260 ns/op
OverheadWarmup   7: 59823712 op, 91702815.00 ns, 1.5329 ns/op
OverheadWarmup   8: 59823712 op, 91560485.00 ns, 1.5305 ns/op

OverheadActual   1: 59823712 op, 91761015.00 ns, 1.5339 ns/op
OverheadActual   2: 59823712 op, 91215792.00 ns, 1.5247 ns/op
OverheadActual   3: 59823712 op, 91529847.00 ns, 1.5300 ns/op
OverheadActual   4: 59823712 op, 91158142.00 ns, 1.5238 ns/op
OverheadActual   5: 59823712 op, 91267860.00 ns, 1.5256 ns/op
OverheadActual   6: 59823712 op, 91173452.00 ns, 1.5240 ns/op
OverheadActual   7: 59823712 op, 91369132.00 ns, 1.5273 ns/op
OverheadActual   8: 59823712 op, 91436500.00 ns, 1.5284 ns/op
OverheadActual   9: 59823712 op, 91538123.00 ns, 1.5301 ns/op
OverheadActual  10: 59823712 op, 91266348.00 ns, 1.5256 ns/op
OverheadActual  11: 59823712 op, 91269583.00 ns, 1.5256 ns/op
OverheadActual  12: 59823712 op, 91751396.00 ns, 1.5337 ns/op
OverheadActual  13: 59823712 op, 92848706.00 ns, 1.5520 ns/op
OverheadActual  14: 59823712 op, 93740185.00 ns, 1.5669 ns/op
OverheadActual  15: 59823712 op, 91665443.00 ns, 1.5323 ns/op

WorkloadWarmup   1: 59823712 op, 251680476.00 ns, 4.2070 ns/op
WorkloadWarmup   2: 59823712 op, 253522917.00 ns, 4.2378 ns/op
WorkloadWarmup   3: 59823712 op, 251559697.00 ns, 4.2050 ns/op
WorkloadWarmup   4: 59823712 op, 251790885.00 ns, 4.2089 ns/op
WorkloadWarmup   5: 59823712 op, 254003627.00 ns, 4.2459 ns/op
WorkloadWarmup   6: 59823712 op, 251227206.00 ns, 4.1995 ns/op

// BeforeActualRun
WorkloadActual   1: 59823712 op, 246635718.00 ns, 4.1227 ns/op
WorkloadActual   2: 59823712 op, 249986686.00 ns, 4.1787 ns/op
WorkloadActual   3: 59823712 op, 248427954.00 ns, 4.1527 ns/op
WorkloadActual   4: 59823712 op, 246272179.00 ns, 4.1166 ns/op
WorkloadActual   5: 59823712 op, 245654979.00 ns, 4.1063 ns/op
WorkloadActual   6: 59823712 op, 246142283.00 ns, 4.1145 ns/op
WorkloadActual   7: 59823712 op, 247345433.00 ns, 4.1346 ns/op
WorkloadActual   8: 59823712 op, 248300692.00 ns, 4.1505 ns/op
WorkloadActual   9: 59823712 op, 247982830.00 ns, 4.1452 ns/op
WorkloadActual  10: 59823712 op, 253272933.00 ns, 4.2337 ns/op
WorkloadActual  11: 59823712 op, 248806260.00 ns, 4.1590 ns/op
WorkloadActual  12: 59823712 op, 248520589.00 ns, 4.1542 ns/op
WorkloadActual  13: 59823712 op, 247491579.00 ns, 4.1370 ns/op
WorkloadActual  14: 59823712 op, 247783041.00 ns, 4.1419 ns/op
WorkloadActual  15: 59823712 op, 248785481.00 ns, 4.1586 ns/op

// AfterActualRun
WorkloadResult   1: 59823712 op, 155199218.00 ns, 2.5943 ns/op
WorkloadResult   2: 59823712 op, 158550186.00 ns, 2.6503 ns/op
WorkloadResult   3: 59823712 op, 156991454.00 ns, 2.6242 ns/op
WorkloadResult   4: 59823712 op, 154835679.00 ns, 2.5882 ns/op
WorkloadResult   5: 59823712 op, 154218479.00 ns, 2.5779 ns/op
WorkloadResult   6: 59823712 op, 154705783.00 ns, 2.5860 ns/op
WorkloadResult   7: 59823712 op, 155908933.00 ns, 2.6061 ns/op
WorkloadResult   8: 59823712 op, 156864192.00 ns, 2.6221 ns/op
WorkloadResult   9: 59823712 op, 156546330.00 ns, 2.6168 ns/op
WorkloadResult  10: 59823712 op, 157369760.00 ns, 2.6306 ns/op
WorkloadResult  11: 59823712 op, 157084089.00 ns, 2.6258 ns/op
WorkloadResult  12: 59823712 op, 156055079.00 ns, 2.6086 ns/op
WorkloadResult  13: 59823712 op, 156346541.00 ns, 2.6135 ns/op
WorkloadResult  14: 59823712 op, 157348981.00 ns, 2.6302 ns/op
// GC:  0 0 0 0 59823712
// Threading:  0 0 59823712

// AfterAll
// Benchmark Process 55488 has exited with code 0.

Mean = 2.612 ns, StdErr = 0.005 ns (0.21%), N = 14, StdDev = 0.020 ns
Min = 2.578 ns, Q1 = 2.597 ns, Median = 2.615 ns, Q3 = 2.625 ns, Max = 2.650 ns
IQR = 0.028 ns, LowerFence = 2.555 ns, UpperFence = 2.668 ns
ConfidenceInterval = [2.590 ns; 2.635 ns] (CI 99.9%), Margin = 0.023 ns (0.88% of Mean)
Skewness = -0.08, Kurtosis = 1.96, MValue = 2

// ** Remained 1 (1.3%) benchmark(s) to run. Estimated finish 2026-02-19 8:49 (0h 0m from now) **
// **************************
// Benchmark: Scenario1.S1_ReturnVoidSuccess_SimpleResults: .NET 10.0(Runtime=.NET 10.0, IterationTime=250ms) [Iterations=10]
// *** Execute ***
// Launch: 1 / 1
// Execute: dotnet "Enumerations.Options.Benchmarks-.NET 10.0-1.dll" --anonymousPipes 114 116 --benchmarkName "ReillyDigital.Enumerations.Options.Benchmarks.Scenarios.Scenario1.S1_ReturnVoidSuccess_SimpleResults(Iterations: 10)" --job ".NET 10.0" --benchmarkId 77 in /media/andrew/Slowverflow/x/devs/reilly-digital/dotnet/enumerations.options.benchmarks/bin/Debug/net10.0/Enumerations.Options.Benchmarks-.NET 10.0-1/bin/Release/net10.0
// Failed to set up high priority (Permission denied). In order to run benchmarks with high priority, make sure you have the right permissions.
// BeforeAnythingElse

// Benchmark Process Environment Information:
// BenchmarkDotNet v0.15.8
// Runtime=.NET 10.0.3 (10.0.3, 10.0.326.7603), X64 RyuJIT x86-64-v3
// GC=Concurrent Workstation
// HardwareIntrinsics=AVX2+BMI1+BMI2+F16C+FMA+LZCNT+MOVBE,AVX,SSE3+SSSE3+SSE4.1+SSE4.2+POPCNT,X86Base+SSE+SSE2,AES+PCLMUL VectorSize=256
// Job: .NET 10.0(IterationTime=250ms)

OverheadJitting  1: 1 op, 151968.00 ns, 151.9680 us/op
WorkloadJitting  1: 1 op, 8393252.00 ns, 8.3933 ms/op

OverheadJitting  2: 16 op, 241678.00 ns, 15.1049 us/op
WorkloadJitting  2: 16 op, 287986.00 ns, 17.9991 us/op

WorkloadPilot    1: 16 op, 54914.00 ns, 3.4321 us/op
WorkloadPilot    2: 72848 op, 194979217.00 ns, 2.6765 us/op
WorkloadPilot    3: 93408 op, 75639090.00 ns, 809.7710 ns/op
WorkloadPilot    4: 308736 op, 237679269.00 ns, 769.8463 ns/op
WorkloadPilot    5: 324752 op, 243592321.00 ns, 750.0872 ns/op
WorkloadPilot    6: 333296 op, 250219678.00 ns, 750.7431 ns/op
WorkloadPilot    7: 333008 op, 253858813.00 ns, 762.3205 ns/op
WorkloadPilot    8: 327952 op, 251306888.00 ns, 766.2917 ns/op

OverheadWarmup   1: 327952 op, 816027.00 ns, 2.4883 ns/op
OverheadWarmup   2: 327952 op, 837798.00 ns, 2.5546 ns/op
OverheadWarmup   3: 327952 op, 840702.00 ns, 2.5635 ns/op
OverheadWarmup   4: 327952 op, 857775.00 ns, 2.6156 ns/op
OverheadWarmup   5: 327952 op, 863346.00 ns, 2.6325 ns/op
OverheadWarmup   6: 327952 op, 860841.00 ns, 2.6249 ns/op
OverheadWarmup   7: 327952 op, 833079.00 ns, 2.5402 ns/op
OverheadWarmup   8: 327952 op, 829662.00 ns, 2.5298 ns/op
OverheadWarmup   9: 327952 op, 833669.00 ns, 2.5420 ns/op
OverheadWarmup  10: 327952 op, 818631.00 ns, 2.4962 ns/op

OverheadActual   1: 327952 op, 864758.00 ns, 2.6368 ns/op
OverheadActual   2: 327952 op, 841734.00 ns, 2.5666 ns/op
OverheadActual   3: 327952 op, 842746.00 ns, 2.5697 ns/op
OverheadActual   4: 327952 op, 850671.00 ns, 2.5939 ns/op
OverheadActual   5: 327952 op, 840392.00 ns, 2.5625 ns/op
OverheadActual   6: 327952 op, 828941.00 ns, 2.5276 ns/op
OverheadActual   7: 327952 op, 858516.00 ns, 2.6178 ns/op
OverheadActual   8: 327952 op, 838940.00 ns, 2.5581 ns/op
OverheadActual   9: 327952 op, 830814.00 ns, 2.5333 ns/op
OverheadActual  10: 327952 op, 859358.00 ns, 2.6204 ns/op
OverheadActual  11: 327952 op, 853036.00 ns, 2.6011 ns/op
OverheadActual  12: 327952 op, 836525.00 ns, 2.5508 ns/op
OverheadActual  13: 327952 op, 845482.00 ns, 2.5781 ns/op
OverheadActual  14: 327952 op, 854248.00 ns, 2.6048 ns/op
OverheadActual  15: 327952 op, 867333.00 ns, 2.6447 ns/op

WorkloadWarmup   1: 327952 op, 250282978.00 ns, 763.1695 ns/op
WorkloadWarmup   2: 327952 op, 249035224.00 ns, 759.3649 ns/op
WorkloadWarmup   3: 327952 op, 251756500.00 ns, 767.6626 ns/op
WorkloadWarmup   4: 327952 op, 248479401.00 ns, 757.6700 ns/op
WorkloadWarmup   5: 327952 op, 248207997.00 ns, 756.8425 ns/op
WorkloadWarmup   6: 327952 op, 251613278.00 ns, 767.2259 ns/op
WorkloadWarmup   7: 327952 op, 246358522.00 ns, 751.2030 ns/op

// BeforeActualRun
WorkloadActual   1: 327952 op, 249700685.00 ns, 761.3940 ns/op
WorkloadActual   2: 327952 op, 248313998.00 ns, 757.1657 ns/op
WorkloadActual   3: 327952 op, 251944656.00 ns, 768.2364 ns/op
WorkloadActual   4: 327952 op, 250133365.00 ns, 762.7133 ns/op
WorkloadActual   5: 327952 op, 249510174.00 ns, 760.8131 ns/op
WorkloadActual   6: 327952 op, 250065586.00 ns, 762.5067 ns/op
WorkloadActual   7: 327952 op, 247909992.00 ns, 755.9338 ns/op
WorkloadActual   8: 327952 op, 247354900.00 ns, 754.2412 ns/op
WorkloadActual   9: 327952 op, 251985764.00 ns, 768.3617 ns/op
WorkloadActual  10: 327952 op, 251142266.00 ns, 765.7897 ns/op
WorkloadActual  11: 327952 op, 250936907.00 ns, 765.1635 ns/op
WorkloadActual  12: 327952 op, 253095867.00 ns, 771.7467 ns/op
WorkloadActual  13: 327952 op, 254179671.00 ns, 775.0514 ns/op
WorkloadActual  14: 327952 op, 254185482.00 ns, 775.0692 ns/op
WorkloadActual  15: 327952 op, 291508926.00 ns, 888.8768 ns/op

// AfterActualRun
WorkloadResult   1: 327952 op, 248855203.00 ns, 758.8159 ns/op
WorkloadResult   2: 327952 op, 247468516.00 ns, 754.5876 ns/op
WorkloadResult   3: 327952 op, 251099174.00 ns, 765.6583 ns/op
WorkloadResult   4: 327952 op, 249287883.00 ns, 760.1353 ns/op
WorkloadResult   5: 327952 op, 248664692.00 ns, 758.2350 ns/op
WorkloadResult   6: 327952 op, 249220104.00 ns, 759.9286 ns/op
WorkloadResult   7: 327952 op, 247064510.00 ns, 753.3557 ns/op
WorkloadResult   8: 327952 op, 246509418.00 ns, 751.6631 ns/op
WorkloadResult   9: 327952 op, 251140282.00 ns, 765.7837 ns/op
WorkloadResult  10: 327952 op, 250296784.00 ns, 763.2116 ns/op
WorkloadResult  11: 327952 op, 250091425.00 ns, 762.5855 ns/op
WorkloadResult  12: 327952 op, 252250385.00 ns, 769.1686 ns/op
WorkloadResult  13: 327952 op, 253334189.00 ns, 772.4734 ns/op
WorkloadResult  14: 327952 op, 253340000.00 ns, 772.4911 ns/op
// GC:  15 0 0 131180800 327952
// Threading:  0 0 327952

// AfterAll
// Benchmark Process 55545 has exited with code 0.

Mean = 762.007 ns, StdErr = 1.769 ns (0.23%), N = 14, StdDev = 6.617 ns
Min = 751.663 ns, Q1 = 758.380 ns, Median = 761.360 ns, Q3 = 765.752 ns, Max = 772.491 ns
IQR = 7.372 ns, LowerFence = 747.322 ns, UpperFence = 776.810 ns
ConfidenceInterval = [754.542 ns; 769.471 ns] (CI 99.9%), Margin = 7.465 ns (0.98% of Mean)
Skewness = 0.12, Kurtosis = 1.77, MValue = 2

// ** Remained 0 (0.0%) benchmark(s) to run. Estimated finish 2026-02-19 8:48 (0h 0m from now) **
// ***** BenchmarkRunner: Finish  *****

// * Export *
  BenchmarkDotNet.Artifacts/results/ReillyDigital.Enumerations.Options.Benchmarks.Scenarios.Scenario1-report.csv
  BenchmarkDotNet.Artifacts/results/ReillyDigital.Enumerations.Options.Benchmarks.Scenarios.Scenario1-report-github.md
  BenchmarkDotNet.Artifacts/results/ReillyDigital.Enumerations.Options.Benchmarks.Scenarios.Scenario1-report.html

// * Detailed results *
Scenario1.S1_CheckOptionStringErrorNoMessage_ArdalisResult: .NET 10.0(Runtime=.NET 10.0, IterationTime=250ms) [Iterations=10]
Runtime = .NET 10.0.3 (10.0.3, 10.0.326.7603), X64 RyuJIT x86-64-v3; GC = Concurrent Workstation
Mean = 100.330 ns, StdErr = 0.563 ns (0.56%), N = 78, StdDev = 4.973 ns
Min = 92.699 ns, Q1 = 97.019 ns, Median = 99.239 ns, Q3 = 103.036 ns, Max = 114.727 ns
IQR = 6.017 ns, LowerFence = 87.995 ns, UpperFence = 112.061 ns
ConfidenceInterval = [98.403 ns; 102.256 ns] (CI 99.9%), Margin = 1.927 ns (1.92% of Mean)
Skewness = 1.11, Kurtosis = 4.19, MValue = 2
-------------------- Histogram --------------------
[ 91.171 ns ;  93.963 ns) | @@@@
[ 93.963 ns ;  96.656 ns) | @@@@@@@@@@@@
[ 96.656 ns ;  99.712 ns) | @@@@@@@@@@@@@@@@@@@@@@@@@@@@
[ 99.712 ns ; 103.795 ns) | @@@@@@@@@@@@@@@@@@@
[103.795 ns ; 106.988 ns) | @@@@@@@@@
[106.988 ns ; 109.522 ns) | @
[109.522 ns ; 111.762 ns) | 
[111.762 ns ; 114.817 ns) | @@@@@
---------------------------------------------------

Scenario1.S1_CheckOptionStringErrorNoMessage_EnumerationsOptions: .NET 10.0(Runtime=.NET 10.0, IterationTime=250ms) [Iterations=10]
Runtime = .NET 10.0.3 (10.0.3, 10.0.326.7603), X64 RyuJIT x86-64-v3; GC = Concurrent Workstation
Mean = 139.822 ns, StdErr = 0.821 ns (0.59%), N = 74, StdDev = 7.062 ns
Min = 127.982 ns, Q1 = 133.774 ns, Median = 141.334 ns, Q3 = 145.050 ns, Max = 158.759 ns
IQR = 11.276 ns, LowerFence = 116.860 ns, UpperFence = 161.964 ns
ConfidenceInterval = [137.008 ns; 142.637 ns] (CI 99.9%), Margin = 2.815 ns (2.01% of Mean)
Skewness = 0.02, Kurtosis = 2.24, MValue = 2.32
-------------------- Histogram --------------------
[125.775 ns ; 130.656 ns) | @@@@@@@@@
[130.656 ns ; 136.819 ns) | @@@@@@@@@@@@@@@@
[136.819 ns ; 141.380 ns) | @@@@@@@@@@@@
[141.380 ns ; 145.795 ns) | @@@@@@@@@@@@@@@@@@@@@@@@@
[145.795 ns ; 149.920 ns) | @@@@@@@@@
[149.920 ns ; 154.602 ns) | @@
[154.602 ns ; 160.966 ns) | @
---------------------------------------------------

Scenario1.S1_CheckOptionStringErrorNoMessage_FluentResults: .NET 10.0(Runtime=.NET 10.0, IterationTime=250ms) [Iterations=10]
Runtime = .NET 10.0.3 (10.0.3, 10.0.326.7603), X64 RyuJIT x86-64-v3; GC = Concurrent Workstation
Mean = 828.622 ns, StdErr = 6.629 ns (0.80%), N = 95, StdDev = 64.612 ns
Min = 719.393 ns, Q1 = 784.410 ns, Median = 815.894 ns, Q3 = 860.356 ns, Max = 1,004.582 ns
IQR = 75.946 ns, LowerFence = 670.491 ns, UpperFence = 974.275 ns
ConfidenceInterval = [806.102 ns; 851.141 ns] (CI 99.9%), Margin = 22.519 ns (2.72% of Mean)
Skewness = 0.6, Kurtosis = 2.74, MValue = 2.6
-------------------- Histogram --------------------
[700.808 ns ;   734.003 ns) | @@@@@
[734.003 ns ;   772.084 ns) | @@@@@@@@@@@
[772.084 ns ;   809.254 ns) | @@@@@@@@@@@@@@@@@@@@@@@@@@@@@@@
[809.254 ns ;   826.635 ns) | @@@
[826.635 ns ;   863.805 ns) | @@@@@@@@@@@@@@@@@@@@@@
[863.805 ns ;   915.354 ns) | @@@@@@@@@@@@@
[915.354 ns ;   970.178 ns) | @@@@@@@@@
[970.178 ns ; 1,023.167 ns) | @
---------------------------------------------------

Scenario1.S1_CheckOptionStringErrorNoMessage_LightResults: .NET 10.0(Runtime=.NET 10.0, IterationTime=250ms) [Iterations=10]
Runtime = .NET 10.0.3 (10.0.3, 10.0.326.7603), X64 RyuJIT x86-64-v3; GC = Concurrent Workstation
Mean = 3.280 ns, StdErr = 0.020 ns (0.60%), N = 19, StdDev = 0.086 ns
Min = 3.182 ns, Q1 = 3.223 ns, Median = 3.250 ns, Q3 = 3.298 ns, Max = 3.520 ns
IQR = 0.074 ns, LowerFence = 3.112 ns, UpperFence = 3.409 ns
ConfidenceInterval = [3.203 ns; 3.357 ns] (CI 99.9%), Margin = 0.077 ns (2.35% of Mean)
Skewness = 1.43, Kurtosis = 4.36, MValue = 2
-------------------- Histogram --------------------
[3.140 ns ; 3.285 ns) | @@@@@@@@@@@@@@
[3.285 ns ; 3.370 ns) | @@@
[3.370 ns ; 3.445 ns) | 
[3.445 ns ; 3.530 ns) | @@
---------------------------------------------------

Scenario1.S1_CheckOptionStringErrorNoMessage_Rascal: .NET 10.0(Runtime=.NET 10.0, IterationTime=250ms) [Iterations=10]
Runtime = .NET 10.0.3 (10.0.3, 10.0.326.7603), X64 RyuJIT x86-64-v3; GC = Concurrent Workstation
Mean = 48.857 ns, StdErr = 0.316 ns (0.65%), N = 93, StdDev = 3.045 ns
Min = 41.149 ns, Q1 = 47.872 ns, Median = 48.925 ns, Q3 = 50.608 ns, Max = 55.281 ns
IQR = 2.736 ns, LowerFence = 43.768 ns, UpperFence = 54.711 ns
ConfidenceInterval = [47.783 ns; 49.930 ns] (CI 99.9%), Margin = 1.073 ns (2.20% of Mean)
Skewness = -0.64, Kurtosis = 3.62, MValue = 2
-------------------- Histogram --------------------
[41.017 ns ; 42.782 ns) | @@@@@@@
[42.782 ns ; 44.799 ns) | @@@
[44.799 ns ; 47.205 ns) | @@@@@@@@@
[47.205 ns ; 49.383 ns) | @@@@@@@@@@@@@@@@@@@@@@@@@@@@@@@@@@@@
[49.383 ns ; 51.187 ns) | @@@@@@@@@@@@@@@@@@@@@@@
[51.187 ns ; 53.161 ns) | @@@@@@@@@
[53.161 ns ; 55.463 ns) | @@@@@@
---------------------------------------------------

Scenario1.S1_CheckOptionStringErrorNoMessage_SimpleResults: .NET 10.0(Runtime=.NET 10.0, IterationTime=250ms) [Iterations=10]
Runtime = .NET 10.0.3 (10.0.3, 10.0.326.7603), X64 RyuJIT x86-64-v3; GC = Concurrent Workstation
Mean = 1.341 μs, StdErr = 0.007 μs (0.55%), N = 30, StdDev = 0.040 μs
Min = 1.289 μs, Q1 = 1.309 μs, Median = 1.332 μs, Q3 = 1.370 μs, Max = 1.420 μs
IQR = 0.061 μs, LowerFence = 1.218 μs, UpperFence = 1.460 μs
ConfidenceInterval = [1.314 μs; 1.368 μs] (CI 99.9%), Margin = 0.027 μs (2.00% of Mean)
Skewness = 0.62, Kurtosis = 2.04, MValue = 2.29
-------------------- Histogram --------------------
[1.272 μs ; 1.328 μs) | @@@@@@@@@@@@@@
[1.328 μs ; 1.359 μs) | @@@@@@@@
[1.359 μs ; 1.394 μs) | @@@
[1.394 μs ; 1.428 μs) | @@@@@
---------------------------------------------------

Scenario1.S1_CheckOptionStringErrorWithMessage_ArdalisResult: .NET 10.0(Runtime=.NET 10.0, IterationTime=250ms) [Iterations=10]
Runtime = .NET 10.0.3 (10.0.3, 10.0.326.7603), X64 RyuJIT x86-64-v3; GC = Concurrent Workstation
Mean = 222.132 ns, StdErr = 1.574 ns (0.71%), N = 96, StdDev = 15.426 ns
Min = 204.876 ns, Q1 = 209.285 ns, Median = 217.276 ns, Q3 = 230.552 ns, Max = 266.596 ns
IQR = 21.268 ns, LowerFence = 177.383 ns, UpperFence = 262.454 ns
ConfidenceInterval = [216.785 ns; 227.478 ns] (CI 99.9%), Margin = 5.346 ns (2.41% of Mean)
Skewness = 0.99, Kurtosis = 3.17, MValue = 2.29
-------------------- Histogram --------------------
[200.454 ns ; 206.250 ns) | @@@@@@@
[206.250 ns ; 215.094 ns) | @@@@@@@@@@@@@@@@@@@@@@@@@@@@@@@@@@@@@@@
[215.094 ns ; 225.777 ns) | @@@@@@@@@@@@@@@@@@
[225.777 ns ; 232.717 ns) | @@@@@@@@
[232.717 ns ; 241.560 ns) | @@@@@@@@@@@@
[241.560 ns ; 251.783 ns) | @@@@@@
[251.783 ns ; 260.627 ns) | @@@@
[260.627 ns ; 271.018 ns) | @@
---------------------------------------------------

Scenario1.S1_CheckOptionStringErrorWithMessage_EnumerationsOptions: .NET 10.0(Runtime=.NET 10.0, IterationTime=250ms) [Iterations=10]
Runtime = .NET 10.0.3 (10.0.3, 10.0.326.7603), X64 RyuJIT x86-64-v3; GC = Concurrent Workstation
Mean = 191.561 ns, StdErr = 1.208 ns (0.63%), N = 94, StdDev = 11.712 ns
Min = 174.734 ns, Q1 = 182.813 ns, Median = 188.904 ns, Q3 = 196.886 ns, Max = 221.789 ns
IQR = 14.073 ns, LowerFence = 161.704 ns, UpperFence = 217.996 ns
ConfidenceInterval = [187.456 ns; 195.666 ns] (CI 99.9%), Margin = 4.105 ns (2.14% of Mean)
Skewness = 0.8, Kurtosis = 2.94, MValue = 2.64
-------------------- Histogram --------------------
[174.352 ns ; 180.915 ns) | @@@@@@@@@@@@@@@@
[180.915 ns ; 187.677 ns) | @@@@@@@@@@@@@@@@@@@@@@@@@@@
[187.677 ns ; 197.581 ns) | @@@@@@@@@@@@@@@@@@@@@@@@@@@@@
[197.581 ns ; 206.279 ns) | @@@@@@@@@@@@
[206.279 ns ; 213.726 ns) | @@@
[213.726 ns ; 222.406 ns) | @@@@@@@
---------------------------------------------------

Scenario1.S1_CheckOptionStringErrorWithMessage_FluentResults: .NET 10.0(Runtime=.NET 10.0, IterationTime=250ms) [Iterations=10]
Runtime = .NET 10.0.3 (10.0.3, 10.0.326.7603), X64 RyuJIT x86-64-v3; GC = Concurrent Workstation
Mean = 1.529 μs, StdErr = 0.009 μs (0.58%), N = 73, StdDev = 0.076 μs
Min = 1.433 μs, Q1 = 1.470 μs, Median = 1.498 μs, Q3 = 1.569 μs, Max = 1.733 μs
IQR = 0.099 μs, LowerFence = 1.322 μs, UpperFence = 1.716 μs
ConfidenceInterval = [1.499 μs; 1.560 μs] (CI 99.9%), Margin = 0.030 μs (1.99% of Mean)
Skewness = 1.14, Kurtosis = 3.35, MValue = 2.23
-------------------- Histogram --------------------
[1.409 μs ; 1.455 μs) | @@@
[1.455 μs ; 1.502 μs) | @@@@@@@@@@@@@@@@@@@@@@@@@@@@@@@@@@@@
[1.502 μs ; 1.569 μs) | @@@@@@@@@@@@@@@@
[1.569 μs ; 1.615 μs) | @@@@@@@@
[1.615 μs ; 1.663 μs) | @@@@
[1.663 μs ; 1.738 μs) | @@@@@@
---------------------------------------------------

Scenario1.S1_CheckOptionStringErrorWithMessage_LightResults: .NET 10.0(Runtime=.NET 10.0, IterationTime=250ms) [Iterations=10]
Runtime = .NET 10.0.3 (10.0.3, 10.0.326.7603), X64 RyuJIT x86-64-v3; GC = Concurrent Workstation
Mean = 113.183 ns, StdErr = 0.648 ns (0.57%), N = 42, StdDev = 4.199 ns
Min = 107.585 ns, Q1 = 110.365 ns, Median = 111.795 ns, Q3 = 115.975 ns, Max = 125.340 ns
IQR = 5.610 ns, LowerFence = 101.950 ns, UpperFence = 124.390 ns
ConfidenceInterval = [110.887 ns; 115.480 ns] (CI 99.9%), Margin = 2.297 ns (2.03% of Mean)
Skewness = 0.96, Kurtosis = 3.25, MValue = 2
-------------------- Histogram --------------------
[105.999 ns ; 109.055 ns) | @@@@@@
[109.055 ns ; 112.226 ns) | @@@@@@@@@@@@@@@@@@@
[112.226 ns ; 116.586 ns) | @@@@@@@@@
[116.586 ns ; 119.819 ns) | @@@@@
[119.819 ns ; 122.505 ns) | @
[122.505 ns ; 125.677 ns) | @@
---------------------------------------------------

Scenario1.S1_CheckOptionStringErrorWithMessage_Rascal: .NET 10.0(Runtime=.NET 10.0, IterationTime=250ms) [Iterations=10]
Runtime = .NET 10.0.3 (10.0.3, 10.0.326.7603), X64 RyuJIT x86-64-v3; GC = Concurrent Workstation
Mean = 40.187 ns, StdErr = 0.110 ns (0.27%), N = 13, StdDev = 0.397 ns
Min = 39.672 ns, Q1 = 39.930 ns, Median = 40.184 ns, Q3 = 40.322 ns, Max = 40.953 ns
IQR = 0.392 ns, LowerFence = 39.343 ns, UpperFence = 40.910 ns
ConfidenceInterval = [39.711 ns; 40.663 ns] (CI 99.9%), Margin = 0.476 ns (1.18% of Mean)
Skewness = 0.63, Kurtosis = 2.32, MValue = 2
-------------------- Histogram --------------------
[39.451 ns ; 41.175 ns) | @@@@@@@@@@@@@
---------------------------------------------------

Scenario1.S1_CheckOptionStringErrorWithMessage_SimpleResults: .NET 10.0(Runtime=.NET 10.0, IterationTime=250ms) [Iterations=10]
Runtime = .NET 10.0.3 (10.0.3, 10.0.326.7603), X64 RyuJIT x86-64-v3; GC = Concurrent Workstation
Mean = 914.494 ns, StdErr = 2.097 ns (0.23%), N = 13, StdDev = 7.561 ns
Min = 904.765 ns, Q1 = 906.830 ns, Median = 915.144 ns, Q3 = 918.218 ns, Max = 928.977 ns
IQR = 11.388 ns, LowerFence = 889.748 ns, UpperFence = 935.299 ns
ConfidenceInterval = [905.439 ns; 923.549 ns] (CI 99.9%), Margin = 9.055 ns (0.99% of Mean)
Skewness = 0.3, Kurtosis = 1.92, MValue = 2
-------------------- Histogram --------------------
[900.544 ns ; 933.197 ns) | @@@@@@@@@@@@@
---------------------------------------------------

Scenario1.S1_CheckOptionStringSuccess_ArdalisResult: .NET 10.0(Runtime=.NET 10.0, IterationTime=250ms) [Iterations=10]
Runtime = .NET 10.0.3 (10.0.3, 10.0.326.7603), X64 RyuJIT x86-64-v3; GC = Concurrent Workstation
Mean = 83.477 ns, StdErr = 0.490 ns (0.59%), N = 50, StdDev = 3.463 ns
Min = 79.636 ns, Q1 = 81.057 ns, Median = 82.005 ns, Q3 = 85.748 ns, Max = 92.210 ns
IQR = 4.691 ns, LowerFence = 74.020 ns, UpperFence = 92.784 ns
ConfidenceInterval = [81.763 ns; 85.192 ns] (CI 99.9%), Margin = 1.715 ns (2.05% of Mean)
Skewness = 1.05, Kurtosis = 2.77, MValue = 2.21
-------------------- Histogram --------------------
[78.402 ns ; 80.190 ns) | @@@
[80.190 ns ; 82.658 ns) | @@@@@@@@@@@@@@@@@@@@@@@@@@@@
[82.658 ns ; 85.125 ns) | @@@@@@
[85.125 ns ; 88.044 ns) | @@@@
[88.044 ns ; 90.512 ns) | @@@@@@@
[90.512 ns ; 93.444 ns) | @@
---------------------------------------------------

Scenario1.S1_CheckOptionStringSuccess_EnumerationsOptions: .NET 10.0(Runtime=.NET 10.0, IterationTime=250ms) [Iterations=10]
Runtime = .NET 10.0.3 (10.0.3, 10.0.326.7603), X64 RyuJIT x86-64-v3; GC = Concurrent Workstation
Mean = 51.570 ns, StdErr = 0.309 ns (0.60%), N = 65, StdDev = 2.492 ns
Min = 44.857 ns, Q1 = 50.122 ns, Median = 52.216 ns, Q3 = 53.279 ns, Max = 55.786 ns
IQR = 3.157 ns, LowerFence = 45.386 ns, UpperFence = 58.015 ns
ConfidenceInterval = [50.504 ns; 52.635 ns] (CI 99.9%), Margin = 1.066 ns (2.07% of Mean)
Skewness = -0.99, Kurtosis = 3.48, MValue = 2
-------------------- Histogram --------------------
[44.576 ns ; 46.203 ns) | @@@@
[46.203 ns ; 47.374 ns) | @
[47.374 ns ; 48.841 ns) | @@@@
[48.841 ns ; 50.657 ns) | @@@@@@@@@@
[50.657 ns ; 52.169 ns) | @@@@@@@@@@@@
[52.169 ns ; 53.796 ns) | @@@@@@@@@@@@@@@@@@@@@@@@@@
[53.796 ns ; 55.014 ns) | @@@@@@
[55.014 ns ; 56.599 ns) | @@
---------------------------------------------------

Scenario1.S1_CheckOptionStringSuccess_FluentResults: .NET 10.0(Runtime=.NET 10.0, IterationTime=250ms) [Iterations=10]
Runtime = .NET 10.0.3 (10.0.3, 10.0.326.7603), X64 RyuJIT x86-64-v3; GC = Concurrent Workstation
Mean = 330.703 ns, StdErr = 1.906 ns (0.58%), N = 54, StdDev = 14.005 ns
Min = 314.598 ns, Q1 = 318.524 ns, Median = 328.365 ns, Q3 = 342.577 ns, Max = 363.245 ns
IQR = 24.053 ns, LowerFence = 282.445 ns, UpperFence = 378.656 ns
ConfidenceInterval = [324.063 ns; 337.343 ns] (CI 99.9%), Margin = 6.640 ns (2.01% of Mean)
Skewness = 0.69, Kurtosis = 2.18, MValue = 2.52
-------------------- Histogram --------------------
[313.140 ns ; 322.866 ns) | @@@@@@@@@@@@@@@@@@@@@@@
[322.866 ns ; 335.289 ns) | @@@@@@@@@@@@@@
[335.289 ns ; 342.412 ns) | @@@
[342.412 ns ; 352.139 ns) | @@@@@@@@@
[352.139 ns ; 363.702 ns) | @@@@@
---------------------------------------------------

Scenario1.S1_CheckOptionStringSuccess_LightResults: .NET 10.0(Runtime=.NET 10.0, IterationTime=250ms) [Iterations=10]
Runtime = .NET 10.0.3 (10.0.3, 10.0.326.7603), X64 RyuJIT x86-64-v3; GC = Concurrent Workstation
Mean = 3.002 ns, StdErr = 0.019 ns (0.65%), N = 15, StdDev = 0.075 ns
Min = 2.845 ns, Q1 = 2.959 ns, Median = 3.020 ns, Q3 = 3.062 ns, Max = 3.091 ns
IQR = 0.103 ns, LowerFence = 2.805 ns, UpperFence = 3.216 ns
ConfidenceInterval = [2.922 ns; 3.082 ns] (CI 99.9%), Margin = 0.080 ns (2.67% of Mean)
Skewness = -0.6, Kurtosis = 2.14, MValue = 2
-------------------- Histogram --------------------
[2.824 ns ; 2.923 ns) | @@
[2.923 ns ; 3.015 ns) | @@@@@
[3.015 ns ; 3.095 ns) | @@@@@@@@
---------------------------------------------------

Scenario1.S1_CheckOptionStringSuccess_Rascal: .NET 10.0(Runtime=.NET 10.0, IterationTime=250ms) [Iterations=10]
Runtime = .NET 10.0.3 (10.0.3, 10.0.326.7603), X64 RyuJIT x86-64-v3; GC = Concurrent Workstation
Mean = 2.803 ns, StdErr = 0.018 ns (0.64%), N = 13, StdDev = 0.065 ns
Min = 2.731 ns, Q1 = 2.749 ns, Median = 2.802 ns, Q3 = 2.829 ns, Max = 2.922 ns
IQR = 0.080 ns, LowerFence = 2.629 ns, UpperFence = 2.949 ns
ConfidenceInterval = [2.725 ns; 2.880 ns] (CI 99.9%), Margin = 0.077 ns (2.76% of Mean)
Skewness = 0.55, Kurtosis = 1.87, MValue = 2
-------------------- Histogram --------------------
[2.730 ns ; 2.802 ns) | @@@@@@@
[2.802 ns ; 2.873 ns) | @@@@
[2.873 ns ; 2.958 ns) | @@
---------------------------------------------------

Scenario1.S1_CheckOptionStringSuccess_SimpleResults: .NET 10.0(Runtime=.NET 10.0, IterationTime=250ms) [Iterations=10]
Runtime = .NET 10.0.3 (10.0.3, 10.0.326.7603), X64 RyuJIT x86-64-v3; GC = Concurrent Workstation
Mean = 867.182 ns, StdErr = 4.560 ns (0.53%), N = 72, StdDev = 38.693 ns
Min = 799.486 ns, Q1 = 840.154 ns, Median = 864.051 ns, Q3 = 886.805 ns, Max = 962.535 ns
IQR = 46.651 ns, LowerFence = 770.176 ns, UpperFence = 956.782 ns
ConfidenceInterval = [851.527 ns; 882.836 ns] (CI 99.9%), Margin = 15.654 ns (1.81% of Mean)
Skewness = 0.42, Kurtosis = 2.47, MValue = 2.62
-------------------- Histogram --------------------
[799.318 ns ; 827.039 ns) | @@@@@@@@@
[827.039 ns ; 854.097 ns) | @@@@@@@@@@@@@@@@@
[854.097 ns ; 878.512 ns) | @@@@@@@@@@@@@@@@@@@@@@@@@@@
[878.512 ns ; 903.618 ns) | @@@@
[903.618 ns ; 935.166 ns) | @@@@@@@@@@@
[935.166 ns ; 964.231 ns) | @@@@
---------------------------------------------------

Scenario1.S1_CheckVoidErrorNoMessage_ArdalisResult: .NET 10.0(Runtime=.NET 10.0, IterationTime=250ms) [Iterations=10]
Runtime = .NET 10.0.3 (10.0.3, 10.0.326.7603), X64 RyuJIT x86-64-v3; GC = Concurrent Workstation
Mean = 102.583 ns, StdErr = 0.504 ns (0.49%), N = 15, StdDev = 1.950 ns
Min = 97.534 ns, Q1 = 101.872 ns, Median = 102.670 ns, Q3 = 103.825 ns, Max = 105.466 ns
IQR = 1.952 ns, LowerFence = 98.944 ns, UpperFence = 106.753 ns
ConfidenceInterval = [100.498 ns; 104.668 ns] (CI 99.9%), Margin = 2.085 ns (2.03% of Mean)
Skewness = -0.84, Kurtosis = 3.6, MValue = 2
-------------------- Histogram --------------------
[ 96.496 ns ;  98.572 ns) | @
[ 98.572 ns ; 101.687 ns) | @@
[101.687 ns ; 105.797 ns) | @@@@@@@@@@@@
---------------------------------------------------

Scenario1.S1_CheckVoidErrorNoMessage_EnumerationsOptions: .NET 10.0(Runtime=.NET 10.0, IterationTime=250ms) [Iterations=10]
Runtime = .NET 10.0.3 (10.0.3, 10.0.326.7603), X64 RyuJIT x86-64-v3; GC = Concurrent Workstation
Mean = 138.253 ns, StdErr = 0.824 ns (0.60%), N = 84, StdDev = 7.550 ns
Min = 127.128 ns, Q1 = 132.438 ns, Median = 137.774 ns, Q3 = 141.703 ns, Max = 158.440 ns
IQR = 9.266 ns, LowerFence = 118.539 ns, UpperFence = 155.602 ns
ConfidenceInterval = [135.443 ns; 141.064 ns] (CI 99.9%), Margin = 2.810 ns (2.03% of Mean)
Skewness = 0.73, Kurtosis = 2.97, MValue = 2.52
-------------------- Histogram --------------------
[124.865 ns ; 128.708 ns) | @@@@@
[128.708 ns ; 133.233 ns) | @@@@@@@@@@@@@@@@@@@@@@
[133.233 ns ; 136.865 ns) | @@@@@@@@@@@
[136.865 ns ; 141.391 ns) | @@@@@@@@@@@@@@@@@@@@@@@@
[141.391 ns ; 146.092 ns) | @@@@@@@@@@
[146.092 ns ; 152.017 ns) | @@@@@@@
[152.017 ns ; 158.862 ns) | @@@@@
---------------------------------------------------

Scenario1.S1_CheckVoidErrorNoMessage_FluentResults: .NET 10.0(Runtime=.NET 10.0, IterationTime=250ms) [Iterations=10]
Runtime = .NET 10.0.3 (10.0.3, 10.0.326.7603), X64 RyuJIT x86-64-v3; GC = Concurrent Workstation
Mean = 725.704 ns, StdErr = 5.032 ns (0.69%), N = 96, StdDev = 49.308 ns
Min = 673.367 ns, Q1 = 694.424 ns, Median = 703.902 ns, Q3 = 743.675 ns, Max = 846.648 ns
IQR = 49.252 ns, LowerFence = 620.546 ns, UpperFence = 817.553 ns
ConfidenceInterval = [708.614 ns; 742.793 ns] (CI 99.9%), Margin = 17.090 ns (2.35% of Mean)
Skewness = 1.36, Kurtosis = 3.46, MValue = 2.3
-------------------- Histogram --------------------
[659.233 ns ; 680.584 ns) | @@
[680.584 ns ; 716.069 ns) | @@@@@@@@@@@@@@@@@@@@@@@@@@@@@@@@@@@@@@@@@@@@@@@@@@@@@@@@@@@@@@@@
[716.069 ns ; 748.008 ns) | @@@@@@
[748.008 ns ; 776.276 ns) | @@@@@@@@@@
[776.276 ns ; 796.900 ns) | 
[796.900 ns ; 823.813 ns) | @@@@@
[823.813 ns ; 852.081 ns) | @@@@@@@@@
---------------------------------------------------

Scenario1.S1_CheckVoidErrorNoMessage_LightResults: .NET 10.0(Runtime=.NET 10.0, IterationTime=250ms) [Iterations=10]
Runtime = .NET 10.0.3 (10.0.3, 10.0.326.7603), X64 RyuJIT x86-64-v3; GC = Concurrent Workstation
Mean = 3.324 ns, StdErr = 0.007 ns (0.21%), N = 13, StdDev = 0.025 ns
Min = 3.292 ns, Q1 = 3.311 ns, Median = 3.316 ns, Q3 = 3.335 ns, Max = 3.389 ns
IQR = 0.025 ns, LowerFence = 3.274 ns, UpperFence = 3.372 ns
ConfidenceInterval = [3.294 ns; 3.354 ns] (CI 99.9%), Margin = 0.030 ns (0.90% of Mean)
Skewness = 1.25, Kurtosis = 4.05, MValue = 2
-------------------- Histogram --------------------
[3.279 ns ; 3.403 ns) | @@@@@@@@@@@@@
---------------------------------------------------

Scenario1.S1_CheckVoidErrorNoMessage_Rascal: .NET 10.0(Runtime=.NET 10.0, IterationTime=250ms) [Iterations=10]
Runtime = .NET 10.0.3 (10.0.3, 10.0.326.7603), X64 RyuJIT x86-64-v3; GC = Concurrent Workstation
Mean = 43.955 ns, StdErr = 0.452 ns (1.03%), N = 99, StdDev = 4.494 ns
Min = 39.845 ns, Q1 = 40.570 ns, Median = 41.498 ns, Q3 = 46.964 ns, Max = 54.025 ns
IQR = 6.395 ns, LowerFence = 30.978 ns, UpperFence = 56.556 ns
ConfidenceInterval = [42.423 ns; 45.488 ns] (CI 99.9%), Margin = 1.532 ns (3.49% of Mean)
Skewness = 0.97, Kurtosis = 2.35, MValue = 2.86
-------------------- Histogram --------------------
[39.839 ns ; 42.389 ns) | @@@@@@@@@@@@@@@@@@@@@@@@@@@@@@@@@@@@@@@@@@@@@@@@@@@@@@@@
[42.389 ns ; 45.183 ns) | @@@@@@@@@@@@@@@
[45.183 ns ; 46.651 ns) | @
[46.651 ns ; 49.201 ns) | @@@@@@@@
[49.201 ns ; 50.475 ns) | 
[50.475 ns ; 53.026 ns) | @@@@@@@@@@@@@@@@@
[53.026 ns ; 55.300 ns) | @@
---------------------------------------------------

Scenario1.S1_CheckVoidErrorNoMessage_SimpleResults: .NET 10.0(Runtime=.NET 10.0, IterationTime=250ms) [Iterations=10]
Runtime = .NET 10.0.3 (10.0.3, 10.0.326.7603), X64 RyuJIT x86-64-v3; GC = Concurrent Workstation
Mean = 747.557 ns, StdErr = 1.083 ns (0.14%), N = 15, StdDev = 4.194 ns
Min = 741.773 ns, Q1 = 744.412 ns, Median = 746.691 ns, Q3 = 749.698 ns, Max = 756.443 ns
IQR = 5.286 ns, LowerFence = 736.482 ns, UpperFence = 757.627 ns
ConfidenceInterval = [743.074 ns; 752.040 ns] (CI 99.9%), Margin = 4.483 ns (0.60% of Mean)
Skewness = 0.64, Kurtosis = 2.21, MValue = 2
-------------------- Histogram --------------------
[739.541 ns ; 758.675 ns) | @@@@@@@@@@@@@@@
---------------------------------------------------

Scenario1.S1_CheckVoidErrorWithMessage_ArdalisResult: .NET 10.0(Runtime=.NET 10.0, IterationTime=250ms) [Iterations=10]
Runtime = .NET 10.0.3 (10.0.3, 10.0.326.7603), X64 RyuJIT x86-64-v3; GC = Concurrent Workstation
Mean = 214.348 ns, StdErr = 0.577 ns (0.27%), N = 15, StdDev = 2.235 ns
Min = 208.479 ns, Q1 = 213.776 ns, Median = 214.768 ns, Q3 = 215.611 ns, Max = 217.253 ns
IQR = 1.835 ns, LowerFence = 211.023 ns, UpperFence = 218.363 ns
ConfidenceInterval = [211.958 ns; 216.737 ns] (CI 99.9%), Margin = 2.390 ns (1.11% of Mean)
Skewness = -1.24, Kurtosis = 3.92, MValue = 2
-------------------- Histogram --------------------
[207.290 ns ; 211.683 ns) | @@
[211.683 ns ; 217.340 ns) | @@@@@@@@@@@@@
---------------------------------------------------

Scenario1.S1_CheckVoidErrorWithMessage_EnumerationsOptions: .NET 10.0(Runtime=.NET 10.0, IterationTime=250ms) [Iterations=10]
Runtime = .NET 10.0.3 (10.0.3, 10.0.326.7603), X64 RyuJIT x86-64-v3; GC = Concurrent Workstation
Mean = 188.292 ns, StdErr = 1.140 ns (0.61%), N = 96, StdDev = 11.169 ns
Min = 170.078 ns, Q1 = 179.154 ns, Median = 187.549 ns, Q3 = 195.216 ns, Max = 219.898 ns
IQR = 16.062 ns, LowerFence = 155.061 ns, UpperFence = 219.309 ns
ConfidenceInterval = [184.421 ns; 192.163 ns] (CI 99.9%), Margin = 3.871 ns (2.06% of Mean)
Skewness = 0.63, Kurtosis = 2.81, MValue = 2.67
-------------------- Histogram --------------------
[166.877 ns ; 171.905 ns) | @@
[171.905 ns ; 177.437 ns) | @@@@@@@@@@@@
[177.437 ns ; 183.840 ns) | @@@@@@@@@@@@@@@@@@@@@@@@@@@@@@
[183.840 ns ; 189.386 ns) | @@@@@@@@
[189.386 ns ; 195.789 ns) | @@@@@@@@@@@@@@@@@@@@@@
[195.789 ns ; 202.115 ns) | @@@@@@@@@
[202.115 ns ; 209.455 ns) | @@@@@@@@@@
[209.455 ns ; 216.487 ns) | @
[216.487 ns ; 223.100 ns) | @@
---------------------------------------------------

Scenario1.S1_CheckVoidErrorWithMessage_FluentResults: .NET 10.0(Runtime=.NET 10.0, IterationTime=250ms) [Iterations=10]
Runtime = .NET 10.0.3 (10.0.3, 10.0.326.7603), X64 RyuJIT x86-64-v3; GC = Concurrent Workstation
Mean = 1.521 μs, StdErr = 0.007 μs (0.48%), N = 16, StdDev = 0.029 μs
Min = 1.482 μs, Q1 = 1.505 μs, Median = 1.513 μs, Q3 = 1.543 μs, Max = 1.580 μs
IQR = 0.038 μs, LowerFence = 1.448 μs, UpperFence = 1.599 μs
ConfidenceInterval = [1.491 μs; 1.551 μs] (CI 99.9%), Margin = 0.030 μs (1.97% of Mean)
Skewness = 0.44, Kurtosis = 1.98, MValue = 2
-------------------- Histogram --------------------
[1.466 μs ; 1.519 μs) | @@@@@@@@@@
[1.519 μs ; 1.596 μs) | @@@@@@
---------------------------------------------------

Scenario1.S1_CheckVoidErrorWithMessage_LightResults: .NET 10.0(Runtime=.NET 10.0, IterationTime=250ms) [Iterations=10]
Runtime = .NET 10.0.3 (10.0.3, 10.0.326.7603), X64 RyuJIT x86-64-v3; GC = Concurrent Workstation
Mean = 111.853 ns, StdErr = 0.592 ns (0.53%), N = 34, StdDev = 3.449 ns
Min = 106.596 ns, Q1 = 109.121 ns, Median = 110.884 ns, Q3 = 113.774 ns, Max = 120.348 ns
IQR = 4.652 ns, LowerFence = 102.142 ns, UpperFence = 120.752 ns
ConfidenceInterval = [109.717 ns; 113.989 ns] (CI 99.9%), Margin = 2.136 ns (1.91% of Mean)
Skewness = 0.6, Kurtosis = 2.42, MValue = 2
-------------------- Histogram --------------------
[105.199 ns ; 107.848 ns) | @@
[107.848 ns ; 111.813 ns) | @@@@@@@@@@@@@@@@
[111.813 ns ; 114.608 ns) | @@@@@@@@@
[114.608 ns ; 117.825 ns) | @@@@@
[117.825 ns ; 120.821 ns) | @@
---------------------------------------------------

Scenario1.S1_CheckVoidErrorWithMessage_Rascal: .NET 10.0(Runtime=.NET 10.0, IterationTime=250ms) [Iterations=10]
Runtime = .NET 10.0.3 (10.0.3, 10.0.326.7603), X64 RyuJIT x86-64-v3; GC = Concurrent Workstation
Mean = 54.250 ns, StdErr = 0.395 ns (0.73%), N = 97, StdDev = 3.895 ns
Min = 46.378 ns, Q1 = 51.769 ns, Median = 54.101 ns, Q3 = 56.571 ns, Max = 64.577 ns
IQR = 4.803 ns, LowerFence = 44.565 ns, UpperFence = 63.776 ns
ConfidenceInterval = [52.908 ns; 55.593 ns] (CI 99.9%), Margin = 1.342 ns (2.47% of Mean)
Skewness = 0.2, Kurtosis = 2.56, MValue = 3.38
-------------------- Histogram --------------------
[45.266 ns ; 47.615 ns) | @@@@@
[47.615 ns ; 49.840 ns) | @@@@@@@@@@
[49.840 ns ; 51.288 ns) | @@@
[51.288 ns ; 53.514 ns) | @@@@@@@@@@@@@@@@@@@@@@@@@@@
[53.514 ns ; 55.119 ns) | @@@@@@@@@@
[55.119 ns ; 57.344 ns) | @@@@@@@@@@@@@@@@@@@@@@
[57.344 ns ; 59.904 ns) | @@@@@@@@@@
[59.904 ns ; 62.526 ns) | @@@@@@@@
[62.526 ns ; 64.751 ns) | @@
---------------------------------------------------

Scenario1.S1_CheckVoidErrorWithMessage_SimpleResults: .NET 10.0(Runtime=.NET 10.0, IterationTime=250ms) [Iterations=10]
Runtime = .NET 10.0.3 (10.0.3, 10.0.326.7603), X64 RyuJIT x86-64-v3; GC = Concurrent Workstation
Mean = 503.207 ns, StdErr = 1.160 ns (0.23%), N = 14, StdDev = 4.339 ns
Min = 495.347 ns, Q1 = 499.975 ns, Median = 503.894 ns, Q3 = 505.628 ns, Max = 510.758 ns
IQR = 5.653 ns, LowerFence = 491.495 ns, UpperFence = 514.108 ns
ConfidenceInterval = [498.312 ns; 508.102 ns] (CI 99.9%), Margin = 4.895 ns (0.97% of Mean)
Skewness = 0.05, Kurtosis = 1.97, MValue = 2
-------------------- Histogram --------------------
[492.984 ns ; 513.121 ns) | @@@@@@@@@@@@@@
---------------------------------------------------

Scenario1.S1_CheckVoidSuccess_ArdalisResult: .NET 10.0(Runtime=.NET 10.0, IterationTime=250ms) [Iterations=10]
Runtime = .NET 10.0.3 (10.0.3, 10.0.326.7603), X64 RyuJIT x86-64-v3; GC = Concurrent Workstation
Mean = 83.482 ns, StdErr = 0.475 ns (0.57%), N = 42, StdDev = 3.075 ns
Min = 78.316 ns, Q1 = 81.145 ns, Median = 83.300 ns, Q3 = 85.363 ns, Max = 89.920 ns
IQR = 4.219 ns, LowerFence = 74.817 ns, UpperFence = 91.691 ns
ConfidenceInterval = [81.800 ns; 85.164 ns] (CI 99.9%), Margin = 1.682 ns (2.01% of Mean)
Skewness = 0.23, Kurtosis = 2.23, MValue = 2.27
-------------------- Histogram --------------------
[77.154 ns ; 79.696 ns) | @@@@
[79.696 ns ; 82.018 ns) | @@@@@@@@@@@
[82.018 ns ; 85.054 ns) | @@@@@@@@@@@@@@@
[85.054 ns ; 87.623 ns) | @@@@@
[87.623 ns ; 89.946 ns) | @@@@@@@
---------------------------------------------------

Scenario1.S1_CheckVoidSuccess_EnumerationsOptions: .NET 10.0(Runtime=.NET 10.0, IterationTime=250ms) [Iterations=10]
Runtime = .NET 10.0.3 (10.0.3, 10.0.326.7603), X64 RyuJIT x86-64-v3; GC = Concurrent Workstation
Mean = 71.483 ns, StdErr = 0.290 ns (0.41%), N = 13, StdDev = 1.045 ns
Min = 69.008 ns, Q1 = 71.238 ns, Median = 71.465 ns, Q3 = 72.168 ns, Max = 73.085 ns
IQR = 0.930 ns, LowerFence = 69.842 ns, UpperFence = 73.564 ns
ConfidenceInterval = [70.232 ns; 72.735 ns] (CI 99.9%), Margin = 1.251 ns (1.75% of Mean)
Skewness = -0.65, Kurtosis = 3.1, MValue = 2
-------------------- Histogram --------------------
[68.425 ns ; 69.928 ns) | @
[69.928 ns ; 73.668 ns) | @@@@@@@@@@@@
---------------------------------------------------

Scenario1.S1_CheckVoidSuccess_FluentResults: .NET 10.0(Runtime=.NET 10.0, IterationTime=250ms) [Iterations=10]
Runtime = .NET 10.0.3 (10.0.3, 10.0.326.7603), X64 RyuJIT x86-64-v3; GC = Concurrent Workstation
Mean = 216.013 ns, StdErr = 1.144 ns (0.53%), N = 49, StdDev = 8.005 ns
Min = 205.462 ns, Q1 = 210.790 ns, Median = 214.454 ns, Q3 = 219.899 ns, Max = 237.169 ns
IQR = 9.109 ns, LowerFence = 197.126 ns, UpperFence = 233.563 ns
ConfidenceInterval = [212.005 ns; 220.021 ns] (CI 99.9%), Margin = 4.008 ns (1.86% of Mean)
Skewness = 0.77, Kurtosis = 2.75, MValue = 2
-------------------- Histogram --------------------
[205.048 ns ; 210.777 ns) | @@@@@@@@@@@@
[210.777 ns ; 216.520 ns) | @@@@@@@@@@@@@@@@@@@@
[216.520 ns ; 222.428 ns) | @@@@@@@
[222.428 ns ; 230.154 ns) | @@@@@@@
[230.154 ns ; 237.257 ns) | @@@
---------------------------------------------------

Scenario1.S1_CheckVoidSuccess_LightResults: .NET 10.0(Runtime=.NET 10.0, IterationTime=250ms) [Iterations=10]
Runtime = .NET 10.0.3 (10.0.3, 10.0.326.7603), X64 RyuJIT x86-64-v3; GC = Concurrent Workstation
Mean = 3.496 ns, StdErr = 0.025 ns (0.72%), N = 21, StdDev = 0.115 ns
Min = 3.274 ns, Q1 = 3.412 ns, Median = 3.487 ns, Q3 = 3.568 ns, Max = 3.694 ns
IQR = 0.156 ns, LowerFence = 3.177 ns, UpperFence = 3.803 ns
ConfidenceInterval = [3.399 ns; 3.593 ns] (CI 99.9%), Margin = 0.097 ns (2.77% of Mean)
Skewness = 0.13, Kurtosis = 2.07, MValue = 2.4
-------------------- Histogram --------------------
[3.273 ns ; 3.395 ns) | @@@
[3.395 ns ; 3.505 ns) | @@@@@@@@@@
[3.505 ns ; 3.592 ns) | @@@
[3.592 ns ; 3.702 ns) | @@@@@
---------------------------------------------------

Scenario1.S1_CheckVoidSuccess_Rascal: .NET 10.0(Runtime=.NET 10.0, IterationTime=250ms) [Iterations=10]
Runtime = .NET 10.0.3 (10.0.3, 10.0.326.7603), X64 RyuJIT x86-64-v3; GC = Concurrent Workstation
Mean = 2.738 ns, StdErr = 0.006 ns (0.20%), N = 14, StdDev = 0.021 ns
Min = 2.711 ns, Q1 = 2.724 ns, Median = 2.737 ns, Q3 = 2.750 ns, Max = 2.790 ns
IQR = 0.026 ns, LowerFence = 2.684 ns, UpperFence = 2.789 ns
ConfidenceInterval = [2.714 ns; 2.761 ns] (CI 99.9%), Margin = 0.024 ns (0.86% of Mean)
Skewness = 0.82, Kurtosis = 3.25, MValue = 2
-------------------- Histogram --------------------
[2.699 ns ; 2.801 ns) | @@@@@@@@@@@@@@
---------------------------------------------------

Scenario1.S1_CheckVoidSuccess_SimpleResults: .NET 10.0(Runtime=.NET 10.0, IterationTime=250ms) [Iterations=10]
Runtime = .NET 10.0.3 (10.0.3, 10.0.326.7603), X64 RyuJIT x86-64-v3; GC = Concurrent Workstation
Mean = 952.663 ns, StdErr = 4.290 ns (0.45%), N = 18, StdDev = 18.202 ns
Min = 929.994 ns, Q1 = 942.035 ns, Median = 950.807 ns, Q3 = 957.924 ns, Max = 993.254 ns
IQR = 15.889 ns, LowerFence = 918.201 ns, UpperFence = 981.758 ns
ConfidenceInterval = [935.652 ns; 969.674 ns] (CI 99.9%), Margin = 17.011 ns (1.79% of Mean)
Skewness = 0.89, Kurtosis = 3.08, MValue = 2
-------------------- Histogram --------------------
[926.130 ns ;   963.361 ns) | @@@@@@@@@@@@@@@
[963.361 ns ; 1,002.369 ns) | @@@
---------------------------------------------------

Scenario1.S1_ReturnOptionStringErrorNoMessage_ArdalisResult: .NET 10.0(Runtime=.NET 10.0, IterationTime=250ms) [Iterations=10]
Runtime = .NET 10.0.3 (10.0.3, 10.0.326.7603), X64 RyuJIT x86-64-v3; GC = Concurrent Workstation
Mean = 96.043 ns, StdErr = 0.571 ns (0.59%), N = 76, StdDev = 4.976 ns
Min = 90.804 ns, Q1 = 92.310 ns, Median = 93.932 ns, Q3 = 100.123 ns, Max = 109.392 ns
IQR = 7.812 ns, LowerFence = 80.592 ns, UpperFence = 111.841 ns
ConfidenceInterval = [94.088 ns; 97.999 ns] (CI 99.9%), Margin = 1.955 ns (2.04% of Mean)
Skewness = 1.06, Kurtosis = 2.81, MValue = 2.55
-------------------- Histogram --------------------
[ 89.262 ns ;  91.558 ns) | @@@@@@
[ 91.558 ns ;  94.642 ns) | @@@@@@@@@@@@@@@@@@@@@@@@@@@@@@@@@@@@@@@
[ 94.642 ns ;  97.105 ns) | @@@@@@@@@@
[ 97.105 ns ; 100.722 ns) | @@
[100.722 ns ; 103.806 ns) | @@@@@@@@@@@@
[103.806 ns ; 107.291 ns) | @@@@@
[107.291 ns ; 110.934 ns) | @@
---------------------------------------------------

Scenario1.S1_ReturnOptionStringErrorNoMessage_EnumerationsOptions: .NET 10.0(Runtime=.NET 10.0, IterationTime=250ms) [Iterations=10]
Runtime = .NET 10.0.3 (10.0.3, 10.0.326.7603), X64 RyuJIT x86-64-v3; GC = Concurrent Workstation
Mean = 142.117 ns, StdErr = 0.845 ns (0.59%), N = 77, StdDev = 7.418 ns
Min = 131.655 ns, Q1 = 136.264 ns, Median = 140.734 ns, Q3 = 145.539 ns, Max = 164.061 ns
IQR = 9.275 ns, LowerFence = 122.351 ns, UpperFence = 159.452 ns
ConfidenceInterval = [139.223 ns; 145.011 ns] (CI 99.9%), Margin = 2.894 ns (2.04% of Mean)
Skewness = 0.92, Kurtosis = 3.3, MValue = 2.08
-------------------- Histogram --------------------
[129.367 ns ; 134.075 ns) | @@@@@@
[134.075 ns ; 138.652 ns) | @@@@@@@@@@@@@@@@@@@@@@@@@@
[138.652 ns ; 144.765 ns) | @@@@@@@@@@@@@@@@@@@@@@@
[144.765 ns ; 149.412 ns) | @@@@@@@@@
[149.412 ns ; 155.531 ns) | @@@@@@@@@@
[155.531 ns ; 159.491 ns) | 
[159.491 ns ; 164.068 ns) | @@@
---------------------------------------------------

Scenario1.S1_ReturnOptionStringErrorNoMessage_FluentResults: .NET 10.0(Runtime=.NET 10.0, IterationTime=250ms) [Iterations=10]
Runtime = .NET 10.0.3 (10.0.3, 10.0.326.7603), X64 RyuJIT x86-64-v3; GC = Concurrent Workstation
Mean = 471.280 ns, StdErr = 2.685 ns (0.57%), N = 72, StdDev = 22.787 ns
Min = 443.357 ns, Q1 = 453.611 ns, Median = 464.687 ns, Q3 = 484.236 ns, Max = 538.225 ns
IQR = 30.625 ns, LowerFence = 407.673 ns, UpperFence = 530.173 ns
ConfidenceInterval = [462.061 ns; 480.499 ns] (CI 99.9%), Margin = 9.219 ns (1.96% of Mean)
Skewness = 0.94, Kurtosis = 3.07, MValue = 2
-------------------- Histogram --------------------
[436.168 ns ; 458.342 ns) | @@@@@@@@@@@@@@@@@@@@@@@@@@@@@
[458.342 ns ; 476.482 ns) | @@@@@@@@@@@@@@@@@@@@
[476.482 ns ; 497.641 ns) | @@@@@@@@@@@@@
[497.641 ns ; 520.817 ns) | @@@@@@@@
[520.817 ns ; 539.810 ns) | @@
---------------------------------------------------

Scenario1.S1_ReturnOptionStringErrorNoMessage_LightResults: .NET 10.0(Runtime=.NET 10.0, IterationTime=250ms) [Iterations=10]
Runtime = .NET 10.0.3 (10.0.3, 10.0.326.7603), X64 RyuJIT x86-64-v3; GC = Concurrent Workstation
Mean = 3.336 ns, StdErr = 0.027 ns (0.80%), N = 37, StdDev = 0.162 ns
Min = 3.051 ns, Q1 = 3.225 ns, Median = 3.302 ns, Q3 = 3.431 ns, Max = 3.654 ns
IQR = 0.207 ns, LowerFence = 2.915 ns, UpperFence = 3.741 ns
ConfidenceInterval = [3.241 ns; 3.432 ns] (CI 99.9%), Margin = 0.095 ns (2.86% of Mean)
Skewness = 0.19, Kurtosis = 2.03, MValue = 2
-------------------- Histogram --------------------
[3.042 ns ; 3.170 ns) | @@@@@@@
[3.170 ns ; 3.349 ns) | @@@@@@@@@@@@@@
[3.349 ns ; 3.528 ns) | @@@@@@@@
[3.528 ns ; 3.656 ns) | @@@@@@@@
---------------------------------------------------

Scenario1.S1_ReturnOptionStringErrorNoMessage_Rascal: .NET 10.0(Runtime=.NET 10.0, IterationTime=250ms) [Iterations=10]
Runtime = .NET 10.0.3 (10.0.3, 10.0.326.7603), X64 RyuJIT x86-64-v3; GC = Concurrent Workstation
Mean = 49.377 ns, StdErr = 0.304 ns (0.62%), N = 94, StdDev = 2.948 ns
Min = 40.234 ns, Q1 = 47.793 ns, Median = 49.525 ns, Q3 = 51.100 ns, Max = 56.617 ns
IQR = 3.307 ns, LowerFence = 42.832 ns, UpperFence = 56.061 ns
ConfidenceInterval = [48.343 ns; 50.410 ns] (CI 99.9%), Margin = 1.033 ns (2.09% of Mean)
Skewness = -0.56, Kurtosis = 4.15, MValue = 2.19
-------------------- Histogram --------------------
[39.919 ns ; 41.621 ns) | @@@
[41.621 ns ; 43.101 ns) | 
[43.101 ns ; 44.803 ns) | @@@
[44.803 ns ; 47.033 ns) | @@@@@@@@@
[47.033 ns ; 48.756 ns) | @@@@@@@@@@@@@@@@@@@@
[48.756 ns ; 50.814 ns) | @@@@@@@@@@@@@@@@@@@@@@@@@@@@@@@@
[50.814 ns ; 52.516 ns) | @@@@@@@@@@@@@@@@
[52.516 ns ; 54.586 ns) | @@@@@@@@@
[54.586 ns ; 56.745 ns) | @@
---------------------------------------------------

Scenario1.S1_ReturnOptionStringErrorNoMessage_SimpleResults: .NET 10.0(Runtime=.NET 10.0, IterationTime=250ms) [Iterations=10]
Runtime = .NET 10.0.3 (10.0.3, 10.0.326.7603), X64 RyuJIT x86-64-v3; GC = Concurrent Workstation
Mean = 1.313 μs, StdErr = 0.006 μs (0.48%), N = 15, StdDev = 0.025 μs
Min = 1.278 μs, Q1 = 1.296 μs, Median = 1.313 μs, Q3 = 1.328 μs, Max = 1.361 μs
IQR = 0.032 μs, LowerFence = 1.247 μs, UpperFence = 1.377 μs
ConfidenceInterval = [1.287 μs; 1.339 μs] (CI 99.9%), Margin = 0.026 μs (2.00% of Mean)
Skewness = 0.34, Kurtosis = 1.92, MValue = 2
-------------------- Histogram --------------------
[1.265 μs ; 1.291 μs) | @@@
[1.291 μs ; 1.322 μs) | @@@@@@@
[1.322 μs ; 1.374 μs) | @@@@@
---------------------------------------------------

Scenario1.S1_ReturnOptionStringErrorWithMessage_ArdalisResult: .NET 10.0(Runtime=.NET 10.0, IterationTime=250ms) [Iterations=10]
Runtime = .NET 10.0.3 (10.0.3, 10.0.326.7603), X64 RyuJIT x86-64-v3; GC = Concurrent Workstation
Mean = 145.292 ns, StdErr = 0.593 ns (0.41%), N = 14, StdDev = 2.220 ns
Min = 140.542 ns, Q1 = 144.292 ns, Median = 145.103 ns, Q3 = 146.149 ns, Max = 149.816 ns
IQR = 1.857 ns, LowerFence = 141.507 ns, UpperFence = 148.935 ns
ConfidenceInterval = [142.787 ns; 147.796 ns] (CI 99.9%), Margin = 2.504 ns (1.72% of Mean)
Skewness = 0.04, Kurtosis = 3.06, MValue = 2
-------------------- Histogram --------------------
[139.333 ns ; 143.687 ns) | @@
[143.687 ns ; 151.025 ns) | @@@@@@@@@@@@
---------------------------------------------------

Scenario1.S1_ReturnOptionStringErrorWithMessage_EnumerationsOptions: .NET 10.0(Runtime=.NET 10.0, IterationTime=250ms) [Iterations=10]
Runtime = .NET 10.0.3 (10.0.3, 10.0.326.7603), X64 RyuJIT x86-64-v3; GC = Concurrent Workstation
Mean = 136.669 ns, StdErr = 0.801 ns (0.59%), N = 61, StdDev = 6.257 ns
Min = 126.639 ns, Q1 = 133.730 ns, Median = 135.587 ns, Q3 = 138.070 ns, Max = 150.158 ns
IQR = 4.340 ns, LowerFence = 127.220 ns, UpperFence = 144.581 ns
ConfidenceInterval = [133.898 ns; 139.441 ns] (CI 99.9%), Margin = 2.772 ns (2.03% of Mean)
Skewness = 0.54, Kurtosis = 2.52, MValue = 2.14
-------------------- Histogram --------------------
[126.282 ns ; 130.454 ns) | @@@@@@@@@@@
[130.454 ns ; 133.628 ns) | @@@
[133.628 ns ; 137.800 ns) | @@@@@@@@@@@@@@@@@@@@@@@@@@@@@@@
[137.800 ns ; 142.232 ns) | @@@@@
[142.232 ns ; 145.311 ns) | @
[145.311 ns ; 152.244 ns) | @@@@@@@@@@
---------------------------------------------------

Scenario1.S1_ReturnOptionStringErrorWithMessage_FluentResults: .NET 10.0(Runtime=.NET 10.0, IterationTime=250ms) [Iterations=10]
Runtime = .NET 10.0.3 (10.0.3, 10.0.326.7603), X64 RyuJIT x86-64-v3; GC = Concurrent Workstation
Mean = 526.725 ns, StdErr = 2.028 ns (0.38%), N = 15, StdDev = 7.853 ns
Min = 503.712 ns, Q1 = 524.411 ns, Median = 526.406 ns, Q3 = 530.711 ns, Max = 538.566 ns
IQR = 6.300 ns, LowerFence = 514.961 ns, UpperFence = 540.161 ns
ConfidenceInterval = [518.330 ns; 535.120 ns] (CI 99.9%), Margin = 8.395 ns (1.59% of Mean)
Skewness = -1.33, Kurtosis = 5.41, MValue = 2
-------------------- Histogram --------------------
[499.533 ns ; 517.108 ns) | @
[517.108 ns ; 540.689 ns) | @@@@@@@@@@@@@@
---------------------------------------------------

Scenario1.S1_ReturnOptionStringErrorWithMessage_LightResults: .NET 10.0(Runtime=.NET 10.0, IterationTime=250ms) [Iterations=10]
Runtime = .NET 10.0.3 (10.0.3, 10.0.326.7603), X64 RyuJIT x86-64-v3; GC = Concurrent Workstation
Mean = 115.587 ns, StdErr = 0.573 ns (0.50%), N = 17, StdDev = 2.363 ns
Min = 108.632 ns, Q1 = 114.660 ns, Median = 116.003 ns, Q3 = 117.051 ns, Max = 118.711 ns
IQR = 2.391 ns, LowerFence = 111.073 ns, UpperFence = 120.638 ns
ConfidenceInterval = [113.286 ns; 117.888 ns] (CI 99.9%), Margin = 2.301 ns (1.99% of Mean)
Skewness = -1.27, Kurtosis = 4.81, MValue = 2
-------------------- Histogram --------------------
[107.426 ns ; 109.838 ns) | @
[109.838 ns ; 112.612 ns) | 
[112.612 ns ; 117.062 ns) | @@@@@@@@@@@@
[117.062 ns ; 119.918 ns) | @@@@
---------------------------------------------------

Scenario1.S1_ReturnOptionStringErrorWithMessage_Rascal: .NET 10.0(Runtime=.NET 10.0, IterationTime=250ms) [Iterations=10]
Runtime = .NET 10.0.3 (10.0.3, 10.0.326.7603), X64 RyuJIT x86-64-v3; GC = Concurrent Workstation
Mean = 48.406 ns, StdErr = 0.460 ns (0.95%), N = 100, StdDev = 4.601 ns
Min = 40.102 ns, Q1 = 45.238 ns, Median = 48.813 ns, Q3 = 52.038 ns, Max = 58.360 ns
IQR = 6.800 ns, LowerFence = 35.037 ns, UpperFence = 62.239 ns
ConfidenceInterval = [46.846 ns; 49.967 ns] (CI 99.9%), Margin = 1.560 ns (3.22% of Mean)
Skewness = -0.13, Kurtosis = 2.12, MValue = 4.34
-------------------- Histogram --------------------
[39.728 ns ; 42.330 ns) | @@@@@@@@@@@@@@@@@@
[42.330 ns ; 43.885 ns) | @
[43.885 ns ; 46.593 ns) | @@@@@@@@@@@@@
[46.593 ns ; 49.194 ns) | @@@@@@@@@@@@@@@@@@@@@@
[49.194 ns ; 50.539 ns) | @@@@@
[50.539 ns ; 53.141 ns) | @@@@@@@@@@@@@@@@@@@@@@@@@@@@@
[53.141 ns ; 55.874 ns) | @@@@@@@
[55.874 ns ; 58.476 ns) | @@@@@
---------------------------------------------------

Scenario1.S1_ReturnOptionStringErrorWithMessage_SimpleResults: .NET 10.0(Runtime=.NET 10.0, IterationTime=250ms) [Iterations=10]
Runtime = .NET 10.0.3 (10.0.3, 10.0.326.7603), X64 RyuJIT x86-64-v3; GC = Concurrent Workstation
Mean = 921.516 ns, StdErr = 6.105 ns (0.66%), N = 97, StdDev = 60.130 ns
Min = 821.570 ns, Q1 = 880.602 ns, Median = 914.514 ns, Q3 = 962.482 ns, Max = 1,086.912 ns
IQR = 81.879 ns, LowerFence = 757.784 ns, UpperFence = 1,085.301 ns
ConfidenceInterval = [900.790 ns; 942.242 ns] (CI 99.9%), Margin = 20.726 ns (2.25% of Mean)
Skewness = 0.45, Kurtosis = 2.64, MValue = 3.07
-------------------- Histogram --------------------
[  804.393 ns ;   826.245 ns) | @
[  826.245 ns ;   860.598 ns) | @@@@@@@@@@@@@@@@
[  860.598 ns ;   884.741 ns) | @@@@@@@@@@
[  884.741 ns ;   919.094 ns) | @@@@@@@@@@@@@@@@@@@@@@@@@@@@
[  919.094 ns ;   971.867 ns) | @@@@@@@@@@@@@@@@@@@@@@@
[  971.867 ns ; 1,014.959 ns) | @@@@@@@@@@@@
[1,014.959 ns ; 1,055.697 ns) | @@@@
[1,055.697 ns ; 1,090.050 ns) | @@@
---------------------------------------------------

Scenario1.S1_ReturnOptionStringNone_ArdalisResult: .NET 10.0(Runtime=.NET 10.0, IterationTime=250ms) [Iterations=10]
Runtime = .NET 10.0.3 (10.0.3, 10.0.326.7603), X64 RyuJIT x86-64-v3; GC = Concurrent Workstation
Mean = 89.752 ns, StdErr = 1.014 ns (1.13%), N = 98, StdDev = 10.036 ns
Min = 78.049 ns, Q1 = 81.951 ns, Median = 86.638 ns, Q3 = 96.590 ns, Max = 117.577 ns
IQR = 14.639 ns, LowerFence = 59.993 ns, UpperFence = 118.548 ns
ConfidenceInterval = [86.311 ns; 93.192 ns] (CI 99.9%), Margin = 3.441 ns (3.83% of Mean)
Skewness = 0.93, Kurtosis = 2.97, MValue = 2.1
-------------------- Histogram --------------------
[ 75.192 ns ;  78.335 ns) | @
[ 78.335 ns ;  84.050 ns) | @@@@@@@@@@@@@@@@@@@@@@@@@@@@@@@@@@@@@@@@
[ 84.050 ns ;  90.213 ns) | @@@@@@@@@@@@@@@@@@@
[ 90.213 ns ;  97.601 ns) | @@@@@@@@@@@@@@@@
[ 97.601 ns ; 103.643 ns) | @@@@@@@@@@@@@@
[103.643 ns ; 110.348 ns) | @@@
[110.348 ns ; 117.903 ns) | @@@@@
---------------------------------------------------

Scenario1.S1_ReturnOptionStringNone_EnumerationsOptions: .NET 10.0(Runtime=.NET 10.0, IterationTime=250ms) [Iterations=10]
Runtime = .NET 10.0.3 (10.0.3, 10.0.326.7603), X64 RyuJIT x86-64-v3; GC = Concurrent Workstation
Mean = 92.052 ns, StdErr = 0.750 ns (0.81%), N = 99, StdDev = 7.458 ns
Min = 81.555 ns, Q1 = 85.139 ns, Median = 91.838 ns, Q3 = 97.207 ns, Max = 110.753 ns
IQR = 12.068 ns, LowerFence = 67.036 ns, UpperFence = 115.310 ns
ConfidenceInterval = [89.509 ns; 94.595 ns] (CI 99.9%), Margin = 2.543 ns (2.76% of Mean)
Skewness = 0.41, Kurtosis = 2.17, MValue = 4.06
-------------------- Histogram --------------------
[ 79.439 ns ;  82.309 ns) | @@@@
[ 82.309 ns ;  86.541 ns) | @@@@@@@@@@@@@@@@@@@@@@@@@@@@@@@@
[ 86.541 ns ;  88.569 ns) | @@@
[ 88.569 ns ;  92.801 ns) | @@@@@@@@@@@@@@@
[ 92.801 ns ;  94.795 ns) | @@@@
[ 94.795 ns ;  99.027 ns) | @@@@@@@@@@@@@@@@@@@@@@@@@
[ 99.027 ns ; 103.716 ns) | @@@@@@@@
[103.716 ns ; 107.948 ns) | @@@@@@@
[107.948 ns ; 112.869 ns) | @
---------------------------------------------------

Scenario1.S1_ReturnOptionStringNone_FluentResults: .NET 10.0(Runtime=.NET 10.0, IterationTime=250ms) [Iterations=10]
Runtime = .NET 10.0.3 (10.0.3, 10.0.326.7603), X64 RyuJIT x86-64-v3; GC = Concurrent Workstation
Mean = 226.074 ns, StdErr = 0.592 ns (0.26%), N = 13, StdDev = 2.133 ns
Min = 222.943 ns, Q1 = 224.769 ns, Median = 225.927 ns, Q3 = 226.205 ns, Max = 231.593 ns
IQR = 1.436 ns, LowerFence = 222.614 ns, UpperFence = 228.359 ns
ConfidenceInterval = [223.519 ns; 228.628 ns] (CI 99.9%), Margin = 2.555 ns (1.13% of Mean)
Skewness = 1.12, Kurtosis = 3.97, MValue = 2
-------------------- Histogram --------------------
[221.752 ns ; 227.586 ns) | @@@@@@@@@@@
[227.586 ns ; 232.784 ns) | @@
---------------------------------------------------

Scenario1.S1_ReturnOptionStringNone_LightResults: .NET 10.0(Runtime=.NET 10.0, IterationTime=250ms) [Iterations=10]
Runtime = .NET 10.0.3 (10.0.3, 10.0.326.7603), X64 RyuJIT x86-64-v3; GC = Concurrent Workstation
Mean = 3.673 ns, StdErr = 0.028 ns (0.76%), N = 25, StdDev = 0.140 ns
Min = 3.338 ns, Q1 = 3.615 ns, Median = 3.654 ns, Q3 = 3.765 ns, Max = 3.983 ns
IQR = 0.150 ns, LowerFence = 3.389 ns, UpperFence = 3.991 ns
ConfidenceInterval = [3.568 ns; 3.778 ns] (CI 99.9%), Margin = 0.105 ns (2.85% of Mean)
Skewness = -0.2, Kurtosis = 3.18, MValue = 2
-------------------- Histogram --------------------
[3.275 ns ; 3.421 ns) | @
[3.421 ns ; 3.547 ns) | @@@
[3.547 ns ; 3.719 ns) | @@@@@@@@@@@@
[3.719 ns ; 3.879 ns) | @@@@@@@
[3.879 ns ; 4.004 ns) | @@
---------------------------------------------------

Scenario1.S1_ReturnOptionStringNone_Rascal: .NET 10.0(Runtime=.NET 10.0, IterationTime=250ms) [Iterations=10]
Runtime = .NET 10.0.3 (10.0.3, 10.0.326.7603), X64 RyuJIT x86-64-v3; GC = Concurrent Workstation
Mean = 3.071 ns, StdErr = 0.022 ns (0.73%), N = 16, StdDev = 0.089 ns
Min = 2.925 ns, Q1 = 3.013 ns, Median = 3.083 ns, Q3 = 3.130 ns, Max = 3.217 ns
IQR = 0.117 ns, LowerFence = 2.838 ns, UpperFence = 3.306 ns
ConfidenceInterval = [2.980 ns; 3.162 ns] (CI 99.9%), Margin = 0.091 ns (2.96% of Mean)
Skewness = -0.14, Kurtosis = 1.74, MValue = 2
-------------------- Histogram --------------------
[2.924 ns ; 3.018 ns) | @@@@@@
[3.018 ns ; 3.156 ns) | @@@@@@@@
[3.156 ns ; 3.264 ns) | @@
---------------------------------------------------

Scenario1.S1_ReturnOptionStringNone_SimpleResults: .NET 10.0(Runtime=.NET 10.0, IterationTime=250ms) [Iterations=10]
Runtime = .NET 10.0.3 (10.0.3, 10.0.326.7603), X64 RyuJIT x86-64-v3; GC = Concurrent Workstation
Mean = 759.049 ns, StdErr = 1.960 ns (0.26%), N = 14, StdDev = 7.332 ns
Min = 749.537 ns, Q1 = 753.232 ns, Median = 756.744 ns, Q3 = 763.622 ns, Max = 775.015 ns
IQR = 10.390 ns, LowerFence = 737.647 ns, UpperFence = 779.207 ns
ConfidenceInterval = [750.778 ns; 767.320 ns] (CI 99.9%), Margin = 8.271 ns (1.09% of Mean)
Skewness = 0.58, Kurtosis = 2.22, MValue = 2
-------------------- Histogram --------------------
[746.936 ns ; 779.008 ns) | @@@@@@@@@@@@@@
---------------------------------------------------

Scenario1.S1_ReturnOptionStringSuccess_ArdalisResult: .NET 10.0(Runtime=.NET 10.0, IterationTime=250ms) [Iterations=10]
Runtime = .NET 10.0.3 (10.0.3, 10.0.326.7603), X64 RyuJIT x86-64-v3; GC = Concurrent Workstation
Mean = 87.924 ns, StdErr = 0.802 ns (0.91%), N = 99, StdDev = 7.980 ns
Min = 78.343 ns, Q1 = 80.946 ns, Median = 84.782 ns, Q3 = 94.015 ns, Max = 110.153 ns
IQR = 13.069 ns, LowerFence = 61.343 ns, UpperFence = 113.619 ns
ConfidenceInterval = [85.203 ns; 90.645 ns] (CI 99.9%), Margin = 2.721 ns (3.09% of Mean)
Skewness = 0.76, Kurtosis = 2.5, MValue = 2.53
-------------------- Histogram --------------------
[ 76.079 ns ;  79.016 ns) | @
[ 79.016 ns ;  83.544 ns) | @@@@@@@@@@@@@@@@@@@@@@@@@@@@@@@@@@@@@@@@@@@@@
[ 83.544 ns ;  88.562 ns) | @@@@@@@@@
[ 88.562 ns ;  94.184 ns) | @@@@@@@@@@@@@@@@@@@
[ 94.184 ns ;  98.712 ns) | @@@@@@@@@@@@@@@
[ 98.712 ns ; 103.675 ns) | @@@@@@@@
[103.675 ns ; 107.504 ns) | 
[107.504 ns ; 112.417 ns) | @@
---------------------------------------------------

Scenario1.S1_ReturnOptionStringSuccess_EnumerationsOptions: .NET 10.0(Runtime=.NET 10.0, IterationTime=250ms) [Iterations=10]
Runtime = .NET 10.0.3 (10.0.3, 10.0.326.7603), X64 RyuJIT x86-64-v3; GC = Concurrent Workstation
Mean = 52.619 ns, StdErr = 0.452 ns (0.86%), N = 97, StdDev = 4.447 ns
Min = 44.486 ns, Q1 = 50.366 ns, Median = 52.007 ns, Q3 = 55.778 ns, Max = 63.091 ns
IQR = 5.412 ns, LowerFence = 42.248 ns, UpperFence = 63.896 ns
ConfidenceInterval = [51.086 ns; 54.151 ns] (CI 99.9%), Margin = 1.533 ns (2.91% of Mean)
Skewness = 0.2, Kurtosis = 2.59, MValue = 2.13
-------------------- Histogram --------------------
[44.433 ns ; 47.636 ns) | @@@@@@@@@@@@
[47.636 ns ; 50.201 ns) | @@@@@@@@@@
[50.201 ns ; 52.741 ns) | @@@@@@@@@@@@@@@@@@@@@@@@@@@@@@@@
[52.741 ns ; 55.521 ns) | @@@@@@@@@@@@@@@@@@
[55.521 ns ; 58.224 ns) | @@@@@@@@@@@@
[58.224 ns ; 61.363 ns) | @@@@@@@@@@
[61.363 ns ; 64.362 ns) | @@@
---------------------------------------------------

Scenario1.S1_ReturnOptionStringSuccess_FluentResults: .NET 10.0(Runtime=.NET 10.0, IterationTime=250ms) [Iterations=10]
Runtime = .NET 10.0.3 (10.0.3, 10.0.326.7603), X64 RyuJIT x86-64-v3; GC = Concurrent Workstation
Mean = 222.361 ns, StdErr = 1.263 ns (0.57%), N = 39, StdDev = 7.886 ns
Min = 209.068 ns, Q1 = 216.475 ns, Median = 221.377 ns, Q3 = 227.292 ns, Max = 236.816 ns
IQR = 10.817 ns, LowerFence = 200.250 ns, UpperFence = 243.517 ns
ConfidenceInterval = [217.859 ns; 226.864 ns] (CI 99.9%), Margin = 4.503 ns (2.02% of Mean)
Skewness = 0.23, Kurtosis = 1.93, MValue = 2
-------------------- Histogram --------------------
[208.858 ns ; 214.962 ns) | @@@@@@@@@
[214.962 ns ; 222.346 ns) | @@@@@@@@@@@@@@
[222.346 ns ; 228.839 ns) | @@@@@@@@
[228.839 ns ; 237.695 ns) | @@@@@@@@
---------------------------------------------------

Scenario1.S1_ReturnOptionStringSuccess_LightResults: .NET 10.0(Runtime=.NET 10.0, IterationTime=250ms) [Iterations=10]
Runtime = .NET 10.0.3 (10.0.3, 10.0.326.7603), X64 RyuJIT x86-64-v3; GC = Concurrent Workstation
Mean = 3.543 ns, StdErr = 0.029 ns (0.81%), N = 58, StdDev = 0.220 ns
Min = 2.916 ns, Q1 = 3.423 ns, Median = 3.560 ns, Q3 = 3.678 ns, Max = 3.915 ns
IQR = 0.255 ns, LowerFence = 3.040 ns, UpperFence = 4.061 ns
ConfidenceInterval = [3.443 ns; 3.643 ns] (CI 99.9%), Margin = 0.100 ns (2.82% of Mean)
Skewness = -0.53, Kurtosis = 2.9, MValue = 2
-------------------- Histogram --------------------
[2.841 ns ; 2.990 ns) | @
[2.990 ns ; 3.058 ns) | 
[3.058 ns ; 3.180 ns) | @@@
[3.180 ns ; 3.383 ns) | @@@@@@@@
[3.383 ns ; 3.543 ns) | @@@@@@@@@@@@
[3.543 ns ; 3.692 ns) | @@@@@@@@@@@@@@@@@@@@@
[3.692 ns ; 3.861 ns) | @@@@@@@@@@@
[3.861 ns ; 3.990 ns) | @@
---------------------------------------------------

Scenario1.S1_ReturnOptionStringSuccess_Rascal: .NET 10.0(Runtime=.NET 10.0, IterationTime=250ms) [Iterations=10]
Runtime = .NET 10.0.3 (10.0.3, 10.0.326.7603), X64 RyuJIT x86-64-v3; GC = Concurrent Workstation
Mean = 2.891 ns, StdErr = 0.009 ns (0.32%), N = 15, StdDev = 0.036 ns
Min = 2.849 ns, Q1 = 2.861 ns, Median = 2.882 ns, Q3 = 2.911 ns, Max = 2.953 ns
IQR = 0.051 ns, LowerFence = 2.785 ns, UpperFence = 2.987 ns
ConfidenceInterval = [2.852 ns; 2.929 ns] (CI 99.9%), Margin = 0.039 ns (1.33% of Mean)
Skewness = 0.53, Kurtosis = 1.76, MValue = 2
-------------------- Histogram --------------------
[2.837 ns ; 2.965 ns) | @@@@@@@@@@@@@@@
---------------------------------------------------

Scenario1.S1_ReturnOptionStringSuccess_SimpleResults: .NET 10.0(Runtime=.NET 10.0, IterationTime=250ms) [Iterations=10]
Runtime = .NET 10.0.3 (10.0.3, 10.0.326.7603), X64 RyuJIT x86-64-v3; GC = Concurrent Workstation
Mean = 854.532 ns, StdErr = 3.736 ns (0.44%), N = 27, StdDev = 19.413 ns
Min = 829.108 ns, Q1 = 836.187 ns, Median = 852.192 ns, Q3 = 866.633 ns, Max = 898.579 ns
IQR = 30.446 ns, LowerFence = 790.518 ns, UpperFence = 912.303 ns
ConfidenceInterval = [840.684 ns; 868.380 ns] (CI 99.9%), Margin = 13.848 ns (1.62% of Mean)
Skewness = 0.46, Kurtosis = 2.13, MValue = 2
-------------------- Histogram --------------------
[820.615 ns ; 848.824 ns) | @@@@@@@@@@@@@
[848.824 ns ; 872.038 ns) | @@@@@@@@@@
[872.038 ns ; 899.106 ns) | @@@@
---------------------------------------------------

Scenario1.S1_ReturnVoidErrorNoMessage_ArdalisResult: .NET 10.0(Runtime=.NET 10.0, IterationTime=250ms) [Iterations=10]
Runtime = .NET 10.0.3 (10.0.3, 10.0.326.7603), X64 RyuJIT x86-64-v3; GC = Concurrent Workstation
Mean = 98.108 ns, StdErr = 0.557 ns (0.57%), N = 37, StdDev = 3.385 ns
Min = 92.804 ns, Q1 = 95.803 ns, Median = 98.023 ns, Q3 = 100.125 ns, Max = 105.815 ns
IQR = 4.322 ns, LowerFence = 89.319 ns, UpperFence = 106.609 ns
ConfidenceInterval = [96.114 ns; 100.102 ns] (CI 99.9%), Margin = 1.994 ns (2.03% of Mean)
Skewness = 0.34, Kurtosis = 2.37, MValue = 2.5
-------------------- Histogram --------------------
[ 92.445 ns ;  95.639 ns) | @@@@@@@@@
[ 95.639 ns ;  98.488 ns) | @@@@@@@@@@@
[ 98.488 ns ; 101.155 ns) | @@@@@@@@@@@@
[101.155 ns ; 103.448 ns) | @
[103.448 ns ; 106.115 ns) | @@@@
---------------------------------------------------

Scenario1.S1_ReturnVoidErrorNoMessage_EnumerationsOptions: .NET 10.0(Runtime=.NET 10.0, IterationTime=250ms) [Iterations=10]
Runtime = .NET 10.0.3 (10.0.3, 10.0.326.7603), X64 RyuJIT x86-64-v3; GC = Concurrent Workstation
Mean = 130.255 ns, StdErr = 0.321 ns (0.25%), N = 49, StdDev = 2.244 ns
Min = 125.303 ns, Q1 = 129.067 ns, Median = 130.681 ns, Q3 = 131.865 ns, Max = 134.486 ns
IQR = 2.798 ns, LowerFence = 124.870 ns, UpperFence = 136.062 ns
ConfidenceInterval = [129.131 ns; 131.378 ns] (CI 99.9%), Margin = 1.123 ns (0.86% of Mean)
Skewness = -0.61, Kurtosis = 2.62, MValue = 2
-------------------- Histogram --------------------
[124.824 ns ; 127.923 ns) | @@@@@@@@
[127.923 ns ; 132.453 ns) | @@@@@@@@@@@@@@@@@@@@@@@@@@@@@@@@@@
[132.453 ns ; 135.291 ns) | @@@@@@@
---------------------------------------------------

Scenario1.S1_ReturnVoidErrorNoMessage_FluentResults: .NET 10.0(Runtime=.NET 10.0, IterationTime=250ms) [Iterations=10]
Runtime = .NET 10.0.3 (10.0.3, 10.0.326.7603), X64 RyuJIT x86-64-v3; GC = Concurrent Workstation
Mean = 461.954 ns, StdErr = 2.287 ns (0.49%), N = 25, StdDev = 11.433 ns
Min = 440.606 ns, Q1 = 451.401 ns, Median = 465.999 ns, Q3 = 469.072 ns, Max = 481.436 ns
IQR = 17.671 ns, LowerFence = 424.894 ns, UpperFence = 495.579 ns
ConfidenceInterval = [453.389 ns; 470.518 ns] (CI 99.9%), Margin = 8.564 ns (1.85% of Mean)
Skewness = -0.63, Kurtosis = 2.09, MValue = 2.63
-------------------- Histogram --------------------
[439.965 ns ; 450.229 ns) | @@@@@@
[450.229 ns ; 461.542 ns) | @
[461.542 ns ; 473.111 ns) | @@@@@@@@@@@@@@@@
[473.111 ns ; 483.376 ns) | @@
---------------------------------------------------

Scenario1.S1_ReturnVoidErrorNoMessage_LightResults: .NET 10.0(Runtime=.NET 10.0, IterationTime=250ms) [Iterations=10]
Runtime = .NET 10.0.3 (10.0.3, 10.0.326.7603), X64 RyuJIT x86-64-v3; GC = Concurrent Workstation
Mean = 3.382 ns, StdErr = 0.025 ns (0.75%), N = 26, StdDev = 0.130 ns
Min = 2.984 ns, Q1 = 3.320 ns, Median = 3.411 ns, Q3 = 3.473 ns, Max = 3.563 ns
IQR = 0.154 ns, LowerFence = 3.089 ns, UpperFence = 3.704 ns
ConfidenceInterval = [3.287 ns; 3.477 ns] (CI 99.9%), Margin = 0.095 ns (2.81% of Mean)
Skewness = -1.13, Kurtosis = 4.42, MValue = 2
-------------------- Histogram --------------------
[2.926 ns ; 3.041 ns) | @
[3.041 ns ; 3.182 ns) | @
[3.182 ns ; 3.259 ns) | 
[3.259 ns ; 3.374 ns) | @@@@@@@@@@
[3.374 ns ; 3.514 ns) | @@@@@@@@@@@@
[3.514 ns ; 3.621 ns) | @@
---------------------------------------------------

Scenario1.S1_ReturnVoidErrorNoMessage_Rascal: .NET 10.0(Runtime=.NET 10.0, IterationTime=250ms) [Iterations=10]
Runtime = .NET 10.0.3 (10.0.3, 10.0.326.7603), X64 RyuJIT x86-64-v3; GC = Concurrent Workstation
Mean = 39.944 ns, StdErr = 0.073 ns (0.18%), N = 46, StdDev = 0.496 ns
Min = 39.526 ns, Q1 = 39.706 ns, Median = 39.812 ns, Q3 = 39.933 ns, Max = 42.057 ns
IQR = 0.227 ns, LowerFence = 39.366 ns, UpperFence = 40.273 ns
ConfidenceInterval = [39.687 ns; 40.202 ns] (CI 99.9%), Margin = 0.257 ns (0.64% of Mean)
Skewness = 2.82, Kurtosis = 11, MValue = 2
-------------------- Histogram --------------------
[39.345 ns ; 40.171 ns) | @@@@@@@@@@@@@@@@@@@@@@@@@@@@@@@@@@@@@@@@
[40.171 ns ; 42.238 ns) | @@@@@@
---------------------------------------------------

Scenario1.S1_ReturnVoidErrorNoMessage_SimpleResults: .NET 10.0(Runtime=.NET 10.0, IterationTime=250ms) [Iterations=10]
Runtime = .NET 10.0.3 (10.0.3, 10.0.326.7603), X64 RyuJIT x86-64-v3; GC = Concurrent Workstation
Mean = 769.492 ns, StdErr = 3.008 ns (0.39%), N = 15, StdDev = 11.649 ns
Min = 751.470 ns, Q1 = 761.488 ns, Median = 767.980 ns, Q3 = 776.525 ns, Max = 787.561 ns
IQR = 15.036 ns, LowerFence = 738.933 ns, UpperFence = 799.079 ns
ConfidenceInterval = [757.039 ns; 781.945 ns] (CI 99.9%), Margin = 12.453 ns (1.62% of Mean)
Skewness = 0.21, Kurtosis = 1.77, MValue = 2
-------------------- Histogram --------------------
[745.271 ns ; 775.065 ns) | @@@@@@@@@@@
[775.065 ns ; 791.388 ns) | @@@@
---------------------------------------------------

Scenario1.S1_ReturnVoidErrorWithMessage_ArdalisResult: .NET 10.0(Runtime=.NET 10.0, IterationTime=250ms) [Iterations=10]
Runtime = .NET 10.0.3 (10.0.3, 10.0.326.7603), X64 RyuJIT x86-64-v3; GC = Concurrent Workstation
Mean = 140.665 ns, StdErr = 0.585 ns (0.42%), N = 15, StdDev = 2.267 ns
Min = 132.792 ns, Q1 = 140.683 ns, Median = 141.163 ns, Q3 = 141.654 ns, Max = 142.420 ns
IQR = 0.971 ns, LowerFence = 139.227 ns, UpperFence = 143.110 ns
ConfidenceInterval = [138.241 ns; 143.089 ns] (CI 99.9%), Margin = 2.424 ns (1.72% of Mean)
Skewness = -2.72, Kurtosis = 9.74, MValue = 2
-------------------- Histogram --------------------
[131.585 ns ; 136.533 ns) | @
[136.533 ns ; 142.713 ns) | @@@@@@@@@@@@@@
---------------------------------------------------

Scenario1.S1_ReturnVoidErrorWithMessage_EnumerationsOptions: .NET 10.0(Runtime=.NET 10.0, IterationTime=250ms) [Iterations=10]
Runtime = .NET 10.0.3 (10.0.3, 10.0.326.7603), X64 RyuJIT x86-64-v3; GC = Concurrent Workstation
Mean = 135.758 ns, StdErr = 0.725 ns (0.53%), N = 22, StdDev = 3.400 ns
Min = 128.742 ns, Q1 = 135.969 ns, Median = 136.816 ns, Q3 = 137.681 ns, Max = 139.971 ns
IQR = 1.712 ns, LowerFence = 133.400 ns, UpperFence = 140.250 ns
ConfidenceInterval = [132.989 ns; 138.527 ns] (CI 99.9%), Margin = 2.769 ns (2.04% of Mean)
Skewness = -0.99, Kurtosis = 2.65, MValue = 2
-------------------- Histogram --------------------
[127.657 ns ; 130.842 ns) | @@@@
[130.842 ns ; 134.998 ns) | @
[134.998 ns ; 141.563 ns) | @@@@@@@@@@@@@@@@@
---------------------------------------------------

Scenario1.S1_ReturnVoidErrorWithMessage_FluentResults: .NET 10.0(Runtime=.NET 10.0, IterationTime=250ms) [Iterations=10]
Runtime = .NET 10.0.3 (10.0.3, 10.0.326.7603), X64 RyuJIT x86-64-v3; GC = Concurrent Workstation
Mean = 470.878 ns, StdErr = 2.279 ns (0.48%), N = 15, StdDev = 8.825 ns
Min = 457.044 ns, Q1 = 463.988 ns, Median = 467.855 ns, Q3 = 478.626 ns, Max = 487.395 ns
IQR = 14.638 ns, LowerFence = 442.031 ns, UpperFence = 500.582 ns
ConfidenceInterval = [461.443 ns; 480.312 ns] (CI 99.9%), Margin = 9.434 ns (2.00% of Mean)
Skewness = 0.15, Kurtosis = 1.68, MValue = 2
-------------------- Histogram --------------------
[452.347 ns ; 469.184 ns) | @@@@@@@@
[469.184 ns ; 482.080 ns) | @@@@@@
[482.080 ns ; 492.091 ns) | @
---------------------------------------------------

Scenario1.S1_ReturnVoidErrorWithMessage_LightResults: .NET 10.0(Runtime=.NET 10.0, IterationTime=250ms) [Iterations=10]
Runtime = .NET 10.0.3 (10.0.3, 10.0.326.7603), X64 RyuJIT x86-64-v3; GC = Concurrent Workstation
Mean = 119.185 ns, StdErr = 0.539 ns (0.45%), N = 15, StdDev = 2.088 ns
Min = 112.377 ns, Q1 = 118.583 ns, Median = 119.823 ns, Q3 = 120.308 ns, Max = 120.735 ns
IQR = 1.725 ns, LowerFence = 115.996 ns, UpperFence = 122.895 ns
ConfidenceInterval = [116.953 ns; 121.417 ns] (CI 99.9%), Margin = 2.232 ns (1.87% of Mean)
Skewness = -2.21, Kurtosis = 7.62, MValue = 2
-------------------- Histogram --------------------
[111.266 ns ; 115.723 ns) | @
[115.723 ns ; 120.896 ns) | @@@@@@@@@@@@@@
---------------------------------------------------

Scenario1.S1_ReturnVoidErrorWithMessage_Rascal: .NET 10.0(Runtime=.NET 10.0, IterationTime=250ms) [Iterations=10]
Runtime = .NET 10.0.3 (10.0.3, 10.0.326.7603), X64 RyuJIT x86-64-v3; GC = Concurrent Workstation
Mean = 41.315 ns, StdErr = 0.162 ns (0.39%), N = 48, StdDev = 1.122 ns
Min = 39.493 ns, Q1 = 40.685 ns, Median = 41.127 ns, Q3 = 41.968 ns, Max = 44.951 ns
IQR = 1.284 ns, LowerFence = 38.759 ns, UpperFence = 43.894 ns
ConfidenceInterval = [40.746 ns; 41.883 ns] (CI 99.9%), Margin = 0.569 ns (1.38% of Mean)
Skewness = 0.64, Kurtosis = 3.7, MValue = 2
-------------------- Histogram --------------------
[39.192 ns ; 40.374 ns) | @@@@@@
[40.374 ns ; 42.075 ns) | @@@@@@@@@@@@@@@@@@@@@@@@@@@@@@@@
[42.075 ns ; 43.164 ns) | @@@@@@@@
[43.164 ns ; 45.356 ns) | @@
---------------------------------------------------

Scenario1.S1_ReturnVoidErrorWithMessage_SimpleResults: .NET 10.0(Runtime=.NET 10.0, IterationTime=250ms) [Iterations=10]
Runtime = .NET 10.0.3 (10.0.3, 10.0.326.7603), X64 RyuJIT x86-64-v3; GC = Concurrent Workstation
Mean = 385.511 ns, StdErr = 0.378 ns (0.10%), N = 14, StdDev = 1.416 ns
Min = 381.767 ns, Q1 = 384.808 ns, Median = 385.691 ns, Q3 = 386.588 ns, Max = 387.012 ns
IQR = 1.780 ns, LowerFence = 382.139 ns, UpperFence = 389.258 ns
ConfidenceInterval = [383.914 ns; 387.108 ns] (CI 99.9%), Margin = 1.597 ns (0.41% of Mean)
Skewness = -1.12, Kurtosis = 3.81, MValue = 2
-------------------- Histogram --------------------
[380.996 ns ; 387.783 ns) | @@@@@@@@@@@@@@
---------------------------------------------------

Scenario1.S1_ReturnVoidSuccess_ArdalisResult: .NET 10.0(Runtime=.NET 10.0, IterationTime=250ms) [Iterations=10]
Runtime = .NET 10.0.3 (10.0.3, 10.0.326.7603), X64 RyuJIT x86-64-v3; GC = Concurrent Workstation
Mean = 75.749 ns, StdErr = 0.119 ns (0.16%), N = 14, StdDev = 0.446 ns
Min = 75.200 ns, Q1 = 75.361 ns, Median = 75.665 ns, Q3 = 76.013 ns, Max = 76.689 ns
IQR = 0.652 ns, LowerFence = 74.384 ns, UpperFence = 76.991 ns
ConfidenceInterval = [75.246 ns; 76.252 ns] (CI 99.9%), Margin = 0.503 ns (0.66% of Mean)
Skewness = 0.43, Kurtosis = 2.14, MValue = 2
-------------------- Histogram --------------------
[74.957 ns ; 76.932 ns) | @@@@@@@@@@@@@@
---------------------------------------------------

Scenario1.S1_ReturnVoidSuccess_EnumerationsOptions: .NET 10.0(Runtime=.NET 10.0, IterationTime=250ms) [Iterations=10]
Runtime = .NET 10.0.3 (10.0.3, 10.0.326.7603), X64 RyuJIT x86-64-v3; GC = Concurrent Workstation
Mean = 70.428 ns, StdErr = 0.150 ns (0.21%), N = 14, StdDev = 0.562 ns
Min = 68.625 ns, Q1 = 70.405 ns, Median = 70.597 ns, Q3 = 70.674 ns, Max = 70.982 ns
IQR = 0.269 ns, LowerFence = 70.002 ns, UpperFence = 71.077 ns
ConfidenceInterval = [69.794 ns; 71.062 ns] (CI 99.9%), Margin = 0.634 ns (0.90% of Mean)
Skewness = -2.25, Kurtosis = 7.65, MValue = 2
-------------------- Histogram --------------------
[68.319 ns ; 69.847 ns) | @
[69.847 ns ; 71.289 ns) | @@@@@@@@@@@@@
---------------------------------------------------

Scenario1.S1_ReturnVoidSuccess_FluentResults: .NET 10.0(Runtime=.NET 10.0, IterationTime=250ms) [Iterations=10]
Runtime = .NET 10.0.3 (10.0.3, 10.0.326.7603), X64 RyuJIT x86-64-v3; GC = Concurrent Workstation
Mean = 118.114 ns, StdErr = 0.533 ns (0.45%), N = 15, StdDev = 2.065 ns
Min = 111.432 ns, Q1 = 117.787 ns, Median = 118.543 ns, Q3 = 119.081 ns, Max = 120.350 ns
IQR = 1.294 ns, LowerFence = 115.846 ns, UpperFence = 121.023 ns
ConfidenceInterval = [115.907 ns; 120.321 ns] (CI 99.9%), Margin = 2.207 ns (1.87% of Mean)
Skewness = -2.1, Kurtosis = 7.47, MValue = 2
-------------------- Histogram --------------------
[110.333 ns ; 114.744 ns) | @
[114.744 ns ; 117.243 ns) | @
[117.243 ns ; 121.449 ns) | @@@@@@@@@@@@@
---------------------------------------------------

Scenario1.S1_ReturnVoidSuccess_LightResults: .NET 10.0(Runtime=.NET 10.0, IterationTime=250ms) [Iterations=10]
Runtime = .NET 10.0.3 (10.0.3, 10.0.326.7603), X64 RyuJIT x86-64-v3; GC = Concurrent Workstation
Mean = 3.137 ns, StdErr = 0.025 ns (0.79%), N = 26, StdDev = 0.127 ns
Min = 2.898 ns, Q1 = 3.026 ns, Median = 3.125 ns, Q3 = 3.235 ns, Max = 3.418 ns
IQR = 0.208 ns, LowerFence = 2.714 ns, UpperFence = 3.548 ns
ConfidenceInterval = [3.044 ns; 3.229 ns] (CI 99.9%), Margin = 0.093 ns (2.95% of Mean)
Skewness = 0.21, Kurtosis = 2.26, MValue = 2
-------------------- Histogram --------------------
[2.883 ns ; 3.010 ns) | @@@
[3.010 ns ; 3.122 ns) | @@@@@@@@@@
[3.122 ns ; 3.263 ns) | @@@@@@@@@@
[3.263 ns ; 3.425 ns) | @@@
---------------------------------------------------

Scenario1.S1_ReturnVoidSuccess_Rascal: .NET 10.0(Runtime=.NET 10.0, IterationTime=250ms) [Iterations=10]
Runtime = .NET 10.0.3 (10.0.3, 10.0.326.7603), X64 RyuJIT x86-64-v3; GC = Concurrent Workstation
Mean = 2.612 ns, StdErr = 0.005 ns (0.21%), N = 14, StdDev = 0.020 ns
Min = 2.578 ns, Q1 = 2.597 ns, Median = 2.615 ns, Q3 = 2.625 ns, Max = 2.650 ns
IQR = 0.028 ns, LowerFence = 2.555 ns, UpperFence = 2.668 ns
ConfidenceInterval = [2.590 ns; 2.635 ns] (CI 99.9%), Margin = 0.023 ns (0.88% of Mean)
Skewness = -0.08, Kurtosis = 1.96, MValue = 2
-------------------- Histogram --------------------
[2.567 ns ; 2.661 ns) | @@@@@@@@@@@@@@
---------------------------------------------------

Scenario1.S1_ReturnVoidSuccess_SimpleResults: .NET 10.0(Runtime=.NET 10.0, IterationTime=250ms) [Iterations=10]
Runtime = .NET 10.0.3 (10.0.3, 10.0.326.7603), X64 RyuJIT x86-64-v3; GC = Concurrent Workstation
Mean = 762.007 ns, StdErr = 1.769 ns (0.23%), N = 14, StdDev = 6.617 ns
Min = 751.663 ns, Q1 = 758.380 ns, Median = 761.360 ns, Q3 = 765.752 ns, Max = 772.491 ns
IQR = 7.372 ns, LowerFence = 747.322 ns, UpperFence = 776.810 ns
ConfidenceInterval = [754.542 ns; 769.471 ns] (CI 99.9%), Margin = 7.465 ns (0.98% of Mean)
Skewness = 0.12, Kurtosis = 1.77, MValue = 2
-------------------- Histogram --------------------
[748.059 ns ; 776.095 ns) | @@@@@@@@@@@@@@
---------------------------------------------------

// * Summary *

BenchmarkDotNet v0.15.8, Linux Pop!_OS 24.04 LTS
AMD Ryzen 5 3600 2.09GHz, 1 CPU, 12 logical and 6 physical cores
.NET SDK 10.0.103
  [Host]    : .NET 10.0.3 (10.0.3, 10.0.326.7603), X64 RyuJIT x86-64-v3
  .NET 10.0 : .NET 10.0.3 (10.0.3, 10.0.326.7603), X64 RyuJIT x86-64-v3

Job=.NET 10.0  Runtime=.NET 10.0  IterationTime=250ms  
Iterations=10  

| Method                                                    | Categories                                  | Mean         | Ratio | Allocated | Alloc Ratio |
|---------------------------------------------------------- |-------------------------------------------- |-------------:|------:|----------:|------------:|
| S1_CheckOptionStringErrorNoMessage_ArdalisResult          | S1: Check Option String Error No Message    |   100.330 ns |  0.72 |     720 B |        0.47 |
| S1_CheckOptionStringErrorNoMessage_EnumerationsOptions    | S1: Check Option String Error No Message    |   139.822 ns |  1.00 |    1520 B |        1.00 |
| S1_CheckOptionStringErrorNoMessage_FluentResults          | S1: Check Option String Error No Message    |   828.622 ns |  5.94 |    3600 B |        2.37 |
| S1_CheckOptionStringErrorNoMessage_LightResults           | S1: Check Option String Error No Message    |     3.280 ns |  0.02 |         - |        0.00 |
| S1_CheckOptionStringErrorNoMessage_Rascal                 | S1: Check Option String Error No Message    |    48.857 ns |  0.35 |     240 B |        0.16 |
| S1_CheckOptionStringErrorNoMessage_SimpleResults          | S1: Check Option String Error No Message    | 1,340.783 ns |  9.61 |     880 B |        0.58 |
|                                                           |                                             |              |       |           |             |
| S1_CheckOptionStringErrorWithMessage_ArdalisResult        | S1: Check Option String Error With Message  |   222.132 ns |  1.16 |    1040 B |        0.68 |
| S1_CheckOptionStringErrorWithMessage_EnumerationsOptions  | S1: Check Option String Error With Message  |   191.561 ns |  1.00 |    1520 B |        1.00 |
| S1_CheckOptionStringErrorWithMessage_FluentResults        | S1: Check Option String Error With Message  | 1,529.496 ns |  8.01 |    5360 B |        3.53 |
| S1_CheckOptionStringErrorWithMessage_LightResults         | S1: Check Option String Error With Message  |   113.183 ns |  0.59 |     560 B |        0.37 |
| S1_CheckOptionStringErrorWithMessage_Rascal               | S1: Check Option String Error With Message  |    40.187 ns |  0.21 |     240 B |        0.16 |
| S1_CheckOptionStringErrorWithMessage_SimpleResults        | S1: Check Option String Error With Message  |   914.494 ns |  4.79 |     880 B |        0.58 |
|                                                           |                                             |              |       |           |             |
| S1_CheckOptionStringSuccess_ArdalisResult                 | S1: Check Option String Success             |    83.477 ns |  1.62 |     720 B |        2.25 |
| S1_CheckOptionStringSuccess_EnumerationsOptions           | S1: Check Option String Success             |    51.570 ns |  1.00 |     320 B |        1.00 |
| S1_CheckOptionStringSuccess_FluentResults                 | S1: Check Option String Success             |   330.703 ns |  6.43 |    1600 B |        5.00 |
| S1_CheckOptionStringSuccess_LightResults                  | S1: Check Option String Success             |     3.002 ns |  0.06 |         - |        0.00 |
| S1_CheckOptionStringSuccess_Rascal                        | S1: Check Option String Success             |     2.803 ns |  0.05 |         - |        0.00 |
| S1_CheckOptionStringSuccess_SimpleResults                 | S1: Check Option String Success             |   867.182 ns | 16.86 |     880 B |        2.75 |
|                                                           |                                             |              |       |           |             |
| S1_CheckVoidErrorNoMessage_ArdalisResult                  | S1: Check Void Error No Message             |   102.583 ns |  0.74 |     720 B |        0.47 |
| S1_CheckVoidErrorNoMessage_EnumerationsOptions            | S1: Check Void Error No Message             |   138.253 ns |  1.00 |    1520 B |        1.00 |
| S1_CheckVoidErrorNoMessage_FluentResults                  | S1: Check Void Error No Message             |   725.704 ns |  5.26 |    3520 B |        2.32 |
| S1_CheckVoidErrorNoMessage_LightResults                   | S1: Check Void Error No Message             |     3.324 ns |  0.02 |         - |        0.00 |
| S1_CheckVoidErrorNoMessage_Rascal                         | S1: Check Void Error No Message             |    43.955 ns |  0.32 |     240 B |        0.16 |
| S1_CheckVoidErrorNoMessage_SimpleResults                  | S1: Check Void Error No Message             |   747.557 ns |  5.42 |     400 B |        0.26 |
|                                                           |                                             |              |       |           |             |
| S1_CheckVoidErrorWithMessage_ArdalisResult                | S1: Check Void Error With Message           |   214.348 ns |  1.14 |    1040 B |        0.68 |
| S1_CheckVoidErrorWithMessage_EnumerationsOptions          | S1: Check Void Error With Message           |   188.292 ns |  1.00 |    1520 B |        1.00 |
| S1_CheckVoidErrorWithMessage_FluentResults                | S1: Check Void Error With Message           | 1,520.946 ns |  8.10 |    5280 B |        3.47 |
| S1_CheckVoidErrorWithMessage_LightResults                 | S1: Check Void Error With Message           |   111.853 ns |  0.60 |     560 B |        0.37 |
| S1_CheckVoidErrorWithMessage_Rascal                       | S1: Check Void Error With Message           |    54.250 ns |  0.29 |     240 B |        0.16 |
| S1_CheckVoidErrorWithMessage_SimpleResults                | S1: Check Void Error With Message           |   503.207 ns |  2.68 |     400 B |        0.26 |
|                                                           |                                             |              |       |           |             |
| S1_CheckVoidSuccess_ArdalisResult                         | S1: Check Void Success                      |    83.482 ns |  1.17 |     720 B |        3.00 |
| S1_CheckVoidSuccess_EnumerationsOptions                   | S1: Check Void Success                      |    71.483 ns |  1.00 |     240 B |        1.00 |
| S1_CheckVoidSuccess_FluentResults                         | S1: Check Void Success                      |   216.013 ns |  3.02 |    1040 B |        4.33 |
| S1_CheckVoidSuccess_LightResults                          | S1: Check Void Success                      |     3.496 ns |  0.05 |         - |        0.00 |
| S1_CheckVoidSuccess_Rascal                                | S1: Check Void Success                      |     2.738 ns |  0.04 |         - |        0.00 |
| S1_CheckVoidSuccess_SimpleResults                         | S1: Check Void Success                      |   952.663 ns | 13.33 |     400 B |        1.67 |
|                                                           |                                             |              |       |           |             |
| S1_ReturnOptionStringErrorNoMessage_ArdalisResult         | S1: Return Option String Error No Message   |    96.043 ns |  0.68 |     720 B |        0.47 |
| S1_ReturnOptionStringErrorNoMessage_EnumerationsOptions   | S1: Return Option String Error No Message   |   142.117 ns |  1.00 |    1520 B |        1.00 |
| S1_ReturnOptionStringErrorNoMessage_FluentResults         | S1: Return Option String Error No Message   |   471.280 ns |  3.32 |    2720 B |        1.79 |
| S1_ReturnOptionStringErrorNoMessage_LightResults          | S1: Return Option String Error No Message   |     3.336 ns |  0.02 |         - |        0.00 |
| S1_ReturnOptionStringErrorNoMessage_Rascal                | S1: Return Option String Error No Message   |    49.377 ns |  0.35 |     240 B |        0.16 |
| S1_ReturnOptionStringErrorNoMessage_SimpleResults         | S1: Return Option String Error No Message   | 1,312.810 ns |  9.26 |     880 B |        0.58 |
|                                                           |                                             |              |       |           |             |
| S1_ReturnOptionStringErrorWithMessage_ArdalisResult       | S1: Return Option String Error With Message |   145.292 ns |  1.07 |    1040 B |        0.68 |
| S1_ReturnOptionStringErrorWithMessage_EnumerationsOptions | S1: Return Option String Error With Message |   136.669 ns |  1.00 |    1520 B |        1.00 |
| S1_ReturnOptionStringErrorWithMessage_FluentResults       | S1: Return Option String Error With Message |   526.725 ns |  3.86 |    2720 B |        1.79 |
| S1_ReturnOptionStringErrorWithMessage_LightResults        | S1: Return Option String Error With Message |   115.587 ns |  0.85 |     560 B |        0.37 |
| S1_ReturnOptionStringErrorWithMessage_Rascal              | S1: Return Option String Error With Message |    48.406 ns |  0.35 |     240 B |        0.16 |
| S1_ReturnOptionStringErrorWithMessage_SimpleResults       | S1: Return Option String Error With Message |   921.516 ns |  6.76 |     880 B |        0.58 |
|                                                           |                                             |              |       |           |             |
| S1_ReturnOptionStringNone_ArdalisResult                   | S1: Return Option String None               |    89.752 ns |  0.98 |     720 B |        3.00 |
| S1_ReturnOptionStringNone_EnumerationsOptions             | S1: Return Option String None               |    92.052 ns |  1.01 |     240 B |        1.00 |
| S1_ReturnOptionStringNone_FluentResults                   | S1: Return Option String None               |   226.074 ns |  2.47 |    1120 B |        4.67 |
| S1_ReturnOptionStringNone_LightResults                    | S1: Return Option String None               |     3.673 ns |  0.04 |         - |        0.00 |
| S1_ReturnOptionStringNone_Rascal                          | S1: Return Option String None               |     3.071 ns |  0.03 |         - |        0.00 |
| S1_ReturnOptionStringNone_SimpleResults                   | S1: Return Option String None               |   759.049 ns |  8.30 |     480 B |        2.00 |
|                                                           |                                             |              |       |           |             |
| S1_ReturnOptionStringSuccess_ArdalisResult                | S1: Return Option String Success            |    87.924 ns |  1.68 |     720 B |        2.25 |
| S1_ReturnOptionStringSuccess_EnumerationsOptions          | S1: Return Option String Success            |    52.619 ns |  1.01 |     320 B |        1.00 |
| S1_ReturnOptionStringSuccess_FluentResults                | S1: Return Option String Success            |   222.361 ns |  4.26 |    1120 B |        3.50 |
| S1_ReturnOptionStringSuccess_LightResults                 | S1: Return Option String Success            |     3.543 ns |  0.07 |         - |        0.00 |
| S1_ReturnOptionStringSuccess_Rascal                       | S1: Return Option String Success            |     2.891 ns |  0.06 |         - |        0.00 |
| S1_ReturnOptionStringSuccess_SimpleResults                | S1: Return Option String Success            |   854.532 ns | 16.35 |     880 B |        2.75 |
|                                                           |                                             |              |       |           |             |
| S1_ReturnVoidErrorNoMessage_ArdalisResult                 | S1: Return Void Error No Message            |    98.108 ns |  0.75 |     720 B |        0.47 |
| S1_ReturnVoidErrorNoMessage_EnumerationsOptions           | S1: Return Void Error No Message            |   130.255 ns |  1.00 |    1520 B |        1.00 |
| S1_ReturnVoidErrorNoMessage_FluentResults                 | S1: Return Void Error No Message            |   461.954 ns |  3.55 |    2640 B |        1.74 |
| S1_ReturnVoidErrorNoMessage_LightResults                  | S1: Return Void Error No Message            |     3.382 ns |  0.03 |         - |        0.00 |
| S1_ReturnVoidErrorNoMessage_Rascal                        | S1: Return Void Error No Message            |    39.944 ns |  0.31 |     240 B |        0.16 |
| S1_ReturnVoidErrorNoMessage_SimpleResults                 | S1: Return Void Error No Message            |   769.492 ns |  5.91 |     400 B |        0.26 |
|                                                           |                                             |              |       |           |             |
| S1_ReturnVoidErrorWithMessage_ArdalisResult               | S1: Return Void Error With Message          |   140.665 ns |  1.04 |    1040 B |        0.68 |
| S1_ReturnVoidErrorWithMessage_EnumerationsOptions         | S1: Return Void Error With Message          |   135.758 ns |  1.00 |    1520 B |        1.00 |
| S1_ReturnVoidErrorWithMessage_FluentResults               | S1: Return Void Error With Message          |   470.878 ns |  3.47 |    2640 B |        1.74 |
| S1_ReturnVoidErrorWithMessage_LightResults                | S1: Return Void Error With Message          |   119.185 ns |  0.88 |     560 B |        0.37 |
| S1_ReturnVoidErrorWithMessage_Rascal                      | S1: Return Void Error With Message          |    41.315 ns |  0.30 |     240 B |        0.16 |
| S1_ReturnVoidErrorWithMessage_SimpleResults               | S1: Return Void Error With Message          |   385.511 ns |  2.84 |     400 B |        0.26 |
|                                                           |                                             |              |       |           |             |
| S1_ReturnVoidSuccess_ArdalisResult                        | S1: Return Void Success                     |    75.749 ns |  1.08 |     720 B |        3.00 |
| S1_ReturnVoidSuccess_EnumerationsOptions                  | S1: Return Void Success                     |    70.428 ns |  1.00 |     240 B |        1.00 |
| S1_ReturnVoidSuccess_FluentResults                        | S1: Return Void Success                     |   118.114 ns |  1.68 |     560 B |        2.33 |
| S1_ReturnVoidSuccess_LightResults                         | S1: Return Void Success                     |     3.137 ns |  0.04 |         - |        0.00 |
| S1_ReturnVoidSuccess_Rascal                               | S1: Return Void Success                     |     2.612 ns |  0.04 |         - |        0.00 |
| S1_ReturnVoidSuccess_SimpleResults                        | S1: Return Void Success                     |   762.007 ns | 10.82 |     400 B |        1.67 |

// * Warnings *
MultimodalDistribution
  Scenario1.S1_CheckVoidErrorNoMessage_Rascal: .NET 10.0                   -> It seems that the distribution can have several modes (mValue = 2.86)
  Scenario1.S1_CheckVoidErrorWithMessage_Rascal: .NET 10.0                 -> It seems that the distribution is bimodal (mValue = 3.38)
  Scenario1.S1_ReturnOptionStringErrorWithMessage_Rascal: .NET 10.0        -> It seems that the distribution is multimodal (mValue = 4.34)
  Scenario1.S1_ReturnOptionStringErrorWithMessage_SimpleResults: .NET 10.0 -> It seems that the distribution can have several modes (mValue = 3.07)
  Scenario1.S1_ReturnOptionStringNone_EnumerationsOptions: .NET 10.0       -> It seems that the distribution is bimodal (mValue = 4.06)

// * Hints *
Outliers
  Scenario1.S1_CheckOptionStringErrorNoMessage_ArdalisResult: .NET 10.0          -> 9 outliers were removed (117.72 ns..124.08 ns)
  Scenario1.S1_CheckOptionStringErrorNoMessage_EnumerationsOptions: .NET 10.0    -> 3 outliers were removed (166.96 ns..183.02 ns)
  Scenario1.S1_CheckOptionStringErrorNoMessage_FluentResults: .NET 10.0          -> 5 outliers were removed (1.03 μs..1.26 μs)
  Scenario1.S1_CheckOptionStringErrorNoMessage_LightResults: .NET 10.0           -> 4 outliers were removed (5.20 ns..6.25 ns)
  Scenario1.S1_CheckOptionStringErrorNoMessage_Rascal: .NET 10.0                 -> 7 outliers were removed, 14 outliers were detected (43.91 ns..45.41 ns, 58.84 ns..63.39 ns)
  Scenario1.S1_CheckOptionStringErrorWithMessage_ArdalisResult: .NET 10.0        -> 4 outliers were removed (275.55 ns..316.46 ns)
  Scenario1.S1_CheckOptionStringErrorWithMessage_EnumerationsOptions: .NET 10.0  -> 6 outliers were removed (230.05 ns..250.55 ns)
  Scenario1.S1_CheckOptionStringErrorWithMessage_FluentResults: .NET 10.0        -> 4 outliers were removed (1.80 μs..1.88 μs)
  Scenario1.S1_CheckOptionStringErrorWithMessage_LightResults: .NET 10.0         -> 4 outliers were removed (129.12 ns..145.26 ns)
  Scenario1.S1_CheckOptionStringErrorWithMessage_Rascal: .NET 10.0               -> 2 outliers were removed (44.46 ns, 45.65 ns)
  Scenario1.S1_CheckOptionStringErrorWithMessage_SimpleResults: .NET 10.0        -> 2 outliers were removed (946.20 ns, 964.17 ns)
  Scenario1.S1_CheckOptionStringSuccess_ArdalisResult: .NET 10.0                 -> 1 outlier  was  removed (97.21 ns)
  Scenario1.S1_CheckOptionStringSuccess_EnumerationsOptions: .NET 10.0           -> 3 outliers were detected (47.35 ns..47.71 ns)
  Scenario1.S1_CheckOptionStringSuccess_Rascal: .NET 10.0                        -> 3 outliers were removed (4.68 ns..5.34 ns)
  Scenario1.S1_CheckOptionStringSuccess_SimpleResults: .NET 10.0                 -> 4 outliers were removed (996.40 ns..1.02 μs)
  Scenario1.S1_CheckVoidErrorNoMessage_ArdalisResult: .NET 10.0                  -> 1 outlier  was  detected (100.12 ns)
  Scenario1.S1_CheckVoidErrorNoMessage_EnumerationsOptions: .NET 10.0            -> 6 outliers were removed (164.04 ns..185.38 ns)
  Scenario1.S1_CheckVoidErrorNoMessage_FluentResults: .NET 10.0                  -> 4 outliers were removed (864.94 ns..903.80 ns)
  Scenario1.S1_CheckVoidErrorNoMessage_LightResults: .NET 10.0                   -> 2 outliers were removed (4.90 ns, 5.13 ns)
  Scenario1.S1_CheckVoidErrorNoMessage_Rascal: .NET 10.0                         -> 1 outlier  was  removed (61.01 ns)
  Scenario1.S1_CheckVoidErrorWithMessage_ArdalisResult: .NET 10.0                -> 2 outliers were detected (211.02 ns, 213.24 ns)
  Scenario1.S1_CheckVoidErrorWithMessage_EnumerationsOptions: .NET 10.0          -> 4 outliers were removed (224.49 ns..245.52 ns)
  Scenario1.S1_CheckVoidErrorWithMessage_LightResults: .NET 10.0                 -> 1 outlier  was  removed (123.98 ns)
  Scenario1.S1_CheckVoidErrorWithMessage_Rascal: .NET 10.0                       -> 3 outliers were removed (68.44 ns..88.48 ns)
  Scenario1.S1_CheckVoidErrorWithMessage_SimpleResults: .NET 10.0                -> 1 outlier  was  removed (521.07 ns)
  Scenario1.S1_CheckVoidSuccess_ArdalisResult: .NET 10.0                         -> 1 outlier  was  removed (105.52 ns)
  Scenario1.S1_CheckVoidSuccess_EnumerationsOptions: .NET 10.0                   -> 2 outliers were removed, 3 outliers were detected (71.53 ns, 79.38 ns, 79.65 ns)
  Scenario1.S1_CheckVoidSuccess_FluentResults: .NET 10.0                         -> 4 outliers were removed (244.34 ns..261.32 ns)
  Scenario1.S1_CheckVoidSuccess_Rascal: .NET 10.0                                -> 1 outlier  was  removed (4.72 ns)
  Scenario1.S1_CheckVoidSuccess_SimpleResults: .NET 10.0                         -> 3 outliers were removed (1.02 μs..1.05 μs)
  Scenario1.S1_ReturnOptionStringErrorNoMessage_EnumerationsOptions: .NET 10.0   -> 6 outliers were removed (170.48 ns..191.89 ns)
  Scenario1.S1_ReturnOptionStringErrorNoMessage_FluentResults: .NET 10.0         -> 5 outliers were removed (547.84 ns..651.57 ns)
  Scenario1.S1_ReturnOptionStringErrorNoMessage_LightResults: .NET 10.0          -> 1 outlier  was  removed (5.56 ns)
  Scenario1.S1_ReturnOptionStringErrorNoMessage_Rascal: .NET 10.0                -> 6 outliers were removed, 9 outliers were detected (42.76 ns..43.83 ns, 59.63 ns..63.35 ns)
  Scenario1.S1_ReturnOptionStringErrorWithMessage_ArdalisResult: .NET 10.0       -> 1 outlier  was  removed, 2 outliers were detected (143.06 ns, 154.01 ns)
  Scenario1.S1_ReturnOptionStringErrorWithMessage_EnumerationsOptions: .NET 10.0 -> 2 outliers were removed (153.47 ns, 165.93 ns)
  Scenario1.S1_ReturnOptionStringErrorWithMessage_FluentResults: .NET 10.0       -> 1 outlier  was  detected (506.24 ns)
  Scenario1.S1_ReturnOptionStringErrorWithMessage_LightResults: .NET 10.0        -> 1 outlier  was  detected (111.14 ns)
  Scenario1.S1_ReturnOptionStringErrorWithMessage_SimpleResults: .NET 10.0       -> 3 outliers were removed (1.12 μs..1.38 μs)
  Scenario1.S1_ReturnOptionStringNone_ArdalisResult: .NET 10.0                   -> 2 outliers were removed (130.90 ns, 138.09 ns)
  Scenario1.S1_ReturnOptionStringNone_EnumerationsOptions: .NET 10.0             -> 1 outlier  was  removed (119.43 ns)
  Scenario1.S1_ReturnOptionStringNone_FluentResults: .NET 10.0                   -> 2 outliers were removed (235.47 ns, 237.85 ns)
  Scenario1.S1_ReturnOptionStringNone_LightResults: .NET 10.0                    -> 3 outliers were removed, 4 outliers were detected (4.95 ns, 5.63 ns..5.70 ns)
  Scenario1.S1_ReturnOptionStringNone_SimpleResults: .NET 10.0                   -> 1 outlier  was  removed (864.88 ns)
  Scenario1.S1_ReturnOptionStringSuccess_ArdalisResult: .NET 10.0                -> 1 outlier  was  removed (120.56 ns)
  Scenario1.S1_ReturnOptionStringSuccess_EnumerationsOptions: .NET 10.0          -> 3 outliers were removed (69.80 ns..80.28 ns)
  Scenario1.S1_ReturnOptionStringSuccess_LightResults: .NET 10.0                 -> 1 outlier  was  removed, 2 outliers were detected (4.45 ns, 5.64 ns)
  Scenario1.S1_ReturnOptionStringSuccess_SimpleResults: .NET 10.0                -> 4 outliers were removed (941.94 ns..1.02 μs)
  Scenario1.S1_ReturnVoidErrorNoMessage_ArdalisResult: .NET 10.0                 -> 4 outliers were removed (111.55 ns..112.82 ns)
  Scenario1.S1_ReturnVoidErrorNoMessage_EnumerationsOptions: .NET 10.0           -> 16 outliers were removed (149.72 ns..170.34 ns)
  Scenario1.S1_ReturnVoidErrorNoMessage_FluentResults: .NET 10.0                 -> 4 outliers were removed, 9 outliers were detected (443.33 ns..448.14 ns, 492.31 ns..499.09 ns)
  Scenario1.S1_ReturnVoidErrorNoMessage_LightResults: .NET 10.0                  -> 1 outlier  was  detected (4.51 ns)
  Scenario1.S1_ReturnVoidErrorNoMessage_Rascal: .NET 10.0                        -> 15 outliers were removed (49.42 ns..56.93 ns)
  Scenario1.S1_ReturnVoidErrorWithMessage_ArdalisResult: .NET 10.0               -> 1 outlier  was  detected (135.30 ns)
  Scenario1.S1_ReturnVoidErrorWithMessage_EnumerationsOptions: .NET 10.0         -> 4 outliers were detected (131.53 ns..132.54 ns)
  Scenario1.S1_ReturnVoidErrorWithMessage_FluentResults: .NET 10.0               -> 1 outlier  was  removed (511.04 ns)
  Scenario1.S1_ReturnVoidErrorWithMessage_LightResults: .NET 10.0                -> 1 outlier  was  detected (114.88 ns)
  Scenario1.S1_ReturnVoidErrorWithMessage_Rascal: .NET 10.0                      -> 15 outliers were removed (53.54 ns..60.50 ns)
  Scenario1.S1_ReturnVoidErrorWithMessage_SimpleResults: .NET 10.0               -> 1 outlier  was  removed, 2 outliers were detected (384.28 ns, 393.52 ns)
  Scenario1.S1_ReturnVoidSuccess_ArdalisResult: .NET 10.0                        -> 1 outlier  was  removed (80.00 ns)
  Scenario1.S1_ReturnVoidSuccess_EnumerationsOptions: .NET 10.0                  -> 1 outlier  was  removed, 2 outliers were detected (71.17 ns, 79.44 ns)
  Scenario1.S1_ReturnVoidSuccess_FluentResults: .NET 10.0                        -> 1 outlier  was  detected (114.18 ns)
  Scenario1.S1_ReturnVoidSuccess_Rascal: .NET 10.0                               -> 1 outlier  was  removed (4.23 ns)
  Scenario1.S1_ReturnVoidSuccess_SimpleResults: .NET 10.0                        -> 1 outlier  was  removed (888.88 ns)
HideColumnsAnalyser
  Summary -> Hidden columns: Iterations, Error, StdDev, Median, RatioSD, Gen0

// * Legends *
  Categories  : All categories of the corresponded method, class, and assembly
  Mean        : Arithmetic mean of all measurements
  Ratio       : Mean of the ratio distribution ([Current]/[Baseline])
  Allocated   : Allocated memory per single operation (managed only, inclusive, 1KB = 1024B)
  Alloc Ratio : Allocated memory ratio distribution ([Current]/[Baseline])
  1 ns        : 1 Nanosecond (0.000000001 sec)

// * Diagnostic Output - MemoryDiagnoser *


// ***** BenchmarkRunner: End *****
Run time: 00:22:42 (1362.12 sec), executed benchmarks: 78

Global total time: 00:22:52 (1372.67 sec), executed benchmarks: 78
// * Artifacts cleanup *
Artifacts cleanup is finished
