// Validating benchmarks:
// ***** BenchmarkRunner: Start   *****
// ***** Found 13 benchmark(s) in total *****
// ***** Building 1 exe(s) in Parallel: Start   *****
// start dotnet  restore --nodeReuse:false /p:UseSharedCompilation=false /p:Deterministic=true /p:Optimize=true /p:ArtifactsPath="D:\x\devs\reilly-digital\dotnet\enumerations.options.benchmarks\bin\Debug\net10.0\Enumerations.Options.Benchmarks-1/" /p:OutDir="D:\x\devs\reilly-digital\dotnet\enumerations.options.benchmarks\bin\Debug\net10.0\Enumerations.Options.Benchmarks-1\bin\Release\net10.0/" /p:OutputPath="D:\x\devs\reilly-digital\dotnet\enumerations.options.benchmarks\bin\Debug\net10.0\Enumerations.Options.Benchmarks-1\bin\Release\net10.0/" /p:PublishDir="D:\x\devs\reilly-digital\dotnet\enumerations.options.benchmarks\bin\Debug\net10.0\Enumerations.Options.Benchmarks-1\publish/" in D:\x\devs\reilly-digital\dotnet\enumerations.options.benchmarks\bin\Debug\net10.0\Enumerations.Options.Benchmarks-1
// command took 1.31 sec and exited with 0
// start dotnet  build -c Release --no-restore --nodeReuse:false /p:UseSharedCompilation=false /p:Deterministic=true /p:Optimize=true /p:ArtifactsPath="D:\x\devs\reilly-digital\dotnet\enumerations.options.benchmarks\bin\Debug\net10.0\Enumerations.Options.Benchmarks-1/" /p:OutDir="D:\x\devs\reilly-digital\dotnet\enumerations.options.benchmarks\bin\Debug\net10.0\Enumerations.Options.Benchmarks-1\bin\Release\net10.0/" /p:OutputPath="D:\x\devs\reilly-digital\dotnet\enumerations.options.benchmarks\bin\Debug\net10.0\Enumerations.Options.Benchmarks-1\bin\Release\net10.0/" /p:PublishDir="D:\x\devs\reilly-digital\dotnet\enumerations.options.benchmarks\bin\Debug\net10.0\Enumerations.Options.Benchmarks-1\publish/" --output "D:\x\devs\reilly-digital\dotnet\enumerations.options.benchmarks\bin\Debug\net10.0\Enumerations.Options.Benchmarks-1\bin\Release\net10.0/" in D:\x\devs\reilly-digital\dotnet\enumerations.options.benchmarks\bin\Debug\net10.0\Enumerations.Options.Benchmarks-1
// command took 8.32 sec and exited with 0
// ***** Done, took 00:00:09 (9.69 sec)   *****
// Found 13 benchmarks:
//   Scenario1.S1_CheckOptionStringErrorNoMessage_EnumerationsOptions: .NET 10.0(Runtime=.NET 10.0, IterationTime=100ms) [Iterations=2]
//   Scenario1.S1_CheckOptionStringErrorWithMessage_EnumerationsOptions: .NET 10.0(Runtime=.NET 10.0, IterationTime=100ms) [Iterations=2]
//   Scenario1.S1_CheckOptionStringSuccess_EnumerationsOptions: .NET 10.0(Runtime=.NET 10.0, IterationTime=100ms) [Iterations=2]
//   Scenario1.S1_CheckVoidErrorNoMessage_EnumerationsOptions: .NET 10.0(Runtime=.NET 10.0, IterationTime=100ms) [Iterations=2]
//   Scenario1.S1_CheckVoidErrorWithMessage_EnumerationsOptions: .NET 10.0(Runtime=.NET 10.0, IterationTime=100ms) [Iterations=2]
//   Scenario1.S1_CheckVoidSuccess_EnumerationsOptions: .NET 10.0(Runtime=.NET 10.0, IterationTime=100ms) [Iterations=2]
//   Scenario1.S1_ReturnOptionStringErrorNoMessage_EnumerationsOptions: .NET 10.0(Runtime=.NET 10.0, IterationTime=100ms) [Iterations=2]
//   Scenario1.S1_ReturnOptionStringErrorWithMessage_EnumerationsOptions: .NET 10.0(Runtime=.NET 10.0, IterationTime=100ms) [Iterations=2]
//   Scenario1.S1_ReturnOptionStringNone_EnumerationsOptions: .NET 10.0(Runtime=.NET 10.0, IterationTime=100ms) [Iterations=2]
//   Scenario1.S1_ReturnOptionStringSuccess_EnumerationsOptions: .NET 10.0(Runtime=.NET 10.0, IterationTime=100ms) [Iterations=2]
//   Scenario1.S1_ReturnVoidErrorNoMessage_EnumerationsOptions: .NET 10.0(Runtime=.NET 10.0, IterationTime=100ms) [Iterations=2]
//   Scenario1.S1_ReturnVoidErrorWithMessage_EnumerationsOptions: .NET 10.0(Runtime=.NET 10.0, IterationTime=100ms) [Iterations=2]
//   Scenario1.S1_ReturnVoidSuccess_EnumerationsOptions: .NET 10.0(Runtime=.NET 10.0, IterationTime=100ms) [Iterations=2]

Setup power plan (GUID: 8c5e7fda-e8bf-4a96-9a85-a6e23a8c635c FriendlyName: High performance)
// **************************
// Benchmark: Scenario1.S1_CheckOptionStringErrorNoMessage_EnumerationsOptions: .NET 10.0(Runtime=.NET 10.0, IterationTime=100ms) [Iterations=2]
// *** Execute ***
// Launch: 1 / 1
// Execute: dotnet Enumerations.Options.Benchmarks-1.dll --anonymousPipes 1628 1624 --benchmarkName "ReillyDigital.Enumerations.Options.Benchmarks.Scenarios.Scenario1.S1_CheckOptionStringErrorNoMessage_EnumerationsOptions(Iterations: 2)" --job ".NET 10.0" --benchmarkId 0 in D:\x\devs\reilly-digital\dotnet\enumerations.options.benchmarks\bin\Debug\net10.0\Enumerations.Options.Benchmarks-1\bin\Release\net10.0
// BeforeAnythingElse

// Benchmark Process Environment Information:
// BenchmarkDotNet v0.15.8
// Runtime=.NET 10.0.3 (10.0.3, 10.0.326.7603), X64 RyuJIT x86-64-v3
// GC=Concurrent Workstation
// HardwareIntrinsics=AVX2+BMI1+BMI2+F16C+FMA+LZCNT+MOVBE,AVX,SSE3+SSSE3+SSE4.1+SSE4.2+POPCNT,X86Base+SSE+SSE2,AES+PCLMUL VectorSize=256
// Job: .NET 10.0(IterationTime=100ms)

OverheadJitting  1: 1 op, 112600.00 ns, 112.6000 us/op
WorkloadJitting  1: 1 op, 10390200.00 ns, 10.3902 ms/op

WorkloadPilot    1: 4 op, 900.00 ns, 225.0000 ns/op
WorkloadPilot    2: 444444 op, 38009400.00 ns, 85.5212 ns/op
WorkloadPilot    3: 1169300 op, 97133000.00 ns, 83.0694 ns/op
WorkloadPilot    4: 1203813 op, 97909200.00 ns, 81.3326 ns/op
WorkloadPilot    5: 1229520 op, 2573800.00 ns, 2.0933 ns/op
WorkloadPilot    6: 47770612 op, 92161200.00 ns, 1.9292 ns/op
WorkloadPilot    7: 51833757 op, 101107200.00 ns, 1.9506 ns/op
WorkloadPilot    8: 51266138 op, 98653100.00 ns, 1.9243 ns/op
WorkloadPilot    9: 51966069 op, 101195900.00 ns, 1.9473 ns/op
WorkloadPilot   10: 51351951 op, 102703800.00 ns, 2.0000 ns/op

WorkloadWarmup   1: 51351951 op, 102018100.00 ns, 1.9866 ns/op
WorkloadWarmup   2: 51351951 op, 101968600.00 ns, 1.9857 ns/op
WorkloadWarmup   3: 51351951 op, 99707700.00 ns, 1.9417 ns/op
WorkloadWarmup   4: 51351951 op, 99118700.00 ns, 1.9302 ns/op
WorkloadWarmup   5: 51351951 op, 101723000.00 ns, 1.9809 ns/op
WorkloadWarmup   6: 51351951 op, 101239200.00 ns, 1.9715 ns/op
WorkloadWarmup   7: 51351951 op, 98827800.00 ns, 1.9245 ns/op
WorkloadWarmup   8: 51351951 op, 98966800.00 ns, 1.9272 ns/op
WorkloadWarmup   9: 51351951 op, 98882800.00 ns, 1.9256 ns/op

// BeforeActualRun
WorkloadActual   1: 51351951 op, 100749000.00 ns, 1.9619 ns/op
WorkloadActual   2: 51351951 op, 99870100.00 ns, 1.9448 ns/op
WorkloadActual   3: 51351951 op, 99828400.00 ns, 1.9440 ns/op
WorkloadActual   4: 51351951 op, 100047600.00 ns, 1.9483 ns/op
WorkloadActual   5: 51351951 op, 99763000.00 ns, 1.9427 ns/op
WorkloadActual   6: 51351951 op, 99757800.00 ns, 1.9426 ns/op
WorkloadActual   7: 51351951 op, 99540400.00 ns, 1.9384 ns/op
WorkloadActual   8: 51351951 op, 98647900.00 ns, 1.9210 ns/op
WorkloadActual   9: 51351951 op, 98692400.00 ns, 1.9219 ns/op
WorkloadActual  10: 51351951 op, 98587500.00 ns, 1.9198 ns/op
WorkloadActual  11: 51351951 op, 98683500.00 ns, 1.9217 ns/op
WorkloadActual  12: 51351951 op, 99759600.00 ns, 1.9427 ns/op
WorkloadActual  13: 51351951 op, 98646700.00 ns, 1.9210 ns/op
WorkloadActual  14: 51351951 op, 99782500.00 ns, 1.9431 ns/op
WorkloadActual  15: 51351951 op, 98854200.00 ns, 1.9250 ns/op

// AfterActualRun
WorkloadResult   1: 51351951 op, 100749000.00 ns, 1.9619 ns/op
WorkloadResult   2: 51351951 op, 99870100.00 ns, 1.9448 ns/op
WorkloadResult   3: 51351951 op, 99828400.00 ns, 1.9440 ns/op
WorkloadResult   4: 51351951 op, 100047600.00 ns, 1.9483 ns/op
WorkloadResult   5: 51351951 op, 99763000.00 ns, 1.9427 ns/op
WorkloadResult   6: 51351951 op, 99757800.00 ns, 1.9426 ns/op
WorkloadResult   7: 51351951 op, 99540400.00 ns, 1.9384 ns/op
WorkloadResult   8: 51351951 op, 98647900.00 ns, 1.9210 ns/op
WorkloadResult   9: 51351951 op, 98692400.00 ns, 1.9219 ns/op
WorkloadResult  10: 51351951 op, 98587500.00 ns, 1.9198 ns/op
WorkloadResult  11: 51351951 op, 98683500.00 ns, 1.9217 ns/op
WorkloadResult  12: 51351951 op, 99759600.00 ns, 1.9427 ns/op
WorkloadResult  13: 51351951 op, 98646700.00 ns, 1.9210 ns/op
WorkloadResult  14: 51351951 op, 99782500.00 ns, 1.9431 ns/op
WorkloadResult  15: 51351951 op, 98854200.00 ns, 1.9250 ns/op
// GC:  0 0 0 0 51351951
// Threading:  0 0 51351951

// AfterAll
// Benchmark Process 16924 has exited with code 0.

Mean = 1.936 ns, StdErr = 0.003 ns (0.17%), N = 15, StdDev = 0.013 ns
Min = 1.920 ns, Q1 = 1.922 ns, Median = 1.943 ns, Q3 = 1.944 ns, Max = 1.962 ns
IQR = 0.022 ns, LowerFence = 1.889 ns, UpperFence = 1.976 ns
ConfidenceInterval = [1.922 ns; 1.950 ns] (CI 99.9%), Margin = 0.014 ns (0.72% of Mean)
Skewness = 0.13, Kurtosis = 1.74, MValue = 2

// ** Remained 12 (92.3%) benchmark(s) to run. Estimated finish 2026-02-24 22:39 (0h 0m from now) **
Setup power plan (GUID: 8c5e7fda-e8bf-4a96-9a85-a6e23a8c635c FriendlyName: High performance)
// **************************
// Benchmark: Scenario1.S1_CheckOptionStringErrorWithMessage_EnumerationsOptions: .NET 10.0(Runtime=.NET 10.0, IterationTime=100ms) [Iterations=2]
// *** Execute ***
// Launch: 1 / 1
// Execute: dotnet Enumerations.Options.Benchmarks-1.dll --anonymousPipes 1584 1560 --benchmarkName "ReillyDigital.Enumerations.Options.Benchmarks.Scenarios.Scenario1.S1_CheckOptionStringErrorWithMessage_EnumerationsOptions(Iterations: 2)" --job ".NET 10.0" --benchmarkId 1 in D:\x\devs\reilly-digital\dotnet\enumerations.options.benchmarks\bin\Debug\net10.0\Enumerations.Options.Benchmarks-1\bin\Release\net10.0
// BeforeAnythingElse

// Benchmark Process Environment Information:
// BenchmarkDotNet v0.15.8
// Runtime=.NET 10.0.3 (10.0.3, 10.0.326.7603), X64 RyuJIT x86-64-v3
// GC=Concurrent Workstation
// HardwareIntrinsics=AVX2+BMI1+BMI2+F16C+FMA+LZCNT+MOVBE,AVX,SSE3+SSSE3+SSE4.1+SSE4.2+POPCNT,X86Base+SSE+SSE2,AES+PCLMUL VectorSize=256
// Job: .NET 10.0(IterationTime=100ms)

OverheadJitting  1: 1 op, 115800.00 ns, 115.8000 us/op
WorkloadJitting  1: 1 op, 1349600.00 ns, 1.3496 ms/op

OverheadJitting  2: 16 op, 171800.00 ns, 10.7375 us/op
WorkloadJitting  2: 16 op, 298500.00 ns, 18.6563 us/op

WorkloadPilot    1: 16 op, 2200.00 ns, 137.5000 ns/op
WorkloadPilot    2: 727280 op, 55977300.00 ns, 76.9680 ns/op
WorkloadPilot    3: 1299248 op, 58640900.00 ns, 45.1345 ns/op
WorkloadPilot    4: 2215600 op, 4218500.00 ns, 1.9040 ns/op
WorkloadPilot    5: 52521040 op, 93662800.00 ns, 1.7833 ns/op
WorkloadPilot    6: 56074608 op, 98317500.00 ns, 1.7533 ns/op
WorkloadPilot    7: 57034224 op, 108401900.00 ns, 1.9006 ns/op
WorkloadPilot    8: 52613680 op, 98865900.00 ns, 1.8791 ns/op
WorkloadPilot    9: 53217216 op, 96013100.00 ns, 1.8042 ns/op
WorkloadPilot   10: 55427040 op, 100256700.00 ns, 1.8088 ns/op
WorkloadPilot   11: 55285136 op, 96252800.00 ns, 1.7410 ns/op
WorkloadPilot   12: 57437440 op, 102539200.00 ns, 1.7852 ns/op

OverheadWarmup   1: 57437440 op, 140804300.00 ns, 2.4514 ns/op
OverheadWarmup   2: 57437440 op, 112083400.00 ns, 1.9514 ns/op
OverheadWarmup   3: 57437440 op, 85316800.00 ns, 1.4854 ns/op
OverheadWarmup   4: 57437440 op, 85265500.00 ns, 1.4845 ns/op
OverheadWarmup   5: 57437440 op, 85395600.00 ns, 1.4868 ns/op
OverheadWarmup   6: 57437440 op, 85360400.00 ns, 1.4861 ns/op
OverheadWarmup   7: 57437440 op, 85280300.00 ns, 1.4848 ns/op
OverheadWarmup   8: 57437440 op, 85287600.00 ns, 1.4849 ns/op
OverheadWarmup   9: 57437440 op, 86667400.00 ns, 1.5089 ns/op
OverheadWarmup  10: 57437440 op, 85276700.00 ns, 1.4847 ns/op

OverheadActual   1: 57437440 op, 85589300.00 ns, 1.4901 ns/op
OverheadActual   2: 57437440 op, 85348700.00 ns, 1.4859 ns/op
OverheadActual   3: 57437440 op, 85412100.00 ns, 1.4870 ns/op
OverheadActual   4: 57437440 op, 85308600.00 ns, 1.4852 ns/op
OverheadActual   5: 57437440 op, 85359500.00 ns, 1.4861 ns/op
OverheadActual   6: 57437440 op, 86107000.00 ns, 1.4991 ns/op
OverheadActual   7: 57437440 op, 89177500.00 ns, 1.5526 ns/op
OverheadActual   8: 57437440 op, 87685100.00 ns, 1.5266 ns/op
OverheadActual   9: 57437440 op, 87265900.00 ns, 1.5193 ns/op
OverheadActual  10: 57437440 op, 85859500.00 ns, 1.4948 ns/op
OverheadActual  11: 57437440 op, 85492700.00 ns, 1.4884 ns/op
OverheadActual  12: 57437440 op, 85735600.00 ns, 1.4927 ns/op
OverheadActual  13: 57437440 op, 85410600.00 ns, 1.4870 ns/op
OverheadActual  14: 57437440 op, 85395700.00 ns, 1.4868 ns/op
OverheadActual  15: 57437440 op, 86638200.00 ns, 1.5084 ns/op

WorkloadWarmup   1: 57437440 op, 114685300.00 ns, 1.9967 ns/op
WorkloadWarmup   2: 57437440 op, 104037000.00 ns, 1.8113 ns/op
WorkloadWarmup   3: 57437440 op, 102440100.00 ns, 1.7835 ns/op
WorkloadWarmup   4: 57437440 op, 99974200.00 ns, 1.7406 ns/op
WorkloadWarmup   5: 57437440 op, 100679000.00 ns, 1.7528 ns/op
WorkloadWarmup   6: 57437440 op, 111044700.00 ns, 1.9333 ns/op
WorkloadWarmup   7: 57437440 op, 111785600.00 ns, 1.9462 ns/op
WorkloadWarmup   8: 57437440 op, 105605100.00 ns, 1.8386 ns/op
WorkloadWarmup   9: 57437440 op, 106525800.00 ns, 1.8546 ns/op
WorkloadWarmup  10: 57437440 op, 107378600.00 ns, 1.8695 ns/op
WorkloadWarmup  11: 57437440 op, 99853300.00 ns, 1.7385 ns/op

// BeforeActualRun
WorkloadActual   1: 57437440 op, 100296100.00 ns, 1.7462 ns/op
WorkloadActual   2: 57437440 op, 99819300.00 ns, 1.7379 ns/op
WorkloadActual   3: 57437440 op, 99303700.00 ns, 1.7289 ns/op
WorkloadActual   4: 57437440 op, 104808700.00 ns, 1.8247 ns/op
WorkloadActual   5: 57437440 op, 100413400.00 ns, 1.7482 ns/op
WorkloadActual   6: 57437440 op, 100175000.00 ns, 1.7441 ns/op
WorkloadActual   7: 57437440 op, 100170200.00 ns, 1.7440 ns/op
WorkloadActual   8: 57437440 op, 100535800.00 ns, 1.7504 ns/op
WorkloadActual   9: 57437440 op, 99918200.00 ns, 1.7396 ns/op
WorkloadActual  10: 57437440 op, 100392100.00 ns, 1.7479 ns/op
WorkloadActual  11: 57437440 op, 100221600.00 ns, 1.7449 ns/op
WorkloadActual  12: 57437440 op, 99979500.00 ns, 1.7407 ns/op
WorkloadActual  13: 57437440 op, 100042700.00 ns, 1.7418 ns/op
WorkloadActual  14: 57437440 op, 100868600.00 ns, 1.7561 ns/op
WorkloadActual  15: 57437440 op, 100508100.00 ns, 1.7499 ns/op

// AfterActualRun
WorkloadResult   1: 57437440 op, 14706800.00 ns, 0.2560 ns/op
WorkloadResult   2: 57437440 op, 14230000.00 ns, 0.2477 ns/op
WorkloadResult   3: 57437440 op, 13714400.00 ns, 0.2388 ns/op
WorkloadResult   4: 57437440 op, 14824100.00 ns, 0.2581 ns/op
WorkloadResult   5: 57437440 op, 14585700.00 ns, 0.2539 ns/op
WorkloadResult   6: 57437440 op, 14580900.00 ns, 0.2539 ns/op
WorkloadResult   7: 57437440 op, 14946500.00 ns, 0.2602 ns/op
WorkloadResult   8: 57437440 op, 14328900.00 ns, 0.2495 ns/op
WorkloadResult   9: 57437440 op, 14802800.00 ns, 0.2577 ns/op
WorkloadResult  10: 57437440 op, 14632300.00 ns, 0.2548 ns/op
WorkloadResult  11: 57437440 op, 14390200.00 ns, 0.2505 ns/op
WorkloadResult  12: 57437440 op, 14453400.00 ns, 0.2516 ns/op
WorkloadResult  13: 57437440 op, 15279300.00 ns, 0.2660 ns/op
WorkloadResult  14: 57437440 op, 14918800.00 ns, 0.2597 ns/op
// GC:  0 0 0 0 57437440
// Threading:  0 0 57437440

// AfterAll
// Benchmark Process 17020 has exited with code 0.

Mean = 0.254 ns, StdErr = 0.002 ns (0.69%), N = 14, StdDev = 0.007 ns
Min = 0.239 ns, Q1 = 0.251 ns, Median = 0.254 ns, Q3 = 0.258 ns, Max = 0.266 ns
IQR = 0.007 ns, LowerFence = 0.240 ns, UpperFence = 0.269 ns
ConfidenceInterval = [0.247 ns; 0.262 ns] (CI 99.9%), Margin = 0.007 ns (2.91% of Mean)
Skewness = -0.49, Kurtosis = 3.12, MValue = 2

// ** Remained 11 (84.6%) benchmark(s) to run. Estimated finish 2026-02-24 22:40 (0h 1m from now) **
Setup power plan (GUID: 8c5e7fda-e8bf-4a96-9a85-a6e23a8c635c FriendlyName: High performance)
// **************************
// Benchmark: Scenario1.S1_CheckOptionStringSuccess_EnumerationsOptions: .NET 10.0(Runtime=.NET 10.0, IterationTime=100ms) [Iterations=2]
// *** Execute ***
// Launch: 1 / 1
// Execute: dotnet Enumerations.Options.Benchmarks-1.dll --anonymousPipes 408 1572 --benchmarkName "ReillyDigital.Enumerations.Options.Benchmarks.Scenarios.Scenario1.S1_CheckOptionStringSuccess_EnumerationsOptions(Iterations: 2)" --job ".NET 10.0" --benchmarkId 2 in D:\x\devs\reilly-digital\dotnet\enumerations.options.benchmarks\bin\Debug\net10.0\Enumerations.Options.Benchmarks-1\bin\Release\net10.0
// BeforeAnythingElse

// Benchmark Process Environment Information:
// BenchmarkDotNet v0.15.8
// Runtime=.NET 10.0.3 (10.0.3, 10.0.326.7603), X64 RyuJIT x86-64-v3
// GC=Concurrent Workstation
// HardwareIntrinsics=AVX2+BMI1+BMI2+F16C+FMA+LZCNT+MOVBE,AVX,SSE3+SSSE3+SSE4.1+SSE4.2+POPCNT,X86Base+SSE+SSE2,AES+PCLMUL VectorSize=256
// Job: .NET 10.0(IterationTime=100ms)

OverheadJitting  1: 1 op, 107800.00 ns, 107.8000 us/op
WorkloadJitting  1: 1 op, 1336000.00 ns, 1.3360 ms/op

OverheadJitting  2: 16 op, 155700.00 ns, 9.7313 us/op
WorkloadJitting  2: 16 op, 148900.00 ns, 9.3063 us/op

WorkloadPilot    1: 16 op, 1800.00 ns, 112.5000 ns/op
WorkloadPilot    2: 888896 op, 69805100.00 ns, 78.5301 ns/op
WorkloadPilot    3: 1273408 op, 66005500.00 ns, 51.8337 ns/op
WorkloadPilot    4: 1929248 op, 3974600.00 ns, 2.0602 ns/op
WorkloadPilot    5: 48539440 op, 89655700.00 ns, 1.8471 ns/op
WorkloadPilot    6: 54139840 op, 100971100.00 ns, 1.8650 ns/op
WorkloadPilot    7: 53619152 op, 101907700.00 ns, 1.9006 ns/op
WorkloadPilot    8: 52615408 op, 106771800.00 ns, 2.0293 ns/op

OverheadWarmup   1: 52615408 op, 130725700.00 ns, 2.4846 ns/op
OverheadWarmup   2: 52615408 op, 112472100.00 ns, 2.1376 ns/op
OverheadWarmup   3: 52615408 op, 78441900.00 ns, 1.4909 ns/op
OverheadWarmup   4: 52615408 op, 80263400.00 ns, 1.5255 ns/op
OverheadWarmup   5: 52615408 op, 79317300.00 ns, 1.5075 ns/op
OverheadWarmup   6: 52615408 op, 79237600.00 ns, 1.5060 ns/op
OverheadWarmup   7: 52615408 op, 79161600.00 ns, 1.5045 ns/op
OverheadWarmup   8: 52615408 op, 79087400.00 ns, 1.5031 ns/op
OverheadWarmup   9: 52615408 op, 79265100.00 ns, 1.5065 ns/op
OverheadWarmup  10: 52615408 op, 80011000.00 ns, 1.5207 ns/op

OverheadActual   1: 52615408 op, 79650900.00 ns, 1.5138 ns/op
OverheadActual   2: 52615408 op, 79114100.00 ns, 1.5036 ns/op
OverheadActual   3: 52615408 op, 79174900.00 ns, 1.5048 ns/op
OverheadActual   4: 52615408 op, 78329400.00 ns, 1.4887 ns/op
OverheadActual   5: 52615408 op, 78352500.00 ns, 1.4892 ns/op
OverheadActual   6: 52615408 op, 78476300.00 ns, 1.4915 ns/op
OverheadActual   7: 52615408 op, 79390200.00 ns, 1.5089 ns/op
OverheadActual   8: 52615408 op, 78224500.00 ns, 1.4867 ns/op
OverheadActual   9: 52615408 op, 78350700.00 ns, 1.4891 ns/op
OverheadActual  10: 52615408 op, 78430700.00 ns, 1.4906 ns/op
OverheadActual  11: 52615408 op, 78187000.00 ns, 1.4860 ns/op
OverheadActual  12: 52615408 op, 79136400.00 ns, 1.5041 ns/op
OverheadActual  13: 52615408 op, 79346500.00 ns, 1.5080 ns/op
OverheadActual  14: 52615408 op, 79148200.00 ns, 1.5043 ns/op
OverheadActual  15: 52615408 op, 78402800.00 ns, 1.4901 ns/op

WorkloadWarmup   1: 52615408 op, 100674500.00 ns, 1.9134 ns/op
WorkloadWarmup   2: 52615408 op, 97436600.00 ns, 1.8519 ns/op
WorkloadWarmup   3: 52615408 op, 96227000.00 ns, 1.8289 ns/op
WorkloadWarmup   4: 52615408 op, 95735300.00 ns, 1.8195 ns/op
WorkloadWarmup   5: 52615408 op, 96461100.00 ns, 1.8333 ns/op
WorkloadWarmup   6: 52615408 op, 97064600.00 ns, 1.8448 ns/op
WorkloadWarmup   7: 52615408 op, 96873300.00 ns, 1.8412 ns/op
WorkloadWarmup   8: 52615408 op, 98869900.00 ns, 1.8791 ns/op
WorkloadWarmup   9: 52615408 op, 96741000.00 ns, 1.8386 ns/op

// BeforeActualRun
WorkloadActual   1: 52615408 op, 102038500.00 ns, 1.9393 ns/op
WorkloadActual   2: 52615408 op, 104308400.00 ns, 1.9825 ns/op
WorkloadActual   3: 52615408 op, 103850900.00 ns, 1.9738 ns/op
WorkloadActual   4: 52615408 op, 104777100.00 ns, 1.9914 ns/op
WorkloadActual   5: 52615408 op, 102588800.00 ns, 1.9498 ns/op
WorkloadActual   6: 52615408 op, 104140500.00 ns, 1.9793 ns/op
WorkloadActual   7: 52615408 op, 102805600.00 ns, 1.9539 ns/op
WorkloadActual   8: 52615408 op, 98968200.00 ns, 1.8810 ns/op
WorkloadActual   9: 52615408 op, 104109200.00 ns, 1.9787 ns/op
WorkloadActual  10: 52615408 op, 103935300.00 ns, 1.9754 ns/op
WorkloadActual  11: 52615408 op, 95235600.00 ns, 1.8100 ns/op
WorkloadActual  12: 52615408 op, 96407900.00 ns, 1.8323 ns/op
WorkloadActual  13: 52615408 op, 97191100.00 ns, 1.8472 ns/op
WorkloadActual  14: 52615408 op, 97576300.00 ns, 1.8545 ns/op
WorkloadActual  15: 52615408 op, 97048500.00 ns, 1.8445 ns/op
WorkloadActual  16: 52615408 op, 97536800.00 ns, 1.8538 ns/op
WorkloadActual  17: 52615408 op, 97904400.00 ns, 1.8608 ns/op
WorkloadActual  18: 52615408 op, 98461400.00 ns, 1.8713 ns/op
WorkloadActual  19: 52615408 op, 96752600.00 ns, 1.8389 ns/op
WorkloadActual  20: 52615408 op, 97065100.00 ns, 1.8448 ns/op
WorkloadActual  21: 52615408 op, 97482400.00 ns, 1.8527 ns/op
WorkloadActual  22: 52615408 op, 96615200.00 ns, 1.8363 ns/op
WorkloadActual  23: 52615408 op, 96077300.00 ns, 1.8260 ns/op
WorkloadActual  24: 52615408 op, 95767800.00 ns, 1.8201 ns/op
WorkloadActual  25: 52615408 op, 96180900.00 ns, 1.8280 ns/op
WorkloadActual  26: 52615408 op, 99394500.00 ns, 1.8891 ns/op
WorkloadActual  27: 52615408 op, 96084200.00 ns, 1.8262 ns/op
WorkloadActual  28: 52615408 op, 95801900.00 ns, 1.8208 ns/op
WorkloadActual  29: 52615408 op, 96254700.00 ns, 1.8294 ns/op
WorkloadActual  30: 52615408 op, 97226500.00 ns, 1.8479 ns/op
WorkloadActual  31: 52615408 op, 100004100.00 ns, 1.9007 ns/op
WorkloadActual  32: 52615408 op, 96090500.00 ns, 1.8263 ns/op
WorkloadActual  33: 52615408 op, 98432700.00 ns, 1.8708 ns/op

// AfterActualRun
WorkloadResult   1: 52615408 op, 23562200.00 ns, 0.4478 ns/op
WorkloadResult   2: 52615408 op, 25832100.00 ns, 0.4910 ns/op
WorkloadResult   3: 52615408 op, 25374600.00 ns, 0.4823 ns/op
WorkloadResult   4: 52615408 op, 26300800.00 ns, 0.4999 ns/op
WorkloadResult   5: 52615408 op, 24112500.00 ns, 0.4583 ns/op
WorkloadResult   6: 52615408 op, 25664200.00 ns, 0.4878 ns/op
WorkloadResult   7: 52615408 op, 24329300.00 ns, 0.4624 ns/op
WorkloadResult   8: 52615408 op, 20491900.00 ns, 0.3895 ns/op
WorkloadResult   9: 52615408 op, 25632900.00 ns, 0.4872 ns/op
WorkloadResult  10: 52615408 op, 25459000.00 ns, 0.4839 ns/op
WorkloadResult  11: 52615408 op, 16759300.00 ns, 0.3185 ns/op
WorkloadResult  12: 52615408 op, 17931600.00 ns, 0.3408 ns/op
WorkloadResult  13: 52615408 op, 18714800.00 ns, 0.3557 ns/op
WorkloadResult  14: 52615408 op, 19100000.00 ns, 0.3630 ns/op
WorkloadResult  15: 52615408 op, 18572200.00 ns, 0.3530 ns/op
WorkloadResult  16: 52615408 op, 19060500.00 ns, 0.3623 ns/op
WorkloadResult  17: 52615408 op, 19428100.00 ns, 0.3692 ns/op
WorkloadResult  18: 52615408 op, 19985100.00 ns, 0.3798 ns/op
WorkloadResult  19: 52615408 op, 18276300.00 ns, 0.3474 ns/op
WorkloadResult  20: 52615408 op, 18588800.00 ns, 0.3533 ns/op
WorkloadResult  21: 52615408 op, 19006100.00 ns, 0.3612 ns/op
WorkloadResult  22: 52615408 op, 18138900.00 ns, 0.3447 ns/op
WorkloadResult  23: 52615408 op, 17601000.00 ns, 0.3345 ns/op
WorkloadResult  24: 52615408 op, 17291500.00 ns, 0.3286 ns/op
WorkloadResult  25: 52615408 op, 17704600.00 ns, 0.3365 ns/op
WorkloadResult  26: 52615408 op, 20918200.00 ns, 0.3976 ns/op
WorkloadResult  27: 52615408 op, 17607900.00 ns, 0.3347 ns/op
WorkloadResult  28: 52615408 op, 17325600.00 ns, 0.3293 ns/op
WorkloadResult  29: 52615408 op, 17778400.00 ns, 0.3379 ns/op
WorkloadResult  30: 52615408 op, 18750200.00 ns, 0.3564 ns/op
WorkloadResult  31: 52615408 op, 21527800.00 ns, 0.4092 ns/op
WorkloadResult  32: 52615408 op, 17614200.00 ns, 0.3348 ns/op
WorkloadResult  33: 52615408 op, 19956400.00 ns, 0.3793 ns/op
// GC:  0 0 0 0 52615408
// Threading:  0 0 52615408

// AfterAll
// Benchmark Process 3908 has exited with code 0.

Mean = 0.388 ns, StdErr = 0.010 ns (2.67%), N = 33, StdDev = 0.060 ns
Min = 0.319 ns, Q1 = 0.341 ns, Median = 0.362 ns, Q3 = 0.448 ns, Max = 0.500 ns
IQR = 0.107 ns, LowerFence = 0.180 ns, UpperFence = 0.608 ns
ConfidenceInterval = [0.351 ns; 0.426 ns] (CI 99.9%), Margin = 0.038 ns (9.68% of Mean)
Skewness = 0.73, Kurtosis = 1.9, MValue = 2.78

// ** Remained 10 (76.9%) benchmark(s) to run. Estimated finish 2026-02-24 22:40 (0h 1m from now) **
Setup power plan (GUID: 8c5e7fda-e8bf-4a96-9a85-a6e23a8c635c FriendlyName: High performance)
// **************************
// Benchmark: Scenario1.S1_CheckVoidErrorNoMessage_EnumerationsOptions: .NET 10.0(Runtime=.NET 10.0, IterationTime=100ms) [Iterations=2]
// *** Execute ***
// Launch: 1 / 1
// Execute: dotnet Enumerations.Options.Benchmarks-1.dll --anonymousPipes 1612 1548 --benchmarkName "ReillyDigital.Enumerations.Options.Benchmarks.Scenarios.Scenario1.S1_CheckVoidErrorNoMessage_EnumerationsOptions(Iterations: 2)" --job ".NET 10.0" --benchmarkId 3 in D:\x\devs\reilly-digital\dotnet\enumerations.options.benchmarks\bin\Debug\net10.0\Enumerations.Options.Benchmarks-1\bin\Release\net10.0
// BeforeAnythingElse

// Benchmark Process Environment Information:
// BenchmarkDotNet v0.15.8
// Runtime=.NET 10.0.3 (10.0.3, 10.0.326.7603), X64 RyuJIT x86-64-v3
// GC=Concurrent Workstation
// HardwareIntrinsics=AVX2+BMI1+BMI2+F16C+FMA+LZCNT+MOVBE,AVX,SSE3+SSSE3+SSE4.1+SSE4.2+POPCNT,X86Base+SSE+SSE2,AES+PCLMUL VectorSize=256
// Job: .NET 10.0(IterationTime=100ms)

OverheadJitting  1: 1 op, 107300.00 ns, 107.3000 us/op
WorkloadJitting  1: 1 op, 1254100.00 ns, 1.2541 ms/op

OverheadJitting  2: 16 op, 167400.00 ns, 10.4625 us/op
WorkloadJitting  2: 16 op, 152800.00 ns, 9.5500 us/op

WorkloadPilot    1: 16 op, 1800.00 ns, 112.5000 ns/op
WorkloadPilot    2: 888896 op, 65448600.00 ns, 73.6291 ns/op
WorkloadPilot    3: 1358160 op, 62487700.00 ns, 46.0091 ns/op
WorkloadPilot    4: 2173488 op, 3764400.00 ns, 1.7320 ns/op
WorkloadPilot    5: 57737968 op, 99958600.00 ns, 1.7312 ns/op
WorkloadPilot    6: 57761888 op, 101268400.00 ns, 1.7532 ns/op
WorkloadPilot    7: 57038416 op, 99025000.00 ns, 1.7361 ns/op
WorkloadPilot    8: 57600016 op, 100762600.00 ns, 1.7494 ns/op
WorkloadPilot    9: 57164096 op, 98645500.00 ns, 1.7257 ns/op
WorkloadPilot   10: 57949024 op, 99946900.00 ns, 1.7247 ns/op
WorkloadPilot   11: 57979824 op, 99967700.00 ns, 1.7242 ns/op
WorkloadPilot   12: 57998560 op, 100065900.00 ns, 1.7253 ns/op

OverheadWarmup   1: 57998560 op, 130041500.00 ns, 2.2422 ns/op
OverheadWarmup   2: 57998560 op, 86081200.00 ns, 1.4842 ns/op
OverheadWarmup   3: 57998560 op, 86183200.00 ns, 1.4860 ns/op
OverheadWarmup   4: 57998560 op, 86101100.00 ns, 1.4845 ns/op
OverheadWarmup   5: 57998560 op, 86132700.00 ns, 1.4851 ns/op
OverheadWarmup   6: 57998560 op, 86185100.00 ns, 1.4860 ns/op
OverheadWarmup   7: 57998560 op, 86159400.00 ns, 1.4855 ns/op

OverheadActual   1: 57998560 op, 86246200.00 ns, 1.4870 ns/op
OverheadActual   2: 57998560 op, 86125600.00 ns, 1.4850 ns/op
OverheadActual   3: 57998560 op, 86154600.00 ns, 1.4855 ns/op
OverheadActual   4: 57998560 op, 86175500.00 ns, 1.4858 ns/op
OverheadActual   5: 57998560 op, 86106700.00 ns, 1.4846 ns/op
OverheadActual   6: 57998560 op, 86320800.00 ns, 1.4883 ns/op
OverheadActual   7: 57998560 op, 86173700.00 ns, 1.4858 ns/op
OverheadActual   8: 57998560 op, 86091000.00 ns, 1.4844 ns/op
OverheadActual   9: 57998560 op, 86227400.00 ns, 1.4867 ns/op
OverheadActual  10: 57998560 op, 86045800.00 ns, 1.4836 ns/op
OverheadActual  11: 57998560 op, 86438900.00 ns, 1.4904 ns/op
OverheadActual  12: 57998560 op, 86852900.00 ns, 1.4975 ns/op
OverheadActual  13: 57998560 op, 87356700.00 ns, 1.5062 ns/op
OverheadActual  14: 57998560 op, 87229300.00 ns, 1.5040 ns/op
OverheadActual  15: 57998560 op, 87632300.00 ns, 1.5109 ns/op

WorkloadWarmup   1: 57998560 op, 100007400.00 ns, 1.7243 ns/op
WorkloadWarmup   2: 57998560 op, 100283000.00 ns, 1.7291 ns/op
WorkloadWarmup   3: 57998560 op, 100031800.00 ns, 1.7247 ns/op
WorkloadWarmup   4: 57998560 op, 99975200.00 ns, 1.7238 ns/op
WorkloadWarmup   5: 57998560 op, 99993300.00 ns, 1.7241 ns/op
WorkloadWarmup   6: 57998560 op, 99972100.00 ns, 1.7237 ns/op

// BeforeActualRun
WorkloadActual   1: 57998560 op, 102280800.00 ns, 1.7635 ns/op
WorkloadActual   2: 57998560 op, 102293700.00 ns, 1.7637 ns/op
WorkloadActual   3: 57998560 op, 100032000.00 ns, 1.7247 ns/op
WorkloadActual   4: 57998560 op, 101529000.00 ns, 1.7505 ns/op
WorkloadActual   5: 57998560 op, 100301100.00 ns, 1.7294 ns/op
WorkloadActual   6: 57998560 op, 101160500.00 ns, 1.7442 ns/op
WorkloadActual   7: 57998560 op, 101379700.00 ns, 1.7480 ns/op
WorkloadActual   8: 57998560 op, 101147900.00 ns, 1.7440 ns/op
WorkloadActual   9: 57998560 op, 101122600.00 ns, 1.7435 ns/op
WorkloadActual  10: 57998560 op, 101201400.00 ns, 1.7449 ns/op
WorkloadActual  11: 57998560 op, 110644800.00 ns, 1.9077 ns/op
WorkloadActual  12: 57998560 op, 101871200.00 ns, 1.7564 ns/op
WorkloadActual  13: 57998560 op, 100480500.00 ns, 1.7325 ns/op
WorkloadActual  14: 57998560 op, 99971100.00 ns, 1.7237 ns/op
WorkloadActual  15: 57998560 op, 100033500.00 ns, 1.7248 ns/op

// AfterActualRun
WorkloadResult   1: 57998560 op, 16053400.00 ns, 0.2768 ns/op
WorkloadResult   2: 57998560 op, 16066300.00 ns, 0.2770 ns/op
WorkloadResult   3: 57998560 op, 13804600.00 ns, 0.2380 ns/op
WorkloadResult   4: 57998560 op, 15301600.00 ns, 0.2638 ns/op
WorkloadResult   5: 57998560 op, 14073700.00 ns, 0.2427 ns/op
WorkloadResult   6: 57998560 op, 14933100.00 ns, 0.2575 ns/op
WorkloadResult   7: 57998560 op, 15152300.00 ns, 0.2613 ns/op
WorkloadResult   8: 57998560 op, 14920500.00 ns, 0.2573 ns/op
WorkloadResult   9: 57998560 op, 14895200.00 ns, 0.2568 ns/op
WorkloadResult  10: 57998560 op, 14974000.00 ns, 0.2582 ns/op
WorkloadResult  11: 57998560 op, 15643800.00 ns, 0.2697 ns/op
WorkloadResult  12: 57998560 op, 14253100.00 ns, 0.2457 ns/op
WorkloadResult  13: 57998560 op, 13743700.00 ns, 0.2370 ns/op
WorkloadResult  14: 57998560 op, 13806100.00 ns, 0.2380 ns/op
// GC:  0 0 0 0 57998560
// Threading:  0 0 57998560

// AfterAll
// Benchmark Process 15652 has exited with code 0.

Mean = 0.256 ns, StdErr = 0.004 ns (1.43%), N = 14, StdDev = 0.014 ns
Min = 0.237 ns, Q1 = 0.243 ns, Median = 0.257 ns, Q3 = 0.263 ns, Max = 0.277 ns
IQR = 0.020 ns, LowerFence = 0.214 ns, UpperFence = 0.293 ns
ConfidenceInterval = [0.240 ns; 0.271 ns] (CI 99.9%), Margin = 0.015 ns (6.06% of Mean)
Skewness = 0.05, Kurtosis = 1.62, MValue = 3.43

// ** Remained 9 (69.2%) benchmark(s) to run. Estimated finish 2026-02-24 22:40 (0h 0m from now) **
Setup power plan (GUID: 8c5e7fda-e8bf-4a96-9a85-a6e23a8c635c FriendlyName: High performance)
// **************************
// Benchmark: Scenario1.S1_CheckVoidErrorWithMessage_EnumerationsOptions: .NET 10.0(Runtime=.NET 10.0, IterationTime=100ms) [Iterations=2]
// *** Execute ***
// Launch: 1 / 1
// Execute: dotnet Enumerations.Options.Benchmarks-1.dll --anonymousPipes 1580 1640 --benchmarkName "ReillyDigital.Enumerations.Options.Benchmarks.Scenarios.Scenario1.S1_CheckVoidErrorWithMessage_EnumerationsOptions(Iterations: 2)" --job ".NET 10.0" --benchmarkId 4 in D:\x\devs\reilly-digital\dotnet\enumerations.options.benchmarks\bin\Debug\net10.0\Enumerations.Options.Benchmarks-1\bin\Release\net10.0
// BeforeAnythingElse

// Benchmark Process Environment Information:
// BenchmarkDotNet v0.15.8
// Runtime=.NET 10.0.3 (10.0.3, 10.0.326.7603), X64 RyuJIT x86-64-v3
// GC=Concurrent Workstation
// HardwareIntrinsics=AVX2+BMI1+BMI2+F16C+FMA+LZCNT+MOVBE,AVX,SSE3+SSSE3+SSE4.1+SSE4.2+POPCNT,X86Base+SSE+SSE2,AES+PCLMUL VectorSize=256
// Job: .NET 10.0(IterationTime=100ms)

OverheadJitting  1: 1 op, 106800.00 ns, 106.8000 us/op
WorkloadJitting  1: 1 op, 1250300.00 ns, 1.2503 ms/op

OverheadJitting  2: 16 op, 159200.00 ns, 9.9500 us/op
WorkloadJitting  2: 16 op, 153300.00 ns, 9.5813 us/op

WorkloadPilot    1: 16 op, 2000.00 ns, 125.0000 ns/op
WorkloadPilot    2: 800000 op, 63787800.00 ns, 79.7348 ns/op
WorkloadPilot    3: 1254160 op, 57531800.00 ns, 45.8728 ns/op
WorkloadPilot    4: 2179952 op, 3799700.00 ns, 1.7430 ns/op
WorkloadPilot    5: 57371696 op, 101101500.00 ns, 1.7622 ns/op
WorkloadPilot    6: 56746640 op, 98708500.00 ns, 1.7395 ns/op
WorkloadPilot    7: 57489120 op, 100534700.00 ns, 1.7488 ns/op
WorkloadPilot    8: 57183376 op, 100768600.00 ns, 1.7622 ns/op

OverheadWarmup   1: 57183376 op, 140629700.00 ns, 2.4593 ns/op
OverheadWarmup   2: 57183376 op, 114202800.00 ns, 1.9971 ns/op
OverheadWarmup   3: 57183376 op, 86952400.00 ns, 1.5206 ns/op
OverheadWarmup   4: 57183376 op, 86900700.00 ns, 1.5197 ns/op
OverheadWarmup   5: 57183376 op, 85816200.00 ns, 1.5007 ns/op
OverheadWarmup   6: 57183376 op, 85810000.00 ns, 1.5006 ns/op
OverheadWarmup   7: 57183376 op, 86681900.00 ns, 1.5159 ns/op
OverheadWarmup   8: 57183376 op, 85783000.00 ns, 1.5001 ns/op
OverheadWarmup   9: 57183376 op, 85807300.00 ns, 1.5006 ns/op
OverheadWarmup  10: 57183376 op, 85813100.00 ns, 1.5007 ns/op

OverheadActual   1: 57183376 op, 85993800.00 ns, 1.5038 ns/op
OverheadActual   2: 57183376 op, 85804900.00 ns, 1.5005 ns/op
OverheadActual   3: 57183376 op, 85723300.00 ns, 1.4991 ns/op
OverheadActual   4: 57183376 op, 85863500.00 ns, 1.5015 ns/op
OverheadActual   5: 57183376 op, 86722000.00 ns, 1.5166 ns/op
OverheadActual   6: 57183376 op, 85869200.00 ns, 1.5016 ns/op
OverheadActual   7: 57183376 op, 85833600.00 ns, 1.5010 ns/op
OverheadActual   8: 57183376 op, 85803300.00 ns, 1.5005 ns/op
OverheadActual   9: 57183376 op, 85790200.00 ns, 1.5003 ns/op
OverheadActual  10: 57183376 op, 86572300.00 ns, 1.5139 ns/op
OverheadActual  11: 57183376 op, 85902200.00 ns, 1.5022 ns/op
OverheadActual  12: 57183376 op, 85807800.00 ns, 1.5006 ns/op
OverheadActual  13: 57183376 op, 85824100.00 ns, 1.5009 ns/op
OverheadActual  14: 57183376 op, 86895200.00 ns, 1.5196 ns/op
OverheadActual  15: 57183376 op, 85837100.00 ns, 1.5011 ns/op

WorkloadWarmup   1: 57183376 op, 99519400.00 ns, 1.7404 ns/op
WorkloadWarmup   2: 57183376 op, 99765900.00 ns, 1.7447 ns/op
WorkloadWarmup   3: 57183376 op, 99437800.00 ns, 1.7389 ns/op
WorkloadWarmup   4: 57183376 op, 99541000.00 ns, 1.7407 ns/op
WorkloadWarmup   5: 57183376 op, 99460600.00 ns, 1.7393 ns/op
WorkloadWarmup   6: 57183376 op, 99362600.00 ns, 1.7376 ns/op

// BeforeActualRun
WorkloadActual   1: 57183376 op, 99571900.00 ns, 1.7413 ns/op
WorkloadActual   2: 57183376 op, 100619500.00 ns, 1.7596 ns/op
WorkloadActual   3: 57183376 op, 99470800.00 ns, 1.7395 ns/op
WorkloadActual   4: 57183376 op, 100678100.00 ns, 1.7606 ns/op
WorkloadActual   5: 57183376 op, 100695100.00 ns, 1.7609 ns/op
WorkloadActual   6: 57183376 op, 99595100.00 ns, 1.7417 ns/op
WorkloadActual   7: 57183376 op, 99459600.00 ns, 1.7393 ns/op
WorkloadActual   8: 57183376 op, 99482100.00 ns, 1.7397 ns/op
WorkloadActual   9: 57183376 op, 99491900.00 ns, 1.7399 ns/op
WorkloadActual  10: 57183376 op, 99643100.00 ns, 1.7425 ns/op
WorkloadActual  11: 57183376 op, 99496200.00 ns, 1.7399 ns/op
WorkloadActual  12: 57183376 op, 99773700.00 ns, 1.7448 ns/op
WorkloadActual  13: 57183376 op, 99584100.00 ns, 1.7415 ns/op
WorkloadActual  14: 57183376 op, 99535700.00 ns, 1.7406 ns/op
WorkloadActual  15: 57183376 op, 99638900.00 ns, 1.7424 ns/op

// AfterActualRun
WorkloadResult   1: 57183376 op, 13734800.00 ns, 0.2402 ns/op
WorkloadResult   2: 57183376 op, 13633700.00 ns, 0.2384 ns/op
WorkloadResult   3: 57183376 op, 13758000.00 ns, 0.2406 ns/op
WorkloadResult   4: 57183376 op, 13622500.00 ns, 0.2382 ns/op
WorkloadResult   5: 57183376 op, 13645000.00 ns, 0.2386 ns/op
WorkloadResult   6: 57183376 op, 13654800.00 ns, 0.2388 ns/op
WorkloadResult   7: 57183376 op, 13806000.00 ns, 0.2414 ns/op
WorkloadResult   8: 57183376 op, 13659100.00 ns, 0.2389 ns/op
WorkloadResult   9: 57183376 op, 13936600.00 ns, 0.2437 ns/op
WorkloadResult  10: 57183376 op, 13747000.00 ns, 0.2404 ns/op
WorkloadResult  11: 57183376 op, 13698600.00 ns, 0.2396 ns/op
WorkloadResult  12: 57183376 op, 13801800.00 ns, 0.2414 ns/op
// GC:  0 0 0 0 57183376
// Threading:  0 0 57183376

// AfterAll
// Benchmark Process 2768 has exited with code 0.

Mean = 0.240 ns, StdErr = 0.000 ns (0.19%), N = 12, StdDev = 0.002 ns
Min = 0.238 ns, Q1 = 0.239 ns, Median = 0.240 ns, Q3 = 0.241 ns, Max = 0.244 ns
IQR = 0.002 ns, LowerFence = 0.236 ns, UpperFence = 0.244 ns
ConfidenceInterval = [0.238 ns; 0.242 ns] (CI 99.9%), Margin = 0.002 ns (0.86% of Mean)
Skewness = 0.8, Kurtosis = 2.68, MValue = 2

// ** Remained 8 (61.5%) benchmark(s) to run. Estimated finish 2026-02-24 22:40 (0h 0m from now) **
Setup power plan (GUID: 8c5e7fda-e8bf-4a96-9a85-a6e23a8c635c FriendlyName: High performance)
// **************************
// Benchmark: Scenario1.S1_CheckVoidSuccess_EnumerationsOptions: .NET 10.0(Runtime=.NET 10.0, IterationTime=100ms) [Iterations=2]
// *** Execute ***
// Launch: 1 / 1
// Execute: dotnet Enumerations.Options.Benchmarks-1.dll --anonymousPipes 1632 1644 --benchmarkName "ReillyDigital.Enumerations.Options.Benchmarks.Scenarios.Scenario1.S1_CheckVoidSuccess_EnumerationsOptions(Iterations: 2)" --job ".NET 10.0" --benchmarkId 5 in D:\x\devs\reilly-digital\dotnet\enumerations.options.benchmarks\bin\Debug\net10.0\Enumerations.Options.Benchmarks-1\bin\Release\net10.0
// BeforeAnythingElse

// Benchmark Process Environment Information:
// BenchmarkDotNet v0.15.8
// Runtime=.NET 10.0.3 (10.0.3, 10.0.326.7603), X64 RyuJIT x86-64-v3
// GC=Concurrent Workstation
// HardwareIntrinsics=AVX2+BMI1+BMI2+F16C+FMA+LZCNT+MOVBE,AVX,SSE3+SSSE3+SSE4.1+SSE4.2+POPCNT,X86Base+SSE+SSE2,AES+PCLMUL VectorSize=256
// Job: .NET 10.0(IterationTime=100ms)

OverheadJitting  1: 1 op, 114600.00 ns, 114.6000 us/op
WorkloadJitting  1: 1 op, 1214500.00 ns, 1.2145 ms/op

OverheadJitting  2: 16 op, 148700.00 ns, 9.2938 us/op
WorkloadJitting  2: 16 op, 153300.00 ns, 9.5813 us/op

WorkloadPilot    1: 16 op, 1800.00 ns, 112.5000 ns/op
WorkloadPilot    2: 888896 op, 62703600.00 ns, 70.5410 ns/op
WorkloadPilot    3: 1417616 op, 69051500.00 ns, 48.7096 ns/op
WorkloadPilot    4: 2052992 op, 3574400.00 ns, 1.7411 ns/op
WorkloadPilot    5: 57436000 op, 100479200.00 ns, 1.7494 ns/op
WorkloadPilot    6: 57162080 op, 99802900.00 ns, 1.7460 ns/op
WorkloadPilot    7: 57274976 op, 99514600.00 ns, 1.7375 ns/op
WorkloadPilot    8: 57554352 op, 101334400.00 ns, 1.7607 ns/op
WorkloadPilot    9: 56796464 op, 99975000.00 ns, 1.7602 ns/op
WorkloadPilot   10: 56810672 op, 99422400.00 ns, 1.7501 ns/op
WorkloadPilot   11: 57140720 op, 100564900.00 ns, 1.7600 ns/op

OverheadWarmup   1: 57140720 op, 140444500.00 ns, 2.4579 ns/op
OverheadWarmup   2: 57140720 op, 110361100.00 ns, 1.9314 ns/op
OverheadWarmup   3: 57140720 op, 85762400.00 ns, 1.5009 ns/op
OverheadWarmup   4: 57140720 op, 85740100.00 ns, 1.5005 ns/op
OverheadWarmup   5: 57140720 op, 85667100.00 ns, 1.4992 ns/op
OverheadWarmup   6: 57140720 op, 85713600.00 ns, 1.5000 ns/op
OverheadWarmup   7: 57140720 op, 85897400.00 ns, 1.5033 ns/op
OverheadWarmup   8: 57140720 op, 85659100.00 ns, 1.4991 ns/op
OverheadWarmup   9: 57140720 op, 86419200.00 ns, 1.5124 ns/op
OverheadWarmup  10: 57140720 op, 85774000.00 ns, 1.5011 ns/op

OverheadActual   1: 57140720 op, 85758600.00 ns, 1.5008 ns/op
OverheadActual   2: 57140720 op, 85706000.00 ns, 1.4999 ns/op
OverheadActual   3: 57140720 op, 85716300.00 ns, 1.5001 ns/op
OverheadActual   4: 57140720 op, 86918300.00 ns, 1.5211 ns/op
OverheadActual   5: 57140720 op, 86860400.00 ns, 1.5201 ns/op
OverheadActual   6: 57140720 op, 86719800.00 ns, 1.5177 ns/op
OverheadActual   7: 57140720 op, 86898000.00 ns, 1.5208 ns/op
OverheadActual   8: 57140720 op, 85970400.00 ns, 1.5045 ns/op
OverheadActual   9: 57140720 op, 85796500.00 ns, 1.5015 ns/op
OverheadActual  10: 57140720 op, 86840300.00 ns, 1.5198 ns/op
OverheadActual  11: 57140720 op, 86800300.00 ns, 1.5191 ns/op
OverheadActual  12: 57140720 op, 85828100.00 ns, 1.5020 ns/op
OverheadActual  13: 57140720 op, 85963600.00 ns, 1.5044 ns/op
OverheadActual  14: 57140720 op, 85747000.00 ns, 1.5006 ns/op
OverheadActual  15: 57140720 op, 85853500.00 ns, 1.5025 ns/op

WorkloadWarmup   1: 57140720 op, 100383100.00 ns, 1.7568 ns/op
WorkloadWarmup   2: 57140720 op, 99338500.00 ns, 1.7385 ns/op
WorkloadWarmup   3: 57140720 op, 99345800.00 ns, 1.7386 ns/op
WorkloadWarmup   4: 57140720 op, 99344100.00 ns, 1.7386 ns/op
WorkloadWarmup   5: 57140720 op, 99344300.00 ns, 1.7386 ns/op
WorkloadWarmup   6: 57140720 op, 99447800.00 ns, 1.7404 ns/op
WorkloadWarmup   7: 57140720 op, 99565600.00 ns, 1.7425 ns/op
WorkloadWarmup   8: 57140720 op, 99340000.00 ns, 1.7385 ns/op

// BeforeActualRun
WorkloadActual   1: 57140720 op, 100941700.00 ns, 1.7665 ns/op
WorkloadActual   2: 57140720 op, 100626300.00 ns, 1.7610 ns/op
WorkloadActual   3: 57140720 op, 100813800.00 ns, 1.7643 ns/op
WorkloadActual   4: 57140720 op, 100611400.00 ns, 1.7608 ns/op
WorkloadActual   5: 57140720 op, 100563000.00 ns, 1.7599 ns/op
WorkloadActual   6: 57140720 op, 100556500.00 ns, 1.7598 ns/op
WorkloadActual   7: 57140720 op, 100616200.00 ns, 1.7608 ns/op
WorkloadActual   8: 57140720 op, 100655800.00 ns, 1.7615 ns/op
WorkloadActual   9: 57140720 op, 100576100.00 ns, 1.7601 ns/op
WorkloadActual  10: 57140720 op, 99643400.00 ns, 1.7438 ns/op
WorkloadActual  11: 57140720 op, 99644000.00 ns, 1.7438 ns/op
WorkloadActual  12: 57140720 op, 99357800.00 ns, 1.7388 ns/op
WorkloadActual  13: 57140720 op, 100336300.00 ns, 1.7560 ns/op
WorkloadActual  14: 57140720 op, 99816300.00 ns, 1.7469 ns/op
WorkloadActual  15: 57140720 op, 99335200.00 ns, 1.7384 ns/op

// AfterActualRun
WorkloadResult   1: 57140720 op, 14978100.00 ns, 0.2621 ns/op
WorkloadResult   2: 57140720 op, 14662700.00 ns, 0.2566 ns/op
WorkloadResult   3: 57140720 op, 14850200.00 ns, 0.2599 ns/op
WorkloadResult   4: 57140720 op, 14647800.00 ns, 0.2563 ns/op
WorkloadResult   5: 57140720 op, 14599400.00 ns, 0.2555 ns/op
WorkloadResult   6: 57140720 op, 14592900.00 ns, 0.2554 ns/op
WorkloadResult   7: 57140720 op, 14652600.00 ns, 0.2564 ns/op
WorkloadResult   8: 57140720 op, 14692200.00 ns, 0.2571 ns/op
WorkloadResult   9: 57140720 op, 14612500.00 ns, 0.2557 ns/op
WorkloadResult  10: 57140720 op, 13679800.00 ns, 0.2394 ns/op
WorkloadResult  11: 57140720 op, 13680400.00 ns, 0.2394 ns/op
WorkloadResult  12: 57140720 op, 13394200.00 ns, 0.2344 ns/op
WorkloadResult  13: 57140720 op, 14372700.00 ns, 0.2515 ns/op
WorkloadResult  14: 57140720 op, 13852700.00 ns, 0.2424 ns/op
WorkloadResult  15: 57140720 op, 13371600.00 ns, 0.2340 ns/op
// GC:  0 0 0 0 57140720
// Threading:  0 0 57140720

// AfterAll
// Benchmark Process 7868 has exited with code 0.

Mean = 0.250 ns, StdErr = 0.002 ns (0.99%), N = 15, StdDev = 0.010 ns
Min = 0.234 ns, Q1 = 0.241 ns, Median = 0.255 ns, Q3 = 0.257 ns, Max = 0.262 ns
IQR = 0.016 ns, LowerFence = 0.218 ns, UpperFence = 0.280 ns
ConfidenceInterval = [0.240 ns; 0.261 ns] (CI 99.9%), Margin = 0.010 ns (4.10% of Mean)
Skewness = -0.59, Kurtosis = 1.62, MValue = 2.89

// ** Remained 7 (53.8%) benchmark(s) to run. Estimated finish 2026-02-24 22:40 (0h 0m from now) **
Setup power plan (GUID: 8c5e7fda-e8bf-4a96-9a85-a6e23a8c635c FriendlyName: High performance)
// **************************
// Benchmark: Scenario1.S1_ReturnOptionStringErrorNoMessage_EnumerationsOptions: .NET 10.0(Runtime=.NET 10.0, IterationTime=100ms) [Iterations=2]
// *** Execute ***
// Launch: 1 / 1
// Execute: dotnet Enumerations.Options.Benchmarks-1.dll --anonymousPipes 1664 1668 --benchmarkName "ReillyDigital.Enumerations.Options.Benchmarks.Scenarios.Scenario1.S1_ReturnOptionStringErrorNoMessage_EnumerationsOptions(Iterations: 2)" --job ".NET 10.0" --benchmarkId 6 in D:\x\devs\reilly-digital\dotnet\enumerations.options.benchmarks\bin\Debug\net10.0\Enumerations.Options.Benchmarks-1\bin\Release\net10.0
// BeforeAnythingElse

// Benchmark Process Environment Information:
// BenchmarkDotNet v0.15.8
// Runtime=.NET 10.0.3 (10.0.3, 10.0.326.7603), X64 RyuJIT x86-64-v3
// GC=Concurrent Workstation
// HardwareIntrinsics=AVX2+BMI1+BMI2+F16C+FMA+LZCNT+MOVBE,AVX,SSE3+SSSE3+SSE4.1+SSE4.2+POPCNT,X86Base+SSE+SSE2,AES+PCLMUL VectorSize=256
// Job: .NET 10.0(IterationTime=100ms)

OverheadJitting  1: 1 op, 107000.00 ns, 107.0000 us/op
WorkloadJitting  1: 1 op, 1327800.00 ns, 1.3278 ms/op

OverheadJitting  2: 16 op, 177400.00 ns, 11.0875 us/op
WorkloadJitting  2: 16 op, 148600.00 ns, 9.2875 us/op

WorkloadPilot    1: 16 op, 1600.00 ns, 100.0000 ns/op
WorkloadPilot    2: 1000000 op, 72267900.00 ns, 72.2679 ns/op
WorkloadPilot    3: 1383744 op, 45787400.00 ns, 33.0895 ns/op
WorkloadPilot    4: 3022112 op, 5227800.00 ns, 1.7298 ns/op
WorkloadPilot    5: 57808496 op, 99941400.00 ns, 1.7288 ns/op
WorkloadPilot    6: 57842400 op, 99852700.00 ns, 1.7263 ns/op
WorkloadPilot    7: 57927728 op, 101031800.00 ns, 1.7441 ns/op
WorkloadPilot    8: 57336144 op, 99030800.00 ns, 1.7272 ns/op
WorkloadPilot    9: 57897296 op, 99785600.00 ns, 1.7235 ns/op
WorkloadPilot   10: 58021696 op, 100394300.00 ns, 1.7303 ns/op
WorkloadPilot   11: 57793824 op, 99711300.00 ns, 1.7253 ns/op
WorkloadPilot   12: 57961168 op, 101091700.00 ns, 1.7441 ns/op

OverheadWarmup   1: 57961168 op, 135468000.00 ns, 2.3372 ns/op
OverheadWarmup   2: 57961168 op, 87173600.00 ns, 1.5040 ns/op
OverheadWarmup   3: 57961168 op, 87093400.00 ns, 1.5026 ns/op
OverheadWarmup   4: 57961168 op, 86224400.00 ns, 1.4876 ns/op
OverheadWarmup   5: 57961168 op, 86068200.00 ns, 1.4849 ns/op
OverheadWarmup   6: 57961168 op, 86090300.00 ns, 1.4853 ns/op
OverheadWarmup   7: 57961168 op, 86057900.00 ns, 1.4848 ns/op
OverheadWarmup   8: 57961168 op, 86077300.00 ns, 1.4851 ns/op
OverheadWarmup   9: 57961168 op, 86045200.00 ns, 1.4845 ns/op

OverheadActual   1: 57961168 op, 86150000.00 ns, 1.4863 ns/op
OverheadActual   2: 57961168 op, 86047900.00 ns, 1.4846 ns/op
OverheadActual   3: 57961168 op, 86040400.00 ns, 1.4844 ns/op
OverheadActual   4: 57961168 op, 87385500.00 ns, 1.5077 ns/op
OverheadActual   5: 57961168 op, 87248700.00 ns, 1.5053 ns/op
OverheadActual   6: 57961168 op, 87159700.00 ns, 1.5038 ns/op
OverheadActual   7: 57961168 op, 87265300.00 ns, 1.5056 ns/op
OverheadActual   8: 57961168 op, 87132100.00 ns, 1.5033 ns/op
OverheadActual   9: 57961168 op, 96481200.00 ns, 1.6646 ns/op
OverheadActual  10: 57961168 op, 87708200.00 ns, 1.5132 ns/op
OverheadActual  11: 57961168 op, 86283600.00 ns, 1.4886 ns/op
OverheadActual  12: 57961168 op, 86304300.00 ns, 1.4890 ns/op
OverheadActual  13: 57961168 op, 87357300.00 ns, 1.5072 ns/op
OverheadActual  14: 57961168 op, 87355300.00 ns, 1.5071 ns/op
OverheadActual  15: 57961168 op, 87217200.00 ns, 1.5048 ns/op

WorkloadWarmup   1: 57961168 op, 101763400.00 ns, 1.7557 ns/op
WorkloadWarmup   2: 57961168 op, 101118600.00 ns, 1.7446 ns/op
WorkloadWarmup   3: 57961168 op, 101208600.00 ns, 1.7461 ns/op
WorkloadWarmup   4: 57961168 op, 101179900.00 ns, 1.7456 ns/op
WorkloadWarmup   5: 57961168 op, 101178400.00 ns, 1.7456 ns/op
WorkloadWarmup   6: 57961168 op, 101281300.00 ns, 1.7474 ns/op
WorkloadWarmup   7: 57961168 op, 101162400.00 ns, 1.7453 ns/op

// BeforeActualRun
WorkloadActual   1: 57961168 op, 101590600.00 ns, 1.7527 ns/op
WorkloadActual   2: 57961168 op, 101252900.00 ns, 1.7469 ns/op
WorkloadActual   3: 57961168 op, 101189400.00 ns, 1.7458 ns/op
WorkloadActual   4: 57961168 op, 101341500.00 ns, 1.7484 ns/op
WorkloadActual   5: 57961168 op, 101140000.00 ns, 1.7450 ns/op
WorkloadActual   6: 57961168 op, 99903500.00 ns, 1.7236 ns/op
WorkloadActual   7: 57961168 op, 99925100.00 ns, 1.7240 ns/op
WorkloadActual   8: 57961168 op, 99928700.00 ns, 1.7241 ns/op
WorkloadActual   9: 57961168 op, 99939000.00 ns, 1.7242 ns/op
WorkloadActual  10: 57961168 op, 99929800.00 ns, 1.7241 ns/op
WorkloadActual  11: 57961168 op, 100033400.00 ns, 1.7259 ns/op
WorkloadActual  12: 57961168 op, 99948200.00 ns, 1.7244 ns/op
WorkloadActual  13: 57961168 op, 100000600.00 ns, 1.7253 ns/op
WorkloadActual  14: 57961168 op, 100111900.00 ns, 1.7272 ns/op
WorkloadActual  15: 57961168 op, 100040700.00 ns, 1.7260 ns/op

// AfterActualRun
WorkloadResult   1: 57961168 op, 14373400.00 ns, 0.2480 ns/op
WorkloadResult   2: 57961168 op, 14035700.00 ns, 0.2422 ns/op
WorkloadResult   3: 57961168 op, 13972200.00 ns, 0.2411 ns/op
WorkloadResult   4: 57961168 op, 14124300.00 ns, 0.2437 ns/op
WorkloadResult   5: 57961168 op, 13922800.00 ns, 0.2402 ns/op
WorkloadResult   6: 57961168 op, 12686300.00 ns, 0.2189 ns/op
WorkloadResult   7: 57961168 op, 12707900.00 ns, 0.2192 ns/op
WorkloadResult   8: 57961168 op, 12711500.00 ns, 0.2193 ns/op
WorkloadResult   9: 57961168 op, 12721800.00 ns, 0.2195 ns/op
WorkloadResult  10: 57961168 op, 12712600.00 ns, 0.2193 ns/op
WorkloadResult  11: 57961168 op, 12816200.00 ns, 0.2211 ns/op
WorkloadResult  12: 57961168 op, 12731000.00 ns, 0.2196 ns/op
WorkloadResult  13: 57961168 op, 12783400.00 ns, 0.2206 ns/op
WorkloadResult  14: 57961168 op, 12894700.00 ns, 0.2225 ns/op
WorkloadResult  15: 57961168 op, 12823500.00 ns, 0.2212 ns/op
// GC:  0 0 0 0 57961168
// Threading:  0 0 57961168

// AfterAll
// Benchmark Process 8920 has exited with code 0.

Mean = 0.228 ns, StdErr = 0.003 ns (1.28%), N = 15, StdDev = 0.011 ns
Min = 0.219 ns, Q1 = 0.219 ns, Median = 0.221 ns, Q3 = 0.241 ns, Max = 0.248 ns
IQR = 0.021 ns, LowerFence = 0.188 ns, UpperFence = 0.272 ns
ConfidenceInterval = [0.216 ns; 0.240 ns] (CI 99.9%), Margin = 0.012 ns (5.32% of Mean)
Skewness = 0.68, Kurtosis = 1.49, MValue = 3

// ** Remained 6 (46.2%) benchmark(s) to run. Estimated finish 2026-02-24 22:40 (0h 0m from now) **
Setup power plan (GUID: 8c5e7fda-e8bf-4a96-9a85-a6e23a8c635c FriendlyName: High performance)
// **************************
// Benchmark: Scenario1.S1_ReturnOptionStringErrorWithMessage_EnumerationsOptions: .NET 10.0(Runtime=.NET 10.0, IterationTime=100ms) [Iterations=2]
// *** Execute ***
// Launch: 1 / 1
// Execute: dotnet Enumerations.Options.Benchmarks-1.dll --anonymousPipes 1640 1580 --benchmarkName "ReillyDigital.Enumerations.Options.Benchmarks.Scenarios.Scenario1.S1_ReturnOptionStringErrorWithMessage_EnumerationsOptions(Iterations: 2)" --job ".NET 10.0" --benchmarkId 7 in D:\x\devs\reilly-digital\dotnet\enumerations.options.benchmarks\bin\Debug\net10.0\Enumerations.Options.Benchmarks-1\bin\Release\net10.0
// BeforeAnythingElse

// Benchmark Process Environment Information:
// BenchmarkDotNet v0.15.8
// Runtime=.NET 10.0.3 (10.0.3, 10.0.326.7603), X64 RyuJIT x86-64-v3
// GC=Concurrent Workstation
// HardwareIntrinsics=AVX2+BMI1+BMI2+F16C+FMA+LZCNT+MOVBE,AVX,SSE3+SSSE3+SSE4.1+SSE4.2+POPCNT,X86Base+SSE+SSE2,AES+PCLMUL VectorSize=256
// Job: .NET 10.0(IterationTime=100ms)

OverheadJitting  1: 1 op, 106700.00 ns, 106.7000 us/op
WorkloadJitting  1: 1 op, 1204000.00 ns, 1.2040 ms/op

OverheadJitting  2: 16 op, 153500.00 ns, 9.5938 us/op
WorkloadJitting  2: 16 op, 154300.00 ns, 9.6438 us/op

WorkloadPilot    1: 16 op, 1600.00 ns, 100.0000 ns/op
WorkloadPilot    2: 1000000 op, 68135300.00 ns, 68.1353 ns/op
WorkloadPilot    3: 1467680 op, 45641200.00 ns, 31.0975 ns/op
WorkloadPilot    4: 3215696 op, 5573200.00 ns, 1.7331 ns/op
WorkloadPilot    5: 57699280 op, 99876600.00 ns, 1.7310 ns/op
WorkloadPilot    6: 57770576 op, 101110300.00 ns, 1.7502 ns/op
WorkloadPilot    7: 57136208 op, 98470900.00 ns, 1.7234 ns/op
WorkloadPilot    8: 58023456 op, 101298700.00 ns, 1.7458 ns/op
WorkloadPilot    9: 57279568 op, 99929300.00 ns, 1.7446 ns/op
WorkloadPilot   10: 57320096 op, 100154900.00 ns, 1.7473 ns/op

OverheadWarmup   1: 57320096 op, 140279200.00 ns, 2.4473 ns/op
OverheadWarmup   2: 57320096 op, 109957500.00 ns, 1.9183 ns/op
OverheadWarmup   3: 57320096 op, 85333500.00 ns, 1.4887 ns/op
OverheadWarmup   4: 57320096 op, 86173200.00 ns, 1.5034 ns/op
OverheadWarmup   5: 57320096 op, 85445800.00 ns, 1.4907 ns/op
OverheadWarmup   6: 57320096 op, 85217500.00 ns, 1.4867 ns/op
OverheadWarmup   7: 57320096 op, 85178300.00 ns, 1.4860 ns/op
OverheadWarmup   8: 57320096 op, 86526600.00 ns, 1.5095 ns/op
OverheadWarmup   9: 57320096 op, 85395900.00 ns, 1.4898 ns/op

OverheadActual   1: 57320096 op, 85279700.00 ns, 1.4878 ns/op
OverheadActual   2: 57320096 op, 85099600.00 ns, 1.4846 ns/op
OverheadActual   3: 57320096 op, 85081600.00 ns, 1.4843 ns/op
OverheadActual   4: 57320096 op, 85184000.00 ns, 1.4861 ns/op
OverheadActual   5: 57320096 op, 85112500.00 ns, 1.4849 ns/op
OverheadActual   6: 57320096 op, 86792100.00 ns, 1.5142 ns/op
OverheadActual   7: 57320096 op, 87366800.00 ns, 1.5242 ns/op
OverheadActual   8: 57320096 op, 85435600.00 ns, 1.4905 ns/op
OverheadActual   9: 57320096 op, 85077200.00 ns, 1.4842 ns/op
OverheadActual  10: 57320096 op, 85168900.00 ns, 1.4858 ns/op
OverheadActual  11: 57320096 op, 86271100.00 ns, 1.5051 ns/op
OverheadActual  12: 57320096 op, 86219700.00 ns, 1.5042 ns/op
OverheadActual  13: 57320096 op, 85212500.00 ns, 1.4866 ns/op
OverheadActual  14: 57320096 op, 86352100.00 ns, 1.5065 ns/op
OverheadActual  15: 57320096 op, 85367000.00 ns, 1.4893 ns/op

WorkloadWarmup   1: 57320096 op, 99553300.00 ns, 1.7368 ns/op
WorkloadWarmup   2: 57320096 op, 98972900.00 ns, 1.7267 ns/op
WorkloadWarmup   3: 57320096 op, 98827100.00 ns, 1.7241 ns/op
WorkloadWarmup   4: 57320096 op, 98817700.00 ns, 1.7240 ns/op
WorkloadWarmup   5: 57320096 op, 98697400.00 ns, 1.7219 ns/op
WorkloadWarmup   6: 57320096 op, 98897400.00 ns, 1.7254 ns/op
WorkloadWarmup   7: 57320096 op, 98891600.00 ns, 1.7253 ns/op
WorkloadWarmup   8: 57320096 op, 99043100.00 ns, 1.7279 ns/op
WorkloadWarmup   9: 57320096 op, 98829000.00 ns, 1.7242 ns/op

// BeforeActualRun
WorkloadActual   1: 57320096 op, 99935000.00 ns, 1.7435 ns/op
WorkloadActual   2: 57320096 op, 100057600.00 ns, 1.7456 ns/op
WorkloadActual   3: 57320096 op, 100027000.00 ns, 1.7451 ns/op
WorkloadActual   4: 57320096 op, 100175100.00 ns, 1.7476 ns/op
WorkloadActual   5: 57320096 op, 100054700.00 ns, 1.7455 ns/op
WorkloadActual   6: 57320096 op, 100067800.00 ns, 1.7458 ns/op
WorkloadActual   7: 57320096 op, 100227400.00 ns, 1.7486 ns/op
WorkloadActual   8: 57320096 op, 100063600.00 ns, 1.7457 ns/op
WorkloadActual   9: 57320096 op, 100758400.00 ns, 1.7578 ns/op
WorkloadActual  10: 57320096 op, 99651700.00 ns, 1.7385 ns/op
WorkloadActual  11: 57320096 op, 99300800.00 ns, 1.7324 ns/op
WorkloadActual  12: 57320096 op, 98834500.00 ns, 1.7243 ns/op
WorkloadActual  13: 57320096 op, 99096600.00 ns, 1.7288 ns/op
WorkloadActual  14: 57320096 op, 99400300.00 ns, 1.7341 ns/op
WorkloadActual  15: 57320096 op, 98911200.00 ns, 1.7256 ns/op

// AfterActualRun
WorkloadResult   1: 57320096 op, 14655300.00 ns, 0.2557 ns/op
WorkloadResult   2: 57320096 op, 14777900.00 ns, 0.2578 ns/op
WorkloadResult   3: 57320096 op, 14747300.00 ns, 0.2573 ns/op
WorkloadResult   4: 57320096 op, 14895400.00 ns, 0.2599 ns/op
WorkloadResult   5: 57320096 op, 14775000.00 ns, 0.2578 ns/op
WorkloadResult   6: 57320096 op, 14788100.00 ns, 0.2580 ns/op
WorkloadResult   7: 57320096 op, 14947700.00 ns, 0.2608 ns/op
WorkloadResult   8: 57320096 op, 14783900.00 ns, 0.2579 ns/op
WorkloadResult   9: 57320096 op, 15478700.00 ns, 0.2700 ns/op
WorkloadResult  10: 57320096 op, 14372000.00 ns, 0.2507 ns/op
WorkloadResult  11: 57320096 op, 14021100.00 ns, 0.2446 ns/op
WorkloadResult  12: 57320096 op, 13554800.00 ns, 0.2365 ns/op
WorkloadResult  13: 57320096 op, 13816900.00 ns, 0.2410 ns/op
WorkloadResult  14: 57320096 op, 14120600.00 ns, 0.2463 ns/op
WorkloadResult  15: 57320096 op, 13631500.00 ns, 0.2378 ns/op
// GC:  0 0 0 0 57320096
// Threading:  0 0 57320096

// AfterAll
// Benchmark Process 9180 has exited with code 0.

Mean = 0.253 ns, StdErr = 0.002 ns (0.98%), N = 15, StdDev = 0.010 ns
Min = 0.236 ns, Q1 = 0.245 ns, Median = 0.257 ns, Q3 = 0.258 ns, Max = 0.270 ns
IQR = 0.012 ns, LowerFence = 0.227 ns, UpperFence = 0.277 ns
ConfidenceInterval = [0.243 ns; 0.263 ns] (CI 99.9%), Margin = 0.010 ns (4.05% of Mean)
Skewness = -0.27, Kurtosis = 1.94, MValue = 2

// ** Remained 5 (38.5%) benchmark(s) to run. Estimated finish 2026-02-24 22:40 (0h 0m from now) **
Setup power plan (GUID: 8c5e7fda-e8bf-4a96-9a85-a6e23a8c635c FriendlyName: High performance)
// **************************
// Benchmark: Scenario1.S1_ReturnOptionStringNone_EnumerationsOptions: .NET 10.0(Runtime=.NET 10.0, IterationTime=100ms) [Iterations=2]
// *** Execute ***
// Launch: 1 / 1
// Execute: dotnet Enumerations.Options.Benchmarks-1.dll --anonymousPipes 1696 1740 --benchmarkName "ReillyDigital.Enumerations.Options.Benchmarks.Scenarios.Scenario1.S1_ReturnOptionStringNone_EnumerationsOptions(Iterations: 2)" --job ".NET 10.0" --benchmarkId 8 in D:\x\devs\reilly-digital\dotnet\enumerations.options.benchmarks\bin\Debug\net10.0\Enumerations.Options.Benchmarks-1\bin\Release\net10.0
// BeforeAnythingElse

// Benchmark Process Environment Information:
// BenchmarkDotNet v0.15.8
// Runtime=.NET 10.0.3 (10.0.3, 10.0.326.7603), X64 RyuJIT x86-64-v3
// GC=Concurrent Workstation
// HardwareIntrinsics=AVX2+BMI1+BMI2+F16C+FMA+LZCNT+MOVBE,AVX,SSE3+SSSE3+SSE4.1+SSE4.2+POPCNT,X86Base+SSE+SSE2,AES+PCLMUL VectorSize=256
// Job: .NET 10.0(IterationTime=100ms)

OverheadJitting  1: 1 op, 106300.00 ns, 106.3000 us/op
WorkloadJitting  1: 1 op, 1300800.00 ns, 1.3008 ms/op

OverheadJitting  2: 16 op, 168300.00 ns, 10.5188 us/op
WorkloadJitting  2: 16 op, 159300.00 ns, 9.9563 us/op

WorkloadPilot    1: 16 op, 1600.00 ns, 100.0000 ns/op
WorkloadPilot    2: 1000000 op, 68939900.00 ns, 68.9399 ns/op
WorkloadPilot    3: 1450544 op, 59048900.00 ns, 40.7081 ns/op
WorkloadPilot    4: 2456528 op, 4231200.00 ns, 1.7224 ns/op
WorkloadPilot    5: 58057488 op, 100440200.00 ns, 1.7300 ns/op
WorkloadPilot    6: 57803040 op, 99662600.00 ns, 1.7242 ns/op
WorkloadPilot    7: 57998736 op, 100165000.00 ns, 1.7270 ns/op
WorkloadPilot    8: 57903200 op, 100026100.00 ns, 1.7275 ns/op

OverheadWarmup   1: 57903200 op, 141600400.00 ns, 2.4455 ns/op
OverheadWarmup   2: 57903200 op, 114994200.00 ns, 1.9860 ns/op
OverheadWarmup   3: 57903200 op, 86147500.00 ns, 1.4878 ns/op
OverheadWarmup   4: 57903200 op, 87110500.00 ns, 1.5044 ns/op
OverheadWarmup   5: 57903200 op, 87040900.00 ns, 1.5032 ns/op
OverheadWarmup   6: 57903200 op, 87024000.00 ns, 1.5029 ns/op
OverheadWarmup   7: 57903200 op, 87164400.00 ns, 1.5053 ns/op
OverheadWarmup   8: 57903200 op, 86995500.00 ns, 1.5024 ns/op

OverheadActual   1: 57903200 op, 86147700.00 ns, 1.4878 ns/op
OverheadActual   2: 57903200 op, 86089500.00 ns, 1.4868 ns/op
OverheadActual   3: 57903200 op, 85921600.00 ns, 1.4839 ns/op
OverheadActual   4: 57903200 op, 86077600.00 ns, 1.4866 ns/op
OverheadActual   5: 57903200 op, 86185000.00 ns, 1.4884 ns/op
OverheadActual   6: 57903200 op, 86004800.00 ns, 1.4853 ns/op
OverheadActual   7: 57903200 op, 87117300.00 ns, 1.5045 ns/op
OverheadActual   8: 57903200 op, 87234900.00 ns, 1.5066 ns/op
OverheadActual   9: 57903200 op, 86756600.00 ns, 1.4983 ns/op
OverheadActual  10: 57903200 op, 87346100.00 ns, 1.5085 ns/op
OverheadActual  11: 57903200 op, 87011700.00 ns, 1.5027 ns/op
OverheadActual  12: 57903200 op, 86012900.00 ns, 1.4855 ns/op
OverheadActual  13: 57903200 op, 86063200.00 ns, 1.4863 ns/op
OverheadActual  14: 57903200 op, 86001700.00 ns, 1.4853 ns/op
OverheadActual  15: 57903200 op, 87359600.00 ns, 1.5087 ns/op

WorkloadWarmup   1: 57903200 op, 101461000.00 ns, 1.7523 ns/op
WorkloadWarmup   2: 57903200 op, 101080600.00 ns, 1.7457 ns/op
WorkloadWarmup   3: 57903200 op, 101166400.00 ns, 1.7472 ns/op
WorkloadWarmup   4: 57903200 op, 101359300.00 ns, 1.7505 ns/op
WorkloadWarmup   5: 57903200 op, 99968500.00 ns, 1.7265 ns/op
WorkloadWarmup   6: 57903200 op, 99913500.00 ns, 1.7255 ns/op
WorkloadWarmup   7: 57903200 op, 100037000.00 ns, 1.7277 ns/op
WorkloadWarmup   8: 57903200 op, 99826300.00 ns, 1.7240 ns/op

// BeforeActualRun
WorkloadActual   1: 57903200 op, 99813000.00 ns, 1.7238 ns/op
WorkloadActual   2: 57903200 op, 99770600.00 ns, 1.7231 ns/op
WorkloadActual   3: 57903200 op, 101012900.00 ns, 1.7445 ns/op
WorkloadActual   4: 57903200 op, 101121200.00 ns, 1.7464 ns/op
WorkloadActual   5: 57903200 op, 100831100.00 ns, 1.7414 ns/op
WorkloadActual   6: 57903200 op, 104677300.00 ns, 1.8078 ns/op
WorkloadActual   7: 57903200 op, 104263600.00 ns, 1.8007 ns/op
WorkloadActual   8: 57903200 op, 103580000.00 ns, 1.7888 ns/op
WorkloadActual   9: 57903200 op, 100272700.00 ns, 1.7317 ns/op
WorkloadActual  10: 57903200 op, 100486200.00 ns, 1.7354 ns/op
WorkloadActual  11: 57903200 op, 100344800.00 ns, 1.7330 ns/op
WorkloadActual  12: 57903200 op, 100450900.00 ns, 1.7348 ns/op
WorkloadActual  13: 57903200 op, 100335300.00 ns, 1.7328 ns/op
WorkloadActual  14: 57903200 op, 100775700.00 ns, 1.7404 ns/op
WorkloadActual  15: 57903200 op, 101420100.00 ns, 1.7515 ns/op

// AfterActualRun
WorkloadResult   1: 57903200 op, 13665300.00 ns, 0.2360 ns/op
WorkloadResult   2: 57903200 op, 13622900.00 ns, 0.2353 ns/op
WorkloadResult   3: 57903200 op, 14865200.00 ns, 0.2567 ns/op
WorkloadResult   4: 57903200 op, 14973500.00 ns, 0.2586 ns/op
WorkloadResult   5: 57903200 op, 14683400.00 ns, 0.2536 ns/op
WorkloadResult   6: 57903200 op, 14125000.00 ns, 0.2439 ns/op
WorkloadResult   7: 57903200 op, 14338500.00 ns, 0.2476 ns/op
WorkloadResult   8: 57903200 op, 14197100.00 ns, 0.2452 ns/op
WorkloadResult   9: 57903200 op, 14303200.00 ns, 0.2470 ns/op
WorkloadResult  10: 57903200 op, 14187600.00 ns, 0.2450 ns/op
WorkloadResult  11: 57903200 op, 14628000.00 ns, 0.2526 ns/op
WorkloadResult  12: 57903200 op, 15272400.00 ns, 0.2638 ns/op
// GC:  0 0 0 0 57903200
// Threading:  0 0 57903200

// AfterAll
// Benchmark Process 7228 has exited with code 0.

Mean = 0.249 ns, StdErr = 0.002 ns (1.00%), N = 12, StdDev = 0.009 ns
Min = 0.235 ns, Q1 = 0.245 ns, Median = 0.247 ns, Q3 = 0.254 ns, Max = 0.264 ns
IQR = 0.010 ns, LowerFence = 0.230 ns, UpperFence = 0.269 ns
ConfidenceInterval = [0.238 ns; 0.260 ns] (CI 99.9%), Margin = 0.011 ns (4.45% of Mean)
Skewness = 0.03, Kurtosis = 1.87, MValue = 2

// ** Remained 4 (30.8%) benchmark(s) to run. Estimated finish 2026-02-24 22:40 (0h 0m from now) **
Setup power plan (GUID: 8c5e7fda-e8bf-4a96-9a85-a6e23a8c635c FriendlyName: High performance)
// **************************
// Benchmark: Scenario1.S1_ReturnOptionStringSuccess_EnumerationsOptions: .NET 10.0(Runtime=.NET 10.0, IterationTime=100ms) [Iterations=2]
// *** Execute ***
// Launch: 1 / 1
// Execute: dotnet Enumerations.Options.Benchmarks-1.dll --anonymousPipes 1744 1732 --benchmarkName "ReillyDigital.Enumerations.Options.Benchmarks.Scenarios.Scenario1.S1_ReturnOptionStringSuccess_EnumerationsOptions(Iterations: 2)" --job ".NET 10.0" --benchmarkId 9 in D:\x\devs\reilly-digital\dotnet\enumerations.options.benchmarks\bin\Debug\net10.0\Enumerations.Options.Benchmarks-1\bin\Release\net10.0
// BeforeAnythingElse

// Benchmark Process Environment Information:
// BenchmarkDotNet v0.15.8
// Runtime=.NET 10.0.3 (10.0.3, 10.0.326.7603), X64 RyuJIT x86-64-v3
// GC=Concurrent Workstation
// HardwareIntrinsics=AVX2+BMI1+BMI2+F16C+FMA+LZCNT+MOVBE,AVX,SSE3+SSSE3+SSE4.1+SSE4.2+POPCNT,X86Base+SSE+SSE2,AES+PCLMUL VectorSize=256
// Job: .NET 10.0(IterationTime=100ms)

OverheadJitting  1: 1 op, 107700.00 ns, 107.7000 us/op
WorkloadJitting  1: 1 op, 1305200.00 ns, 1.3052 ms/op

OverheadJitting  2: 16 op, 147800.00 ns, 9.2375 us/op
WorkloadJitting  2: 16 op, 167900.00 ns, 10.4938 us/op

WorkloadPilot    1: 16 op, 1500.00 ns, 93.7500 ns/op
WorkloadPilot    2: 1066672 op, 71305400.00 ns, 66.8485 ns/op
WorkloadPilot    3: 1495920 op, 45701300.00 ns, 30.5506 ns/op
WorkloadPilot    4: 3273264 op, 5731300.00 ns, 1.7509 ns/op
WorkloadPilot    5: 57112080 op, 100717900.00 ns, 1.7635 ns/op
WorkloadPilot    6: 56705008 op, 108156100.00 ns, 1.9073 ns/op
WorkloadPilot    7: 52428864 op, 92437600.00 ns, 1.7631 ns/op
WorkloadPilot    8: 56718128 op, 98250900.00 ns, 1.7323 ns/op
WorkloadPilot    9: 57727856 op, 100041200.00 ns, 1.7330 ns/op

OverheadWarmup   1: 57727856 op, 140973900.00 ns, 2.4420 ns/op
OverheadWarmup   2: 57727856 op, 114196600.00 ns, 1.9782 ns/op
OverheadWarmup   3: 57727856 op, 86685000.00 ns, 1.5016 ns/op
OverheadWarmup   4: 57727856 op, 87022600.00 ns, 1.5075 ns/op
OverheadWarmup   5: 57727856 op, 86058200.00 ns, 1.4908 ns/op
OverheadWarmup   6: 57727856 op, 85764700.00 ns, 1.4857 ns/op
OverheadWarmup   7: 57727856 op, 85788000.00 ns, 1.4861 ns/op
OverheadWarmup   8: 57727856 op, 85748500.00 ns, 1.4854 ns/op

OverheadActual   1: 57727856 op, 86286300.00 ns, 1.4947 ns/op
OverheadActual   2: 57727856 op, 85740000.00 ns, 1.4852 ns/op
OverheadActual   3: 57727856 op, 85763900.00 ns, 1.4857 ns/op
OverheadActual   4: 57727856 op, 86678300.00 ns, 1.5015 ns/op
OverheadActual   5: 57727856 op, 86882300.00 ns, 1.5050 ns/op
OverheadActual   6: 57727856 op, 85885100.00 ns, 1.4878 ns/op
OverheadActual   7: 57727856 op, 85893000.00 ns, 1.4879 ns/op
OverheadActual   8: 57727856 op, 85875700.00 ns, 1.4876 ns/op
OverheadActual   9: 57727856 op, 85837800.00 ns, 1.4869 ns/op
OverheadActual  10: 57727856 op, 85820700.00 ns, 1.4866 ns/op
OverheadActual  11: 57727856 op, 85782600.00 ns, 1.4860 ns/op
OverheadActual  12: 57727856 op, 85749000.00 ns, 1.4854 ns/op
OverheadActual  13: 57727856 op, 86234900.00 ns, 1.4938 ns/op
OverheadActual  14: 57727856 op, 85742700.00 ns, 1.4853 ns/op
OverheadActual  15: 57727856 op, 85716900.00 ns, 1.4848 ns/op

WorkloadWarmup   1: 57727856 op, 99638100.00 ns, 1.7260 ns/op
WorkloadWarmup   2: 57727856 op, 99937000.00 ns, 1.7312 ns/op
WorkloadWarmup   3: 57727856 op, 99644100.00 ns, 1.7261 ns/op
WorkloadWarmup   4: 57727856 op, 100002600.00 ns, 1.7323 ns/op
WorkloadWarmup   5: 57727856 op, 99753500.00 ns, 1.7280 ns/op
WorkloadWarmup   6: 57727856 op, 99529600.00 ns, 1.7241 ns/op

// BeforeActualRun
WorkloadActual   1: 57727856 op, 99482000.00 ns, 1.7233 ns/op
WorkloadActual   2: 57727856 op, 99557400.00 ns, 1.7246 ns/op
WorkloadActual   3: 57727856 op, 99680900.00 ns, 1.7267 ns/op
WorkloadActual   4: 57727856 op, 100089000.00 ns, 1.7338 ns/op
WorkloadActual   5: 57727856 op, 100170600.00 ns, 1.7352 ns/op
WorkloadActual   6: 57727856 op, 100294500.00 ns, 1.7374 ns/op
WorkloadActual   7: 57727856 op, 100410900.00 ns, 1.7394 ns/op
WorkloadActual   8: 57727856 op, 99903800.00 ns, 1.7306 ns/op
WorkloadActual   9: 57727856 op, 99959100.00 ns, 1.7316 ns/op
WorkloadActual  10: 57727856 op, 101108100.00 ns, 1.7515 ns/op
WorkloadActual  11: 57727856 op, 100788500.00 ns, 1.7459 ns/op
WorkloadActual  12: 57727856 op, 100019900.00 ns, 1.7326 ns/op
WorkloadActual  13: 57727856 op, 99794000.00 ns, 1.7287 ns/op
WorkloadActual  14: 57727856 op, 99581100.00 ns, 1.7250 ns/op
WorkloadActual  15: 57727856 op, 99823800.00 ns, 1.7292 ns/op

// AfterActualRun
WorkloadResult   1: 57727856 op, 13644200.00 ns, 0.2364 ns/op
WorkloadResult   2: 57727856 op, 13719600.00 ns, 0.2377 ns/op
WorkloadResult   3: 57727856 op, 13843100.00 ns, 0.2398 ns/op
WorkloadResult   4: 57727856 op, 14251200.00 ns, 0.2469 ns/op
WorkloadResult   5: 57727856 op, 14332800.00 ns, 0.2483 ns/op
WorkloadResult   6: 57727856 op, 14456700.00 ns, 0.2504 ns/op
WorkloadResult   7: 57727856 op, 14573100.00 ns, 0.2524 ns/op
WorkloadResult   8: 57727856 op, 14066000.00 ns, 0.2437 ns/op
WorkloadResult   9: 57727856 op, 14121300.00 ns, 0.2446 ns/op
WorkloadResult  10: 57727856 op, 14950700.00 ns, 0.2590 ns/op
WorkloadResult  11: 57727856 op, 14182100.00 ns, 0.2457 ns/op
WorkloadResult  12: 57727856 op, 13956200.00 ns, 0.2418 ns/op
WorkloadResult  13: 57727856 op, 13743300.00 ns, 0.2381 ns/op
WorkloadResult  14: 57727856 op, 13986000.00 ns, 0.2423 ns/op
// GC:  0 0 0 0 57727856
// Threading:  0 0 57727856

// AfterAll
// Benchmark Process 4848 has exited with code 0.

Mean = 0.245 ns, StdErr = 0.002 ns (0.69%), N = 14, StdDev = 0.006 ns
Min = 0.236 ns, Q1 = 0.240 ns, Median = 0.244 ns, Q3 = 0.248 ns, Max = 0.259 ns
IQR = 0.008 ns, LowerFence = 0.229 ns, UpperFence = 0.259 ns
ConfidenceInterval = [0.238 ns; 0.252 ns] (CI 99.9%), Margin = 0.007 ns (2.91% of Mean)
Skewness = 0.6, Kurtosis = 2.51, MValue = 2

// ** Remained 3 (23.1%) benchmark(s) to run. Estimated finish 2026-02-24 22:40 (0h 0m from now) **
Setup power plan (GUID: 8c5e7fda-e8bf-4a96-9a85-a6e23a8c635c FriendlyName: High performance)
// **************************
// Benchmark: Scenario1.S1_ReturnVoidErrorNoMessage_EnumerationsOptions: .NET 10.0(Runtime=.NET 10.0, IterationTime=100ms) [Iterations=2]
// *** Execute ***
// Launch: 1 / 1
// Execute: dotnet Enumerations.Options.Benchmarks-1.dll --anonymousPipes 1748 1704 --benchmarkName "ReillyDigital.Enumerations.Options.Benchmarks.Scenarios.Scenario1.S1_ReturnVoidErrorNoMessage_EnumerationsOptions(Iterations: 2)" --job ".NET 10.0" --benchmarkId 10 in D:\x\devs\reilly-digital\dotnet\enumerations.options.benchmarks\bin\Debug\net10.0\Enumerations.Options.Benchmarks-1\bin\Release\net10.0
// BeforeAnythingElse

// Benchmark Process Environment Information:
// BenchmarkDotNet v0.15.8
// Runtime=.NET 10.0.3 (10.0.3, 10.0.326.7603), X64 RyuJIT x86-64-v3
// GC=Concurrent Workstation
// HardwareIntrinsics=AVX2+BMI1+BMI2+F16C+FMA+LZCNT+MOVBE,AVX,SSE3+SSSE3+SSE4.1+SSE4.2+POPCNT,X86Base+SSE+SSE2,AES+PCLMUL VectorSize=256
// Job: .NET 10.0(IterationTime=100ms)

OverheadJitting  1: 1 op, 302700.00 ns, 302.7000 us/op
WorkloadJitting  1: 1 op, 1304200.00 ns, 1.3042 ms/op

OverheadJitting  2: 16 op, 149500.00 ns, 9.3438 us/op
WorkloadJitting  2: 16 op, 146400.00 ns, 9.1500 us/op

WorkloadPilot    1: 16 op, 1500.00 ns, 93.7500 ns/op
WorkloadPilot    2: 1066672 op, 68758300.00 ns, 64.4606 ns/op
WorkloadPilot    3: 1551344 op, 57053700.00 ns, 36.7769 ns/op
WorkloadPilot    4: 2719104 op, 4801200.00 ns, 1.7657 ns/op
WorkloadPilot    5: 56633856 op, 99032700.00 ns, 1.7486 ns/op
WorkloadPilot    6: 57187040 op, 100421500.00 ns, 1.7560 ns/op
WorkloadPilot    7: 56947008 op, 100464700.00 ns, 1.7642 ns/op
WorkloadPilot    8: 56683600 op, 100273100.00 ns, 1.7690 ns/op

OverheadWarmup   1: 56683600 op, 139574200.00 ns, 2.4623 ns/op
OverheadWarmup   2: 56683600 op, 116965400.00 ns, 2.0635 ns/op
OverheadWarmup   3: 56683600 op, 85057600.00 ns, 1.5006 ns/op
OverheadWarmup   4: 56683600 op, 85257600.00 ns, 1.5041 ns/op
OverheadWarmup   5: 56683600 op, 85147700.00 ns, 1.5022 ns/op
OverheadWarmup   6: 56683600 op, 86154700.00 ns, 1.5199 ns/op
OverheadWarmup   7: 56683600 op, 86098500.00 ns, 1.5189 ns/op

OverheadActual   1: 56683600 op, 86624900.00 ns, 1.5282 ns/op
OverheadActual   2: 56683600 op, 86204200.00 ns, 1.5208 ns/op
OverheadActual   3: 56683600 op, 86082400.00 ns, 1.5186 ns/op
OverheadActual   4: 56683600 op, 85174200.00 ns, 1.5026 ns/op
OverheadActual   5: 56683600 op, 85097600.00 ns, 1.5013 ns/op
OverheadActual   6: 56683600 op, 84973800.00 ns, 1.4991 ns/op
OverheadActual   7: 56683600 op, 86364800.00 ns, 1.5236 ns/op
OverheadActual   8: 56683600 op, 85053900.00 ns, 1.5005 ns/op
OverheadActual   9: 56683600 op, 85068900.00 ns, 1.5008 ns/op
OverheadActual  10: 56683600 op, 84987500.00 ns, 1.4993 ns/op
OverheadActual  11: 56683600 op, 85039200.00 ns, 1.5002 ns/op
OverheadActual  12: 56683600 op, 85190000.00 ns, 1.5029 ns/op
OverheadActual  13: 56683600 op, 85019800.00 ns, 1.4999 ns/op
OverheadActual  14: 56683600 op, 85109100.00 ns, 1.5015 ns/op
OverheadActual  15: 56683600 op, 85043700.00 ns, 1.5003 ns/op

WorkloadWarmup   1: 56683600 op, 100437100.00 ns, 1.7719 ns/op
WorkloadWarmup   2: 56683600 op, 99787200.00 ns, 1.7604 ns/op
WorkloadWarmup   3: 56683600 op, 99922800.00 ns, 1.7628 ns/op
WorkloadWarmup   4: 56683600 op, 98557000.00 ns, 1.7387 ns/op
WorkloadWarmup   5: 56683600 op, 98606700.00 ns, 1.7396 ns/op
WorkloadWarmup   6: 56683600 op, 98553100.00 ns, 1.7387 ns/op

// BeforeActualRun
WorkloadActual   1: 56683600 op, 98797500.00 ns, 1.7430 ns/op
WorkloadActual   2: 56683600 op, 98598000.00 ns, 1.7394 ns/op
WorkloadActual   3: 56683600 op, 98494800.00 ns, 1.7376 ns/op
WorkloadActual   4: 56683600 op, 98522900.00 ns, 1.7381 ns/op
WorkloadActual   5: 56683600 op, 98648100.00 ns, 1.7403 ns/op
WorkloadActual   6: 56683600 op, 98566100.00 ns, 1.7389 ns/op
WorkloadActual   7: 56683600 op, 98536100.00 ns, 1.7384 ns/op
WorkloadActual   8: 56683600 op, 98574100.00 ns, 1.7390 ns/op
WorkloadActual   9: 56683600 op, 98511200.00 ns, 1.7379 ns/op
WorkloadActual  10: 56683600 op, 98502700.00 ns, 1.7378 ns/op
WorkloadActual  11: 56683600 op, 98545500.00 ns, 1.7385 ns/op
WorkloadActual  12: 56683600 op, 99699100.00 ns, 1.7589 ns/op
WorkloadActual  13: 56683600 op, 100811800.00 ns, 1.7785 ns/op
WorkloadActual  14: 56683600 op, 98769700.00 ns, 1.7425 ns/op
WorkloadActual  15: 56683600 op, 98440000.00 ns, 1.7367 ns/op

// AfterActualRun
WorkloadResult   1: 56683600 op, 13699900.00 ns, 0.2417 ns/op
WorkloadResult   2: 56683600 op, 13500400.00 ns, 0.2382 ns/op
WorkloadResult   3: 56683600 op, 13397200.00 ns, 0.2364 ns/op
WorkloadResult   4: 56683600 op, 13425300.00 ns, 0.2368 ns/op
WorkloadResult   5: 56683600 op, 13550500.00 ns, 0.2391 ns/op
WorkloadResult   6: 56683600 op, 13468500.00 ns, 0.2376 ns/op
WorkloadResult   7: 56683600 op, 13438500.00 ns, 0.2371 ns/op
WorkloadResult   8: 56683600 op, 13476500.00 ns, 0.2377 ns/op
WorkloadResult   9: 56683600 op, 13413600.00 ns, 0.2366 ns/op
WorkloadResult  10: 56683600 op, 13405100.00 ns, 0.2365 ns/op
WorkloadResult  11: 56683600 op, 13447900.00 ns, 0.2372 ns/op
WorkloadResult  12: 56683600 op, 13672100.00 ns, 0.2412 ns/op
WorkloadResult  13: 56683600 op, 13342400.00 ns, 0.2354 ns/op
// GC:  0 0 0 0 56683600
// Threading:  0 0 56683600

// AfterAll
// Benchmark Process 376 has exited with code 0.

Mean = 0.238 ns, StdErr = 0.001 ns (0.22%), N = 13, StdDev = 0.002 ns
Min = 0.235 ns, Q1 = 0.237 ns, Median = 0.237 ns, Q3 = 0.238 ns, Max = 0.242 ns
IQR = 0.002 ns, LowerFence = 0.234 ns, UpperFence = 0.240 ns
ConfidenceInterval = [0.236 ns; 0.240 ns] (CI 99.9%), Margin = 0.002 ns (0.93% of Mean)
Skewness = 0.93, Kurtosis = 2.66, MValue = 2

// ** Remained 2 (15.4%) benchmark(s) to run. Estimated finish 2026-02-24 22:40 (0h 0m from now) **
Setup power plan (GUID: 8c5e7fda-e8bf-4a96-9a85-a6e23a8c635c FriendlyName: High performance)
// **************************
// Benchmark: Scenario1.S1_ReturnVoidErrorWithMessage_EnumerationsOptions: .NET 10.0(Runtime=.NET 10.0, IterationTime=100ms) [Iterations=2]
// *** Execute ***
// Launch: 1 / 1
// Execute: dotnet Enumerations.Options.Benchmarks-1.dll --anonymousPipes 1584 1752 --benchmarkName "ReillyDigital.Enumerations.Options.Benchmarks.Scenarios.Scenario1.S1_ReturnVoidErrorWithMessage_EnumerationsOptions(Iterations: 2)" --job ".NET 10.0" --benchmarkId 11 in D:\x\devs\reilly-digital\dotnet\enumerations.options.benchmarks\bin\Debug\net10.0\Enumerations.Options.Benchmarks-1\bin\Release\net10.0
// BeforeAnythingElse

// Benchmark Process Environment Information:
// BenchmarkDotNet v0.15.8
// Runtime=.NET 10.0.3 (10.0.3, 10.0.326.7603), X64 RyuJIT x86-64-v3
// GC=Concurrent Workstation
// HardwareIntrinsics=AVX2+BMI1+BMI2+F16C+FMA+LZCNT+MOVBE,AVX,SSE3+SSSE3+SSE4.1+SSE4.2+POPCNT,X86Base+SSE+SSE2,AES+PCLMUL VectorSize=256
// Job: .NET 10.0(IterationTime=100ms)

OverheadJitting  1: 1 op, 106200.00 ns, 106.2000 us/op
WorkloadJitting  1: 1 op, 1208600.00 ns, 1.2086 ms/op

OverheadJitting  2: 16 op, 159700.00 ns, 9.9813 us/op
WorkloadJitting  2: 16 op, 153000.00 ns, 9.5625 us/op

WorkloadPilot    1: 16 op, 1400.00 ns, 87.5000 ns/op
WorkloadPilot    2: 1142864 op, 69974300.00 ns, 61.2271 ns/op
WorkloadPilot    3: 1633264 op, 51538900.00 ns, 31.5558 ns/op
WorkloadPilot    4: 3169008 op, 5495100.00 ns, 1.7340 ns/op
WorkloadPilot    5: 57669712 op, 102208000.00 ns, 1.7723 ns/op
WorkloadPilot    6: 56423888 op, 97406500.00 ns, 1.7263 ns/op
WorkloadPilot    7: 57926208 op, 101072000.00 ns, 1.7448 ns/op
WorkloadPilot    8: 57311840 op, 100000000.00 ns, 1.7448 ns/op

OverheadWarmup   1: 57311840 op, 143096200.00 ns, 2.4968 ns/op
OverheadWarmup   2: 57311840 op, 114927000.00 ns, 2.0053 ns/op
OverheadWarmup   3: 57311840 op, 86315500.00 ns, 1.5061 ns/op
OverheadWarmup   4: 57311840 op, 86258700.00 ns, 1.5051 ns/op
OverheadWarmup   5: 57311840 op, 85224900.00 ns, 1.4870 ns/op
OverheadWarmup   6: 57311840 op, 85630900.00 ns, 1.4941 ns/op
OverheadWarmup   7: 57311840 op, 85163100.00 ns, 1.4860 ns/op
OverheadWarmup   8: 57311840 op, 92798500.00 ns, 1.6192 ns/op
OverheadWarmup   9: 57311840 op, 85687700.00 ns, 1.4951 ns/op

OverheadActual   1: 57311840 op, 85633600.00 ns, 1.4942 ns/op
OverheadActual   2: 57311840 op, 85452100.00 ns, 1.4910 ns/op
OverheadActual   3: 57311840 op, 85506600.00 ns, 1.4920 ns/op
OverheadActual   4: 57311840 op, 88212900.00 ns, 1.5392 ns/op
OverheadActual   5: 57311840 op, 85126100.00 ns, 1.4853 ns/op
OverheadActual   6: 57311840 op, 85417300.00 ns, 1.4904 ns/op
OverheadActual   7: 57311840 op, 85353400.00 ns, 1.4893 ns/op
OverheadActual   8: 57311840 op, 85121600.00 ns, 1.4852 ns/op
OverheadActual   9: 57311840 op, 85181200.00 ns, 1.4863 ns/op
OverheadActual  10: 57311840 op, 85500100.00 ns, 1.4918 ns/op
OverheadActual  11: 57311840 op, 85513500.00 ns, 1.4921 ns/op
OverheadActual  12: 57311840 op, 85167100.00 ns, 1.4860 ns/op
OverheadActual  13: 57311840 op, 85208900.00 ns, 1.4868 ns/op
OverheadActual  14: 57311840 op, 85120900.00 ns, 1.4852 ns/op
OverheadActual  15: 57311840 op, 86194000.00 ns, 1.5039 ns/op

WorkloadWarmup   1: 57311840 op, 100003600.00 ns, 1.7449 ns/op
WorkloadWarmup   2: 57311840 op, 100046000.00 ns, 1.7456 ns/op
WorkloadWarmup   3: 57311840 op, 99967300.00 ns, 1.7443 ns/op
WorkloadWarmup   4: 57311840 op, 99971500.00 ns, 1.7443 ns/op
WorkloadWarmup   5: 57311840 op, 99977600.00 ns, 1.7444 ns/op
WorkloadWarmup   6: 57311840 op, 99973100.00 ns, 1.7444 ns/op

// BeforeActualRun
WorkloadActual   1: 57311840 op, 100658500.00 ns, 1.7563 ns/op
WorkloadActual   2: 57311840 op, 100101200.00 ns, 1.7466 ns/op
WorkloadActual   3: 57311840 op, 98970900.00 ns, 1.7269 ns/op
WorkloadActual   4: 57311840 op, 98756100.00 ns, 1.7231 ns/op
WorkloadActual   5: 57311840 op, 98812400.00 ns, 1.7241 ns/op
WorkloadActual   6: 57311840 op, 98838200.00 ns, 1.7246 ns/op
WorkloadActual   7: 57311840 op, 98882000.00 ns, 1.7253 ns/op
WorkloadActual   8: 57311840 op, 100056700.00 ns, 1.7458 ns/op
WorkloadActual   9: 57311840 op, 100069600.00 ns, 1.7461 ns/op
WorkloadActual  10: 57311840 op, 98717400.00 ns, 1.7225 ns/op
WorkloadActual  11: 57311840 op, 99951600.00 ns, 1.7440 ns/op
WorkloadActual  12: 57311840 op, 98837600.00 ns, 1.7246 ns/op
WorkloadActual  13: 57311840 op, 98762200.00 ns, 1.7232 ns/op
WorkloadActual  14: 57311840 op, 98810100.00 ns, 1.7241 ns/op
WorkloadActual  15: 57311840 op, 98688500.00 ns, 1.7220 ns/op

// AfterActualRun
WorkloadResult   1: 57311840 op, 15241200.00 ns, 0.2659 ns/op
WorkloadResult   2: 57311840 op, 14683900.00 ns, 0.2562 ns/op
WorkloadResult   3: 57311840 op, 13553600.00 ns, 0.2365 ns/op
WorkloadResult   4: 57311840 op, 13338800.00 ns, 0.2327 ns/op
WorkloadResult   5: 57311840 op, 13395100.00 ns, 0.2337 ns/op
WorkloadResult   6: 57311840 op, 13420900.00 ns, 0.2342 ns/op
WorkloadResult   7: 57311840 op, 13464700.00 ns, 0.2349 ns/op
WorkloadResult   8: 57311840 op, 14639400.00 ns, 0.2554 ns/op
WorkloadResult   9: 57311840 op, 14652300.00 ns, 0.2557 ns/op
WorkloadResult  10: 57311840 op, 13300100.00 ns, 0.2321 ns/op
WorkloadResult  11: 57311840 op, 14534300.00 ns, 0.2536 ns/op
WorkloadResult  12: 57311840 op, 13420300.00 ns, 0.2342 ns/op
WorkloadResult  13: 57311840 op, 13344900.00 ns, 0.2328 ns/op
WorkloadResult  14: 57311840 op, 13392800.00 ns, 0.2337 ns/op
WorkloadResult  15: 57311840 op, 13271200.00 ns, 0.2316 ns/op
// GC:  0 0 0 0 57311840
// Threading:  0 0 57311840

// AfterAll
// Benchmark Process 2292 has exited with code 0.

Mean = 0.242 ns, StdErr = 0.003 ns (1.27%), N = 15, StdDev = 0.012 ns
Min = 0.232 ns, Q1 = 0.233 ns, Median = 0.234 ns, Q3 = 0.255 ns, Max = 0.266 ns
IQR = 0.021 ns, LowerFence = 0.201 ns, UpperFence = 0.286 ns
ConfidenceInterval = [0.229 ns; 0.254 ns] (CI 99.9%), Margin = 0.013 ns (5.28% of Mean)
Skewness = 0.77, Kurtosis = 1.79, MValue = 3

// ** Remained 1 (7.7%) benchmark(s) to run. Estimated finish 2026-02-24 22:40 (0h 0m from now) **
Setup power plan (GUID: 8c5e7fda-e8bf-4a96-9a85-a6e23a8c635c FriendlyName: High performance)
// **************************
// Benchmark: Scenario1.S1_ReturnVoidSuccess_EnumerationsOptions: .NET 10.0(Runtime=.NET 10.0, IterationTime=100ms) [Iterations=2]
// *** Execute ***
// Launch: 1 / 1
// Execute: dotnet Enumerations.Options.Benchmarks-1.dll --anonymousPipes 952 1708 --benchmarkName "ReillyDigital.Enumerations.Options.Benchmarks.Scenarios.Scenario1.S1_ReturnVoidSuccess_EnumerationsOptions(Iterations: 2)" --job ".NET 10.0" --benchmarkId 12 in D:\x\devs\reilly-digital\dotnet\enumerations.options.benchmarks\bin\Debug\net10.0\Enumerations.Options.Benchmarks-1\bin\Release\net10.0
// BeforeAnythingElse

// Benchmark Process Environment Information:
// BenchmarkDotNet v0.15.8
// Runtime=.NET 10.0.3 (10.0.3, 10.0.326.7603), X64 RyuJIT x86-64-v3
// GC=Concurrent Workstation
// HardwareIntrinsics=AVX2+BMI1+BMI2+F16C+FMA+LZCNT+MOVBE,AVX,SSE3+SSSE3+SSE4.1+SSE4.2+POPCNT,X86Base+SSE+SSE2,AES+PCLMUL VectorSize=256
// Job: .NET 10.0(IterationTime=100ms)

OverheadJitting  1: 1 op, 118800.00 ns, 118.8000 us/op
WorkloadJitting  1: 1 op, 1174700.00 ns, 1.1747 ms/op

OverheadJitting  2: 16 op, 151200.00 ns, 9.4500 us/op
WorkloadJitting  2: 16 op, 234100.00 ns, 14.6313 us/op

WorkloadPilot    1: 16 op, 1400.00 ns, 87.5000 ns/op
WorkloadPilot    2: 1142864 op, 61009500.00 ns, 53.3830 ns/op
WorkloadPilot    3: 1873264 op, 54974300.00 ns, 29.3468 ns/op
WorkloadPilot    4: 3407536 op, 5985900.00 ns, 1.7567 ns/op
WorkloadPilot    5: 56926048 op, 98458400.00 ns, 1.7296 ns/op
WorkloadPilot    6: 57817360 op, 99789000.00 ns, 1.7259 ns/op
WorkloadPilot    7: 57939616 op, 99862400.00 ns, 1.7236 ns/op
WorkloadPilot    8: 58019456 op, 100030800.00 ns, 1.7241 ns/op
WorkloadPilot    9: 58001600 op, 100160000.00 ns, 1.7268 ns/op
WorkloadPilot   10: 57908960 op, 99906000.00 ns, 1.7252 ns/op
WorkloadPilot   11: 57963456 op, 99925400.00 ns, 1.7239 ns/op
WorkloadPilot   12: 58006736 op, 100022600.00 ns, 1.7243 ns/op

OverheadWarmup   1: 58006736 op, 129779500.00 ns, 2.2373 ns/op
OverheadWarmup   2: 58006736 op, 87398800.00 ns, 1.5067 ns/op
OverheadWarmup   3: 58006736 op, 86179400.00 ns, 1.4857 ns/op
OverheadWarmup   4: 58006736 op, 86502900.00 ns, 1.4913 ns/op
OverheadWarmup   5: 58006736 op, 88853700.00 ns, 1.5318 ns/op
OverheadWarmup   6: 58006736 op, 96479800.00 ns, 1.6633 ns/op
OverheadWarmup   7: 58006736 op, 91017700.00 ns, 1.5691 ns/op
OverheadWarmup   8: 58006736 op, 89045600.00 ns, 1.5351 ns/op
OverheadWarmup   9: 58006736 op, 89537800.00 ns, 1.5436 ns/op
OverheadWarmup  10: 58006736 op, 86579100.00 ns, 1.4926 ns/op

OverheadActual   1: 58006736 op, 88065000.00 ns, 1.5182 ns/op
OverheadActual   2: 58006736 op, 86536500.00 ns, 1.4918 ns/op
OverheadActual   3: 58006736 op, 86445500.00 ns, 1.4903 ns/op
OverheadActual   4: 58006736 op, 86112500.00 ns, 1.4845 ns/op
OverheadActual   5: 58006736 op, 86794600.00 ns, 1.4963 ns/op
OverheadActual   6: 58006736 op, 87563000.00 ns, 1.5095 ns/op
OverheadActual   7: 58006736 op, 86519300.00 ns, 1.4915 ns/op
OverheadActual   8: 58006736 op, 86212000.00 ns, 1.4862 ns/op
OverheadActual   9: 58006736 op, 86203600.00 ns, 1.4861 ns/op
OverheadActual  10: 58006736 op, 87590300.00 ns, 1.5100 ns/op
OverheadActual  11: 58006736 op, 86975000.00 ns, 1.4994 ns/op
OverheadActual  12: 58006736 op, 87535000.00 ns, 1.5090 ns/op
OverheadActual  13: 58006736 op, 86825300.00 ns, 1.4968 ns/op
OverheadActual  14: 58006736 op, 86192400.00 ns, 1.4859 ns/op
OverheadActual  15: 58006736 op, 87470200.00 ns, 1.5079 ns/op

WorkloadWarmup   1: 58006736 op, 100113100.00 ns, 1.7259 ns/op
WorkloadWarmup   2: 58006736 op, 100116400.00 ns, 1.7259 ns/op
WorkloadWarmup   3: 58006736 op, 99945900.00 ns, 1.7230 ns/op
WorkloadWarmup   4: 58006736 op, 99986300.00 ns, 1.7237 ns/op
WorkloadWarmup   5: 58006736 op, 99993500.00 ns, 1.7238 ns/op
WorkloadWarmup   6: 58006736 op, 100947200.00 ns, 1.7403 ns/op
WorkloadWarmup   7: 58006736 op, 101447100.00 ns, 1.7489 ns/op
WorkloadWarmup   8: 58006736 op, 101285500.00 ns, 1.7461 ns/op

// BeforeActualRun
WorkloadActual   1: 58006736 op, 100209600.00 ns, 1.7276 ns/op
WorkloadActual   2: 58006736 op, 99964000.00 ns, 1.7233 ns/op
WorkloadActual   3: 58006736 op, 100002400.00 ns, 1.7240 ns/op
WorkloadActual   4: 58006736 op, 99977300.00 ns, 1.7235 ns/op
WorkloadActual   5: 58006736 op, 100080500.00 ns, 1.7253 ns/op
WorkloadActual   6: 58006736 op, 99983300.00 ns, 1.7236 ns/op
WorkloadActual   7: 58006736 op, 99990500.00 ns, 1.7238 ns/op
WorkloadActual   8: 58006736 op, 100150400.00 ns, 1.7265 ns/op
WorkloadActual   9: 58006736 op, 100147500.00 ns, 1.7265 ns/op
WorkloadActual  10: 58006736 op, 100145000.00 ns, 1.7264 ns/op
WorkloadActual  11: 58006736 op, 100093200.00 ns, 1.7255 ns/op
WorkloadActual  12: 58006736 op, 100011600.00 ns, 1.7241 ns/op
WorkloadActual  13: 58006736 op, 100415200.00 ns, 1.7311 ns/op
WorkloadActual  14: 58006736 op, 99938600.00 ns, 1.7229 ns/op
WorkloadActual  15: 58006736 op, 99890700.00 ns, 1.7221 ns/op

// AfterActualRun
WorkloadResult   1: 58006736 op, 13415000.00 ns, 0.2313 ns/op
WorkloadResult   2: 58006736 op, 13169400.00 ns, 0.2270 ns/op
WorkloadResult   3: 58006736 op, 13207800.00 ns, 0.2277 ns/op
WorkloadResult   4: 58006736 op, 13182700.00 ns, 0.2273 ns/op
WorkloadResult   5: 58006736 op, 13285900.00 ns, 0.2290 ns/op
WorkloadResult   6: 58006736 op, 13188700.00 ns, 0.2274 ns/op
WorkloadResult   7: 58006736 op, 13195900.00 ns, 0.2275 ns/op
WorkloadResult   8: 58006736 op, 13355800.00 ns, 0.2302 ns/op
WorkloadResult   9: 58006736 op, 13352900.00 ns, 0.2302 ns/op
WorkloadResult  10: 58006736 op, 13350400.00 ns, 0.2302 ns/op
WorkloadResult  11: 58006736 op, 13298600.00 ns, 0.2293 ns/op
WorkloadResult  12: 58006736 op, 13217000.00 ns, 0.2279 ns/op
WorkloadResult  13: 58006736 op, 13144000.00 ns, 0.2266 ns/op
WorkloadResult  14: 58006736 op, 13096100.00 ns, 0.2258 ns/op
// GC:  0 0 0 0 58006736
// Threading:  0 0 58006736

// AfterAll
// Benchmark Process 16164 has exited with code 0.

Mean = 0.228 ns, StdErr = 0.000 ns (0.19%), N = 14, StdDev = 0.002 ns
Min = 0.226 ns, Q1 = 0.227 ns, Median = 0.228 ns, Q3 = 0.230 ns, Max = 0.231 ns
IQR = 0.003 ns, LowerFence = 0.223 ns, UpperFence = 0.234 ns
ConfidenceInterval = [0.227 ns; 0.230 ns] (CI 99.9%), Margin = 0.002 ns (0.81% of Mean)
Skewness = 0.23, Kurtosis = 1.64, MValue = 2

// ** Remained 0 (0.0%) benchmark(s) to run. Estimated finish 2026-02-24 22:40 (0h 0m from now) **
Successfully reverted power plan (GUID: 381b4222-f694-41f0-9685-ff5bb260df2e FriendlyName: Balanced)
// ***** BenchmarkRunner: Finish  *****

// * Export *
  BenchmarkDotNet.Artifacts\results\ReillyDigital.Enumerations.Options.Benchmarks.Scenarios.Scenario1-report.csv
  BenchmarkDotNet.Artifacts\results\ReillyDigital.Enumerations.Options.Benchmarks.Scenarios.Scenario1-report-github.md
  BenchmarkDotNet.Artifacts\results\ReillyDigital.Enumerations.Options.Benchmarks.Scenarios.Scenario1-report.html

// * Detailed results *
Scenario1.S1_CheckOptionStringErrorNoMessage_EnumerationsOptions: .NET 10.0(Runtime=.NET 10.0, IterationTime=100ms) [Iterations=2]
Runtime = .NET 10.0.3 (10.0.3, 10.0.326.7603), X64 RyuJIT x86-64-v3; GC = Concurrent Workstation
Mean = 1.936 ns, StdErr = 0.003 ns (0.17%), N = 15, StdDev = 0.013 ns
Min = 1.920 ns, Q1 = 1.922 ns, Median = 1.943 ns, Q3 = 1.944 ns, Max = 1.962 ns
IQR = 0.022 ns, LowerFence = 1.889 ns, UpperFence = 1.976 ns
ConfidenceInterval = [1.922 ns; 1.950 ns] (CI 99.9%), Margin = 0.014 ns (0.72% of Mean)
Skewness = 0.13, Kurtosis = 1.74, MValue = 2
-------------------- Histogram --------------------
[1.913 ns ; 1.963 ns) | @@@@@@@@@@@@@@@
---------------------------------------------------

Scenario1.S1_CheckOptionStringErrorWithMessage_EnumerationsOptions: .NET 10.0(Runtime=.NET 10.0, IterationTime=100ms) [Iterations=2]
Runtime = .NET 10.0.3 (10.0.3, 10.0.326.7603), X64 RyuJIT x86-64-v3; GC = Concurrent Workstation
Mean = 0.254 ns, StdErr = 0.002 ns (0.69%), N = 14, StdDev = 0.007 ns
Min = 0.239 ns, Q1 = 0.251 ns, Median = 0.254 ns, Q3 = 0.258 ns, Max = 0.266 ns
IQR = 0.007 ns, LowerFence = 0.240 ns, UpperFence = 0.269 ns
ConfidenceInterval = [0.247 ns; 0.262 ns] (CI 99.9%), Margin = 0.007 ns (2.91% of Mean)
Skewness = -0.49, Kurtosis = 3.12, MValue = 2
-------------------- Histogram --------------------
[0.235 ns ; 0.246 ns) | @
[0.246 ns ; 0.253 ns) | @@@@
[0.253 ns ; 0.262 ns) | @@@@@@@@
[0.262 ns ; 0.270 ns) | @
---------------------------------------------------

Scenario1.S1_CheckOptionStringSuccess_EnumerationsOptions: .NET 10.0(Runtime=.NET 10.0, IterationTime=100ms) [Iterations=2]
Runtime = .NET 10.0.3 (10.0.3, 10.0.326.7603), X64 RyuJIT x86-64-v3; GC = Concurrent Workstation
Mean = 0.388 ns, StdErr = 0.010 ns (2.67%), N = 33, StdDev = 0.060 ns
Min = 0.319 ns, Q1 = 0.341 ns, Median = 0.362 ns, Q3 = 0.448 ns, Max = 0.500 ns
IQR = 0.107 ns, LowerFence = 0.180 ns, UpperFence = 0.608 ns
ConfidenceInterval = [0.351 ns; 0.426 ns] (CI 99.9%), Margin = 0.038 ns (9.68% of Mean)
Skewness = 0.73, Kurtosis = 1.9, MValue = 2.78
-------------------- Histogram --------------------
[0.294 ns ; 0.324 ns) | @
[0.324 ns ; 0.373 ns) | @@@@@@@@@@@@@@@@@@
[0.373 ns ; 0.419 ns) | @@@@@
[0.419 ns ; 0.455 ns) | @
[0.455 ns ; 0.504 ns) | @@@@@@@@
---------------------------------------------------

Scenario1.S1_CheckVoidErrorNoMessage_EnumerationsOptions: .NET 10.0(Runtime=.NET 10.0, IterationTime=100ms) [Iterations=2]
Runtime = .NET 10.0.3 (10.0.3, 10.0.326.7603), X64 RyuJIT x86-64-v3; GC = Concurrent Workstation
Mean = 0.256 ns, StdErr = 0.004 ns (1.43%), N = 14, StdDev = 0.014 ns
Min = 0.237 ns, Q1 = 0.243 ns, Median = 0.257 ns, Q3 = 0.263 ns, Max = 0.277 ns
IQR = 0.020 ns, LowerFence = 0.214 ns, UpperFence = 0.293 ns
ConfidenceInterval = [0.240 ns; 0.271 ns] (CI 99.9%), Margin = 0.015 ns (6.06% of Mean)
Skewness = 0.05, Kurtosis = 1.62, MValue = 3.43
-------------------- Histogram --------------------
[0.234 ns ; 0.249 ns) | @@@@@
[0.249 ns ; 0.256 ns) | 
[0.256 ns ; 0.271 ns) | @@@@@@@
[0.271 ns ; 0.285 ns) | @@
---------------------------------------------------

Scenario1.S1_CheckVoidErrorWithMessage_EnumerationsOptions: .NET 10.0(Runtime=.NET 10.0, IterationTime=100ms) [Iterations=2]
Runtime = .NET 10.0.3 (10.0.3, 10.0.326.7603), X64 RyuJIT x86-64-v3; GC = Concurrent Workstation
Mean = 0.240 ns, StdErr = 0.000 ns (0.19%), N = 12, StdDev = 0.002 ns
Min = 0.238 ns, Q1 = 0.239 ns, Median = 0.240 ns, Q3 = 0.241 ns, Max = 0.244 ns
IQR = 0.002 ns, LowerFence = 0.236 ns, UpperFence = 0.244 ns
ConfidenceInterval = [0.238 ns; 0.242 ns] (CI 99.9%), Margin = 0.002 ns (0.86% of Mean)
Skewness = 0.8, Kurtosis = 2.68, MValue = 2
-------------------- Histogram --------------------
[0.237 ns ; 0.245 ns) | @@@@@@@@@@@@
---------------------------------------------------

Scenario1.S1_CheckVoidSuccess_EnumerationsOptions: .NET 10.0(Runtime=.NET 10.0, IterationTime=100ms) [Iterations=2]
Runtime = .NET 10.0.3 (10.0.3, 10.0.326.7603), X64 RyuJIT x86-64-v3; GC = Concurrent Workstation
Mean = 0.250 ns, StdErr = 0.002 ns (0.99%), N = 15, StdDev = 0.010 ns
Min = 0.234 ns, Q1 = 0.241 ns, Median = 0.255 ns, Q3 = 0.257 ns, Max = 0.262 ns
IQR = 0.016 ns, LowerFence = 0.218 ns, UpperFence = 0.280 ns
ConfidenceInterval = [0.240 ns; 0.261 ns] (CI 99.9%), Margin = 0.010 ns (4.10% of Mean)
Skewness = -0.59, Kurtosis = 1.62, MValue = 2.89
-------------------- Histogram --------------------
[0.233 ns ; 0.243 ns) | @@@@@
[0.243 ns ; 0.254 ns) | @
[0.254 ns ; 0.264 ns) | @@@@@@@@@
---------------------------------------------------

Scenario1.S1_ReturnOptionStringErrorNoMessage_EnumerationsOptions: .NET 10.0(Runtime=.NET 10.0, IterationTime=100ms) [Iterations=2]
Runtime = .NET 10.0.3 (10.0.3, 10.0.326.7603), X64 RyuJIT x86-64-v3; GC = Concurrent Workstation
Mean = 0.228 ns, StdErr = 0.003 ns (1.28%), N = 15, StdDev = 0.011 ns
Min = 0.219 ns, Q1 = 0.219 ns, Median = 0.221 ns, Q3 = 0.241 ns, Max = 0.248 ns
IQR = 0.021 ns, LowerFence = 0.188 ns, UpperFence = 0.272 ns
ConfidenceInterval = [0.216 ns; 0.240 ns] (CI 99.9%), Margin = 0.012 ns (5.32% of Mean)
Skewness = 0.68, Kurtosis = 1.49, MValue = 3
-------------------- Histogram --------------------
[0.215 ns ; 0.227 ns) | @@@@@@@@@@
[0.227 ns ; 0.238 ns) | 
[0.238 ns ; 0.250 ns) | @@@@@
---------------------------------------------------

Scenario1.S1_ReturnOptionStringErrorWithMessage_EnumerationsOptions: .NET 10.0(Runtime=.NET 10.0, IterationTime=100ms) [Iterations=2]
Runtime = .NET 10.0.3 (10.0.3, 10.0.326.7603), X64 RyuJIT x86-64-v3; GC = Concurrent Workstation
Mean = 0.253 ns, StdErr = 0.002 ns (0.98%), N = 15, StdDev = 0.010 ns
Min = 0.236 ns, Q1 = 0.245 ns, Median = 0.257 ns, Q3 = 0.258 ns, Max = 0.270 ns
IQR = 0.012 ns, LowerFence = 0.227 ns, UpperFence = 0.277 ns
ConfidenceInterval = [0.243 ns; 0.263 ns] (CI 99.9%), Margin = 0.010 ns (4.05% of Mean)
Skewness = -0.27, Kurtosis = 1.94, MValue = 2
-------------------- Histogram --------------------
[0.236 ns ; 0.251 ns) | @@@@@
[0.251 ns ; 0.265 ns) | @@@@@@@@@
[0.265 ns ; 0.275 ns) | @
---------------------------------------------------

Scenario1.S1_ReturnOptionStringNone_EnumerationsOptions: .NET 10.0(Runtime=.NET 10.0, IterationTime=100ms) [Iterations=2]
Runtime = .NET 10.0.3 (10.0.3, 10.0.326.7603), X64 RyuJIT x86-64-v3; GC = Concurrent Workstation
Mean = 0.249 ns, StdErr = 0.002 ns (1.00%), N = 12, StdDev = 0.009 ns
Min = 0.235 ns, Q1 = 0.245 ns, Median = 0.247 ns, Q3 = 0.254 ns, Max = 0.264 ns
IQR = 0.010 ns, LowerFence = 0.230 ns, UpperFence = 0.269 ns
ConfidenceInterval = [0.238 ns; 0.260 ns] (CI 99.9%), Margin = 0.011 ns (4.45% of Mean)
Skewness = 0.03, Kurtosis = 1.87, MValue = 2
-------------------- Histogram --------------------
[0.230 ns ; 0.241 ns) | @@
[0.241 ns ; 0.254 ns) | @@@@@@@
[0.254 ns ; 0.265 ns) | @@@
---------------------------------------------------

Scenario1.S1_ReturnOptionStringSuccess_EnumerationsOptions: .NET 10.0(Runtime=.NET 10.0, IterationTime=100ms) [Iterations=2]
Runtime = .NET 10.0.3 (10.0.3, 10.0.326.7603), X64 RyuJIT x86-64-v3; GC = Concurrent Workstation
Mean = 0.245 ns, StdErr = 0.002 ns (0.69%), N = 14, StdDev = 0.006 ns
Min = 0.236 ns, Q1 = 0.240 ns, Median = 0.244 ns, Q3 = 0.248 ns, Max = 0.259 ns
IQR = 0.008 ns, LowerFence = 0.229 ns, UpperFence = 0.259 ns
ConfidenceInterval = [0.238 ns; 0.252 ns] (CI 99.9%), Margin = 0.007 ns (2.91% of Mean)
Skewness = 0.6, Kurtosis = 2.51, MValue = 2
-------------------- Histogram --------------------
[0.235 ns ; 0.242 ns) | @@@@
[0.242 ns ; 0.248 ns) | @@@@@@@
[0.248 ns ; 0.255 ns) | @@
[0.255 ns ; 0.263 ns) | @
---------------------------------------------------

Scenario1.S1_ReturnVoidErrorNoMessage_EnumerationsOptions: .NET 10.0(Runtime=.NET 10.0, IterationTime=100ms) [Iterations=2]
Runtime = .NET 10.0.3 (10.0.3, 10.0.326.7603), X64 RyuJIT x86-64-v3; GC = Concurrent Workstation
Mean = 0.238 ns, StdErr = 0.001 ns (0.22%), N = 13, StdDev = 0.002 ns
Min = 0.235 ns, Q1 = 0.237 ns, Median = 0.237 ns, Q3 = 0.238 ns, Max = 0.242 ns
IQR = 0.002 ns, LowerFence = 0.234 ns, UpperFence = 0.240 ns
ConfidenceInterval = [0.236 ns; 0.240 ns] (CI 99.9%), Margin = 0.002 ns (0.93% of Mean)
Skewness = 0.93, Kurtosis = 2.66, MValue = 2
-------------------- Histogram --------------------
[0.235 ns ; 0.243 ns) | @@@@@@@@@@@@@
---------------------------------------------------

Scenario1.S1_ReturnVoidErrorWithMessage_EnumerationsOptions: .NET 10.0(Runtime=.NET 10.0, IterationTime=100ms) [Iterations=2]
Runtime = .NET 10.0.3 (10.0.3, 10.0.326.7603), X64 RyuJIT x86-64-v3; GC = Concurrent Workstation
Mean = 0.242 ns, StdErr = 0.003 ns (1.27%), N = 15, StdDev = 0.012 ns
Min = 0.232 ns, Q1 = 0.233 ns, Median = 0.234 ns, Q3 = 0.255 ns, Max = 0.266 ns
IQR = 0.021 ns, LowerFence = 0.201 ns, UpperFence = 0.286 ns
ConfidenceInterval = [0.229 ns; 0.254 ns] (CI 99.9%), Margin = 0.013 ns (5.28% of Mean)
Skewness = 0.77, Kurtosis = 1.79, MValue = 3
-------------------- Histogram --------------------
[0.228 ns ; 0.240 ns) | @@@@@@@@@@
[0.240 ns ; 0.253 ns) | 
[0.253 ns ; 0.266 ns) | @@@@@
---------------------------------------------------

Scenario1.S1_ReturnVoidSuccess_EnumerationsOptions: .NET 10.0(Runtime=.NET 10.0, IterationTime=100ms) [Iterations=2]
Runtime = .NET 10.0.3 (10.0.3, 10.0.326.7603), X64 RyuJIT x86-64-v3; GC = Concurrent Workstation
Mean = 0.228 ns, StdErr = 0.000 ns (0.19%), N = 14, StdDev = 0.002 ns
Min = 0.226 ns, Q1 = 0.227 ns, Median = 0.228 ns, Q3 = 0.230 ns, Max = 0.231 ns
IQR = 0.003 ns, LowerFence = 0.223 ns, UpperFence = 0.234 ns
ConfidenceInterval = [0.227 ns; 0.230 ns] (CI 99.9%), Margin = 0.002 ns (0.81% of Mean)
Skewness = 0.23, Kurtosis = 1.64, MValue = 2
-------------------- Histogram --------------------
[0.225 ns ; 0.232 ns) | @@@@@@@@@@@@@@
---------------------------------------------------

// * Summary *

BenchmarkDotNet v0.15.8, Windows 11 (10.0.26200.7840/25H2/2025Update/HudsonValley2)
AMD Ryzen 5 3600 3.59GHz, 1 CPU, 12 logical and 6 physical cores
.NET SDK 10.0.103
  [Host]    : .NET 10.0.3 (10.0.3, 10.0.326.7603), X64 RyuJIT x86-64-v3
  .NET 10.0 : .NET 10.0.3 (10.0.3, 10.0.326.7603), X64 RyuJIT x86-64-v3

Job=.NET 10.0  Runtime=.NET 10.0  IterationTime=100ms  
Iterations=2  

| Method                                                    | Categories                                  | Mean      | Ratio | Allocated | Alloc Ratio |
|---------------------------------------------------------- |-------------------------------------------- |----------:|------:|----------:|------------:|
| S1_CheckOptionStringErrorNoMessage_EnumerationsOptions    | S1: Check Option String Error No Message    | 1.9359 ns |  1.00 |         - |          NA |
|                                                           |                                             |           |       |           |             |
| S1_CheckOptionStringErrorWithMessage_EnumerationsOptions  | S1: Check Option String Error With Message  | 0.2542 ns |  1.00 |         - |          NA |
|                                                           |                                             |           |       |           |             |
| S1_CheckOptionStringSuccess_EnumerationsOptions           | S1: Check Option String Success             | 0.3884 ns |  1.02 |         - |          NA |
|                                                           |                                             |           |       |           |             |
| S1_CheckVoidErrorNoMessage_EnumerationsOptions            | S1: Check Void Error No Message             | 0.2557 ns |  1.00 |         - |          NA |
|                                                           |                                             |           |       |           |             |
| S1_CheckVoidErrorWithMessage_EnumerationsOptions          | S1: Check Void Error With Message           | 0.2400 ns |  1.00 |         - |          NA |
|                                                           |                                             |           |       |           |             |
| S1_CheckVoidSuccess_EnumerationsOptions                   | S1: Check Void Success                      | 0.2504 ns |  1.00 |         - |          NA |
|                                                           |                                             |           |       |           |             |
| S1_ReturnOptionStringErrorNoMessage_EnumerationsOptions   | S1: Return Option String Error No Message   | 0.2278 ns |  1.00 |         - |          NA |
|                                                           |                                             |           |       |           |             |
| S1_ReturnOptionStringErrorWithMessage_EnumerationsOptions | S1: Return Option String Error With Message | 0.2528 ns |  1.00 |         - |          NA |
|                                                           |                                             |           |       |           |             |
| S1_ReturnOptionStringNone_EnumerationsOptions             | S1: Return Option String None               | 0.2488 ns |  1.00 |         - |          NA |
|                                                           |                                             |           |       |           |             |
| S1_ReturnOptionStringSuccess_EnumerationsOptions          | S1: Return Option String Success            | 0.2448 ns |  1.00 |         - |          NA |
|                                                           |                                             |           |       |           |             |
| S1_ReturnVoidErrorNoMessage_EnumerationsOptions           | S1: Return Void Error No Message            | 0.2378 ns |  1.00 |         - |          NA |
|                                                           |                                             |           |       |           |             |
| S1_ReturnVoidErrorWithMessage_EnumerationsOptions         | S1: Return Void Error With Message          | 0.2415 ns |  1.00 |         - |          NA |
|                                                           |                                             |           |       |           |             |
| S1_ReturnVoidSuccess_EnumerationsOptions                  | S1: Return Void Success                     | 0.2284 ns |  1.00 |         - |          NA |

// * Warnings *
MinIterationTime
  Scenario1.S1_CheckOptionStringErrorNoMessage_EnumerationsOptions: .NET 10.0    -> The minimum observed iteration time is 98.588ms which is very small. It's recommended to increase it to at least 100ms using more operations.
  Scenario1.S1_CheckOptionStringErrorWithMessage_EnumerationsOptions: .NET 10.0  -> The minimum observed iteration time is 99.304ms which is very small. It's recommended to increase it to at least 100ms using more operations.
  Scenario1.S1_CheckOptionStringSuccess_EnumerationsOptions: .NET 10.0           -> The minimum observed iteration time is 95.236ms which is very small. It's recommended to increase it to at least 100ms using more operations.
  Scenario1.S1_CheckVoidErrorNoMessage_EnumerationsOptions: .NET 10.0            -> The minimum observed iteration time is 99.971ms which is very small. It's recommended to increase it to at least 100ms using more operations.
  Scenario1.S1_CheckVoidErrorWithMessage_EnumerationsOptions: .NET 10.0          -> The minimum observed iteration time is 99.46ms which is very small. It's recommended to increase it to at least 100ms using more operations.
  Scenario1.S1_CheckVoidSuccess_EnumerationsOptions: .NET 10.0                   -> The minimum observed iteration time is 99.335ms which is very small. It's recommended to increase it to at least 100ms using more operations.
  Scenario1.S1_ReturnOptionStringErrorNoMessage_EnumerationsOptions: .NET 10.0   -> The minimum observed iteration time is 99.904ms which is very small. It's recommended to increase it to at least 100ms using more operations.
  Scenario1.S1_ReturnOptionStringErrorWithMessage_EnumerationsOptions: .NET 10.0 -> The minimum observed iteration time is 98.835ms which is very small. It's recommended to increase it to at least 100ms using more operations.
  Scenario1.S1_ReturnOptionStringNone_EnumerationsOptions: .NET 10.0             -> The minimum observed iteration time is 99.771ms which is very small. It's recommended to increase it to at least 100ms using more operations.
  Scenario1.S1_ReturnOptionStringSuccess_EnumerationsOptions: .NET 10.0          -> The minimum observed iteration time is 99.482ms which is very small. It's recommended to increase it to at least 100ms using more operations.
  Scenario1.S1_ReturnVoidErrorNoMessage_EnumerationsOptions: .NET 10.0           -> The minimum observed iteration time is 98.44ms which is very small. It's recommended to increase it to at least 100ms using more operations.
  Scenario1.S1_ReturnVoidErrorWithMessage_EnumerationsOptions: .NET 10.0         -> The minimum observed iteration time is 98.689ms which is very small. It's recommended to increase it to at least 100ms using more operations.
  Scenario1.S1_ReturnVoidSuccess_EnumerationsOptions: .NET 10.0                  -> The minimum observed iteration time is 99.891ms which is very small. It's recommended to increase it to at least 100ms using more operations.
MultimodalDistribution
  Scenario1.S1_CheckVoidSuccess_EnumerationsOptions: .NET 10.0                 -> It seems that the distribution can have several modes (mValue = 2.89)
  Scenario1.S1_ReturnOptionStringErrorNoMessage_EnumerationsOptions: .NET 10.0 -> It seems that the distribution can have several modes (mValue = 3)

// * Hints *
HideColumnsAnalyser
  Summary -> Hidden columns: Iterations, Error, StdDev, RatioSD
Outliers
  Scenario1.S1_CheckOptionStringErrorWithMessage_EnumerationsOptions: .NET 10.0 -> 1 outlier  was  removed, 2 outliers were detected (1.73 ns, 1.82 ns)
  Scenario1.S1_CheckVoidErrorNoMessage_EnumerationsOptions: .NET 10.0           -> 1 outlier  was  removed (1.91 ns)
  Scenario1.S1_CheckVoidErrorWithMessage_EnumerationsOptions: .NET 10.0         -> 3 outliers were removed (1.76 ns..1.76 ns)
  Scenario1.S1_ReturnOptionStringNone_EnumerationsOptions: .NET 10.0            -> 3 outliers were removed (1.79 ns..1.81 ns)
  Scenario1.S1_ReturnOptionStringSuccess_EnumerationsOptions: .NET 10.0         -> 1 outlier  was  removed (1.75 ns)
  Scenario1.S1_ReturnVoidErrorNoMessage_EnumerationsOptions: .NET 10.0          -> 2 outliers were removed (1.76 ns, 1.78 ns)
  Scenario1.S1_ReturnVoidSuccess_EnumerationsOptions: .NET 10.0                 -> 1 outlier  was  removed (1.73 ns)

// * Legends *
  Categories  : All categories of the corresponded method, class, and assembly
  Mean        : Arithmetic mean of all measurements
  Ratio       : Mean of the ratio distribution ([Current]/[Baseline])
  Allocated   : Allocated memory per single operation (managed only, inclusive, 1KB = 1024B)
  Alloc Ratio : Allocated memory ratio distribution ([Current]/[Baseline])
  1 ns        : 1 Nanosecond (0.000000001 sec)

// * Diagnostic Output - MemoryDiagnoser *


// ***** BenchmarkRunner: End *****
Run time: 00:01:13 (73.47 sec), executed benchmarks: 13

Global total time: 00:01:24 (84.42 sec), executed benchmarks: 13
// * Artifacts cleanup *
Artifacts cleanup is finished
