// Validating benchmarks:
// ***** BenchmarkRunner: Start   *****
// ***** Found 13 benchmark(s) in total *****
// ***** Building 1 exe(s) in Parallel: Start   *****
// start dotnet  restore --nodeReuse:false /p:UseSharedCompilation=false /p:Deterministic=true /p:Optimize=true /p:ArtifactsPath="D:\x\devs\reilly-digital\dotnet\enumerations.options.benchmarks\bin\Debug\net10.0\Enumerations.Options.Benchmarks-1/" /p:OutDir="D:\x\devs\reilly-digital\dotnet\enumerations.options.benchmarks\bin\Debug\net10.0\Enumerations.Options.Benchmarks-1\bin\Release\net10.0/" /p:OutputPath="D:\x\devs\reilly-digital\dotnet\enumerations.options.benchmarks\bin\Debug\net10.0\Enumerations.Options.Benchmarks-1\bin\Release\net10.0/" /p:PublishDir="D:\x\devs\reilly-digital\dotnet\enumerations.options.benchmarks\bin\Debug\net10.0\Enumerations.Options.Benchmarks-1\publish/" in D:\x\devs\reilly-digital\dotnet\enumerations.options.benchmarks\bin\Debug\net10.0\Enumerations.Options.Benchmarks-1
// command took 1.23 sec and exited with 0
// start dotnet  build -c Release --no-restore --nodeReuse:false /p:UseSharedCompilation=false /p:Deterministic=true /p:Optimize=true /p:ArtifactsPath="D:\x\devs\reilly-digital\dotnet\enumerations.options.benchmarks\bin\Debug\net10.0\Enumerations.Options.Benchmarks-1/" /p:OutDir="D:\x\devs\reilly-digital\dotnet\enumerations.options.benchmarks\bin\Debug\net10.0\Enumerations.Options.Benchmarks-1\bin\Release\net10.0/" /p:OutputPath="D:\x\devs\reilly-digital\dotnet\enumerations.options.benchmarks\bin\Debug\net10.0\Enumerations.Options.Benchmarks-1\bin\Release\net10.0/" /p:PublishDir="D:\x\devs\reilly-digital\dotnet\enumerations.options.benchmarks\bin\Debug\net10.0\Enumerations.Options.Benchmarks-1\publish/" --output "D:\x\devs\reilly-digital\dotnet\enumerations.options.benchmarks\bin\Debug\net10.0\Enumerations.Options.Benchmarks-1\bin\Release\net10.0/" in D:\x\devs\reilly-digital\dotnet\enumerations.options.benchmarks\bin\Debug\net10.0\Enumerations.Options.Benchmarks-1
// command took 8.72 sec and exited with 0
// ***** Done, took 00:00:10 (10.01 sec)   *****
// Found 13 benchmarks:
//   Scenario1.S1_CheckOptionStringErrorNoMessage_EnumerationsOptions: .NET 10.0(Runtime=.NET 10.0, IterationTime=250ms) [Iterations=10]
//   Scenario1.S1_CheckOptionStringErrorWithMessage_EnumerationsOptions: .NET 10.0(Runtime=.NET 10.0, IterationTime=250ms) [Iterations=10]
//   Scenario1.S1_CheckOptionStringSuccess_EnumerationsOptions: .NET 10.0(Runtime=.NET 10.0, IterationTime=250ms) [Iterations=10]
//   Scenario1.S1_CheckVoidErrorNoMessage_EnumerationsOptions: .NET 10.0(Runtime=.NET 10.0, IterationTime=250ms) [Iterations=10]
//   Scenario1.S1_CheckVoidErrorWithMessage_EnumerationsOptions: .NET 10.0(Runtime=.NET 10.0, IterationTime=250ms) [Iterations=10]
//   Scenario1.S1_CheckVoidSuccess_EnumerationsOptions: .NET 10.0(Runtime=.NET 10.0, IterationTime=250ms) [Iterations=10]
//   Scenario1.S1_ReturnOptionStringErrorNoMessage_EnumerationsOptions: .NET 10.0(Runtime=.NET 10.0, IterationTime=250ms) [Iterations=10]
//   Scenario1.S1_ReturnOptionStringErrorWithMessage_EnumerationsOptions: .NET 10.0(Runtime=.NET 10.0, IterationTime=250ms) [Iterations=10]
//   Scenario1.S1_ReturnOptionStringNone_EnumerationsOptions: .NET 10.0(Runtime=.NET 10.0, IterationTime=250ms) [Iterations=10]
//   Scenario1.S1_ReturnOptionStringSuccess_EnumerationsOptions: .NET 10.0(Runtime=.NET 10.0, IterationTime=250ms) [Iterations=10]
//   Scenario1.S1_ReturnVoidErrorNoMessage_EnumerationsOptions: .NET 10.0(Runtime=.NET 10.0, IterationTime=250ms) [Iterations=10]
//   Scenario1.S1_ReturnVoidErrorWithMessage_EnumerationsOptions: .NET 10.0(Runtime=.NET 10.0, IterationTime=250ms) [Iterations=10]
//   Scenario1.S1_ReturnVoidSuccess_EnumerationsOptions: .NET 10.0(Runtime=.NET 10.0, IterationTime=250ms) [Iterations=10]

Setup power plan (GUID: 8c5e7fda-e8bf-4a96-9a85-a6e23a8c635c FriendlyName: High performance)
// **************************
// Benchmark: Scenario1.S1_CheckOptionStringErrorNoMessage_EnumerationsOptions: .NET 10.0(Runtime=.NET 10.0, IterationTime=250ms) [Iterations=10]
// *** Execute ***
// Launch: 1 / 1
// Execute: dotnet Enumerations.Options.Benchmarks-1.dll --anonymousPipes 1532 1560 --benchmarkName "ReillyDigital.Enumerations.Options.Benchmarks.Scenarios.Scenario1.S1_CheckOptionStringErrorNoMessage_EnumerationsOptions(Iterations: 10)" --job ".NET 10.0" --benchmarkId 0 in D:\x\devs\reilly-digital\dotnet\enumerations.options.benchmarks\bin\Debug\net10.0\Enumerations.Options.Benchmarks-1\bin\Release\net10.0
// BeforeAnythingElse

// Benchmark Process Environment Information:
// BenchmarkDotNet v0.15.8
// Runtime=.NET 10.0.3 (10.0.3, 10.0.326.7603), X64 RyuJIT x86-64-v3
// GC=Concurrent Workstation
// HardwareIntrinsics=AVX2+BMI1+BMI2+F16C+FMA+LZCNT+MOVBE,AVX,SSE3+SSSE3+SSE4.1+SSE4.2+POPCNT,X86Base+SSE+SSE2,AES+PCLMUL VectorSize=256
// Job: .NET 10.0(IterationTime=250ms)

OverheadJitting  1: 1 op, 114400.00 ns, 114.4000 us/op
WorkloadJitting  1: 1 op, 425931700.00 ns, 425.9317 ms/op

OverheadJitting  2: 1 op, 400.00 ns, 400.0000 ns/op
WorkloadJitting  2: 1 op, 900.00 ns, 900.0000 ns/op

OverheadJitting  3: 16 op, 188400.00 ns, 11.7750 us/op
WorkloadJitting  3: 16 op, 169400.00 ns, 10.5875 us/op

WorkloadPilot    1: 16 op, 6600.00 ns, 412.5000 ns/op
WorkloadPilot    2: 606064 op, 214207700.00 ns, 353.4407 ns/op
WorkloadPilot    3: 707344 op, 2906200.00 ns, 4.1086 ns/op
WorkloadPilot    4: 60847856 op, 249249300.00 ns, 4.0963 ns/op
WorkloadPilot    5: 61031120 op, 249395300.00 ns, 4.0864 ns/op
WorkloadPilot    6: 61179104 op, 252684000.00 ns, 4.1302 ns/op
WorkloadPilot    7: 60529264 op, 249551800.00 ns, 4.1228 ns/op
WorkloadPilot    8: 60637984 op, 251170500.00 ns, 4.1421 ns/op
WorkloadPilot    9: 60355408 op, 247772000.00 ns, 4.1052 ns/op
WorkloadPilot   10: 60898144 op, 248897700.00 ns, 4.0871 ns/op
WorkloadPilot   11: 61167856 op, 252276500.00 ns, 4.1243 ns/op

OverheadWarmup   1: 61167856 op, 154288300.00 ns, 2.5224 ns/op
OverheadWarmup   2: 61167856 op, 117274600.00 ns, 1.9173 ns/op
OverheadWarmup   3: 61167856 op, 92375600.00 ns, 1.5102 ns/op
OverheadWarmup   4: 61167856 op, 93224900.00 ns, 1.5241 ns/op
OverheadWarmup   5: 61167856 op, 93638500.00 ns, 1.5308 ns/op
OverheadWarmup   6: 61167856 op, 92662600.00 ns, 1.5149 ns/op
OverheadWarmup   7: 61167856 op, 92417000.00 ns, 1.5109 ns/op
OverheadWarmup   8: 61167856 op, 92975100.00 ns, 1.5200 ns/op
OverheadWarmup   9: 61167856 op, 92484900.00 ns, 1.5120 ns/op

OverheadActual   1: 61167856 op, 92450400.00 ns, 1.5114 ns/op
OverheadActual   2: 61167856 op, 92235900.00 ns, 1.5079 ns/op
OverheadActual   3: 61167856 op, 92166900.00 ns, 1.5068 ns/op
OverheadActual   4: 61167856 op, 92941500.00 ns, 1.5195 ns/op
OverheadActual   5: 61167856 op, 92266100.00 ns, 1.5084 ns/op
OverheadActual   6: 61167856 op, 94056300.00 ns, 1.5377 ns/op
OverheadActual   7: 61167856 op, 92932200.00 ns, 1.5193 ns/op
OverheadActual   8: 61167856 op, 92594400.00 ns, 1.5138 ns/op
OverheadActual   9: 61167856 op, 93510100.00 ns, 1.5287 ns/op
OverheadActual  10: 61167856 op, 93374200.00 ns, 1.5265 ns/op
OverheadActual  11: 61167856 op, 93564300.00 ns, 1.5296 ns/op
OverheadActual  12: 61167856 op, 92049600.00 ns, 1.5049 ns/op
OverheadActual  13: 61167856 op, 93315700.00 ns, 1.5256 ns/op
OverheadActual  14: 61167856 op, 92638700.00 ns, 1.5145 ns/op
OverheadActual  15: 61167856 op, 93245900.00 ns, 1.5244 ns/op

WorkloadWarmup   1: 61167856 op, 249594700.00 ns, 4.0805 ns/op
WorkloadWarmup   2: 61167856 op, 248999600.00 ns, 4.0708 ns/op
WorkloadWarmup   3: 61167856 op, 249480900.00 ns, 4.0786 ns/op
WorkloadWarmup   4: 61167856 op, 252515600.00 ns, 4.1282 ns/op
WorkloadWarmup   5: 61167856 op, 251961900.00 ns, 4.1192 ns/op
WorkloadWarmup   6: 61167856 op, 249931600.00 ns, 4.0860 ns/op
WorkloadWarmup   7: 61167856 op, 250112700.00 ns, 4.0890 ns/op
WorkloadWarmup   8: 61167856 op, 249930100.00 ns, 4.0860 ns/op

// BeforeActualRun
WorkloadActual   1: 61167856 op, 248868100.00 ns, 4.0686 ns/op
WorkloadActual   2: 61167856 op, 249694400.00 ns, 4.0821 ns/op
WorkloadActual   3: 61167856 op, 249444800.00 ns, 4.0780 ns/op
WorkloadActual   4: 61167856 op, 250484900.00 ns, 4.0950 ns/op
WorkloadActual   5: 61167856 op, 249016000.00 ns, 4.0710 ns/op
WorkloadActual   6: 61167856 op, 249387300.00 ns, 4.0771 ns/op
WorkloadActual   7: 61167856 op, 249397500.00 ns, 4.0773 ns/op
WorkloadActual   8: 61167856 op, 270171600.00 ns, 4.4169 ns/op
WorkloadActual   9: 61167856 op, 250772400.00 ns, 4.0997 ns/op
WorkloadActual  10: 61167856 op, 249778200.00 ns, 4.0835 ns/op
WorkloadActual  11: 61167856 op, 249426500.00 ns, 4.0777 ns/op
WorkloadActual  12: 61167856 op, 249170000.00 ns, 4.0735 ns/op
WorkloadActual  13: 61167856 op, 249117300.00 ns, 4.0727 ns/op
WorkloadActual  14: 61167856 op, 250432100.00 ns, 4.0942 ns/op
WorkloadActual  15: 61167856 op, 248869400.00 ns, 4.0686 ns/op

// AfterActualRun
WorkloadResult   1: 61167856 op, 155935900.00 ns, 2.5493 ns/op
WorkloadResult   2: 61167856 op, 156762200.00 ns, 2.5628 ns/op
WorkloadResult   3: 61167856 op, 156512600.00 ns, 2.5587 ns/op
WorkloadResult   4: 61167856 op, 157552700.00 ns, 2.5757 ns/op
WorkloadResult   5: 61167856 op, 156083800.00 ns, 2.5517 ns/op
WorkloadResult   6: 61167856 op, 156455100.00 ns, 2.5578 ns/op
WorkloadResult   7: 61167856 op, 156465300.00 ns, 2.5580 ns/op
WorkloadResult   8: 61167856 op, 157840200.00 ns, 2.5804 ns/op
WorkloadResult   9: 61167856 op, 156846000.00 ns, 2.5642 ns/op
WorkloadResult  10: 61167856 op, 156494300.00 ns, 2.5584 ns/op
WorkloadResult  11: 61167856 op, 156237800.00 ns, 2.5542 ns/op
WorkloadResult  12: 61167856 op, 156185100.00 ns, 2.5534 ns/op
WorkloadResult  13: 61167856 op, 157499900.00 ns, 2.5749 ns/op
WorkloadResult  14: 61167856 op, 155937200.00 ns, 2.5493 ns/op
// GC:  0 0 0 0 61167856
// Threading:  0 0 61167856

// AfterAll
// Benchmark Process 19108 has exited with code 0.

Mean = 2.561 ns, StdErr = 0.003 ns (0.10%), N = 14, StdDev = 0.010 ns
Min = 2.549 ns, Q1 = 2.554 ns, Median = 2.558 ns, Q3 = 2.564 ns, Max = 2.580 ns
IQR = 0.010 ns, LowerFence = 2.538 ns, UpperFence = 2.579 ns
ConfidenceInterval = [2.549 ns; 2.572 ns] (CI 99.9%), Margin = 0.011 ns (0.44% of Mean)
Skewness = 0.71, Kurtosis = 2.1, MValue = 2

// ** Remained 12 (92.3%) benchmark(s) to run. Estimated finish 2026-02-22 16:49 (0h 2m from now) **
Setup power plan (GUID: 8c5e7fda-e8bf-4a96-9a85-a6e23a8c635c FriendlyName: High performance)
// **************************
// Benchmark: Scenario1.S1_CheckOptionStringErrorWithMessage_EnumerationsOptions: .NET 10.0(Runtime=.NET 10.0, IterationTime=250ms) [Iterations=10]
// *** Execute ***
// Launch: 1 / 1
// Execute: dotnet Enumerations.Options.Benchmarks-1.dll --anonymousPipes 1460 1600 --benchmarkName "ReillyDigital.Enumerations.Options.Benchmarks.Scenarios.Scenario1.S1_CheckOptionStringErrorWithMessage_EnumerationsOptions(Iterations: 10)" --job ".NET 10.0" --benchmarkId 1 in D:\x\devs\reilly-digital\dotnet\enumerations.options.benchmarks\bin\Debug\net10.0\Enumerations.Options.Benchmarks-1\bin\Release\net10.0
// BeforeAnythingElse

// Benchmark Process Environment Information:
// BenchmarkDotNet v0.15.8
// Runtime=.NET 10.0.3 (10.0.3, 10.0.326.7603), X64 RyuJIT x86-64-v3
// GC=Concurrent Workstation
// HardwareIntrinsics=AVX2+BMI1+BMI2+F16C+FMA+LZCNT+MOVBE,AVX,SSE3+SSSE3+SSE4.1+SSE4.2+POPCNT,X86Base+SSE+SSE2,AES+PCLMUL VectorSize=256
// Job: .NET 10.0(IterationTime=250ms)

OverheadJitting  1: 1 op, 110800.00 ns, 110.8000 us/op
WorkloadJitting  1: 1 op, 1500700.00 ns, 1.5007 ms/op

OverheadJitting  2: 16 op, 165100.00 ns, 10.3188 us/op
WorkloadJitting  2: 16 op, 152900.00 ns, 9.5563 us/op

WorkloadPilot    1: 16 op, 6500.00 ns, 406.2500 ns/op
WorkloadPilot    2: 615392 op, 219162700.00 ns, 356.1351 ns/op
WorkloadPilot    3: 701984 op, 3565600.00 ns, 5.0793 ns/op
WorkloadPilot    4: 49219216 op, 248327100.00 ns, 5.0453 ns/op
WorkloadPilot    5: 49550800 op, 251066900.00 ns, 5.0669 ns/op
WorkloadPilot    6: 49340240 op, 253211600.00 ns, 5.1319 ns/op
WorkloadPilot    7: 48714448 op, 243439300.00 ns, 4.9973 ns/op
WorkloadPilot    8: 50027312 op, 247435900.00 ns, 4.9460 ns/op
WorkloadPilot    9: 50545744 op, 254287300.00 ns, 5.0308 ns/op

OverheadWarmup   1: 50545744 op, 125151700.00 ns, 2.4760 ns/op
OverheadWarmup   2: 50545744 op, 116127100.00 ns, 2.2975 ns/op
OverheadWarmup   3: 50545744 op, 76817400.00 ns, 1.5198 ns/op
OverheadWarmup   4: 50545744 op, 76556000.00 ns, 1.5146 ns/op
OverheadWarmup   5: 50545744 op, 76473100.00 ns, 1.5129 ns/op
OverheadWarmup   6: 50545744 op, 76726100.00 ns, 1.5180 ns/op
OverheadWarmup   7: 50545744 op, 76597800.00 ns, 1.5154 ns/op
OverheadWarmup   8: 50545744 op, 77008100.00 ns, 1.5235 ns/op
OverheadWarmup   9: 50545744 op, 76090300.00 ns, 1.5054 ns/op

OverheadActual   1: 50545744 op, 76829900.00 ns, 1.5200 ns/op
OverheadActual   2: 50545744 op, 75974300.00 ns, 1.5031 ns/op
OverheadActual   3: 50545744 op, 76230400.00 ns, 1.5081 ns/op
OverheadActual   4: 50545744 op, 76520400.00 ns, 1.5139 ns/op
OverheadActual   5: 50545744 op, 75913300.00 ns, 1.5019 ns/op
OverheadActual   6: 50545744 op, 75967200.00 ns, 1.5029 ns/op
OverheadActual   7: 50545744 op, 77961000.00 ns, 1.5424 ns/op
OverheadActual   8: 50545744 op, 77426200.00 ns, 1.5318 ns/op
OverheadActual   9: 50545744 op, 77670500.00 ns, 1.5366 ns/op
OverheadActual  10: 50545744 op, 76054700.00 ns, 1.5047 ns/op
OverheadActual  11: 50545744 op, 77590000.00 ns, 1.5350 ns/op
OverheadActual  12: 50545744 op, 77820800.00 ns, 1.5396 ns/op
OverheadActual  13: 50545744 op, 76440200.00 ns, 1.5123 ns/op
OverheadActual  14: 50545744 op, 76802200.00 ns, 1.5195 ns/op
OverheadActual  15: 50545744 op, 76672400.00 ns, 1.5169 ns/op

WorkloadWarmup   1: 50545744 op, 252172000.00 ns, 4.9890 ns/op
WorkloadWarmup   2: 50545744 op, 259329300.00 ns, 5.1306 ns/op
WorkloadWarmup   3: 50545744 op, 246926500.00 ns, 4.8852 ns/op
WorkloadWarmup   4: 50545744 op, 256193100.00 ns, 5.0685 ns/op
WorkloadWarmup   5: 50545744 op, 255481400.00 ns, 5.0545 ns/op
WorkloadWarmup   6: 50545744 op, 246983500.00 ns, 4.8863 ns/op

// BeforeActualRun
WorkloadActual   1: 50545744 op, 256595200.00 ns, 5.0765 ns/op
WorkloadActual   2: 50545744 op, 256155200.00 ns, 5.0678 ns/op
WorkloadActual   3: 50545744 op, 257855300.00 ns, 5.1014 ns/op
WorkloadActual   4: 50545744 op, 264483900.00 ns, 5.2326 ns/op
WorkloadActual   5: 50545744 op, 253006700.00 ns, 5.0055 ns/op
WorkloadActual   6: 50545744 op, 257193000.00 ns, 5.0883 ns/op
WorkloadActual   7: 50545744 op, 255614200.00 ns, 5.0571 ns/op
WorkloadActual   8: 50545744 op, 250506200.00 ns, 4.9560 ns/op
WorkloadActual   9: 50545744 op, 255714200.00 ns, 5.0591 ns/op
WorkloadActual  10: 50545744 op, 249027100.00 ns, 4.9268 ns/op
WorkloadActual  11: 50545744 op, 258125900.00 ns, 5.1068 ns/op
WorkloadActual  12: 50545744 op, 258932900.00 ns, 5.1227 ns/op
WorkloadActual  13: 50545744 op, 254410600.00 ns, 5.0333 ns/op
WorkloadActual  14: 50545744 op, 251043500.00 ns, 4.9667 ns/op
WorkloadActual  15: 50545744 op, 258213400.00 ns, 5.1085 ns/op

// AfterActualRun
WorkloadResult   1: 50545744 op, 179922800.00 ns, 3.5596 ns/op
WorkloadResult   2: 50545744 op, 179482800.00 ns, 3.5509 ns/op
WorkloadResult   3: 50545744 op, 181182900.00 ns, 3.5845 ns/op
WorkloadResult   4: 50545744 op, 176334300.00 ns, 3.4886 ns/op
WorkloadResult   5: 50545744 op, 180520600.00 ns, 3.5714 ns/op
WorkloadResult   6: 50545744 op, 178941800.00 ns, 3.5402 ns/op
WorkloadResult   7: 50545744 op, 173833800.00 ns, 3.4391 ns/op
WorkloadResult   8: 50545744 op, 179041800.00 ns, 3.5422 ns/op
WorkloadResult   9: 50545744 op, 172354700.00 ns, 3.4099 ns/op
WorkloadResult  10: 50545744 op, 181453500.00 ns, 3.5899 ns/op
WorkloadResult  11: 50545744 op, 182260500.00 ns, 3.6059 ns/op
WorkloadResult  12: 50545744 op, 177738200.00 ns, 3.5164 ns/op
WorkloadResult  13: 50545744 op, 174371100.00 ns, 3.4498 ns/op
WorkloadResult  14: 50545744 op, 181541000.00 ns, 3.5916 ns/op
// GC:  0 0 0 0 50545744
// Threading:  0 0 50545744

// AfterAll
// Benchmark Process 19248 has exited with code 0.

Mean = 3.531 ns, StdErr = 0.017 ns (0.47%), N = 14, StdDev = 0.062 ns
Min = 3.410 ns, Q1 = 3.496 ns, Median = 3.547 ns, Q3 = 3.581 ns, Max = 3.606 ns
IQR = 0.086 ns, LowerFence = 3.367 ns, UpperFence = 3.710 ns
ConfidenceInterval = [3.461 ns; 3.602 ns] (CI 99.9%), Margin = 0.070 ns (1.99% of Mean)
Skewness = -0.63, Kurtosis = 1.93, MValue = 2

// ** Remained 11 (84.6%) benchmark(s) to run. Estimated finish 2026-02-22 16:49 (0h 2m from now) **
Setup power plan (GUID: 8c5e7fda-e8bf-4a96-9a85-a6e23a8c635c FriendlyName: High performance)
// **************************
// Benchmark: Scenario1.S1_CheckOptionStringSuccess_EnumerationsOptions: .NET 10.0(Runtime=.NET 10.0, IterationTime=250ms) [Iterations=10]
// *** Execute ***
// Launch: 1 / 1
// Execute: dotnet Enumerations.Options.Benchmarks-1.dll --anonymousPipes 1628 1588 --benchmarkName "ReillyDigital.Enumerations.Options.Benchmarks.Scenarios.Scenario1.S1_CheckOptionStringSuccess_EnumerationsOptions(Iterations: 10)" --job ".NET 10.0" --benchmarkId 2 in D:\x\devs\reilly-digital\dotnet\enumerations.options.benchmarks\bin\Debug\net10.0\Enumerations.Options.Benchmarks-1\bin\Release\net10.0
// BeforeAnythingElse

// Benchmark Process Environment Information:
// BenchmarkDotNet v0.15.8
// Runtime=.NET 10.0.3 (10.0.3, 10.0.326.7603), X64 RyuJIT x86-64-v3
// GC=Concurrent Workstation
// HardwareIntrinsics=AVX2+BMI1+BMI2+F16C+FMA+LZCNT+MOVBE,AVX,SSE3+SSSE3+SSE4.1+SSE4.2+POPCNT,X86Base+SSE+SSE2,AES+PCLMUL VectorSize=256
// Job: .NET 10.0(IterationTime=250ms)

OverheadJitting  1: 1 op, 111100.00 ns, 111.1000 us/op
WorkloadJitting  1: 1 op, 1386500.00 ns, 1.3865 ms/op

OverheadJitting  2: 16 op, 156800.00 ns, 9.8000 us/op
WorkloadJitting  2: 16 op, 300200.00 ns, 18.7625 us/op

WorkloadPilot    1: 16 op, 23800.00 ns, 1.4875 us/op
WorkloadPilot    2: 168080 op, 65566200.00 ns, 390.0892 ns/op
WorkloadPilot    3: 640880 op, 46850600.00 ns, 73.1035 ns/op
WorkloadPilot    4: 3419808 op, 16433100.00 ns, 4.8053 ns/op
WorkloadPilot    5: 52026224 op, 263070500.00 ns, 5.0565 ns/op
WorkloadPilot    6: 49441344 op, 249663300.00 ns, 5.0497 ns/op
WorkloadPilot    7: 49508032 op, 244239200.00 ns, 4.9333 ns/op
WorkloadPilot    8: 50675776 op, 260873000.00 ns, 5.1479 ns/op
WorkloadPilot    9: 48563648 op, 247725100.00 ns, 5.1010 ns/op
WorkloadPilot   10: 49009616 op, 246608100.00 ns, 5.0318 ns/op
WorkloadPilot   11: 49683712 op, 250015800.00 ns, 5.0321 ns/op

OverheadWarmup   1: 49683712 op, 124818900.00 ns, 2.5123 ns/op
OverheadWarmup   2: 49683712 op, 115146000.00 ns, 2.3176 ns/op
OverheadWarmup   3: 49683712 op, 79648700.00 ns, 1.6031 ns/op
OverheadWarmup   4: 49683712 op, 79493700.00 ns, 1.6000 ns/op
OverheadWarmup   5: 49683712 op, 87042500.00 ns, 1.7519 ns/op
OverheadWarmup   6: 49683712 op, 94740100.00 ns, 1.9069 ns/op
OverheadWarmup   7: 49683712 op, 86922600.00 ns, 1.7495 ns/op
OverheadWarmup   8: 49683712 op, 82001000.00 ns, 1.6505 ns/op
OverheadWarmup   9: 49683712 op, 88777200.00 ns, 1.7868 ns/op
OverheadWarmup  10: 49683712 op, 84343600.00 ns, 1.6976 ns/op

OverheadActual   1: 49683712 op, 80354700.00 ns, 1.6173 ns/op
OverheadActual   2: 49683712 op, 83968700.00 ns, 1.6901 ns/op
OverheadActual   3: 49683712 op, 83790000.00 ns, 1.6865 ns/op
OverheadActual   4: 49683712 op, 82080100.00 ns, 1.6521 ns/op
OverheadActual   5: 49683712 op, 78566000.00 ns, 1.5813 ns/op
OverheadActual   6: 49683712 op, 80093200.00 ns, 1.6121 ns/op
OverheadActual   7: 49683712 op, 84403700.00 ns, 1.6988 ns/op
OverheadActual   8: 49683712 op, 77319200.00 ns, 1.5562 ns/op
OverheadActual   9: 49683712 op, 76819700.00 ns, 1.5462 ns/op
OverheadActual  10: 49683712 op, 76976700.00 ns, 1.5493 ns/op
OverheadActual  11: 49683712 op, 79030800.00 ns, 1.5907 ns/op
OverheadActual  12: 49683712 op, 77221200.00 ns, 1.5543 ns/op
OverheadActual  13: 49683712 op, 78327600.00 ns, 1.5765 ns/op
OverheadActual  14: 49683712 op, 79022000.00 ns, 1.5905 ns/op
OverheadActual  15: 49683712 op, 78176000.00 ns, 1.5735 ns/op

WorkloadWarmup   1: 49683712 op, 254555800.00 ns, 5.1235 ns/op
WorkloadWarmup   2: 49683712 op, 256032600.00 ns, 5.1533 ns/op
WorkloadWarmup   3: 49683712 op, 253323200.00 ns, 5.0987 ns/op
WorkloadWarmup   4: 49683712 op, 256810300.00 ns, 5.1689 ns/op
WorkloadWarmup   5: 49683712 op, 261211400.00 ns, 5.2575 ns/op
WorkloadWarmup   6: 49683712 op, 251842500.00 ns, 5.0689 ns/op

// BeforeActualRun
WorkloadActual   1: 49683712 op, 262960900.00 ns, 5.2927 ns/op
WorkloadActual   2: 49683712 op, 249135800.00 ns, 5.0144 ns/op
WorkloadActual   3: 49683712 op, 250146300.00 ns, 5.0348 ns/op
WorkloadActual   4: 49683712 op, 243040100.00 ns, 4.8917 ns/op
WorkloadActual   5: 49683712 op, 245324700.00 ns, 4.9377 ns/op
WorkloadActual   6: 49683712 op, 251605200.00 ns, 5.0641 ns/op
WorkloadActual   7: 49683712 op, 250102900.00 ns, 5.0339 ns/op
WorkloadActual   8: 49683712 op, 245304600.00 ns, 4.9373 ns/op
WorkloadActual   9: 49683712 op, 247756800.00 ns, 4.9867 ns/op
WorkloadActual  10: 49683712 op, 278422300.00 ns, 5.6039 ns/op
WorkloadActual  11: 49683712 op, 251810700.00 ns, 5.0683 ns/op
WorkloadActual  12: 49683712 op, 246079200.00 ns, 4.9529 ns/op
WorkloadActual  13: 49683712 op, 252880700.00 ns, 5.0898 ns/op
WorkloadActual  14: 49683712 op, 253052900.00 ns, 5.0933 ns/op
WorkloadActual  15: 49683712 op, 248397000.00 ns, 4.9996 ns/op

// AfterActualRun
WorkloadResult   1: 49683712 op, 170113800.00 ns, 3.4239 ns/op
WorkloadResult   2: 49683712 op, 171124300.00 ns, 3.4443 ns/op
WorkloadResult   3: 49683712 op, 164018100.00 ns, 3.3012 ns/op
WorkloadResult   4: 49683712 op, 166302700.00 ns, 3.3472 ns/op
WorkloadResult   5: 49683712 op, 172583200.00 ns, 3.4736 ns/op
WorkloadResult   6: 49683712 op, 171080900.00 ns, 3.4434 ns/op
WorkloadResult   7: 49683712 op, 166282600.00 ns, 3.3468 ns/op
WorkloadResult   8: 49683712 op, 168734800.00 ns, 3.3962 ns/op
WorkloadResult   9: 49683712 op, 172788700.00 ns, 3.4778 ns/op
WorkloadResult  10: 49683712 op, 167057200.00 ns, 3.3624 ns/op
WorkloadResult  11: 49683712 op, 173858700.00 ns, 3.4993 ns/op
WorkloadResult  12: 49683712 op, 174030900.00 ns, 3.5028 ns/op
WorkloadResult  13: 49683712 op, 169375000.00 ns, 3.4091 ns/op
// GC:  0 0 0 0 49683712
// Threading:  0 0 49683712

// AfterAll
// Benchmark Process 19428 has exited with code 0.

Mean = 3.418 ns, StdErr = 0.018 ns (0.52%), N = 13, StdDev = 0.064 ns
Min = 3.301 ns, Q1 = 3.362 ns, Median = 3.424 ns, Q3 = 3.474 ns, Max = 3.503 ns
IQR = 0.111 ns, LowerFence = 3.196 ns, UpperFence = 3.640 ns
ConfidenceInterval = [3.341 ns; 3.494 ns] (CI 99.9%), Margin = 0.077 ns (2.24% of Mean)
Skewness = -0.25, Kurtosis = 1.66, MValue = 2

// ** Remained 10 (76.9%) benchmark(s) to run. Estimated finish 2026-02-22 16:49 (0h 1m from now) **
Setup power plan (GUID: 8c5e7fda-e8bf-4a96-9a85-a6e23a8c635c FriendlyName: High performance)
// **************************
// Benchmark: Scenario1.S1_CheckVoidErrorNoMessage_EnumerationsOptions: .NET 10.0(Runtime=.NET 10.0, IterationTime=250ms) [Iterations=10]
// *** Execute ***
// Launch: 1 / 1
// Execute: dotnet Enumerations.Options.Benchmarks-1.dll --anonymousPipes 1460 1524 --benchmarkName "ReillyDigital.Enumerations.Options.Benchmarks.Scenarios.Scenario1.S1_CheckVoidErrorNoMessage_EnumerationsOptions(Iterations: 10)" --job ".NET 10.0" --benchmarkId 3 in D:\x\devs\reilly-digital\dotnet\enumerations.options.benchmarks\bin\Debug\net10.0\Enumerations.Options.Benchmarks-1\bin\Release\net10.0
// BeforeAnythingElse

// Benchmark Process Environment Information:
// BenchmarkDotNet v0.15.8
// Runtime=.NET 10.0.3 (10.0.3, 10.0.326.7603), X64 RyuJIT x86-64-v3
// GC=Concurrent Workstation
// HardwareIntrinsics=AVX2+BMI1+BMI2+F16C+FMA+LZCNT+MOVBE,AVX,SSE3+SSSE3+SSE4.1+SSE4.2+POPCNT,X86Base+SSE+SSE2,AES+PCLMUL VectorSize=256
// Job: .NET 10.0(IterationTime=250ms)

OverheadJitting  1: 1 op, 108100.00 ns, 108.1000 us/op
WorkloadJitting  1: 1 op, 1285000.00 ns, 1.2850 ms/op

OverheadJitting  2: 16 op, 333900.00 ns, 20.8688 us/op
WorkloadJitting  2: 16 op, 185700.00 ns, 11.6063 us/op

WorkloadPilot    1: 16 op, 5800.00 ns, 362.5000 ns/op
WorkloadPilot    2: 689664 op, 104637000.00 ns, 151.7217 ns/op
WorkloadPilot    3: 1647760 op, 7506200.00 ns, 4.5554 ns/op
WorkloadPilot    4: 54879968 op, 259224400.00 ns, 4.7235 ns/op
WorkloadPilot    5: 52927088 op, 243505000.00 ns, 4.6008 ns/op
WorkloadPilot    6: 54338816 op, 257517600.00 ns, 4.7391 ns/op
WorkloadPilot    7: 52752528 op, 252373600.00 ns, 4.7841 ns/op

OverheadWarmup   1: 52752528 op, 132098000.00 ns, 2.5041 ns/op
OverheadWarmup   2: 52752528 op, 118111300.00 ns, 2.2390 ns/op
OverheadWarmup   3: 52752528 op, 80695500.00 ns, 1.5297 ns/op
OverheadWarmup   4: 52752528 op, 82125000.00 ns, 1.5568 ns/op
OverheadWarmup   5: 52752528 op, 80309600.00 ns, 1.5224 ns/op
OverheadWarmup   6: 52752528 op, 80426000.00 ns, 1.5246 ns/op
OverheadWarmup   7: 52752528 op, 80556200.00 ns, 1.5271 ns/op
OverheadWarmup   8: 52752528 op, 80492400.00 ns, 1.5258 ns/op

OverheadActual   1: 52752528 op, 80692700.00 ns, 1.5296 ns/op
OverheadActual   2: 52752528 op, 80698900.00 ns, 1.5298 ns/op
OverheadActual   3: 52752528 op, 80150900.00 ns, 1.5194 ns/op
OverheadActual   4: 52752528 op, 87309600.00 ns, 1.6551 ns/op
OverheadActual   5: 52752528 op, 96550400.00 ns, 1.8303 ns/op
OverheadActual   6: 52752528 op, 90963200.00 ns, 1.7243 ns/op
OverheadActual   7: 52752528 op, 81340700.00 ns, 1.5419 ns/op
OverheadActual   8: 52752528 op, 82531700.00 ns, 1.5645 ns/op
OverheadActual   9: 52752528 op, 80894500.00 ns, 1.5335 ns/op
OverheadActual  10: 52752528 op, 81034700.00 ns, 1.5361 ns/op
OverheadActual  11: 52752528 op, 80392200.00 ns, 1.5239 ns/op
OverheadActual  12: 52752528 op, 80384900.00 ns, 1.5238 ns/op
OverheadActual  13: 52752528 op, 81056800.00 ns, 1.5365 ns/op
OverheadActual  14: 52752528 op, 80703200.00 ns, 1.5298 ns/op
OverheadActual  15: 52752528 op, 80857100.00 ns, 1.5328 ns/op

WorkloadWarmup   1: 52752528 op, 235509600.00 ns, 4.4644 ns/op
WorkloadWarmup   2: 52752528 op, 235959600.00 ns, 4.4730 ns/op
WorkloadWarmup   3: 52752528 op, 238998500.00 ns, 4.5306 ns/op
WorkloadWarmup   4: 52752528 op, 241112200.00 ns, 4.5706 ns/op
WorkloadWarmup   5: 52752528 op, 234713000.00 ns, 4.4493 ns/op
WorkloadWarmup   6: 52752528 op, 237924400.00 ns, 4.5102 ns/op
WorkloadWarmup   7: 52752528 op, 239553900.00 ns, 4.5411 ns/op
WorkloadWarmup   8: 52752528 op, 236243400.00 ns, 4.4783 ns/op

// BeforeActualRun
WorkloadActual   1: 52752528 op, 238457100.00 ns, 4.5203 ns/op
WorkloadActual   2: 52752528 op, 257851100.00 ns, 4.8879 ns/op
WorkloadActual   3: 52752528 op, 236125800.00 ns, 4.4761 ns/op
WorkloadActual   4: 52752528 op, 252359500.00 ns, 4.7838 ns/op
WorkloadActual   5: 52752528 op, 249496700.00 ns, 4.7296 ns/op
WorkloadActual   6: 52752528 op, 238732000.00 ns, 4.5255 ns/op
WorkloadActual   7: 52752528 op, 233739800.00 ns, 4.4309 ns/op
WorkloadActual   8: 52752528 op, 240475000.00 ns, 4.5585 ns/op
WorkloadActual   9: 52752528 op, 247151600.00 ns, 4.6851 ns/op
WorkloadActual  10: 52752528 op, 254871100.00 ns, 4.8314 ns/op
WorkloadActual  11: 52752528 op, 252757400.00 ns, 4.7914 ns/op
WorkloadActual  12: 52752528 op, 254034600.00 ns, 4.8156 ns/op
WorkloadActual  13: 52752528 op, 249779600.00 ns, 4.7349 ns/op
WorkloadActual  14: 52752528 op, 235778800.00 ns, 4.4695 ns/op
WorkloadActual  15: 52752528 op, 258421100.00 ns, 4.8987 ns/op
WorkloadActual  16: 52752528 op, 242249400.00 ns, 4.5922 ns/op
WorkloadActual  17: 52752528 op, 235035500.00 ns, 4.4554 ns/op
WorkloadActual  18: 52752528 op, 235829200.00 ns, 4.4705 ns/op
WorkloadActual  19: 52752528 op, 237777700.00 ns, 4.5074 ns/op
WorkloadActual  20: 52752528 op, 235576300.00 ns, 4.4657 ns/op
WorkloadActual  21: 52752528 op, 238360100.00 ns, 4.5185 ns/op
WorkloadActual  22: 52752528 op, 232293700.00 ns, 4.4035 ns/op
WorkloadActual  23: 52752528 op, 282101500.00 ns, 5.3476 ns/op
WorkloadActual  24: 52752528 op, 246122100.00 ns, 4.6656 ns/op
WorkloadActual  25: 52752528 op, 235541800.00 ns, 4.4650 ns/op
WorkloadActual  26: 52752528 op, 270566400.00 ns, 5.1290 ns/op
WorkloadActual  27: 52752528 op, 247039000.00 ns, 4.6830 ns/op
WorkloadActual  28: 52752528 op, 239344600.00 ns, 4.5371 ns/op
WorkloadActual  29: 52752528 op, 236316700.00 ns, 4.4797 ns/op
WorkloadActual  30: 52752528 op, 235541000.00 ns, 4.4650 ns/op
WorkloadActual  31: 52752528 op, 235462900.00 ns, 4.4635 ns/op
WorkloadActual  32: 52752528 op, 239721200.00 ns, 4.5443 ns/op
WorkloadActual  33: 52752528 op, 236253100.00 ns, 4.4785 ns/op
WorkloadActual  34: 52752528 op, 234075000.00 ns, 4.4372 ns/op
WorkloadActual  35: 52752528 op, 236366500.00 ns, 4.4807 ns/op
WorkloadActual  36: 52752528 op, 237215600.00 ns, 4.4968 ns/op

// AfterActualRun
WorkloadResult   1: 52752528 op, 157562600.00 ns, 2.9868 ns/op
WorkloadResult   2: 52752528 op, 176956600.00 ns, 3.3545 ns/op
WorkloadResult   3: 52752528 op, 155231300.00 ns, 2.9426 ns/op
WorkloadResult   4: 52752528 op, 171465000.00 ns, 3.2504 ns/op
WorkloadResult   5: 52752528 op, 168602200.00 ns, 3.1961 ns/op
WorkloadResult   6: 52752528 op, 157837500.00 ns, 2.9920 ns/op
WorkloadResult   7: 52752528 op, 152845300.00 ns, 2.8974 ns/op
WorkloadResult   8: 52752528 op, 159580500.00 ns, 3.0251 ns/op
WorkloadResult   9: 52752528 op, 166257100.00 ns, 3.1516 ns/op
WorkloadResult  10: 52752528 op, 173976600.00 ns, 3.2980 ns/op
WorkloadResult  11: 52752528 op, 171862900.00 ns, 3.2579 ns/op
WorkloadResult  12: 52752528 op, 173140100.00 ns, 3.2821 ns/op
WorkloadResult  13: 52752528 op, 168885100.00 ns, 3.2015 ns/op
WorkloadResult  14: 52752528 op, 154884300.00 ns, 2.9361 ns/op
WorkloadResult  15: 52752528 op, 177526600.00 ns, 3.3653 ns/op
WorkloadResult  16: 52752528 op, 161354900.00 ns, 3.0587 ns/op
WorkloadResult  17: 52752528 op, 154141000.00 ns, 2.9220 ns/op
WorkloadResult  18: 52752528 op, 154934700.00 ns, 2.9370 ns/op
WorkloadResult  19: 52752528 op, 156883200.00 ns, 2.9739 ns/op
WorkloadResult  20: 52752528 op, 154681800.00 ns, 2.9322 ns/op
WorkloadResult  21: 52752528 op, 157465600.00 ns, 2.9850 ns/op
WorkloadResult  22: 52752528 op, 151399200.00 ns, 2.8700 ns/op
WorkloadResult  23: 52752528 op, 165227600.00 ns, 3.1321 ns/op
WorkloadResult  24: 52752528 op, 154647300.00 ns, 2.9316 ns/op
WorkloadResult  25: 52752528 op, 166144500.00 ns, 3.1495 ns/op
WorkloadResult  26: 52752528 op, 158450100.00 ns, 3.0036 ns/op
WorkloadResult  27: 52752528 op, 155422200.00 ns, 2.9463 ns/op
WorkloadResult  28: 52752528 op, 154646500.00 ns, 2.9315 ns/op
WorkloadResult  29: 52752528 op, 154568400.00 ns, 2.9301 ns/op
WorkloadResult  30: 52752528 op, 158826700.00 ns, 3.0108 ns/op
WorkloadResult  31: 52752528 op, 155358600.00 ns, 2.9450 ns/op
WorkloadResult  32: 52752528 op, 153180500.00 ns, 2.9038 ns/op
WorkloadResult  33: 52752528 op, 155472000.00 ns, 2.9472 ns/op
WorkloadResult  34: 52752528 op, 156321100.00 ns, 2.9633 ns/op
// GC:  0 0 0 0 52752528
// Threading:  0 0 52752528

// AfterAll
// Benchmark Process 18684 has exited with code 0.

Mean = 3.047 ns, StdErr = 0.025 ns (0.83%), N = 34, StdDev = 0.147 ns
Min = 2.870 ns, Q1 = 2.936 ns, Median = 2.986 ns, Q3 = 3.151 ns, Max = 3.365 ns
IQR = 0.215 ns, LowerFence = 2.614 ns, UpperFence = 3.473 ns
ConfidenceInterval = [2.957 ns; 3.138 ns] (CI 99.9%), Margin = 0.091 ns (2.98% of Mean)
Skewness = 0.82, Kurtosis = 2.21, MValue = 2.19

// ** Remained 9 (69.2%) benchmark(s) to run. Estimated finish 2026-02-22 16:49 (0h 1m from now) **
Setup power plan (GUID: 8c5e7fda-e8bf-4a96-9a85-a6e23a8c635c FriendlyName: High performance)
// **************************
// Benchmark: Scenario1.S1_CheckVoidErrorWithMessage_EnumerationsOptions: .NET 10.0(Runtime=.NET 10.0, IterationTime=250ms) [Iterations=10]
// *** Execute ***
// Launch: 1 / 1
// Execute: dotnet Enumerations.Options.Benchmarks-1.dll --anonymousPipes 1628 1656 --benchmarkName "ReillyDigital.Enumerations.Options.Benchmarks.Scenarios.Scenario1.S1_CheckVoidErrorWithMessage_EnumerationsOptions(Iterations: 10)" --job ".NET 10.0" --benchmarkId 4 in D:\x\devs\reilly-digital\dotnet\enumerations.options.benchmarks\bin\Debug\net10.0\Enumerations.Options.Benchmarks-1\bin\Release\net10.0
// BeforeAnythingElse

// Benchmark Process Environment Information:
// BenchmarkDotNet v0.15.8
// Runtime=.NET 10.0.3 (10.0.3, 10.0.326.7603), X64 RyuJIT x86-64-v3
// GC=Concurrent Workstation
// HardwareIntrinsics=AVX2+BMI1+BMI2+F16C+FMA+LZCNT+MOVBE,AVX,SSE3+SSSE3+SSE4.1+SSE4.2+POPCNT,X86Base+SSE+SSE2,AES+PCLMUL VectorSize=256
// Job: .NET 10.0(IterationTime=250ms)

OverheadJitting  1: 1 op, 118500.00 ns, 118.5000 us/op
WorkloadJitting  1: 1 op, 1702300.00 ns, 1.7023 ms/op

OverheadJitting  2: 16 op, 174300.00 ns, 10.8938 us/op
WorkloadJitting  2: 16 op, 186100.00 ns, 11.6313 us/op

WorkloadPilot    1: 16 op, 7900.00 ns, 493.7500 ns/op
WorkloadPilot    2: 506336 op, 197795200.00 ns, 390.6402 ns/op
WorkloadPilot    3: 639984 op, 3071300.00 ns, 4.7990 ns/op
WorkloadPilot    4: 52093904 op, 298733300.00 ns, 5.7345 ns/op
WorkloadPilot    5: 43595664 op, 223840500.00 ns, 5.1345 ns/op
WorkloadPilot    6: 48690560 op, 271524800.00 ns, 5.5765 ns/op
WorkloadPilot    7: 44830688 op, 218726400.00 ns, 4.8789 ns/op
WorkloadPilot    8: 51240608 op, 241127000.00 ns, 4.7058 ns/op
WorkloadPilot    9: 53126176 op, 245978700.00 ns, 4.6301 ns/op
WorkloadPilot   10: 53994704 op, 243717000.00 ns, 4.5137 ns/op
WorkloadPilot   11: 55386688 op, 255914300.00 ns, 4.6205 ns/op

OverheadWarmup   1: 55386688 op, 138573300.00 ns, 2.5019 ns/op
OverheadWarmup   2: 55386688 op, 125061600.00 ns, 2.2580 ns/op
OverheadWarmup   3: 55386688 op, 84746200.00 ns, 1.5301 ns/op
OverheadWarmup   4: 55386688 op, 85961000.00 ns, 1.5520 ns/op
OverheadWarmup   5: 55386688 op, 84611500.00 ns, 1.5277 ns/op
OverheadWarmup   6: 55386688 op, 93534000.00 ns, 1.6887 ns/op
OverheadWarmup   7: 55386688 op, 85284900.00 ns, 1.5398 ns/op

OverheadActual   1: 55386688 op, 85031400.00 ns, 1.5352 ns/op
OverheadActual   2: 55386688 op, 84844800.00 ns, 1.5319 ns/op
OverheadActual   3: 55386688 op, 84381400.00 ns, 1.5235 ns/op
OverheadActual   4: 55386688 op, 84592300.00 ns, 1.5273 ns/op
OverheadActual   5: 55386688 op, 85161700.00 ns, 1.5376 ns/op
OverheadActual   6: 55386688 op, 84429800.00 ns, 1.5244 ns/op
OverheadActual   7: 55386688 op, 85194100.00 ns, 1.5382 ns/op
OverheadActual   8: 55386688 op, 84483500.00 ns, 1.5253 ns/op
OverheadActual   9: 55386688 op, 85195200.00 ns, 1.5382 ns/op
OverheadActual  10: 55386688 op, 85897900.00 ns, 1.5509 ns/op
OverheadActual  11: 55386688 op, 86100500.00 ns, 1.5545 ns/op
OverheadActual  12: 55386688 op, 85687300.00 ns, 1.5471 ns/op
OverheadActual  13: 55386688 op, 85598500.00 ns, 1.5455 ns/op
OverheadActual  14: 55386688 op, 85039100.00 ns, 1.5354 ns/op
OverheadActual  15: 55386688 op, 85108000.00 ns, 1.5366 ns/op

WorkloadWarmup   1: 55386688 op, 257696200.00 ns, 4.6527 ns/op
WorkloadWarmup   2: 55386688 op, 256834500.00 ns, 4.6371 ns/op
WorkloadWarmup   3: 55386688 op, 264031400.00 ns, 4.7671 ns/op
WorkloadWarmup   4: 55386688 op, 245399600.00 ns, 4.4307 ns/op
WorkloadWarmup   5: 55386688 op, 251861300.00 ns, 4.5473 ns/op
WorkloadWarmup   6: 55386688 op, 253585800.00 ns, 4.5785 ns/op
WorkloadWarmup   7: 55386688 op, 278598500.00 ns, 5.0301 ns/op
WorkloadWarmup   8: 55386688 op, 268865200.00 ns, 4.8543 ns/op

// BeforeActualRun
WorkloadActual   1: 55386688 op, 275910600.00 ns, 4.9815 ns/op
WorkloadActual   2: 55386688 op, 272586600.00 ns, 4.9215 ns/op
WorkloadActual   3: 55386688 op, 271531400.00 ns, 4.9025 ns/op
WorkloadActual   4: 55386688 op, 276583200.00 ns, 4.9937 ns/op
WorkloadActual   5: 55386688 op, 264984200.00 ns, 4.7843 ns/op
WorkloadActual   6: 55386688 op, 258492200.00 ns, 4.6670 ns/op
WorkloadActual   7: 55386688 op, 244492400.00 ns, 4.4143 ns/op
WorkloadActual   8: 55386688 op, 251587100.00 ns, 4.5424 ns/op
WorkloadActual   9: 55386688 op, 255215600.00 ns, 4.6079 ns/op
WorkloadActual  10: 55386688 op, 258862000.00 ns, 4.6737 ns/op
WorkloadActual  11: 55386688 op, 256438400.00 ns, 4.6300 ns/op
WorkloadActual  12: 55386688 op, 262723000.00 ns, 4.7434 ns/op
WorkloadActual  13: 55386688 op, 248399900.00 ns, 4.4848 ns/op
WorkloadActual  14: 55386688 op, 260182200.00 ns, 4.6976 ns/op
WorkloadActual  15: 55386688 op, 260011400.00 ns, 4.6945 ns/op
WorkloadActual  16: 55386688 op, 264649200.00 ns, 4.7782 ns/op
WorkloadActual  17: 55386688 op, 258866700.00 ns, 4.6738 ns/op
WorkloadActual  18: 55386688 op, 268408600.00 ns, 4.8461 ns/op
WorkloadActual  19: 55386688 op, 267810100.00 ns, 4.8353 ns/op
WorkloadActual  20: 55386688 op, 252707800.00 ns, 4.5626 ns/op
WorkloadActual  21: 55386688 op, 256742800.00 ns, 4.6355 ns/op
WorkloadActual  22: 55386688 op, 257145200.00 ns, 4.6427 ns/op
WorkloadActual  23: 55386688 op, 254962900.00 ns, 4.6033 ns/op
WorkloadActual  24: 55386688 op, 251106700.00 ns, 4.5337 ns/op
WorkloadActual  25: 55386688 op, 251248100.00 ns, 4.5363 ns/op
WorkloadActual  26: 55386688 op, 255886900.00 ns, 4.6200 ns/op
WorkloadActual  27: 55386688 op, 248248300.00 ns, 4.4821 ns/op
WorkloadActual  28: 55386688 op, 251908000.00 ns, 4.5482 ns/op
WorkloadActual  29: 55386688 op, 256419000.00 ns, 4.6296 ns/op
WorkloadActual  30: 55386688 op, 255263000.00 ns, 4.6087 ns/op
WorkloadActual  31: 55386688 op, 258113000.00 ns, 4.6602 ns/op
WorkloadActual  32: 55386688 op, 246915100.00 ns, 4.4580 ns/op
WorkloadActual  33: 55386688 op, 253857200.00 ns, 4.5834 ns/op

// AfterActualRun
WorkloadResult   1: 55386688 op, 190802600.00 ns, 3.4449 ns/op
WorkloadResult   2: 55386688 op, 187478600.00 ns, 3.3849 ns/op
WorkloadResult   3: 55386688 op, 186423400.00 ns, 3.3659 ns/op
WorkloadResult   4: 55386688 op, 191475200.00 ns, 3.4571 ns/op
WorkloadResult   5: 55386688 op, 179876200.00 ns, 3.2476 ns/op
WorkloadResult   6: 55386688 op, 173384200.00 ns, 3.1304 ns/op
WorkloadResult   7: 55386688 op, 159384400.00 ns, 2.8777 ns/op
WorkloadResult   8: 55386688 op, 166479100.00 ns, 3.0058 ns/op
WorkloadResult   9: 55386688 op, 170107600.00 ns, 3.0713 ns/op
WorkloadResult  10: 55386688 op, 173754000.00 ns, 3.1371 ns/op
WorkloadResult  11: 55386688 op, 171330400.00 ns, 3.0933 ns/op
WorkloadResult  12: 55386688 op, 177615000.00 ns, 3.2068 ns/op
WorkloadResult  13: 55386688 op, 163291900.00 ns, 2.9482 ns/op
WorkloadResult  14: 55386688 op, 175074200.00 ns, 3.1609 ns/op
WorkloadResult  15: 55386688 op, 174903400.00 ns, 3.1579 ns/op
WorkloadResult  16: 55386688 op, 179541200.00 ns, 3.2416 ns/op
WorkloadResult  17: 55386688 op, 173758700.00 ns, 3.1372 ns/op
WorkloadResult  18: 55386688 op, 183300600.00 ns, 3.3095 ns/op
WorkloadResult  19: 55386688 op, 182702100.00 ns, 3.2987 ns/op
WorkloadResult  20: 55386688 op, 167599800.00 ns, 3.0260 ns/op
WorkloadResult  21: 55386688 op, 171634800.00 ns, 3.0988 ns/op
WorkloadResult  22: 55386688 op, 172037200.00 ns, 3.1061 ns/op
WorkloadResult  23: 55386688 op, 169854900.00 ns, 3.0667 ns/op
WorkloadResult  24: 55386688 op, 165998700.00 ns, 2.9971 ns/op
WorkloadResult  25: 55386688 op, 166140100.00 ns, 2.9996 ns/op
WorkloadResult  26: 55386688 op, 170778900.00 ns, 3.0834 ns/op
WorkloadResult  27: 55386688 op, 163140300.00 ns, 2.9455 ns/op
WorkloadResult  28: 55386688 op, 166800000.00 ns, 3.0116 ns/op
WorkloadResult  29: 55386688 op, 171311000.00 ns, 3.0930 ns/op
WorkloadResult  30: 55386688 op, 170155000.00 ns, 3.0721 ns/op
WorkloadResult  31: 55386688 op, 173005000.00 ns, 3.1236 ns/op
WorkloadResult  32: 55386688 op, 161807100.00 ns, 2.9214 ns/op
WorkloadResult  33: 55386688 op, 168749200.00 ns, 3.0467 ns/op
// GC:  0 0 0 0 55386688
// Threading:  0 0 55386688

// AfterAll
// Benchmark Process 18712 has exited with code 0.

Mean = 3.129 ns, StdErr = 0.026 ns (0.82%), N = 33, StdDev = 0.147 ns
Min = 2.878 ns, Q1 = 3.026 ns, Median = 3.099 ns, Q3 = 3.207 ns, Max = 3.457 ns
IQR = 0.181 ns, LowerFence = 2.755 ns, UpperFence = 3.478 ns
ConfidenceInterval = [3.036 ns; 3.222 ns] (CI 99.9%), Margin = 0.093 ns (2.97% of Mean)
Skewness = 0.6, Kurtosis = 2.6, MValue = 2

// ** Remained 8 (61.5%) benchmark(s) to run. Estimated finish 2026-02-22 16:49 (0h 1m from now) **
Setup power plan (GUID: 8c5e7fda-e8bf-4a96-9a85-a6e23a8c635c FriendlyName: High performance)
// **************************
// Benchmark: Scenario1.S1_CheckVoidSuccess_EnumerationsOptions: .NET 10.0(Runtime=.NET 10.0, IterationTime=250ms) [Iterations=10]
// *** Execute ***
// Launch: 1 / 1
// Execute: dotnet Enumerations.Options.Benchmarks-1.dll --anonymousPipes 1692 1688 --benchmarkName "ReillyDigital.Enumerations.Options.Benchmarks.Scenarios.Scenario1.S1_CheckVoidSuccess_EnumerationsOptions(Iterations: 10)" --job ".NET 10.0" --benchmarkId 5 in D:\x\devs\reilly-digital\dotnet\enumerations.options.benchmarks\bin\Debug\net10.0\Enumerations.Options.Benchmarks-1\bin\Release\net10.0
// BeforeAnythingElse

// Benchmark Process Environment Information:
// BenchmarkDotNet v0.15.8
// Runtime=.NET 10.0.3 (10.0.3, 10.0.326.7603), X64 RyuJIT x86-64-v3
// GC=Concurrent Workstation
// HardwareIntrinsics=AVX2+BMI1+BMI2+F16C+FMA+LZCNT+MOVBE,AVX,SSE3+SSSE3+SSE4.1+SSE4.2+POPCNT,X86Base+SSE+SSE2,AES+PCLMUL VectorSize=256
// Job: .NET 10.0(IterationTime=250ms)

OverheadJitting  1: 1 op, 127900.00 ns, 127.9000 us/op
WorkloadJitting  1: 1 op, 1171200.00 ns, 1.1712 ms/op

OverheadJitting  2: 16 op, 156200.00 ns, 9.7625 us/op
WorkloadJitting  2: 16 op, 331200.00 ns, 20.7000 us/op

WorkloadPilot    1: 16 op, 5300.00 ns, 331.2500 ns/op
WorkloadPilot    2: 754720 op, 120063000.00 ns, 159.0828 ns/op
WorkloadPilot    3: 1571520 op, 7013600.00 ns, 4.4629 ns/op
WorkloadPilot    4: 56016896 op, 237227600.00 ns, 4.2349 ns/op
WorkloadPilot    5: 59032864 op, 248759100.00 ns, 4.2139 ns/op
WorkloadPilot    6: 59327344 op, 250199400.00 ns, 4.2173 ns/op
WorkloadPilot    7: 59280064 op, 250719700.00 ns, 4.2294 ns/op
WorkloadPilot    8: 59109904 op, 251779900.00 ns, 4.2595 ns/op

OverheadWarmup   1: 59109904 op, 148316700.00 ns, 2.5092 ns/op
OverheadWarmup   2: 59109904 op, 113840600.00 ns, 1.9259 ns/op
OverheadWarmup   3: 59109904 op, 90671400.00 ns, 1.5339 ns/op
OverheadWarmup   4: 59109904 op, 90882000.00 ns, 1.5375 ns/op
OverheadWarmup   5: 59109904 op, 91771200.00 ns, 1.5526 ns/op
OverheadWarmup   6: 59109904 op, 90416400.00 ns, 1.5296 ns/op
OverheadWarmup   7: 59109904 op, 90640200.00 ns, 1.5334 ns/op
OverheadWarmup   8: 59109904 op, 89624400.00 ns, 1.5162 ns/op

OverheadActual   1: 59109904 op, 90545800.00 ns, 1.5318 ns/op
OverheadActual   2: 59109904 op, 89811900.00 ns, 1.5194 ns/op
OverheadActual   3: 59109904 op, 90015200.00 ns, 1.5228 ns/op
OverheadActual   4: 59109904 op, 90665700.00 ns, 1.5338 ns/op
OverheadActual   5: 59109904 op, 90064800.00 ns, 1.5237 ns/op
OverheadActual   6: 59109904 op, 91308200.00 ns, 1.5447 ns/op
OverheadActual   7: 59109904 op, 90463200.00 ns, 1.5304 ns/op
OverheadActual   8: 59109904 op, 90700000.00 ns, 1.5344 ns/op
OverheadActual   9: 59109904 op, 90988600.00 ns, 1.5393 ns/op
OverheadActual  10: 59109904 op, 90035600.00 ns, 1.5232 ns/op
OverheadActual  11: 59109904 op, 90092800.00 ns, 1.5242 ns/op
OverheadActual  12: 59109904 op, 91019600.00 ns, 1.5398 ns/op
OverheadActual  13: 59109904 op, 90676100.00 ns, 1.5340 ns/op
OverheadActual  14: 59109904 op, 90999500.00 ns, 1.5395 ns/op
OverheadActual  15: 59109904 op, 89776200.00 ns, 1.5188 ns/op

WorkloadWarmup   1: 59109904 op, 252190500.00 ns, 4.2665 ns/op
WorkloadWarmup   2: 59109904 op, 248071700.00 ns, 4.1968 ns/op
WorkloadWarmup   3: 59109904 op, 249752800.00 ns, 4.2252 ns/op
WorkloadWarmup   4: 59109904 op, 256186900.00 ns, 4.3341 ns/op
WorkloadWarmup   5: 59109904 op, 252728500.00 ns, 4.2756 ns/op
WorkloadWarmup   6: 59109904 op, 252474200.00 ns, 4.2713 ns/op
WorkloadWarmup   7: 59109904 op, 249287400.00 ns, 4.2174 ns/op
WorkloadWarmup   8: 59109904 op, 247286400.00 ns, 4.1835 ns/op
WorkloadWarmup   9: 59109904 op, 254742500.00 ns, 4.3096 ns/op
WorkloadWarmup  10: 59109904 op, 258460300.00 ns, 4.3725 ns/op
WorkloadWarmup  11: 59109904 op, 250024900.00 ns, 4.2298 ns/op

// BeforeActualRun
WorkloadActual   1: 59109904 op, 249471000.00 ns, 4.2205 ns/op
WorkloadActual   2: 59109904 op, 249366600.00 ns, 4.2187 ns/op
WorkloadActual   3: 59109904 op, 248825400.00 ns, 4.2095 ns/op
WorkloadActual   4: 59109904 op, 251638100.00 ns, 4.2571 ns/op
WorkloadActual   5: 59109904 op, 252461700.00 ns, 4.2711 ns/op
WorkloadActual   6: 59109904 op, 250459800.00 ns, 4.2372 ns/op
WorkloadActual   7: 59109904 op, 247519300.00 ns, 4.1874 ns/op
WorkloadActual   8: 59109904 op, 252744700.00 ns, 4.2758 ns/op
WorkloadActual   9: 59109904 op, 248041500.00 ns, 4.1963 ns/op
WorkloadActual  10: 59109904 op, 249227700.00 ns, 4.2163 ns/op
WorkloadActual  11: 59109904 op, 247872800.00 ns, 4.1934 ns/op
WorkloadActual  12: 59109904 op, 248363900.00 ns, 4.2017 ns/op
WorkloadActual  13: 59109904 op, 245222300.00 ns, 4.1486 ns/op
WorkloadActual  14: 59109904 op, 251901200.00 ns, 4.2616 ns/op
WorkloadActual  15: 59109904 op, 248102900.00 ns, 4.1973 ns/op

// AfterActualRun
WorkloadResult   1: 59109904 op, 158925200.00 ns, 2.6886 ns/op
WorkloadResult   2: 59109904 op, 158820800.00 ns, 2.6869 ns/op
WorkloadResult   3: 59109904 op, 158279600.00 ns, 2.6777 ns/op
WorkloadResult   4: 59109904 op, 161092300.00 ns, 2.7253 ns/op
WorkloadResult   5: 59109904 op, 161915900.00 ns, 2.7392 ns/op
WorkloadResult   6: 59109904 op, 159914000.00 ns, 2.7054 ns/op
WorkloadResult   7: 59109904 op, 156973500.00 ns, 2.6556 ns/op
WorkloadResult   8: 59109904 op, 162198900.00 ns, 2.7440 ns/op
WorkloadResult   9: 59109904 op, 157495700.00 ns, 2.6645 ns/op
WorkloadResult  10: 59109904 op, 158681900.00 ns, 2.6845 ns/op
WorkloadResult  11: 59109904 op, 157327000.00 ns, 2.6616 ns/op
WorkloadResult  12: 59109904 op, 157818100.00 ns, 2.6699 ns/op
WorkloadResult  13: 59109904 op, 154676500.00 ns, 2.6168 ns/op
WorkloadResult  14: 59109904 op, 161355400.00 ns, 2.7298 ns/op
WorkloadResult  15: 59109904 op, 157557100.00 ns, 2.6655 ns/op
// GC:  0 0 0 0 59109904
// Threading:  0 0 59109904

// AfterAll
// Benchmark Process 6868 has exited with code 0.

Mean = 2.688 ns, StdErr = 0.009 ns (0.34%), N = 15, StdDev = 0.035 ns
Min = 2.617 ns, Q1 = 2.665 ns, Median = 2.685 ns, Q3 = 2.715 ns, Max = 2.744 ns
IQR = 0.050 ns, LowerFence = 2.589 ns, UpperFence = 2.791 ns
ConfidenceInterval = [2.650 ns; 2.726 ns] (CI 99.9%), Margin = 0.038 ns (1.41% of Mean)
Skewness = 0.02, Kurtosis = 2.12, MValue = 2

// ** Remained 7 (53.8%) benchmark(s) to run. Estimated finish 2026-02-22 16:49 (0h 1m from now) **
Setup power plan (GUID: 8c5e7fda-e8bf-4a96-9a85-a6e23a8c635c FriendlyName: High performance)
// **************************
// Benchmark: Scenario1.S1_ReturnOptionStringErrorNoMessage_EnumerationsOptions: .NET 10.0(Runtime=.NET 10.0, IterationTime=250ms) [Iterations=10]
// *** Execute ***
// Launch: 1 / 1
// Execute: dotnet Enumerations.Options.Benchmarks-1.dll --anonymousPipes 1708 1712 --benchmarkName "ReillyDigital.Enumerations.Options.Benchmarks.Scenarios.Scenario1.S1_ReturnOptionStringErrorNoMessage_EnumerationsOptions(Iterations: 10)" --job ".NET 10.0" --benchmarkId 6 in D:\x\devs\reilly-digital\dotnet\enumerations.options.benchmarks\bin\Debug\net10.0\Enumerations.Options.Benchmarks-1\bin\Release\net10.0
// BeforeAnythingElse

// Benchmark Process Environment Information:
// BenchmarkDotNet v0.15.8
// Runtime=.NET 10.0.3 (10.0.3, 10.0.326.7603), X64 RyuJIT x86-64-v3
// GC=Concurrent Workstation
// HardwareIntrinsics=AVX2+BMI1+BMI2+F16C+FMA+LZCNT+MOVBE,AVX,SSE3+SSSE3+SSE4.1+SSE4.2+POPCNT,X86Base+SSE+SSE2,AES+PCLMUL VectorSize=256
// Job: .NET 10.0(IterationTime=250ms)

OverheadJitting  1: 1 op, 108600.00 ns, 108.6000 us/op
WorkloadJitting  1: 1 op, 1279500.00 ns, 1.2795 ms/op

OverheadJitting  2: 16 op, 195900.00 ns, 12.2438 us/op
WorkloadJitting  2: 16 op, 153700.00 ns, 9.6063 us/op

WorkloadPilot    1: 16 op, 5600.00 ns, 350.0000 ns/op
WorkloadPilot    2: 714288 op, 112694800.00 ns, 157.7722 ns/op
WorkloadPilot    3: 1584576 op, 9429900.00 ns, 5.9511 ns/op
WorkloadPilot    4: 42009360 op, 235751700.00 ns, 5.6119 ns/op
WorkloadPilot    5: 44548320 op, 212534500.00 ns, 4.7709 ns/op
WorkloadPilot    6: 52401296 op, 251620100.00 ns, 4.8018 ns/op
WorkloadPilot    7: 52063904 op, 270801400.00 ns, 5.2013 ns/op
WorkloadPilot    8: 48064656 op, 234137100.00 ns, 4.8713 ns/op
WorkloadPilot    9: 51321072 op, 246532300.00 ns, 4.8037 ns/op
WorkloadPilot   10: 52042960 op, 254340800.00 ns, 4.8871 ns/op

OverheadWarmup   1: 52042960 op, 131929500.00 ns, 2.5350 ns/op
OverheadWarmup   2: 52042960 op, 110822100.00 ns, 2.1294 ns/op
OverheadWarmup   3: 52042960 op, 81241200.00 ns, 1.5610 ns/op
OverheadWarmup   4: 52042960 op, 87151000.00 ns, 1.6746 ns/op
OverheadWarmup   5: 52042960 op, 80421600.00 ns, 1.5453 ns/op
OverheadWarmup   6: 52042960 op, 84745400.00 ns, 1.6284 ns/op
OverheadWarmup   7: 52042960 op, 86023000.00 ns, 1.6529 ns/op
OverheadWarmup   8: 52042960 op, 83232500.00 ns, 1.5993 ns/op

OverheadActual   1: 52042960 op, 92743100.00 ns, 1.7820 ns/op
OverheadActual   2: 52042960 op, 87419300.00 ns, 1.6798 ns/op
OverheadActual   3: 52042960 op, 91836400.00 ns, 1.7646 ns/op
OverheadActual   4: 52042960 op, 96260700.00 ns, 1.8496 ns/op
OverheadActual   5: 52042960 op, 90016700.00 ns, 1.7297 ns/op
OverheadActual   6: 52042960 op, 87728200.00 ns, 1.6857 ns/op
OverheadActual   7: 52042960 op, 83514900.00 ns, 1.6047 ns/op
OverheadActual   8: 52042960 op, 80648400.00 ns, 1.5497 ns/op
OverheadActual   9: 52042960 op, 85312900.00 ns, 1.6393 ns/op
OverheadActual  10: 52042960 op, 81831700.00 ns, 1.5724 ns/op
OverheadActual  11: 52042960 op, 83165600.00 ns, 1.5980 ns/op
OverheadActual  12: 52042960 op, 86037500.00 ns, 1.6532 ns/op
OverheadActual  13: 52042960 op, 80969500.00 ns, 1.5558 ns/op
OverheadActual  14: 52042960 op, 81952100.00 ns, 1.5747 ns/op
OverheadActual  15: 52042960 op, 87348100.00 ns, 1.6784 ns/op
OverheadActual  16: 52042960 op, 85960000.00 ns, 1.6517 ns/op
OverheadActual  17: 52042960 op, 87972200.00 ns, 1.6904 ns/op

WorkloadWarmup   1: 52042960 op, 282560700.00 ns, 5.4294 ns/op
WorkloadWarmup   2: 52042960 op, 286039200.00 ns, 5.4962 ns/op
WorkloadWarmup   3: 52042960 op, 257755000.00 ns, 4.9527 ns/op
WorkloadWarmup   4: 52042960 op, 283769000.00 ns, 5.4526 ns/op
WorkloadWarmup   5: 52042960 op, 268722800.00 ns, 5.1635 ns/op
WorkloadWarmup   6: 52042960 op, 258480900.00 ns, 4.9667 ns/op

// BeforeActualRun
WorkloadActual   1: 52042960 op, 261835900.00 ns, 5.0311 ns/op
WorkloadActual   2: 52042960 op, 247623300.00 ns, 4.7581 ns/op
WorkloadActual   3: 52042960 op, 247127300.00 ns, 4.7485 ns/op
WorkloadActual   4: 52042960 op, 246412900.00 ns, 4.7348 ns/op
WorkloadActual   5: 52042960 op, 246528600.00 ns, 4.7370 ns/op
WorkloadActual   6: 52042960 op, 257699200.00 ns, 4.9517 ns/op
WorkloadActual   7: 52042960 op, 247564200.00 ns, 4.7569 ns/op
WorkloadActual   8: 52042960 op, 249355200.00 ns, 4.7913 ns/op
WorkloadActual   9: 52042960 op, 246956200.00 ns, 4.7452 ns/op
WorkloadActual  10: 52042960 op, 248015200.00 ns, 4.7656 ns/op
WorkloadActual  11: 52042960 op, 249288600.00 ns, 4.7901 ns/op
WorkloadActual  12: 52042960 op, 246924300.00 ns, 4.7446 ns/op
WorkloadActual  13: 52042960 op, 247359200.00 ns, 4.7530 ns/op
WorkloadActual  14: 52042960 op, 247402500.00 ns, 4.7538 ns/op
WorkloadActual  15: 52042960 op, 250077100.00 ns, 4.8052 ns/op

// AfterActualRun
WorkloadResult   1: 52042960 op, 161585800.00 ns, 3.1049 ns/op
WorkloadResult   2: 52042960 op, 161089800.00 ns, 3.0953 ns/op
WorkloadResult   3: 52042960 op, 160375400.00 ns, 3.0816 ns/op
WorkloadResult   4: 52042960 op, 160491100.00 ns, 3.0838 ns/op
WorkloadResult   5: 52042960 op, 161526700.00 ns, 3.1037 ns/op
WorkloadResult   6: 52042960 op, 163317700.00 ns, 3.1381 ns/op
WorkloadResult   7: 52042960 op, 160918700.00 ns, 3.0920 ns/op
WorkloadResult   8: 52042960 op, 161977700.00 ns, 3.1124 ns/op
WorkloadResult   9: 52042960 op, 163251100.00 ns, 3.1369 ns/op
WorkloadResult  10: 52042960 op, 160886800.00 ns, 3.0914 ns/op
WorkloadResult  11: 52042960 op, 161321700.00 ns, 3.0998 ns/op
WorkloadResult  12: 52042960 op, 161365000.00 ns, 3.1006 ns/op
WorkloadResult  13: 52042960 op, 164039600.00 ns, 3.1520 ns/op
// GC:  0 0 0 0 52042960
// Threading:  0 0 52042960

// AfterAll
// Benchmark Process 18920 has exited with code 0.

Mean = 3.107 ns, StdErr = 0.006 ns (0.20%), N = 13, StdDev = 0.022 ns
Min = 3.082 ns, Q1 = 3.092 ns, Median = 3.101 ns, Q3 = 3.112 ns, Max = 3.152 ns
IQR = 0.020 ns, LowerFence = 3.062 ns, UpperFence = 3.143 ns
ConfidenceInterval = [3.081 ns; 3.133 ns] (CI 99.9%), Margin = 0.026 ns (0.85% of Mean)
Skewness = 0.78, Kurtosis = 2.17, MValue = 2

// ** Remained 6 (46.2%) benchmark(s) to run. Estimated finish 2026-02-22 16:49 (0h 1m from now) **
Setup power plan (GUID: 8c5e7fda-e8bf-4a96-9a85-a6e23a8c635c FriendlyName: High performance)
// **************************
// Benchmark: Scenario1.S1_ReturnOptionStringErrorWithMessage_EnumerationsOptions: .NET 10.0(Runtime=.NET 10.0, IterationTime=250ms) [Iterations=10]
// *** Execute ***
// Launch: 1 / 1
// Execute: dotnet Enumerations.Options.Benchmarks-1.dll --anonymousPipes 1772 1768 --benchmarkName "ReillyDigital.Enumerations.Options.Benchmarks.Scenarios.Scenario1.S1_ReturnOptionStringErrorWithMessage_EnumerationsOptions(Iterations: 10)" --job ".NET 10.0" --benchmarkId 7 in D:\x\devs\reilly-digital\dotnet\enumerations.options.benchmarks\bin\Debug\net10.0\Enumerations.Options.Benchmarks-1\bin\Release\net10.0
// BeforeAnythingElse

// Benchmark Process Environment Information:
// BenchmarkDotNet v0.15.8
// Runtime=.NET 10.0.3 (10.0.3, 10.0.326.7603), X64 RyuJIT x86-64-v3
// GC=Concurrent Workstation
// HardwareIntrinsics=AVX2+BMI1+BMI2+F16C+FMA+LZCNT+MOVBE,AVX,SSE3+SSSE3+SSE4.1+SSE4.2+POPCNT,X86Base+SSE+SSE2,AES+PCLMUL VectorSize=256
// Job: .NET 10.0(IterationTime=250ms)

OverheadJitting  1: 1 op, 145800.00 ns, 145.8000 us/op
WorkloadJitting  1: 1 op, 1746600.00 ns, 1.7466 ms/op

OverheadJitting  2: 16 op, 181100.00 ns, 11.3188 us/op
WorkloadJitting  2: 16 op, 172100.00 ns, 10.7563 us/op

WorkloadPilot    1: 16 op, 6300.00 ns, 393.7500 ns/op
WorkloadPilot    2: 634928 op, 216518800.00 ns, 341.0132 ns/op
WorkloadPilot    3: 733120 op, 3348500.00 ns, 4.5675 ns/op
WorkloadPilot    4: 54734960 op, 277229400.00 ns, 5.0649 ns/op
WorkloadPilot    5: 49358912 op, 237412900.00 ns, 4.8099 ns/op
WorkloadPilot    6: 51975824 op, 253132900.00 ns, 4.8702 ns/op
WorkloadPilot    7: 51332560 op, 258058100.00 ns, 5.0272 ns/op

OverheadWarmup   1: 51332560 op, 128428000.00 ns, 2.5019 ns/op
OverheadWarmup   2: 51332560 op, 111926600.00 ns, 2.1804 ns/op
OverheadWarmup   3: 51332560 op, 82033500.00 ns, 1.5981 ns/op
OverheadWarmup   4: 51332560 op, 78266900.00 ns, 1.5247 ns/op
OverheadWarmup   5: 51332560 op, 78636400.00 ns, 1.5319 ns/op
OverheadWarmup   6: 51332560 op, 78169300.00 ns, 1.5228 ns/op
OverheadWarmup   7: 51332560 op, 78633900.00 ns, 1.5319 ns/op
OverheadWarmup   8: 51332560 op, 78777400.00 ns, 1.5346 ns/op
OverheadWarmup   9: 51332560 op, 78247500.00 ns, 1.5243 ns/op

OverheadActual   1: 51332560 op, 78371400.00 ns, 1.5267 ns/op
OverheadActual   2: 51332560 op, 81476700.00 ns, 1.5872 ns/op
OverheadActual   3: 51332560 op, 82436100.00 ns, 1.6059 ns/op
OverheadActual   4: 51332560 op, 80408800.00 ns, 1.5664 ns/op
OverheadActual   5: 51332560 op, 81455700.00 ns, 1.5868 ns/op
OverheadActual   6: 51332560 op, 78321000.00 ns, 1.5258 ns/op
OverheadActual   7: 51332560 op, 78273800.00 ns, 1.5248 ns/op
OverheadActual   8: 51332560 op, 78041100.00 ns, 1.5203 ns/op
OverheadActual   9: 51332560 op, 78667800.00 ns, 1.5325 ns/op
OverheadActual  10: 51332560 op, 78013500.00 ns, 1.5198 ns/op
OverheadActual  11: 51332560 op, 78377800.00 ns, 1.5269 ns/op
OverheadActual  12: 51332560 op, 79232100.00 ns, 1.5435 ns/op
OverheadActual  13: 51332560 op, 78165600.00 ns, 1.5227 ns/op
OverheadActual  14: 51332560 op, 81879000.00 ns, 1.5951 ns/op
OverheadActual  15: 51332560 op, 78668400.00 ns, 1.5325 ns/op

WorkloadWarmup   1: 51332560 op, 264163400.00 ns, 5.1461 ns/op
WorkloadWarmup   2: 51332560 op, 238620400.00 ns, 4.6485 ns/op
WorkloadWarmup   3: 51332560 op, 249952700.00 ns, 4.8693 ns/op
WorkloadWarmup   4: 51332560 op, 241455300.00 ns, 4.7037 ns/op
WorkloadWarmup   5: 51332560 op, 260022100.00 ns, 5.0654 ns/op
WorkloadWarmup   6: 51332560 op, 255971700.00 ns, 4.9865 ns/op

// BeforeActualRun
WorkloadActual   1: 51332560 op, 255833400.00 ns, 4.9838 ns/op
WorkloadActual   2: 51332560 op, 269461400.00 ns, 5.2493 ns/op
WorkloadActual   3: 51332560 op, 245867300.00 ns, 4.7897 ns/op
WorkloadActual   4: 51332560 op, 240342400.00 ns, 4.6821 ns/op
WorkloadActual   5: 51332560 op, 251344000.00 ns, 4.8964 ns/op
WorkloadActual   6: 51332560 op, 266817700.00 ns, 5.1978 ns/op
WorkloadActual   7: 51332560 op, 244539500.00 ns, 4.7638 ns/op
WorkloadActual   8: 51332560 op, 258139500.00 ns, 5.0288 ns/op
WorkloadActual   9: 51332560 op, 246275600.00 ns, 4.7976 ns/op
WorkloadActual  10: 51332560 op, 249987700.00 ns, 4.8700 ns/op
WorkloadActual  11: 51332560 op, 249740000.00 ns, 4.8651 ns/op
WorkloadActual  12: 51332560 op, 248169700.00 ns, 4.8345 ns/op
WorkloadActual  13: 51332560 op, 257401100.00 ns, 5.0144 ns/op
WorkloadActual  14: 51332560 op, 248318300.00 ns, 4.8374 ns/op
WorkloadActual  15: 51332560 op, 258701600.00 ns, 5.0397 ns/op
WorkloadActual  16: 51332560 op, 249682700.00 ns, 4.8640 ns/op
WorkloadActual  17: 51332560 op, 248658000.00 ns, 4.8441 ns/op
WorkloadActual  18: 51332560 op, 258939500.00 ns, 5.0444 ns/op
WorkloadActual  19: 51332560 op, 265180400.00 ns, 5.1659 ns/op
WorkloadActual  20: 51332560 op, 249539900.00 ns, 4.8612 ns/op
WorkloadActual  21: 51332560 op, 247825200.00 ns, 4.8278 ns/op
WorkloadActual  22: 51332560 op, 244446000.00 ns, 4.7620 ns/op
WorkloadActual  23: 51332560 op, 247914200.00 ns, 4.8296 ns/op
WorkloadActual  24: 51332560 op, 249939300.00 ns, 4.8690 ns/op
WorkloadActual  25: 51332560 op, 246634800.00 ns, 4.8046 ns/op
WorkloadActual  26: 51332560 op, 259076400.00 ns, 5.0470 ns/op
WorkloadActual  27: 51332560 op, 269984400.00 ns, 5.2595 ns/op
WorkloadActual  28: 51332560 op, 270417500.00 ns, 5.2680 ns/op
WorkloadActual  29: 51332560 op, 250889900.00 ns, 4.8875 ns/op
WorkloadActual  30: 51332560 op, 243087900.00 ns, 4.7355 ns/op
WorkloadActual  31: 51332560 op, 253609200.00 ns, 4.9405 ns/op
WorkloadActual  32: 51332560 op, 278875800.00 ns, 5.4327 ns/op
WorkloadActual  33: 51332560 op, 250579700.00 ns, 4.8815 ns/op
WorkloadActual  34: 51332560 op, 275596700.00 ns, 5.3688 ns/op
WorkloadActual  35: 51332560 op, 252254500.00 ns, 4.9141 ns/op
WorkloadActual  36: 51332560 op, 237271900.00 ns, 4.6222 ns/op
WorkloadActual  37: 51332560 op, 250039700.00 ns, 4.8710 ns/op

// AfterActualRun
WorkloadResult   1: 51332560 op, 177165600.00 ns, 3.4513 ns/op
WorkloadResult   2: 51332560 op, 190793600.00 ns, 3.7168 ns/op
WorkloadResult   3: 51332560 op, 167199500.00 ns, 3.2572 ns/op
WorkloadResult   4: 51332560 op, 161674600.00 ns, 3.1496 ns/op
WorkloadResult   5: 51332560 op, 172676200.00 ns, 3.3639 ns/op
WorkloadResult   6: 51332560 op, 188149900.00 ns, 3.6653 ns/op
WorkloadResult   7: 51332560 op, 165871700.00 ns, 3.2313 ns/op
WorkloadResult   8: 51332560 op, 179471700.00 ns, 3.4963 ns/op
WorkloadResult   9: 51332560 op, 167607800.00 ns, 3.2651 ns/op
WorkloadResult  10: 51332560 op, 171319900.00 ns, 3.3375 ns/op
WorkloadResult  11: 51332560 op, 171072200.00 ns, 3.3326 ns/op
WorkloadResult  12: 51332560 op, 169501900.00 ns, 3.3020 ns/op
WorkloadResult  13: 51332560 op, 178733300.00 ns, 3.4819 ns/op
WorkloadResult  14: 51332560 op, 169650500.00 ns, 3.3049 ns/op
WorkloadResult  15: 51332560 op, 180033800.00 ns, 3.5072 ns/op
WorkloadResult  16: 51332560 op, 171014900.00 ns, 3.3315 ns/op
WorkloadResult  17: 51332560 op, 169990200.00 ns, 3.3115 ns/op
WorkloadResult  18: 51332560 op, 180271700.00 ns, 3.5118 ns/op
WorkloadResult  19: 51332560 op, 186512600.00 ns, 3.6334 ns/op
WorkloadResult  20: 51332560 op, 170872100.00 ns, 3.3287 ns/op
WorkloadResult  21: 51332560 op, 169157400.00 ns, 3.2953 ns/op
WorkloadResult  22: 51332560 op, 165778200.00 ns, 3.2295 ns/op
WorkloadResult  23: 51332560 op, 169246400.00 ns, 3.2971 ns/op
WorkloadResult  24: 51332560 op, 171271500.00 ns, 3.3365 ns/op
WorkloadResult  25: 51332560 op, 167967000.00 ns, 3.2721 ns/op
WorkloadResult  26: 51332560 op, 180408600.00 ns, 3.5145 ns/op
WorkloadResult  27: 51332560 op, 191316600.00 ns, 3.7270 ns/op
WorkloadResult  28: 51332560 op, 191749700.00 ns, 3.7354 ns/op
WorkloadResult  29: 51332560 op, 172222100.00 ns, 3.3550 ns/op
WorkloadResult  30: 51332560 op, 164420100.00 ns, 3.2030 ns/op
WorkloadResult  31: 51332560 op, 174941400.00 ns, 3.4080 ns/op
WorkloadResult  32: 51332560 op, 171911900.00 ns, 3.3490 ns/op
WorkloadResult  33: 51332560 op, 173586700.00 ns, 3.3816 ns/op
WorkloadResult  34: 51332560 op, 158604100.00 ns, 3.0897 ns/op
WorkloadResult  35: 51332560 op, 171371900.00 ns, 3.3385 ns/op
// GC:  0 0 0 0 51332560
// Threading:  0 0 51332560

// AfterAll
// Benchmark Process 13636 has exited with code 0.

Mean = 3.386 ns, StdErr = 0.027 ns (0.81%), N = 35, StdDev = 0.161 ns
Min = 3.090 ns, Q1 = 3.296 ns, Median = 3.337 ns, Q3 = 3.489 ns, Max = 3.735 ns
IQR = 0.193 ns, LowerFence = 3.007 ns, UpperFence = 3.778 ns
ConfidenceInterval = [3.288 ns; 3.484 ns] (CI 99.9%), Margin = 0.098 ns (2.90% of Mean)
Skewness = 0.69, Kurtosis = 2.76, MValue = 2.56

// ** Remained 5 (38.5%) benchmark(s) to run. Estimated finish 2026-02-22 16:49 (0h 1m from now) **
Setup power plan (GUID: 8c5e7fda-e8bf-4a96-9a85-a6e23a8c635c FriendlyName: High performance)
// **************************
// Benchmark: Scenario1.S1_ReturnOptionStringNone_EnumerationsOptions: .NET 10.0(Runtime=.NET 10.0, IterationTime=250ms) [Iterations=10]
// *** Execute ***
// Launch: 1 / 1
// Execute: dotnet Enumerations.Options.Benchmarks-1.dll --anonymousPipes 1796 1804 --benchmarkName "ReillyDigital.Enumerations.Options.Benchmarks.Scenarios.Scenario1.S1_ReturnOptionStringNone_EnumerationsOptions(Iterations: 10)" --job ".NET 10.0" --benchmarkId 8 in D:\x\devs\reilly-digital\dotnet\enumerations.options.benchmarks\bin\Debug\net10.0\Enumerations.Options.Benchmarks-1\bin\Release\net10.0
// BeforeAnythingElse

// Benchmark Process Environment Information:
// BenchmarkDotNet v0.15.8
// Runtime=.NET 10.0.3 (10.0.3, 10.0.326.7603), X64 RyuJIT x86-64-v3
// GC=Concurrent Workstation
// HardwareIntrinsics=AVX2+BMI1+BMI2+F16C+FMA+LZCNT+MOVBE,AVX,SSE3+SSSE3+SSE4.1+SSE4.2+POPCNT,X86Base+SSE+SSE2,AES+PCLMUL VectorSize=256
// Job: .NET 10.0(IterationTime=250ms)

OverheadJitting  1: 1 op, 149400.00 ns, 149.4000 us/op
WorkloadJitting  1: 1 op, 1375700.00 ns, 1.3757 ms/op

OverheadJitting  2: 16 op, 172600.00 ns, 10.7875 us/op
WorkloadJitting  2: 16 op, 163800.00 ns, 10.2375 us/op

WorkloadPilot    1: 16 op, 6000.00 ns, 375.0000 ns/op
WorkloadPilot    2: 666672 op, 113741000.00 ns, 170.6101 ns/op
WorkloadPilot    3: 1465344 op, 6941100.00 ns, 4.7368 ns/op
WorkloadPilot    4: 52777808 op, 240018700.00 ns, 4.5477 ns/op
WorkloadPilot    5: 54972608 op, 248525300.00 ns, 4.5209 ns/op
WorkloadPilot    6: 55298816 op, 250697000.00 ns, 4.5335 ns/op
WorkloadPilot    7: 55145072 op, 247264100.00 ns, 4.4839 ns/op
WorkloadPilot    8: 55755248 op, 249925300.00 ns, 4.4825 ns/op
WorkloadPilot    9: 55771920 op, 253016100.00 ns, 4.5366 ns/op
WorkloadPilot   10: 55107088 op, 251019500.00 ns, 4.5551 ns/op

OverheadWarmup   1: 55107088 op, 140356100.00 ns, 2.5470 ns/op
OverheadWarmup   2: 55107088 op, 112436800.00 ns, 2.0403 ns/op
OverheadWarmup   3: 55107088 op, 87158300.00 ns, 1.5816 ns/op
OverheadWarmup   4: 55107088 op, 88839700.00 ns, 1.6121 ns/op
OverheadWarmup   5: 55107088 op, 88293700.00 ns, 1.6022 ns/op
OverheadWarmup   6: 55107088 op, 88850200.00 ns, 1.6123 ns/op
OverheadWarmup   7: 55107088 op, 88873100.00 ns, 1.6127 ns/op
OverheadWarmup   8: 55107088 op, 88281300.00 ns, 1.6020 ns/op

OverheadActual   1: 55107088 op, 87442400.00 ns, 1.5868 ns/op
OverheadActual   2: 55107088 op, 86502200.00 ns, 1.5697 ns/op
OverheadActual   3: 55107088 op, 84139500.00 ns, 1.5268 ns/op
OverheadActual   4: 55107088 op, 84363000.00 ns, 1.5309 ns/op
OverheadActual   5: 55107088 op, 84063600.00 ns, 1.5255 ns/op
OverheadActual   6: 55107088 op, 84248400.00 ns, 1.5288 ns/op
OverheadActual   7: 55107088 op, 85744500.00 ns, 1.5560 ns/op
OverheadActual   8: 55107088 op, 87641700.00 ns, 1.5904 ns/op
OverheadActual   9: 55107088 op, 84415500.00 ns, 1.5318 ns/op
OverheadActual  10: 55107088 op, 84675500.00 ns, 1.5366 ns/op
OverheadActual  11: 55107088 op, 84764600.00 ns, 1.5382 ns/op
OverheadActual  12: 55107088 op, 84391100.00 ns, 1.5314 ns/op
OverheadActual  13: 55107088 op, 84492300.00 ns, 1.5332 ns/op
OverheadActual  14: 55107088 op, 84208500.00 ns, 1.5281 ns/op
OverheadActual  15: 55107088 op, 85282800.00 ns, 1.5476 ns/op

WorkloadWarmup   1: 55107088 op, 250434600.00 ns, 4.5445 ns/op
WorkloadWarmup   2: 55107088 op, 254423700.00 ns, 4.6169 ns/op
WorkloadWarmup   3: 55107088 op, 276976300.00 ns, 5.0261 ns/op
WorkloadWarmup   4: 55107088 op, 277481400.00 ns, 5.0353 ns/op
WorkloadWarmup   5: 55107088 op, 272873100.00 ns, 4.9517 ns/op
WorkloadWarmup   6: 55107088 op, 257130200.00 ns, 4.6660 ns/op
WorkloadWarmup   7: 55107088 op, 255872800.00 ns, 4.6432 ns/op
WorkloadWarmup   8: 55107088 op, 253146600.00 ns, 4.5937 ns/op
WorkloadWarmup   9: 55107088 op, 258394600.00 ns, 4.6890 ns/op
WorkloadWarmup  10: 55107088 op, 256152500.00 ns, 4.6483 ns/op

// BeforeActualRun
WorkloadActual   1: 55107088 op, 269663400.00 ns, 4.8934 ns/op
WorkloadActual   2: 55107088 op, 255720200.00 ns, 4.6404 ns/op
WorkloadActual   3: 55107088 op, 245450400.00 ns, 4.4541 ns/op
WorkloadActual   4: 55107088 op, 246892700.00 ns, 4.4802 ns/op
WorkloadActual   5: 55107088 op, 243793300.00 ns, 4.4240 ns/op
WorkloadActual   6: 55107088 op, 244647000.00 ns, 4.4395 ns/op
WorkloadActual   7: 55107088 op, 244529200.00 ns, 4.4373 ns/op
WorkloadActual   8: 55107088 op, 245584700.00 ns, 4.4565 ns/op
WorkloadActual   9: 55107088 op, 247429700.00 ns, 4.4900 ns/op
WorkloadActual  10: 55107088 op, 244724700.00 ns, 4.4409 ns/op
WorkloadActual  11: 55107088 op, 278450400.00 ns, 5.0529 ns/op
WorkloadActual  12: 55107088 op, 287827900.00 ns, 5.2231 ns/op
WorkloadActual  13: 55107088 op, 293848400.00 ns, 5.3323 ns/op
WorkloadActual  14: 55107088 op, 266338100.00 ns, 4.8331 ns/op
WorkloadActual  15: 55107088 op, 247644400.00 ns, 4.4939 ns/op
WorkloadActual  16: 55107088 op, 244363600.00 ns, 4.4343 ns/op
WorkloadActual  17: 55107088 op, 243618700.00 ns, 4.4208 ns/op
WorkloadActual  18: 55107088 op, 243040400.00 ns, 4.4103 ns/op
WorkloadActual  19: 55107088 op, 245274200.00 ns, 4.4509 ns/op
WorkloadActual  20: 55107088 op, 249018200.00 ns, 4.5188 ns/op
WorkloadActual  21: 55107088 op, 245437900.00 ns, 4.4538 ns/op
WorkloadActual  22: 55107088 op, 247686800.00 ns, 4.4946 ns/op
WorkloadActual  23: 55107088 op, 247744900.00 ns, 4.4957 ns/op

// AfterActualRun
WorkloadResult   1: 55107088 op, 171227900.00 ns, 3.1072 ns/op
WorkloadResult   2: 55107088 op, 160958100.00 ns, 2.9208 ns/op
WorkloadResult   3: 55107088 op, 162400400.00 ns, 2.9470 ns/op
WorkloadResult   4: 55107088 op, 159301000.00 ns, 2.8908 ns/op
WorkloadResult   5: 55107088 op, 160154700.00 ns, 2.9062 ns/op
WorkloadResult   6: 55107088 op, 160036900.00 ns, 2.9041 ns/op
WorkloadResult   7: 55107088 op, 161092400.00 ns, 2.9233 ns/op
WorkloadResult   8: 55107088 op, 162937400.00 ns, 2.9567 ns/op
WorkloadResult   9: 55107088 op, 160232400.00 ns, 2.9077 ns/op
WorkloadResult  10: 55107088 op, 163152100.00 ns, 2.9606 ns/op
WorkloadResult  11: 55107088 op, 159871300.00 ns, 2.9011 ns/op
WorkloadResult  12: 55107088 op, 159126400.00 ns, 2.8876 ns/op
WorkloadResult  13: 55107088 op, 158548100.00 ns, 2.8771 ns/op
WorkloadResult  14: 55107088 op, 160781900.00 ns, 2.9176 ns/op
WorkloadResult  15: 55107088 op, 164525900.00 ns, 2.9856 ns/op
WorkloadResult  16: 55107088 op, 160945600.00 ns, 2.9206 ns/op
WorkloadResult  17: 55107088 op, 163194500.00 ns, 2.9614 ns/op
WorkloadResult  18: 55107088 op, 163252600.00 ns, 2.9625 ns/op
// GC:  0 0 0 0 55107088
// Threading:  0 0 55107088

// AfterAll
// Benchmark Process 3916 has exited with code 0.

Mean = 2.935 ns, StdErr = 0.012 ns (0.42%), N = 18, StdDev = 0.053 ns
Min = 2.877 ns, Q1 = 2.905 ns, Median = 2.921 ns, Q3 = 2.960 ns, Max = 3.107 ns
IQR = 0.055 ns, LowerFence = 2.822 ns, UpperFence = 3.042 ns
ConfidenceInterval = [2.886 ns; 2.985 ns] (CI 99.9%), Margin = 0.049 ns (1.67% of Mean)
Skewness = 1.81, Kurtosis = 6.56, MValue = 2

// ** Remained 4 (30.8%) benchmark(s) to run. Estimated finish 2026-02-22 16:49 (0h 0m from now) **
Setup power plan (GUID: 8c5e7fda-e8bf-4a96-9a85-a6e23a8c635c FriendlyName: High performance)
// **************************
// Benchmark: Scenario1.S1_ReturnOptionStringSuccess_EnumerationsOptions: .NET 10.0(Runtime=.NET 10.0, IterationTime=250ms) [Iterations=10]
// *** Execute ***
// Launch: 1 / 1
// Execute: dotnet Enumerations.Options.Benchmarks-1.dll --anonymousPipes 1784 1712 --benchmarkName "ReillyDigital.Enumerations.Options.Benchmarks.Scenarios.Scenario1.S1_ReturnOptionStringSuccess_EnumerationsOptions(Iterations: 10)" --job ".NET 10.0" --benchmarkId 9 in D:\x\devs\reilly-digital\dotnet\enumerations.options.benchmarks\bin\Debug\net10.0\Enumerations.Options.Benchmarks-1\bin\Release\net10.0
// BeforeAnythingElse

// Benchmark Process Environment Information:
// BenchmarkDotNet v0.15.8
// Runtime=.NET 10.0.3 (10.0.3, 10.0.326.7603), X64 RyuJIT x86-64-v3
// GC=Concurrent Workstation
// HardwareIntrinsics=AVX2+BMI1+BMI2+F16C+FMA+LZCNT+MOVBE,AVX,SSE3+SSSE3+SSE4.1+SSE4.2+POPCNT,X86Base+SSE+SSE2,AES+PCLMUL VectorSize=256
// Job: .NET 10.0(IterationTime=250ms)

OverheadJitting  1: 1 op, 106500.00 ns, 106.5000 us/op
WorkloadJitting  1: 1 op, 1150900.00 ns, 1.1509 ms/op

OverheadJitting  2: 16 op, 155200.00 ns, 9.7000 us/op
WorkloadJitting  2: 16 op, 153200.00 ns, 9.5750 us/op

WorkloadPilot    1: 16 op, 5600.00 ns, 350.0000 ns/op
WorkloadPilot    2: 714288 op, 116911400.00 ns, 163.6754 ns/op
WorkloadPilot    3: 1527424 op, 6881000.00 ns, 4.5050 ns/op
WorkloadPilot    4: 55494272 op, 248181800.00 ns, 4.4722 ns/op
WorkloadPilot    5: 55900832 op, 247964500.00 ns, 4.4358 ns/op
WorkloadPilot    6: 56359728 op, 255279600.00 ns, 4.5295 ns/op
WorkloadPilot    7: 55194128 op, 250965300.00 ns, 4.5470 ns/op
WorkloadPilot    8: 54981840 op, 247599100.00 ns, 4.5033 ns/op
WorkloadPilot    9: 55514992 op, 249081600.00 ns, 4.4867 ns/op
WorkloadPilot   10: 55719696 op, 247297100.00 ns, 4.4382 ns/op
WorkloadPilot   11: 56328704 op, 248704300.00 ns, 4.4152 ns/op
WorkloadPilot   12: 56622176 op, 252308200.00 ns, 4.4560 ns/op

OverheadWarmup   1: 56622176 op, 139718900.00 ns, 2.4676 ns/op
OverheadWarmup   2: 56622176 op, 112071000.00 ns, 1.9793 ns/op
OverheadWarmup   3: 56622176 op, 87481900.00 ns, 1.5450 ns/op
OverheadWarmup   4: 56622176 op, 85572600.00 ns, 1.5113 ns/op
OverheadWarmup   5: 56622176 op, 85643600.00 ns, 1.5125 ns/op
OverheadWarmup   6: 56622176 op, 85955300.00 ns, 1.5181 ns/op
OverheadWarmup   7: 56622176 op, 85722800.00 ns, 1.5139 ns/op
OverheadWarmup   8: 56622176 op, 85343800.00 ns, 1.5073 ns/op
OverheadWarmup   9: 56622176 op, 85667500.00 ns, 1.5130 ns/op
OverheadWarmup  10: 56622176 op, 85494800.00 ns, 1.5099 ns/op

OverheadActual   1: 56622176 op, 85026200.00 ns, 1.5016 ns/op
OverheadActual   2: 56622176 op, 85995300.00 ns, 1.5188 ns/op
OverheadActual   3: 56622176 op, 85079300.00 ns, 1.5026 ns/op
OverheadActual   4: 56622176 op, 85158200.00 ns, 1.5040 ns/op
OverheadActual   5: 56622176 op, 85532400.00 ns, 1.5106 ns/op
OverheadActual   6: 56622176 op, 86512000.00 ns, 1.5279 ns/op
OverheadActual   7: 56622176 op, 86216100.00 ns, 1.5227 ns/op
OverheadActual   8: 56622176 op, 86503500.00 ns, 1.5277 ns/op
OverheadActual   9: 56622176 op, 86583000.00 ns, 1.5291 ns/op
OverheadActual  10: 56622176 op, 85318500.00 ns, 1.5068 ns/op
OverheadActual  11: 56622176 op, 86157200.00 ns, 1.5216 ns/op
OverheadActual  12: 56622176 op, 85582000.00 ns, 1.5115 ns/op
OverheadActual  13: 56622176 op, 88697000.00 ns, 1.5665 ns/op
OverheadActual  14: 56622176 op, 94801400.00 ns, 1.6743 ns/op
OverheadActual  15: 56622176 op, 85989500.00 ns, 1.5187 ns/op

WorkloadWarmup   1: 56622176 op, 250842600.00 ns, 4.4301 ns/op
WorkloadWarmup   2: 56622176 op, 288560000.00 ns, 5.0962 ns/op
WorkloadWarmup   3: 56622176 op, 255044600.00 ns, 4.5043 ns/op
WorkloadWarmup   4: 56622176 op, 254194600.00 ns, 4.4893 ns/op
WorkloadWarmup   5: 56622176 op, 280384800.00 ns, 4.9519 ns/op
WorkloadWarmup   6: 56622176 op, 259471400.00 ns, 4.5825 ns/op

// BeforeActualRun
WorkloadActual   1: 56622176 op, 253447600.00 ns, 4.4761 ns/op
WorkloadActual   2: 56622176 op, 250465600.00 ns, 4.4235 ns/op
WorkloadActual   3: 56622176 op, 250519200.00 ns, 4.4244 ns/op
WorkloadActual   4: 56622176 op, 251189900.00 ns, 4.4362 ns/op
WorkloadActual   5: 56622176 op, 251216100.00 ns, 4.4367 ns/op
WorkloadActual   6: 56622176 op, 249919200.00 ns, 4.4138 ns/op
WorkloadActual   7: 56622176 op, 249217100.00 ns, 4.4014 ns/op
WorkloadActual   8: 56622176 op, 251908300.00 ns, 4.4489 ns/op
WorkloadActual   9: 56622176 op, 250479600.00 ns, 4.4237 ns/op
WorkloadActual  10: 56622176 op, 253072800.00 ns, 4.4695 ns/op
WorkloadActual  11: 56622176 op, 253722100.00 ns, 4.4810 ns/op
WorkloadActual  12: 56622176 op, 250295700.00 ns, 4.4205 ns/op
WorkloadActual  13: 56622176 op, 249441700.00 ns, 4.4054 ns/op
WorkloadActual  14: 56622176 op, 250608000.00 ns, 4.4260 ns/op
WorkloadActual  15: 56622176 op, 250819900.00 ns, 4.4297 ns/op

// AfterActualRun
WorkloadResult   1: 56622176 op, 164470300.00 ns, 2.9047 ns/op
WorkloadResult   2: 56622176 op, 164523900.00 ns, 2.9056 ns/op
WorkloadResult   3: 56622176 op, 165194600.00 ns, 2.9175 ns/op
WorkloadResult   4: 56622176 op, 165220800.00 ns, 2.9180 ns/op
WorkloadResult   5: 56622176 op, 163923900.00 ns, 2.8950 ns/op
WorkloadResult   6: 56622176 op, 163221800.00 ns, 2.8826 ns/op
WorkloadResult   7: 56622176 op, 165913000.00 ns, 2.9302 ns/op
WorkloadResult   8: 56622176 op, 164484300.00 ns, 2.9049 ns/op
WorkloadResult   9: 56622176 op, 167077500.00 ns, 2.9507 ns/op
WorkloadResult  10: 56622176 op, 164300400.00 ns, 2.9017 ns/op
WorkloadResult  11: 56622176 op, 163446400.00 ns, 2.8866 ns/op
WorkloadResult  12: 56622176 op, 164612700.00 ns, 2.9072 ns/op
WorkloadResult  13: 56622176 op, 164824600.00 ns, 2.9110 ns/op
// GC:  0 0 0 0 56622176
// Threading:  0 0 56622176

// AfterAll
// Benchmark Process 19164 has exited with code 0.

Mean = 2.909 ns, StdErr = 0.005 ns (0.17%), N = 13, StdDev = 0.018 ns
Min = 2.883 ns, Q1 = 2.902 ns, Median = 2.906 ns, Q3 = 2.917 ns, Max = 2.951 ns
IQR = 0.016 ns, LowerFence = 2.878 ns, UpperFence = 2.941 ns
ConfidenceInterval = [2.887 ns; 2.930 ns] (CI 99.9%), Margin = 0.021 ns (0.74% of Mean)
Skewness = 0.7, Kurtosis = 3.04, MValue = 2

// ** Remained 3 (23.1%) benchmark(s) to run. Estimated finish 2026-02-22 16:49 (0h 0m from now) **
Setup power plan (GUID: 8c5e7fda-e8bf-4a96-9a85-a6e23a8c635c FriendlyName: High performance)
// **************************
// Benchmark: Scenario1.S1_ReturnVoidErrorNoMessage_EnumerationsOptions: .NET 10.0(Runtime=.NET 10.0, IterationTime=250ms) [Iterations=10]
// *** Execute ***
// Launch: 1 / 1
// Execute: dotnet Enumerations.Options.Benchmarks-1.dll --anonymousPipes 1872 1868 --benchmarkName "ReillyDigital.Enumerations.Options.Benchmarks.Scenarios.Scenario1.S1_ReturnVoidErrorNoMessage_EnumerationsOptions(Iterations: 10)" --job ".NET 10.0" --benchmarkId 10 in D:\x\devs\reilly-digital\dotnet\enumerations.options.benchmarks\bin\Debug\net10.0\Enumerations.Options.Benchmarks-1\bin\Release\net10.0
// BeforeAnythingElse

// Benchmark Process Environment Information:
// BenchmarkDotNet v0.15.8
// Runtime=.NET 10.0.3 (10.0.3, 10.0.326.7603), X64 RyuJIT x86-64-v3
// GC=Concurrent Workstation
// HardwareIntrinsics=AVX2+BMI1+BMI2+F16C+FMA+LZCNT+MOVBE,AVX,SSE3+SSSE3+SSE4.1+SSE4.2+POPCNT,X86Base+SSE+SSE2,AES+PCLMUL VectorSize=256
// Job: .NET 10.0(IterationTime=250ms)

OverheadJitting  1: 1 op, 111000.00 ns, 111.0000 us/op
WorkloadJitting  1: 1 op, 1360900.00 ns, 1.3609 ms/op

OverheadJitting  2: 16 op, 172700.00 ns, 10.7938 us/op
WorkloadJitting  2: 16 op, 157600.00 ns, 9.8500 us/op

WorkloadPilot    1: 16 op, 5300.00 ns, 331.2500 ns/op
WorkloadPilot    2: 754720 op, 121456900.00 ns, 160.9297 ns/op
WorkloadPilot    3: 1553488 op, 7662800.00 ns, 4.9326 ns/op
WorkloadPilot    4: 50682784 op, 252886900.00 ns, 4.9896 ns/op
WorkloadPilot    5: 50104208 op, 249181500.00 ns, 4.9733 ns/op
WorkloadPilot    6: 50268800 op, 246958000.00 ns, 4.9127 ns/op
WorkloadPilot    7: 50888016 op, 262234500.00 ns, 5.1532 ns/op
WorkloadPilot    8: 48513856 op, 249144900.00 ns, 5.1355 ns/op
WorkloadPilot    9: 48680368 op, 239859500.00 ns, 4.9272 ns/op
WorkloadPilot   10: 50738432 op, 251062700.00 ns, 4.9482 ns/op

OverheadWarmup   1: 50738432 op, 126368100.00 ns, 2.4906 ns/op
OverheadWarmup   2: 50738432 op, 112595600.00 ns, 2.2191 ns/op
OverheadWarmup   3: 50738432 op, 78257800.00 ns, 1.5424 ns/op
OverheadWarmup   4: 50738432 op, 77021300.00 ns, 1.5180 ns/op
OverheadWarmup   5: 50738432 op, 77033300.00 ns, 1.5182 ns/op
OverheadWarmup   6: 50738432 op, 77018600.00 ns, 1.5180 ns/op
OverheadWarmup   7: 50738432 op, 79090000.00 ns, 1.5588 ns/op
OverheadWarmup   8: 50738432 op, 77529200.00 ns, 1.5280 ns/op

OverheadActual   1: 50738432 op, 76990400.00 ns, 1.5174 ns/op
OverheadActual   2: 50738432 op, 78258700.00 ns, 1.5424 ns/op
OverheadActual   3: 50738432 op, 77411300.00 ns, 1.5257 ns/op
OverheadActual   4: 50738432 op, 77004700.00 ns, 1.5177 ns/op
OverheadActual   5: 50738432 op, 78673700.00 ns, 1.5506 ns/op
OverheadActual   6: 50738432 op, 78751500.00 ns, 1.5521 ns/op
OverheadActual   7: 50738432 op, 78863300.00 ns, 1.5543 ns/op
OverheadActual   8: 50738432 op, 78371100.00 ns, 1.5446 ns/op
OverheadActual   9: 50738432 op, 77811400.00 ns, 1.5336 ns/op
OverheadActual  10: 50738432 op, 77984100.00 ns, 1.5370 ns/op
OverheadActual  11: 50738432 op, 77652000.00 ns, 1.5304 ns/op
OverheadActual  12: 50738432 op, 78159900.00 ns, 1.5404 ns/op
OverheadActual  13: 50738432 op, 78542100.00 ns, 1.5480 ns/op
OverheadActual  14: 50738432 op, 78552100.00 ns, 1.5482 ns/op
OverheadActual  15: 50738432 op, 77951500.00 ns, 1.5363 ns/op

WorkloadWarmup   1: 50738432 op, 268675000.00 ns, 5.2953 ns/op
WorkloadWarmup   2: 50738432 op, 251230300.00 ns, 4.9515 ns/op
WorkloadWarmup   3: 50738432 op, 246505100.00 ns, 4.8584 ns/op
WorkloadWarmup   4: 50738432 op, 250337100.00 ns, 4.9339 ns/op
WorkloadWarmup   5: 50738432 op, 254426000.00 ns, 5.0145 ns/op
WorkloadWarmup   6: 50738432 op, 253791400.00 ns, 5.0020 ns/op
WorkloadWarmup   7: 50738432 op, 243970600.00 ns, 4.8084 ns/op
WorkloadWarmup   8: 50738432 op, 250348300.00 ns, 4.9341 ns/op
WorkloadWarmup   9: 50738432 op, 252164100.00 ns, 4.9699 ns/op
WorkloadWarmup  10: 50738432 op, 254648400.00 ns, 5.0188 ns/op
WorkloadWarmup  11: 50738432 op, 250304500.00 ns, 4.9332 ns/op

// BeforeActualRun
WorkloadActual   1: 50738432 op, 251285300.00 ns, 4.9526 ns/op
WorkloadActual   2: 50738432 op, 250835900.00 ns, 4.9437 ns/op
WorkloadActual   3: 50738432 op, 251806800.00 ns, 4.9628 ns/op
WorkloadActual   4: 50738432 op, 246141400.00 ns, 4.8512 ns/op
WorkloadActual   5: 50738432 op, 247216700.00 ns, 4.8724 ns/op
WorkloadActual   6: 50738432 op, 257506000.00 ns, 5.0752 ns/op
WorkloadActual   7: 50738432 op, 267090600.00 ns, 5.2641 ns/op
WorkloadActual   8: 50738432 op, 251455900.00 ns, 4.9559 ns/op
WorkloadActual   9: 50738432 op, 259376500.00 ns, 5.1120 ns/op
WorkloadActual  10: 50738432 op, 268810900.00 ns, 5.2980 ns/op
WorkloadActual  11: 50738432 op, 256763900.00 ns, 5.0605 ns/op
WorkloadActual  12: 50738432 op, 248682200.00 ns, 4.9013 ns/op
WorkloadActual  13: 50738432 op, 247891500.00 ns, 4.8857 ns/op
WorkloadActual  14: 50738432 op, 240572400.00 ns, 4.7414 ns/op
WorkloadActual  15: 50738432 op, 247757800.00 ns, 4.8830 ns/op
WorkloadActual  16: 50738432 op, 242298300.00 ns, 4.7754 ns/op
WorkloadActual  17: 50738432 op, 248620700.00 ns, 4.9000 ns/op
WorkloadActual  18: 50738432 op, 239874200.00 ns, 4.7277 ns/op
WorkloadActual  19: 50738432 op, 247862600.00 ns, 4.8851 ns/op
WorkloadActual  20: 50738432 op, 257148200.00 ns, 5.0681 ns/op
WorkloadActual  21: 50738432 op, 253707100.00 ns, 5.0003 ns/op
WorkloadActual  22: 50738432 op, 253911500.00 ns, 5.0043 ns/op
WorkloadActual  23: 50738432 op, 255587000.00 ns, 5.0373 ns/op
WorkloadActual  24: 50738432 op, 245195800.00 ns, 4.8325 ns/op
WorkloadActual  25: 50738432 op, 250281300.00 ns, 4.9328 ns/op

// AfterActualRun
WorkloadResult   1: 50738432 op, 173125400.00 ns, 3.4121 ns/op
WorkloadResult   2: 50738432 op, 172676000.00 ns, 3.4033 ns/op
WorkloadResult   3: 50738432 op, 173646900.00 ns, 3.4224 ns/op
WorkloadResult   4: 50738432 op, 167981500.00 ns, 3.3107 ns/op
WorkloadResult   5: 50738432 op, 169056800.00 ns, 3.3319 ns/op
WorkloadResult   6: 50738432 op, 179346100.00 ns, 3.5347 ns/op
WorkloadResult   7: 50738432 op, 188930700.00 ns, 3.7236 ns/op
WorkloadResult   8: 50738432 op, 173296000.00 ns, 3.4155 ns/op
WorkloadResult   9: 50738432 op, 181216600.00 ns, 3.5716 ns/op
WorkloadResult  10: 50738432 op, 178604000.00 ns, 3.5201 ns/op
WorkloadResult  11: 50738432 op, 170522300.00 ns, 3.3608 ns/op
WorkloadResult  12: 50738432 op, 169731600.00 ns, 3.3452 ns/op
WorkloadResult  13: 50738432 op, 162412500.00 ns, 3.2010 ns/op
WorkloadResult  14: 50738432 op, 169597900.00 ns, 3.3426 ns/op
WorkloadResult  15: 50738432 op, 164138400.00 ns, 3.2350 ns/op
WorkloadResult  16: 50738432 op, 170460800.00 ns, 3.3596 ns/op
WorkloadResult  17: 50738432 op, 161714300.00 ns, 3.1872 ns/op
WorkloadResult  18: 50738432 op, 169702700.00 ns, 3.3447 ns/op
WorkloadResult  19: 50738432 op, 178988300.00 ns, 3.5277 ns/op
WorkloadResult  20: 50738432 op, 175547200.00 ns, 3.4598 ns/op
WorkloadResult  21: 50738432 op, 175751600.00 ns, 3.4639 ns/op
WorkloadResult  22: 50738432 op, 177427100.00 ns, 3.4969 ns/op
WorkloadResult  23: 50738432 op, 167035900.00 ns, 3.2921 ns/op
WorkloadResult  24: 50738432 op, 172121400.00 ns, 3.3923 ns/op
// GC:  0 0 0 0 50738432
// Threading:  0 0 50738432

// AfterAll
// Benchmark Process 19308 has exited with code 0.

Mean = 3.402 ns, StdErr = 0.025 ns (0.74%), N = 24, StdDev = 0.123 ns
Min = 3.187 ns, Q1 = 3.340 ns, Median = 3.398 ns, Q3 = 3.472 ns, Max = 3.724 ns
IQR = 0.132 ns, LowerFence = 3.142 ns, UpperFence = 3.670 ns
ConfidenceInterval = [3.307 ns; 3.497 ns] (CI 99.9%), Margin = 0.095 ns (2.79% of Mean)
Skewness = 0.43, Kurtosis = 3.1, MValue = 2.18

// ** Remained 2 (15.4%) benchmark(s) to run. Estimated finish 2026-02-22 16:49 (0h 0m from now) **
Setup power plan (GUID: 8c5e7fda-e8bf-4a96-9a85-a6e23a8c635c FriendlyName: High performance)
// **************************
// Benchmark: Scenario1.S1_ReturnVoidErrorWithMessage_EnumerationsOptions: .NET 10.0(Runtime=.NET 10.0, IterationTime=250ms) [Iterations=10]
// *** Execute ***
// Launch: 1 / 1
// Execute: dotnet Enumerations.Options.Benchmarks-1.dll --anonymousPipes 1864 1804 --benchmarkName "ReillyDigital.Enumerations.Options.Benchmarks.Scenarios.Scenario1.S1_ReturnVoidErrorWithMessage_EnumerationsOptions(Iterations: 10)" --job ".NET 10.0" --benchmarkId 11 in D:\x\devs\reilly-digital\dotnet\enumerations.options.benchmarks\bin\Debug\net10.0\Enumerations.Options.Benchmarks-1\bin\Release\net10.0
// BeforeAnythingElse

// Benchmark Process Environment Information:
// BenchmarkDotNet v0.15.8
// Runtime=.NET 10.0.3 (10.0.3, 10.0.326.7603), X64 RyuJIT x86-64-v3
// GC=Concurrent Workstation
// HardwareIntrinsics=AVX2+BMI1+BMI2+F16C+FMA+LZCNT+MOVBE,AVX,SSE3+SSSE3+SSE4.1+SSE4.2+POPCNT,X86Base+SSE+SSE2,AES+PCLMUL VectorSize=256
// Job: .NET 10.0(IterationTime=250ms)

OverheadJitting  1: 1 op, 132500.00 ns, 132.5000 us/op
WorkloadJitting  1: 1 op, 1294700.00 ns, 1.2947 ms/op

OverheadJitting  2: 16 op, 175000.00 ns, 10.9375 us/op
WorkloadJitting  2: 16 op, 177500.00 ns, 11.0938 us/op

WorkloadPilot    1: 16 op, 5400.00 ns, 337.5000 ns/op
WorkloadPilot    2: 740752 op, 115226900.00 ns, 155.5540 ns/op
WorkloadPilot    3: 1607168 op, 7559300.00 ns, 4.7035 ns/op
WorkloadPilot    4: 53152016 op, 240594500.00 ns, 4.5265 ns/op
WorkloadPilot    5: 55229888 op, 252218600.00 ns, 4.5667 ns/op
WorkloadPilot    6: 54744080 op, 244870000.00 ns, 4.4730 ns/op
WorkloadPilot    7: 55890976 op, 255095300.00 ns, 4.5642 ns/op
WorkloadPilot    8: 54774608 op, 248902700.00 ns, 4.5441 ns/op
WorkloadPilot    9: 55016096 op, 250236200.00 ns, 4.5484 ns/op

OverheadWarmup   1: 55016096 op, 139519400.00 ns, 2.5360 ns/op
OverheadWarmup   2: 55016096 op, 114274200.00 ns, 2.0771 ns/op
OverheadWarmup   3: 55016096 op, 84973200.00 ns, 1.5445 ns/op
OverheadWarmup   4: 55016096 op, 85908200.00 ns, 1.5615 ns/op
OverheadWarmup   5: 55016096 op, 97451500.00 ns, 1.7713 ns/op
OverheadWarmup   6: 55016096 op, 86194400.00 ns, 1.5667 ns/op
OverheadWarmup   7: 55016096 op, 85931700.00 ns, 1.5619 ns/op
OverheadWarmup   8: 55016096 op, 85174400.00 ns, 1.5482 ns/op
OverheadWarmup   9: 55016096 op, 86570100.00 ns, 1.5735 ns/op
OverheadWarmup  10: 55016096 op, 86254700.00 ns, 1.5678 ns/op

OverheadActual   1: 55016096 op, 85471300.00 ns, 1.5536 ns/op
OverheadActual   2: 55016096 op, 85498400.00 ns, 1.5541 ns/op
OverheadActual   3: 55016096 op, 85269200.00 ns, 1.5499 ns/op
OverheadActual   4: 55016096 op, 85169000.00 ns, 1.5481 ns/op
OverheadActual   5: 55016096 op, 85190700.00 ns, 1.5485 ns/op
OverheadActual   6: 55016096 op, 87290400.00 ns, 1.5866 ns/op
OverheadActual   7: 55016096 op, 85642200.00 ns, 1.5567 ns/op
OverheadActual   8: 55016096 op, 85021700.00 ns, 1.5454 ns/op
OverheadActual   9: 55016096 op, 86928400.00 ns, 1.5801 ns/op
OverheadActual  10: 55016096 op, 84833700.00 ns, 1.5420 ns/op
OverheadActual  11: 55016096 op, 86530100.00 ns, 1.5728 ns/op
OverheadActual  12: 55016096 op, 84457900.00 ns, 1.5351 ns/op
OverheadActual  13: 55016096 op, 84953000.00 ns, 1.5441 ns/op
OverheadActual  14: 55016096 op, 86228400.00 ns, 1.5673 ns/op
OverheadActual  15: 55016096 op, 84712400.00 ns, 1.5398 ns/op

WorkloadWarmup   1: 55016096 op, 249149700.00 ns, 4.5287 ns/op
WorkloadWarmup   2: 55016096 op, 248528000.00 ns, 4.5174 ns/op
WorkloadWarmup   3: 55016096 op, 249869600.00 ns, 4.5418 ns/op
WorkloadWarmup   4: 55016096 op, 248606500.00 ns, 4.5188 ns/op
WorkloadWarmup   5: 55016096 op, 248088000.00 ns, 4.5094 ns/op
WorkloadWarmup   6: 55016096 op, 249000300.00 ns, 4.5260 ns/op
WorkloadWarmup   7: 55016096 op, 249268100.00 ns, 4.5308 ns/op
WorkloadWarmup   8: 55016096 op, 247123500.00 ns, 4.4918 ns/op

// BeforeActualRun
WorkloadActual   1: 55016096 op, 250647000.00 ns, 4.5559 ns/op
WorkloadActual   2: 55016096 op, 247284400.00 ns, 4.4948 ns/op
WorkloadActual   3: 55016096 op, 247611900.00 ns, 4.5007 ns/op
WorkloadActual   4: 55016096 op, 250070400.00 ns, 4.5454 ns/op
WorkloadActual   5: 55016096 op, 245395600.00 ns, 4.4604 ns/op
WorkloadActual   6: 55016096 op, 248542600.00 ns, 4.5176 ns/op
WorkloadActual   7: 55016096 op, 248554800.00 ns, 4.5179 ns/op
WorkloadActual   8: 55016096 op, 251925000.00 ns, 4.5791 ns/op
WorkloadActual   9: 55016096 op, 254305400.00 ns, 4.6224 ns/op
WorkloadActual  10: 55016096 op, 264412300.00 ns, 4.8061 ns/op
WorkloadActual  11: 55016096 op, 270279800.00 ns, 4.9127 ns/op
WorkloadActual  12: 55016096 op, 255302800.00 ns, 4.6405 ns/op
WorkloadActual  13: 55016096 op, 260527000.00 ns, 4.7355 ns/op
WorkloadActual  14: 55016096 op, 255688600.00 ns, 4.6475 ns/op
WorkloadActual  15: 55016096 op, 285101300.00 ns, 5.1821 ns/op
WorkloadActual  16: 55016096 op, 256473600.00 ns, 4.6618 ns/op
WorkloadActual  17: 55016096 op, 249393700.00 ns, 4.5331 ns/op
WorkloadActual  18: 55016096 op, 251140100.00 ns, 4.5648 ns/op
WorkloadActual  19: 55016096 op, 249135900.00 ns, 4.5284 ns/op

// AfterActualRun
WorkloadResult   1: 55016096 op, 165377800.00 ns, 3.0060 ns/op
WorkloadResult   2: 55016096 op, 162015200.00 ns, 2.9449 ns/op
WorkloadResult   3: 55016096 op, 162342700.00 ns, 2.9508 ns/op
WorkloadResult   4: 55016096 op, 164801200.00 ns, 2.9955 ns/op
WorkloadResult   5: 55016096 op, 160126400.00 ns, 2.9105 ns/op
WorkloadResult   6: 55016096 op, 163273400.00 ns, 2.9677 ns/op
WorkloadResult   7: 55016096 op, 163285600.00 ns, 2.9680 ns/op
WorkloadResult   8: 55016096 op, 166655800.00 ns, 3.0292 ns/op
WorkloadResult   9: 55016096 op, 169036200.00 ns, 3.0725 ns/op
WorkloadResult  10: 55016096 op, 179143100.00 ns, 3.2562 ns/op
WorkloadResult  11: 55016096 op, 170033600.00 ns, 3.0906 ns/op
WorkloadResult  12: 55016096 op, 175257800.00 ns, 3.1856 ns/op
WorkloadResult  13: 55016096 op, 170419400.00 ns, 3.0976 ns/op
WorkloadResult  14: 55016096 op, 171204400.00 ns, 3.1119 ns/op
WorkloadResult  15: 55016096 op, 164124500.00 ns, 2.9832 ns/op
WorkloadResult  16: 55016096 op, 165870900.00 ns, 3.0150 ns/op
WorkloadResult  17: 55016096 op, 163866700.00 ns, 2.9785 ns/op
// GC:  0 0 0 0 55016096
// Threading:  0 0 55016096

// AfterAll
// Benchmark Process 19436 has exited with code 0.

Mean = 3.033 ns, StdErr = 0.022 ns (0.73%), N = 17, StdDev = 0.092 ns
Min = 2.911 ns, Q1 = 2.968 ns, Median = 3.006 ns, Q3 = 3.091 ns, Max = 3.256 ns
IQR = 0.123 ns, LowerFence = 2.784 ns, UpperFence = 3.275 ns
ConfidenceInterval = [2.944 ns; 3.122 ns] (CI 99.9%), Margin = 0.089 ns (2.94% of Mean)
Skewness = 0.89, Kurtosis = 2.9, MValue = 2

// ** Remained 1 (7.7%) benchmark(s) to run. Estimated finish 2026-02-22 16:49 (0h 0m from now) **
Setup power plan (GUID: 8c5e7fda-e8bf-4a96-9a85-a6e23a8c635c FriendlyName: High performance)
// **************************
// Benchmark: Scenario1.S1_ReturnVoidSuccess_EnumerationsOptions: .NET 10.0(Runtime=.NET 10.0, IterationTime=250ms) [Iterations=10]
// *** Execute ***
// Launch: 1 / 1
// Execute: dotnet Enumerations.Options.Benchmarks-1.dll --anonymousPipes 1848 1776 --benchmarkName "ReillyDigital.Enumerations.Options.Benchmarks.Scenarios.Scenario1.S1_ReturnVoidSuccess_EnumerationsOptions(Iterations: 10)" --job ".NET 10.0" --benchmarkId 12 in D:\x\devs\reilly-digital\dotnet\enumerations.options.benchmarks\bin\Debug\net10.0\Enumerations.Options.Benchmarks-1\bin\Release\net10.0
// BeforeAnythingElse

// Benchmark Process Environment Information:
// BenchmarkDotNet v0.15.8
// Runtime=.NET 10.0.3 (10.0.3, 10.0.326.7603), X64 RyuJIT x86-64-v3
// GC=Concurrent Workstation
// HardwareIntrinsics=AVX2+BMI1+BMI2+F16C+FMA+LZCNT+MOVBE,AVX,SSE3+SSSE3+SSE4.1+SSE4.2+POPCNT,X86Base+SSE+SSE2,AES+PCLMUL VectorSize=256
// Job: .NET 10.0(IterationTime=250ms)

OverheadJitting  1: 1 op, 198000.00 ns, 198.0000 us/op
WorkloadJitting  1: 1 op, 1334000.00 ns, 1.3340 ms/op

OverheadJitting  2: 16 op, 409400.00 ns, 25.5875 us/op
WorkloadJitting  2: 16 op, 216200.00 ns, 13.5125 us/op

WorkloadPilot    1: 16 op, 5500.00 ns, 343.7500 ns/op
WorkloadPilot    2: 727280 op, 198520500.00 ns, 272.9630 ns/op
WorkloadPilot    3: 915888 op, 4646400.00 ns, 5.0731 ns/op
WorkloadPilot    4: 49279456 op, 253704100.00 ns, 5.1483 ns/op
WorkloadPilot    5: 48559984 op, 235510500.00 ns, 4.8499 ns/op
WorkloadPilot    6: 51547584 op, 243531500.00 ns, 4.7244 ns/op
WorkloadPilot    7: 52916752 op, 252512600.00 ns, 4.7719 ns/op
WorkloadPilot    8: 52390224 op, 272284000.00 ns, 5.1972 ns/op

OverheadWarmup   1: 52390224 op, 146954100.00 ns, 2.8050 ns/op
OverheadWarmup   2: 52390224 op, 113847300.00 ns, 2.1731 ns/op
OverheadWarmup   3: 52390224 op, 85922000.00 ns, 1.6400 ns/op
OverheadWarmup   4: 52390224 op, 88126900.00 ns, 1.6821 ns/op
OverheadWarmup   5: 52390224 op, 81508100.00 ns, 1.5558 ns/op
OverheadWarmup   6: 52390224 op, 87633700.00 ns, 1.6727 ns/op
OverheadWarmup   7: 52390224 op, 88296900.00 ns, 1.6854 ns/op
OverheadWarmup   8: 52390224 op, 86532200.00 ns, 1.6517 ns/op

OverheadActual   1: 52390224 op, 87357300.00 ns, 1.6674 ns/op
OverheadActual   2: 52390224 op, 89896500.00 ns, 1.7159 ns/op
OverheadActual   3: 52390224 op, 80856600.00 ns, 1.5434 ns/op
OverheadActual   4: 52390224 op, 90128900.00 ns, 1.7203 ns/op
OverheadActual   5: 52390224 op, 91303500.00 ns, 1.7428 ns/op
OverheadActual   6: 52390224 op, 89594400.00 ns, 1.7101 ns/op
OverheadActual   7: 52390224 op, 88628700.00 ns, 1.6917 ns/op
OverheadActual   8: 52390224 op, 89713800.00 ns, 1.7124 ns/op
OverheadActual   9: 52390224 op, 84426500.00 ns, 1.6115 ns/op
OverheadActual  10: 52390224 op, 82364400.00 ns, 1.5721 ns/op
OverheadActual  11: 52390224 op, 85827300.00 ns, 1.6382 ns/op
OverheadActual  12: 52390224 op, 81209000.00 ns, 1.5501 ns/op
OverheadActual  13: 52390224 op, 80431000.00 ns, 1.5352 ns/op
OverheadActual  14: 52390224 op, 85112400.00 ns, 1.6246 ns/op
OverheadActual  15: 52390224 op, 80336800.00 ns, 1.5334 ns/op

WorkloadWarmup   1: 52390224 op, 255950200.00 ns, 4.8855 ns/op
WorkloadWarmup   2: 52390224 op, 250558600.00 ns, 4.7825 ns/op
WorkloadWarmup   3: 52390224 op, 261259100.00 ns, 4.9868 ns/op
WorkloadWarmup   4: 52390224 op, 260262600.00 ns, 4.9678 ns/op
WorkloadWarmup   5: 52390224 op, 252753500.00 ns, 4.8244 ns/op
WorkloadWarmup   6: 52390224 op, 250785500.00 ns, 4.7869 ns/op
WorkloadWarmup   7: 52390224 op, 251821600.00 ns, 4.8067 ns/op
WorkloadWarmup   8: 52390224 op, 244815300.00 ns, 4.6729 ns/op

// BeforeActualRun
WorkloadActual   1: 52390224 op, 246289100.00 ns, 4.7011 ns/op
WorkloadActual   2: 52390224 op, 246774600.00 ns, 4.7103 ns/op
WorkloadActual   3: 52390224 op, 244726800.00 ns, 4.6712 ns/op
WorkloadActual   4: 52390224 op, 248052400.00 ns, 4.7347 ns/op
WorkloadActual   5: 52390224 op, 246871700.00 ns, 4.7122 ns/op
WorkloadActual   6: 52390224 op, 248972100.00 ns, 4.7523 ns/op
WorkloadActual   7: 52390224 op, 247229400.00 ns, 4.7190 ns/op
WorkloadActual   8: 52390224 op, 244065500.00 ns, 4.6586 ns/op
WorkloadActual   9: 52390224 op, 241594500.00 ns, 4.6114 ns/op
WorkloadActual  10: 52390224 op, 245466600.00 ns, 4.6854 ns/op
WorkloadActual  11: 52390224 op, 247209400.00 ns, 4.7186 ns/op
WorkloadActual  12: 52390224 op, 245579100.00 ns, 4.6875 ns/op
WorkloadActual  13: 52390224 op, 246138000.00 ns, 4.6982 ns/op
WorkloadActual  14: 52390224 op, 244617300.00 ns, 4.6691 ns/op
WorkloadActual  15: 52390224 op, 246908400.00 ns, 4.7129 ns/op

// AfterActualRun
WorkloadResult   1: 52390224 op, 160461800.00 ns, 3.0628 ns/op
WorkloadResult   2: 52390224 op, 160947300.00 ns, 3.0721 ns/op
WorkloadResult   3: 52390224 op, 158899500.00 ns, 3.0330 ns/op
WorkloadResult   4: 52390224 op, 162225100.00 ns, 3.0965 ns/op
WorkloadResult   5: 52390224 op, 161044400.00 ns, 3.0739 ns/op
WorkloadResult   6: 52390224 op, 163144800.00 ns, 3.1140 ns/op
WorkloadResult   7: 52390224 op, 161402100.00 ns, 3.0808 ns/op
WorkloadResult   8: 52390224 op, 158238200.00 ns, 3.0204 ns/op
WorkloadResult   9: 52390224 op, 155767200.00 ns, 2.9732 ns/op
WorkloadResult  10: 52390224 op, 159639300.00 ns, 3.0471 ns/op
WorkloadResult  11: 52390224 op, 161382100.00 ns, 3.0804 ns/op
WorkloadResult  12: 52390224 op, 159751800.00 ns, 3.0493 ns/op
WorkloadResult  13: 52390224 op, 160310700.00 ns, 3.0599 ns/op
WorkloadResult  14: 52390224 op, 158790000.00 ns, 3.0309 ns/op
WorkloadResult  15: 52390224 op, 161081100.00 ns, 3.0746 ns/op
// GC:  0 0 0 0 52390224
// Threading:  0 0 52390224

// AfterAll
// Benchmark Process 17836 has exited with code 0.

Mean = 3.058 ns, StdErr = 0.009 ns (0.29%), N = 15, StdDev = 0.034 ns
Min = 2.973 ns, Q1 = 3.040 ns, Median = 3.063 ns, Q3 = 3.078 ns, Max = 3.114 ns
IQR = 0.037 ns, LowerFence = 2.984 ns, UpperFence = 3.134 ns
ConfidenceInterval = [3.021 ns; 3.095 ns] (CI 99.9%), Margin = 0.037 ns (1.20% of Mean)
Skewness = -0.7, Kurtosis = 3.21, MValue = 2

// ** Remained 0 (0.0%) benchmark(s) to run. Estimated finish 2026-02-22 16:49 (0h 0m from now) **
Successfully reverted power plan (GUID: 381b4222-f694-41f0-9685-ff5bb260df2e FriendlyName: Balanced)
// ***** BenchmarkRunner: Finish  *****

// * Export *
  BenchmarkDotNet.Artifacts\results\ReillyDigital.Enumerations.Options.Benchmarks.Scenarios.Scenario1-report.csv
  BenchmarkDotNet.Artifacts\results\ReillyDigital.Enumerations.Options.Benchmarks.Scenarios.Scenario1-report-github.md
  BenchmarkDotNet.Artifacts\results\ReillyDigital.Enumerations.Options.Benchmarks.Scenarios.Scenario1-report.html

// * Detailed results *
Scenario1.S1_CheckOptionStringErrorNoMessage_EnumerationsOptions: .NET 10.0(Runtime=.NET 10.0, IterationTime=250ms) [Iterations=10]
Runtime = .NET 10.0.3 (10.0.3, 10.0.326.7603), X64 RyuJIT x86-64-v3; GC = Concurrent Workstation
Mean = 2.561 ns, StdErr = 0.003 ns (0.10%), N = 14, StdDev = 0.010 ns
Min = 2.549 ns, Q1 = 2.554 ns, Median = 2.558 ns, Q3 = 2.564 ns, Max = 2.580 ns
IQR = 0.010 ns, LowerFence = 2.538 ns, UpperFence = 2.579 ns
ConfidenceInterval = [2.549 ns; 2.572 ns] (CI 99.9%), Margin = 0.011 ns (0.44% of Mean)
Skewness = 0.71, Kurtosis = 2.1, MValue = 2
-------------------- Histogram --------------------
[2.544 ns ; 2.586 ns) | @@@@@@@@@@@@@@
---------------------------------------------------

Scenario1.S1_CheckOptionStringErrorWithMessage_EnumerationsOptions: .NET 10.0(Runtime=.NET 10.0, IterationTime=250ms) [Iterations=10]
Runtime = .NET 10.0.3 (10.0.3, 10.0.326.7603), X64 RyuJIT x86-64-v3; GC = Concurrent Workstation
Mean = 3.531 ns, StdErr = 0.017 ns (0.47%), N = 14, StdDev = 0.062 ns
Min = 3.410 ns, Q1 = 3.496 ns, Median = 3.547 ns, Q3 = 3.581 ns, Max = 3.606 ns
IQR = 0.086 ns, LowerFence = 3.367 ns, UpperFence = 3.710 ns
ConfidenceInterval = [3.461 ns; 3.602 ns] (CI 99.9%), Margin = 0.070 ns (1.99% of Mean)
Skewness = -0.63, Kurtosis = 1.93, MValue = 2
-------------------- Histogram --------------------
[3.396 ns ; 3.609 ns) | @@@@@@@@@@@@@@
---------------------------------------------------

Scenario1.S1_CheckOptionStringSuccess_EnumerationsOptions: .NET 10.0(Runtime=.NET 10.0, IterationTime=250ms) [Iterations=10]
Runtime = .NET 10.0.3 (10.0.3, 10.0.326.7603), X64 RyuJIT x86-64-v3; GC = Concurrent Workstation
Mean = 3.418 ns, StdErr = 0.018 ns (0.52%), N = 13, StdDev = 0.064 ns
Min = 3.301 ns, Q1 = 3.362 ns, Median = 3.424 ns, Q3 = 3.474 ns, Max = 3.503 ns
IQR = 0.111 ns, LowerFence = 3.196 ns, UpperFence = 3.640 ns
ConfidenceInterval = [3.341 ns; 3.494 ns] (CI 99.9%), Margin = 0.077 ns (2.24% of Mean)
Skewness = -0.25, Kurtosis = 1.66, MValue = 2
-------------------- Histogram --------------------
[3.265 ns ; 3.342 ns) | @
[3.342 ns ; 3.437 ns) | @@@@@@
[3.437 ns ; 3.509 ns) | @@@@@@
---------------------------------------------------

Scenario1.S1_CheckVoidErrorNoMessage_EnumerationsOptions: .NET 10.0(Runtime=.NET 10.0, IterationTime=250ms) [Iterations=10]
Runtime = .NET 10.0.3 (10.0.3, 10.0.326.7603), X64 RyuJIT x86-64-v3; GC = Concurrent Workstation
Mean = 3.047 ns, StdErr = 0.025 ns (0.83%), N = 34, StdDev = 0.147 ns
Min = 2.870 ns, Q1 = 2.936 ns, Median = 2.986 ns, Q3 = 3.151 ns, Max = 3.365 ns
IQR = 0.215 ns, LowerFence = 2.614 ns, UpperFence = 3.473 ns
ConfidenceInterval = [2.957 ns; 3.138 ns] (CI 99.9%), Margin = 0.091 ns (2.98% of Mean)
Skewness = 0.82, Kurtosis = 2.21, MValue = 2.19
-------------------- Histogram --------------------
[2.811 ns ; 2.895 ns) | @
[2.895 ns ; 3.046 ns) | @@@@@@@@@@@@@@@@@@@@@
[3.046 ns ; 3.188 ns) | @@@@
[3.188 ns ; 3.306 ns) | @@@@@@
[3.306 ns ; 3.425 ns) | @@
---------------------------------------------------

Scenario1.S1_CheckVoidErrorWithMessage_EnumerationsOptions: .NET 10.0(Runtime=.NET 10.0, IterationTime=250ms) [Iterations=10]
Runtime = .NET 10.0.3 (10.0.3, 10.0.326.7603), X64 RyuJIT x86-64-v3; GC = Concurrent Workstation
Mean = 3.129 ns, StdErr = 0.026 ns (0.82%), N = 33, StdDev = 0.147 ns
Min = 2.878 ns, Q1 = 3.026 ns, Median = 3.099 ns, Q3 = 3.207 ns, Max = 3.457 ns
IQR = 0.181 ns, LowerFence = 2.755 ns, UpperFence = 3.478 ns
ConfidenceInterval = [3.036 ns; 3.222 ns] (CI 99.9%), Margin = 0.093 ns (2.97% of Mean)
Skewness = 0.6, Kurtosis = 2.6, MValue = 2
-------------------- Histogram --------------------
[2.817 ns ; 2.913 ns) | @
[2.913 ns ; 3.044 ns) | @@@@@@@@
[3.044 ns ; 3.164 ns) | @@@@@@@@@@@@@@@
[3.164 ns ; 3.318 ns) | @@@@@
[3.318 ns ; 3.472 ns) | @@@@
---------------------------------------------------

Scenario1.S1_CheckVoidSuccess_EnumerationsOptions: .NET 10.0(Runtime=.NET 10.0, IterationTime=250ms) [Iterations=10]
Runtime = .NET 10.0.3 (10.0.3, 10.0.326.7603), X64 RyuJIT x86-64-v3; GC = Concurrent Workstation
Mean = 2.688 ns, StdErr = 0.009 ns (0.34%), N = 15, StdDev = 0.035 ns
Min = 2.617 ns, Q1 = 2.665 ns, Median = 2.685 ns, Q3 = 2.715 ns, Max = 2.744 ns
IQR = 0.050 ns, LowerFence = 2.589 ns, UpperFence = 2.791 ns
ConfidenceInterval = [2.650 ns; 2.726 ns] (CI 99.9%), Margin = 0.038 ns (1.41% of Mean)
Skewness = 0.02, Kurtosis = 2.12, MValue = 2
-------------------- Histogram --------------------
[2.598 ns ; 2.699 ns) | @@@@@@@@@@
[2.699 ns ; 2.763 ns) | @@@@@
---------------------------------------------------

Scenario1.S1_ReturnOptionStringErrorNoMessage_EnumerationsOptions: .NET 10.0(Runtime=.NET 10.0, IterationTime=250ms) [Iterations=10]
Runtime = .NET 10.0.3 (10.0.3, 10.0.326.7603), X64 RyuJIT x86-64-v3; GC = Concurrent Workstation
Mean = 3.107 ns, StdErr = 0.006 ns (0.20%), N = 13, StdDev = 0.022 ns
Min = 3.082 ns, Q1 = 3.092 ns, Median = 3.101 ns, Q3 = 3.112 ns, Max = 3.152 ns
IQR = 0.020 ns, LowerFence = 3.062 ns, UpperFence = 3.143 ns
ConfidenceInterval = [3.081 ns; 3.133 ns] (CI 99.9%), Margin = 0.026 ns (0.85% of Mean)
Skewness = 0.78, Kurtosis = 2.17, MValue = 2
-------------------- Histogram --------------------
[3.069 ns ; 3.164 ns) | @@@@@@@@@@@@@
---------------------------------------------------

Scenario1.S1_ReturnOptionStringErrorWithMessage_EnumerationsOptions: .NET 10.0(Runtime=.NET 10.0, IterationTime=250ms) [Iterations=10]
Runtime = .NET 10.0.3 (10.0.3, 10.0.326.7603), X64 RyuJIT x86-64-v3; GC = Concurrent Workstation
Mean = 3.386 ns, StdErr = 0.027 ns (0.81%), N = 35, StdDev = 0.161 ns
Min = 3.090 ns, Q1 = 3.296 ns, Median = 3.337 ns, Q3 = 3.489 ns, Max = 3.735 ns
IQR = 0.193 ns, LowerFence = 3.007 ns, UpperFence = 3.778 ns
ConfidenceInterval = [3.288 ns; 3.484 ns] (CI 99.9%), Margin = 0.098 ns (2.90% of Mean)
Skewness = 0.69, Kurtosis = 2.76, MValue = 2.56
-------------------- Histogram --------------------
[3.025 ns ; 3.126 ns) | @
[3.126 ns ; 3.255 ns) | @@@@
[3.255 ns ; 3.384 ns) | @@@@@@@@@@@@@@@@@@
[3.384 ns ; 3.526 ns) | @@@@@@@
[3.526 ns ; 3.620 ns) | 
[3.620 ns ; 3.749 ns) | @@@@@
---------------------------------------------------

Scenario1.S1_ReturnOptionStringNone_EnumerationsOptions: .NET 10.0(Runtime=.NET 10.0, IterationTime=250ms) [Iterations=10]
Runtime = .NET 10.0.3 (10.0.3, 10.0.326.7603), X64 RyuJIT x86-64-v3; GC = Concurrent Workstation
Mean = 2.935 ns, StdErr = 0.012 ns (0.42%), N = 18, StdDev = 0.053 ns
Min = 2.877 ns, Q1 = 2.905 ns, Median = 2.921 ns, Q3 = 2.960 ns, Max = 3.107 ns
IQR = 0.055 ns, LowerFence = 2.822 ns, UpperFence = 3.042 ns
ConfidenceInterval = [2.886 ns; 2.985 ns] (CI 99.9%), Margin = 0.049 ns (1.67% of Mean)
Skewness = 1.81, Kurtosis = 6.56, MValue = 2
-------------------- Histogram --------------------
[2.871 ns ; 2.937 ns) | @@@@@@@@@@@
[2.937 ns ; 3.049 ns) | @@@@@@
[3.049 ns ; 3.134 ns) | @
---------------------------------------------------

Scenario1.S1_ReturnOptionStringSuccess_EnumerationsOptions: .NET 10.0(Runtime=.NET 10.0, IterationTime=250ms) [Iterations=10]
Runtime = .NET 10.0.3 (10.0.3, 10.0.326.7603), X64 RyuJIT x86-64-v3; GC = Concurrent Workstation
Mean = 2.909 ns, StdErr = 0.005 ns (0.17%), N = 13, StdDev = 0.018 ns
Min = 2.883 ns, Q1 = 2.902 ns, Median = 2.906 ns, Q3 = 2.917 ns, Max = 2.951 ns
IQR = 0.016 ns, LowerFence = 2.878 ns, UpperFence = 2.941 ns
ConfidenceInterval = [2.887 ns; 2.930 ns] (CI 99.9%), Margin = 0.021 ns (0.74% of Mean)
Skewness = 0.7, Kurtosis = 3.04, MValue = 2
-------------------- Histogram --------------------
[2.881 ns ; 2.961 ns) | @@@@@@@@@@@@@
---------------------------------------------------

Scenario1.S1_ReturnVoidErrorNoMessage_EnumerationsOptions: .NET 10.0(Runtime=.NET 10.0, IterationTime=250ms) [Iterations=10]
Runtime = .NET 10.0.3 (10.0.3, 10.0.326.7603), X64 RyuJIT x86-64-v3; GC = Concurrent Workstation
Mean = 3.402 ns, StdErr = 0.025 ns (0.74%), N = 24, StdDev = 0.123 ns
Min = 3.187 ns, Q1 = 3.340 ns, Median = 3.398 ns, Q3 = 3.472 ns, Max = 3.724 ns
IQR = 0.132 ns, LowerFence = 3.142 ns, UpperFence = 3.670 ns
ConfidenceInterval = [3.307 ns; 3.497 ns] (CI 99.9%), Margin = 0.095 ns (2.79% of Mean)
Skewness = 0.43, Kurtosis = 3.1, MValue = 2.18
-------------------- Histogram --------------------
[3.183 ns ; 3.310 ns) | @@@@
[3.310 ns ; 3.423 ns) | @@@@@@@@@@@@
[3.423 ns ; 3.572 ns) | @@@@@@@
[3.572 ns ; 3.667 ns) | 
[3.667 ns ; 3.780 ns) | @
---------------------------------------------------

Scenario1.S1_ReturnVoidErrorWithMessage_EnumerationsOptions: .NET 10.0(Runtime=.NET 10.0, IterationTime=250ms) [Iterations=10]
Runtime = .NET 10.0.3 (10.0.3, 10.0.326.7603), X64 RyuJIT x86-64-v3; GC = Concurrent Workstation
Mean = 3.033 ns, StdErr = 0.022 ns (0.73%), N = 17, StdDev = 0.092 ns
Min = 2.911 ns, Q1 = 2.968 ns, Median = 3.006 ns, Q3 = 3.091 ns, Max = 3.256 ns
IQR = 0.123 ns, LowerFence = 2.784 ns, UpperFence = 3.275 ns
ConfidenceInterval = [2.944 ns; 3.122 ns] (CI 99.9%), Margin = 0.089 ns (2.94% of Mean)
Skewness = 0.89, Kurtosis = 2.9, MValue = 2
-------------------- Histogram --------------------
[2.864 ns ; 2.940 ns) | @
[2.940 ns ; 3.034 ns) | @@@@@@@@@@
[3.034 ns ; 3.139 ns) | @@@@
[3.139 ns ; 3.268 ns) | @@
---------------------------------------------------

Scenario1.S1_ReturnVoidSuccess_EnumerationsOptions: .NET 10.0(Runtime=.NET 10.0, IterationTime=250ms) [Iterations=10]
Runtime = .NET 10.0.3 (10.0.3, 10.0.326.7603), X64 RyuJIT x86-64-v3; GC = Concurrent Workstation
Mean = 3.058 ns, StdErr = 0.009 ns (0.29%), N = 15, StdDev = 0.034 ns
Min = 2.973 ns, Q1 = 3.040 ns, Median = 3.063 ns, Q3 = 3.078 ns, Max = 3.114 ns
IQR = 0.037 ns, LowerFence = 2.984 ns, UpperFence = 3.134 ns
ConfidenceInterval = [3.021 ns; 3.095 ns] (CI 99.9%), Margin = 0.037 ns (1.20% of Mean)
Skewness = -0.7, Kurtosis = 3.21, MValue = 2
-------------------- Histogram --------------------
[2.955 ns ; 3.033 ns) | @@@@
[3.033 ns ; 3.132 ns) | @@@@@@@@@@@
---------------------------------------------------

// * Summary *

BenchmarkDotNet v0.15.8, Windows 11 (10.0.26200.7840/25H2/2025Update/HudsonValley2)
AMD Ryzen 5 3600 3.59GHz, 1 CPU, 12 logical and 6 physical cores
.NET SDK 10.0.103
  [Host]    : .NET 10.0.3 (10.0.3, 10.0.326.7603), X64 RyuJIT x86-64-v3
  .NET 10.0 : .NET 10.0.3 (10.0.3, 10.0.326.7603), X64 RyuJIT x86-64-v3

Job=.NET 10.0  Runtime=.NET 10.0  IterationTime=250ms  
Iterations=10  

| Method                                                    | Categories                                  | Mean     | Ratio | Allocated | Alloc Ratio |
|---------------------------------------------------------- |-------------------------------------------- |---------:|------:|----------:|------------:|
| S1_CheckOptionStringErrorNoMessage_EnumerationsOptions    | S1: Check Option String Error No Message    | 2.561 ns |  1.00 |         - |          NA |
|                                                           |                                             |          |       |           |             |
| S1_CheckOptionStringErrorWithMessage_EnumerationsOptions  | S1: Check Option String Error With Message  | 3.531 ns |  1.00 |         - |          NA |
|                                                           |                                             |          |       |           |             |
| S1_CheckOptionStringSuccess_EnumerationsOptions           | S1: Check Option String Success             | 3.418 ns |  1.00 |         - |          NA |
|                                                           |                                             |          |       |           |             |
| S1_CheckVoidErrorNoMessage_EnumerationsOptions            | S1: Check Void Error No Message             | 3.047 ns |  1.00 |         - |          NA |
|                                                           |                                             |          |       |           |             |
| S1_CheckVoidErrorWithMessage_EnumerationsOptions          | S1: Check Void Error With Message           | 3.129 ns |  1.00 |         - |          NA |
|                                                           |                                             |          |       |           |             |
| S1_CheckVoidSuccess_EnumerationsOptions                   | S1: Check Void Success                      | 2.688 ns |  1.00 |         - |          NA |
|                                                           |                                             |          |       |           |             |
| S1_ReturnOptionStringErrorNoMessage_EnumerationsOptions   | S1: Return Option String Error No Message   | 3.107 ns |  1.00 |         - |          NA |
|                                                           |                                             |          |       |           |             |
| S1_ReturnOptionStringErrorWithMessage_EnumerationsOptions | S1: Return Option String Error With Message | 3.386 ns |  1.00 |         - |          NA |
|                                                           |                                             |          |       |           |             |
| S1_ReturnOptionStringNone_EnumerationsOptions             | S1: Return Option String None               | 2.935 ns |  1.00 |         - |          NA |
|                                                           |                                             |          |       |           |             |
| S1_ReturnOptionStringSuccess_EnumerationsOptions          | S1: Return Option String Success            | 2.909 ns |  1.00 |         - |          NA |
|                                                           |                                             |          |       |           |             |
| S1_ReturnVoidErrorNoMessage_EnumerationsOptions           | S1: Return Void Error No Message            | 3.402 ns |  1.00 |         - |          NA |
|                                                           |                                             |          |       |           |             |
| S1_ReturnVoidErrorWithMessage_EnumerationsOptions         | S1: Return Void Error With Message          | 3.033 ns |  1.00 |         - |          NA |
|                                                           |                                             |          |       |           |             |
| S1_ReturnVoidSuccess_EnumerationsOptions                  | S1: Return Void Success                     | 3.058 ns |  1.00 |         - |          NA |

// * Hints *
HideColumnsAnalyser
  Summary -> Hidden columns: Iterations, Error, StdDev, RatioSD
Outliers
  Scenario1.S1_CheckOptionStringErrorNoMessage_EnumerationsOptions: .NET 10.0    -> 1 outlier  was  removed (4.42 ns)
  Scenario1.S1_CheckOptionStringErrorWithMessage_EnumerationsOptions: .NET 10.0  -> 1 outlier  was  removed (5.23 ns)
  Scenario1.S1_CheckOptionStringSuccess_EnumerationsOptions: .NET 10.0           -> 2 outliers were removed (5.29 ns, 5.60 ns)
  Scenario1.S1_CheckVoidErrorNoMessage_EnumerationsOptions: .NET 10.0            -> 2 outliers were removed (5.13 ns, 5.35 ns)
  Scenario1.S1_ReturnOptionStringErrorNoMessage_EnumerationsOptions: .NET 10.0   -> 2 outliers were removed (4.95 ns, 5.03 ns)
  Scenario1.S1_ReturnOptionStringErrorWithMessage_EnumerationsOptions: .NET 10.0 -> 2 outliers were removed (5.37 ns, 5.43 ns)
  Scenario1.S1_ReturnOptionStringNone_EnumerationsOptions: .NET 10.0             -> 5 outliers were removed (4.83 ns..5.33 ns)
  Scenario1.S1_ReturnOptionStringSuccess_EnumerationsOptions: .NET 10.0          -> 2 outliers were removed (4.48 ns, 4.48 ns)
  Scenario1.S1_ReturnVoidErrorNoMessage_EnumerationsOptions: .NET 10.0           -> 1 outlier  was  removed (5.30 ns)
  Scenario1.S1_ReturnVoidErrorWithMessage_EnumerationsOptions: .NET 10.0         -> 2 outliers were removed (4.91 ns, 5.18 ns)
  Scenario1.S1_ReturnVoidSuccess_EnumerationsOptions: .NET 10.0                  -> 1 outlier  was  detected (4.61 ns)

// * Legends *
  Categories  : All categories of the corresponded method, class, and assembly
  Mean        : Arithmetic mean of all measurements
  Ratio       : Mean of the ratio distribution ([Current]/[Baseline])
  Allocated   : Allocated memory per single operation (managed only, inclusive, 1KB = 1024B)
  Alloc Ratio : Allocated memory ratio distribution ([Current]/[Baseline])
  1 ns        : 1 Nanosecond (0.000000001 sec)

// * Diagnostic Output - MemoryDiagnoser *


// ***** BenchmarkRunner: End *****
Run time: 00:02:36 (156.03 sec), executed benchmarks: 13

Global total time: 00:02:47 (167.73 sec), executed benchmarks: 13
// * Artifacts cleanup *
Artifacts cleanup is finished
