// Validating benchmarks:
// ***** BenchmarkRunner: Start   *****
// ***** Found 13 benchmark(s) in total *****
// ***** Building 1 exe(s) in Parallel: Start   *****
// start dotnet  restore --nodeReuse:false /p:UseSharedCompilation=false /p:Deterministic=true /p:Optimize=true /p:ArtifactsPath="D:\x\devs\reilly-digital\dotnet\enumerations.options.benchmarks\bin\Debug\net10.0\Enumerations.Options.Benchmarks-1/" /p:OutDir="D:\x\devs\reilly-digital\dotnet\enumerations.options.benchmarks\bin\Debug\net10.0\Enumerations.Options.Benchmarks-1\bin\Release\net10.0/" /p:OutputPath="D:\x\devs\reilly-digital\dotnet\enumerations.options.benchmarks\bin\Debug\net10.0\Enumerations.Options.Benchmarks-1\bin\Release\net10.0/" /p:PublishDir="D:\x\devs\reilly-digital\dotnet\enumerations.options.benchmarks\bin\Debug\net10.0\Enumerations.Options.Benchmarks-1\publish/" in D:\x\devs\reilly-digital\dotnet\enumerations.options.benchmarks\bin\Debug\net10.0\Enumerations.Options.Benchmarks-1
// command took 1.08 sec and exited with 0
// start dotnet  build -c Release --no-restore --nodeReuse:false /p:UseSharedCompilation=false /p:Deterministic=true /p:Optimize=true /p:ArtifactsPath="D:\x\devs\reilly-digital\dotnet\enumerations.options.benchmarks\bin\Debug\net10.0\Enumerations.Options.Benchmarks-1/" /p:OutDir="D:\x\devs\reilly-digital\dotnet\enumerations.options.benchmarks\bin\Debug\net10.0\Enumerations.Options.Benchmarks-1\bin\Release\net10.0/" /p:OutputPath="D:\x\devs\reilly-digital\dotnet\enumerations.options.benchmarks\bin\Debug\net10.0\Enumerations.Options.Benchmarks-1\bin\Release\net10.0/" /p:PublishDir="D:\x\devs\reilly-digital\dotnet\enumerations.options.benchmarks\bin\Debug\net10.0\Enumerations.Options.Benchmarks-1\publish/" --output "D:\x\devs\reilly-digital\dotnet\enumerations.options.benchmarks\bin\Debug\net10.0\Enumerations.Options.Benchmarks-1\bin\Release\net10.0/" in D:\x\devs\reilly-digital\dotnet\enumerations.options.benchmarks\bin\Debug\net10.0\Enumerations.Options.Benchmarks-1
// command took 8.49 sec and exited with 0
// ***** Done, took 00:00:09 (9.63 sec)   *****
// Found 13 benchmarks:
//   Scenario1.S1_CheckOptionStringErrorNoMessage_EnumerationsOptions: .NET 10.0(Runtime=.NET 10.0, IterationTime=100ms) [Iterations=2]
//   Scenario1.S1_CheckOptionStringErrorWithMessage_EnumerationsOptions: .NET 10.0(Runtime=.NET 10.0, IterationTime=100ms) [Iterations=2]
//   Scenario1.S1_CheckOptionStringSuccess_EnumerationsOptions: .NET 10.0(Runtime=.NET 10.0, IterationTime=100ms) [Iterations=2]
//   Scenario1.S1_CheckVoidErrorNoMessage_EnumerationsOptions: .NET 10.0(Runtime=.NET 10.0, IterationTime=100ms) [Iterations=2]
//   Scenario1.S1_CheckVoidErrorWithMessage_EnumerationsOptions: .NET 10.0(Runtime=.NET 10.0, IterationTime=100ms) [Iterations=2]
//   Scenario1.S1_CheckVoidSuccess_EnumerationsOptions: .NET 10.0(Runtime=.NET 10.0, IterationTime=100ms) [Iterations=2]
//   Scenario1.S1_ReturnOptionStringErrorNoMessage_EnumerationsOptions: .NET 10.0(Runtime=.NET 10.0, IterationTime=100ms) [Iterations=2]
//   Scenario1.S1_ReturnOptionStringErrorWithMessage_EnumerationsOptions: .NET 10.0(Runtime=.NET 10.0, IterationTime=100ms) [Iterations=2]
//   Scenario1.S1_ReturnOptionStringNone_EnumerationsOptions: .NET 10.0(Runtime=.NET 10.0, IterationTime=100ms) [Iterations=2]
//   Scenario1.S1_ReturnOptionStringSuccess_EnumerationsOptions: .NET 10.0(Runtime=.NET 10.0, IterationTime=100ms) [Iterations=2]
//   Scenario1.S1_ReturnVoidErrorNoMessage_EnumerationsOptions: .NET 10.0(Runtime=.NET 10.0, IterationTime=100ms) [Iterations=2]
//   Scenario1.S1_ReturnVoidErrorWithMessage_EnumerationsOptions: .NET 10.0(Runtime=.NET 10.0, IterationTime=100ms) [Iterations=2]
//   Scenario1.S1_ReturnVoidSuccess_EnumerationsOptions: .NET 10.0(Runtime=.NET 10.0, IterationTime=100ms) [Iterations=2]

Setup power plan (GUID: 8c5e7fda-e8bf-4a96-9a85-a6e23a8c635c FriendlyName: High performance)
// **************************
// Benchmark: Scenario1.S1_CheckOptionStringErrorNoMessage_EnumerationsOptions: .NET 10.0(Runtime=.NET 10.0, IterationTime=100ms) [Iterations=2]
// *** Execute ***
// Launch: 1 / 1
// Execute: dotnet Enumerations.Options.Benchmarks-1.dll --anonymousPipes 1556 1552 --benchmarkName "ReillyDigital.Enumerations.Options.Benchmarks.Scenarios.Scenario1.S1_CheckOptionStringErrorNoMessage_EnumerationsOptions(Iterations: 2)" --job ".NET 10.0" --benchmarkId 0 in D:\x\devs\reilly-digital\dotnet\enumerations.options.benchmarks\bin\Debug\net10.0\Enumerations.Options.Benchmarks-1\bin\Release\net10.0
// BeforeAnythingElse

// Benchmark Process Environment Information:
// BenchmarkDotNet v0.15.8
// Runtime=.NET 10.0.3 (10.0.3, 10.0.326.7603), X64 RyuJIT x86-64-v3
// GC=Concurrent Workstation
// HardwareIntrinsics=AVX2+BMI1+BMI2+F16C+FMA+LZCNT+MOVBE,AVX,SSE3+SSSE3+SSE4.1+SSE4.2+POPCNT,X86Base+SSE+SSE2,AES+PCLMUL VectorSize=256
// Job: .NET 10.0(IterationTime=100ms)

OverheadJitting  1: 1 op, 111600.00 ns, 111.6000 us/op
WorkloadJitting  1: 1 op, 15325100.00 ns, 15.3251 ms/op

WorkloadPilot    1: 4 op, 2000.00 ns, 500.0000 ns/op
WorkloadPilot    2: 200000 op, 22755200.00 ns, 113.7760 ns/op
WorkloadPilot    3: 878920 op, 82625300.00 ns, 94.0078 ns/op
WorkloadPilot    4: 1063742 op, 89493900.00 ns, 84.1312 ns/op
WorkloadPilot    5: 1188620 op, 2311700.00 ns, 1.9449 ns/op
WorkloadPilot    6: 51417571 op, 104256100.00 ns, 2.0276 ns/op
WorkloadPilot    7: 49318525 op, 99173300.00 ns, 2.0109 ns/op
WorkloadPilot    8: 49729640 op, 100871200.00 ns, 2.0284 ns/op
WorkloadPilot    9: 49300137 op, 101031900.00 ns, 2.0493 ns/op

WorkloadWarmup   1: 49300137 op, 100987700.00 ns, 2.0484 ns/op
WorkloadWarmup   2: 49300137 op, 95473400.00 ns, 1.9366 ns/op
WorkloadWarmup   3: 49300137 op, 94909100.00 ns, 1.9251 ns/op
WorkloadWarmup   4: 49300137 op, 96153100.00 ns, 1.9504 ns/op
WorkloadWarmup   5: 49300137 op, 95767600.00 ns, 1.9425 ns/op
WorkloadWarmup   6: 49300137 op, 95913000.00 ns, 1.9455 ns/op
WorkloadWarmup   7: 49300137 op, 94763800.00 ns, 1.9222 ns/op

// BeforeActualRun
WorkloadActual   1: 49300137 op, 96140700.00 ns, 1.9501 ns/op
WorkloadActual   2: 49300137 op, 95824300.00 ns, 1.9437 ns/op
WorkloadActual   3: 49300137 op, 95871800.00 ns, 1.9447 ns/op
WorkloadActual   4: 49300137 op, 95259700.00 ns, 1.9322 ns/op
WorkloadActual   5: 49300137 op, 96327100.00 ns, 1.9539 ns/op
WorkloadActual   6: 49300137 op, 95769100.00 ns, 1.9426 ns/op
WorkloadActual   7: 49300137 op, 95642000.00 ns, 1.9400 ns/op
WorkloadActual   8: 49300137 op, 94908300.00 ns, 1.9251 ns/op
WorkloadActual   9: 49300137 op, 94708800.00 ns, 1.9211 ns/op
WorkloadActual  10: 49300137 op, 95104600.00 ns, 1.9291 ns/op
WorkloadActual  11: 49300137 op, 94621000.00 ns, 1.9193 ns/op
WorkloadActual  12: 49300137 op, 96022400.00 ns, 1.9477 ns/op
WorkloadActual  13: 49300137 op, 96100600.00 ns, 1.9493 ns/op
WorkloadActual  14: 49300137 op, 99911100.00 ns, 2.0266 ns/op
WorkloadActual  15: 49300137 op, 100642400.00 ns, 2.0414 ns/op

// AfterActualRun
WorkloadResult   1: 49300137 op, 96140700.00 ns, 1.9501 ns/op
WorkloadResult   2: 49300137 op, 95824300.00 ns, 1.9437 ns/op
WorkloadResult   3: 49300137 op, 95871800.00 ns, 1.9447 ns/op
WorkloadResult   4: 49300137 op, 95259700.00 ns, 1.9322 ns/op
WorkloadResult   5: 49300137 op, 96327100.00 ns, 1.9539 ns/op
WorkloadResult   6: 49300137 op, 95769100.00 ns, 1.9426 ns/op
WorkloadResult   7: 49300137 op, 95642000.00 ns, 1.9400 ns/op
WorkloadResult   8: 49300137 op, 94908300.00 ns, 1.9251 ns/op
WorkloadResult   9: 49300137 op, 94708800.00 ns, 1.9211 ns/op
WorkloadResult  10: 49300137 op, 95104600.00 ns, 1.9291 ns/op
WorkloadResult  11: 49300137 op, 94621000.00 ns, 1.9193 ns/op
WorkloadResult  12: 49300137 op, 96022400.00 ns, 1.9477 ns/op
WorkloadResult  13: 49300137 op, 96100600.00 ns, 1.9493 ns/op
// GC:  0 0 0 0 49300137
// Threading:  0 0 49300137

// AfterAll
// Benchmark Process 15892 has exited with code 0.

Mean = 1.938 ns, StdErr = 0.003 ns (0.17%), N = 13, StdDev = 0.012 ns
Min = 1.919 ns, Q1 = 1.929 ns, Median = 1.943 ns, Q3 = 1.948 ns, Max = 1.954 ns
IQR = 0.019 ns, LowerFence = 1.901 ns, UpperFence = 1.976 ns
ConfidenceInterval = [1.924 ns; 1.952 ns] (CI 99.9%), Margin = 0.014 ns (0.72% of Mean)
Skewness = -0.36, Kurtosis = 1.5, MValue = 2

// ** Remained 12 (92.3%) benchmark(s) to run. Estimated finish 2026-02-24 22:42 (0h 0m from now) **
Setup power plan (GUID: 8c5e7fda-e8bf-4a96-9a85-a6e23a8c635c FriendlyName: High performance)
// **************************
// Benchmark: Scenario1.S1_CheckOptionStringErrorWithMessage_EnumerationsOptions: .NET 10.0(Runtime=.NET 10.0, IterationTime=100ms) [Iterations=2]
// *** Execute ***
// Launch: 1 / 1
// Execute: dotnet Enumerations.Options.Benchmarks-1.dll --anonymousPipes 1568 1560 --benchmarkName "ReillyDigital.Enumerations.Options.Benchmarks.Scenarios.Scenario1.S1_CheckOptionStringErrorWithMessage_EnumerationsOptions(Iterations: 2)" --job ".NET 10.0" --benchmarkId 1 in D:\x\devs\reilly-digital\dotnet\enumerations.options.benchmarks\bin\Debug\net10.0\Enumerations.Options.Benchmarks-1\bin\Release\net10.0
// BeforeAnythingElse

// Benchmark Process Environment Information:
// BenchmarkDotNet v0.15.8
// Runtime=.NET 10.0.3 (10.0.3, 10.0.326.7603), X64 RyuJIT x86-64-v3
// GC=Concurrent Workstation
// HardwareIntrinsics=AVX2+BMI1+BMI2+F16C+FMA+LZCNT+MOVBE,AVX,SSE3+SSSE3+SSE4.1+SSE4.2+POPCNT,X86Base+SSE+SSE2,AES+PCLMUL VectorSize=256
// Job: .NET 10.0(IterationTime=100ms)

OverheadJitting  1: 1 op, 106800.00 ns, 106.8000 us/op
WorkloadJitting  1: 1 op, 1666800.00 ns, 1.6668 ms/op

OverheadJitting  2: 16 op, 149600.00 ns, 9.3500 us/op
WorkloadJitting  2: 16 op, 148900.00 ns, 9.3063 us/op

WorkloadPilot    1: 16 op, 1800.00 ns, 112.5000 ns/op
WorkloadPilot    2: 888896 op, 73092800.00 ns, 82.2287 ns/op
WorkloadPilot    3: 1216128 op, 46674500.00 ns, 38.3796 ns/op
WorkloadPilot    4: 2605552 op, 4996400.00 ns, 1.9176 ns/op
WorkloadPilot    5: 52148592 op, 93282500.00 ns, 1.7888 ns/op
WorkloadPilot    6: 55903952 op, 100864800.00 ns, 1.8043 ns/op
WorkloadPilot    7: 55424640 op, 97935800.00 ns, 1.7670 ns/op
WorkloadPilot    8: 56592832 op, 101249600.00 ns, 1.7891 ns/op
WorkloadPilot    9: 55894384 op, 102516700.00 ns, 1.8341 ns/op

OverheadWarmup   1: 55894384 op, 138410700.00 ns, 2.4763 ns/op
OverheadWarmup   2: 55894384 op, 115472400.00 ns, 2.0659 ns/op
OverheadWarmup   3: 55894384 op, 84490800.00 ns, 1.5116 ns/op
OverheadWarmup   4: 55894384 op, 84137800.00 ns, 1.5053 ns/op
OverheadWarmup   5: 55894384 op, 84502200.00 ns, 1.5118 ns/op
OverheadWarmup   6: 55894384 op, 84052500.00 ns, 1.5038 ns/op
OverheadWarmup   7: 55894384 op, 83069700.00 ns, 1.4862 ns/op
OverheadWarmup   8: 55894384 op, 82986500.00 ns, 1.4847 ns/op
OverheadWarmup   9: 55894384 op, 83268800.00 ns, 1.4898 ns/op
OverheadWarmup  10: 55894384 op, 82977500.00 ns, 1.4845 ns/op

OverheadActual   1: 55894384 op, 84349700.00 ns, 1.5091 ns/op
OverheadActual   2: 55894384 op, 84051300.00 ns, 1.5038 ns/op
OverheadActual   3: 55894384 op, 84045700.00 ns, 1.5037 ns/op
OverheadActual   4: 55894384 op, 83546000.00 ns, 1.4947 ns/op
OverheadActual   5: 55894384 op, 82975000.00 ns, 1.4845 ns/op
OverheadActual   6: 55894384 op, 85620500.00 ns, 1.5318 ns/op
OverheadActual   7: 55894384 op, 83982400.00 ns, 1.5025 ns/op
OverheadActual   8: 55894384 op, 83085000.00 ns, 1.4865 ns/op
OverheadActual   9: 55894384 op, 83355700.00 ns, 1.4913 ns/op
OverheadActual  10: 55894384 op, 84275500.00 ns, 1.5078 ns/op
OverheadActual  11: 55894384 op, 84230500.00 ns, 1.5070 ns/op
OverheadActual  12: 55894384 op, 83229800.00 ns, 1.4891 ns/op
OverheadActual  13: 55894384 op, 82999600.00 ns, 1.4849 ns/op
OverheadActual  14: 55894384 op, 82994900.00 ns, 1.4849 ns/op
OverheadActual  15: 55894384 op, 83099700.00 ns, 1.4867 ns/op

WorkloadWarmup   1: 55894384 op, 97318800.00 ns, 1.7411 ns/op
WorkloadWarmup   2: 55894384 op, 96779200.00 ns, 1.7315 ns/op
WorkloadWarmup   3: 55894384 op, 97109000.00 ns, 1.7374 ns/op
WorkloadWarmup   4: 55894384 op, 98867900.00 ns, 1.7688 ns/op
WorkloadWarmup   5: 55894384 op, 100203000.00 ns, 1.7927 ns/op
WorkloadWarmup   6: 55894384 op, 97809300.00 ns, 1.7499 ns/op
WorkloadWarmup   7: 55894384 op, 99073300.00 ns, 1.7725 ns/op
WorkloadWarmup   8: 55894384 op, 96845000.00 ns, 1.7326 ns/op

// BeforeActualRun
WorkloadActual   1: 55894384 op, 100606900.00 ns, 1.7999 ns/op
WorkloadActual   2: 55894384 op, 102455700.00 ns, 1.8330 ns/op
WorkloadActual   3: 55894384 op, 101732100.00 ns, 1.8201 ns/op
WorkloadActual   4: 55894384 op, 101423900.00 ns, 1.8146 ns/op
WorkloadActual   5: 55894384 op, 101308800.00 ns, 1.8125 ns/op
WorkloadActual   6: 55894384 op, 103181800.00 ns, 1.8460 ns/op
WorkloadActual   7: 55894384 op, 100003700.00 ns, 1.7892 ns/op
WorkloadActual   8: 55894384 op, 98954400.00 ns, 1.7704 ns/op
WorkloadActual   9: 55894384 op, 100897200.00 ns, 1.8051 ns/op
WorkloadActual  10: 55894384 op, 101328000.00 ns, 1.8128 ns/op
WorkloadActual  11: 55894384 op, 101996100.00 ns, 1.8248 ns/op
WorkloadActual  12: 55894384 op, 98628300.00 ns, 1.7645 ns/op
WorkloadActual  13: 55894384 op, 98229000.00 ns, 1.7574 ns/op
WorkloadActual  14: 55894384 op, 97493800.00 ns, 1.7443 ns/op
WorkloadActual  15: 55894384 op, 97791000.00 ns, 1.7496 ns/op

// AfterActualRun
WorkloadResult   1: 55894384 op, 17060900.00 ns, 0.3052 ns/op
WorkloadResult   2: 55894384 op, 18909700.00 ns, 0.3383 ns/op
WorkloadResult   3: 55894384 op, 18186100.00 ns, 0.3254 ns/op
WorkloadResult   4: 55894384 op, 17877900.00 ns, 0.3199 ns/op
WorkloadResult   5: 55894384 op, 17762800.00 ns, 0.3178 ns/op
WorkloadResult   6: 55894384 op, 19635800.00 ns, 0.3513 ns/op
WorkloadResult   7: 55894384 op, 16457700.00 ns, 0.2944 ns/op
WorkloadResult   8: 55894384 op, 15408400.00 ns, 0.2757 ns/op
WorkloadResult   9: 55894384 op, 17351200.00 ns, 0.3104 ns/op
WorkloadResult  10: 55894384 op, 17782000.00 ns, 0.3181 ns/op
WorkloadResult  11: 55894384 op, 18450100.00 ns, 0.3301 ns/op
WorkloadResult  12: 55894384 op, 15082300.00 ns, 0.2698 ns/op
WorkloadResult  13: 55894384 op, 14683000.00 ns, 0.2627 ns/op
WorkloadResult  14: 55894384 op, 13947800.00 ns, 0.2495 ns/op
WorkloadResult  15: 55894384 op, 14245000.00 ns, 0.2549 ns/op
// GC:  0 0 0 0 55894384
// Threading:  0 0 55894384

// AfterAll
// Benchmark Process 3952 has exited with code 0.

Mean = 0.302 ns, StdErr = 0.008 ns (2.74%), N = 15, StdDev = 0.032 ns
Min = 0.250 ns, Q1 = 0.273 ns, Median = 0.310 ns, Q3 = 0.323 ns, Max = 0.351 ns
IQR = 0.050 ns, LowerFence = 0.198 ns, UpperFence = 0.397 ns
ConfidenceInterval = [0.267 ns; 0.336 ns] (CI 99.9%), Margin = 0.034 ns (11.33% of Mean)
Skewness = -0.26, Kurtosis = 1.6, MValue = 3

// ** Remained 11 (84.6%) benchmark(s) to run. Estimated finish 2026-02-24 22:42 (0h 0m from now) **
Setup power plan (GUID: 8c5e7fda-e8bf-4a96-9a85-a6e23a8c635c FriendlyName: High performance)
// **************************
// Benchmark: Scenario1.S1_CheckOptionStringSuccess_EnumerationsOptions: .NET 10.0(Runtime=.NET 10.0, IterationTime=100ms) [Iterations=2]
// *** Execute ***
// Launch: 1 / 1
// Execute: dotnet Enumerations.Options.Benchmarks-1.dll --anonymousPipes 1524 1464 --benchmarkName "ReillyDigital.Enumerations.Options.Benchmarks.Scenarios.Scenario1.S1_CheckOptionStringSuccess_EnumerationsOptions(Iterations: 2)" --job ".NET 10.0" --benchmarkId 2 in D:\x\devs\reilly-digital\dotnet\enumerations.options.benchmarks\bin\Debug\net10.0\Enumerations.Options.Benchmarks-1\bin\Release\net10.0
// BeforeAnythingElse

// Benchmark Process Environment Information:
// BenchmarkDotNet v0.15.8
// Runtime=.NET 10.0.3 (10.0.3, 10.0.326.7603), X64 RyuJIT x86-64-v3
// GC=Concurrent Workstation
// HardwareIntrinsics=AVX2+BMI1+BMI2+F16C+FMA+LZCNT+MOVBE,AVX,SSE3+SSSE3+SSE4.1+SSE4.2+POPCNT,X86Base+SSE+SSE2,AES+PCLMUL VectorSize=256
// Job: .NET 10.0(IterationTime=100ms)

OverheadJitting  1: 1 op, 115800.00 ns, 115.8000 us/op
WorkloadJitting  1: 1 op, 1673700.00 ns, 1.6737 ms/op

OverheadJitting  2: 16 op, 181600.00 ns, 11.3500 us/op
WorkloadJitting  2: 16 op, 156600.00 ns, 9.7875 us/op

WorkloadPilot    1: 16 op, 1900.00 ns, 118.7500 ns/op
WorkloadPilot    2: 842112 op, 68581300.00 ns, 81.4396 ns/op
WorkloadPilot    3: 1227904 op, 52993900.00 ns, 43.1580 ns/op
WorkloadPilot    4: 2317072 op, 4797000.00 ns, 2.0703 ns/op
WorkloadPilot    5: 48302528 op, 87774200.00 ns, 1.8172 ns/op
WorkloadPilot    6: 55030448 op, 114173000.00 ns, 2.0747 ns/op
WorkloadPilot    7: 48199184 op, 88816300.00 ns, 1.8427 ns/op
WorkloadPilot    8: 54268400 op, 100651800.00 ns, 1.8547 ns/op
WorkloadPilot    9: 53916976 op, 99289100.00 ns, 1.8415 ns/op
WorkloadPilot   10: 54303024 op, 105135500.00 ns, 1.9361 ns/op

OverheadWarmup   1: 54303024 op, 134681700.00 ns, 2.4802 ns/op
OverheadWarmup   2: 54303024 op, 116210900.00 ns, 2.1400 ns/op
OverheadWarmup   3: 54303024 op, 81030700.00 ns, 1.4922 ns/op
OverheadWarmup   4: 54303024 op, 80731300.00 ns, 1.4867 ns/op
OverheadWarmup   5: 54303024 op, 87672000.00 ns, 1.6145 ns/op
OverheadWarmup   6: 54303024 op, 82335800.00 ns, 1.5162 ns/op
OverheadWarmup   7: 54303024 op, 81160800.00 ns, 1.4946 ns/op
OverheadWarmup   8: 54303024 op, 80866400.00 ns, 1.4892 ns/op
OverheadWarmup   9: 54303024 op, 81744000.00 ns, 1.5053 ns/op
OverheadWarmup  10: 54303024 op, 80687900.00 ns, 1.4859 ns/op

OverheadActual   1: 54303024 op, 80818400.00 ns, 1.4883 ns/op
OverheadActual   2: 54303024 op, 80628200.00 ns, 1.4848 ns/op
OverheadActual   3: 54303024 op, 81751200.00 ns, 1.5055 ns/op
OverheadActual   4: 54303024 op, 81752200.00 ns, 1.5055 ns/op
OverheadActual   5: 54303024 op, 81763200.00 ns, 1.5057 ns/op
OverheadActual   6: 54303024 op, 81799000.00 ns, 1.5063 ns/op
OverheadActual   7: 54303024 op, 81018200.00 ns, 1.4920 ns/op
OverheadActual   8: 54303024 op, 81783200.00 ns, 1.5061 ns/op
OverheadActual   9: 54303024 op, 81682000.00 ns, 1.5042 ns/op
OverheadActual  10: 54303024 op, 80641200.00 ns, 1.4850 ns/op
OverheadActual  11: 54303024 op, 81722500.00 ns, 1.5049 ns/op
OverheadActual  12: 54303024 op, 81946600.00 ns, 1.5091 ns/op
OverheadActual  13: 54303024 op, 81674300.00 ns, 1.5040 ns/op
OverheadActual  14: 54303024 op, 80752000.00 ns, 1.4871 ns/op
OverheadActual  15: 54303024 op, 80791400.00 ns, 1.4878 ns/op

WorkloadWarmup   1: 54303024 op, 104851000.00 ns, 1.9309 ns/op
WorkloadWarmup   2: 54303024 op, 107817400.00 ns, 1.9855 ns/op
WorkloadWarmup   3: 54303024 op, 102357700.00 ns, 1.8849 ns/op
WorkloadWarmup   4: 54303024 op, 105773200.00 ns, 1.9478 ns/op
WorkloadWarmup   5: 54303024 op, 109156600.00 ns, 2.0101 ns/op
WorkloadWarmup   6: 54303024 op, 107777400.00 ns, 1.9847 ns/op

// BeforeActualRun
WorkloadActual   1: 54303024 op, 107776800.00 ns, 1.9847 ns/op
WorkloadActual   2: 54303024 op, 106428300.00 ns, 1.9599 ns/op
WorkloadActual   3: 54303024 op, 108208100.00 ns, 1.9927 ns/op
WorkloadActual   4: 54303024 op, 108037200.00 ns, 1.9895 ns/op
WorkloadActual   5: 54303024 op, 105144700.00 ns, 1.9363 ns/op
WorkloadActual   6: 54303024 op, 105189300.00 ns, 1.9371 ns/op
WorkloadActual   7: 54303024 op, 108306900.00 ns, 1.9945 ns/op
WorkloadActual   8: 54303024 op, 106432000.00 ns, 1.9600 ns/op
WorkloadActual   9: 54303024 op, 105862700.00 ns, 1.9495 ns/op
WorkloadActual  10: 54303024 op, 106811300.00 ns, 1.9669 ns/op
WorkloadActual  11: 54303024 op, 107259600.00 ns, 1.9752 ns/op
WorkloadActual  12: 54303024 op, 104341900.00 ns, 1.9215 ns/op
WorkloadActual  13: 54303024 op, 99380500.00 ns, 1.8301 ns/op
WorkloadActual  14: 54303024 op, 99961800.00 ns, 1.8408 ns/op
WorkloadActual  15: 54303024 op, 99293800.00 ns, 1.8285 ns/op
WorkloadActual  16: 54303024 op, 99908200.00 ns, 1.8398 ns/op
WorkloadActual  17: 54303024 op, 109033100.00 ns, 2.0079 ns/op
WorkloadActual  18: 54303024 op, 99160800.00 ns, 1.8261 ns/op
WorkloadActual  19: 54303024 op, 99346100.00 ns, 1.8295 ns/op
WorkloadActual  20: 54303024 op, 100397900.00 ns, 1.8488 ns/op
WorkloadActual  21: 54303024 op, 99384300.00 ns, 1.8302 ns/op
WorkloadActual  22: 54303024 op, 99934700.00 ns, 1.8403 ns/op
WorkloadActual  23: 54303024 op, 100440000.00 ns, 1.8496 ns/op
WorkloadActual  24: 54303024 op, 101094700.00 ns, 1.8617 ns/op
WorkloadActual  25: 54303024 op, 100853900.00 ns, 1.8572 ns/op
WorkloadActual  26: 54303024 op, 99989000.00 ns, 1.8413 ns/op
WorkloadActual  27: 54303024 op, 100159600.00 ns, 1.8445 ns/op
WorkloadActual  28: 54303024 op, 103740100.00 ns, 1.9104 ns/op
WorkloadActual  29: 54303024 op, 101458400.00 ns, 1.8684 ns/op
WorkloadActual  30: 54303024 op, 101180700.00 ns, 1.8633 ns/op
WorkloadActual  31: 54303024 op, 100834300.00 ns, 1.8569 ns/op
WorkloadActual  32: 54303024 op, 99273800.00 ns, 1.8281 ns/op
WorkloadActual  33: 54303024 op, 100362500.00 ns, 1.8482 ns/op
WorkloadActual  34: 54303024 op, 100846300.00 ns, 1.8571 ns/op
WorkloadActual  35: 54303024 op, 101696100.00 ns, 1.8728 ns/op

// AfterActualRun
WorkloadResult   1: 54303024 op, 26094800.00 ns, 0.4805 ns/op
WorkloadResult   2: 54303024 op, 24746300.00 ns, 0.4557 ns/op
WorkloadResult   3: 54303024 op, 26526100.00 ns, 0.4885 ns/op
WorkloadResult   4: 54303024 op, 26355200.00 ns, 0.4853 ns/op
WorkloadResult   5: 54303024 op, 23462700.00 ns, 0.4321 ns/op
WorkloadResult   6: 54303024 op, 23507300.00 ns, 0.4329 ns/op
WorkloadResult   7: 54303024 op, 26624900.00 ns, 0.4903 ns/op
WorkloadResult   8: 54303024 op, 24750000.00 ns, 0.4558 ns/op
WorkloadResult   9: 54303024 op, 24180700.00 ns, 0.4453 ns/op
WorkloadResult  10: 54303024 op, 25129300.00 ns, 0.4628 ns/op
WorkloadResult  11: 54303024 op, 25577600.00 ns, 0.4710 ns/op
WorkloadResult  12: 54303024 op, 22659900.00 ns, 0.4173 ns/op
WorkloadResult  13: 54303024 op, 17698500.00 ns, 0.3259 ns/op
WorkloadResult  14: 54303024 op, 18279800.00 ns, 0.3366 ns/op
WorkloadResult  15: 54303024 op, 17611800.00 ns, 0.3243 ns/op
WorkloadResult  16: 54303024 op, 18226200.00 ns, 0.3356 ns/op
WorkloadResult  17: 54303024 op, 27351100.00 ns, 0.5037 ns/op
WorkloadResult  18: 54303024 op, 17478800.00 ns, 0.3219 ns/op
WorkloadResult  19: 54303024 op, 17664100.00 ns, 0.3253 ns/op
WorkloadResult  20: 54303024 op, 18715900.00 ns, 0.3447 ns/op
WorkloadResult  21: 54303024 op, 17702300.00 ns, 0.3260 ns/op
WorkloadResult  22: 54303024 op, 18252700.00 ns, 0.3361 ns/op
WorkloadResult  23: 54303024 op, 18758000.00 ns, 0.3454 ns/op
WorkloadResult  24: 54303024 op, 19412700.00 ns, 0.3575 ns/op
WorkloadResult  25: 54303024 op, 19171900.00 ns, 0.3531 ns/op
WorkloadResult  26: 54303024 op, 18307000.00 ns, 0.3371 ns/op
WorkloadResult  27: 54303024 op, 18477600.00 ns, 0.3403 ns/op
WorkloadResult  28: 54303024 op, 22058100.00 ns, 0.4062 ns/op
WorkloadResult  29: 54303024 op, 19776400.00 ns, 0.3642 ns/op
WorkloadResult  30: 54303024 op, 19498700.00 ns, 0.3591 ns/op
WorkloadResult  31: 54303024 op, 19152300.00 ns, 0.3527 ns/op
WorkloadResult  32: 54303024 op, 17591800.00 ns, 0.3240 ns/op
WorkloadResult  33: 54303024 op, 18680500.00 ns, 0.3440 ns/op
WorkloadResult  34: 54303024 op, 19164300.00 ns, 0.3529 ns/op
WorkloadResult  35: 54303024 op, 20014100.00 ns, 0.3686 ns/op
// GC:  0 0 0 0 54303024
// Threading:  0 0 54303024

// AfterAll
// Benchmark Process 2096 has exited with code 0.

Mean = 0.389 ns, StdErr = 0.010 ns (2.70%), N = 35, StdDev = 0.062 ns
Min = 0.322 ns, Q1 = 0.337 ns, Median = 0.357 ns, Q3 = 0.450 ns, Max = 0.504 ns
IQR = 0.114 ns, LowerFence = 0.166 ns, UpperFence = 0.621 ns
ConfidenceInterval = [0.351 ns; 0.426 ns] (CI 99.9%), Margin = 0.038 ns (9.73% of Mean)
Skewness = 0.53, Kurtosis = 1.59, MValue = 2.86

// ** Remained 10 (76.9%) benchmark(s) to run. Estimated finish 2026-02-24 22:42 (0h 0m from now) **
Setup power plan (GUID: 8c5e7fda-e8bf-4a96-9a85-a6e23a8c635c FriendlyName: High performance)
// **************************
// Benchmark: Scenario1.S1_CheckVoidErrorNoMessage_EnumerationsOptions: .NET 10.0(Runtime=.NET 10.0, IterationTime=100ms) [Iterations=2]
// *** Execute ***
// Launch: 1 / 1
// Execute: dotnet Enumerations.Options.Benchmarks-1.dll --anonymousPipes 1628 1600 --benchmarkName "ReillyDigital.Enumerations.Options.Benchmarks.Scenarios.Scenario1.S1_CheckVoidErrorNoMessage_EnumerationsOptions(Iterations: 2)" --job ".NET 10.0" --benchmarkId 3 in D:\x\devs\reilly-digital\dotnet\enumerations.options.benchmarks\bin\Debug\net10.0\Enumerations.Options.Benchmarks-1\bin\Release\net10.0
// BeforeAnythingElse

// Benchmark Process Environment Information:
// BenchmarkDotNet v0.15.8
// Runtime=.NET 10.0.3 (10.0.3, 10.0.326.7603), X64 RyuJIT x86-64-v3
// GC=Concurrent Workstation
// HardwareIntrinsics=AVX2+BMI1+BMI2+F16C+FMA+LZCNT+MOVBE,AVX,SSE3+SSSE3+SSE4.1+SSE4.2+POPCNT,X86Base+SSE+SSE2,AES+PCLMUL VectorSize=256
// Job: .NET 10.0(IterationTime=100ms)

OverheadJitting  1: 1 op, 117700.00 ns, 117.7000 us/op
WorkloadJitting  1: 1 op, 1338100.00 ns, 1.3381 ms/op

OverheadJitting  2: 16 op, 163700.00 ns, 10.2313 us/op
WorkloadJitting  2: 16 op, 224200.00 ns, 14.0125 us/op

WorkloadPilot    1: 16 op, 1900.00 ns, 118.7500 ns/op
WorkloadPilot    2: 842112 op, 68431500.00 ns, 81.2618 ns/op
WorkloadPilot    3: 1230592 op, 68424200.00 ns, 55.6027 ns/op
WorkloadPilot    4: 1798480 op, 3118000.00 ns, 1.7337 ns/op
WorkloadPilot    5: 57680576 op, 101568900.00 ns, 1.7609 ns/op
WorkloadPilot    6: 56789616 op, 100423000.00 ns, 1.7683 ns/op
WorkloadPilot    7: 56550416 op, 100110200.00 ns, 1.7703 ns/op

OverheadWarmup   1: 56550416 op, 142547300.00 ns, 2.5207 ns/op
OverheadWarmup   2: 56550416 op, 116817100.00 ns, 2.0657 ns/op
OverheadWarmup   3: 56550416 op, 85050500.00 ns, 1.5040 ns/op
OverheadWarmup   4: 56550416 op, 84916300.00 ns, 1.5016 ns/op
OverheadWarmup   5: 56550416 op, 86408700.00 ns, 1.5280 ns/op
OverheadWarmup   6: 56550416 op, 84614600.00 ns, 1.4963 ns/op
OverheadWarmup   7: 56550416 op, 85097200.00 ns, 1.5048 ns/op
OverheadWarmup   8: 56550416 op, 84391100.00 ns, 1.4923 ns/op

OverheadActual   1: 56550416 op, 84784300.00 ns, 1.4993 ns/op
OverheadActual   2: 56550416 op, 89559200.00 ns, 1.5837 ns/op
OverheadActual   3: 56550416 op, 88641900.00 ns, 1.5675 ns/op
OverheadActual   4: 56550416 op, 87909200.00 ns, 1.5545 ns/op
OverheadActual   5: 56550416 op, 89122700.00 ns, 1.5760 ns/op
OverheadActual   6: 56550416 op, 88949400.00 ns, 1.5729 ns/op
OverheadActual   7: 56550416 op, 84771400.00 ns, 1.4990 ns/op
OverheadActual   8: 56550416 op, 89620600.00 ns, 1.5848 ns/op
OverheadActual   9: 56550416 op, 89115000.00 ns, 1.5759 ns/op
OverheadActual  10: 56550416 op, 87757300.00 ns, 1.5518 ns/op
OverheadActual  11: 56550416 op, 87607800.00 ns, 1.5492 ns/op
OverheadActual  12: 56550416 op, 84333900.00 ns, 1.4913 ns/op
OverheadActual  13: 56550416 op, 86716800.00 ns, 1.5334 ns/op
OverheadActual  14: 56550416 op, 86154800.00 ns, 1.5235 ns/op
OverheadActual  15: 56550416 op, 88250300.00 ns, 1.5606 ns/op

WorkloadWarmup   1: 56550416 op, 100407500.00 ns, 1.7755 ns/op
WorkloadWarmup   2: 56550416 op, 100560400.00 ns, 1.7782 ns/op
WorkloadWarmup   3: 56550416 op, 100660700.00 ns, 1.7800 ns/op
WorkloadWarmup   4: 56550416 op, 97627800.00 ns, 1.7264 ns/op
WorkloadWarmup   5: 56550416 op, 97536900.00 ns, 1.7248 ns/op
WorkloadWarmup   6: 56550416 op, 97575000.00 ns, 1.7255 ns/op
WorkloadWarmup   7: 56550416 op, 97374300.00 ns, 1.7219 ns/op

// BeforeActualRun
WorkloadActual   1: 56550416 op, 99197900.00 ns, 1.7541 ns/op
WorkloadActual   2: 56550416 op, 98007000.00 ns, 1.7331 ns/op
WorkloadActual   3: 56550416 op, 97471400.00 ns, 1.7236 ns/op
WorkloadActual   4: 56550416 op, 97727800.00 ns, 1.7282 ns/op
WorkloadActual   5: 56550416 op, 97929800.00 ns, 1.7317 ns/op
WorkloadActual   6: 56550416 op, 97554700.00 ns, 1.7251 ns/op
WorkloadActual   7: 56550416 op, 97550400.00 ns, 1.7250 ns/op
WorkloadActual   8: 56550416 op, 98770900.00 ns, 1.7466 ns/op
WorkloadActual   9: 56550416 op, 97443800.00 ns, 1.7231 ns/op
WorkloadActual  10: 56550416 op, 97377900.00 ns, 1.7220 ns/op
WorkloadActual  11: 56550416 op, 98854900.00 ns, 1.7481 ns/op
WorkloadActual  12: 56550416 op, 97513800.00 ns, 1.7244 ns/op
WorkloadActual  13: 56550416 op, 97488800.00 ns, 1.7239 ns/op
WorkloadActual  14: 56550416 op, 97420600.00 ns, 1.7227 ns/op
WorkloadActual  15: 56550416 op, 98742900.00 ns, 1.7461 ns/op

// AfterActualRun
WorkloadResult   1: 56550416 op, 11288700.00 ns, 0.1996 ns/op
WorkloadResult   2: 56550416 op, 10097800.00 ns, 0.1786 ns/op
WorkloadResult   3: 56550416 op, 9562200.00 ns, 0.1691 ns/op
WorkloadResult   4: 56550416 op, 9818600.00 ns, 0.1736 ns/op
WorkloadResult   5: 56550416 op, 10020600.00 ns, 0.1772 ns/op
WorkloadResult   6: 56550416 op, 9645500.00 ns, 0.1706 ns/op
WorkloadResult   7: 56550416 op, 9641200.00 ns, 0.1705 ns/op
WorkloadResult   8: 56550416 op, 10861700.00 ns, 0.1921 ns/op
WorkloadResult   9: 56550416 op, 9534600.00 ns, 0.1686 ns/op
WorkloadResult  10: 56550416 op, 9468700.00 ns, 0.1674 ns/op
WorkloadResult  11: 56550416 op, 10945700.00 ns, 0.1936 ns/op
WorkloadResult  12: 56550416 op, 9604600.00 ns, 0.1698 ns/op
WorkloadResult  13: 56550416 op, 9579600.00 ns, 0.1694 ns/op
WorkloadResult  14: 56550416 op, 9511400.00 ns, 0.1682 ns/op
WorkloadResult  15: 56550416 op, 10833700.00 ns, 0.1916 ns/op
// GC:  0 0 0 0 56550416
// Threading:  0 0 56550416

// AfterAll
// Benchmark Process 11000 has exited with code 0.

Mean = 0.177 ns, StdErr = 0.003 ns (1.62%), N = 15, StdDev = 0.011 ns
Min = 0.167 ns, Q1 = 0.169 ns, Median = 0.171 ns, Q3 = 0.185 ns, Max = 0.200 ns
IQR = 0.016 ns, LowerFence = 0.146 ns, UpperFence = 0.209 ns
ConfidenceInterval = [0.165 ns; 0.189 ns] (CI 99.9%), Margin = 0.012 ns (6.71% of Mean)
Skewness = 0.82, Kurtosis = 1.93, MValue = 2.73

// ** Remained 9 (69.2%) benchmark(s) to run. Estimated finish 2026-02-24 22:42 (0h 0m from now) **
Setup power plan (GUID: 8c5e7fda-e8bf-4a96-9a85-a6e23a8c635c FriendlyName: High performance)
// **************************
// Benchmark: Scenario1.S1_CheckVoidErrorWithMessage_EnumerationsOptions: .NET 10.0(Runtime=.NET 10.0, IterationTime=100ms) [Iterations=2]
// *** Execute ***
// Launch: 1 / 1
// Execute: dotnet Enumerations.Options.Benchmarks-1.dll --anonymousPipes 1596 1580 --benchmarkName "ReillyDigital.Enumerations.Options.Benchmarks.Scenarios.Scenario1.S1_CheckVoidErrorWithMessage_EnumerationsOptions(Iterations: 2)" --job ".NET 10.0" --benchmarkId 4 in D:\x\devs\reilly-digital\dotnet\enumerations.options.benchmarks\bin\Debug\net10.0\Enumerations.Options.Benchmarks-1\bin\Release\net10.0
// BeforeAnythingElse

// Benchmark Process Environment Information:
// BenchmarkDotNet v0.15.8
// Runtime=.NET 10.0.3 (10.0.3, 10.0.326.7603), X64 RyuJIT x86-64-v3
// GC=Concurrent Workstation
// HardwareIntrinsics=AVX2+BMI1+BMI2+F16C+FMA+LZCNT+MOVBE,AVX,SSE3+SSSE3+SSE4.1+SSE4.2+POPCNT,X86Base+SSE+SSE2,AES+PCLMUL VectorSize=256
// Job: .NET 10.0(IterationTime=100ms)

OverheadJitting  1: 1 op, 113800.00 ns, 113.8000 us/op
WorkloadJitting  1: 1 op, 1310900.00 ns, 1.3109 ms/op

OverheadJitting  2: 16 op, 164300.00 ns, 10.2688 us/op
WorkloadJitting  2: 16 op, 285600.00 ns, 17.8500 us/op

WorkloadPilot    1: 16 op, 2000.00 ns, 125.0000 ns/op
WorkloadPilot    2: 800000 op, 65759200.00 ns, 82.1990 ns/op
WorkloadPilot    3: 1216560 op, 49390500.00 ns, 40.5985 ns/op
WorkloadPilot    4: 2463152 op, 4313700.00 ns, 1.7513 ns/op
WorkloadPilot    5: 57100688 op, 101060900.00 ns, 1.7699 ns/op
WorkloadPilot    6: 56501280 op, 99486800.00 ns, 1.7608 ns/op
WorkloadPilot    7: 56792752 op, 98820200.00 ns, 1.7400 ns/op
WorkloadPilot    8: 57470800 op, 100064900.00 ns, 1.7411 ns/op
WorkloadPilot    9: 57433536 op, 101329200.00 ns, 1.7643 ns/op

OverheadWarmup   1: 57433536 op, 143765200.00 ns, 2.5032 ns/op
OverheadWarmup   2: 57433536 op, 114990500.00 ns, 2.0021 ns/op
OverheadWarmup   3: 57433536 op, 88892800.00 ns, 1.5478 ns/op
OverheadWarmup   4: 57433536 op, 89352500.00 ns, 1.5558 ns/op
OverheadWarmup   5: 57433536 op, 88488300.00 ns, 1.5407 ns/op
OverheadWarmup   6: 57433536 op, 88378400.00 ns, 1.5388 ns/op
OverheadWarmup   7: 57433536 op, 89152800.00 ns, 1.5523 ns/op
OverheadWarmup   8: 57433536 op, 88862600.00 ns, 1.5472 ns/op

OverheadActual   1: 57433536 op, 88687600.00 ns, 1.5442 ns/op
OverheadActual   2: 57433536 op, 88256300.00 ns, 1.5367 ns/op
OverheadActual   3: 57433536 op, 88581200.00 ns, 1.5423 ns/op
OverheadActual   4: 57433536 op, 88730300.00 ns, 1.5449 ns/op
OverheadActual   5: 57433536 op, 88645600.00 ns, 1.5434 ns/op
OverheadActual   6: 57433536 op, 86135100.00 ns, 1.4997 ns/op
OverheadActual   7: 57433536 op, 86246300.00 ns, 1.5017 ns/op
OverheadActual   8: 57433536 op, 87191900.00 ns, 1.5181 ns/op
OverheadActual   9: 57433536 op, 88901700.00 ns, 1.5479 ns/op
OverheadActual  10: 57433536 op, 88981900.00 ns, 1.5493 ns/op
OverheadActual  11: 57433536 op, 86389700.00 ns, 1.5042 ns/op
OverheadActual  12: 57433536 op, 88494900.00 ns, 1.5408 ns/op
OverheadActual  13: 57433536 op, 89094300.00 ns, 1.5513 ns/op
OverheadActual  14: 57433536 op, 86784600.00 ns, 1.5110 ns/op
OverheadActual  15: 57433536 op, 88629300.00 ns, 1.5432 ns/op

WorkloadWarmup   1: 57433536 op, 102107900.00 ns, 1.7778 ns/op
WorkloadWarmup   2: 57433536 op, 101277900.00 ns, 1.7634 ns/op
WorkloadWarmup   3: 57433536 op, 99843300.00 ns, 1.7384 ns/op
WorkloadWarmup   4: 57433536 op, 100542300.00 ns, 1.7506 ns/op
WorkloadWarmup   5: 57433536 op, 99688800.00 ns, 1.7357 ns/op
WorkloadWarmup   6: 57433536 op, 100918600.00 ns, 1.7571 ns/op
WorkloadWarmup   7: 57433536 op, 101090700.00 ns, 1.7601 ns/op
WorkloadWarmup   8: 57433536 op, 112688500.00 ns, 1.9621 ns/op
WorkloadWarmup   9: 57433536 op, 100355400.00 ns, 1.7473 ns/op

// BeforeActualRun
WorkloadActual   1: 57433536 op, 102560900.00 ns, 1.7857 ns/op
WorkloadActual   2: 57433536 op, 102668200.00 ns, 1.7876 ns/op
WorkloadActual   3: 57433536 op, 102398100.00 ns, 1.7829 ns/op
WorkloadActual   4: 57433536 op, 101025900.00 ns, 1.7590 ns/op
WorkloadActual   5: 57433536 op, 101200100.00 ns, 1.7620 ns/op
WorkloadActual   6: 57433536 op, 101105700.00 ns, 1.7604 ns/op
WorkloadActual   7: 57433536 op, 101129100.00 ns, 1.7608 ns/op
WorkloadActual   8: 57433536 op, 100364800.00 ns, 1.7475 ns/op
WorkloadActual   9: 57433536 op, 99956600.00 ns, 1.7404 ns/op
WorkloadActual  10: 57433536 op, 101324800.00 ns, 1.7642 ns/op
WorkloadActual  11: 57433536 op, 101253000.00 ns, 1.7630 ns/op
WorkloadActual  12: 57433536 op, 99899400.00 ns, 1.7394 ns/op
WorkloadActual  13: 57433536 op, 100013300.00 ns, 1.7414 ns/op
WorkloadActual  14: 57433536 op, 99986200.00 ns, 1.7409 ns/op
WorkloadActual  15: 57433536 op, 100217800.00 ns, 1.7449 ns/op

// AfterActualRun
WorkloadResult   1: 57433536 op, 13979700.00 ns, 0.2434 ns/op
WorkloadResult   2: 57433536 op, 14087000.00 ns, 0.2453 ns/op
WorkloadResult   3: 57433536 op, 13816900.00 ns, 0.2406 ns/op
WorkloadResult   4: 57433536 op, 12444700.00 ns, 0.2167 ns/op
WorkloadResult   5: 57433536 op, 12618900.00 ns, 0.2197 ns/op
WorkloadResult   6: 57433536 op, 12524500.00 ns, 0.2181 ns/op
WorkloadResult   7: 57433536 op, 12547900.00 ns, 0.2185 ns/op
WorkloadResult   8: 57433536 op, 11783600.00 ns, 0.2052 ns/op
WorkloadResult   9: 57433536 op, 11375400.00 ns, 0.1981 ns/op
WorkloadResult  10: 57433536 op, 12743600.00 ns, 0.2219 ns/op
WorkloadResult  11: 57433536 op, 12671800.00 ns, 0.2206 ns/op
WorkloadResult  12: 57433536 op, 11318200.00 ns, 0.1971 ns/op
WorkloadResult  13: 57433536 op, 11432100.00 ns, 0.1990 ns/op
WorkloadResult  14: 57433536 op, 11405000.00 ns, 0.1986 ns/op
WorkloadResult  15: 57433536 op, 11636600.00 ns, 0.2026 ns/op
// GC:  0 0 0 0 57433536
// Threading:  0 0 57433536

// AfterAll
// Benchmark Process 7228 has exited with code 0.

Mean = 0.216 ns, StdErr = 0.004 ns (1.98%), N = 15, StdDev = 0.017 ns
Min = 0.197 ns, Q1 = 0.201 ns, Median = 0.218 ns, Q3 = 0.221 ns, Max = 0.245 ns
IQR = 0.020 ns, LowerFence = 0.170 ns, UpperFence = 0.252 ns
ConfidenceInterval = [0.199 ns; 0.234 ns] (CI 99.9%), Margin = 0.018 ns (8.20% of Mean)
Skewness = 0.44, Kurtosis = 1.82, MValue = 2.86

// ** Remained 8 (61.5%) benchmark(s) to run. Estimated finish 2026-02-24 22:42 (0h 0m from now) **
Setup power plan (GUID: 8c5e7fda-e8bf-4a96-9a85-a6e23a8c635c FriendlyName: High performance)
// **************************
// Benchmark: Scenario1.S1_CheckVoidSuccess_EnumerationsOptions: .NET 10.0(Runtime=.NET 10.0, IterationTime=100ms) [Iterations=2]
// *** Execute ***
// Launch: 1 / 1
// Execute: dotnet Enumerations.Options.Benchmarks-1.dll --anonymousPipes 1472 664 --benchmarkName "ReillyDigital.Enumerations.Options.Benchmarks.Scenarios.Scenario1.S1_CheckVoidSuccess_EnumerationsOptions(Iterations: 2)" --job ".NET 10.0" --benchmarkId 5 in D:\x\devs\reilly-digital\dotnet\enumerations.options.benchmarks\bin\Debug\net10.0\Enumerations.Options.Benchmarks-1\bin\Release\net10.0
// BeforeAnythingElse

// Benchmark Process Environment Information:
// BenchmarkDotNet v0.15.8
// Runtime=.NET 10.0.3 (10.0.3, 10.0.326.7603), X64 RyuJIT x86-64-v3
// GC=Concurrent Workstation
// HardwareIntrinsics=AVX2+BMI1+BMI2+F16C+FMA+LZCNT+MOVBE,AVX,SSE3+SSSE3+SSE4.1+SSE4.2+POPCNT,X86Base+SSE+SSE2,AES+PCLMUL VectorSize=256
// Job: .NET 10.0(IterationTime=100ms)

OverheadJitting  1: 1 op, 119500.00 ns, 119.5000 us/op
WorkloadJitting  1: 1 op, 1218400.00 ns, 1.2184 ms/op

OverheadJitting  2: 16 op, 147000.00 ns, 9.1875 us/op
WorkloadJitting  2: 16 op, 201900.00 ns, 12.6188 us/op

WorkloadPilot    1: 16 op, 1900.00 ns, 118.7500 ns/op
WorkloadPilot    2: 842112 op, 53123000.00 ns, 63.0831 ns/op
WorkloadPilot    3: 1585216 op, 57112600.00 ns, 36.0283 ns/op
WorkloadPilot    4: 2775600 op, 4943100.00 ns, 1.7809 ns/op
WorkloadPilot    5: 56151008 op, 99266000.00 ns, 1.7678 ns/op
WorkloadPilot    6: 56566208 op, 99456500.00 ns, 1.7582 ns/op
WorkloadPilot    7: 56875328 op, 100096700.00 ns, 1.7599 ns/op
WorkloadPilot    8: 56820384 op, 99963500.00 ns, 1.7593 ns/op
WorkloadPilot    9: 56841136 op, 100124500.00 ns, 1.7615 ns/op
WorkloadPilot   10: 56770464 op, 99928700.00 ns, 1.7602 ns/op
WorkloadPilot   11: 56810976 op, 100223100.00 ns, 1.7642 ns/op

OverheadWarmup   1: 56810976 op, 141421600.00 ns, 2.4893 ns/op
OverheadWarmup   2: 56810976 op, 112862700.00 ns, 1.9866 ns/op
OverheadWarmup   3: 56810976 op, 85317000.00 ns, 1.5018 ns/op
OverheadWarmup   4: 56810976 op, 85178100.00 ns, 1.4993 ns/op
OverheadWarmup   5: 56810976 op, 85171400.00 ns, 1.4992 ns/op
OverheadWarmup   6: 56810976 op, 85176100.00 ns, 1.4993 ns/op
OverheadWarmup   7: 56810976 op, 85498700.00 ns, 1.5050 ns/op
OverheadWarmup   8: 56810976 op, 85280600.00 ns, 1.5011 ns/op
OverheadWarmup   9: 56810976 op, 85166100.00 ns, 1.4991 ns/op
OverheadWarmup  10: 56810976 op, 85200800.00 ns, 1.4997 ns/op

OverheadActual   1: 56810976 op, 85548000.00 ns, 1.5058 ns/op
OverheadActual   2: 56810976 op, 86413900.00 ns, 1.5211 ns/op
OverheadActual   3: 56810976 op, 86407100.00 ns, 1.5210 ns/op
OverheadActual   4: 56810976 op, 86312300.00 ns, 1.5193 ns/op
OverheadActual   5: 56810976 op, 86244000.00 ns, 1.5181 ns/op
OverheadActual   6: 56810976 op, 85188300.00 ns, 1.4995 ns/op
OverheadActual   7: 56810976 op, 86567700.00 ns, 1.5238 ns/op
OverheadActual   8: 56810976 op, 86151400.00 ns, 1.5165 ns/op
OverheadActual   9: 56810976 op, 86253900.00 ns, 1.5183 ns/op
OverheadActual  10: 56810976 op, 85344000.00 ns, 1.5022 ns/op
OverheadActual  11: 56810976 op, 86376400.00 ns, 1.5204 ns/op
OverheadActual  12: 56810976 op, 86622500.00 ns, 1.5247 ns/op
OverheadActual  13: 56810976 op, 86458400.00 ns, 1.5219 ns/op
OverheadActual  14: 56810976 op, 86371500.00 ns, 1.5203 ns/op
OverheadActual  15: 56810976 op, 86547800.00 ns, 1.5234 ns/op

WorkloadWarmup   1: 56810976 op, 108758600.00 ns, 1.9144 ns/op
WorkloadWarmup   2: 56810976 op, 113351800.00 ns, 1.9952 ns/op
WorkloadWarmup   3: 56810976 op, 101164100.00 ns, 1.7807 ns/op
WorkloadWarmup   4: 56810976 op, 100655800.00 ns, 1.7718 ns/op
WorkloadWarmup   5: 56810976 op, 100311300.00 ns, 1.7657 ns/op
WorkloadWarmup   6: 56810976 op, 100018100.00 ns, 1.7605 ns/op
WorkloadWarmup   7: 56810976 op, 99883400.00 ns, 1.7582 ns/op
WorkloadWarmup   8: 56810976 op, 99936100.00 ns, 1.7591 ns/op
WorkloadWarmup   9: 56810976 op, 100397000.00 ns, 1.7672 ns/op
WorkloadWarmup  10: 56810976 op, 99965800.00 ns, 1.7596 ns/op

// BeforeActualRun
WorkloadActual   1: 56810976 op, 99157800.00 ns, 1.7454 ns/op
WorkloadActual   2: 56810976 op, 98730900.00 ns, 1.7379 ns/op
WorkloadActual   3: 56810976 op, 98738700.00 ns, 1.7380 ns/op
WorkloadActual   4: 56810976 op, 98694100.00 ns, 1.7372 ns/op
WorkloadActual   5: 56810976 op, 100161800.00 ns, 1.7631 ns/op
WorkloadActual   6: 56810976 op, 100051500.00 ns, 1.7611 ns/op
WorkloadActual   7: 56810976 op, 100132000.00 ns, 1.7625 ns/op
WorkloadActual   8: 56810976 op, 98813300.00 ns, 1.7393 ns/op
WorkloadActual   9: 56810976 op, 99104500.00 ns, 1.7445 ns/op
WorkloadActual  10: 56810976 op, 98935400.00 ns, 1.7415 ns/op
WorkloadActual  11: 56810976 op, 98991400.00 ns, 1.7425 ns/op
WorkloadActual  12: 56810976 op, 98991900.00 ns, 1.7425 ns/op
WorkloadActual  13: 56810976 op, 98754900.00 ns, 1.7383 ns/op
WorkloadActual  14: 56810976 op, 99625100.00 ns, 1.7536 ns/op
WorkloadActual  15: 56810976 op, 98782200.00 ns, 1.7388 ns/op

// AfterActualRun
WorkloadResult   1: 56810976 op, 12786300.00 ns, 0.2251 ns/op
WorkloadResult   2: 56810976 op, 12359400.00 ns, 0.2176 ns/op
WorkloadResult   3: 56810976 op, 12367200.00 ns, 0.2177 ns/op
WorkloadResult   4: 56810976 op, 12322600.00 ns, 0.2169 ns/op
WorkloadResult   5: 56810976 op, 13790300.00 ns, 0.2427 ns/op
WorkloadResult   6: 56810976 op, 13680000.00 ns, 0.2408 ns/op
WorkloadResult   7: 56810976 op, 13760500.00 ns, 0.2422 ns/op
WorkloadResult   8: 56810976 op, 12441800.00 ns, 0.2190 ns/op
WorkloadResult   9: 56810976 op, 12733000.00 ns, 0.2241 ns/op
WorkloadResult  10: 56810976 op, 12563900.00 ns, 0.2212 ns/op
WorkloadResult  11: 56810976 op, 12619900.00 ns, 0.2221 ns/op
WorkloadResult  12: 56810976 op, 12620400.00 ns, 0.2221 ns/op
WorkloadResult  13: 56810976 op, 12383400.00 ns, 0.2180 ns/op
WorkloadResult  14: 56810976 op, 13253600.00 ns, 0.2333 ns/op
WorkloadResult  15: 56810976 op, 12410700.00 ns, 0.2185 ns/op
// GC:  0 0 0 0 56810976
// Threading:  0 0 56810976

// AfterAll
// Benchmark Process 9548 has exited with code 0.

Mean = 0.225 ns, StdErr = 0.002 ns (1.09%), N = 15, StdDev = 0.009 ns
Min = 0.217 ns, Q1 = 0.218 ns, Median = 0.222 ns, Q3 = 0.229 ns, Max = 0.243 ns
IQR = 0.011 ns, LowerFence = 0.202 ns, UpperFence = 0.246 ns
ConfidenceInterval = [0.215 ns; 0.236 ns] (CI 99.9%), Margin = 0.010 ns (4.50% of Mean)
Skewness = 0.88, Kurtosis = 2.05, MValue = 2.73

// ** Remained 7 (53.8%) benchmark(s) to run. Estimated finish 2026-02-24 22:42 (0h 0m from now) **
Setup power plan (GUID: 8c5e7fda-e8bf-4a96-9a85-a6e23a8c635c FriendlyName: High performance)
// **************************
// Benchmark: Scenario1.S1_ReturnOptionStringErrorNoMessage_EnumerationsOptions: .NET 10.0(Runtime=.NET 10.0, IterationTime=100ms) [Iterations=2]
// *** Execute ***
// Launch: 1 / 1
// Execute: dotnet Enumerations.Options.Benchmarks-1.dll --anonymousPipes 1568 1580 --benchmarkName "ReillyDigital.Enumerations.Options.Benchmarks.Scenarios.Scenario1.S1_ReturnOptionStringErrorNoMessage_EnumerationsOptions(Iterations: 2)" --job ".NET 10.0" --benchmarkId 6 in D:\x\devs\reilly-digital\dotnet\enumerations.options.benchmarks\bin\Debug\net10.0\Enumerations.Options.Benchmarks-1\bin\Release\net10.0
// BeforeAnythingElse

// Benchmark Process Environment Information:
// BenchmarkDotNet v0.15.8
// Runtime=.NET 10.0.3 (10.0.3, 10.0.326.7603), X64 RyuJIT x86-64-v3
// GC=Concurrent Workstation
// HardwareIntrinsics=AVX2+BMI1+BMI2+F16C+FMA+LZCNT+MOVBE,AVX,SSE3+SSSE3+SSE4.1+SSE4.2+POPCNT,X86Base+SSE+SSE2,AES+PCLMUL VectorSize=256
// Job: .NET 10.0(IterationTime=100ms)

OverheadJitting  1: 1 op, 106400.00 ns, 106.4000 us/op
WorkloadJitting  1: 1 op, 1479800.00 ns, 1.4798 ms/op

OverheadJitting  2: 16 op, 152200.00 ns, 9.5125 us/op
WorkloadJitting  2: 16 op, 145700.00 ns, 9.1063 us/op

WorkloadPilot    1: 16 op, 2000.00 ns, 125.0000 ns/op
WorkloadPilot    2: 800000 op, 57488100.00 ns, 71.8601 ns/op
WorkloadPilot    3: 1391600 op, 60315700.00 ns, 43.3427 ns/op
WorkloadPilot    4: 2307200 op, 3993100.00 ns, 1.7307 ns/op
WorkloadPilot    5: 57779680 op, 101659500.00 ns, 1.7594 ns/op
WorkloadPilot    6: 56836480 op, 99436500.00 ns, 1.7495 ns/op
WorkloadPilot    7: 57158576 op, 98541800.00 ns, 1.7240 ns/op
WorkloadPilot    8: 58004400 op, 101888000.00 ns, 1.7566 ns/op
WorkloadPilot    9: 56929584 op, 99495000.00 ns, 1.7477 ns/op
WorkloadPilot   10: 57218544 op, 99746900.00 ns, 1.7433 ns/op
WorkloadPilot   11: 57363744 op, 100151000.00 ns, 1.7459 ns/op

OverheadWarmup   1: 57363744 op, 142151400.00 ns, 2.4781 ns/op
OverheadWarmup   2: 57363744 op, 112771300.00 ns, 1.9659 ns/op
OverheadWarmup   3: 57363744 op, 85224000.00 ns, 1.4857 ns/op
OverheadWarmup   4: 57363744 op, 86916700.00 ns, 1.5152 ns/op
OverheadWarmup   5: 57363744 op, 85207000.00 ns, 1.4854 ns/op
OverheadWarmup   6: 57363744 op, 85165600.00 ns, 1.4847 ns/op
OverheadWarmup   7: 57363744 op, 85310900.00 ns, 1.4872 ns/op
OverheadWarmup   8: 57363744 op, 85152100.00 ns, 1.4844 ns/op

OverheadActual   1: 57363744 op, 85633000.00 ns, 1.4928 ns/op
OverheadActual   2: 57363744 op, 85232500.00 ns, 1.4858 ns/op
OverheadActual   3: 57363744 op, 85167800.00 ns, 1.4847 ns/op
OverheadActual   4: 57363744 op, 86381500.00 ns, 1.5059 ns/op
OverheadActual   5: 57363744 op, 86160900.00 ns, 1.5020 ns/op
OverheadActual   6: 57363744 op, 86306400.00 ns, 1.5045 ns/op
OverheadActual   7: 57363744 op, 85292100.00 ns, 1.4869 ns/op
OverheadActual   8: 57363744 op, 85237000.00 ns, 1.4859 ns/op
OverheadActual   9: 57363744 op, 85226300.00 ns, 1.4857 ns/op
OverheadActual  10: 57363744 op, 85593500.00 ns, 1.4921 ns/op
OverheadActual  11: 57363744 op, 86475300.00 ns, 1.5075 ns/op
OverheadActual  12: 57363744 op, 85565600.00 ns, 1.4916 ns/op
OverheadActual  13: 57363744 op, 86691700.00 ns, 1.5113 ns/op
OverheadActual  14: 57363744 op, 86262600.00 ns, 1.5038 ns/op
OverheadActual  15: 57363744 op, 86381000.00 ns, 1.5058 ns/op

WorkloadWarmup   1: 57363744 op, 100568200.00 ns, 1.7532 ns/op
WorkloadWarmup   2: 57363744 op, 100057100.00 ns, 1.7443 ns/op
WorkloadWarmup   3: 57363744 op, 99932500.00 ns, 1.7421 ns/op
WorkloadWarmup   4: 57363744 op, 100082400.00 ns, 1.7447 ns/op
WorkloadWarmup   5: 57363744 op, 100176500.00 ns, 1.7463 ns/op
WorkloadWarmup   6: 57363744 op, 100388700.00 ns, 1.7500 ns/op
WorkloadWarmup   7: 57363744 op, 99991300.00 ns, 1.7431 ns/op
WorkloadWarmup   8: 57363744 op, 99928200.00 ns, 1.7420 ns/op
WorkloadWarmup   9: 57363744 op, 100014400.00 ns, 1.7435 ns/op
WorkloadWarmup  10: 57363744 op, 100617400.00 ns, 1.7540 ns/op
WorkloadWarmup  11: 57363744 op, 100102600.00 ns, 1.7450 ns/op

// BeforeActualRun
WorkloadActual   1: 57363744 op, 100785200.00 ns, 1.7569 ns/op
WorkloadActual   2: 57363744 op, 100599800.00 ns, 1.7537 ns/op
WorkloadActual   3: 57363744 op, 100048600.00 ns, 1.7441 ns/op
WorkloadActual   4: 57363744 op, 100058600.00 ns, 1.7443 ns/op
WorkloadActual   5: 57363744 op, 100214400.00 ns, 1.7470 ns/op
WorkloadActual   6: 57363744 op, 99060500.00 ns, 1.7269 ns/op
WorkloadActual   7: 57363744 op, 100041400.00 ns, 1.7440 ns/op
WorkloadActual   8: 57363744 op, 100024300.00 ns, 1.7437 ns/op
WorkloadActual   9: 57363744 op, 98945700.00 ns, 1.7249 ns/op
WorkloadActual  10: 57363744 op, 99014100.00 ns, 1.7261 ns/op
WorkloadActual  11: 57363744 op, 99173700.00 ns, 1.7289 ns/op
WorkloadActual  12: 57363744 op, 99143400.00 ns, 1.7283 ns/op
WorkloadActual  13: 57363744 op, 99038700.00 ns, 1.7265 ns/op
WorkloadActual  14: 57363744 op, 98956200.00 ns, 1.7251 ns/op
WorkloadActual  15: 57363744 op, 99091900.00 ns, 1.7274 ns/op

// AfterActualRun
WorkloadResult   1: 57363744 op, 15152200.00 ns, 0.2641 ns/op
WorkloadResult   2: 57363744 op, 14966800.00 ns, 0.2609 ns/op
WorkloadResult   3: 57363744 op, 14415600.00 ns, 0.2513 ns/op
WorkloadResult   4: 57363744 op, 14425600.00 ns, 0.2515 ns/op
WorkloadResult   5: 57363744 op, 14581400.00 ns, 0.2542 ns/op
WorkloadResult   6: 57363744 op, 13427500.00 ns, 0.2341 ns/op
WorkloadResult   7: 57363744 op, 14408400.00 ns, 0.2512 ns/op
WorkloadResult   8: 57363744 op, 14391300.00 ns, 0.2509 ns/op
WorkloadResult   9: 57363744 op, 13312700.00 ns, 0.2321 ns/op
WorkloadResult  10: 57363744 op, 13381100.00 ns, 0.2333 ns/op
WorkloadResult  11: 57363744 op, 13540700.00 ns, 0.2360 ns/op
WorkloadResult  12: 57363744 op, 13510400.00 ns, 0.2355 ns/op
WorkloadResult  13: 57363744 op, 13405700.00 ns, 0.2337 ns/op
WorkloadResult  14: 57363744 op, 13323200.00 ns, 0.2323 ns/op
WorkloadResult  15: 57363744 op, 13458900.00 ns, 0.2346 ns/op
// GC:  0 0 0 0 57363744
// Threading:  0 0 57363744

// AfterAll
// Benchmark Process 3744 has exited with code 0.

Mean = 0.244 ns, StdErr = 0.003 ns (1.21%), N = 15, StdDev = 0.011 ns
Min = 0.232 ns, Q1 = 0.234 ns, Median = 0.236 ns, Q3 = 0.251 ns, Max = 0.264 ns
IQR = 0.018 ns, LowerFence = 0.208 ns, UpperFence = 0.278 ns
ConfidenceInterval = [0.232 ns; 0.256 ns] (CI 99.9%), Margin = 0.012 ns (5.01% of Mean)
Skewness = 0.39, Kurtosis = 1.44, MValue = 3.5

// ** Remained 6 (46.2%) benchmark(s) to run. Estimated finish 2026-02-24 22:42 (0h 0m from now) **
Setup power plan (GUID: 8c5e7fda-e8bf-4a96-9a85-a6e23a8c635c FriendlyName: High performance)
// **************************
// Benchmark: Scenario1.S1_ReturnOptionStringErrorWithMessage_EnumerationsOptions: .NET 10.0(Runtime=.NET 10.0, IterationTime=100ms) [Iterations=2]
// *** Execute ***
// Launch: 1 / 1
// Execute: dotnet Enumerations.Options.Benchmarks-1.dll --anonymousPipes 1636 1592 --benchmarkName "ReillyDigital.Enumerations.Options.Benchmarks.Scenarios.Scenario1.S1_ReturnOptionStringErrorWithMessage_EnumerationsOptions(Iterations: 2)" --job ".NET 10.0" --benchmarkId 7 in D:\x\devs\reilly-digital\dotnet\enumerations.options.benchmarks\bin\Debug\net10.0\Enumerations.Options.Benchmarks-1\bin\Release\net10.0
// BeforeAnythingElse

// Benchmark Process Environment Information:
// BenchmarkDotNet v0.15.8
// Runtime=.NET 10.0.3 (10.0.3, 10.0.326.7603), X64 RyuJIT x86-64-v3
// GC=Concurrent Workstation
// HardwareIntrinsics=AVX2+BMI1+BMI2+F16C+FMA+LZCNT+MOVBE,AVX,SSE3+SSSE3+SSE4.1+SSE4.2+POPCNT,X86Base+SSE+SSE2,AES+PCLMUL VectorSize=256
// Job: .NET 10.0(IterationTime=100ms)

OverheadJitting  1: 1 op, 107100.00 ns, 107.1000 us/op
WorkloadJitting  1: 1 op, 2135900.00 ns, 2.1359 ms/op

OverheadJitting  2: 16 op, 192000.00 ns, 12.0000 us/op
WorkloadJitting  2: 16 op, 357300.00 ns, 22.3313 us/op

WorkloadPilot    1: 16 op, 2800.00 ns, 175.0000 ns/op
WorkloadPilot    2: 571440 op, 47828300.00 ns, 83.6979 ns/op
WorkloadPilot    3: 1194784 op, 65981200.00 ns, 55.2244 ns/op
WorkloadPilot    4: 1810800 op, 3164000.00 ns, 1.7473 ns/op
WorkloadPilot    5: 57231360 op, 101130300.00 ns, 1.7670 ns/op
WorkloadPilot    6: 56591712 op, 98309300.00 ns, 1.7372 ns/op
WorkloadPilot    7: 57564976 op, 100791600.00 ns, 1.7509 ns/op
WorkloadPilot    8: 57112880 op, 98497700.00 ns, 1.7246 ns/op
WorkloadPilot    9: 57983984 op, 101317500.00 ns, 1.7473 ns/op

OverheadWarmup   1: 57983984 op, 143362400.00 ns, 2.4724 ns/op
OverheadWarmup   2: 57983984 op, 117634800.00 ns, 2.0287 ns/op
OverheadWarmup   3: 57983984 op, 86077900.00 ns, 1.4845 ns/op
OverheadWarmup   4: 57983984 op, 86195000.00 ns, 1.4865 ns/op
OverheadWarmup   5: 57983984 op, 87207800.00 ns, 1.5040 ns/op
OverheadWarmup   6: 57983984 op, 87325500.00 ns, 1.5060 ns/op
OverheadWarmup   7: 57983984 op, 87586400.00 ns, 1.5105 ns/op
OverheadWarmup   8: 57983984 op, 87363700.00 ns, 1.5067 ns/op
OverheadWarmup   9: 57983984 op, 87347600.00 ns, 1.5064 ns/op
OverheadWarmup  10: 57983984 op, 87154300.00 ns, 1.5031 ns/op

OverheadActual   1: 57983984 op, 87926800.00 ns, 1.5164 ns/op
OverheadActual   2: 57983984 op, 87368800.00 ns, 1.5068 ns/op
OverheadActual   3: 57983984 op, 87502800.00 ns, 1.5091 ns/op
OverheadActual   4: 57983984 op, 87348500.00 ns, 1.5064 ns/op
OverheadActual   5: 57983984 op, 87300200.00 ns, 1.5056 ns/op
OverheadActual   6: 57983984 op, 87159100.00 ns, 1.5032 ns/op
OverheadActual   7: 57983984 op, 87154100.00 ns, 1.5031 ns/op
OverheadActual   8: 57983984 op, 87150000.00 ns, 1.5030 ns/op
OverheadActual   9: 57983984 op, 87180800.00 ns, 1.5035 ns/op
OverheadActual  10: 57983984 op, 87143400.00 ns, 1.5029 ns/op
OverheadActual  11: 57983984 op, 87168600.00 ns, 1.5033 ns/op
OverheadActual  12: 57983984 op, 87244600.00 ns, 1.5046 ns/op
OverheadActual  13: 57983984 op, 86253400.00 ns, 1.4875 ns/op
OverheadActual  14: 57983984 op, 86077700.00 ns, 1.4845 ns/op
OverheadActual  15: 57983984 op, 87713000.00 ns, 1.5127 ns/op

WorkloadWarmup   1: 57983984 op, 102147200.00 ns, 1.7616 ns/op
WorkloadWarmup   2: 57983984 op, 101006300.00 ns, 1.7420 ns/op
WorkloadWarmup   3: 57983984 op, 101208800.00 ns, 1.7455 ns/op
WorkloadWarmup   4: 57983984 op, 101208400.00 ns, 1.7455 ns/op
WorkloadWarmup   5: 57983984 op, 101307500.00 ns, 1.7472 ns/op
WorkloadWarmup   6: 57983984 op, 101139000.00 ns, 1.7443 ns/op

// BeforeActualRun
WorkloadActual   1: 57983984 op, 101561300.00 ns, 1.7515 ns/op
WorkloadActual   2: 57983984 op, 101343600.00 ns, 1.7478 ns/op
WorkloadActual   3: 57983984 op, 101359800.00 ns, 1.7481 ns/op
WorkloadActual   4: 57983984 op, 101219600.00 ns, 1.7456 ns/op
WorkloadActual   5: 57983984 op, 101411700.00 ns, 1.7490 ns/op
WorkloadActual   6: 57983984 op, 101756200.00 ns, 1.7549 ns/op
WorkloadActual   7: 57983984 op, 101601000.00 ns, 1.7522 ns/op
WorkloadActual   8: 57983984 op, 100418500.00 ns, 1.7318 ns/op
WorkloadActual   9: 57983984 op, 99971700.00 ns, 1.7241 ns/op
WorkloadActual  10: 57983984 op, 101289600.00 ns, 1.7469 ns/op
WorkloadActual  11: 57983984 op, 101237900.00 ns, 1.7460 ns/op
WorkloadActual  12: 57983984 op, 101091000.00 ns, 1.7434 ns/op
WorkloadActual  13: 57983984 op, 100082100.00 ns, 1.7260 ns/op
WorkloadActual  14: 57983984 op, 100202600.00 ns, 1.7281 ns/op
WorkloadActual  15: 57983984 op, 100341200.00 ns, 1.7305 ns/op

// AfterActualRun
WorkloadResult   1: 57983984 op, 14380500.00 ns, 0.2480 ns/op
WorkloadResult   2: 57983984 op, 14162800.00 ns, 0.2443 ns/op
WorkloadResult   3: 57983984 op, 14179000.00 ns, 0.2445 ns/op
WorkloadResult   4: 57983984 op, 14038800.00 ns, 0.2421 ns/op
WorkloadResult   5: 57983984 op, 14230900.00 ns, 0.2454 ns/op
WorkloadResult   6: 57983984 op, 14575400.00 ns, 0.2514 ns/op
WorkloadResult   7: 57983984 op, 14420200.00 ns, 0.2487 ns/op
WorkloadResult   8: 57983984 op, 13237700.00 ns, 0.2283 ns/op
WorkloadResult   9: 57983984 op, 12790900.00 ns, 0.2206 ns/op
WorkloadResult  10: 57983984 op, 14108800.00 ns, 0.2433 ns/op
WorkloadResult  11: 57983984 op, 14057100.00 ns, 0.2424 ns/op
WorkloadResult  12: 57983984 op, 13910200.00 ns, 0.2399 ns/op
WorkloadResult  13: 57983984 op, 12901300.00 ns, 0.2225 ns/op
WorkloadResult  14: 57983984 op, 13021800.00 ns, 0.2246 ns/op
WorkloadResult  15: 57983984 op, 13160400.00 ns, 0.2270 ns/op
// GC:  0 0 0 0 57983984
// Threading:  0 0 57983984

// AfterAll
// Benchmark Process 10112 has exited with code 0.

Mean = 0.238 ns, StdErr = 0.003 ns (1.14%), N = 15, StdDev = 0.010 ns
Min = 0.221 ns, Q1 = 0.228 ns, Median = 0.242 ns, Q3 = 0.245 ns, Max = 0.251 ns
IQR = 0.017 ns, LowerFence = 0.202 ns, UpperFence = 0.271 ns
ConfidenceInterval = [0.227 ns; 0.249 ns] (CI 99.9%), Margin = 0.011 ns (4.70% of Mean)
Skewness = -0.51, Kurtosis = 1.52, MValue = 3.11

// ** Remained 5 (38.5%) benchmark(s) to run. Estimated finish 2026-02-24 22:42 (0h 0m from now) **
Setup power plan (GUID: 8c5e7fda-e8bf-4a96-9a85-a6e23a8c635c FriendlyName: High performance)
// **************************
// Benchmark: Scenario1.S1_ReturnOptionStringNone_EnumerationsOptions: .NET 10.0(Runtime=.NET 10.0, IterationTime=100ms) [Iterations=2]
// *** Execute ***
// Launch: 1 / 1
// Execute: dotnet Enumerations.Options.Benchmarks-1.dll --anonymousPipes 1480 1596 --benchmarkName "ReillyDigital.Enumerations.Options.Benchmarks.Scenarios.Scenario1.S1_ReturnOptionStringNone_EnumerationsOptions(Iterations: 2)" --job ".NET 10.0" --benchmarkId 8 in D:\x\devs\reilly-digital\dotnet\enumerations.options.benchmarks\bin\Debug\net10.0\Enumerations.Options.Benchmarks-1\bin\Release\net10.0
// BeforeAnythingElse

// Benchmark Process Environment Information:
// BenchmarkDotNet v0.15.8
// Runtime=.NET 10.0.3 (10.0.3, 10.0.326.7603), X64 RyuJIT x86-64-v3
// GC=Concurrent Workstation
// HardwareIntrinsics=AVX2+BMI1+BMI2+F16C+FMA+LZCNT+MOVBE,AVX,SSE3+SSSE3+SSE4.1+SSE4.2+POPCNT,X86Base+SSE+SSE2,AES+PCLMUL VectorSize=256
// Job: .NET 10.0(IterationTime=100ms)

OverheadJitting  1: 1 op, 109400.00 ns, 109.4000 us/op
WorkloadJitting  1: 1 op, 1349700.00 ns, 1.3497 ms/op

OverheadJitting  2: 16 op, 150200.00 ns, 9.3875 us/op
WorkloadJitting  2: 16 op, 154900.00 ns, 9.6813 us/op

WorkloadPilot    1: 16 op, 2200.00 ns, 137.5000 ns/op
WorkloadPilot    2: 727280 op, 49959000.00 ns, 68.6929 ns/op
WorkloadPilot    3: 1455760 op, 66006600.00 ns, 45.3417 ns/op
WorkloadPilot    4: 2205488 op, 3817000.00 ns, 1.7307 ns/op
WorkloadPilot    5: 57780672 op, 101550900.00 ns, 1.7575 ns/op
WorkloadPilot    6: 56898240 op, 99282100.00 ns, 1.7449 ns/op
WorkloadPilot    7: 57309680 op, 98861700.00 ns, 1.7250 ns/op
WorkloadPilot    8: 57969552 op, 99937200.00 ns, 1.7240 ns/op
WorkloadPilot    9: 58005984 op, 101107600.00 ns, 1.7431 ns/op
WorkloadPilot   10: 57370560 op, 100123900.00 ns, 1.7452 ns/op

OverheadWarmup   1: 57370560 op, 142342400.00 ns, 2.4811 ns/op
OverheadWarmup   2: 57370560 op, 116661100.00 ns, 2.0335 ns/op
OverheadWarmup   3: 57370560 op, 86371700.00 ns, 1.5055 ns/op
OverheadWarmup   4: 57370560 op, 86519400.00 ns, 1.5081 ns/op
OverheadWarmup   5: 57370560 op, 85652100.00 ns, 1.4930 ns/op
OverheadWarmup   6: 57370560 op, 86515000.00 ns, 1.5080 ns/op
OverheadWarmup   7: 57370560 op, 85205400.00 ns, 1.4852 ns/op

OverheadActual   1: 57370560 op, 86453300.00 ns, 1.5069 ns/op
OverheadActual   2: 57370560 op, 86692100.00 ns, 1.5111 ns/op
OverheadActual   3: 57370560 op, 86215300.00 ns, 1.5028 ns/op
OverheadActual   4: 57370560 op, 86276900.00 ns, 1.5039 ns/op
OverheadActual   5: 57370560 op, 86258500.00 ns, 1.5035 ns/op
OverheadActual   6: 57370560 op, 86186400.00 ns, 1.5023 ns/op
OverheadActual   7: 57370560 op, 86378300.00 ns, 1.5056 ns/op
OverheadActual   8: 57370560 op, 85264200.00 ns, 1.4862 ns/op
OverheadActual   9: 57370560 op, 86240500.00 ns, 1.5032 ns/op
OverheadActual  10: 57370560 op, 86440500.00 ns, 1.5067 ns/op
OverheadActual  11: 57370560 op, 86178700.00 ns, 1.5021 ns/op
OverheadActual  12: 57370560 op, 86368600.00 ns, 1.5055 ns/op
OverheadActual  13: 57370560 op, 86319900.00 ns, 1.5046 ns/op
OverheadActual  14: 57370560 op, 86294000.00 ns, 1.5042 ns/op
OverheadActual  15: 57370560 op, 86413700.00 ns, 1.5062 ns/op

WorkloadWarmup   1: 57370560 op, 100689800.00 ns, 1.7551 ns/op
WorkloadWarmup   2: 57370560 op, 100366400.00 ns, 1.7494 ns/op
WorkloadWarmup   3: 57370560 op, 100340700.00 ns, 1.7490 ns/op
WorkloadWarmup   4: 57370560 op, 98815600.00 ns, 1.7224 ns/op
WorkloadWarmup   5: 57370560 op, 98844100.00 ns, 1.7229 ns/op
WorkloadWarmup   6: 57370560 op, 98893800.00 ns, 1.7238 ns/op
WorkloadWarmup   7: 57370560 op, 100277900.00 ns, 1.7479 ns/op
WorkloadWarmup   8: 57370560 op, 100508200.00 ns, 1.7519 ns/op
WorkloadWarmup   9: 57370560 op, 100240000.00 ns, 1.7472 ns/op
WorkloadWarmup  10: 57370560 op, 100027200.00 ns, 1.7435 ns/op
WorkloadWarmup  11: 57370560 op, 100041600.00 ns, 1.7438 ns/op
WorkloadWarmup  12: 57370560 op, 100394700.00 ns, 1.7499 ns/op
WorkloadWarmup  13: 57370560 op, 100208200.00 ns, 1.7467 ns/op

// BeforeActualRun
WorkloadActual   1: 57370560 op, 99212800.00 ns, 1.7293 ns/op
WorkloadActual   2: 57370560 op, 98894000.00 ns, 1.7238 ns/op
WorkloadActual   3: 57370560 op, 100069100.00 ns, 1.7443 ns/op
WorkloadActual   4: 57370560 op, 100219900.00 ns, 1.7469 ns/op
WorkloadActual   5: 57370560 op, 100192000.00 ns, 1.7464 ns/op
WorkloadActual   6: 57370560 op, 100415300.00 ns, 1.7503 ns/op
WorkloadActual   7: 57370560 op, 100109100.00 ns, 1.7450 ns/op
WorkloadActual   8: 57370560 op, 98937900.00 ns, 1.7245 ns/op
WorkloadActual   9: 57370560 op, 99354200.00 ns, 1.7318 ns/op
WorkloadActual  10: 57370560 op, 99000000.00 ns, 1.7256 ns/op
WorkloadActual  11: 57370560 op, 98984200.00 ns, 1.7253 ns/op
WorkloadActual  12: 57370560 op, 99059800.00 ns, 1.7267 ns/op
WorkloadActual  13: 57370560 op, 99004800.00 ns, 1.7257 ns/op
WorkloadActual  14: 57370560 op, 98925700.00 ns, 1.7243 ns/op
WorkloadActual  15: 57370560 op, 99072600.00 ns, 1.7269 ns/op

// AfterActualRun
WorkloadResult   1: 57370560 op, 12918800.00 ns, 0.2252 ns/op
WorkloadResult   2: 57370560 op, 12600000.00 ns, 0.2196 ns/op
WorkloadResult   3: 57370560 op, 13775100.00 ns, 0.2401 ns/op
WorkloadResult   4: 57370560 op, 13925900.00 ns, 0.2427 ns/op
WorkloadResult   5: 57370560 op, 13898000.00 ns, 0.2422 ns/op
WorkloadResult   6: 57370560 op, 14121300.00 ns, 0.2461 ns/op
WorkloadResult   7: 57370560 op, 13815100.00 ns, 0.2408 ns/op
WorkloadResult   8: 57370560 op, 12643900.00 ns, 0.2204 ns/op
WorkloadResult   9: 57370560 op, 13060200.00 ns, 0.2276 ns/op
WorkloadResult  10: 57370560 op, 12706000.00 ns, 0.2215 ns/op
WorkloadResult  11: 57370560 op, 12690200.00 ns, 0.2212 ns/op
WorkloadResult  12: 57370560 op, 12765800.00 ns, 0.2225 ns/op
WorkloadResult  13: 57370560 op, 12710800.00 ns, 0.2216 ns/op
WorkloadResult  14: 57370560 op, 12631700.00 ns, 0.2202 ns/op
WorkloadResult  15: 57370560 op, 12778600.00 ns, 0.2227 ns/op
// GC:  0 0 0 0 57370560
// Threading:  0 0 57370560

// AfterAll
// Benchmark Process 7264 has exited with code 0.

Mean = 0.229 ns, StdErr = 0.003 ns (1.14%), N = 15, StdDev = 0.010 ns
Min = 0.220 ns, Q1 = 0.221 ns, Median = 0.223 ns, Q3 = 0.240 ns, Max = 0.246 ns
IQR = 0.019 ns, LowerFence = 0.193 ns, UpperFence = 0.269 ns
ConfidenceInterval = [0.218 ns; 0.240 ns] (CI 99.9%), Margin = 0.011 ns (4.72% of Mean)
Skewness = 0.58, Kurtosis = 1.41, MValue = 3

// ** Remained 4 (30.8%) benchmark(s) to run. Estimated finish 2026-02-24 22:42 (0h 0m from now) **
Setup power plan (GUID: 8c5e7fda-e8bf-4a96-9a85-a6e23a8c635c FriendlyName: High performance)
// **************************
// Benchmark: Scenario1.S1_ReturnOptionStringSuccess_EnumerationsOptions: .NET 10.0(Runtime=.NET 10.0, IterationTime=100ms) [Iterations=2]
// *** Execute ***
// Launch: 1 / 1
// Execute: dotnet Enumerations.Options.Benchmarks-1.dll --anonymousPipes 1680 1676 --benchmarkName "ReillyDigital.Enumerations.Options.Benchmarks.Scenarios.Scenario1.S1_ReturnOptionStringSuccess_EnumerationsOptions(Iterations: 2)" --job ".NET 10.0" --benchmarkId 9 in D:\x\devs\reilly-digital\dotnet\enumerations.options.benchmarks\bin\Debug\net10.0\Enumerations.Options.Benchmarks-1\bin\Release\net10.0
// BeforeAnythingElse

// Benchmark Process Environment Information:
// BenchmarkDotNet v0.15.8
// Runtime=.NET 10.0.3 (10.0.3, 10.0.326.7603), X64 RyuJIT x86-64-v3
// GC=Concurrent Workstation
// HardwareIntrinsics=AVX2+BMI1+BMI2+F16C+FMA+LZCNT+MOVBE,AVX,SSE3+SSSE3+SSE4.1+SSE4.2+POPCNT,X86Base+SSE+SSE2,AES+PCLMUL VectorSize=256
// Job: .NET 10.0(IterationTime=100ms)

OverheadJitting  1: 1 op, 107100.00 ns, 107.1000 us/op
WorkloadJitting  1: 1 op, 1701300.00 ns, 1.7013 ms/op

OverheadJitting  2: 16 op, 174500.00 ns, 10.9063 us/op
WorkloadJitting  2: 16 op, 191200.00 ns, 11.9500 us/op

WorkloadPilot    1: 16 op, 1700.00 ns, 106.2500 ns/op
WorkloadPilot    2: 941184 op, 61402900.00 ns, 65.2401 ns/op
WorkloadPilot    3: 1532816 op, 74662200.00 ns, 48.7092 ns/op
WorkloadPilot    4: 2053008 op, 3532600.00 ns, 1.7207 ns/op
WorkloadPilot    5: 58116064 op, 100786400.00 ns, 1.7342 ns/op
WorkloadPilot    6: 57662608 op, 100686200.00 ns, 1.7461 ns/op
WorkloadPilot    7: 57269632 op, 101213000.00 ns, 1.7673 ns/op

OverheadWarmup   1: 57269632 op, 147829600.00 ns, 2.5813 ns/op
OverheadWarmup   2: 57269632 op, 112993600.00 ns, 1.9730 ns/op
OverheadWarmup   3: 57269632 op, 86782300.00 ns, 1.5153 ns/op
OverheadWarmup   4: 57269632 op, 86266900.00 ns, 1.5063 ns/op
OverheadWarmup   5: 57269632 op, 86201800.00 ns, 1.5052 ns/op
OverheadWarmup   6: 57269632 op, 86074800.00 ns, 1.5030 ns/op
OverheadWarmup   7: 57269632 op, 86002700.00 ns, 1.5017 ns/op
OverheadWarmup   8: 57269632 op, 86548600.00 ns, 1.5112 ns/op
OverheadWarmup   9: 57269632 op, 86137500.00 ns, 1.5041 ns/op
OverheadWarmup  10: 57269632 op, 86289300.00 ns, 1.5067 ns/op

OverheadActual   1: 57269632 op, 86583400.00 ns, 1.5119 ns/op
OverheadActual   2: 57269632 op, 86145000.00 ns, 1.5042 ns/op
OverheadActual   3: 57269632 op, 86499000.00 ns, 1.5104 ns/op
OverheadActual   4: 57269632 op, 85307000.00 ns, 1.4896 ns/op
OverheadActual   5: 57269632 op, 85237000.00 ns, 1.4883 ns/op
OverheadActual   6: 57269632 op, 86026000.00 ns, 1.5021 ns/op
OverheadActual   7: 57269632 op, 85105500.00 ns, 1.4860 ns/op
OverheadActual   8: 57269632 op, 85040100.00 ns, 1.4849 ns/op
OverheadActual   9: 57269632 op, 85124300.00 ns, 1.4864 ns/op
OverheadActual  10: 57269632 op, 85078100.00 ns, 1.4856 ns/op
OverheadActual  11: 57269632 op, 86082700.00 ns, 1.5031 ns/op
OverheadActual  12: 57269632 op, 86141900.00 ns, 1.5041 ns/op
OverheadActual  13: 57269632 op, 86230500.00 ns, 1.5057 ns/op
OverheadActual  14: 57269632 op, 85047100.00 ns, 1.4850 ns/op
OverheadActual  15: 57269632 op, 86235300.00 ns, 1.5058 ns/op

WorkloadWarmup   1: 57269632 op, 100405500.00 ns, 1.7532 ns/op
WorkloadWarmup   2: 57269632 op, 101109600.00 ns, 1.7655 ns/op
WorkloadWarmup   3: 57269632 op, 100974700.00 ns, 1.7631 ns/op
WorkloadWarmup   4: 57269632 op, 99584600.00 ns, 1.7389 ns/op
WorkloadWarmup   5: 57269632 op, 99321600.00 ns, 1.7343 ns/op
WorkloadWarmup   6: 57269632 op, 101812500.00 ns, 1.7778 ns/op
WorkloadWarmup   7: 57269632 op, 104076000.00 ns, 1.8173 ns/op
WorkloadWarmup   8: 57269632 op, 99687800.00 ns, 1.7407 ns/op

// BeforeActualRun
WorkloadActual   1: 57269632 op, 101116700.00 ns, 1.7656 ns/op
WorkloadActual   2: 57269632 op, 100799100.00 ns, 1.7601 ns/op
WorkloadActual   3: 57269632 op, 100280100.00 ns, 1.7510 ns/op
WorkloadActual   4: 57269632 op, 100497900.00 ns, 1.7548 ns/op
WorkloadActual   5: 57269632 op, 99275700.00 ns, 1.7335 ns/op
WorkloadActual   6: 57269632 op, 99107300.00 ns, 1.7305 ns/op
WorkloadActual   7: 57269632 op, 100931600.00 ns, 1.7624 ns/op
WorkloadActual   8: 57269632 op, 98730600.00 ns, 1.7240 ns/op
WorkloadActual   9: 57269632 op, 99906100.00 ns, 1.7445 ns/op
WorkloadActual  10: 57269632 op, 99820500.00 ns, 1.7430 ns/op
WorkloadActual  11: 57269632 op, 99826700.00 ns, 1.7431 ns/op
WorkloadActual  12: 57269632 op, 100006600.00 ns, 1.7462 ns/op
WorkloadActual  13: 57269632 op, 100368000.00 ns, 1.7526 ns/op
WorkloadActual  14: 57269632 op, 98894900.00 ns, 1.7268 ns/op
WorkloadActual  15: 57269632 op, 98897800.00 ns, 1.7269 ns/op

// AfterActualRun
WorkloadResult   1: 57269632 op, 15090700.00 ns, 0.2635 ns/op
WorkloadResult   2: 57269632 op, 14773100.00 ns, 0.2580 ns/op
WorkloadResult   3: 57269632 op, 14254100.00 ns, 0.2489 ns/op
WorkloadResult   4: 57269632 op, 14471900.00 ns, 0.2527 ns/op
WorkloadResult   5: 57269632 op, 13249700.00 ns, 0.2314 ns/op
WorkloadResult   6: 57269632 op, 13081300.00 ns, 0.2284 ns/op
WorkloadResult   7: 57269632 op, 14905600.00 ns, 0.2603 ns/op
WorkloadResult   8: 57269632 op, 12704600.00 ns, 0.2218 ns/op
WorkloadResult   9: 57269632 op, 13880100.00 ns, 0.2424 ns/op
WorkloadResult  10: 57269632 op, 13794500.00 ns, 0.2409 ns/op
WorkloadResult  11: 57269632 op, 13800700.00 ns, 0.2410 ns/op
WorkloadResult  12: 57269632 op, 13980600.00 ns, 0.2441 ns/op
WorkloadResult  13: 57269632 op, 14342000.00 ns, 0.2504 ns/op
WorkloadResult  14: 57269632 op, 12868900.00 ns, 0.2247 ns/op
WorkloadResult  15: 57269632 op, 12871800.00 ns, 0.2248 ns/op
// GC:  0 0 0 0 57269632
// Threading:  0 0 57269632

// AfterAll
// Benchmark Process 15008 has exited with code 0.

Mean = 0.242 ns, StdErr = 0.004 ns (1.45%), N = 15, StdDev = 0.014 ns
Min = 0.222 ns, Q1 = 0.230 ns, Median = 0.242 ns, Q3 = 0.252 ns, Max = 0.264 ns
IQR = 0.022 ns, LowerFence = 0.197 ns, UpperFence = 0.284 ns
ConfidenceInterval = [0.228 ns; 0.257 ns] (CI 99.9%), Margin = 0.015 ns (6.00% of Mean)
Skewness = -0.04, Kurtosis = 1.56, MValue = 3.43

// ** Remained 3 (23.1%) benchmark(s) to run. Estimated finish 2026-02-24 22:42 (0h 0m from now) **
Setup power plan (GUID: 8c5e7fda-e8bf-4a96-9a85-a6e23a8c635c FriendlyName: High performance)
// **************************
// Benchmark: Scenario1.S1_ReturnVoidErrorNoMessage_EnumerationsOptions: .NET 10.0(Runtime=.NET 10.0, IterationTime=100ms) [Iterations=2]
// *** Execute ***
// Launch: 1 / 1
// Execute: dotnet Enumerations.Options.Benchmarks-1.dll --anonymousPipes 1668 1580 --benchmarkName "ReillyDigital.Enumerations.Options.Benchmarks.Scenarios.Scenario1.S1_ReturnVoidErrorNoMessage_EnumerationsOptions(Iterations: 2)" --job ".NET 10.0" --benchmarkId 10 in D:\x\devs\reilly-digital\dotnet\enumerations.options.benchmarks\bin\Debug\net10.0\Enumerations.Options.Benchmarks-1\bin\Release\net10.0
// BeforeAnythingElse

// Benchmark Process Environment Information:
// BenchmarkDotNet v0.15.8
// Runtime=.NET 10.0.3 (10.0.3, 10.0.326.7603), X64 RyuJIT x86-64-v3
// GC=Concurrent Workstation
// HardwareIntrinsics=AVX2+BMI1+BMI2+F16C+FMA+LZCNT+MOVBE,AVX,SSE3+SSSE3+SSE4.1+SSE4.2+POPCNT,X86Base+SSE+SSE2,AES+PCLMUL VectorSize=256
// Job: .NET 10.0(IterationTime=100ms)

OverheadJitting  1: 1 op, 103400.00 ns, 103.4000 us/op
WorkloadJitting  1: 1 op, 1273200.00 ns, 1.2732 ms/op

OverheadJitting  2: 16 op, 150000.00 ns, 9.3750 us/op
WorkloadJitting  2: 16 op, 146100.00 ns, 9.1313 us/op

WorkloadPilot    1: 16 op, 1500.00 ns, 93.7500 ns/op
WorkloadPilot    2: 1066672 op, 68068500.00 ns, 63.8139 ns/op
WorkloadPilot    3: 1567072 op, 63149300.00 ns, 40.2976 ns/op
WorkloadPilot    4: 2481536 op, 4420500.00 ns, 1.7814 ns/op
WorkloadPilot    5: 56137008 op, 98201000.00 ns, 1.7493 ns/op
WorkloadPilot    6: 57165424 op, 99468500.00 ns, 1.7400 ns/op
WorkloadPilot    7: 57470896 op, 99964600.00 ns, 1.7394 ns/op
WorkloadPilot    8: 57491248 op, 101197700.00 ns, 1.7602 ns/op
WorkloadPilot    9: 56810832 op, 100210600.00 ns, 1.7639 ns/op
WorkloadPilot   10: 56691440 op, 99626000.00 ns, 1.7573 ns/op
WorkloadPilot   11: 56904272 op, 98935000.00 ns, 1.7386 ns/op
WorkloadPilot   12: 57516832 op, 99955700.00 ns, 1.7379 ns/op
WorkloadPilot   13: 57542336 op, 101454500.00 ns, 1.7631 ns/op

OverheadWarmup   1: 57542336 op, 144750900.00 ns, 2.5156 ns/op
OverheadWarmup   2: 57542336 op, 116003500.00 ns, 2.0160 ns/op
OverheadWarmup   3: 57542336 op, 87618000.00 ns, 1.5227 ns/op
OverheadWarmup   4: 57542336 op, 86365000.00 ns, 1.5009 ns/op
OverheadWarmup   5: 57542336 op, 86313600.00 ns, 1.5000 ns/op
OverheadWarmup   6: 57542336 op, 86574500.00 ns, 1.5045 ns/op
OverheadWarmup   7: 57542336 op, 87133500.00 ns, 1.5143 ns/op
OverheadWarmup   8: 57542336 op, 87299100.00 ns, 1.5171 ns/op
OverheadWarmup   9: 57542336 op, 87282500.00 ns, 1.5168 ns/op
OverheadWarmup  10: 57542336 op, 87496500.00 ns, 1.5206 ns/op

OverheadActual   1: 57542336 op, 87564200.00 ns, 1.5217 ns/op
OverheadActual   2: 57542336 op, 87404200.00 ns, 1.5190 ns/op
OverheadActual   3: 57542336 op, 87365400.00 ns, 1.5183 ns/op
OverheadActual   4: 57542336 op, 86528900.00 ns, 1.5037 ns/op
OverheadActual   5: 57542336 op, 86296500.00 ns, 1.4997 ns/op
OverheadActual   6: 57542336 op, 86309700.00 ns, 1.4999 ns/op
OverheadActual   7: 57542336 op, 86391500.00 ns, 1.5014 ns/op
OverheadActual   8: 57542336 op, 86444200.00 ns, 1.5023 ns/op
OverheadActual   9: 57542336 op, 87664900.00 ns, 1.5235 ns/op
OverheadActual  10: 57542336 op, 86395900.00 ns, 1.5014 ns/op
OverheadActual  11: 57542336 op, 87055200.00 ns, 1.5129 ns/op
OverheadActual  12: 57542336 op, 86609200.00 ns, 1.5051 ns/op
OverheadActual  13: 57542336 op, 86531800.00 ns, 1.5038 ns/op
OverheadActual  14: 57542336 op, 86657800.00 ns, 1.5060 ns/op
OverheadActual  15: 57542336 op, 87832900.00 ns, 1.5264 ns/op

WorkloadWarmup   1: 57542336 op, 101979500.00 ns, 1.7723 ns/op
WorkloadWarmup   2: 57542336 op, 101080800.00 ns, 1.7566 ns/op
WorkloadWarmup   3: 57542336 op, 101390900.00 ns, 1.7620 ns/op
WorkloadWarmup   4: 57542336 op, 101809100.00 ns, 1.7693 ns/op
WorkloadWarmup   5: 57542336 op, 101128400.00 ns, 1.7575 ns/op
WorkloadWarmup   6: 57542336 op, 101134600.00 ns, 1.7576 ns/op
WorkloadWarmup   7: 57542336 op, 101415700.00 ns, 1.7625 ns/op
WorkloadWarmup   8: 57542336 op, 101252200.00 ns, 1.7596 ns/op

// BeforeActualRun
WorkloadActual   1: 57542336 op, 100175800.00 ns, 1.7409 ns/op
WorkloadActual   2: 57542336 op, 100419800.00 ns, 1.7451 ns/op
WorkloadActual   3: 57542336 op, 102492900.00 ns, 1.7812 ns/op
WorkloadActual   4: 57542336 op, 101488700.00 ns, 1.7637 ns/op
WorkloadActual   5: 57542336 op, 101239100.00 ns, 1.7594 ns/op
WorkloadActual   6: 57542336 op, 101238600.00 ns, 1.7594 ns/op
WorkloadActual   7: 57542336 op, 100026100.00 ns, 1.7383 ns/op
WorkloadActual   8: 57542336 op, 100133700.00 ns, 1.7402 ns/op
WorkloadActual   9: 57542336 op, 100104600.00 ns, 1.7397 ns/op
WorkloadActual  10: 57542336 op, 100113300.00 ns, 1.7398 ns/op
WorkloadActual  11: 57542336 op, 100074900.00 ns, 1.7392 ns/op
WorkloadActual  12: 57542336 op, 100232000.00 ns, 1.7419 ns/op
WorkloadActual  13: 57542336 op, 100037400.00 ns, 1.7385 ns/op
WorkloadActual  14: 57542336 op, 100200400.00 ns, 1.7413 ns/op
WorkloadActual  15: 57542336 op, 99944900.00 ns, 1.7369 ns/op

// AfterActualRun
WorkloadResult   1: 57542336 op, 13566600.00 ns, 0.2358 ns/op
WorkloadResult   2: 57542336 op, 13810600.00 ns, 0.2400 ns/op
WorkloadResult   3: 57542336 op, 14879500.00 ns, 0.2586 ns/op
WorkloadResult   4: 57542336 op, 14629900.00 ns, 0.2542 ns/op
WorkloadResult   5: 57542336 op, 14629400.00 ns, 0.2542 ns/op
WorkloadResult   6: 57542336 op, 13416900.00 ns, 0.2332 ns/op
WorkloadResult   7: 57542336 op, 13524500.00 ns, 0.2350 ns/op
WorkloadResult   8: 57542336 op, 13495400.00 ns, 0.2345 ns/op
WorkloadResult   9: 57542336 op, 13504100.00 ns, 0.2347 ns/op
WorkloadResult  10: 57542336 op, 13465700.00 ns, 0.2340 ns/op
WorkloadResult  11: 57542336 op, 13622800.00 ns, 0.2367 ns/op
WorkloadResult  12: 57542336 op, 13428200.00 ns, 0.2334 ns/op
WorkloadResult  13: 57542336 op, 13591200.00 ns, 0.2362 ns/op
WorkloadResult  14: 57542336 op, 13335700.00 ns, 0.2318 ns/op
// GC:  0 0 0 0 57542336
// Threading:  0 0 57542336

// AfterAll
// Benchmark Process 16592 has exited with code 0.

Mean = 0.239 ns, StdErr = 0.002 ns (1.01%), N = 14, StdDev = 0.009 ns
Min = 0.232 ns, Q1 = 0.234 ns, Median = 0.235 ns, Q3 = 0.239 ns, Max = 0.259 ns
IQR = 0.005 ns, LowerFence = 0.227 ns, UpperFence = 0.247 ns
ConfidenceInterval = [0.229 ns; 0.250 ns] (CI 99.9%), Margin = 0.010 ns (4.27% of Mean)
Skewness = 1.15, Kurtosis = 2.53, MValue = 2

// ** Remained 2 (15.4%) benchmark(s) to run. Estimated finish 2026-02-24 22:42 (0h 0m from now) **
Setup power plan (GUID: 8c5e7fda-e8bf-4a96-9a85-a6e23a8c635c FriendlyName: High performance)
// **************************
// Benchmark: Scenario1.S1_ReturnVoidErrorWithMessage_EnumerationsOptions: .NET 10.0(Runtime=.NET 10.0, IterationTime=100ms) [Iterations=2]
// *** Execute ***
// Launch: 1 / 1
// Execute: dotnet Enumerations.Options.Benchmarks-1.dll --anonymousPipes 1708 1660 --benchmarkName "ReillyDigital.Enumerations.Options.Benchmarks.Scenarios.Scenario1.S1_ReturnVoidErrorWithMessage_EnumerationsOptions(Iterations: 2)" --job ".NET 10.0" --benchmarkId 11 in D:\x\devs\reilly-digital\dotnet\enumerations.options.benchmarks\bin\Debug\net10.0\Enumerations.Options.Benchmarks-1\bin\Release\net10.0
// BeforeAnythingElse

// Benchmark Process Environment Information:
// BenchmarkDotNet v0.15.8
// Runtime=.NET 10.0.3 (10.0.3, 10.0.326.7603), X64 RyuJIT x86-64-v3
// GC=Concurrent Workstation
// HardwareIntrinsics=AVX2+BMI1+BMI2+F16C+FMA+LZCNT+MOVBE,AVX,SSE3+SSSE3+SSE4.1+SSE4.2+POPCNT,X86Base+SSE+SSE2,AES+PCLMUL VectorSize=256
// Job: .NET 10.0(IterationTime=100ms)

OverheadJitting  1: 1 op, 108000.00 ns, 108.0000 us/op
WorkloadJitting  1: 1 op, 1149500.00 ns, 1.1495 ms/op

OverheadJitting  2: 16 op, 164200.00 ns, 10.2625 us/op
WorkloadJitting  2: 16 op, 157100.00 ns, 9.8188 us/op

WorkloadPilot    1: 16 op, 1500.00 ns, 93.7500 ns/op
WorkloadPilot    2: 1066672 op, 65892300.00 ns, 61.7737 ns/op
WorkloadPilot    3: 1618816 op, 57996800.00 ns, 35.8267 ns/op
WorkloadPilot    4: 2791216 op, 4872400.00 ns, 1.7456 ns/op
WorkloadPilot    5: 57286272 op, 99450700.00 ns, 1.7360 ns/op
WorkloadPilot    6: 57602688 op, 99937100.00 ns, 1.7349 ns/op
WorkloadPilot    7: 57638944 op, 100595800.00 ns, 1.7453 ns/op
WorkloadPilot    8: 57297568 op, 99914200.00 ns, 1.7438 ns/op
WorkloadPilot    9: 57346784 op, 99997300.00 ns, 1.7437 ns/op
WorkloadPilot   10: 57348336 op, 100104000.00 ns, 1.7455 ns/op
WorkloadPilot   11: 57288768 op, 98806500.00 ns, 1.7247 ns/op
WorkloadPilot   12: 57980768 op, 99941500.00 ns, 1.7237 ns/op
WorkloadPilot   13: 58014720 op, 99933400.00 ns, 1.7226 ns/op
WorkloadPilot   14: 58053392 op, 100083300.00 ns, 1.7240 ns/op

OverheadWarmup   1: 58053392 op, 142255300.00 ns, 2.4504 ns/op
OverheadWarmup   2: 58053392 op, 110561100.00 ns, 1.9045 ns/op
OverheadWarmup   3: 58053392 op, 86135200.00 ns, 1.4837 ns/op
OverheadWarmup   4: 58053392 op, 86229400.00 ns, 1.4853 ns/op
OverheadWarmup   5: 58053392 op, 86423400.00 ns, 1.4887 ns/op
OverheadWarmup   6: 58053392 op, 86199200.00 ns, 1.4848 ns/op
OverheadWarmup   7: 58053392 op, 86216500.00 ns, 1.4851 ns/op
OverheadWarmup   8: 58053392 op, 86228300.00 ns, 1.4853 ns/op
OverheadWarmup   9: 58053392 op, 86143500.00 ns, 1.4839 ns/op

OverheadActual   1: 58053392 op, 86467700.00 ns, 1.4895 ns/op
OverheadActual   2: 58053392 op, 86177500.00 ns, 1.4845 ns/op
OverheadActual   3: 58053392 op, 86115000.00 ns, 1.4834 ns/op
OverheadActual   4: 58053392 op, 87377100.00 ns, 1.5051 ns/op
OverheadActual   5: 58053392 op, 86208300.00 ns, 1.4850 ns/op
OverheadActual   6: 58053392 op, 86184600.00 ns, 1.4846 ns/op
OverheadActual   7: 58053392 op, 87344500.00 ns, 1.5046 ns/op
OverheadActual   8: 58053392 op, 86212000.00 ns, 1.4850 ns/op
OverheadActual   9: 58053392 op, 86203700.00 ns, 1.4849 ns/op
OverheadActual  10: 58053392 op, 86496000.00 ns, 1.4899 ns/op
OverheadActual  11: 58053392 op, 86410200.00 ns, 1.4885 ns/op
OverheadActual  12: 58053392 op, 86183300.00 ns, 1.4846 ns/op
OverheadActual  13: 58053392 op, 86746400.00 ns, 1.4943 ns/op
OverheadActual  14: 58053392 op, 86162500.00 ns, 1.4842 ns/op
OverheadActual  15: 58053392 op, 86438500.00 ns, 1.4889 ns/op

WorkloadWarmup   1: 58053392 op, 110708200.00 ns, 1.9070 ns/op
WorkloadWarmup   2: 58053392 op, 100678300.00 ns, 1.7342 ns/op
WorkloadWarmup   3: 58053392 op, 101243300.00 ns, 1.7440 ns/op
WorkloadWarmup   4: 58053392 op, 101141400.00 ns, 1.7422 ns/op
WorkloadWarmup   5: 58053392 op, 101200100.00 ns, 1.7432 ns/op
WorkloadWarmup   6: 58053392 op, 101299700.00 ns, 1.7449 ns/op
WorkloadWarmup   7: 58053392 op, 101175400.00 ns, 1.7428 ns/op

// BeforeActualRun
WorkloadActual   1: 58053392 op, 101381400.00 ns, 1.7463 ns/op
WorkloadActual   2: 58053392 op, 101261900.00 ns, 1.7443 ns/op
WorkloadActual   3: 58053392 op, 100049800.00 ns, 1.7234 ns/op
WorkloadActual   4: 58053392 op, 101259700.00 ns, 1.7443 ns/op
WorkloadActual   5: 58053392 op, 101244400.00 ns, 1.7440 ns/op
WorkloadActual   6: 58053392 op, 101255700.00 ns, 1.7442 ns/op
WorkloadActual   7: 58053392 op, 101258400.00 ns, 1.7442 ns/op
WorkloadActual   8: 58053392 op, 100424800.00 ns, 1.7299 ns/op
WorkloadActual   9: 58053392 op, 101442200.00 ns, 1.7474 ns/op
WorkloadActual  10: 58053392 op, 101461900.00 ns, 1.7477 ns/op
WorkloadActual  11: 58053392 op, 102203000.00 ns, 1.7605 ns/op
WorkloadActual  12: 58053392 op, 101335600.00 ns, 1.7456 ns/op
WorkloadActual  13: 58053392 op, 101566000.00 ns, 1.7495 ns/op
WorkloadActual  14: 58053392 op, 100922800.00 ns, 1.7384 ns/op
WorkloadActual  15: 58053392 op, 100923700.00 ns, 1.7385 ns/op

// AfterActualRun
WorkloadResult   1: 58053392 op, 15169400.00 ns, 0.2613 ns/op
WorkloadResult   2: 58053392 op, 15049900.00 ns, 0.2592 ns/op
WorkloadResult   3: 58053392 op, 13837800.00 ns, 0.2384 ns/op
WorkloadResult   4: 58053392 op, 15047700.00 ns, 0.2592 ns/op
WorkloadResult   5: 58053392 op, 15032400.00 ns, 0.2589 ns/op
WorkloadResult   6: 58053392 op, 15043700.00 ns, 0.2591 ns/op
WorkloadResult   7: 58053392 op, 15046400.00 ns, 0.2592 ns/op
WorkloadResult   8: 58053392 op, 14212800.00 ns, 0.2448 ns/op
WorkloadResult   9: 58053392 op, 15230200.00 ns, 0.2623 ns/op
WorkloadResult  10: 58053392 op, 15249900.00 ns, 0.2627 ns/op
WorkloadResult  11: 58053392 op, 15123600.00 ns, 0.2605 ns/op
WorkloadResult  12: 58053392 op, 15354000.00 ns, 0.2645 ns/op
WorkloadResult  13: 58053392 op, 14710800.00 ns, 0.2534 ns/op
WorkloadResult  14: 58053392 op, 14711700.00 ns, 0.2534 ns/op
// GC:  0 0 0 0 58053392
// Threading:  0 0 58053392

// AfterAll
// Benchmark Process 1540 has exited with code 0.

Mean = 0.257 ns, StdErr = 0.002 ns (0.76%), N = 14, StdDev = 0.007 ns
Min = 0.238 ns, Q1 = 0.255 ns, Median = 0.259 ns, Q3 = 0.261 ns, Max = 0.264 ns
IQR = 0.006 ns, LowerFence = 0.245 ns, UpperFence = 0.271 ns
ConfidenceInterval = [0.249 ns; 0.265 ns] (CI 99.9%), Margin = 0.008 ns (3.20% of Mean)
Skewness = -1.34, Kurtosis = 3.69, MValue = 2

// ** Remained 1 (7.7%) benchmark(s) to run. Estimated finish 2026-02-24 22:42 (0h 0m from now) **
Setup power plan (GUID: 8c5e7fda-e8bf-4a96-9a85-a6e23a8c635c FriendlyName: High performance)
// **************************
// Benchmark: Scenario1.S1_ReturnVoidSuccess_EnumerationsOptions: .NET 10.0(Runtime=.NET 10.0, IterationTime=100ms) [Iterations=2]
// *** Execute ***
// Launch: 1 / 1
// Execute: dotnet Enumerations.Options.Benchmarks-1.dll --anonymousPipes 1688 1716 --benchmarkName "ReillyDigital.Enumerations.Options.Benchmarks.Scenarios.Scenario1.S1_ReturnVoidSuccess_EnumerationsOptions(Iterations: 2)" --job ".NET 10.0" --benchmarkId 12 in D:\x\devs\reilly-digital\dotnet\enumerations.options.benchmarks\bin\Debug\net10.0\Enumerations.Options.Benchmarks-1\bin\Release\net10.0
// BeforeAnythingElse

// Benchmark Process Environment Information:
// BenchmarkDotNet v0.15.8
// Runtime=.NET 10.0.3 (10.0.3, 10.0.326.7603), X64 RyuJIT x86-64-v3
// GC=Concurrent Workstation
// HardwareIntrinsics=AVX2+BMI1+BMI2+F16C+FMA+LZCNT+MOVBE,AVX,SSE3+SSSE3+SSE4.1+SSE4.2+POPCNT,X86Base+SSE+SSE2,AES+PCLMUL VectorSize=256
// Job: .NET 10.0(IterationTime=100ms)

OverheadJitting  1: 1 op, 118300.00 ns, 118.3000 us/op
WorkloadJitting  1: 1 op, 1210400.00 ns, 1.2104 ms/op

OverheadJitting  2: 16 op, 154700.00 ns, 9.6688 us/op
WorkloadJitting  2: 16 op, 145900.00 ns, 9.1188 us/op

WorkloadPilot    1: 16 op, 1900.00 ns, 118.7500 ns/op
WorkloadPilot    2: 842112 op, 44194000.00 ns, 52.4800 ns/op
WorkloadPilot    3: 1905504 op, 80052300.00 ns, 42.0111 ns/op
WorkloadPilot    4: 2380336 op, 4167600.00 ns, 1.7508 ns/op
WorkloadPilot    5: 57115280 op, 101436100.00 ns, 1.7760 ns/op
WorkloadPilot    6: 56306672 op, 97784500.00 ns, 1.7366 ns/op
WorkloadPilot    7: 57582416 op, 100023200.00 ns, 1.7370 ns/op
WorkloadPilot    8: 57569072 op, 99972200.00 ns, 1.7366 ns/op
WorkloadPilot    9: 57585088 op, 100095300.00 ns, 1.7382 ns/op

OverheadWarmup   1: 57585088 op, 147332000.00 ns, 2.5585 ns/op
OverheadWarmup   2: 57585088 op, 109922400.00 ns, 1.9089 ns/op
OverheadWarmup   3: 57585088 op, 85825600.00 ns, 1.4904 ns/op
OverheadWarmup   4: 57585088 op, 85811700.00 ns, 1.4902 ns/op
OverheadWarmup   5: 57585088 op, 86341700.00 ns, 1.4994 ns/op
OverheadWarmup   6: 57585088 op, 85444100.00 ns, 1.4838 ns/op
OverheadWarmup   7: 57585088 op, 86475200.00 ns, 1.5017 ns/op
OverheadWarmup   8: 57585088 op, 87460200.00 ns, 1.5188 ns/op
OverheadWarmup   9: 57585088 op, 89541600.00 ns, 1.5549 ns/op
OverheadWarmup  10: 57585088 op, 88229800.00 ns, 1.5322 ns/op

OverheadActual   1: 57585088 op, 89512100.00 ns, 1.5544 ns/op
OverheadActual   2: 57585088 op, 87614300.00 ns, 1.5215 ns/op
OverheadActual   3: 57585088 op, 89008500.00 ns, 1.5457 ns/op
OverheadActual   4: 57585088 op, 85635500.00 ns, 1.4871 ns/op
OverheadActual   5: 57585088 op, 89677900.00 ns, 1.5573 ns/op
OverheadActual   6: 57585088 op, 87918900.00 ns, 1.5268 ns/op
OverheadActual   7: 57585088 op, 87602600.00 ns, 1.5213 ns/op
OverheadActual   8: 57585088 op, 86681600.00 ns, 1.5053 ns/op
OverheadActual   9: 57585088 op, 85469400.00 ns, 1.4842 ns/op
OverheadActual  10: 57585088 op, 85658400.00 ns, 1.4875 ns/op
OverheadActual  11: 57585088 op, 85488800.00 ns, 1.4846 ns/op
OverheadActual  12: 57585088 op, 86730400.00 ns, 1.5061 ns/op
OverheadActual  13: 57585088 op, 87067700.00 ns, 1.5120 ns/op
OverheadActual  14: 57585088 op, 87849200.00 ns, 1.5256 ns/op
OverheadActual  15: 57585088 op, 86355900.00 ns, 1.4996 ns/op

WorkloadWarmup   1: 57585088 op, 99419900.00 ns, 1.7265 ns/op
WorkloadWarmup   2: 57585088 op, 99219400.00 ns, 1.7230 ns/op
WorkloadWarmup   3: 57585088 op, 99225800.00 ns, 1.7231 ns/op
WorkloadWarmup   4: 57585088 op, 99284900.00 ns, 1.7241 ns/op
WorkloadWarmup   5: 57585088 op, 99283000.00 ns, 1.7241 ns/op
WorkloadWarmup   6: 57585088 op, 99429300.00 ns, 1.7267 ns/op
WorkloadWarmup   7: 57585088 op, 99221000.00 ns, 1.7230 ns/op

// BeforeActualRun
WorkloadActual   1: 57585088 op, 100629300.00 ns, 1.7475 ns/op
WorkloadActual   2: 57585088 op, 100543100.00 ns, 1.7460 ns/op
WorkloadActual   3: 57585088 op, 100655200.00 ns, 1.7479 ns/op
WorkloadActual   4: 57585088 op, 100488000.00 ns, 1.7450 ns/op
WorkloadActual   5: 57585088 op, 107256600.00 ns, 1.8626 ns/op
WorkloadActual   6: 57585088 op, 101445300.00 ns, 1.7617 ns/op
WorkloadActual   7: 57585088 op, 109922200.00 ns, 1.9089 ns/op
WorkloadActual   8: 57585088 op, 100861000.00 ns, 1.7515 ns/op
WorkloadActual   9: 57585088 op, 101045900.00 ns, 1.7547 ns/op
WorkloadActual  10: 57585088 op, 100922700.00 ns, 1.7526 ns/op
WorkloadActual  11: 57585088 op, 105407100.00 ns, 1.8305 ns/op
WorkloadActual  12: 57585088 op, 100870600.00 ns, 1.7517 ns/op
WorkloadActual  13: 57585088 op, 100088800.00 ns, 1.7381 ns/op
WorkloadActual  14: 57585088 op, 100069700.00 ns, 1.7378 ns/op
WorkloadActual  15: 57585088 op, 100118500.00 ns, 1.7386 ns/op

// AfterActualRun
WorkloadResult   1: 57585088 op, 13561600.00 ns, 0.2355 ns/op
WorkloadResult   2: 57585088 op, 13475400.00 ns, 0.2340 ns/op
WorkloadResult   3: 57585088 op, 13587500.00 ns, 0.2360 ns/op
WorkloadResult   4: 57585088 op, 13420300.00 ns, 0.2331 ns/op
WorkloadResult   5: 57585088 op, 14377600.00 ns, 0.2497 ns/op
WorkloadResult   6: 57585088 op, 13793300.00 ns, 0.2395 ns/op
WorkloadResult   7: 57585088 op, 13978200.00 ns, 0.2427 ns/op
WorkloadResult   8: 57585088 op, 13855000.00 ns, 0.2406 ns/op
WorkloadResult   9: 57585088 op, 13802900.00 ns, 0.2397 ns/op
WorkloadResult  10: 57585088 op, 13021100.00 ns, 0.2261 ns/op
WorkloadResult  11: 57585088 op, 13002000.00 ns, 0.2258 ns/op
WorkloadResult  12: 57585088 op, 13050800.00 ns, 0.2266 ns/op
// GC:  0 0 0 0 57585088
// Threading:  0 0 57585088

// AfterAll
// Benchmark Process 1136 has exited with code 0.

Mean = 0.236 ns, StdErr = 0.002 ns (0.89%), N = 12, StdDev = 0.007 ns
Min = 0.226 ns, Q1 = 0.231 ns, Median = 0.236 ns, Q3 = 0.240 ns, Max = 0.250 ns
IQR = 0.008 ns, LowerFence = 0.219 ns, UpperFence = 0.253 ns
ConfidenceInterval = [0.226 ns; 0.245 ns] (CI 99.9%), Margin = 0.009 ns (3.95% of Mean)
Skewness = 0.12, Kurtosis = 1.98, MValue = 2

// ** Remained 0 (0.0%) benchmark(s) to run. Estimated finish 2026-02-24 22:42 (0h 0m from now) **
Successfully reverted power plan (GUID: 381b4222-f694-41f0-9685-ff5bb260df2e FriendlyName: Balanced)
// ***** BenchmarkRunner: Finish  *****

// * Export *
  BenchmarkDotNet.Artifacts\results\ReillyDigital.Enumerations.Options.Benchmarks.Scenarios.Scenario1-report.csv
  BenchmarkDotNet.Artifacts\results\ReillyDigital.Enumerations.Options.Benchmarks.Scenarios.Scenario1-report-github.md
  BenchmarkDotNet.Artifacts\results\ReillyDigital.Enumerations.Options.Benchmarks.Scenarios.Scenario1-report.html

// * Detailed results *
Scenario1.S1_CheckOptionStringErrorNoMessage_EnumerationsOptions: .NET 10.0(Runtime=.NET 10.0, IterationTime=100ms) [Iterations=2]
Runtime = .NET 10.0.3 (10.0.3, 10.0.326.7603), X64 RyuJIT x86-64-v3; GC = Concurrent Workstation
Mean = 1.938 ns, StdErr = 0.003 ns (0.17%), N = 13, StdDev = 0.012 ns
Min = 1.919 ns, Q1 = 1.929 ns, Median = 1.943 ns, Q3 = 1.948 ns, Max = 1.954 ns
IQR = 0.019 ns, LowerFence = 1.901 ns, UpperFence = 1.976 ns
ConfidenceInterval = [1.924 ns; 1.952 ns] (CI 99.9%), Margin = 0.014 ns (0.72% of Mean)
Skewness = -0.36, Kurtosis = 1.5, MValue = 2
-------------------- Histogram --------------------
[1.913 ns ; 1.961 ns) | @@@@@@@@@@@@@
---------------------------------------------------

Scenario1.S1_CheckOptionStringErrorWithMessage_EnumerationsOptions: .NET 10.0(Runtime=.NET 10.0, IterationTime=100ms) [Iterations=2]
Runtime = .NET 10.0.3 (10.0.3, 10.0.326.7603), X64 RyuJIT x86-64-v3; GC = Concurrent Workstation
Mean = 0.302 ns, StdErr = 0.008 ns (2.74%), N = 15, StdDev = 0.032 ns
Min = 0.250 ns, Q1 = 0.273 ns, Median = 0.310 ns, Q3 = 0.323 ns, Max = 0.351 ns
IQR = 0.050 ns, LowerFence = 0.198 ns, UpperFence = 0.397 ns
ConfidenceInterval = [0.267 ns; 0.336 ns] (CI 99.9%), Margin = 0.034 ns (11.33% of Mean)
Skewness = -0.26, Kurtosis = 1.6, MValue = 3
-------------------- Histogram --------------------
[0.246 ns ; 0.280 ns) | @@@@@
[0.280 ns ; 0.305 ns) | @
[0.305 ns ; 0.339 ns) | @@@@@@@@
[0.339 ns ; 0.368 ns) | @
---------------------------------------------------

Scenario1.S1_CheckOptionStringSuccess_EnumerationsOptions: .NET 10.0(Runtime=.NET 10.0, IterationTime=100ms) [Iterations=2]
Runtime = .NET 10.0.3 (10.0.3, 10.0.326.7603), X64 RyuJIT x86-64-v3; GC = Concurrent Workstation
Mean = 0.389 ns, StdErr = 0.010 ns (2.70%), N = 35, StdDev = 0.062 ns
Min = 0.322 ns, Q1 = 0.337 ns, Median = 0.357 ns, Q3 = 0.450 ns, Max = 0.504 ns
IQR = 0.114 ns, LowerFence = 0.166 ns, UpperFence = 0.621 ns
ConfidenceInterval = [0.351 ns; 0.426 ns] (CI 99.9%), Margin = 0.038 ns (9.73% of Mean)
Skewness = 0.53, Kurtosis = 1.59, MValue = 2.86
-------------------- Histogram --------------------
[0.320 ns ; 0.370 ns) | @@@@@@@@@@@@@@@@@@@@@
[0.370 ns ; 0.395 ns) | 
[0.395 ns ; 0.443 ns) | @@@@
[0.443 ns ; 0.493 ns) | @@@@@@@@@
[0.493 ns ; 0.529 ns) | @
---------------------------------------------------

Scenario1.S1_CheckVoidErrorNoMessage_EnumerationsOptions: .NET 10.0(Runtime=.NET 10.0, IterationTime=100ms) [Iterations=2]
Runtime = .NET 10.0.3 (10.0.3, 10.0.326.7603), X64 RyuJIT x86-64-v3; GC = Concurrent Workstation
Mean = 0.177 ns, StdErr = 0.003 ns (1.62%), N = 15, StdDev = 0.011 ns
Min = 0.167 ns, Q1 = 0.169 ns, Median = 0.171 ns, Q3 = 0.185 ns, Max = 0.200 ns
IQR = 0.016 ns, LowerFence = 0.146 ns, UpperFence = 0.209 ns
ConfidenceInterval = [0.165 ns; 0.189 ns] (CI 99.9%), Margin = 0.012 ns (6.71% of Mean)
Skewness = 0.82, Kurtosis = 1.93, MValue = 2.73
-------------------- Histogram --------------------
[0.167 ns ; 0.179 ns) | @@@@@@@@@@@
[0.179 ns ; 0.190 ns) | 
[0.190 ns ; 0.202 ns) | @@@@
---------------------------------------------------

Scenario1.S1_CheckVoidErrorWithMessage_EnumerationsOptions: .NET 10.0(Runtime=.NET 10.0, IterationTime=100ms) [Iterations=2]
Runtime = .NET 10.0.3 (10.0.3, 10.0.326.7603), X64 RyuJIT x86-64-v3; GC = Concurrent Workstation
Mean = 0.216 ns, StdErr = 0.004 ns (1.98%), N = 15, StdDev = 0.017 ns
Min = 0.197 ns, Q1 = 0.201 ns, Median = 0.218 ns, Q3 = 0.221 ns, Max = 0.245 ns
IQR = 0.020 ns, LowerFence = 0.170 ns, UpperFence = 0.252 ns
ConfidenceInterval = [0.199 ns; 0.234 ns] (CI 99.9%), Margin = 0.018 ns (8.20% of Mean)
Skewness = 0.44, Kurtosis = 1.82, MValue = 2.86
-------------------- Histogram --------------------
[0.188 ns ; 0.205 ns) | @@@@@
[0.205 ns ; 0.222 ns) | @@@@@@@
[0.222 ns ; 0.234 ns) | 
[0.234 ns ; 0.254 ns) | @@@
---------------------------------------------------

Scenario1.S1_CheckVoidSuccess_EnumerationsOptions: .NET 10.0(Runtime=.NET 10.0, IterationTime=100ms) [Iterations=2]
Runtime = .NET 10.0.3 (10.0.3, 10.0.326.7603), X64 RyuJIT x86-64-v3; GC = Concurrent Workstation
Mean = 0.225 ns, StdErr = 0.002 ns (1.09%), N = 15, StdDev = 0.009 ns
Min = 0.217 ns, Q1 = 0.218 ns, Median = 0.222 ns, Q3 = 0.229 ns, Max = 0.243 ns
IQR = 0.011 ns, LowerFence = 0.202 ns, UpperFence = 0.246 ns
ConfidenceInterval = [0.215 ns; 0.236 ns] (CI 99.9%), Margin = 0.010 ns (4.50% of Mean)
Skewness = 0.88, Kurtosis = 2.05, MValue = 2.73
-------------------- Histogram --------------------
[0.216 ns ; 0.226 ns) | @@@@@@@@@@@
[0.226 ns ; 0.233 ns) | 
[0.233 ns ; 0.243 ns) | @@@@
---------------------------------------------------

Scenario1.S1_ReturnOptionStringErrorNoMessage_EnumerationsOptions: .NET 10.0(Runtime=.NET 10.0, IterationTime=100ms) [Iterations=2]
Runtime = .NET 10.0.3 (10.0.3, 10.0.326.7603), X64 RyuJIT x86-64-v3; GC = Concurrent Workstation
Mean = 0.244 ns, StdErr = 0.003 ns (1.21%), N = 15, StdDev = 0.011 ns
Min = 0.232 ns, Q1 = 0.234 ns, Median = 0.236 ns, Q3 = 0.251 ns, Max = 0.264 ns
IQR = 0.018 ns, LowerFence = 0.208 ns, UpperFence = 0.278 ns
ConfidenceInterval = [0.232 ns; 0.256 ns] (CI 99.9%), Margin = 0.012 ns (5.01% of Mean)
Skewness = 0.39, Kurtosis = 1.44, MValue = 3.5
-------------------- Histogram --------------------
[0.228 ns ; 0.240 ns) | @@@@@@@@
[0.240 ns ; 0.250 ns) | 
[0.250 ns ; 0.262 ns) | @@@@@@
[0.262 ns ; 0.270 ns) | @
---------------------------------------------------

Scenario1.S1_ReturnOptionStringErrorWithMessage_EnumerationsOptions: .NET 10.0(Runtime=.NET 10.0, IterationTime=100ms) [Iterations=2]
Runtime = .NET 10.0.3 (10.0.3, 10.0.326.7603), X64 RyuJIT x86-64-v3; GC = Concurrent Workstation
Mean = 0.238 ns, StdErr = 0.003 ns (1.14%), N = 15, StdDev = 0.010 ns
Min = 0.221 ns, Q1 = 0.228 ns, Median = 0.242 ns, Q3 = 0.245 ns, Max = 0.251 ns
IQR = 0.017 ns, LowerFence = 0.202 ns, UpperFence = 0.271 ns
ConfidenceInterval = [0.227 ns; 0.249 ns] (CI 99.9%), Margin = 0.011 ns (4.70% of Mean)
Skewness = -0.51, Kurtosis = 1.52, MValue = 3.11
-------------------- Histogram --------------------
[0.219 ns ; 0.230 ns) | @@@@@
[0.230 ns ; 0.239 ns) | 
[0.239 ns ; 0.250 ns) | @@@@@@@@@
[0.250 ns ; 0.257 ns) | @
---------------------------------------------------

Scenario1.S1_ReturnOptionStringNone_EnumerationsOptions: .NET 10.0(Runtime=.NET 10.0, IterationTime=100ms) [Iterations=2]
Runtime = .NET 10.0.3 (10.0.3, 10.0.326.7603), X64 RyuJIT x86-64-v3; GC = Concurrent Workstation
Mean = 0.229 ns, StdErr = 0.003 ns (1.14%), N = 15, StdDev = 0.010 ns
Min = 0.220 ns, Q1 = 0.221 ns, Median = 0.223 ns, Q3 = 0.240 ns, Max = 0.246 ns
IQR = 0.019 ns, LowerFence = 0.193 ns, UpperFence = 0.269 ns
ConfidenceInterval = [0.218 ns; 0.240 ns] (CI 99.9%), Margin = 0.011 ns (4.72% of Mean)
Skewness = 0.58, Kurtosis = 1.41, MValue = 3
-------------------- Histogram --------------------
[0.218 ns ; 0.229 ns) | @@@@@@@@@@
[0.229 ns ; 0.238 ns) | 
[0.238 ns ; 0.248 ns) | @@@@@
---------------------------------------------------

Scenario1.S1_ReturnOptionStringSuccess_EnumerationsOptions: .NET 10.0(Runtime=.NET 10.0, IterationTime=100ms) [Iterations=2]
Runtime = .NET 10.0.3 (10.0.3, 10.0.326.7603), X64 RyuJIT x86-64-v3; GC = Concurrent Workstation
Mean = 0.242 ns, StdErr = 0.004 ns (1.45%), N = 15, StdDev = 0.014 ns
Min = 0.222 ns, Q1 = 0.230 ns, Median = 0.242 ns, Q3 = 0.252 ns, Max = 0.264 ns
IQR = 0.022 ns, LowerFence = 0.197 ns, UpperFence = 0.284 ns
ConfidenceInterval = [0.228 ns; 0.257 ns] (CI 99.9%), Margin = 0.015 ns (6.00% of Mean)
Skewness = -0.04, Kurtosis = 1.56, MValue = 3.43
-------------------- Histogram --------------------
[0.219 ns ; 0.234 ns) | @@@@@
[0.234 ns ; 0.240 ns) | 
[0.240 ns ; 0.254 ns) | @@@@@@@
[0.254 ns ; 0.271 ns) | @@@
---------------------------------------------------

Scenario1.S1_ReturnVoidErrorNoMessage_EnumerationsOptions: .NET 10.0(Runtime=.NET 10.0, IterationTime=100ms) [Iterations=2]
Runtime = .NET 10.0.3 (10.0.3, 10.0.326.7603), X64 RyuJIT x86-64-v3; GC = Concurrent Workstation
Mean = 0.239 ns, StdErr = 0.002 ns (1.01%), N = 14, StdDev = 0.009 ns
Min = 0.232 ns, Q1 = 0.234 ns, Median = 0.235 ns, Q3 = 0.239 ns, Max = 0.259 ns
IQR = 0.005 ns, LowerFence = 0.227 ns, UpperFence = 0.247 ns
ConfidenceInterval = [0.229 ns; 0.250 ns] (CI 99.9%), Margin = 0.010 ns (4.27% of Mean)
Skewness = 1.15, Kurtosis = 2.53, MValue = 2
-------------------- Histogram --------------------
[0.231 ns ; 0.241 ns) | @@@@@@@@@@@
[0.241 ns ; 0.251 ns) | 
[0.251 ns ; 0.261 ns) | @@@
---------------------------------------------------

Scenario1.S1_ReturnVoidErrorWithMessage_EnumerationsOptions: .NET 10.0(Runtime=.NET 10.0, IterationTime=100ms) [Iterations=2]
Runtime = .NET 10.0.3 (10.0.3, 10.0.326.7603), X64 RyuJIT x86-64-v3; GC = Concurrent Workstation
Mean = 0.257 ns, StdErr = 0.002 ns (0.76%), N = 14, StdDev = 0.007 ns
Min = 0.238 ns, Q1 = 0.255 ns, Median = 0.259 ns, Q3 = 0.261 ns, Max = 0.264 ns
IQR = 0.006 ns, LowerFence = 0.245 ns, UpperFence = 0.271 ns
ConfidenceInterval = [0.249 ns; 0.265 ns] (CI 99.9%), Margin = 0.008 ns (3.20% of Mean)
Skewness = -1.34, Kurtosis = 3.69, MValue = 2
-------------------- Histogram --------------------
[0.238 ns ; 0.249 ns) | @@
[0.249 ns ; 0.258 ns) | @@
[0.258 ns ; 0.266 ns) | @@@@@@@@@@
---------------------------------------------------

Scenario1.S1_ReturnVoidSuccess_EnumerationsOptions: .NET 10.0(Runtime=.NET 10.0, IterationTime=100ms) [Iterations=2]
Runtime = .NET 10.0.3 (10.0.3, 10.0.326.7603), X64 RyuJIT x86-64-v3; GC = Concurrent Workstation
Mean = 0.236 ns, StdErr = 0.002 ns (0.89%), N = 12, StdDev = 0.007 ns
Min = 0.226 ns, Q1 = 0.231 ns, Median = 0.236 ns, Q3 = 0.240 ns, Max = 0.250 ns
IQR = 0.008 ns, LowerFence = 0.219 ns, UpperFence = 0.253 ns
ConfidenceInterval = [0.226 ns; 0.245 ns] (CI 99.9%), Margin = 0.009 ns (3.95% of Mean)
Skewness = 0.12, Kurtosis = 1.98, MValue = 2
-------------------- Histogram --------------------
[0.222 ns ; 0.230 ns) | @@@
[0.230 ns ; 0.241 ns) | @@@@@@@
[0.241 ns ; 0.250 ns) | @@
---------------------------------------------------

// * Summary *

BenchmarkDotNet v0.15.8, Windows 11 (10.0.26200.7840/25H2/2025Update/HudsonValley2)
AMD Ryzen 5 3600 3.59GHz, 1 CPU, 12 logical and 6 physical cores
.NET SDK 10.0.103
  [Host]    : .NET 10.0.3 (10.0.3, 10.0.326.7603), X64 RyuJIT x86-64-v3
  .NET 10.0 : .NET 10.0.3 (10.0.3, 10.0.326.7603), X64 RyuJIT x86-64-v3

Job=.NET 10.0  Runtime=.NET 10.0  IterationTime=100ms  
Iterations=2  

| Method                                                    | Categories                                  | Mean      | Ratio | Allocated | Alloc Ratio |
|---------------------------------------------------------- |-------------------------------------------- |----------:|------:|----------:|------------:|
| S1_CheckOptionStringErrorNoMessage_EnumerationsOptions    | S1: Check Option String Error No Message    | 1.9384 ns |  1.00 |         - |          NA |
|                                                           |                                             |           |       |           |             |
| S1_CheckOptionStringErrorWithMessage_EnumerationsOptions  | S1: Check Option String Error With Message  | 0.3016 ns |  1.01 |         - |          NA |
|                                                           |                                             |           |       |           |             |
| S1_CheckOptionStringSuccess_EnumerationsOptions           | S1: Check Option String Success             | 0.3886 ns |  1.02 |         - |          NA |
|                                                           |                                             |           |       |           |             |
| S1_CheckVoidErrorNoMessage_EnumerationsOptions            | S1: Check Void Error No Message             | 0.1773 ns |  1.00 |         - |          NA |
|                                                           |                                             |           |       |           |             |
| S1_CheckVoidErrorWithMessage_EnumerationsOptions          | S1: Check Void Error With Message           | 0.2163 ns |  1.01 |         - |          NA |
|                                                           |                                             |           |       |           |             |
| S1_CheckVoidSuccess_EnumerationsOptions                   | S1: Check Void Success                      | 0.2254 ns |  1.00 |         - |          NA |
|                                                           |                                             |           |       |           |             |
| S1_ReturnOptionStringErrorNoMessage_EnumerationsOptions   | S1: Return Option String Error No Message   | 0.2437 ns |  1.00 |         - |          NA |
|                                                           |                                             |           |       |           |             |
| S1_ReturnOptionStringErrorWithMessage_EnumerationsOptions | S1: Return Option String Error With Message | 0.2382 ns |  1.00 |         - |          NA |
|                                                           |                                             |           |       |           |             |
| S1_ReturnOptionStringNone_EnumerationsOptions             | S1: Return Option String None               | 0.2290 ns |  1.00 |         - |          NA |
|                                                           |                                             |           |       |           |             |
| S1_ReturnOptionStringSuccess_EnumerationsOptions          | S1: Return Option String Success            | 0.2422 ns |  1.00 |         - |          NA |
|                                                           |                                             |           |       |           |             |
| S1_ReturnVoidErrorNoMessage_EnumerationsOptions           | S1: Return Void Error No Message            | 0.2395 ns |  1.00 |         - |          NA |
|                                                           |                                             |           |       |           |             |
| S1_ReturnVoidErrorWithMessage_EnumerationsOptions         | S1: Return Void Error With Message          | 0.2569 ns |  1.00 |         - |          NA |
|                                                           |                                             |           |       |           |             |
| S1_ReturnVoidSuccess_EnumerationsOptions                  | S1: Return Void Success                     | 0.2358 ns |  1.00 |         - |          NA |

// * Warnings *
MinIterationTime
  Scenario1.S1_CheckOptionStringErrorNoMessage_EnumerationsOptions: .NET 10.0    -> The minimum observed iteration time is 94.621ms which is very small. It's recommended to increase it to at least 100ms using more operations.
  Scenario1.S1_CheckOptionStringErrorWithMessage_EnumerationsOptions: .NET 10.0  -> The minimum observed iteration time is 97.494ms which is very small. It's recommended to increase it to at least 100ms using more operations.
  Scenario1.S1_CheckOptionStringSuccess_EnumerationsOptions: .NET 10.0           -> The minimum observed iteration time is 99.161ms which is very small. It's recommended to increase it to at least 100ms using more operations.
  Scenario1.S1_CheckVoidErrorNoMessage_EnumerationsOptions: .NET 10.0            -> The minimum observed iteration time is 97.378ms which is very small. It's recommended to increase it to at least 100ms using more operations.
  Scenario1.S1_CheckVoidErrorWithMessage_EnumerationsOptions: .NET 10.0          -> The minimum observed iteration time is 99.899ms which is very small. It's recommended to increase it to at least 100ms using more operations.
  Scenario1.S1_CheckVoidSuccess_EnumerationsOptions: .NET 10.0                   -> The minimum observed iteration time is 98.694ms which is very small. It's recommended to increase it to at least 100ms using more operations.
  Scenario1.S1_ReturnOptionStringErrorNoMessage_EnumerationsOptions: .NET 10.0   -> The minimum observed iteration time is 98.946ms which is very small. It's recommended to increase it to at least 100ms using more operations.
  Scenario1.S1_ReturnOptionStringErrorWithMessage_EnumerationsOptions: .NET 10.0 -> The minimum observed iteration time is 99.972ms which is very small. It's recommended to increase it to at least 100ms using more operations.
  Scenario1.S1_ReturnOptionStringNone_EnumerationsOptions: .NET 10.0             -> The minimum observed iteration time is 98.894ms which is very small. It's recommended to increase it to at least 100ms using more operations.
  Scenario1.S1_ReturnOptionStringSuccess_EnumerationsOptions: .NET 10.0          -> The minimum observed iteration time is 98.731ms which is very small. It's recommended to increase it to at least 100ms using more operations.
  Scenario1.S1_ReturnVoidErrorNoMessage_EnumerationsOptions: .NET 10.0           -> The minimum observed iteration time is 99.945ms which is very small. It's recommended to increase it to at least 100ms using more operations.
MultimodalDistribution
  Scenario1.S1_CheckOptionStringErrorWithMessage_EnumerationsOptions: .NET 10.0  -> It seems that the distribution can have several modes (mValue = 3)
  Scenario1.S1_CheckOptionStringSuccess_EnumerationsOptions: .NET 10.0           -> It seems that the distribution can have several modes (mValue = 2.86)
  Scenario1.S1_ReturnOptionStringErrorNoMessage_EnumerationsOptions: .NET 10.0   -> It seems that the distribution is bimodal (mValue = 3.5)
  Scenario1.S1_ReturnOptionStringErrorWithMessage_EnumerationsOptions: .NET 10.0 -> It seems that the distribution can have several modes (mValue = 3.11)
  Scenario1.S1_ReturnOptionStringSuccess_EnumerationsOptions: .NET 10.0          -> It seems that the distribution is bimodal (mValue = 3.43)

// * Hints *
HideColumnsAnalyser
  Summary -> Hidden columns: Iterations, Error, StdDev, Median, RatioSD
Outliers
  Scenario1.S1_CheckOptionStringErrorNoMessage_EnumerationsOptions: .NET 10.0 -> 2 outliers were removed (2.03 ns, 2.04 ns)
  Scenario1.S1_ReturnVoidErrorNoMessage_EnumerationsOptions: .NET 10.0        -> 1 outlier  was  removed (1.78 ns)
  Scenario1.S1_ReturnVoidErrorWithMessage_EnumerationsOptions: .NET 10.0      -> 1 outlier  was  removed, 3 outliers were detected (1.72 ns, 1.73 ns, 1.76 ns)
  Scenario1.S1_ReturnVoidSuccess_EnumerationsOptions: .NET 10.0               -> 3 outliers were removed (1.83 ns..1.91 ns)

// * Legends *
  Categories  : All categories of the corresponded method, class, and assembly
  Mean        : Arithmetic mean of all measurements
  Ratio       : Mean of the ratio distribution ([Current]/[Baseline])
  Allocated   : Allocated memory per single operation (managed only, inclusive, 1KB = 1024B)
  Alloc Ratio : Allocated memory ratio distribution ([Current]/[Baseline])
  1 ns        : 1 Nanosecond (0.000000001 sec)

// * Diagnostic Output - MemoryDiagnoser *


// ***** BenchmarkRunner: End *****
Run time: 00:01:14 (74.27 sec), executed benchmarks: 13

Global total time: 00:01:25 (85.49 sec), executed benchmarks: 13
// * Artifacts cleanup *
Artifacts cleanup is finished
