// Validating benchmarks:
// ***** BenchmarkRunner: Start   *****
// ***** Found 13 benchmark(s) in total *****
// ***** Building 1 exe(s) in Parallel: Start   *****
// start dotnet  restore --nodeReuse:false /p:UseSharedCompilation=false /p:Deterministic=true /p:Optimize=true /p:ArtifactsPath="D:\x\devs\reilly-digital\dotnet\enumerations.options.benchmarks\bin\Debug\net10.0\Enumerations.Options.Benchmarks-1/" /p:OutDir="D:\x\devs\reilly-digital\dotnet\enumerations.options.benchmarks\bin\Debug\net10.0\Enumerations.Options.Benchmarks-1\bin\Release\net10.0/" /p:OutputPath="D:\x\devs\reilly-digital\dotnet\enumerations.options.benchmarks\bin\Debug\net10.0\Enumerations.Options.Benchmarks-1\bin\Release\net10.0/" /p:PublishDir="D:\x\devs\reilly-digital\dotnet\enumerations.options.benchmarks\bin\Debug\net10.0\Enumerations.Options.Benchmarks-1\publish/" in D:\x\devs\reilly-digital\dotnet\enumerations.options.benchmarks\bin\Debug\net10.0\Enumerations.Options.Benchmarks-1
// command took 1.12 sec and exited with 0
// start dotnet  build -c Release --no-restore --nodeReuse:false /p:UseSharedCompilation=false /p:Deterministic=true /p:Optimize=true /p:ArtifactsPath="D:\x\devs\reilly-digital\dotnet\enumerations.options.benchmarks\bin\Debug\net10.0\Enumerations.Options.Benchmarks-1/" /p:OutDir="D:\x\devs\reilly-digital\dotnet\enumerations.options.benchmarks\bin\Debug\net10.0\Enumerations.Options.Benchmarks-1\bin\Release\net10.0/" /p:OutputPath="D:\x\devs\reilly-digital\dotnet\enumerations.options.benchmarks\bin\Debug\net10.0\Enumerations.Options.Benchmarks-1\bin\Release\net10.0/" /p:PublishDir="D:\x\devs\reilly-digital\dotnet\enumerations.options.benchmarks\bin\Debug\net10.0\Enumerations.Options.Benchmarks-1\publish/" --output "D:\x\devs\reilly-digital\dotnet\enumerations.options.benchmarks\bin\Debug\net10.0\Enumerations.Options.Benchmarks-1\bin\Release\net10.0/" in D:\x\devs\reilly-digital\dotnet\enumerations.options.benchmarks\bin\Debug\net10.0\Enumerations.Options.Benchmarks-1
// command took 10.66 sec and exited with 0
// ***** Done, took 00:00:11 (11.85 sec)   *****
// Found 13 benchmarks:
//   Scenario1.S1_CheckOptionStringErrorNoMessage_EnumerationsOptions: .NET 10.0(Runtime=.NET 10.0, IterationTime=250ms) [Iterations=10]
//   Scenario1.S1_CheckOptionStringErrorWithMessage_EnumerationsOptions: .NET 10.0(Runtime=.NET 10.0, IterationTime=250ms) [Iterations=10]
//   Scenario1.S1_CheckOptionStringSuccess_EnumerationsOptions: .NET 10.0(Runtime=.NET 10.0, IterationTime=250ms) [Iterations=10]
//   Scenario1.S1_CheckVoidErrorNoMessage_EnumerationsOptions: .NET 10.0(Runtime=.NET 10.0, IterationTime=250ms) [Iterations=10]
//   Scenario1.S1_CheckVoidErrorWithMessage_EnumerationsOptions: .NET 10.0(Runtime=.NET 10.0, IterationTime=250ms) [Iterations=10]
//   Scenario1.S1_CheckVoidSuccess_EnumerationsOptions: .NET 10.0(Runtime=.NET 10.0, IterationTime=250ms) [Iterations=10]
//   Scenario1.S1_ReturnOptionStringErrorNoMessage_EnumerationsOptions: .NET 10.0(Runtime=.NET 10.0, IterationTime=250ms) [Iterations=10]
//   Scenario1.S1_ReturnOptionStringErrorWithMessage_EnumerationsOptions: .NET 10.0(Runtime=.NET 10.0, IterationTime=250ms) [Iterations=10]
//   Scenario1.S1_ReturnOptionStringNone_EnumerationsOptions: .NET 10.0(Runtime=.NET 10.0, IterationTime=250ms) [Iterations=10]
//   Scenario1.S1_ReturnOptionStringSuccess_EnumerationsOptions: .NET 10.0(Runtime=.NET 10.0, IterationTime=250ms) [Iterations=10]
//   Scenario1.S1_ReturnVoidErrorNoMessage_EnumerationsOptions: .NET 10.0(Runtime=.NET 10.0, IterationTime=250ms) [Iterations=10]
//   Scenario1.S1_ReturnVoidErrorWithMessage_EnumerationsOptions: .NET 10.0(Runtime=.NET 10.0, IterationTime=250ms) [Iterations=10]
//   Scenario1.S1_ReturnVoidSuccess_EnumerationsOptions: .NET 10.0(Runtime=.NET 10.0, IterationTime=250ms) [Iterations=10]

Setup power plan (GUID: 8c5e7fda-e8bf-4a96-9a85-a6e23a8c635c FriendlyName: High performance)
// **************************
// Benchmark: Scenario1.S1_CheckOptionStringErrorNoMessage_EnumerationsOptions: .NET 10.0(Runtime=.NET 10.0, IterationTime=250ms) [Iterations=10]
// *** Execute ***
// Launch: 1 / 1
// Execute: dotnet Enumerations.Options.Benchmarks-1.dll --anonymousPipes 1612 1608 --benchmarkName "ReillyDigital.Enumerations.Options.Benchmarks.Scenarios.Scenario1.S1_CheckOptionStringErrorNoMessage_EnumerationsOptions(Iterations: 10)" --job ".NET 10.0" --benchmarkId 0 in D:\x\devs\reilly-digital\dotnet\enumerations.options.benchmarks\bin\Debug\net10.0\Enumerations.Options.Benchmarks-1\bin\Release\net10.0
// BeforeAnythingElse

// Benchmark Process Environment Information:
// BenchmarkDotNet v0.15.8
// Runtime=.NET 10.0.3 (10.0.3, 10.0.326.7603), X64 RyuJIT x86-64-v3
// GC=Concurrent Workstation
// HardwareIntrinsics=AVX2+BMI1+BMI2+F16C+FMA+LZCNT+MOVBE,AVX,SSE3+SSSE3+SSE4.1+SSE4.2+POPCNT,X86Base+SSE+SSE2,AES+PCLMUL VectorSize=256
// Job: .NET 10.0(IterationTime=250ms)

OverheadJitting  1: 1 op, 119900.00 ns, 119.9000 us/op
WorkloadJitting  1: 1 op, 385416900.00 ns, 385.4169 ms/op

OverheadJitting  2: 1 op, 400.00 ns, 400.0000 ns/op
WorkloadJitting  2: 1 op, 800.00 ns, 800.0000 ns/op

OverheadJitting  3: 16 op, 154500.00 ns, 9.6563 us/op
WorkloadJitting  3: 16 op, 286700.00 ns, 17.9188 us/op

WorkloadPilot    1: 16 op, 6900.00 ns, 431.2500 ns/op
WorkloadPilot    2: 579712 op, 225737600.00 ns, 389.3961 ns/op
WorkloadPilot    3: 642032 op, 3030000.00 ns, 4.7194 ns/op
WorkloadPilot    4: 52972944 op, 263380400.00 ns, 4.9720 ns/op
WorkloadPilot    5: 50281792 op, 244934800.00 ns, 4.8712 ns/op
WorkloadPilot    6: 51321616 op, 255206700.00 ns, 4.9727 ns/op
WorkloadPilot    7: 50274560 op, 249179700.00 ns, 4.9564 ns/op
WorkloadPilot    8: 50440064 op, 255947700.00 ns, 5.0743 ns/op

OverheadWarmup   1: 50440064 op, 129641200.00 ns, 2.5702 ns/op
OverheadWarmup   2: 50440064 op, 108675300.00 ns, 2.1545 ns/op
OverheadWarmup   3: 50440064 op, 80304600.00 ns, 1.5921 ns/op
OverheadWarmup   4: 50440064 op, 77717000.00 ns, 1.5408 ns/op
OverheadWarmup   5: 50440064 op, 76415800.00 ns, 1.5150 ns/op
OverheadWarmup   6: 50440064 op, 76288300.00 ns, 1.5125 ns/op
OverheadWarmup   7: 50440064 op, 77454300.00 ns, 1.5356 ns/op
OverheadWarmup   8: 50440064 op, 80620500.00 ns, 1.5983 ns/op
OverheadWarmup   9: 50440064 op, 77990200.00 ns, 1.5462 ns/op
OverheadWarmup  10: 50440064 op, 77456300.00 ns, 1.5356 ns/op

OverheadActual   1: 50440064 op, 77602900.00 ns, 1.5385 ns/op
OverheadActual   2: 50440064 op, 77110300.00 ns, 1.5288 ns/op
OverheadActual   3: 50440064 op, 77230900.00 ns, 1.5311 ns/op
OverheadActual   4: 50440064 op, 77521300.00 ns, 1.5369 ns/op
OverheadActual   5: 50440064 op, 77234200.00 ns, 1.5312 ns/op
OverheadActual   6: 50440064 op, 77460600.00 ns, 1.5357 ns/op
OverheadActual   7: 50440064 op, 89944700.00 ns, 1.7832 ns/op
OverheadActual   8: 50440064 op, 79233600.00 ns, 1.5708 ns/op
OverheadActual   9: 50440064 op, 76773100.00 ns, 1.5221 ns/op
OverheadActual  10: 50440064 op, 77975100.00 ns, 1.5459 ns/op
OverheadActual  11: 50440064 op, 77529600.00 ns, 1.5371 ns/op
OverheadActual  12: 50440064 op, 76259600.00 ns, 1.5119 ns/op
OverheadActual  13: 50440064 op, 76437100.00 ns, 1.5154 ns/op
OverheadActual  14: 50440064 op, 77619800.00 ns, 1.5389 ns/op
OverheadActual  15: 50440064 op, 77880300.00 ns, 1.5440 ns/op

WorkloadWarmup   1: 50440064 op, 251748700.00 ns, 4.9910 ns/op
WorkloadWarmup   2: 50440064 op, 253192700.00 ns, 5.0197 ns/op
WorkloadWarmup   3: 50440064 op, 253800600.00 ns, 5.0317 ns/op
WorkloadWarmup   4: 50440064 op, 249896300.00 ns, 4.9543 ns/op
WorkloadWarmup   5: 50440064 op, 252473200.00 ns, 5.0054 ns/op
WorkloadWarmup   6: 50440064 op, 244816900.00 ns, 4.8536 ns/op

// BeforeActualRun
WorkloadActual   1: 50440064 op, 245632100.00 ns, 4.8698 ns/op
WorkloadActual   2: 50440064 op, 250577500.00 ns, 4.9678 ns/op
WorkloadActual   3: 50440064 op, 242456300.00 ns, 4.8068 ns/op
WorkloadActual   4: 50440064 op, 248132400.00 ns, 4.9194 ns/op
WorkloadActual   5: 50440064 op, 249495500.00 ns, 4.9464 ns/op
WorkloadActual   6: 50440064 op, 257785500.00 ns, 5.1107 ns/op
WorkloadActual   7: 50440064 op, 249932900.00 ns, 4.9550 ns/op
WorkloadActual   8: 50440064 op, 245496000.00 ns, 4.8671 ns/op
WorkloadActual   9: 50440064 op, 247705500.00 ns, 4.9109 ns/op
WorkloadActual  10: 50440064 op, 239943700.00 ns, 4.7570 ns/op
WorkloadActual  11: 50440064 op, 243300200.00 ns, 4.8236 ns/op
WorkloadActual  12: 50440064 op, 243524400.00 ns, 4.8280 ns/op
WorkloadActual  13: 50440064 op, 244034300.00 ns, 4.8381 ns/op
WorkloadActual  14: 50440064 op, 241018400.00 ns, 4.7783 ns/op
WorkloadActual  15: 50440064 op, 248895800.00 ns, 4.9345 ns/op

// AfterActualRun
WorkloadResult   1: 50440064 op, 168110800.00 ns, 3.3329 ns/op
WorkloadResult   2: 50440064 op, 173056200.00 ns, 3.4309 ns/op
WorkloadResult   3: 50440064 op, 164935000.00 ns, 3.2699 ns/op
WorkloadResult   4: 50440064 op, 170611100.00 ns, 3.3825 ns/op
WorkloadResult   5: 50440064 op, 171974200.00 ns, 3.4095 ns/op
WorkloadResult   6: 50440064 op, 180264200.00 ns, 3.5738 ns/op
WorkloadResult   7: 50440064 op, 172411600.00 ns, 3.4181 ns/op
WorkloadResult   8: 50440064 op, 167974700.00 ns, 3.3302 ns/op
WorkloadResult   9: 50440064 op, 170184200.00 ns, 3.3740 ns/op
WorkloadResult  10: 50440064 op, 162422400.00 ns, 3.2201 ns/op
WorkloadResult  11: 50440064 op, 165778900.00 ns, 3.2867 ns/op
WorkloadResult  12: 50440064 op, 166003100.00 ns, 3.2911 ns/op
WorkloadResult  13: 50440064 op, 166513000.00 ns, 3.3012 ns/op
WorkloadResult  14: 50440064 op, 163497100.00 ns, 3.2414 ns/op
WorkloadResult  15: 50440064 op, 171374500.00 ns, 3.3976 ns/op
// GC:  0 0 0 0 50440064
// Threading:  0 0 50440064

// AfterAll
// Benchmark Process 13536 has exited with code 0.

Mean = 3.351 ns, StdErr = 0.023 ns (0.70%), N = 15, StdDev = 0.090 ns
Min = 3.220 ns, Q1 = 3.289 ns, Median = 3.333 ns, Q3 = 3.404 ns, Max = 3.574 ns
IQR = 0.115 ns, LowerFence = 3.117 ns, UpperFence = 3.576 ns
ConfidenceInterval = [3.254 ns; 3.447 ns] (CI 99.9%), Margin = 0.097 ns (2.88% of Mean)
Skewness = 0.69, Kurtosis = 3.07, MValue = 2

// ** Remained 12 (92.3%) benchmark(s) to run. Estimated finish 2026-02-22 17:08 (0h 2m from now) **
Setup power plan (GUID: 8c5e7fda-e8bf-4a96-9a85-a6e23a8c635c FriendlyName: High performance)
// **************************
// Benchmark: Scenario1.S1_CheckOptionStringErrorWithMessage_EnumerationsOptions: .NET 10.0(Runtime=.NET 10.0, IterationTime=250ms) [Iterations=10]
// *** Execute ***
// Launch: 1 / 1
// Execute: dotnet Enumerations.Options.Benchmarks-1.dll --anonymousPipes 1624 1616 --benchmarkName "ReillyDigital.Enumerations.Options.Benchmarks.Scenarios.Scenario1.S1_CheckOptionStringErrorWithMessage_EnumerationsOptions(Iterations: 10)" --job ".NET 10.0" --benchmarkId 1 in D:\x\devs\reilly-digital\dotnet\enumerations.options.benchmarks\bin\Debug\net10.0\Enumerations.Options.Benchmarks-1\bin\Release\net10.0
// BeforeAnythingElse

// Benchmark Process Environment Information:
// BenchmarkDotNet v0.15.8
// Runtime=.NET 10.0.3 (10.0.3, 10.0.326.7603), X64 RyuJIT x86-64-v3
// GC=Concurrent Workstation
// HardwareIntrinsics=AVX2+BMI1+BMI2+F16C+FMA+LZCNT+MOVBE,AVX,SSE3+SSSE3+SSE4.1+SSE4.2+POPCNT,X86Base+SSE+SSE2,AES+PCLMUL VectorSize=256
// Job: .NET 10.0(IterationTime=250ms)

OverheadJitting  1: 1 op, 108800.00 ns, 108.8000 us/op
WorkloadJitting  1: 1 op, 1556300.00 ns, 1.5563 ms/op

OverheadJitting  2: 16 op, 172100.00 ns, 10.7563 us/op
WorkloadJitting  2: 16 op, 161800.00 ns, 10.1125 us/op

WorkloadPilot    1: 16 op, 6800.00 ns, 425.0000 ns/op
WorkloadPilot    2: 588240 op, 120021900.00 ns, 204.0356 ns/op
WorkloadPilot    3: 1225280 op, 5837000.00 ns, 4.7638 ns/op
WorkloadPilot    4: 52479024 op, 249118000.00 ns, 4.7470 ns/op
WorkloadPilot    5: 52664832 op, 251653700.00 ns, 4.7784 ns/op
WorkloadPilot    6: 52318768 op, 249219500.00 ns, 4.7635 ns/op
WorkloadPilot    7: 52482624 op, 249661600.00 ns, 4.7570 ns/op
WorkloadPilot    8: 52553776 op, 248882200.00 ns, 4.7358 ns/op
WorkloadPilot    9: 52789824 op, 250678200.00 ns, 4.7486 ns/op
WorkloadPilot   10: 52647008 op, 250432800.00 ns, 4.7568 ns/op

OverheadWarmup   1: 52647008 op, 130826200.00 ns, 2.4850 ns/op
OverheadWarmup   2: 52647008 op, 108688200.00 ns, 2.0645 ns/op
OverheadWarmup   3: 52647008 op, 79665800.00 ns, 1.5132 ns/op
OverheadWarmup   4: 52647008 op, 79022000.00 ns, 1.5010 ns/op
OverheadWarmup   5: 52647008 op, 80001500.00 ns, 1.5196 ns/op
OverheadWarmup   6: 52647008 op, 79168400.00 ns, 1.5038 ns/op
OverheadWarmup   7: 52647008 op, 79643800.00 ns, 1.5128 ns/op
OverheadWarmup   8: 52647008 op, 80539400.00 ns, 1.5298 ns/op
OverheadWarmup   9: 52647008 op, 79902100.00 ns, 1.5177 ns/op

OverheadActual   1: 52647008 op, 79858100.00 ns, 1.5169 ns/op
OverheadActual   2: 52647008 op, 79404500.00 ns, 1.5082 ns/op
OverheadActual   3: 52647008 op, 79281400.00 ns, 1.5059 ns/op
OverheadActual   4: 52647008 op, 79377400.00 ns, 1.5077 ns/op
OverheadActual   5: 52647008 op, 79178500.00 ns, 1.5040 ns/op
OverheadActual   6: 52647008 op, 81937600.00 ns, 1.5564 ns/op
OverheadActual   7: 52647008 op, 79481900.00 ns, 1.5097 ns/op
OverheadActual   8: 52647008 op, 79269000.00 ns, 1.5057 ns/op
OverheadActual   9: 52647008 op, 80277600.00 ns, 1.5248 ns/op
OverheadActual  10: 52647008 op, 79189600.00 ns, 1.5042 ns/op
OverheadActual  11: 52647008 op, 79454700.00 ns, 1.5092 ns/op
OverheadActual  12: 52647008 op, 80482300.00 ns, 1.5287 ns/op
OverheadActual  13: 52647008 op, 79329100.00 ns, 1.5068 ns/op
OverheadActual  14: 52647008 op, 81385900.00 ns, 1.5459 ns/op
OverheadActual  15: 52647008 op, 80683300.00 ns, 1.5325 ns/op

WorkloadWarmup   1: 52647008 op, 251228600.00 ns, 4.7719 ns/op
WorkloadWarmup   2: 52647008 op, 250236000.00 ns, 4.7531 ns/op
WorkloadWarmup   3: 52647008 op, 250468500.00 ns, 4.7575 ns/op
WorkloadWarmup   4: 52647008 op, 252112700.00 ns, 4.7887 ns/op
WorkloadWarmup   5: 52647008 op, 249210800.00 ns, 4.7336 ns/op
WorkloadWarmup   6: 52647008 op, 252409500.00 ns, 4.7944 ns/op
WorkloadWarmup   7: 52647008 op, 249065100.00 ns, 4.7309 ns/op

// BeforeActualRun
WorkloadActual   1: 52647008 op, 260554500.00 ns, 4.9491 ns/op
WorkloadActual   2: 52647008 op, 248261200.00 ns, 4.7156 ns/op
WorkloadActual   3: 52647008 op, 248822600.00 ns, 4.7262 ns/op
WorkloadActual   4: 52647008 op, 248009100.00 ns, 4.7108 ns/op
WorkloadActual   5: 52647008 op, 248015000.00 ns, 4.7109 ns/op
WorkloadActual   6: 52647008 op, 249270900.00 ns, 4.7348 ns/op
WorkloadActual   7: 52647008 op, 249542700.00 ns, 4.7399 ns/op
WorkloadActual   8: 52647008 op, 249151700.00 ns, 4.7325 ns/op
WorkloadActual   9: 52647008 op, 249059600.00 ns, 4.7307 ns/op
WorkloadActual  10: 52647008 op, 248581400.00 ns, 4.7217 ns/op
WorkloadActual  11: 52647008 op, 247526500.00 ns, 4.7016 ns/op
WorkloadActual  12: 52647008 op, 247973800.00 ns, 4.7101 ns/op
WorkloadActual  13: 52647008 op, 248671500.00 ns, 4.7234 ns/op
WorkloadActual  14: 52647008 op, 248457700.00 ns, 4.7193 ns/op
WorkloadActual  15: 52647008 op, 250074000.00 ns, 4.7500 ns/op

// AfterActualRun
WorkloadResult   1: 52647008 op, 168806500.00 ns, 3.2064 ns/op
WorkloadResult   2: 52647008 op, 169367900.00 ns, 3.2170 ns/op
WorkloadResult   3: 52647008 op, 168554400.00 ns, 3.2016 ns/op
WorkloadResult   4: 52647008 op, 168560300.00 ns, 3.2017 ns/op
WorkloadResult   5: 52647008 op, 169816200.00 ns, 3.2256 ns/op
WorkloadResult   6: 52647008 op, 170088000.00 ns, 3.2307 ns/op
WorkloadResult   7: 52647008 op, 169697000.00 ns, 3.2233 ns/op
WorkloadResult   8: 52647008 op, 169604900.00 ns, 3.2215 ns/op
WorkloadResult   9: 52647008 op, 169126700.00 ns, 3.2125 ns/op
WorkloadResult  10: 52647008 op, 168071800.00 ns, 3.1924 ns/op
WorkloadResult  11: 52647008 op, 168519100.00 ns, 3.2009 ns/op
WorkloadResult  12: 52647008 op, 169216800.00 ns, 3.2142 ns/op
WorkloadResult  13: 52647008 op, 169003000.00 ns, 3.2101 ns/op
WorkloadResult  14: 52647008 op, 170619300.00 ns, 3.2408 ns/op
// GC:  0 0 0 0 52647008
// Threading:  0 0 52647008

// AfterAll
// Benchmark Process 14820 has exited with code 0.

Mean = 3.214 ns, StdErr = 0.004 ns (0.11%), N = 14, StdDev = 0.013 ns
Min = 3.192 ns, Q1 = 3.203 ns, Median = 3.213 ns, Q3 = 3.223 ns, Max = 3.241 ns
IQR = 0.020 ns, LowerFence = 3.173 ns, UpperFence = 3.253 ns
ConfidenceInterval = [3.199 ns; 3.229 ns] (CI 99.9%), Margin = 0.015 ns (0.47% of Mean)
Skewness = 0.27, Kurtosis = 2.08, MValue = 2

// ** Remained 11 (84.6%) benchmark(s) to run. Estimated finish 2026-02-22 17:08 (0h 1m from now) **
Setup power plan (GUID: 8c5e7fda-e8bf-4a96-9a85-a6e23a8c635c FriendlyName: High performance)
// **************************
// Benchmark: Scenario1.S1_CheckOptionStringSuccess_EnumerationsOptions: .NET 10.0(Runtime=.NET 10.0, IterationTime=250ms) [Iterations=10]
// *** Execute ***
// Launch: 1 / 1
// Execute: dotnet Enumerations.Options.Benchmarks-1.dll --anonymousPipes 1648 1628 --benchmarkName "ReillyDigital.Enumerations.Options.Benchmarks.Scenarios.Scenario1.S1_CheckOptionStringSuccess_EnumerationsOptions(Iterations: 10)" --job ".NET 10.0" --benchmarkId 2 in D:\x\devs\reilly-digital\dotnet\enumerations.options.benchmarks\bin\Debug\net10.0\Enumerations.Options.Benchmarks-1\bin\Release\net10.0
// BeforeAnythingElse

// Benchmark Process Environment Information:
// BenchmarkDotNet v0.15.8
// Runtime=.NET 10.0.3 (10.0.3, 10.0.326.7603), X64 RyuJIT x86-64-v3
// GC=Concurrent Workstation
// HardwareIntrinsics=AVX2+BMI1+BMI2+F16C+FMA+LZCNT+MOVBE,AVX,SSE3+SSSE3+SSE4.1+SSE4.2+POPCNT,X86Base+SSE+SSE2,AES+PCLMUL VectorSize=256
// Job: .NET 10.0(IterationTime=250ms)

OverheadJitting  1: 1 op, 115600.00 ns, 115.6000 us/op
WorkloadJitting  1: 1 op, 1432600.00 ns, 1.4326 ms/op

OverheadJitting  2: 16 op, 162700.00 ns, 10.1688 us/op
WorkloadJitting  2: 16 op, 155500.00 ns, 9.7188 us/op

WorkloadPilot    1: 16 op, 7000.00 ns, 437.5000 ns/op
WorkloadPilot    2: 571440 op, 131635700.00 ns, 230.3579 ns/op
WorkloadPilot    3: 1085280 op, 4947600.00 ns, 4.5588 ns/op
WorkloadPilot    4: 54838720 op, 271233800.00 ns, 4.9460 ns/op
WorkloadPilot    5: 50545632 op, 252786100.00 ns, 5.0011 ns/op
WorkloadPilot    6: 49988544 op, 249037200.00 ns, 4.9819 ns/op
WorkloadPilot    7: 50181808 op, 241514600.00 ns, 4.8128 ns/op
WorkloadPilot    8: 51944912 op, 259671700.00 ns, 4.9990 ns/op

OverheadWarmup   1: 51944912 op, 129124000.00 ns, 2.4858 ns/op
OverheadWarmup   2: 51944912 op, 109440800.00 ns, 2.1069 ns/op
OverheadWarmup   3: 51944912 op, 78423300.00 ns, 1.5097 ns/op
OverheadWarmup   4: 51944912 op, 81621900.00 ns, 1.5713 ns/op
OverheadWarmup   5: 51944912 op, 78028100.00 ns, 1.5021 ns/op
OverheadWarmup   6: 51944912 op, 77215000.00 ns, 1.4865 ns/op
OverheadWarmup   7: 51944912 op, 77349700.00 ns, 1.4891 ns/op
OverheadWarmup   8: 51944912 op, 77393500.00 ns, 1.4899 ns/op
OverheadWarmup   9: 51944912 op, 78219700.00 ns, 1.5058 ns/op
OverheadWarmup  10: 51944912 op, 77865100.00 ns, 1.4990 ns/op

OverheadActual   1: 51944912 op, 78203900.00 ns, 1.5055 ns/op
OverheadActual   2: 51944912 op, 77617000.00 ns, 1.4942 ns/op
OverheadActual   3: 51944912 op, 77479900.00 ns, 1.4916 ns/op
OverheadActual   4: 51944912 op, 78491300.00 ns, 1.5110 ns/op
OverheadActual   5: 51944912 op, 79236700.00 ns, 1.5254 ns/op
OverheadActual   6: 51944912 op, 78161400.00 ns, 1.5047 ns/op
OverheadActual   7: 51944912 op, 78352900.00 ns, 1.5084 ns/op
OverheadActual   8: 51944912 op, 78592400.00 ns, 1.5130 ns/op
OverheadActual   9: 51944912 op, 78874900.00 ns, 1.5184 ns/op
OverheadActual  10: 51944912 op, 78395000.00 ns, 1.5092 ns/op
OverheadActual  11: 51944912 op, 77387900.00 ns, 1.4898 ns/op
OverheadActual  12: 51944912 op, 78397900.00 ns, 1.5093 ns/op
OverheadActual  13: 51944912 op, 79621800.00 ns, 1.5328 ns/op
OverheadActual  14: 51944912 op, 77911000.00 ns, 1.4999 ns/op
OverheadActual  15: 51944912 op, 77868800.00 ns, 1.4991 ns/op

WorkloadWarmup   1: 51944912 op, 256160900.00 ns, 4.9314 ns/op
WorkloadWarmup   2: 51944912 op, 256641200.00 ns, 4.9406 ns/op
WorkloadWarmup   3: 51944912 op, 258559000.00 ns, 4.9776 ns/op
WorkloadWarmup   4: 51944912 op, 259426200.00 ns, 4.9943 ns/op
WorkloadWarmup   5: 51944912 op, 252845000.00 ns, 4.8676 ns/op
WorkloadWarmup   6: 51944912 op, 256751800.00 ns, 4.9428 ns/op
WorkloadWarmup   7: 51944912 op, 258383800.00 ns, 4.9742 ns/op
WorkloadWarmup   8: 51944912 op, 254684300.00 ns, 4.9030 ns/op

// BeforeActualRun
WorkloadActual   1: 51944912 op, 256612100.00 ns, 4.9401 ns/op
WorkloadActual   2: 51944912 op, 259195500.00 ns, 4.9898 ns/op
WorkloadActual   3: 51944912 op, 256569100.00 ns, 4.9393 ns/op
WorkloadActual   4: 51944912 op, 257590800.00 ns, 4.9589 ns/op
WorkloadActual   5: 51944912 op, 255707000.00 ns, 4.9227 ns/op
WorkloadActual   6: 51944912 op, 257438100.00 ns, 4.9560 ns/op
WorkloadActual   7: 51944912 op, 255716000.00 ns, 4.9228 ns/op
WorkloadActual   8: 51944912 op, 257881900.00 ns, 4.9645 ns/op
WorkloadActual   9: 51944912 op, 265671300.00 ns, 5.1145 ns/op
WorkloadActual  10: 51944912 op, 262184300.00 ns, 5.0474 ns/op
WorkloadActual  11: 51944912 op, 256831100.00 ns, 4.9443 ns/op
WorkloadActual  12: 51944912 op, 262095500.00 ns, 5.0456 ns/op
WorkloadActual  13: 51944912 op, 257722800.00 ns, 4.9615 ns/op
WorkloadActual  14: 51944912 op, 256016900.00 ns, 4.9286 ns/op
WorkloadActual  15: 51944912 op, 258377800.00 ns, 4.9741 ns/op

// AfterActualRun
WorkloadResult   1: 51944912 op, 178259200.00 ns, 3.4317 ns/op
WorkloadResult   2: 51944912 op, 180842600.00 ns, 3.4814 ns/op
WorkloadResult   3: 51944912 op, 178216200.00 ns, 3.4309 ns/op
WorkloadResult   4: 51944912 op, 179237900.00 ns, 3.4505 ns/op
WorkloadResult   5: 51944912 op, 177354100.00 ns, 3.4143 ns/op
WorkloadResult   6: 51944912 op, 179085200.00 ns, 3.4476 ns/op
WorkloadResult   7: 51944912 op, 177363100.00 ns, 3.4144 ns/op
WorkloadResult   8: 51944912 op, 179529000.00 ns, 3.4561 ns/op
WorkloadResult   9: 51944912 op, 178478200.00 ns, 3.4359 ns/op
WorkloadResult  10: 51944912 op, 179369900.00 ns, 3.4531 ns/op
WorkloadResult  11: 51944912 op, 177664000.00 ns, 3.4202 ns/op
WorkloadResult  12: 51944912 op, 180024900.00 ns, 3.4657 ns/op
// GC:  0 0 0 0 51944912
// Threading:  0 0 51944912

// AfterAll
// Benchmark Process 19444 has exited with code 0.

Mean = 3.442 ns, StdErr = 0.006 ns (0.18%), N = 12, StdDev = 0.021 ns
Min = 3.414 ns, Q1 = 3.428 ns, Median = 3.442 ns, Q3 = 3.454 ns, Max = 3.481 ns
IQR = 0.026 ns, LowerFence = 3.390 ns, UpperFence = 3.492 ns
ConfidenceInterval = [3.415 ns; 3.469 ns] (CI 99.9%), Margin = 0.027 ns (0.78% of Mean)
Skewness = 0.24, Kurtosis = 1.84, MValue = 2

// ** Remained 10 (76.9%) benchmark(s) to run. Estimated finish 2026-02-22 17:08 (0h 1m from now) **
Setup power plan (GUID: 8c5e7fda-e8bf-4a96-9a85-a6e23a8c635c FriendlyName: High performance)
// **************************
// Benchmark: Scenario1.S1_CheckVoidErrorNoMessage_EnumerationsOptions: .NET 10.0(Runtime=.NET 10.0, IterationTime=250ms) [Iterations=10]
// *** Execute ***
// Launch: 1 / 1
// Execute: dotnet Enumerations.Options.Benchmarks-1.dll --anonymousPipes 1660 1652 --benchmarkName "ReillyDigital.Enumerations.Options.Benchmarks.Scenarios.Scenario1.S1_CheckVoidErrorNoMessage_EnumerationsOptions(Iterations: 10)" --job ".NET 10.0" --benchmarkId 3 in D:\x\devs\reilly-digital\dotnet\enumerations.options.benchmarks\bin\Debug\net10.0\Enumerations.Options.Benchmarks-1\bin\Release\net10.0
// BeforeAnythingElse

// Benchmark Process Environment Information:
// BenchmarkDotNet v0.15.8
// Runtime=.NET 10.0.3 (10.0.3, 10.0.326.7603), X64 RyuJIT x86-64-v3
// GC=Concurrent Workstation
// HardwareIntrinsics=AVX2+BMI1+BMI2+F16C+FMA+LZCNT+MOVBE,AVX,SSE3+SSSE3+SSE4.1+SSE4.2+POPCNT,X86Base+SSE+SSE2,AES+PCLMUL VectorSize=256
// Job: .NET 10.0(IterationTime=250ms)

OverheadJitting  1: 1 op, 107100.00 ns, 107.1000 us/op
WorkloadJitting  1: 1 op, 1157300.00 ns, 1.1573 ms/op

OverheadJitting  2: 16 op, 159900.00 ns, 9.9938 us/op
WorkloadJitting  2: 16 op, 262200.00 ns, 16.3875 us/op

WorkloadPilot    1: 16 op, 6100.00 ns, 381.2500 ns/op
WorkloadPilot    2: 655744 op, 133827300.00 ns, 204.0847 ns/op
WorkloadPilot    3: 1224992 op, 5502000.00 ns, 4.4915 ns/op
WorkloadPilot    4: 55661216 op, 229645400.00 ns, 4.1258 ns/op
WorkloadPilot    5: 60594752 op, 250246400.00 ns, 4.1298 ns/op
WorkloadPilot    6: 60535104 op, 249785200.00 ns, 4.1263 ns/op
WorkloadPilot    7: 60587168 op, 249503600.00 ns, 4.1181 ns/op
WorkloadPilot    8: 60707712 op, 252924700.00 ns, 4.1663 ns/op
WorkloadPilot    9: 60005728 op, 253486900.00 ns, 4.2244 ns/op

OverheadWarmup   1: 60005728 op, 149262800.00 ns, 2.4875 ns/op
OverheadWarmup   2: 60005728 op, 117024800.00 ns, 1.9502 ns/op
OverheadWarmup   3: 60005728 op, 91216100.00 ns, 1.5201 ns/op
OverheadWarmup   4: 60005728 op, 91385100.00 ns, 1.5229 ns/op
OverheadWarmup   5: 60005728 op, 91502300.00 ns, 1.5249 ns/op
OverheadWarmup   6: 60005728 op, 95489400.00 ns, 1.5913 ns/op
OverheadWarmup   7: 60005728 op, 91098600.00 ns, 1.5182 ns/op
OverheadWarmup   8: 60005728 op, 91848600.00 ns, 1.5307 ns/op
OverheadWarmup   9: 60005728 op, 91314500.00 ns, 1.5218 ns/op

OverheadActual   1: 60005728 op, 90794000.00 ns, 1.5131 ns/op
OverheadActual   2: 60005728 op, 90751300.00 ns, 1.5124 ns/op
OverheadActual   3: 60005728 op, 91089700.00 ns, 1.5180 ns/op
OverheadActual   4: 60005728 op, 91203000.00 ns, 1.5199 ns/op
OverheadActual   5: 60005728 op, 91069500.00 ns, 1.5177 ns/op
OverheadActual   6: 60005728 op, 91884200.00 ns, 1.5313 ns/op
OverheadActual   7: 60005728 op, 91935000.00 ns, 1.5321 ns/op
OverheadActual   8: 60005728 op, 91361700.00 ns, 1.5225 ns/op
OverheadActual   9: 60005728 op, 90941300.00 ns, 1.5155 ns/op
OverheadActual  10: 60005728 op, 90807400.00 ns, 1.5133 ns/op
OverheadActual  11: 60005728 op, 95422400.00 ns, 1.5902 ns/op
OverheadActual  12: 60005728 op, 91412700.00 ns, 1.5234 ns/op
OverheadActual  13: 60005728 op, 91042800.00 ns, 1.5172 ns/op
OverheadActual  14: 60005728 op, 91747600.00 ns, 1.5290 ns/op
OverheadActual  15: 60005728 op, 92644200.00 ns, 1.5439 ns/op

WorkloadWarmup   1: 60005728 op, 263846700.00 ns, 4.3970 ns/op
WorkloadWarmup   2: 60005728 op, 250551900.00 ns, 4.1755 ns/op
WorkloadWarmup   3: 60005728 op, 249877200.00 ns, 4.1642 ns/op
WorkloadWarmup   4: 60005728 op, 251612900.00 ns, 4.1931 ns/op
WorkloadWarmup   5: 60005728 op, 254690700.00 ns, 4.2444 ns/op
WorkloadWarmup   6: 60005728 op, 253661000.00 ns, 4.2273 ns/op
WorkloadWarmup   7: 60005728 op, 249969100.00 ns, 4.1658 ns/op
WorkloadWarmup   8: 60005728 op, 248408000.00 ns, 4.1397 ns/op
WorkloadWarmup   9: 60005728 op, 255208600.00 ns, 4.2531 ns/op
WorkloadWarmup  10: 60005728 op, 249859600.00 ns, 4.1639 ns/op

// BeforeActualRun
WorkloadActual   1: 60005728 op, 248290900.00 ns, 4.1378 ns/op
WorkloadActual   2: 60005728 op, 289420700.00 ns, 4.8232 ns/op
WorkloadActual   3: 60005728 op, 250225100.00 ns, 4.1700 ns/op
WorkloadActual   4: 60005728 op, 249098800.00 ns, 4.1513 ns/op
WorkloadActual   5: 60005728 op, 249908600.00 ns, 4.1647 ns/op
WorkloadActual   6: 60005728 op, 251719300.00 ns, 4.1949 ns/op
WorkloadActual   7: 60005728 op, 254851500.00 ns, 4.2471 ns/op
WorkloadActual   8: 60005728 op, 252873000.00 ns, 4.2141 ns/op
WorkloadActual   9: 60005728 op, 251544700.00 ns, 4.1920 ns/op
WorkloadActual  10: 60005728 op, 256198200.00 ns, 4.2696 ns/op
WorkloadActual  11: 60005728 op, 281488300.00 ns, 4.6910 ns/op
WorkloadActual  12: 60005728 op, 279888100.00 ns, 4.6644 ns/op
WorkloadActual  13: 60005728 op, 308384000.00 ns, 5.1392 ns/op
WorkloadActual  14: 60005728 op, 274610700.00 ns, 4.5764 ns/op
WorkloadActual  15: 60005728 op, 251100200.00 ns, 4.1846 ns/op
WorkloadActual  16: 60005728 op, 267142600.00 ns, 4.4520 ns/op
WorkloadActual  17: 60005728 op, 252962700.00 ns, 4.2156 ns/op
WorkloadActual  18: 60005728 op, 275277000.00 ns, 4.5875 ns/op
WorkloadActual  19: 60005728 op, 259210900.00 ns, 4.3198 ns/op
WorkloadActual  20: 60005728 op, 247461100.00 ns, 4.1240 ns/op
WorkloadActual  21: 60005728 op, 247310100.00 ns, 4.1214 ns/op
WorkloadActual  22: 60005728 op, 250664400.00 ns, 4.1773 ns/op
WorkloadActual  23: 60005728 op, 249093900.00 ns, 4.1512 ns/op
WorkloadActual  24: 60005728 op, 248974900.00 ns, 4.1492 ns/op
WorkloadActual  25: 60005728 op, 248464500.00 ns, 4.1407 ns/op
WorkloadActual  26: 60005728 op, 248256000.00 ns, 4.1372 ns/op
WorkloadActual  27: 60005728 op, 248025500.00 ns, 4.1334 ns/op
WorkloadActual  28: 60005728 op, 247492400.00 ns, 4.1245 ns/op
WorkloadActual  29: 60005728 op, 249464500.00 ns, 4.1573 ns/op

// AfterActualRun
WorkloadResult   1: 60005728 op, 157087900.00 ns, 2.6179 ns/op
WorkloadResult   2: 60005728 op, 159022100.00 ns, 2.6501 ns/op
WorkloadResult   3: 60005728 op, 157895800.00 ns, 2.6313 ns/op
WorkloadResult   4: 60005728 op, 158705600.00 ns, 2.6448 ns/op
WorkloadResult   5: 60005728 op, 160516300.00 ns, 2.6750 ns/op
WorkloadResult   6: 60005728 op, 163648500.00 ns, 2.7272 ns/op
WorkloadResult   7: 60005728 op, 161670000.00 ns, 2.6942 ns/op
WorkloadResult   8: 60005728 op, 160341700.00 ns, 2.6721 ns/op
WorkloadResult   9: 60005728 op, 164995200.00 ns, 2.7497 ns/op
WorkloadResult  10: 60005728 op, 159897200.00 ns, 2.6647 ns/op
WorkloadResult  11: 60005728 op, 175939600.00 ns, 2.9320 ns/op
WorkloadResult  12: 60005728 op, 161759700.00 ns, 2.6957 ns/op
WorkloadResult  13: 60005728 op, 168007900.00 ns, 2.7999 ns/op
WorkloadResult  14: 60005728 op, 156258100.00 ns, 2.6041 ns/op
WorkloadResult  15: 60005728 op, 156107100.00 ns, 2.6015 ns/op
WorkloadResult  16: 60005728 op, 159461400.00 ns, 2.6574 ns/op
WorkloadResult  17: 60005728 op, 157890900.00 ns, 2.6313 ns/op
WorkloadResult  18: 60005728 op, 157771900.00 ns, 2.6293 ns/op
WorkloadResult  19: 60005728 op, 157261500.00 ns, 2.6208 ns/op
WorkloadResult  20: 60005728 op, 157053000.00 ns, 2.6173 ns/op
WorkloadResult  21: 60005728 op, 156822500.00 ns, 2.6135 ns/op
WorkloadResult  22: 60005728 op, 156289400.00 ns, 2.6046 ns/op
WorkloadResult  23: 60005728 op, 158261500.00 ns, 2.6374 ns/op
// GC:  0 0 0 0 60005728
// Threading:  0 0 60005728

// AfterAll
// Benchmark Process 19240 has exited with code 0.

Mean = 2.668 ns, StdErr = 0.016 ns (0.60%), N = 23, StdDev = 0.076 ns
Min = 2.602 ns, Q1 = 2.619 ns, Median = 2.645 ns, Q3 = 2.685 ns, Max = 2.932 ns
IQR = 0.065 ns, LowerFence = 2.521 ns, UpperFence = 2.783 ns
ConfidenceInterval = [2.608 ns; 2.729 ns] (CI 99.9%), Margin = 0.060 ns (2.26% of Mean)
Skewness = 1.95, Kurtosis = 6.81, MValue = 2

// ** Remained 9 (69.2%) benchmark(s) to run. Estimated finish 2026-02-22 17:08 (0h 1m from now) **
Setup power plan (GUID: 8c5e7fda-e8bf-4a96-9a85-a6e23a8c635c FriendlyName: High performance)
// **************************
// Benchmark: Scenario1.S1_CheckVoidErrorWithMessage_EnumerationsOptions: .NET 10.0(Runtime=.NET 10.0, IterationTime=250ms) [Iterations=10]
// *** Execute ***
// Launch: 1 / 1
// Execute: dotnet Enumerations.Options.Benchmarks-1.dll --anonymousPipes 1536 896 --benchmarkName "ReillyDigital.Enumerations.Options.Benchmarks.Scenarios.Scenario1.S1_CheckVoidErrorWithMessage_EnumerationsOptions(Iterations: 10)" --job ".NET 10.0" --benchmarkId 4 in D:\x\devs\reilly-digital\dotnet\enumerations.options.benchmarks\bin\Debug\net10.0\Enumerations.Options.Benchmarks-1\bin\Release\net10.0
// BeforeAnythingElse

// Benchmark Process Environment Information:
// BenchmarkDotNet v0.15.8
// Runtime=.NET 10.0.3 (10.0.3, 10.0.326.7603), X64 RyuJIT x86-64-v3
// GC=Concurrent Workstation
// HardwareIntrinsics=AVX2+BMI1+BMI2+F16C+FMA+LZCNT+MOVBE,AVX,SSE3+SSSE3+SSE4.1+SSE4.2+POPCNT,X86Base+SSE+SSE2,AES+PCLMUL VectorSize=256
// Job: .NET 10.0(IterationTime=250ms)

OverheadJitting  1: 1 op, 110000.00 ns, 110.0000 us/op
WorkloadJitting  1: 1 op, 1777000.00 ns, 1.7770 ms/op

OverheadJitting  2: 16 op, 178000.00 ns, 11.1250 us/op
WorkloadJitting  2: 16 op, 156900.00 ns, 9.8063 us/op

WorkloadPilot    1: 16 op, 8000.00 ns, 500.0000 ns/op
WorkloadPilot    2: 500000 op, 128270100.00 ns, 256.5402 ns/op
WorkloadPilot    3: 974512 op, 4712300.00 ns, 4.8355 ns/op
WorkloadPilot    4: 51700448 op, 244547900.00 ns, 4.7301 ns/op
WorkloadPilot    5: 52853104 op, 246897300.00 ns, 4.6714 ns/op
WorkloadPilot    6: 53517296 op, 247099000.00 ns, 4.6172 ns/op
WorkloadPilot    7: 54145616 op, 245402000.00 ns, 4.5323 ns/op
WorkloadPilot    8: 55160128 op, 251722000.00 ns, 4.5635 ns/op
WorkloadPilot    9: 54782784 op, 253148900.00 ns, 4.6210 ns/op
WorkloadPilot   10: 54101360 op, 248751700.00 ns, 4.5979 ns/op
WorkloadPilot   11: 54372864 op, 255420600.00 ns, 4.6976 ns/op

OverheadWarmup   1: 54372864 op, 133889800.00 ns, 2.4624 ns/op
OverheadWarmup   2: 54372864 op, 114306800.00 ns, 2.1023 ns/op
OverheadWarmup   3: 54372864 op, 81655700.00 ns, 1.5018 ns/op
OverheadWarmup   4: 54372864 op, 81968700.00 ns, 1.5075 ns/op
OverheadWarmup   5: 54372864 op, 83309000.00 ns, 1.5322 ns/op
OverheadWarmup   6: 54372864 op, 82620300.00 ns, 1.5195 ns/op
OverheadWarmup   7: 54372864 op, 82145500.00 ns, 1.5108 ns/op
OverheadWarmup   8: 54372864 op, 85677000.00 ns, 1.5757 ns/op
OverheadWarmup   9: 54372864 op, 84562000.00 ns, 1.5552 ns/op

OverheadActual   1: 54372864 op, 84128100.00 ns, 1.5472 ns/op
OverheadActual   2: 54372864 op, 85602000.00 ns, 1.5744 ns/op
OverheadActual   3: 54372864 op, 87397100.00 ns, 1.6074 ns/op
OverheadActual   4: 54372864 op, 81567900.00 ns, 1.5002 ns/op
OverheadActual   5: 54372864 op, 81452800.00 ns, 1.4980 ns/op
OverheadActual   6: 54372864 op, 81534000.00 ns, 1.4995 ns/op
OverheadActual   7: 54372864 op, 81536800.00 ns, 1.4996 ns/op
OverheadActual   8: 54372864 op, 83761800.00 ns, 1.5405 ns/op
OverheadActual   9: 54372864 op, 81727300.00 ns, 1.5031 ns/op
OverheadActual  10: 54372864 op, 82221700.00 ns, 1.5122 ns/op
OverheadActual  11: 54372864 op, 81542300.00 ns, 1.4997 ns/op
OverheadActual  12: 54372864 op, 82946900.00 ns, 1.5255 ns/op
OverheadActual  13: 54372864 op, 86647000.00 ns, 1.5936 ns/op
OverheadActual  14: 54372864 op, 88531100.00 ns, 1.6282 ns/op
OverheadActual  15: 54372864 op, 82605300.00 ns, 1.5192 ns/op

WorkloadWarmup   1: 54372864 op, 255713800.00 ns, 4.7030 ns/op
WorkloadWarmup   2: 54372864 op, 262055300.00 ns, 4.8196 ns/op
WorkloadWarmup   3: 54372864 op, 256877500.00 ns, 4.7244 ns/op
WorkloadWarmup   4: 54372864 op, 256754100.00 ns, 4.7221 ns/op
WorkloadWarmup   5: 54372864 op, 263071400.00 ns, 4.8383 ns/op
WorkloadWarmup   6: 54372864 op, 253559300.00 ns, 4.6633 ns/op

// BeforeActualRun
WorkloadActual   1: 54372864 op, 253187900.00 ns, 4.6565 ns/op
WorkloadActual   2: 54372864 op, 255478300.00 ns, 4.6986 ns/op
WorkloadActual   3: 54372864 op, 266986600.00 ns, 4.9103 ns/op
WorkloadActual   4: 54372864 op, 254606900.00 ns, 4.6826 ns/op
WorkloadActual   5: 54372864 op, 253793400.00 ns, 4.6676 ns/op
WorkloadActual   6: 54372864 op, 251233200.00 ns, 4.6206 ns/op
WorkloadActual   7: 54372864 op, 274701500.00 ns, 5.0522 ns/op
WorkloadActual   8: 54372864 op, 271664000.00 ns, 4.9963 ns/op
WorkloadActual   9: 54372864 op, 254597200.00 ns, 4.6824 ns/op
WorkloadActual  10: 54372864 op, 250952900.00 ns, 4.6154 ns/op
WorkloadActual  11: 54372864 op, 250441800.00 ns, 4.6060 ns/op
WorkloadActual  12: 54372864 op, 247346700.00 ns, 4.5491 ns/op
WorkloadActual  13: 54372864 op, 252826200.00 ns, 4.6499 ns/op
WorkloadActual  14: 54372864 op, 260692000.00 ns, 4.7945 ns/op
WorkloadActual  15: 54372864 op, 253781200.00 ns, 4.6674 ns/op
WorkloadActual  16: 54372864 op, 252298000.00 ns, 4.6401 ns/op
WorkloadActual  17: 54372864 op, 251506900.00 ns, 4.6256 ns/op

// AfterActualRun
WorkloadResult   1: 54372864 op, 170582600.00 ns, 3.1373 ns/op
WorkloadResult   2: 54372864 op, 172873000.00 ns, 3.1794 ns/op
WorkloadResult   3: 54372864 op, 172001600.00 ns, 3.1634 ns/op
WorkloadResult   4: 54372864 op, 171188100.00 ns, 3.1484 ns/op
WorkloadResult   5: 54372864 op, 168627900.00 ns, 3.1013 ns/op
WorkloadResult   6: 54372864 op, 171991900.00 ns, 3.1632 ns/op
WorkloadResult   7: 54372864 op, 168347600.00 ns, 3.0962 ns/op
WorkloadResult   8: 54372864 op, 167836500.00 ns, 3.0868 ns/op
WorkloadResult   9: 54372864 op, 164741400.00 ns, 3.0298 ns/op
WorkloadResult  10: 54372864 op, 170220900.00 ns, 3.1306 ns/op
WorkloadResult  11: 54372864 op, 178086700.00 ns, 3.2753 ns/op
WorkloadResult  12: 54372864 op, 171175900.00 ns, 3.1482 ns/op
WorkloadResult  13: 54372864 op, 169692700.00 ns, 3.1209 ns/op
WorkloadResult  14: 54372864 op, 168901600.00 ns, 3.1064 ns/op
// GC:  0 0 0 0 54372864
// Threading:  0 0 54372864

// AfterAll
// Benchmark Process 19012 has exited with code 0.

Mean = 3.135 ns, StdErr = 0.015 ns (0.48%), N = 14, StdDev = 0.056 ns
Min = 3.030 ns, Q1 = 3.103 ns, Median = 3.134 ns, Q3 = 3.159 ns, Max = 3.275 ns
IQR = 0.057 ns, LowerFence = 3.017 ns, UpperFence = 3.245 ns
ConfidenceInterval = [3.072 ns; 3.198 ns] (CI 99.9%), Margin = 0.063 ns (2.01% of Mean)
Skewness = 0.62, Kurtosis = 3.84, MValue = 2

// ** Remained 8 (61.5%) benchmark(s) to run. Estimated finish 2026-02-22 17:08 (0h 1m from now) **
Setup power plan (GUID: 8c5e7fda-e8bf-4a96-9a85-a6e23a8c635c FriendlyName: High performance)
// **************************
// Benchmark: Scenario1.S1_CheckVoidSuccess_EnumerationsOptions: .NET 10.0(Runtime=.NET 10.0, IterationTime=250ms) [Iterations=10]
// *** Execute ***
// Launch: 1 / 1
// Execute: dotnet Enumerations.Options.Benchmarks-1.dll --anonymousPipes 788 784 --benchmarkName "ReillyDigital.Enumerations.Options.Benchmarks.Scenarios.Scenario1.S1_CheckVoidSuccess_EnumerationsOptions(Iterations: 10)" --job ".NET 10.0" --benchmarkId 5 in D:\x\devs\reilly-digital\dotnet\enumerations.options.benchmarks\bin\Debug\net10.0\Enumerations.Options.Benchmarks-1\bin\Release\net10.0
// BeforeAnythingElse

// Benchmark Process Environment Information:
// BenchmarkDotNet v0.15.8
// Runtime=.NET 10.0.3 (10.0.3, 10.0.326.7603), X64 RyuJIT x86-64-v3
// GC=Concurrent Workstation
// HardwareIntrinsics=AVX2+BMI1+BMI2+F16C+FMA+LZCNT+MOVBE,AVX,SSE3+SSSE3+SSE4.1+SSE4.2+POPCNT,X86Base+SSE+SSE2,AES+PCLMUL VectorSize=256
// Job: .NET 10.0(IterationTime=250ms)

OverheadJitting  1: 1 op, 114500.00 ns, 114.5000 us/op
WorkloadJitting  1: 1 op, 1256200.00 ns, 1.2562 ms/op

OverheadJitting  2: 16 op, 252200.00 ns, 15.7625 us/op
WorkloadJitting  2: 16 op, 161900.00 ns, 10.1188 us/op

WorkloadPilot    1: 16 op, 5900.00 ns, 368.7500 ns/op
WorkloadPilot    2: 677968 op, 109224000.00 ns, 161.1049 ns/op
WorkloadPilot    3: 1551792 op, 7509100.00 ns, 4.8390 ns/op
WorkloadPilot    4: 51663728 op, 267551500.00 ns, 5.1787 ns/op
WorkloadPilot    5: 48274576 op, 243874000.00 ns, 5.0518 ns/op
WorkloadPilot    6: 49487216 op, 253182200.00 ns, 5.1161 ns/op
WorkloadPilot    7: 48865232 op, 259792400.00 ns, 5.3165 ns/op

OverheadWarmup   1: 48865232 op, 121043900.00 ns, 2.4771 ns/op
OverheadWarmup   2: 48865232 op, 113488200.00 ns, 2.3225 ns/op
OverheadWarmup   3: 48865232 op, 73516900.00 ns, 1.5045 ns/op
OverheadWarmup   4: 48865232 op, 73501500.00 ns, 1.5042 ns/op
OverheadWarmup   5: 48865232 op, 73736900.00 ns, 1.5090 ns/op
OverheadWarmup   6: 48865232 op, 74614500.00 ns, 1.5269 ns/op
OverheadWarmup   7: 48865232 op, 73783100.00 ns, 1.5099 ns/op
OverheadWarmup   8: 48865232 op, 74459100.00 ns, 1.5238 ns/op
OverheadWarmup   9: 48865232 op, 74182900.00 ns, 1.5181 ns/op

OverheadActual   1: 48865232 op, 73713100.00 ns, 1.5085 ns/op
OverheadActual   2: 48865232 op, 73771800.00 ns, 1.5097 ns/op
OverheadActual   3: 48865232 op, 74012900.00 ns, 1.5146 ns/op
OverheadActual   4: 48865232 op, 73671200.00 ns, 1.5076 ns/op
OverheadActual   5: 48865232 op, 73579400.00 ns, 1.5058 ns/op
OverheadActual   6: 48865232 op, 73596800.00 ns, 1.5061 ns/op
OverheadActual   7: 48865232 op, 75089200.00 ns, 1.5367 ns/op
OverheadActual   8: 48865232 op, 73772400.00 ns, 1.5097 ns/op
OverheadActual   9: 48865232 op, 73597700.00 ns, 1.5061 ns/op
OverheadActual  10: 48865232 op, 74521000.00 ns, 1.5250 ns/op
OverheadActual  11: 48865232 op, 74483500.00 ns, 1.5243 ns/op
OverheadActual  12: 48865232 op, 75228900.00 ns, 1.5395 ns/op
OverheadActual  13: 48865232 op, 74427800.00 ns, 1.5231 ns/op
OverheadActual  14: 48865232 op, 74036800.00 ns, 1.5151 ns/op
OverheadActual  15: 48865232 op, 73664100.00 ns, 1.5075 ns/op

WorkloadWarmup   1: 48865232 op, 258514900.00 ns, 5.2904 ns/op
WorkloadWarmup   2: 48865232 op, 257818700.00 ns, 5.2761 ns/op
WorkloadWarmup   3: 48865232 op, 247047200.00 ns, 5.0557 ns/op
WorkloadWarmup   4: 48865232 op, 246331400.00 ns, 5.0410 ns/op
WorkloadWarmup   5: 48865232 op, 250119500.00 ns, 5.1186 ns/op
WorkloadWarmup   6: 48865232 op, 256172900.00 ns, 5.2424 ns/op
WorkloadWarmup   7: 48865232 op, 245039700.00 ns, 5.0146 ns/op
WorkloadWarmup   8: 48865232 op, 247655600.00 ns, 5.0681 ns/op
WorkloadWarmup   9: 48865232 op, 253605300.00 ns, 5.1899 ns/op
WorkloadWarmup  10: 48865232 op, 251683900.00 ns, 5.1506 ns/op

// BeforeActualRun
WorkloadActual   1: 48865232 op, 252627300.00 ns, 5.1699 ns/op
WorkloadActual   2: 48865232 op, 238071200.00 ns, 4.8720 ns/op
WorkloadActual   3: 48865232 op, 254034700.00 ns, 5.1987 ns/op
WorkloadActual   4: 48865232 op, 252091900.00 ns, 5.1589 ns/op
WorkloadActual   5: 48865232 op, 261707500.00 ns, 5.3557 ns/op
WorkloadActual   6: 48865232 op, 250343200.00 ns, 5.1231 ns/op
WorkloadActual   7: 48865232 op, 247840900.00 ns, 5.0719 ns/op
WorkloadActual   8: 48865232 op, 253312900.00 ns, 5.1839 ns/op
WorkloadActual   9: 48865232 op, 253894900.00 ns, 5.1958 ns/op
WorkloadActual  10: 48865232 op, 249045200.00 ns, 5.0966 ns/op
WorkloadActual  11: 48865232 op, 242854200.00 ns, 4.9699 ns/op
WorkloadActual  12: 48865232 op, 247087400.00 ns, 5.0565 ns/op
WorkloadActual  13: 48865232 op, 250454100.00 ns, 5.1254 ns/op
WorkloadActual  14: 48865232 op, 246560400.00 ns, 5.0457 ns/op
WorkloadActual  15: 48865232 op, 253978600.00 ns, 5.1975 ns/op
WorkloadActual  16: 48865232 op, 242718200.00 ns, 4.9671 ns/op
WorkloadActual  17: 48865232 op, 256436800.00 ns, 5.2478 ns/op
WorkloadActual  18: 48865232 op, 255074300.00 ns, 5.2200 ns/op
WorkloadActual  19: 48865232 op, 247409300.00 ns, 5.0631 ns/op

// AfterActualRun
WorkloadResult   1: 48865232 op, 178854900.00 ns, 3.6602 ns/op
WorkloadResult   2: 48865232 op, 164298800.00 ns, 3.3623 ns/op
WorkloadResult   3: 48865232 op, 180262300.00 ns, 3.6890 ns/op
WorkloadResult   4: 48865232 op, 178319500.00 ns, 3.6492 ns/op
WorkloadResult   5: 48865232 op, 187935100.00 ns, 3.8460 ns/op
WorkloadResult   6: 48865232 op, 176570800.00 ns, 3.6134 ns/op
WorkloadResult   7: 48865232 op, 174068500.00 ns, 3.5622 ns/op
WorkloadResult   8: 48865232 op, 179540500.00 ns, 3.6742 ns/op
WorkloadResult   9: 48865232 op, 180122500.00 ns, 3.6861 ns/op
WorkloadResult  10: 48865232 op, 175272800.00 ns, 3.5869 ns/op
WorkloadResult  11: 48865232 op, 169081800.00 ns, 3.4602 ns/op
WorkloadResult  12: 48865232 op, 173315000.00 ns, 3.5468 ns/op
WorkloadResult  13: 48865232 op, 176681700.00 ns, 3.6157 ns/op
WorkloadResult  14: 48865232 op, 172788000.00 ns, 3.5360 ns/op
WorkloadResult  15: 48865232 op, 180206200.00 ns, 3.6878 ns/op
WorkloadResult  16: 48865232 op, 168945800.00 ns, 3.4574 ns/op
WorkloadResult  17: 48865232 op, 182664400.00 ns, 3.7381 ns/op
WorkloadResult  18: 48865232 op, 181301900.00 ns, 3.7102 ns/op
WorkloadResult  19: 48865232 op, 173636900.00 ns, 3.5534 ns/op
// GC:  0 0 0 0 48865232
// Threading:  0 0 48865232

// AfterAll
// Benchmark Process 1772 has exited with code 0.

Mean = 3.612 ns, StdErr = 0.026 ns (0.72%), N = 19, StdDev = 0.113 ns
Min = 3.362 ns, Q1 = 3.550 ns, Median = 3.616 ns, Q3 = 3.687 ns, Max = 3.846 ns
IQR = 0.137 ns, LowerFence = 3.345 ns, UpperFence = 3.892 ns
ConfidenceInterval = [3.510 ns; 3.714 ns] (CI 99.9%), Margin = 0.102 ns (2.82% of Mean)
Skewness = -0.24, Kurtosis = 2.73, MValue = 2

// ** Remained 7 (53.8%) benchmark(s) to run. Estimated finish 2026-02-22 17:08 (0h 1m from now) **
Setup power plan (GUID: 8c5e7fda-e8bf-4a96-9a85-a6e23a8c635c FriendlyName: High performance)
// **************************
// Benchmark: Scenario1.S1_ReturnOptionStringErrorNoMessage_EnumerationsOptions: .NET 10.0(Runtime=.NET 10.0, IterationTime=250ms) [Iterations=10]
// *** Execute ***
// Launch: 1 / 1
// Execute: dotnet Enumerations.Options.Benchmarks-1.dll --anonymousPipes 1716 1712 --benchmarkName "ReillyDigital.Enumerations.Options.Benchmarks.Scenarios.Scenario1.S1_ReturnOptionStringErrorNoMessage_EnumerationsOptions(Iterations: 10)" --job ".NET 10.0" --benchmarkId 6 in D:\x\devs\reilly-digital\dotnet\enumerations.options.benchmarks\bin\Debug\net10.0\Enumerations.Options.Benchmarks-1\bin\Release\net10.0
// BeforeAnythingElse

// Benchmark Process Environment Information:
// BenchmarkDotNet v0.15.8
// Runtime=.NET 10.0.3 (10.0.3, 10.0.326.7603), X64 RyuJIT x86-64-v3
// GC=Concurrent Workstation
// HardwareIntrinsics=AVX2+BMI1+BMI2+F16C+FMA+LZCNT+MOVBE,AVX,SSE3+SSSE3+SSE4.1+SSE4.2+POPCNT,X86Base+SSE+SSE2,AES+PCLMUL VectorSize=256
// Job: .NET 10.0(IterationTime=250ms)

OverheadJitting  1: 1 op, 108300.00 ns, 108.3000 us/op
WorkloadJitting  1: 1 op, 1258200.00 ns, 1.2582 ms/op

OverheadJitting  2: 16 op, 152300.00 ns, 9.5188 us/op
WorkloadJitting  2: 16 op, 156900.00 ns, 9.8063 us/op

WorkloadPilot    1: 16 op, 6200.00 ns, 387.5000 ns/op
WorkloadPilot    2: 645168 op, 122746500.00 ns, 190.2551 ns/op
WorkloadPilot    3: 1314032 op, 5801900.00 ns, 4.4153 ns/op
WorkloadPilot    4: 56620768 op, 269974500.00 ns, 4.7681 ns/op
WorkloadPilot    5: 52431600 op, 286318700.00 ns, 5.4608 ns/op
WorkloadPilot    6: 45780816 op, 211264300.00 ns, 4.6147 ns/op
WorkloadPilot    7: 54174816 op, 291330000.00 ns, 5.3776 ns/op

OverheadWarmup   1: 54174816 op, 150298000.00 ns, 2.7743 ns/op
OverheadWarmup   2: 54174816 op, 108849000.00 ns, 2.0092 ns/op
OverheadWarmup   3: 54174816 op, 82415900.00 ns, 1.5213 ns/op
OverheadWarmup   4: 54174816 op, 83101200.00 ns, 1.5339 ns/op
OverheadWarmup   5: 54174816 op, 81739400.00 ns, 1.5088 ns/op
OverheadWarmup   6: 54174816 op, 81701600.00 ns, 1.5081 ns/op
OverheadWarmup   7: 54174816 op, 81691800.00 ns, 1.5079 ns/op
OverheadWarmup   8: 54174816 op, 82735900.00 ns, 1.5272 ns/op
OverheadWarmup   9: 54174816 op, 82042000.00 ns, 1.5144 ns/op

OverheadActual   1: 54174816 op, 82293400.00 ns, 1.5190 ns/op
OverheadActual   2: 54174816 op, 81481800.00 ns, 1.5041 ns/op
OverheadActual   3: 54174816 op, 81585400.00 ns, 1.5060 ns/op
OverheadActual   4: 54174816 op, 81804100.00 ns, 1.5100 ns/op
OverheadActual   5: 54174816 op, 82278900.00 ns, 1.5188 ns/op
OverheadActual   6: 54174816 op, 81998700.00 ns, 1.5136 ns/op
OverheadActual   7: 54174816 op, 81704300.00 ns, 1.5082 ns/op
OverheadActual   8: 54174816 op, 83086600.00 ns, 1.5337 ns/op
OverheadActual   9: 54174816 op, 85616600.00 ns, 1.5804 ns/op
OverheadActual  10: 54174816 op, 81886800.00 ns, 1.5115 ns/op
OverheadActual  11: 54174816 op, 83370300.00 ns, 1.5389 ns/op
OverheadActual  12: 54174816 op, 81735200.00 ns, 1.5087 ns/op
OverheadActual  13: 54174816 op, 81805000.00 ns, 1.5100 ns/op
OverheadActual  14: 54174816 op, 84621300.00 ns, 1.5620 ns/op
OverheadActual  15: 54174816 op, 85865000.00 ns, 1.5850 ns/op

WorkloadWarmup   1: 54174816 op, 264071400.00 ns, 4.8744 ns/op
WorkloadWarmup   2: 54174816 op, 256372400.00 ns, 4.7323 ns/op
WorkloadWarmup   3: 54174816 op, 242089800.00 ns, 4.4687 ns/op
WorkloadWarmup   4: 54174816 op, 238738300.00 ns, 4.4068 ns/op
WorkloadWarmup   5: 54174816 op, 243372900.00 ns, 4.4924 ns/op
WorkloadWarmup   6: 54174816 op, 241357400.00 ns, 4.4552 ns/op
WorkloadWarmup   7: 54174816 op, 232727500.00 ns, 4.2959 ns/op
WorkloadWarmup   8: 54174816 op, 264885700.00 ns, 4.8895 ns/op
WorkloadWarmup   9: 54174816 op, 234330100.00 ns, 4.3254 ns/op

// BeforeActualRun
WorkloadActual   1: 54174816 op, 258477400.00 ns, 4.7712 ns/op
WorkloadActual   2: 54174816 op, 235769900.00 ns, 4.3520 ns/op
WorkloadActual   3: 54174816 op, 246442400.00 ns, 4.5490 ns/op
WorkloadActual   4: 54174816 op, 241451600.00 ns, 4.4569 ns/op
WorkloadActual   5: 54174816 op, 239447200.00 ns, 4.4199 ns/op
WorkloadActual   6: 54174816 op, 241188100.00 ns, 4.4520 ns/op
WorkloadActual   7: 54174816 op, 254621600.00 ns, 4.7000 ns/op
WorkloadActual   8: 54174816 op, 244743500.00 ns, 4.5177 ns/op
WorkloadActual   9: 54174816 op, 239352900.00 ns, 4.4182 ns/op
WorkloadActual  10: 54174816 op, 235270600.00 ns, 4.3428 ns/op
WorkloadActual  11: 54174816 op, 244376000.00 ns, 4.5109 ns/op
WorkloadActual  12: 54174816 op, 237306200.00 ns, 4.3804 ns/op
WorkloadActual  13: 54174816 op, 236556200.00 ns, 4.3665 ns/op
WorkloadActual  14: 54174816 op, 248209400.00 ns, 4.5816 ns/op
WorkloadActual  15: 54174816 op, 248678500.00 ns, 4.5903 ns/op
WorkloadActual  16: 54174816 op, 273941000.00 ns, 5.0566 ns/op
WorkloadActual  17: 54174816 op, 249950600.00 ns, 4.6138 ns/op
WorkloadActual  18: 54174816 op, 250761500.00 ns, 4.6287 ns/op
WorkloadActual  19: 54174816 op, 282243500.00 ns, 5.2099 ns/op
WorkloadActual  20: 54174816 op, 258837600.00 ns, 4.7778 ns/op
WorkloadActual  21: 54174816 op, 246774100.00 ns, 4.5551 ns/op
WorkloadActual  22: 54174816 op, 239380900.00 ns, 4.4187 ns/op
WorkloadActual  23: 54174816 op, 243208200.00 ns, 4.4893 ns/op
WorkloadActual  24: 54174816 op, 243014100.00 ns, 4.4857 ns/op
WorkloadActual  25: 54174816 op, 253998800.00 ns, 4.6885 ns/op
WorkloadActual  26: 54174816 op, 243805600.00 ns, 4.5003 ns/op
WorkloadActual  27: 54174816 op, 243378400.00 ns, 4.4925 ns/op
WorkloadActual  28: 54174816 op, 246945600.00 ns, 4.5583 ns/op

// AfterActualRun
WorkloadResult   1: 54174816 op, 176478700.00 ns, 3.2576 ns/op
WorkloadResult   2: 54174816 op, 153771200.00 ns, 2.8384 ns/op
WorkloadResult   3: 54174816 op, 164443700.00 ns, 3.0354 ns/op
WorkloadResult   4: 54174816 op, 159452900.00 ns, 2.9433 ns/op
WorkloadResult   5: 54174816 op, 157448500.00 ns, 2.9063 ns/op
WorkloadResult   6: 54174816 op, 159189400.00 ns, 2.9384 ns/op
WorkloadResult   7: 54174816 op, 172622900.00 ns, 3.1864 ns/op
WorkloadResult   8: 54174816 op, 162744800.00 ns, 3.0041 ns/op
WorkloadResult   9: 54174816 op, 157354200.00 ns, 2.9046 ns/op
WorkloadResult  10: 54174816 op, 153271900.00 ns, 2.8292 ns/op
WorkloadResult  11: 54174816 op, 162377300.00 ns, 2.9973 ns/op
WorkloadResult  12: 54174816 op, 155307500.00 ns, 2.8668 ns/op
WorkloadResult  13: 54174816 op, 154557500.00 ns, 2.8529 ns/op
WorkloadResult  14: 54174816 op, 166210700.00 ns, 3.0680 ns/op
WorkloadResult  15: 54174816 op, 166679800.00 ns, 3.0767 ns/op
WorkloadResult  16: 54174816 op, 167951900.00 ns, 3.1002 ns/op
WorkloadResult  17: 54174816 op, 168762800.00 ns, 3.1152 ns/op
WorkloadResult  18: 54174816 op, 176838900.00 ns, 3.2642 ns/op
WorkloadResult  19: 54174816 op, 164775400.00 ns, 3.0415 ns/op
WorkloadResult  20: 54174816 op, 157382200.00 ns, 2.9051 ns/op
WorkloadResult  21: 54174816 op, 161209500.00 ns, 2.9757 ns/op
WorkloadResult  22: 54174816 op, 161015400.00 ns, 2.9721 ns/op
WorkloadResult  23: 54174816 op, 172000100.00 ns, 3.1749 ns/op
WorkloadResult  24: 54174816 op, 161806900.00 ns, 2.9868 ns/op
WorkloadResult  25: 54174816 op, 161379700.00 ns, 2.9789 ns/op
WorkloadResult  26: 54174816 op, 164946900.00 ns, 3.0447 ns/op
// GC:  0 0 0 0 54174816
// Threading:  0 0 54174816

// AfterAll
// Benchmark Process 4020 has exited with code 0.

Mean = 3.010 ns, StdErr = 0.024 ns (0.79%), N = 26, StdDev = 0.121 ns
Min = 2.829 ns, Q1 = 2.914 ns, Median = 2.992 ns, Q3 = 3.075 ns, Max = 3.264 ns
IQR = 0.160 ns, LowerFence = 2.674 ns, UpperFence = 3.315 ns
ConfidenceInterval = [2.922 ns; 3.099 ns] (CI 99.9%), Margin = 0.089 ns (2.95% of Mean)
Skewness = 0.47, Kurtosis = 2.35, MValue = 2

// ** Remained 6 (46.2%) benchmark(s) to run. Estimated finish 2026-02-22 17:08 (0h 1m from now) **
Setup power plan (GUID: 8c5e7fda-e8bf-4a96-9a85-a6e23a8c635c FriendlyName: High performance)
// **************************
// Benchmark: Scenario1.S1_ReturnOptionStringErrorWithMessage_EnumerationsOptions: .NET 10.0(Runtime=.NET 10.0, IterationTime=250ms) [Iterations=10]
// *** Execute ***
// Launch: 1 / 1
// Execute: dotnet Enumerations.Options.Benchmarks-1.dll --anonymousPipes 1656 1188 --benchmarkName "ReillyDigital.Enumerations.Options.Benchmarks.Scenarios.Scenario1.S1_ReturnOptionStringErrorWithMessage_EnumerationsOptions(Iterations: 10)" --job ".NET 10.0" --benchmarkId 7 in D:\x\devs\reilly-digital\dotnet\enumerations.options.benchmarks\bin\Debug\net10.0\Enumerations.Options.Benchmarks-1\bin\Release\net10.0
// BeforeAnythingElse

// Benchmark Process Environment Information:
// BenchmarkDotNet v0.15.8
// Runtime=.NET 10.0.3 (10.0.3, 10.0.326.7603), X64 RyuJIT x86-64-v3
// GC=Concurrent Workstation
// HardwareIntrinsics=AVX2+BMI1+BMI2+F16C+FMA+LZCNT+MOVBE,AVX,SSE3+SSSE3+SSE4.1+SSE4.2+POPCNT,X86Base+SSE+SSE2,AES+PCLMUL VectorSize=256
// Job: .NET 10.0(IterationTime=250ms)

OverheadJitting  1: 1 op, 106700.00 ns, 106.7000 us/op
WorkloadJitting  1: 1 op, 1263700.00 ns, 1.2637 ms/op

OverheadJitting  2: 16 op, 152500.00 ns, 9.5313 us/op
WorkloadJitting  2: 16 op, 158900.00 ns, 9.9313 us/op

WorkloadPilot    1: 16 op, 6400.00 ns, 400.0000 ns/op
WorkloadPilot    2: 625008 op, 114914500.00 ns, 183.8608 ns/op
WorkloadPilot    3: 1359728 op, 6785900.00 ns, 4.9906 ns/op
WorkloadPilot    4: 50093872 op, 244520500.00 ns, 4.8812 ns/op
WorkloadPilot    5: 51216448 op, 249697600.00 ns, 4.8753 ns/op
WorkloadPilot    6: 51278480 op, 251953600.00 ns, 4.9134 ns/op
WorkloadPilot    7: 50880880 op, 248932300.00 ns, 4.8925 ns/op
WorkloadPilot    8: 51099120 op, 251393000.00 ns, 4.9197 ns/op
WorkloadPilot    9: 50815984 op, 255146100.00 ns, 5.0210 ns/op

OverheadWarmup   1: 50815984 op, 124692500.00 ns, 2.4538 ns/op
OverheadWarmup   2: 50815984 op, 115578500.00 ns, 2.2745 ns/op
OverheadWarmup   3: 50815984 op, 76628600.00 ns, 1.5080 ns/op
OverheadWarmup   4: 50815984 op, 76562300.00 ns, 1.5067 ns/op
OverheadWarmup   5: 50815984 op, 75759400.00 ns, 1.4909 ns/op
OverheadWarmup   6: 50815984 op, 75711400.00 ns, 1.4899 ns/op
OverheadWarmup   7: 50815984 op, 75677600.00 ns, 1.4892 ns/op
OverheadWarmup   8: 50815984 op, 76585400.00 ns, 1.5071 ns/op
OverheadWarmup   9: 50815984 op, 76216000.00 ns, 1.4998 ns/op
OverheadWarmup  10: 50815984 op, 75742500.00 ns, 1.4905 ns/op

OverheadActual   1: 50815984 op, 75622700.00 ns, 1.4882 ns/op
OverheadActual   2: 50815984 op, 75574100.00 ns, 1.4872 ns/op
OverheadActual   3: 50815984 op, 75892000.00 ns, 1.4935 ns/op
OverheadActual   4: 50815984 op, 75648900.00 ns, 1.4887 ns/op
OverheadActual   5: 50815984 op, 75773500.00 ns, 1.4911 ns/op
OverheadActual   6: 50815984 op, 76082000.00 ns, 1.4972 ns/op
OverheadActual   7: 50815984 op, 75712700.00 ns, 1.4899 ns/op
OverheadActual   8: 50815984 op, 75708100.00 ns, 1.4898 ns/op
OverheadActual   9: 50815984 op, 76720100.00 ns, 1.5098 ns/op
OverheadActual  10: 50815984 op, 75732000.00 ns, 1.4903 ns/op
OverheadActual  11: 50815984 op, 76500100.00 ns, 1.5054 ns/op
OverheadActual  12: 50815984 op, 75732800.00 ns, 1.4903 ns/op
OverheadActual  13: 50815984 op, 76132700.00 ns, 1.4982 ns/op
OverheadActual  14: 50815984 op, 88422400.00 ns, 1.7401 ns/op
OverheadActual  15: 50815984 op, 76973900.00 ns, 1.5148 ns/op

WorkloadWarmup   1: 50815984 op, 249358600.00 ns, 4.9071 ns/op
WorkloadWarmup   2: 50815984 op, 249287800.00 ns, 4.9057 ns/op
WorkloadWarmup   3: 50815984 op, 245540100.00 ns, 4.8319 ns/op
WorkloadWarmup   4: 50815984 op, 249038800.00 ns, 4.9008 ns/op
WorkloadWarmup   5: 50815984 op, 250826600.00 ns, 4.9360 ns/op
WorkloadWarmup   6: 50815984 op, 246875400.00 ns, 4.8582 ns/op
WorkloadWarmup   7: 50815984 op, 243989100.00 ns, 4.8014 ns/op
WorkloadWarmup   8: 50815984 op, 248227400.00 ns, 4.8848 ns/op
WorkloadWarmup   9: 50815984 op, 249201600.00 ns, 4.9040 ns/op
WorkloadWarmup  10: 50815984 op, 247707900.00 ns, 4.8746 ns/op

// BeforeActualRun
WorkloadActual   1: 50815984 op, 250860100.00 ns, 4.9366 ns/op
WorkloadActual   2: 50815984 op, 251566800.00 ns, 4.9505 ns/op
WorkloadActual   3: 50815984 op, 245936900.00 ns, 4.8398 ns/op
WorkloadActual   4: 50815984 op, 249543100.00 ns, 4.9107 ns/op
WorkloadActual   5: 50815984 op, 250119900.00 ns, 4.9221 ns/op
WorkloadActual   6: 50815984 op, 244343800.00 ns, 4.8084 ns/op
WorkloadActual   7: 50815984 op, 247816600.00 ns, 4.8767 ns/op
WorkloadActual   8: 50815984 op, 247852200.00 ns, 4.8774 ns/op
WorkloadActual   9: 50815984 op, 249330800.00 ns, 4.9065 ns/op
WorkloadActual  10: 50815984 op, 250777400.00 ns, 4.9350 ns/op
WorkloadActual  11: 50815984 op, 244637100.00 ns, 4.8142 ns/op
WorkloadActual  12: 50815984 op, 244628300.00 ns, 4.8140 ns/op
WorkloadActual  13: 50815984 op, 246918600.00 ns, 4.8591 ns/op
WorkloadActual  14: 50815984 op, 251812900.00 ns, 4.9554 ns/op
WorkloadActual  15: 50815984 op, 250806000.00 ns, 4.9356 ns/op

// AfterActualRun
WorkloadResult   1: 50815984 op, 175086600.00 ns, 3.4455 ns/op
WorkloadResult   2: 50815984 op, 175793300.00 ns, 3.4594 ns/op
WorkloadResult   3: 50815984 op, 170163400.00 ns, 3.3486 ns/op
WorkloadResult   4: 50815984 op, 173769600.00 ns, 3.4196 ns/op
WorkloadResult   5: 50815984 op, 174346400.00 ns, 3.4309 ns/op
WorkloadResult   6: 50815984 op, 168570300.00 ns, 3.3173 ns/op
WorkloadResult   7: 50815984 op, 172043100.00 ns, 3.3856 ns/op
WorkloadResult   8: 50815984 op, 172078700.00 ns, 3.3863 ns/op
WorkloadResult   9: 50815984 op, 173557300.00 ns, 3.4154 ns/op
WorkloadResult  10: 50815984 op, 175003900.00 ns, 3.4439 ns/op
WorkloadResult  11: 50815984 op, 168863600.00 ns, 3.3230 ns/op
WorkloadResult  12: 50815984 op, 168854800.00 ns, 3.3229 ns/op
WorkloadResult  13: 50815984 op, 171145100.00 ns, 3.3679 ns/op
WorkloadResult  14: 50815984 op, 176039400.00 ns, 3.4643 ns/op
WorkloadResult  15: 50815984 op, 175032500.00 ns, 3.4444 ns/op
// GC:  0 0 0 0 50815984
// Threading:  0 0 50815984

// AfterAll
// Benchmark Process 18864 has exited with code 0.

Mean = 3.398 ns, StdErr = 0.013 ns (0.40%), N = 15, StdDev = 0.052 ns
Min = 3.317 ns, Q1 = 3.358 ns, Median = 3.415 ns, Q3 = 3.444 ns, Max = 3.464 ns
IQR = 0.086 ns, LowerFence = 3.229 ns, UpperFence = 3.573 ns
ConfidenceInterval = [3.343 ns; 3.454 ns] (CI 99.9%), Margin = 0.056 ns (1.64% of Mean)
Skewness = -0.32, Kurtosis = 1.48, MValue = 2

// ** Remained 5 (38.5%) benchmark(s) to run. Estimated finish 2026-02-22 17:08 (0h 0m from now) **
Setup power plan (GUID: 8c5e7fda-e8bf-4a96-9a85-a6e23a8c635c FriendlyName: High performance)
// **************************
// Benchmark: Scenario1.S1_ReturnOptionStringNone_EnumerationsOptions: .NET 10.0(Runtime=.NET 10.0, IterationTime=250ms) [Iterations=10]
// *** Execute ***
// Launch: 1 / 1
// Execute: dotnet Enumerations.Options.Benchmarks-1.dll --anonymousPipes 1708 1652 --benchmarkName "ReillyDigital.Enumerations.Options.Benchmarks.Scenarios.Scenario1.S1_ReturnOptionStringNone_EnumerationsOptions(Iterations: 10)" --job ".NET 10.0" --benchmarkId 8 in D:\x\devs\reilly-digital\dotnet\enumerations.options.benchmarks\bin\Debug\net10.0\Enumerations.Options.Benchmarks-1\bin\Release\net10.0
// BeforeAnythingElse

// Benchmark Process Environment Information:
// BenchmarkDotNet v0.15.8
// Runtime=.NET 10.0.3 (10.0.3, 10.0.326.7603), X64 RyuJIT x86-64-v3
// GC=Concurrent Workstation
// HardwareIntrinsics=AVX2+BMI1+BMI2+F16C+FMA+LZCNT+MOVBE,AVX,SSE3+SSSE3+SSE4.1+SSE4.2+POPCNT,X86Base+SSE+SSE2,AES+PCLMUL VectorSize=256
// Job: .NET 10.0(IterationTime=250ms)

OverheadJitting  1: 1 op, 104500.00 ns, 104.5000 us/op
WorkloadJitting  1: 1 op, 1468500.00 ns, 1.4685 ms/op

OverheadJitting  2: 16 op, 178000.00 ns, 11.1250 us/op
WorkloadJitting  2: 16 op, 151800.00 ns, 9.4875 us/op

WorkloadPilot    1: 16 op, 6200.00 ns, 387.5000 ns/op
WorkloadPilot    2: 645168 op, 106715500.00 ns, 165.4073 ns/op
WorkloadPilot    3: 1511424 op, 6797800.00 ns, 4.4976 ns/op
WorkloadPilot    4: 55585056 op, 266361200.00 ns, 4.7920 ns/op
WorkloadPilot    5: 52170752 op, 246082900.00 ns, 4.7169 ns/op
WorkloadPilot    6: 53001200 op, 248352000.00 ns, 4.6858 ns/op
WorkloadPilot    7: 53352912 op, 253804500.00 ns, 4.7571 ns/op
WorkloadPilot    8: 52553168 op, 243372800.00 ns, 4.6310 ns/op
WorkloadPilot    9: 53984240 op, 245436800.00 ns, 4.5465 ns/op
WorkloadPilot   10: 54987936 op, 272640700.00 ns, 4.9582 ns/op

OverheadWarmup   1: 54987936 op, 137266700.00 ns, 2.4963 ns/op
OverheadWarmup   2: 54987936 op, 114902100.00 ns, 2.0896 ns/op
OverheadWarmup   3: 54987936 op, 83282900.00 ns, 1.5146 ns/op
OverheadWarmup   4: 54987936 op, 88515900.00 ns, 1.6097 ns/op
OverheadWarmup   5: 54987936 op, 82717600.00 ns, 1.5043 ns/op
OverheadWarmup   6: 54987936 op, 82900800.00 ns, 1.5076 ns/op
OverheadWarmup   7: 54987936 op, 83211100.00 ns, 1.5133 ns/op
OverheadWarmup   8: 54987936 op, 82966100.00 ns, 1.5088 ns/op

OverheadActual   1: 54987936 op, 82680800.00 ns, 1.5036 ns/op
OverheadActual   2: 54987936 op, 88238100.00 ns, 1.6047 ns/op
OverheadActual   3: 54987936 op, 86644200.00 ns, 1.5757 ns/op
OverheadActual   4: 54987936 op, 83745900.00 ns, 1.5230 ns/op
OverheadActual   5: 54987936 op, 82401800.00 ns, 1.4985 ns/op
OverheadActual   6: 54987936 op, 82585400.00 ns, 1.5019 ns/op
OverheadActual   7: 54987936 op, 82066900.00 ns, 1.4925 ns/op
OverheadActual   8: 54987936 op, 81951700.00 ns, 1.4904 ns/op
OverheadActual   9: 54987936 op, 82095300.00 ns, 1.4930 ns/op
OverheadActual  10: 54987936 op, 82901900.00 ns, 1.5076 ns/op
OverheadActual  11: 54987936 op, 92136200.00 ns, 1.6756 ns/op
OverheadActual  12: 54987936 op, 86808800.00 ns, 1.5787 ns/op
OverheadActual  13: 54987936 op, 84714600.00 ns, 1.5406 ns/op
OverheadActual  14: 54987936 op, 83818700.00 ns, 1.5243 ns/op
OverheadActual  15: 54987936 op, 82470600.00 ns, 1.4998 ns/op

WorkloadWarmup   1: 54987936 op, 266514900.00 ns, 4.8468 ns/op
WorkloadWarmup   2: 54987936 op, 255986100.00 ns, 4.6553 ns/op
WorkloadWarmup   3: 54987936 op, 251419700.00 ns, 4.5723 ns/op
WorkloadWarmup   4: 54987936 op, 260709700.00 ns, 4.7412 ns/op
WorkloadWarmup   5: 54987936 op, 252215400.00 ns, 4.5867 ns/op
WorkloadWarmup   6: 54987936 op, 266393800.00 ns, 4.8446 ns/op
WorkloadWarmup   7: 54987936 op, 266033800.00 ns, 4.8380 ns/op

// BeforeActualRun
WorkloadActual   1: 54987936 op, 270164300.00 ns, 4.9132 ns/op
WorkloadActual   2: 54987936 op, 258662400.00 ns, 4.7040 ns/op
WorkloadActual   3: 54987936 op, 265757800.00 ns, 4.8330 ns/op
WorkloadActual   4: 54987936 op, 264908100.00 ns, 4.8176 ns/op
WorkloadActual   5: 54987936 op, 296457400.00 ns, 5.3913 ns/op
WorkloadActual   6: 54987936 op, 268131000.00 ns, 4.8762 ns/op
WorkloadActual   7: 54987936 op, 289813800.00 ns, 5.2705 ns/op
WorkloadActual   8: 54987936 op, 262243800.00 ns, 4.7691 ns/op
WorkloadActual   9: 54987936 op, 264678500.00 ns, 4.8134 ns/op
WorkloadActual  10: 54987936 op, 252479800.00 ns, 4.5915 ns/op
WorkloadActual  11: 54987936 op, 259363200.00 ns, 4.7167 ns/op
WorkloadActual  12: 54987936 op, 260223900.00 ns, 4.7324 ns/op
WorkloadActual  13: 54987936 op, 258191600.00 ns, 4.6954 ns/op
WorkloadActual  14: 54987936 op, 254157900.00 ns, 4.6221 ns/op
WorkloadActual  15: 54987936 op, 257162200.00 ns, 4.6767 ns/op
WorkloadActual  16: 54987936 op, 266762700.00 ns, 4.8513 ns/op
WorkloadActual  17: 54987936 op, 248476200.00 ns, 4.5187 ns/op
WorkloadActual  18: 54987936 op, 261388400.00 ns, 4.7536 ns/op
WorkloadActual  19: 54987936 op, 247333800.00 ns, 4.4980 ns/op
WorkloadActual  20: 54987936 op, 256112800.00 ns, 4.6576 ns/op
WorkloadActual  21: 54987936 op, 267262700.00 ns, 4.8604 ns/op
WorkloadActual  22: 54987936 op, 261848600.00 ns, 4.7619 ns/op
WorkloadActual  23: 54987936 op, 261917600.00 ns, 4.7632 ns/op
WorkloadActual  24: 54987936 op, 259293400.00 ns, 4.7155 ns/op

// AfterActualRun
WorkloadResult   1: 54987936 op, 187262400.00 ns, 3.4055 ns/op
WorkloadResult   2: 54987936 op, 175760500.00 ns, 3.1963 ns/op
WorkloadResult   3: 54987936 op, 182855900.00 ns, 3.3254 ns/op
WorkloadResult   4: 54987936 op, 182006200.00 ns, 3.3099 ns/op
WorkloadResult   5: 54987936 op, 185229100.00 ns, 3.3685 ns/op
WorkloadResult   6: 54987936 op, 179341900.00 ns, 3.2615 ns/op
WorkloadResult   7: 54987936 op, 181776600.00 ns, 3.3058 ns/op
WorkloadResult   8: 54987936 op, 169577900.00 ns, 3.0839 ns/op
WorkloadResult   9: 54987936 op, 176461300.00 ns, 3.2091 ns/op
WorkloadResult  10: 54987936 op, 177322000.00 ns, 3.2247 ns/op
WorkloadResult  11: 54987936 op, 175289700.00 ns, 3.1878 ns/op
WorkloadResult  12: 54987936 op, 171256000.00 ns, 3.1144 ns/op
WorkloadResult  13: 54987936 op, 174260300.00 ns, 3.1691 ns/op
WorkloadResult  14: 54987936 op, 183860800.00 ns, 3.3437 ns/op
WorkloadResult  15: 54987936 op, 165574300.00 ns, 3.0111 ns/op
WorkloadResult  16: 54987936 op, 178486500.00 ns, 3.2459 ns/op
WorkloadResult  17: 54987936 op, 164431900.00 ns, 2.9903 ns/op
WorkloadResult  18: 54987936 op, 173210900.00 ns, 3.1500 ns/op
WorkloadResult  19: 54987936 op, 184360800.00 ns, 3.3527 ns/op
WorkloadResult  20: 54987936 op, 178946700.00 ns, 3.2543 ns/op
WorkloadResult  21: 54987936 op, 179015700.00 ns, 3.2555 ns/op
WorkloadResult  22: 54987936 op, 176391500.00 ns, 3.2078 ns/op
// GC:  0 0 0 0 54987936
// Threading:  0 0 54987936

// AfterAll
// Benchmark Process 13788 has exited with code 0.

Mean = 3.226 ns, StdErr = 0.024 ns (0.73%), N = 22, StdDev = 0.110 ns
Min = 2.990 ns, Q1 = 3.174 ns, Median = 3.235 ns, Q3 = 3.309 ns, Max = 3.406 ns
IQR = 0.135 ns, LowerFence = 2.971 ns, UpperFence = 3.512 ns
ConfidenceInterval = [3.136 ns; 3.316 ns] (CI 99.9%), Margin = 0.090 ns (2.78% of Mean)
Skewness = -0.46, Kurtosis = 2.43, MValue = 2

// ** Remained 4 (30.8%) benchmark(s) to run. Estimated finish 2026-02-22 17:08 (0h 0m from now) **
Setup power plan (GUID: 8c5e7fda-e8bf-4a96-9a85-a6e23a8c635c FriendlyName: High performance)
// **************************
// Benchmark: Scenario1.S1_ReturnOptionStringSuccess_EnumerationsOptions: .NET 10.0(Runtime=.NET 10.0, IterationTime=250ms) [Iterations=10]
// *** Execute ***
// Launch: 1 / 1
// Execute: dotnet Enumerations.Options.Benchmarks-1.dll --anonymousPipes 1652 1736 --benchmarkName "ReillyDigital.Enumerations.Options.Benchmarks.Scenarios.Scenario1.S1_ReturnOptionStringSuccess_EnumerationsOptions(Iterations: 10)" --job ".NET 10.0" --benchmarkId 9 in D:\x\devs\reilly-digital\dotnet\enumerations.options.benchmarks\bin\Debug\net10.0\Enumerations.Options.Benchmarks-1\bin\Release\net10.0
// BeforeAnythingElse

// Benchmark Process Environment Information:
// BenchmarkDotNet v0.15.8
// Runtime=.NET 10.0.3 (10.0.3, 10.0.326.7603), X64 RyuJIT x86-64-v3
// GC=Concurrent Workstation
// HardwareIntrinsics=AVX2+BMI1+BMI2+F16C+FMA+LZCNT+MOVBE,AVX,SSE3+SSSE3+SSE4.1+SSE4.2+POPCNT,X86Base+SSE+SSE2,AES+PCLMUL VectorSize=256
// Job: .NET 10.0(IterationTime=250ms)

OverheadJitting  1: 1 op, 114600.00 ns, 114.6000 us/op
WorkloadJitting  1: 1 op, 1401400.00 ns, 1.4014 ms/op

OverheadJitting  2: 16 op, 181500.00 ns, 11.3438 us/op
WorkloadJitting  2: 16 op, 190700.00 ns, 11.9188 us/op

WorkloadPilot    1: 16 op, 5800.00 ns, 362.5000 ns/op
WorkloadPilot    2: 689664 op, 197099700.00 ns, 285.7909 ns/op
WorkloadPilot    3: 874768 op, 4531600.00 ns, 5.1803 ns/op
WorkloadPilot    4: 48259344 op, 244314200.00 ns, 5.0625 ns/op
WorkloadPilot    5: 49382464 op, 245932900.00 ns, 4.9802 ns/op
WorkloadPilot    6: 50199136 op, 246549900.00 ns, 4.9114 ns/op
WorkloadPilot    7: 50901600 op, 246688200.00 ns, 4.8464 ns/op
WorkloadPilot    8: 51584960 op, 255726400.00 ns, 4.9574 ns/op
WorkloadPilot    9: 50429840 op, 256931400.00 ns, 5.0948 ns/op
WorkloadPilot   10: 49069376 op, 251970900.00 ns, 5.1350 ns/op

OverheadWarmup   1: 49069376 op, 127832000.00 ns, 2.6051 ns/op
OverheadWarmup   2: 49069376 op, 104736400.00 ns, 2.1345 ns/op
OverheadWarmup   3: 49069376 op, 74478700.00 ns, 1.5178 ns/op
OverheadWarmup   4: 49069376 op, 74369500.00 ns, 1.5156 ns/op
OverheadWarmup   5: 49069376 op, 74379600.00 ns, 1.5158 ns/op
OverheadWarmup   6: 49069376 op, 75494700.00 ns, 1.5385 ns/op
OverheadWarmup   7: 49069376 op, 76377500.00 ns, 1.5565 ns/op
OverheadWarmup   8: 49069376 op, 74763900.00 ns, 1.5236 ns/op
OverheadWarmup   9: 49069376 op, 74464700.00 ns, 1.5175 ns/op
OverheadWarmup  10: 49069376 op, 73969600.00 ns, 1.5074 ns/op

OverheadActual   1: 49069376 op, 86102700.00 ns, 1.7547 ns/op
OverheadActual   2: 49069376 op, 77332000.00 ns, 1.5760 ns/op
OverheadActual   3: 49069376 op, 74082500.00 ns, 1.5098 ns/op
OverheadActual   4: 49069376 op, 75079700.00 ns, 1.5301 ns/op
OverheadActual   5: 49069376 op, 74978700.00 ns, 1.5280 ns/op
OverheadActual   6: 49069376 op, 73779700.00 ns, 1.5036 ns/op
OverheadActual   7: 49069376 op, 73482900.00 ns, 1.4975 ns/op
OverheadActual   8: 49069376 op, 73686700.00 ns, 1.5017 ns/op
OverheadActual   9: 49069376 op, 80820500.00 ns, 1.6471 ns/op
OverheadActual  10: 49069376 op, 84884800.00 ns, 1.7299 ns/op
OverheadActual  11: 49069376 op, 87293100.00 ns, 1.7790 ns/op
OverheadActual  12: 49069376 op, 81128100.00 ns, 1.6533 ns/op
OverheadActual  13: 49069376 op, 74394500.00 ns, 1.5161 ns/op
OverheadActual  14: 49069376 op, 76692600.00 ns, 1.5629 ns/op
OverheadActual  15: 49069376 op, 73922300.00 ns, 1.5065 ns/op
OverheadActual  16: 49069376 op, 78621500.00 ns, 1.6023 ns/op
OverheadActual  17: 49069376 op, 74883200.00 ns, 1.5261 ns/op
OverheadActual  18: 49069376 op, 74147700.00 ns, 1.5111 ns/op
OverheadActual  19: 49069376 op, 74279400.00 ns, 1.5138 ns/op
OverheadActual  20: 49069376 op, 75079200.00 ns, 1.5301 ns/op

WorkloadWarmup   1: 49069376 op, 242365900.00 ns, 4.9392 ns/op
WorkloadWarmup   2: 49069376 op, 232298300.00 ns, 4.7341 ns/op
WorkloadWarmup   3: 49069376 op, 227758800.00 ns, 4.6416 ns/op
WorkloadWarmup   4: 49069376 op, 236563000.00 ns, 4.8210 ns/op
WorkloadWarmup   5: 49069376 op, 253862000.00 ns, 5.1735 ns/op
WorkloadWarmup   6: 49069376 op, 266039000.00 ns, 5.4217 ns/op
WorkloadWarmup   7: 49069376 op, 243557700.00 ns, 4.9635 ns/op
WorkloadWarmup   8: 49069376 op, 237527300.00 ns, 4.8406 ns/op
WorkloadWarmup   9: 49069376 op, 247332400.00 ns, 5.0405 ns/op
WorkloadWarmup  10: 49069376 op, 245892300.00 ns, 5.0111 ns/op

// BeforeActualRun
WorkloadActual   1: 49069376 op, 259082800.00 ns, 5.2799 ns/op
WorkloadActual   2: 49069376 op, 246840400.00 ns, 5.0304 ns/op
WorkloadActual   3: 49069376 op, 243318400.00 ns, 4.9587 ns/op
WorkloadActual   4: 49069376 op, 244498800.00 ns, 4.9827 ns/op
WorkloadActual   5: 49069376 op, 241066800.00 ns, 4.9128 ns/op
WorkloadActual   6: 49069376 op, 241550900.00 ns, 4.9226 ns/op
WorkloadActual   7: 49069376 op, 240958900.00 ns, 4.9106 ns/op
WorkloadActual   8: 49069376 op, 246152400.00 ns, 5.0164 ns/op
WorkloadActual   9: 49069376 op, 232874600.00 ns, 4.7458 ns/op
WorkloadActual  10: 49069376 op, 236303800.00 ns, 4.8157 ns/op
WorkloadActual  11: 49069376 op, 237788700.00 ns, 4.8460 ns/op
WorkloadActual  12: 49069376 op, 237841300.00 ns, 4.8470 ns/op
WorkloadActual  13: 49069376 op, 244021900.00 ns, 4.9730 ns/op
WorkloadActual  14: 49069376 op, 242337500.00 ns, 4.9387 ns/op
WorkloadActual  15: 49069376 op, 243280300.00 ns, 4.9579 ns/op

// AfterActualRun
WorkloadResult   1: 49069376 op, 171811450.00 ns, 3.5014 ns/op
WorkloadResult   2: 49069376 op, 168289450.00 ns, 3.4296 ns/op
WorkloadResult   3: 49069376 op, 169469850.00 ns, 3.4537 ns/op
WorkloadResult   4: 49069376 op, 166037850.00 ns, 3.3837 ns/op
WorkloadResult   5: 49069376 op, 166521950.00 ns, 3.3936 ns/op
WorkloadResult   6: 49069376 op, 165929950.00 ns, 3.3815 ns/op
WorkloadResult   7: 49069376 op, 171123450.00 ns, 3.4874 ns/op
WorkloadResult   8: 49069376 op, 157845650.00 ns, 3.2168 ns/op
WorkloadResult   9: 49069376 op, 161274850.00 ns, 3.2867 ns/op
WorkloadResult  10: 49069376 op, 162759750.00 ns, 3.3169 ns/op
WorkloadResult  11: 49069376 op, 162812350.00 ns, 3.3180 ns/op
WorkloadResult  12: 49069376 op, 168992950.00 ns, 3.4440 ns/op
WorkloadResult  13: 49069376 op, 167308550.00 ns, 3.4096 ns/op
WorkloadResult  14: 49069376 op, 168251350.00 ns, 3.4288 ns/op
// GC:  0 0 0 0 49069376
// Threading:  0 0 49069376

// AfterAll
// Benchmark Process 4272 has exited with code 0.

Mean = 3.389 ns, StdErr = 0.021 ns (0.63%), N = 14, StdDev = 0.080 ns
Min = 3.217 ns, Q1 = 3.334 ns, Median = 3.402 ns, Q3 = 3.440 ns, Max = 3.501 ns
IQR = 0.106 ns, LowerFence = 3.174 ns, UpperFence = 3.600 ns
ConfidenceInterval = [3.299 ns; 3.480 ns] (CI 99.9%), Margin = 0.090 ns (2.67% of Mean)
Skewness = -0.56, Kurtosis = 2.3, MValue = 2

// ** Remained 3 (23.1%) benchmark(s) to run. Estimated finish 2026-02-22 17:08 (0h 0m from now) **
Setup power plan (GUID: 8c5e7fda-e8bf-4a96-9a85-a6e23a8c635c FriendlyName: High performance)
// **************************
// Benchmark: Scenario1.S1_ReturnVoidErrorNoMessage_EnumerationsOptions: .NET 10.0(Runtime=.NET 10.0, IterationTime=250ms) [Iterations=10]
// *** Execute ***
// Launch: 1 / 1
// Execute: dotnet Enumerations.Options.Benchmarks-1.dll --anonymousPipes 896 1748 --benchmarkName "ReillyDigital.Enumerations.Options.Benchmarks.Scenarios.Scenario1.S1_ReturnVoidErrorNoMessage_EnumerationsOptions(Iterations: 10)" --job ".NET 10.0" --benchmarkId 10 in D:\x\devs\reilly-digital\dotnet\enumerations.options.benchmarks\bin\Debug\net10.0\Enumerations.Options.Benchmarks-1\bin\Release\net10.0
// BeforeAnythingElse

// Benchmark Process Environment Information:
// BenchmarkDotNet v0.15.8
// Runtime=.NET 10.0.3 (10.0.3, 10.0.326.7603), X64 RyuJIT x86-64-v3
// GC=Concurrent Workstation
// HardwareIntrinsics=AVX2+BMI1+BMI2+F16C+FMA+LZCNT+MOVBE,AVX,SSE3+SSSE3+SSE4.1+SSE4.2+POPCNT,X86Base+SSE+SSE2,AES+PCLMUL VectorSize=256
// Job: .NET 10.0(IterationTime=250ms)

OverheadJitting  1: 1 op, 117500.00 ns, 117.5000 us/op
WorkloadJitting  1: 1 op, 1485300.00 ns, 1.4853 ms/op

OverheadJitting  2: 16 op, 170000.00 ns, 10.6250 us/op
WorkloadJitting  2: 16 op, 154500.00 ns, 9.6563 us/op

WorkloadPilot    1: 16 op, 5400.00 ns, 337.5000 ns/op
WorkloadPilot    2: 740752 op, 113647100.00 ns, 153.4213 ns/op
WorkloadPilot    3: 1629504 op, 7251200.00 ns, 4.4499 ns/op
WorkloadPilot    4: 56180496 op, 268305200.00 ns, 4.7758 ns/op
WorkloadPilot    5: 52347568 op, 241979200.00 ns, 4.6225 ns/op
WorkloadPilot    6: 54082720 op, 271024900.00 ns, 5.0113 ns/op
WorkloadPilot    7: 49887232 op, 243431600.00 ns, 4.8796 ns/op
WorkloadPilot    8: 51233328 op, 250062400.00 ns, 4.8809 ns/op

OverheadWarmup   1: 51233328 op, 129969500.00 ns, 2.5368 ns/op
OverheadWarmup   2: 51233328 op, 111393900.00 ns, 2.1742 ns/op
OverheadWarmup   3: 51233328 op, 79166600.00 ns, 1.5452 ns/op
OverheadWarmup   4: 51233328 op, 82008400.00 ns, 1.6007 ns/op
OverheadWarmup   5: 51233328 op, 80648600.00 ns, 1.5741 ns/op
OverheadWarmup   6: 51233328 op, 80628500.00 ns, 1.5738 ns/op
OverheadWarmup   7: 51233328 op, 79769700.00 ns, 1.5570 ns/op
OverheadWarmup   8: 51233328 op, 82658200.00 ns, 1.6134 ns/op
OverheadWarmup   9: 51233328 op, 86063400.00 ns, 1.6798 ns/op
OverheadWarmup  10: 51233328 op, 87235700.00 ns, 1.7027 ns/op

OverheadActual   1: 51233328 op, 85570400.00 ns, 1.6702 ns/op
OverheadActual   2: 51233328 op, 84911700.00 ns, 1.6574 ns/op
OverheadActual   3: 51233328 op, 84045200.00 ns, 1.6404 ns/op
OverheadActual   4: 51233328 op, 83137600.00 ns, 1.6227 ns/op
OverheadActual   5: 51233328 op, 85411000.00 ns, 1.6671 ns/op
OverheadActual   6: 51233328 op, 78680100.00 ns, 1.5357 ns/op
OverheadActual   7: 51233328 op, 80150000.00 ns, 1.5644 ns/op
OverheadActual   8: 51233328 op, 78338400.00 ns, 1.5291 ns/op
OverheadActual   9: 51233328 op, 78945900.00 ns, 1.5409 ns/op
OverheadActual  10: 51233328 op, 78347200.00 ns, 1.5292 ns/op
OverheadActual  11: 51233328 op, 83712300.00 ns, 1.6339 ns/op
OverheadActual  12: 51233328 op, 78219800.00 ns, 1.5267 ns/op
OverheadActual  13: 51233328 op, 84569700.00 ns, 1.6507 ns/op
OverheadActual  14: 51233328 op, 78179000.00 ns, 1.5259 ns/op
OverheadActual  15: 51233328 op, 78675400.00 ns, 1.5356 ns/op

WorkloadWarmup   1: 51233328 op, 223081900.00 ns, 4.3542 ns/op
WorkloadWarmup   2: 51233328 op, 229326900.00 ns, 4.4761 ns/op
WorkloadWarmup   3: 51233328 op, 222227100.00 ns, 4.3375 ns/op
WorkloadWarmup   4: 51233328 op, 239485900.00 ns, 4.6744 ns/op
WorkloadWarmup   5: 51233328 op, 229136400.00 ns, 4.4724 ns/op
WorkloadWarmup   6: 51233328 op, 218023900.00 ns, 4.2555 ns/op

// BeforeActualRun
WorkloadActual   1: 51233328 op, 232120400.00 ns, 4.5307 ns/op
WorkloadActual   2: 51233328 op, 231830100.00 ns, 4.5250 ns/op
WorkloadActual   3: 51233328 op, 230766500.00 ns, 4.5042 ns/op
WorkloadActual   4: 51233328 op, 235829500.00 ns, 4.6030 ns/op
WorkloadActual   5: 51233328 op, 226262500.00 ns, 4.4163 ns/op
WorkloadActual   6: 51233328 op, 230853700.00 ns, 4.5059 ns/op
WorkloadActual   7: 51233328 op, 236851500.00 ns, 4.6230 ns/op
WorkloadActual   8: 51233328 op, 223399800.00 ns, 4.3604 ns/op
WorkloadActual   9: 51233328 op, 222511600.00 ns, 4.3431 ns/op
WorkloadActual  10: 51233328 op, 224799400.00 ns, 4.3878 ns/op
WorkloadActual  11: 51233328 op, 230687900.00 ns, 4.5027 ns/op
WorkloadActual  12: 51233328 op, 224046200.00 ns, 4.3731 ns/op
WorkloadActual  13: 51233328 op, 235977700.00 ns, 4.6059 ns/op
WorkloadActual  14: 51233328 op, 234564600.00 ns, 4.5784 ns/op
WorkloadActual  15: 51233328 op, 232044800.00 ns, 4.5292 ns/op
WorkloadActual  16: 51233328 op, 232279000.00 ns, 4.5337 ns/op
WorkloadActual  17: 51233328 op, 226715700.00 ns, 4.4252 ns/op

// AfterActualRun
WorkloadResult   1: 51233328 op, 151970400.00 ns, 2.9662 ns/op
WorkloadResult   2: 51233328 op, 151680100.00 ns, 2.9606 ns/op
WorkloadResult   3: 51233328 op, 150616500.00 ns, 2.9398 ns/op
WorkloadResult   4: 51233328 op, 155679500.00 ns, 3.0386 ns/op
WorkloadResult   5: 51233328 op, 146112500.00 ns, 2.8519 ns/op
WorkloadResult   6: 51233328 op, 150703700.00 ns, 2.9415 ns/op
WorkloadResult   7: 51233328 op, 156701500.00 ns, 3.0586 ns/op
WorkloadResult   8: 51233328 op, 143249800.00 ns, 2.7960 ns/op
WorkloadResult   9: 51233328 op, 142361600.00 ns, 2.7787 ns/op
WorkloadResult  10: 51233328 op, 144649400.00 ns, 2.8233 ns/op
WorkloadResult  11: 51233328 op, 150537900.00 ns, 2.9383 ns/op
WorkloadResult  12: 51233328 op, 143896200.00 ns, 2.8086 ns/op
WorkloadResult  13: 51233328 op, 155827700.00 ns, 3.0415 ns/op
WorkloadResult  14: 51233328 op, 154414600.00 ns, 3.0139 ns/op
WorkloadResult  15: 51233328 op, 151894800.00 ns, 2.9648 ns/op
WorkloadResult  16: 51233328 op, 152129000.00 ns, 2.9693 ns/op
WorkloadResult  17: 51233328 op, 146565700.00 ns, 2.8607 ns/op
// GC:  0 0 0 0 51233328
// Threading:  0 0 51233328

// AfterAll
// Benchmark Process 2396 has exited with code 0.

Mean = 2.927 ns, StdErr = 0.022 ns (0.75%), N = 17, StdDev = 0.090 ns
Min = 2.779 ns, Q1 = 2.852 ns, Median = 2.942 ns, Q3 = 2.969 ns, Max = 3.059 ns
IQR = 0.117 ns, LowerFence = 2.676 ns, UpperFence = 3.145 ns
ConfidenceInterval = [2.839 ns; 3.015 ns] (CI 99.9%), Margin = 0.088 ns (3.01% of Mean)
Skewness = -0.22, Kurtosis = 1.61, MValue = 3.5

// ** Remained 2 (15.4%) benchmark(s) to run. Estimated finish 2026-02-22 17:08 (0h 0m from now) **
Setup power plan (GUID: 8c5e7fda-e8bf-4a96-9a85-a6e23a8c635c FriendlyName: High performance)
// **************************
// Benchmark: Scenario1.S1_ReturnVoidErrorWithMessage_EnumerationsOptions: .NET 10.0(Runtime=.NET 10.0, IterationTime=250ms) [Iterations=10]
// *** Execute ***
// Launch: 1 / 1
// Execute: dotnet Enumerations.Options.Benchmarks-1.dll --anonymousPipes 648 652 --benchmarkName "ReillyDigital.Enumerations.Options.Benchmarks.Scenarios.Scenario1.S1_ReturnVoidErrorWithMessage_EnumerationsOptions(Iterations: 10)" --job ".NET 10.0" --benchmarkId 11 in D:\x\devs\reilly-digital\dotnet\enumerations.options.benchmarks\bin\Debug\net10.0\Enumerations.Options.Benchmarks-1\bin\Release\net10.0
// BeforeAnythingElse

// Benchmark Process Environment Information:
// BenchmarkDotNet v0.15.8
// Runtime=.NET 10.0.3 (10.0.3, 10.0.326.7603), X64 RyuJIT x86-64-v3
// GC=Concurrent Workstation
// HardwareIntrinsics=AVX2+BMI1+BMI2+F16C+FMA+LZCNT+MOVBE,AVX,SSE3+SSSE3+SSE4.1+SSE4.2+POPCNT,X86Base+SSE+SSE2,AES+PCLMUL VectorSize=256
// Job: .NET 10.0(IterationTime=250ms)

OverheadJitting  1: 1 op, 368200.00 ns, 368.2000 us/op
WorkloadJitting  1: 1 op, 1277000.00 ns, 1.2770 ms/op

OverheadJitting  2: 16 op, 149800.00 ns, 9.3625 us/op
WorkloadJitting  2: 16 op, 344300.00 ns, 21.5188 us/op

WorkloadPilot    1: 16 op, 5400.00 ns, 337.5000 ns/op
WorkloadPilot    2: 740752 op, 199410100.00 ns, 269.1995 ns/op
WorkloadPilot    3: 928688 op, 4128100.00 ns, 4.4451 ns/op
WorkloadPilot    4: 56241856 op, 279712700.00 ns, 4.9734 ns/op
WorkloadPilot    5: 50267536 op, 248508200.00 ns, 4.9437 ns/op
WorkloadPilot    6: 50569296 op, 250643900.00 ns, 4.9564 ns/op
WorkloadPilot    7: 50439392 op, 242030400.00 ns, 4.7984 ns/op
WorkloadPilot    8: 52100272 op, 249383000.00 ns, 4.7866 ns/op
WorkloadPilot    9: 52229184 op, 258326200.00 ns, 4.9460 ns/op

OverheadWarmup   1: 52229184 op, 133120500.00 ns, 2.5488 ns/op
OverheadWarmup   2: 52229184 op, 111806100.00 ns, 2.1407 ns/op
OverheadWarmup   3: 52229184 op, 81078600.00 ns, 1.5524 ns/op
OverheadWarmup   4: 52229184 op, 79264600.00 ns, 1.5176 ns/op
OverheadWarmup   5: 52229184 op, 79087300.00 ns, 1.5142 ns/op
OverheadWarmup   6: 52229184 op, 78539600.00 ns, 1.5037 ns/op
OverheadWarmup   7: 52229184 op, 78795500.00 ns, 1.5086 ns/op
OverheadWarmup   8: 52229184 op, 78990800.00 ns, 1.5124 ns/op
OverheadWarmup   9: 52229184 op, 79139900.00 ns, 1.5152 ns/op
OverheadWarmup  10: 52229184 op, 78859300.00 ns, 1.5099 ns/op

OverheadActual   1: 52229184 op, 80207100.00 ns, 1.5357 ns/op
OverheadActual   2: 52229184 op, 82346200.00 ns, 1.5766 ns/op
OverheadActual   3: 52229184 op, 80556000.00 ns, 1.5424 ns/op
OverheadActual   4: 52229184 op, 80437800.00 ns, 1.5401 ns/op
OverheadActual   5: 52229184 op, 80703100.00 ns, 1.5452 ns/op
OverheadActual   6: 52229184 op, 80782600.00 ns, 1.5467 ns/op
OverheadActual   7: 52229184 op, 82471000.00 ns, 1.5790 ns/op
OverheadActual   8: 52229184 op, 81356900.00 ns, 1.5577 ns/op
OverheadActual   9: 52229184 op, 81706900.00 ns, 1.5644 ns/op
OverheadActual  10: 52229184 op, 82090400.00 ns, 1.5717 ns/op
OverheadActual  11: 52229184 op, 83231800.00 ns, 1.5936 ns/op
OverheadActual  12: 52229184 op, 79521600.00 ns, 1.5226 ns/op
OverheadActual  13: 52229184 op, 81349500.00 ns, 1.5575 ns/op
OverheadActual  14: 52229184 op, 81657100.00 ns, 1.5634 ns/op
OverheadActual  15: 52229184 op, 87691500.00 ns, 1.6790 ns/op

WorkloadWarmup   1: 52229184 op, 262199500.00 ns, 5.0202 ns/op
WorkloadWarmup   2: 52229184 op, 278135500.00 ns, 5.3253 ns/op
WorkloadWarmup   3: 52229184 op, 288895400.00 ns, 5.5313 ns/op
WorkloadWarmup   4: 52229184 op, 262173900.00 ns, 5.0197 ns/op
WorkloadWarmup   5: 52229184 op, 273558200.00 ns, 5.2377 ns/op
WorkloadWarmup   6: 52229184 op, 277423100.00 ns, 5.3116 ns/op
WorkloadWarmup   7: 52229184 op, 256493600.00 ns, 4.9109 ns/op

// BeforeActualRun
WorkloadActual   1: 52229184 op, 257620400.00 ns, 4.9325 ns/op
WorkloadActual   2: 52229184 op, 259440800.00 ns, 4.9674 ns/op
WorkloadActual   3: 52229184 op, 255828000.00 ns, 4.8982 ns/op
WorkloadActual   4: 52229184 op, 255350100.00 ns, 4.8890 ns/op
WorkloadActual   5: 52229184 op, 257170800.00 ns, 4.9239 ns/op
WorkloadActual   6: 52229184 op, 255652500.00 ns, 4.8948 ns/op
WorkloadActual   7: 52229184 op, 250363400.00 ns, 4.7936 ns/op
WorkloadActual   8: 52229184 op, 249566100.00 ns, 4.7783 ns/op
WorkloadActual   9: 52229184 op, 251308700.00 ns, 4.8117 ns/op
WorkloadActual  10: 52229184 op, 254239000.00 ns, 4.8678 ns/op
WorkloadActual  11: 52229184 op, 253131600.00 ns, 4.8466 ns/op
WorkloadActual  12: 52229184 op, 250175000.00 ns, 4.7899 ns/op
WorkloadActual  13: 52229184 op, 250385600.00 ns, 4.7940 ns/op
WorkloadActual  14: 52229184 op, 250922400.00 ns, 4.8043 ns/op
WorkloadActual  15: 52229184 op, 263185100.00 ns, 5.0390 ns/op

// AfterActualRun
WorkloadResult   1: 52229184 op, 176263500.00 ns, 3.3748 ns/op
WorkloadResult   2: 52229184 op, 178083900.00 ns, 3.4097 ns/op
WorkloadResult   3: 52229184 op, 174471100.00 ns, 3.3405 ns/op
WorkloadResult   4: 52229184 op, 173993200.00 ns, 3.3313 ns/op
WorkloadResult   5: 52229184 op, 175813900.00 ns, 3.3662 ns/op
WorkloadResult   6: 52229184 op, 174295600.00 ns, 3.3371 ns/op
WorkloadResult   7: 52229184 op, 169006500.00 ns, 3.2359 ns/op
WorkloadResult   8: 52229184 op, 168209200.00 ns, 3.2206 ns/op
WorkloadResult   9: 52229184 op, 169951800.00 ns, 3.2540 ns/op
WorkloadResult  10: 52229184 op, 172882100.00 ns, 3.3101 ns/op
WorkloadResult  11: 52229184 op, 171774700.00 ns, 3.2889 ns/op
WorkloadResult  12: 52229184 op, 168818100.00 ns, 3.2323 ns/op
WorkloadResult  13: 52229184 op, 169028700.00 ns, 3.2363 ns/op
WorkloadResult  14: 52229184 op, 169565500.00 ns, 3.2466 ns/op
WorkloadResult  15: 52229184 op, 181828200.00 ns, 3.4814 ns/op
// GC:  0 0 0 0 52229184
// Threading:  0 0 52229184

// AfterAll
// Benchmark Process 1732 has exited with code 0.

Mean = 3.311 ns, StdErr = 0.020 ns (0.59%), N = 15, StdDev = 0.076 ns
Min = 3.221 ns, Q1 = 3.241 ns, Median = 3.310 ns, Q3 = 3.353 ns, Max = 3.481 ns
IQR = 0.112 ns, LowerFence = 3.074 ns, UpperFence = 3.521 ns
ConfidenceInterval = [3.230 ns; 3.393 ns] (CI 99.9%), Margin = 0.081 ns (2.46% of Mean)
Skewness = 0.58, Kurtosis = 2.29, MValue = 2

// ** Remained 1 (7.7%) benchmark(s) to run. Estimated finish 2026-02-22 17:08 (0h 0m from now) **
Setup power plan (GUID: 8c5e7fda-e8bf-4a96-9a85-a6e23a8c635c FriendlyName: High performance)
// **************************
// Benchmark: Scenario1.S1_ReturnVoidSuccess_EnumerationsOptions: .NET 10.0(Runtime=.NET 10.0, IterationTime=250ms) [Iterations=10]
// *** Execute ***
// Launch: 1 / 1
// Execute: dotnet Enumerations.Options.Benchmarks-1.dll --anonymousPipes 1772 1780 --benchmarkName "ReillyDigital.Enumerations.Options.Benchmarks.Scenarios.Scenario1.S1_ReturnVoidSuccess_EnumerationsOptions(Iterations: 10)" --job ".NET 10.0" --benchmarkId 12 in D:\x\devs\reilly-digital\dotnet\enumerations.options.benchmarks\bin\Debug\net10.0\Enumerations.Options.Benchmarks-1\bin\Release\net10.0
// BeforeAnythingElse

// Benchmark Process Environment Information:
// BenchmarkDotNet v0.15.8
// Runtime=.NET 10.0.3 (10.0.3, 10.0.326.7603), X64 RyuJIT x86-64-v3
// GC=Concurrent Workstation
// HardwareIntrinsics=AVX2+BMI1+BMI2+F16C+FMA+LZCNT+MOVBE,AVX,SSE3+SSSE3+SSE4.1+SSE4.2+POPCNT,X86Base+SSE+SSE2,AES+PCLMUL VectorSize=256
// Job: .NET 10.0(IterationTime=250ms)

OverheadJitting  1: 1 op, 110900.00 ns, 110.9000 us/op
WorkloadJitting  1: 1 op, 1508200.00 ns, 1.5082 ms/op

OverheadJitting  2: 16 op, 162000.00 ns, 10.1250 us/op
WorkloadJitting  2: 16 op, 278900.00 ns, 17.4313 us/op

WorkloadPilot    1: 16 op, 5200.00 ns, 325.0000 ns/op
WorkloadPilot    2: 769232 op, 103725600.00 ns, 134.8431 ns/op
WorkloadPilot    3: 1854016 op, 8881500.00 ns, 4.7904 ns/op
WorkloadPilot    4: 52187584 op, 257316400.00 ns, 4.9306 ns/op
WorkloadPilot    5: 50703712 op, 250670400.00 ns, 4.9438 ns/op
WorkloadPilot    6: 50568112 op, 251186100.00 ns, 4.9673 ns/op

OverheadWarmup   1: 50568112 op, 134301900.00 ns, 2.6559 ns/op
OverheadWarmup   2: 50568112 op, 111655100.00 ns, 2.2080 ns/op
OverheadWarmup   3: 50568112 op, 81418900.00 ns, 1.6101 ns/op
OverheadWarmup   4: 50568112 op, 82158100.00 ns, 1.6247 ns/op
OverheadWarmup   5: 50568112 op, 82302100.00 ns, 1.6275 ns/op
OverheadWarmup   6: 50568112 op, 82367400.00 ns, 1.6288 ns/op
OverheadWarmup   7: 50568112 op, 81407400.00 ns, 1.6099 ns/op
OverheadWarmup   8: 50568112 op, 82264900.00 ns, 1.6268 ns/op
OverheadWarmup   9: 50568112 op, 83028200.00 ns, 1.6419 ns/op
OverheadWarmup  10: 50568112 op, 82026600.00 ns, 1.6221 ns/op

OverheadActual   1: 50568112 op, 82781300.00 ns, 1.6370 ns/op
OverheadActual   2: 50568112 op, 81951300.00 ns, 1.6206 ns/op
OverheadActual   3: 50568112 op, 83709700.00 ns, 1.6554 ns/op
OverheadActual   4: 50568112 op, 83232900.00 ns, 1.6460 ns/op
OverheadActual   5: 50568112 op, 83161300.00 ns, 1.6445 ns/op
OverheadActual   6: 50568112 op, 82329800.00 ns, 1.6281 ns/op
OverheadActual   7: 50568112 op, 81975400.00 ns, 1.6211 ns/op
OverheadActual   8: 50568112 op, 83114600.00 ns, 1.6436 ns/op
OverheadActual   9: 50568112 op, 77141300.00 ns, 1.5255 ns/op
OverheadActual  10: 50568112 op, 80852700.00 ns, 1.5989 ns/op
OverheadActual  11: 50568112 op, 79452000.00 ns, 1.5712 ns/op
OverheadActual  12: 50568112 op, 80265800.00 ns, 1.5873 ns/op
OverheadActual  13: 50568112 op, 88388900.00 ns, 1.7479 ns/op
OverheadActual  14: 50568112 op, 90247900.00 ns, 1.7847 ns/op
OverheadActual  15: 50568112 op, 84282100.00 ns, 1.6667 ns/op

WorkloadWarmup   1: 50568112 op, 242736700.00 ns, 4.8002 ns/op
WorkloadWarmup   2: 50568112 op, 246945200.00 ns, 4.8834 ns/op
WorkloadWarmup   3: 50568112 op, 248346200.00 ns, 4.9111 ns/op
WorkloadWarmup   4: 50568112 op, 243562600.00 ns, 4.8165 ns/op
WorkloadWarmup   5: 50568112 op, 247221300.00 ns, 4.8889 ns/op
WorkloadWarmup   6: 50568112 op, 240768300.00 ns, 4.7613 ns/op

// BeforeActualRun
WorkloadActual   1: 50568112 op, 246492700.00 ns, 4.8745 ns/op
WorkloadActual   2: 50568112 op, 246912100.00 ns, 4.8828 ns/op
WorkloadActual   3: 50568112 op, 238142100.00 ns, 4.7093 ns/op
WorkloadActual   4: 50568112 op, 240828600.00 ns, 4.7625 ns/op
WorkloadActual   5: 50568112 op, 247370300.00 ns, 4.8918 ns/op
WorkloadActual   6: 50568112 op, 238864300.00 ns, 4.7236 ns/op
WorkloadActual   7: 50568112 op, 242456400.00 ns, 4.7947 ns/op
WorkloadActual   8: 50568112 op, 234552000.00 ns, 4.6383 ns/op
WorkloadActual   9: 50568112 op, 248726800.00 ns, 4.9186 ns/op
WorkloadActual  10: 50568112 op, 245614800.00 ns, 4.8571 ns/op
WorkloadActual  11: 50568112 op, 243028400.00 ns, 4.8060 ns/op
WorkloadActual  12: 50568112 op, 239738500.00 ns, 4.7409 ns/op
WorkloadActual  13: 50568112 op, 242827100.00 ns, 4.8020 ns/op
WorkloadActual  14: 50568112 op, 246620100.00 ns, 4.8770 ns/op
WorkloadActual  15: 50568112 op, 248700700.00 ns, 4.9181 ns/op

// AfterActualRun
WorkloadResult   1: 50568112 op, 163711400.00 ns, 3.2374 ns/op
WorkloadResult   2: 50568112 op, 164130800.00 ns, 3.2457 ns/op
WorkloadResult   3: 50568112 op, 155360800.00 ns, 3.0723 ns/op
WorkloadResult   4: 50568112 op, 158047300.00 ns, 3.1254 ns/op
WorkloadResult   5: 50568112 op, 164589000.00 ns, 3.2548 ns/op
WorkloadResult   6: 50568112 op, 156083000.00 ns, 3.0866 ns/op
WorkloadResult   7: 50568112 op, 159675100.00 ns, 3.1576 ns/op
WorkloadResult   8: 50568112 op, 151770700.00 ns, 3.0013 ns/op
WorkloadResult   9: 50568112 op, 165945500.00 ns, 3.2816 ns/op
WorkloadResult  10: 50568112 op, 162833500.00 ns, 3.2201 ns/op
WorkloadResult  11: 50568112 op, 160247100.00 ns, 3.1689 ns/op
WorkloadResult  12: 50568112 op, 156957200.00 ns, 3.1039 ns/op
WorkloadResult  13: 50568112 op, 160045800.00 ns, 3.1650 ns/op
WorkloadResult  14: 50568112 op, 163838800.00 ns, 3.2400 ns/op
WorkloadResult  15: 50568112 op, 165919400.00 ns, 3.2811 ns/op
// GC:  0 0 0 0 50568112
// Threading:  0 0 50568112

// AfterAll
// Benchmark Process 6036 has exited with code 0.

Mean = 3.176 ns, StdErr = 0.022 ns (0.69%), N = 15, StdDev = 0.085 ns
Min = 3.001 ns, Q1 = 3.115 ns, Median = 3.169 ns, Q3 = 3.243 ns, Max = 3.282 ns
IQR = 0.128 ns, LowerFence = 2.922 ns, UpperFence = 3.435 ns
ConfidenceInterval = [3.085 ns; 3.267 ns] (CI 99.9%), Margin = 0.091 ns (2.85% of Mean)
Skewness = -0.43, Kurtosis = 1.92, MValue = 2

// ** Remained 0 (0.0%) benchmark(s) to run. Estimated finish 2026-02-22 17:08 (0h 0m from now) **
Successfully reverted power plan (GUID: 381b4222-f694-41f0-9685-ff5bb260df2e FriendlyName: Balanced)
// ***** BenchmarkRunner: Finish  *****

// * Export *
  BenchmarkDotNet.Artifacts\results\ReillyDigital.Enumerations.Options.Benchmarks.Scenarios.Scenario1-report.csv
  BenchmarkDotNet.Artifacts\results\ReillyDigital.Enumerations.Options.Benchmarks.Scenarios.Scenario1-report-github.md
  BenchmarkDotNet.Artifacts\results\ReillyDigital.Enumerations.Options.Benchmarks.Scenarios.Scenario1-report.html

// * Detailed results *
Scenario1.S1_CheckOptionStringErrorNoMessage_EnumerationsOptions: .NET 10.0(Runtime=.NET 10.0, IterationTime=250ms) [Iterations=10]
Runtime = .NET 10.0.3 (10.0.3, 10.0.326.7603), X64 RyuJIT x86-64-v3; GC = Concurrent Workstation
Mean = 3.351 ns, StdErr = 0.023 ns (0.70%), N = 15, StdDev = 0.090 ns
Min = 3.220 ns, Q1 = 3.289 ns, Median = 3.333 ns, Q3 = 3.404 ns, Max = 3.574 ns
IQR = 0.115 ns, LowerFence = 3.117 ns, UpperFence = 3.576 ns
ConfidenceInterval = [3.254 ns; 3.447 ns] (CI 99.9%), Margin = 0.097 ns (2.88% of Mean)
Skewness = 0.69, Kurtosis = 3.07, MValue = 2
-------------------- Histogram --------------------
[3.213 ns ; 3.326 ns) | @@@@@@
[3.326 ns ; 3.422 ns) | @@@@@@@
[3.422 ns ; 3.526 ns) | @
[3.526 ns ; 3.622 ns) | @
---------------------------------------------------

Scenario1.S1_CheckOptionStringErrorWithMessage_EnumerationsOptions: .NET 10.0(Runtime=.NET 10.0, IterationTime=250ms) [Iterations=10]
Runtime = .NET 10.0.3 (10.0.3, 10.0.326.7603), X64 RyuJIT x86-64-v3; GC = Concurrent Workstation
Mean = 3.214 ns, StdErr = 0.004 ns (0.11%), N = 14, StdDev = 0.013 ns
Min = 3.192 ns, Q1 = 3.203 ns, Median = 3.213 ns, Q3 = 3.223 ns, Max = 3.241 ns
IQR = 0.020 ns, LowerFence = 3.173 ns, UpperFence = 3.253 ns
ConfidenceInterval = [3.199 ns; 3.229 ns] (CI 99.9%), Margin = 0.015 ns (0.47% of Mean)
Skewness = 0.27, Kurtosis = 2.08, MValue = 2
-------------------- Histogram --------------------
[3.185 ns ; 3.248 ns) | @@@@@@@@@@@@@@
---------------------------------------------------

Scenario1.S1_CheckOptionStringSuccess_EnumerationsOptions: .NET 10.0(Runtime=.NET 10.0, IterationTime=250ms) [Iterations=10]
Runtime = .NET 10.0.3 (10.0.3, 10.0.326.7603), X64 RyuJIT x86-64-v3; GC = Concurrent Workstation
Mean = 3.442 ns, StdErr = 0.006 ns (0.18%), N = 12, StdDev = 0.021 ns
Min = 3.414 ns, Q1 = 3.428 ns, Median = 3.442 ns, Q3 = 3.454 ns, Max = 3.481 ns
IQR = 0.026 ns, LowerFence = 3.390 ns, UpperFence = 3.492 ns
ConfidenceInterval = [3.415 ns; 3.469 ns] (CI 99.9%), Margin = 0.027 ns (0.78% of Mean)
Skewness = 0.24, Kurtosis = 1.84, MValue = 2
-------------------- Histogram --------------------
[3.402 ns ; 3.494 ns) | @@@@@@@@@@@@
---------------------------------------------------

Scenario1.S1_CheckVoidErrorNoMessage_EnumerationsOptions: .NET 10.0(Runtime=.NET 10.0, IterationTime=250ms) [Iterations=10]
Runtime = .NET 10.0.3 (10.0.3, 10.0.326.7603), X64 RyuJIT x86-64-v3; GC = Concurrent Workstation
Mean = 2.668 ns, StdErr = 0.016 ns (0.60%), N = 23, StdDev = 0.076 ns
Min = 2.602 ns, Q1 = 2.619 ns, Median = 2.645 ns, Q3 = 2.685 ns, Max = 2.932 ns
IQR = 0.065 ns, LowerFence = 2.521 ns, UpperFence = 2.783 ns
ConfidenceInterval = [2.608 ns; 2.729 ns] (CI 99.9%), Margin = 0.060 ns (2.26% of Mean)
Skewness = 1.95, Kurtosis = 6.81, MValue = 2
-------------------- Histogram --------------------
[2.598 ns ; 2.668 ns) | @@@@@@@@@@@@@@@
[2.668 ns ; 2.735 ns) | @@@@@
[2.735 ns ; 2.810 ns) | @@
[2.810 ns ; 2.897 ns) | 
[2.897 ns ; 2.967 ns) | @
---------------------------------------------------

Scenario1.S1_CheckVoidErrorWithMessage_EnumerationsOptions: .NET 10.0(Runtime=.NET 10.0, IterationTime=250ms) [Iterations=10]
Runtime = .NET 10.0.3 (10.0.3, 10.0.326.7603), X64 RyuJIT x86-64-v3; GC = Concurrent Workstation
Mean = 3.135 ns, StdErr = 0.015 ns (0.48%), N = 14, StdDev = 0.056 ns
Min = 3.030 ns, Q1 = 3.103 ns, Median = 3.134 ns, Q3 = 3.159 ns, Max = 3.275 ns
IQR = 0.057 ns, LowerFence = 3.017 ns, UpperFence = 3.245 ns
ConfidenceInterval = [3.072 ns; 3.198 ns] (CI 99.9%), Margin = 0.063 ns (2.01% of Mean)
Skewness = 0.62, Kurtosis = 3.84, MValue = 2
-------------------- Histogram --------------------
[3.028 ns ; 3.091 ns) | @@
[3.091 ns ; 3.203 ns) | @@@@@@@@@@@
[3.203 ns ; 3.306 ns) | @
---------------------------------------------------

Scenario1.S1_CheckVoidSuccess_EnumerationsOptions: .NET 10.0(Runtime=.NET 10.0, IterationTime=250ms) [Iterations=10]
Runtime = .NET 10.0.3 (10.0.3, 10.0.326.7603), X64 RyuJIT x86-64-v3; GC = Concurrent Workstation
Mean = 3.612 ns, StdErr = 0.026 ns (0.72%), N = 19, StdDev = 0.113 ns
Min = 3.362 ns, Q1 = 3.550 ns, Median = 3.616 ns, Q3 = 3.687 ns, Max = 3.846 ns
IQR = 0.137 ns, LowerFence = 3.345 ns, UpperFence = 3.892 ns
ConfidenceInterval = [3.510 ns; 3.714 ns] (CI 99.9%), Margin = 0.102 ns (2.82% of Mean)
Skewness = -0.24, Kurtosis = 2.73, MValue = 2
-------------------- Histogram --------------------
[3.307 ns ; 3.418 ns) | @
[3.418 ns ; 3.566 ns) | @@@@@@
[3.566 ns ; 3.718 ns) | @@@@@@@@@@
[3.718 ns ; 3.848 ns) | @@
---------------------------------------------------

Scenario1.S1_ReturnOptionStringErrorNoMessage_EnumerationsOptions: .NET 10.0(Runtime=.NET 10.0, IterationTime=250ms) [Iterations=10]
Runtime = .NET 10.0.3 (10.0.3, 10.0.326.7603), X64 RyuJIT x86-64-v3; GC = Concurrent Workstation
Mean = 3.010 ns, StdErr = 0.024 ns (0.79%), N = 26, StdDev = 0.121 ns
Min = 2.829 ns, Q1 = 2.914 ns, Median = 2.992 ns, Q3 = 3.075 ns, Max = 3.264 ns
IQR = 0.160 ns, LowerFence = 2.674 ns, UpperFence = 3.315 ns
ConfidenceInterval = [2.922 ns; 3.099 ns] (CI 99.9%), Margin = 0.089 ns (2.95% of Mean)
Skewness = 0.47, Kurtosis = 2.35, MValue = 2
-------------------- Histogram --------------------
[2.775 ns ; 2.901 ns) | @@@@
[2.901 ns ; 3.008 ns) | @@@@@@@@@@@
[3.008 ns ; 3.129 ns) | @@@@@@@
[3.129 ns ; 3.273 ns) | @@@@
---------------------------------------------------

Scenario1.S1_ReturnOptionStringErrorWithMessage_EnumerationsOptions: .NET 10.0(Runtime=.NET 10.0, IterationTime=250ms) [Iterations=10]
Runtime = .NET 10.0.3 (10.0.3, 10.0.326.7603), X64 RyuJIT x86-64-v3; GC = Concurrent Workstation
Mean = 3.398 ns, StdErr = 0.013 ns (0.40%), N = 15, StdDev = 0.052 ns
Min = 3.317 ns, Q1 = 3.358 ns, Median = 3.415 ns, Q3 = 3.444 ns, Max = 3.464 ns
IQR = 0.086 ns, LowerFence = 3.229 ns, UpperFence = 3.573 ns
ConfidenceInterval = [3.343 ns; 3.454 ns] (CI 99.9%), Margin = 0.056 ns (1.64% of Mean)
Skewness = -0.32, Kurtosis = 1.48, MValue = 2
-------------------- Histogram --------------------
[3.309 ns ; 3.474 ns) | @@@@@@@@@@@@@@@
---------------------------------------------------

Scenario1.S1_ReturnOptionStringNone_EnumerationsOptions: .NET 10.0(Runtime=.NET 10.0, IterationTime=250ms) [Iterations=10]
Runtime = .NET 10.0.3 (10.0.3, 10.0.326.7603), X64 RyuJIT x86-64-v3; GC = Concurrent Workstation
Mean = 3.226 ns, StdErr = 0.024 ns (0.73%), N = 22, StdDev = 0.110 ns
Min = 2.990 ns, Q1 = 3.174 ns, Median = 3.235 ns, Q3 = 3.309 ns, Max = 3.406 ns
IQR = 0.135 ns, LowerFence = 2.971 ns, UpperFence = 3.512 ns
ConfidenceInterval = [3.136 ns; 3.316 ns] (CI 99.9%), Margin = 0.090 ns (2.78% of Mean)
Skewness = -0.46, Kurtosis = 2.43, MValue = 2
-------------------- Histogram --------------------
[2.949 ns ; 3.065 ns) | @@
[3.065 ns ; 3.163 ns) | @@@
[3.163 ns ; 3.267 ns) | @@@@@@@@@@
[3.267 ns ; 3.407 ns) | @@@@@@@
---------------------------------------------------

Scenario1.S1_ReturnOptionStringSuccess_EnumerationsOptions: .NET 10.0(Runtime=.NET 10.0, IterationTime=250ms) [Iterations=10]
Runtime = .NET 10.0.3 (10.0.3, 10.0.326.7603), X64 RyuJIT x86-64-v3; GC = Concurrent Workstation
Mean = 3.389 ns, StdErr = 0.021 ns (0.63%), N = 14, StdDev = 0.080 ns
Min = 3.217 ns, Q1 = 3.334 ns, Median = 3.402 ns, Q3 = 3.440 ns, Max = 3.501 ns
IQR = 0.106 ns, LowerFence = 3.174 ns, UpperFence = 3.600 ns
ConfidenceInterval = [3.299 ns; 3.480 ns] (CI 99.9%), Margin = 0.090 ns (2.67% of Mean)
Skewness = -0.56, Kurtosis = 2.3, MValue = 2
-------------------- Histogram --------------------
[3.173 ns ; 3.259 ns) | @
[3.259 ns ; 3.346 ns) | @@@
[3.346 ns ; 3.461 ns) | @@@@@@@@
[3.461 ns ; 3.545 ns) | @@
---------------------------------------------------

Scenario1.S1_ReturnVoidErrorNoMessage_EnumerationsOptions: .NET 10.0(Runtime=.NET 10.0, IterationTime=250ms) [Iterations=10]
Runtime = .NET 10.0.3 (10.0.3, 10.0.326.7603), X64 RyuJIT x86-64-v3; GC = Concurrent Workstation
Mean = 2.927 ns, StdErr = 0.022 ns (0.75%), N = 17, StdDev = 0.090 ns
Min = 2.779 ns, Q1 = 2.852 ns, Median = 2.942 ns, Q3 = 2.969 ns, Max = 3.059 ns
IQR = 0.117 ns, LowerFence = 2.676 ns, UpperFence = 3.145 ns
ConfidenceInterval = [2.839 ns; 3.015 ns] (CI 99.9%), Margin = 0.088 ns (3.01% of Mean)
Skewness = -0.22, Kurtosis = 1.61, MValue = 3.5
-------------------- Histogram --------------------
[2.774 ns ; 2.866 ns) | @@@@@@
[2.866 ns ; 2.930 ns) | 
[2.930 ns ; 3.022 ns) | @@@@@@@@
[3.022 ns ; 3.105 ns) | @@@
---------------------------------------------------

Scenario1.S1_ReturnVoidErrorWithMessage_EnumerationsOptions: .NET 10.0(Runtime=.NET 10.0, IterationTime=250ms) [Iterations=10]
Runtime = .NET 10.0.3 (10.0.3, 10.0.326.7603), X64 RyuJIT x86-64-v3; GC = Concurrent Workstation
Mean = 3.311 ns, StdErr = 0.020 ns (0.59%), N = 15, StdDev = 0.076 ns
Min = 3.221 ns, Q1 = 3.241 ns, Median = 3.310 ns, Q3 = 3.353 ns, Max = 3.481 ns
IQR = 0.112 ns, LowerFence = 3.074 ns, UpperFence = 3.521 ns
ConfidenceInterval = [3.230 ns; 3.393 ns] (CI 99.9%), Margin = 0.081 ns (2.46% of Mean)
Skewness = 0.58, Kurtosis = 2.29, MValue = 2
-------------------- Histogram --------------------
[3.214 ns ; 3.295 ns) | @@@@@@@
[3.295 ns ; 3.383 ns) | @@@@@@
[3.383 ns ; 3.486 ns) | @@
---------------------------------------------------

Scenario1.S1_ReturnVoidSuccess_EnumerationsOptions: .NET 10.0(Runtime=.NET 10.0, IterationTime=250ms) [Iterations=10]
Runtime = .NET 10.0.3 (10.0.3, 10.0.326.7603), X64 RyuJIT x86-64-v3; GC = Concurrent Workstation
Mean = 3.176 ns, StdErr = 0.022 ns (0.69%), N = 15, StdDev = 0.085 ns
Min = 3.001 ns, Q1 = 3.115 ns, Median = 3.169 ns, Q3 = 3.243 ns, Max = 3.282 ns
IQR = 0.128 ns, LowerFence = 2.922 ns, UpperFence = 3.435 ns
ConfidenceInterval = [3.085 ns; 3.267 ns] (CI 99.9%), Margin = 0.091 ns (2.85% of Mean)
Skewness = -0.43, Kurtosis = 1.92, MValue = 2
-------------------- Histogram --------------------
[2.992 ns ; 3.083 ns) | @@
[3.083 ns ; 3.173 ns) | @@@@@@
[3.173 ns ; 3.296 ns) | @@@@@@@
---------------------------------------------------

// * Summary *

BenchmarkDotNet v0.15.8, Windows 11 (10.0.26200.7840/25H2/2025Update/HudsonValley2)
AMD Ryzen 5 3600 3.59GHz, 1 CPU, 12 logical and 6 physical cores
.NET SDK 10.0.103
  [Host]    : .NET 10.0.3 (10.0.3, 10.0.326.7603), X64 RyuJIT x86-64-v3
  .NET 10.0 : .NET 10.0.3 (10.0.3, 10.0.326.7603), X64 RyuJIT x86-64-v3

Job=.NET 10.0  Runtime=.NET 10.0  IterationTime=250ms  
Iterations=10  

| Method                                                    | Categories                                  | Mean     | Ratio | Allocated | Alloc Ratio |
|---------------------------------------------------------- |-------------------------------------------- |---------:|------:|----------:|------------:|
| S1_CheckOptionStringErrorNoMessage_EnumerationsOptions    | S1: Check Option String Error No Message    | 3.351 ns |  1.00 |         - |          NA |
|                                                           |                                             |          |       |           |             |
| S1_CheckOptionStringErrorWithMessage_EnumerationsOptions  | S1: Check Option String Error With Message  | 3.214 ns |  1.00 |         - |          NA |
|                                                           |                                             |          |       |           |             |
| S1_CheckOptionStringSuccess_EnumerationsOptions           | S1: Check Option String Success             | 3.442 ns |  1.00 |         - |          NA |
|                                                           |                                             |          |       |           |             |
| S1_CheckVoidErrorNoMessage_EnumerationsOptions            | S1: Check Void Error No Message             | 2.668 ns |  1.00 |         - |          NA |
|                                                           |                                             |          |       |           |             |
| S1_CheckVoidErrorWithMessage_EnumerationsOptions          | S1: Check Void Error With Message           | 3.135 ns |  1.00 |         - |          NA |
|                                                           |                                             |          |       |           |             |
| S1_CheckVoidSuccess_EnumerationsOptions                   | S1: Check Void Success                      | 3.612 ns |  1.00 |         - |          NA |
|                                                           |                                             |          |       |           |             |
| S1_ReturnOptionStringErrorNoMessage_EnumerationsOptions   | S1: Return Option String Error No Message   | 3.010 ns |  1.00 |         - |          NA |
|                                                           |                                             |          |       |           |             |
| S1_ReturnOptionStringErrorWithMessage_EnumerationsOptions | S1: Return Option String Error With Message | 3.398 ns |  1.00 |         - |          NA |
|                                                           |                                             |          |       |           |             |
| S1_ReturnOptionStringNone_EnumerationsOptions             | S1: Return Option String None               | 3.226 ns |  1.00 |         - |          NA |
|                                                           |                                             |          |       |           |             |
| S1_ReturnOptionStringSuccess_EnumerationsOptions          | S1: Return Option String Success            | 3.389 ns |  1.00 |         - |          NA |
|                                                           |                                             |          |       |           |             |
| S1_ReturnVoidErrorNoMessage_EnumerationsOptions           | S1: Return Void Error No Message            | 2.927 ns |  1.00 |         - |          NA |
|                                                           |                                             |          |       |           |             |
| S1_ReturnVoidErrorWithMessage_EnumerationsOptions         | S1: Return Void Error With Message          | 3.311 ns |  1.00 |         - |          NA |
|                                                           |                                             |          |       |           |             |
| S1_ReturnVoidSuccess_EnumerationsOptions                  | S1: Return Void Success                     | 3.176 ns |  1.00 |         - |          NA |

// * Warnings *
MultimodalDistribution
  Scenario1.S1_ReturnVoidErrorNoMessage_EnumerationsOptions: .NET 10.0 -> It seems that the distribution is bimodal (mValue = 3.5)

// * Hints *
HideColumnsAnalyser
  Summary -> Hidden columns: Iterations, Error, StdDev, RatioSD
Outliers
  Scenario1.S1_CheckOptionStringErrorWithMessage_EnumerationsOptions: .NET 10.0 -> 1 outlier  was  removed (4.95 ns)
  Scenario1.S1_CheckOptionStringSuccess_EnumerationsOptions: .NET 10.0          -> 3 outliers were removed (5.05 ns..5.11 ns)
  Scenario1.S1_CheckVoidErrorNoMessage_EnumerationsOptions: .NET 10.0           -> 6 outliers were removed (4.58 ns..5.14 ns)
  Scenario1.S1_CheckVoidErrorWithMessage_EnumerationsOptions: .NET 10.0         -> 3 outliers were removed (4.91 ns..5.05 ns)
  Scenario1.S1_ReturnOptionStringErrorNoMessage_EnumerationsOptions: .NET 10.0  -> 2 outliers were removed (5.06 ns, 5.21 ns)
  Scenario1.S1_ReturnOptionStringNone_EnumerationsOptions: .NET 10.0            -> 2 outliers were removed (5.27 ns, 5.39 ns)
  Scenario1.S1_ReturnOptionStringSuccess_EnumerationsOptions: .NET 10.0         -> 1 outlier  was  removed (5.28 ns)

// * Legends *
  Categories  : All categories of the corresponded method, class, and assembly
  Mean        : Arithmetic mean of all measurements
  Ratio       : Mean of the ratio distribution ([Current]/[Baseline])
  Allocated   : Allocated memory per single operation (managed only, inclusive, 1KB = 1024B)
  Alloc Ratio : Allocated memory ratio distribution ([Current]/[Baseline])
  1 ns        : 1 Nanosecond (0.000000001 sec)

// * Diagnostic Output - MemoryDiagnoser *


// ***** BenchmarkRunner: End *****
Run time: 00:02:23 (143.09 sec), executed benchmarks: 13

Global total time: 00:02:36 (156.56 sec), executed benchmarks: 13
// * Artifacts cleanup *
Artifacts cleanup is finished
