// Validating benchmarks:
// ***** BenchmarkRunner: Start   *****
// ***** Found 13 benchmark(s) in total *****
// ***** Building 1 exe(s) in Parallel: Start   *****
// start dotnet  restore --nodeReuse:false /p:UseSharedCompilation=false /p:Deterministic=true /p:Optimize=true /p:ArtifactsPath="D:\x\devs\reilly-digital\dotnet\enumerations.options.benchmarks\bin\Debug\net10.0\Enumerations.Options.Benchmarks-1/" /p:OutDir="D:\x\devs\reilly-digital\dotnet\enumerations.options.benchmarks\bin\Debug\net10.0\Enumerations.Options.Benchmarks-1\bin\Release\net10.0/" /p:OutputPath="D:\x\devs\reilly-digital\dotnet\enumerations.options.benchmarks\bin\Debug\net10.0\Enumerations.Options.Benchmarks-1\bin\Release\net10.0/" /p:PublishDir="D:\x\devs\reilly-digital\dotnet\enumerations.options.benchmarks\bin\Debug\net10.0\Enumerations.Options.Benchmarks-1\publish/" in D:\x\devs\reilly-digital\dotnet\enumerations.options.benchmarks\bin\Debug\net10.0\Enumerations.Options.Benchmarks-1
// command took 1.14 sec and exited with 0
// start dotnet  build -c Release --no-restore --nodeReuse:false /p:UseSharedCompilation=false /p:Deterministic=true /p:Optimize=true /p:ArtifactsPath="D:\x\devs\reilly-digital\dotnet\enumerations.options.benchmarks\bin\Debug\net10.0\Enumerations.Options.Benchmarks-1/" /p:OutDir="D:\x\devs\reilly-digital\dotnet\enumerations.options.benchmarks\bin\Debug\net10.0\Enumerations.Options.Benchmarks-1\bin\Release\net10.0/" /p:OutputPath="D:\x\devs\reilly-digital\dotnet\enumerations.options.benchmarks\bin\Debug\net10.0\Enumerations.Options.Benchmarks-1\bin\Release\net10.0/" /p:PublishDir="D:\x\devs\reilly-digital\dotnet\enumerations.options.benchmarks\bin\Debug\net10.0\Enumerations.Options.Benchmarks-1\publish/" --output "D:\x\devs\reilly-digital\dotnet\enumerations.options.benchmarks\bin\Debug\net10.0\Enumerations.Options.Benchmarks-1\bin\Release\net10.0/" in D:\x\devs\reilly-digital\dotnet\enumerations.options.benchmarks\bin\Debug\net10.0\Enumerations.Options.Benchmarks-1
// command took 8.45 sec and exited with 0
// ***** Done, took 00:00:09 (9.65 sec)   *****
// Found 13 benchmarks:
//   Scenario1.S1_CheckOptionStringErrorNoMessage_EnumerationsOptions: .NET 10.0(Runtime=.NET 10.0, IterationTime=250ms) [Iterations=10]
//   Scenario1.S1_CheckOptionStringErrorWithMessage_EnumerationsOptions: .NET 10.0(Runtime=.NET 10.0, IterationTime=250ms) [Iterations=10]
//   Scenario1.S1_CheckOptionStringSuccess_EnumerationsOptions: .NET 10.0(Runtime=.NET 10.0, IterationTime=250ms) [Iterations=10]
//   Scenario1.S1_CheckVoidErrorNoMessage_EnumerationsOptions: .NET 10.0(Runtime=.NET 10.0, IterationTime=250ms) [Iterations=10]
//   Scenario1.S1_CheckVoidErrorWithMessage_EnumerationsOptions: .NET 10.0(Runtime=.NET 10.0, IterationTime=250ms) [Iterations=10]
//   Scenario1.S1_CheckVoidSuccess_EnumerationsOptions: .NET 10.0(Runtime=.NET 10.0, IterationTime=250ms) [Iterations=10]
//   Scenario1.S1_ReturnOptionStringErrorNoMessage_EnumerationsOptions: .NET 10.0(Runtime=.NET 10.0, IterationTime=250ms) [Iterations=10]
//   Scenario1.S1_ReturnOptionStringErrorWithMessage_EnumerationsOptions: .NET 10.0(Runtime=.NET 10.0, IterationTime=250ms) [Iterations=10]
//   Scenario1.S1_ReturnOptionStringNone_EnumerationsOptions: .NET 10.0(Runtime=.NET 10.0, IterationTime=250ms) [Iterations=10]
//   Scenario1.S1_ReturnOptionStringSuccess_EnumerationsOptions: .NET 10.0(Runtime=.NET 10.0, IterationTime=250ms) [Iterations=10]
//   Scenario1.S1_ReturnVoidErrorNoMessage_EnumerationsOptions: .NET 10.0(Runtime=.NET 10.0, IterationTime=250ms) [Iterations=10]
//   Scenario1.S1_ReturnVoidErrorWithMessage_EnumerationsOptions: .NET 10.0(Runtime=.NET 10.0, IterationTime=250ms) [Iterations=10]
//   Scenario1.S1_ReturnVoidSuccess_EnumerationsOptions: .NET 10.0(Runtime=.NET 10.0, IterationTime=250ms) [Iterations=10]

Setup power plan (GUID: 8c5e7fda-e8bf-4a96-9a85-a6e23a8c635c FriendlyName: High performance)
// **************************
// Benchmark: Scenario1.S1_CheckOptionStringErrorNoMessage_EnumerationsOptions: .NET 10.0(Runtime=.NET 10.0, IterationTime=250ms) [Iterations=10]
// *** Execute ***
// Launch: 1 / 1
// Execute: dotnet Enumerations.Options.Benchmarks-1.dll --anonymousPipes 1632 1628 --benchmarkName "ReillyDigital.Enumerations.Options.Benchmarks.Scenarios.Scenario1.S1_CheckOptionStringErrorNoMessage_EnumerationsOptions(Iterations: 10)" --job ".NET 10.0" --benchmarkId 0 in D:\x\devs\reilly-digital\dotnet\enumerations.options.benchmarks\bin\Debug\net10.0\Enumerations.Options.Benchmarks-1\bin\Release\net10.0
// BeforeAnythingElse

// Benchmark Process Environment Information:
// BenchmarkDotNet v0.15.8
// Runtime=.NET 10.0.3 (10.0.3, 10.0.326.7603), X64 RyuJIT x86-64-v3
// GC=Concurrent Workstation
// HardwareIntrinsics=AVX2+BMI1+BMI2+F16C+FMA+LZCNT+MOVBE,AVX,SSE3+SSSE3+SSE4.1+SSE4.2+POPCNT,X86Base+SSE+SSE2,AES+PCLMUL VectorSize=256
// Job: .NET 10.0(IterationTime=250ms)

OverheadJitting  1: 1 op, 110500.00 ns, 110.5000 us/op
WorkloadJitting  1: 1 op, 409570200.00 ns, 409.5702 ms/op

OverheadJitting  2: 1 op, 300.00 ns, 300.0000 ns/op
WorkloadJitting  2: 1 op, 800.00 ns, 800.0000 ns/op

OverheadJitting  3: 16 op, 150300.00 ns, 9.3938 us/op
WorkloadJitting  3: 16 op, 167100.00 ns, 10.4438 us/op

WorkloadPilot    1: 16 op, 6800.00 ns, 425.0000 ns/op
WorkloadPilot    2: 588240 op, 218008200.00 ns, 370.6110 ns/op
WorkloadPilot    3: 674576 op, 3005100.00 ns, 4.4548 ns/op
WorkloadPilot    4: 56119264 op, 241310400.00 ns, 4.3000 ns/op
WorkloadPilot    5: 58140128 op, 253609200.00 ns, 4.3620 ns/op
WorkloadPilot    6: 57312720 op, 246672800.00 ns, 4.3040 ns/op
WorkloadPilot    7: 58085776 op, 249094100.00 ns, 4.2884 ns/op
WorkloadPilot    8: 58297024 op, 250002000.00 ns, 4.2884 ns/op
WorkloadPilot    9: 58296560 op, 247346500.00 ns, 4.2429 ns/op
WorkloadPilot   10: 58921968 op, 250006700.00 ns, 4.2430 ns/op

OverheadWarmup   1: 58921968 op, 149540400.00 ns, 2.5379 ns/op
OverheadWarmup   2: 58921968 op, 117608500.00 ns, 1.9960 ns/op
OverheadWarmup   3: 58921968 op, 89370400.00 ns, 1.5168 ns/op
OverheadWarmup   4: 58921968 op, 89316000.00 ns, 1.5158 ns/op
OverheadWarmup   5: 58921968 op, 89069900.00 ns, 1.5117 ns/op
OverheadWarmup   6: 58921968 op, 89408000.00 ns, 1.5174 ns/op
OverheadWarmup   7: 58921968 op, 91168700.00 ns, 1.5473 ns/op
OverheadWarmup   8: 58921968 op, 101201700.00 ns, 1.7176 ns/op
OverheadWarmup   9: 58921968 op, 90169800.00 ns, 1.5303 ns/op
OverheadWarmup  10: 58921968 op, 90628300.00 ns, 1.5381 ns/op

OverheadActual   1: 58921968 op, 90311100.00 ns, 1.5327 ns/op
OverheadActual   2: 58921968 op, 89523900.00 ns, 1.5194 ns/op
OverheadActual   3: 58921968 op, 90092800.00 ns, 1.5290 ns/op
OverheadActual   4: 58921968 op, 90601400.00 ns, 1.5377 ns/op
OverheadActual   5: 58921968 op, 89028600.00 ns, 1.5110 ns/op
OverheadActual   6: 58921968 op, 90164800.00 ns, 1.5302 ns/op
OverheadActual   7: 58921968 op, 93132900.00 ns, 1.5806 ns/op
OverheadActual   8: 58921968 op, 89204200.00 ns, 1.5139 ns/op
OverheadActual   9: 58921968 op, 90453700.00 ns, 1.5351 ns/op
OverheadActual  10: 58921968 op, 89368300.00 ns, 1.5167 ns/op
OverheadActual  11: 58921968 op, 90351500.00 ns, 1.5334 ns/op
OverheadActual  12: 58921968 op, 89635600.00 ns, 1.5213 ns/op
OverheadActual  13: 58921968 op, 89025100.00 ns, 1.5109 ns/op
OverheadActual  14: 58921968 op, 90583600.00 ns, 1.5373 ns/op
OverheadActual  15: 58921968 op, 89909600.00 ns, 1.5259 ns/op

WorkloadWarmup   1: 58921968 op, 252213400.00 ns, 4.2805 ns/op
WorkloadWarmup   2: 58921968 op, 252286100.00 ns, 4.2817 ns/op
WorkloadWarmup   3: 58921968 op, 251012000.00 ns, 4.2601 ns/op
WorkloadWarmup   4: 58921968 op, 250144000.00 ns, 4.2453 ns/op
WorkloadWarmup   5: 58921968 op, 251023300.00 ns, 4.2603 ns/op
WorkloadWarmup   6: 58921968 op, 250665900.00 ns, 4.2542 ns/op

// BeforeActualRun
WorkloadActual   1: 58921968 op, 251046800.00 ns, 4.2607 ns/op
WorkloadActual   2: 58921968 op, 251284600.00 ns, 4.2647 ns/op
WorkloadActual   3: 58921968 op, 251060700.00 ns, 4.2609 ns/op
WorkloadActual   4: 58921968 op, 250849300.00 ns, 4.2573 ns/op
WorkloadActual   5: 58921968 op, 251163700.00 ns, 4.2626 ns/op
WorkloadActual   6: 58921968 op, 251665200.00 ns, 4.2712 ns/op
WorkloadActual   7: 58921968 op, 250051300.00 ns, 4.2438 ns/op
WorkloadActual   8: 58921968 op, 251574800.00 ns, 4.2696 ns/op
WorkloadActual   9: 58921968 op, 250998900.00 ns, 4.2599 ns/op
WorkloadActual  10: 58921968 op, 250610700.00 ns, 4.2533 ns/op
WorkloadActual  11: 58921968 op, 250597800.00 ns, 4.2530 ns/op
WorkloadActual  12: 58921968 op, 251731400.00 ns, 4.2723 ns/op
WorkloadActual  13: 58921968 op, 249816800.00 ns, 4.2398 ns/op
WorkloadActual  14: 58921968 op, 250089800.00 ns, 4.2444 ns/op
WorkloadActual  15: 58921968 op, 250062300.00 ns, 4.2440 ns/op

// AfterActualRun
WorkloadResult   1: 58921968 op, 160954000.00 ns, 2.7316 ns/op
WorkloadResult   2: 58921968 op, 161191800.00 ns, 2.7357 ns/op
WorkloadResult   3: 58921968 op, 160967900.00 ns, 2.7319 ns/op
WorkloadResult   4: 58921968 op, 160756500.00 ns, 2.7283 ns/op
WorkloadResult   5: 58921968 op, 161070900.00 ns, 2.7336 ns/op
WorkloadResult   6: 58921968 op, 161572400.00 ns, 2.7421 ns/op
WorkloadResult   7: 58921968 op, 159958500.00 ns, 2.7148 ns/op
WorkloadResult   8: 58921968 op, 161482000.00 ns, 2.7406 ns/op
WorkloadResult   9: 58921968 op, 160906100.00 ns, 2.7308 ns/op
WorkloadResult  10: 58921968 op, 160517900.00 ns, 2.7242 ns/op
WorkloadResult  11: 58921968 op, 160505000.00 ns, 2.7240 ns/op
WorkloadResult  12: 58921968 op, 161638600.00 ns, 2.7433 ns/op
WorkloadResult  13: 58921968 op, 159724000.00 ns, 2.7108 ns/op
WorkloadResult  14: 58921968 op, 159997000.00 ns, 2.7154 ns/op
WorkloadResult  15: 58921968 op, 159969500.00 ns, 2.7149 ns/op
// GC:  0 0 0 0 58921968
// Threading:  0 0 58921968

// AfterAll
// Benchmark Process 8928 has exited with code 0.

Mean = 2.728 ns, StdErr = 0.003 ns (0.10%), N = 15, StdDev = 0.011 ns
Min = 2.711 ns, Q1 = 2.720 ns, Median = 2.731 ns, Q3 = 2.735 ns, Max = 2.743 ns
IQR = 0.015 ns, LowerFence = 2.697 ns, UpperFence = 2.757 ns
ConfidenceInterval = [2.717 ns; 2.739 ns] (CI 99.9%), Margin = 0.011 ns (0.41% of Mean)
Skewness = -0.19, Kurtosis = 1.63, MValue = 2

// ** Remained 12 (92.3%) benchmark(s) to run. Estimated finish 2026-02-22 17:19 (0h 2m from now) **
Setup power plan (GUID: 8c5e7fda-e8bf-4a96-9a85-a6e23a8c635c FriendlyName: High performance)
// **************************
// Benchmark: Scenario1.S1_CheckOptionStringErrorWithMessage_EnumerationsOptions: .NET 10.0(Runtime=.NET 10.0, IterationTime=250ms) [Iterations=10]
// *** Execute ***
// Launch: 1 / 1
// Execute: dotnet Enumerations.Options.Benchmarks-1.dll --anonymousPipes 1664 1536 --benchmarkName "ReillyDigital.Enumerations.Options.Benchmarks.Scenarios.Scenario1.S1_CheckOptionStringErrorWithMessage_EnumerationsOptions(Iterations: 10)" --job ".NET 10.0" --benchmarkId 1 in D:\x\devs\reilly-digital\dotnet\enumerations.options.benchmarks\bin\Debug\net10.0\Enumerations.Options.Benchmarks-1\bin\Release\net10.0
// BeforeAnythingElse

// Benchmark Process Environment Information:
// BenchmarkDotNet v0.15.8
// Runtime=.NET 10.0.3 (10.0.3, 10.0.326.7603), X64 RyuJIT x86-64-v3
// GC=Concurrent Workstation
// HardwareIntrinsics=AVX2+BMI1+BMI2+F16C+FMA+LZCNT+MOVBE,AVX,SSE3+SSSE3+SSE4.1+SSE4.2+POPCNT,X86Base+SSE+SSE2,AES+PCLMUL VectorSize=256
// Job: .NET 10.0(IterationTime=250ms)

OverheadJitting  1: 1 op, 116700.00 ns, 116.7000 us/op
WorkloadJitting  1: 1 op, 1453100.00 ns, 1.4531 ms/op

OverheadJitting  2: 16 op, 165500.00 ns, 10.3438 us/op
WorkloadJitting  2: 16 op, 159500.00 ns, 9.9688 us/op

WorkloadPilot    1: 16 op, 9500.00 ns, 593.7500 ns/op
WorkloadPilot    2: 421056 op, 119639300.00 ns, 284.1411 ns/op
WorkloadPilot    3: 879856 op, 4082000.00 ns, 4.6394 ns/op
WorkloadPilot    4: 53886336 op, 257220000.00 ns, 4.7734 ns/op
WorkloadPilot    5: 52373792 op, 247415100.00 ns, 4.7240 ns/op
WorkloadPilot    6: 52920976 op, 251264300.00 ns, 4.7479 ns/op
WorkloadPilot    7: 52654704 op, 252006900.00 ns, 4.7860 ns/op

OverheadWarmup   1: 52654704 op, 132116000.00 ns, 2.5091 ns/op
OverheadWarmup   2: 52654704 op, 108069100.00 ns, 2.0524 ns/op
OverheadWarmup   3: 52654704 op, 79381700.00 ns, 1.5076 ns/op
OverheadWarmup   4: 52654704 op, 79238100.00 ns, 1.5049 ns/op
OverheadWarmup   5: 52654704 op, 79438700.00 ns, 1.5087 ns/op
OverheadWarmup   6: 52654704 op, 79488700.00 ns, 1.5096 ns/op
OverheadWarmup   7: 52654704 op, 79462700.00 ns, 1.5091 ns/op
OverheadWarmup   8: 52654704 op, 79560700.00 ns, 1.5110 ns/op
OverheadWarmup   9: 52654704 op, 79463900.00 ns, 1.5092 ns/op

OverheadActual   1: 52654704 op, 80680700.00 ns, 1.5323 ns/op
OverheadActual   2: 52654704 op, 79472000.00 ns, 1.5093 ns/op
OverheadActual   3: 52654704 op, 79926700.00 ns, 1.5179 ns/op
OverheadActual   4: 52654704 op, 79946400.00 ns, 1.5183 ns/op
OverheadActual   5: 52654704 op, 79386900.00 ns, 1.5077 ns/op
OverheadActual   6: 52654704 op, 80022600.00 ns, 1.5198 ns/op
OverheadActual   7: 52654704 op, 79741800.00 ns, 1.5144 ns/op
OverheadActual   8: 52654704 op, 79428700.00 ns, 1.5085 ns/op
OverheadActual   9: 52654704 op, 79514200.00 ns, 1.5101 ns/op
OverheadActual  10: 52654704 op, 80835100.00 ns, 1.5352 ns/op
OverheadActual  11: 52654704 op, 79410900.00 ns, 1.5081 ns/op
OverheadActual  12: 52654704 op, 79452800.00 ns, 1.5089 ns/op
OverheadActual  13: 52654704 op, 79426800.00 ns, 1.5084 ns/op
OverheadActual  14: 52654704 op, 80661300.00 ns, 1.5319 ns/op
OverheadActual  15: 52654704 op, 79345900.00 ns, 1.5069 ns/op

WorkloadWarmup   1: 52654704 op, 252047700.00 ns, 4.7868 ns/op
WorkloadWarmup   2: 52654704 op, 251347400.00 ns, 4.7735 ns/op
WorkloadWarmup   3: 52654704 op, 252274900.00 ns, 4.7911 ns/op
WorkloadWarmup   4: 52654704 op, 252723100.00 ns, 4.7996 ns/op
WorkloadWarmup   5: 52654704 op, 252721700.00 ns, 4.7996 ns/op
WorkloadWarmup   6: 52654704 op, 249250200.00 ns, 4.7337 ns/op
WorkloadWarmup   7: 52654704 op, 249652800.00 ns, 4.7413 ns/op
WorkloadWarmup   8: 52654704 op, 262270100.00 ns, 4.9809 ns/op
WorkloadWarmup   9: 52654704 op, 250843200.00 ns, 4.7639 ns/op

// BeforeActualRun
WorkloadActual   1: 52654704 op, 249532800.00 ns, 4.7390 ns/op
WorkloadActual   2: 52654704 op, 249016600.00 ns, 4.7292 ns/op
WorkloadActual   3: 52654704 op, 249415500.00 ns, 4.7368 ns/op
WorkloadActual   4: 52654704 op, 250118800.00 ns, 4.7502 ns/op
WorkloadActual   5: 52654704 op, 249674700.00 ns, 4.7417 ns/op
WorkloadActual   6: 52654704 op, 250261800.00 ns, 4.7529 ns/op
WorkloadActual   7: 52654704 op, 249363600.00 ns, 4.7358 ns/op
WorkloadActual   8: 52654704 op, 249197700.00 ns, 4.7327 ns/op
WorkloadActual   9: 52654704 op, 249056600.00 ns, 4.7300 ns/op
WorkloadActual  10: 52654704 op, 249433800.00 ns, 4.7372 ns/op
WorkloadActual  11: 52654704 op, 250391500.00 ns, 4.7553 ns/op
WorkloadActual  12: 52654704 op, 250745600.00 ns, 4.7621 ns/op
WorkloadActual  13: 52654704 op, 250995400.00 ns, 4.7668 ns/op
WorkloadActual  14: 52654704 op, 250837200.00 ns, 4.7638 ns/op
WorkloadActual  15: 52654704 op, 250468100.00 ns, 4.7568 ns/op

// AfterActualRun
WorkloadResult   1: 52654704 op, 170018600.00 ns, 3.2289 ns/op
WorkloadResult   2: 52654704 op, 169502400.00 ns, 3.2191 ns/op
WorkloadResult   3: 52654704 op, 169901300.00 ns, 3.2267 ns/op
WorkloadResult   4: 52654704 op, 170604600.00 ns, 3.2401 ns/op
WorkloadResult   5: 52654704 op, 170160500.00 ns, 3.2316 ns/op
WorkloadResult   6: 52654704 op, 170747600.00 ns, 3.2428 ns/op
WorkloadResult   7: 52654704 op, 169849400.00 ns, 3.2257 ns/op
WorkloadResult   8: 52654704 op, 169683500.00 ns, 3.2226 ns/op
WorkloadResult   9: 52654704 op, 169542400.00 ns, 3.2199 ns/op
WorkloadResult  10: 52654704 op, 169919600.00 ns, 3.2271 ns/op
WorkloadResult  11: 52654704 op, 170877300.00 ns, 3.2452 ns/op
WorkloadResult  12: 52654704 op, 171231400.00 ns, 3.2520 ns/op
WorkloadResult  13: 52654704 op, 171481200.00 ns, 3.2567 ns/op
WorkloadResult  14: 52654704 op, 171323000.00 ns, 3.2537 ns/op
WorkloadResult  15: 52654704 op, 170953900.00 ns, 3.2467 ns/op
// GC:  0 0 0 0 52654704
// Threading:  0 0 52654704

// AfterAll
// Benchmark Process 15304 has exited with code 0.

Mean = 3.236 ns, StdErr = 0.003 ns (0.10%), N = 15, StdDev = 0.013 ns
Min = 3.219 ns, Q1 = 3.226 ns, Median = 3.232 ns, Q3 = 3.246 ns, Max = 3.257 ns
IQR = 0.020 ns, LowerFence = 3.197 ns, UpperFence = 3.276 ns
ConfidenceInterval = [3.222 ns; 3.250 ns] (CI 99.9%), Margin = 0.014 ns (0.43% of Mean)
Skewness = 0.22, Kurtosis = 1.4, MValue = 2

// ** Remained 11 (84.6%) benchmark(s) to run. Estimated finish 2026-02-22 17:18 (0h 1m from now) **
Setup power plan (GUID: 8c5e7fda-e8bf-4a96-9a85-a6e23a8c635c FriendlyName: High performance)
// **************************
// Benchmark: Scenario1.S1_CheckOptionStringSuccess_EnumerationsOptions: .NET 10.0(Runtime=.NET 10.0, IterationTime=250ms) [Iterations=10]
// *** Execute ***
// Launch: 1 / 1
// Execute: dotnet Enumerations.Options.Benchmarks-1.dll --anonymousPipes 1708 1704 --benchmarkName "ReillyDigital.Enumerations.Options.Benchmarks.Scenarios.Scenario1.S1_CheckOptionStringSuccess_EnumerationsOptions(Iterations: 10)" --job ".NET 10.0" --benchmarkId 2 in D:\x\devs\reilly-digital\dotnet\enumerations.options.benchmarks\bin\Debug\net10.0\Enumerations.Options.Benchmarks-1\bin\Release\net10.0
// BeforeAnythingElse

// Benchmark Process Environment Information:
// BenchmarkDotNet v0.15.8
// Runtime=.NET 10.0.3 (10.0.3, 10.0.326.7603), X64 RyuJIT x86-64-v3
// GC=Concurrent Workstation
// HardwareIntrinsics=AVX2+BMI1+BMI2+F16C+FMA+LZCNT+MOVBE,AVX,SSE3+SSSE3+SSE4.1+SSE4.2+POPCNT,X86Base+SSE+SSE2,AES+PCLMUL VectorSize=256
// Job: .NET 10.0(IterationTime=250ms)

OverheadJitting  1: 1 op, 112900.00 ns, 112.9000 us/op
WorkloadJitting  1: 1 op, 1510000.00 ns, 1.5100 ms/op

OverheadJitting  2: 16 op, 153100.00 ns, 9.5688 us/op
WorkloadJitting  2: 16 op, 288000.00 ns, 18.0000 us/op

WorkloadPilot    1: 16 op, 6900.00 ns, 431.2500 ns/op
WorkloadPilot    2: 579712 op, 121202200.00 ns, 209.0731 ns/op
WorkloadPilot    3: 1195760 op, 5820400.00 ns, 4.8675 ns/op
WorkloadPilot    4: 51360736 op, 234946500.00 ns, 4.5744 ns/op
WorkloadPilot    5: 54651536 op, 272089000.00 ns, 4.9786 ns/op
WorkloadPilot    6: 50214768 op, 247920000.00 ns, 4.9372 ns/op
WorkloadPilot    7: 50636064 op, 254808900.00 ns, 5.0322 ns/op
WorkloadPilot    8: 49680432 op, 245529800.00 ns, 4.9422 ns/op
WorkloadPilot    9: 50584944 op, 252630200.00 ns, 4.9942 ns/op

OverheadWarmup   1: 50584944 op, 124241100.00 ns, 2.4561 ns/op
OverheadWarmup   2: 50584944 op, 113141800.00 ns, 2.2367 ns/op
OverheadWarmup   3: 50584944 op, 75352400.00 ns, 1.4896 ns/op
OverheadWarmup   4: 50584944 op, 75436500.00 ns, 1.4913 ns/op
OverheadWarmup   5: 50584944 op, 75965300.00 ns, 1.5017 ns/op
OverheadWarmup   6: 50584944 op, 75832300.00 ns, 1.4991 ns/op
OverheadWarmup   7: 50584944 op, 75461500.00 ns, 1.4918 ns/op
OverheadWarmup   8: 50584944 op, 76330200.00 ns, 1.5090 ns/op
OverheadWarmup   9: 50584944 op, 75509100.00 ns, 1.4927 ns/op

OverheadActual   1: 50584944 op, 75487800.00 ns, 1.4923 ns/op
OverheadActual   2: 50584944 op, 76527600.00 ns, 1.5129 ns/op
OverheadActual   3: 50584944 op, 75942800.00 ns, 1.5013 ns/op
OverheadActual   4: 50584944 op, 76703900.00 ns, 1.5163 ns/op
OverheadActual   5: 50584944 op, 76540900.00 ns, 1.5131 ns/op
OverheadActual   6: 50584944 op, 75480600.00 ns, 1.4922 ns/op
OverheadActual   7: 50584944 op, 75771500.00 ns, 1.4979 ns/op
OverheadActual   8: 50584944 op, 76103500.00 ns, 1.5045 ns/op
OverheadActual   9: 50584944 op, 76047200.00 ns, 1.5034 ns/op
OverheadActual  10: 50584944 op, 76228000.00 ns, 1.5069 ns/op
OverheadActual  11: 50584944 op, 79414800.00 ns, 1.5699 ns/op
OverheadActual  12: 50584944 op, 76029900.00 ns, 1.5030 ns/op
OverheadActual  13: 50584944 op, 75490800.00 ns, 1.4924 ns/op
OverheadActual  14: 50584944 op, 77381500.00 ns, 1.5297 ns/op
OverheadActual  15: 50584944 op, 78326000.00 ns, 1.5484 ns/op

WorkloadWarmup   1: 50584944 op, 248958400.00 ns, 4.9216 ns/op
WorkloadWarmup   2: 50584944 op, 252119200.00 ns, 4.9841 ns/op
WorkloadWarmup   3: 50584944 op, 250611100.00 ns, 4.9543 ns/op
WorkloadWarmup   4: 50584944 op, 245070700.00 ns, 4.8447 ns/op
WorkloadWarmup   5: 50584944 op, 251717600.00 ns, 4.9761 ns/op
WorkloadWarmup   6: 50584944 op, 251968800.00 ns, 4.9811 ns/op
WorkloadWarmup   7: 50584944 op, 252414200.00 ns, 4.9899 ns/op
WorkloadWarmup   8: 50584944 op, 249559000.00 ns, 4.9335 ns/op

// BeforeActualRun
WorkloadActual   1: 50584944 op, 253159000.00 ns, 5.0046 ns/op
WorkloadActual   2: 50584944 op, 254065400.00 ns, 5.0225 ns/op
WorkloadActual   3: 50584944 op, 250566700.00 ns, 4.9534 ns/op
WorkloadActual   4: 50584944 op, 265502500.00 ns, 5.2486 ns/op
WorkloadActual   5: 50584944 op, 250158400.00 ns, 4.9453 ns/op
WorkloadActual   6: 50584944 op, 248161600.00 ns, 4.9058 ns/op
WorkloadActual   7: 50584944 op, 250919600.00 ns, 4.9604 ns/op
WorkloadActual   8: 50584944 op, 250108300.00 ns, 4.9443 ns/op
WorkloadActual   9: 50584944 op, 251242800.00 ns, 4.9668 ns/op
WorkloadActual  10: 50584944 op, 249752900.00 ns, 4.9373 ns/op
WorkloadActual  11: 50584944 op, 249963700.00 ns, 4.9415 ns/op
WorkloadActual  12: 50584944 op, 249801400.00 ns, 4.9383 ns/op
WorkloadActual  13: 50584944 op, 250137600.00 ns, 4.9449 ns/op
WorkloadActual  14: 50584944 op, 249616200.00 ns, 4.9346 ns/op
WorkloadActual  15: 50584944 op, 250015600.00 ns, 4.9425 ns/op

// AfterActualRun
WorkloadResult   1: 50584944 op, 174463200.00 ns, 3.4489 ns/op
WorkloadResult   2: 50584944 op, 174054900.00 ns, 3.4408 ns/op
WorkloadResult   3: 50584944 op, 172058100.00 ns, 3.4014 ns/op
WorkloadResult   4: 50584944 op, 174816100.00 ns, 3.4559 ns/op
WorkloadResult   5: 50584944 op, 174004800.00 ns, 3.4399 ns/op
WorkloadResult   6: 50584944 op, 175139300.00 ns, 3.4623 ns/op
WorkloadResult   7: 50584944 op, 173649400.00 ns, 3.4328 ns/op
WorkloadResult   8: 50584944 op, 173860200.00 ns, 3.4370 ns/op
WorkloadResult   9: 50584944 op, 173697900.00 ns, 3.4338 ns/op
WorkloadResult  10: 50584944 op, 174034100.00 ns, 3.4404 ns/op
WorkloadResult  11: 50584944 op, 173512700.00 ns, 3.4301 ns/op
WorkloadResult  12: 50584944 op, 173912100.00 ns, 3.4380 ns/op
// GC:  0 0 0 0 50584944
// Threading:  0 0 50584944

// AfterAll
// Benchmark Process 9360 has exited with code 0.

Mean = 3.438 ns, StdErr = 0.004 ns (0.13%), N = 12, StdDev = 0.015 ns
Min = 3.401 ns, Q1 = 3.434 ns, Median = 3.439 ns, Q3 = 3.443 ns, Max = 3.462 ns
IQR = 0.009 ns, LowerFence = 3.420 ns, UpperFence = 3.457 ns
ConfidenceInterval = [3.419 ns; 3.458 ns] (CI 99.9%), Margin = 0.019 ns (0.56% of Mean)
Skewness = -0.78, Kurtosis = 3.77, MValue = 2

// ** Remained 10 (76.9%) benchmark(s) to run. Estimated finish 2026-02-22 17:18 (0h 1m from now) **
Setup power plan (GUID: 8c5e7fda-e8bf-4a96-9a85-a6e23a8c635c FriendlyName: High performance)
// **************************
// Benchmark: Scenario1.S1_CheckVoidErrorNoMessage_EnumerationsOptions: .NET 10.0(Runtime=.NET 10.0, IterationTime=250ms) [Iterations=10]
// *** Execute ***
// Launch: 1 / 1
// Execute: dotnet Enumerations.Options.Benchmarks-1.dll --anonymousPipes 1684 1680 --benchmarkName "ReillyDigital.Enumerations.Options.Benchmarks.Scenarios.Scenario1.S1_CheckVoidErrorNoMessage_EnumerationsOptions(Iterations: 10)" --job ".NET 10.0" --benchmarkId 3 in D:\x\devs\reilly-digital\dotnet\enumerations.options.benchmarks\bin\Debug\net10.0\Enumerations.Options.Benchmarks-1\bin\Release\net10.0
// BeforeAnythingElse

// Benchmark Process Environment Information:
// BenchmarkDotNet v0.15.8
// Runtime=.NET 10.0.3 (10.0.3, 10.0.326.7603), X64 RyuJIT x86-64-v3
// GC=Concurrent Workstation
// HardwareIntrinsics=AVX2+BMI1+BMI2+F16C+FMA+LZCNT+MOVBE,AVX,SSE3+SSSE3+SSE4.1+SSE4.2+POPCNT,X86Base+SSE+SSE2,AES+PCLMUL VectorSize=256
// Job: .NET 10.0(IterationTime=250ms)

OverheadJitting  1: 1 op, 113800.00 ns, 113.8000 us/op
WorkloadJitting  1: 1 op, 1265800.00 ns, 1.2658 ms/op

OverheadJitting  2: 16 op, 165800.00 ns, 10.3625 us/op
WorkloadJitting  2: 16 op, 151400.00 ns, 9.4625 us/op

WorkloadPilot    1: 16 op, 6200.00 ns, 387.5000 ns/op
WorkloadPilot    2: 645168 op, 114046800.00 ns, 176.7707 ns/op
WorkloadPilot    3: 1414272 op, 7504900.00 ns, 5.3065 ns/op
WorkloadPilot    4: 47111632 op, 195360700.00 ns, 4.1468 ns/op
WorkloadPilot    5: 60288016 op, 252467700.00 ns, 4.1877 ns/op
WorkloadPilot    6: 59698752 op, 245461500.00 ns, 4.1117 ns/op
WorkloadPilot    7: 60802576 op, 252430200.00 ns, 4.1516 ns/op
WorkloadPilot    8: 60217216 op, 247910800.00 ns, 4.1169 ns/op
WorkloadPilot    9: 60724688 op, 248918600.00 ns, 4.0991 ns/op
WorkloadPilot   10: 60988512 op, 253320200.00 ns, 4.1536 ns/op

OverheadWarmup   1: 60988512 op, 150451300.00 ns, 2.4669 ns/op
OverheadWarmup   2: 60988512 op, 114273700.00 ns, 1.8737 ns/op
OverheadWarmup   3: 60988512 op, 92066800.00 ns, 1.5096 ns/op
OverheadWarmup   4: 60988512 op, 94339100.00 ns, 1.5468 ns/op
OverheadWarmup   5: 60988512 op, 92968200.00 ns, 1.5244 ns/op
OverheadWarmup   6: 60988512 op, 93581600.00 ns, 1.5344 ns/op
OverheadWarmup   7: 60988512 op, 92531500.00 ns, 1.5172 ns/op

OverheadActual   1: 60988512 op, 92394100.00 ns, 1.5149 ns/op
OverheadActual   2: 60988512 op, 92266000.00 ns, 1.5128 ns/op
OverheadActual   3: 60988512 op, 91820900.00 ns, 1.5055 ns/op
OverheadActual   4: 60988512 op, 92027500.00 ns, 1.5089 ns/op
OverheadActual   5: 60988512 op, 91770000.00 ns, 1.5047 ns/op
OverheadActual   6: 60988512 op, 91880800.00 ns, 1.5065 ns/op
OverheadActual   7: 60988512 op, 91871600.00 ns, 1.5064 ns/op
OverheadActual   8: 60988512 op, 92700400.00 ns, 1.5200 ns/op
OverheadActual   9: 60988512 op, 91854100.00 ns, 1.5061 ns/op
OverheadActual  10: 60988512 op, 91886300.00 ns, 1.5066 ns/op
OverheadActual  11: 60988512 op, 93059200.00 ns, 1.5258 ns/op
OverheadActual  12: 60988512 op, 92175700.00 ns, 1.5114 ns/op
OverheadActual  13: 60988512 op, 92239900.00 ns, 1.5124 ns/op
OverheadActual  14: 60988512 op, 93284200.00 ns, 1.5295 ns/op
OverheadActual  15: 60988512 op, 91860100.00 ns, 1.5062 ns/op

WorkloadWarmup   1: 60988512 op, 252043700.00 ns, 4.1326 ns/op
WorkloadWarmup   2: 60988512 op, 251666900.00 ns, 4.1265 ns/op
WorkloadWarmup   3: 60988512 op, 251061200.00 ns, 4.1165 ns/op
WorkloadWarmup   4: 60988512 op, 252014300.00 ns, 4.1322 ns/op
WorkloadWarmup   5: 60988512 op, 251877600.00 ns, 4.1299 ns/op
WorkloadWarmup   6: 60988512 op, 252005100.00 ns, 4.1320 ns/op
WorkloadWarmup   7: 60988512 op, 251912800.00 ns, 4.1305 ns/op

// BeforeActualRun
WorkloadActual   1: 60988512 op, 251905700.00 ns, 4.1304 ns/op
WorkloadActual   2: 60988512 op, 251549600.00 ns, 4.1245 ns/op
WorkloadActual   3: 60988512 op, 250603900.00 ns, 4.1090 ns/op
WorkloadActual   4: 60988512 op, 251019200.00 ns, 4.1158 ns/op
WorkloadActual   5: 60988512 op, 269909000.00 ns, 4.4256 ns/op
WorkloadActual   6: 60988512 op, 252886200.00 ns, 4.1465 ns/op
WorkloadActual   7: 60988512 op, 255181200.00 ns, 4.1841 ns/op
WorkloadActual   8: 60988512 op, 252222000.00 ns, 4.1356 ns/op
WorkloadActual   9: 60988512 op, 249729400.00 ns, 4.0947 ns/op
WorkloadActual  10: 60988512 op, 251365300.00 ns, 4.1215 ns/op
WorkloadActual  11: 60988512 op, 251137400.00 ns, 4.1178 ns/op
WorkloadActual  12: 60988512 op, 251382900.00 ns, 4.1218 ns/op
WorkloadActual  13: 60988512 op, 252404400.00 ns, 4.1386 ns/op
WorkloadActual  14: 60988512 op, 250484800.00 ns, 4.1071 ns/op
WorkloadActual  15: 60988512 op, 251730700.00 ns, 4.1275 ns/op

// AfterActualRun
WorkloadResult   1: 60988512 op, 159878200.00 ns, 2.6214 ns/op
WorkloadResult   2: 60988512 op, 159522100.00 ns, 2.6156 ns/op
WorkloadResult   3: 60988512 op, 158576400.00 ns, 2.6001 ns/op
WorkloadResult   4: 60988512 op, 158991700.00 ns, 2.6069 ns/op
WorkloadResult   5: 60988512 op, 160858700.00 ns, 2.6375 ns/op
WorkloadResult   6: 60988512 op, 160194500.00 ns, 2.6266 ns/op
WorkloadResult   7: 60988512 op, 157701900.00 ns, 2.5858 ns/op
WorkloadResult   8: 60988512 op, 159337800.00 ns, 2.6126 ns/op
WorkloadResult   9: 60988512 op, 159109900.00 ns, 2.6089 ns/op
WorkloadResult  10: 60988512 op, 159355400.00 ns, 2.6129 ns/op
WorkloadResult  11: 60988512 op, 160376900.00 ns, 2.6296 ns/op
WorkloadResult  12: 60988512 op, 158457300.00 ns, 2.5981 ns/op
WorkloadResult  13: 60988512 op, 159703200.00 ns, 2.6186 ns/op
// GC:  0 0 0 0 60988512
// Threading:  0 0 60988512

// AfterAll
// Benchmark Process 17892 has exited with code 0.

Mean = 2.613 ns, StdErr = 0.004 ns (0.15%), N = 13, StdDev = 0.014 ns
Min = 2.586 ns, Q1 = 2.607 ns, Median = 2.613 ns, Q3 = 2.621 ns, Max = 2.638 ns
IQR = 0.015 ns, LowerFence = 2.585 ns, UpperFence = 2.643 ns
ConfidenceInterval = [2.597 ns; 2.630 ns] (CI 99.9%), Margin = 0.017 ns (0.64% of Mean)
Skewness = -0.18, Kurtosis = 2.23, MValue = 2

// ** Remained 9 (69.2%) benchmark(s) to run. Estimated finish 2026-02-22 17:18 (0h 1m from now) **
Setup power plan (GUID: 8c5e7fda-e8bf-4a96-9a85-a6e23a8c635c FriendlyName: High performance)
// **************************
// Benchmark: Scenario1.S1_CheckVoidErrorWithMessage_EnumerationsOptions: .NET 10.0(Runtime=.NET 10.0, IterationTime=250ms) [Iterations=10]
// *** Execute ***
// Launch: 1 / 1
// Execute: dotnet Enumerations.Options.Benchmarks-1.dll --anonymousPipes 1552 1596 --benchmarkName "ReillyDigital.Enumerations.Options.Benchmarks.Scenarios.Scenario1.S1_CheckVoidErrorWithMessage_EnumerationsOptions(Iterations: 10)" --job ".NET 10.0" --benchmarkId 4 in D:\x\devs\reilly-digital\dotnet\enumerations.options.benchmarks\bin\Debug\net10.0\Enumerations.Options.Benchmarks-1\bin\Release\net10.0
// BeforeAnythingElse

// Benchmark Process Environment Information:
// BenchmarkDotNet v0.15.8
// Runtime=.NET 10.0.3 (10.0.3, 10.0.326.7603), X64 RyuJIT x86-64-v3
// GC=Concurrent Workstation
// HardwareIntrinsics=AVX2+BMI1+BMI2+F16C+FMA+LZCNT+MOVBE,AVX,SSE3+SSSE3+SSE4.1+SSE4.2+POPCNT,X86Base+SSE+SSE2,AES+PCLMUL VectorSize=256
// Job: .NET 10.0(IterationTime=250ms)

OverheadJitting  1: 1 op, 115900.00 ns, 115.9000 us/op
WorkloadJitting  1: 1 op, 1443500.00 ns, 1.4435 ms/op

OverheadJitting  2: 16 op, 167300.00 ns, 10.4563 us/op
WorkloadJitting  2: 16 op, 160500.00 ns, 10.0313 us/op

WorkloadPilot    1: 16 op, 8000.00 ns, 500.0000 ns/op
WorkloadPilot    2: 500000 op, 111381200.00 ns, 222.7624 ns/op
WorkloadPilot    3: 1122272 op, 5245500.00 ns, 4.6740 ns/op
WorkloadPilot    4: 53487376 op, 248191600.00 ns, 4.6402 ns/op
WorkloadPilot    5: 53877104 op, 250206700.00 ns, 4.6440 ns/op
WorkloadPilot    6: 53832608 op, 250552300.00 ns, 4.6543 ns/op
WorkloadPilot    7: 53713952 op, 244657800.00 ns, 4.5548 ns/op
WorkloadPilot    8: 54886832 op, 253577200.00 ns, 4.6200 ns/op

OverheadWarmup   1: 54886832 op, 134560000.00 ns, 2.4516 ns/op
OverheadWarmup   2: 54886832 op, 113864100.00 ns, 2.0745 ns/op
OverheadWarmup   3: 54886832 op, 81939200.00 ns, 1.4929 ns/op
OverheadWarmup   4: 54886832 op, 81805600.00 ns, 1.4904 ns/op
OverheadWarmup   5: 54886832 op, 82043800.00 ns, 1.4948 ns/op
OverheadWarmup   6: 54886832 op, 81791600.00 ns, 1.4902 ns/op
OverheadWarmup   7: 54886832 op, 82065000.00 ns, 1.4952 ns/op
OverheadWarmup   8: 54886832 op, 81945400.00 ns, 1.4930 ns/op

OverheadActual   1: 54886832 op, 81827800.00 ns, 1.4908 ns/op
OverheadActual   2: 54886832 op, 81913900.00 ns, 1.4924 ns/op
OverheadActual   3: 54886832 op, 81757200.00 ns, 1.4896 ns/op
OverheadActual   4: 54886832 op, 82018700.00 ns, 1.4943 ns/op
OverheadActual   5: 54886832 op, 81774300.00 ns, 1.4899 ns/op
OverheadActual   6: 54886832 op, 82073900.00 ns, 1.4953 ns/op
OverheadActual   7: 54886832 op, 82534600.00 ns, 1.5037 ns/op
OverheadActual   8: 54886832 op, 82864600.00 ns, 1.5097 ns/op
OverheadActual   9: 54886832 op, 84176500.00 ns, 1.5336 ns/op
OverheadActual  10: 54886832 op, 82259500.00 ns, 1.4987 ns/op
OverheadActual  11: 54886832 op, 81905100.00 ns, 1.4923 ns/op
OverheadActual  12: 54886832 op, 81979300.00 ns, 1.4936 ns/op
OverheadActual  13: 54886832 op, 81820400.00 ns, 1.4907 ns/op
OverheadActual  14: 54886832 op, 82004100.00 ns, 1.4941 ns/op
OverheadActual  15: 54886832 op, 82694000.00 ns, 1.5066 ns/op

WorkloadWarmup   1: 54886832 op, 252867500.00 ns, 4.6071 ns/op
WorkloadWarmup   2: 54886832 op, 256651700.00 ns, 4.6760 ns/op
WorkloadWarmup   3: 54886832 op, 255255000.00 ns, 4.6506 ns/op
WorkloadWarmup   4: 54886832 op, 253889800.00 ns, 4.6257 ns/op
WorkloadWarmup   5: 54886832 op, 254205200.00 ns, 4.6314 ns/op
WorkloadWarmup   6: 54886832 op, 252889300.00 ns, 4.6075 ns/op

// BeforeActualRun
WorkloadActual   1: 54886832 op, 253483200.00 ns, 4.6183 ns/op
WorkloadActual   2: 54886832 op, 252747300.00 ns, 4.6049 ns/op
WorkloadActual   3: 54886832 op, 254755600.00 ns, 4.6415 ns/op
WorkloadActual   4: 54886832 op, 248092400.00 ns, 4.5201 ns/op
WorkloadActual   5: 54886832 op, 265468100.00 ns, 4.8366 ns/op
WorkloadActual   6: 54886832 op, 254198700.00 ns, 4.6313 ns/op
WorkloadActual   7: 54886832 op, 250571600.00 ns, 4.5652 ns/op
WorkloadActual   8: 54886832 op, 248147100.00 ns, 4.5211 ns/op
WorkloadActual   9: 54886832 op, 252457700.00 ns, 4.5996 ns/op
WorkloadActual  10: 54886832 op, 253899300.00 ns, 4.6259 ns/op
WorkloadActual  11: 54886832 op, 248327400.00 ns, 4.5244 ns/op
WorkloadActual  12: 54886832 op, 251056100.00 ns, 4.5741 ns/op
WorkloadActual  13: 54886832 op, 252791600.00 ns, 4.6057 ns/op
WorkloadActual  14: 54886832 op, 251695000.00 ns, 4.5857 ns/op
WorkloadActual  15: 54886832 op, 253135900.00 ns, 4.6120 ns/op

// AfterActualRun
WorkloadResult   1: 54886832 op, 171479100.00 ns, 3.1242 ns/op
WorkloadResult   2: 54886832 op, 170743200.00 ns, 3.1108 ns/op
WorkloadResult   3: 54886832 op, 172751500.00 ns, 3.1474 ns/op
WorkloadResult   4: 54886832 op, 166088300.00 ns, 3.0260 ns/op
WorkloadResult   5: 54886832 op, 172194600.00 ns, 3.1373 ns/op
WorkloadResult   6: 54886832 op, 168567500.00 ns, 3.0712 ns/op
WorkloadResult   7: 54886832 op, 166143000.00 ns, 3.0270 ns/op
WorkloadResult   8: 54886832 op, 170453600.00 ns, 3.1055 ns/op
WorkloadResult   9: 54886832 op, 171895200.00 ns, 3.1318 ns/op
WorkloadResult  10: 54886832 op, 166323300.00 ns, 3.0303 ns/op
WorkloadResult  11: 54886832 op, 169052000.00 ns, 3.0800 ns/op
WorkloadResult  12: 54886832 op, 170787500.00 ns, 3.1116 ns/op
WorkloadResult  13: 54886832 op, 169690900.00 ns, 3.0917 ns/op
WorkloadResult  14: 54886832 op, 171131800.00 ns, 3.1179 ns/op
// GC:  0 0 0 0 54886832
// Threading:  0 0 54886832

// AfterAll
// Benchmark Process 10268 has exited with code 0.

Mean = 3.094 ns, StdErr = 0.011 ns (0.36%), N = 14, StdDev = 0.041 ns
Min = 3.026 ns, Q1 = 3.073 ns, Median = 3.108 ns, Q3 = 3.123 ns, Max = 3.147 ns
IQR = 0.049 ns, LowerFence = 3.000 ns, UpperFence = 3.197 ns
ConfidenceInterval = [3.047 ns; 3.140 ns] (CI 99.9%), Margin = 0.047 ns (1.51% of Mean)
Skewness = -0.54, Kurtosis = 1.77, MValue = 2

// ** Remained 8 (61.5%) benchmark(s) to run. Estimated finish 2026-02-22 17:18 (0h 1m from now) **
Setup power plan (GUID: 8c5e7fda-e8bf-4a96-9a85-a6e23a8c635c FriendlyName: High performance)
// **************************
// Benchmark: Scenario1.S1_CheckVoidSuccess_EnumerationsOptions: .NET 10.0(Runtime=.NET 10.0, IterationTime=250ms) [Iterations=10]
// *** Execute ***
// Launch: 1 / 1
// Execute: dotnet Enumerations.Options.Benchmarks-1.dll --anonymousPipes 1740 1640 --benchmarkName "ReillyDigital.Enumerations.Options.Benchmarks.Scenarios.Scenario1.S1_CheckVoidSuccess_EnumerationsOptions(Iterations: 10)" --job ".NET 10.0" --benchmarkId 5 in D:\x\devs\reilly-digital\dotnet\enumerations.options.benchmarks\bin\Debug\net10.0\Enumerations.Options.Benchmarks-1\bin\Release\net10.0
// BeforeAnythingElse

// Benchmark Process Environment Information:
// BenchmarkDotNet v0.15.8
// Runtime=.NET 10.0.3 (10.0.3, 10.0.326.7603), X64 RyuJIT x86-64-v3
// GC=Concurrent Workstation
// HardwareIntrinsics=AVX2+BMI1+BMI2+F16C+FMA+LZCNT+MOVBE,AVX,SSE3+SSSE3+SSE4.1+SSE4.2+POPCNT,X86Base+SSE+SSE2,AES+PCLMUL VectorSize=256
// Job: .NET 10.0(IterationTime=250ms)

OverheadJitting  1: 1 op, 133900.00 ns, 133.9000 us/op
WorkloadJitting  1: 1 op, 1336100.00 ns, 1.3361 ms/op

OverheadJitting  2: 16 op, 174500.00 ns, 10.9063 us/op
WorkloadJitting  2: 16 op, 164000.00 ns, 10.2500 us/op

WorkloadPilot    1: 16 op, 5900.00 ns, 368.7500 ns/op
WorkloadPilot    2: 677968 op, 109392600.00 ns, 161.3536 ns/op
WorkloadPilot    3: 1549392 op, 7828100.00 ns, 5.0524 ns/op
WorkloadPilot    4: 49481744 op, 253362400.00 ns, 5.1203 ns/op
WorkloadPilot    5: 48825072 op, 255037700.00 ns, 5.2235 ns/op
WorkloadPilot    6: 47860656 op, 247985800.00 ns, 5.1814 ns/op
WorkloadPilot    7: 48249392 op, 242949200.00 ns, 5.0353 ns/op
WorkloadPilot    8: 49649680 op, 267860500.00 ns, 5.3950 ns/op

OverheadWarmup   1: 49649680 op, 126917600.00 ns, 2.5563 ns/op
OverheadWarmup   2: 49649680 op, 115045500.00 ns, 2.3171 ns/op
OverheadWarmup   3: 49649680 op, 78065700.00 ns, 1.5723 ns/op
OverheadWarmup   4: 49649680 op, 77487800.00 ns, 1.5607 ns/op
OverheadWarmup   5: 49649680 op, 77549100.00 ns, 1.5619 ns/op
OverheadWarmup   6: 49649680 op, 76310100.00 ns, 1.5370 ns/op
OverheadWarmup   7: 49649680 op, 75119100.00 ns, 1.5130 ns/op
OverheadWarmup   8: 49649680 op, 78358800.00 ns, 1.5782 ns/op
OverheadWarmup   9: 49649680 op, 76559000.00 ns, 1.5420 ns/op

OverheadActual   1: 49649680 op, 76852800.00 ns, 1.5479 ns/op
OverheadActual   2: 49649680 op, 76265700.00 ns, 1.5361 ns/op
OverheadActual   3: 49649680 op, 76012900.00 ns, 1.5310 ns/op
OverheadActual   4: 49649680 op, 75149200.00 ns, 1.5136 ns/op
OverheadActual   5: 49649680 op, 74898800.00 ns, 1.5085 ns/op
OverheadActual   6: 49649680 op, 76368600.00 ns, 1.5381 ns/op
OverheadActual   7: 49649680 op, 75306300.00 ns, 1.5168 ns/op
OverheadActual   8: 49649680 op, 75760100.00 ns, 1.5259 ns/op
OverheadActual   9: 49649680 op, 75496000.00 ns, 1.5206 ns/op
OverheadActual  10: 49649680 op, 74850900.00 ns, 1.5076 ns/op
OverheadActual  11: 49649680 op, 74774300.00 ns, 1.5060 ns/op
OverheadActual  12: 49649680 op, 74871400.00 ns, 1.5080 ns/op
OverheadActual  13: 49649680 op, 75081700.00 ns, 1.5122 ns/op
OverheadActual  14: 49649680 op, 74841600.00 ns, 1.5074 ns/op
OverheadActual  15: 49649680 op, 75362000.00 ns, 1.5179 ns/op

WorkloadWarmup   1: 49649680 op, 244102600.00 ns, 4.9165 ns/op
WorkloadWarmup   2: 49649680 op, 255931500.00 ns, 5.1547 ns/op
WorkloadWarmup   3: 49649680 op, 255843300.00 ns, 5.1530 ns/op
WorkloadWarmup   4: 49649680 op, 257200900.00 ns, 5.1803 ns/op
WorkloadWarmup   5: 49649680 op, 250062700.00 ns, 5.0365 ns/op
WorkloadWarmup   6: 49649680 op, 262597800.00 ns, 5.2890 ns/op

// BeforeActualRun
WorkloadActual   1: 49649680 op, 267793300.00 ns, 5.3937 ns/op
WorkloadActual   2: 49649680 op, 257454000.00 ns, 5.1854 ns/op
WorkloadActual   3: 49649680 op, 253705600.00 ns, 5.1099 ns/op
WorkloadActual   4: 49649680 op, 249795400.00 ns, 5.0312 ns/op
WorkloadActual   5: 49649680 op, 257014100.00 ns, 5.1766 ns/op
WorkloadActual   6: 49649680 op, 252795500.00 ns, 5.0916 ns/op
WorkloadActual   7: 49649680 op, 259739300.00 ns, 5.2314 ns/op
WorkloadActual   8: 49649680 op, 253429500.00 ns, 5.1044 ns/op
WorkloadActual   9: 49649680 op, 263121500.00 ns, 5.2996 ns/op
WorkloadActual  10: 49649680 op, 258885900.00 ns, 5.2143 ns/op
WorkloadActual  11: 49649680 op, 263521600.00 ns, 5.3076 ns/op
WorkloadActual  12: 49649680 op, 259546400.00 ns, 5.2276 ns/op
WorkloadActual  13: 49649680 op, 257762900.00 ns, 5.1916 ns/op
WorkloadActual  14: 49649680 op, 255909400.00 ns, 5.1543 ns/op
WorkloadActual  15: 49649680 op, 259752400.00 ns, 5.2317 ns/op

// AfterActualRun
WorkloadResult   1: 49649680 op, 182147700.00 ns, 3.6687 ns/op
WorkloadResult   2: 49649680 op, 178399300.00 ns, 3.5932 ns/op
WorkloadResult   3: 49649680 op, 174489100.00 ns, 3.5144 ns/op
WorkloadResult   4: 49649680 op, 181707800.00 ns, 3.6598 ns/op
WorkloadResult   5: 49649680 op, 177489200.00 ns, 3.5748 ns/op
WorkloadResult   6: 49649680 op, 184433000.00 ns, 3.7147 ns/op
WorkloadResult   7: 49649680 op, 178123200.00 ns, 3.5876 ns/op
WorkloadResult   8: 49649680 op, 187815200.00 ns, 3.7828 ns/op
WorkloadResult   9: 49649680 op, 183579600.00 ns, 3.6975 ns/op
WorkloadResult  10: 49649680 op, 188215300.00 ns, 3.7909 ns/op
WorkloadResult  11: 49649680 op, 184240100.00 ns, 3.7108 ns/op
WorkloadResult  12: 49649680 op, 182456600.00 ns, 3.6749 ns/op
WorkloadResult  13: 49649680 op, 180603100.00 ns, 3.6375 ns/op
WorkloadResult  14: 49649680 op, 184446100.00 ns, 3.7150 ns/op
// GC:  0 0 0 0 49649680
// Threading:  0 0 49649680

// AfterAll
// Benchmark Process 18472 has exited with code 0.

Mean = 3.666 ns, StdErr = 0.021 ns (0.57%), N = 14, StdDev = 0.079 ns
Min = 3.514 ns, Q1 = 3.604 ns, Median = 3.672 ns, Q3 = 3.714 ns, Max = 3.791 ns
IQR = 0.109 ns, LowerFence = 3.440 ns, UpperFence = 3.878 ns
ConfidenceInterval = [3.577 ns; 3.755 ns] (CI 99.9%), Margin = 0.089 ns (2.42% of Mean)
Skewness = -0.18, Kurtosis = 2.06, MValue = 2

// ** Remained 7 (53.8%) benchmark(s) to run. Estimated finish 2026-02-22 17:18 (0h 1m from now) **
Setup power plan (GUID: 8c5e7fda-e8bf-4a96-9a85-a6e23a8c635c FriendlyName: High performance)
// **************************
// Benchmark: Scenario1.S1_ReturnOptionStringErrorNoMessage_EnumerationsOptions: .NET 10.0(Runtime=.NET 10.0, IterationTime=250ms) [Iterations=10]
// *** Execute ***
// Launch: 1 / 1
// Execute: dotnet Enumerations.Options.Benchmarks-1.dll --anonymousPipes 1724 1560 --benchmarkName "ReillyDigital.Enumerations.Options.Benchmarks.Scenarios.Scenario1.S1_ReturnOptionStringErrorNoMessage_EnumerationsOptions(Iterations: 10)" --job ".NET 10.0" --benchmarkId 6 in D:\x\devs\reilly-digital\dotnet\enumerations.options.benchmarks\bin\Debug\net10.0\Enumerations.Options.Benchmarks-1\bin\Release\net10.0
// BeforeAnythingElse

// Benchmark Process Environment Information:
// BenchmarkDotNet v0.15.8
// Runtime=.NET 10.0.3 (10.0.3, 10.0.326.7603), X64 RyuJIT x86-64-v3
// GC=Concurrent Workstation
// HardwareIntrinsics=AVX2+BMI1+BMI2+F16C+FMA+LZCNT+MOVBE,AVX,SSE3+SSSE3+SSE4.1+SSE4.2+POPCNT,X86Base+SSE+SSE2,AES+PCLMUL VectorSize=256
// Job: .NET 10.0(IterationTime=250ms)

OverheadJitting  1: 1 op, 106400.00 ns, 106.4000 us/op
WorkloadJitting  1: 1 op, 1288800.00 ns, 1.2888 ms/op

OverheadJitting  2: 16 op, 167900.00 ns, 10.4938 us/op
WorkloadJitting  2: 16 op, 165900.00 ns, 10.3688 us/op

WorkloadPilot    1: 16 op, 6200.00 ns, 387.5000 ns/op
WorkloadPilot    2: 645168 op, 116098600.00 ns, 179.9510 ns/op
WorkloadPilot    3: 1389280 op, 6388900.00 ns, 4.5987 ns/op
WorkloadPilot    4: 54363040 op, 246229000.00 ns, 4.5293 ns/op
WorkloadPilot    5: 55195616 op, 248869900.00 ns, 4.5089 ns/op
WorkloadPilot    6: 55446256 op, 251830200.00 ns, 4.5419 ns/op
WorkloadPilot    7: 55043296 op, 252876300.00 ns, 4.5941 ns/op
WorkloadPilot    8: 54417216 op, 245518100.00 ns, 4.5118 ns/op
WorkloadPilot    9: 55410608 op, 247536500.00 ns, 4.4673 ns/op
WorkloadPilot   10: 55962064 op, 245586200.00 ns, 4.3884 ns/op
WorkloadPilot   11: 56967856 op, 256942600.00 ns, 4.5103 ns/op

OverheadWarmup   1: 56967856 op, 142414800.00 ns, 2.4999 ns/op
OverheadWarmup   2: 56967856 op, 112539200.00 ns, 1.9755 ns/op
OverheadWarmup   3: 56967856 op, 87009900.00 ns, 1.5274 ns/op
OverheadWarmup   4: 56967856 op, 86891900.00 ns, 1.5253 ns/op
OverheadWarmup   5: 56967856 op, 85829200.00 ns, 1.5066 ns/op
OverheadWarmup   6: 56967856 op, 86479400.00 ns, 1.5180 ns/op
OverheadWarmup   7: 56967856 op, 87196700.00 ns, 1.5306 ns/op
OverheadWarmup   8: 56967856 op, 86751000.00 ns, 1.5228 ns/op
OverheadWarmup   9: 56967856 op, 86976500.00 ns, 1.5268 ns/op
OverheadWarmup  10: 56967856 op, 86791700.00 ns, 1.5235 ns/op

OverheadActual   1: 56967856 op, 87157300.00 ns, 1.5299 ns/op
OverheadActual   2: 56967856 op, 86809100.00 ns, 1.5238 ns/op
OverheadActual   3: 56967856 op, 86670500.00 ns, 1.5214 ns/op
OverheadActual   4: 56967856 op, 87132700.00 ns, 1.5295 ns/op
OverheadActual   5: 56967856 op, 86883300.00 ns, 1.5251 ns/op
OverheadActual   6: 56967856 op, 85928700.00 ns, 1.5084 ns/op
OverheadActual   7: 56967856 op, 86976400.00 ns, 1.5268 ns/op
OverheadActual   8: 56967856 op, 86885700.00 ns, 1.5252 ns/op
OverheadActual   9: 56967856 op, 86929900.00 ns, 1.5259 ns/op
OverheadActual  10: 56967856 op, 86663100.00 ns, 1.5213 ns/op
OverheadActual  11: 56967856 op, 86996900.00 ns, 1.5271 ns/op
OverheadActual  12: 56967856 op, 86410700.00 ns, 1.5168 ns/op
OverheadActual  13: 56967856 op, 87585000.00 ns, 1.5374 ns/op
OverheadActual  14: 56967856 op, 87218200.00 ns, 1.5310 ns/op
OverheadActual  15: 56967856 op, 86810600.00 ns, 1.5239 ns/op

WorkloadWarmup   1: 56967856 op, 256947000.00 ns, 4.5104 ns/op
WorkloadWarmup   2: 56967856 op, 277526100.00 ns, 4.8716 ns/op
WorkloadWarmup   3: 56967856 op, 250213800.00 ns, 4.3922 ns/op
WorkloadWarmup   4: 56967856 op, 256102800.00 ns, 4.4956 ns/op
WorkloadWarmup   5: 56967856 op, 252138000.00 ns, 4.4260 ns/op
WorkloadWarmup   6: 56967856 op, 247296000.00 ns, 4.3410 ns/op

// BeforeActualRun
WorkloadActual   1: 56967856 op, 247338600.00 ns, 4.3417 ns/op
WorkloadActual   2: 56967856 op, 255651900.00 ns, 4.4877 ns/op
WorkloadActual   3: 56967856 op, 269481800.00 ns, 4.7304 ns/op
WorkloadActual   4: 56967856 op, 274254700.00 ns, 4.8142 ns/op
WorkloadActual   5: 56967856 op, 273502100.00 ns, 4.8010 ns/op
WorkloadActual   6: 56967856 op, 266296300.00 ns, 4.6745 ns/op
WorkloadActual   7: 56967856 op, 255726800.00 ns, 4.4890 ns/op
WorkloadActual   8: 56967856 op, 256281200.00 ns, 4.4987 ns/op
WorkloadActual   9: 56967856 op, 256560000.00 ns, 4.5036 ns/op
WorkloadActual  10: 56967856 op, 264285600.00 ns, 4.6392 ns/op
WorkloadActual  11: 56967856 op, 262013900.00 ns, 4.5993 ns/op
WorkloadActual  12: 56967856 op, 263065400.00 ns, 4.6178 ns/op
WorkloadActual  13: 56967856 op, 270801600.00 ns, 4.7536 ns/op
WorkloadActual  14: 56967856 op, 260604000.00 ns, 4.5746 ns/op
WorkloadActual  15: 56967856 op, 243054500.00 ns, 4.2665 ns/op
WorkloadActual  16: 56967856 op, 266392700.00 ns, 4.6762 ns/op
WorkloadActual  17: 56967856 op, 269515700.00 ns, 4.7310 ns/op
WorkloadActual  18: 56967856 op, 271163700.00 ns, 4.7599 ns/op
WorkloadActual  19: 56967856 op, 263659600.00 ns, 4.6282 ns/op
WorkloadActual  20: 56967856 op, 256123100.00 ns, 4.4959 ns/op
WorkloadActual  21: 56967856 op, 268364200.00 ns, 4.7108 ns/op
WorkloadActual  22: 56967856 op, 266296600.00 ns, 4.6745 ns/op
WorkloadActual  23: 56967856 op, 266637600.00 ns, 4.6805 ns/op
WorkloadActual  24: 56967856 op, 273063100.00 ns, 4.7933 ns/op
WorkloadActual  25: 56967856 op, 256684300.00 ns, 4.5058 ns/op
WorkloadActual  26: 56967856 op, 257985400.00 ns, 4.5286 ns/op
WorkloadActual  27: 56967856 op, 256846600.00 ns, 4.5086 ns/op
WorkloadActual  28: 56967856 op, 261916500.00 ns, 4.5976 ns/op
WorkloadActual  29: 56967856 op, 268089100.00 ns, 4.7060 ns/op

// AfterActualRun
WorkloadResult   1: 56967856 op, 160452900.00 ns, 2.8166 ns/op
WorkloadResult   2: 56967856 op, 168766200.00 ns, 2.9625 ns/op
WorkloadResult   3: 56967856 op, 182596100.00 ns, 3.2052 ns/op
WorkloadResult   4: 56967856 op, 187369000.00 ns, 3.2890 ns/op
WorkloadResult   5: 56967856 op, 186616400.00 ns, 3.2758 ns/op
WorkloadResult   6: 56967856 op, 179410600.00 ns, 3.1493 ns/op
WorkloadResult   7: 56967856 op, 168841100.00 ns, 2.9638 ns/op
WorkloadResult   8: 56967856 op, 169395500.00 ns, 2.9735 ns/op
WorkloadResult   9: 56967856 op, 169674300.00 ns, 2.9784 ns/op
WorkloadResult  10: 56967856 op, 177399900.00 ns, 3.1140 ns/op
WorkloadResult  11: 56967856 op, 175128200.00 ns, 3.0742 ns/op
WorkloadResult  12: 56967856 op, 176179700.00 ns, 3.0926 ns/op
WorkloadResult  13: 56967856 op, 183915900.00 ns, 3.2284 ns/op
WorkloadResult  14: 56967856 op, 173718300.00 ns, 3.0494 ns/op
WorkloadResult  15: 56967856 op, 156168800.00 ns, 2.7413 ns/op
WorkloadResult  16: 56967856 op, 179507000.00 ns, 3.1510 ns/op
WorkloadResult  17: 56967856 op, 182630000.00 ns, 3.2058 ns/op
WorkloadResult  18: 56967856 op, 184278000.00 ns, 3.2348 ns/op
WorkloadResult  19: 56967856 op, 176773900.00 ns, 3.1030 ns/op
WorkloadResult  20: 56967856 op, 169237400.00 ns, 2.9708 ns/op
WorkloadResult  21: 56967856 op, 181478500.00 ns, 3.1856 ns/op
WorkloadResult  22: 56967856 op, 179410900.00 ns, 3.1493 ns/op
WorkloadResult  23: 56967856 op, 179751900.00 ns, 3.1553 ns/op
WorkloadResult  24: 56967856 op, 186177400.00 ns, 3.2681 ns/op
WorkloadResult  25: 56967856 op, 169798600.00 ns, 2.9806 ns/op
WorkloadResult  26: 56967856 op, 171099700.00 ns, 3.0034 ns/op
WorkloadResult  27: 56967856 op, 169960900.00 ns, 2.9835 ns/op
WorkloadResult  28: 56967856 op, 175030800.00 ns, 3.0724 ns/op
WorkloadResult  29: 56967856 op, 181203400.00 ns, 3.1808 ns/op
// GC:  0 0 0 0 56967856
// Threading:  0 0 56967856

// AfterAll
// Benchmark Process 2440 has exited with code 0.

Mean = 3.088 ns, StdErr = 0.025 ns (0.81%), N = 29, StdDev = 0.135 ns
Min = 2.741 ns, Q1 = 2.981 ns, Median = 3.103 ns, Q3 = 3.186 ns, Max = 3.289 ns
IQR = 0.205 ns, LowerFence = 2.673 ns, UpperFence = 3.493 ns
ConfidenceInterval = [2.996 ns; 3.180 ns] (CI 99.9%), Margin = 0.092 ns (2.97% of Mean)
Skewness = -0.58, Kurtosis = 2.79, MValue = 2.36

// ** Remained 6 (46.2%) benchmark(s) to run. Estimated finish 2026-02-22 17:18 (0h 1m from now) **
Setup power plan (GUID: 8c5e7fda-e8bf-4a96-9a85-a6e23a8c635c FriendlyName: High performance)
// **************************
// Benchmark: Scenario1.S1_ReturnOptionStringErrorWithMessage_EnumerationsOptions: .NET 10.0(Runtime=.NET 10.0, IterationTime=250ms) [Iterations=10]
// *** Execute ***
// Launch: 1 / 1
// Execute: dotnet Enumerations.Options.Benchmarks-1.dll --anonymousPipes 1684 1680 --benchmarkName "ReillyDigital.Enumerations.Options.Benchmarks.Scenarios.Scenario1.S1_ReturnOptionStringErrorWithMessage_EnumerationsOptions(Iterations: 10)" --job ".NET 10.0" --benchmarkId 7 in D:\x\devs\reilly-digital\dotnet\enumerations.options.benchmarks\bin\Debug\net10.0\Enumerations.Options.Benchmarks-1\bin\Release\net10.0
// BeforeAnythingElse

// Benchmark Process Environment Information:
// BenchmarkDotNet v0.15.8
// Runtime=.NET 10.0.3 (10.0.3, 10.0.326.7603), X64 RyuJIT x86-64-v3
// GC=Concurrent Workstation
// HardwareIntrinsics=AVX2+BMI1+BMI2+F16C+FMA+LZCNT+MOVBE,AVX,SSE3+SSSE3+SSE4.1+SSE4.2+POPCNT,X86Base+SSE+SSE2,AES+PCLMUL VectorSize=256
// Job: .NET 10.0(IterationTime=250ms)

OverheadJitting  1: 1 op, 161800.00 ns, 161.8000 us/op
WorkloadJitting  1: 1 op, 1522800.00 ns, 1.5228 ms/op

OverheadJitting  2: 16 op, 195600.00 ns, 12.2250 us/op
WorkloadJitting  2: 16 op, 247300.00 ns, 15.4563 us/op

WorkloadPilot    1: 16 op, 7200.00 ns, 450.0000 ns/op
WorkloadPilot    2: 555568 op, 194535000.00 ns, 350.1552 ns/op
WorkloadPilot    3: 713984 op, 14595100.00 ns, 20.4418 ns/op
WorkloadPilot    4: 12229872 op, 65224100.00 ns, 5.3332 ns/op
WorkloadPilot    5: 46876368 op, 246599800.00 ns, 5.2606 ns/op
WorkloadPilot    6: 47522720 op, 240185000.00 ns, 5.0541 ns/op
WorkloadPilot    7: 49464704 op, 253965100.00 ns, 5.1343 ns/op
WorkloadPilot    8: 48692432 op, 264442600.00 ns, 5.4309 ns/op
WorkloadPilot    9: 46033088 op, 249654800.00 ns, 5.4234 ns/op
WorkloadPilot   10: 46096752 op, 236187600.00 ns, 5.1237 ns/op
WorkloadPilot   11: 48792528 op, 234194500.00 ns, 4.7998 ns/op
WorkloadPilot   12: 52085488 op, 270733600.00 ns, 5.1979 ns/op

OverheadWarmup   1: 52085488 op, 140090000.00 ns, 2.6896 ns/op
OverheadWarmup   2: 52085488 op, 125055700.00 ns, 2.4010 ns/op
OverheadWarmup   3: 52085488 op, 88821800.00 ns, 1.7053 ns/op
OverheadWarmup   4: 52085488 op, 93454500.00 ns, 1.7943 ns/op
OverheadWarmup   5: 52085488 op, 83842300.00 ns, 1.6097 ns/op
OverheadWarmup   6: 52085488 op, 80617700.00 ns, 1.5478 ns/op
OverheadWarmup   7: 52085488 op, 83382900.00 ns, 1.6009 ns/op
OverheadWarmup   8: 52085488 op, 82882500.00 ns, 1.5913 ns/op

OverheadActual   1: 52085488 op, 84694400.00 ns, 1.6261 ns/op
OverheadActual   2: 52085488 op, 94056400.00 ns, 1.8058 ns/op
OverheadActual   3: 52085488 op, 84889300.00 ns, 1.6298 ns/op
OverheadActual   4: 52085488 op, 78841400.00 ns, 1.5137 ns/op
OverheadActual   5: 52085488 op, 78563300.00 ns, 1.5084 ns/op
OverheadActual   6: 52085488 op, 78788800.00 ns, 1.5127 ns/op
OverheadActual   7: 52085488 op, 78693800.00 ns, 1.5109 ns/op
OverheadActual   8: 52085488 op, 84102600.00 ns, 1.6147 ns/op
OverheadActual   9: 52085488 op, 83161100.00 ns, 1.5966 ns/op
OverheadActual  10: 52085488 op, 81516900.00 ns, 1.5651 ns/op
OverheadActual  11: 52085488 op, 81568800.00 ns, 1.5661 ns/op
OverheadActual  12: 52085488 op, 81265400.00 ns, 1.5602 ns/op
OverheadActual  13: 52085488 op, 80840000.00 ns, 1.5521 ns/op
OverheadActual  14: 52085488 op, 80409600.00 ns, 1.5438 ns/op
OverheadActual  15: 52085488 op, 78603300.00 ns, 1.5091 ns/op

WorkloadWarmup   1: 52085488 op, 257010400.00 ns, 4.9344 ns/op
WorkloadWarmup   2: 52085488 op, 264116000.00 ns, 5.0708 ns/op
WorkloadWarmup   3: 52085488 op, 262451300.00 ns, 5.0389 ns/op
WorkloadWarmup   4: 52085488 op, 273255900.00 ns, 5.2463 ns/op
WorkloadWarmup   5: 52085488 op, 284066700.00 ns, 5.4539 ns/op
WorkloadWarmup   6: 52085488 op, 261450400.00 ns, 5.0196 ns/op

// BeforeActualRun
WorkloadActual   1: 52085488 op, 266360100.00 ns, 5.1139 ns/op
WorkloadActual   2: 52085488 op, 257159700.00 ns, 4.9373 ns/op
WorkloadActual   3: 52085488 op, 267099900.00 ns, 5.1281 ns/op
WorkloadActual   4: 52085488 op, 262183500.00 ns, 5.0337 ns/op
WorkloadActual   5: 52085488 op, 259389200.00 ns, 4.9801 ns/op
WorkloadActual   6: 52085488 op, 264591900.00 ns, 5.0800 ns/op
WorkloadActual   7: 52085488 op, 262408000.00 ns, 5.0380 ns/op
WorkloadActual   8: 52085488 op, 284537600.00 ns, 5.4629 ns/op
WorkloadActual   9: 52085488 op, 268851000.00 ns, 5.1617 ns/op
WorkloadActual  10: 52085488 op, 261017900.00 ns, 5.0113 ns/op
WorkloadActual  11: 52085488 op, 271031000.00 ns, 5.2036 ns/op
WorkloadActual  12: 52085488 op, 259860900.00 ns, 4.9891 ns/op
WorkloadActual  13: 52085488 op, 256985400.00 ns, 4.9339 ns/op
WorkloadActual  14: 52085488 op, 259969500.00 ns, 4.9912 ns/op
WorkloadActual  15: 52085488 op, 256430500.00 ns, 4.9233 ns/op

// AfterActualRun
WorkloadResult   1: 52085488 op, 185094700.00 ns, 3.5537 ns/op
WorkloadResult   2: 52085488 op, 175894300.00 ns, 3.3770 ns/op
WorkloadResult   3: 52085488 op, 185834500.00 ns, 3.5679 ns/op
WorkloadResult   4: 52085488 op, 180918100.00 ns, 3.4735 ns/op
WorkloadResult   5: 52085488 op, 178123800.00 ns, 3.4198 ns/op
WorkloadResult   6: 52085488 op, 183326500.00 ns, 3.5197 ns/op
WorkloadResult   7: 52085488 op, 181142600.00 ns, 3.4778 ns/op
WorkloadResult   8: 52085488 op, 187585600.00 ns, 3.6015 ns/op
WorkloadResult   9: 52085488 op, 179752500.00 ns, 3.4511 ns/op
WorkloadResult  10: 52085488 op, 189765600.00 ns, 3.6433 ns/op
WorkloadResult  11: 52085488 op, 178595500.00 ns, 3.4289 ns/op
WorkloadResult  12: 52085488 op, 175720000.00 ns, 3.3737 ns/op
WorkloadResult  13: 52085488 op, 178704100.00 ns, 3.4310 ns/op
WorkloadResult  14: 52085488 op, 175165100.00 ns, 3.3630 ns/op
// GC:  0 0 0 0 52085488
// Threading:  0 0 52085488

// AfterAll
// Benchmark Process 14728 has exited with code 0.

Mean = 3.477 ns, StdErr = 0.024 ns (0.68%), N = 14, StdDev = 0.088 ns
Min = 3.363 ns, Q1 = 3.422 ns, Median = 3.462 ns, Q3 = 3.545 ns, Max = 3.643 ns
IQR = 0.123 ns, LowerFence = 3.237 ns, UpperFence = 3.730 ns
ConfidenceInterval = [3.378 ns; 3.577 ns] (CI 99.9%), Margin = 0.100 ns (2.86% of Mean)
Skewness = 0.39, Kurtosis = 1.78, MValue = 2

// ** Remained 5 (38.5%) benchmark(s) to run. Estimated finish 2026-02-22 17:18 (0h 0m from now) **
Setup power plan (GUID: 8c5e7fda-e8bf-4a96-9a85-a6e23a8c635c FriendlyName: High performance)
// **************************
// Benchmark: Scenario1.S1_ReturnOptionStringNone_EnumerationsOptions: .NET 10.0(Runtime=.NET 10.0, IterationTime=250ms) [Iterations=10]
// *** Execute ***
// Launch: 1 / 1
// Execute: dotnet Enumerations.Options.Benchmarks-1.dll --anonymousPipes 1672 1764 --benchmarkName "ReillyDigital.Enumerations.Options.Benchmarks.Scenarios.Scenario1.S1_ReturnOptionStringNone_EnumerationsOptions(Iterations: 10)" --job ".NET 10.0" --benchmarkId 8 in D:\x\devs\reilly-digital\dotnet\enumerations.options.benchmarks\bin\Debug\net10.0\Enumerations.Options.Benchmarks-1\bin\Release\net10.0
// BeforeAnythingElse

// Benchmark Process Environment Information:
// BenchmarkDotNet v0.15.8
// Runtime=.NET 10.0.3 (10.0.3, 10.0.326.7603), X64 RyuJIT x86-64-v3
// GC=Concurrent Workstation
// HardwareIntrinsics=AVX2+BMI1+BMI2+F16C+FMA+LZCNT+MOVBE,AVX,SSE3+SSSE3+SSE4.1+SSE4.2+POPCNT,X86Base+SSE+SSE2,AES+PCLMUL VectorSize=256
// Job: .NET 10.0(IterationTime=250ms)

OverheadJitting  1: 1 op, 106300.00 ns, 106.3000 us/op
WorkloadJitting  1: 1 op, 1394300.00 ns, 1.3943 ms/op

OverheadJitting  2: 16 op, 161200.00 ns, 10.0750 us/op
WorkloadJitting  2: 16 op, 151200.00 ns, 9.4500 us/op

WorkloadPilot    1: 16 op, 5700.00 ns, 356.2500 ns/op
WorkloadPilot    2: 701760 op, 107268700.00 ns, 152.8567 ns/op
WorkloadPilot    3: 1635520 op, 7223000.00 ns, 4.4163 ns/op
WorkloadPilot    4: 56608064 op, 281659900.00 ns, 4.9756 ns/op
WorkloadPilot    5: 50245056 op, 241914000.00 ns, 4.8147 ns/op
WorkloadPilot    6: 51924512 op, 253727300.00 ns, 4.8865 ns/op
WorkloadPilot    7: 51161744 op, 248044600.00 ns, 4.8482 ns/op
WorkloadPilot    8: 51565072 op, 239933700.00 ns, 4.6530 ns/op
WorkloadPilot    9: 53728464 op, 265741700.00 ns, 4.9460 ns/op

OverheadWarmup   1: 53728464 op, 136694600.00 ns, 2.5442 ns/op
OverheadWarmup   2: 53728464 op, 119340500.00 ns, 2.2212 ns/op
OverheadWarmup   3: 53728464 op, 82588500.00 ns, 1.5371 ns/op
OverheadWarmup   4: 53728464 op, 82282400.00 ns, 1.5314 ns/op
OverheadWarmup   5: 53728464 op, 85233300.00 ns, 1.5864 ns/op
OverheadWarmup   6: 53728464 op, 83154600.00 ns, 1.5477 ns/op
OverheadWarmup   7: 53728464 op, 85051400.00 ns, 1.5830 ns/op
OverheadWarmup   8: 53728464 op, 84500100.00 ns, 1.5727 ns/op

OverheadActual   1: 53728464 op, 84767200.00 ns, 1.5777 ns/op
OverheadActual   2: 53728464 op, 85495100.00 ns, 1.5912 ns/op
OverheadActual   3: 53728464 op, 84608300.00 ns, 1.5747 ns/op
OverheadActual   4: 53728464 op, 87147600.00 ns, 1.6220 ns/op
OverheadActual   5: 53728464 op, 82535900.00 ns, 1.5362 ns/op
OverheadActual   6: 53728464 op, 83573700.00 ns, 1.5555 ns/op
OverheadActual   7: 53728464 op, 82993400.00 ns, 1.5447 ns/op
OverheadActual   8: 53728464 op, 83946000.00 ns, 1.5624 ns/op
OverheadActual   9: 53728464 op, 82902300.00 ns, 1.5430 ns/op
OverheadActual  10: 53728464 op, 81522000.00 ns, 1.5173 ns/op
OverheadActual  11: 53728464 op, 82168600.00 ns, 1.5293 ns/op
OverheadActual  12: 53728464 op, 84467900.00 ns, 1.5721 ns/op
OverheadActual  13: 53728464 op, 82629100.00 ns, 1.5379 ns/op
OverheadActual  14: 53728464 op, 82348800.00 ns, 1.5327 ns/op
OverheadActual  15: 53728464 op, 83968100.00 ns, 1.5628 ns/op

WorkloadWarmup   1: 53728464 op, 250953000.00 ns, 4.6708 ns/op
WorkloadWarmup   2: 53728464 op, 249521400.00 ns, 4.6441 ns/op
WorkloadWarmup   3: 53728464 op, 268826400.00 ns, 5.0034 ns/op
WorkloadWarmup   4: 53728464 op, 263330200.00 ns, 4.9011 ns/op
WorkloadWarmup   5: 53728464 op, 266513900.00 ns, 4.9604 ns/op
WorkloadWarmup   6: 53728464 op, 254722800.00 ns, 4.7409 ns/op

// BeforeActualRun
WorkloadActual   1: 53728464 op, 256548700.00 ns, 4.7749 ns/op
WorkloadActual   2: 53728464 op, 247263100.00 ns, 4.6021 ns/op
WorkloadActual   3: 53728464 op, 262475000.00 ns, 4.8852 ns/op
WorkloadActual   4: 53728464 op, 264761800.00 ns, 4.9278 ns/op
WorkloadActual   5: 53728464 op, 253821100.00 ns, 4.7241 ns/op
WorkloadActual   6: 53728464 op, 249352900.00 ns, 4.6410 ns/op
WorkloadActual   7: 53728464 op, 252572700.00 ns, 4.7009 ns/op
WorkloadActual   8: 53728464 op, 253303700.00 ns, 4.7145 ns/op
WorkloadActual   9: 53728464 op, 258398800.00 ns, 4.8093 ns/op
WorkloadActual  10: 53728464 op, 251703700.00 ns, 4.6847 ns/op
WorkloadActual  11: 53728464 op, 263532200.00 ns, 4.9049 ns/op
WorkloadActual  12: 53728464 op, 249959800.00 ns, 4.6523 ns/op
WorkloadActual  13: 53728464 op, 246511000.00 ns, 4.5881 ns/op
WorkloadActual  14: 53728464 op, 257758100.00 ns, 4.7974 ns/op
WorkloadActual  15: 53728464 op, 271566300.00 ns, 5.0544 ns/op
WorkloadActual  16: 53728464 op, 272736000.00 ns, 5.0762 ns/op
WorkloadActual  17: 53728464 op, 265447100.00 ns, 4.9405 ns/op
WorkloadActual  18: 53728464 op, 279230600.00 ns, 5.1971 ns/op
WorkloadActual  19: 53728464 op, 260586200.00 ns, 4.8501 ns/op
WorkloadActual  20: 53728464 op, 260323400.00 ns, 4.8452 ns/op
WorkloadActual  21: 53728464 op, 249329900.00 ns, 4.6406 ns/op
WorkloadActual  22: 53728464 op, 259513900.00 ns, 4.8301 ns/op
WorkloadActual  23: 53728464 op, 260883000.00 ns, 4.8556 ns/op
WorkloadActual  24: 53728464 op, 266237600.00 ns, 4.9552 ns/op
WorkloadActual  25: 53728464 op, 256487800.00 ns, 4.7738 ns/op
WorkloadActual  26: 53728464 op, 246897000.00 ns, 4.5953 ns/op
WorkloadActual  27: 53728464 op, 272594500.00 ns, 5.0736 ns/op
WorkloadActual  28: 53728464 op, 259956400.00 ns, 4.8383 ns/op
WorkloadActual  29: 53728464 op, 255919200.00 ns, 4.7632 ns/op
WorkloadActual  30: 53728464 op, 286549600.00 ns, 5.3333 ns/op
WorkloadActual  31: 53728464 op, 259504000.00 ns, 4.8299 ns/op
WorkloadActual  32: 53728464 op, 259113800.00 ns, 4.8227 ns/op
WorkloadActual  33: 53728464 op, 269631300.00 ns, 5.0184 ns/op
WorkloadActual  34: 53728464 op, 260508300.00 ns, 4.8486 ns/op

// AfterActualRun
WorkloadResult   1: 53728464 op, 172975000.00 ns, 3.2194 ns/op
WorkloadResult   2: 53728464 op, 163689400.00 ns, 3.0466 ns/op
WorkloadResult   3: 53728464 op, 178901300.00 ns, 3.3297 ns/op
WorkloadResult   4: 53728464 op, 181188100.00 ns, 3.3723 ns/op
WorkloadResult   5: 53728464 op, 170247400.00 ns, 3.1687 ns/op
WorkloadResult   6: 53728464 op, 165779200.00 ns, 3.0855 ns/op
WorkloadResult   7: 53728464 op, 168999000.00 ns, 3.1454 ns/op
WorkloadResult   8: 53728464 op, 169730000.00 ns, 3.1590 ns/op
WorkloadResult   9: 53728464 op, 174825100.00 ns, 3.2539 ns/op
WorkloadResult  10: 53728464 op, 168130000.00 ns, 3.1293 ns/op
WorkloadResult  11: 53728464 op, 179958500.00 ns, 3.3494 ns/op
WorkloadResult  12: 53728464 op, 166386100.00 ns, 3.0968 ns/op
WorkloadResult  13: 53728464 op, 162937300.00 ns, 3.0326 ns/op
WorkloadResult  14: 53728464 op, 174184400.00 ns, 3.2419 ns/op
WorkloadResult  15: 53728464 op, 187992600.00 ns, 3.4989 ns/op
WorkloadResult  16: 53728464 op, 189162300.00 ns, 3.5207 ns/op
WorkloadResult  17: 53728464 op, 181873400.00 ns, 3.3850 ns/op
WorkloadResult  18: 53728464 op, 195656900.00 ns, 3.6416 ns/op
WorkloadResult  19: 53728464 op, 177012500.00 ns, 3.2946 ns/op
WorkloadResult  20: 53728464 op, 176749700.00 ns, 3.2897 ns/op
WorkloadResult  21: 53728464 op, 165756200.00 ns, 3.0851 ns/op
WorkloadResult  22: 53728464 op, 175940200.00 ns, 3.2746 ns/op
WorkloadResult  23: 53728464 op, 177309300.00 ns, 3.3001 ns/op
WorkloadResult  24: 53728464 op, 182663900.00 ns, 3.3998 ns/op
WorkloadResult  25: 53728464 op, 172914100.00 ns, 3.2183 ns/op
WorkloadResult  26: 53728464 op, 163323300.00 ns, 3.0398 ns/op
WorkloadResult  27: 53728464 op, 189020800.00 ns, 3.5181 ns/op
WorkloadResult  28: 53728464 op, 176382700.00 ns, 3.2829 ns/op
WorkloadResult  29: 53728464 op, 172345500.00 ns, 3.2077 ns/op
WorkloadResult  30: 53728464 op, 175930300.00 ns, 3.2744 ns/op
WorkloadResult  31: 53728464 op, 175540100.00 ns, 3.2672 ns/op
WorkloadResult  32: 53728464 op, 186057600.00 ns, 3.4629 ns/op
WorkloadResult  33: 53728464 op, 176934600.00 ns, 3.2931 ns/op
// GC:  0 0 0 0 53728464
// Threading:  0 0 53728464

// AfterAll
// Benchmark Process 5800 has exited with code 0.

Mean = 3.269 ns, StdErr = 0.026 ns (0.80%), N = 33, StdDev = 0.151 ns
Min = 3.033 ns, Q1 = 3.159 ns, Median = 3.274 ns, Q3 = 3.349 ns, Max = 3.642 ns
IQR = 0.190 ns, LowerFence = 2.873 ns, UpperFence = 3.635 ns
ConfidenceInterval = [3.174 ns; 3.365 ns] (CI 99.9%), Margin = 0.095 ns (2.91% of Mean)
Skewness = 0.41, Kurtosis = 2.58, MValue = 2

// ** Remained 4 (30.8%) benchmark(s) to run. Estimated finish 2026-02-22 17:19 (0h 0m from now) **
Setup power plan (GUID: 8c5e7fda-e8bf-4a96-9a85-a6e23a8c635c FriendlyName: High performance)
// **************************
// Benchmark: Scenario1.S1_ReturnOptionStringSuccess_EnumerationsOptions: .NET 10.0(Runtime=.NET 10.0, IterationTime=250ms) [Iterations=10]
// *** Execute ***
// Launch: 1 / 1
// Execute: dotnet Enumerations.Options.Benchmarks-1.dll --anonymousPipes 1784 1780 --benchmarkName "ReillyDigital.Enumerations.Options.Benchmarks.Scenarios.Scenario1.S1_ReturnOptionStringSuccess_EnumerationsOptions(Iterations: 10)" --job ".NET 10.0" --benchmarkId 9 in D:\x\devs\reilly-digital\dotnet\enumerations.options.benchmarks\bin\Debug\net10.0\Enumerations.Options.Benchmarks-1\bin\Release\net10.0
// BeforeAnythingElse

// Benchmark Process Environment Information:
// BenchmarkDotNet v0.15.8
// Runtime=.NET 10.0.3 (10.0.3, 10.0.326.7603), X64 RyuJIT x86-64-v3
// GC=Concurrent Workstation
// HardwareIntrinsics=AVX2+BMI1+BMI2+F16C+FMA+LZCNT+MOVBE,AVX,SSE3+SSSE3+SSE4.1+SSE4.2+POPCNT,X86Base+SSE+SSE2,AES+PCLMUL VectorSize=256
// Job: .NET 10.0(IterationTime=250ms)

OverheadJitting  1: 1 op, 109600.00 ns, 109.6000 us/op
WorkloadJitting  1: 1 op, 1352400.00 ns, 1.3524 ms/op

OverheadJitting  2: 16 op, 163900.00 ns, 10.2438 us/op
WorkloadJitting  2: 16 op, 282800.00 ns, 17.6750 us/op

WorkloadPilot    1: 16 op, 5900.00 ns, 368.7500 ns/op
WorkloadPilot    2: 677968 op, 128864800.00 ns, 190.0750 ns/op
WorkloadPilot    3: 1315280 op, 6535700.00 ns, 4.9691 ns/op
WorkloadPilot    4: 50311376 op, 236367000.00 ns, 4.6981 ns/op
WorkloadPilot    5: 53213200 op, 254322200.00 ns, 4.7793 ns/op
WorkloadPilot    6: 52308848 op, 246804500.00 ns, 4.7182 ns/op
WorkloadPilot    7: 52986128 op, 256747200.00 ns, 4.8456 ns/op
WorkloadPilot    8: 51593680 op, 241467900.00 ns, 4.6802 ns/op
WorkloadPilot    9: 53416720 op, 249026700.00 ns, 4.6620 ns/op
WorkloadPilot   10: 53625504 op, 256206700.00 ns, 4.7777 ns/op

OverheadWarmup   1: 53625504 op, 135466900.00 ns, 2.5262 ns/op
OverheadWarmup   2: 53625504 op, 109440700.00 ns, 2.0408 ns/op
OverheadWarmup   3: 53625504 op, 83913000.00 ns, 1.5648 ns/op
OverheadWarmup   4: 53625504 op, 82093400.00 ns, 1.5309 ns/op
OverheadWarmup   5: 53625504 op, 80512000.00 ns, 1.5014 ns/op
OverheadWarmup   6: 53625504 op, 80804600.00 ns, 1.5068 ns/op
OverheadWarmup   7: 53625504 op, 80954500.00 ns, 1.5096 ns/op
OverheadWarmup   8: 53625504 op, 80511500.00 ns, 1.5014 ns/op
OverheadWarmup   9: 53625504 op, 80645600.00 ns, 1.5039 ns/op
OverheadWarmup  10: 53625504 op, 80281300.00 ns, 1.4971 ns/op

OverheadActual   1: 53625504 op, 84446000.00 ns, 1.5747 ns/op
OverheadActual   2: 53625504 op, 88925400.00 ns, 1.6583 ns/op
OverheadActual   3: 53625504 op, 88256000.00 ns, 1.6458 ns/op
OverheadActual   4: 53625504 op, 81703600.00 ns, 1.5236 ns/op
OverheadActual   5: 53625504 op, 81928800.00 ns, 1.5278 ns/op
OverheadActual   6: 53625504 op, 80438400.00 ns, 1.5000 ns/op
OverheadActual   7: 53625504 op, 80764100.00 ns, 1.5061 ns/op
OverheadActual   8: 53625504 op, 80146900.00 ns, 1.4946 ns/op
OverheadActual   9: 53625504 op, 79894900.00 ns, 1.4899 ns/op
OverheadActual  10: 53625504 op, 80964800.00 ns, 1.5098 ns/op
OverheadActual  11: 53625504 op, 80861400.00 ns, 1.5079 ns/op
OverheadActual  12: 53625504 op, 79928700.00 ns, 1.4905 ns/op
OverheadActual  13: 53625504 op, 79914600.00 ns, 1.4902 ns/op
OverheadActual  14: 53625504 op, 81304400.00 ns, 1.5162 ns/op
OverheadActual  15: 53625504 op, 82068700.00 ns, 1.5304 ns/op

WorkloadWarmup   1: 53625504 op, 255034800.00 ns, 4.7558 ns/op
WorkloadWarmup   2: 53625504 op, 248010300.00 ns, 4.6249 ns/op
WorkloadWarmup   3: 53625504 op, 252316500.00 ns, 4.7052 ns/op
WorkloadWarmup   4: 53625504 op, 248892700.00 ns, 4.6413 ns/op
WorkloadWarmup   5: 53625504 op, 244828600.00 ns, 4.5655 ns/op
WorkloadWarmup   6: 53625504 op, 257318900.00 ns, 4.7984 ns/op
WorkloadWarmup   7: 53625504 op, 253752200.00 ns, 4.7319 ns/op

// BeforeActualRun
WorkloadActual   1: 53625504 op, 257902700.00 ns, 4.8093 ns/op
WorkloadActual   2: 53625504 op, 248787400.00 ns, 4.6393 ns/op
WorkloadActual   3: 53625504 op, 255476200.00 ns, 4.7641 ns/op
WorkloadActual   4: 53625504 op, 257914200.00 ns, 4.8095 ns/op
WorkloadActual   5: 53625504 op, 246104700.00 ns, 4.5893 ns/op
WorkloadActual   6: 53625504 op, 254567900.00 ns, 4.7471 ns/op
WorkloadActual   7: 53625504 op, 252589300.00 ns, 4.7102 ns/op
WorkloadActual   8: 53625504 op, 252657300.00 ns, 4.7115 ns/op
WorkloadActual   9: 53625504 op, 262394600.00 ns, 4.8931 ns/op
WorkloadActual  10: 53625504 op, 257375600.00 ns, 4.7995 ns/op
WorkloadActual  11: 53625504 op, 258933200.00 ns, 4.8285 ns/op
WorkloadActual  12: 53625504 op, 253170700.00 ns, 4.7211 ns/op
WorkloadActual  13: 53625504 op, 256606300.00 ns, 4.7852 ns/op
WorkloadActual  14: 53625504 op, 248585000.00 ns, 4.6356 ns/op
WorkloadActual  15: 53625504 op, 250044000.00 ns, 4.6628 ns/op

// AfterActualRun
WorkloadResult   1: 53625504 op, 176937900.00 ns, 3.2995 ns/op
WorkloadResult   2: 53625504 op, 167822600.00 ns, 3.1295 ns/op
WorkloadResult   3: 53625504 op, 174511400.00 ns, 3.2543 ns/op
WorkloadResult   4: 53625504 op, 176949400.00 ns, 3.2997 ns/op
WorkloadResult   5: 53625504 op, 165139900.00 ns, 3.0795 ns/op
WorkloadResult   6: 53625504 op, 173603100.00 ns, 3.2373 ns/op
WorkloadResult   7: 53625504 op, 171624500.00 ns, 3.2004 ns/op
WorkloadResult   8: 53625504 op, 171692500.00 ns, 3.2017 ns/op
WorkloadResult   9: 53625504 op, 181429800.00 ns, 3.3833 ns/op
WorkloadResult  10: 53625504 op, 176410800.00 ns, 3.2897 ns/op
WorkloadResult  11: 53625504 op, 177968400.00 ns, 3.3187 ns/op
WorkloadResult  12: 53625504 op, 172205900.00 ns, 3.2113 ns/op
WorkloadResult  13: 53625504 op, 175641500.00 ns, 3.2753 ns/op
WorkloadResult  14: 53625504 op, 167620200.00 ns, 3.1258 ns/op
WorkloadResult  15: 53625504 op, 169079200.00 ns, 3.1530 ns/op
// GC:  0 0 0 0 53625504
// Threading:  0 0 53625504

// AfterAll
// Benchmark Process 10312 has exited with code 0.

Mean = 3.231 ns, StdErr = 0.022 ns (0.67%), N = 15, StdDev = 0.084 ns
Min = 3.080 ns, Q1 = 3.177 ns, Median = 3.237 ns, Q3 = 3.295 ns, Max = 3.383 ns
IQR = 0.118 ns, LowerFence = 3.000 ns, UpperFence = 3.471 ns
ConfidenceInterval = [3.141 ns; 3.320 ns] (CI 99.9%), Margin = 0.090 ns (2.78% of Mean)
Skewness = -0.11, Kurtosis = 1.94, MValue = 2

// ** Remained 3 (23.1%) benchmark(s) to run. Estimated finish 2026-02-22 17:19 (0h 0m from now) **
Setup power plan (GUID: 8c5e7fda-e8bf-4a96-9a85-a6e23a8c635c FriendlyName: High performance)
// **************************
// Benchmark: Scenario1.S1_ReturnVoidErrorNoMessage_EnumerationsOptions: .NET 10.0(Runtime=.NET 10.0, IterationTime=250ms) [Iterations=10]
// *** Execute ***
// Launch: 1 / 1
// Execute: dotnet Enumerations.Options.Benchmarks-1.dll --anonymousPipes 1824 1768 --benchmarkName "ReillyDigital.Enumerations.Options.Benchmarks.Scenarios.Scenario1.S1_ReturnVoidErrorNoMessage_EnumerationsOptions(Iterations: 10)" --job ".NET 10.0" --benchmarkId 10 in D:\x\devs\reilly-digital\dotnet\enumerations.options.benchmarks\bin\Debug\net10.0\Enumerations.Options.Benchmarks-1\bin\Release\net10.0
// BeforeAnythingElse

// Benchmark Process Environment Information:
// BenchmarkDotNet v0.15.8
// Runtime=.NET 10.0.3 (10.0.3, 10.0.326.7603), X64 RyuJIT x86-64-v3
// GC=Concurrent Workstation
// HardwareIntrinsics=AVX2+BMI1+BMI2+F16C+FMA+LZCNT+MOVBE,AVX,SSE3+SSSE3+SSE4.1+SSE4.2+POPCNT,X86Base+SSE+SSE2,AES+PCLMUL VectorSize=256
// Job: .NET 10.0(IterationTime=250ms)

OverheadJitting  1: 1 op, 137500.00 ns, 137.5000 us/op
WorkloadJitting  1: 1 op, 1931400.00 ns, 1.9314 ms/op

OverheadJitting  2: 16 op, 180400.00 ns, 11.2750 us/op
WorkloadJitting  2: 16 op, 161900.00 ns, 10.1188 us/op

WorkloadPilot    1: 16 op, 5700.00 ns, 356.2500 ns/op
WorkloadPilot    2: 701760 op, 115644800.00 ns, 164.7925 ns/op
WorkloadPilot    3: 1517072 op, 6769000.00 ns, 4.4619 ns/op
WorkloadPilot    4: 56030144 op, 260071300.00 ns, 4.6416 ns/op
WorkloadPilot    5: 53860368 op, 244438500.00 ns, 4.5384 ns/op
WorkloadPilot    6: 55085808 op, 248408900.00 ns, 4.5095 ns/op
WorkloadPilot    7: 55438656 op, 239773300.00 ns, 4.3250 ns/op
WorkloadPilot    8: 57803200 op, 254210000.00 ns, 4.3979 ns/op
WorkloadPilot    9: 56845920 op, 243438500.00 ns, 4.2824 ns/op
WorkloadPilot   10: 58378112 op, 251882400.00 ns, 4.3147 ns/op

OverheadWarmup   1: 58378112 op, 160413100.00 ns, 2.7478 ns/op
OverheadWarmup   2: 58378112 op, 107132700.00 ns, 1.8352 ns/op
OverheadWarmup   3: 58378112 op, 88517700.00 ns, 1.5163 ns/op
OverheadWarmup   4: 58378112 op, 90943500.00 ns, 1.5578 ns/op
OverheadWarmup   5: 58378112 op, 89425900.00 ns, 1.5318 ns/op
OverheadWarmup   6: 58378112 op, 89480800.00 ns, 1.5328 ns/op
OverheadWarmup   7: 58378112 op, 90534200.00 ns, 1.5508 ns/op
OverheadWarmup   8: 58378112 op, 89444900.00 ns, 1.5322 ns/op

OverheadActual   1: 58378112 op, 90252100.00 ns, 1.5460 ns/op
OverheadActual   2: 58378112 op, 89984200.00 ns, 1.5414 ns/op
OverheadActual   3: 58378112 op, 89937600.00 ns, 1.5406 ns/op
OverheadActual   4: 58378112 op, 89112700.00 ns, 1.5265 ns/op
OverheadActual   5: 58378112 op, 88113800.00 ns, 1.5094 ns/op
OverheadActual   6: 58378112 op, 87810800.00 ns, 1.5042 ns/op
OverheadActual   7: 58378112 op, 87878200.00 ns, 1.5053 ns/op
OverheadActual   8: 58378112 op, 90866800.00 ns, 1.5565 ns/op
OverheadActual   9: 58378112 op, 93231100.00 ns, 1.5970 ns/op
OverheadActual  10: 58378112 op, 89517500.00 ns, 1.5334 ns/op
OverheadActual  11: 58378112 op, 89070300.00 ns, 1.5257 ns/op
OverheadActual  12: 58378112 op, 88418800.00 ns, 1.5146 ns/op
OverheadActual  13: 58378112 op, 89599200.00 ns, 1.5348 ns/op
OverheadActual  14: 58378112 op, 91479600.00 ns, 1.5670 ns/op
OverheadActual  15: 58378112 op, 91249000.00 ns, 1.5631 ns/op

WorkloadWarmup   1: 58378112 op, 262718600.00 ns, 4.5003 ns/op
WorkloadWarmup   2: 58378112 op, 260628700.00 ns, 4.4645 ns/op
WorkloadWarmup   3: 58378112 op, 245692600.00 ns, 4.2086 ns/op
WorkloadWarmup   4: 58378112 op, 259078000.00 ns, 4.4379 ns/op
WorkloadWarmup   5: 58378112 op, 246983100.00 ns, 4.2307 ns/op
WorkloadWarmup   6: 58378112 op, 259425400.00 ns, 4.4439 ns/op
WorkloadWarmup   7: 58378112 op, 267394500.00 ns, 4.5804 ns/op
WorkloadWarmup   8: 58378112 op, 264210900.00 ns, 4.5259 ns/op

// BeforeActualRun
WorkloadActual   1: 58378112 op, 248356000.00 ns, 4.2543 ns/op
WorkloadActual   2: 58378112 op, 251528000.00 ns, 4.3086 ns/op
WorkloadActual   3: 58378112 op, 253852100.00 ns, 4.3484 ns/op
WorkloadActual   4: 58378112 op, 251035600.00 ns, 4.3002 ns/op
WorkloadActual   5: 58378112 op, 253812000.00 ns, 4.3477 ns/op
WorkloadActual   6: 58378112 op, 247401600.00 ns, 4.2379 ns/op
WorkloadActual   7: 58378112 op, 248717700.00 ns, 4.2605 ns/op
WorkloadActual   8: 58378112 op, 257761700.00 ns, 4.4154 ns/op
WorkloadActual   9: 58378112 op, 252261400.00 ns, 4.3212 ns/op
WorkloadActual  10: 58378112 op, 249140700.00 ns, 4.2677 ns/op
WorkloadActual  11: 58378112 op, 243161300.00 ns, 4.1653 ns/op
WorkloadActual  12: 58378112 op, 249276700.00 ns, 4.2700 ns/op
WorkloadActual  13: 58378112 op, 258869700.00 ns, 4.4344 ns/op
WorkloadActual  14: 58378112 op, 259127500.00 ns, 4.4388 ns/op
WorkloadActual  15: 58378112 op, 261706800.00 ns, 4.4830 ns/op
WorkloadActual  16: 58378112 op, 251922100.00 ns, 4.3154 ns/op
WorkloadActual  17: 58378112 op, 268670700.00 ns, 4.6023 ns/op
WorkloadActual  18: 58378112 op, 247632600.00 ns, 4.2419 ns/op
WorkloadActual  19: 58378112 op, 244820100.00 ns, 4.1937 ns/op

// AfterActualRun
WorkloadResult   1: 58378112 op, 158756800.00 ns, 2.7195 ns/op
WorkloadResult   2: 58378112 op, 161928800.00 ns, 2.7738 ns/op
WorkloadResult   3: 58378112 op, 164252900.00 ns, 2.8136 ns/op
WorkloadResult   4: 58378112 op, 161436400.00 ns, 2.7654 ns/op
WorkloadResult   5: 58378112 op, 164212800.00 ns, 2.8129 ns/op
WorkloadResult   6: 58378112 op, 157802400.00 ns, 2.7031 ns/op
WorkloadResult   7: 58378112 op, 159118500.00 ns, 2.7257 ns/op
WorkloadResult   8: 58378112 op, 168162500.00 ns, 2.8806 ns/op
WorkloadResult   9: 58378112 op, 162662200.00 ns, 2.7864 ns/op
WorkloadResult  10: 58378112 op, 159541500.00 ns, 2.7329 ns/op
WorkloadResult  11: 58378112 op, 153562100.00 ns, 2.6305 ns/op
WorkloadResult  12: 58378112 op, 159677500.00 ns, 2.7352 ns/op
WorkloadResult  13: 58378112 op, 169270500.00 ns, 2.8996 ns/op
WorkloadResult  14: 58378112 op, 169528300.00 ns, 2.9040 ns/op
WorkloadResult  15: 58378112 op, 172107600.00 ns, 2.9482 ns/op
WorkloadResult  16: 58378112 op, 162322900.00 ns, 2.7805 ns/op
WorkloadResult  17: 58378112 op, 158033400.00 ns, 2.7071 ns/op
WorkloadResult  18: 58378112 op, 155220900.00 ns, 2.6589 ns/op
// GC:  0 0 0 0 58378112
// Threading:  0 0 58378112

// AfterAll
// Benchmark Process 16748 has exited with code 0.

Mean = 2.777 ns, StdErr = 0.021 ns (0.74%), N = 18, StdDev = 0.087 ns
Min = 2.630 ns, Q1 = 2.721 ns, Median = 2.770 ns, Q3 = 2.813 ns, Max = 2.948 ns
IQR = 0.092 ns, LowerFence = 2.582 ns, UpperFence = 2.952 ns
ConfidenceInterval = [2.695 ns; 2.858 ns] (CI 99.9%), Margin = 0.082 ns (2.94% of Mean)
Skewness = 0.36, Kurtosis = 2.11, MValue = 2.4

// ** Remained 2 (15.4%) benchmark(s) to run. Estimated finish 2026-02-22 17:19 (0h 0m from now) **
Setup power plan (GUID: 8c5e7fda-e8bf-4a96-9a85-a6e23a8c635c FriendlyName: High performance)
// **************************
// Benchmark: Scenario1.S1_ReturnVoidErrorWithMessage_EnumerationsOptions: .NET 10.0(Runtime=.NET 10.0, IterationTime=250ms) [Iterations=10]
// *** Execute ***
// Launch: 1 / 1
// Execute: dotnet Enumerations.Options.Benchmarks-1.dll --anonymousPipes 1664 1716 --benchmarkName "ReillyDigital.Enumerations.Options.Benchmarks.Scenarios.Scenario1.S1_ReturnVoidErrorWithMessage_EnumerationsOptions(Iterations: 10)" --job ".NET 10.0" --benchmarkId 11 in D:\x\devs\reilly-digital\dotnet\enumerations.options.benchmarks\bin\Debug\net10.0\Enumerations.Options.Benchmarks-1\bin\Release\net10.0
// BeforeAnythingElse

// Benchmark Process Environment Information:
// BenchmarkDotNet v0.15.8
// Runtime=.NET 10.0.3 (10.0.3, 10.0.326.7603), X64 RyuJIT x86-64-v3
// GC=Concurrent Workstation
// HardwareIntrinsics=AVX2+BMI1+BMI2+F16C+FMA+LZCNT+MOVBE,AVX,SSE3+SSSE3+SSE4.1+SSE4.2+POPCNT,X86Base+SSE+SSE2,AES+PCLMUL VectorSize=256
// Job: .NET 10.0(IterationTime=250ms)

OverheadJitting  1: 1 op, 107400.00 ns, 107.4000 us/op
WorkloadJitting  1: 1 op, 1593400.00 ns, 1.5934 ms/op

OverheadJitting  2: 16 op, 248900.00 ns, 15.5563 us/op
WorkloadJitting  2: 16 op, 196600.00 ns, 12.2875 us/op

WorkloadPilot    1: 16 op, 7200.00 ns, 450.0000 ns/op
WorkloadPilot    2: 555568 op, 113650300.00 ns, 204.5660 ns/op
WorkloadPilot    3: 1222112 op, 5445200.00 ns, 4.4556 ns/op
WorkloadPilot    4: 56109616 op, 267090000.00 ns, 4.7601 ns/op
WorkloadPilot    5: 52519392 op, 248562100.00 ns, 4.7328 ns/op
WorkloadPilot    6: 52823216 op, 250305300.00 ns, 4.7385 ns/op
WorkloadPilot    7: 52758800 op, 251243800.00 ns, 4.7621 ns/op

OverheadWarmup   1: 52758800 op, 145542300.00 ns, 2.7586 ns/op
OverheadWarmup   2: 52758800 op, 110510800.00 ns, 2.0946 ns/op
OverheadWarmup   3: 52758800 op, 79484500.00 ns, 1.5066 ns/op
OverheadWarmup   4: 52758800 op, 79482800.00 ns, 1.5065 ns/op
OverheadWarmup   5: 52758800 op, 79049500.00 ns, 1.4983 ns/op
OverheadWarmup   6: 52758800 op, 78658100.00 ns, 1.4909 ns/op
OverheadWarmup   7: 52758800 op, 78872300.00 ns, 1.4950 ns/op
OverheadWarmup   8: 52758800 op, 81405000.00 ns, 1.5430 ns/op
OverheadWarmup   9: 52758800 op, 80490500.00 ns, 1.5256 ns/op
OverheadWarmup  10: 52758800 op, 79989100.00 ns, 1.5161 ns/op

OverheadActual   1: 52758800 op, 79017400.00 ns, 1.4977 ns/op
OverheadActual   2: 52758800 op, 79170600.00 ns, 1.5006 ns/op
OverheadActual   3: 52758800 op, 79073000.00 ns, 1.4988 ns/op
OverheadActual   4: 52758800 op, 78698000.00 ns, 1.4917 ns/op
OverheadActual   5: 52758800 op, 79416200.00 ns, 1.5053 ns/op
OverheadActual   6: 52758800 op, 80265600.00 ns, 1.5214 ns/op
OverheadActual   7: 52758800 op, 84176400.00 ns, 1.5955 ns/op
OverheadActual   8: 52758800 op, 83748000.00 ns, 1.5874 ns/op
OverheadActual   9: 52758800 op, 82421800.00 ns, 1.5622 ns/op
OverheadActual  10: 52758800 op, 79277500.00 ns, 1.5026 ns/op
OverheadActual  11: 52758800 op, 79375700.00 ns, 1.5045 ns/op
OverheadActual  12: 52758800 op, 80218900.00 ns, 1.5205 ns/op
OverheadActual  13: 52758800 op, 85264200.00 ns, 1.6161 ns/op
OverheadActual  14: 52758800 op, 80021900.00 ns, 1.5167 ns/op
OverheadActual  15: 52758800 op, 80711700.00 ns, 1.5298 ns/op

WorkloadWarmup   1: 52758800 op, 253943200.00 ns, 4.8133 ns/op
WorkloadWarmup   2: 52758800 op, 251286300.00 ns, 4.7629 ns/op
WorkloadWarmup   3: 52758800 op, 252460100.00 ns, 4.7852 ns/op
WorkloadWarmup   4: 52758800 op, 252654300.00 ns, 4.7889 ns/op
WorkloadWarmup   5: 52758800 op, 251375100.00 ns, 4.7646 ns/op
WorkloadWarmup   6: 52758800 op, 266932400.00 ns, 5.0595 ns/op
WorkloadWarmup   7: 52758800 op, 257652400.00 ns, 4.8836 ns/op

// BeforeActualRun
WorkloadActual   1: 52758800 op, 254206500.00 ns, 4.8183 ns/op
WorkloadActual   2: 52758800 op, 253407200.00 ns, 4.8031 ns/op
WorkloadActual   3: 52758800 op, 250172800.00 ns, 4.7418 ns/op
WorkloadActual   4: 52758800 op, 274705400.00 ns, 5.2068 ns/op
WorkloadActual   5: 52758800 op, 290264400.00 ns, 5.5017 ns/op
WorkloadActual   6: 52758800 op, 263193200.00 ns, 4.9886 ns/op
WorkloadActual   7: 52758800 op, 254353600.00 ns, 4.8211 ns/op
WorkloadActual   8: 52758800 op, 258115000.00 ns, 4.8924 ns/op
WorkloadActual   9: 52758800 op, 253932200.00 ns, 4.8131 ns/op
WorkloadActual  10: 52758800 op, 254194900.00 ns, 4.8181 ns/op
WorkloadActual  11: 52758800 op, 253553600.00 ns, 4.8059 ns/op
WorkloadActual  12: 52758800 op, 250113800.00 ns, 4.7407 ns/op
WorkloadActual  13: 52758800 op, 250625700.00 ns, 4.7504 ns/op
WorkloadActual  14: 52758800 op, 250008700.00 ns, 4.7387 ns/op
WorkloadActual  15: 52758800 op, 269329900.00 ns, 5.1049 ns/op
WorkloadActual  16: 52758800 op, 251694200.00 ns, 4.7707 ns/op
WorkloadActual  17: 52758800 op, 252220000.00 ns, 4.7806 ns/op

// AfterActualRun
WorkloadResult   1: 52758800 op, 174184600.00 ns, 3.3015 ns/op
WorkloadResult   2: 52758800 op, 173385300.00 ns, 3.2864 ns/op
WorkloadResult   3: 52758800 op, 170150900.00 ns, 3.2251 ns/op
WorkloadResult   4: 52758800 op, 183171300.00 ns, 3.4719 ns/op
WorkloadResult   5: 52758800 op, 174331700.00 ns, 3.3043 ns/op
WorkloadResult   6: 52758800 op, 178093100.00 ns, 3.3756 ns/op
WorkloadResult   7: 52758800 op, 173910300.00 ns, 3.2963 ns/op
WorkloadResult   8: 52758800 op, 174173000.00 ns, 3.3013 ns/op
WorkloadResult   9: 52758800 op, 173531700.00 ns, 3.2892 ns/op
WorkloadResult  10: 52758800 op, 170091900.00 ns, 3.2240 ns/op
WorkloadResult  11: 52758800 op, 170603800.00 ns, 3.2337 ns/op
WorkloadResult  12: 52758800 op, 169986800.00 ns, 3.2220 ns/op
WorkloadResult  13: 52758800 op, 171672300.00 ns, 3.2539 ns/op
WorkloadResult  14: 52758800 op, 172198100.00 ns, 3.2639 ns/op
// GC:  0 0 0 0 52758800
// Threading:  0 0 52758800

// AfterAll
// Benchmark Process 13932 has exited with code 0.

Mean = 3.289 ns, StdErr = 0.018 ns (0.55%), N = 14, StdDev = 0.068 ns
Min = 3.222 ns, Q1 = 3.239 ns, Median = 3.288 ns, Q3 = 3.301 ns, Max = 3.472 ns
IQR = 0.063 ns, LowerFence = 3.145 ns, UpperFence = 3.396 ns
ConfidenceInterval = [3.213 ns; 3.365 ns] (CI 99.9%), Margin = 0.076 ns (2.32% of Mean)
Skewness = 1.31, Kurtosis = 4.25, MValue = 2

// ** Remained 1 (7.7%) benchmark(s) to run. Estimated finish 2026-02-22 17:19 (0h 0m from now) **
Setup power plan (GUID: 8c5e7fda-e8bf-4a96-9a85-a6e23a8c635c FriendlyName: High performance)
// **************************
// Benchmark: Scenario1.S1_ReturnVoidSuccess_EnumerationsOptions: .NET 10.0(Runtime=.NET 10.0, IterationTime=250ms) [Iterations=10]
// *** Execute ***
// Launch: 1 / 1
// Execute: dotnet Enumerations.Options.Benchmarks-1.dll --anonymousPipes 1820 1708 --benchmarkName "ReillyDigital.Enumerations.Options.Benchmarks.Scenarios.Scenario1.S1_ReturnVoidSuccess_EnumerationsOptions(Iterations: 10)" --job ".NET 10.0" --benchmarkId 12 in D:\x\devs\reilly-digital\dotnet\enumerations.options.benchmarks\bin\Debug\net10.0\Enumerations.Options.Benchmarks-1\bin\Release\net10.0
// BeforeAnythingElse

// Benchmark Process Environment Information:
// BenchmarkDotNet v0.15.8
// Runtime=.NET 10.0.3 (10.0.3, 10.0.326.7603), X64 RyuJIT x86-64-v3
// GC=Concurrent Workstation
// HardwareIntrinsics=AVX2+BMI1+BMI2+F16C+FMA+LZCNT+MOVBE,AVX,SSE3+SSSE3+SSE4.1+SSE4.2+POPCNT,X86Base+SSE+SSE2,AES+PCLMUL VectorSize=256
// Job: .NET 10.0(IterationTime=250ms)

OverheadJitting  1: 1 op, 116800.00 ns, 116.8000 us/op
WorkloadJitting  1: 1 op, 1154000.00 ns, 1.1540 ms/op

OverheadJitting  2: 16 op, 150700.00 ns, 9.4188 us/op
WorkloadJitting  2: 16 op, 157100.00 ns, 9.8188 us/op

WorkloadPilot    1: 16 op, 5400.00 ns, 337.5000 ns/op
WorkloadPilot    2: 740752 op, 116030600.00 ns, 156.6389 ns/op
WorkloadPilot    3: 1596032 op, 7804800.00 ns, 4.8901 ns/op
WorkloadPilot    4: 51123424 op, 243623200.00 ns, 4.7654 ns/op
WorkloadPilot    5: 52461584 op, 250844900.00 ns, 4.7815 ns/op
WorkloadPilot    6: 52284896 op, 249390000.00 ns, 4.7698 ns/op
WorkloadPilot    7: 52412784 op, 255274200.00 ns, 4.8705 ns/op
WorkloadPilot    8: 51329888 op, 248236200.00 ns, 4.8361 ns/op
WorkloadPilot    9: 51694608 op, 255695700.00 ns, 4.9463 ns/op

OverheadWarmup   1: 51694608 op, 132045300.00 ns, 2.5543 ns/op
OverheadWarmup   2: 51694608 op, 108113900.00 ns, 2.0914 ns/op
OverheadWarmup   3: 51694608 op, 78948400.00 ns, 1.5272 ns/op
OverheadWarmup   4: 51694608 op, 79290100.00 ns, 1.5338 ns/op
OverheadWarmup   5: 51694608 op, 81537200.00 ns, 1.5773 ns/op
OverheadWarmup   6: 51694608 op, 82237200.00 ns, 1.5908 ns/op
OverheadWarmup   7: 51694608 op, 78747200.00 ns, 1.5233 ns/op
OverheadWarmup   8: 51694608 op, 81286400.00 ns, 1.5724 ns/op
OverheadWarmup   9: 51694608 op, 83642700.00 ns, 1.6180 ns/op
OverheadWarmup  10: 51694608 op, 83147700.00 ns, 1.6084 ns/op

OverheadActual   1: 51694608 op, 86209400.00 ns, 1.6677 ns/op
OverheadActual   2: 51694608 op, 83591000.00 ns, 1.6170 ns/op
OverheadActual   3: 51694608 op, 80518300.00 ns, 1.5576 ns/op
OverheadActual   4: 51694608 op, 81194500.00 ns, 1.5707 ns/op
OverheadActual   5: 51694608 op, 83361500.00 ns, 1.6126 ns/op
OverheadActual   6: 51694608 op, 79947300.00 ns, 1.5465 ns/op
OverheadActual   7: 51694608 op, 85713100.00 ns, 1.6581 ns/op
OverheadActual   8: 51694608 op, 87618200.00 ns, 1.6949 ns/op
OverheadActual   9: 51694608 op, 96501400.00 ns, 1.8668 ns/op
OverheadActual  10: 51694608 op, 87236100.00 ns, 1.6875 ns/op
OverheadActual  11: 51694608 op, 79455600.00 ns, 1.5370 ns/op
OverheadActual  12: 51694608 op, 81235500.00 ns, 1.5715 ns/op
OverheadActual  13: 51694608 op, 79029300.00 ns, 1.5288 ns/op
OverheadActual  14: 51694608 op, 84360400.00 ns, 1.6319 ns/op
OverheadActual  15: 51694608 op, 84178500.00 ns, 1.6284 ns/op

WorkloadWarmup   1: 51694608 op, 251602100.00 ns, 4.8671 ns/op
WorkloadWarmup   2: 51694608 op, 256105900.00 ns, 4.9542 ns/op
WorkloadWarmup   3: 51694608 op, 267849200.00 ns, 5.1814 ns/op
WorkloadWarmup   4: 51694608 op, 270868800.00 ns, 5.2398 ns/op
WorkloadWarmup   5: 51694608 op, 253291700.00 ns, 4.8998 ns/op
WorkloadWarmup   6: 51694608 op, 250261800.00 ns, 4.8412 ns/op
WorkloadWarmup   7: 51694608 op, 248492800.00 ns, 4.8069 ns/op
WorkloadWarmup   8: 51694608 op, 249705000.00 ns, 4.8304 ns/op
WorkloadWarmup   9: 51694608 op, 259547600.00 ns, 5.0208 ns/op
WorkloadWarmup  10: 51694608 op, 246859900.00 ns, 4.7754 ns/op

// BeforeActualRun
WorkloadActual   1: 51694608 op, 253831000.00 ns, 4.9102 ns/op
WorkloadActual   2: 51694608 op, 245802900.00 ns, 4.7549 ns/op
WorkloadActual   3: 51694608 op, 256387600.00 ns, 4.9597 ns/op
WorkloadActual   4: 51694608 op, 253640200.00 ns, 4.9065 ns/op
WorkloadActual   5: 51694608 op, 257729000.00 ns, 4.9856 ns/op
WorkloadActual   6: 51694608 op, 282250800.00 ns, 5.4600 ns/op
WorkloadActual   7: 51694608 op, 265398100.00 ns, 5.1340 ns/op
WorkloadActual   8: 51694608 op, 260458000.00 ns, 5.0384 ns/op
WorkloadActual   9: 51694608 op, 268905700.00 ns, 5.2018 ns/op
WorkloadActual  10: 51694608 op, 283401800.00 ns, 5.4822 ns/op
WorkloadActual  11: 51694608 op, 259015400.00 ns, 5.0105 ns/op
WorkloadActual  12: 51694608 op, 252976400.00 ns, 4.8937 ns/op
WorkloadActual  13: 51694608 op, 256634300.00 ns, 4.9644 ns/op
WorkloadActual  14: 51694608 op, 255575000.00 ns, 4.9439 ns/op
WorkloadActual  15: 51694608 op, 248818200.00 ns, 4.8132 ns/op
WorkloadActual  16: 51694608 op, 252222400.00 ns, 4.8791 ns/op
WorkloadActual  17: 51694608 op, 247934900.00 ns, 4.7961 ns/op
WorkloadActual  18: 51694608 op, 248154700.00 ns, 4.8004 ns/op
WorkloadActual  19: 51694608 op, 263450800.00 ns, 5.0963 ns/op
WorkloadActual  20: 51694608 op, 253469500.00 ns, 4.9032 ns/op
WorkloadActual  21: 51694608 op, 254310300.00 ns, 4.9195 ns/op
WorkloadActual  22: 51694608 op, 261808900.00 ns, 5.0645 ns/op
WorkloadActual  23: 51694608 op, 249439800.00 ns, 4.8253 ns/op

// AfterActualRun
WorkloadResult   1: 51694608 op, 170240000.00 ns, 3.2932 ns/op
WorkloadResult   2: 51694608 op, 162211900.00 ns, 3.1379 ns/op
WorkloadResult   3: 51694608 op, 172796600.00 ns, 3.3426 ns/op
WorkloadResult   4: 51694608 op, 170049200.00 ns, 3.2895 ns/op
WorkloadResult   5: 51694608 op, 174138000.00 ns, 3.3686 ns/op
WorkloadResult   6: 51694608 op, 181807100.00 ns, 3.5169 ns/op
WorkloadResult   7: 51694608 op, 176867000.00 ns, 3.4214 ns/op
WorkloadResult   8: 51694608 op, 185314700.00 ns, 3.5848 ns/op
WorkloadResult   9: 51694608 op, 175424400.00 ns, 3.3935 ns/op
WorkloadResult  10: 51694608 op, 169385400.00 ns, 3.2767 ns/op
WorkloadResult  11: 51694608 op, 173043300.00 ns, 3.3474 ns/op
WorkloadResult  12: 51694608 op, 171984000.00 ns, 3.3269 ns/op
WorkloadResult  13: 51694608 op, 165227200.00 ns, 3.1962 ns/op
WorkloadResult  14: 51694608 op, 168631400.00 ns, 3.2621 ns/op
WorkloadResult  15: 51694608 op, 164343900.00 ns, 3.1791 ns/op
WorkloadResult  16: 51694608 op, 164563700.00 ns, 3.1834 ns/op
WorkloadResult  17: 51694608 op, 179859800.00 ns, 3.4793 ns/op
WorkloadResult  18: 51694608 op, 169878500.00 ns, 3.2862 ns/op
WorkloadResult  19: 51694608 op, 170719300.00 ns, 3.3025 ns/op
WorkloadResult  20: 51694608 op, 178217900.00 ns, 3.4475 ns/op
WorkloadResult  21: 51694608 op, 165848800.00 ns, 3.2082 ns/op
// GC:  0 0 0 0 51694608
// Threading:  0 0 51694608

// AfterAll
// Benchmark Process 2560 has exited with code 0.

Mean = 3.326 ns, StdErr = 0.026 ns (0.77%), N = 21, StdDev = 0.118 ns
Min = 3.138 ns, Q1 = 3.262 ns, Median = 3.302 ns, Q3 = 3.393 ns, Max = 3.585 ns
IQR = 0.131 ns, LowerFence = 3.065 ns, UpperFence = 3.591 ns
ConfidenceInterval = [3.227 ns; 3.425 ns] (CI 99.9%), Margin = 0.099 ns (2.97% of Mean)
Skewness = 0.41, Kurtosis = 2.32, MValue = 2

// ** Remained 0 (0.0%) benchmark(s) to run. Estimated finish 2026-02-22 17:19 (0h 0m from now) **
Successfully reverted power plan (GUID: 381b4222-f694-41f0-9685-ff5bb260df2e FriendlyName: Balanced)
// ***** BenchmarkRunner: Finish  *****

// * Export *
  BenchmarkDotNet.Artifacts\results\ReillyDigital.Enumerations.Options.Benchmarks.Scenarios.Scenario1-report.csv
  BenchmarkDotNet.Artifacts\results\ReillyDigital.Enumerations.Options.Benchmarks.Scenarios.Scenario1-report-github.md
  BenchmarkDotNet.Artifacts\results\ReillyDigital.Enumerations.Options.Benchmarks.Scenarios.Scenario1-report.html

// * Detailed results *
Scenario1.S1_CheckOptionStringErrorNoMessage_EnumerationsOptions: .NET 10.0(Runtime=.NET 10.0, IterationTime=250ms) [Iterations=10]
Runtime = .NET 10.0.3 (10.0.3, 10.0.326.7603), X64 RyuJIT x86-64-v3; GC = Concurrent Workstation
Mean = 2.728 ns, StdErr = 0.003 ns (0.10%), N = 15, StdDev = 0.011 ns
Min = 2.711 ns, Q1 = 2.720 ns, Median = 2.731 ns, Q3 = 2.735 ns, Max = 2.743 ns
IQR = 0.015 ns, LowerFence = 2.697 ns, UpperFence = 2.757 ns
ConfidenceInterval = [2.717 ns; 2.739 ns] (CI 99.9%), Margin = 0.011 ns (0.41% of Mean)
Skewness = -0.19, Kurtosis = 1.63, MValue = 2
-------------------- Histogram --------------------
[2.705 ns ; 2.749 ns) | @@@@@@@@@@@@@@@
---------------------------------------------------

Scenario1.S1_CheckOptionStringErrorWithMessage_EnumerationsOptions: .NET 10.0(Runtime=.NET 10.0, IterationTime=250ms) [Iterations=10]
Runtime = .NET 10.0.3 (10.0.3, 10.0.326.7603), X64 RyuJIT x86-64-v3; GC = Concurrent Workstation
Mean = 3.236 ns, StdErr = 0.003 ns (0.10%), N = 15, StdDev = 0.013 ns
Min = 3.219 ns, Q1 = 3.226 ns, Median = 3.232 ns, Q3 = 3.246 ns, Max = 3.257 ns
IQR = 0.020 ns, LowerFence = 3.197 ns, UpperFence = 3.276 ns
ConfidenceInterval = [3.222 ns; 3.250 ns] (CI 99.9%), Margin = 0.014 ns (0.43% of Mean)
Skewness = 0.22, Kurtosis = 1.4, MValue = 2
-------------------- Histogram --------------------
[3.212 ns ; 3.264 ns) | @@@@@@@@@@@@@@@
---------------------------------------------------

Scenario1.S1_CheckOptionStringSuccess_EnumerationsOptions: .NET 10.0(Runtime=.NET 10.0, IterationTime=250ms) [Iterations=10]
Runtime = .NET 10.0.3 (10.0.3, 10.0.326.7603), X64 RyuJIT x86-64-v3; GC = Concurrent Workstation
Mean = 3.438 ns, StdErr = 0.004 ns (0.13%), N = 12, StdDev = 0.015 ns
Min = 3.401 ns, Q1 = 3.434 ns, Median = 3.439 ns, Q3 = 3.443 ns, Max = 3.462 ns
IQR = 0.009 ns, LowerFence = 3.420 ns, UpperFence = 3.457 ns
ConfidenceInterval = [3.419 ns; 3.458 ns] (CI 99.9%), Margin = 0.019 ns (0.56% of Mean)
Skewness = -0.78, Kurtosis = 3.77, MValue = 2
-------------------- Histogram --------------------
[3.401 ns ; 3.471 ns) | @@@@@@@@@@@@
---------------------------------------------------

Scenario1.S1_CheckVoidErrorNoMessage_EnumerationsOptions: .NET 10.0(Runtime=.NET 10.0, IterationTime=250ms) [Iterations=10]
Runtime = .NET 10.0.3 (10.0.3, 10.0.326.7603), X64 RyuJIT x86-64-v3; GC = Concurrent Workstation
Mean = 2.613 ns, StdErr = 0.004 ns (0.15%), N = 13, StdDev = 0.014 ns
Min = 2.586 ns, Q1 = 2.607 ns, Median = 2.613 ns, Q3 = 2.621 ns, Max = 2.638 ns
IQR = 0.015 ns, LowerFence = 2.585 ns, UpperFence = 2.643 ns
ConfidenceInterval = [2.597 ns; 2.630 ns] (CI 99.9%), Margin = 0.017 ns (0.64% of Mean)
Skewness = -0.18, Kurtosis = 2.23, MValue = 2
-------------------- Histogram --------------------
[2.578 ns ; 2.640 ns) | @@@@@@@@@@@@@
---------------------------------------------------

Scenario1.S1_CheckVoidErrorWithMessage_EnumerationsOptions: .NET 10.0(Runtime=.NET 10.0, IterationTime=250ms) [Iterations=10]
Runtime = .NET 10.0.3 (10.0.3, 10.0.326.7603), X64 RyuJIT x86-64-v3; GC = Concurrent Workstation
Mean = 3.094 ns, StdErr = 0.011 ns (0.36%), N = 14, StdDev = 0.041 ns
Min = 3.026 ns, Q1 = 3.073 ns, Median = 3.108 ns, Q3 = 3.123 ns, Max = 3.147 ns
IQR = 0.049 ns, LowerFence = 3.000 ns, UpperFence = 3.197 ns
ConfidenceInterval = [3.047 ns; 3.140 ns] (CI 99.9%), Margin = 0.047 ns (1.51% of Mean)
Skewness = -0.54, Kurtosis = 1.77, MValue = 2
-------------------- Histogram --------------------
[3.003 ns ; 3.158 ns) | @@@@@@@@@@@@@@
---------------------------------------------------

Scenario1.S1_CheckVoidSuccess_EnumerationsOptions: .NET 10.0(Runtime=.NET 10.0, IterationTime=250ms) [Iterations=10]
Runtime = .NET 10.0.3 (10.0.3, 10.0.326.7603), X64 RyuJIT x86-64-v3; GC = Concurrent Workstation
Mean = 3.666 ns, StdErr = 0.021 ns (0.57%), N = 14, StdDev = 0.079 ns
Min = 3.514 ns, Q1 = 3.604 ns, Median = 3.672 ns, Q3 = 3.714 ns, Max = 3.791 ns
IQR = 0.109 ns, LowerFence = 3.440 ns, UpperFence = 3.878 ns
ConfidenceInterval = [3.577 ns; 3.755 ns] (CI 99.9%), Margin = 0.089 ns (2.42% of Mean)
Skewness = -0.18, Kurtosis = 2.06, MValue = 2
-------------------- Histogram --------------------
[3.511 ns ; 3.597 ns) | @@@@
[3.597 ns ; 3.719 ns) | @@@@@@@@
[3.719 ns ; 3.834 ns) | @@
---------------------------------------------------

Scenario1.S1_ReturnOptionStringErrorNoMessage_EnumerationsOptions: .NET 10.0(Runtime=.NET 10.0, IterationTime=250ms) [Iterations=10]
Runtime = .NET 10.0.3 (10.0.3, 10.0.326.7603), X64 RyuJIT x86-64-v3; GC = Concurrent Workstation
Mean = 3.088 ns, StdErr = 0.025 ns (0.81%), N = 29, StdDev = 0.135 ns
Min = 2.741 ns, Q1 = 2.981 ns, Median = 3.103 ns, Q3 = 3.186 ns, Max = 3.289 ns
IQR = 0.205 ns, LowerFence = 2.673 ns, UpperFence = 3.493 ns
ConfidenceInterval = [2.996 ns; 3.180 ns] (CI 99.9%), Margin = 0.092 ns (2.97% of Mean)
Skewness = -0.58, Kurtosis = 2.79, MValue = 2.36
-------------------- Histogram --------------------
[2.721 ns ; 2.837 ns) | @@
[2.837 ns ; 2.961 ns) | 
[2.961 ns ; 3.076 ns) | @@@@@@@@@@@
[3.076 ns ; 3.207 ns) | @@@@@@@@@@@
[3.207 ns ; 3.316 ns) | @@@@@
---------------------------------------------------

Scenario1.S1_ReturnOptionStringErrorWithMessage_EnumerationsOptions: .NET 10.0(Runtime=.NET 10.0, IterationTime=250ms) [Iterations=10]
Runtime = .NET 10.0.3 (10.0.3, 10.0.326.7603), X64 RyuJIT x86-64-v3; GC = Concurrent Workstation
Mean = 3.477 ns, StdErr = 0.024 ns (0.68%), N = 14, StdDev = 0.088 ns
Min = 3.363 ns, Q1 = 3.422 ns, Median = 3.462 ns, Q3 = 3.545 ns, Max = 3.643 ns
IQR = 0.123 ns, LowerFence = 3.237 ns, UpperFence = 3.730 ns
ConfidenceInterval = [3.378 ns; 3.577 ns] (CI 99.9%), Margin = 0.100 ns (2.86% of Mean)
Skewness = 0.39, Kurtosis = 1.78, MValue = 2
-------------------- Histogram --------------------
[3.359 ns ; 3.455 ns) | @@@@@@@
[3.455 ns ; 3.569 ns) | @@@@@
[3.569 ns ; 3.670 ns) | @@
---------------------------------------------------

Scenario1.S1_ReturnOptionStringNone_EnumerationsOptions: .NET 10.0(Runtime=.NET 10.0, IterationTime=250ms) [Iterations=10]
Runtime = .NET 10.0.3 (10.0.3, 10.0.326.7603), X64 RyuJIT x86-64-v3; GC = Concurrent Workstation
Mean = 3.269 ns, StdErr = 0.026 ns (0.80%), N = 33, StdDev = 0.151 ns
Min = 3.033 ns, Q1 = 3.159 ns, Median = 3.274 ns, Q3 = 3.349 ns, Max = 3.642 ns
IQR = 0.190 ns, LowerFence = 2.873 ns, UpperFence = 3.635 ns
ConfidenceInterval = [3.174 ns; 3.365 ns] (CI 99.9%), Margin = 0.095 ns (2.91% of Mean)
Skewness = 0.41, Kurtosis = 2.58, MValue = 2
-------------------- Histogram --------------------
[3.027 ns ; 3.151 ns) | @@@@@@@@
[3.151 ns ; 3.331 ns) | @@@@@@@@@@@@@@@@
[3.331 ns ; 3.468 ns) | @@@@@
[3.468 ns ; 3.572 ns) | @@@
[3.572 ns ; 3.704 ns) | @
---------------------------------------------------

Scenario1.S1_ReturnOptionStringSuccess_EnumerationsOptions: .NET 10.0(Runtime=.NET 10.0, IterationTime=250ms) [Iterations=10]
Runtime = .NET 10.0.3 (10.0.3, 10.0.326.7603), X64 RyuJIT x86-64-v3; GC = Concurrent Workstation
Mean = 3.231 ns, StdErr = 0.022 ns (0.67%), N = 15, StdDev = 0.084 ns
Min = 3.080 ns, Q1 = 3.177 ns, Median = 3.237 ns, Q3 = 3.295 ns, Max = 3.383 ns
IQR = 0.118 ns, LowerFence = 3.000 ns, UpperFence = 3.471 ns
ConfidenceInterval = [3.141 ns; 3.320 ns] (CI 99.9%), Margin = 0.090 ns (2.78% of Mean)
Skewness = -0.11, Kurtosis = 1.94, MValue = 2
-------------------- Histogram --------------------
[3.035 ns ; 3.124 ns) | @
[3.124 ns ; 3.233 ns) | @@@@@@
[3.233 ns ; 3.323 ns) | @@@@@@@
[3.323 ns ; 3.428 ns) | @
---------------------------------------------------

Scenario1.S1_ReturnVoidErrorNoMessage_EnumerationsOptions: .NET 10.0(Runtime=.NET 10.0, IterationTime=250ms) [Iterations=10]
Runtime = .NET 10.0.3 (10.0.3, 10.0.326.7603), X64 RyuJIT x86-64-v3; GC = Concurrent Workstation
Mean = 2.777 ns, StdErr = 0.021 ns (0.74%), N = 18, StdDev = 0.087 ns
Min = 2.630 ns, Q1 = 2.721 ns, Median = 2.770 ns, Q3 = 2.813 ns, Max = 2.948 ns
IQR = 0.092 ns, LowerFence = 2.582 ns, UpperFence = 2.952 ns
ConfidenceInterval = [2.695 ns; 2.858 ns] (CI 99.9%), Margin = 0.082 ns (2.94% of Mean)
Skewness = 0.36, Kurtosis = 2.11, MValue = 2.4
-------------------- Histogram --------------------
[2.601 ns ; 2.701 ns) | @@
[2.701 ns ; 2.788 ns) | @@@@@@@@@@
[2.788 ns ; 2.871 ns) | @@
[2.871 ns ; 2.958 ns) | @@@@
---------------------------------------------------

Scenario1.S1_ReturnVoidErrorWithMessage_EnumerationsOptions: .NET 10.0(Runtime=.NET 10.0, IterationTime=250ms) [Iterations=10]
Runtime = .NET 10.0.3 (10.0.3, 10.0.326.7603), X64 RyuJIT x86-64-v3; GC = Concurrent Workstation
Mean = 3.289 ns, StdErr = 0.018 ns (0.55%), N = 14, StdDev = 0.068 ns
Min = 3.222 ns, Q1 = 3.239 ns, Median = 3.288 ns, Q3 = 3.301 ns, Max = 3.472 ns
IQR = 0.063 ns, LowerFence = 3.145 ns, UpperFence = 3.396 ns
ConfidenceInterval = [3.213 ns; 3.365 ns] (CI 99.9%), Margin = 0.076 ns (2.32% of Mean)
Skewness = 1.31, Kurtosis = 4.25, MValue = 2
-------------------- Histogram --------------------
[3.185 ns ; 3.306 ns) | @@@@@@@@@@@@
[3.306 ns ; 3.412 ns) | @
[3.412 ns ; 3.509 ns) | @
---------------------------------------------------

Scenario1.S1_ReturnVoidSuccess_EnumerationsOptions: .NET 10.0(Runtime=.NET 10.0, IterationTime=250ms) [Iterations=10]
Runtime = .NET 10.0.3 (10.0.3, 10.0.326.7603), X64 RyuJIT x86-64-v3; GC = Concurrent Workstation
Mean = 3.326 ns, StdErr = 0.026 ns (0.77%), N = 21, StdDev = 0.118 ns
Min = 3.138 ns, Q1 = 3.262 ns, Median = 3.302 ns, Q3 = 3.393 ns, Max = 3.585 ns
IQR = 0.131 ns, LowerFence = 3.065 ns, UpperFence = 3.591 ns
ConfidenceInterval = [3.227 ns; 3.425 ns] (CI 99.9%), Margin = 0.099 ns (2.97% of Mean)
Skewness = 0.41, Kurtosis = 2.32, MValue = 2
-------------------- Histogram --------------------
[3.117 ns ; 3.229 ns) | @@@@@
[3.229 ns ; 3.371 ns) | @@@@@@@@@@
[3.371 ns ; 3.492 ns) | @@@@
[3.492 ns ; 3.607 ns) | @@
---------------------------------------------------

// * Summary *

BenchmarkDotNet v0.15.8, Windows 11 (10.0.26200.7840/25H2/2025Update/HudsonValley2)
AMD Ryzen 5 3600 3.59GHz, 1 CPU, 12 logical and 6 physical cores
.NET SDK 10.0.103
  [Host]    : .NET 10.0.3 (10.0.3, 10.0.326.7603), X64 RyuJIT x86-64-v3
  .NET 10.0 : .NET 10.0.3 (10.0.3, 10.0.326.7603), X64 RyuJIT x86-64-v3

Job=.NET 10.0  Runtime=.NET 10.0  IterationTime=250ms  
Iterations=10  

| Method                                                    | Categories                                  | Mean     | Ratio | Allocated | Alloc Ratio |
|---------------------------------------------------------- |-------------------------------------------- |---------:|------:|----------:|------------:|
| S1_CheckOptionStringErrorNoMessage_EnumerationsOptions    | S1: Check Option String Error No Message    | 2.728 ns |  1.00 |         - |          NA |
|                                                           |                                             |          |       |           |             |
| S1_CheckOptionStringErrorWithMessage_EnumerationsOptions  | S1: Check Option String Error With Message  | 3.236 ns |  1.00 |         - |          NA |
|                                                           |                                             |          |       |           |             |
| S1_CheckOptionStringSuccess_EnumerationsOptions           | S1: Check Option String Success             | 3.438 ns |  1.00 |         - |          NA |
|                                                           |                                             |          |       |           |             |
| S1_CheckVoidErrorNoMessage_EnumerationsOptions            | S1: Check Void Error No Message             | 2.613 ns |  1.00 |         - |          NA |
|                                                           |                                             |          |       |           |             |
| S1_CheckVoidErrorWithMessage_EnumerationsOptions          | S1: Check Void Error With Message           | 3.094 ns |  1.00 |         - |          NA |
|                                                           |                                             |          |       |           |             |
| S1_CheckVoidSuccess_EnumerationsOptions                   | S1: Check Void Success                      | 3.666 ns |  1.00 |         - |          NA |
|                                                           |                                             |          |       |           |             |
| S1_ReturnOptionStringErrorNoMessage_EnumerationsOptions   | S1: Return Option String Error No Message   | 3.088 ns |  1.00 |         - |          NA |
|                                                           |                                             |          |       |           |             |
| S1_ReturnOptionStringErrorWithMessage_EnumerationsOptions | S1: Return Option String Error With Message | 3.477 ns |  1.00 |         - |          NA |
|                                                           |                                             |          |       |           |             |
| S1_ReturnOptionStringNone_EnumerationsOptions             | S1: Return Option String None               | 3.269 ns |  1.00 |         - |          NA |
|                                                           |                                             |          |       |           |             |
| S1_ReturnOptionStringSuccess_EnumerationsOptions          | S1: Return Option String Success            | 3.231 ns |  1.00 |         - |          NA |
|                                                           |                                             |          |       |           |             |
| S1_ReturnVoidErrorNoMessage_EnumerationsOptions           | S1: Return Void Error No Message            | 2.777 ns |  1.00 |         - |          NA |
|                                                           |                                             |          |       |           |             |
| S1_ReturnVoidErrorWithMessage_EnumerationsOptions         | S1: Return Void Error With Message          | 3.289 ns |  1.00 |         - |          NA |
|                                                           |                                             |          |       |           |             |
| S1_ReturnVoidSuccess_EnumerationsOptions                  | S1: Return Void Success                     | 3.326 ns |  1.00 |         - |          NA |

// * Hints *
HideColumnsAnalyser
  Summary -> Hidden columns: Iterations, Error, StdDev, RatioSD
Outliers
  Scenario1.S1_CheckOptionStringSuccess_EnumerationsOptions: .NET 10.0           -> 3 outliers were removed (5.00 ns..5.25 ns)
  Scenario1.S1_CheckVoidErrorNoMessage_EnumerationsOptions: .NET 10.0            -> 2 outliers were removed (4.18 ns, 4.43 ns)
  Scenario1.S1_CheckVoidErrorWithMessage_EnumerationsOptions: .NET 10.0          -> 1 outlier  was  removed (4.84 ns)
  Scenario1.S1_CheckVoidSuccess_EnumerationsOptions: .NET 10.0                   -> 1 outlier  was  removed (5.39 ns)
  Scenario1.S1_ReturnOptionStringErrorWithMessage_EnumerationsOptions: .NET 10.0 -> 1 outlier  was  removed (5.46 ns)
  Scenario1.S1_ReturnOptionStringNone_EnumerationsOptions: .NET 10.0             -> 1 outlier  was  removed (5.33 ns)
  Scenario1.S1_ReturnVoidErrorNoMessage_EnumerationsOptions: .NET 10.0           -> 1 outlier  was  removed (4.60 ns)
  Scenario1.S1_ReturnVoidErrorWithMessage_EnumerationsOptions: .NET 10.0         -> 3 outliers were removed (5.10 ns..5.50 ns)
  Scenario1.S1_ReturnVoidSuccess_EnumerationsOptions: .NET 10.0                  -> 2 outliers were removed (5.46 ns, 5.48 ns)

// * Legends *
  Categories  : All categories of the corresponded method, class, and assembly
  Mean        : Arithmetic mean of all measurements
  Ratio       : Mean of the ratio distribution ([Current]/[Baseline])
  Allocated   : Allocated memory per single operation (managed only, inclusive, 1KB = 1024B)
  Alloc Ratio : Allocated memory ratio distribution ([Current]/[Baseline])
  1 ns        : 1 Nanosecond (0.000000001 sec)

// * Diagnostic Output - MemoryDiagnoser *


// ***** BenchmarkRunner: End *****
Run time: 00:02:24 (144.72 sec), executed benchmarks: 13

Global total time: 00:02:36 (156.09 sec), executed benchmarks: 13
// * Artifacts cleanup *
Artifacts cleanup is finished
