// Validating benchmarks:
// ***** BenchmarkRunner: Start   *****
// ***** Found 13 benchmark(s) in total *****
// ***** Building 1 exe(s) in Parallel: Start   *****
// start dotnet  restore --nodeReuse:false /p:UseSharedCompilation=false /p:Deterministic=true /p:Optimize=true /p:ArtifactsPath="D:\x\devs\reilly-digital\dotnet\enumerations.options.benchmarks\bin\Debug\net10.0\Enumerations.Options.Benchmarks-1/" /p:OutDir="D:\x\devs\reilly-digital\dotnet\enumerations.options.benchmarks\bin\Debug\net10.0\Enumerations.Options.Benchmarks-1\bin\Release\net10.0/" /p:OutputPath="D:\x\devs\reilly-digital\dotnet\enumerations.options.benchmarks\bin\Debug\net10.0\Enumerations.Options.Benchmarks-1\bin\Release\net10.0/" /p:PublishDir="D:\x\devs\reilly-digital\dotnet\enumerations.options.benchmarks\bin\Debug\net10.0\Enumerations.Options.Benchmarks-1\publish/" in D:\x\devs\reilly-digital\dotnet\enumerations.options.benchmarks\bin\Debug\net10.0\Enumerations.Options.Benchmarks-1
// command took 1.1 sec and exited with 0
// start dotnet  build -c Release --no-restore --nodeReuse:false /p:UseSharedCompilation=false /p:Deterministic=true /p:Optimize=true /p:ArtifactsPath="D:\x\devs\reilly-digital\dotnet\enumerations.options.benchmarks\bin\Debug\net10.0\Enumerations.Options.Benchmarks-1/" /p:OutDir="D:\x\devs\reilly-digital\dotnet\enumerations.options.benchmarks\bin\Debug\net10.0\Enumerations.Options.Benchmarks-1\bin\Release\net10.0/" /p:OutputPath="D:\x\devs\reilly-digital\dotnet\enumerations.options.benchmarks\bin\Debug\net10.0\Enumerations.Options.Benchmarks-1\bin\Release\net10.0/" /p:PublishDir="D:\x\devs\reilly-digital\dotnet\enumerations.options.benchmarks\bin\Debug\net10.0\Enumerations.Options.Benchmarks-1\publish/" --output "D:\x\devs\reilly-digital\dotnet\enumerations.options.benchmarks\bin\Debug\net10.0\Enumerations.Options.Benchmarks-1\bin\Release\net10.0/" in D:\x\devs\reilly-digital\dotnet\enumerations.options.benchmarks\bin\Debug\net10.0\Enumerations.Options.Benchmarks-1
// command took 8.25 sec and exited with 0
// ***** Done, took 00:00:09 (9.42 sec)   *****
// Found 13 benchmarks:
//   Scenario1.S1_CheckOptionStringErrorNoMessage_EnumerationsOptions: .NET 10.0(Runtime=.NET 10.0, IterationTime=100ms) [Iterations=2]
//   Scenario1.S1_CheckOptionStringErrorWithMessage_EnumerationsOptions: .NET 10.0(Runtime=.NET 10.0, IterationTime=100ms) [Iterations=2]
//   Scenario1.S1_CheckOptionStringSuccess_EnumerationsOptions: .NET 10.0(Runtime=.NET 10.0, IterationTime=100ms) [Iterations=2]
//   Scenario1.S1_CheckVoidErrorNoMessage_EnumerationsOptions: .NET 10.0(Runtime=.NET 10.0, IterationTime=100ms) [Iterations=2]
//   Scenario1.S1_CheckVoidErrorWithMessage_EnumerationsOptions: .NET 10.0(Runtime=.NET 10.0, IterationTime=100ms) [Iterations=2]
//   Scenario1.S1_CheckVoidSuccess_EnumerationsOptions: .NET 10.0(Runtime=.NET 10.0, IterationTime=100ms) [Iterations=2]
//   Scenario1.S1_ReturnOptionStringErrorNoMessage_EnumerationsOptions: .NET 10.0(Runtime=.NET 10.0, IterationTime=100ms) [Iterations=2]
//   Scenario1.S1_ReturnOptionStringErrorWithMessage_EnumerationsOptions: .NET 10.0(Runtime=.NET 10.0, IterationTime=100ms) [Iterations=2]
//   Scenario1.S1_ReturnOptionStringNone_EnumerationsOptions: .NET 10.0(Runtime=.NET 10.0, IterationTime=100ms) [Iterations=2]
//   Scenario1.S1_ReturnOptionStringSuccess_EnumerationsOptions: .NET 10.0(Runtime=.NET 10.0, IterationTime=100ms) [Iterations=2]
//   Scenario1.S1_ReturnVoidErrorNoMessage_EnumerationsOptions: .NET 10.0(Runtime=.NET 10.0, IterationTime=100ms) [Iterations=2]
//   Scenario1.S1_ReturnVoidErrorWithMessage_EnumerationsOptions: .NET 10.0(Runtime=.NET 10.0, IterationTime=100ms) [Iterations=2]
//   Scenario1.S1_ReturnVoidSuccess_EnumerationsOptions: .NET 10.0(Runtime=.NET 10.0, IterationTime=100ms) [Iterations=2]

Setup power plan (GUID: 8c5e7fda-e8bf-4a96-9a85-a6e23a8c635c FriendlyName: High performance)
// **************************
// Benchmark: Scenario1.S1_CheckOptionStringErrorNoMessage_EnumerationsOptions: .NET 10.0(Runtime=.NET 10.0, IterationTime=100ms) [Iterations=2]
// *** Execute ***
// Launch: 1 / 1
// Execute: dotnet Enumerations.Options.Benchmarks-1.dll --anonymousPipes 1628 1624 --benchmarkName "ReillyDigital.Enumerations.Options.Benchmarks.Scenarios.Scenario1.S1_CheckOptionStringErrorNoMessage_EnumerationsOptions(Iterations: 2)" --job ".NET 10.0" --benchmarkId 0 in D:\x\devs\reilly-digital\dotnet\enumerations.options.benchmarks\bin\Debug\net10.0\Enumerations.Options.Benchmarks-1\bin\Release\net10.0
// BeforeAnythingElse

// Benchmark Process Environment Information:
// BenchmarkDotNet v0.15.8
// Runtime=.NET 10.0.3 (10.0.3, 10.0.326.7603), X64 RyuJIT x86-64-v3
// GC=Concurrent Workstation
// HardwareIntrinsics=AVX2+BMI1+BMI2+F16C+FMA+LZCNT+MOVBE,AVX,SSE3+SSSE3+SSE4.1+SSE4.2+POPCNT,X86Base+SSE+SSE2,AES+PCLMUL VectorSize=256
// Job: .NET 10.0(IterationTime=100ms)

OverheadJitting  1: 1 op, 111300.00 ns, 111.3000 us/op
WorkloadJitting  1: 1 op, 10356300.00 ns, 10.3563 ms/op

WorkloadPilot    1: 4 op, 3200.00 ns, 800.0000 ns/op
WorkloadPilot    2: 125000 op, 9850800.00 ns, 78.8064 ns/op
WorkloadPilot    3: 1268932 op, 74575800.00 ns, 58.7705 ns/op
WorkloadPilot    4: 1701533 op, 99600500.00 ns, 58.5357 ns/op
WorkloadPilot    5: 1708358 op, 57443300.00 ns, 33.6249 ns/op
WorkloadPilot    6: 2973990 op, 23918200.00 ns, 8.0425 ns/op
WorkloadPilot    7: 12434004 op, 106488500.00 ns, 8.5643 ns/op
WorkloadPilot    8: 11676382 op, 90029000.00 ns, 7.7104 ns/op
WorkloadPilot    9: 12969579 op, 88194600.00 ns, 6.8001 ns/op
WorkloadPilot   10: 14705638 op, 98904000.00 ns, 6.7256 ns/op
WorkloadPilot   11: 14868598 op, 98665600.00 ns, 6.6358 ns/op
WorkloadPilot   12: 15069688 op, 101432400.00 ns, 6.7309 ns/op
WorkloadPilot   13: 14856878 op, 110550200.00 ns, 7.4410 ns/op

WorkloadWarmup   1: 14856878 op, 99725300.00 ns, 6.7124 ns/op
WorkloadWarmup   2: 14856878 op, 135057400.00 ns, 9.0906 ns/op
WorkloadWarmup   3: 14856878 op, 111631900.00 ns, 7.5138 ns/op
WorkloadWarmup   4: 14856878 op, 118289700.00 ns, 7.9619 ns/op
WorkloadWarmup   5: 14856878 op, 117153000.00 ns, 7.8854 ns/op
WorkloadWarmup   6: 14856878 op, 136564700.00 ns, 9.1920 ns/op

// BeforeActualRun
WorkloadActual   1: 14856878 op, 117329100.00 ns, 7.8973 ns/op
WorkloadActual   2: 14856878 op, 123710300.00 ns, 8.3268 ns/op
WorkloadActual   3: 14856878 op, 116549700.00 ns, 7.8448 ns/op
WorkloadActual   4: 14856878 op, 107193500.00 ns, 7.2151 ns/op
WorkloadActual   5: 14856878 op, 113286700.00 ns, 7.6252 ns/op
WorkloadActual   6: 14856878 op, 123111500.00 ns, 8.2865 ns/op
WorkloadActual   7: 14856878 op, 119879800.00 ns, 8.0690 ns/op
WorkloadActual   8: 14856878 op, 108182300.00 ns, 7.2816 ns/op
WorkloadActual   9: 14856878 op, 111419800.00 ns, 7.4995 ns/op
WorkloadActual  10: 14856878 op, 123732700.00 ns, 8.3283 ns/op
WorkloadActual  11: 14856878 op, 133860500.00 ns, 9.0100 ns/op
WorkloadActual  12: 14856878 op, 109793500.00 ns, 7.3901 ns/op
WorkloadActual  13: 14856878 op, 115169100.00 ns, 7.7519 ns/op
WorkloadActual  14: 14856878 op, 123163400.00 ns, 8.2900 ns/op
WorkloadActual  15: 14856878 op, 118752900.00 ns, 7.9931 ns/op
WorkloadActual  16: 14856878 op, 114056400.00 ns, 7.6770 ns/op
WorkloadActual  17: 14856878 op, 99739500.00 ns, 6.7134 ns/op
WorkloadActual  18: 14856878 op, 114193400.00 ns, 7.6862 ns/op
WorkloadActual  19: 14856878 op, 115119500.00 ns, 7.7486 ns/op
WorkloadActual  20: 14856878 op, 99843700.00 ns, 6.7204 ns/op
WorkloadActual  21: 14856878 op, 114297500.00 ns, 7.6932 ns/op
WorkloadActual  22: 14856878 op, 115546700.00 ns, 7.7773 ns/op
WorkloadActual  23: 14856878 op, 99728000.00 ns, 6.7126 ns/op
WorkloadActual  24: 14856878 op, 114654100.00 ns, 7.7172 ns/op
WorkloadActual  25: 14856878 op, 115559200.00 ns, 7.7782 ns/op
WorkloadActual  26: 14856878 op, 100738800.00 ns, 6.7806 ns/op
WorkloadActual  27: 14856878 op, 115344500.00 ns, 7.7637 ns/op
WorkloadActual  28: 14856878 op, 116547000.00 ns, 7.8446 ns/op
WorkloadActual  29: 14856878 op, 99608600.00 ns, 6.7045 ns/op
WorkloadActual  30: 14856878 op, 132210200.00 ns, 8.8989 ns/op
WorkloadActual  31: 14856878 op, 115541800.00 ns, 7.7770 ns/op
WorkloadActual  32: 14856878 op, 99651900.00 ns, 6.7075 ns/op
WorkloadActual  33: 14856878 op, 112425000.00 ns, 7.5672 ns/op
WorkloadActual  34: 14856878 op, 115849500.00 ns, 7.7977 ns/op
WorkloadActual  35: 14856878 op, 99758000.00 ns, 6.7146 ns/op
WorkloadActual  36: 14856878 op, 112714800.00 ns, 7.5867 ns/op
WorkloadActual  37: 14856878 op, 114807200.00 ns, 7.7275 ns/op
WorkloadActual  38: 14856878 op, 99869200.00 ns, 6.7221 ns/op
WorkloadActual  39: 14856878 op, 116979000.00 ns, 7.8737 ns/op
WorkloadActual  40: 14856878 op, 117246700.00 ns, 7.8917 ns/op
WorkloadActual  41: 14856878 op, 100389900.00 ns, 6.7571 ns/op
WorkloadActual  42: 14856878 op, 117887800.00 ns, 7.9349 ns/op
WorkloadActual  43: 14856878 op, 113563300.00 ns, 7.6438 ns/op
WorkloadActual  44: 14856878 op, 99917800.00 ns, 6.7254 ns/op
WorkloadActual  45: 14856878 op, 113802600.00 ns, 7.6599 ns/op
WorkloadActual  46: 14856878 op, 117728900.00 ns, 7.9242 ns/op
WorkloadActual  47: 14856878 op, 99257100.00 ns, 6.6809 ns/op
WorkloadActual  48: 14856878 op, 112120500.00 ns, 7.5467 ns/op
WorkloadActual  49: 14856878 op, 111535800.00 ns, 7.5074 ns/op
WorkloadActual  50: 14856878 op, 99539900.00 ns, 6.6999 ns/op
WorkloadActual  51: 14856878 op, 113630000.00 ns, 7.6483 ns/op
WorkloadActual  52: 14856878 op, 115120000.00 ns, 7.7486 ns/op
WorkloadActual  53: 14856878 op, 100541500.00 ns, 6.7673 ns/op
WorkloadActual  54: 14856878 op, 112249900.00 ns, 7.5554 ns/op
WorkloadActual  55: 14856878 op, 115428100.00 ns, 7.7693 ns/op
WorkloadActual  56: 14856878 op, 99296700.00 ns, 6.6836 ns/op
WorkloadActual  57: 14856878 op, 114713300.00 ns, 7.7212 ns/op
WorkloadActual  58: 14856878 op, 116172300.00 ns, 7.8194 ns/op
WorkloadActual  59: 14856878 op, 99044200.00 ns, 6.6666 ns/op
WorkloadActual  60: 14856878 op, 114885700.00 ns, 7.7328 ns/op
WorkloadActual  61: 14856878 op, 113346900.00 ns, 7.6293 ns/op
WorkloadActual  62: 14856878 op, 99969300.00 ns, 6.7288 ns/op
WorkloadActual  63: 14856878 op, 110324800.00 ns, 7.4258 ns/op
WorkloadActual  64: 14856878 op, 113364500.00 ns, 7.6304 ns/op
WorkloadActual  65: 14856878 op, 99894000.00 ns, 6.7238 ns/op
WorkloadActual  66: 14856878 op, 112616900.00 ns, 7.5801 ns/op
WorkloadActual  67: 14856878 op, 116026200.00 ns, 7.8096 ns/op
WorkloadActual  68: 14856878 op, 100523300.00 ns, 6.7661 ns/op
WorkloadActual  69: 14856878 op, 115949800.00 ns, 7.8045 ns/op
WorkloadActual  70: 14856878 op, 115532000.00 ns, 7.7763 ns/op
WorkloadActual  71: 14856878 op, 100997300.00 ns, 6.7980 ns/op
WorkloadActual  72: 14856878 op, 115649200.00 ns, 7.7842 ns/op
WorkloadActual  73: 14856878 op, 117091200.00 ns, 7.8813 ns/op
WorkloadActual  74: 14856878 op, 100983200.00 ns, 6.7971 ns/op
WorkloadActual  75: 14856878 op, 111099000.00 ns, 7.4780 ns/op
WorkloadActual  76: 14856878 op, 116038000.00 ns, 7.8104 ns/op
WorkloadActual  77: 14856878 op, 101250800.00 ns, 6.8151 ns/op
WorkloadActual  78: 14856878 op, 119084500.00 ns, 8.0154 ns/op
WorkloadActual  79: 14856878 op, 117062600.00 ns, 7.8794 ns/op
WorkloadActual  80: 14856878 op, 100694500.00 ns, 6.7776 ns/op
WorkloadActual  81: 14856878 op, 116629800.00 ns, 7.8502 ns/op
WorkloadActual  82: 14856878 op, 116573500.00 ns, 7.8464 ns/op
WorkloadActual  83: 14856878 op, 101171800.00 ns, 6.8098 ns/op
WorkloadActual  84: 14856878 op, 117794500.00 ns, 7.9286 ns/op
WorkloadActual  85: 14856878 op, 117586900.00 ns, 7.9146 ns/op
WorkloadActual  86: 14856878 op, 101455800.00 ns, 6.8289 ns/op
WorkloadActual  87: 14856878 op, 121036300.00 ns, 8.1468 ns/op
WorkloadActual  88: 14856878 op, 117687900.00 ns, 7.9214 ns/op
WorkloadActual  89: 14856878 op, 100967000.00 ns, 6.7960 ns/op
WorkloadActual  90: 14856878 op, 115783200.00 ns, 7.7932 ns/op
WorkloadActual  91: 14856878 op, 117190900.00 ns, 7.8880 ns/op
WorkloadActual  92: 14856878 op, 99780900.00 ns, 6.7161 ns/op
WorkloadActual  93: 14856878 op, 113464200.00 ns, 7.6371 ns/op
WorkloadActual  94: 14856878 op, 114474400.00 ns, 7.7051 ns/op
WorkloadActual  95: 14856878 op, 99272500.00 ns, 6.6819 ns/op
WorkloadActual  96: 14856878 op, 114275800.00 ns, 7.6918 ns/op
WorkloadActual  97: 14856878 op, 116848600.00 ns, 7.8649 ns/op
WorkloadActual  98: 14856878 op, 100542000.00 ns, 6.7674 ns/op
WorkloadActual  99: 14856878 op, 114187900.00 ns, 7.6859 ns/op
WorkloadActual  100: 14856878 op, 113028500.00 ns, 7.6078 ns/op

// AfterActualRun
WorkloadResult   1: 14856878 op, 117329100.00 ns, 7.8973 ns/op
WorkloadResult   2: 14856878 op, 123710300.00 ns, 8.3268 ns/op
WorkloadResult   3: 14856878 op, 116549700.00 ns, 7.8448 ns/op
WorkloadResult   4: 14856878 op, 107193500.00 ns, 7.2151 ns/op
WorkloadResult   5: 14856878 op, 113286700.00 ns, 7.6252 ns/op
WorkloadResult   6: 14856878 op, 123111500.00 ns, 8.2865 ns/op
WorkloadResult   7: 14856878 op, 119879800.00 ns, 8.0690 ns/op
WorkloadResult   8: 14856878 op, 108182300.00 ns, 7.2816 ns/op
WorkloadResult   9: 14856878 op, 111419800.00 ns, 7.4995 ns/op
WorkloadResult  10: 14856878 op, 123732700.00 ns, 8.3283 ns/op
WorkloadResult  11: 14856878 op, 133860500.00 ns, 9.0100 ns/op
WorkloadResult  12: 14856878 op, 109793500.00 ns, 7.3901 ns/op
WorkloadResult  13: 14856878 op, 115169100.00 ns, 7.7519 ns/op
WorkloadResult  14: 14856878 op, 123163400.00 ns, 8.2900 ns/op
WorkloadResult  15: 14856878 op, 118752900.00 ns, 7.9931 ns/op
WorkloadResult  16: 14856878 op, 114056400.00 ns, 7.6770 ns/op
WorkloadResult  17: 14856878 op, 99739500.00 ns, 6.7134 ns/op
WorkloadResult  18: 14856878 op, 114193400.00 ns, 7.6862 ns/op
WorkloadResult  19: 14856878 op, 115119500.00 ns, 7.7486 ns/op
WorkloadResult  20: 14856878 op, 99843700.00 ns, 6.7204 ns/op
WorkloadResult  21: 14856878 op, 114297500.00 ns, 7.6932 ns/op
WorkloadResult  22: 14856878 op, 115546700.00 ns, 7.7773 ns/op
WorkloadResult  23: 14856878 op, 99728000.00 ns, 6.7126 ns/op
WorkloadResult  24: 14856878 op, 114654100.00 ns, 7.7172 ns/op
WorkloadResult  25: 14856878 op, 115559200.00 ns, 7.7782 ns/op
WorkloadResult  26: 14856878 op, 100738800.00 ns, 6.7806 ns/op
WorkloadResult  27: 14856878 op, 115344500.00 ns, 7.7637 ns/op
WorkloadResult  28: 14856878 op, 116547000.00 ns, 7.8446 ns/op
WorkloadResult  29: 14856878 op, 99608600.00 ns, 6.7045 ns/op
WorkloadResult  30: 14856878 op, 132210200.00 ns, 8.8989 ns/op
WorkloadResult  31: 14856878 op, 115541800.00 ns, 7.7770 ns/op
WorkloadResult  32: 14856878 op, 99651900.00 ns, 6.7075 ns/op
WorkloadResult  33: 14856878 op, 112425000.00 ns, 7.5672 ns/op
WorkloadResult  34: 14856878 op, 115849500.00 ns, 7.7977 ns/op
WorkloadResult  35: 14856878 op, 99758000.00 ns, 6.7146 ns/op
WorkloadResult  36: 14856878 op, 112714800.00 ns, 7.5867 ns/op
WorkloadResult  37: 14856878 op, 114807200.00 ns, 7.7275 ns/op
WorkloadResult  38: 14856878 op, 99869200.00 ns, 6.7221 ns/op
WorkloadResult  39: 14856878 op, 116979000.00 ns, 7.8737 ns/op
WorkloadResult  40: 14856878 op, 117246700.00 ns, 7.8917 ns/op
WorkloadResult  41: 14856878 op, 100389900.00 ns, 6.7571 ns/op
WorkloadResult  42: 14856878 op, 117887800.00 ns, 7.9349 ns/op
WorkloadResult  43: 14856878 op, 113563300.00 ns, 7.6438 ns/op
WorkloadResult  44: 14856878 op, 99917800.00 ns, 6.7254 ns/op
WorkloadResult  45: 14856878 op, 113802600.00 ns, 7.6599 ns/op
WorkloadResult  46: 14856878 op, 117728900.00 ns, 7.9242 ns/op
WorkloadResult  47: 14856878 op, 99257100.00 ns, 6.6809 ns/op
WorkloadResult  48: 14856878 op, 112120500.00 ns, 7.5467 ns/op
WorkloadResult  49: 14856878 op, 111535800.00 ns, 7.5074 ns/op
WorkloadResult  50: 14856878 op, 99539900.00 ns, 6.6999 ns/op
WorkloadResult  51: 14856878 op, 113630000.00 ns, 7.6483 ns/op
WorkloadResult  52: 14856878 op, 115120000.00 ns, 7.7486 ns/op
WorkloadResult  53: 14856878 op, 100541500.00 ns, 6.7673 ns/op
WorkloadResult  54: 14856878 op, 112249900.00 ns, 7.5554 ns/op
WorkloadResult  55: 14856878 op, 115428100.00 ns, 7.7693 ns/op
WorkloadResult  56: 14856878 op, 99296700.00 ns, 6.6836 ns/op
WorkloadResult  57: 14856878 op, 114713300.00 ns, 7.7212 ns/op
WorkloadResult  58: 14856878 op, 116172300.00 ns, 7.8194 ns/op
WorkloadResult  59: 14856878 op, 99044200.00 ns, 6.6666 ns/op
WorkloadResult  60: 14856878 op, 114885700.00 ns, 7.7328 ns/op
WorkloadResult  61: 14856878 op, 113346900.00 ns, 7.6293 ns/op
WorkloadResult  62: 14856878 op, 99969300.00 ns, 6.7288 ns/op
WorkloadResult  63: 14856878 op, 110324800.00 ns, 7.4258 ns/op
WorkloadResult  64: 14856878 op, 113364500.00 ns, 7.6304 ns/op
WorkloadResult  65: 14856878 op, 99894000.00 ns, 6.7238 ns/op
WorkloadResult  66: 14856878 op, 112616900.00 ns, 7.5801 ns/op
WorkloadResult  67: 14856878 op, 116026200.00 ns, 7.8096 ns/op
WorkloadResult  68: 14856878 op, 100523300.00 ns, 6.7661 ns/op
WorkloadResult  69: 14856878 op, 115949800.00 ns, 7.8045 ns/op
WorkloadResult  70: 14856878 op, 115532000.00 ns, 7.7763 ns/op
WorkloadResult  71: 14856878 op, 100997300.00 ns, 6.7980 ns/op
WorkloadResult  72: 14856878 op, 115649200.00 ns, 7.7842 ns/op
WorkloadResult  73: 14856878 op, 117091200.00 ns, 7.8813 ns/op
WorkloadResult  74: 14856878 op, 100983200.00 ns, 6.7971 ns/op
WorkloadResult  75: 14856878 op, 111099000.00 ns, 7.4780 ns/op
WorkloadResult  76: 14856878 op, 116038000.00 ns, 7.8104 ns/op
WorkloadResult  77: 14856878 op, 101250800.00 ns, 6.8151 ns/op
WorkloadResult  78: 14856878 op, 119084500.00 ns, 8.0154 ns/op
WorkloadResult  79: 14856878 op, 117062600.00 ns, 7.8794 ns/op
WorkloadResult  80: 14856878 op, 100694500.00 ns, 6.7776 ns/op
WorkloadResult  81: 14856878 op, 116629800.00 ns, 7.8502 ns/op
WorkloadResult  82: 14856878 op, 116573500.00 ns, 7.8464 ns/op
WorkloadResult  83: 14856878 op, 101171800.00 ns, 6.8098 ns/op
WorkloadResult  84: 14856878 op, 117794500.00 ns, 7.9286 ns/op
WorkloadResult  85: 14856878 op, 117586900.00 ns, 7.9146 ns/op
WorkloadResult  86: 14856878 op, 101455800.00 ns, 6.8289 ns/op
WorkloadResult  87: 14856878 op, 121036300.00 ns, 8.1468 ns/op
WorkloadResult  88: 14856878 op, 117687900.00 ns, 7.9214 ns/op
WorkloadResult  89: 14856878 op, 100967000.00 ns, 6.7960 ns/op
WorkloadResult  90: 14856878 op, 115783200.00 ns, 7.7932 ns/op
WorkloadResult  91: 14856878 op, 117190900.00 ns, 7.8880 ns/op
WorkloadResult  92: 14856878 op, 99780900.00 ns, 6.7161 ns/op
WorkloadResult  93: 14856878 op, 113464200.00 ns, 7.6371 ns/op
WorkloadResult  94: 14856878 op, 114474400.00 ns, 7.7051 ns/op
WorkloadResult  95: 14856878 op, 99272500.00 ns, 6.6819 ns/op
WorkloadResult  96: 14856878 op, 114275800.00 ns, 7.6918 ns/op
WorkloadResult  97: 14856878 op, 116848600.00 ns, 7.8649 ns/op
WorkloadResult  98: 14856878 op, 100542000.00 ns, 6.7674 ns/op
WorkloadResult  99: 14856878 op, 114187900.00 ns, 7.6859 ns/op
WorkloadResult  100: 14856878 op, 113028500.00 ns, 7.6078 ns/op
// GC:  113 0 0 950840192 14856878
// Threading:  0 0 14856878

// AfterAll
// Benchmark Process 1880 has exited with code 0.

Mean = 7.506 ns, StdErr = 0.054 ns (0.72%), N = 100, StdDev = 0.538 ns
Min = 6.667 ns, Q1 = 6.807 ns, Median = 7.686 ns, Q3 = 7.845 ns, Max = 9.010 ns
IQR = 1.038 ns, LowerFence = 5.250 ns, UpperFence = 9.401 ns
ConfidenceInterval = [7.323 ns; 7.688 ns] (CI 99.9%), Margin = 0.183 ns (2.43% of Mean)
Skewness = -0.16, Kurtosis = 2.52, MValue = 3.25

// ** Remained 12 (92.3%) benchmark(s) to run. Estimated finish 2026-02-24 22:03 (0h 2m from now) **
Setup power plan (GUID: 8c5e7fda-e8bf-4a96-9a85-a6e23a8c635c FriendlyName: High performance)
// **************************
// Benchmark: Scenario1.S1_CheckOptionStringErrorWithMessage_EnumerationsOptions: .NET 10.0(Runtime=.NET 10.0, IterationTime=100ms) [Iterations=2]
// *** Execute ***
// Launch: 1 / 1
// Execute: dotnet Enumerations.Options.Benchmarks-1.dll --anonymousPipes 1640 1632 --benchmarkName "ReillyDigital.Enumerations.Options.Benchmarks.Scenarios.Scenario1.S1_CheckOptionStringErrorWithMessage_EnumerationsOptions(Iterations: 2)" --job ".NET 10.0" --benchmarkId 1 in D:\x\devs\reilly-digital\dotnet\enumerations.options.benchmarks\bin\Debug\net10.0\Enumerations.Options.Benchmarks-1\bin\Release\net10.0
// BeforeAnythingElse

// Benchmark Process Environment Information:
// BenchmarkDotNet v0.15.8
// Runtime=.NET 10.0.3 (10.0.3, 10.0.326.7603), X64 RyuJIT x86-64-v3
// GC=Concurrent Workstation
// HardwareIntrinsics=AVX2+BMI1+BMI2+F16C+FMA+LZCNT+MOVBE,AVX,SSE3+SSSE3+SSE4.1+SSE4.2+POPCNT,X86Base+SSE+SSE2,AES+PCLMUL VectorSize=256
// Job: .NET 10.0(IterationTime=100ms)

OverheadJitting  1: 1 op, 112800.00 ns, 112.8000 us/op
WorkloadJitting  1: 1 op, 2179700.00 ns, 2.1797 ms/op

OverheadJitting  2: 16 op, 171000.00 ns, 10.6875 us/op
WorkloadJitting  2: 16 op, 149600.00 ns, 9.3500 us/op

WorkloadPilot    1: 16 op, 4000.00 ns, 250.0000 ns/op
WorkloadPilot    2: 400000 op, 52203000.00 ns, 130.5075 ns/op
WorkloadPilot    3: 766240 op, 70052800.00 ns, 91.4241 ns/op
WorkloadPilot    4: 1093808 op, 17041000.00 ns, 15.5795 ns/op
WorkloadPilot    5: 6418688 op, 91091800.00 ns, 14.1917 ns/op
WorkloadPilot    6: 7046400 op, 97106200.00 ns, 13.7810 ns/op
WorkloadPilot    7: 7256400 op, 99587700.00 ns, 13.7241 ns/op
WorkloadPilot    8: 7286448 op, 98043400.00 ns, 13.4556 ns/op
WorkloadPilot    9: 7431872 op, 100615600.00 ns, 13.5384 ns/op
WorkloadPilot   10: 7386416 op, 99419000.00 ns, 13.4597 ns/op
WorkloadPilot   11: 7429584 op, 107051800.00 ns, 14.4089 ns/op
WorkloadPilot   12: 6940192 op, 93333600.00 ns, 13.4483 ns/op
WorkloadPilot   13: 7435904 op, 103217300.00 ns, 13.8809 ns/op

OverheadWarmup   1: 7435904 op, 18243500.00 ns, 2.4534 ns/op
OverheadWarmup   2: 7435904 op, 18709100.00 ns, 2.5160 ns/op
OverheadWarmup   3: 7435904 op, 18533500.00 ns, 2.4924 ns/op
OverheadWarmup   4: 7435904 op, 18657100.00 ns, 2.5091 ns/op
OverheadWarmup   5: 7435904 op, 18234300.00 ns, 2.4522 ns/op

OverheadActual   1: 7435904 op, 18255300.00 ns, 2.4550 ns/op
OverheadActual   2: 7435904 op, 18338400.00 ns, 2.4662 ns/op
OverheadActual   3: 7435904 op, 18293800.00 ns, 2.4602 ns/op
OverheadActual   4: 7435904 op, 18292300.00 ns, 2.4600 ns/op
OverheadActual   5: 7435904 op, 18276800.00 ns, 2.4579 ns/op
OverheadActual   6: 7435904 op, 18793800.00 ns, 2.5274 ns/op
OverheadActual   7: 7435904 op, 18226700.00 ns, 2.4512 ns/op
OverheadActual   8: 7435904 op, 18224600.00 ns, 2.4509 ns/op
OverheadActual   9: 7435904 op, 18311800.00 ns, 2.4626 ns/op
OverheadActual  10: 7435904 op, 18546200.00 ns, 2.4941 ns/op
OverheadActual  11: 7435904 op, 18261600.00 ns, 2.4559 ns/op
OverheadActual  12: 7435904 op, 11857600.00 ns, 1.5946 ns/op
OverheadActual  13: 7435904 op, 11096300.00 ns, 1.4923 ns/op
OverheadActual  14: 7435904 op, 11844600.00 ns, 1.5929 ns/op
OverheadActual  15: 7435904 op, 11123700.00 ns, 1.4959 ns/op
OverheadActual  16: 7435904 op, 11441200.00 ns, 1.5386 ns/op
OverheadActual  17: 7435904 op, 11183400.00 ns, 1.5040 ns/op
OverheadActual  18: 7435904 op, 11365200.00 ns, 1.5284 ns/op
OverheadActual  19: 7435904 op, 11572900.00 ns, 1.5564 ns/op
OverheadActual  20: 7435904 op, 11158100.00 ns, 1.5006 ns/op

WorkloadWarmup   1: 7435904 op, 103207200.00 ns, 13.8796 ns/op
WorkloadWarmup   2: 7435904 op, 107297800.00 ns, 14.4297 ns/op
WorkloadWarmup   3: 7435904 op, 100229800.00 ns, 13.4792 ns/op
WorkloadWarmup   4: 7435904 op, 99904100.00 ns, 13.4354 ns/op
WorkloadWarmup   5: 7435904 op, 100248300.00 ns, 13.4817 ns/op
WorkloadWarmup   6: 7435904 op, 99508600.00 ns, 13.3822 ns/op

// BeforeActualRun
WorkloadActual   1: 7435904 op, 100920100.00 ns, 13.5720 ns/op
WorkloadActual   2: 7435904 op, 107728900.00 ns, 14.4877 ns/op
WorkloadActual   3: 7435904 op, 109302500.00 ns, 14.6993 ns/op
WorkloadActual   4: 7435904 op, 106085200.00 ns, 14.2666 ns/op
WorkloadActual   5: 7435904 op, 109406200.00 ns, 14.7132 ns/op
WorkloadActual   6: 7435904 op, 108785200.00 ns, 14.6297 ns/op
WorkloadActual   7: 7435904 op, 108622200.00 ns, 14.6078 ns/op
WorkloadActual   8: 7435904 op, 109885000.00 ns, 14.7776 ns/op
WorkloadActual   9: 7435904 op, 110228600.00 ns, 14.8238 ns/op
WorkloadActual  10: 7435904 op, 107654000.00 ns, 14.4776 ns/op
WorkloadActual  11: 7435904 op, 112845100.00 ns, 15.1757 ns/op
WorkloadActual  12: 7435904 op, 111104100.00 ns, 14.9416 ns/op
WorkloadActual  13: 7435904 op, 109373200.00 ns, 14.7088 ns/op
WorkloadActual  14: 7435904 op, 110040800.00 ns, 14.7986 ns/op
WorkloadActual  15: 7435904 op, 106815300.00 ns, 14.3648 ns/op
WorkloadActual  16: 7435904 op, 106673800.00 ns, 14.3458 ns/op
WorkloadActual  17: 7435904 op, 108451000.00 ns, 14.5848 ns/op
WorkloadActual  18: 7435904 op, 109591100.00 ns, 14.7381 ns/op
WorkloadActual  19: 7435904 op, 112628000.00 ns, 15.1465 ns/op
WorkloadActual  20: 7435904 op, 108299200.00 ns, 14.5644 ns/op
WorkloadActual  21: 7435904 op, 106990000.00 ns, 14.3883 ns/op

// AfterActualRun
WorkloadResult   1: 7435904 op, 82694450.00 ns, 11.1210 ns/op
WorkloadResult   2: 7435904 op, 89503250.00 ns, 12.0366 ns/op
WorkloadResult   3: 7435904 op, 91076850.00 ns, 12.2483 ns/op
WorkloadResult   4: 7435904 op, 87859550.00 ns, 11.8156 ns/op
WorkloadResult   5: 7435904 op, 91180550.00 ns, 12.2622 ns/op
WorkloadResult   6: 7435904 op, 90559550.00 ns, 12.1787 ns/op
WorkloadResult   7: 7435904 op, 90396550.00 ns, 12.1568 ns/op
WorkloadResult   8: 7435904 op, 91659350.00 ns, 12.3266 ns/op
WorkloadResult   9: 7435904 op, 92002950.00 ns, 12.3728 ns/op
WorkloadResult  10: 7435904 op, 89428350.00 ns, 12.0266 ns/op
WorkloadResult  11: 7435904 op, 94619450.00 ns, 12.7247 ns/op
WorkloadResult  12: 7435904 op, 92878450.00 ns, 12.4905 ns/op
WorkloadResult  13: 7435904 op, 91147550.00 ns, 12.2578 ns/op
WorkloadResult  14: 7435904 op, 91815150.00 ns, 12.3475 ns/op
WorkloadResult  15: 7435904 op, 88589650.00 ns, 11.9138 ns/op
WorkloadResult  16: 7435904 op, 88448150.00 ns, 11.8947 ns/op
WorkloadResult  17: 7435904 op, 90225350.00 ns, 12.1337 ns/op
WorkloadResult  18: 7435904 op, 91365450.00 ns, 12.2871 ns/op
WorkloadResult  19: 7435904 op, 94402350.00 ns, 12.6955 ns/op
WorkloadResult  20: 7435904 op, 90073550.00 ns, 12.1133 ns/op
WorkloadResult  21: 7435904 op, 88764350.00 ns, 11.9373 ns/op
// GC:  56 0 0 475897856 7435904
// Threading:  0 0 7435904

// AfterAll
// Benchmark Process 9704 has exited with code 0.

Mean = 12.159 ns, StdErr = 0.074 ns (0.61%), N = 21, StdDev = 0.338 ns
Min = 11.121 ns, Q1 = 12.027 ns, Median = 12.179 ns, Q3 = 12.327 ns, Max = 12.725 ns
IQR = 0.300 ns, LowerFence = 11.577 ns, UpperFence = 12.777 ns
ConfidenceInterval = [11.875 ns; 12.443 ns] (CI 99.9%), Margin = 0.284 ns (2.33% of Mean)
Skewness = -1, Kurtosis = 5.08, MValue = 2

// ** Remained 11 (84.6%) benchmark(s) to run. Estimated finish 2026-02-24 22:02 (0h 1m from now) **
Setup power plan (GUID: 8c5e7fda-e8bf-4a96-9a85-a6e23a8c635c FriendlyName: High performance)
// **************************
// Benchmark: Scenario1.S1_CheckOptionStringSuccess_EnumerationsOptions: .NET 10.0(Runtime=.NET 10.0, IterationTime=100ms) [Iterations=2]
// *** Execute ***
// Launch: 1 / 1
// Execute: dotnet Enumerations.Options.Benchmarks-1.dll --anonymousPipes 1672 1676 --benchmarkName "ReillyDigital.Enumerations.Options.Benchmarks.Scenarios.Scenario1.S1_CheckOptionStringSuccess_EnumerationsOptions(Iterations: 2)" --job ".NET 10.0" --benchmarkId 2 in D:\x\devs\reilly-digital\dotnet\enumerations.options.benchmarks\bin\Debug\net10.0\Enumerations.Options.Benchmarks-1\bin\Release\net10.0
// BeforeAnythingElse

// Benchmark Process Environment Information:
// BenchmarkDotNet v0.15.8
// Runtime=.NET 10.0.3 (10.0.3, 10.0.326.7603), X64 RyuJIT x86-64-v3
// GC=Concurrent Workstation
// HardwareIntrinsics=AVX2+BMI1+BMI2+F16C+FMA+LZCNT+MOVBE,AVX,SSE3+SSSE3+SSE4.1+SSE4.2+POPCNT,X86Base+SSE+SSE2,AES+PCLMUL VectorSize=256
// Job: .NET 10.0(IterationTime=100ms)

OverheadJitting  1: 1 op, 106400.00 ns, 106.4000 us/op
WorkloadJitting  1: 1 op, 1444400.00 ns, 1.4444 ms/op

OverheadJitting  2: 16 op, 168800.00 ns, 10.5500 us/op
WorkloadJitting  2: 16 op, 148600.00 ns, 9.2875 us/op

WorkloadPilot    1: 16 op, 2800.00 ns, 175.0000 ns/op
WorkloadPilot    2: 571440 op, 37087200.00 ns, 64.9013 ns/op
WorkloadPilot    3: 1540816 op, 79048700.00 ns, 51.3031 ns/op
WorkloadPilot    4: 1949200 op, 16224300.00 ns, 8.3236 ns/op
WorkloadPilot    5: 12014080 op, 83427200.00 ns, 6.9441 ns/op
WorkloadPilot    6: 14400688 op, 95276700.00 ns, 6.6161 ns/op
WorkloadPilot    7: 15114608 op, 127990300.00 ns, 8.4680 ns/op
WorkloadPilot    8: 11809184 op, 78785600.00 ns, 6.6716 ns/op
WorkloadPilot    9: 14989024 op, 99682800.00 ns, 6.6504 ns/op
WorkloadPilot   10: 15036720 op, 103576500.00 ns, 6.8882 ns/op
WorkloadPilot   11: 14517504 op, 112130500.00 ns, 7.7238 ns/op

OverheadWarmup   1: 14517504 op, 36945600.00 ns, 2.5449 ns/op
OverheadWarmup   2: 14517504 op, 35640500.00 ns, 2.4550 ns/op
OverheadWarmup   3: 14517504 op, 35508300.00 ns, 2.4459 ns/op
OverheadWarmup   4: 14517504 op, 35623600.00 ns, 2.4538 ns/op
OverheadWarmup   5: 14517504 op, 35568300.00 ns, 2.4500 ns/op
OverheadWarmup   6: 14517504 op, 36156900.00 ns, 2.4906 ns/op
OverheadWarmup   7: 14517504 op, 35547900.00 ns, 2.4486 ns/op

OverheadActual   1: 14517504 op, 35584300.00 ns, 2.4511 ns/op
OverheadActual   2: 14517504 op, 35455600.00 ns, 2.4423 ns/op
OverheadActual   3: 14517504 op, 35611800.00 ns, 2.4530 ns/op
OverheadActual   4: 14517504 op, 35553000.00 ns, 2.4490 ns/op
OverheadActual   5: 14517504 op, 35539600.00 ns, 2.4481 ns/op
OverheadActual   6: 14517504 op, 35484700.00 ns, 2.4443 ns/op
OverheadActual   7: 14517504 op, 35543600.00 ns, 2.4483 ns/op
OverheadActual   8: 14517504 op, 23469200.00 ns, 1.6166 ns/op
OverheadActual   9: 14517504 op, 21810200.00 ns, 1.5023 ns/op
OverheadActual  10: 14517504 op, 21713100.00 ns, 1.4956 ns/op
OverheadActual  11: 14517504 op, 21688400.00 ns, 1.4939 ns/op
OverheadActual  12: 14517504 op, 22513200.00 ns, 1.5508 ns/op
OverheadActual  13: 14517504 op, 21674600.00 ns, 1.4930 ns/op
OverheadActual  14: 14517504 op, 22024400.00 ns, 1.5171 ns/op
OverheadActual  15: 14517504 op, 21707500.00 ns, 1.4953 ns/op
OverheadActual  16: 14517504 op, 21681000.00 ns, 1.4934 ns/op
OverheadActual  17: 14517504 op, 22425300.00 ns, 1.5447 ns/op
OverheadActual  18: 14517504 op, 22074100.00 ns, 1.5205 ns/op
OverheadActual  19: 14517504 op, 22143800.00 ns, 1.5253 ns/op
OverheadActual  20: 14517504 op, 22077900.00 ns, 1.5208 ns/op

WorkloadWarmup   1: 14517504 op, 138162100.00 ns, 9.5169 ns/op
WorkloadWarmup   2: 14517504 op, 101415300.00 ns, 6.9857 ns/op
WorkloadWarmup   3: 14517504 op, 95285700.00 ns, 6.5635 ns/op
WorkloadWarmup   4: 14517504 op, 94635600.00 ns, 6.5187 ns/op
WorkloadWarmup   5: 14517504 op, 96583400.00 ns, 6.6529 ns/op
WorkloadWarmup   6: 14517504 op, 95458800.00 ns, 6.5754 ns/op
WorkloadWarmup   7: 14517504 op, 96335700.00 ns, 6.6358 ns/op
WorkloadWarmup   8: 14517504 op, 96460600.00 ns, 6.6444 ns/op
WorkloadWarmup   9: 14517504 op, 95185700.00 ns, 6.5566 ns/op

// BeforeActualRun
WorkloadActual   1: 14517504 op, 108341200.00 ns, 7.4628 ns/op
WorkloadActual   2: 14517504 op, 112474800.00 ns, 7.7475 ns/op
WorkloadActual   3: 14517504 op, 116704500.00 ns, 8.0389 ns/op
WorkloadActual   4: 14517504 op, 114684500.00 ns, 7.8997 ns/op
WorkloadActual   5: 14517504 op, 111800900.00 ns, 7.7011 ns/op
WorkloadActual   6: 14517504 op, 141305600.00 ns, 9.7335 ns/op
WorkloadActual   7: 14517504 op, 154115300.00 ns, 10.6158 ns/op
WorkloadActual   8: 14517504 op, 155317200.00 ns, 10.6986 ns/op
WorkloadActual   9: 14517504 op, 154956100.00 ns, 10.6737 ns/op
WorkloadActual  10: 14517504 op, 102545400.00 ns, 7.0636 ns/op
WorkloadActual  11: 14517504 op, 105192000.00 ns, 7.2459 ns/op
WorkloadActual  12: 14517504 op, 104802600.00 ns, 7.2191 ns/op
WorkloadActual  13: 14517504 op, 116415300.00 ns, 8.0190 ns/op
WorkloadActual  14: 14517504 op, 103483000.00 ns, 7.1282 ns/op
WorkloadActual  15: 14517504 op, 105447200.00 ns, 7.2635 ns/op
WorkloadActual  16: 14517504 op, 104567800.00 ns, 7.2029 ns/op
WorkloadActual  17: 14517504 op, 104236400.00 ns, 7.1800 ns/op
WorkloadActual  18: 14517504 op, 115110500.00 ns, 7.9291 ns/op
WorkloadActual  19: 14517504 op, 103427600.00 ns, 7.1243 ns/op
WorkloadActual  20: 14517504 op, 101838100.00 ns, 7.0148 ns/op
WorkloadActual  21: 14517504 op, 151869500.00 ns, 10.4611 ns/op
WorkloadActual  22: 14517504 op, 145716000.00 ns, 10.0373 ns/op
WorkloadActual  23: 14517504 op, 96853900.00 ns, 6.6715 ns/op
WorkloadActual  24: 14517504 op, 95080900.00 ns, 6.5494 ns/op
WorkloadActual  25: 14517504 op, 95418300.00 ns, 6.5726 ns/op
WorkloadActual  26: 14517504 op, 95417000.00 ns, 6.5725 ns/op
WorkloadActual  27: 14517504 op, 95152400.00 ns, 6.5543 ns/op
WorkloadActual  28: 14517504 op, 94870600.00 ns, 6.5349 ns/op
WorkloadActual  29: 14517504 op, 95235000.00 ns, 6.5600 ns/op
WorkloadActual  30: 14517504 op, 95632200.00 ns, 6.5874 ns/op
WorkloadActual  31: 14517504 op, 94974400.00 ns, 6.5421 ns/op
WorkloadActual  32: 14517504 op, 107895700.00 ns, 7.4321 ns/op
WorkloadActual  33: 14517504 op, 109653400.00 ns, 7.5532 ns/op
WorkloadActual  34: 14517504 op, 97454400.00 ns, 6.7129 ns/op
WorkloadActual  35: 14517504 op, 99394200.00 ns, 6.8465 ns/op
WorkloadActual  36: 14517504 op, 101711200.00 ns, 7.0061 ns/op
WorkloadActual  37: 14517504 op, 107644200.00 ns, 7.4148 ns/op
WorkloadActual  38: 14517504 op, 95986400.00 ns, 6.6118 ns/op
WorkloadActual  39: 14517504 op, 95418500.00 ns, 6.5727 ns/op
WorkloadActual  40: 14517504 op, 95007400.00 ns, 6.5443 ns/op
WorkloadActual  41: 14517504 op, 105618500.00 ns, 7.2753 ns/op
WorkloadActual  42: 14517504 op, 95170500.00 ns, 6.5556 ns/op
WorkloadActual  43: 14517504 op, 95310600.00 ns, 6.5652 ns/op
WorkloadActual  44: 14517504 op, 104967600.00 ns, 7.2304 ns/op
WorkloadActual  45: 14517504 op, 107787900.00 ns, 7.4247 ns/op
WorkloadActual  46: 14517504 op, 96224100.00 ns, 6.6281 ns/op
WorkloadActual  47: 14517504 op, 95333200.00 ns, 6.5668 ns/op
WorkloadActual  48: 14517504 op, 105646300.00 ns, 7.2772 ns/op
WorkloadActual  49: 14517504 op, 103723700.00 ns, 7.1447 ns/op
WorkloadActual  50: 14517504 op, 95574400.00 ns, 6.5834 ns/op
WorkloadActual  51: 14517504 op, 94933400.00 ns, 6.5392 ns/op
WorkloadActual  52: 14517504 op, 101111600.00 ns, 6.9648 ns/op
WorkloadActual  53: 14517504 op, 96245800.00 ns, 6.6296 ns/op
WorkloadActual  54: 14517504 op, 107627300.00 ns, 7.4136 ns/op
WorkloadActual  55: 14517504 op, 153542100.00 ns, 10.5763 ns/op
WorkloadActual  56: 14517504 op, 125136500.00 ns, 8.6197 ns/op
WorkloadActual  57: 14517504 op, 98286300.00 ns, 6.7702 ns/op
WorkloadActual  58: 14517504 op, 98171600.00 ns, 6.7623 ns/op
WorkloadActual  59: 14517504 op, 96256900.00 ns, 6.6304 ns/op
WorkloadActual  60: 14517504 op, 97005100.00 ns, 6.6819 ns/op
WorkloadActual  61: 14517504 op, 99868100.00 ns, 6.8792 ns/op
WorkloadActual  62: 14517504 op, 95073400.00 ns, 6.5489 ns/op
WorkloadActual  63: 14517504 op, 95623900.00 ns, 6.5868 ns/op
WorkloadActual  64: 14517504 op, 95975500.00 ns, 6.6110 ns/op
WorkloadActual  65: 14517504 op, 104049400.00 ns, 7.1672 ns/op
WorkloadActual  66: 14517504 op, 96004000.00 ns, 6.6130 ns/op
WorkloadActual  67: 14517504 op, 95244300.00 ns, 6.5607 ns/op
WorkloadActual  68: 14517504 op, 95067100.00 ns, 6.5484 ns/op
WorkloadActual  69: 14517504 op, 107969200.00 ns, 7.4372 ns/op
WorkloadActual  70: 14517504 op, 95174200.00 ns, 6.5558 ns/op
WorkloadActual  71: 14517504 op, 95103200.00 ns, 6.5509 ns/op
WorkloadActual  72: 14517504 op, 107305500.00 ns, 7.3915 ns/op
WorkloadActual  73: 14517504 op, 102378700.00 ns, 7.0521 ns/op
WorkloadActual  74: 14517504 op, 97080500.00 ns, 6.6871 ns/op
WorkloadActual  75: 14517504 op, 94982100.00 ns, 6.5426 ns/op
WorkloadActual  76: 14517504 op, 96974200.00 ns, 6.6798 ns/op
WorkloadActual  77: 14517504 op, 107321400.00 ns, 7.3926 ns/op
WorkloadActual  78: 14517504 op, 95379200.00 ns, 6.5699 ns/op
WorkloadActual  79: 14517504 op, 96667300.00 ns, 6.6587 ns/op
WorkloadActual  80: 14517504 op, 106557000.00 ns, 7.3399 ns/op
WorkloadActual  81: 14517504 op, 105889000.00 ns, 7.2939 ns/op
WorkloadActual  82: 14517504 op, 96683000.00 ns, 6.6598 ns/op
WorkloadActual  83: 14517504 op, 96874300.00 ns, 6.6729 ns/op
WorkloadActual  84: 14517504 op, 97410000.00 ns, 6.7098 ns/op
WorkloadActual  85: 14517504 op, 104275200.00 ns, 7.1827 ns/op
WorkloadActual  86: 14517504 op, 99560800.00 ns, 6.8580 ns/op
WorkloadActual  87: 14517504 op, 98697800.00 ns, 6.7985 ns/op
WorkloadActual  88: 14517504 op, 101072500.00 ns, 6.9621 ns/op
WorkloadActual  89: 14517504 op, 96910600.00 ns, 6.6754 ns/op
WorkloadActual  90: 14517504 op, 97611700.00 ns, 6.7237 ns/op
WorkloadActual  91: 14517504 op, 96794600.00 ns, 6.6674 ns/op
WorkloadActual  92: 14517504 op, 100425600.00 ns, 6.9176 ns/op
WorkloadActual  93: 14517504 op, 104311600.00 ns, 7.1852 ns/op
WorkloadActual  94: 14517504 op, 96948400.00 ns, 6.6780 ns/op
WorkloadActual  95: 14517504 op, 96764900.00 ns, 6.6654 ns/op
WorkloadActual  96: 14517504 op, 98241600.00 ns, 6.7671 ns/op
WorkloadActual  97: 14517504 op, 97271900.00 ns, 6.7003 ns/op
WorkloadActual  98: 14517504 op, 96879600.00 ns, 6.6733 ns/op
WorkloadActual  99: 14517504 op, 96572800.00 ns, 6.6522 ns/op
WorkloadActual  100: 14517504 op, 100953200.00 ns, 6.9539 ns/op

// AfterActualRun
WorkloadResult   1: 14517504 op, 86056650.00 ns, 5.9278 ns/op
WorkloadResult   2: 14517504 op, 90190250.00 ns, 6.2125 ns/op
WorkloadResult   3: 14517504 op, 94419950.00 ns, 6.5039 ns/op
WorkloadResult   4: 14517504 op, 92399950.00 ns, 6.3647 ns/op
WorkloadResult   5: 14517504 op, 89516350.00 ns, 6.1661 ns/op
WorkloadResult   6: 14517504 op, 80260850.00 ns, 5.5286 ns/op
WorkloadResult   7: 14517504 op, 82907450.00 ns, 5.7109 ns/op
WorkloadResult   8: 14517504 op, 82518050.00 ns, 5.6840 ns/op
WorkloadResult   9: 14517504 op, 94130750.00 ns, 6.4839 ns/op
WorkloadResult  10: 14517504 op, 81198450.00 ns, 5.5931 ns/op
WorkloadResult  11: 14517504 op, 83162650.00 ns, 5.7284 ns/op
WorkloadResult  12: 14517504 op, 82283250.00 ns, 5.6679 ns/op
WorkloadResult  13: 14517504 op, 81951850.00 ns, 5.6450 ns/op
WorkloadResult  14: 14517504 op, 92825950.00 ns, 6.3941 ns/op
WorkloadResult  15: 14517504 op, 81143050.00 ns, 5.5893 ns/op
WorkloadResult  16: 14517504 op, 79553550.00 ns, 5.4798 ns/op
WorkloadResult  17: 14517504 op, 74569350.00 ns, 5.1365 ns/op
WorkloadResult  18: 14517504 op, 72796350.00 ns, 5.0144 ns/op
WorkloadResult  19: 14517504 op, 73133750.00 ns, 5.0376 ns/op
WorkloadResult  20: 14517504 op, 73132450.00 ns, 5.0375 ns/op
WorkloadResult  21: 14517504 op, 72867850.00 ns, 5.0193 ns/op
WorkloadResult  22: 14517504 op, 72586050.00 ns, 4.9999 ns/op
WorkloadResult  23: 14517504 op, 72950450.00 ns, 5.0250 ns/op
WorkloadResult  24: 14517504 op, 73347650.00 ns, 5.0524 ns/op
WorkloadResult  25: 14517504 op, 72689850.00 ns, 5.0070 ns/op
WorkloadResult  26: 14517504 op, 85611150.00 ns, 5.8971 ns/op
WorkloadResult  27: 14517504 op, 87368850.00 ns, 6.0182 ns/op
WorkloadResult  28: 14517504 op, 75169850.00 ns, 5.1779 ns/op
WorkloadResult  29: 14517504 op, 77109650.00 ns, 5.3115 ns/op
WorkloadResult  30: 14517504 op, 79426650.00 ns, 5.4711 ns/op
WorkloadResult  31: 14517504 op, 85359650.00 ns, 5.8798 ns/op
WorkloadResult  32: 14517504 op, 73701850.00 ns, 5.0768 ns/op
WorkloadResult  33: 14517504 op, 73133950.00 ns, 5.0376 ns/op
WorkloadResult  34: 14517504 op, 72722850.00 ns, 5.0093 ns/op
WorkloadResult  35: 14517504 op, 83333950.00 ns, 5.7402 ns/op
WorkloadResult  36: 14517504 op, 72885950.00 ns, 5.0206 ns/op
WorkloadResult  37: 14517504 op, 73026050.00 ns, 5.0302 ns/op
WorkloadResult  38: 14517504 op, 82683050.00 ns, 5.6954 ns/op
WorkloadResult  39: 14517504 op, 85503350.00 ns, 5.8897 ns/op
WorkloadResult  40: 14517504 op, 73939550.00 ns, 5.0931 ns/op
WorkloadResult  41: 14517504 op, 73048650.00 ns, 5.0318 ns/op
WorkloadResult  42: 14517504 op, 83361750.00 ns, 5.7422 ns/op
WorkloadResult  43: 14517504 op, 81439150.00 ns, 5.6097 ns/op
WorkloadResult  44: 14517504 op, 73289850.00 ns, 5.0484 ns/op
WorkloadResult  45: 14517504 op, 72648850.00 ns, 5.0042 ns/op
WorkloadResult  46: 14517504 op, 78827050.00 ns, 5.4298 ns/op
WorkloadResult  47: 14517504 op, 73961250.00 ns, 5.0946 ns/op
WorkloadResult  48: 14517504 op, 85342750.00 ns, 5.8786 ns/op
WorkloadResult  49: 14517504 op, 76001750.00 ns, 5.2352 ns/op
WorkloadResult  50: 14517504 op, 75887050.00 ns, 5.2273 ns/op
WorkloadResult  51: 14517504 op, 73972350.00 ns, 5.0954 ns/op
WorkloadResult  52: 14517504 op, 74720550.00 ns, 5.1469 ns/op
WorkloadResult  53: 14517504 op, 77583550.00 ns, 5.3441 ns/op
WorkloadResult  54: 14517504 op, 72788850.00 ns, 5.0139 ns/op
WorkloadResult  55: 14517504 op, 73339350.00 ns, 5.0518 ns/op
WorkloadResult  56: 14517504 op, 73690950.00 ns, 5.0760 ns/op
WorkloadResult  57: 14517504 op, 81764850.00 ns, 5.6322 ns/op
WorkloadResult  58: 14517504 op, 73719450.00 ns, 5.0780 ns/op
WorkloadResult  59: 14517504 op, 72959750.00 ns, 5.0256 ns/op
WorkloadResult  60: 14517504 op, 72782550.00 ns, 5.0134 ns/op
WorkloadResult  61: 14517504 op, 85684650.00 ns, 5.9022 ns/op
WorkloadResult  62: 14517504 op, 72889650.00 ns, 5.0208 ns/op
WorkloadResult  63: 14517504 op, 72818650.00 ns, 5.0159 ns/op
WorkloadResult  64: 14517504 op, 85020950.00 ns, 5.8564 ns/op
WorkloadResult  65: 14517504 op, 80094150.00 ns, 5.5171 ns/op
WorkloadResult  66: 14517504 op, 74795950.00 ns, 5.1521 ns/op
WorkloadResult  67: 14517504 op, 72697550.00 ns, 5.0076 ns/op
WorkloadResult  68: 14517504 op, 74689650.00 ns, 5.1448 ns/op
WorkloadResult  69: 14517504 op, 85036850.00 ns, 5.8575 ns/op
WorkloadResult  70: 14517504 op, 73094650.00 ns, 5.0349 ns/op
WorkloadResult  71: 14517504 op, 74382750.00 ns, 5.1237 ns/op
WorkloadResult  72: 14517504 op, 84272450.00 ns, 5.8049 ns/op
WorkloadResult  73: 14517504 op, 83604450.00 ns, 5.7589 ns/op
WorkloadResult  74: 14517504 op, 74398450.00 ns, 5.1247 ns/op
WorkloadResult  75: 14517504 op, 74589750.00 ns, 5.1379 ns/op
WorkloadResult  76: 14517504 op, 75125450.00 ns, 5.1748 ns/op
WorkloadResult  77: 14517504 op, 81990650.00 ns, 5.6477 ns/op
WorkloadResult  78: 14517504 op, 77276250.00 ns, 5.3230 ns/op
WorkloadResult  79: 14517504 op, 76413250.00 ns, 5.2635 ns/op
WorkloadResult  80: 14517504 op, 78787950.00 ns, 5.4271 ns/op
WorkloadResult  81: 14517504 op, 74626050.00 ns, 5.1404 ns/op
WorkloadResult  82: 14517504 op, 75327150.00 ns, 5.1887 ns/op
WorkloadResult  83: 14517504 op, 74510050.00 ns, 5.1324 ns/op
WorkloadResult  84: 14517504 op, 78141050.00 ns, 5.3825 ns/op
WorkloadResult  85: 14517504 op, 82027050.00 ns, 5.6502 ns/op
WorkloadResult  86: 14517504 op, 74663850.00 ns, 5.1430 ns/op
WorkloadResult  87: 14517504 op, 74480350.00 ns, 5.1304 ns/op
WorkloadResult  88: 14517504 op, 75957050.00 ns, 5.2321 ns/op
WorkloadResult  89: 14517504 op, 74987350.00 ns, 5.1653 ns/op
WorkloadResult  90: 14517504 op, 74595050.00 ns, 5.1383 ns/op
WorkloadResult  91: 14517504 op, 74288250.00 ns, 5.1172 ns/op
WorkloadResult  92: 14517504 op, 78668650.00 ns, 5.4189 ns/op
// GC:  111 0 0 929120256 14517504
// Threading:  0 0 14517504

// AfterAll
// Benchmark Process 7204 has exited with code 0.

Mean = 5.394 ns, StdErr = 0.041 ns (0.77%), N = 92, StdDev = 0.396 ns
Min = 5.000 ns, Q1 = 5.070 ns, Median = 5.208 ns, Q3 = 5.672 ns, Max = 6.504 ns
IQR = 0.602 ns, LowerFence = 4.167 ns, UpperFence = 6.575 ns
ConfidenceInterval = [5.254 ns; 5.535 ns] (CI 99.9%), Margin = 0.140 ns (2.60% of Mean)
Skewness = 0.98, Kurtosis = 3.07, MValue = 2.18

// ** Remained 10 (76.9%) benchmark(s) to run. Estimated finish 2026-02-24 22:02 (0h 1m from now) **
Setup power plan (GUID: 8c5e7fda-e8bf-4a96-9a85-a6e23a8c635c FriendlyName: High performance)
// **************************
// Benchmark: Scenario1.S1_CheckVoidErrorNoMessage_EnumerationsOptions: .NET 10.0(Runtime=.NET 10.0, IterationTime=100ms) [Iterations=2]
// *** Execute ***
// Launch: 1 / 1
// Execute: dotnet Enumerations.Options.Benchmarks-1.dll --anonymousPipes 1684 1656 --benchmarkName "ReillyDigital.Enumerations.Options.Benchmarks.Scenarios.Scenario1.S1_CheckVoidErrorNoMessage_EnumerationsOptions(Iterations: 2)" --job ".NET 10.0" --benchmarkId 3 in D:\x\devs\reilly-digital\dotnet\enumerations.options.benchmarks\bin\Debug\net10.0\Enumerations.Options.Benchmarks-1\bin\Release\net10.0
// BeforeAnythingElse

// Benchmark Process Environment Information:
// BenchmarkDotNet v0.15.8
// Runtime=.NET 10.0.3 (10.0.3, 10.0.326.7603), X64 RyuJIT x86-64-v3
// GC=Concurrent Workstation
// HardwareIntrinsics=AVX2+BMI1+BMI2+F16C+FMA+LZCNT+MOVBE,AVX,SSE3+SSSE3+SSE4.1+SSE4.2+POPCNT,X86Base+SSE+SSE2,AES+PCLMUL VectorSize=256
// Job: .NET 10.0(IterationTime=100ms)

OverheadJitting  1: 1 op, 115300.00 ns, 115.3000 us/op
WorkloadJitting  1: 1 op, 1272600.00 ns, 1.2726 ms/op

OverheadJitting  2: 16 op, 148100.00 ns, 9.2563 us/op
WorkloadJitting  2: 16 op, 197500.00 ns, 12.3438 us/op

WorkloadPilot    1: 16 op, 3000.00 ns, 187.5000 ns/op
WorkloadPilot    2: 533344 op, 34448400.00 ns, 64.5895 ns/op
WorkloadPilot    3: 1548240 op, 81104700.00 ns, 52.3851 ns/op
WorkloadPilot    4: 1908944 op, 19412400.00 ns, 10.1692 ns/op
WorkloadPilot    5: 9833632 op, 102614800.00 ns, 10.4351 ns/op
WorkloadPilot    6: 9583056 op, 90574100.00 ns, 9.4515 ns/op
WorkloadPilot    7: 10580352 op, 107192600.00 ns, 10.1313 ns/op
WorkloadPilot    8: 9870416 op, 100304100.00 ns, 10.1621 ns/op

OverheadWarmup   1: 9870416 op, 24218300.00 ns, 2.4536 ns/op
OverheadWarmup   2: 9870416 op, 24430400.00 ns, 2.4751 ns/op
OverheadWarmup   3: 9870416 op, 24645600.00 ns, 2.4969 ns/op
OverheadWarmup   4: 9870416 op, 24778400.00 ns, 2.5104 ns/op
OverheadWarmup   5: 9870416 op, 24222400.00 ns, 2.4540 ns/op
OverheadWarmup   6: 9870416 op, 24902100.00 ns, 2.5229 ns/op
OverheadWarmup   7: 9870416 op, 24948300.00 ns, 2.5276 ns/op
OverheadWarmup   8: 9870416 op, 24405900.00 ns, 2.4726 ns/op

OverheadActual   1: 9870416 op, 24224100.00 ns, 2.4542 ns/op
OverheadActual   2: 9870416 op, 24195900.00 ns, 2.4514 ns/op
OverheadActual   3: 9870416 op, 24163300.00 ns, 2.4481 ns/op
OverheadActual   4: 9870416 op, 24838800.00 ns, 2.5165 ns/op
OverheadActual   5: 9870416 op, 24889600.00 ns, 2.5216 ns/op
OverheadActual   6: 9870416 op, 24263900.00 ns, 2.4582 ns/op
OverheadActual   7: 9870416 op, 24224500.00 ns, 2.4543 ns/op
OverheadActual   8: 9870416 op, 24637900.00 ns, 2.4961 ns/op
OverheadActual   9: 9870416 op, 21906900.00 ns, 2.2195 ns/op
OverheadActual  10: 9870416 op, 14912800.00 ns, 1.5109 ns/op
OverheadActual  11: 9870416 op, 14745800.00 ns, 1.4939 ns/op
OverheadActual  12: 9870416 op, 14721100.00 ns, 1.4914 ns/op
OverheadActual  13: 9870416 op, 14729800.00 ns, 1.4923 ns/op
OverheadActual  14: 9870416 op, 14698800.00 ns, 1.4892 ns/op
OverheadActual  15: 9870416 op, 15129100.00 ns, 1.5328 ns/op
OverheadActual  16: 9870416 op, 14847100.00 ns, 1.5042 ns/op
OverheadActual  17: 9870416 op, 14791200.00 ns, 1.4985 ns/op
OverheadActual  18: 9870416 op, 15370700.00 ns, 1.5572 ns/op
OverheadActual  19: 9870416 op, 14769500.00 ns, 1.4963 ns/op
OverheadActual  20: 9870416 op, 14965900.00 ns, 1.5162 ns/op

WorkloadWarmup   1: 9870416 op, 72892700.00 ns, 7.3850 ns/op
WorkloadWarmup   2: 9870416 op, 67003400.00 ns, 6.7883 ns/op
WorkloadWarmup   3: 9870416 op, 69428800.00 ns, 7.0340 ns/op
WorkloadWarmup   4: 9870416 op, 65467200.00 ns, 6.6327 ns/op
WorkloadWarmup   5: 9870416 op, 65074400.00 ns, 6.5929 ns/op
WorkloadWarmup   6: 9870416 op, 65063300.00 ns, 6.5917 ns/op
WorkloadWarmup   7: 9870416 op, 65230100.00 ns, 6.6086 ns/op
WorkloadWarmup   8: 9870416 op, 65940800.00 ns, 6.6807 ns/op
WorkloadWarmup   9: 9870416 op, 65101300.00 ns, 6.5956 ns/op

// BeforeActualRun
WorkloadActual   1: 9870416 op, 104490200.00 ns, 10.5862 ns/op
WorkloadActual   2: 9870416 op, 76058000.00 ns, 7.7057 ns/op
WorkloadActual   3: 9870416 op, 104668900.00 ns, 10.6043 ns/op
WorkloadActual   4: 9870416 op, 71429800.00 ns, 7.2368 ns/op
WorkloadActual   5: 9870416 op, 73449100.00 ns, 7.4413 ns/op
WorkloadActual   6: 9870416 op, 73826500.00 ns, 7.4796 ns/op
WorkloadActual   7: 9870416 op, 100631600.00 ns, 10.1953 ns/op
WorkloadActual   8: 9870416 op, 73062200.00 ns, 7.4021 ns/op
WorkloadActual   9: 9870416 op, 77332300.00 ns, 7.8348 ns/op
WorkloadActual  10: 9870416 op, 72340500.00 ns, 7.3290 ns/op
WorkloadActual  11: 9870416 op, 106459100.00 ns, 10.7857 ns/op
WorkloadActual  12: 9870416 op, 106715200.00 ns, 10.8116 ns/op
WorkloadActual  13: 9870416 op, 70056900.00 ns, 7.0977 ns/op
WorkloadActual  14: 9870416 op, 72824300.00 ns, 7.3780 ns/op
WorkloadActual  15: 9870416 op, 101858300.00 ns, 10.3196 ns/op
WorkloadActual  16: 9870416 op, 69520800.00 ns, 7.0434 ns/op
WorkloadActual  17: 9870416 op, 95926200.00 ns, 9.7186 ns/op
WorkloadActual  18: 9870416 op, 75333800.00 ns, 7.6323 ns/op
WorkloadActual  19: 9870416 op, 106035300.00 ns, 10.7427 ns/op
WorkloadActual  20: 9870416 op, 70104800.00 ns, 7.1025 ns/op
WorkloadActual  21: 9870416 op, 76159500.00 ns, 7.7159 ns/op
WorkloadActual  22: 9870416 op, 67250600.00 ns, 6.8134 ns/op
WorkloadActual  23: 9870416 op, 66288900.00 ns, 6.7159 ns/op
WorkloadActual  24: 9870416 op, 99669500.00 ns, 10.0978 ns/op
WorkloadActual  25: 9870416 op, 64944700.00 ns, 6.5797 ns/op
WorkloadActual  26: 9870416 op, 65192700.00 ns, 6.6049 ns/op
WorkloadActual  27: 9870416 op, 97100000.00 ns, 9.8375 ns/op
WorkloadActual  28: 9870416 op, 100080300.00 ns, 10.1394 ns/op
WorkloadActual  29: 9870416 op, 100272400.00 ns, 10.1589 ns/op
WorkloadActual  30: 9870416 op, 98562200.00 ns, 9.9856 ns/op
WorkloadActual  31: 9870416 op, 64998900.00 ns, 6.5852 ns/op
WorkloadActual  32: 9870416 op, 65002900.00 ns, 6.5856 ns/op
WorkloadActual  33: 9870416 op, 97987000.00 ns, 9.9273 ns/op
WorkloadActual  34: 9870416 op, 65849000.00 ns, 6.6714 ns/op
WorkloadActual  35: 9870416 op, 65367100.00 ns, 6.6225 ns/op
WorkloadActual  36: 9870416 op, 99727800.00 ns, 10.1037 ns/op
WorkloadActual  37: 9870416 op, 65313300.00 ns, 6.6171 ns/op
WorkloadActual  38: 9870416 op, 65170300.00 ns, 6.6026 ns/op
WorkloadActual  39: 9870416 op, 98460600.00 ns, 9.9753 ns/op
WorkloadActual  40: 9870416 op, 100062100.00 ns, 10.1376 ns/op
WorkloadActual  41: 9870416 op, 65111600.00 ns, 6.5966 ns/op
WorkloadActual  42: 9870416 op, 96719100.00 ns, 9.7989 ns/op
WorkloadActual  43: 9870416 op, 99949300.00 ns, 10.1261 ns/op
WorkloadActual  44: 9870416 op, 100156300.00 ns, 10.1471 ns/op
WorkloadActual  45: 9870416 op, 100026800.00 ns, 10.1340 ns/op
WorkloadActual  46: 9870416 op, 99900100.00 ns, 10.1212 ns/op
WorkloadActual  47: 9870416 op, 100524600.00 ns, 10.1844 ns/op
WorkloadActual  48: 9870416 op, 100190900.00 ns, 10.1506 ns/op
WorkloadActual  49: 9870416 op, 65514100.00 ns, 6.6374 ns/op
WorkloadActual  50: 9870416 op, 66107000.00 ns, 6.6975 ns/op
WorkloadActual  51: 9870416 op, 96135100.00 ns, 9.7397 ns/op
WorkloadActual  52: 9870416 op, 100051100.00 ns, 10.1365 ns/op
WorkloadActual  53: 9870416 op, 65199300.00 ns, 6.6055 ns/op
WorkloadActual  54: 9870416 op, 93018100.00 ns, 9.4239 ns/op
WorkloadActual  55: 9870416 op, 100194600.00 ns, 10.1510 ns/op
WorkloadActual  56: 9870416 op, 64944500.00 ns, 6.5797 ns/op
WorkloadActual  57: 9870416 op, 99664000.00 ns, 10.0972 ns/op
WorkloadActual  58: 9870416 op, 65034700.00 ns, 6.5889 ns/op
WorkloadActual  59: 9870416 op, 65114600.00 ns, 6.5969 ns/op
WorkloadActual  60: 9870416 op, 97980100.00 ns, 9.9266 ns/op
WorkloadActual  61: 9870416 op, 100483600.00 ns, 10.1803 ns/op
WorkloadActual  62: 9870416 op, 100425300.00 ns, 10.1744 ns/op
WorkloadActual  63: 9870416 op, 100145400.00 ns, 10.1460 ns/op
WorkloadActual  64: 9870416 op, 65082000.00 ns, 6.5936 ns/op
WorkloadActual  65: 9870416 op, 65364800.00 ns, 6.6223 ns/op
WorkloadActual  66: 9870416 op, 97184200.00 ns, 9.8460 ns/op
WorkloadActual  67: 9870416 op, 100358700.00 ns, 10.1676 ns/op
WorkloadActual  68: 9870416 op, 100098100.00 ns, 10.1412 ns/op
WorkloadActual  69: 9870416 op, 100220300.00 ns, 10.1536 ns/op
WorkloadActual  70: 9870416 op, 100331300.00 ns, 10.1649 ns/op
WorkloadActual  71: 9870416 op, 99835100.00 ns, 10.1146 ns/op
WorkloadActual  72: 9870416 op, 100021600.00 ns, 10.1335 ns/op
WorkloadActual  73: 9870416 op, 100640300.00 ns, 10.1962 ns/op
WorkloadActual  74: 9870416 op, 101939600.00 ns, 10.3278 ns/op
WorkloadActual  75: 9870416 op, 100218900.00 ns, 10.1535 ns/op
WorkloadActual  76: 9870416 op, 100102600.00 ns, 10.1417 ns/op
WorkloadActual  77: 9870416 op, 65064600.00 ns, 6.5919 ns/op
WorkloadActual  78: 9870416 op, 99681000.00 ns, 10.0990 ns/op
WorkloadActual  79: 9870416 op, 100766900.00 ns, 10.2090 ns/op
WorkloadActual  80: 9870416 op, 100682100.00 ns, 10.2004 ns/op
WorkloadActual  81: 9870416 op, 100625500.00 ns, 10.1947 ns/op
WorkloadActual  82: 9870416 op, 100007900.00 ns, 10.1321 ns/op
WorkloadActual  83: 9870416 op, 99845400.00 ns, 10.1156 ns/op
WorkloadActual  84: 9870416 op, 100238200.00 ns, 10.1554 ns/op
WorkloadActual  85: 9870416 op, 100086800.00 ns, 10.1401 ns/op
WorkloadActual  86: 9870416 op, 65320300.00 ns, 6.6178 ns/op
WorkloadActual  87: 9870416 op, 94493300.00 ns, 9.5734 ns/op
WorkloadActual  88: 9870416 op, 64807000.00 ns, 6.5658 ns/op
WorkloadActual  89: 9870416 op, 65271400.00 ns, 6.6128 ns/op
WorkloadActual  90: 9870416 op, 100106800.00 ns, 10.1421 ns/op
WorkloadActual  91: 9870416 op, 99862800.00 ns, 10.1174 ns/op
WorkloadActual  92: 9870416 op, 100070400.00 ns, 10.1384 ns/op
WorkloadActual  93: 9870416 op, 99026200.00 ns, 10.0326 ns/op
WorkloadActual  94: 9870416 op, 100386400.00 ns, 10.1704 ns/op
WorkloadActual  95: 9870416 op, 64984500.00 ns, 6.5838 ns/op
WorkloadActual  96: 9870416 op, 98841800.00 ns, 10.0139 ns/op
WorkloadActual  97: 9870416 op, 99793500.00 ns, 10.1104 ns/op
WorkloadActual  98: 9870416 op, 65850500.00 ns, 6.6715 ns/op
WorkloadActual  99: 9870416 op, 96178000.00 ns, 9.7441 ns/op
WorkloadActual  100: 9870416 op, 100369300.00 ns, 10.1687 ns/op

// AfterActualRun
WorkloadResult   1: 9870416 op, 89240300.00 ns, 9.0412 ns/op
WorkloadResult   2: 9870416 op, 60808100.00 ns, 6.1606 ns/op
WorkloadResult   3: 9870416 op, 89419000.00 ns, 9.0593 ns/op
WorkloadResult   4: 9870416 op, 56179900.00 ns, 5.6917 ns/op
WorkloadResult   5: 9870416 op, 58199200.00 ns, 5.8963 ns/op
WorkloadResult   6: 9870416 op, 58576600.00 ns, 5.9346 ns/op
WorkloadResult   7: 9870416 op, 85381700.00 ns, 8.6503 ns/op
WorkloadResult   8: 9870416 op, 57812300.00 ns, 5.8571 ns/op
WorkloadResult   9: 9870416 op, 62082400.00 ns, 6.2897 ns/op
WorkloadResult  10: 9870416 op, 57090600.00 ns, 5.7840 ns/op
WorkloadResult  11: 9870416 op, 91209200.00 ns, 9.2407 ns/op
WorkloadResult  12: 9870416 op, 91465300.00 ns, 9.2666 ns/op
WorkloadResult  13: 9870416 op, 54807000.00 ns, 5.5527 ns/op
WorkloadResult  14: 9870416 op, 57574400.00 ns, 5.8330 ns/op
WorkloadResult  15: 9870416 op, 86608400.00 ns, 8.7745 ns/op
WorkloadResult  16: 9870416 op, 54270900.00 ns, 5.4983 ns/op
WorkloadResult  17: 9870416 op, 80676300.00 ns, 8.1735 ns/op
WorkloadResult  18: 9870416 op, 60083900.00 ns, 6.0873 ns/op
WorkloadResult  19: 9870416 op, 90785400.00 ns, 9.1977 ns/op
WorkloadResult  20: 9870416 op, 54854900.00 ns, 5.5575 ns/op
WorkloadResult  21: 9870416 op, 60909600.00 ns, 6.1709 ns/op
WorkloadResult  22: 9870416 op, 52000700.00 ns, 5.2683 ns/op
WorkloadResult  23: 9870416 op, 51039000.00 ns, 5.1709 ns/op
WorkloadResult  24: 9870416 op, 84419600.00 ns, 8.5528 ns/op
WorkloadResult  25: 9870416 op, 49694800.00 ns, 5.0347 ns/op
WorkloadResult  26: 9870416 op, 49942800.00 ns, 5.0598 ns/op
WorkloadResult  27: 9870416 op, 81850100.00 ns, 8.2925 ns/op
WorkloadResult  28: 9870416 op, 84830400.00 ns, 8.5944 ns/op
WorkloadResult  29: 9870416 op, 85022500.00 ns, 8.6139 ns/op
WorkloadResult  30: 9870416 op, 83312300.00 ns, 8.4406 ns/op
WorkloadResult  31: 9870416 op, 49749000.00 ns, 5.0402 ns/op
WorkloadResult  32: 9870416 op, 49753000.00 ns, 5.0406 ns/op
WorkloadResult  33: 9870416 op, 82737100.00 ns, 8.3823 ns/op
WorkloadResult  34: 9870416 op, 50599100.00 ns, 5.1263 ns/op
WorkloadResult  35: 9870416 op, 50117200.00 ns, 5.0775 ns/op
WorkloadResult  36: 9870416 op, 84477900.00 ns, 8.5587 ns/op
WorkloadResult  37: 9870416 op, 50063400.00 ns, 5.0721 ns/op
WorkloadResult  38: 9870416 op, 49920400.00 ns, 5.0576 ns/op
WorkloadResult  39: 9870416 op, 83210700.00 ns, 8.4303 ns/op
WorkloadResult  40: 9870416 op, 84812200.00 ns, 8.5926 ns/op
WorkloadResult  41: 9870416 op, 49861700.00 ns, 5.0516 ns/op
WorkloadResult  42: 9870416 op, 81469200.00 ns, 8.2539 ns/op
WorkloadResult  43: 9870416 op, 84699400.00 ns, 8.5811 ns/op
WorkloadResult  44: 9870416 op, 84906400.00 ns, 8.6021 ns/op
WorkloadResult  45: 9870416 op, 84776900.00 ns, 8.5890 ns/op
WorkloadResult  46: 9870416 op, 84650200.00 ns, 8.5762 ns/op
WorkloadResult  47: 9870416 op, 85274700.00 ns, 8.6394 ns/op
WorkloadResult  48: 9870416 op, 84941000.00 ns, 8.6056 ns/op
WorkloadResult  49: 9870416 op, 50264200.00 ns, 5.0924 ns/op
WorkloadResult  50: 9870416 op, 50857100.00 ns, 5.1525 ns/op
WorkloadResult  51: 9870416 op, 80885200.00 ns, 8.1947 ns/op
WorkloadResult  52: 9870416 op, 84801200.00 ns, 8.5915 ns/op
WorkloadResult  53: 9870416 op, 49949400.00 ns, 5.0605 ns/op
WorkloadResult  54: 9870416 op, 77768200.00 ns, 7.8789 ns/op
WorkloadResult  55: 9870416 op, 84944700.00 ns, 8.6060 ns/op
WorkloadResult  56: 9870416 op, 49694600.00 ns, 5.0347 ns/op
WorkloadResult  57: 9870416 op, 84414100.00 ns, 8.5522 ns/op
WorkloadResult  58: 9870416 op, 49784800.00 ns, 5.0438 ns/op
WorkloadResult  59: 9870416 op, 49864700.00 ns, 5.0519 ns/op
WorkloadResult  60: 9870416 op, 82730200.00 ns, 8.3816 ns/op
WorkloadResult  61: 9870416 op, 85233700.00 ns, 8.6353 ns/op
WorkloadResult  62: 9870416 op, 85175400.00 ns, 8.6294 ns/op
WorkloadResult  63: 9870416 op, 84895500.00 ns, 8.6010 ns/op
WorkloadResult  64: 9870416 op, 49832100.00 ns, 5.0486 ns/op
WorkloadResult  65: 9870416 op, 50114900.00 ns, 5.0773 ns/op
WorkloadResult  66: 9870416 op, 81934300.00 ns, 8.3010 ns/op
WorkloadResult  67: 9870416 op, 85108800.00 ns, 8.6226 ns/op
WorkloadResult  68: 9870416 op, 84848200.00 ns, 8.5962 ns/op
WorkloadResult  69: 9870416 op, 84970400.00 ns, 8.6086 ns/op
WorkloadResult  70: 9870416 op, 85081400.00 ns, 8.6198 ns/op
WorkloadResult  71: 9870416 op, 84585200.00 ns, 8.5696 ns/op
WorkloadResult  72: 9870416 op, 84771700.00 ns, 8.5885 ns/op
WorkloadResult  73: 9870416 op, 85390400.00 ns, 8.6511 ns/op
WorkloadResult  74: 9870416 op, 86689700.00 ns, 8.7828 ns/op
WorkloadResult  75: 9870416 op, 84969000.00 ns, 8.6085 ns/op
WorkloadResult  76: 9870416 op, 84852700.00 ns, 8.5967 ns/op
WorkloadResult  77: 9870416 op, 49814700.00 ns, 5.0469 ns/op
WorkloadResult  78: 9870416 op, 84431100.00 ns, 8.5540 ns/op
WorkloadResult  79: 9870416 op, 85517000.00 ns, 8.6640 ns/op
WorkloadResult  80: 9870416 op, 85432200.00 ns, 8.6554 ns/op
WorkloadResult  81: 9870416 op, 85375600.00 ns, 8.6496 ns/op
WorkloadResult  82: 9870416 op, 84758000.00 ns, 8.5871 ns/op
WorkloadResult  83: 9870416 op, 84595500.00 ns, 8.5706 ns/op
WorkloadResult  84: 9870416 op, 84988300.00 ns, 8.6104 ns/op
WorkloadResult  85: 9870416 op, 84836900.00 ns, 8.5951 ns/op
WorkloadResult  86: 9870416 op, 50070400.00 ns, 5.0728 ns/op
WorkloadResult  87: 9870416 op, 79243400.00 ns, 8.0284 ns/op
WorkloadResult  88: 9870416 op, 49557100.00 ns, 5.0208 ns/op
WorkloadResult  89: 9870416 op, 50021500.00 ns, 5.0678 ns/op
WorkloadResult  90: 9870416 op, 84856900.00 ns, 8.5971 ns/op
WorkloadResult  91: 9870416 op, 84612900.00 ns, 8.5724 ns/op
WorkloadResult  92: 9870416 op, 84820500.00 ns, 8.5934 ns/op
WorkloadResult  93: 9870416 op, 83776300.00 ns, 8.4876 ns/op
WorkloadResult  94: 9870416 op, 85136500.00 ns, 8.6254 ns/op
WorkloadResult  95: 9870416 op, 49734600.00 ns, 5.0388 ns/op
WorkloadResult  96: 9870416 op, 83591900.00 ns, 8.4689 ns/op
WorkloadResult  97: 9870416 op, 84543600.00 ns, 8.5654 ns/op
WorkloadResult  98: 9870416 op, 50600600.00 ns, 5.1265 ns/op
WorkloadResult  99: 9870416 op, 80928100.00 ns, 8.1991 ns/op
WorkloadResult  100: 9870416 op, 85119400.00 ns, 8.6237 ns/op
// GC:  75 0 0 631706624 9870416
// Threading:  0 0 9870416

// AfterAll
// Benchmark Process 9948 has exited with code 0.

Mean = 7.352 ns, StdErr = 0.161 ns (2.19%), N = 100, StdDev = 1.607 ns
Min = 5.021 ns, Q1 = 5.441 ns, Median = 8.455 ns, Q3 = 8.603 ns, Max = 9.267 ns
IQR = 3.162 ns, LowerFence = 0.698 ns, UpperFence = 13.346 ns
ConfidenceInterval = [6.807 ns; 7.897 ns] (CI 99.9%), Margin = 0.545 ns (7.41% of Mean)
Skewness = -0.51, Kurtosis = 1.38, MValue = 3.23

// ** Remained 9 (69.2%) benchmark(s) to run. Estimated finish 2026-02-24 22:02 (0h 1m from now) **
Setup power plan (GUID: 8c5e7fda-e8bf-4a96-9a85-a6e23a8c635c FriendlyName: High performance)
// **************************
// Benchmark: Scenario1.S1_CheckVoidErrorWithMessage_EnumerationsOptions: .NET 10.0(Runtime=.NET 10.0, IterationTime=100ms) [Iterations=2]
// *** Execute ***
// Launch: 1 / 1
// Execute: dotnet Enumerations.Options.Benchmarks-1.dll --anonymousPipes 1712 1696 --benchmarkName "ReillyDigital.Enumerations.Options.Benchmarks.Scenarios.Scenario1.S1_CheckVoidErrorWithMessage_EnumerationsOptions(Iterations: 2)" --job ".NET 10.0" --benchmarkId 4 in D:\x\devs\reilly-digital\dotnet\enumerations.options.benchmarks\bin\Debug\net10.0\Enumerations.Options.Benchmarks-1\bin\Release\net10.0
// BeforeAnythingElse

// Benchmark Process Environment Information:
// BenchmarkDotNet v0.15.8
// Runtime=.NET 10.0.3 (10.0.3, 10.0.326.7603), X64 RyuJIT x86-64-v3
// GC=Concurrent Workstation
// HardwareIntrinsics=AVX2+BMI1+BMI2+F16C+FMA+LZCNT+MOVBE,AVX,SSE3+SSSE3+SSE4.1+SSE4.2+POPCNT,X86Base+SSE+SSE2,AES+PCLMUL VectorSize=256
// Job: .NET 10.0(IterationTime=100ms)

OverheadJitting  1: 1 op, 107100.00 ns, 107.1000 us/op
WorkloadJitting  1: 1 op, 2553000.00 ns, 2.5530 ms/op

OverheadJitting  2: 16 op, 178400.00 ns, 11.1500 us/op
WorkloadJitting  2: 16 op, 147500.00 ns, 9.2188 us/op

WorkloadPilot    1: 16 op, 3200.00 ns, 200.0000 ns/op
WorkloadPilot    2: 500000 op, 62757700.00 ns, 125.5154 ns/op
WorkloadPilot    3: 796720 op, 63410900.00 ns, 79.5899 ns/op
WorkloadPilot    4: 1256448 op, 20919500.00 ns, 16.6497 ns/op
WorkloadPilot    5: 6006112 op, 81995300.00 ns, 13.6520 ns/op
WorkloadPilot    6: 7324960 op, 99298500.00 ns, 13.5562 ns/op
WorkloadPilot    7: 7376720 op, 99993800.00 ns, 13.5553 ns/op
WorkloadPilot    8: 7377184 op, 99344700.00 ns, 13.4665 ns/op
WorkloadPilot    9: 7425856 op, 100302200.00 ns, 13.5072 ns/op
WorkloadPilot   10: 7403488 op, 100070000.00 ns, 13.5166 ns/op
WorkloadPilot   11: 7398320 op, 100298000.00 ns, 13.5569 ns/op

OverheadWarmup   1: 7398320 op, 18277800.00 ns, 2.4705 ns/op
OverheadWarmup   2: 7398320 op, 18774800.00 ns, 2.5377 ns/op
OverheadWarmup   3: 7398320 op, 18243900.00 ns, 2.4660 ns/op
OverheadWarmup   4: 7398320 op, 18328400.00 ns, 2.4774 ns/op
OverheadWarmup   5: 7398320 op, 18246700.00 ns, 2.4663 ns/op

OverheadActual   1: 7398320 op, 18179500.00 ns, 2.4572 ns/op
OverheadActual   2: 7398320 op, 18090600.00 ns, 2.4452 ns/op
OverheadActual   3: 7398320 op, 18084900.00 ns, 2.4445 ns/op
OverheadActual   4: 7398320 op, 18095500.00 ns, 2.4459 ns/op
OverheadActual   5: 7398320 op, 18085000.00 ns, 2.4445 ns/op
OverheadActual   6: 7398320 op, 18614400.00 ns, 2.5160 ns/op
OverheadActual   7: 7398320 op, 18254200.00 ns, 2.4673 ns/op
OverheadActual   8: 7398320 op, 18768700.00 ns, 2.5369 ns/op
OverheadActual   9: 7398320 op, 18215800.00 ns, 2.4622 ns/op
OverheadActual  10: 7398320 op, 18165200.00 ns, 2.4553 ns/op
OverheadActual  11: 7398320 op, 18621300.00 ns, 2.5170 ns/op
OverheadActual  12: 7398320 op, 13139300.00 ns, 1.7760 ns/op
OverheadActual  13: 7398320 op, 11061900.00 ns, 1.4952 ns/op
OverheadActual  14: 7398320 op, 11285400.00 ns, 1.5254 ns/op
OverheadActual  15: 7398320 op, 11298300.00 ns, 1.5271 ns/op
OverheadActual  16: 7398320 op, 11585300.00 ns, 1.5659 ns/op
OverheadActual  17: 7398320 op, 11198900.00 ns, 1.5137 ns/op
OverheadActual  18: 7398320 op, 11014700.00 ns, 1.4888 ns/op
OverheadActual  19: 7398320 op, 11067100.00 ns, 1.4959 ns/op
OverheadActual  20: 7398320 op, 11038300.00 ns, 1.4920 ns/op

WorkloadWarmup   1: 7398320 op, 103632600.00 ns, 14.0076 ns/op
WorkloadWarmup   2: 7398320 op, 107119700.00 ns, 14.4789 ns/op
WorkloadWarmup   3: 7398320 op, 101423900.00 ns, 13.7090 ns/op
WorkloadWarmup   4: 7398320 op, 98923500.00 ns, 13.3711 ns/op
WorkloadWarmup   5: 7398320 op, 99301400.00 ns, 13.4222 ns/op
WorkloadWarmup   6: 7398320 op, 99684500.00 ns, 13.4739 ns/op
WorkloadWarmup   7: 7398320 op, 99874900.00 ns, 13.4997 ns/op
WorkloadWarmup   8: 7398320 op, 99835200.00 ns, 13.4943 ns/op

// BeforeActualRun
WorkloadActual   1: 7398320 op, 104198500.00 ns, 14.0841 ns/op
WorkloadActual   2: 7398320 op, 109262300.00 ns, 14.7685 ns/op
WorkloadActual   3: 7398320 op, 107640400.00 ns, 14.5493 ns/op
WorkloadActual   4: 7398320 op, 107566800.00 ns, 14.5394 ns/op
WorkloadActual   5: 7398320 op, 107582300.00 ns, 14.5414 ns/op
WorkloadActual   6: 7398320 op, 107244000.00 ns, 14.4957 ns/op
WorkloadActual   7: 7398320 op, 107604600.00 ns, 14.5445 ns/op
WorkloadActual   8: 7398320 op, 105819700.00 ns, 14.3032 ns/op
WorkloadActual   9: 7398320 op, 108366600.00 ns, 14.6475 ns/op
WorkloadActual  10: 7398320 op, 107761300.00 ns, 14.5656 ns/op
WorkloadActual  11: 7398320 op, 107897200.00 ns, 14.5840 ns/op
WorkloadActual  12: 7398320 op, 107355500.00 ns, 14.5108 ns/op
WorkloadActual  13: 7398320 op, 107414700.00 ns, 14.5188 ns/op
WorkloadActual  14: 7398320 op, 107735800.00 ns, 14.5622 ns/op
WorkloadActual  15: 7398320 op, 107672600.00 ns, 14.5537 ns/op

// AfterActualRun
WorkloadResult   1: 7398320 op, 86113550.00 ns, 11.6396 ns/op
WorkloadResult   2: 7398320 op, 89555450.00 ns, 12.1048 ns/op
WorkloadResult   3: 7398320 op, 89481850.00 ns, 12.0949 ns/op
WorkloadResult   4: 7398320 op, 89497350.00 ns, 12.0970 ns/op
WorkloadResult   5: 7398320 op, 89159050.00 ns, 12.0513 ns/op
WorkloadResult   6: 7398320 op, 89519650.00 ns, 12.1000 ns/op
WorkloadResult   7: 7398320 op, 87734750.00 ns, 11.8587 ns/op
WorkloadResult   8: 7398320 op, 89676350.00 ns, 12.1212 ns/op
WorkloadResult   9: 7398320 op, 89812250.00 ns, 12.1395 ns/op
WorkloadResult  10: 7398320 op, 89270550.00 ns, 12.0663 ns/op
WorkloadResult  11: 7398320 op, 89329750.00 ns, 12.0743 ns/op
WorkloadResult  12: 7398320 op, 89650850.00 ns, 12.1177 ns/op
WorkloadResult  13: 7398320 op, 89587650.00 ns, 12.1092 ns/op
// GC:  56 0 0 473492480 7398320
// Threading:  0 0 7398320

// AfterAll
// Benchmark Process 8248 has exited with code 0.

Mean = 12.044 ns, StdErr = 0.039 ns (0.32%), N = 13, StdDev = 0.140 ns
Min = 11.640 ns, Q1 = 12.066 ns, Median = 12.097 ns, Q3 = 12.109 ns, Max = 12.140 ns
IQR = 0.043 ns, LowerFence = 12.002 ns, UpperFence = 12.173 ns
ConfidenceInterval = [11.876 ns; 12.212 ns] (CI 99.9%), Margin = 0.168 ns (1.40% of Mean)
Skewness = -1.95, Kurtosis = 5.59, MValue = 2

// ** Remained 8 (61.5%) benchmark(s) to run. Estimated finish 2026-02-24 22:02 (0h 1m from now) **
Setup power plan (GUID: 8c5e7fda-e8bf-4a96-9a85-a6e23a8c635c FriendlyName: High performance)
// **************************
// Benchmark: Scenario1.S1_CheckVoidSuccess_EnumerationsOptions: .NET 10.0(Runtime=.NET 10.0, IterationTime=100ms) [Iterations=2]
// *** Execute ***
// Launch: 1 / 1
// Execute: dotnet Enumerations.Options.Benchmarks-1.dll --anonymousPipes 1712 1696 --benchmarkName "ReillyDigital.Enumerations.Options.Benchmarks.Scenarios.Scenario1.S1_CheckVoidSuccess_EnumerationsOptions(Iterations: 2)" --job ".NET 10.0" --benchmarkId 5 in D:\x\devs\reilly-digital\dotnet\enumerations.options.benchmarks\bin\Debug\net10.0\Enumerations.Options.Benchmarks-1\bin\Release\net10.0
// BeforeAnythingElse

// Benchmark Process Environment Information:
// BenchmarkDotNet v0.15.8
// Runtime=.NET 10.0.3 (10.0.3, 10.0.326.7603), X64 RyuJIT x86-64-v3
// GC=Concurrent Workstation
// HardwareIntrinsics=AVX2+BMI1+BMI2+F16C+FMA+LZCNT+MOVBE,AVX,SSE3+SSSE3+SSE4.1+SSE4.2+POPCNT,X86Base+SSE+SSE2,AES+PCLMUL VectorSize=256
// Job: .NET 10.0(IterationTime=100ms)

OverheadJitting  1: 1 op, 110000.00 ns, 110.0000 us/op
WorkloadJitting  1: 1 op, 1062900.00 ns, 1.0629 ms/op

OverheadJitting  2: 16 op, 168800.00 ns, 10.5500 us/op
WorkloadJitting  2: 16 op, 175500.00 ns, 10.9688 us/op

WorkloadPilot    1: 16 op, 2800.00 ns, 175.0000 ns/op
WorkloadPilot    2: 571440 op, 29651800.00 ns, 51.8896 ns/op
WorkloadPilot    3: 1927168 op, 90041800.00 ns, 46.7223 ns/op
WorkloadPilot    4: 2140304 op, 29722500.00 ns, 13.8870 ns/op
WorkloadPilot    5: 7200960 op, 85677500.00 ns, 11.8981 ns/op
WorkloadPilot    6: 8404736 op, 77929200.00 ns, 9.2721 ns/op
WorkloadPilot    7: 10785104 op, 99610600.00 ns, 9.2359 ns/op
WorkloadPilot    8: 10827280 op, 100511900.00 ns, 9.2832 ns/op
WorkloadPilot    9: 10772144 op, 98837900.00 ns, 9.1753 ns/op
WorkloadPilot   10: 10898800 op, 100239500.00 ns, 9.1973 ns/op
WorkloadPilot   11: 10872768 op, 113655700.00 ns, 10.4532 ns/op

OverheadWarmup   1: 10872768 op, 27827200.00 ns, 2.5593 ns/op
OverheadWarmup   2: 10872768 op, 26703000.00 ns, 2.4560 ns/op
OverheadWarmup   3: 10872768 op, 27204500.00 ns, 2.5021 ns/op
OverheadWarmup   4: 10872768 op, 27225500.00 ns, 2.5040 ns/op
OverheadWarmup   5: 10872768 op, 26651700.00 ns, 2.4512 ns/op
OverheadWarmup   6: 10872768 op, 27154900.00 ns, 2.4975 ns/op
OverheadWarmup   7: 10872768 op, 26580000.00 ns, 2.4446 ns/op

OverheadActual   1: 10872768 op, 26724300.00 ns, 2.4579 ns/op
OverheadActual   2: 10872768 op, 26758100.00 ns, 2.4610 ns/op
OverheadActual   3: 10872768 op, 26804900.00 ns, 2.4653 ns/op
OverheadActual   4: 10872768 op, 26779300.00 ns, 2.4630 ns/op
OverheadActual   5: 10872768 op, 26708700.00 ns, 2.4565 ns/op
OverheadActual   6: 10872768 op, 27373200.00 ns, 2.5176 ns/op
OverheadActual   7: 10872768 op, 26675200.00 ns, 2.4534 ns/op
OverheadActual   8: 10872768 op, 26607800.00 ns, 2.4472 ns/op
OverheadActual   9: 10872768 op, 17773000.00 ns, 1.6346 ns/op
OverheadActual  10: 10872768 op, 16293100.00 ns, 1.4985 ns/op
OverheadActual  11: 10872768 op, 16266100.00 ns, 1.4960 ns/op
OverheadActual  12: 10872768 op, 16212700.00 ns, 1.4911 ns/op
OverheadActual  13: 10872768 op, 16762200.00 ns, 1.5417 ns/op
OverheadActual  14: 10872768 op, 16228300.00 ns, 1.4926 ns/op
OverheadActual  15: 10872768 op, 16193800.00 ns, 1.4894 ns/op
OverheadActual  16: 10872768 op, 16739400.00 ns, 1.5396 ns/op
OverheadActual  17: 10872768 op, 16213600.00 ns, 1.4912 ns/op
OverheadActual  18: 10872768 op, 16199500.00 ns, 1.4899 ns/op
OverheadActual  19: 10872768 op, 16183000.00 ns, 1.4884 ns/op
OverheadActual  20: 10872768 op, 16213200.00 ns, 1.4912 ns/op

WorkloadWarmup   1: 10872768 op, 102259600.00 ns, 9.4051 ns/op
WorkloadWarmup   2: 10872768 op, 102770900.00 ns, 9.4521 ns/op
WorkloadWarmup   3: 10872768 op, 99496700.00 ns, 9.1510 ns/op
WorkloadWarmup   4: 10872768 op, 99451000.00 ns, 9.1468 ns/op
WorkloadWarmup   5: 10872768 op, 112171300.00 ns, 10.3167 ns/op
WorkloadWarmup   6: 10872768 op, 106228700.00 ns, 9.7702 ns/op

// BeforeActualRun
WorkloadActual   1: 10872768 op, 102671200.00 ns, 9.4430 ns/op
WorkloadActual   2: 10872768 op, 100544100.00 ns, 9.2473 ns/op
WorkloadActual   3: 10872768 op, 99084600.00 ns, 9.1131 ns/op
WorkloadActual   4: 10872768 op, 99330900.00 ns, 9.1358 ns/op
WorkloadActual   5: 10872768 op, 100261200.00 ns, 9.2213 ns/op
WorkloadActual   6: 10872768 op, 99329500.00 ns, 9.1356 ns/op
WorkloadActual   7: 10872768 op, 99780500.00 ns, 9.1771 ns/op
WorkloadActual   8: 10872768 op, 99989100.00 ns, 9.1963 ns/op
WorkloadActual   9: 10872768 op, 99850100.00 ns, 9.1835 ns/op
WorkloadActual  10: 10872768 op, 101657600.00 ns, 9.3497 ns/op
WorkloadActual  11: 10872768 op, 101709700.00 ns, 9.3545 ns/op
WorkloadActual  12: 10872768 op, 101160600.00 ns, 9.3040 ns/op
WorkloadActual  13: 10872768 op, 100916800.00 ns, 9.2816 ns/op
WorkloadActual  14: 10872768 op, 100889900.00 ns, 9.2791 ns/op
WorkloadActual  15: 10872768 op, 101313700.00 ns, 9.3181 ns/op

// AfterActualRun
WorkloadResult   1: 10872768 op, 85920400.00 ns, 7.9023 ns/op
WorkloadResult   2: 10872768 op, 83793300.00 ns, 7.7067 ns/op
WorkloadResult   3: 10872768 op, 82333800.00 ns, 7.5725 ns/op
WorkloadResult   4: 10872768 op, 82580100.00 ns, 7.5951 ns/op
WorkloadResult   5: 10872768 op, 83510400.00 ns, 7.6807 ns/op
WorkloadResult   6: 10872768 op, 82578700.00 ns, 7.5950 ns/op
WorkloadResult   7: 10872768 op, 83029700.00 ns, 7.6365 ns/op
WorkloadResult   8: 10872768 op, 83238300.00 ns, 7.6557 ns/op
WorkloadResult   9: 10872768 op, 83099300.00 ns, 7.6429 ns/op
WorkloadResult  10: 10872768 op, 84906800.00 ns, 7.8091 ns/op
WorkloadResult  11: 10872768 op, 84958900.00 ns, 7.8139 ns/op
WorkloadResult  12: 10872768 op, 84409800.00 ns, 7.7634 ns/op
WorkloadResult  13: 10872768 op, 84166000.00 ns, 7.7410 ns/op
WorkloadResult  14: 10872768 op, 84139100.00 ns, 7.7385 ns/op
WorkloadResult  15: 10872768 op, 84562900.00 ns, 7.7775 ns/op
// GC:  62 0 0 521892864 10872768
// Threading:  0 0 10872768

// AfterAll
// Benchmark Process 1832 has exited with code 0.

Mean = 7.709 ns, StdErr = 0.024 ns (0.32%), N = 15, StdDev = 0.095 ns
Min = 7.572 ns, Q1 = 7.640 ns, Median = 7.707 ns, Q3 = 7.770 ns, Max = 7.902 ns
IQR = 0.131 ns, LowerFence = 7.444 ns, UpperFence = 7.967 ns
ConfidenceInterval = [7.607 ns; 7.810 ns] (CI 99.9%), Margin = 0.101 ns (1.31% of Mean)
Skewness = 0.29, Kurtosis = 1.98, MValue = 2

// ** Remained 7 (53.8%) benchmark(s) to run. Estimated finish 2026-02-24 22:02 (0h 1m from now) **
Setup power plan (GUID: 8c5e7fda-e8bf-4a96-9a85-a6e23a8c635c FriendlyName: High performance)
// **************************
// Benchmark: Scenario1.S1_ReturnOptionStringErrorNoMessage_EnumerationsOptions: .NET 10.0(Runtime=.NET 10.0, IterationTime=100ms) [Iterations=2]
// *** Execute ***
// Launch: 1 / 1
// Execute: dotnet Enumerations.Options.Benchmarks-1.dll --anonymousPipes 1700 1624 --benchmarkName "ReillyDigital.Enumerations.Options.Benchmarks.Scenarios.Scenario1.S1_ReturnOptionStringErrorNoMessage_EnumerationsOptions(Iterations: 2)" --job ".NET 10.0" --benchmarkId 6 in D:\x\devs\reilly-digital\dotnet\enumerations.options.benchmarks\bin\Debug\net10.0\Enumerations.Options.Benchmarks-1\bin\Release\net10.0
// BeforeAnythingElse

// Benchmark Process Environment Information:
// BenchmarkDotNet v0.15.8
// Runtime=.NET 10.0.3 (10.0.3, 10.0.326.7603), X64 RyuJIT x86-64-v3
// GC=Concurrent Workstation
// HardwareIntrinsics=AVX2+BMI1+BMI2+F16C+FMA+LZCNT+MOVBE,AVX,SSE3+SSSE3+SSE4.1+SSE4.2+POPCNT,X86Base+SSE+SSE2,AES+PCLMUL VectorSize=256
// Job: .NET 10.0(IterationTime=100ms)

OverheadJitting  1: 1 op, 106100.00 ns, 106.1000 us/op
WorkloadJitting  1: 1 op, 1573900.00 ns, 1.5739 ms/op

OverheadJitting  2: 16 op, 151500.00 ns, 9.4688 us/op
WorkloadJitting  2: 16 op, 146600.00 ns, 9.1625 us/op

WorkloadPilot    1: 16 op, 2000.00 ns, 125.0000 ns/op
WorkloadPilot    2: 800000 op, 49505100.00 ns, 61.8814 ns/op
WorkloadPilot    3: 1616000 op, 70233700.00 ns, 43.4614 ns/op
WorkloadPilot    4: 2300896 op, 18240500.00 ns, 7.9276 ns/op
WorkloadPilot    5: 12614224 op, 86767600.00 ns, 6.8786 ns/op
WorkloadPilot    6: 14537952 op, 95564800.00 ns, 6.5735 ns/op
WorkloadPilot    7: 15212672 op, 137369100.00 ns, 9.0299 ns/op
WorkloadPilot    8: 11074304 op, 75390000.00 ns, 6.8077 ns/op
WorkloadPilot    9: 14689360 op, 103248000.00 ns, 7.0288 ns/op
WorkloadPilot   10: 14227264 op, 93297200.00 ns, 6.5576 ns/op
WorkloadPilot   11: 15249408 op, 104692700.00 ns, 6.8654 ns/op

OverheadWarmup   1: 15249408 op, 38278900.00 ns, 2.5102 ns/op
OverheadWarmup   2: 15249408 op, 37340600.00 ns, 2.4487 ns/op
OverheadWarmup   3: 15249408 op, 37353900.00 ns, 2.4495 ns/op
OverheadWarmup   4: 15249408 op, 37340000.00 ns, 2.4486 ns/op
OverheadWarmup   5: 15249408 op, 37275600.00 ns, 2.4444 ns/op
OverheadWarmup   6: 15249408 op, 37245100.00 ns, 2.4424 ns/op
OverheadWarmup   7: 15249408 op, 37314500.00 ns, 2.4469 ns/op
OverheadWarmup   8: 15249408 op, 37359100.00 ns, 2.4499 ns/op
OverheadWarmup   9: 15249408 op, 27866200.00 ns, 1.8274 ns/op

OverheadActual   1: 15249408 op, 24095600.00 ns, 1.5801 ns/op
OverheadActual   2: 15249408 op, 22693500.00 ns, 1.4882 ns/op
OverheadActual   3: 15249408 op, 22767700.00 ns, 1.4930 ns/op
OverheadActual   4: 15249408 op, 22686500.00 ns, 1.4877 ns/op
OverheadActual   5: 15249408 op, 22785700.00 ns, 1.4942 ns/op
OverheadActual   6: 15249408 op, 22726100.00 ns, 1.4903 ns/op
OverheadActual   7: 15249408 op, 23266300.00 ns, 1.5257 ns/op
OverheadActual   8: 15249408 op, 23655700.00 ns, 1.5513 ns/op
OverheadActual   9: 15249408 op, 22792500.00 ns, 1.4946 ns/op
OverheadActual  10: 15249408 op, 22980500.00 ns, 1.5070 ns/op
OverheadActual  11: 15249408 op, 22754600.00 ns, 1.4922 ns/op
OverheadActual  12: 15249408 op, 22745000.00 ns, 1.4915 ns/op
OverheadActual  13: 15249408 op, 22813800.00 ns, 1.4960 ns/op
OverheadActual  14: 15249408 op, 22704200.00 ns, 1.4889 ns/op
OverheadActual  15: 15249408 op, 22769000.00 ns, 1.4931 ns/op

WorkloadWarmup   1: 15249408 op, 105896100.00 ns, 6.9443 ns/op
WorkloadWarmup   2: 15249408 op, 109399500.00 ns, 7.1740 ns/op
WorkloadWarmup   3: 15249408 op, 102293100.00 ns, 6.7080 ns/op
WorkloadWarmup   4: 15249408 op, 107281800.00 ns, 7.0351 ns/op
WorkloadWarmup   5: 15249408 op, 107344000.00 ns, 7.0392 ns/op
WorkloadWarmup   6: 15249408 op, 101049900.00 ns, 6.6265 ns/op

// BeforeActualRun
WorkloadActual   1: 15249408 op, 100645200.00 ns, 6.5999 ns/op
WorkloadActual   2: 15249408 op, 111776100.00 ns, 7.3299 ns/op
WorkloadActual   3: 15249408 op, 110352400.00 ns, 7.2365 ns/op
WorkloadActual   4: 15249408 op, 108026100.00 ns, 7.0840 ns/op
WorkloadActual   5: 15249408 op, 112271600.00 ns, 7.3624 ns/op
WorkloadActual   6: 15249408 op, 112187000.00 ns, 7.3568 ns/op
WorkloadActual   7: 15249408 op, 107496400.00 ns, 7.0492 ns/op
WorkloadActual   8: 15249408 op, 108432800.00 ns, 7.1106 ns/op
WorkloadActual   9: 15249408 op, 108180800.00 ns, 7.0941 ns/op
WorkloadActual  10: 15249408 op, 106249000.00 ns, 6.9674 ns/op
WorkloadActual  11: 15249408 op, 111661000.00 ns, 7.3223 ns/op
WorkloadActual  12: 15249408 op, 111896600.00 ns, 7.3378 ns/op
WorkloadActual  13: 15249408 op, 108934700.00 ns, 7.1435 ns/op
WorkloadActual  14: 15249408 op, 112641400.00 ns, 7.3866 ns/op
WorkloadActual  15: 15249408 op, 111645200.00 ns, 7.3213 ns/op
WorkloadActual  16: 15249408 op, 110893200.00 ns, 7.2720 ns/op
WorkloadActual  17: 15249408 op, 119927800.00 ns, 7.8644 ns/op
WorkloadActual  18: 15249408 op, 101860700.00 ns, 6.6796 ns/op
WorkloadActual  19: 15249408 op, 106574500.00 ns, 6.9888 ns/op
WorkloadActual  20: 15249408 op, 101129600.00 ns, 6.6317 ns/op
WorkloadActual  21: 15249408 op, 109887500.00 ns, 7.2060 ns/op
WorkloadActual  22: 15249408 op, 101670000.00 ns, 6.6671 ns/op
WorkloadActual  23: 15249408 op, 106934200.00 ns, 7.0124 ns/op
WorkloadActual  24: 15249408 op, 101180000.00 ns, 6.6350 ns/op
WorkloadActual  25: 15249408 op, 106463500.00 ns, 6.9815 ns/op
WorkloadActual  26: 15249408 op, 102712600.00 ns, 6.7355 ns/op
WorkloadActual  27: 15249408 op, 105242500.00 ns, 6.9014 ns/op
WorkloadActual  28: 15249408 op, 100018200.00 ns, 6.5588 ns/op
WorkloadActual  29: 15249408 op, 105848700.00 ns, 6.9412 ns/op
WorkloadActual  30: 15249408 op, 100586000.00 ns, 6.5961 ns/op
WorkloadActual  31: 15249408 op, 106741700.00 ns, 6.9997 ns/op
WorkloadActual  32: 15249408 op, 99953800.00 ns, 6.5546 ns/op
WorkloadActual  33: 15249408 op, 104915500.00 ns, 6.8800 ns/op
WorkloadActual  34: 15249408 op, 101104000.00 ns, 6.6300 ns/op
WorkloadActual  35: 15249408 op, 106377900.00 ns, 6.9759 ns/op
WorkloadActual  36: 15249408 op, 101863800.00 ns, 6.6799 ns/op
WorkloadActual  37: 15249408 op, 105779000.00 ns, 6.9366 ns/op
WorkloadActual  38: 15249408 op, 100924400.00 ns, 6.6183 ns/op
WorkloadActual  39: 15249408 op, 107426200.00 ns, 7.0446 ns/op
WorkloadActual  40: 15249408 op, 100952700.00 ns, 6.6201 ns/op
WorkloadActual  41: 15249408 op, 106225700.00 ns, 6.9659 ns/op
WorkloadActual  42: 15249408 op, 100590100.00 ns, 6.5963 ns/op
WorkloadActual  43: 15249408 op, 105302200.00 ns, 6.9053 ns/op
WorkloadActual  44: 15249408 op, 100746600.00 ns, 6.6066 ns/op
WorkloadActual  45: 15249408 op, 107190500.00 ns, 7.0292 ns/op
WorkloadActual  46: 15249408 op, 100866500.00 ns, 6.6145 ns/op
WorkloadActual  47: 15249408 op, 106616300.00 ns, 6.9915 ns/op
WorkloadActual  48: 15249408 op, 100848200.00 ns, 6.6133 ns/op
WorkloadActual  49: 15249408 op, 105625800.00 ns, 6.9266 ns/op

// AfterActualRun
WorkloadResult   1: 15249408 op, 77876200.00 ns, 5.1068 ns/op
WorkloadResult   2: 15249408 op, 89007100.00 ns, 5.8368 ns/op
WorkloadResult   3: 15249408 op, 87583400.00 ns, 5.7434 ns/op
WorkloadResult   4: 15249408 op, 85257100.00 ns, 5.5908 ns/op
WorkloadResult   5: 15249408 op, 89502600.00 ns, 5.8693 ns/op
WorkloadResult   6: 15249408 op, 89418000.00 ns, 5.8637 ns/op
WorkloadResult   7: 15249408 op, 84727400.00 ns, 5.5561 ns/op
WorkloadResult   8: 15249408 op, 85663800.00 ns, 5.6175 ns/op
WorkloadResult   9: 15249408 op, 85411800.00 ns, 5.6010 ns/op
WorkloadResult  10: 15249408 op, 83480000.00 ns, 5.4743 ns/op
WorkloadResult  11: 15249408 op, 88892000.00 ns, 5.8292 ns/op
WorkloadResult  12: 15249408 op, 89127600.00 ns, 5.8447 ns/op
WorkloadResult  13: 15249408 op, 86165700.00 ns, 5.6504 ns/op
WorkloadResult  14: 15249408 op, 89872400.00 ns, 5.8935 ns/op
WorkloadResult  15: 15249408 op, 88876200.00 ns, 5.8282 ns/op
WorkloadResult  16: 15249408 op, 88124200.00 ns, 5.7789 ns/op
WorkloadResult  17: 15249408 op, 79091700.00 ns, 5.1865 ns/op
WorkloadResult  18: 15249408 op, 83805500.00 ns, 5.4957 ns/op
WorkloadResult  19: 15249408 op, 78360600.00 ns, 5.1386 ns/op
WorkloadResult  20: 15249408 op, 87118500.00 ns, 5.7129 ns/op
WorkloadResult  21: 15249408 op, 78901000.00 ns, 5.1740 ns/op
WorkloadResult  22: 15249408 op, 84165200.00 ns, 5.5192 ns/op
WorkloadResult  23: 15249408 op, 78411000.00 ns, 5.1419 ns/op
WorkloadResult  24: 15249408 op, 83694500.00 ns, 5.4884 ns/op
WorkloadResult  25: 15249408 op, 79943600.00 ns, 5.2424 ns/op
WorkloadResult  26: 15249408 op, 82473500.00 ns, 5.4083 ns/op
WorkloadResult  27: 15249408 op, 77249200.00 ns, 5.0657 ns/op
WorkloadResult  28: 15249408 op, 83079700.00 ns, 5.4481 ns/op
WorkloadResult  29: 15249408 op, 77817000.00 ns, 5.1030 ns/op
WorkloadResult  30: 15249408 op, 83972700.00 ns, 5.5066 ns/op
WorkloadResult  31: 15249408 op, 77184800.00 ns, 5.0615 ns/op
WorkloadResult  32: 15249408 op, 82146500.00 ns, 5.3869 ns/op
WorkloadResult  33: 15249408 op, 78335000.00 ns, 5.1369 ns/op
WorkloadResult  34: 15249408 op, 83608900.00 ns, 5.4828 ns/op
WorkloadResult  35: 15249408 op, 79094800.00 ns, 5.1867 ns/op
WorkloadResult  36: 15249408 op, 83010000.00 ns, 5.4435 ns/op
WorkloadResult  37: 15249408 op, 78155400.00 ns, 5.1251 ns/op
WorkloadResult  38: 15249408 op, 84657200.00 ns, 5.5515 ns/op
WorkloadResult  39: 15249408 op, 78183700.00 ns, 5.1270 ns/op
WorkloadResult  40: 15249408 op, 83456700.00 ns, 5.4728 ns/op
WorkloadResult  41: 15249408 op, 77821100.00 ns, 5.1032 ns/op
WorkloadResult  42: 15249408 op, 82533200.00 ns, 5.4122 ns/op
WorkloadResult  43: 15249408 op, 77977600.00 ns, 5.1135 ns/op
WorkloadResult  44: 15249408 op, 84421500.00 ns, 5.5361 ns/op
WorkloadResult  45: 15249408 op, 78097500.00 ns, 5.1213 ns/op
WorkloadResult  46: 15249408 op, 83847300.00 ns, 5.4984 ns/op
WorkloadResult  47: 15249408 op, 78079200.00 ns, 5.1201 ns/op
WorkloadResult  48: 15249408 op, 82856800.00 ns, 5.4334 ns/op
// GC:  116 0 0 975962112 15249408
// Threading:  0 0 15249408

// AfterAll
// Benchmark Process 7408 has exited with code 0.

Mean = 5.438 ns, StdErr = 0.038 ns (0.70%), N = 48, StdDev = 0.265 ns
Min = 5.061 ns, Q1 = 5.141 ns, Median = 5.474 ns, Q3 = 5.605 ns, Max = 5.894 ns
IQR = 0.464 ns, LowerFence = 4.445 ns, UpperFence = 6.301 ns
ConfidenceInterval = [5.304 ns; 5.572 ns] (CI 99.9%), Margin = 0.134 ns (2.47% of Mean)
Skewness = 0.12, Kurtosis = 1.72, MValue = 4.71

// ** Remained 6 (46.2%) benchmark(s) to run. Estimated finish 2026-02-24 22:02 (0h 0m from now) **
Setup power plan (GUID: 8c5e7fda-e8bf-4a96-9a85-a6e23a8c635c FriendlyName: High performance)
// **************************
// Benchmark: Scenario1.S1_ReturnOptionStringErrorWithMessage_EnumerationsOptions: .NET 10.0(Runtime=.NET 10.0, IterationTime=100ms) [Iterations=2]
// *** Execute ***
// Launch: 1 / 1
// Execute: dotnet Enumerations.Options.Benchmarks-1.dll --anonymousPipes 1780 1776 --benchmarkName "ReillyDigital.Enumerations.Options.Benchmarks.Scenarios.Scenario1.S1_ReturnOptionStringErrorWithMessage_EnumerationsOptions(Iterations: 2)" --job ".NET 10.0" --benchmarkId 7 in D:\x\devs\reilly-digital\dotnet\enumerations.options.benchmarks\bin\Debug\net10.0\Enumerations.Options.Benchmarks-1\bin\Release\net10.0
// BeforeAnythingElse

// Benchmark Process Environment Information:
// BenchmarkDotNet v0.15.8
// Runtime=.NET 10.0.3 (10.0.3, 10.0.326.7603), X64 RyuJIT x86-64-v3
// GC=Concurrent Workstation
// HardwareIntrinsics=AVX2+BMI1+BMI2+F16C+FMA+LZCNT+MOVBE,AVX,SSE3+SSSE3+SSE4.1+SSE4.2+POPCNT,X86Base+SSE+SSE2,AES+PCLMUL VectorSize=256
// Job: .NET 10.0(IterationTime=100ms)

OverheadJitting  1: 1 op, 107800.00 ns, 107.8000 us/op
WorkloadJitting  1: 1 op, 1719700.00 ns, 1.7197 ms/op

OverheadJitting  2: 16 op, 189000.00 ns, 11.8125 us/op
WorkloadJitting  2: 16 op, 150500.00 ns, 9.4063 us/op

WorkloadPilot    1: 16 op, 2600.00 ns, 162.5000 ns/op
WorkloadPilot    2: 615392 op, 38685100.00 ns, 62.8625 ns/op
WorkloadPilot    3: 1590784 op, 77626100.00 ns, 48.7974 ns/op
WorkloadPilot    4: 2049296 op, 15191000.00 ns, 7.4128 ns/op
WorkloadPilot    5: 13490208 op, 92437400.00 ns, 6.8522 ns/op
WorkloadPilot    6: 14593888 op, 96835300.00 ns, 6.6353 ns/op
WorkloadPilot    7: 15070848 op, 101314300.00 ns, 6.7225 ns/op
WorkloadPilot    8: 14875344 op, 99541700.00 ns, 6.6917 ns/op
WorkloadPilot    9: 14943840 op, 102200400.00 ns, 6.8390 ns/op
WorkloadPilot   10: 14622096 op, 97132400.00 ns, 6.6429 ns/op
WorkloadPilot   11: 15053792 op, 103987400.00 ns, 6.9077 ns/op

OverheadWarmup   1: 15053792 op, 36911200.00 ns, 2.4520 ns/op
OverheadWarmup   2: 15053792 op, 36963700.00 ns, 2.4554 ns/op
OverheadWarmup   3: 15053792 op, 37395600.00 ns, 2.4841 ns/op
OverheadWarmup   4: 15053792 op, 36954300.00 ns, 2.4548 ns/op
OverheadWarmup   5: 15053792 op, 36806200.00 ns, 2.4450 ns/op
OverheadWarmup   6: 15053792 op, 37458200.00 ns, 2.4883 ns/op
OverheadWarmup   7: 15053792 op, 37014700.00 ns, 2.4588 ns/op

OverheadActual   1: 15053792 op, 37159500.00 ns, 2.4684 ns/op
OverheadActual   2: 15053792 op, 36960600.00 ns, 2.4552 ns/op
OverheadActual   3: 15053792 op, 36929900.00 ns, 2.4532 ns/op
OverheadActual   4: 15053792 op, 37025800.00 ns, 2.4596 ns/op
OverheadActual   5: 15053792 op, 36982400.00 ns, 2.4567 ns/op
OverheadActual   6: 15053792 op, 37022200.00 ns, 2.4593 ns/op
OverheadActual   7: 15053792 op, 36931600.00 ns, 2.4533 ns/op
OverheadActual   8: 15053792 op, 25756000.00 ns, 1.7109 ns/op
OverheadActual   9: 15053792 op, 22496100.00 ns, 1.4944 ns/op
OverheadActual  10: 15053792 op, 22554400.00 ns, 1.4983 ns/op
OverheadActual  11: 15053792 op, 22478600.00 ns, 1.4932 ns/op
OverheadActual  12: 15053792 op, 22625500.00 ns, 1.5030 ns/op
OverheadActual  13: 15053792 op, 22937100.00 ns, 1.5237 ns/op
OverheadActual  14: 15053792 op, 22474700.00 ns, 1.4930 ns/op
OverheadActual  15: 15053792 op, 22477300.00 ns, 1.4931 ns/op
OverheadActual  16: 15053792 op, 23262900.00 ns, 1.5453 ns/op
OverheadActual  17: 15053792 op, 22435400.00 ns, 1.4903 ns/op
OverheadActual  18: 15053792 op, 22417900.00 ns, 1.4892 ns/op
OverheadActual  19: 15053792 op, 22416200.00 ns, 1.4891 ns/op
OverheadActual  20: 15053792 op, 22437300.00 ns, 1.4905 ns/op

WorkloadWarmup   1: 15053792 op, 102061300.00 ns, 6.7798 ns/op
WorkloadWarmup   2: 15053792 op, 103486000.00 ns, 6.8744 ns/op
WorkloadWarmup   3: 15053792 op, 99020100.00 ns, 6.5778 ns/op
WorkloadWarmup   4: 15053792 op, 98855300.00 ns, 6.5668 ns/op
WorkloadWarmup   5: 15053792 op, 100050200.00 ns, 6.6462 ns/op
WorkloadWarmup   6: 15053792 op, 102099400.00 ns, 6.7823 ns/op
WorkloadWarmup   7: 15053792 op, 100544400.00 ns, 6.6790 ns/op

// BeforeActualRun
WorkloadActual   1: 15053792 op, 101813400.00 ns, 6.7633 ns/op
WorkloadActual   2: 15053792 op, 107217900.00 ns, 7.1223 ns/op
WorkloadActual   3: 15053792 op, 106203900.00 ns, 7.0550 ns/op
WorkloadActual   4: 15053792 op, 106903100.00 ns, 7.1014 ns/op
WorkloadActual   5: 15053792 op, 108566100.00 ns, 7.2119 ns/op
WorkloadActual   6: 15053792 op, 128643700.00 ns, 8.5456 ns/op
WorkloadActual   7: 15053792 op, 106930200.00 ns, 7.1032 ns/op
WorkloadActual   8: 15053792 op, 107949800.00 ns, 7.1709 ns/op
WorkloadActual   9: 15053792 op, 106462100.00 ns, 7.0721 ns/op
WorkloadActual  10: 15053792 op, 106245100.00 ns, 7.0577 ns/op
WorkloadActual  11: 15053792 op, 106554900.00 ns, 7.0783 ns/op
WorkloadActual  12: 15053792 op, 107220300.00 ns, 7.1225 ns/op
WorkloadActual  13: 15053792 op, 107104600.00 ns, 7.1148 ns/op
WorkloadActual  14: 15053792 op, 107561000.00 ns, 7.1451 ns/op
WorkloadActual  15: 15053792 op, 107976600.00 ns, 7.1727 ns/op

// AfterActualRun
WorkloadResult   1: 15053792 op, 79032100.00 ns, 5.2500 ns/op
WorkloadResult   2: 15053792 op, 84436600.00 ns, 5.6090 ns/op
WorkloadResult   3: 15053792 op, 83422600.00 ns, 5.5416 ns/op
WorkloadResult   4: 15053792 op, 84121800.00 ns, 5.5881 ns/op
WorkloadResult   5: 15053792 op, 85784800.00 ns, 5.6986 ns/op
WorkloadResult   6: 15053792 op, 84148900.00 ns, 5.5899 ns/op
WorkloadResult   7: 15053792 op, 85168500.00 ns, 5.6576 ns/op
WorkloadResult   8: 15053792 op, 83680800.00 ns, 5.5588 ns/op
WorkloadResult   9: 15053792 op, 83463800.00 ns, 5.5444 ns/op
WorkloadResult  10: 15053792 op, 83773600.00 ns, 5.5650 ns/op
WorkloadResult  11: 15053792 op, 84439000.00 ns, 5.6092 ns/op
WorkloadResult  12: 15053792 op, 84323300.00 ns, 5.6015 ns/op
WorkloadResult  13: 15053792 op, 84779700.00 ns, 5.6318 ns/op
WorkloadResult  14: 15053792 op, 85195300.00 ns, 5.6594 ns/op
// GC:  115 0 0 963442688 15053792
// Threading:  0 0 15053792

// AfterAll
// Benchmark Process 9608 has exited with code 0.

Mean = 5.579 ns, StdErr = 0.028 ns (0.50%), N = 14, StdDev = 0.105 ns
Min = 5.250 ns, Q1 = 5.560 ns, Median = 5.596 ns, Q3 = 5.626 ns, Max = 5.699 ns
IQR = 0.066 ns, LowerFence = 5.462 ns, UpperFence = 5.725 ns
ConfidenceInterval = [5.460 ns; 5.697 ns] (CI 99.9%), Margin = 0.119 ns (2.13% of Mean)
Skewness = -2.01, Kurtosis = 7.02, MValue = 2

// ** Remained 5 (38.5%) benchmark(s) to run. Estimated finish 2026-02-24 22:02 (0h 0m from now) **
Setup power plan (GUID: 8c5e7fda-e8bf-4a96-9a85-a6e23a8c635c FriendlyName: High performance)
// **************************
// Benchmark: Scenario1.S1_ReturnOptionStringNone_EnumerationsOptions: .NET 10.0(Runtime=.NET 10.0, IterationTime=100ms) [Iterations=2]
// *** Execute ***
// Launch: 1 / 1
// Execute: dotnet Enumerations.Options.Benchmarks-1.dll --anonymousPipes 1760 672 --benchmarkName "ReillyDigital.Enumerations.Options.Benchmarks.Scenarios.Scenario1.S1_ReturnOptionStringNone_EnumerationsOptions(Iterations: 2)" --job ".NET 10.0" --benchmarkId 8 in D:\x\devs\reilly-digital\dotnet\enumerations.options.benchmarks\bin\Debug\net10.0\Enumerations.Options.Benchmarks-1\bin\Release\net10.0
// BeforeAnythingElse

// Benchmark Process Environment Information:
// BenchmarkDotNet v0.15.8
// Runtime=.NET 10.0.3 (10.0.3, 10.0.326.7603), X64 RyuJIT x86-64-v3
// GC=Concurrent Workstation
// HardwareIntrinsics=AVX2+BMI1+BMI2+F16C+FMA+LZCNT+MOVBE,AVX,SSE3+SSSE3+SSE4.1+SSE4.2+POPCNT,X86Base+SSE+SSE2,AES+PCLMUL VectorSize=256
// Job: .NET 10.0(IterationTime=100ms)

OverheadJitting  1: 1 op, 105800.00 ns, 105.8000 us/op
WorkloadJitting  1: 1 op, 1257500.00 ns, 1.2575 ms/op

OverheadJitting  2: 16 op, 164400.00 ns, 10.2750 us/op
WorkloadJitting  2: 16 op, 154000.00 ns, 9.6250 us/op

WorkloadPilot    1: 16 op, 2600.00 ns, 162.5000 ns/op
WorkloadPilot    2: 615392 op, 33694400.00 ns, 54.7527 ns/op
WorkloadPilot    3: 1826400 op, 87816700.00 ns, 48.0819 ns/op
WorkloadPilot    4: 2079792 op, 28139000.00 ns, 13.5297 ns/op
WorkloadPilot    5: 7391152 op, 91839400.00 ns, 12.4256 ns/op
WorkloadPilot    6: 8047920 op, 99758500.00 ns, 12.3956 ns/op
WorkloadPilot    7: 8067408 op, 99005900.00 ns, 12.2723 ns/op
WorkloadPilot    8: 8148416 op, 99868300.00 ns, 12.2562 ns/op
WorkloadPilot    9: 8159168 op, 100025200.00 ns, 12.2592 ns/op
WorkloadPilot   10: 8157120 op, 100555200.00 ns, 12.3273 ns/op
WorkloadPilot   11: 8112096 op, 97993400.00 ns, 12.0799 ns/op
WorkloadPilot   12: 8278208 op, 99580400.00 ns, 12.0292 ns/op
WorkloadPilot   13: 8313104 op, 100868800.00 ns, 12.1337 ns/op

OverheadWarmup   1: 8313104 op, 20547900.00 ns, 2.4717 ns/op
OverheadWarmup   2: 8313104 op, 20486600.00 ns, 2.4644 ns/op
OverheadWarmup   3: 8313104 op, 20481800.00 ns, 2.4638 ns/op
OverheadWarmup   4: 8313104 op, 20489000.00 ns, 2.4647 ns/op
OverheadWarmup   5: 8313104 op, 20639400.00 ns, 2.4828 ns/op
OverheadWarmup   6: 8313104 op, 20513200.00 ns, 2.4676 ns/op
OverheadWarmup   7: 8313104 op, 20573600.00 ns, 2.4748 ns/op
OverheadWarmup   8: 8313104 op, 20648700.00 ns, 2.4839 ns/op
OverheadWarmup   9: 8313104 op, 21317900.00 ns, 2.5644 ns/op
OverheadWarmup  10: 8313104 op, 21198700.00 ns, 2.5500 ns/op

OverheadActual   1: 8313104 op, 20511900.00 ns, 2.4674 ns/op
OverheadActual   2: 8313104 op, 20551800.00 ns, 2.4722 ns/op
OverheadActual   3: 8313104 op, 20460600.00 ns, 2.4612 ns/op
OverheadActual   4: 8313104 op, 20824900.00 ns, 2.5051 ns/op
OverheadActual   5: 8313104 op, 20477000.00 ns, 2.4632 ns/op
OverheadActual   6: 8313104 op, 20496300.00 ns, 2.4655 ns/op
OverheadActual   7: 8313104 op, 20499900.00 ns, 2.4660 ns/op
OverheadActual   8: 8313104 op, 20543500.00 ns, 2.4712 ns/op
OverheadActual   9: 8313104 op, 20540100.00 ns, 2.4708 ns/op
OverheadActual  10: 8313104 op, 20989800.00 ns, 2.5249 ns/op
OverheadActual  11: 8313104 op, 12925100.00 ns, 1.5548 ns/op
OverheadActual  12: 8313104 op, 12515600.00 ns, 1.5055 ns/op
OverheadActual  13: 8313104 op, 12667100.00 ns, 1.5238 ns/op
OverheadActual  14: 8313104 op, 12555100.00 ns, 1.5103 ns/op
OverheadActual  15: 8313104 op, 12724100.00 ns, 1.5306 ns/op
OverheadActual  16: 8313104 op, 12670500.00 ns, 1.5242 ns/op
OverheadActual  17: 8313104 op, 12769700.00 ns, 1.5361 ns/op
OverheadActual  18: 8313104 op, 13066200.00 ns, 1.5718 ns/op
OverheadActual  19: 8313104 op, 12610900.00 ns, 1.5170 ns/op
OverheadActual  20: 8313104 op, 12861800.00 ns, 1.5472 ns/op

WorkloadWarmup   1: 8313104 op, 103075500.00 ns, 12.3992 ns/op
WorkloadWarmup   2: 8313104 op, 106556900.00 ns, 12.8179 ns/op
WorkloadWarmup   3: 8313104 op, 107534500.00 ns, 12.9355 ns/op
WorkloadWarmup   4: 8313104 op, 102730100.00 ns, 12.3576 ns/op
WorkloadWarmup   5: 8313104 op, 104045300.00 ns, 12.5158 ns/op
WorkloadWarmup   6: 8313104 op, 104001800.00 ns, 12.5106 ns/op

// BeforeActualRun
WorkloadActual   1: 8313104 op, 104784800.00 ns, 12.6048 ns/op
WorkloadActual   2: 8313104 op, 109065800.00 ns, 13.1197 ns/op
WorkloadActual   3: 8313104 op, 109316300.00 ns, 13.1499 ns/op
WorkloadActual   4: 8313104 op, 108052300.00 ns, 12.9978 ns/op
WorkloadActual   5: 8313104 op, 109053500.00 ns, 13.1183 ns/op
WorkloadActual   6: 8313104 op, 109383500.00 ns, 13.1580 ns/op
WorkloadActual   7: 8313104 op, 111131900.00 ns, 13.3683 ns/op
WorkloadActual   8: 8313104 op, 110061600.00 ns, 13.2395 ns/op
WorkloadActual   9: 8313104 op, 108396000.00 ns, 13.0392 ns/op
WorkloadActual  10: 8313104 op, 109710700.00 ns, 13.1973 ns/op
WorkloadActual  11: 8313104 op, 109002300.00 ns, 13.1121 ns/op
WorkloadActual  12: 8313104 op, 108952200.00 ns, 13.1061 ns/op
WorkloadActual  13: 8313104 op, 109320800.00 ns, 13.1504 ns/op
WorkloadActual  14: 8313104 op, 110354000.00 ns, 13.2747 ns/op
WorkloadActual  15: 8313104 op, 109820700.00 ns, 13.2106 ns/op

// AfterActualRun
WorkloadResult   1: 8313104 op, 88021400.00 ns, 10.5883 ns/op
WorkloadResult   2: 8313104 op, 92302400.00 ns, 11.1032 ns/op
WorkloadResult   3: 8313104 op, 92552900.00 ns, 11.1334 ns/op
WorkloadResult   4: 8313104 op, 91288900.00 ns, 10.9813 ns/op
WorkloadResult   5: 8313104 op, 92290100.00 ns, 11.1018 ns/op
WorkloadResult   6: 8313104 op, 92620100.00 ns, 11.1415 ns/op
WorkloadResult   7: 8313104 op, 93298200.00 ns, 11.2230 ns/op
WorkloadResult   8: 8313104 op, 91632600.00 ns, 11.0227 ns/op
WorkloadResult   9: 8313104 op, 92947300.00 ns, 11.1808 ns/op
WorkloadResult  10: 8313104 op, 92238900.00 ns, 11.0956 ns/op
WorkloadResult  11: 8313104 op, 92188800.00 ns, 11.0896 ns/op
WorkloadResult  12: 8313104 op, 92557400.00 ns, 11.1339 ns/op
WorkloadResult  13: 8313104 op, 93590600.00 ns, 11.2582 ns/op
WorkloadResult  14: 8313104 op, 93057300.00 ns, 11.1940 ns/op
// GC:  47 0 0 399028992 8313104
// Threading:  0 0 8313104

// AfterAll
// Benchmark Process 15776 has exited with code 0.

Mean = 11.089 ns, StdErr = 0.043 ns (0.39%), N = 14, StdDev = 0.162 ns
Min = 10.588 ns, Q1 = 11.091 ns, Median = 11.118 ns, Q3 = 11.171 ns, Max = 11.258 ns
IQR = 0.080 ns, LowerFence = 10.971 ns, UpperFence = 11.291 ns
ConfidenceInterval = [10.907 ns; 11.272 ns] (CI 99.9%), Margin = 0.182 ns (1.64% of Mean)
Skewness = -1.99, Kurtosis = 6.73, MValue = 2

// ** Remained 4 (30.8%) benchmark(s) to run. Estimated finish 2026-02-24 22:02 (0h 0m from now) **
Setup power plan (GUID: 8c5e7fda-e8bf-4a96-9a85-a6e23a8c635c FriendlyName: High performance)
// **************************
// Benchmark: Scenario1.S1_ReturnOptionStringSuccess_EnumerationsOptions: .NET 10.0(Runtime=.NET 10.0, IterationTime=100ms) [Iterations=2]
// *** Execute ***
// Launch: 1 / 1
// Execute: dotnet Enumerations.Options.Benchmarks-1.dll --anonymousPipes 1764 1836 --benchmarkName "ReillyDigital.Enumerations.Options.Benchmarks.Scenarios.Scenario1.S1_ReturnOptionStringSuccess_EnumerationsOptions(Iterations: 2)" --job ".NET 10.0" --benchmarkId 9 in D:\x\devs\reilly-digital\dotnet\enumerations.options.benchmarks\bin\Debug\net10.0\Enumerations.Options.Benchmarks-1\bin\Release\net10.0
// BeforeAnythingElse

// Benchmark Process Environment Information:
// BenchmarkDotNet v0.15.8
// Runtime=.NET 10.0.3 (10.0.3, 10.0.326.7603), X64 RyuJIT x86-64-v3
// GC=Concurrent Workstation
// HardwareIntrinsics=AVX2+BMI1+BMI2+F16C+FMA+LZCNT+MOVBE,AVX,SSE3+SSSE3+SSE4.1+SSE4.2+POPCNT,X86Base+SSE+SSE2,AES+PCLMUL VectorSize=256
// Job: .NET 10.0(IterationTime=100ms)

OverheadJitting  1: 1 op, 107100.00 ns, 107.1000 us/op
WorkloadJitting  1: 1 op, 1321200.00 ns, 1.3212 ms/op

OverheadJitting  2: 16 op, 173300.00 ns, 10.8313 us/op
WorkloadJitting  2: 16 op, 199100.00 ns, 12.4438 us/op

WorkloadPilot    1: 16 op, 2900.00 ns, 181.2500 ns/op
WorkloadPilot    2: 551728 op, 35625900.00 ns, 64.5715 ns/op
WorkloadPilot    3: 1548672 op, 83506300.00 ns, 53.9212 ns/op
WorkloadPilot    4: 1854560 op, 19466900.00 ns, 10.4968 ns/op
WorkloadPilot    5: 9526736 op, 70229100.00 ns, 7.3718 ns/op
WorkloadPilot    6: 13565232 op, 130314100.00 ns, 9.6065 ns/op
WorkloadPilot    7: 10409648 op, 101873500.00 ns, 9.7865 ns/op
WorkloadPilot    8: 10218224 op, 80049200.00 ns, 7.8340 ns/op
WorkloadPilot    9: 12764944 op, 105448800.00 ns, 8.2608 ns/op

OverheadWarmup   1: 12764944 op, 31728400.00 ns, 2.4856 ns/op
OverheadWarmup   2: 12764944 op, 32212300.00 ns, 2.5235 ns/op
OverheadWarmup   3: 12764944 op, 31839200.00 ns, 2.4943 ns/op
OverheadWarmup   4: 12764944 op, 31480100.00 ns, 2.4661 ns/op
OverheadWarmup   5: 12764944 op, 31326400.00 ns, 2.4541 ns/op
OverheadWarmup   6: 12764944 op, 32039900.00 ns, 2.5100 ns/op
OverheadWarmup   7: 12764944 op, 31239900.00 ns, 2.4473 ns/op

OverheadActual   1: 12764944 op, 31205300.00 ns, 2.4446 ns/op
OverheadActual   2: 12764944 op, 31229400.00 ns, 2.4465 ns/op
OverheadActual   3: 12764944 op, 31686100.00 ns, 2.4823 ns/op
OverheadActual   4: 12764944 op, 31383000.00 ns, 2.4585 ns/op
OverheadActual   5: 12764944 op, 31247400.00 ns, 2.4479 ns/op
OverheadActual   6: 12764944 op, 31917800.00 ns, 2.5004 ns/op
OverheadActual   7: 12764944 op, 31160200.00 ns, 2.4411 ns/op
OverheadActual   8: 12764944 op, 32197100.00 ns, 2.5223 ns/op
OverheadActual   9: 12764944 op, 31338200.00 ns, 2.4550 ns/op
OverheadActual  10: 12764944 op, 25876700.00 ns, 2.0272 ns/op
OverheadActual  11: 12764944 op, 19121400.00 ns, 1.4980 ns/op
OverheadActual  12: 12764944 op, 19044700.00 ns, 1.4920 ns/op
OverheadActual  13: 12764944 op, 19350200.00 ns, 1.5159 ns/op
OverheadActual  14: 12764944 op, 19029700.00 ns, 1.4908 ns/op
OverheadActual  15: 12764944 op, 19639000.00 ns, 1.5385 ns/op
OverheadActual  16: 12764944 op, 19094500.00 ns, 1.4959 ns/op
OverheadActual  17: 12764944 op, 19146600.00 ns, 1.4999 ns/op
OverheadActual  18: 12764944 op, 19708400.00 ns, 1.5439 ns/op
OverheadActual  19: 12764944 op, 19239900.00 ns, 1.5072 ns/op
OverheadActual  20: 12764944 op, 19028000.00 ns, 1.4906 ns/op

WorkloadWarmup   1: 12764944 op, 129413300.00 ns, 10.1382 ns/op
WorkloadWarmup   2: 12764944 op, 87303600.00 ns, 6.8393 ns/op
WorkloadWarmup   3: 12764944 op, 112174500.00 ns, 8.7877 ns/op
WorkloadWarmup   4: 12764944 op, 91128900.00 ns, 7.1390 ns/op
WorkloadWarmup   5: 12764944 op, 103789000.00 ns, 8.1308 ns/op
WorkloadWarmup   6: 12764944 op, 92967300.00 ns, 7.2830 ns/op

// BeforeActualRun
WorkloadActual   1: 12764944 op, 90199000.00 ns, 7.0661 ns/op
WorkloadActual   2: 12764944 op, 119335000.00 ns, 9.3487 ns/op
WorkloadActual   3: 12764944 op, 135386100.00 ns, 10.6061 ns/op
WorkloadActual   4: 12764944 op, 142514300.00 ns, 11.1645 ns/op
WorkloadActual   5: 12764944 op, 100249400.00 ns, 7.8535 ns/op
WorkloadActual   6: 12764944 op, 103202100.00 ns, 8.0848 ns/op
WorkloadActual   7: 12764944 op, 135810000.00 ns, 10.6393 ns/op
WorkloadActual   8: 12764944 op, 136368400.00 ns, 10.6830 ns/op
WorkloadActual   9: 12764944 op, 95874000.00 ns, 7.5107 ns/op
WorkloadActual  10: 12764944 op, 133289100.00 ns, 10.4418 ns/op
WorkloadActual  11: 12764944 op, 118476500.00 ns, 9.2814 ns/op
WorkloadActual  12: 12764944 op, 136018900.00 ns, 10.6557 ns/op
WorkloadActual  13: 12764944 op, 136815500.00 ns, 10.7181 ns/op
WorkloadActual  14: 12764944 op, 136836000.00 ns, 10.7197 ns/op
WorkloadActual  15: 12764944 op, 137357400.00 ns, 10.7605 ns/op
WorkloadActual  16: 12764944 op, 129154600.00 ns, 10.1179 ns/op
WorkloadActual  17: 12764944 op, 94637600.00 ns, 7.4139 ns/op
WorkloadActual  18: 12764944 op, 134479500.00 ns, 10.5351 ns/op
WorkloadActual  19: 12764944 op, 129856900.00 ns, 10.1729 ns/op
WorkloadActual  20: 12764944 op, 135843200.00 ns, 10.6419 ns/op
WorkloadActual  21: 12764944 op, 95803700.00 ns, 7.5052 ns/op
WorkloadActual  22: 12764944 op, 127432900.00 ns, 9.9830 ns/op
WorkloadActual  23: 12764944 op, 128458300.00 ns, 10.0634 ns/op
WorkloadActual  24: 12764944 op, 89131400.00 ns, 6.9825 ns/op
WorkloadActual  25: 12764944 op, 126643800.00 ns, 9.9212 ns/op
WorkloadActual  26: 12764944 op, 129046600.00 ns, 10.1095 ns/op
WorkloadActual  27: 12764944 op, 90046100.00 ns, 7.0542 ns/op
WorkloadActual  28: 12764944 op, 126718300.00 ns, 9.9271 ns/op
WorkloadActual  29: 12764944 op, 128326000.00 ns, 10.0530 ns/op
WorkloadActual  30: 12764944 op, 128666600.00 ns, 10.0797 ns/op
WorkloadActual  31: 12764944 op, 123038100.00 ns, 9.6387 ns/op
WorkloadActual  32: 12764944 op, 127761700.00 ns, 10.0088 ns/op
WorkloadActual  33: 12764944 op, 129673700.00 ns, 10.1586 ns/op
WorkloadActual  34: 12764944 op, 128247100.00 ns, 10.0468 ns/op
WorkloadActual  35: 12764944 op, 84298900.00 ns, 6.6039 ns/op
WorkloadActual  36: 12764944 op, 90219500.00 ns, 7.0678 ns/op
WorkloadActual  37: 12764944 op, 126777300.00 ns, 9.9317 ns/op
WorkloadActual  38: 12764944 op, 128475800.00 ns, 10.0647 ns/op
WorkloadActual  39: 12764944 op, 87670100.00 ns, 6.8680 ns/op
WorkloadActual  40: 12764944 op, 126645800.00 ns, 9.9214 ns/op
WorkloadActual  41: 12764944 op, 127997900.00 ns, 10.0273 ns/op
WorkloadActual  42: 12764944 op, 90722100.00 ns, 7.1071 ns/op
WorkloadActual  43: 12764944 op, 127467300.00 ns, 9.9857 ns/op
WorkloadActual  44: 12764944 op, 128358000.00 ns, 10.0555 ns/op
WorkloadActual  45: 12764944 op, 129780100.00 ns, 10.1669 ns/op
WorkloadActual  46: 12764944 op, 129014500.00 ns, 10.1069 ns/op
WorkloadActual  47: 12764944 op, 128396700.00 ns, 10.0585 ns/op
WorkloadActual  48: 12764944 op, 128639900.00 ns, 10.0776 ns/op
WorkloadActual  49: 12764944 op, 125520100.00 ns, 9.8332 ns/op
WorkloadActual  50: 12764944 op, 84306500.00 ns, 6.6045 ns/op
WorkloadActual  51: 12764944 op, 88250100.00 ns, 6.9135 ns/op
WorkloadActual  52: 12764944 op, 124478900.00 ns, 9.7516 ns/op
WorkloadActual  53: 12764944 op, 129102700.00 ns, 10.1138 ns/op
WorkloadActual  54: 12764944 op, 130150400.00 ns, 10.1959 ns/op
WorkloadActual  55: 12764944 op, 129472100.00 ns, 10.1428 ns/op
WorkloadActual  56: 12764944 op, 84918800.00 ns, 6.6525 ns/op
WorkloadActual  57: 12764944 op, 88439000.00 ns, 6.9283 ns/op
WorkloadActual  58: 12764944 op, 126327900.00 ns, 9.8965 ns/op
WorkloadActual  59: 12764944 op, 128072200.00 ns, 10.0331 ns/op
WorkloadActual  60: 12764944 op, 128930500.00 ns, 10.1004 ns/op
WorkloadActual  61: 12764944 op, 129009600.00 ns, 10.1066 ns/op
WorkloadActual  62: 12764944 op, 128371600.00 ns, 10.0566 ns/op
WorkloadActual  63: 12764944 op, 129366900.00 ns, 10.1345 ns/op
WorkloadActual  64: 12764944 op, 127698900.00 ns, 10.0039 ns/op
WorkloadActual  65: 12764944 op, 92690800.00 ns, 7.2614 ns/op
WorkloadActual  66: 12764944 op, 89344500.00 ns, 6.9992 ns/op
WorkloadActual  67: 12764944 op, 142333600.00 ns, 11.1504 ns/op
WorkloadActual  68: 12764944 op, 85231200.00 ns, 6.6770 ns/op
WorkloadActual  69: 12764944 op, 90051200.00 ns, 7.0546 ns/op
WorkloadActual  70: 12764944 op, 128379200.00 ns, 10.0572 ns/op
WorkloadActual  71: 12764944 op, 128081600.00 ns, 10.0339 ns/op
WorkloadActual  72: 12764944 op, 129151400.00 ns, 10.1177 ns/op
WorkloadActual  73: 12764944 op, 128674400.00 ns, 10.0803 ns/op
WorkloadActual  74: 12764944 op, 84051300.00 ns, 6.5845 ns/op
WorkloadActual  75: 12764944 op, 90715600.00 ns, 7.1066 ns/op
WorkloadActual  76: 12764944 op, 127797600.00 ns, 10.0116 ns/op
WorkloadActual  77: 12764944 op, 84999200.00 ns, 6.6588 ns/op
WorkloadActual  78: 12764944 op, 90733100.00 ns, 7.1080 ns/op
WorkloadActual  79: 12764944 op, 129817300.00 ns, 10.1698 ns/op
WorkloadActual  80: 12764944 op, 85008100.00 ns, 6.6595 ns/op
WorkloadActual  81: 12764944 op, 89353000.00 ns, 6.9999 ns/op
WorkloadActual  82: 12764944 op, 121052100.00 ns, 9.4832 ns/op
WorkloadActual  83: 12764944 op, 90943900.00 ns, 7.1245 ns/op
WorkloadActual  84: 12764944 op, 88157200.00 ns, 6.9062 ns/op
WorkloadActual  85: 12764944 op, 126818800.00 ns, 9.9349 ns/op
WorkloadActual  86: 12764944 op, 91904000.00 ns, 7.1997 ns/op
WorkloadActual  87: 12764944 op, 91464500.00 ns, 7.1653 ns/op
WorkloadActual  88: 12764944 op, 124108700.00 ns, 9.7226 ns/op
WorkloadActual  89: 12764944 op, 128565800.00 ns, 10.0718 ns/op
WorkloadActual  90: 12764944 op, 107306300.00 ns, 8.4063 ns/op
WorkloadActual  91: 12764944 op, 119939900.00 ns, 9.3960 ns/op
WorkloadActual  92: 12764944 op, 83804600.00 ns, 6.5652 ns/op
WorkloadActual  93: 12764944 op, 87229100.00 ns, 6.8335 ns/op
WorkloadActual  94: 12764944 op, 124037300.00 ns, 9.7170 ns/op
WorkloadActual  95: 12764944 op, 127825200.00 ns, 10.0138 ns/op
WorkloadActual  96: 12764944 op, 128820900.00 ns, 10.0918 ns/op
WorkloadActual  97: 12764944 op, 128649800.00 ns, 10.0784 ns/op
WorkloadActual  98: 12764944 op, 128255900.00 ns, 10.0475 ns/op
WorkloadActual  99: 12764944 op, 129467600.00 ns, 10.1424 ns/op
WorkloadActual  100: 12764944 op, 128885100.00 ns, 10.0968 ns/op

// AfterActualRun
WorkloadResult   1: 12764944 op, 67406450.00 ns, 5.2806 ns/op
WorkloadResult   2: 12764944 op, 96542450.00 ns, 7.5631 ns/op
WorkloadResult   3: 12764944 op, 112593550.00 ns, 8.8205 ns/op
WorkloadResult   4: 12764944 op, 119721750.00 ns, 9.3789 ns/op
WorkloadResult   5: 12764944 op, 77456850.00 ns, 6.0679 ns/op
WorkloadResult   6: 12764944 op, 80409550.00 ns, 6.2992 ns/op
WorkloadResult   7: 12764944 op, 113017450.00 ns, 8.8537 ns/op
WorkloadResult   8: 12764944 op, 113575850.00 ns, 8.8975 ns/op
WorkloadResult   9: 12764944 op, 73081450.00 ns, 5.7252 ns/op
WorkloadResult  10: 12764944 op, 110496550.00 ns, 8.6563 ns/op
WorkloadResult  11: 12764944 op, 95683950.00 ns, 7.4958 ns/op
WorkloadResult  12: 12764944 op, 113226350.00 ns, 8.8701 ns/op
WorkloadResult  13: 12764944 op, 114022950.00 ns, 8.9325 ns/op
WorkloadResult  14: 12764944 op, 114043450.00 ns, 8.9341 ns/op
WorkloadResult  15: 12764944 op, 114564850.00 ns, 8.9750 ns/op
WorkloadResult  16: 12764944 op, 106362050.00 ns, 8.3324 ns/op
WorkloadResult  17: 12764944 op, 71845050.00 ns, 5.6283 ns/op
WorkloadResult  18: 12764944 op, 111686950.00 ns, 8.7495 ns/op
WorkloadResult  19: 12764944 op, 107064350.00 ns, 8.3874 ns/op
WorkloadResult  20: 12764944 op, 113050650.00 ns, 8.8563 ns/op
WorkloadResult  21: 12764944 op, 73011150.00 ns, 5.7197 ns/op
WorkloadResult  22: 12764944 op, 104640350.00 ns, 8.1975 ns/op
WorkloadResult  23: 12764944 op, 105665750.00 ns, 8.2778 ns/op
WorkloadResult  24: 12764944 op, 66338850.00 ns, 5.1970 ns/op
WorkloadResult  25: 12764944 op, 103851250.00 ns, 8.1357 ns/op
WorkloadResult  26: 12764944 op, 106254050.00 ns, 8.3239 ns/op
WorkloadResult  27: 12764944 op, 67253550.00 ns, 5.2686 ns/op
WorkloadResult  28: 12764944 op, 103925750.00 ns, 8.1415 ns/op
WorkloadResult  29: 12764944 op, 105533450.00 ns, 8.2674 ns/op
WorkloadResult  30: 12764944 op, 105874050.00 ns, 8.2941 ns/op
WorkloadResult  31: 12764944 op, 100245550.00 ns, 7.8532 ns/op
WorkloadResult  32: 12764944 op, 104969150.00 ns, 8.2232 ns/op
WorkloadResult  33: 12764944 op, 106881150.00 ns, 8.3730 ns/op
WorkloadResult  34: 12764944 op, 105454550.00 ns, 8.2613 ns/op
WorkloadResult  35: 12764944 op, 61506350.00 ns, 4.8184 ns/op
WorkloadResult  36: 12764944 op, 67426950.00 ns, 5.2822 ns/op
WorkloadResult  37: 12764944 op, 103984750.00 ns, 8.1461 ns/op
WorkloadResult  38: 12764944 op, 105683250.00 ns, 8.2792 ns/op
WorkloadResult  39: 12764944 op, 64877550.00 ns, 5.0825 ns/op
WorkloadResult  40: 12764944 op, 103853250.00 ns, 8.1358 ns/op
WorkloadResult  41: 12764944 op, 105205350.00 ns, 8.2417 ns/op
WorkloadResult  42: 12764944 op, 67929550.00 ns, 5.3216 ns/op
WorkloadResult  43: 12764944 op, 104674750.00 ns, 8.2002 ns/op
WorkloadResult  44: 12764944 op, 105565450.00 ns, 8.2700 ns/op
WorkloadResult  45: 12764944 op, 106987550.00 ns, 8.3814 ns/op
WorkloadResult  46: 12764944 op, 106221950.00 ns, 8.3214 ns/op
WorkloadResult  47: 12764944 op, 105604150.00 ns, 8.2730 ns/op
WorkloadResult  48: 12764944 op, 105847350.00 ns, 8.2920 ns/op
WorkloadResult  49: 12764944 op, 102727550.00 ns, 8.0476 ns/op
WorkloadResult  50: 12764944 op, 61513950.00 ns, 4.8190 ns/op
WorkloadResult  51: 12764944 op, 65457550.00 ns, 5.1279 ns/op
WorkloadResult  52: 12764944 op, 101686350.00 ns, 7.9661 ns/op
WorkloadResult  53: 12764944 op, 106310150.00 ns, 8.3283 ns/op
WorkloadResult  54: 12764944 op, 107357850.00 ns, 8.4104 ns/op
WorkloadResult  55: 12764944 op, 106679550.00 ns, 8.3572 ns/op
WorkloadResult  56: 12764944 op, 62126250.00 ns, 4.8669 ns/op
WorkloadResult  57: 12764944 op, 65646450.00 ns, 5.1427 ns/op
WorkloadResult  58: 12764944 op, 103535350.00 ns, 8.1109 ns/op
WorkloadResult  59: 12764944 op, 105279650.00 ns, 8.2476 ns/op
WorkloadResult  60: 12764944 op, 106137950.00 ns, 8.3148 ns/op
WorkloadResult  61: 12764944 op, 106217050.00 ns, 8.3210 ns/op
WorkloadResult  62: 12764944 op, 105579050.00 ns, 8.2710 ns/op
WorkloadResult  63: 12764944 op, 106574350.00 ns, 8.3490 ns/op
WorkloadResult  64: 12764944 op, 104906350.00 ns, 8.2183 ns/op
WorkloadResult  65: 12764944 op, 69898250.00 ns, 5.4758 ns/op
WorkloadResult  66: 12764944 op, 66551950.00 ns, 5.2136 ns/op
WorkloadResult  67: 12764944 op, 119541050.00 ns, 9.3648 ns/op
WorkloadResult  68: 12764944 op, 62438650.00 ns, 4.8914 ns/op
WorkloadResult  69: 12764944 op, 67258650.00 ns, 5.2690 ns/op
WorkloadResult  70: 12764944 op, 105586650.00 ns, 8.2716 ns/op
WorkloadResult  71: 12764944 op, 105289050.00 ns, 8.2483 ns/op
WorkloadResult  72: 12764944 op, 106358850.00 ns, 8.3321 ns/op
WorkloadResult  73: 12764944 op, 105881850.00 ns, 8.2947 ns/op
WorkloadResult  74: 12764944 op, 61258750.00 ns, 4.7990 ns/op
WorkloadResult  75: 12764944 op, 67923050.00 ns, 5.3211 ns/op
WorkloadResult  76: 12764944 op, 105005050.00 ns, 8.2260 ns/op
WorkloadResult  77: 12764944 op, 62206650.00 ns, 4.8732 ns/op
WorkloadResult  78: 12764944 op, 67940550.00 ns, 5.3224 ns/op
WorkloadResult  79: 12764944 op, 107024750.00 ns, 8.3843 ns/op
WorkloadResult  80: 12764944 op, 62215550.00 ns, 4.8739 ns/op
WorkloadResult  81: 12764944 op, 66560450.00 ns, 5.2143 ns/op
WorkloadResult  82: 12764944 op, 98259550.00 ns, 7.6976 ns/op
WorkloadResult  83: 12764944 op, 68151350.00 ns, 5.3389 ns/op
WorkloadResult  84: 12764944 op, 65364650.00 ns, 5.1206 ns/op
WorkloadResult  85: 12764944 op, 104026250.00 ns, 8.1494 ns/op
WorkloadResult  86: 12764944 op, 69111450.00 ns, 5.4142 ns/op
WorkloadResult  87: 12764944 op, 68671950.00 ns, 5.3797 ns/op
WorkloadResult  88: 12764944 op, 101316150.00 ns, 7.9371 ns/op
WorkloadResult  89: 12764944 op, 105773250.00 ns, 8.2862 ns/op
WorkloadResult  90: 12764944 op, 84513750.00 ns, 6.6208 ns/op
WorkloadResult  91: 12764944 op, 97147350.00 ns, 7.6105 ns/op
WorkloadResult  92: 12764944 op, 61012050.00 ns, 4.7797 ns/op
WorkloadResult  93: 12764944 op, 64436550.00 ns, 5.0479 ns/op
WorkloadResult  94: 12764944 op, 101244750.00 ns, 7.9315 ns/op
WorkloadResult  95: 12764944 op, 105032650.00 ns, 8.2282 ns/op
WorkloadResult  96: 12764944 op, 106028350.00 ns, 8.3062 ns/op
WorkloadResult  97: 12764944 op, 105857250.00 ns, 8.2928 ns/op
WorkloadResult  98: 12764944 op, 105463350.00 ns, 8.2620 ns/op
WorkloadResult  99: 12764944 op, 106675050.00 ns, 8.3569 ns/op
WorkloadResult  100: 12764944 op, 106092550.00 ns, 8.3112 ns/op
// GC:  97 0 0 816956416 12764944
// Threading:  0 0 12764944

// AfterAll
// Benchmark Process 4516 has exited with code 0.

Mean = 7.326 ns, StdErr = 0.148 ns (2.03%), N = 100, StdDev = 1.484 ns
Min = 4.780 ns, Q1 = 5.406 ns, Median = 8.209 ns, Q3 = 8.321 ns, Max = 9.379 ns
IQR = 2.916 ns, LowerFence = 1.032 ns, UpperFence = 12.694 ns
ConfidenceInterval = [6.823 ns; 7.830 ns] (CI 99.9%), Margin = 0.503 ns (6.87% of Mean)
Skewness = -0.66, Kurtosis = 1.69, MValue = 2.95

// ** Remained 3 (23.1%) benchmark(s) to run. Estimated finish 2026-02-24 22:02 (0h 0m from now) **
Setup power plan (GUID: 8c5e7fda-e8bf-4a96-9a85-a6e23a8c635c FriendlyName: High performance)
// **************************
// Benchmark: Scenario1.S1_ReturnVoidErrorNoMessage_EnumerationsOptions: .NET 10.0(Runtime=.NET 10.0, IterationTime=100ms) [Iterations=2]
// *** Execute ***
// Launch: 1 / 1
// Execute: dotnet Enumerations.Options.Benchmarks-1.dll --anonymousPipes 1852 1224 --benchmarkName "ReillyDigital.Enumerations.Options.Benchmarks.Scenarios.Scenario1.S1_ReturnVoidErrorNoMessage_EnumerationsOptions(Iterations: 2)" --job ".NET 10.0" --benchmarkId 10 in D:\x\devs\reilly-digital\dotnet\enumerations.options.benchmarks\bin\Debug\net10.0\Enumerations.Options.Benchmarks-1\bin\Release\net10.0
// BeforeAnythingElse

// Benchmark Process Environment Information:
// BenchmarkDotNet v0.15.8
// Runtime=.NET 10.0.3 (10.0.3, 10.0.326.7603), X64 RyuJIT x86-64-v3
// GC=Concurrent Workstation
// HardwareIntrinsics=AVX2+BMI1+BMI2+F16C+FMA+LZCNT+MOVBE,AVX,SSE3+SSSE3+SSE4.1+SSE4.2+POPCNT,X86Base+SSE+SSE2,AES+PCLMUL VectorSize=256
// Job: .NET 10.0(IterationTime=100ms)

OverheadJitting  1: 1 op, 107200.00 ns, 107.2000 us/op
WorkloadJitting  1: 1 op, 1556200.00 ns, 1.5562 ms/op

OverheadJitting  2: 16 op, 168200.00 ns, 10.5125 us/op
WorkloadJitting  2: 16 op, 147200.00 ns, 9.2000 us/op

WorkloadPilot    1: 16 op, 2000.00 ns, 125.0000 ns/op
WorkloadPilot    2: 800000 op, 48489100.00 ns, 60.6114 ns/op
WorkloadPilot    3: 1649856 op, 72615200.00 ns, 44.0131 ns/op
WorkloadPilot    4: 2272064 op, 17875200.00 ns, 7.8674 ns/op
WorkloadPilot    5: 12710720 op, 119457900.00 ns, 9.3982 ns/op
WorkloadPilot    6: 10640336 op, 107166900.00 ns, 10.0718 ns/op
WorkloadPilot    7: 9928752 op, 79917000.00 ns, 8.0490 ns/op
WorkloadPilot    8: 12423840 op, 83374700.00 ns, 6.7109 ns/op
WorkloadPilot    9: 14901216 op, 98978000.00 ns, 6.6423 ns/op
WorkloadPilot   10: 15055088 op, 99928400.00 ns, 6.6375 ns/op
WorkloadPilot   11: 15065888 op, 99084900.00 ns, 6.5768 ns/op
WorkloadPilot   12: 15205040 op, 135074300.00 ns, 8.8835 ns/op

OverheadWarmup   1: 15205040 op, 37271200.00 ns, 2.4512 ns/op
OverheadWarmup   2: 15205040 op, 37170400.00 ns, 2.4446 ns/op
OverheadWarmup   3: 15205040 op, 37202100.00 ns, 2.4467 ns/op
OverheadWarmup   4: 15205040 op, 37250200.00 ns, 2.4499 ns/op
OverheadWarmup   5: 15205040 op, 37397200.00 ns, 2.4595 ns/op
OverheadWarmup   6: 15205040 op, 37211600.00 ns, 2.4473 ns/op
OverheadWarmup   7: 15205040 op, 37852000.00 ns, 2.4894 ns/op
OverheadWarmup   8: 15205040 op, 37824300.00 ns, 2.4876 ns/op

OverheadActual   1: 15205040 op, 38058100.00 ns, 2.5030 ns/op
OverheadActual   2: 15205040 op, 37858300.00 ns, 2.4899 ns/op
OverheadActual   3: 15205040 op, 37826900.00 ns, 2.4878 ns/op
OverheadActual   4: 15205040 op, 37436300.00 ns, 2.4621 ns/op
OverheadActual   5: 15205040 op, 38177300.00 ns, 2.5108 ns/op
OverheadActual   6: 15205040 op, 38046600.00 ns, 2.5022 ns/op
OverheadActual   7: 15205040 op, 37814200.00 ns, 2.4870 ns/op
OverheadActual   8: 15205040 op, 37211500.00 ns, 2.4473 ns/op
OverheadActual   9: 15205040 op, 24978400.00 ns, 1.6428 ns/op
OverheadActual  10: 15205040 op, 22609500.00 ns, 1.4870 ns/op
OverheadActual  11: 15205040 op, 22654000.00 ns, 1.4899 ns/op
OverheadActual  12: 15205040 op, 22629300.00 ns, 1.4883 ns/op
OverheadActual  13: 15205040 op, 23229100.00 ns, 1.5277 ns/op
OverheadActual  14: 15205040 op, 25616300.00 ns, 1.6847 ns/op
OverheadActual  15: 15205040 op, 22662700.00 ns, 1.4905 ns/op
OverheadActual  16: 15205040 op, 23403500.00 ns, 1.5392 ns/op
OverheadActual  17: 15205040 op, 22640500.00 ns, 1.4890 ns/op
OverheadActual  18: 15205040 op, 22691200.00 ns, 1.4923 ns/op
OverheadActual  19: 15205040 op, 24278800.00 ns, 1.5968 ns/op
OverheadActual  20: 15205040 op, 25598000.00 ns, 1.6835 ns/op

WorkloadWarmup   1: 15205040 op, 110453100.00 ns, 7.2642 ns/op
WorkloadWarmup   2: 15205040 op, 104287000.00 ns, 6.8587 ns/op
WorkloadWarmup   3: 15205040 op, 100682100.00 ns, 6.6216 ns/op
WorkloadWarmup   4: 15205040 op, 100921900.00 ns, 6.6374 ns/op
WorkloadWarmup   5: 15205040 op, 101888200.00 ns, 6.7009 ns/op
WorkloadWarmup   6: 15205040 op, 100667300.00 ns, 6.6207 ns/op
WorkloadWarmup   7: 15205040 op, 101152900.00 ns, 6.6526 ns/op
WorkloadWarmup   8: 15205040 op, 101252300.00 ns, 6.6591 ns/op
WorkloadWarmup   9: 15205040 op, 100978600.00 ns, 6.6411 ns/op

// BeforeActualRun
WorkloadActual   1: 15205040 op, 102754800.00 ns, 6.7579 ns/op
WorkloadActual   2: 15205040 op, 100243700.00 ns, 6.5928 ns/op
WorkloadActual   3: 15205040 op, 99059500.00 ns, 6.5149 ns/op
WorkloadActual   4: 15205040 op, 151651100.00 ns, 9.9737 ns/op
WorkloadActual   5: 15205040 op, 153876200.00 ns, 10.1201 ns/op
WorkloadActual   6: 15205040 op, 102135900.00 ns, 6.7172 ns/op
WorkloadActual   7: 15205040 op, 100426500.00 ns, 6.6048 ns/op
WorkloadActual   8: 15205040 op, 99390300.00 ns, 6.5367 ns/op
WorkloadActual   9: 15205040 op, 102076400.00 ns, 6.7133 ns/op
WorkloadActual  10: 15205040 op, 99740800.00 ns, 6.5597 ns/op
WorkloadActual  11: 15205040 op, 102715500.00 ns, 6.7554 ns/op
WorkloadActual  12: 15205040 op, 99329400.00 ns, 6.5327 ns/op
WorkloadActual  13: 15205040 op, 102741900.00 ns, 6.7571 ns/op
WorkloadActual  14: 15205040 op, 99441400.00 ns, 6.5400 ns/op
WorkloadActual  15: 15205040 op, 125380800.00 ns, 8.2460 ns/op

// AfterActualRun
WorkloadResult   1: 15205040 op, 77466600.00 ns, 5.0948 ns/op
WorkloadResult   2: 15205040 op, 74955500.00 ns, 4.9296 ns/op
WorkloadResult   3: 15205040 op, 73771300.00 ns, 4.8518 ns/op
WorkloadResult   4: 15205040 op, 76847700.00 ns, 5.0541 ns/op
WorkloadResult   5: 15205040 op, 75138300.00 ns, 4.9417 ns/op
WorkloadResult   6: 15205040 op, 74102100.00 ns, 4.8735 ns/op
WorkloadResult   7: 15205040 op, 76788200.00 ns, 5.0502 ns/op
WorkloadResult   8: 15205040 op, 74452600.00 ns, 4.8966 ns/op
WorkloadResult   9: 15205040 op, 77427300.00 ns, 5.0922 ns/op
WorkloadResult  10: 15205040 op, 74041200.00 ns, 4.8695 ns/op
WorkloadResult  11: 15205040 op, 77453700.00 ns, 5.0939 ns/op
WorkloadResult  12: 15205040 op, 74153200.00 ns, 4.8769 ns/op
// GC:  116 0 0 973122560 15205040
// Threading:  0 0 15205040

// AfterAll
// Benchmark Process 15592 has exited with code 0.

Mean = 4.969 ns, StdErr = 0.029 ns (0.58%), N = 12, StdDev = 0.100 ns
Min = 4.852 ns, Q1 = 4.876 ns, Median = 4.936 ns, Q3 = 5.064 ns, Max = 5.095 ns
IQR = 0.188 ns, LowerFence = 4.595 ns, UpperFence = 5.345 ns
ConfidenceInterval = [4.841 ns; 5.096 ns] (CI 99.9%), Margin = 0.128 ns (2.57% of Mean)
Skewness = 0.2, Kurtosis = 1.09, MValue = 2

// ** Remained 2 (15.4%) benchmark(s) to run. Estimated finish 2026-02-24 22:02 (0h 0m from now) **
Setup power plan (GUID: 8c5e7fda-e8bf-4a96-9a85-a6e23a8c635c FriendlyName: High performance)
// **************************
// Benchmark: Scenario1.S1_ReturnVoidErrorWithMessage_EnumerationsOptions: .NET 10.0(Runtime=.NET 10.0, IterationTime=100ms) [Iterations=2]
// *** Execute ***
// Launch: 1 / 1
// Execute: dotnet Enumerations.Options.Benchmarks-1.dll --anonymousPipes 1448 1452 --benchmarkName "ReillyDigital.Enumerations.Options.Benchmarks.Scenarios.Scenario1.S1_ReturnVoidErrorWithMessage_EnumerationsOptions(Iterations: 2)" --job ".NET 10.0" --benchmarkId 11 in D:\x\devs\reilly-digital\dotnet\enumerations.options.benchmarks\bin\Debug\net10.0\Enumerations.Options.Benchmarks-1\bin\Release\net10.0
// BeforeAnythingElse

// Benchmark Process Environment Information:
// BenchmarkDotNet v0.15.8
// Runtime=.NET 10.0.3 (10.0.3, 10.0.326.7603), X64 RyuJIT x86-64-v3
// GC=Concurrent Workstation
// HardwareIntrinsics=AVX2+BMI1+BMI2+F16C+FMA+LZCNT+MOVBE,AVX,SSE3+SSSE3+SSE4.1+SSE4.2+POPCNT,X86Base+SSE+SSE2,AES+PCLMUL VectorSize=256
// Job: .NET 10.0(IterationTime=100ms)

OverheadJitting  1: 1 op, 111700.00 ns, 111.7000 us/op
WorkloadJitting  1: 1 op, 1744000.00 ns, 1.7440 ms/op

OverheadJitting  2: 16 op, 180300.00 ns, 11.2688 us/op
WorkloadJitting  2: 16 op, 150700.00 ns, 9.4188 us/op

WorkloadPilot    1: 16 op, 3000.00 ns, 187.5000 ns/op
WorkloadPilot    2: 533344 op, 34573000.00 ns, 64.8231 ns/op
WorkloadPilot    3: 1542672 op, 92793100.00 ns, 60.1509 ns/op
WorkloadPilot    4: 1662496 op, 87625900.00 ns, 52.7074 ns/op
WorkloadPilot    5: 1897280 op, 19196100.00 ns, 10.1177 ns/op
WorkloadPilot    6: 9883680 op, 88193900.00 ns, 8.9232 ns/op
WorkloadPilot    7: 11206768 op, 124605300.00 ns, 11.1188 ns/op
WorkloadPilot    8: 8993824 op, 93833200.00 ns, 10.4331 ns/op
WorkloadPilot    9: 9584912 op, 69564700.00 ns, 7.2577 ns/op
WorkloadPilot   10: 13778416 op, 98121500.00 ns, 7.1214 ns/op
WorkloadPilot   11: 14042208 op, 99979700.00 ns, 7.1199 ns/op
WorkloadPilot   12: 14045072 op, 101103000.00 ns, 7.1985 ns/op
WorkloadPilot   13: 13891856 op, 95393800.00 ns, 6.8669 ns/op
WorkloadPilot   14: 14562640 op, 99841800.00 ns, 6.8560 ns/op
WorkloadPilot   15: 14585728 op, 108331100.00 ns, 7.4272 ns/op

OverheadWarmup   1: 14585728 op, 35864700.00 ns, 2.4589 ns/op
OverheadWarmup   2: 14585728 op, 35934600.00 ns, 2.4637 ns/op
OverheadWarmup   3: 14585728 op, 35699500.00 ns, 2.4476 ns/op
OverheadWarmup   4: 14585728 op, 35708900.00 ns, 2.4482 ns/op
OverheadWarmup   5: 14585728 op, 37035200.00 ns, 2.5391 ns/op
OverheadWarmup   6: 14585728 op, 38730900.00 ns, 2.6554 ns/op
OverheadWarmup   7: 14585728 op, 38788200.00 ns, 2.6593 ns/op
OverheadWarmup   8: 14585728 op, 36760800.00 ns, 2.5203 ns/op

OverheadActual   1: 14585728 op, 35907000.00 ns, 2.4618 ns/op
OverheadActual   2: 14585728 op, 35959200.00 ns, 2.4654 ns/op
OverheadActual   3: 14585728 op, 35977200.00 ns, 2.4666 ns/op
OverheadActual   4: 14585728 op, 38181600.00 ns, 2.6177 ns/op
OverheadActual   5: 14585728 op, 36129400.00 ns, 2.4770 ns/op
OverheadActual   6: 14585728 op, 36133700.00 ns, 2.4773 ns/op
OverheadActual   7: 14585728 op, 37670100.00 ns, 2.5827 ns/op
OverheadActual   8: 14585728 op, 36031200.00 ns, 2.4703 ns/op
OverheadActual   9: 14585728 op, 34955700.00 ns, 2.3966 ns/op
OverheadActual  10: 14585728 op, 22151100.00 ns, 1.5187 ns/op
OverheadActual  11: 14585728 op, 22044500.00 ns, 1.5114 ns/op
OverheadActual  12: 14585728 op, 23306100.00 ns, 1.5979 ns/op
OverheadActual  13: 14585728 op, 22207800.00 ns, 1.5226 ns/op
OverheadActual  14: 14585728 op, 23142800.00 ns, 1.5867 ns/op
OverheadActual  15: 14585728 op, 22168100.00 ns, 1.5198 ns/op
OverheadActual  16: 14585728 op, 22092100.00 ns, 1.5146 ns/op
OverheadActual  17: 14585728 op, 22868200.00 ns, 1.5678 ns/op
OverheadActual  18: 14585728 op, 22567400.00 ns, 1.5472 ns/op
OverheadActual  19: 14585728 op, 22030900.00 ns, 1.5104 ns/op
OverheadActual  20: 14585728 op, 22594400.00 ns, 1.5491 ns/op

WorkloadWarmup   1: 14585728 op, 109849800.00 ns, 7.5313 ns/op
WorkloadWarmup   2: 14585728 op, 104270200.00 ns, 7.1488 ns/op
WorkloadWarmup   3: 14585728 op, 111568500.00 ns, 7.6492 ns/op
WorkloadWarmup   4: 14585728 op, 105220100.00 ns, 7.2139 ns/op
WorkloadWarmup   5: 14585728 op, 105588400.00 ns, 7.2392 ns/op
WorkloadWarmup   6: 14585728 op, 105818800.00 ns, 7.2550 ns/op
WorkloadWarmup   7: 14585728 op, 103689700.00 ns, 7.1090 ns/op

// BeforeActualRun
WorkloadActual   1: 14585728 op, 99557200.00 ns, 6.8257 ns/op
WorkloadActual   2: 14585728 op, 115823100.00 ns, 7.9409 ns/op
WorkloadActual   3: 14585728 op, 105678200.00 ns, 7.2453 ns/op
WorkloadActual   4: 14585728 op, 105683500.00 ns, 7.2457 ns/op
WorkloadActual   5: 14585728 op, 111969500.00 ns, 7.6766 ns/op
WorkloadActual   6: 14585728 op, 114670400.00 ns, 7.8618 ns/op
WorkloadActual   7: 14585728 op, 104133500.00 ns, 7.1394 ns/op
WorkloadActual   8: 14585728 op, 105358400.00 ns, 7.2234 ns/op
WorkloadActual   9: 14585728 op, 105873800.00 ns, 7.2587 ns/op
WorkloadActual  10: 14585728 op, 111266600.00 ns, 7.6285 ns/op
WorkloadActual  11: 14585728 op, 105078100.00 ns, 7.2042 ns/op
WorkloadActual  12: 14585728 op, 110786100.00 ns, 7.5955 ns/op
WorkloadActual  13: 14585728 op, 106735600.00 ns, 7.3178 ns/op
WorkloadActual  14: 14585728 op, 113686100.00 ns, 7.7943 ns/op
WorkloadActual  15: 14585728 op, 108659300.00 ns, 7.4497 ns/op
WorkloadActual  16: 14585728 op, 116243000.00 ns, 7.9696 ns/op
WorkloadActual  17: 14585728 op, 108733300.00 ns, 7.4548 ns/op
WorkloadActual  18: 14585728 op, 113348200.00 ns, 7.7712 ns/op
WorkloadActual  19: 14585728 op, 106909500.00 ns, 7.3297 ns/op
WorkloadActual  20: 14585728 op, 114907600.00 ns, 7.8781 ns/op
WorkloadActual  21: 14585728 op, 114095800.00 ns, 7.8224 ns/op
WorkloadActual  22: 14585728 op, 98063200.00 ns, 6.7232 ns/op
WorkloadActual  23: 14585728 op, 104931600.00 ns, 7.1941 ns/op
WorkloadActual  24: 14585728 op, 98297600.00 ns, 6.7393 ns/op
WorkloadActual  25: 14585728 op, 97779100.00 ns, 6.7038 ns/op
WorkloadActual  26: 14585728 op, 106443900.00 ns, 7.2978 ns/op
WorkloadActual  27: 14585728 op, 99865100.00 ns, 6.8468 ns/op
WorkloadActual  28: 14585728 op, 96592900.00 ns, 6.6224 ns/op
WorkloadActual  29: 14585728 op, 102774500.00 ns, 7.0462 ns/op
WorkloadActual  30: 14585728 op, 98246600.00 ns, 6.7358 ns/op
WorkloadActual  31: 14585728 op, 97304800.00 ns, 6.6712 ns/op
WorkloadActual  32: 14585728 op, 103698700.00 ns, 7.1096 ns/op
WorkloadActual  33: 14585728 op, 98156800.00 ns, 6.7296 ns/op
WorkloadActual  34: 14585728 op, 101251100.00 ns, 6.9418 ns/op
WorkloadActual  35: 14585728 op, 104735600.00 ns, 7.1807 ns/op
WorkloadActual  36: 14585728 op, 101870500.00 ns, 6.9843 ns/op
WorkloadActual  37: 14585728 op, 103608100.00 ns, 7.1034 ns/op
WorkloadActual  38: 14585728 op, 103638600.00 ns, 7.1055 ns/op
WorkloadActual  39: 14585728 op, 99260800.00 ns, 6.8053 ns/op
WorkloadActual  40: 14585728 op, 98784100.00 ns, 6.7727 ns/op
WorkloadActual  41: 14585728 op, 103464700.00 ns, 7.0936 ns/op
WorkloadActual  42: 14585728 op, 99703000.00 ns, 6.8357 ns/op
WorkloadActual  43: 14585728 op, 98236400.00 ns, 6.7351 ns/op
WorkloadActual  44: 14585728 op, 101897000.00 ns, 6.9861 ns/op
WorkloadActual  45: 14585728 op, 98651600.00 ns, 6.7636 ns/op
WorkloadActual  46: 14585728 op, 95991600.00 ns, 6.5812 ns/op
WorkloadActual  47: 14585728 op, 105020900.00 ns, 7.2003 ns/op
WorkloadActual  48: 14585728 op, 99950600.00 ns, 6.8526 ns/op
WorkloadActual  49: 14585728 op, 103560000.00 ns, 7.1001 ns/op
WorkloadActual  50: 14585728 op, 107450800.00 ns, 7.3668 ns/op
WorkloadActual  51: 14585728 op, 102048800.00 ns, 6.9965 ns/op
WorkloadActual  52: 14585728 op, 99537500.00 ns, 6.8243 ns/op
WorkloadActual  53: 14585728 op, 111534200.00 ns, 7.6468 ns/op
WorkloadActual  54: 14585728 op, 102022600.00 ns, 6.9947 ns/op
WorkloadActual  55: 14585728 op, 101535100.00 ns, 6.9613 ns/op
WorkloadActual  56: 14585728 op, 104125300.00 ns, 7.1388 ns/op
WorkloadActual  57: 14585728 op, 99727700.00 ns, 6.8373 ns/op
WorkloadActual  58: 14585728 op, 98636000.00 ns, 6.7625 ns/op
WorkloadActual  59: 14585728 op, 105908400.00 ns, 7.2611 ns/op
WorkloadActual  60: 14585728 op, 103405400.00 ns, 7.0895 ns/op
WorkloadActual  61: 14585728 op, 97062600.00 ns, 6.6546 ns/op
WorkloadActual  62: 14585728 op, 101717100.00 ns, 6.9737 ns/op
WorkloadActual  63: 14585728 op, 99678200.00 ns, 6.8340 ns/op
WorkloadActual  64: 14585728 op, 96047200.00 ns, 6.5850 ns/op
WorkloadActual  65: 14585728 op, 104295200.00 ns, 7.1505 ns/op
WorkloadActual  66: 14585728 op, 98640200.00 ns, 6.7628 ns/op
WorkloadActual  67: 14585728 op, 96396300.00 ns, 6.6089 ns/op
WorkloadActual  68: 14585728 op, 106466700.00 ns, 7.2994 ns/op
WorkloadActual  69: 14585728 op, 100568400.00 ns, 6.8950 ns/op
WorkloadActual  70: 14585728 op, 100221900.00 ns, 6.8712 ns/op
WorkloadActual  71: 14585728 op, 103208800.00 ns, 7.0760 ns/op
WorkloadActual  72: 14585728 op, 100701000.00 ns, 6.9041 ns/op
WorkloadActual  73: 14585728 op, 98417100.00 ns, 6.7475 ns/op

// AfterActualRun
WorkloadResult   1: 14585728 op, 76332750.00 ns, 5.2334 ns/op
WorkloadResult   2: 14585728 op, 82453750.00 ns, 5.6530 ns/op
WorkloadResult   3: 14585728 op, 82459050.00 ns, 5.6534 ns/op
WorkloadResult   4: 14585728 op, 88745050.00 ns, 6.0844 ns/op
WorkloadResult   5: 14585728 op, 91445950.00 ns, 6.2695 ns/op
WorkloadResult   6: 14585728 op, 80909050.00 ns, 5.5471 ns/op
WorkloadResult   7: 14585728 op, 82133950.00 ns, 5.6311 ns/op
WorkloadResult   8: 14585728 op, 82649350.00 ns, 5.6665 ns/op
WorkloadResult   9: 14585728 op, 88042150.00 ns, 6.0362 ns/op
WorkloadResult  10: 14585728 op, 81853650.00 ns, 5.6119 ns/op
WorkloadResult  11: 14585728 op, 87561650.00 ns, 6.0032 ns/op
WorkloadResult  12: 14585728 op, 83511150.00 ns, 5.7255 ns/op
WorkloadResult  13: 14585728 op, 90461650.00 ns, 6.2021 ns/op
WorkloadResult  14: 14585728 op, 85434850.00 ns, 5.8574 ns/op
WorkloadResult  15: 14585728 op, 85508850.00 ns, 5.8625 ns/op
WorkloadResult  16: 14585728 op, 90123750.00 ns, 6.1789 ns/op
WorkloadResult  17: 14585728 op, 83685050.00 ns, 5.7375 ns/op
WorkloadResult  18: 14585728 op, 91683150.00 ns, 6.2858 ns/op
WorkloadResult  19: 14585728 op, 90871350.00 ns, 6.2302 ns/op
WorkloadResult  20: 14585728 op, 74838750.00 ns, 5.1310 ns/op
WorkloadResult  21: 14585728 op, 81707150.00 ns, 5.6019 ns/op
WorkloadResult  22: 14585728 op, 75073150.00 ns, 5.1470 ns/op
WorkloadResult  23: 14585728 op, 74554650.00 ns, 5.1115 ns/op
WorkloadResult  24: 14585728 op, 83219450.00 ns, 5.7055 ns/op
WorkloadResult  25: 14585728 op, 76640650.00 ns, 5.2545 ns/op
WorkloadResult  26: 14585728 op, 73368450.00 ns, 5.0302 ns/op
WorkloadResult  27: 14585728 op, 79550050.00 ns, 5.4540 ns/op
WorkloadResult  28: 14585728 op, 75022150.00 ns, 5.1435 ns/op
WorkloadResult  29: 14585728 op, 74080350.00 ns, 5.0790 ns/op
WorkloadResult  30: 14585728 op, 80474250.00 ns, 5.5173 ns/op
WorkloadResult  31: 14585728 op, 74932350.00 ns, 5.1374 ns/op
WorkloadResult  32: 14585728 op, 78026650.00 ns, 5.3495 ns/op
WorkloadResult  33: 14585728 op, 81511150.00 ns, 5.5884 ns/op
WorkloadResult  34: 14585728 op, 78646050.00 ns, 5.3920 ns/op
WorkloadResult  35: 14585728 op, 80383650.00 ns, 5.5111 ns/op
WorkloadResult  36: 14585728 op, 80414150.00 ns, 5.5132 ns/op
WorkloadResult  37: 14585728 op, 76036350.00 ns, 5.2131 ns/op
WorkloadResult  38: 14585728 op, 75559650.00 ns, 5.1804 ns/op
WorkloadResult  39: 14585728 op, 80240250.00 ns, 5.5013 ns/op
WorkloadResult  40: 14585728 op, 76478550.00 ns, 5.2434 ns/op
WorkloadResult  41: 14585728 op, 75011950.00 ns, 5.1428 ns/op
WorkloadResult  42: 14585728 op, 78672550.00 ns, 5.3938 ns/op
WorkloadResult  43: 14585728 op, 75427150.00 ns, 5.1713 ns/op
WorkloadResult  44: 14585728 op, 72767150.00 ns, 4.9889 ns/op
WorkloadResult  45: 14585728 op, 81796450.00 ns, 5.6080 ns/op
WorkloadResult  46: 14585728 op, 76726150.00 ns, 5.2604 ns/op
WorkloadResult  47: 14585728 op, 80335550.00 ns, 5.5078 ns/op
WorkloadResult  48: 14585728 op, 84226350.00 ns, 5.7746 ns/op
WorkloadResult  49: 14585728 op, 78824350.00 ns, 5.4042 ns/op
WorkloadResult  50: 14585728 op, 76313050.00 ns, 5.2320 ns/op
WorkloadResult  51: 14585728 op, 88309750.00 ns, 6.0545 ns/op
WorkloadResult  52: 14585728 op, 78798150.00 ns, 5.4024 ns/op
WorkloadResult  53: 14585728 op, 78310650.00 ns, 5.3690 ns/op
WorkloadResult  54: 14585728 op, 80900850.00 ns, 5.5466 ns/op
WorkloadResult  55: 14585728 op, 76503250.00 ns, 5.2451 ns/op
WorkloadResult  56: 14585728 op, 75411550.00 ns, 5.1702 ns/op
WorkloadResult  57: 14585728 op, 82683950.00 ns, 5.6688 ns/op
WorkloadResult  58: 14585728 op, 80180950.00 ns, 5.4972 ns/op
WorkloadResult  59: 14585728 op, 73838150.00 ns, 5.0624 ns/op
WorkloadResult  60: 14585728 op, 78492650.00 ns, 5.3815 ns/op
WorkloadResult  61: 14585728 op, 76453750.00 ns, 5.2417 ns/op
WorkloadResult  62: 14585728 op, 72822750.00 ns, 4.9927 ns/op
WorkloadResult  63: 14585728 op, 81070750.00 ns, 5.5582 ns/op
WorkloadResult  64: 14585728 op, 75415750.00 ns, 5.1705 ns/op
WorkloadResult  65: 14585728 op, 73171850.00 ns, 5.0167 ns/op
WorkloadResult  66: 14585728 op, 83242250.00 ns, 5.7071 ns/op
WorkloadResult  67: 14585728 op, 77343950.00 ns, 5.3027 ns/op
WorkloadResult  68: 14585728 op, 76997450.00 ns, 5.2790 ns/op
WorkloadResult  69: 14585728 op, 79984350.00 ns, 5.4837 ns/op
WorkloadResult  70: 14585728 op, 77476550.00 ns, 5.3118 ns/op
WorkloadResult  71: 14585728 op, 75192650.00 ns, 5.1552 ns/op
// GC:  111 0 0 933486592 14585728
// Threading:  0 0 14585728

// AfterAll
// Benchmark Process 16620 has exited with code 0.

Mean = 5.484 ns, StdErr = 0.040 ns (0.73%), N = 71, StdDev = 0.338 ns
Min = 4.989 ns, Q1 = 5.223 ns, Median = 5.454 ns, Q3 = 5.660 ns, Max = 6.286 ns
IQR = 0.437 ns, LowerFence = 4.566 ns, UpperFence = 6.316 ns
ConfidenceInterval = [5.346 ns; 5.622 ns] (CI 99.9%), Margin = 0.138 ns (2.52% of Mean)
Skewness = 0.7, Kurtosis = 2.69, MValue = 3.45

// ** Remained 1 (7.7%) benchmark(s) to run. Estimated finish 2026-02-24 22:02 (0h 0m from now) **
Setup power plan (GUID: 8c5e7fda-e8bf-4a96-9a85-a6e23a8c635c FriendlyName: High performance)
// **************************
// Benchmark: Scenario1.S1_ReturnVoidSuccess_EnumerationsOptions: .NET 10.0(Runtime=.NET 10.0, IterationTime=100ms) [Iterations=2]
// *** Execute ***
// Launch: 1 / 1
// Execute: dotnet Enumerations.Options.Benchmarks-1.dll --anonymousPipes 1308 1248 --benchmarkName "ReillyDigital.Enumerations.Options.Benchmarks.Scenarios.Scenario1.S1_ReturnVoidSuccess_EnumerationsOptions(Iterations: 2)" --job ".NET 10.0" --benchmarkId 12 in D:\x\devs\reilly-digital\dotnet\enumerations.options.benchmarks\bin\Debug\net10.0\Enumerations.Options.Benchmarks-1\bin\Release\net10.0
// BeforeAnythingElse

// Benchmark Process Environment Information:
// BenchmarkDotNet v0.15.8
// Runtime=.NET 10.0.3 (10.0.3, 10.0.326.7603), X64 RyuJIT x86-64-v3
// GC=Concurrent Workstation
// HardwareIntrinsics=AVX2+BMI1+BMI2+F16C+FMA+LZCNT+MOVBE,AVX,SSE3+SSSE3+SSE4.1+SSE4.2+POPCNT,X86Base+SSE+SSE2,AES+PCLMUL VectorSize=256
// Job: .NET 10.0(IterationTime=100ms)

OverheadJitting  1: 1 op, 109200.00 ns, 109.2000 us/op
WorkloadJitting  1: 1 op, 1153300.00 ns, 1.1533 ms/op

OverheadJitting  2: 16 op, 151200.00 ns, 9.4500 us/op
WorkloadJitting  2: 16 op, 280600.00 ns, 17.5375 us/op

WorkloadPilot    1: 16 op, 6200.00 ns, 387.5000 ns/op
WorkloadPilot    2: 258080 op, 15246800.00 ns, 59.0778 ns/op
WorkloadPilot    3: 1692688 op, 82954500.00 ns, 49.0076 ns/op
WorkloadPilot    4: 2040512 op, 40187000.00 ns, 19.6946 ns/op
WorkloadPilot    5: 5077552 op, 48296700.00 ns, 9.5118 ns/op
WorkloadPilot    6: 10513248 op, 100155600.00 ns, 9.5266 ns/op
WorkloadPilot    7: 10496928 op, 109380500.00 ns, 10.4202 ns/op
WorkloadPilot    8: 9596720 op, 90468500.00 ns, 9.4270 ns/op
WorkloadPilot    9: 10607808 op, 101802600.00 ns, 9.5969 ns/op

OverheadWarmup   1: 10607808 op, 26630500.00 ns, 2.5105 ns/op
OverheadWarmup   2: 10607808 op, 26869400.00 ns, 2.5330 ns/op
OverheadWarmup   3: 10607808 op, 26765400.00 ns, 2.5232 ns/op
OverheadWarmup   4: 10607808 op, 27082600.00 ns, 2.5531 ns/op
OverheadWarmup   5: 10607808 op, 26664500.00 ns, 2.5137 ns/op

OverheadActual   1: 10607808 op, 26770800.00 ns, 2.5237 ns/op
OverheadActual   2: 10607808 op, 27257200.00 ns, 2.5695 ns/op
OverheadActual   3: 10607808 op, 26612300.00 ns, 2.5087 ns/op
OverheadActual   4: 10607808 op, 26672700.00 ns, 2.5144 ns/op
OverheadActual   5: 10607808 op, 27030900.00 ns, 2.5482 ns/op
OverheadActual   6: 10607808 op, 26036700.00 ns, 2.4545 ns/op
OverheadActual   7: 10607808 op, 26025000.00 ns, 2.4534 ns/op
OverheadActual   8: 10607808 op, 25973600.00 ns, 2.4485 ns/op
OverheadActual   9: 10607808 op, 26734400.00 ns, 2.5203 ns/op
OverheadActual  10: 10607808 op, 26143000.00 ns, 2.4645 ns/op
OverheadActual  11: 10607808 op, 16448500.00 ns, 1.5506 ns/op
OverheadActual  12: 10607808 op, 16489300.00 ns, 1.5544 ns/op
OverheadActual  13: 10607808 op, 15826800.00 ns, 1.4920 ns/op
OverheadActual  14: 10607808 op, 16467600.00 ns, 1.5524 ns/op
OverheadActual  15: 10607808 op, 16387100.00 ns, 1.5448 ns/op
OverheadActual  16: 10607808 op, 16440400.00 ns, 1.5498 ns/op
OverheadActual  17: 10607808 op, 15845300.00 ns, 1.4937 ns/op
OverheadActual  18: 10607808 op, 15807000.00 ns, 1.4901 ns/op
OverheadActual  19: 10607808 op, 16349700.00 ns, 1.5413 ns/op
OverheadActual  20: 10607808 op, 16388500.00 ns, 1.5449 ns/op

WorkloadWarmup   1: 10607808 op, 102755900.00 ns, 9.6868 ns/op
WorkloadWarmup   2: 10607808 op, 103713900.00 ns, 9.7771 ns/op
WorkloadWarmup   3: 10607808 op, 101378600.00 ns, 9.5570 ns/op
WorkloadWarmup   4: 10607808 op, 100263200.00 ns, 9.4518 ns/op
WorkloadWarmup   5: 10607808 op, 101575700.00 ns, 9.5756 ns/op
WorkloadWarmup   6: 10607808 op, 101253800.00 ns, 9.5452 ns/op

// BeforeActualRun
WorkloadActual   1: 10607808 op, 100720400.00 ns, 9.4949 ns/op
WorkloadActual   2: 10607808 op, 105404900.00 ns, 9.9365 ns/op
WorkloadActual   3: 10607808 op, 104104000.00 ns, 9.8139 ns/op
WorkloadActual   4: 10607808 op, 106418200.00 ns, 10.0321 ns/op
WorkloadActual   5: 10607808 op, 104484200.00 ns, 9.8497 ns/op
WorkloadActual   6: 10607808 op, 123986900.00 ns, 11.6883 ns/op
WorkloadActual   7: 10607808 op, 133226300.00 ns, 12.5593 ns/op
WorkloadActual   8: 10607808 op, 116122100.00 ns, 10.9469 ns/op
WorkloadActual   9: 10607808 op, 114276100.00 ns, 10.7728 ns/op
WorkloadActual  10: 10607808 op, 110158700.00 ns, 10.3847 ns/op
WorkloadActual  11: 10607808 op, 111329200.00 ns, 10.4950 ns/op
WorkloadActual  12: 10607808 op, 105949100.00 ns, 9.9878 ns/op
WorkloadActual  13: 10607808 op, 109397400.00 ns, 10.3129 ns/op
WorkloadActual  14: 10607808 op, 112937200.00 ns, 10.6466 ns/op
WorkloadActual  15: 10607808 op, 109839400.00 ns, 10.3546 ns/op
WorkloadActual  16: 10607808 op, 107351800.00 ns, 10.1201 ns/op
WorkloadActual  17: 10607808 op, 119160000.00 ns, 11.2332 ns/op
WorkloadActual  18: 10607808 op, 118836700.00 ns, 11.2028 ns/op
WorkloadActual  19: 10607808 op, 113784800.00 ns, 10.7265 ns/op
WorkloadActual  20: 10607808 op, 105100900.00 ns, 9.9079 ns/op
WorkloadActual  21: 10607808 op, 105224600.00 ns, 9.9195 ns/op
WorkloadActual  22: 10607808 op, 98858900.00 ns, 9.3194 ns/op
WorkloadActual  23: 10607808 op, 98871900.00 ns, 9.3207 ns/op
WorkloadActual  24: 10607808 op, 99099600.00 ns, 9.3421 ns/op
WorkloadActual  25: 10607808 op, 100039100.00 ns, 9.4307 ns/op
WorkloadActual  26: 10607808 op, 97289100.00 ns, 9.1715 ns/op
WorkloadActual  27: 10607808 op, 99533800.00 ns, 9.3831 ns/op
WorkloadActual  28: 10607808 op, 99988500.00 ns, 9.4259 ns/op
WorkloadActual  29: 10607808 op, 98234700.00 ns, 9.2606 ns/op
WorkloadActual  30: 10607808 op, 98248500.00 ns, 9.2619 ns/op
WorkloadActual  31: 10607808 op, 98525600.00 ns, 9.2880 ns/op
WorkloadActual  32: 10607808 op, 108025300.00 ns, 10.1836 ns/op
WorkloadActual  33: 10607808 op, 98801700.00 ns, 9.3141 ns/op
WorkloadActual  34: 10607808 op, 98415000.00 ns, 9.2776 ns/op
WorkloadActual  35: 10607808 op, 98006900.00 ns, 9.2391 ns/op
WorkloadActual  36: 10607808 op, 97553200.00 ns, 9.1964 ns/op
WorkloadActual  37: 10607808 op, 98933600.00 ns, 9.3265 ns/op
WorkloadActual  38: 10607808 op, 97210800.00 ns, 9.1641 ns/op
WorkloadActual  39: 10607808 op, 97183200.00 ns, 9.1615 ns/op
WorkloadActual  40: 10607808 op, 97679900.00 ns, 9.2083 ns/op
WorkloadActual  41: 10607808 op, 98594800.00 ns, 9.2945 ns/op
WorkloadActual  42: 10607808 op, 97653300.00 ns, 9.2058 ns/op
WorkloadActual  43: 10607808 op, 97473600.00 ns, 9.1889 ns/op
WorkloadActual  44: 10607808 op, 97483100.00 ns, 9.1897 ns/op
WorkloadActual  45: 10607808 op, 97953400.00 ns, 9.2341 ns/op
WorkloadActual  46: 10607808 op, 97856300.00 ns, 9.2249 ns/op
WorkloadActual  47: 10607808 op, 97472700.00 ns, 9.1888 ns/op
WorkloadActual  48: 10607808 op, 97491000.00 ns, 9.1905 ns/op
WorkloadActual  49: 10607808 op, 98266900.00 ns, 9.2636 ns/op
WorkloadActual  50: 10607808 op, 98927100.00 ns, 9.3259 ns/op
WorkloadActual  51: 10607808 op, 98210400.00 ns, 9.2583 ns/op
WorkloadActual  52: 10607808 op, 98026300.00 ns, 9.2410 ns/op
WorkloadActual  53: 10607808 op, 98805400.00 ns, 9.3144 ns/op
WorkloadActual  54: 10607808 op, 99090900.00 ns, 9.3413 ns/op
WorkloadActual  55: 10607808 op, 101946100.00 ns, 9.6105 ns/op
WorkloadActual  56: 10607808 op, 98045700.00 ns, 9.2428 ns/op
WorkloadActual  57: 10607808 op, 99090900.00 ns, 9.3413 ns/op
WorkloadActual  58: 10607808 op, 98675800.00 ns, 9.3022 ns/op
WorkloadActual  59: 10607808 op, 98060700.00 ns, 9.2442 ns/op
WorkloadActual  60: 10607808 op, 99122500.00 ns, 9.3443 ns/op
WorkloadActual  61: 10607808 op, 98472100.00 ns, 9.2830 ns/op
WorkloadActual  62: 10607808 op, 98386700.00 ns, 9.2749 ns/op
WorkloadActual  63: 10607808 op, 98338600.00 ns, 9.2704 ns/op
WorkloadActual  64: 10607808 op, 97905800.00 ns, 9.2296 ns/op
WorkloadActual  65: 10607808 op, 99373600.00 ns, 9.3680 ns/op
WorkloadActual  66: 10607808 op, 98547900.00 ns, 9.2901 ns/op
WorkloadActual  67: 10607808 op, 98312500.00 ns, 9.2679 ns/op
WorkloadActual  68: 10607808 op, 98525800.00 ns, 9.2880 ns/op
WorkloadActual  69: 10607808 op, 98204700.00 ns, 9.2578 ns/op
WorkloadActual  70: 10607808 op, 98689700.00 ns, 9.3035 ns/op

// AfterActualRun
WorkloadResult   1: 10607808 op, 79488950.00 ns, 7.4934 ns/op
WorkloadResult   2: 10607808 op, 84173450.00 ns, 7.9350 ns/op
WorkloadResult   3: 10607808 op, 82872550.00 ns, 7.8124 ns/op
WorkloadResult   4: 10607808 op, 85186750.00 ns, 8.0306 ns/op
WorkloadResult   5: 10607808 op, 83252750.00 ns, 7.8483 ns/op
WorkloadResult   6: 10607808 op, 93044650.00 ns, 8.7713 ns/op
WorkloadResult   7: 10607808 op, 88927250.00 ns, 8.3832 ns/op
WorkloadResult   8: 10607808 op, 90097750.00 ns, 8.4935 ns/op
WorkloadResult   9: 10607808 op, 84717650.00 ns, 7.9863 ns/op
WorkloadResult  10: 10607808 op, 88165950.00 ns, 8.3114 ns/op
WorkloadResult  11: 10607808 op, 91705750.00 ns, 8.6451 ns/op
WorkloadResult  12: 10607808 op, 88607950.00 ns, 8.3531 ns/op
WorkloadResult  13: 10607808 op, 86120350.00 ns, 8.1186 ns/op
WorkloadResult  14: 10607808 op, 92553350.00 ns, 8.7250 ns/op
WorkloadResult  15: 10607808 op, 83869450.00 ns, 7.9064 ns/op
WorkloadResult  16: 10607808 op, 83993150.00 ns, 7.9180 ns/op
WorkloadResult  17: 10607808 op, 77627450.00 ns, 7.3180 ns/op
WorkloadResult  18: 10607808 op, 77640450.00 ns, 7.3192 ns/op
WorkloadResult  19: 10607808 op, 77868150.00 ns, 7.3406 ns/op
WorkloadResult  20: 10607808 op, 78807650.00 ns, 7.4292 ns/op
WorkloadResult  21: 10607808 op, 76057650.00 ns, 7.1700 ns/op
WorkloadResult  22: 10607808 op, 78302350.00 ns, 7.3816 ns/op
WorkloadResult  23: 10607808 op, 78757050.00 ns, 7.4244 ns/op
WorkloadResult  24: 10607808 op, 77003250.00 ns, 7.2591 ns/op
WorkloadResult  25: 10607808 op, 77017050.00 ns, 7.2604 ns/op
WorkloadResult  26: 10607808 op, 77294150.00 ns, 7.2865 ns/op
WorkloadResult  27: 10607808 op, 86793850.00 ns, 8.1821 ns/op
WorkloadResult  28: 10607808 op, 77570250.00 ns, 7.3126 ns/op
WorkloadResult  29: 10607808 op, 77183550.00 ns, 7.2761 ns/op
WorkloadResult  30: 10607808 op, 76775450.00 ns, 7.2376 ns/op
WorkloadResult  31: 10607808 op, 76321750.00 ns, 7.1949 ns/op
WorkloadResult  32: 10607808 op, 77702150.00 ns, 7.3250 ns/op
WorkloadResult  33: 10607808 op, 75979350.00 ns, 7.1626 ns/op
WorkloadResult  34: 10607808 op, 75951750.00 ns, 7.1600 ns/op
WorkloadResult  35: 10607808 op, 76448450.00 ns, 7.2068 ns/op
WorkloadResult  36: 10607808 op, 77363350.00 ns, 7.2931 ns/op
WorkloadResult  37: 10607808 op, 76421850.00 ns, 7.2043 ns/op
WorkloadResult  38: 10607808 op, 76242150.00 ns, 7.1874 ns/op
WorkloadResult  39: 10607808 op, 76251650.00 ns, 7.1883 ns/op
WorkloadResult  40: 10607808 op, 76721950.00 ns, 7.2326 ns/op
WorkloadResult  41: 10607808 op, 76624850.00 ns, 7.2234 ns/op
WorkloadResult  42: 10607808 op, 76241250.00 ns, 7.1873 ns/op
WorkloadResult  43: 10607808 op, 76259550.00 ns, 7.1890 ns/op
WorkloadResult  44: 10607808 op, 77035450.00 ns, 7.2621 ns/op
WorkloadResult  45: 10607808 op, 77695650.00 ns, 7.3244 ns/op
WorkloadResult  46: 10607808 op, 76978950.00 ns, 7.2568 ns/op
WorkloadResult  47: 10607808 op, 76794850.00 ns, 7.2395 ns/op
WorkloadResult  48: 10607808 op, 77573950.00 ns, 7.3129 ns/op
WorkloadResult  49: 10607808 op, 77859450.00 ns, 7.3398 ns/op
WorkloadResult  50: 10607808 op, 80714650.00 ns, 7.6090 ns/op
WorkloadResult  51: 10607808 op, 76814250.00 ns, 7.2413 ns/op
WorkloadResult  52: 10607808 op, 77859450.00 ns, 7.3398 ns/op
WorkloadResult  53: 10607808 op, 77444350.00 ns, 7.3007 ns/op
WorkloadResult  54: 10607808 op, 76829250.00 ns, 7.2427 ns/op
WorkloadResult  55: 10607808 op, 77891050.00 ns, 7.3428 ns/op
WorkloadResult  56: 10607808 op, 77240650.00 ns, 7.2815 ns/op
WorkloadResult  57: 10607808 op, 77155250.00 ns, 7.2734 ns/op
WorkloadResult  58: 10607808 op, 77107150.00 ns, 7.2689 ns/op
WorkloadResult  59: 10607808 op, 76674350.00 ns, 7.2281 ns/op
WorkloadResult  60: 10607808 op, 78142150.00 ns, 7.3665 ns/op
WorkloadResult  61: 10607808 op, 77316450.00 ns, 7.2886 ns/op
WorkloadResult  62: 10607808 op, 77081050.00 ns, 7.2664 ns/op
WorkloadResult  63: 10607808 op, 77294350.00 ns, 7.2866 ns/op
WorkloadResult  64: 10607808 op, 76973250.00 ns, 7.2563 ns/op
WorkloadResult  65: 10607808 op, 77458250.00 ns, 7.3020 ns/op
// GC:  60 0 0 509174784 10607808
// Threading:  0 0 10607808

// AfterAll
// Benchmark Process 3364 has exited with code 0.

Mean = 7.513 ns, StdErr = 0.054 ns (0.72%), N = 65, StdDev = 0.439 ns
Min = 7.160 ns, Q1 = 7.243 ns, Median = 7.302 ns, Q3 = 7.609 ns, Max = 8.771 ns
IQR = 0.366 ns, LowerFence = 6.693 ns, UpperFence = 8.158 ns
ConfidenceInterval = [7.325 ns; 7.700 ns] (CI 99.9%), Margin = 0.188 ns (2.50% of Mean)
Skewness = 1.49, Kurtosis = 3.94, MValue = 2.29

// ** Remained 0 (0.0%) benchmark(s) to run. Estimated finish 2026-02-24 22:02 (0h 0m from now) **
Successfully reverted power plan (GUID: 381b4222-f694-41f0-9685-ff5bb260df2e FriendlyName: Balanced)
// ***** BenchmarkRunner: Finish  *****

// * Export *
  BenchmarkDotNet.Artifacts\results\ReillyDigital.Enumerations.Options.Benchmarks.Scenarios.Scenario1-report.csv
  BenchmarkDotNet.Artifacts\results\ReillyDigital.Enumerations.Options.Benchmarks.Scenarios.Scenario1-report-github.md
  BenchmarkDotNet.Artifacts\results\ReillyDigital.Enumerations.Options.Benchmarks.Scenarios.Scenario1-report.html

// * Detailed results *
Scenario1.S1_CheckOptionStringErrorNoMessage_EnumerationsOptions: .NET 10.0(Runtime=.NET 10.0, IterationTime=100ms) [Iterations=2]
Runtime = .NET 10.0.3 (10.0.3, 10.0.326.7603), X64 RyuJIT x86-64-v3; GC = Concurrent Workstation
Mean = 7.506 ns, StdErr = 0.054 ns (0.72%), N = 100, StdDev = 0.538 ns
Min = 6.667 ns, Q1 = 6.807 ns, Median = 7.686 ns, Q3 = 7.845 ns, Max = 9.010 ns
IQR = 1.038 ns, LowerFence = 5.250 ns, UpperFence = 9.401 ns
ConfidenceInterval = [7.323 ns; 7.688 ns] (CI 99.9%), Margin = 0.183 ns (2.43% of Mean)
Skewness = -0.16, Kurtosis = 2.52, MValue = 3.25
-------------------- Histogram --------------------
[6.595 ns ; 6.900 ns) | @@@@@@@@@@@@@@@@@@@@@@@@@@@@
[6.900 ns ; 7.096 ns) | 
[7.096 ns ; 7.347 ns) | @@
[7.347 ns ; 7.625 ns) | @@@@@@@@@@@
[7.625 ns ; 7.929 ns) | @@@@@@@@@@@@@@@@@@@@@@@@@@@@@@@@@@@@@@@@@@@@@@@@
[7.929 ns ; 8.351 ns) | @@@@@@@@@
[8.351 ns ; 8.802 ns) | 
[8.802 ns ; 9.162 ns) | @@
---------------------------------------------------

Scenario1.S1_CheckOptionStringErrorWithMessage_EnumerationsOptions: .NET 10.0(Runtime=.NET 10.0, IterationTime=100ms) [Iterations=2]
Runtime = .NET 10.0.3 (10.0.3, 10.0.326.7603), X64 RyuJIT x86-64-v3; GC = Concurrent Workstation
Mean = 12.159 ns, StdErr = 0.074 ns (0.61%), N = 21, StdDev = 0.338 ns
Min = 11.121 ns, Q1 = 12.027 ns, Median = 12.179 ns, Q3 = 12.327 ns, Max = 12.725 ns
IQR = 0.300 ns, LowerFence = 11.577 ns, UpperFence = 12.777 ns
ConfidenceInterval = [11.875 ns; 12.443 ns] (CI 99.9%), Margin = 0.284 ns (2.33% of Mean)
Skewness = -1, Kurtosis = 5.08, MValue = 2
-------------------- Histogram --------------------
[10.960 ns ; 11.282 ns) | @
[11.282 ns ; 11.603 ns) | 
[11.603 ns ; 12.026 ns) | @@@@
[12.026 ns ; 12.348 ns) | @@@@@@@@@@@@
[12.348 ns ; 12.768 ns) | @@@@
---------------------------------------------------

Scenario1.S1_CheckOptionStringSuccess_EnumerationsOptions: .NET 10.0(Runtime=.NET 10.0, IterationTime=100ms) [Iterations=2]
Runtime = .NET 10.0.3 (10.0.3, 10.0.326.7603), X64 RyuJIT x86-64-v3; GC = Concurrent Workstation
Mean = 5.394 ns, StdErr = 0.041 ns (0.77%), N = 92, StdDev = 0.396 ns
Min = 5.000 ns, Q1 = 5.070 ns, Median = 5.208 ns, Q3 = 5.672 ns, Max = 6.504 ns
IQR = 0.602 ns, LowerFence = 4.167 ns, UpperFence = 6.575 ns
ConfidenceInterval = [5.254 ns; 5.535 ns] (CI 99.9%), Margin = 0.140 ns (2.60% of Mean)
Skewness = 0.98, Kurtosis = 3.07, MValue = 2.18
-------------------- Histogram --------------------
[4.998 ns ; 5.229 ns) | @@@@@@@@@@@@@@@@@@@@@@@@@@@@@@@@@@@@@@@@@@@@@@@
[5.229 ns ; 5.535 ns) | @@@@@@@@@@@@@@
[5.535 ns ; 5.812 ns) | @@@@@@@@@@@@@@@@
[5.812 ns ; 6.052 ns) | @@@@@@@@@
[6.052 ns ; 6.319 ns) | @@
[6.319 ns ; 6.549 ns) | @@@@
---------------------------------------------------

Scenario1.S1_CheckVoidErrorNoMessage_EnumerationsOptions: .NET 10.0(Runtime=.NET 10.0, IterationTime=100ms) [Iterations=2]
Runtime = .NET 10.0.3 (10.0.3, 10.0.326.7603), X64 RyuJIT x86-64-v3; GC = Concurrent Workstation
Mean = 7.352 ns, StdErr = 0.161 ns (2.19%), N = 100, StdDev = 1.607 ns
Min = 5.021 ns, Q1 = 5.441 ns, Median = 8.455 ns, Q3 = 8.603 ns, Max = 9.267 ns
IQR = 3.162 ns, LowerFence = 0.698 ns, UpperFence = 13.346 ns
ConfidenceInterval = [6.807 ns; 7.897 ns] (CI 99.9%), Margin = 0.545 ns (7.41% of Mean)
Skewness = -0.51, Kurtosis = 1.38, MValue = 3.23
-------------------- Histogram --------------------
[5.004 ns ; 5.913 ns) | @@@@@@@@@@@@@@@@@@@@@@@@@@@@@@@@@
[5.913 ns ; 6.567 ns) | @@@@@
[6.567 ns ; 7.499 ns) | 
[7.499 ns ; 8.162 ns) | @@
[8.162 ns ; 9.071 ns) | @@@@@@@@@@@@@@@@@@@@@@@@@@@@@@@@@@@@@@@@@@@@@@@@@@@@@@@@@
[9.071 ns ; 9.721 ns) | @@@
---------------------------------------------------

Scenario1.S1_CheckVoidErrorWithMessage_EnumerationsOptions: .NET 10.0(Runtime=.NET 10.0, IterationTime=100ms) [Iterations=2]
Runtime = .NET 10.0.3 (10.0.3, 10.0.326.7603), X64 RyuJIT x86-64-v3; GC = Concurrent Workstation
Mean = 12.044 ns, StdErr = 0.039 ns (0.32%), N = 13, StdDev = 0.140 ns
Min = 11.640 ns, Q1 = 12.066 ns, Median = 12.097 ns, Q3 = 12.109 ns, Max = 12.140 ns
IQR = 0.043 ns, LowerFence = 12.002 ns, UpperFence = 12.173 ns
ConfidenceInterval = [11.876 ns; 12.212 ns] (CI 99.9%), Margin = 0.168 ns (1.40% of Mean)
Skewness = -1.95, Kurtosis = 5.59, MValue = 2
-------------------- Histogram --------------------
[11.561 ns ; 11.974 ns) | @@
[11.974 ns ; 12.218 ns) | @@@@@@@@@@@
---------------------------------------------------

Scenario1.S1_CheckVoidSuccess_EnumerationsOptions: .NET 10.0(Runtime=.NET 10.0, IterationTime=100ms) [Iterations=2]
Runtime = .NET 10.0.3 (10.0.3, 10.0.326.7603), X64 RyuJIT x86-64-v3; GC = Concurrent Workstation
Mean = 7.709 ns, StdErr = 0.024 ns (0.32%), N = 15, StdDev = 0.095 ns
Min = 7.572 ns, Q1 = 7.640 ns, Median = 7.707 ns, Q3 = 7.770 ns, Max = 7.902 ns
IQR = 0.131 ns, LowerFence = 7.444 ns, UpperFence = 7.967 ns
ConfidenceInterval = [7.607 ns; 7.810 ns] (CI 99.9%), Margin = 0.101 ns (1.31% of Mean)
Skewness = 0.29, Kurtosis = 1.98, MValue = 2
-------------------- Histogram --------------------
[7.538 ns ; 7.698 ns) | @@@@@@@
[7.698 ns ; 7.953 ns) | @@@@@@@@
---------------------------------------------------

Scenario1.S1_ReturnOptionStringErrorNoMessage_EnumerationsOptions: .NET 10.0(Runtime=.NET 10.0, IterationTime=100ms) [Iterations=2]
Runtime = .NET 10.0.3 (10.0.3, 10.0.326.7603), X64 RyuJIT x86-64-v3; GC = Concurrent Workstation
Mean = 5.438 ns, StdErr = 0.038 ns (0.70%), N = 48, StdDev = 0.265 ns
Min = 5.061 ns, Q1 = 5.141 ns, Median = 5.474 ns, Q3 = 5.605 ns, Max = 5.894 ns
IQR = 0.464 ns, LowerFence = 4.445 ns, UpperFence = 6.301 ns
ConfidenceInterval = [5.304 ns; 5.572 ns] (CI 99.9%), Margin = 0.134 ns (2.47% of Mean)
Skewness = 0.12, Kurtosis = 1.72, MValue = 4.71
-------------------- Histogram --------------------
[5.056 ns ; 5.248 ns) | @@@@@@@@@@@@@@@@@
[5.248 ns ; 5.376 ns) | 
[5.376 ns ; 5.567 ns) | @@@@@@@@@@@@@@@@@
[5.567 ns ; 5.707 ns) | @@@@
[5.707 ns ; 5.899 ns) | @@@@@@@@@@
---------------------------------------------------

Scenario1.S1_ReturnOptionStringErrorWithMessage_EnumerationsOptions: .NET 10.0(Runtime=.NET 10.0, IterationTime=100ms) [Iterations=2]
Runtime = .NET 10.0.3 (10.0.3, 10.0.326.7603), X64 RyuJIT x86-64-v3; GC = Concurrent Workstation
Mean = 5.579 ns, StdErr = 0.028 ns (0.50%), N = 14, StdDev = 0.105 ns
Min = 5.250 ns, Q1 = 5.560 ns, Median = 5.596 ns, Q3 = 5.626 ns, Max = 5.699 ns
IQR = 0.066 ns, LowerFence = 5.462 ns, UpperFence = 5.725 ns
ConfidenceInterval = [5.460 ns; 5.697 ns] (CI 99.9%), Margin = 0.119 ns (2.13% of Mean)
Skewness = -2.01, Kurtosis = 7.02, MValue = 2
-------------------- Histogram --------------------
[5.193 ns ; 5.307 ns) | @
[5.307 ns ; 5.422 ns) | 
[5.422 ns ; 5.529 ns) | 
[5.529 ns ; 5.756 ns) | @@@@@@@@@@@@@
---------------------------------------------------

Scenario1.S1_ReturnOptionStringNone_EnumerationsOptions: .NET 10.0(Runtime=.NET 10.0, IterationTime=100ms) [Iterations=2]
Runtime = .NET 10.0.3 (10.0.3, 10.0.326.7603), X64 RyuJIT x86-64-v3; GC = Concurrent Workstation
Mean = 11.089 ns, StdErr = 0.043 ns (0.39%), N = 14, StdDev = 0.162 ns
Min = 10.588 ns, Q1 = 11.091 ns, Median = 11.118 ns, Q3 = 11.171 ns, Max = 11.258 ns
IQR = 0.080 ns, LowerFence = 10.971 ns, UpperFence = 11.291 ns
ConfidenceInterval = [10.907 ns; 11.272 ns] (CI 99.9%), Margin = 0.182 ns (1.64% of Mean)
Skewness = -1.99, Kurtosis = 6.73, MValue = 2
-------------------- Histogram --------------------
[10.500 ns ; 10.892 ns) | @
[10.892 ns ; 11.286 ns) | @@@@@@@@@@@@@
---------------------------------------------------

Scenario1.S1_ReturnOptionStringSuccess_EnumerationsOptions: .NET 10.0(Runtime=.NET 10.0, IterationTime=100ms) [Iterations=2]
Runtime = .NET 10.0.3 (10.0.3, 10.0.326.7603), X64 RyuJIT x86-64-v3; GC = Concurrent Workstation
Mean = 7.326 ns, StdErr = 0.148 ns (2.03%), N = 100, StdDev = 1.484 ns
Min = 4.780 ns, Q1 = 5.406 ns, Median = 8.209 ns, Q3 = 8.321 ns, Max = 9.379 ns
IQR = 2.916 ns, LowerFence = 1.032 ns, UpperFence = 12.694 ns
ConfidenceInterval = [6.823 ns; 7.830 ns] (CI 99.9%), Margin = 0.503 ns (6.87% of Mean)
Skewness = -0.66, Kurtosis = 1.69, MValue = 2.95
-------------------- Histogram --------------------
[4.708 ns ; 5.547 ns) | @@@@@@@@@@@@@@@@@@@@@@@@@@@
[5.547 ns ; 6.384 ns) | @@@@@
[6.384 ns ; 7.352 ns) | @
[7.352 ns ; 8.103 ns) | @@@@@@@@@
[8.103 ns ; 8.942 ns) | @@@@@@@@@@@@@@@@@@@@@@@@@@@@@@@@@@@@@@@@@@@@@@@@@@@@@@@
[8.942 ns ; 9.799 ns) | @@@
---------------------------------------------------

Scenario1.S1_ReturnVoidErrorNoMessage_EnumerationsOptions: .NET 10.0(Runtime=.NET 10.0, IterationTime=100ms) [Iterations=2]
Runtime = .NET 10.0.3 (10.0.3, 10.0.326.7603), X64 RyuJIT x86-64-v3; GC = Concurrent Workstation
Mean = 4.969 ns, StdErr = 0.029 ns (0.58%), N = 12, StdDev = 0.100 ns
Min = 4.852 ns, Q1 = 4.876 ns, Median = 4.936 ns, Q3 = 5.064 ns, Max = 5.095 ns
IQR = 0.188 ns, LowerFence = 4.595 ns, UpperFence = 5.345 ns
ConfidenceInterval = [4.841 ns; 5.096 ns] (CI 99.9%), Margin = 0.128 ns (2.57% of Mean)
Skewness = 0.2, Kurtosis = 1.09, MValue = 2
-------------------- Histogram --------------------
[4.840 ns ; 5.015 ns) | @@@@@@@
[5.015 ns ; 5.152 ns) | @@@@@
---------------------------------------------------

Scenario1.S1_ReturnVoidErrorWithMessage_EnumerationsOptions: .NET 10.0(Runtime=.NET 10.0, IterationTime=100ms) [Iterations=2]
Runtime = .NET 10.0.3 (10.0.3, 10.0.326.7603), X64 RyuJIT x86-64-v3; GC = Concurrent Workstation
Mean = 5.484 ns, StdErr = 0.040 ns (0.73%), N = 71, StdDev = 0.338 ns
Min = 4.989 ns, Q1 = 5.223 ns, Median = 5.454 ns, Q3 = 5.660 ns, Max = 6.286 ns
IQR = 0.437 ns, LowerFence = 4.566 ns, UpperFence = 6.316 ns
ConfidenceInterval = [5.346 ns; 5.622 ns] (CI 99.9%), Margin = 0.138 ns (2.52% of Mean)
Skewness = 0.7, Kurtosis = 2.69, MValue = 3.45
-------------------- Histogram --------------------
[4.882 ns ; 5.104 ns) | @@@@@@
[5.104 ns ; 5.319 ns) | @@@@@@@@@@@@@@@@@@@@@@
[5.319 ns ; 5.495 ns) | @@@@@@@@@
[5.495 ns ; 5.709 ns) | @@@@@@@@@@@@@@@@@@@@
[5.709 ns ; 5.901 ns) | @@@@@
[5.901 ns ; 6.026 ns) | @
[6.026 ns ; 6.240 ns) | @@@@@@
[6.240 ns ; 6.393 ns) | @@
---------------------------------------------------

Scenario1.S1_ReturnVoidSuccess_EnumerationsOptions: .NET 10.0(Runtime=.NET 10.0, IterationTime=100ms) [Iterations=2]
Runtime = .NET 10.0.3 (10.0.3, 10.0.326.7603), X64 RyuJIT x86-64-v3; GC = Concurrent Workstation
Mean = 7.513 ns, StdErr = 0.054 ns (0.72%), N = 65, StdDev = 0.439 ns
Min = 7.160 ns, Q1 = 7.243 ns, Median = 7.302 ns, Q3 = 7.609 ns, Max = 8.771 ns
IQR = 0.366 ns, LowerFence = 6.693 ns, UpperFence = 8.158 ns
ConfidenceInterval = [7.325 ns; 7.700 ns] (CI 99.9%), Margin = 0.188 ns (2.50% of Mean)
Skewness = 1.49, Kurtosis = 3.94, MValue = 2.29
-------------------- Histogram --------------------
[7.151 ns ; 7.438 ns) | @@@@@@@@@@@@@@@@@@@@@@@@@@@@@@@@@@@@@@@@@@@@@@@
[7.438 ns ; 7.778 ns) | @@
[7.778 ns ; 8.065 ns) | @@@@@@@
[8.065 ns ; 8.394 ns) | @@@@@
[8.394 ns ; 8.776 ns) | @@@@
---------------------------------------------------

// * Summary *

BenchmarkDotNet v0.15.8, Windows 11 (10.0.26200.7840/25H2/2025Update/HudsonValley2)
AMD Ryzen 5 3600 3.59GHz, 1 CPU, 12 logical and 6 physical cores
.NET SDK 10.0.103
  [Host]    : .NET 10.0.3 (10.0.3, 10.0.326.7603), X64 RyuJIT x86-64-v3
  .NET 10.0 : .NET 10.0.3 (10.0.3, 10.0.326.7603), X64 RyuJIT x86-64-v3

Job=.NET 10.0  Runtime=.NET 10.0  IterationTime=100ms  
Iterations=2  

| Method                                                    | Categories                                  | Mean      | Ratio | Allocated | Alloc Ratio |
|---------------------------------------------------------- |-------------------------------------------- |----------:|------:|----------:|------------:|
| S1_CheckOptionStringErrorNoMessage_EnumerationsOptions    | S1: Check Option String Error No Message    |  7.506 ns |  1.01 |      64 B |        1.00 |
|                                                           |                                             |           |       |           |             |
| S1_CheckOptionStringErrorWithMessage_EnumerationsOptions  | S1: Check Option String Error With Message  | 12.159 ns |  1.00 |      64 B |        1.00 |
|                                                           |                                             |           |       |           |             |
| S1_CheckOptionStringSuccess_EnumerationsOptions           | S1: Check Option String Success             |  5.394 ns |  1.01 |      64 B |        1.00 |
|                                                           |                                             |           |       |           |             |
| S1_CheckVoidErrorNoMessage_EnumerationsOptions            | S1: Check Void Error No Message             |  7.352 ns |  1.06 |      64 B |        1.00 |
|                                                           |                                             |           |       |           |             |
| S1_CheckVoidErrorWithMessage_EnumerationsOptions          | S1: Check Void Error With Message           | 12.044 ns |  1.00 |      64 B |        1.00 |
|                                                           |                                             |           |       |           |             |
| S1_CheckVoidSuccess_EnumerationsOptions                   | S1: Check Void Success                      |  7.709 ns |  1.00 |      48 B |        1.00 |
|                                                           |                                             |           |       |           |             |
| S1_ReturnOptionStringErrorNoMessage_EnumerationsOptions   | S1: Return Option String Error No Message   |  5.438 ns |  1.00 |      64 B |        1.00 |
|                                                           |                                             |           |       |           |             |
| S1_ReturnOptionStringErrorWithMessage_EnumerationsOptions | S1: Return Option String Error With Message |  5.579 ns |  1.00 |      64 B |        1.00 |
|                                                           |                                             |           |       |           |             |
| S1_ReturnOptionStringNone_EnumerationsOptions             | S1: Return Option String None               | 11.089 ns |  1.00 |      48 B |        1.00 |
|                                                           |                                             |           |       |           |             |
| S1_ReturnOptionStringSuccess_EnumerationsOptions          | S1: Return Option String Success            |  7.326 ns |  1.05 |      64 B |        1.00 |
|                                                           |                                             |           |       |           |             |
| S1_ReturnVoidErrorNoMessage_EnumerationsOptions           | S1: Return Void Error No Message            |  4.969 ns |  1.00 |      64 B |        1.00 |
|                                                           |                                             |           |       |           |             |
| S1_ReturnVoidErrorWithMessage_EnumerationsOptions         | S1: Return Void Error With Message          |  5.484 ns |  1.00 |      64 B |        1.00 |
|                                                           |                                             |           |       |           |             |
| S1_ReturnVoidSuccess_EnumerationsOptions                  | S1: Return Void Success                     |  7.513 ns |  1.00 |      48 B |        1.00 |

// * Warnings *
MinIterationTime
  Scenario1.S1_CheckOptionStringErrorNoMessage_EnumerationsOptions: .NET 10.0  -> The minimum observed iteration time is 99.044ms which is very small. It's recommended to increase it to at least 100ms using more operations.
  Scenario1.S1_CheckOptionStringSuccess_EnumerationsOptions: .NET 10.0         -> The minimum observed iteration time is 94.871ms which is very small. It's recommended to increase it to at least 100ms using more operations.
  Scenario1.S1_CheckVoidErrorNoMessage_EnumerationsOptions: .NET 10.0          -> The minimum observed iteration time is 64.807ms which is very small. It's recommended to increase it to at least 100ms using more operations.
  Scenario1.S1_CheckVoidSuccess_EnumerationsOptions: .NET 10.0                 -> The minimum observed iteration time is 99.085ms which is very small. It's recommended to increase it to at least 100ms using more operations.
  Scenario1.S1_ReturnOptionStringErrorNoMessage_EnumerationsOptions: .NET 10.0 -> The minimum observed iteration time is 99.954ms which is very small. It's recommended to increase it to at least 100ms using more operations.
  Scenario1.S1_ReturnOptionStringSuccess_EnumerationsOptions: .NET 10.0        -> The minimum observed iteration time is 83.805ms which is very small. It's recommended to increase it to at least 100ms using more operations.
  Scenario1.S1_ReturnVoidErrorNoMessage_EnumerationsOptions: .NET 10.0         -> The minimum observed iteration time is 99.06ms which is very small. It's recommended to increase it to at least 100ms using more operations.
  Scenario1.S1_ReturnVoidErrorWithMessage_EnumerationsOptions: .NET 10.0       -> The minimum observed iteration time is 95.992ms which is very small. It's recommended to increase it to at least 100ms using more operations.
  Scenario1.S1_ReturnVoidSuccess_EnumerationsOptions: .NET 10.0                -> The minimum observed iteration time is 97.183ms which is very small. It's recommended to increase it to at least 100ms using more operations.
MultimodalDistribution
  Scenario1.S1_CheckOptionStringErrorNoMessage_EnumerationsOptions: .NET 10.0  -> It seems that the distribution is bimodal (mValue = 3.25)
  Scenario1.S1_CheckVoidErrorNoMessage_EnumerationsOptions: .NET 10.0          -> It seems that the distribution is bimodal (mValue = 3.23)
  Scenario1.S1_ReturnOptionStringErrorNoMessage_EnumerationsOptions: .NET 10.0 -> It seems that the distribution is multimodal (mValue = 4.71)
  Scenario1.S1_ReturnOptionStringSuccess_EnumerationsOptions: .NET 10.0        -> It seems that the distribution can have several modes (mValue = 2.95)
  Scenario1.S1_ReturnVoidErrorWithMessage_EnumerationsOptions: .NET 10.0       -> It seems that the distribution is bimodal (mValue = 3.45)

// * Hints *
HideColumnsAnalyser
  Summary -> Hidden columns: Iterations, Error, StdDev, Median, RatioSD, Gen0
Outliers
  Scenario1.S1_CheckOptionStringErrorWithMessage_EnumerationsOptions: .NET 10.0  -> 1 outlier  was  detected (13.57 ns)
  Scenario1.S1_CheckOptionStringSuccess_EnumerationsOptions: .NET 10.0           -> 8 outliers were removed (8.62 ns..10.70 ns)
  Scenario1.S1_CheckVoidErrorWithMessage_EnumerationsOptions: .NET 10.0          -> 2 outliers were removed, 4 outliers were detected (14.08 ns, 14.30 ns, 14.65 ns, 14.77 ns)
  Scenario1.S1_ReturnOptionStringErrorNoMessage_EnumerationsOptions: .NET 10.0   -> 1 outlier  was  removed (7.86 ns)
  Scenario1.S1_ReturnOptionStringErrorWithMessage_EnumerationsOptions: .NET 10.0 -> 1 outlier  was  removed, 2 outliers were detected (6.76 ns, 8.55 ns)
  Scenario1.S1_ReturnOptionStringNone_EnumerationsOptions: .NET 10.0             -> 1 outlier  was  removed, 2 outliers were detected (12.60 ns, 13.37 ns)
  Scenario1.S1_ReturnVoidErrorNoMessage_EnumerationsOptions: .NET 10.0           -> 3 outliers were removed (8.25 ns..10.12 ns)
  Scenario1.S1_ReturnVoidErrorWithMessage_EnumerationsOptions: .NET 10.0         -> 2 outliers were removed (7.94 ns, 7.97 ns)
  Scenario1.S1_ReturnVoidSuccess_EnumerationsOptions: .NET 10.0                  -> 5 outliers were removed (10.95 ns..12.56 ns)

// * Legends *
  Categories  : All categories of the corresponded method, class, and assembly
  Mean        : Arithmetic mean of all measurements
  Ratio       : Mean of the ratio distribution ([Current]/[Baseline])
  Allocated   : Allocated memory per single operation (managed only, inclusive, 1KB = 1024B)
  Alloc Ratio : Allocated memory ratio distribution ([Current]/[Baseline])
  1 ns        : 1 Nanosecond (0.000000001 sec)

// * Diagnostic Output - MemoryDiagnoser *


// ***** BenchmarkRunner: End *****
Run time: 00:01:48 (108.27 sec), executed benchmarks: 13

Global total time: 00:01:59 (119.07 sec), executed benchmarks: 13
// * Artifacts cleanup *
Artifacts cleanup is finished
