// Validating benchmarks:
// ***** BenchmarkRunner: Start   *****
// ***** Found 85 benchmark(s) in total *****
// ***** Building 1 exe(s) in Parallel: Start   *****
// start dotnet  restore --nodeReuse:false /p:UseSharedCompilation=false /p:Deterministic=true /p:Optimize=true /p:ArtifactsPath="D:\x\devs\reilly-digital\dotnet\enumerations.options.benchmarks\bin\Debug\net10.0\Enumerations.Options.Benchmarks-1/" /p:OutDir="D:\x\devs\reilly-digital\dotnet\enumerations.options.benchmarks\bin\Debug\net10.0\Enumerations.Options.Benchmarks-1\bin\Release\net10.0/" /p:OutputPath="D:\x\devs\reilly-digital\dotnet\enumerations.options.benchmarks\bin\Debug\net10.0\Enumerations.Options.Benchmarks-1\bin\Release\net10.0/" /p:PublishDir="D:\x\devs\reilly-digital\dotnet\enumerations.options.benchmarks\bin\Debug\net10.0\Enumerations.Options.Benchmarks-1\publish/" in D:\x\devs\reilly-digital\dotnet\enumerations.options.benchmarks\bin\Debug\net10.0\Enumerations.Options.Benchmarks-1
// command took 1.39 sec and exited with 0
// start dotnet  build -c Release --no-restore --nodeReuse:false /p:UseSharedCompilation=false /p:Deterministic=true /p:Optimize=true /p:ArtifactsPath="D:\x\devs\reilly-digital\dotnet\enumerations.options.benchmarks\bin\Debug\net10.0\Enumerations.Options.Benchmarks-1/" /p:OutDir="D:\x\devs\reilly-digital\dotnet\enumerations.options.benchmarks\bin\Debug\net10.0\Enumerations.Options.Benchmarks-1\bin\Release\net10.0/" /p:OutputPath="D:\x\devs\reilly-digital\dotnet\enumerations.options.benchmarks\bin\Debug\net10.0\Enumerations.Options.Benchmarks-1\bin\Release\net10.0/" /p:PublishDir="D:\x\devs\reilly-digital\dotnet\enumerations.options.benchmarks\bin\Debug\net10.0\Enumerations.Options.Benchmarks-1\publish/" --output "D:\x\devs\reilly-digital\dotnet\enumerations.options.benchmarks\bin\Debug\net10.0\Enumerations.Options.Benchmarks-1\bin\Release\net10.0/" in D:\x\devs\reilly-digital\dotnet\enumerations.options.benchmarks\bin\Debug\net10.0\Enumerations.Options.Benchmarks-1
// command took 8.23 sec and exited with 0
// ***** Done, took 00:00:09 (9.71 sec)   *****
// Found 85 benchmarks:
//   Scenario1.C_ArdalisResult_Result_Ok: .NET 10.0(Runtime=.NET 10.0, IterationTime=250ms) [Iterations=10]
//   Scenario1.A_EnumerationsOptions_Result_Ok: .NET 10.0(Runtime=.NET 10.0, IterationTime=250ms) [Iterations=10]
//   Scenario1.B_FluentResults_Result_Ok: .NET 10.0(Runtime=.NET 10.0, IterationTime=250ms) [Iterations=10]
//   Scenario1.E_Rascal_Result_Ok: .NET 10.0(Runtime=.NET 10.0, IterationTime=250ms) [Iterations=10]
//   Scenario1.D_SimpleResults_Result_Ok: .NET 10.0(Runtime=.NET 10.0, IterationTime=250ms) [Iterations=10]
//   Scenario1.C_ArdalisResult_Result_OkTValue: .NET 10.0(Runtime=.NET 10.0, IterationTime=250ms) [Iterations=10]
//   Scenario1.A_EnumerationsOptions_Result_OkTValue: .NET 10.0(Runtime=.NET 10.0, IterationTime=250ms) [Iterations=10]
//   Scenario1.B_FluentResults_Result_OkTValue: .NET 10.0(Runtime=.NET 10.0, IterationTime=250ms) [Iterations=10]
//   Scenario1.E_Rascal_Result_OkTValue: .NET 10.0(Runtime=.NET 10.0, IterationTime=250ms) [Iterations=10]
//   Scenario1.D_SimpleResults_Result_OkTValue: .NET 10.0(Runtime=.NET 10.0, IterationTime=250ms) [Iterations=10]
//   Scenario1.C_ArdalisResult_Result_Fail: .NET 10.0(Runtime=.NET 10.0, IterationTime=250ms) [Iterations=10]
//   Scenario1.A_EnumerationsOptions_Result_Fail: .NET 10.0(Runtime=.NET 10.0, IterationTime=250ms) [Iterations=10]
//   Scenario1.B_FluentResults_Result_Fail: .NET 10.0(Runtime=.NET 10.0, IterationTime=250ms) [Iterations=10]
//   Scenario1.E_Rascal_Result_Fail: .NET 10.0(Runtime=.NET 10.0, IterationTime=250ms) [Iterations=10]
//   Scenario1.D_SimpleResults_Result_Fail: .NET 10.0(Runtime=.NET 10.0, IterationTime=250ms) [Iterations=10]
//   Scenario1.C_ArdalisResult_Result_Fail_WithErrorMessage: .NET 10.0(Runtime=.NET 10.0, IterationTime=250ms) [Iterations=10]
//   Scenario1.A_EnumerationsOptions_Result_Fail_WithErrorMessage: .NET 10.0(Runtime=.NET 10.0, IterationTime=250ms) [Iterations=10]
//   Scenario1.B_FluentResults_Result_Fail_WithErrorMessage: .NET 10.0(Runtime=.NET 10.0, IterationTime=250ms) [Iterations=10]
//   Scenario1.E_Rascal_Result_Fail_WithErrorMessage: .NET 10.0(Runtime=.NET 10.0, IterationTime=250ms) [Iterations=10]
//   Scenario1.D_SimpleResults_Result_Fail_WithErrorMessage: .NET 10.0(Runtime=.NET 10.0, IterationTime=250ms) [Iterations=10]
//   Scenario1.C_ArdalisResult_Result_FailTValue: .NET 10.0(Runtime=.NET 10.0, IterationTime=250ms) [Iterations=10]
//   Scenario1.A_EnumerationsOptions_Result_FailTValue: .NET 10.0(Runtime=.NET 10.0, IterationTime=250ms) [Iterations=10]
//   Scenario1.B_FluentResults_Result_FailTValue: .NET 10.0(Runtime=.NET 10.0, IterationTime=250ms) [Iterations=10]
//   Scenario1.E_Rascal_Result_FailTValue: .NET 10.0(Runtime=.NET 10.0, IterationTime=250ms) [Iterations=10]
//   Scenario1.D_SimpleResults_Result_FailTValue: .NET 10.0(Runtime=.NET 10.0, IterationTime=250ms) [Iterations=10]
//   Scenario1.C_ArdalisResult_Result_FailTValue_WithErrorMessage: .NET 10.0(Runtime=.NET 10.0, IterationTime=250ms) [Iterations=10]
//   Scenario1.A_EnumerationsOptions_Result_FailTValue_WithErrorMessage: .NET 10.0(Runtime=.NET 10.0, IterationTime=250ms) [Iterations=10]
//   Scenario1.B_FluentResults_Result_FailTValue_WithErrorMessage: .NET 10.0(Runtime=.NET 10.0, IterationTime=250ms) [Iterations=10]
//   Scenario1.E_Rascal_Result_FailTValue_WithErrorMessage: .NET 10.0(Runtime=.NET 10.0, IterationTime=250ms) [Iterations=10]
//   Scenario1.D_SimpleResults_Result_FailTValue_WithErrorMessage: .NET 10.0(Runtime=.NET 10.0, IterationTime=250ms) [Iterations=10]
//   Scenario1.C_ArdalisResult_Result_Ok_ToString: .NET 10.0(Runtime=.NET 10.0, IterationTime=250ms) [Iterations=10]
//   Scenario1.A_EnumerationsOptions_Result_Ok_ToString: .NET 10.0(Runtime=.NET 10.0, IterationTime=250ms) [Iterations=10]
//   Scenario1.B_FluentResults_Result_Ok_ToString: .NET 10.0(Runtime=.NET 10.0, IterationTime=250ms) [Iterations=10]
//   Scenario1.E_Rascal_Result_Ok_ToString: .NET 10.0(Runtime=.NET 10.0, IterationTime=250ms) [Iterations=10]
//   Scenario1.D_SimpleResults_Result_Ok_ToString: .NET 10.0(Runtime=.NET 10.0, IterationTime=250ms) [Iterations=10]
//   Scenario1.C_ArdalisResult_Result_OkTValue_ToString: .NET 10.0(Runtime=.NET 10.0, IterationTime=250ms) [Iterations=10]
//   Scenario1.A_EnumerationsOptions_Result_OkTValue_ToString: .NET 10.0(Runtime=.NET 10.0, IterationTime=250ms) [Iterations=10]
//   Scenario1.B_FluentResults_Result_OkTValue_ToString: .NET 10.0(Runtime=.NET 10.0, IterationTime=250ms) [Iterations=10]
//   Scenario1.E_Rascal_Result_OkTValue_ToString: .NET 10.0(Runtime=.NET 10.0, IterationTime=250ms) [Iterations=10]
//   Scenario1.D_SimpleResults_Result_OkTValue_ToString: .NET 10.0(Runtime=.NET 10.0, IterationTime=250ms) [Iterations=10]
//   Scenario1.C_ArdalisResult_Result_Fail_ToString: .NET 10.0(Runtime=.NET 10.0, IterationTime=250ms) [Iterations=10]
//   Scenario1.A_EnumerationsOptions_Result_Fail_ToString: .NET 10.0(Runtime=.NET 10.0, IterationTime=250ms) [Iterations=10]
//   Scenario1.B_FluentResults_Result_Fail_ToString: .NET 10.0(Runtime=.NET 10.0, IterationTime=250ms) [Iterations=10]
//   Scenario1.E_Rascal_Result_Fail_ToString: .NET 10.0(Runtime=.NET 10.0, IterationTime=250ms) [Iterations=10]
//   Scenario1.D_SimpleResults_Result_Fail_ToString: .NET 10.0(Runtime=.NET 10.0, IterationTime=250ms) [Iterations=10]
//   Scenario1.C_ArdalisResult_Result_Fail_WithErrorMessage_ToString: .NET 10.0(Runtime=.NET 10.0, IterationTime=250ms) [Iterations=10]
//   Scenario1.A_EnumerationsOptions_Result_Fail_WithErrorMessage_ToString: .NET 10.0(Runtime=.NET 10.0, IterationTime=250ms) [Iterations=10]
//   Scenario1.B_FluentResults_Result_Fail_WithErrorMessage_ToString: .NET 10.0(Runtime=.NET 10.0, IterationTime=250ms) [Iterations=10]
//   Scenario1.E_Rascal_Result_Fail_WithErrorMessage_ToString: .NET 10.0(Runtime=.NET 10.0, IterationTime=250ms) [Iterations=10]
//   Scenario1.D_SimpleResults_Result_Fail_WithErrorMessage_ToString: .NET 10.0(Runtime=.NET 10.0, IterationTime=250ms) [Iterations=10]
//   Scenario1.C_ArdalisResult_Result_FailTValue_ToString: .NET 10.0(Runtime=.NET 10.0, IterationTime=250ms) [Iterations=10]
//   Scenario1.A_EnumerationsOptions_Result_FailTValue_ToString: .NET 10.0(Runtime=.NET 10.0, IterationTime=250ms) [Iterations=10]
//   Scenario1.B_FluentResults_Result_FailTValue_ToString: .NET 10.0(Runtime=.NET 10.0, IterationTime=250ms) [Iterations=10]
//   Scenario1.E_Rascal_Result_FailTValue_ToString: .NET 10.0(Runtime=.NET 10.0, IterationTime=250ms) [Iterations=10]
//   Scenario1.D_SimpleResults_Result_FailTValue_ToString: .NET 10.0(Runtime=.NET 10.0, IterationTime=250ms) [Iterations=10]
//   Scenario1.C_ArdalisResult_Result_FailTValue_WithErrorMessage_ToString: .NET 10.0(Runtime=.NET 10.0, IterationTime=250ms) [Iterations=10]
//   Scenario1.A_EnumerationsOptions_Result_FailTValue_WithErrorMessage_ToString: .NET 10.0(Runtime=.NET 10.0, IterationTime=250ms) [Iterations=10]
//   Scenario1.B_FluentResults_Result_FailTValue_WithErrorMessage_ToString: .NET 10.0(Runtime=.NET 10.0, IterationTime=250ms) [Iterations=10]
//   Scenario1.E_Rascal_Result_FailTValue_WithErrorMessage_ToString: .NET 10.0(Runtime=.NET 10.0, IterationTime=250ms) [Iterations=10]
//   Scenario1.D_SimpleResults_Result_FailTValue_WithErrorMessage_ToString: .NET 10.0(Runtime=.NET 10.0, IterationTime=250ms) [Iterations=10]
//   Scenario1.C_ArdalisResult_Result_IsSuccess: .NET 10.0(Runtime=.NET 10.0, IterationTime=250ms) [Iterations=10]
//   Scenario1.A_EnumerationsOptions_Result_IsSuccess: .NET 10.0(Runtime=.NET 10.0, IterationTime=250ms) [Iterations=10]
//   Scenario1.B_FluentResults_Result_IsSuccess: .NET 10.0(Runtime=.NET 10.0, IterationTime=250ms) [Iterations=10]
//   Scenario1.E_Rascal_Result_IsSuccess: .NET 10.0(Runtime=.NET 10.0, IterationTime=250ms) [Iterations=10]
//   Scenario1.D_SimpleResults_Result_IsSuccess: .NET 10.0(Runtime=.NET 10.0, IterationTime=250ms) [Iterations=10]
//   Scenario1.C_ArdalisResult_Result_Value: .NET 10.0(Runtime=.NET 10.0, IterationTime=250ms) [Iterations=10]
//   Scenario1.A_EnumerationsOptions_Result_Value: .NET 10.0(Runtime=.NET 10.0, IterationTime=250ms) [Iterations=10]
//   Scenario1.B_FluentResults_Result_Value: .NET 10.0(Runtime=.NET 10.0, IterationTime=250ms) [Iterations=10]
//   Scenario1.E_Rascal_Result_Value: .NET 10.0(Runtime=.NET 10.0, IterationTime=250ms) [Iterations=10]
//   Scenario1.D_SimpleResults_Result_Value: .NET 10.0(Runtime=.NET 10.0, IterationTime=250ms) [Iterations=10]
//   Scenario1.C_ArdalisResult_Result_IsFailed: .NET 10.0(Runtime=.NET 10.0, IterationTime=250ms) [Iterations=10]
//   Scenario1.A_EnumerationsOptions_Result_IsFailed: .NET 10.0(Runtime=.NET 10.0, IterationTime=250ms) [Iterations=10]
//   Scenario1.B_FluentResults_Result_IsFailed: .NET 10.0(Runtime=.NET 10.0, IterationTime=250ms) [Iterations=10]
//   Scenario1.E_Rascal_Result_IsFailed: .NET 10.0(Runtime=.NET 10.0, IterationTime=250ms) [Iterations=10]
//   Scenario1.D_SimpleResults_Result_IsFailed: .NET 10.0(Runtime=.NET 10.0, IterationTime=250ms) [Iterations=10]
//   Scenario1.C_ArdalisResult_Result_HasError: .NET 10.0(Runtime=.NET 10.0, IterationTime=250ms) [Iterations=10]
//   Scenario1.A_EnumerationsOptions_Result_HasError: .NET 10.0(Runtime=.NET 10.0, IterationTime=250ms) [Iterations=10]
//   Scenario1.B_FluentResults_Result_HasError: .NET 10.0(Runtime=.NET 10.0, IterationTime=250ms) [Iterations=10]
//   Scenario1.E_Rascal_Result_HasError: .NET 10.0(Runtime=.NET 10.0, IterationTime=250ms) [Iterations=10]
//   Scenario1.D_SimpleResults_Result_HasError: .NET 10.0(Runtime=.NET 10.0, IterationTime=250ms) [Iterations=10]
//   Scenario1.C_ArdalisResult_Result_FirstError: .NET 10.0(Runtime=.NET 10.0, IterationTime=250ms) [Iterations=10]
//   Scenario1.A_EnumerationsOptions_Result_FirstError: .NET 10.0(Runtime=.NET 10.0, IterationTime=250ms) [Iterations=10]
//   Scenario1.B_FluentResults_Result_FirstError: .NET 10.0(Runtime=.NET 10.0, IterationTime=250ms) [Iterations=10]
//   Scenario1.E_Rascal_Result_FirstError: .NET 10.0(Runtime=.NET 10.0, IterationTime=250ms) [Iterations=10]
//   Scenario1.D_SimpleResults_Result_FirstError: .NET 10.0(Runtime=.NET 10.0, IterationTime=250ms) [Iterations=10]

Setup power plan (GUID: 8c5e7fda-e8bf-4a96-9a85-a6e23a8c635c FriendlyName: High performance)
// **************************
// Benchmark: Scenario1.C_ArdalisResult_Result_Ok: .NET 10.0(Runtime=.NET 10.0, IterationTime=250ms) [Iterations=10]
// *** Execute ***
// Launch: 1 / 1
// Execute: dotnet Enumerations.Options.Benchmarks-1.dll --anonymousPipes 1860 1856 --benchmarkName "ReillyDigital.Enumerations.Options.Benchmarks.Scenarios.Scenario1.C_ArdalisResult_Result_Ok(Iterations: 10)" --job ".NET 10.0" --benchmarkId 0 in D:\x\devs\reilly-digital\dotnet\enumerations.options.benchmarks\bin\Debug\net10.0\Enumerations.Options.Benchmarks-1\bin\Release\net10.0
// BeforeAnythingElse

// Benchmark Process Environment Information:
// BenchmarkDotNet v0.15.8
// Runtime=.NET 10.0.2 (10.0.2, 10.0.225.61305), X64 RyuJIT x86-64-v3
// GC=Concurrent Workstation
// HardwareIntrinsics=AVX2+BMI1+BMI2+F16C+FMA+LZCNT+MOVBE,AVX,SSE3+SSSE3+SSE4.1+SSE4.2+POPCNT,X86Base+SSE+SSE2,AES+PCLMUL VectorSize=256
// Job: .NET 10.0(IterationTime=250ms)

OverheadJitting  1: 1 op, 112700.00 ns, 112.7000 us/op
WorkloadJitting  1: 1 op, 9082000.00 ns, 9.0820 ms/op

OverheadJitting  2: 16 op, 191200.00 ns, 11.9500 us/op
WorkloadJitting  2: 16 op, 218000.00 ns, 13.6250 us/op

WorkloadPilot    1: 16 op, 6600.00 ns, 412.5000 ns/op
WorkloadPilot    2: 606064 op, 142876600.00 ns, 235.7451 ns/op
WorkloadPilot    3: 1060480 op, 62218800.00 ns, 58.6704 ns/op
WorkloadPilot    4: 4261104 op, 228552000.00 ns, 53.6368 ns/op
WorkloadPilot    5: 4660992 op, 382005400.00 ns, 81.9580 ns/op
WorkloadPilot    6: 3050352 op, 185047800.00 ns, 60.6644 ns/op
WorkloadPilot    7: 4121040 op, 272509700.00 ns, 66.1264 ns/op
WorkloadPilot    8: 3780640 op, 202959100.00 ns, 53.6838 ns/op
WorkloadPilot    9: 4656912 op, 244987500.00 ns, 52.6073 ns/op
WorkloadPilot   10: 4752208 op, 252592800.00 ns, 53.1527 ns/op

OverheadWarmup   1: 4752208 op, 11829000.00 ns, 2.4892 ns/op
OverheadWarmup   2: 4752208 op, 12178600.00 ns, 2.5627 ns/op
OverheadWarmup   3: 4752208 op, 11595700.00 ns, 2.4401 ns/op
OverheadWarmup   4: 4752208 op, 11623200.00 ns, 2.4459 ns/op
OverheadWarmup   5: 4752208 op, 11613400.00 ns, 2.4438 ns/op

OverheadActual   1: 4752208 op, 11682700.00 ns, 2.4584 ns/op
OverheadActual   2: 4752208 op, 11568700.00 ns, 2.4344 ns/op
OverheadActual   3: 4752208 op, 11633800.00 ns, 2.4481 ns/op
OverheadActual   4: 4752208 op, 12225700.00 ns, 2.5726 ns/op
OverheadActual   5: 4752208 op, 11973500.00 ns, 2.5196 ns/op
OverheadActual   6: 4752208 op, 11590500.00 ns, 2.4390 ns/op
OverheadActual   7: 4752208 op, 11603800.00 ns, 2.4418 ns/op
OverheadActual   8: 4752208 op, 12033500.00 ns, 2.5322 ns/op
OverheadActual   9: 4752208 op, 11666500.00 ns, 2.4550 ns/op
OverheadActual  10: 4752208 op, 11646600.00 ns, 2.4508 ns/op
OverheadActual  11: 4752208 op, 11661500.00 ns, 2.4539 ns/op
OverheadActual  12: 4752208 op, 11601200.00 ns, 2.4412 ns/op
OverheadActual  13: 4752208 op, 12292400.00 ns, 2.5867 ns/op
OverheadActual  14: 4752208 op, 11631100.00 ns, 2.4475 ns/op
OverheadActual  15: 4752208 op, 11633800.00 ns, 2.4481 ns/op

WorkloadWarmup   1: 4752208 op, 264736800.00 ns, 55.7082 ns/op
WorkloadWarmup   2: 4752208 op, 253459700.00 ns, 53.3351 ns/op
WorkloadWarmup   3: 4752208 op, 248955100.00 ns, 52.3872 ns/op
WorkloadWarmup   4: 4752208 op, 248627400.00 ns, 52.3183 ns/op
WorkloadWarmup   5: 4752208 op, 248421800.00 ns, 52.2750 ns/op
WorkloadWarmup   6: 4752208 op, 248929300.00 ns, 52.3818 ns/op
WorkloadWarmup   7: 4752208 op, 253560300.00 ns, 53.3563 ns/op
WorkloadWarmup   8: 4752208 op, 266788400.00 ns, 56.1399 ns/op
WorkloadWarmup   9: 4752208 op, 256342400.00 ns, 53.9417 ns/op
WorkloadWarmup  10: 4752208 op, 280165800.00 ns, 58.9549 ns/op
WorkloadWarmup  11: 4752208 op, 252102400.00 ns, 53.0495 ns/op

// BeforeActualRun
WorkloadActual   1: 4752208 op, 305919800.00 ns, 64.3742 ns/op
WorkloadActual   2: 4752208 op, 337046300.00 ns, 70.9241 ns/op
WorkloadActual   3: 4752208 op, 371155300.00 ns, 78.1017 ns/op
WorkloadActual   4: 4752208 op, 335103200.00 ns, 70.5153 ns/op
WorkloadActual   5: 4752208 op, 321855400.00 ns, 67.7275 ns/op
WorkloadActual   6: 4752208 op, 320124200.00 ns, 67.3633 ns/op
WorkloadActual   7: 4752208 op, 315131600.00 ns, 66.3127 ns/op
WorkloadActual   8: 4752208 op, 316983100.00 ns, 66.7023 ns/op
WorkloadActual   9: 4752208 op, 317033100.00 ns, 66.7128 ns/op
WorkloadActual  10: 4752208 op, 317134500.00 ns, 66.7341 ns/op
WorkloadActual  11: 4752208 op, 318602600.00 ns, 67.0431 ns/op
WorkloadActual  12: 4752208 op, 317228900.00 ns, 66.7540 ns/op
WorkloadActual  13: 4752208 op, 351510200.00 ns, 73.9678 ns/op
WorkloadActual  14: 4752208 op, 321539400.00 ns, 67.6611 ns/op
WorkloadActual  15: 4752208 op, 332189800.00 ns, 69.9022 ns/op
WorkloadActual  16: 4752208 op, 336940200.00 ns, 70.9018 ns/op
WorkloadActual  17: 4752208 op, 315332400.00 ns, 66.3549 ns/op
WorkloadActual  18: 4752208 op, 255803900.00 ns, 53.8284 ns/op
WorkloadActual  19: 4752208 op, 270519400.00 ns, 56.9250 ns/op
WorkloadActual  20: 4752208 op, 305068000.00 ns, 64.1950 ns/op
WorkloadActual  21: 4752208 op, 307298200.00 ns, 64.6643 ns/op
WorkloadActual  22: 4752208 op, 249113800.00 ns, 52.4206 ns/op
WorkloadActual  23: 4752208 op, 248842100.00 ns, 52.3635 ns/op
WorkloadActual  24: 4752208 op, 306905300.00 ns, 64.5816 ns/op
WorkloadActual  25: 4752208 op, 304523100.00 ns, 64.0803 ns/op
WorkloadActual  26: 4752208 op, 272232100.00 ns, 57.2854 ns/op
WorkloadActual  27: 4752208 op, 249369100.00 ns, 52.4744 ns/op
WorkloadActual  28: 4752208 op, 304092400.00 ns, 63.9897 ns/op
WorkloadActual  29: 4752208 op, 303460400.00 ns, 63.8567 ns/op
WorkloadActual  30: 4752208 op, 267366600.00 ns, 56.2616 ns/op
WorkloadActual  31: 4752208 op, 250085400.00 ns, 52.6251 ns/op
WorkloadActual  32: 4752208 op, 309278100.00 ns, 65.0809 ns/op
WorkloadActual  33: 4752208 op, 307026200.00 ns, 64.6071 ns/op
WorkloadActual  34: 4752208 op, 306856800.00 ns, 64.5714 ns/op
WorkloadActual  35: 4752208 op, 249447000.00 ns, 52.4908 ns/op
WorkloadActual  36: 4752208 op, 311880700.00 ns, 65.6286 ns/op
WorkloadActual  37: 4752208 op, 312657600.00 ns, 65.7921 ns/op
WorkloadActual  38: 4752208 op, 248987600.00 ns, 52.3941 ns/op
WorkloadActual  39: 4752208 op, 251120200.00 ns, 52.8428 ns/op
WorkloadActual  40: 4752208 op, 310342000.00 ns, 65.3048 ns/op
WorkloadActual  41: 4752208 op, 307519900.00 ns, 64.7110 ns/op
WorkloadActual  42: 4752208 op, 249119000.00 ns, 52.4217 ns/op
WorkloadActual  43: 4752208 op, 248741100.00 ns, 52.3422 ns/op
WorkloadActual  44: 4752208 op, 308126400.00 ns, 64.8386 ns/op
WorkloadActual  45: 4752208 op, 302250100.00 ns, 63.6020 ns/op
WorkloadActual  46: 4752208 op, 250018900.00 ns, 52.6111 ns/op
WorkloadActual  47: 4752208 op, 249076200.00 ns, 52.4127 ns/op
WorkloadActual  48: 4752208 op, 305855700.00 ns, 64.3608 ns/op
WorkloadActual  49: 4752208 op, 305571700.00 ns, 64.3010 ns/op
WorkloadActual  50: 4752208 op, 297467500.00 ns, 62.5956 ns/op
WorkloadActual  51: 4752208 op, 249820700.00 ns, 52.5694 ns/op
WorkloadActual  52: 4752208 op, 303131900.00 ns, 63.7876 ns/op
WorkloadActual  53: 4752208 op, 306712700.00 ns, 64.5411 ns/op
WorkloadActual  54: 4752208 op, 258771800.00 ns, 54.4530 ns/op
WorkloadActual  55: 4752208 op, 254164500.00 ns, 53.4835 ns/op
WorkloadActual  56: 4752208 op, 305119700.00 ns, 64.2059 ns/op
WorkloadActual  57: 4752208 op, 306544900.00 ns, 64.5058 ns/op
WorkloadActual  58: 4752208 op, 254109200.00 ns, 53.4718 ns/op
WorkloadActual  59: 4752208 op, 252184100.00 ns, 53.0667 ns/op
WorkloadActual  60: 4752208 op, 306547500.00 ns, 64.5063 ns/op
WorkloadActual  61: 4752208 op, 306600100.00 ns, 64.5174 ns/op
WorkloadActual  62: 4752208 op, 308183300.00 ns, 64.8505 ns/op
WorkloadActual  63: 4752208 op, 251303100.00 ns, 52.8813 ns/op
WorkloadActual  64: 4752208 op, 307422100.00 ns, 64.6904 ns/op
WorkloadActual  65: 4752208 op, 303576200.00 ns, 63.8811 ns/op
WorkloadActual  66: 4752208 op, 248746400.00 ns, 52.3433 ns/op
WorkloadActual  67: 4752208 op, 249806600.00 ns, 52.5664 ns/op
WorkloadActual  68: 4752208 op, 307063800.00 ns, 64.6150 ns/op
WorkloadActual  69: 4752208 op, 305714600.00 ns, 64.3311 ns/op
WorkloadActual  70: 4752208 op, 307694400.00 ns, 64.7477 ns/op
WorkloadActual  71: 4752208 op, 248900500.00 ns, 52.3758 ns/op
WorkloadActual  72: 4752208 op, 315842400.00 ns, 66.4622 ns/op
WorkloadActual  73: 4752208 op, 306215000.00 ns, 64.4364 ns/op
WorkloadActual  74: 4752208 op, 288007300.00 ns, 60.6049 ns/op
WorkloadActual  75: 4752208 op, 248922300.00 ns, 52.3803 ns/op
WorkloadActual  76: 4752208 op, 307514000.00 ns, 64.7097 ns/op
WorkloadActual  77: 4752208 op, 305987500.00 ns, 64.3885 ns/op
WorkloadActual  78: 4752208 op, 248751700.00 ns, 52.3444 ns/op
WorkloadActual  79: 4752208 op, 250109700.00 ns, 52.6302 ns/op
WorkloadActual  80: 4752208 op, 303235700.00 ns, 63.8094 ns/op
WorkloadActual  81: 4752208 op, 305972000.00 ns, 64.3852 ns/op
WorkloadActual  82: 4752208 op, 248816900.00 ns, 52.3582 ns/op
WorkloadActual  83: 4752208 op, 250007600.00 ns, 52.6087 ns/op
WorkloadActual  84: 4752208 op, 305054300.00 ns, 64.1921 ns/op
WorkloadActual  85: 4752208 op, 304881700.00 ns, 64.1558 ns/op
WorkloadActual  86: 4752208 op, 249346500.00 ns, 52.4696 ns/op
WorkloadActual  87: 4752208 op, 252177400.00 ns, 53.0653 ns/op
WorkloadActual  88: 4752208 op, 305398800.00 ns, 64.2646 ns/op
WorkloadActual  89: 4752208 op, 308464100.00 ns, 64.9096 ns/op
WorkloadActual  90: 4752208 op, 314979300.00 ns, 66.2806 ns/op
WorkloadActual  91: 4752208 op, 249280600.00 ns, 52.4557 ns/op
WorkloadActual  92: 4752208 op, 304304400.00 ns, 64.0343 ns/op
WorkloadActual  93: 4752208 op, 303240800.00 ns, 63.8105 ns/op
WorkloadActual  94: 4752208 op, 307048300.00 ns, 64.6117 ns/op
WorkloadActual  95: 4752208 op, 248503400.00 ns, 52.2922 ns/op
WorkloadActual  96: 4752208 op, 303303000.00 ns, 63.8236 ns/op
WorkloadActual  97: 4752208 op, 303243800.00 ns, 63.8111 ns/op
WorkloadActual  98: 4752208 op, 249961300.00 ns, 52.5990 ns/op
WorkloadActual  99: 4752208 op, 249074100.00 ns, 52.4123 ns/op
WorkloadActual  100: 4752208 op, 303576900.00 ns, 63.8812 ns/op

// AfterActualRun
WorkloadResult   1: 4752208 op, 294273200.00 ns, 61.9235 ns/op
WorkloadResult   2: 4752208 op, 325399700.00 ns, 68.4734 ns/op
WorkloadResult   3: 4752208 op, 359508700.00 ns, 75.6509 ns/op
WorkloadResult   4: 4752208 op, 323456600.00 ns, 68.0645 ns/op
WorkloadResult   5: 4752208 op, 310208800.00 ns, 65.2768 ns/op
WorkloadResult   6: 4752208 op, 308477600.00 ns, 64.9125 ns/op
WorkloadResult   7: 4752208 op, 303485000.00 ns, 63.8619 ns/op
WorkloadResult   8: 4752208 op, 305336500.00 ns, 64.2515 ns/op
WorkloadResult   9: 4752208 op, 305386500.00 ns, 64.2620 ns/op
WorkloadResult  10: 4752208 op, 305487900.00 ns, 64.2834 ns/op
WorkloadResult  11: 4752208 op, 306956000.00 ns, 64.5923 ns/op
WorkloadResult  12: 4752208 op, 305582300.00 ns, 64.3032 ns/op
WorkloadResult  13: 4752208 op, 339863600.00 ns, 71.5170 ns/op
WorkloadResult  14: 4752208 op, 309892800.00 ns, 65.2103 ns/op
WorkloadResult  15: 4752208 op, 320543200.00 ns, 67.4514 ns/op
WorkloadResult  16: 4752208 op, 325293600.00 ns, 68.4510 ns/op
WorkloadResult  17: 4752208 op, 303685800.00 ns, 63.9041 ns/op
WorkloadResult  18: 4752208 op, 244157300.00 ns, 51.3777 ns/op
WorkloadResult  19: 4752208 op, 258872800.00 ns, 54.4742 ns/op
WorkloadResult  20: 4752208 op, 293421400.00 ns, 61.7442 ns/op
WorkloadResult  21: 4752208 op, 295651600.00 ns, 62.2135 ns/op
WorkloadResult  22: 4752208 op, 237467200.00 ns, 49.9699 ns/op
WorkloadResult  23: 4752208 op, 237195500.00 ns, 49.9127 ns/op
WorkloadResult  24: 4752208 op, 295258700.00 ns, 62.1308 ns/op
WorkloadResult  25: 4752208 op, 292876500.00 ns, 61.6296 ns/op
WorkloadResult  26: 4752208 op, 260585500.00 ns, 54.8346 ns/op
WorkloadResult  27: 4752208 op, 237722500.00 ns, 50.0236 ns/op
WorkloadResult  28: 4752208 op, 292445800.00 ns, 61.5389 ns/op
WorkloadResult  29: 4752208 op, 291813800.00 ns, 61.4059 ns/op
WorkloadResult  30: 4752208 op, 255720000.00 ns, 53.8108 ns/op
WorkloadResult  31: 4752208 op, 238438800.00 ns, 50.1743 ns/op
WorkloadResult  32: 4752208 op, 297631500.00 ns, 62.6302 ns/op
WorkloadResult  33: 4752208 op, 295379600.00 ns, 62.1563 ns/op
WorkloadResult  34: 4752208 op, 295210200.00 ns, 62.1206 ns/op
WorkloadResult  35: 4752208 op, 237800400.00 ns, 50.0400 ns/op
WorkloadResult  36: 4752208 op, 300234100.00 ns, 63.1778 ns/op
WorkloadResult  37: 4752208 op, 301011000.00 ns, 63.3413 ns/op
WorkloadResult  38: 4752208 op, 237341000.00 ns, 49.9433 ns/op
WorkloadResult  39: 4752208 op, 239473600.00 ns, 50.3921 ns/op
WorkloadResult  40: 4752208 op, 298695400.00 ns, 62.8540 ns/op
WorkloadResult  41: 4752208 op, 295873300.00 ns, 62.2602 ns/op
WorkloadResult  42: 4752208 op, 237472400.00 ns, 49.9710 ns/op
WorkloadResult  43: 4752208 op, 237094500.00 ns, 49.8914 ns/op
WorkloadResult  44: 4752208 op, 296479800.00 ns, 62.3878 ns/op
WorkloadResult  45: 4752208 op, 290603500.00 ns, 61.1513 ns/op
WorkloadResult  46: 4752208 op, 238372300.00 ns, 50.1603 ns/op
WorkloadResult  47: 4752208 op, 237429600.00 ns, 49.9620 ns/op
WorkloadResult  48: 4752208 op, 294209100.00 ns, 61.9100 ns/op
WorkloadResult  49: 4752208 op, 293925100.00 ns, 61.8502 ns/op
WorkloadResult  50: 4752208 op, 285820900.00 ns, 60.1449 ns/op
WorkloadResult  51: 4752208 op, 238174100.00 ns, 50.1186 ns/op
WorkloadResult  52: 4752208 op, 291485300.00 ns, 61.3368 ns/op
WorkloadResult  53: 4752208 op, 295066100.00 ns, 62.0903 ns/op
WorkloadResult  54: 4752208 op, 247125200.00 ns, 52.0022 ns/op
WorkloadResult  55: 4752208 op, 242517900.00 ns, 51.0327 ns/op
WorkloadResult  56: 4752208 op, 293473100.00 ns, 61.7551 ns/op
WorkloadResult  57: 4752208 op, 294898300.00 ns, 62.0550 ns/op
WorkloadResult  58: 4752208 op, 242462600.00 ns, 51.0210 ns/op
WorkloadResult  59: 4752208 op, 240537500.00 ns, 50.6159 ns/op
WorkloadResult  60: 4752208 op, 294900900.00 ns, 62.0556 ns/op
WorkloadResult  61: 4752208 op, 294953500.00 ns, 62.0666 ns/op
WorkloadResult  62: 4752208 op, 296536700.00 ns, 62.3998 ns/op
WorkloadResult  63: 4752208 op, 239656500.00 ns, 50.4306 ns/op
WorkloadResult  64: 4752208 op, 295775500.00 ns, 62.2396 ns/op
WorkloadResult  65: 4752208 op, 291929600.00 ns, 61.4303 ns/op
WorkloadResult  66: 4752208 op, 237099800.00 ns, 49.8926 ns/op
WorkloadResult  67: 4752208 op, 238160000.00 ns, 50.1157 ns/op
WorkloadResult  68: 4752208 op, 295417200.00 ns, 62.1642 ns/op
WorkloadResult  69: 4752208 op, 294068000.00 ns, 61.8803 ns/op
WorkloadResult  70: 4752208 op, 296047800.00 ns, 62.2969 ns/op
WorkloadResult  71: 4752208 op, 237253900.00 ns, 49.9250 ns/op
WorkloadResult  72: 4752208 op, 304195800.00 ns, 64.0115 ns/op
WorkloadResult  73: 4752208 op, 294568400.00 ns, 61.9856 ns/op
WorkloadResult  74: 4752208 op, 276360700.00 ns, 58.1542 ns/op
WorkloadResult  75: 4752208 op, 237275700.00 ns, 49.9296 ns/op
WorkloadResult  76: 4752208 op, 295867400.00 ns, 62.2589 ns/op
WorkloadResult  77: 4752208 op, 294340900.00 ns, 61.9377 ns/op
WorkloadResult  78: 4752208 op, 237105100.00 ns, 49.8937 ns/op
WorkloadResult  79: 4752208 op, 238463100.00 ns, 50.1794 ns/op
WorkloadResult  80: 4752208 op, 291589100.00 ns, 61.3587 ns/op
WorkloadResult  81: 4752208 op, 294325400.00 ns, 61.9345 ns/op
WorkloadResult  82: 4752208 op, 237170300.00 ns, 49.9074 ns/op
WorkloadResult  83: 4752208 op, 238361000.00 ns, 50.1579 ns/op
WorkloadResult  84: 4752208 op, 293407700.00 ns, 61.7413 ns/op
WorkloadResult  85: 4752208 op, 293235100.00 ns, 61.7050 ns/op
WorkloadResult  86: 4752208 op, 237699900.00 ns, 50.0188 ns/op
WorkloadResult  87: 4752208 op, 240530800.00 ns, 50.6145 ns/op
WorkloadResult  88: 4752208 op, 293752200.00 ns, 61.8138 ns/op
WorkloadResult  89: 4752208 op, 296817500.00 ns, 62.4589 ns/op
WorkloadResult  90: 4752208 op, 303332700.00 ns, 63.8298 ns/op
WorkloadResult  91: 4752208 op, 237634000.00 ns, 50.0050 ns/op
WorkloadResult  92: 4752208 op, 292657800.00 ns, 61.5835 ns/op
WorkloadResult  93: 4752208 op, 291594200.00 ns, 61.3597 ns/op
WorkloadResult  94: 4752208 op, 295401700.00 ns, 62.1609 ns/op
WorkloadResult  95: 4752208 op, 236856800.00 ns, 49.8414 ns/op
WorkloadResult  96: 4752208 op, 291656400.00 ns, 61.3728 ns/op
WorkloadResult  97: 4752208 op, 291597200.00 ns, 61.3604 ns/op
WorkloadResult  98: 4752208 op, 238314700.00 ns, 50.1482 ns/op
WorkloadResult  99: 4752208 op, 237427500.00 ns, 49.9615 ns/op
WorkloadResult  100: 4752208 op, 291930300.00 ns, 61.4305 ns/op
// GC:  409 0 0 3421589760 4752208
// Threading:  0 0 4752208

// AfterAll
// Benchmark Process 8068 has exited with code 0.

Mean = 58.700 ns, StdErr = 0.639 ns (1.09%), N = 100, StdDev = 6.394 ns
Min = 49.841 ns, Q1 = 50.421 ns, Median = 61.723 ns, Q3 = 62.320 ns, Max = 75.651 ns
IQR = 11.899 ns, LowerFence = 32.573 ns, UpperFence = 80.168 ns
ConfidenceInterval = [56.532 ns; 60.869 ns] (CI 99.9%), Margin = 2.168 ns (3.69% of Mean)
Skewness = -0.21, Kurtosis = 1.97, MValue = 3.19

// ** Remained 84 (98.8%) benchmark(s) to run. Estimated finish 2026-02-06 8:53 (0h 51m from now) **
Setup power plan (GUID: 8c5e7fda-e8bf-4a96-9a85-a6e23a8c635c FriendlyName: High performance)
// **************************
// Benchmark: Scenario1.A_EnumerationsOptions_Result_Ok: .NET 10.0(Runtime=.NET 10.0, IterationTime=250ms) [Iterations=10]
// *** Execute ***
// Launch: 1 / 1
// Execute: dotnet Enumerations.Options.Benchmarks-1.dll --anonymousPipes 1852 1848 --benchmarkName "ReillyDigital.Enumerations.Options.Benchmarks.Scenarios.Scenario1.A_EnumerationsOptions_Result_Ok(Iterations: 10)" --job ".NET 10.0" --benchmarkId 1 in D:\x\devs\reilly-digital\dotnet\enumerations.options.benchmarks\bin\Debug\net10.0\Enumerations.Options.Benchmarks-1\bin\Release\net10.0
// BeforeAnythingElse

// Benchmark Process Environment Information:
// BenchmarkDotNet v0.15.8
// Runtime=.NET 10.0.2 (10.0.2, 10.0.225.61305), X64 RyuJIT x86-64-v3
// GC=Concurrent Workstation
// HardwareIntrinsics=AVX2+BMI1+BMI2+F16C+FMA+LZCNT+MOVBE,AVX,SSE3+SSSE3+SSE4.1+SSE4.2+POPCNT,X86Base+SSE+SSE2,AES+PCLMUL VectorSize=256
// Job: .NET 10.0(IterationTime=250ms)

OverheadJitting  1: 1 op, 110900.00 ns, 110.9000 us/op
WorkloadJitting  1: 1 op, 10880400.00 ns, 10.8804 ms/op

OverheadJitting  2: 16 op, 181500.00 ns, 11.3438 us/op
WorkloadJitting  2: 16 op, 305700.00 ns, 19.1063 us/op

WorkloadPilot    1: 16 op, 5000.00 ns, 312.5000 ns/op
WorkloadPilot    2: 800000 op, 144348400.00 ns, 180.4355 ns/op
WorkloadPilot    3: 1385552 op, 106960800.00 ns, 77.1972 ns/op
WorkloadPilot    4: 3238464 op, 179934400.00 ns, 55.5616 ns/op
WorkloadPilot    5: 4499520 op, 178481100.00 ns, 39.6667 ns/op
WorkloadPilot    6: 6302528 op, 247685100.00 ns, 39.2993 ns/op
WorkloadPilot    7: 6361440 op, 252617600.00 ns, 39.7108 ns/op
WorkloadPilot    8: 6295536 op, 261362000.00 ns, 41.5154 ns/op
WorkloadPilot    9: 6021856 op, 236728100.00 ns, 39.3115 ns/op
WorkloadPilot   10: 6359472 op, 249507500.00 ns, 39.2340 ns/op
WorkloadPilot   11: 6372032 op, 357659600.00 ns, 56.1296 ns/op

OverheadWarmup   1: 6372032 op, 15929500.00 ns, 2.4999 ns/op
OverheadWarmup   2: 6372032 op, 16105200.00 ns, 2.5275 ns/op
OverheadWarmup   3: 6372032 op, 15728200.00 ns, 2.4683 ns/op
OverheadWarmup   4: 6372032 op, 15651300.00 ns, 2.4562 ns/op
OverheadWarmup   5: 6372032 op, 15660700.00 ns, 2.4577 ns/op
OverheadWarmup   6: 6372032 op, 16273800.00 ns, 2.5539 ns/op
OverheadWarmup   7: 6372032 op, 16256400.00 ns, 2.5512 ns/op

OverheadActual   1: 6372032 op, 15976900.00 ns, 2.5073 ns/op
OverheadActual   2: 6372032 op, 15643700.00 ns, 2.4551 ns/op
OverheadActual   3: 6372032 op, 15627300.00 ns, 2.4525 ns/op
OverheadActual   4: 6372032 op, 15593200.00 ns, 2.4471 ns/op
OverheadActual   5: 6372032 op, 15628400.00 ns, 2.4527 ns/op
OverheadActual   6: 6372032 op, 15556300.00 ns, 2.4413 ns/op
OverheadActual   7: 6372032 op, 15669400.00 ns, 2.4591 ns/op
OverheadActual   8: 6372032 op, 15582500.00 ns, 2.4455 ns/op
OverheadActual   9: 6372032 op, 15585900.00 ns, 2.4460 ns/op
OverheadActual  10: 6372032 op, 15982400.00 ns, 2.5082 ns/op
OverheadActual  11: 6372032 op, 15601800.00 ns, 2.4485 ns/op
OverheadActual  12: 6372032 op, 15629700.00 ns, 2.4529 ns/op
OverheadActual  13: 6372032 op, 10566700.00 ns, 1.6583 ns/op
OverheadActual  14: 6372032 op, 9704200.00 ns, 1.5229 ns/op
OverheadActual  15: 6372032 op, 9558500.00 ns, 1.5001 ns/op
OverheadActual  16: 6372032 op, 9677400.00 ns, 1.5187 ns/op
OverheadActual  17: 6372032 op, 9834300.00 ns, 1.5434 ns/op
OverheadActual  18: 6372032 op, 9787900.00 ns, 1.5361 ns/op
OverheadActual  19: 6372032 op, 9513500.00 ns, 1.4930 ns/op
OverheadActual  20: 6372032 op, 9554700.00 ns, 1.4995 ns/op

WorkloadWarmup   1: 6372032 op, 255179900.00 ns, 40.0469 ns/op
WorkloadWarmup   2: 6372032 op, 255458800.00 ns, 40.0906 ns/op
WorkloadWarmup   3: 6372032 op, 250798300.00 ns, 39.3592 ns/op
WorkloadWarmup   4: 6372032 op, 253018900.00 ns, 39.7077 ns/op
WorkloadWarmup   5: 6372032 op, 250852900.00 ns, 39.3678 ns/op
WorkloadWarmup   6: 6372032 op, 251514300.00 ns, 39.4716 ns/op

// BeforeActualRun
WorkloadActual   1: 6372032 op, 295046800.00 ns, 46.3034 ns/op
WorkloadActual   2: 6372032 op, 264046100.00 ns, 41.4383 ns/op
WorkloadActual   3: 6372032 op, 255940200.00 ns, 40.1662 ns/op
WorkloadActual   4: 6372032 op, 277551100.00 ns, 43.5577 ns/op
WorkloadActual   5: 6372032 op, 265642100.00 ns, 41.6888 ns/op
WorkloadActual   6: 6372032 op, 257734500.00 ns, 40.4478 ns/op
WorkloadActual   7: 6372032 op, 275461700.00 ns, 43.2298 ns/op
WorkloadActual   8: 6372032 op, 316941900.00 ns, 49.7395 ns/op
WorkloadActual   9: 6372032 op, 257503000.00 ns, 40.4114 ns/op
WorkloadActual  10: 6372032 op, 271950100.00 ns, 42.6787 ns/op
WorkloadActual  11: 6372032 op, 263373800.00 ns, 41.3328 ns/op
WorkloadActual  12: 6372032 op, 256593900.00 ns, 40.2688 ns/op
WorkloadActual  13: 6372032 op, 273857600.00 ns, 42.9781 ns/op
WorkloadActual  14: 6372032 op, 285916000.00 ns, 44.8705 ns/op
WorkloadActual  15: 6372032 op, 259085500.00 ns, 40.6598 ns/op
WorkloadActual  16: 6372032 op, 272314400.00 ns, 42.7359 ns/op
WorkloadActual  17: 6372032 op, 265922500.00 ns, 41.7328 ns/op
WorkloadActual  18: 6372032 op, 257136900.00 ns, 40.3540 ns/op
WorkloadActual  19: 6372032 op, 275978200.00 ns, 43.3109 ns/op
WorkloadActual  20: 6372032 op, 289152000.00 ns, 45.3783 ns/op
WorkloadActual  21: 6372032 op, 260178200.00 ns, 40.8313 ns/op
WorkloadActual  22: 6372032 op, 254097400.00 ns, 39.8770 ns/op
WorkloadActual  23: 6372032 op, 254360800.00 ns, 39.9183 ns/op
WorkloadActual  24: 6372032 op, 252913200.00 ns, 39.6911 ns/op
WorkloadActual  25: 6372032 op, 251479400.00 ns, 39.4661 ns/op
WorkloadActual  26: 6372032 op, 257647200.00 ns, 40.4341 ns/op
WorkloadActual  27: 6372032 op, 262230600.00 ns, 41.1534 ns/op
WorkloadActual  28: 6372032 op, 251073100.00 ns, 39.4024 ns/op
WorkloadActual  29: 6372032 op, 249992500.00 ns, 39.2328 ns/op
WorkloadActual  30: 6372032 op, 252275000.00 ns, 39.5910 ns/op
WorkloadActual  31: 6372032 op, 253348100.00 ns, 39.7594 ns/op
WorkloadActual  32: 6372032 op, 252560000.00 ns, 39.6357 ns/op
WorkloadActual  33: 6372032 op, 250480800.00 ns, 39.3094 ns/op
WorkloadActual  34: 6372032 op, 256982500.00 ns, 40.3298 ns/op
WorkloadActual  35: 6372032 op, 251692400.00 ns, 39.4996 ns/op
WorkloadActual  36: 6372032 op, 254513500.00 ns, 39.9423 ns/op
WorkloadActual  37: 6372032 op, 252399000.00 ns, 39.6104 ns/op
WorkloadActual  38: 6372032 op, 253474400.00 ns, 39.7792 ns/op
WorkloadActual  39: 6372032 op, 254949000.00 ns, 40.0106 ns/op
WorkloadActual  40: 6372032 op, 251564300.00 ns, 39.4794 ns/op
WorkloadActual  41: 6372032 op, 250223100.00 ns, 39.2690 ns/op

// AfterActualRun
WorkloadResult   1: 6372032 op, 248461900.00 ns, 38.9926 ns/op
WorkloadResult   2: 6372032 op, 240356000.00 ns, 37.7205 ns/op
WorkloadResult   3: 6372032 op, 261966900.00 ns, 41.1120 ns/op
WorkloadResult   4: 6372032 op, 250057900.00 ns, 39.2430 ns/op
WorkloadResult   5: 6372032 op, 242150300.00 ns, 38.0021 ns/op
WorkloadResult   6: 6372032 op, 259877500.00 ns, 40.7841 ns/op
WorkloadResult   7: 6372032 op, 241918800.00 ns, 37.9657 ns/op
WorkloadResult   8: 6372032 op, 256365900.00 ns, 40.2330 ns/op
WorkloadResult   9: 6372032 op, 247789600.00 ns, 38.8871 ns/op
WorkloadResult  10: 6372032 op, 241009700.00 ns, 37.8231 ns/op
WorkloadResult  11: 6372032 op, 258273400.00 ns, 40.5323 ns/op
WorkloadResult  12: 6372032 op, 243501300.00 ns, 38.2141 ns/op
WorkloadResult  13: 6372032 op, 256730200.00 ns, 40.2902 ns/op
WorkloadResult  14: 6372032 op, 250338300.00 ns, 39.2870 ns/op
WorkloadResult  15: 6372032 op, 241552700.00 ns, 37.9083 ns/op
WorkloadResult  16: 6372032 op, 260394000.00 ns, 40.8651 ns/op
WorkloadResult  17: 6372032 op, 244594000.00 ns, 38.3856 ns/op
WorkloadResult  18: 6372032 op, 238513200.00 ns, 37.4313 ns/op
WorkloadResult  19: 6372032 op, 238776600.00 ns, 37.4726 ns/op
WorkloadResult  20: 6372032 op, 237329000.00 ns, 37.2454 ns/op
WorkloadResult  21: 6372032 op, 235895200.00 ns, 37.0204 ns/op
WorkloadResult  22: 6372032 op, 242063000.00 ns, 37.9884 ns/op
WorkloadResult  23: 6372032 op, 246646400.00 ns, 38.7077 ns/op
WorkloadResult  24: 6372032 op, 235488900.00 ns, 36.9566 ns/op
WorkloadResult  25: 6372032 op, 234408300.00 ns, 36.7871 ns/op
WorkloadResult  26: 6372032 op, 236690800.00 ns, 37.1453 ns/op
WorkloadResult  27: 6372032 op, 237763900.00 ns, 37.3137 ns/op
WorkloadResult  28: 6372032 op, 236975800.00 ns, 37.1900 ns/op
WorkloadResult  29: 6372032 op, 234896600.00 ns, 36.8637 ns/op
WorkloadResult  30: 6372032 op, 241398300.00 ns, 37.8840 ns/op
WorkloadResult  31: 6372032 op, 236108200.00 ns, 37.0538 ns/op
WorkloadResult  32: 6372032 op, 238929300.00 ns, 37.4966 ns/op
WorkloadResult  33: 6372032 op, 236814800.00 ns, 37.1647 ns/op
WorkloadResult  34: 6372032 op, 237890200.00 ns, 37.3335 ns/op
WorkloadResult  35: 6372032 op, 239364800.00 ns, 37.5649 ns/op
WorkloadResult  36: 6372032 op, 235980100.00 ns, 37.0337 ns/op
WorkloadResult  37: 6372032 op, 234638900.00 ns, 36.8232 ns/op
// GC:  182 0 0 1529287680 6372032
// Threading:  0 0 6372032

// AfterAll
// Benchmark Process 2344 has exited with code 0.

Mean = 38.182 ns, StdErr = 0.211 ns (0.55%), N = 37, StdDev = 1.286 ns
Min = 36.787 ns, Q1 = 37.190 ns, Median = 37.823 ns, Q3 = 38.887 ns, Max = 41.112 ns
IQR = 1.697 ns, LowerFence = 34.644 ns, UpperFence = 41.433 ns
ConfidenceInterval = [37.425 ns; 38.939 ns] (CI 99.9%), Margin = 0.757 ns (1.98% of Mean)
Skewness = 0.97, Kurtosis = 2.64, MValue = 2.5

// ** Remained 83 (97.6%) benchmark(s) to run. Estimated finish 2026-02-06 8:38 (0h 36m from now) **
Setup power plan (GUID: 8c5e7fda-e8bf-4a96-9a85-a6e23a8c635c FriendlyName: High performance)
// **************************
// Benchmark: Scenario1.B_FluentResults_Result_Ok: .NET 10.0(Runtime=.NET 10.0, IterationTime=250ms) [Iterations=10]
// *** Execute ***
// Launch: 1 / 1
// Execute: dotnet Enumerations.Options.Benchmarks-1.dll --anonymousPipes 1476 1960 --benchmarkName "ReillyDigital.Enumerations.Options.Benchmarks.Scenarios.Scenario1.B_FluentResults_Result_Ok(Iterations: 10)" --job ".NET 10.0" --benchmarkId 2 in D:\x\devs\reilly-digital\dotnet\enumerations.options.benchmarks\bin\Debug\net10.0\Enumerations.Options.Benchmarks-1\bin\Release\net10.0
// BeforeAnythingElse

// Benchmark Process Environment Information:
// BenchmarkDotNet v0.15.8
// Runtime=.NET 10.0.2 (10.0.2, 10.0.225.61305), X64 RyuJIT x86-64-v3
// GC=Concurrent Workstation
// HardwareIntrinsics=AVX2+BMI1+BMI2+F16C+FMA+LZCNT+MOVBE,AVX,SSE3+SSSE3+SSE4.1+SSE4.2+POPCNT,X86Base+SSE+SSE2,AES+PCLMUL VectorSize=256
// Job: .NET 10.0(IterationTime=250ms)

OverheadJitting  1: 1 op, 117600.00 ns, 117.6000 us/op
WorkloadJitting  1: 1 op, 51706900.00 ns, 51.7069 ms/op

WorkloadPilot    1: 4 op, 1900.00 ns, 475.0000 ns/op
WorkloadPilot    2: 526316 op, 127399200.00 ns, 242.0584 ns/op
WorkloadPilot    3: 1032809 op, 89205800.00 ns, 86.3720 ns/op
WorkloadPilot    4: 2894456 op, 296116800.00 ns, 102.3048 ns/op
WorkloadPilot    5: 2443678 op, 181657000.00 ns, 74.3375 ns/op
WorkloadPilot    6: 3363039 op, 348378300.00 ns, 103.5903 ns/op
WorkloadPilot    7: 2413353 op, 245562300.00 ns, 101.7515 ns/op
WorkloadPilot    8: 2456966 op, 252601600.00 ns, 102.8104 ns/op

WorkloadWarmup   1: 2456966 op, 252867300.00 ns, 102.9185 ns/op
WorkloadWarmup   2: 2456966 op, 150010700.00 ns, 61.0553 ns/op
WorkloadWarmup   3: 2456966 op, 253916300.00 ns, 103.3455 ns/op
WorkloadWarmup   4: 2456966 op, 251947800.00 ns, 102.5443 ns/op
WorkloadWarmup   5: 2456966 op, 175846500.00 ns, 71.5706 ns/op
WorkloadWarmup   6: 2456966 op, 226712800.00 ns, 92.2735 ns/op
WorkloadWarmup   7: 2456966 op, 252865300.00 ns, 102.9177 ns/op
WorkloadWarmup   8: 2456966 op, 150704700.00 ns, 61.3377 ns/op

// BeforeActualRun
WorkloadActual   1: 2456966 op, 248216800.00 ns, 101.0257 ns/op
WorkloadActual   2: 2456966 op, 144196800.00 ns, 58.6890 ns/op
WorkloadActual   3: 2456966 op, 248500600.00 ns, 101.1412 ns/op
WorkloadActual   4: 2456966 op, 246902200.00 ns, 100.4907 ns/op
WorkloadActual   5: 2456966 op, 248800000.00 ns, 101.2631 ns/op
WorkloadActual   6: 2456966 op, 256055800.00 ns, 104.2163 ns/op
WorkloadActual   7: 2456966 op, 249390100.00 ns, 101.5033 ns/op
WorkloadActual   8: 2456966 op, 252957700.00 ns, 102.9553 ns/op
WorkloadActual   9: 2456966 op, 257286100.00 ns, 104.7170 ns/op
WorkloadActual  10: 2456966 op, 151232100.00 ns, 61.5524 ns/op
WorkloadActual  11: 2456966 op, 257877200.00 ns, 104.9576 ns/op
WorkloadActual  12: 2456966 op, 233755700.00 ns, 95.1400 ns/op
WorkloadActual  13: 2456966 op, 267655900.00 ns, 108.9376 ns/op
WorkloadActual  14: 2456966 op, 145374400.00 ns, 59.1683 ns/op
WorkloadActual  15: 2456966 op, 248734100.00 ns, 101.2363 ns/op
WorkloadActual  16: 2456966 op, 193340900.00 ns, 78.6909 ns/op
WorkloadActual  17: 2456966 op, 256640100.00 ns, 104.4541 ns/op
WorkloadActual  18: 2456966 op, 150259200.00 ns, 61.1564 ns/op
WorkloadActual  19: 2456966 op, 255723600.00 ns, 104.0810 ns/op
WorkloadActual  20: 2456966 op, 254983200.00 ns, 103.7797 ns/op
WorkloadActual  21: 2456966 op, 251350800.00 ns, 102.3013 ns/op
WorkloadActual  22: 2456966 op, 144887400.00 ns, 58.9700 ns/op
WorkloadActual  23: 2456966 op, 248750100.00 ns, 101.2428 ns/op
WorkloadActual  24: 2456966 op, 144535300.00 ns, 58.8267 ns/op
WorkloadActual  25: 2456966 op, 250013800.00 ns, 101.7571 ns/op
WorkloadActual  26: 2456966 op, 174911400.00 ns, 71.1900 ns/op
WorkloadActual  27: 2456966 op, 249219700.00 ns, 101.4339 ns/op
WorkloadActual  28: 2456966 op, 254022300.00 ns, 103.3886 ns/op
WorkloadActual  29: 2456966 op, 261444400.00 ns, 106.4094 ns/op
WorkloadActual  30: 2456966 op, 156263500.00 ns, 63.6002 ns/op
WorkloadActual  31: 2456966 op, 249582000.00 ns, 101.5814 ns/op
WorkloadActual  32: 2456966 op, 144514200.00 ns, 58.8182 ns/op
WorkloadActual  33: 2456966 op, 261191400.00 ns, 106.3065 ns/op
WorkloadActual  34: 2456966 op, 149104000.00 ns, 60.6862 ns/op
WorkloadActual  35: 2456966 op, 248970000.00 ns, 101.3323 ns/op
WorkloadActual  36: 2456966 op, 157306200.00 ns, 64.0246 ns/op
WorkloadActual  37: 2456966 op, 251532800.00 ns, 102.3754 ns/op
WorkloadActual  38: 2456966 op, 238634000.00 ns, 97.1255 ns/op
WorkloadActual  39: 2456966 op, 260133300.00 ns, 105.8758 ns/op
WorkloadActual  40: 2456966 op, 145454300.00 ns, 59.2008 ns/op
WorkloadActual  41: 2456966 op, 248599600.00 ns, 101.1815 ns/op
WorkloadActual  42: 2456966 op, 148421200.00 ns, 60.4083 ns/op
WorkloadActual  43: 2456966 op, 250937000.00 ns, 102.1329 ns/op
WorkloadActual  44: 2456966 op, 146545400.00 ns, 59.6449 ns/op
WorkloadActual  45: 2456966 op, 248534300.00 ns, 101.1550 ns/op
WorkloadActual  46: 2456966 op, 205730600.00 ns, 83.7336 ns/op
WorkloadActual  47: 2456966 op, 247641500.00 ns, 100.7916 ns/op
WorkloadActual  48: 2456966 op, 145725000.00 ns, 59.3110 ns/op
WorkloadActual  49: 2456966 op, 250710400.00 ns, 102.0406 ns/op
WorkloadActual  50: 2456966 op, 252099000.00 ns, 102.6058 ns/op
WorkloadActual  51: 2456966 op, 249428300.00 ns, 101.5188 ns/op
WorkloadActual  52: 2456966 op, 144667400.00 ns, 58.8805 ns/op
WorkloadActual  53: 2456966 op, 250448800.00 ns, 101.9342 ns/op
WorkloadActual  54: 2456966 op, 144337900.00 ns, 58.7464 ns/op
WorkloadActual  55: 2456966 op, 248951600.00 ns, 101.3248 ns/op
WorkloadActual  56: 2456966 op, 234148000.00 ns, 95.2997 ns/op
WorkloadActual  57: 2456966 op, 265593000.00 ns, 108.0980 ns/op
WorkloadActual  58: 2456966 op, 145520700.00 ns, 59.2278 ns/op
WorkloadActual  59: 2456966 op, 250636300.00 ns, 102.0105 ns/op
WorkloadActual  60: 2456966 op, 153491100.00 ns, 62.4718 ns/op
WorkloadActual  61: 2456966 op, 244230400.00 ns, 99.4032 ns/op
WorkloadActual  62: 2456966 op, 197174200.00 ns, 80.2511 ns/op
WorkloadActual  63: 2456966 op, 250682900.00 ns, 102.0295 ns/op
WorkloadActual  64: 2456966 op, 178042900.00 ns, 72.4645 ns/op
WorkloadActual  65: 2456966 op, 249187300.00 ns, 101.4207 ns/op
WorkloadActual  66: 2456966 op, 209322000.00 ns, 85.1953 ns/op
WorkloadActual  67: 2456966 op, 254463400.00 ns, 103.5681 ns/op
WorkloadActual  68: 2456966 op, 252185700.00 ns, 102.6411 ns/op
WorkloadActual  69: 2456966 op, 251749600.00 ns, 102.4636 ns/op
WorkloadActual  70: 2456966 op, 146780800.00 ns, 59.7407 ns/op
WorkloadActual  71: 2456966 op, 252422200.00 ns, 102.7374 ns/op
WorkloadActual  72: 2456966 op, 227963000.00 ns, 92.7823 ns/op
WorkloadActual  73: 2456966 op, 242401000.00 ns, 98.6587 ns/op
WorkloadActual  74: 2456966 op, 157119800.00 ns, 63.9487 ns/op
WorkloadActual  75: 2456966 op, 251803900.00 ns, 102.4857 ns/op
WorkloadActual  76: 2456966 op, 146860300.00 ns, 59.7730 ns/op
WorkloadActual  77: 2456966 op, 249836800.00 ns, 101.6851 ns/op
WorkloadActual  78: 2456966 op, 154444300.00 ns, 62.8598 ns/op
WorkloadActual  79: 2456966 op, 245914400.00 ns, 100.0886 ns/op
WorkloadActual  80: 2456966 op, 165618700.00 ns, 67.4078 ns/op
WorkloadActual  81: 2456966 op, 250938700.00 ns, 102.1336 ns/op
WorkloadActual  82: 2456966 op, 252387900.00 ns, 102.7234 ns/op
WorkloadActual  83: 2456966 op, 251692000.00 ns, 102.4402 ns/op
WorkloadActual  84: 2456966 op, 181777000.00 ns, 73.9843 ns/op
WorkloadActual  85: 2456966 op, 250793300.00 ns, 102.0744 ns/op
WorkloadActual  86: 2456966 op, 200522600.00 ns, 81.6139 ns/op
WorkloadActual  87: 2456966 op, 250389500.00 ns, 101.9100 ns/op
WorkloadActual  88: 2456966 op, 252503300.00 ns, 102.7704 ns/op
WorkloadActual  89: 2456966 op, 251612700.00 ns, 102.4079 ns/op
WorkloadActual  90: 2456966 op, 153299200.00 ns, 62.3937 ns/op
WorkloadActual  91: 2456966 op, 251049100.00 ns, 102.1785 ns/op
WorkloadActual  92: 2456966 op, 154436600.00 ns, 62.8566 ns/op
WorkloadActual  93: 2456966 op, 248584500.00 ns, 101.1754 ns/op
WorkloadActual  94: 2456966 op, 145663700.00 ns, 59.2860 ns/op
WorkloadActual  95: 2456966 op, 249517000.00 ns, 101.5549 ns/op
WorkloadActual  96: 2456966 op, 196845800.00 ns, 80.1174 ns/op
WorkloadActual  97: 2456966 op, 249241600.00 ns, 101.4428 ns/op
WorkloadActual  98: 2456966 op, 250534700.00 ns, 101.9691 ns/op
WorkloadActual  99: 2456966 op, 263401700.00 ns, 107.2061 ns/op
WorkloadActual  100: 2456966 op, 174901800.00 ns, 71.1861 ns/op

// AfterActualRun
WorkloadResult   1: 2456966 op, 248216800.00 ns, 101.0257 ns/op
WorkloadResult   2: 2456966 op, 144196800.00 ns, 58.6890 ns/op
WorkloadResult   3: 2456966 op, 248500600.00 ns, 101.1412 ns/op
WorkloadResult   4: 2456966 op, 246902200.00 ns, 100.4907 ns/op
WorkloadResult   5: 2456966 op, 248800000.00 ns, 101.2631 ns/op
WorkloadResult   6: 2456966 op, 256055800.00 ns, 104.2163 ns/op
WorkloadResult   7: 2456966 op, 249390100.00 ns, 101.5033 ns/op
WorkloadResult   8: 2456966 op, 252957700.00 ns, 102.9553 ns/op
WorkloadResult   9: 2456966 op, 257286100.00 ns, 104.7170 ns/op
WorkloadResult  10: 2456966 op, 151232100.00 ns, 61.5524 ns/op
WorkloadResult  11: 2456966 op, 257877200.00 ns, 104.9576 ns/op
WorkloadResult  12: 2456966 op, 233755700.00 ns, 95.1400 ns/op
WorkloadResult  13: 2456966 op, 267655900.00 ns, 108.9376 ns/op
WorkloadResult  14: 2456966 op, 145374400.00 ns, 59.1683 ns/op
WorkloadResult  15: 2456966 op, 248734100.00 ns, 101.2363 ns/op
WorkloadResult  16: 2456966 op, 193340900.00 ns, 78.6909 ns/op
WorkloadResult  17: 2456966 op, 256640100.00 ns, 104.4541 ns/op
WorkloadResult  18: 2456966 op, 150259200.00 ns, 61.1564 ns/op
WorkloadResult  19: 2456966 op, 255723600.00 ns, 104.0810 ns/op
WorkloadResult  20: 2456966 op, 254983200.00 ns, 103.7797 ns/op
WorkloadResult  21: 2456966 op, 251350800.00 ns, 102.3013 ns/op
WorkloadResult  22: 2456966 op, 144887400.00 ns, 58.9700 ns/op
WorkloadResult  23: 2456966 op, 248750100.00 ns, 101.2428 ns/op
WorkloadResult  24: 2456966 op, 144535300.00 ns, 58.8267 ns/op
WorkloadResult  25: 2456966 op, 250013800.00 ns, 101.7571 ns/op
WorkloadResult  26: 2456966 op, 174911400.00 ns, 71.1900 ns/op
WorkloadResult  27: 2456966 op, 249219700.00 ns, 101.4339 ns/op
WorkloadResult  28: 2456966 op, 254022300.00 ns, 103.3886 ns/op
WorkloadResult  29: 2456966 op, 261444400.00 ns, 106.4094 ns/op
WorkloadResult  30: 2456966 op, 156263500.00 ns, 63.6002 ns/op
WorkloadResult  31: 2456966 op, 249582000.00 ns, 101.5814 ns/op
WorkloadResult  32: 2456966 op, 144514200.00 ns, 58.8182 ns/op
WorkloadResult  33: 2456966 op, 261191400.00 ns, 106.3065 ns/op
WorkloadResult  34: 2456966 op, 149104000.00 ns, 60.6862 ns/op
WorkloadResult  35: 2456966 op, 248970000.00 ns, 101.3323 ns/op
WorkloadResult  36: 2456966 op, 157306200.00 ns, 64.0246 ns/op
WorkloadResult  37: 2456966 op, 251532800.00 ns, 102.3754 ns/op
WorkloadResult  38: 2456966 op, 238634000.00 ns, 97.1255 ns/op
WorkloadResult  39: 2456966 op, 260133300.00 ns, 105.8758 ns/op
WorkloadResult  40: 2456966 op, 145454300.00 ns, 59.2008 ns/op
WorkloadResult  41: 2456966 op, 248599600.00 ns, 101.1815 ns/op
WorkloadResult  42: 2456966 op, 148421200.00 ns, 60.4083 ns/op
WorkloadResult  43: 2456966 op, 250937000.00 ns, 102.1329 ns/op
WorkloadResult  44: 2456966 op, 146545400.00 ns, 59.6449 ns/op
WorkloadResult  45: 2456966 op, 248534300.00 ns, 101.1550 ns/op
WorkloadResult  46: 2456966 op, 205730600.00 ns, 83.7336 ns/op
WorkloadResult  47: 2456966 op, 247641500.00 ns, 100.7916 ns/op
WorkloadResult  48: 2456966 op, 145725000.00 ns, 59.3110 ns/op
WorkloadResult  49: 2456966 op, 250710400.00 ns, 102.0406 ns/op
WorkloadResult  50: 2456966 op, 252099000.00 ns, 102.6058 ns/op
WorkloadResult  51: 2456966 op, 249428300.00 ns, 101.5188 ns/op
WorkloadResult  52: 2456966 op, 144667400.00 ns, 58.8805 ns/op
WorkloadResult  53: 2456966 op, 250448800.00 ns, 101.9342 ns/op
WorkloadResult  54: 2456966 op, 144337900.00 ns, 58.7464 ns/op
WorkloadResult  55: 2456966 op, 248951600.00 ns, 101.3248 ns/op
WorkloadResult  56: 2456966 op, 234148000.00 ns, 95.2997 ns/op
WorkloadResult  57: 2456966 op, 265593000.00 ns, 108.0980 ns/op
WorkloadResult  58: 2456966 op, 145520700.00 ns, 59.2278 ns/op
WorkloadResult  59: 2456966 op, 250636300.00 ns, 102.0105 ns/op
WorkloadResult  60: 2456966 op, 153491100.00 ns, 62.4718 ns/op
WorkloadResult  61: 2456966 op, 244230400.00 ns, 99.4032 ns/op
WorkloadResult  62: 2456966 op, 197174200.00 ns, 80.2511 ns/op
WorkloadResult  63: 2456966 op, 250682900.00 ns, 102.0295 ns/op
WorkloadResult  64: 2456966 op, 178042900.00 ns, 72.4645 ns/op
WorkloadResult  65: 2456966 op, 249187300.00 ns, 101.4207 ns/op
WorkloadResult  66: 2456966 op, 209322000.00 ns, 85.1953 ns/op
WorkloadResult  67: 2456966 op, 254463400.00 ns, 103.5681 ns/op
WorkloadResult  68: 2456966 op, 252185700.00 ns, 102.6411 ns/op
WorkloadResult  69: 2456966 op, 251749600.00 ns, 102.4636 ns/op
WorkloadResult  70: 2456966 op, 146780800.00 ns, 59.7407 ns/op
WorkloadResult  71: 2456966 op, 252422200.00 ns, 102.7374 ns/op
WorkloadResult  72: 2456966 op, 227963000.00 ns, 92.7823 ns/op
WorkloadResult  73: 2456966 op, 242401000.00 ns, 98.6587 ns/op
WorkloadResult  74: 2456966 op, 157119800.00 ns, 63.9487 ns/op
WorkloadResult  75: 2456966 op, 251803900.00 ns, 102.4857 ns/op
WorkloadResult  76: 2456966 op, 146860300.00 ns, 59.7730 ns/op
WorkloadResult  77: 2456966 op, 249836800.00 ns, 101.6851 ns/op
WorkloadResult  78: 2456966 op, 154444300.00 ns, 62.8598 ns/op
WorkloadResult  79: 2456966 op, 245914400.00 ns, 100.0886 ns/op
WorkloadResult  80: 2456966 op, 165618700.00 ns, 67.4078 ns/op
WorkloadResult  81: 2456966 op, 250938700.00 ns, 102.1336 ns/op
WorkloadResult  82: 2456966 op, 252387900.00 ns, 102.7234 ns/op
WorkloadResult  83: 2456966 op, 251692000.00 ns, 102.4402 ns/op
WorkloadResult  84: 2456966 op, 181777000.00 ns, 73.9843 ns/op
WorkloadResult  85: 2456966 op, 250793300.00 ns, 102.0744 ns/op
WorkloadResult  86: 2456966 op, 200522600.00 ns, 81.6139 ns/op
WorkloadResult  87: 2456966 op, 250389500.00 ns, 101.9100 ns/op
WorkloadResult  88: 2456966 op, 252503300.00 ns, 102.7704 ns/op
WorkloadResult  89: 2456966 op, 251612700.00 ns, 102.4079 ns/op
WorkloadResult  90: 2456966 op, 153299200.00 ns, 62.3937 ns/op
WorkloadResult  91: 2456966 op, 251049100.00 ns, 102.1785 ns/op
WorkloadResult  92: 2456966 op, 154436600.00 ns, 62.8566 ns/op
WorkloadResult  93: 2456966 op, 248584500.00 ns, 101.1754 ns/op
WorkloadResult  94: 2456966 op, 145663700.00 ns, 59.2860 ns/op
WorkloadResult  95: 2456966 op, 249517000.00 ns, 101.5549 ns/op
WorkloadResult  96: 2456966 op, 196845800.00 ns, 80.1174 ns/op
WorkloadResult  97: 2456966 op, 249241600.00 ns, 101.4428 ns/op
WorkloadResult  98: 2456966 op, 250534700.00 ns, 101.9691 ns/op
WorkloadResult  99: 2456966 op, 263401700.00 ns, 107.2061 ns/op
WorkloadResult  100: 2456966 op, 174901800.00 ns, 71.1861 ns/op
// GC:  164 0 0 1375900960 2456966
// Threading:  0 0 2456966

// AfterAll
// Benchmark Process 14812 has exited with code 0.

Mean = 88.931 ns, StdErr = 1.843 ns (2.07%), N = 100, StdDev = 18.433 ns
Min = 58.689 ns, Q1 = 66.562 ns, Median = 101.209 ns, Q3 = 102.320 ns, Max = 108.938 ns
IQR = 35.758 ns, LowerFence = 12.925 ns, UpperFence = 155.957 ns
ConfidenceInterval = [82.680 ns; 95.183 ns] (CI 99.9%), Margin = 6.251 ns (7.03% of Mean)
Skewness = -0.71, Kurtosis = 1.69, MValue = 2.81

// ** Remained 82 (96.5%) benchmark(s) to run. Estimated finish 2026-02-06 8:38 (0h 35m from now) **
Setup power plan (GUID: 8c5e7fda-e8bf-4a96-9a85-a6e23a8c635c FriendlyName: High performance)
// **************************
// Benchmark: Scenario1.E_Rascal_Result_Ok: .NET 10.0(Runtime=.NET 10.0, IterationTime=250ms) [Iterations=10]
// *** Execute ***
// Launch: 1 / 1
// Execute: dotnet Enumerations.Options.Benchmarks-1.dll --anonymousPipes 1972 1944 --benchmarkName "ReillyDigital.Enumerations.Options.Benchmarks.Scenarios.Scenario1.E_Rascal_Result_Ok(Iterations: 10)" --job ".NET 10.0" --benchmarkId 3 in D:\x\devs\reilly-digital\dotnet\enumerations.options.benchmarks\bin\Debug\net10.0\Enumerations.Options.Benchmarks-1\bin\Release\net10.0
// BeforeAnythingElse

// Benchmark Process Environment Information:
// BenchmarkDotNet v0.15.8
// Runtime=.NET 10.0.2 (10.0.2, 10.0.225.61305), X64 RyuJIT x86-64-v3
// GC=Concurrent Workstation
// HardwareIntrinsics=AVX2+BMI1+BMI2+F16C+FMA+LZCNT+MOVBE,AVX,SSE3+SSSE3+SSE4.1+SSE4.2+POPCNT,X86Base+SSE+SSE2,AES+PCLMUL VectorSize=256
// Job: .NET 10.0(IterationTime=250ms)

OverheadJitting  1: 1 op, 109500.00 ns, 109.5000 us/op
WorkloadJitting  1: 1 op, 564500.00 ns, 564.5000 us/op

OverheadJitting  2: 16 op, 296300.00 ns, 18.5188 us/op
WorkloadJitting  2: 16 op, 190500.00 ns, 11.9063 us/op

WorkloadPilot    1: 16 op, 2600.00 ns, 162.5000 ns/op
WorkloadPilot    2: 1538464 op, 173849200.00 ns, 113.0018 ns/op
WorkloadPilot    3: 2212368 op, 38004400.00 ns, 17.1782 ns/op
WorkloadPilot    4: 14553376 op, 65223400.00 ns, 4.4817 ns/op
WorkloadPilot    5: 55782816 op, 255273000.00 ns, 4.5762 ns/op
WorkloadPilot    6: 54630560 op, 270564000.00 ns, 4.9526 ns/op
WorkloadPilot    7: 50478416 op, 247644000.00 ns, 4.9059 ns/op
WorkloadPilot    8: 50958656 op, 250125900.00 ns, 4.9084 ns/op

OverheadWarmup   1: 50958656 op, 137022000.00 ns, 2.6889 ns/op
OverheadWarmup   2: 50958656 op, 107266500.00 ns, 2.1050 ns/op
OverheadWarmup   3: 50958656 op, 77208700.00 ns, 1.5151 ns/op
OverheadWarmup   4: 50958656 op, 76182300.00 ns, 1.4950 ns/op
OverheadWarmup   5: 50958656 op, 77144700.00 ns, 1.5139 ns/op
OverheadWarmup   6: 50958656 op, 76068300.00 ns, 1.4927 ns/op
OverheadWarmup   7: 50958656 op, 76106500.00 ns, 1.4935 ns/op
OverheadWarmup   8: 50958656 op, 76189200.00 ns, 1.4951 ns/op
OverheadWarmup   9: 50958656 op, 76017500.00 ns, 1.4917 ns/op

OverheadActual   1: 50958656 op, 76366000.00 ns, 1.4986 ns/op
OverheadActual   2: 50958656 op, 77506100.00 ns, 1.5210 ns/op
OverheadActual   3: 50958656 op, 77389000.00 ns, 1.5187 ns/op
OverheadActual   4: 50958656 op, 77329500.00 ns, 1.5175 ns/op
OverheadActual   5: 50958656 op, 77758600.00 ns, 1.5259 ns/op
OverheadActual   6: 50958656 op, 76137000.00 ns, 1.4941 ns/op
OverheadActual   7: 50958656 op, 76007300.00 ns, 1.4915 ns/op
OverheadActual   8: 50958656 op, 75933600.00 ns, 1.4901 ns/op
OverheadActual   9: 50958656 op, 76010600.00 ns, 1.4916 ns/op
OverheadActual  10: 50958656 op, 75930100.00 ns, 1.4900 ns/op
OverheadActual  11: 50958656 op, 77012600.00 ns, 1.5113 ns/op
OverheadActual  12: 50958656 op, 75959500.00 ns, 1.4906 ns/op
OverheadActual  13: 50958656 op, 76382100.00 ns, 1.4989 ns/op
OverheadActual  14: 50958656 op, 76324000.00 ns, 1.4978 ns/op
OverheadActual  15: 50958656 op, 76148300.00 ns, 1.4943 ns/op

WorkloadWarmup   1: 50958656 op, 243486100.00 ns, 4.7781 ns/op
WorkloadWarmup   2: 50958656 op, 243745800.00 ns, 4.7832 ns/op
WorkloadWarmup   3: 50958656 op, 258448400.00 ns, 5.0717 ns/op
WorkloadWarmup   4: 50958656 op, 254860100.00 ns, 5.0013 ns/op
WorkloadWarmup   5: 50958656 op, 238964400.00 ns, 4.6894 ns/op
WorkloadWarmup   6: 50958656 op, 240750500.00 ns, 4.7244 ns/op
WorkloadWarmup   7: 50958656 op, 248261100.00 ns, 4.8718 ns/op
WorkloadWarmup   8: 50958656 op, 254047100.00 ns, 4.9854 ns/op
WorkloadWarmup   9: 50958656 op, 266520400.00 ns, 5.2301 ns/op
WorkloadWarmup  10: 50958656 op, 247854900.00 ns, 4.8638 ns/op

// BeforeActualRun
WorkloadActual   1: 50958656 op, 262410700.00 ns, 5.1495 ns/op
WorkloadActual   2: 50958656 op, 262569300.00 ns, 5.1526 ns/op
WorkloadActual   3: 50958656 op, 248496300.00 ns, 4.8764 ns/op
WorkloadActual   4: 50958656 op, 250548800.00 ns, 4.9167 ns/op
WorkloadActual   5: 50958656 op, 233842400.00 ns, 4.5889 ns/op
WorkloadActual   6: 50958656 op, 239313900.00 ns, 4.6962 ns/op
WorkloadActual   7: 50958656 op, 239085800.00 ns, 4.6918 ns/op
WorkloadActual   8: 50958656 op, 255070900.00 ns, 5.0054 ns/op
WorkloadActual   9: 50958656 op, 234766000.00 ns, 4.6070 ns/op
WorkloadActual  10: 50958656 op, 231068100.00 ns, 4.5344 ns/op
WorkloadActual  11: 50958656 op, 256541900.00 ns, 5.0343 ns/op
WorkloadActual  12: 50958656 op, 251435400.00 ns, 4.9341 ns/op
WorkloadActual  13: 50958656 op, 235434200.00 ns, 4.6201 ns/op
WorkloadActual  14: 50958656 op, 242509100.00 ns, 4.7589 ns/op
WorkloadActual  15: 50958656 op, 241966700.00 ns, 4.7483 ns/op
WorkloadActual  16: 50958656 op, 243548300.00 ns, 4.7793 ns/op
WorkloadActual  17: 50958656 op, 248995100.00 ns, 4.8862 ns/op
WorkloadActual  18: 50958656 op, 239876000.00 ns, 4.7073 ns/op
WorkloadActual  19: 50958656 op, 264611400.00 ns, 5.1927 ns/op
WorkloadActual  20: 50958656 op, 262027500.00 ns, 5.1420 ns/op
WorkloadActual  21: 50958656 op, 257086900.00 ns, 5.0450 ns/op
WorkloadActual  22: 50958656 op, 245590800.00 ns, 4.8194 ns/op
WorkloadActual  23: 50958656 op, 262072700.00 ns, 5.1428 ns/op
WorkloadActual  24: 50958656 op, 260151900.00 ns, 5.1052 ns/op
WorkloadActual  25: 50958656 op, 270320100.00 ns, 5.3047 ns/op
WorkloadActual  26: 50958656 op, 253872000.00 ns, 4.9819 ns/op
WorkloadActual  27: 50958656 op, 258986200.00 ns, 5.0823 ns/op
WorkloadActual  28: 50958656 op, 255695100.00 ns, 5.0177 ns/op
WorkloadActual  29: 50958656 op, 271477100.00 ns, 5.3274 ns/op
WorkloadActual  30: 50958656 op, 249195800.00 ns, 4.8902 ns/op
WorkloadActual  31: 50958656 op, 266715800.00 ns, 5.2340 ns/op
WorkloadActual  32: 50958656 op, 256856200.00 ns, 5.0405 ns/op
WorkloadActual  33: 50958656 op, 253904500.00 ns, 4.9826 ns/op
WorkloadActual  34: 50958656 op, 239360700.00 ns, 4.6972 ns/op
WorkloadActual  35: 50958656 op, 245531900.00 ns, 4.8183 ns/op
WorkloadActual  36: 50958656 op, 233217100.00 ns, 4.5766 ns/op
WorkloadActual  37: 50958656 op, 246230400.00 ns, 4.8320 ns/op
WorkloadActual  38: 50958656 op, 252417600.00 ns, 4.9534 ns/op
WorkloadActual  39: 50958656 op, 245185900.00 ns, 4.8115 ns/op
WorkloadActual  40: 50958656 op, 241299900.00 ns, 4.7352 ns/op
WorkloadActual  41: 50958656 op, 231348300.00 ns, 4.5399 ns/op
WorkloadActual  42: 50958656 op, 235849100.00 ns, 4.6282 ns/op
WorkloadActual  43: 50958656 op, 234951900.00 ns, 4.6106 ns/op
WorkloadActual  44: 50958656 op, 250848400.00 ns, 4.9226 ns/op
WorkloadActual  45: 50958656 op, 236626300.00 ns, 4.6435 ns/op
WorkloadActual  46: 50958656 op, 232524100.00 ns, 4.5630 ns/op
WorkloadActual  47: 50958656 op, 231923300.00 ns, 4.5512 ns/op
WorkloadActual  48: 50958656 op, 242649000.00 ns, 4.7617 ns/op
WorkloadActual  49: 50958656 op, 243348900.00 ns, 4.7754 ns/op
WorkloadActual  50: 50958656 op, 242627500.00 ns, 4.7613 ns/op
WorkloadActual  51: 50958656 op, 241356400.00 ns, 4.7363 ns/op
WorkloadActual  52: 50958656 op, 239882000.00 ns, 4.7074 ns/op
WorkloadActual  53: 50958656 op, 233570700.00 ns, 4.5835 ns/op
WorkloadActual  54: 50958656 op, 240355900.00 ns, 4.7167 ns/op
WorkloadActual  55: 50958656 op, 236209200.00 ns, 4.6353 ns/op
WorkloadActual  56: 50958656 op, 236336400.00 ns, 4.6378 ns/op
WorkloadActual  57: 50958656 op, 231654800.00 ns, 4.5459 ns/op
WorkloadActual  58: 50958656 op, 232285600.00 ns, 4.5583 ns/op
WorkloadActual  59: 50958656 op, 235778200.00 ns, 4.6269 ns/op
WorkloadActual  60: 50958656 op, 231635100.00 ns, 4.5455 ns/op
WorkloadActual  61: 50958656 op, 242605800.00 ns, 4.7608 ns/op

// AfterActualRun
WorkloadResult   1: 50958656 op, 186086700.00 ns, 3.6517 ns/op
WorkloadResult   2: 50958656 op, 186245300.00 ns, 3.6548 ns/op
WorkloadResult   3: 50958656 op, 172172300.00 ns, 3.3787 ns/op
WorkloadResult   4: 50958656 op, 174224800.00 ns, 3.4189 ns/op
WorkloadResult   5: 50958656 op, 157518400.00 ns, 3.0911 ns/op
WorkloadResult   6: 50958656 op, 162989900.00 ns, 3.1985 ns/op
WorkloadResult   7: 50958656 op, 162761800.00 ns, 3.1940 ns/op
WorkloadResult   8: 50958656 op, 178746900.00 ns, 3.5077 ns/op
WorkloadResult   9: 50958656 op, 158442000.00 ns, 3.1092 ns/op
WorkloadResult  10: 50958656 op, 154744100.00 ns, 3.0367 ns/op
WorkloadResult  11: 50958656 op, 180217900.00 ns, 3.5366 ns/op
WorkloadResult  12: 50958656 op, 175111400.00 ns, 3.4363 ns/op
WorkloadResult  13: 50958656 op, 159110200.00 ns, 3.1223 ns/op
WorkloadResult  14: 50958656 op, 166185100.00 ns, 3.2612 ns/op
WorkloadResult  15: 50958656 op, 165642700.00 ns, 3.2505 ns/op
WorkloadResult  16: 50958656 op, 167224300.00 ns, 3.2816 ns/op
WorkloadResult  17: 50958656 op, 172671100.00 ns, 3.3885 ns/op
WorkloadResult  18: 50958656 op, 163552000.00 ns, 3.2095 ns/op
WorkloadResult  19: 50958656 op, 188287400.00 ns, 3.6949 ns/op
WorkloadResult  20: 50958656 op, 185703500.00 ns, 3.6442 ns/op
WorkloadResult  21: 50958656 op, 180762900.00 ns, 3.5472 ns/op
WorkloadResult  22: 50958656 op, 169266800.00 ns, 3.3216 ns/op
WorkloadResult  23: 50958656 op, 185748700.00 ns, 3.6451 ns/op
WorkloadResult  24: 50958656 op, 183827900.00 ns, 3.6074 ns/op
WorkloadResult  25: 50958656 op, 193996100.00 ns, 3.8069 ns/op
WorkloadResult  26: 50958656 op, 177548000.00 ns, 3.4842 ns/op
WorkloadResult  27: 50958656 op, 182662200.00 ns, 3.5845 ns/op
WorkloadResult  28: 50958656 op, 179371100.00 ns, 3.5199 ns/op
WorkloadResult  29: 50958656 op, 195153100.00 ns, 3.8296 ns/op
WorkloadResult  30: 50958656 op, 172871800.00 ns, 3.3924 ns/op
WorkloadResult  31: 50958656 op, 190391800.00 ns, 3.7362 ns/op
WorkloadResult  32: 50958656 op, 180532200.00 ns, 3.5427 ns/op
WorkloadResult  33: 50958656 op, 177580500.00 ns, 3.4848 ns/op
WorkloadResult  34: 50958656 op, 163036700.00 ns, 3.1994 ns/op
WorkloadResult  35: 50958656 op, 169207900.00 ns, 3.3205 ns/op
WorkloadResult  36: 50958656 op, 156893100.00 ns, 3.0788 ns/op
WorkloadResult  37: 50958656 op, 169906400.00 ns, 3.3342 ns/op
WorkloadResult  38: 50958656 op, 176093600.00 ns, 3.4556 ns/op
WorkloadResult  39: 50958656 op, 168861900.00 ns, 3.3137 ns/op
WorkloadResult  40: 50958656 op, 164975900.00 ns, 3.2374 ns/op
WorkloadResult  41: 50958656 op, 155024300.00 ns, 3.0422 ns/op
WorkloadResult  42: 50958656 op, 159525100.00 ns, 3.1305 ns/op
WorkloadResult  43: 50958656 op, 158627900.00 ns, 3.1129 ns/op
WorkloadResult  44: 50958656 op, 174524400.00 ns, 3.4248 ns/op
WorkloadResult  45: 50958656 op, 160302300.00 ns, 3.1457 ns/op
WorkloadResult  46: 50958656 op, 156200100.00 ns, 3.0652 ns/op
WorkloadResult  47: 50958656 op, 155599300.00 ns, 3.0534 ns/op
WorkloadResult  48: 50958656 op, 166325000.00 ns, 3.2639 ns/op
WorkloadResult  49: 50958656 op, 167024900.00 ns, 3.2777 ns/op
WorkloadResult  50: 50958656 op, 166303500.00 ns, 3.2635 ns/op
WorkloadResult  51: 50958656 op, 165032400.00 ns, 3.2386 ns/op
WorkloadResult  52: 50958656 op, 163558000.00 ns, 3.2096 ns/op
WorkloadResult  53: 50958656 op, 157246700.00 ns, 3.0858 ns/op
WorkloadResult  54: 50958656 op, 164031900.00 ns, 3.2189 ns/op
WorkloadResult  55: 50958656 op, 159885200.00 ns, 3.1375 ns/op
WorkloadResult  56: 50958656 op, 160012400.00 ns, 3.1400 ns/op
WorkloadResult  57: 50958656 op, 155330800.00 ns, 3.0482 ns/op
WorkloadResult  58: 50958656 op, 155961600.00 ns, 3.0606 ns/op
WorkloadResult  59: 50958656 op, 159454200.00 ns, 3.1291 ns/op
WorkloadResult  60: 50958656 op, 155311100.00 ns, 3.0478 ns/op
WorkloadResult  61: 50958656 op, 166281800.00 ns, 3.2631 ns/op
// GC:  0 0 0 0 50958656
// Threading:  0 0 50958656

// AfterAll
// Benchmark Process 2368 has exited with code 0.

Mean = 3.326 ns, StdErr = 0.028 ns (0.83%), N = 61, StdDev = 0.217 ns
Min = 3.037 ns, Q1 = 3.138 ns, Median = 3.264 ns, Q3 = 3.485 ns, Max = 3.830 ns
IQR = 0.347 ns, LowerFence = 2.617 ns, UpperFence = 4.006 ns
ConfidenceInterval = [3.230 ns; 3.422 ns] (CI 99.9%), Margin = 0.096 ns (2.89% of Mean)
Skewness = 0.53, Kurtosis = 2.19, MValue = 2.84

// ** Remained 81 (95.3%) benchmark(s) to run. Estimated finish 2026-02-06 8:36 (0h 33m from now) **
Setup power plan (GUID: 8c5e7fda-e8bf-4a96-9a85-a6e23a8c635c FriendlyName: High performance)
// **************************
// Benchmark: Scenario1.D_SimpleResults_Result_Ok: .NET 10.0(Runtime=.NET 10.0, IterationTime=250ms) [Iterations=10]
// *** Execute ***
// Launch: 1 / 1
// Execute: dotnet Enumerations.Options.Benchmarks-1.dll --anonymousPipes 1892 1208 --benchmarkName "ReillyDigital.Enumerations.Options.Benchmarks.Scenarios.Scenario1.D_SimpleResults_Result_Ok(Iterations: 10)" --job ".NET 10.0" --benchmarkId 4 in D:\x\devs\reilly-digital\dotnet\enumerations.options.benchmarks\bin\Debug\net10.0\Enumerations.Options.Benchmarks-1\bin\Release\net10.0
// BeforeAnythingElse

// Benchmark Process Environment Information:
// BenchmarkDotNet v0.15.8
// Runtime=.NET 10.0.2 (10.0.2, 10.0.225.61305), X64 RyuJIT x86-64-v3
// GC=Concurrent Workstation
// HardwareIntrinsics=AVX2+BMI1+BMI2+F16C+FMA+LZCNT+MOVBE,AVX,SSE3+SSSE3+SSE4.1+SSE4.2+POPCNT,X86Base+SSE+SSE2,AES+PCLMUL VectorSize=256
// Job: .NET 10.0(IterationTime=250ms)

OverheadJitting  1: 1 op, 104800.00 ns, 104.8000 us/op
WorkloadJitting  1: 1 op, 52167000.00 ns, 52.1670 ms/op

WorkloadPilot    1: 4 op, 10800.00 ns, 2.7000 us/op
WorkloadPilot    2: 92593 op, 185727600.00 ns, 2.0058 us/op
WorkloadPilot    3: 124635 op, 83215500.00 ns, 667.6736 ns/op
WorkloadPilot    4: 374434 op, 238174900.00 ns, 636.0931 ns/op
WorkloadPilot    5: 393024 op, 247942300.00 ns, 630.8579 ns/op
WorkloadPilot    6: 396286 op, 251654900.00 ns, 635.0335 ns/op
WorkloadPilot    7: 393680 op, 252011800.00 ns, 640.1438 ns/op
WorkloadPilot    8: 390537 op, 247358000.00 ns, 633.3792 ns/op
WorkloadPilot    9: 394708 op, 251524700.00 ns, 637.2425 ns/op

WorkloadWarmup   1: 394708 op, 250410400.00 ns, 634.4194 ns/op
WorkloadWarmup   2: 394708 op, 252362000.00 ns, 639.3638 ns/op
WorkloadWarmup   3: 394708 op, 252143800.00 ns, 638.8110 ns/op
WorkloadWarmup   4: 394708 op, 251786900.00 ns, 637.9068 ns/op
WorkloadWarmup   5: 394708 op, 251859800.00 ns, 638.0914 ns/op
WorkloadWarmup   6: 394708 op, 251831600.00 ns, 638.0200 ns/op

// BeforeActualRun
WorkloadActual   1: 394708 op, 257780000.00 ns, 653.0904 ns/op
WorkloadActual   2: 394708 op, 253099600.00 ns, 641.2325 ns/op
WorkloadActual   3: 394708 op, 249358600.00 ns, 631.7546 ns/op
WorkloadActual   4: 394708 op, 251609100.00 ns, 637.4563 ns/op
WorkloadActual   5: 394708 op, 251617100.00 ns, 637.4766 ns/op
WorkloadActual   6: 394708 op, 249922000.00 ns, 633.1820 ns/op
WorkloadActual   7: 394708 op, 250921700.00 ns, 635.7148 ns/op
WorkloadActual   8: 394708 op, 249763000.00 ns, 632.7792 ns/op
WorkloadActual   9: 394708 op, 253761900.00 ns, 642.9105 ns/op
WorkloadActual  10: 394708 op, 251458800.00 ns, 637.0755 ns/op
WorkloadActual  11: 394708 op, 265914900.00 ns, 673.7003 ns/op
WorkloadActual  12: 394708 op, 249716100.00 ns, 632.6603 ns/op
WorkloadActual  13: 394708 op, 252785900.00 ns, 640.4377 ns/op
WorkloadActual  14: 394708 op, 250730700.00 ns, 635.2309 ns/op
WorkloadActual  15: 394708 op, 250050900.00 ns, 633.5086 ns/op

// AfterActualRun
WorkloadResult   1: 394708 op, 253099600.00 ns, 641.2325 ns/op
WorkloadResult   2: 394708 op, 249358600.00 ns, 631.7546 ns/op
WorkloadResult   3: 394708 op, 251609100.00 ns, 637.4563 ns/op
WorkloadResult   4: 394708 op, 251617100.00 ns, 637.4766 ns/op
WorkloadResult   5: 394708 op, 249922000.00 ns, 633.1820 ns/op
WorkloadResult   6: 394708 op, 250921700.00 ns, 635.7148 ns/op
WorkloadResult   7: 394708 op, 249763000.00 ns, 632.7792 ns/op
WorkloadResult   8: 394708 op, 253761900.00 ns, 642.9105 ns/op
WorkloadResult   9: 394708 op, 251458800.00 ns, 637.0755 ns/op
WorkloadResult  10: 394708 op, 249716100.00 ns, 632.6603 ns/op
WorkloadResult  11: 394708 op, 252785900.00 ns, 640.4377 ns/op
WorkloadResult  12: 394708 op, 250730700.00 ns, 635.2309 ns/op
WorkloadResult  13: 394708 op, 250050900.00 ns, 633.5086 ns/op
// GC:  18 0 0 157883200 394708
// Threading:  0 0 394708

// AfterAll
// Benchmark Process 15176 has exited with code 0.

Mean = 636.263 ns, StdErr = 0.993 ns (0.16%), N = 13, StdDev = 3.580 ns
Min = 631.755 ns, Q1 = 633.182 ns, Median = 635.715 ns, Q3 = 637.477 ns, Max = 642.910 ns
IQR = 4.295 ns, LowerFence = 626.740 ns, UpperFence = 643.918 ns
ConfidenceInterval = [631.976 ns; 640.550 ns] (CI 99.9%), Margin = 4.287 ns (0.67% of Mean)
Skewness = 0.44, Kurtosis = 1.76, MValue = 2

// ** Remained 80 (94.1%) benchmark(s) to run. Estimated finish 2026-02-06 8:31 (0h 28m from now) **
Setup power plan (GUID: 8c5e7fda-e8bf-4a96-9a85-a6e23a8c635c FriendlyName: High performance)
// **************************
// Benchmark: Scenario1.C_ArdalisResult_Result_OkTValue: .NET 10.0(Runtime=.NET 10.0, IterationTime=250ms) [Iterations=10]
// *** Execute ***
// Launch: 1 / 1
// Execute: dotnet Enumerations.Options.Benchmarks-1.dll --anonymousPipes 1812 1944 --benchmarkName "ReillyDigital.Enumerations.Options.Benchmarks.Scenarios.Scenario1.C_ArdalisResult_Result_OkTValue(Iterations: 10)" --job ".NET 10.0" --benchmarkId 5 in D:\x\devs\reilly-digital\dotnet\enumerations.options.benchmarks\bin\Debug\net10.0\Enumerations.Options.Benchmarks-1\bin\Release\net10.0
// BeforeAnythingElse

// Benchmark Process Environment Information:
// BenchmarkDotNet v0.15.8
// Runtime=.NET 10.0.2 (10.0.2, 10.0.225.61305), X64 RyuJIT x86-64-v3
// GC=Concurrent Workstation
// HardwareIntrinsics=AVX2+BMI1+BMI2+F16C+FMA+LZCNT+MOVBE,AVX,SSE3+SSSE3+SSE4.1+SSE4.2+POPCNT,X86Base+SSE+SSE2,AES+PCLMUL VectorSize=256
// Job: .NET 10.0(IterationTime=250ms)

OverheadJitting  1: 1 op, 110300.00 ns, 110.3000 us/op
WorkloadJitting  1: 1 op, 1091300.00 ns, 1.0913 ms/op

OverheadJitting  2: 16 op, 148800.00 ns, 9.3000 us/op
WorkloadJitting  2: 16 op, 313200.00 ns, 19.5750 us/op

WorkloadPilot    1: 16 op, 6000.00 ns, 375.0000 ns/op
WorkloadPilot    2: 666672 op, 133299600.00 ns, 199.9478 ns/op
WorkloadPilot    3: 1250336 op, 76043400.00 ns, 60.8184 ns/op
WorkloadPilot    4: 4110608 op, 246761500.00 ns, 60.0304 ns/op
WorkloadPilot    5: 4164560 op, 201251900.00 ns, 48.3249 ns/op
WorkloadPilot    6: 5173328 op, 325104100.00 ns, 62.8424 ns/op
WorkloadPilot    7: 3978224 op, 193172800.00 ns, 48.5575 ns/op
WorkloadPilot    8: 5148544 op, 255031600.00 ns, 49.5347 ns/op
WorkloadPilot    9: 5046976 op, 247368500.00 ns, 49.0132 ns/op
WorkloadPilot   10: 5100672 op, 305726200.00 ns, 59.9384 ns/op

OverheadWarmup   1: 5100672 op, 12538700.00 ns, 2.4582 ns/op
OverheadWarmup   2: 5100672 op, 13244700.00 ns, 2.5967 ns/op
OverheadWarmup   3: 5100672 op, 12868900.00 ns, 2.5230 ns/op
OverheadWarmup   4: 5100672 op, 13222800.00 ns, 2.5924 ns/op
OverheadWarmup   5: 5100672 op, 13137200.00 ns, 2.5756 ns/op

OverheadActual   1: 5100672 op, 12834800.00 ns, 2.5163 ns/op
OverheadActual   2: 5100672 op, 12946900.00 ns, 2.5383 ns/op
OverheadActual   3: 5100672 op, 12936900.00 ns, 2.5363 ns/op
OverheadActual   4: 5100672 op, 12767100.00 ns, 2.5030 ns/op
OverheadActual   5: 5100672 op, 12628500.00 ns, 2.4759 ns/op
OverheadActual   6: 5100672 op, 12909100.00 ns, 2.5309 ns/op
OverheadActual   7: 5100672 op, 12583200.00 ns, 2.4670 ns/op
OverheadActual   8: 5100672 op, 12647200.00 ns, 2.4795 ns/op
OverheadActual   9: 5100672 op, 12691500.00 ns, 2.4882 ns/op
OverheadActual  10: 5100672 op, 12620000.00 ns, 2.4742 ns/op
OverheadActual  11: 5100672 op, 12689400.00 ns, 2.4878 ns/op
OverheadActual  12: 5100672 op, 12756100.00 ns, 2.5009 ns/op
OverheadActual  13: 5100672 op, 12598400.00 ns, 2.4699 ns/op
OverheadActual  14: 5100672 op, 13120700.00 ns, 2.5723 ns/op
OverheadActual  15: 5100672 op, 12598900.00 ns, 2.4700 ns/op

WorkloadWarmup   1: 5100672 op, 252533200.00 ns, 49.5098 ns/op
WorkloadWarmup   2: 5100672 op, 249993500.00 ns, 49.0119 ns/op
WorkloadWarmup   3: 5100672 op, 245817600.00 ns, 48.1932 ns/op
WorkloadWarmup   4: 5100672 op, 243907600.00 ns, 47.8187 ns/op
WorkloadWarmup   5: 5100672 op, 245012700.00 ns, 48.0354 ns/op
WorkloadWarmup   6: 5100672 op, 245451200.00 ns, 48.1213 ns/op
WorkloadWarmup   7: 5100672 op, 249197400.00 ns, 48.8558 ns/op
WorkloadWarmup   8: 5100672 op, 246016600.00 ns, 48.2322 ns/op
WorkloadWarmup   9: 5100672 op, 248438100.00 ns, 48.7069 ns/op
WorkloadWarmup  10: 5100672 op, 252671500.00 ns, 49.5369 ns/op
WorkloadWarmup  11: 5100672 op, 249049300.00 ns, 48.8268 ns/op

// BeforeActualRun
WorkloadActual   1: 5100672 op, 305106600.00 ns, 59.8169 ns/op
WorkloadActual   2: 5100672 op, 310252500.00 ns, 60.8258 ns/op
WorkloadActual   3: 5100672 op, 321448700.00 ns, 63.0209 ns/op
WorkloadActual   4: 5100672 op, 303560500.00 ns, 59.5138 ns/op
WorkloadActual   5: 5100672 op, 306424300.00 ns, 60.0753 ns/op
WorkloadActual   6: 5100672 op, 306153700.00 ns, 60.0222 ns/op
WorkloadActual   7: 5100672 op, 303887700.00 ns, 59.5780 ns/op
WorkloadActual   8: 5100672 op, 306694200.00 ns, 60.1282 ns/op
WorkloadActual   9: 5100672 op, 305924300.00 ns, 59.9773 ns/op
WorkloadActual  10: 5100672 op, 309662600.00 ns, 60.7102 ns/op
WorkloadActual  11: 5100672 op, 308334800.00 ns, 60.4498 ns/op
WorkloadActual  12: 5100672 op, 302074800.00 ns, 59.2225 ns/op
WorkloadActual  13: 5100672 op, 303646700.00 ns, 59.5307 ns/op
WorkloadActual  14: 5100672 op, 304397700.00 ns, 59.6780 ns/op
WorkloadActual  15: 5100672 op, 300914400.00 ns, 58.9951 ns/op

// AfterActualRun
WorkloadResult   1: 5100672 op, 292415100.00 ns, 57.3287 ns/op
WorkloadResult   2: 5100672 op, 297561000.00 ns, 58.3376 ns/op
WorkloadResult   3: 5100672 op, 290869000.00 ns, 57.0256 ns/op
WorkloadResult   4: 5100672 op, 293732800.00 ns, 57.5871 ns/op
WorkloadResult   5: 5100672 op, 293462200.00 ns, 57.5340 ns/op
WorkloadResult   6: 5100672 op, 291196200.00 ns, 57.0898 ns/op
WorkloadResult   7: 5100672 op, 294002700.00 ns, 57.6400 ns/op
WorkloadResult   8: 5100672 op, 293232800.00 ns, 57.4891 ns/op
WorkloadResult   9: 5100672 op, 296971100.00 ns, 58.2220 ns/op
WorkloadResult  10: 5100672 op, 295643300.00 ns, 57.9616 ns/op
WorkloadResult  11: 5100672 op, 289383300.00 ns, 56.7343 ns/op
WorkloadResult  12: 5100672 op, 290955200.00 ns, 57.0425 ns/op
WorkloadResult  13: 5100672 op, 291706200.00 ns, 57.1898 ns/op
WorkloadResult  14: 5100672 op, 288222900.00 ns, 56.5068 ns/op
// GC:  390 0 0 3264430112 5100672
// Threading:  0 0 5100672

// AfterAll
// Benchmark Process 16548 has exited with code 0.

Mean = 57.406 ns, StdErr = 0.141 ns (0.25%), N = 14, StdDev = 0.529 ns
Min = 56.507 ns, Q1 = 57.054 ns, Median = 57.409 ns, Q3 = 57.627 ns, Max = 58.338 ns
IQR = 0.572 ns, LowerFence = 56.196 ns, UpperFence = 58.485 ns
ConfidenceInterval = [56.809 ns; 58.003 ns] (CI 99.9%), Margin = 0.597 ns (1.04% of Mean)
Skewness = 0.18, Kurtosis = 2, MValue = 2

// ** Remained 79 (92.9%) benchmark(s) to run. Estimated finish 2026-02-06 8:29 (0h 25m from now) **
Setup power plan (GUID: 8c5e7fda-e8bf-4a96-9a85-a6e23a8c635c FriendlyName: High performance)
// **************************
// Benchmark: Scenario1.A_EnumerationsOptions_Result_OkTValue: .NET 10.0(Runtime=.NET 10.0, IterationTime=250ms) [Iterations=10]
// *** Execute ***
// Launch: 1 / 1
// Execute: dotnet Enumerations.Options.Benchmarks-1.dll --anonymousPipes 1924 1648 --benchmarkName "ReillyDigital.Enumerations.Options.Benchmarks.Scenarios.Scenario1.A_EnumerationsOptions_Result_OkTValue(Iterations: 10)" --job ".NET 10.0" --benchmarkId 6 in D:\x\devs\reilly-digital\dotnet\enumerations.options.benchmarks\bin\Debug\net10.0\Enumerations.Options.Benchmarks-1\bin\Release\net10.0
// BeforeAnythingElse

// Benchmark Process Environment Information:
// BenchmarkDotNet v0.15.8
// Runtime=.NET 10.0.2 (10.0.2, 10.0.225.61305), X64 RyuJIT x86-64-v3
// GC=Concurrent Workstation
// HardwareIntrinsics=AVX2+BMI1+BMI2+F16C+FMA+LZCNT+MOVBE,AVX,SSE3+SSSE3+SSE4.1+SSE4.2+POPCNT,X86Base+SSE+SSE2,AES+PCLMUL VectorSize=256
// Job: .NET 10.0(IterationTime=250ms)

OverheadJitting  1: 1 op, 107200.00 ns, 107.2000 us/op
WorkloadJitting  1: 1 op, 1321800.00 ns, 1.3218 ms/op

OverheadJitting  2: 16 op, 166600.00 ns, 10.4125 us/op
WorkloadJitting  2: 16 op, 151800.00 ns, 9.4875 us/op

WorkloadPilot    1: 16 op, 4100.00 ns, 256.2500 ns/op
WorkloadPilot    2: 975616 op, 129299800.00 ns, 132.5314 ns/op
WorkloadPilot    3: 1886352 op, 65857300.00 ns, 34.9125 ns/op
WorkloadPilot    4: 7160768 op, 361255400.00 ns, 50.4493 ns/op
WorkloadPilot    5: 4955488 op, 163558700.00 ns, 33.0056 ns/op
WorkloadPilot    6: 7574480 op, 384543500.00 ns, 50.7683 ns/op
WorkloadPilot    7: 4924336 op, 243518300.00 ns, 49.4520 ns/op
WorkloadPilot    8: 5055408 op, 160017600.00 ns, 31.6528 ns/op
WorkloadPilot    9: 7898208 op, 259187000.00 ns, 32.8159 ns/op

OverheadWarmup   1: 7898208 op, 19885200.00 ns, 2.5177 ns/op
OverheadWarmup   2: 7898208 op, 20102500.00 ns, 2.5452 ns/op
OverheadWarmup   3: 7898208 op, 19866200.00 ns, 2.5153 ns/op
OverheadWarmup   4: 7898208 op, 19351000.00 ns, 2.4500 ns/op
OverheadWarmup   5: 7898208 op, 19387800.00 ns, 2.4547 ns/op
OverheadWarmup   6: 7898208 op, 19398900.00 ns, 2.4561 ns/op
OverheadWarmup   7: 7898208 op, 19362100.00 ns, 2.4515 ns/op

OverheadActual   1: 7898208 op, 19422800.00 ns, 2.4591 ns/op
OverheadActual   2: 7898208 op, 19381100.00 ns, 2.4539 ns/op
OverheadActual   3: 7898208 op, 19348500.00 ns, 2.4497 ns/op
OverheadActual   4: 7898208 op, 19547800.00 ns, 2.4750 ns/op
OverheadActual   5: 7898208 op, 19409300.00 ns, 2.4574 ns/op
OverheadActual   6: 7898208 op, 20870700.00 ns, 2.6425 ns/op
OverheadActual   7: 7898208 op, 20702600.00 ns, 2.6212 ns/op
OverheadActual   8: 7898208 op, 20604200.00 ns, 2.6087 ns/op
OverheadActual   9: 7898208 op, 20322800.00 ns, 2.5731 ns/op
OverheadActual  10: 7898208 op, 19621400.00 ns, 2.4843 ns/op
OverheadActual  11: 7898208 op, 19432600.00 ns, 2.4604 ns/op
OverheadActual  12: 7898208 op, 19399000.00 ns, 2.4561 ns/op
OverheadActual  13: 7898208 op, 19905600.00 ns, 2.5203 ns/op
OverheadActual  14: 7898208 op, 15286200.00 ns, 1.9354 ns/op
OverheadActual  15: 7898208 op, 12543900.00 ns, 1.5882 ns/op
OverheadActual  16: 7898208 op, 12744900.00 ns, 1.6136 ns/op
OverheadActual  17: 7898208 op, 12214800.00 ns, 1.5465 ns/op
OverheadActual  18: 7898208 op, 12297900.00 ns, 1.5570 ns/op
OverheadActual  19: 7898208 op, 11817200.00 ns, 1.4962 ns/op
OverheadActual  20: 7898208 op, 11840800.00 ns, 1.4992 ns/op

WorkloadWarmup   1: 7898208 op, 267832300.00 ns, 33.9105 ns/op
WorkloadWarmup   2: 7898208 op, 240797400.00 ns, 30.4876 ns/op
WorkloadWarmup   3: 7898208 op, 238582700.00 ns, 30.2072 ns/op
WorkloadWarmup   4: 7898208 op, 238562100.00 ns, 30.2046 ns/op
WorkloadWarmup   5: 7898208 op, 244571600.00 ns, 30.9655 ns/op
WorkloadWarmup   6: 7898208 op, 242755500.00 ns, 30.7355 ns/op
WorkloadWarmup   7: 7898208 op, 239835300.00 ns, 30.3658 ns/op
WorkloadWarmup   8: 7898208 op, 242921300.00 ns, 30.7565 ns/op
WorkloadWarmup   9: 7898208 op, 239193800.00 ns, 30.2846 ns/op

// BeforeActualRun
WorkloadActual   1: 7898208 op, 244215200.00 ns, 30.9203 ns/op
WorkloadActual   2: 7898208 op, 239226700.00 ns, 30.2887 ns/op
WorkloadActual   3: 7898208 op, 236854700.00 ns, 29.9884 ns/op
WorkloadActual   4: 7898208 op, 236821900.00 ns, 29.9843 ns/op
WorkloadActual   5: 7898208 op, 252053900.00 ns, 31.9128 ns/op
WorkloadActual   6: 7898208 op, 244711400.00 ns, 30.9832 ns/op
WorkloadActual   7: 7898208 op, 244597300.00 ns, 30.9687 ns/op
WorkloadActual   8: 7898208 op, 245977100.00 ns, 31.1434 ns/op
WorkloadActual   9: 7898208 op, 244462800.00 ns, 30.9517 ns/op
WorkloadActual  10: 7898208 op, 261915100.00 ns, 33.1613 ns/op
WorkloadActual  11: 7898208 op, 258192500.00 ns, 32.6900 ns/op
WorkloadActual  12: 7898208 op, 246971200.00 ns, 31.2693 ns/op
WorkloadActual  13: 7898208 op, 254627600.00 ns, 32.2387 ns/op
WorkloadActual  14: 7898208 op, 257601400.00 ns, 32.6152 ns/op
WorkloadActual  15: 7898208 op, 242279400.00 ns, 30.6752 ns/op
WorkloadActual  16: 7898208 op, 242727600.00 ns, 30.7320 ns/op
WorkloadActual  17: 7898208 op, 275090200.00 ns, 34.8294 ns/op
WorkloadActual  18: 7898208 op, 263884500.00 ns, 33.4107 ns/op
WorkloadActual  19: 7898208 op, 272304400.00 ns, 34.4767 ns/op
WorkloadActual  20: 7898208 op, 271663100.00 ns, 34.3955 ns/op
WorkloadActual  21: 7898208 op, 272040100.00 ns, 34.4433 ns/op
WorkloadActual  22: 7898208 op, 288969700.00 ns, 36.5867 ns/op
WorkloadActual  23: 7898208 op, 245748800.00 ns, 31.1145 ns/op
WorkloadActual  24: 7898208 op, 278244900.00 ns, 35.2289 ns/op
WorkloadActual  25: 7898208 op, 291940600.00 ns, 36.9629 ns/op
WorkloadActual  26: 7898208 op, 244098100.00 ns, 30.9055 ns/op
WorkloadActual  27: 7898208 op, 249855900.00 ns, 31.6345 ns/op
WorkloadActual  28: 7898208 op, 267427100.00 ns, 33.8592 ns/op
WorkloadActual  29: 7898208 op, 250343100.00 ns, 31.6962 ns/op
WorkloadActual  30: 7898208 op, 276930900.00 ns, 35.0625 ns/op
WorkloadActual  31: 7898208 op, 344964100.00 ns, 43.6762 ns/op
WorkloadActual  32: 7898208 op, 256847100.00 ns, 32.5197 ns/op
WorkloadActual  33: 7898208 op, 259592900.00 ns, 32.8673 ns/op
WorkloadActual  34: 7898208 op, 271849600.00 ns, 34.4191 ns/op
WorkloadActual  35: 7898208 op, 248021000.00 ns, 31.4022 ns/op
WorkloadActual  36: 7898208 op, 251962300.00 ns, 31.9012 ns/op
WorkloadActual  37: 7898208 op, 284937700.00 ns, 36.0762 ns/op
WorkloadActual  38: 7898208 op, 245048900.00 ns, 31.0259 ns/op
WorkloadActual  39: 7898208 op, 254720900.00 ns, 32.2505 ns/op
WorkloadActual  40: 7898208 op, 266808900.00 ns, 33.7809 ns/op
WorkloadActual  41: 7898208 op, 259353300.00 ns, 32.8370 ns/op
WorkloadActual  42: 7898208 op, 254775800.00 ns, 32.2574 ns/op
WorkloadActual  43: 7898208 op, 282663900.00 ns, 35.7884 ns/op
WorkloadActual  44: 7898208 op, 244035300.00 ns, 30.8976 ns/op
WorkloadActual  45: 7898208 op, 268112200.00 ns, 33.9460 ns/op
WorkloadActual  46: 7898208 op, 269102800.00 ns, 34.0714 ns/op
WorkloadActual  47: 7898208 op, 237983600.00 ns, 30.1313 ns/op
WorkloadActual  48: 7898208 op, 240287500.00 ns, 30.4230 ns/op
WorkloadActual  49: 7898208 op, 260827300.00 ns, 33.0236 ns/op
WorkloadActual  50: 7898208 op, 236273900.00 ns, 29.9149 ns/op
WorkloadActual  51: 7898208 op, 245962900.00 ns, 31.1416 ns/op
WorkloadActual  52: 7898208 op, 256144900.00 ns, 32.4308 ns/op
WorkloadActual  53: 7898208 op, 237722500.00 ns, 30.0983 ns/op
WorkloadActual  54: 7898208 op, 248314100.00 ns, 31.4393 ns/op
WorkloadActual  55: 7898208 op, 260107700.00 ns, 32.9325 ns/op
WorkloadActual  56: 7898208 op, 238372500.00 ns, 30.1806 ns/op
WorkloadActual  57: 7898208 op, 250164300.00 ns, 31.6736 ns/op
WorkloadActual  58: 7898208 op, 256223700.00 ns, 32.4407 ns/op
WorkloadActual  59: 7898208 op, 240432600.00 ns, 30.4414 ns/op
WorkloadActual  60: 7898208 op, 246599300.00 ns, 31.2222 ns/op
WorkloadActual  61: 7898208 op, 261734000.00 ns, 33.1384 ns/op
WorkloadActual  62: 7898208 op, 237790300.00 ns, 30.1069 ns/op
WorkloadActual  63: 7898208 op, 253678500.00 ns, 32.1185 ns/op
WorkloadActual  64: 7898208 op, 263978700.00 ns, 33.4226 ns/op
WorkloadActual  65: 7898208 op, 237412900.00 ns, 30.0591 ns/op
WorkloadActual  66: 7898208 op, 248853800.00 ns, 31.5076 ns/op
WorkloadActual  67: 7898208 op, 260594800.00 ns, 32.9942 ns/op
WorkloadActual  68: 7898208 op, 237677900.00 ns, 30.0926 ns/op
WorkloadActual  69: 7898208 op, 245030200.00 ns, 31.0235 ns/op
WorkloadActual  70: 7898208 op, 261255300.00 ns, 33.0778 ns/op
WorkloadActual  71: 7898208 op, 241754600.00 ns, 30.6088 ns/op
WorkloadActual  72: 7898208 op, 249647100.00 ns, 31.6081 ns/op
WorkloadActual  73: 7898208 op, 259777200.00 ns, 32.8907 ns/op
WorkloadActual  74: 7898208 op, 240124100.00 ns, 30.4024 ns/op
WorkloadActual  75: 7898208 op, 261038600.00 ns, 33.0504 ns/op

// AfterActualRun
WorkloadResult   1: 7898208 op, 224811050.00 ns, 28.4636 ns/op
WorkloadResult   2: 7898208 op, 219822550.00 ns, 27.8320 ns/op
WorkloadResult   3: 7898208 op, 217450550.00 ns, 27.5316 ns/op
WorkloadResult   4: 7898208 op, 217417750.00 ns, 27.5275 ns/op
WorkloadResult   5: 7898208 op, 232649750.00 ns, 29.4560 ns/op
WorkloadResult   6: 7898208 op, 225307250.00 ns, 28.5264 ns/op
WorkloadResult   7: 7898208 op, 225193150.00 ns, 28.5119 ns/op
WorkloadResult   8: 7898208 op, 226572950.00 ns, 28.6866 ns/op
WorkloadResult   9: 7898208 op, 225058650.00 ns, 28.4949 ns/op
WorkloadResult  10: 7898208 op, 242510950.00 ns, 30.7046 ns/op
WorkloadResult  11: 7898208 op, 238788350.00 ns, 30.2332 ns/op
WorkloadResult  12: 7898208 op, 227567050.00 ns, 28.8125 ns/op
WorkloadResult  13: 7898208 op, 235223450.00 ns, 29.7819 ns/op
WorkloadResult  14: 7898208 op, 238197250.00 ns, 30.1584 ns/op
WorkloadResult  15: 7898208 op, 222875250.00 ns, 28.2185 ns/op
WorkloadResult  16: 7898208 op, 223323450.00 ns, 28.2752 ns/op
WorkloadResult  17: 7898208 op, 255686050.00 ns, 32.3727 ns/op
WorkloadResult  18: 7898208 op, 244480350.00 ns, 30.9539 ns/op
WorkloadResult  19: 7898208 op, 252900250.00 ns, 32.0200 ns/op
WorkloadResult  20: 7898208 op, 252258950.00 ns, 31.9388 ns/op
WorkloadResult  21: 7898208 op, 252635950.00 ns, 31.9865 ns/op
WorkloadResult  22: 7898208 op, 226344650.00 ns, 28.6577 ns/op
WorkloadResult  23: 7898208 op, 258840750.00 ns, 32.7721 ns/op
WorkloadResult  24: 7898208 op, 224693950.00 ns, 28.4487 ns/op
WorkloadResult  25: 7898208 op, 230451750.00 ns, 29.1777 ns/op
WorkloadResult  26: 7898208 op, 248022950.00 ns, 31.4024 ns/op
WorkloadResult  27: 7898208 op, 230938950.00 ns, 29.2394 ns/op
WorkloadResult  28: 7898208 op, 257526750.00 ns, 32.6057 ns/op
WorkloadResult  29: 7898208 op, 237442950.00 ns, 30.0629 ns/op
WorkloadResult  30: 7898208 op, 240188750.00 ns, 30.4105 ns/op
WorkloadResult  31: 7898208 op, 252445450.00 ns, 31.9624 ns/op
WorkloadResult  32: 7898208 op, 228616850.00 ns, 28.9454 ns/op
WorkloadResult  33: 7898208 op, 232558150.00 ns, 29.4444 ns/op
WorkloadResult  34: 7898208 op, 265533550.00 ns, 33.6195 ns/op
WorkloadResult  35: 7898208 op, 225644750.00 ns, 28.5691 ns/op
WorkloadResult  36: 7898208 op, 235316750.00 ns, 29.7937 ns/op
WorkloadResult  37: 7898208 op, 247404750.00 ns, 31.3242 ns/op
WorkloadResult  38: 7898208 op, 239949150.00 ns, 30.3802 ns/op
WorkloadResult  39: 7898208 op, 235371650.00 ns, 29.8006 ns/op
WorkloadResult  40: 7898208 op, 263259750.00 ns, 33.3316 ns/op
WorkloadResult  41: 7898208 op, 224631150.00 ns, 28.4408 ns/op
WorkloadResult  42: 7898208 op, 248708050.00 ns, 31.4892 ns/op
WorkloadResult  43: 7898208 op, 249698650.00 ns, 31.6146 ns/op
WorkloadResult  44: 7898208 op, 218579450.00 ns, 27.6746 ns/op
WorkloadResult  45: 7898208 op, 220883350.00 ns, 27.9663 ns/op
WorkloadResult  46: 7898208 op, 241423150.00 ns, 30.5668 ns/op
WorkloadResult  47: 7898208 op, 216869750.00 ns, 27.4581 ns/op
WorkloadResult  48: 7898208 op, 226558750.00 ns, 28.6848 ns/op
WorkloadResult  49: 7898208 op, 236740750.00 ns, 29.9740 ns/op
WorkloadResult  50: 7898208 op, 218318350.00 ns, 27.6415 ns/op
WorkloadResult  51: 7898208 op, 228909950.00 ns, 28.9825 ns/op
WorkloadResult  52: 7898208 op, 240703550.00 ns, 30.4757 ns/op
WorkloadResult  53: 7898208 op, 218968350.00 ns, 27.7238 ns/op
WorkloadResult  54: 7898208 op, 230760150.00 ns, 29.2168 ns/op
WorkloadResult  55: 7898208 op, 236819550.00 ns, 29.9840 ns/op
WorkloadResult  56: 7898208 op, 221028450.00 ns, 27.9846 ns/op
WorkloadResult  57: 7898208 op, 227195150.00 ns, 28.7654 ns/op
WorkloadResult  58: 7898208 op, 242329850.00 ns, 30.6816 ns/op
WorkloadResult  59: 7898208 op, 218386150.00 ns, 27.6501 ns/op
WorkloadResult  60: 7898208 op, 234274350.00 ns, 29.6617 ns/op
WorkloadResult  61: 7898208 op, 244574550.00 ns, 30.9658 ns/op
WorkloadResult  62: 7898208 op, 218008750.00 ns, 27.6023 ns/op
WorkloadResult  63: 7898208 op, 229449650.00 ns, 29.0508 ns/op
WorkloadResult  64: 7898208 op, 241190650.00 ns, 30.5374 ns/op
WorkloadResult  65: 7898208 op, 218273750.00 ns, 27.6359 ns/op
WorkloadResult  66: 7898208 op, 225626050.00 ns, 28.5667 ns/op
WorkloadResult  67: 7898208 op, 241851150.00 ns, 30.6210 ns/op
WorkloadResult  68: 7898208 op, 222350450.00 ns, 28.1520 ns/op
WorkloadResult  69: 7898208 op, 230242950.00 ns, 29.1513 ns/op
WorkloadResult  70: 7898208 op, 240373050.00 ns, 30.4339 ns/op
WorkloadResult  71: 7898208 op, 220719950.00 ns, 27.9456 ns/op
WorkloadResult  72: 7898208 op, 241634450.00 ns, 30.5936 ns/op
// GC:  302 0 0 2527426560 7898208
// Threading:  0 0 7898208

// AfterAll
// Benchmark Process 8988 has exited with code 0.

Mean = 29.643 ns, StdErr = 0.185 ns (0.62%), N = 72, StdDev = 1.571 ns
Min = 27.458 ns, Q1 = 28.460 ns, Median = 29.342 ns, Q3 = 30.600 ns, Max = 33.619 ns
IQR = 2.141 ns, LowerFence = 25.249 ns, UpperFence = 33.811 ns
ConfidenceInterval = [29.008 ns; 30.279 ns] (CI 99.9%), Margin = 0.636 ns (2.14% of Mean)
Skewness = 0.55, Kurtosis = 2.42, MValue = 2

// ** Remained 78 (91.8%) benchmark(s) to run. Estimated finish 2026-02-06 8:30 (0h 26m from now) **
Setup power plan (GUID: 8c5e7fda-e8bf-4a96-9a85-a6e23a8c635c FriendlyName: High performance)
// **************************
// Benchmark: Scenario1.B_FluentResults_Result_OkTValue: .NET 10.0(Runtime=.NET 10.0, IterationTime=250ms) [Iterations=10]
// *** Execute ***
// Launch: 1 / 1
// Execute: dotnet Enumerations.Options.Benchmarks-1.dll --anonymousPipes 1264 1464 --benchmarkName "ReillyDigital.Enumerations.Options.Benchmarks.Scenarios.Scenario1.B_FluentResults_Result_OkTValue(Iterations: 10)" --job ".NET 10.0" --benchmarkId 7 in D:\x\devs\reilly-digital\dotnet\enumerations.options.benchmarks\bin\Debug\net10.0\Enumerations.Options.Benchmarks-1\bin\Release\net10.0
// BeforeAnythingElse

// Benchmark Process Environment Information:
// BenchmarkDotNet v0.15.8
// Runtime=.NET 10.0.2 (10.0.2, 10.0.225.61305), X64 RyuJIT x86-64-v3
// GC=Concurrent Workstation
// HardwareIntrinsics=AVX2+BMI1+BMI2+F16C+FMA+LZCNT+MOVBE,AVX,SSE3+SSSE3+SSE4.1+SSE4.2+POPCNT,X86Base+SSE+SSE2,AES+PCLMUL VectorSize=256
// Job: .NET 10.0(IterationTime=250ms)

OverheadJitting  1: 1 op, 107500.00 ns, 107.5000 us/op
WorkloadJitting  1: 1 op, 3093400.00 ns, 3.0934 ms/op

OverheadJitting  2: 16 op, 170100.00 ns, 10.6313 us/op
WorkloadJitting  2: 16 op, 183200.00 ns, 11.4500 us/op

WorkloadPilot    1: 16 op, 32000.00 ns, 2.0000 us/op
WorkloadPilot    2: 125008 op, 119687900.00 ns, 957.4419 ns/op
WorkloadPilot    3: 261120 op, 42778600.00 ns, 163.8274 ns/op
WorkloadPilot    4: 1526000 op, 226674200.00 ns, 148.5414 ns/op
WorkloadPilot    5: 1683040 op, 253626700.00 ns, 150.6956 ns/op
WorkloadPilot    6: 1658976 op, 250001300.00 ns, 150.6962 ns/op

OverheadWarmup   1: 1658976 op, 4140100.00 ns, 2.4956 ns/op
OverheadWarmup   2: 1658976 op, 4116800.00 ns, 2.4815 ns/op
OverheadWarmup   3: 1658976 op, 4146500.00 ns, 2.4994 ns/op
OverheadWarmup   4: 1658976 op, 4388000.00 ns, 2.6450 ns/op
OverheadWarmup   5: 1658976 op, 4530600.00 ns, 2.7310 ns/op
OverheadWarmup   6: 1658976 op, 4118000.00 ns, 2.4823 ns/op
OverheadWarmup   7: 1658976 op, 4204300.00 ns, 2.5343 ns/op
OverheadWarmup   8: 1658976 op, 4295000.00 ns, 2.5889 ns/op
OverheadWarmup   9: 1658976 op, 4342900.00 ns, 2.6178 ns/op
OverheadWarmup  10: 1658976 op, 4346200.00 ns, 2.6198 ns/op

OverheadActual   1: 1658976 op, 4277300.00 ns, 2.5783 ns/op
OverheadActual   2: 1658976 op, 4327400.00 ns, 2.6085 ns/op
OverheadActual   3: 1658976 op, 4278800.00 ns, 2.5792 ns/op
OverheadActual   4: 1658976 op, 4364000.00 ns, 2.6305 ns/op
OverheadActual   5: 1658976 op, 4076300.00 ns, 2.4571 ns/op
OverheadActual   6: 1658976 op, 4105600.00 ns, 2.4748 ns/op
OverheadActual   7: 1658976 op, 4060100.00 ns, 2.4474 ns/op
OverheadActual   8: 1658976 op, 4376400.00 ns, 2.6380 ns/op
OverheadActual   9: 1658976 op, 4097400.00 ns, 2.4698 ns/op
OverheadActual  10: 1658976 op, 4157100.00 ns, 2.5058 ns/op
OverheadActual  11: 1658976 op, 4094100.00 ns, 2.4678 ns/op
OverheadActual  12: 1658976 op, 4439700.00 ns, 2.6762 ns/op
OverheadActual  13: 1658976 op, 4117000.00 ns, 2.4817 ns/op
OverheadActual  14: 1658976 op, 4102700.00 ns, 2.4730 ns/op
OverheadActual  15: 1658976 op, 4100400.00 ns, 2.4716 ns/op

WorkloadWarmup   1: 1658976 op, 254197300.00 ns, 153.2254 ns/op
WorkloadWarmup   2: 1658976 op, 265499300.00 ns, 160.0381 ns/op
WorkloadWarmup   3: 1658976 op, 244825900.00 ns, 147.5765 ns/op
WorkloadWarmup   4: 1658976 op, 244339500.00 ns, 147.2833 ns/op
WorkloadWarmup   5: 1658976 op, 244944000.00 ns, 147.6477 ns/op
WorkloadWarmup   6: 1658976 op, 244640800.00 ns, 147.4649 ns/op

// BeforeActualRun
WorkloadActual   1: 1658976 op, 248474400.00 ns, 149.7758 ns/op
WorkloadActual   2: 1658976 op, 243904100.00 ns, 147.0209 ns/op
WorkloadActual   3: 1658976 op, 243010900.00 ns, 146.4825 ns/op
WorkloadActual   4: 1658976 op, 274194300.00 ns, 165.2792 ns/op
WorkloadActual   5: 1658976 op, 248861500.00 ns, 150.0091 ns/op
WorkloadActual   6: 1658976 op, 248806500.00 ns, 149.9759 ns/op
WorkloadActual   7: 1658976 op, 242879800.00 ns, 146.4034 ns/op
WorkloadActual   8: 1658976 op, 245838300.00 ns, 148.1868 ns/op
WorkloadActual   9: 1658976 op, 242570900.00 ns, 146.2172 ns/op
WorkloadActual  10: 1658976 op, 244809900.00 ns, 147.5669 ns/op
WorkloadActual  11: 1658976 op, 241993500.00 ns, 145.8692 ns/op
WorkloadActual  12: 1658976 op, 243443300.00 ns, 146.7431 ns/op
WorkloadActual  13: 1658976 op, 255476800.00 ns, 153.9967 ns/op
WorkloadActual  14: 1658976 op, 243938400.00 ns, 147.0415 ns/op
WorkloadActual  15: 1658976 op, 254359800.00 ns, 153.3234 ns/op

// AfterActualRun
WorkloadResult   1: 1658976 op, 244357400.00 ns, 147.2941 ns/op
WorkloadResult   2: 1658976 op, 239787100.00 ns, 144.5392 ns/op
WorkloadResult   3: 1658976 op, 238893900.00 ns, 144.0008 ns/op
WorkloadResult   4: 1658976 op, 244744500.00 ns, 147.5275 ns/op
WorkloadResult   5: 1658976 op, 244689500.00 ns, 147.4943 ns/op
WorkloadResult   6: 1658976 op, 238762800.00 ns, 143.9218 ns/op
WorkloadResult   7: 1658976 op, 241721300.00 ns, 145.7051 ns/op
WorkloadResult   8: 1658976 op, 238453900.00 ns, 143.7356 ns/op
WorkloadResult   9: 1658976 op, 240692900.00 ns, 145.0852 ns/op
WorkloadResult  10: 1658976 op, 237876500.00 ns, 143.3875 ns/op
WorkloadResult  11: 1658976 op, 239326300.00 ns, 144.2615 ns/op
WorkloadResult  12: 1658976 op, 251359800.00 ns, 151.5150 ns/op
WorkloadResult  13: 1658976 op, 239821400.00 ns, 144.5599 ns/op
WorkloadResult  14: 1658976 op, 250242800.00 ns, 150.8417 ns/op
// GC:  222 0 0 1858053120 1658976
// Threading:  0 0 1658976

// AfterAll
// Benchmark Process 8656 has exited with code 0.

Mean = 145.991 ns, StdErr = 0.697 ns (0.48%), N = 14, StdDev = 2.609 ns
Min = 143.388 ns, Q1 = 144.066 ns, Median = 144.823 ns, Q3 = 147.444 ns, Max = 151.515 ns
IQR = 3.378 ns, LowerFence = 138.999 ns, UpperFence = 152.512 ns
ConfidenceInterval = [143.047 ns; 148.934 ns] (CI 99.9%), Margin = 2.944 ns (2.02% of Mean)
Skewness = 0.94, Kurtosis = 2.5, MValue = 2

// ** Remained 77 (90.6%) benchmark(s) to run. Estimated finish 2026-02-06 8:27 (0h 23m from now) **
Setup power plan (GUID: 8c5e7fda-e8bf-4a96-9a85-a6e23a8c635c FriendlyName: High performance)
// **************************
// Benchmark: Scenario1.E_Rascal_Result_OkTValue: .NET 10.0(Runtime=.NET 10.0, IterationTime=250ms) [Iterations=10]
// *** Execute ***
// Launch: 1 / 1
// Execute: dotnet Enumerations.Options.Benchmarks-1.dll --anonymousPipes 1912 1952 --benchmarkName "ReillyDigital.Enumerations.Options.Benchmarks.Scenarios.Scenario1.E_Rascal_Result_OkTValue(Iterations: 10)" --job ".NET 10.0" --benchmarkId 8 in D:\x\devs\reilly-digital\dotnet\enumerations.options.benchmarks\bin\Debug\net10.0\Enumerations.Options.Benchmarks-1\bin\Release\net10.0
// BeforeAnythingElse

// Benchmark Process Environment Information:
// BenchmarkDotNet v0.15.8
// Runtime=.NET 10.0.2 (10.0.2, 10.0.225.61305), X64 RyuJIT x86-64-v3
// GC=Concurrent Workstation
// HardwareIntrinsics=AVX2+BMI1+BMI2+F16C+FMA+LZCNT+MOVBE,AVX,SSE3+SSSE3+SSE4.1+SSE4.2+POPCNT,X86Base+SSE+SSE2,AES+PCLMUL VectorSize=256
// Job: .NET 10.0(IterationTime=250ms)

OverheadJitting  1: 1 op, 116900.00 ns, 116.9000 us/op
WorkloadJitting  1: 1 op, 320500.00 ns, 320.5000 us/op

OverheadJitting  2: 16 op, 153100.00 ns, 9.5688 us/op
WorkloadJitting  2: 16 op, 280500.00 ns, 17.5313 us/op

WorkloadPilot    1: 16 op, 2600.00 ns, 162.5000 ns/op
WorkloadPilot    2: 1538464 op, 123083900.00 ns, 80.0044 ns/op
WorkloadPilot    3: 3124832 op, 12591700.00 ns, 4.0296 ns/op
WorkloadPilot    4: 62041504 op, 247801900.00 ns, 3.9941 ns/op
WorkloadPilot    5: 62591840 op, 245471200.00 ns, 3.9218 ns/op
WorkloadPilot    6: 63746624 op, 252528500.00 ns, 3.9614 ns/op
WorkloadPilot    7: 63108352 op, 247911600.00 ns, 3.9283 ns/op
WorkloadPilot    8: 63639984 op, 254385300.00 ns, 3.9973 ns/op
WorkloadPilot    9: 62542912 op, 245381200.00 ns, 3.9234 ns/op
WorkloadPilot   10: 63720160 op, 249471200.00 ns, 3.9151 ns/op
WorkloadPilot   11: 63855232 op, 249106700.00 ns, 3.9011 ns/op
WorkloadPilot   12: 64084224 op, 254561700.00 ns, 3.9723 ns/op

OverheadWarmup   1: 64084224 op, 159068400.00 ns, 2.4822 ns/op
OverheadWarmup   2: 64084224 op, 121657100.00 ns, 1.8984 ns/op
OverheadWarmup   3: 64084224 op, 96571000.00 ns, 1.5069 ns/op
OverheadWarmup   4: 64084224 op, 96244300.00 ns, 1.5018 ns/op
OverheadWarmup   5: 64084224 op, 96424700.00 ns, 1.5047 ns/op
OverheadWarmup   6: 64084224 op, 96193900.00 ns, 1.5011 ns/op
OverheadWarmup   7: 64084224 op, 96167600.00 ns, 1.5006 ns/op
OverheadWarmup   8: 64084224 op, 96154400.00 ns, 1.5004 ns/op
OverheadWarmup   9: 64084224 op, 96174000.00 ns, 1.5007 ns/op
OverheadWarmup  10: 64084224 op, 96509400.00 ns, 1.5060 ns/op

OverheadActual   1: 64084224 op, 97036400.00 ns, 1.5142 ns/op
OverheadActual   2: 64084224 op, 96107900.00 ns, 1.4997 ns/op
OverheadActual   3: 64084224 op, 97088000.00 ns, 1.5150 ns/op
OverheadActual   4: 64084224 op, 95561400.00 ns, 1.4912 ns/op
OverheadActual   5: 64084224 op, 95186700.00 ns, 1.4853 ns/op
OverheadActual   6: 64084224 op, 95124400.00 ns, 1.4844 ns/op
OverheadActual   7: 64084224 op, 95488700.00 ns, 1.4901 ns/op
OverheadActual   8: 64084224 op, 95196200.00 ns, 1.4855 ns/op
OverheadActual   9: 64084224 op, 95813700.00 ns, 1.4951 ns/op
OverheadActual  10: 64084224 op, 95288300.00 ns, 1.4869 ns/op
OverheadActual  11: 64084224 op, 96764000.00 ns, 1.5100 ns/op
OverheadActual  12: 64084224 op, 96250800.00 ns, 1.5019 ns/op
OverheadActual  13: 64084224 op, 95561600.00 ns, 1.4912 ns/op
OverheadActual  14: 64084224 op, 95372300.00 ns, 1.4882 ns/op
OverheadActual  15: 64084224 op, 95301400.00 ns, 1.4871 ns/op

WorkloadWarmup   1: 64084224 op, 254605600.00 ns, 3.9730 ns/op
WorkloadWarmup   2: 64084224 op, 254750300.00 ns, 3.9752 ns/op
WorkloadWarmup   3: 64084224 op, 250410400.00 ns, 3.9075 ns/op
WorkloadWarmup   4: 64084224 op, 252131500.00 ns, 3.9344 ns/op
WorkloadWarmup   5: 64084224 op, 255196000.00 ns, 3.9822 ns/op
WorkloadWarmup   6: 64084224 op, 255009600.00 ns, 3.9793 ns/op

// BeforeActualRun
WorkloadActual   1: 64084224 op, 251116100.00 ns, 3.9185 ns/op
WorkloadActual   2: 64084224 op, 252570100.00 ns, 3.9412 ns/op
WorkloadActual   3: 64084224 op, 255938200.00 ns, 3.9938 ns/op
WorkloadActual   4: 64084224 op, 250885300.00 ns, 3.9149 ns/op
WorkloadActual   5: 64084224 op, 251122300.00 ns, 3.9186 ns/op
WorkloadActual   6: 64084224 op, 253686100.00 ns, 3.9586 ns/op
WorkloadActual   7: 64084224 op, 254883200.00 ns, 3.9773 ns/op
WorkloadActual   8: 64084224 op, 256343800.00 ns, 4.0001 ns/op
WorkloadActual   9: 64084224 op, 254599600.00 ns, 3.9729 ns/op
WorkloadActual  10: 64084224 op, 255473100.00 ns, 3.9865 ns/op
WorkloadActual  11: 64084224 op, 254954500.00 ns, 3.9784 ns/op
WorkloadActual  12: 64084224 op, 256764800.00 ns, 4.0067 ns/op
WorkloadActual  13: 64084224 op, 255685000.00 ns, 3.9898 ns/op
WorkloadActual  14: 64084224 op, 254751900.00 ns, 3.9753 ns/op
WorkloadActual  15: 64084224 op, 255739800.00 ns, 3.9907 ns/op

// AfterActualRun
WorkloadResult   1: 64084224 op, 155554700.00 ns, 2.4273 ns/op
WorkloadResult   2: 64084224 op, 157008700.00 ns, 2.4500 ns/op
WorkloadResult   3: 64084224 op, 160376800.00 ns, 2.5026 ns/op
WorkloadResult   4: 64084224 op, 155323900.00 ns, 2.4237 ns/op
WorkloadResult   5: 64084224 op, 155560900.00 ns, 2.4274 ns/op
WorkloadResult   6: 64084224 op, 158124700.00 ns, 2.4675 ns/op
WorkloadResult   7: 64084224 op, 159321800.00 ns, 2.4861 ns/op
WorkloadResult   8: 64084224 op, 160782400.00 ns, 2.5089 ns/op
WorkloadResult   9: 64084224 op, 159038200.00 ns, 2.4817 ns/op
WorkloadResult  10: 64084224 op, 159911700.00 ns, 2.4953 ns/op
WorkloadResult  11: 64084224 op, 159393100.00 ns, 2.4872 ns/op
WorkloadResult  12: 64084224 op, 161203400.00 ns, 2.5155 ns/op
WorkloadResult  13: 64084224 op, 160123600.00 ns, 2.4986 ns/op
WorkloadResult  14: 64084224 op, 159190500.00 ns, 2.4841 ns/op
WorkloadResult  15: 64084224 op, 160178400.00 ns, 2.4995 ns/op
// GC:  0 0 0 0 64084224
// Threading:  0 0 64084224

// AfterAll
// Benchmark Process 18772 has exited with code 0.

Mean = 2.477 ns, StdErr = 0.008 ns (0.32%), N = 15, StdDev = 0.031 ns
Min = 2.424 ns, Q1 = 2.459 ns, Median = 2.486 ns, Q3 = 2.499 ns, Max = 2.515 ns
IQR = 0.040 ns, LowerFence = 2.398 ns, UpperFence = 2.560 ns
ConfidenceInterval = [2.444 ns; 2.510 ns] (CI 99.9%), Margin = 0.033 ns (1.33% of Mean)
Skewness = -0.64, Kurtosis = 1.85, MValue = 2

// ** Remained 76 (89.4%) benchmark(s) to run. Estimated finish 2026-02-06 8:26 (0h 22m from now) **
Setup power plan (GUID: 8c5e7fda-e8bf-4a96-9a85-a6e23a8c635c FriendlyName: High performance)
// **************************
// Benchmark: Scenario1.D_SimpleResults_Result_OkTValue: .NET 10.0(Runtime=.NET 10.0, IterationTime=250ms) [Iterations=10]
// *** Execute ***
// Launch: 1 / 1
// Execute: dotnet Enumerations.Options.Benchmarks-1.dll --anonymousPipes 1888 1276 --benchmarkName "ReillyDigital.Enumerations.Options.Benchmarks.Scenarios.Scenario1.D_SimpleResults_Result_OkTValue(Iterations: 10)" --job ".NET 10.0" --benchmarkId 9 in D:\x\devs\reilly-digital\dotnet\enumerations.options.benchmarks\bin\Debug\net10.0\Enumerations.Options.Benchmarks-1\bin\Release\net10.0
// BeforeAnythingElse

// Benchmark Process Environment Information:
// BenchmarkDotNet v0.15.8
// Runtime=.NET 10.0.2 (10.0.2, 10.0.225.61305), X64 RyuJIT x86-64-v3
// GC=Concurrent Workstation
// HardwareIntrinsics=AVX2+BMI1+BMI2+F16C+FMA+LZCNT+MOVBE,AVX,SSE3+SSSE3+SSE4.1+SSE4.2+POPCNT,X86Base+SSE+SSE2,AES+PCLMUL VectorSize=256
// Job: .NET 10.0(IterationTime=250ms)

OverheadJitting  1: 1 op, 109800.00 ns, 109.8000 us/op
WorkloadJitting  1: 1 op, 3049700.00 ns, 3.0497 ms/op

OverheadJitting  2: 16 op, 177600.00 ns, 11.1000 us/op
WorkloadJitting  2: 16 op, 327700.00 ns, 20.4813 us/op

WorkloadPilot    1: 16 op, 34500.00 ns, 2.1563 us/op
WorkloadPilot    2: 115952 op, 163676000.00 ns, 1.4116 us/op
WorkloadPilot    3: 177120 op, 118226000.00 ns, 667.4910 ns/op
WorkloadPilot    4: 374544 op, 248821300.00 ns, 664.3313 ns/op
WorkloadPilot    5: 376320 op, 242866100.00 ns, 645.3712 ns/op
WorkloadPilot    6: 387376 op, 267236700.00 ns, 689.8639 ns/op
WorkloadPilot    7: 362400 op, 235228700.00 ns, 649.0858 ns/op
WorkloadPilot    8: 385168 op, 251825700.00 ns, 653.8074 ns/op
WorkloadPilot    9: 382384 op, 251258500.00 ns, 657.0842 ns/op

OverheadWarmup   1: 382384 op, 947900.00 ns, 2.4789 ns/op
OverheadWarmup   2: 382384 op, 946000.00 ns, 2.4740 ns/op
OverheadWarmup   3: 382384 op, 931200.00 ns, 2.4352 ns/op
OverheadWarmup   4: 382384 op, 929600.00 ns, 2.4311 ns/op
OverheadWarmup   5: 382384 op, 921000.00 ns, 2.4086 ns/op
OverheadWarmup   6: 382384 op, 915700.00 ns, 2.3947 ns/op
OverheadWarmup   7: 382384 op, 910000.00 ns, 2.3798 ns/op
OverheadWarmup   8: 382384 op, 925500.00 ns, 2.4203 ns/op
OverheadWarmup   9: 382384 op, 930300.00 ns, 2.4329 ns/op
OverheadWarmup  10: 382384 op, 932300.00 ns, 2.4381 ns/op

OverheadActual   1: 382384 op, 921000.00 ns, 2.4086 ns/op
OverheadActual   2: 382384 op, 915600.00 ns, 2.3945 ns/op
OverheadActual   3: 382384 op, 899400.00 ns, 2.3521 ns/op
OverheadActual   4: 382384 op, 947900.00 ns, 2.4789 ns/op
OverheadActual   5: 382384 op, 936200.00 ns, 2.4483 ns/op
OverheadActual   6: 382384 op, 926300.00 ns, 2.4224 ns/op
OverheadActual   7: 382384 op, 936000.00 ns, 2.4478 ns/op
OverheadActual   8: 382384 op, 966700.00 ns, 2.5281 ns/op
OverheadActual   9: 382384 op, 928600.00 ns, 2.4284 ns/op
OverheadActual  10: 382384 op, 937200.00 ns, 2.4509 ns/op
OverheadActual  11: 382384 op, 942700.00 ns, 2.4653 ns/op
OverheadActual  12: 382384 op, 926600.00 ns, 2.4232 ns/op
OverheadActual  13: 382384 op, 910300.00 ns, 2.3806 ns/op
OverheadActual  14: 382384 op, 921900.00 ns, 2.4109 ns/op
OverheadActual  15: 382384 op, 947100.00 ns, 2.4768 ns/op

WorkloadWarmup   1: 382384 op, 250299100.00 ns, 654.5752 ns/op
WorkloadWarmup   2: 382384 op, 250212500.00 ns, 654.3488 ns/op
WorkloadWarmup   3: 382384 op, 248011200.00 ns, 648.5920 ns/op
WorkloadWarmup   4: 382384 op, 247064000.00 ns, 646.1149 ns/op
WorkloadWarmup   5: 382384 op, 246619500.00 ns, 644.9525 ns/op
WorkloadWarmup   6: 382384 op, 246838300.00 ns, 645.5247 ns/op
WorkloadWarmup   7: 382384 op, 247708300.00 ns, 647.7999 ns/op
WorkloadWarmup   8: 382384 op, 255939900.00 ns, 669.3269 ns/op
WorkloadWarmup   9: 382384 op, 256790000.00 ns, 671.5501 ns/op
WorkloadWarmup  10: 382384 op, 247463300.00 ns, 647.1591 ns/op
WorkloadWarmup  11: 382384 op, 247600900.00 ns, 647.5190 ns/op
WorkloadWarmup  12: 382384 op, 249716100.00 ns, 653.0506 ns/op
WorkloadWarmup  13: 382384 op, 250931500.00 ns, 656.2291 ns/op
WorkloadWarmup  14: 382384 op, 248689300.00 ns, 650.3653 ns/op

// BeforeActualRun
WorkloadActual   1: 382384 op, 249645400.00 ns, 652.8657 ns/op
WorkloadActual   2: 382384 op, 249793800.00 ns, 653.2538 ns/op
WorkloadActual   3: 382384 op, 251964300.00 ns, 658.9300 ns/op
WorkloadActual   4: 382384 op, 250362700.00 ns, 654.7416 ns/op
WorkloadActual   5: 382384 op, 251254600.00 ns, 657.0740 ns/op
WorkloadActual   6: 382384 op, 251397400.00 ns, 657.4475 ns/op
WorkloadActual   7: 382384 op, 252355800.00 ns, 659.9539 ns/op
WorkloadActual   8: 382384 op, 252418500.00 ns, 660.1178 ns/op
WorkloadActual   9: 382384 op, 253519000.00 ns, 662.9958 ns/op
WorkloadActual  10: 382384 op, 254317200.00 ns, 665.0833 ns/op
WorkloadActual  11: 382384 op, 250891300.00 ns, 656.1239 ns/op
WorkloadActual  12: 382384 op, 250188500.00 ns, 654.2860 ns/op
WorkloadActual  13: 382384 op, 251118800.00 ns, 656.7189 ns/op
WorkloadActual  14: 382384 op, 260236400.00 ns, 680.5630 ns/op
WorkloadActual  15: 382384 op, 251115100.00 ns, 656.7092 ns/op

// AfterActualRun
WorkloadResult   1: 382384 op, 248716800.00 ns, 650.4373 ns/op
WorkloadResult   2: 382384 op, 248865200.00 ns, 650.8253 ns/op
WorkloadResult   3: 382384 op, 251035700.00 ns, 656.5016 ns/op
WorkloadResult   4: 382384 op, 249434100.00 ns, 652.3131 ns/op
WorkloadResult   5: 382384 op, 250326000.00 ns, 654.6456 ns/op
WorkloadResult   6: 382384 op, 250468800.00 ns, 655.0190 ns/op
WorkloadResult   7: 382384 op, 251427200.00 ns, 657.5254 ns/op
WorkloadResult   8: 382384 op, 251489900.00 ns, 657.6894 ns/op
WorkloadResult   9: 382384 op, 252590400.00 ns, 660.5674 ns/op
WorkloadResult  10: 382384 op, 253388600.00 ns, 662.6548 ns/op
WorkloadResult  11: 382384 op, 249962700.00 ns, 653.6955 ns/op
WorkloadResult  12: 382384 op, 249259900.00 ns, 651.8576 ns/op
WorkloadResult  13: 382384 op, 250190200.00 ns, 654.2905 ns/op
WorkloadResult  14: 382384 op, 250186500.00 ns, 654.2808 ns/op
// GC:  21 0 0 183544320 382384
// Threading:  0 0 382384

// AfterAll
// Benchmark Process 22060 has exited with code 0.

Mean = 655.165 ns, StdErr = 0.947 ns (0.14%), N = 14, StdDev = 3.544 ns
Min = 650.437 ns, Q1 = 652.659 ns, Median = 654.468 ns, Q3 = 657.269 ns, Max = 662.655 ns
IQR = 4.611 ns, LowerFence = 645.743 ns, UpperFence = 664.186 ns
ConfidenceInterval = [651.167 ns; 659.162 ns] (CI 99.9%), Margin = 3.998 ns (0.61% of Mean)
Skewness = 0.57, Kurtosis = 2.32, MValue = 2

// ** Remained 75 (88.2%) benchmark(s) to run. Estimated finish 2026-02-06 8:25 (0h 21m from now) **
Setup power plan (GUID: 8c5e7fda-e8bf-4a96-9a85-a6e23a8c635c FriendlyName: High performance)
// **************************
// Benchmark: Scenario1.C_ArdalisResult_Result_Fail: .NET 10.0(Runtime=.NET 10.0, IterationTime=250ms) [Iterations=10]
// *** Execute ***
// Launch: 1 / 1
// Execute: dotnet Enumerations.Options.Benchmarks-1.dll --anonymousPipes 1652 1508 --benchmarkName "ReillyDigital.Enumerations.Options.Benchmarks.Scenarios.Scenario1.C_ArdalisResult_Result_Fail(Iterations: 10)" --job ".NET 10.0" --benchmarkId 10 in D:\x\devs\reilly-digital\dotnet\enumerations.options.benchmarks\bin\Debug\net10.0\Enumerations.Options.Benchmarks-1\bin\Release\net10.0
// BeforeAnythingElse

// Benchmark Process Environment Information:
// BenchmarkDotNet v0.15.8
// Runtime=.NET 10.0.2 (10.0.2, 10.0.225.61305), X64 RyuJIT x86-64-v3
// GC=Concurrent Workstation
// HardwareIntrinsics=AVX2+BMI1+BMI2+F16C+FMA+LZCNT+MOVBE,AVX,SSE3+SSSE3+SSE4.1+SSE4.2+POPCNT,X86Base+SSE+SSE2,AES+PCLMUL VectorSize=256
// Job: .NET 10.0(IterationTime=250ms)

OverheadJitting  1: 1 op, 112400.00 ns, 112.4000 us/op
WorkloadJitting  1: 1 op, 1269400.00 ns, 1.2694 ms/op

OverheadJitting  2: 16 op, 160800.00 ns, 10.0500 us/op
WorkloadJitting  2: 16 op, 164000.00 ns, 10.2500 us/op

WorkloadPilot    1: 16 op, 7500.00 ns, 468.7500 ns/op
WorkloadPilot    2: 533344 op, 139616700.00 ns, 261.7761 ns/op
WorkloadPilot    3: 955024 op, 62390400.00 ns, 65.3286 ns/op
WorkloadPilot    4: 3826816 op, 254277700.00 ns, 66.4463 ns/op
WorkloadPilot    5: 3762448 op, 247567600.00 ns, 65.7996 ns/op
WorkloadPilot    6: 3799424 op, 245157400.00 ns, 64.5249 ns/op
WorkloadPilot    7: 3874480 op, 263099600.00 ns, 67.9058 ns/op
WorkloadPilot    8: 3681584 op, 242462600.00 ns, 65.8582 ns/op
WorkloadPilot    9: 3796048 op, 240583400.00 ns, 63.3773 ns/op
WorkloadPilot   10: 3944640 op, 263906800.00 ns, 66.9026 ns/op

OverheadWarmup   1: 3944640 op, 9739200.00 ns, 2.4690 ns/op
OverheadWarmup   2: 3944640 op, 10383500.00 ns, 2.6323 ns/op
OverheadWarmup   3: 3944640 op, 10255900.00 ns, 2.6000 ns/op
OverheadWarmup   4: 3944640 op, 10046500.00 ns, 2.5469 ns/op
OverheadWarmup   5: 3944640 op, 9728700.00 ns, 2.4663 ns/op
OverheadWarmup   6: 3944640 op, 9705600.00 ns, 2.4605 ns/op
OverheadWarmup   7: 3944640 op, 9725700.00 ns, 2.4655 ns/op
OverheadWarmup   8: 3944640 op, 10753200.00 ns, 2.7260 ns/op
OverheadWarmup   9: 3944640 op, 10093700.00 ns, 2.5588 ns/op

OverheadActual   1: 3944640 op, 10216900.00 ns, 2.5901 ns/op
OverheadActual   2: 3944640 op, 10070100.00 ns, 2.5529 ns/op
OverheadActual   3: 3944640 op, 10305300.00 ns, 2.6125 ns/op
OverheadActual   4: 3944640 op, 10032600.00 ns, 2.5433 ns/op
OverheadActual   5: 3944640 op, 10077600.00 ns, 2.5548 ns/op
OverheadActual   6: 3944640 op, 9757500.00 ns, 2.4736 ns/op
OverheadActual   7: 3944640 op, 9803100.00 ns, 2.4852 ns/op
OverheadActual   8: 3944640 op, 10063400.00 ns, 2.5512 ns/op
OverheadActual   9: 3944640 op, 10010300.00 ns, 2.5377 ns/op
OverheadActual  10: 3944640 op, 9745000.00 ns, 2.4704 ns/op
OverheadActual  11: 3944640 op, 10094900.00 ns, 2.5591 ns/op
OverheadActual  12: 3944640 op, 9748100.00 ns, 2.4712 ns/op
OverheadActual  13: 3944640 op, 10312600.00 ns, 2.6143 ns/op
OverheadActual  14: 3944640 op, 9730500.00 ns, 2.4668 ns/op
OverheadActual  15: 3944640 op, 10433700.00 ns, 2.6450 ns/op

WorkloadWarmup   1: 3944640 op, 252989800.00 ns, 64.1351 ns/op
WorkloadWarmup   2: 3944640 op, 250151000.00 ns, 63.4154 ns/op
WorkloadWarmup   3: 3944640 op, 248522800.00 ns, 63.0027 ns/op
WorkloadWarmup   4: 3944640 op, 247322600.00 ns, 62.6984 ns/op
WorkloadWarmup   5: 3944640 op, 245096600.00 ns, 62.1341 ns/op
WorkloadWarmup   6: 3944640 op, 246474800.00 ns, 62.4835 ns/op
WorkloadWarmup   7: 3944640 op, 251576600.00 ns, 63.7768 ns/op
WorkloadWarmup   8: 3944640 op, 255255600.00 ns, 64.7095 ns/op
WorkloadWarmup   9: 3944640 op, 247026500.00 ns, 62.6233 ns/op
WorkloadWarmup  10: 3944640 op, 249569800.00 ns, 63.2681 ns/op
WorkloadWarmup  11: 3944640 op, 250488300.00 ns, 63.5009 ns/op
WorkloadWarmup  12: 3944640 op, 248155000.00 ns, 62.9094 ns/op

// BeforeActualRun
WorkloadActual   1: 3944640 op, 248312500.00 ns, 62.9493 ns/op
WorkloadActual   2: 3944640 op, 257253600.00 ns, 65.2160 ns/op
WorkloadActual   3: 3944640 op, 253458000.00 ns, 64.2538 ns/op
WorkloadActual   4: 3944640 op, 258938000.00 ns, 65.6430 ns/op
WorkloadActual   5: 3944640 op, 253009500.00 ns, 64.1401 ns/op
WorkloadActual   6: 3944640 op, 273556800.00 ns, 69.3490 ns/op
WorkloadActual   7: 3944640 op, 259868500.00 ns, 65.8789 ns/op
WorkloadActual   8: 3944640 op, 269517100.00 ns, 68.3249 ns/op
WorkloadActual   9: 3944640 op, 301006400.00 ns, 76.3077 ns/op
WorkloadActual  10: 3944640 op, 319988000.00 ns, 81.1197 ns/op
WorkloadActual  11: 3944640 op, 335967200.00 ns, 85.1706 ns/op
WorkloadActual  12: 3944640 op, 319045100.00 ns, 80.8807 ns/op
WorkloadActual  13: 3944640 op, 304190900.00 ns, 77.1150 ns/op
WorkloadActual  14: 3944640 op, 340747100.00 ns, 86.3823 ns/op
WorkloadActual  15: 3944640 op, 331197300.00 ns, 83.9614 ns/op
WorkloadActual  16: 3944640 op, 304925400.00 ns, 77.3012 ns/op
WorkloadActual  17: 3944640 op, 363824500.00 ns, 92.2326 ns/op
WorkloadActual  18: 3944640 op, 295903400.00 ns, 75.0140 ns/op
WorkloadActual  19: 3944640 op, 271152400.00 ns, 68.7395 ns/op
WorkloadActual  20: 3944640 op, 257302400.00 ns, 65.2284 ns/op
WorkloadActual  21: 3944640 op, 251437200.00 ns, 63.7415 ns/op
WorkloadActual  22: 3944640 op, 246003700.00 ns, 62.3640 ns/op
WorkloadActual  23: 3944640 op, 247866800.00 ns, 62.8364 ns/op
WorkloadActual  24: 3944640 op, 257043300.00 ns, 65.1627 ns/op
WorkloadActual  25: 3944640 op, 254290400.00 ns, 64.4648 ns/op
WorkloadActual  26: 3944640 op, 282855600.00 ns, 71.7063 ns/op
WorkloadActual  27: 3944640 op, 262343900.00 ns, 66.5064 ns/op
WorkloadActual  28: 3944640 op, 265903900.00 ns, 67.4089 ns/op
WorkloadActual  29: 3944640 op, 267078500.00 ns, 67.7067 ns/op
WorkloadActual  30: 3944640 op, 299575400.00 ns, 75.9449 ns/op
WorkloadActual  31: 3944640 op, 282178100.00 ns, 71.5346 ns/op
WorkloadActual  32: 3944640 op, 264283700.00 ns, 66.9982 ns/op
WorkloadActual  33: 3944640 op, 265661900.00 ns, 67.3476 ns/op
WorkloadActual  34: 3944640 op, 248995900.00 ns, 63.1226 ns/op
WorkloadActual  35: 3944640 op, 257980400.00 ns, 65.4002 ns/op
WorkloadActual  36: 3944640 op, 246342100.00 ns, 62.4498 ns/op
WorkloadActual  37: 3944640 op, 277334800.00 ns, 70.3067 ns/op
WorkloadActual  38: 3944640 op, 269215400.00 ns, 68.2484 ns/op
WorkloadActual  39: 3944640 op, 258322900.00 ns, 65.4871 ns/op
WorkloadActual  40: 3944640 op, 249496900.00 ns, 63.2496 ns/op
WorkloadActual  41: 3944640 op, 247031600.00 ns, 62.6246 ns/op
WorkloadActual  42: 3944640 op, 257065900.00 ns, 65.1684 ns/op
WorkloadActual  43: 3944640 op, 261431900.00 ns, 66.2752 ns/op
WorkloadActual  44: 3944640 op, 254439900.00 ns, 64.5027 ns/op
WorkloadActual  45: 3944640 op, 254274600.00 ns, 64.4608 ns/op
WorkloadActual  46: 3944640 op, 249440200.00 ns, 63.2352 ns/op
WorkloadActual  47: 3944640 op, 247103700.00 ns, 62.6429 ns/op
WorkloadActual  48: 3944640 op, 246632000.00 ns, 62.5233 ns/op
WorkloadActual  49: 3944640 op, 250952200.00 ns, 63.6185 ns/op
WorkloadActual  50: 3944640 op, 250148600.00 ns, 63.4148 ns/op
WorkloadActual  51: 3944640 op, 279876100.00 ns, 70.9510 ns/op
WorkloadActual  52: 3944640 op, 249538100.00 ns, 63.2600 ns/op
WorkloadActual  53: 3944640 op, 247369300.00 ns, 62.7102 ns/op
WorkloadActual  54: 3944640 op, 246893400.00 ns, 62.5896 ns/op
WorkloadActual  55: 3944640 op, 246862000.00 ns, 62.5816 ns/op
WorkloadActual  56: 3944640 op, 246402600.00 ns, 62.4652 ns/op
WorkloadActual  57: 3944640 op, 246850000.00 ns, 62.5786 ns/op
WorkloadActual  58: 3944640 op, 248422500.00 ns, 62.9772 ns/op
WorkloadActual  59: 3944640 op, 247078200.00 ns, 62.6364 ns/op
WorkloadActual  60: 3944640 op, 247131500.00 ns, 62.6500 ns/op
WorkloadActual  61: 3944640 op, 246695600.00 ns, 62.5394 ns/op
WorkloadActual  62: 3944640 op, 251438300.00 ns, 63.7418 ns/op
WorkloadActual  63: 3944640 op, 247599600.00 ns, 62.7686 ns/op
WorkloadActual  64: 3944640 op, 245760700.00 ns, 62.3024 ns/op
WorkloadActual  65: 3944640 op, 246783300.00 ns, 62.5617 ns/op
WorkloadActual  66: 3944640 op, 246756100.00 ns, 62.5548 ns/op
WorkloadActual  67: 3944640 op, 247519500.00 ns, 62.7483 ns/op
WorkloadActual  68: 3944640 op, 246411000.00 ns, 62.4673 ns/op
WorkloadActual  69: 3944640 op, 246986500.00 ns, 62.6132 ns/op
WorkloadActual  70: 3944640 op, 245296000.00 ns, 62.1846 ns/op
WorkloadActual  71: 3944640 op, 271456300.00 ns, 68.8165 ns/op
WorkloadActual  72: 3944640 op, 247746000.00 ns, 62.8057 ns/op
WorkloadActual  73: 3944640 op, 246506700.00 ns, 62.4916 ns/op
WorkloadActual  74: 3944640 op, 246084600.00 ns, 62.3846 ns/op
WorkloadActual  75: 3944640 op, 246832900.00 ns, 62.5743 ns/op
WorkloadActual  76: 3944640 op, 245953600.00 ns, 62.3513 ns/op
WorkloadActual  77: 3944640 op, 254842800.00 ns, 64.6048 ns/op
WorkloadActual  78: 3944640 op, 251127900.00 ns, 63.6631 ns/op
WorkloadActual  79: 3944640 op, 246003100.00 ns, 62.3639 ns/op

// AfterActualRun
WorkloadResult   1: 3944640 op, 238249100.00 ns, 60.3982 ns/op
WorkloadResult   2: 3944640 op, 247190200.00 ns, 62.6648 ns/op
WorkloadResult   3: 3944640 op, 243394600.00 ns, 61.7026 ns/op
WorkloadResult   4: 3944640 op, 248874600.00 ns, 63.0918 ns/op
WorkloadResult   5: 3944640 op, 242946100.00 ns, 61.5889 ns/op
WorkloadResult   6: 3944640 op, 263493400.00 ns, 66.7978 ns/op
WorkloadResult   7: 3944640 op, 249805100.00 ns, 63.3277 ns/op
WorkloadResult   8: 3944640 op, 259453700.00 ns, 65.7737 ns/op
WorkloadResult   9: 3944640 op, 285840000.00 ns, 72.4629 ns/op
WorkloadResult  10: 3944640 op, 261089000.00 ns, 66.1883 ns/op
WorkloadResult  11: 3944640 op, 247239000.00 ns, 62.6772 ns/op
WorkloadResult  12: 3944640 op, 241373800.00 ns, 61.1903 ns/op
WorkloadResult  13: 3944640 op, 235940300.00 ns, 59.8129 ns/op
WorkloadResult  14: 3944640 op, 237803400.00 ns, 60.2852 ns/op
WorkloadResult  15: 3944640 op, 246979900.00 ns, 62.6115 ns/op
WorkloadResult  16: 3944640 op, 244227000.00 ns, 61.9136 ns/op
WorkloadResult  17: 3944640 op, 272792200.00 ns, 69.1552 ns/op
WorkloadResult  18: 3944640 op, 252280500.00 ns, 63.9553 ns/op
WorkloadResult  19: 3944640 op, 255840500.00 ns, 64.8578 ns/op
WorkloadResult  20: 3944640 op, 257015100.00 ns, 65.1555 ns/op
WorkloadResult  21: 3944640 op, 289512000.00 ns, 73.3938 ns/op
WorkloadResult  22: 3944640 op, 272114700.00 ns, 68.9834 ns/op
WorkloadResult  23: 3944640 op, 254220300.00 ns, 64.4470 ns/op
WorkloadResult  24: 3944640 op, 255598500.00 ns, 64.7964 ns/op
WorkloadResult  25: 3944640 op, 238932500.00 ns, 60.5714 ns/op
WorkloadResult  26: 3944640 op, 247917000.00 ns, 62.8491 ns/op
WorkloadResult  27: 3944640 op, 236278700.00 ns, 59.8987 ns/op
WorkloadResult  28: 3944640 op, 267271400.00 ns, 67.7556 ns/op
WorkloadResult  29: 3944640 op, 259152000.00 ns, 65.6972 ns/op
WorkloadResult  30: 3944640 op, 248259500.00 ns, 62.9359 ns/op
WorkloadResult  31: 3944640 op, 239433500.00 ns, 60.6984 ns/op
WorkloadResult  32: 3944640 op, 236968200.00 ns, 60.0735 ns/op
WorkloadResult  33: 3944640 op, 247002500.00 ns, 62.6172 ns/op
WorkloadResult  34: 3944640 op, 251368500.00 ns, 63.7241 ns/op
WorkloadResult  35: 3944640 op, 244376500.00 ns, 61.9515 ns/op
WorkloadResult  36: 3944640 op, 244211200.00 ns, 61.9096 ns/op
WorkloadResult  37: 3944640 op, 239376800.00 ns, 60.6841 ns/op
WorkloadResult  38: 3944640 op, 237040300.00 ns, 60.0917 ns/op
WorkloadResult  39: 3944640 op, 236568600.00 ns, 59.9722 ns/op
WorkloadResult  40: 3944640 op, 240888800.00 ns, 61.0674 ns/op
WorkloadResult  41: 3944640 op, 240085200.00 ns, 60.8637 ns/op
WorkloadResult  42: 3944640 op, 269812700.00 ns, 68.3998 ns/op
WorkloadResult  43: 3944640 op, 239474700.00 ns, 60.7089 ns/op
WorkloadResult  44: 3944640 op, 237305900.00 ns, 60.1591 ns/op
WorkloadResult  45: 3944640 op, 236830000.00 ns, 60.0384 ns/op
WorkloadResult  46: 3944640 op, 236798600.00 ns, 60.0305 ns/op
WorkloadResult  47: 3944640 op, 236339200.00 ns, 59.9140 ns/op
WorkloadResult  48: 3944640 op, 236786600.00 ns, 60.0274 ns/op
WorkloadResult  49: 3944640 op, 238359100.00 ns, 60.4261 ns/op
WorkloadResult  50: 3944640 op, 237014800.00 ns, 60.0853 ns/op
WorkloadResult  51: 3944640 op, 237068100.00 ns, 60.0988 ns/op
WorkloadResult  52: 3944640 op, 236632200.00 ns, 59.9883 ns/op
WorkloadResult  53: 3944640 op, 241374900.00 ns, 61.1906 ns/op
WorkloadResult  54: 3944640 op, 237536200.00 ns, 60.2175 ns/op
WorkloadResult  55: 3944640 op, 235697300.00 ns, 59.7513 ns/op
WorkloadResult  56: 3944640 op, 236719900.00 ns, 60.0105 ns/op
WorkloadResult  57: 3944640 op, 236692700.00 ns, 60.0036 ns/op
WorkloadResult  58: 3944640 op, 237456100.00 ns, 60.1972 ns/op
WorkloadResult  59: 3944640 op, 236347600.00 ns, 59.9161 ns/op
WorkloadResult  60: 3944640 op, 236923100.00 ns, 60.0620 ns/op
WorkloadResult  61: 3944640 op, 235232600.00 ns, 59.6335 ns/op
WorkloadResult  62: 3944640 op, 261392900.00 ns, 66.2653 ns/op
WorkloadResult  63: 3944640 op, 237682600.00 ns, 60.2546 ns/op
WorkloadResult  64: 3944640 op, 236443300.00 ns, 59.9404 ns/op
WorkloadResult  65: 3944640 op, 236021200.00 ns, 59.8334 ns/op
WorkloadResult  66: 3944640 op, 236769500.00 ns, 60.0231 ns/op
WorkloadResult  67: 3944640 op, 235890200.00 ns, 59.8002 ns/op
WorkloadResult  68: 3944640 op, 244779400.00 ns, 62.0537 ns/op
WorkloadResult  69: 3944640 op, 241064500.00 ns, 61.1119 ns/op
WorkloadResult  70: 3944640 op, 235939700.00 ns, 59.8127 ns/op
// GC:  339 0 0 2840140800 3944640
// Threading:  0 0 3944640

// AfterAll
// Benchmark Process 2560 has exited with code 0.

Mean = 62.294 ns, StdErr = 0.372 ns (0.60%), N = 70, StdDev = 3.113 ns
Min = 59.633 ns, Q1 = 60.044 ns, Median = 60.966 ns, Q3 = 63.269 ns, Max = 73.394 ns
IQR = 3.224 ns, LowerFence = 55.208 ns, UpperFence = 68.105 ns
ConfidenceInterval = [61.015 ns; 63.572 ns] (CI 99.9%), Margin = 1.279 ns (2.05% of Mean)
Skewness = 1.62, Kurtosis = 5.26, MValue = 2.11

// ** Remained 74 (87.1%) benchmark(s) to run. Estimated finish 2026-02-06 8:26 (0h 21m from now) **
Setup power plan (GUID: 8c5e7fda-e8bf-4a96-9a85-a6e23a8c635c FriendlyName: High performance)
// **************************
// Benchmark: Scenario1.A_EnumerationsOptions_Result_Fail: .NET 10.0(Runtime=.NET 10.0, IterationTime=250ms) [Iterations=10]
// *** Execute ***
// Launch: 1 / 1
// Execute: dotnet Enumerations.Options.Benchmarks-1.dll --anonymousPipes 1452 1548 --benchmarkName "ReillyDigital.Enumerations.Options.Benchmarks.Scenarios.Scenario1.A_EnumerationsOptions_Result_Fail(Iterations: 10)" --job ".NET 10.0" --benchmarkId 11 in D:\x\devs\reilly-digital\dotnet\enumerations.options.benchmarks\bin\Debug\net10.0\Enumerations.Options.Benchmarks-1\bin\Release\net10.0
// BeforeAnythingElse

// Benchmark Process Environment Information:
// BenchmarkDotNet v0.15.8
// Runtime=.NET 10.0.2 (10.0.2, 10.0.225.61305), X64 RyuJIT x86-64-v3
// GC=Concurrent Workstation
// HardwareIntrinsics=AVX2+BMI1+BMI2+F16C+FMA+LZCNT+MOVBE,AVX,SSE3+SSSE3+SSE4.1+SSE4.2+POPCNT,X86Base+SSE+SSE2,AES+PCLMUL VectorSize=256
// Job: .NET 10.0(IterationTime=250ms)

OverheadJitting  1: 1 op, 113600.00 ns, 113.6000 us/op
WorkloadJitting  1: 1 op, 1274200.00 ns, 1.2742 ms/op

OverheadJitting  2: 16 op, 278100.00 ns, 17.3813 us/op
WorkloadJitting  2: 16 op, 189000.00 ns, 11.8125 us/op

WorkloadPilot    1: 16 op, 13600.00 ns, 850.0000 ns/op
WorkloadPilot    2: 294128 op, 82833300.00 ns, 281.6233 ns/op
WorkloadPilot    3: 887712 op, 99514700.00 ns, 112.1025 ns/op
WorkloadPilot    4: 2230112 op, 178207800.00 ns, 79.9098 ns/op
WorkloadPilot    5: 3128528 op, 250035900.00 ns, 79.9213 ns/op
WorkloadPilot    6: 3128080 op, 245149900.00 ns, 78.3707 ns/op
WorkloadPilot    7: 3189968 op, 251232100.00 ns, 78.7569 ns/op
WorkloadPilot    8: 3174336 op, 250812700.00 ns, 79.0127 ns/op

OverheadWarmup   1: 3174336 op, 7867800.00 ns, 2.4786 ns/op
OverheadWarmup   2: 3174336 op, 7827000.00 ns, 2.4657 ns/op
OverheadWarmup   3: 3174336 op, 7848500.00 ns, 2.4725 ns/op
OverheadWarmup   4: 3174336 op, 7904800.00 ns, 2.4902 ns/op
OverheadWarmup   5: 3174336 op, 7992700.00 ns, 2.5179 ns/op
OverheadWarmup   6: 3174336 op, 7852600.00 ns, 2.4738 ns/op
OverheadWarmup   7: 3174336 op, 7897800.00 ns, 2.4880 ns/op
OverheadWarmup   8: 3174336 op, 8231300.00 ns, 2.5931 ns/op
OverheadWarmup   9: 3174336 op, 8250200.00 ns, 2.5990 ns/op
OverheadWarmup  10: 3174336 op, 7850800.00 ns, 2.4732 ns/op

OverheadActual   1: 3174336 op, 8162300.00 ns, 2.5713 ns/op
OverheadActual   2: 3174336 op, 8212300.00 ns, 2.5871 ns/op
OverheadActual   3: 3174336 op, 8093200.00 ns, 2.5496 ns/op
OverheadActual   4: 3174336 op, 7903800.00 ns, 2.4899 ns/op
OverheadActual   5: 3174336 op, 7870800.00 ns, 2.4795 ns/op
OverheadActual   6: 3174336 op, 7877800.00 ns, 2.4817 ns/op
OverheadActual   7: 3174336 op, 7857600.00 ns, 2.4754 ns/op
OverheadActual   8: 3174336 op, 7826500.00 ns, 2.4656 ns/op
OverheadActual   9: 3174336 op, 7847200.00 ns, 2.4721 ns/op
OverheadActual  10: 3174336 op, 8098800.00 ns, 2.5513 ns/op
OverheadActual  11: 3174336 op, 8125400.00 ns, 2.5597 ns/op
OverheadActual  12: 3174336 op, 7806400.00 ns, 2.4592 ns/op
OverheadActual  13: 3174336 op, 7874500.00 ns, 2.4807 ns/op
OverheadActual  14: 3174336 op, 7835100.00 ns, 2.4683 ns/op
OverheadActual  15: 3174336 op, 7863000.00 ns, 2.4771 ns/op

WorkloadWarmup   1: 3174336 op, 255437000.00 ns, 80.4694 ns/op
WorkloadWarmup   2: 3174336 op, 253156800.00 ns, 79.7511 ns/op
WorkloadWarmup   3: 3174336 op, 259369500.00 ns, 81.7083 ns/op
WorkloadWarmup   4: 3174336 op, 258395400.00 ns, 81.4014 ns/op
WorkloadWarmup   5: 3174336 op, 253372100.00 ns, 79.8189 ns/op
WorkloadWarmup   6: 3174336 op, 250849000.00 ns, 79.0241 ns/op
WorkloadWarmup   7: 3174336 op, 254800700.00 ns, 80.2690 ns/op
WorkloadWarmup   8: 3174336 op, 249629100.00 ns, 78.6398 ns/op

// BeforeActualRun
WorkloadActual   1: 3174336 op, 255158800.00 ns, 80.3818 ns/op
WorkloadActual   2: 3174336 op, 259923800.00 ns, 81.8829 ns/op
WorkloadActual   3: 3174336 op, 262066400.00 ns, 82.5579 ns/op
WorkloadActual   4: 3174336 op, 258401600.00 ns, 81.4034 ns/op
WorkloadActual   5: 3174336 op, 266256900.00 ns, 83.8780 ns/op
WorkloadActual   6: 3174336 op, 261302500.00 ns, 82.3172 ns/op
WorkloadActual   7: 3174336 op, 266153200.00 ns, 83.8453 ns/op
WorkloadActual   8: 3174336 op, 263032500.00 ns, 82.8622 ns/op
WorkloadActual   9: 3174336 op, 295774000.00 ns, 93.1767 ns/op
WorkloadActual  10: 3174336 op, 261962600.00 ns, 82.5252 ns/op
WorkloadActual  11: 3174336 op, 263966100.00 ns, 83.1563 ns/op
WorkloadActual  12: 3174336 op, 261107800.00 ns, 82.2559 ns/op
WorkloadActual  13: 3174336 op, 261246500.00 ns, 82.2996 ns/op
WorkloadActual  14: 3174336 op, 277210700.00 ns, 87.3287 ns/op
WorkloadActual  15: 3174336 op, 290645400.00 ns, 91.5610 ns/op

// AfterActualRun
WorkloadResult   1: 3174336 op, 247284300.00 ns, 77.9011 ns/op
WorkloadResult   2: 3174336 op, 252049300.00 ns, 79.4022 ns/op
WorkloadResult   3: 3174336 op, 254191900.00 ns, 80.0772 ns/op
WorkloadResult   4: 3174336 op, 250527100.00 ns, 78.9227 ns/op
WorkloadResult   5: 3174336 op, 258382400.00 ns, 81.3973 ns/op
WorkloadResult   6: 3174336 op, 253428000.00 ns, 79.8365 ns/op
WorkloadResult   7: 3174336 op, 258278700.00 ns, 81.3646 ns/op
WorkloadResult   8: 3174336 op, 255158000.00 ns, 80.3815 ns/op
WorkloadResult   9: 3174336 op, 254088100.00 ns, 80.0445 ns/op
WorkloadResult  10: 3174336 op, 256091600.00 ns, 80.6756 ns/op
WorkloadResult  11: 3174336 op, 253233300.00 ns, 79.7752 ns/op
WorkloadResult  12: 3174336 op, 253372000.00 ns, 79.8189 ns/op
// GC:  576 0 0 4824990720 3174336
// Threading:  0 0 3174336

// AfterAll
// Benchmark Process 2872 has exited with code 0.

Mean = 79.966 ns, StdErr = 0.281 ns (0.35%), N = 12, StdDev = 0.974 ns
Min = 77.901 ns, Q1 = 79.682 ns, Median = 79.941 ns, Q3 = 80.455 ns, Max = 81.397 ns
IQR = 0.773 ns, LowerFence = 78.522 ns, UpperFence = 81.615 ns
ConfidenceInterval = [78.718 ns; 81.215 ns] (CI 99.9%), Margin = 1.248 ns (1.56% of Mean)
Skewness = -0.36, Kurtosis = 2.57, MValue = 2

// ** Remained 73 (85.9%) benchmark(s) to run. Estimated finish 2026-02-06 8:25 (0h 20m from now) **
Setup power plan (GUID: 8c5e7fda-e8bf-4a96-9a85-a6e23a8c635c FriendlyName: High performance)
// **************************
// Benchmark: Scenario1.B_FluentResults_Result_Fail: .NET 10.0(Runtime=.NET 10.0, IterationTime=250ms) [Iterations=10]
// *** Execute ***
// Launch: 1 / 1
// Execute: dotnet Enumerations.Options.Benchmarks-1.dll --anonymousPipes 1268 1300 --benchmarkName "ReillyDigital.Enumerations.Options.Benchmarks.Scenarios.Scenario1.B_FluentResults_Result_Fail(Iterations: 10)" --job ".NET 10.0" --benchmarkId 12 in D:\x\devs\reilly-digital\dotnet\enumerations.options.benchmarks\bin\Debug\net10.0\Enumerations.Options.Benchmarks-1\bin\Release\net10.0
// BeforeAnythingElse

// Benchmark Process Environment Information:
// BenchmarkDotNet v0.15.8
// Runtime=.NET 10.0.2 (10.0.2, 10.0.225.61305), X64 RyuJIT x86-64-v3
// GC=Concurrent Workstation
// HardwareIntrinsics=AVX2+BMI1+BMI2+F16C+FMA+LZCNT+MOVBE,AVX,SSE3+SSSE3+SSE4.1+SSE4.2+POPCNT,X86Base+SSE+SSE2,AES+PCLMUL VectorSize=256
// Job: .NET 10.0(IterationTime=250ms)

OverheadJitting  1: 1 op, 106700.00 ns, 106.7000 us/op
WorkloadJitting  1: 1 op, 2600600.00 ns, 2.6006 ms/op

OverheadJitting  2: 16 op, 166200.00 ns, 10.3875 us/op
WorkloadJitting  2: 16 op, 192100.00 ns, 12.0063 us/op

WorkloadPilot    1: 16 op, 36600.00 ns, 2.2875 us/op
WorkloadPilot    2: 109296 op, 121775800.00 ns, 1.1142 us/op
WorkloadPilot    3: 224384 op, 69476200.00 ns, 309.6308 ns/op
WorkloadPilot    4: 807424 op, 239321900.00 ns, 296.4018 ns/op
WorkloadPilot    5: 843456 op, 249323800.00 ns, 295.5979 ns/op
WorkloadPilot    6: 845744 op, 249187000.00 ns, 294.6364 ns/op
WorkloadPilot    7: 848512 op, 249740100.00 ns, 294.3271 ns/op
WorkloadPilot    8: 849408 op, 248606500.00 ns, 292.6821 ns/op
WorkloadPilot    9: 854176 op, 250096600.00 ns, 292.7928 ns/op
WorkloadPilot   10: 853856 op, 254678600.00 ns, 298.2688 ns/op
WorkloadPilot   11: 838176 op, 251604100.00 ns, 300.1805 ns/op

OverheadWarmup   1: 838176 op, 2130900.00 ns, 2.5423 ns/op
OverheadWarmup   2: 838176 op, 2062900.00 ns, 2.4612 ns/op
OverheadWarmup   3: 838176 op, 2075900.00 ns, 2.4767 ns/op
OverheadWarmup   4: 838176 op, 2069600.00 ns, 2.4692 ns/op
OverheadWarmup   5: 838176 op, 2065500.00 ns, 2.4643 ns/op
OverheadWarmup   6: 838176 op, 2059100.00 ns, 2.4566 ns/op
OverheadWarmup   7: 838176 op, 2063800.00 ns, 2.4623 ns/op
OverheadWarmup   8: 838176 op, 2200000.00 ns, 2.6247 ns/op
OverheadWarmup   9: 838176 op, 2061300.00 ns, 2.4593 ns/op

OverheadActual   1: 838176 op, 2040800.00 ns, 2.4348 ns/op
OverheadActual   2: 838176 op, 2072000.00 ns, 2.4720 ns/op
OverheadActual   3: 838176 op, 2043500.00 ns, 2.4380 ns/op
OverheadActual   4: 838176 op, 2269400.00 ns, 2.7075 ns/op
OverheadActual   5: 838176 op, 2039800.00 ns, 2.4336 ns/op
OverheadActual   6: 838176 op, 2023000.00 ns, 2.4136 ns/op
OverheadActual   7: 838176 op, 2385300.00 ns, 2.8458 ns/op
OverheadActual   8: 838176 op, 2086100.00 ns, 2.4889 ns/op
OverheadActual   9: 838176 op, 2103900.00 ns, 2.5101 ns/op
OverheadActual  10: 838176 op, 2063500.00 ns, 2.4619 ns/op
OverheadActual  11: 838176 op, 2079700.00 ns, 2.4812 ns/op
OverheadActual  12: 838176 op, 2117300.00 ns, 2.5261 ns/op
OverheadActual  13: 838176 op, 2093500.00 ns, 2.4977 ns/op
OverheadActual  14: 838176 op, 2251800.00 ns, 2.6865 ns/op
OverheadActual  15: 838176 op, 2090100.00 ns, 2.4936 ns/op

WorkloadWarmup   1: 838176 op, 252751600.00 ns, 301.5496 ns/op
WorkloadWarmup   2: 838176 op, 249770800.00 ns, 297.9933 ns/op
WorkloadWarmup   3: 838176 op, 246724100.00 ns, 294.3583 ns/op
WorkloadWarmup   4: 838176 op, 246355500.00 ns, 293.9186 ns/op
WorkloadWarmup   5: 838176 op, 246376500.00 ns, 293.9436 ns/op
WorkloadWarmup   6: 838176 op, 245187600.00 ns, 292.5252 ns/op
WorkloadWarmup   7: 838176 op, 245559300.00 ns, 292.9687 ns/op
WorkloadWarmup   8: 838176 op, 260370600.00 ns, 310.6395 ns/op
WorkloadWarmup   9: 838176 op, 245714200.00 ns, 293.1535 ns/op

// BeforeActualRun
WorkloadActual   1: 838176 op, 247711800.00 ns, 295.5367 ns/op
WorkloadActual   2: 838176 op, 253940900.00 ns, 302.9685 ns/op
WorkloadActual   3: 838176 op, 265484000.00 ns, 316.7402 ns/op
WorkloadActual   4: 838176 op, 288689800.00 ns, 344.4262 ns/op
WorkloadActual   5: 838176 op, 272433200.00 ns, 325.0310 ns/op
WorkloadActual   6: 838176 op, 281168800.00 ns, 335.4532 ns/op
WorkloadActual   7: 838176 op, 274021400.00 ns, 326.9258 ns/op
WorkloadActual   8: 838176 op, 278216100.00 ns, 331.9304 ns/op
WorkloadActual   9: 838176 op, 286151200.00 ns, 341.3975 ns/op
WorkloadActual  10: 838176 op, 296634300.00 ns, 353.9045 ns/op
WorkloadActual  11: 838176 op, 260310200.00 ns, 310.5675 ns/op
WorkloadActual  12: 838176 op, 257140700.00 ns, 306.7860 ns/op
WorkloadActual  13: 838176 op, 253656700.00 ns, 302.6294 ns/op
WorkloadActual  14: 838176 op, 261435600.00 ns, 311.9101 ns/op
WorkloadActual  15: 838176 op, 256020800.00 ns, 305.4499 ns/op
WorkloadActual  16: 838176 op, 258657500.00 ns, 308.5957 ns/op
WorkloadActual  17: 838176 op, 258199100.00 ns, 308.0488 ns/op
WorkloadActual  18: 838176 op, 263845600.00 ns, 314.7854 ns/op
WorkloadActual  19: 838176 op, 250993000.00 ns, 299.4514 ns/op
WorkloadActual  20: 838176 op, 257331500.00 ns, 307.0137 ns/op
WorkloadActual  21: 838176 op, 269678200.00 ns, 321.7441 ns/op
WorkloadActual  22: 838176 op, 262465300.00 ns, 313.1386 ns/op
WorkloadActual  23: 838176 op, 251899600.00 ns, 300.5331 ns/op
WorkloadActual  24: 838176 op, 249109900.00 ns, 297.2048 ns/op
WorkloadActual  25: 838176 op, 250281500.00 ns, 298.6026 ns/op
WorkloadActual  26: 838176 op, 250516800.00 ns, 298.8833 ns/op
WorkloadActual  27: 838176 op, 253158500.00 ns, 302.0350 ns/op
WorkloadActual  28: 838176 op, 251505000.00 ns, 300.0623 ns/op
WorkloadActual  29: 838176 op, 253505900.00 ns, 302.4495 ns/op
WorkloadActual  30: 838176 op, 245768200.00 ns, 293.2179 ns/op
WorkloadActual  31: 838176 op, 253498900.00 ns, 302.4411 ns/op
WorkloadActual  32: 838176 op, 257407700.00 ns, 307.1046 ns/op
WorkloadActual  33: 838176 op, 254078400.00 ns, 303.1325 ns/op
WorkloadActual  34: 838176 op, 270886200.00 ns, 323.1853 ns/op
WorkloadActual  35: 838176 op, 272815800.00 ns, 325.4875 ns/op
WorkloadActual  36: 838176 op, 245394600.00 ns, 292.7722 ns/op
WorkloadActual  37: 838176 op, 258379500.00 ns, 308.2640 ns/op
WorkloadActual  38: 838176 op, 254288700.00 ns, 303.3834 ns/op
WorkloadActual  39: 838176 op, 247462500.00 ns, 295.2393 ns/op
WorkloadActual  40: 838176 op, 245969300.00 ns, 293.4578 ns/op
WorkloadActual  41: 838176 op, 247742700.00 ns, 295.5736 ns/op
WorkloadActual  42: 838176 op, 245940000.00 ns, 293.4229 ns/op
WorkloadActual  43: 838176 op, 247102200.00 ns, 294.8094 ns/op
WorkloadActual  44: 838176 op, 246705800.00 ns, 294.3365 ns/op
WorkloadActual  45: 838176 op, 246199100.00 ns, 293.7320 ns/op
WorkloadActual  46: 838176 op, 250421800.00 ns, 298.7699 ns/op

// AfterActualRun
WorkloadResult   1: 838176 op, 245625700.00 ns, 293.0479 ns/op
WorkloadResult   2: 838176 op, 251854800.00 ns, 300.4796 ns/op
WorkloadResult   3: 838176 op, 263397900.00 ns, 314.2513 ns/op
WorkloadResult   4: 838176 op, 270347100.00 ns, 322.5422 ns/op
WorkloadResult   5: 838176 op, 279082700.00 ns, 332.9643 ns/op
WorkloadResult   6: 838176 op, 271935300.00 ns, 324.4370 ns/op
WorkloadResult   7: 838176 op, 276130000.00 ns, 329.4415 ns/op
WorkloadResult   8: 838176 op, 258224100.00 ns, 308.0786 ns/op
WorkloadResult   9: 838176 op, 255054600.00 ns, 304.2972 ns/op
WorkloadResult  10: 838176 op, 251570600.00 ns, 300.1405 ns/op
WorkloadResult  11: 838176 op, 259349500.00 ns, 309.4213 ns/op
WorkloadResult  12: 838176 op, 253934700.00 ns, 302.9611 ns/op
WorkloadResult  13: 838176 op, 256571400.00 ns, 306.1068 ns/op
WorkloadResult  14: 838176 op, 256113000.00 ns, 305.5599 ns/op
WorkloadResult  15: 838176 op, 261759500.00 ns, 312.2966 ns/op
WorkloadResult  16: 838176 op, 248906900.00 ns, 296.9626 ns/op
WorkloadResult  17: 838176 op, 255245400.00 ns, 304.5248 ns/op
WorkloadResult  18: 838176 op, 267592100.00 ns, 319.2553 ns/op
WorkloadResult  19: 838176 op, 260379200.00 ns, 310.6498 ns/op
WorkloadResult  20: 838176 op, 249813500.00 ns, 298.0442 ns/op
WorkloadResult  21: 838176 op, 247023800.00 ns, 294.7159 ns/op
WorkloadResult  22: 838176 op, 248195400.00 ns, 296.1137 ns/op
WorkloadResult  23: 838176 op, 248430700.00 ns, 296.3944 ns/op
WorkloadResult  24: 838176 op, 251072400.00 ns, 299.5462 ns/op
WorkloadResult  25: 838176 op, 249418900.00 ns, 297.5734 ns/op
WorkloadResult  26: 838176 op, 251419800.00 ns, 299.9606 ns/op
WorkloadResult  27: 838176 op, 243682100.00 ns, 290.7290 ns/op
WorkloadResult  28: 838176 op, 251412800.00 ns, 299.9523 ns/op
WorkloadResult  29: 838176 op, 255321600.00 ns, 304.6157 ns/op
WorkloadResult  30: 838176 op, 251992300.00 ns, 300.6437 ns/op
WorkloadResult  31: 838176 op, 268800100.00 ns, 320.6965 ns/op
WorkloadResult  32: 838176 op, 270729700.00 ns, 322.9986 ns/op
WorkloadResult  33: 838176 op, 243308500.00 ns, 290.2833 ns/op
WorkloadResult  34: 838176 op, 256293400.00 ns, 305.7752 ns/op
WorkloadResult  35: 838176 op, 252202600.00 ns, 300.8946 ns/op
WorkloadResult  36: 838176 op, 245376400.00 ns, 292.7504 ns/op
WorkloadResult  37: 838176 op, 243883200.00 ns, 290.9690 ns/op
WorkloadResult  38: 838176 op, 245656600.00 ns, 293.0847 ns/op
WorkloadResult  39: 838176 op, 243853900.00 ns, 290.9340 ns/op
WorkloadResult  40: 838176 op, 245016100.00 ns, 292.3206 ns/op
WorkloadResult  41: 838176 op, 244619700.00 ns, 291.8477 ns/op
WorkloadResult  42: 838176 op, 244113000.00 ns, 291.2431 ns/op
WorkloadResult  43: 838176 op, 248335700.00 ns, 296.2811 ns/op
// GC:  264 0 0 2212784640 838176
// Threading:  0 0 838176

// AfterAll
// Benchmark Process 6348 has exited with code 0.

Mean = 303.623 ns, StdErr = 1.729 ns (0.57%), N = 43, StdDev = 11.339 ns
Min = 290.283 ns, Q1 = 295.415 ns, Median = 300.480 ns, Q3 = 308.750 ns, Max = 332.964 ns
IQR = 13.335 ns, LowerFence = 275.412 ns, UpperFence = 328.753 ns
ConfidenceInterval = [297.505 ns; 309.740 ns] (CI 99.9%), Margin = 6.117 ns (2.01% of Mean)
Skewness = 0.91, Kurtosis = 2.87, MValue = 2

// ** Remained 72 (84.7%) benchmark(s) to run. Estimated finish 2026-02-06 8:25 (0h 20m from now) **
Setup power plan (GUID: 8c5e7fda-e8bf-4a96-9a85-a6e23a8c635c FriendlyName: High performance)
// **************************
// Benchmark: Scenario1.E_Rascal_Result_Fail: .NET 10.0(Runtime=.NET 10.0, IterationTime=250ms) [Iterations=10]
// *** Execute ***
// Launch: 1 / 1
// Execute: dotnet Enumerations.Options.Benchmarks-1.dll --anonymousPipes 1252 1504 --benchmarkName "ReillyDigital.Enumerations.Options.Benchmarks.Scenarios.Scenario1.E_Rascal_Result_Fail(Iterations: 10)" --job ".NET 10.0" --benchmarkId 13 in D:\x\devs\reilly-digital\dotnet\enumerations.options.benchmarks\bin\Debug\net10.0\Enumerations.Options.Benchmarks-1\bin\Release\net10.0
// BeforeAnythingElse

// Benchmark Process Environment Information:
// BenchmarkDotNet v0.15.8
// Runtime=.NET 10.0.2 (10.0.2, 10.0.225.61305), X64 RyuJIT x86-64-v3
// GC=Concurrent Workstation
// HardwareIntrinsics=AVX2+BMI1+BMI2+F16C+FMA+LZCNT+MOVBE,AVX,SSE3+SSSE3+SSE4.1+SSE4.2+POPCNT,X86Base+SSE+SSE2,AES+PCLMUL VectorSize=256
// Job: .NET 10.0(IterationTime=250ms)

OverheadJitting  1: 1 op, 193700.00 ns, 193.7000 us/op
WorkloadJitting  1: 1 op, 441100.00 ns, 441.1000 us/op

OverheadJitting  2: 16 op, 203400.00 ns, 12.7125 us/op
WorkloadJitting  2: 16 op, 186100.00 ns, 11.6313 us/op

WorkloadPilot    1: 16 op, 3900.00 ns, 243.7500 ns/op
WorkloadPilot    2: 1025648 op, 185423900.00 ns, 180.7871 ns/op
WorkloadPilot    3: 1382848 op, 78451300.00 ns, 56.7317 ns/op
WorkloadPilot    4: 4406720 op, 210128000.00 ns, 47.6835 ns/op
WorkloadPilot    5: 5242912 op, 198989800.00 ns, 37.9541 ns/op
WorkloadPilot    6: 6586912 op, 208060000.00 ns, 31.5869 ns/op
WorkloadPilot    7: 7914688 op, 389983600.00 ns, 49.2734 ns/op
WorkloadPilot    8: 5073744 op, 246883700.00 ns, 48.6591 ns/op
WorkloadPilot    9: 5137792 op, 255170500.00 ns, 49.6654 ns/op
WorkloadPilot   10: 5033696 op, 165917600.00 ns, 32.9614 ns/op
WorkloadPilot   11: 7584640 op, 388634800.00 ns, 51.2397 ns/op

OverheadWarmup   1: 7584640 op, 18621600.00 ns, 2.4552 ns/op
OverheadWarmup   2: 7584640 op, 18657700.00 ns, 2.4599 ns/op
OverheadWarmup   3: 7584640 op, 18632000.00 ns, 2.4565 ns/op
OverheadWarmup   4: 7584640 op, 18987600.00 ns, 2.5034 ns/op
OverheadWarmup   5: 7584640 op, 19141900.00 ns, 2.5238 ns/op
OverheadWarmup   6: 7584640 op, 18786000.00 ns, 2.4768 ns/op

OverheadActual   1: 7584640 op, 18612500.00 ns, 2.4540 ns/op
OverheadActual   2: 7584640 op, 18586900.00 ns, 2.4506 ns/op
OverheadActual   3: 7584640 op, 18657200.00 ns, 2.4599 ns/op
OverheadActual   4: 7584640 op, 19117900.00 ns, 2.5206 ns/op
OverheadActual   5: 7584640 op, 18597900.00 ns, 2.4520 ns/op
OverheadActual   6: 7584640 op, 18587700.00 ns, 2.4507 ns/op
OverheadActual   7: 7584640 op, 18866800.00 ns, 2.4875 ns/op
OverheadActual   8: 7584640 op, 19429400.00 ns, 2.5617 ns/op
OverheadActual   9: 7584640 op, 19357000.00 ns, 2.5521 ns/op
OverheadActual  10: 7584640 op, 18028800.00 ns, 2.3770 ns/op
OverheadActual  11: 7584640 op, 11381900.00 ns, 1.5007 ns/op
OverheadActual  12: 7584640 op, 11353600.00 ns, 1.4969 ns/op
OverheadActual  13: 7584640 op, 11364000.00 ns, 1.4983 ns/op
OverheadActual  14: 7584640 op, 12471300.00 ns, 1.6443 ns/op
OverheadActual  15: 7584640 op, 11344400.00 ns, 1.4957 ns/op
OverheadActual  16: 7584640 op, 11742700.00 ns, 1.5482 ns/op
OverheadActual  17: 7584640 op, 11616100.00 ns, 1.5315 ns/op
OverheadActual  18: 7584640 op, 11352500.00 ns, 1.4968 ns/op
OverheadActual  19: 7584640 op, 11355700.00 ns, 1.4972 ns/op
OverheadActual  20: 7584640 op, 11332400.00 ns, 1.4941 ns/op

WorkloadWarmup   1: 7584640 op, 211893900.00 ns, 27.9372 ns/op
WorkloadWarmup   2: 7584640 op, 370013500.00 ns, 48.7846 ns/op
WorkloadWarmup   3: 7584640 op, 235921500.00 ns, 31.1052 ns/op
WorkloadWarmup   4: 7584640 op, 362576800.00 ns, 47.8041 ns/op
WorkloadWarmup   5: 7584640 op, 277439700.00 ns, 36.5792 ns/op
WorkloadWarmup   6: 7584640 op, 366474000.00 ns, 48.3179 ns/op

// BeforeActualRun
WorkloadActual   1: 7584640 op, 218221600.00 ns, 28.7715 ns/op
WorkloadActual   2: 7584640 op, 251307300.00 ns, 33.1337 ns/op
WorkloadActual   3: 7584640 op, 219253700.00 ns, 28.9076 ns/op
WorkloadActual   4: 7584640 op, 325491700.00 ns, 42.9146 ns/op
WorkloadActual   5: 7584640 op, 364516100.00 ns, 48.0598 ns/op
WorkloadActual   6: 7584640 op, 336805500.00 ns, 44.4063 ns/op
WorkloadActual   7: 7584640 op, 241446700.00 ns, 31.8336 ns/op
WorkloadActual   8: 7584640 op, 297848400.00 ns, 39.2699 ns/op
WorkloadActual   9: 7584640 op, 344138800.00 ns, 45.3731 ns/op
WorkloadActual  10: 7584640 op, 252297400.00 ns, 33.2643 ns/op
WorkloadActual  11: 7584640 op, 229090400.00 ns, 30.2045 ns/op
WorkloadActual  12: 7584640 op, 279236100.00 ns, 36.8160 ns/op
WorkloadActual  13: 7584640 op, 365502900.00 ns, 48.1899 ns/op
WorkloadActual  14: 7584640 op, 248678700.00 ns, 32.7871 ns/op
WorkloadActual  15: 7584640 op, 226362800.00 ns, 29.8449 ns/op
WorkloadActual  16: 7584640 op, 263768400.00 ns, 34.7767 ns/op
WorkloadActual  17: 7584640 op, 375929300.00 ns, 49.5646 ns/op
WorkloadActual  18: 7584640 op, 381607600.00 ns, 50.3132 ns/op
WorkloadActual  19: 7584640 op, 305065200.00 ns, 40.2214 ns/op
WorkloadActual  20: 7584640 op, 289920300.00 ns, 38.2247 ns/op
WorkloadActual  21: 7584640 op, 368907100.00 ns, 48.6387 ns/op
WorkloadActual  22: 7584640 op, 355930200.00 ns, 46.9278 ns/op
WorkloadActual  23: 7584640 op, 355973100.00 ns, 46.9334 ns/op
WorkloadActual  24: 7584640 op, 216008500.00 ns, 28.4797 ns/op
WorkloadActual  25: 7584640 op, 359300600.00 ns, 47.3721 ns/op
WorkloadActual  26: 7584640 op, 384908700.00 ns, 50.7484 ns/op
WorkloadActual  27: 7584640 op, 227971500.00 ns, 30.0570 ns/op
WorkloadActual  28: 7584640 op, 360062100.00 ns, 47.4725 ns/op
WorkloadActual  29: 7584640 op, 369684500.00 ns, 48.7412 ns/op
WorkloadActual  30: 7584640 op, 216782800.00 ns, 28.5818 ns/op
WorkloadActual  31: 7584640 op, 357061400.00 ns, 47.0769 ns/op
WorkloadActual  32: 7584640 op, 370918100.00 ns, 48.9039 ns/op
WorkloadActual  33: 7584640 op, 216866100.00 ns, 28.5928 ns/op
WorkloadActual  34: 7584640 op, 360712200.00 ns, 47.5582 ns/op
WorkloadActual  35: 7584640 op, 367471300.00 ns, 48.4494 ns/op
WorkloadActual  36: 7584640 op, 216121900.00 ns, 28.4947 ns/op
WorkloadActual  37: 7584640 op, 362858300.00 ns, 47.8412 ns/op
WorkloadActual  38: 7584640 op, 372068900.00 ns, 49.0556 ns/op
WorkloadActual  39: 7584640 op, 254650700.00 ns, 33.5745 ns/op
WorkloadActual  40: 7584640 op, 359271400.00 ns, 47.3683 ns/op
WorkloadActual  41: 7584640 op, 391073100.00 ns, 51.5612 ns/op
WorkloadActual  42: 7584640 op, 230011500.00 ns, 30.3260 ns/op
WorkloadActual  43: 7584640 op, 367356000.00 ns, 48.4342 ns/op
WorkloadActual  44: 7584640 op, 369802200.00 ns, 48.7567 ns/op
WorkloadActual  45: 7584640 op, 241315300.00 ns, 31.8163 ns/op
WorkloadActual  46: 7584640 op, 358836100.00 ns, 47.3109 ns/op
WorkloadActual  47: 7584640 op, 369373100.00 ns, 48.7001 ns/op
WorkloadActual  48: 7584640 op, 361880400.00 ns, 47.7123 ns/op
WorkloadActual  49: 7584640 op, 357892600.00 ns, 47.1865 ns/op
WorkloadActual  50: 7584640 op, 365092900.00 ns, 48.1358 ns/op
WorkloadActual  51: 7584640 op, 216320100.00 ns, 28.5208 ns/op
WorkloadActual  52: 7584640 op, 360429500.00 ns, 47.5210 ns/op
WorkloadActual  53: 7584640 op, 372369200.00 ns, 49.0952 ns/op
WorkloadActual  54: 7584640 op, 274216000.00 ns, 36.1541 ns/op
WorkloadActual  55: 7584640 op, 358658800.00 ns, 47.2875 ns/op
WorkloadActual  56: 7584640 op, 379158400.00 ns, 49.9903 ns/op
WorkloadActual  57: 7584640 op, 231991600.00 ns, 30.5870 ns/op
WorkloadActual  58: 7584640 op, 358845300.00 ns, 47.3121 ns/op
WorkloadActual  59: 7584640 op, 364851400.00 ns, 48.1040 ns/op
WorkloadActual  60: 7584640 op, 250207700.00 ns, 32.9887 ns/op
WorkloadActual  61: 7584640 op, 360717400.00 ns, 47.5589 ns/op
WorkloadActual  62: 7584640 op, 365357500.00 ns, 48.1707 ns/op
WorkloadActual  63: 7584640 op, 213868900.00 ns, 28.1976 ns/op
WorkloadActual  64: 7584640 op, 357000400.00 ns, 47.0689 ns/op
WorkloadActual  65: 7584640 op, 373711000.00 ns, 49.2721 ns/op
WorkloadActual  66: 7584640 op, 245784900.00 ns, 32.4056 ns/op
WorkloadActual  67: 7584640 op, 358837300.00 ns, 47.3111 ns/op
WorkloadActual  68: 7584640 op, 368565600.00 ns, 48.5937 ns/op
WorkloadActual  69: 7584640 op, 257583700.00 ns, 33.9612 ns/op
WorkloadActual  70: 7584640 op, 378720300.00 ns, 49.9325 ns/op
WorkloadActual  71: 7584640 op, 377918800.00 ns, 49.8269 ns/op
WorkloadActual  72: 7584640 op, 221455500.00 ns, 29.1979 ns/op
WorkloadActual  73: 7584640 op, 356298900.00 ns, 46.9764 ns/op
WorkloadActual  74: 7584640 op, 369046800.00 ns, 48.6571 ns/op
WorkloadActual  75: 7584640 op, 238324000.00 ns, 31.4219 ns/op
WorkloadActual  76: 7584640 op, 354543900.00 ns, 46.7450 ns/op
WorkloadActual  77: 7584640 op, 368414500.00 ns, 48.5738 ns/op
WorkloadActual  78: 7584640 op, 215177500.00 ns, 28.3702 ns/op
WorkloadActual  79: 7584640 op, 359797800.00 ns, 47.4377 ns/op
WorkloadActual  80: 7584640 op, 372305500.00 ns, 49.0868 ns/op
WorkloadActual  81: 7584640 op, 322428800.00 ns, 42.5108 ns/op
WorkloadActual  82: 7584640 op, 362039000.00 ns, 47.7332 ns/op
WorkloadActual  83: 7584640 op, 371887300.00 ns, 49.0316 ns/op
WorkloadActual  84: 7584640 op, 359897700.00 ns, 47.4509 ns/op
WorkloadActual  85: 7584640 op, 358892700.00 ns, 47.3184 ns/op
WorkloadActual  86: 7584640 op, 372270000.00 ns, 49.0821 ns/op
WorkloadActual  87: 7584640 op, 350581300.00 ns, 46.2225 ns/op
WorkloadActual  88: 7584640 op, 359631800.00 ns, 47.4158 ns/op
WorkloadActual  89: 7584640 op, 366716500.00 ns, 48.3499 ns/op
WorkloadActual  90: 7584640 op, 276345800.00 ns, 36.4349 ns/op
WorkloadActual  91: 7584640 op, 359109100.00 ns, 47.3469 ns/op
WorkloadActual  92: 7584640 op, 366984000.00 ns, 48.3852 ns/op
WorkloadActual  93: 7584640 op, 236940400.00 ns, 31.2395 ns/op
WorkloadActual  94: 7584640 op, 361870700.00 ns, 47.7110 ns/op
WorkloadActual  95: 7584640 op, 372864400.00 ns, 49.1605 ns/op
WorkloadActual  96: 7584640 op, 362734800.00 ns, 47.8249 ns/op
WorkloadActual  97: 7584640 op, 360431000.00 ns, 47.5212 ns/op
WorkloadActual  98: 7584640 op, 370409700.00 ns, 48.8368 ns/op
WorkloadActual  99: 7584640 op, 213480100.00 ns, 28.1464 ns/op
WorkloadActual  100: 7584640 op, 358034200.00 ns, 47.2052 ns/op

// AfterActualRun
WorkloadResult   1: 7584640 op, 202971550.00 ns, 26.7609 ns/op
WorkloadResult   2: 7584640 op, 236057250.00 ns, 31.1231 ns/op
WorkloadResult   3: 7584640 op, 204003650.00 ns, 26.8969 ns/op
WorkloadResult   4: 7584640 op, 310241650.00 ns, 40.9039 ns/op
WorkloadResult   5: 7584640 op, 349266050.00 ns, 46.0491 ns/op
WorkloadResult   6: 7584640 op, 321555450.00 ns, 42.3956 ns/op
WorkloadResult   7: 7584640 op, 226196650.00 ns, 29.8230 ns/op
WorkloadResult   8: 7584640 op, 282598350.00 ns, 37.2593 ns/op
WorkloadResult   9: 7584640 op, 328888750.00 ns, 43.3625 ns/op
WorkloadResult  10: 7584640 op, 237047350.00 ns, 31.2536 ns/op
WorkloadResult  11: 7584640 op, 213840350.00 ns, 28.1939 ns/op
WorkloadResult  12: 7584640 op, 263986050.00 ns, 34.8054 ns/op
WorkloadResult  13: 7584640 op, 350252850.00 ns, 46.1792 ns/op
WorkloadResult  14: 7584640 op, 233428650.00 ns, 30.7765 ns/op
WorkloadResult  15: 7584640 op, 211112750.00 ns, 27.8342 ns/op
WorkloadResult  16: 7584640 op, 248518350.00 ns, 32.7660 ns/op
WorkloadResult  17: 7584640 op, 360679250.00 ns, 47.5539 ns/op
WorkloadResult  18: 7584640 op, 366357550.00 ns, 48.3026 ns/op
WorkloadResult  19: 7584640 op, 289815150.00 ns, 38.2108 ns/op
WorkloadResult  20: 7584640 op, 274670250.00 ns, 36.2140 ns/op
WorkloadResult  21: 7584640 op, 353657050.00 ns, 46.6281 ns/op
WorkloadResult  22: 7584640 op, 340680150.00 ns, 44.9171 ns/op
WorkloadResult  23: 7584640 op, 340723050.00 ns, 44.9228 ns/op
WorkloadResult  24: 7584640 op, 200758450.00 ns, 26.4691 ns/op
WorkloadResult  25: 7584640 op, 344050550.00 ns, 45.3615 ns/op
WorkloadResult  26: 7584640 op, 369658650.00 ns, 48.7378 ns/op
WorkloadResult  27: 7584640 op, 212721450.00 ns, 28.0463 ns/op
WorkloadResult  28: 7584640 op, 344812050.00 ns, 45.4619 ns/op
WorkloadResult  29: 7584640 op, 354434450.00 ns, 46.7306 ns/op
WorkloadResult  30: 7584640 op, 201532750.00 ns, 26.5712 ns/op
WorkloadResult  31: 7584640 op, 341811350.00 ns, 45.0663 ns/op
WorkloadResult  32: 7584640 op, 355668050.00 ns, 46.8932 ns/op
WorkloadResult  33: 7584640 op, 201616050.00 ns, 26.5822 ns/op
WorkloadResult  34: 7584640 op, 345462150.00 ns, 45.5476 ns/op
WorkloadResult  35: 7584640 op, 352221250.00 ns, 46.4388 ns/op
WorkloadResult  36: 7584640 op, 200871850.00 ns, 26.4840 ns/op
WorkloadResult  37: 7584640 op, 347608250.00 ns, 45.8306 ns/op
WorkloadResult  38: 7584640 op, 356818850.00 ns, 47.0449 ns/op
WorkloadResult  39: 7584640 op, 239400650.00 ns, 31.5639 ns/op
WorkloadResult  40: 7584640 op, 344021350.00 ns, 45.3576 ns/op
WorkloadResult  41: 7584640 op, 375823050.00 ns, 49.5505 ns/op
WorkloadResult  42: 7584640 op, 214761450.00 ns, 28.3153 ns/op
WorkloadResult  43: 7584640 op, 352105950.00 ns, 46.4236 ns/op
WorkloadResult  44: 7584640 op, 354552150.00 ns, 46.7461 ns/op
WorkloadResult  45: 7584640 op, 226065250.00 ns, 29.8057 ns/op
WorkloadResult  46: 7584640 op, 343586050.00 ns, 45.3002 ns/op
WorkloadResult  47: 7584640 op, 354123050.00 ns, 46.6895 ns/op
WorkloadResult  48: 7584640 op, 346630350.00 ns, 45.7016 ns/op
WorkloadResult  49: 7584640 op, 342642550.00 ns, 45.1758 ns/op
WorkloadResult  50: 7584640 op, 349842850.00 ns, 46.1252 ns/op
WorkloadResult  51: 7584640 op, 201070050.00 ns, 26.5102 ns/op
WorkloadResult  52: 7584640 op, 345179450.00 ns, 45.5103 ns/op
WorkloadResult  53: 7584640 op, 357119150.00 ns, 47.0845 ns/op
WorkloadResult  54: 7584640 op, 258965950.00 ns, 34.1435 ns/op
WorkloadResult  55: 7584640 op, 343408750.00 ns, 45.2769 ns/op
WorkloadResult  56: 7584640 op, 363908350.00 ns, 47.9796 ns/op
WorkloadResult  57: 7584640 op, 216741550.00 ns, 28.5764 ns/op
WorkloadResult  58: 7584640 op, 343595250.00 ns, 45.3015 ns/op
WorkloadResult  59: 7584640 op, 349601350.00 ns, 46.0933 ns/op
WorkloadResult  60: 7584640 op, 234957650.00 ns, 30.9781 ns/op
WorkloadResult  61: 7584640 op, 345467350.00 ns, 45.5483 ns/op
WorkloadResult  62: 7584640 op, 350107450.00 ns, 46.1601 ns/op
WorkloadResult  63: 7584640 op, 198618850.00 ns, 26.1870 ns/op
WorkloadResult  64: 7584640 op, 341750350.00 ns, 45.0582 ns/op
WorkloadResult  65: 7584640 op, 358460950.00 ns, 47.2614 ns/op
WorkloadResult  66: 7584640 op, 230534850.00 ns, 30.3950 ns/op
WorkloadResult  67: 7584640 op, 343587250.00 ns, 45.3004 ns/op
WorkloadResult  68: 7584640 op, 353315550.00 ns, 46.5830 ns/op
WorkloadResult  69: 7584640 op, 242333650.00 ns, 31.9506 ns/op
WorkloadResult  70: 7584640 op, 363470250.00 ns, 47.9219 ns/op
WorkloadResult  71: 7584640 op, 362668750.00 ns, 47.8162 ns/op
WorkloadResult  72: 7584640 op, 206205450.00 ns, 27.1872 ns/op
WorkloadResult  73: 7584640 op, 341048850.00 ns, 44.9657 ns/op
WorkloadResult  74: 7584640 op, 353796750.00 ns, 46.6465 ns/op
WorkloadResult  75: 7584640 op, 223073950.00 ns, 29.4113 ns/op
WorkloadResult  76: 7584640 op, 339293850.00 ns, 44.7343 ns/op
WorkloadResult  77: 7584640 op, 353164450.00 ns, 46.5631 ns/op
WorkloadResult  78: 7584640 op, 199927450.00 ns, 26.3595 ns/op
WorkloadResult  79: 7584640 op, 344547750.00 ns, 45.4270 ns/op
WorkloadResult  80: 7584640 op, 357055450.00 ns, 47.0761 ns/op
WorkloadResult  81: 7584640 op, 307178750.00 ns, 40.5001 ns/op
WorkloadResult  82: 7584640 op, 346788950.00 ns, 45.7225 ns/op
WorkloadResult  83: 7584640 op, 356637250.00 ns, 47.0210 ns/op
WorkloadResult  84: 7584640 op, 344647650.00 ns, 45.4402 ns/op
WorkloadResult  85: 7584640 op, 343642650.00 ns, 45.3077 ns/op
WorkloadResult  86: 7584640 op, 357019950.00 ns, 47.0714 ns/op
WorkloadResult  87: 7584640 op, 335331250.00 ns, 44.2119 ns/op
WorkloadResult  88: 7584640 op, 344381750.00 ns, 45.4052 ns/op
WorkloadResult  89: 7584640 op, 351466450.00 ns, 46.3392 ns/op
WorkloadResult  90: 7584640 op, 261095750.00 ns, 34.4243 ns/op
WorkloadResult  91: 7584640 op, 343859050.00 ns, 45.3362 ns/op
WorkloadResult  92: 7584640 op, 351733950.00 ns, 46.3745 ns/op
WorkloadResult  93: 7584640 op, 221690350.00 ns, 29.2289 ns/op
WorkloadResult  94: 7584640 op, 346620650.00 ns, 45.7003 ns/op
WorkloadResult  95: 7584640 op, 357614350.00 ns, 47.1498 ns/op
WorkloadResult  96: 7584640 op, 347484750.00 ns, 45.8143 ns/op
WorkloadResult  97: 7584640 op, 345180950.00 ns, 45.5105 ns/op
WorkloadResult  98: 7584640 op, 355159650.00 ns, 46.8262 ns/op
WorkloadResult  99: 7584640 op, 198230050.00 ns, 26.1357 ns/op
WorkloadResult  100: 7584640 op, 342784150.00 ns, 45.1945 ns/op
// GC:  217 0 0 1820313600 7584640
// Threading:  0 0 7584640

// AfterAll
// Benchmark Process 21296 has exited with code 0.

Mean = 40.479 ns, StdErr = 0.796 ns (1.97%), N = 100, StdDev = 7.962 ns
Min = 26.136 ns, Q1 = 31.486 ns, Median = 45.301 ns, Q3 = 46.387 ns, Max = 49.551 ns
IQR = 14.900 ns, LowerFence = 9.136 ns, UpperFence = 68.737 ns
ConfidenceInterval = [37.778 ns; 43.179 ns] (CI 99.9%), Margin = 2.700 ns (6.67% of Mean)
Skewness = -0.76, Kurtosis = 1.81, MValue = 2.86

// ** Remained 71 (83.5%) benchmark(s) to run. Estimated finish 2026-02-06 8:27 (0h 21m from now) **
Setup power plan (GUID: 8c5e7fda-e8bf-4a96-9a85-a6e23a8c635c FriendlyName: High performance)
// **************************
// Benchmark: Scenario1.D_SimpleResults_Result_Fail: .NET 10.0(Runtime=.NET 10.0, IterationTime=250ms) [Iterations=10]
// *** Execute ***
// Launch: 1 / 1
// Execute: dotnet Enumerations.Options.Benchmarks-1.dll --anonymousPipes 1340 1916 --benchmarkName "ReillyDigital.Enumerations.Options.Benchmarks.Scenarios.Scenario1.D_SimpleResults_Result_Fail(Iterations: 10)" --job ".NET 10.0" --benchmarkId 14 in D:\x\devs\reilly-digital\dotnet\enumerations.options.benchmarks\bin\Debug\net10.0\Enumerations.Options.Benchmarks-1\bin\Release\net10.0
// BeforeAnythingElse

// Benchmark Process Environment Information:
// BenchmarkDotNet v0.15.8
// Runtime=.NET 10.0.2 (10.0.2, 10.0.225.61305), X64 RyuJIT x86-64-v3
// GC=Concurrent Workstation
// HardwareIntrinsics=AVX2+BMI1+BMI2+F16C+FMA+LZCNT+MOVBE,AVX,SSE3+SSSE3+SSE4.1+SSE4.2+POPCNT,X86Base+SSE+SSE2,AES+PCLMUL VectorSize=256
// Job: .NET 10.0(IterationTime=250ms)

OverheadJitting  1: 1 op, 107000.00 ns, 107.0000 us/op
WorkloadJitting  1: 1 op, 3584000.00 ns, 3.5840 ms/op

OverheadJitting  2: 16 op, 170800.00 ns, 10.6750 us/op
WorkloadJitting  2: 16 op, 183800.00 ns, 11.4875 us/op

WorkloadPilot    1: 16 op, 46200.00 ns, 2.8875 us/op
WorkloadPilot    2: 86592 op, 188960500.00 ns, 2.1822 us/op
WorkloadPilot    3: 114576 op, 109312200.00 ns, 954.0584 ns/op
WorkloadPilot    4: 262048 op, 179367300.00 ns, 684.4826 ns/op
WorkloadPilot    5: 365248 op, 246831600.00 ns, 675.7918 ns/op
WorkloadPilot    6: 369936 op, 250412900.00 ns, 676.9087 ns/op
WorkloadPilot    7: 369328 op, 247193300.00 ns, 669.3056 ns/op
WorkloadPilot    8: 373536 op, 254437100.00 ns, 681.1582 ns/op
WorkloadPilot    9: 367024 op, 246992300.00 ns, 672.9595 ns/op
WorkloadPilot   10: 371504 op, 253385600.00 ns, 682.0535 ns/op

OverheadWarmup   1: 371504 op, 923900.00 ns, 2.4869 ns/op
OverheadWarmup   2: 371504 op, 926000.00 ns, 2.4926 ns/op
OverheadWarmup   3: 371504 op, 898600.00 ns, 2.4188 ns/op
OverheadWarmup   4: 371504 op, 887500.00 ns, 2.3889 ns/op
OverheadWarmup   5: 371504 op, 911500.00 ns, 2.4535 ns/op
OverheadWarmup   6: 371504 op, 918500.00 ns, 2.4724 ns/op
OverheadWarmup   7: 371504 op, 896500.00 ns, 2.4132 ns/op

OverheadActual   1: 371504 op, 903800.00 ns, 2.4328 ns/op
OverheadActual   2: 371504 op, 899700.00 ns, 2.4218 ns/op
OverheadActual   3: 371504 op, 889400.00 ns, 2.3941 ns/op
OverheadActual   4: 371504 op, 906500.00 ns, 2.4401 ns/op
OverheadActual   5: 371504 op, 902500.00 ns, 2.4293 ns/op
OverheadActual   6: 371504 op, 896500.00 ns, 2.4132 ns/op
OverheadActual   7: 371504 op, 912300.00 ns, 2.4557 ns/op
OverheadActual   8: 371504 op, 945900.00 ns, 2.5461 ns/op
OverheadActual   9: 371504 op, 927600.00 ns, 2.4969 ns/op
OverheadActual  10: 371504 op, 920000.00 ns, 2.4764 ns/op
OverheadActual  11: 371504 op, 939700.00 ns, 2.5294 ns/op
OverheadActual  12: 371504 op, 889000.00 ns, 2.3930 ns/op
OverheadActual  13: 371504 op, 893500.00 ns, 2.4051 ns/op
OverheadActual  14: 371504 op, 949600.00 ns, 2.5561 ns/op
OverheadActual  15: 371504 op, 936800.00 ns, 2.5216 ns/op

WorkloadWarmup   1: 371504 op, 254931800.00 ns, 686.2155 ns/op
WorkloadWarmup   2: 371504 op, 253736000.00 ns, 682.9967 ns/op
WorkloadWarmup   3: 371504 op, 250279800.00 ns, 673.6934 ns/op
WorkloadWarmup   4: 371504 op, 250430400.00 ns, 674.0988 ns/op
WorkloadWarmup   5: 371504 op, 248866500.00 ns, 669.8892 ns/op
WorkloadWarmup   6: 371504 op, 249803500.00 ns, 672.4113 ns/op
WorkloadWarmup   7: 371504 op, 248977500.00 ns, 670.1879 ns/op

// BeforeActualRun
WorkloadActual   1: 371504 op, 255465800.00 ns, 687.6529 ns/op
WorkloadActual   2: 371504 op, 251663900.00 ns, 677.4191 ns/op
WorkloadActual   3: 371504 op, 258512400.00 ns, 695.8536 ns/op
WorkloadActual   4: 371504 op, 259183400.00 ns, 697.6598 ns/op
WorkloadActual   5: 371504 op, 254699600.00 ns, 685.5905 ns/op
WorkloadActual   6: 371504 op, 252670000.00 ns, 680.1273 ns/op
WorkloadActual   7: 371504 op, 254070800.00 ns, 683.8979 ns/op
WorkloadActual   8: 371504 op, 251716100.00 ns, 677.5596 ns/op
WorkloadActual   9: 371504 op, 254257200.00 ns, 684.3996 ns/op
WorkloadActual  10: 371504 op, 252853600.00 ns, 680.6215 ns/op
WorkloadActual  11: 371504 op, 254017300.00 ns, 683.7539 ns/op
WorkloadActual  12: 371504 op, 252611900.00 ns, 679.9709 ns/op
WorkloadActual  13: 371504 op, 252702700.00 ns, 680.2153 ns/op
WorkloadActual  14: 371504 op, 252653900.00 ns, 680.0839 ns/op
WorkloadActual  15: 371504 op, 253892200.00 ns, 683.4171 ns/op

// AfterActualRun
WorkloadResult   1: 371504 op, 254559300.00 ns, 685.2128 ns/op
WorkloadResult   2: 371504 op, 250757400.00 ns, 674.9790 ns/op
WorkloadResult   3: 371504 op, 253793100.00 ns, 683.1504 ns/op
WorkloadResult   4: 371504 op, 251763500.00 ns, 677.6872 ns/op
WorkloadResult   5: 371504 op, 253164300.00 ns, 681.4578 ns/op
WorkloadResult   6: 371504 op, 250809600.00 ns, 675.1195 ns/op
WorkloadResult   7: 371504 op, 253350700.00 ns, 681.9595 ns/op
WorkloadResult   8: 371504 op, 251947100.00 ns, 678.1814 ns/op
WorkloadResult   9: 371504 op, 253110800.00 ns, 681.3138 ns/op
WorkloadResult  10: 371504 op, 251705400.00 ns, 677.5308 ns/op
WorkloadResult  11: 371504 op, 251796200.00 ns, 677.7752 ns/op
WorkloadResult  12: 371504 op, 251747400.00 ns, 677.6438 ns/op
WorkloadResult  13: 371504 op, 252985700.00 ns, 680.9771 ns/op
// GC:  17 0 0 148601600 371504
// Threading:  0 0 371504

// AfterAll
// Benchmark Process 10224 has exited with code 0.

Mean = 679.461 ns, StdErr = 0.863 ns (0.13%), N = 13, StdDev = 3.112 ns
Min = 674.979 ns, Q1 = 677.644 ns, Median = 678.181 ns, Q3 = 681.458 ns, Max = 685.213 ns
IQR = 3.814 ns, LowerFence = 671.923 ns, UpperFence = 687.179 ns
ConfidenceInterval = [675.733 ns; 683.188 ns] (CI 99.9%), Margin = 3.727 ns (0.55% of Mean)
Skewness = 0.2, Kurtosis = 1.77, MValue = 2

// ** Remained 70 (82.4%) benchmark(s) to run. Estimated finish 2026-02-06 8:26 (0h 20m from now) **
Setup power plan (GUID: 8c5e7fda-e8bf-4a96-9a85-a6e23a8c635c FriendlyName: High performance)
// **************************
// Benchmark: Scenario1.C_ArdalisResult_Result_Fail_WithErrorMessage: .NET 10.0(Runtime=.NET 10.0, IterationTime=250ms) [Iterations=10]
// *** Execute ***
// Launch: 1 / 1
// Execute: dotnet Enumerations.Options.Benchmarks-1.dll --anonymousPipes 2052 2044 --benchmarkName "ReillyDigital.Enumerations.Options.Benchmarks.Scenarios.Scenario1.C_ArdalisResult_Result_Fail_WithErrorMessage(Iterations: 10)" --job ".NET 10.0" --benchmarkId 15 in D:\x\devs\reilly-digital\dotnet\enumerations.options.benchmarks\bin\Debug\net10.0\Enumerations.Options.Benchmarks-1\bin\Release\net10.0
// BeforeAnythingElse

// Benchmark Process Environment Information:
// BenchmarkDotNet v0.15.8
// Runtime=.NET 10.0.2 (10.0.2, 10.0.225.61305), X64 RyuJIT x86-64-v3
// GC=Concurrent Workstation
// HardwareIntrinsics=AVX2+BMI1+BMI2+F16C+FMA+LZCNT+MOVBE,AVX,SSE3+SSSE3+SSE4.1+SSE4.2+POPCNT,X86Base+SSE+SSE2,AES+PCLMUL VectorSize=256
// Job: .NET 10.0(IterationTime=250ms)

OverheadJitting  1: 1 op, 106300.00 ns, 106.3000 us/op
WorkloadJitting  1: 1 op, 1279400.00 ns, 1.2794 ms/op

OverheadJitting  2: 16 op, 181100.00 ns, 11.3188 us/op
WorkloadJitting  2: 16 op, 179000.00 ns, 11.1875 us/op

WorkloadPilot    1: 16 op, 14600.00 ns, 912.5000 ns/op
WorkloadPilot    2: 273984 op, 99869500.00 ns, 364.5085 ns/op
WorkloadPilot    3: 685856 op, 79467800.00 ns, 115.8666 ns/op
WorkloadPilot    4: 2157664 op, 196501600.00 ns, 91.0715 ns/op
WorkloadPilot    5: 2745104 op, 245275400.00 ns, 89.3501 ns/op
WorkloadPilot    6: 2797984 op, 260289700.00 ns, 93.0276 ns/op
WorkloadPilot    7: 2687376 op, 252196500.00 ns, 93.8449 ns/op
WorkloadPilot    8: 2663984 op, 244612800.00 ns, 91.8222 ns/op
WorkloadPilot    9: 2722656 op, 258301500.00 ns, 94.8711 ns/op

OverheadWarmup   1: 2722656 op, 6711000.00 ns, 2.4649 ns/op
OverheadWarmup   2: 2722656 op, 6823000.00 ns, 2.5060 ns/op
OverheadWarmup   3: 2722656 op, 7020600.00 ns, 2.5786 ns/op
OverheadWarmup   4: 2722656 op, 7272500.00 ns, 2.6711 ns/op
OverheadWarmup   5: 2722656 op, 6977300.00 ns, 2.5627 ns/op
OverheadWarmup   6: 2722656 op, 6761600.00 ns, 2.4835 ns/op
OverheadWarmup   7: 2722656 op, 6738300.00 ns, 2.4749 ns/op
OverheadWarmup   8: 2722656 op, 6800200.00 ns, 2.4976 ns/op
OverheadWarmup   9: 2722656 op, 6932400.00 ns, 2.5462 ns/op
OverheadWarmup  10: 2722656 op, 6850500.00 ns, 2.5161 ns/op

OverheadActual   1: 2722656 op, 6713000.00 ns, 2.4656 ns/op
OverheadActual   2: 2722656 op, 6747400.00 ns, 2.4782 ns/op
OverheadActual   3: 2722656 op, 6709400.00 ns, 2.4643 ns/op
OverheadActual   4: 2722656 op, 6688900.00 ns, 2.4568 ns/op
OverheadActual   5: 2722656 op, 6947500.00 ns, 2.5517 ns/op
OverheadActual   6: 2722656 op, 7000500.00 ns, 2.5712 ns/op
OverheadActual   7: 2722656 op, 7071800.00 ns, 2.5974 ns/op
OverheadActual   8: 2722656 op, 6941000.00 ns, 2.5493 ns/op
OverheadActual   9: 2722656 op, 6762700.00 ns, 2.4839 ns/op
OverheadActual  10: 2722656 op, 6694800.00 ns, 2.4589 ns/op
OverheadActual  11: 2722656 op, 6717000.00 ns, 2.4671 ns/op
OverheadActual  12: 2722656 op, 7143700.00 ns, 2.6238 ns/op
OverheadActual  13: 2722656 op, 7096000.00 ns, 2.6063 ns/op
OverheadActual  14: 2722656 op, 6861500.00 ns, 2.5201 ns/op
OverheadActual  15: 2722656 op, 7242900.00 ns, 2.6602 ns/op

WorkloadWarmup   1: 2722656 op, 255025700.00 ns, 93.6680 ns/op
WorkloadWarmup   2: 2722656 op, 247883200.00 ns, 91.0446 ns/op
WorkloadWarmup   3: 2722656 op, 247986700.00 ns, 91.0826 ns/op
WorkloadWarmup   4: 2722656 op, 243656400.00 ns, 89.4922 ns/op
WorkloadWarmup   5: 2722656 op, 244793700.00 ns, 89.9099 ns/op
WorkloadWarmup   6: 2722656 op, 241453500.00 ns, 88.6831 ns/op

// BeforeActualRun
WorkloadActual   1: 2722656 op, 243659500.00 ns, 89.4933 ns/op
WorkloadActual   2: 2722656 op, 255052400.00 ns, 93.6778 ns/op
WorkloadActual   3: 2722656 op, 255072700.00 ns, 93.6852 ns/op
WorkloadActual   4: 2722656 op, 265739700.00 ns, 97.6031 ns/op
WorkloadActual   5: 2722656 op, 254342800.00 ns, 93.4172 ns/op
WorkloadActual   6: 2722656 op, 265980300.00 ns, 97.6915 ns/op
WorkloadActual   7: 2722656 op, 247182900.00 ns, 90.7874 ns/op
WorkloadActual   8: 2722656 op, 253263900.00 ns, 93.0209 ns/op
WorkloadActual   9: 2722656 op, 250967100.00 ns, 92.1773 ns/op
WorkloadActual  10: 2722656 op, 256918300.00 ns, 94.3631 ns/op
WorkloadActual  11: 2722656 op, 248386600.00 ns, 91.2295 ns/op
WorkloadActual  12: 2722656 op, 273030600.00 ns, 100.2810 ns/op
WorkloadActual  13: 2722656 op, 281562800.00 ns, 103.4148 ns/op
WorkloadActual  14: 2722656 op, 252678800.00 ns, 92.8060 ns/op
WorkloadActual  15: 2722656 op, 252377400.00 ns, 92.6953 ns/op
WorkloadActual  16: 2722656 op, 252998100.00 ns, 92.9233 ns/op
WorkloadActual  17: 2722656 op, 248779600.00 ns, 91.3739 ns/op
WorkloadActual  18: 2722656 op, 241389900.00 ns, 88.6597 ns/op
WorkloadActual  19: 2722656 op, 241493700.00 ns, 88.6978 ns/op
WorkloadActual  20: 2722656 op, 241784500.00 ns, 88.8046 ns/op
WorkloadActual  21: 2722656 op, 240779300.00 ns, 88.4354 ns/op
WorkloadActual  22: 2722656 op, 242305800.00 ns, 88.9961 ns/op
WorkloadActual  23: 2722656 op, 241716400.00 ns, 88.7796 ns/op
WorkloadActual  24: 2722656 op, 243022400.00 ns, 89.2593 ns/op
WorkloadActual  25: 2722656 op, 241111300.00 ns, 88.5574 ns/op
WorkloadActual  26: 2722656 op, 240821400.00 ns, 88.4509 ns/op
WorkloadActual  27: 2722656 op, 241028000.00 ns, 88.5268 ns/op
WorkloadActual  28: 2722656 op, 242478000.00 ns, 89.0594 ns/op
WorkloadActual  29: 2722656 op, 260435500.00 ns, 95.6549 ns/op
WorkloadActual  30: 2722656 op, 264121500.00 ns, 97.0088 ns/op
WorkloadActual  31: 2722656 op, 264284000.00 ns, 97.0685 ns/op
WorkloadActual  32: 2722656 op, 249026800.00 ns, 91.4647 ns/op
WorkloadActual  33: 2722656 op, 267096300.00 ns, 98.1014 ns/op
WorkloadActual  34: 2722656 op, 265913400.00 ns, 97.6669 ns/op
WorkloadActual  35: 2722656 op, 264016700.00 ns, 96.9703 ns/op
WorkloadActual  36: 2722656 op, 257753700.00 ns, 94.6699 ns/op
WorkloadActual  37: 2722656 op, 247741800.00 ns, 90.9927 ns/op
WorkloadActual  38: 2722656 op, 244091800.00 ns, 89.6521 ns/op
WorkloadActual  39: 2722656 op, 250206100.00 ns, 91.8978 ns/op
WorkloadActual  40: 2722656 op, 243411000.00 ns, 89.4020 ns/op
WorkloadActual  41: 2722656 op, 272059500.00 ns, 99.9243 ns/op
WorkloadActual  42: 2722656 op, 288787100.00 ns, 106.0682 ns/op
WorkloadActual  43: 2722656 op, 275528300.00 ns, 101.1984 ns/op
WorkloadActual  44: 2722656 op, 252094600.00 ns, 92.5914 ns/op
WorkloadActual  45: 2722656 op, 268143600.00 ns, 98.4860 ns/op
WorkloadActual  46: 2722656 op, 267964100.00 ns, 98.4201 ns/op
WorkloadActual  47: 2722656 op, 259031500.00 ns, 95.1393 ns/op
WorkloadActual  48: 2722656 op, 255973300.00 ns, 94.0160 ns/op
WorkloadActual  49: 2722656 op, 247869800.00 ns, 91.0397 ns/op
WorkloadActual  50: 2722656 op, 246474600.00 ns, 90.5273 ns/op
WorkloadActual  51: 2722656 op, 247776100.00 ns, 91.0053 ns/op
WorkloadActual  52: 2722656 op, 259991200.00 ns, 95.4918 ns/op
WorkloadActual  53: 2722656 op, 240423000.00 ns, 88.3046 ns/op
WorkloadActual  54: 2722656 op, 240429100.00 ns, 88.3068 ns/op
WorkloadActual  55: 2722656 op, 240656100.00 ns, 88.3902 ns/op
WorkloadActual  56: 2722656 op, 240909500.00 ns, 88.4833 ns/op
WorkloadActual  57: 2722656 op, 239843400.00 ns, 88.0917 ns/op

// AfterActualRun
WorkloadResult   1: 2722656 op, 236798000.00 ns, 86.9732 ns/op
WorkloadResult   2: 2722656 op, 248190900.00 ns, 91.1576 ns/op
WorkloadResult   3: 2722656 op, 248211200.00 ns, 91.1651 ns/op
WorkloadResult   4: 2722656 op, 258878200.00 ns, 95.0830 ns/op
WorkloadResult   5: 2722656 op, 247481300.00 ns, 90.8970 ns/op
WorkloadResult   6: 2722656 op, 259118800.00 ns, 95.1713 ns/op
WorkloadResult   7: 2722656 op, 240321400.00 ns, 88.2673 ns/op
WorkloadResult   8: 2722656 op, 246402400.00 ns, 90.5007 ns/op
WorkloadResult   9: 2722656 op, 244105600.00 ns, 89.6572 ns/op
WorkloadResult  10: 2722656 op, 250056800.00 ns, 91.8430 ns/op
WorkloadResult  11: 2722656 op, 241525100.00 ns, 88.7094 ns/op
WorkloadResult  12: 2722656 op, 266169100.00 ns, 97.7608 ns/op
WorkloadResult  13: 2722656 op, 274701300.00 ns, 100.8946 ns/op
WorkloadResult  14: 2722656 op, 245817300.00 ns, 90.2858 ns/op
WorkloadResult  15: 2722656 op, 245515900.00 ns, 90.1751 ns/op
WorkloadResult  16: 2722656 op, 246136600.00 ns, 90.4031 ns/op
WorkloadResult  17: 2722656 op, 241918100.00 ns, 88.8537 ns/op
WorkloadResult  18: 2722656 op, 234528400.00 ns, 86.1396 ns/op
WorkloadResult  19: 2722656 op, 234632200.00 ns, 86.1777 ns/op
WorkloadResult  20: 2722656 op, 234923000.00 ns, 86.2845 ns/op
WorkloadResult  21: 2722656 op, 233917800.00 ns, 85.9153 ns/op
WorkloadResult  22: 2722656 op, 235444300.00 ns, 86.4760 ns/op
WorkloadResult  23: 2722656 op, 234854900.00 ns, 86.2595 ns/op
WorkloadResult  24: 2722656 op, 236160900.00 ns, 86.7392 ns/op
WorkloadResult  25: 2722656 op, 234249800.00 ns, 86.0372 ns/op
WorkloadResult  26: 2722656 op, 233959900.00 ns, 85.9308 ns/op
WorkloadResult  27: 2722656 op, 234166500.00 ns, 86.0066 ns/op
WorkloadResult  28: 2722656 op, 235616500.00 ns, 86.5392 ns/op
WorkloadResult  29: 2722656 op, 253574000.00 ns, 93.1348 ns/op
WorkloadResult  30: 2722656 op, 257260000.00 ns, 94.4886 ns/op
WorkloadResult  31: 2722656 op, 257422500.00 ns, 94.5483 ns/op
WorkloadResult  32: 2722656 op, 242165300.00 ns, 88.9445 ns/op
WorkloadResult  33: 2722656 op, 260234800.00 ns, 95.5812 ns/op
WorkloadResult  34: 2722656 op, 259051900.00 ns, 95.1468 ns/op
WorkloadResult  35: 2722656 op, 257155200.00 ns, 94.4501 ns/op
WorkloadResult  36: 2722656 op, 250892200.00 ns, 92.1498 ns/op
WorkloadResult  37: 2722656 op, 240880300.00 ns, 88.4725 ns/op
WorkloadResult  38: 2722656 op, 237230300.00 ns, 87.1319 ns/op
WorkloadResult  39: 2722656 op, 243344600.00 ns, 89.3777 ns/op
WorkloadResult  40: 2722656 op, 236549500.00 ns, 86.8819 ns/op
WorkloadResult  41: 2722656 op, 265198000.00 ns, 97.4042 ns/op
WorkloadResult  42: 2722656 op, 268666800.00 ns, 98.6782 ns/op
WorkloadResult  43: 2722656 op, 245233100.00 ns, 90.0713 ns/op
WorkloadResult  44: 2722656 op, 261282100.00 ns, 95.9659 ns/op
WorkloadResult  45: 2722656 op, 261102600.00 ns, 95.9000 ns/op
WorkloadResult  46: 2722656 op, 252170000.00 ns, 92.6191 ns/op
WorkloadResult  47: 2722656 op, 249111800.00 ns, 91.4959 ns/op
WorkloadResult  48: 2722656 op, 241008300.00 ns, 88.5196 ns/op
WorkloadResult  49: 2722656 op, 239613100.00 ns, 88.0071 ns/op
WorkloadResult  50: 2722656 op, 240914600.00 ns, 88.4851 ns/op
WorkloadResult  51: 2722656 op, 253129700.00 ns, 92.9716 ns/op
WorkloadResult  52: 2722656 op, 233561500.00 ns, 85.7844 ns/op
WorkloadResult  53: 2722656 op, 233567600.00 ns, 85.7867 ns/op
WorkloadResult  54: 2722656 op, 233794600.00 ns, 85.8700 ns/op
WorkloadResult  55: 2722656 op, 234048000.00 ns, 85.9631 ns/op
WorkloadResult  56: 2722656 op, 232981900.00 ns, 85.5716 ns/op
// GC:  338 0 0 2831562240 2722656
// Threading:  0 0 2722656

// AfterAll
// Benchmark Process 17776 has exited with code 0.

Mean = 90.280 ns, StdErr = 0.534 ns (0.59%), N = 56, StdDev = 3.993 ns
Min = 85.572 ns, Q1 = 86.523 ns, Median = 89.517 ns, Q3 = 93.012 ns, Max = 100.895 ns
IQR = 6.489 ns, LowerFence = 76.790 ns, UpperFence = 102.746 ns
ConfidenceInterval = [88.425 ns; 92.135 ns] (CI 99.9%), Margin = 1.855 ns (2.05% of Mean)
Skewness = 0.66, Kurtosis = 2.42, MValue = 2.25

// ** Remained 69 (81.2%) benchmark(s) to run. Estimated finish 2026-02-06 8:26 (0h 20m from now) **
Setup power plan (GUID: 8c5e7fda-e8bf-4a96-9a85-a6e23a8c635c FriendlyName: High performance)
// **************************
// Benchmark: Scenario1.A_EnumerationsOptions_Result_Fail_WithErrorMessage: .NET 10.0(Runtime=.NET 10.0, IterationTime=250ms) [Iterations=10]
// *** Execute ***
// Launch: 1 / 1
// Execute: dotnet Enumerations.Options.Benchmarks-1.dll --anonymousPipes 1888 1196 --benchmarkName "ReillyDigital.Enumerations.Options.Benchmarks.Scenarios.Scenario1.A_EnumerationsOptions_Result_Fail_WithErrorMessage(Iterations: 10)" --job ".NET 10.0" --benchmarkId 16 in D:\x\devs\reilly-digital\dotnet\enumerations.options.benchmarks\bin\Debug\net10.0\Enumerations.Options.Benchmarks-1\bin\Release\net10.0
// BeforeAnythingElse

// Benchmark Process Environment Information:
// BenchmarkDotNet v0.15.8
// Runtime=.NET 10.0.2 (10.0.2, 10.0.225.61305), X64 RyuJIT x86-64-v3
// GC=Concurrent Workstation
// HardwareIntrinsics=AVX2+BMI1+BMI2+F16C+FMA+LZCNT+MOVBE,AVX,SSE3+SSSE3+SSE4.1+SSE4.2+POPCNT,X86Base+SSE+SSE2,AES+PCLMUL VectorSize=256
// Job: .NET 10.0(IterationTime=250ms)

OverheadJitting  1: 1 op, 106000.00 ns, 106.0000 us/op
WorkloadJitting  1: 1 op, 10312200.00 ns, 10.3122 ms/op

OverheadJitting  2: 16 op, 177600.00 ns, 11.1000 us/op
WorkloadJitting  2: 16 op, 155000.00 ns, 9.6875 us/op

WorkloadPilot    1: 16 op, 1400.00 ns, 87.5000 ns/op
WorkloadPilot    2: 2857152 op, 167248400.00 ns, 58.5368 ns/op
WorkloadPilot    3: 4270832 op, 48694400.00 ns, 11.4016 ns/op
WorkloadPilot    4: 21926720 op, 92285400.00 ns, 4.2088 ns/op
WorkloadPilot    5: 59399216 op, 252342400.00 ns, 4.2482 ns/op
WorkloadPilot    6: 58847840 op, 247333700.00 ns, 4.2029 ns/op
WorkloadPilot    7: 59482240 op, 250444300.00 ns, 4.2104 ns/op
WorkloadPilot    8: 59376720 op, 251185500.00 ns, 4.2304 ns/op

OverheadWarmup   1: 59376720 op, 146741700.00 ns, 2.4714 ns/op
OverheadWarmup   2: 59376720 op, 117801700.00 ns, 1.9840 ns/op
OverheadWarmup   3: 59376720 op, 89717900.00 ns, 1.5110 ns/op
OverheadWarmup   4: 59376720 op, 88442600.00 ns, 1.4895 ns/op
OverheadWarmup   5: 59376720 op, 88288200.00 ns, 1.4869 ns/op
OverheadWarmup   6: 59376720 op, 88507800.00 ns, 1.4906 ns/op
OverheadWarmup   7: 59376720 op, 88134100.00 ns, 1.4843 ns/op
OverheadWarmup   8: 59376720 op, 88215400.00 ns, 1.4857 ns/op
OverheadWarmup   9: 59376720 op, 91028500.00 ns, 1.5331 ns/op
OverheadWarmup  10: 59376720 op, 91155800.00 ns, 1.5352 ns/op

OverheadActual   1: 59376720 op, 91031600.00 ns, 1.5331 ns/op
OverheadActual   2: 59376720 op, 90953400.00 ns, 1.5318 ns/op
OverheadActual   3: 59376720 op, 90757700.00 ns, 1.5285 ns/op
OverheadActual   4: 59376720 op, 88533800.00 ns, 1.4911 ns/op
OverheadActual   5: 59376720 op, 88397800.00 ns, 1.4888 ns/op
OverheadActual   6: 59376720 op, 90831000.00 ns, 1.5297 ns/op
OverheadActual   7: 59376720 op, 88461600.00 ns, 1.4898 ns/op
OverheadActual   8: 59376720 op, 89477600.00 ns, 1.5069 ns/op
OverheadActual   9: 59376720 op, 98349000.00 ns, 1.6564 ns/op
OverheadActual  10: 59376720 op, 102564600.00 ns, 1.7274 ns/op
OverheadActual  11: 59376720 op, 91051900.00 ns, 1.5335 ns/op
OverheadActual  12: 59376720 op, 89289500.00 ns, 1.5038 ns/op
OverheadActual  13: 59376720 op, 88952300.00 ns, 1.4981 ns/op
OverheadActual  14: 59376720 op, 88692200.00 ns, 1.4937 ns/op
OverheadActual  15: 59376720 op, 88795300.00 ns, 1.4955 ns/op

WorkloadWarmup   1: 59376720 op, 260754400.00 ns, 4.3915 ns/op
WorkloadWarmup   2: 59376720 op, 250495800.00 ns, 4.2188 ns/op
WorkloadWarmup   3: 59376720 op, 250742300.00 ns, 4.2229 ns/op
WorkloadWarmup   4: 59376720 op, 249659700.00 ns, 4.2047 ns/op
WorkloadWarmup   5: 59376720 op, 250835800.00 ns, 4.2245 ns/op
WorkloadWarmup   6: 59376720 op, 249242700.00 ns, 4.1977 ns/op

// BeforeActualRun
WorkloadActual   1: 59376720 op, 251101600.00 ns, 4.2290 ns/op
WorkloadActual   2: 59376720 op, 250460900.00 ns, 4.2182 ns/op
WorkloadActual   3: 59376720 op, 271942300.00 ns, 4.5799 ns/op
WorkloadActual   4: 59376720 op, 255563800.00 ns, 4.3041 ns/op
WorkloadActual   5: 59376720 op, 255079200.00 ns, 4.2959 ns/op
WorkloadActual   6: 59376720 op, 252907800.00 ns, 4.2594 ns/op
WorkloadActual   7: 59376720 op, 250805400.00 ns, 4.2240 ns/op
WorkloadActual   8: 59376720 op, 250457200.00 ns, 4.2181 ns/op
WorkloadActual   9: 59376720 op, 250314900.00 ns, 4.2157 ns/op
WorkloadActual  10: 59376720 op, 251159200.00 ns, 4.2299 ns/op
WorkloadActual  11: 59376720 op, 252062500.00 ns, 4.2451 ns/op
WorkloadActual  12: 59376720 op, 255289200.00 ns, 4.2995 ns/op
WorkloadActual  13: 59376720 op, 263879500.00 ns, 4.4442 ns/op
WorkloadActual  14: 59376720 op, 251754400.00 ns, 4.2400 ns/op
WorkloadActual  15: 59376720 op, 253292100.00 ns, 4.2658 ns/op

// AfterActualRun
WorkloadResult   1: 59376720 op, 161624000.00 ns, 2.7220 ns/op
WorkloadResult   2: 59376720 op, 160983300.00 ns, 2.7112 ns/op
WorkloadResult   3: 59376720 op, 166086200.00 ns, 2.7972 ns/op
WorkloadResult   4: 59376720 op, 165601600.00 ns, 2.7890 ns/op
WorkloadResult   5: 59376720 op, 163430200.00 ns, 2.7524 ns/op
WorkloadResult   6: 59376720 op, 161327800.00 ns, 2.7170 ns/op
WorkloadResult   7: 59376720 op, 160979600.00 ns, 2.7112 ns/op
WorkloadResult   8: 59376720 op, 160837300.00 ns, 2.7088 ns/op
WorkloadResult   9: 59376720 op, 161681600.00 ns, 2.7230 ns/op
WorkloadResult  10: 59376720 op, 162584900.00 ns, 2.7382 ns/op
WorkloadResult  11: 59376720 op, 165811600.00 ns, 2.7925 ns/op
WorkloadResult  12: 59376720 op, 162276800.00 ns, 2.7330 ns/op
WorkloadResult  13: 59376720 op, 163814500.00 ns, 2.7589 ns/op
// GC:  0 0 0 0 59376720
// Threading:  0 0 59376720

// AfterAll
// Benchmark Process 20780 has exited with code 0.

Mean = 2.743 ns, StdErr = 0.009 ns (0.33%), N = 13, StdDev = 0.033 ns
Min = 2.709 ns, Q1 = 2.717 ns, Median = 2.733 ns, Q3 = 2.759 ns, Max = 2.797 ns
IQR = 0.042 ns, LowerFence = 2.654 ns, UpperFence = 2.822 ns
ConfidenceInterval = [2.704 ns; 2.782 ns] (CI 99.9%), Margin = 0.039 ns (1.42% of Mean)
Skewness = 0.57, Kurtosis = 1.64, MValue = 2

// ** Remained 68 (80.0%) benchmark(s) to run. Estimated finish 2026-02-06 8:26 (0h 19m from now) **
Setup power plan (GUID: 8c5e7fda-e8bf-4a96-9a85-a6e23a8c635c FriendlyName: High performance)
// **************************
// Benchmark: Scenario1.B_FluentResults_Result_Fail_WithErrorMessage: .NET 10.0(Runtime=.NET 10.0, IterationTime=250ms) [Iterations=10]
// *** Execute ***
// Launch: 1 / 1
// Execute: dotnet Enumerations.Options.Benchmarks-1.dll --anonymousPipes 2068 2060 --benchmarkName "ReillyDigital.Enumerations.Options.Benchmarks.Scenarios.Scenario1.B_FluentResults_Result_Fail_WithErrorMessage(Iterations: 10)" --job ".NET 10.0" --benchmarkId 17 in D:\x\devs\reilly-digital\dotnet\enumerations.options.benchmarks\bin\Debug\net10.0\Enumerations.Options.Benchmarks-1\bin\Release\net10.0
// BeforeAnythingElse

// Benchmark Process Environment Information:
// BenchmarkDotNet v0.15.8
// Runtime=.NET 10.0.2 (10.0.2, 10.0.225.61305), X64 RyuJIT x86-64-v3
// GC=Concurrent Workstation
// HardwareIntrinsics=AVX2+BMI1+BMI2+F16C+FMA+LZCNT+MOVBE,AVX,SSE3+SSSE3+SSE4.1+SSE4.2+POPCNT,X86Base+SSE+SSE2,AES+PCLMUL VectorSize=256
// Job: .NET 10.0(IterationTime=250ms)

OverheadJitting  1: 1 op, 108000.00 ns, 108.0000 us/op
WorkloadJitting  1: 1 op, 10191800.00 ns, 10.1918 ms/op

OverheadJitting  2: 16 op, 177800.00 ns, 11.1125 us/op
WorkloadJitting  2: 16 op, 179900.00 ns, 11.2438 us/op

WorkloadPilot    1: 16 op, 29700.00 ns, 1.8563 us/op
WorkloadPilot    2: 134688 op, 122521300.00 ns, 909.6675 ns/op
WorkloadPilot    3: 274832 op, 127122000.00 ns, 462.5444 ns/op
WorkloadPilot    4: 540496 op, 126433900.00 ns, 233.9220 ns/op
WorkloadPilot    5: 1068736 op, 243552800.00 ns, 227.8886 ns/op
WorkloadPilot    6: 1097040 op, 245232200.00 ns, 223.5399 ns/op
WorkloadPilot    7: 1118384 op, 249092100.00 ns, 222.7250 ns/op
WorkloadPilot    8: 1122464 op, 253592900.00 ns, 225.9252 ns/op
WorkloadPilot    9: 1106576 op, 247682600.00 ns, 223.8279 ns/op
WorkloadPilot   10: 1116944 op, 251298500.00 ns, 224.9876 ns/op
WorkloadPilot   11: 1111184 op, 247349500.00 ns, 222.5999 ns/op
WorkloadPilot   12: 1123104 op, 255052100.00 ns, 227.0957 ns/op

OverheadWarmup   1: 1123104 op, 2792700.00 ns, 2.4866 ns/op
OverheadWarmup   2: 1123104 op, 2768000.00 ns, 2.4646 ns/op
OverheadWarmup   3: 1123104 op, 2764900.00 ns, 2.4618 ns/op
OverheadWarmup   4: 1123104 op, 2839300.00 ns, 2.5281 ns/op
OverheadWarmup   5: 1123104 op, 2798300.00 ns, 2.4916 ns/op
OverheadWarmup   6: 1123104 op, 2854500.00 ns, 2.5416 ns/op
OverheadWarmup   7: 1123104 op, 2944600.00 ns, 2.6218 ns/op
OverheadWarmup   8: 1123104 op, 2770900.00 ns, 2.4672 ns/op

OverheadActual   1: 1123104 op, 2757200.00 ns, 2.4550 ns/op
OverheadActual   2: 1123104 op, 2743600.00 ns, 2.4429 ns/op
OverheadActual   3: 1123104 op, 2790200.00 ns, 2.4844 ns/op
OverheadActual   4: 1123104 op, 2734800.00 ns, 2.4350 ns/op
OverheadActual   5: 1123104 op, 3084900.00 ns, 2.7468 ns/op
OverheadActual   6: 1123104 op, 2777900.00 ns, 2.4734 ns/op
OverheadActual   7: 1123104 op, 2749700.00 ns, 2.4483 ns/op
OverheadActual   8: 1123104 op, 2760800.00 ns, 2.4582 ns/op
OverheadActual   9: 1123104 op, 2804700.00 ns, 2.4973 ns/op
OverheadActual  10: 1123104 op, 2813400.00 ns, 2.5050 ns/op
OverheadActual  11: 1123104 op, 2796500.00 ns, 2.4900 ns/op
OverheadActual  12: 1123104 op, 2786900.00 ns, 2.4814 ns/op
OverheadActual  13: 1123104 op, 2804800.00 ns, 2.4974 ns/op
OverheadActual  14: 1123104 op, 2815000.00 ns, 2.5064 ns/op
OverheadActual  15: 1123104 op, 2810000.00 ns, 2.5020 ns/op

WorkloadWarmup   1: 1123104 op, 253503100.00 ns, 225.7165 ns/op
WorkloadWarmup   2: 1123104 op, 252536000.00 ns, 224.8554 ns/op
WorkloadWarmup   3: 1123104 op, 249019300.00 ns, 221.7242 ns/op
WorkloadWarmup   4: 1123104 op, 272770500.00 ns, 242.8720 ns/op
WorkloadWarmup   5: 1123104 op, 322282400.00 ns, 286.9569 ns/op
WorkloadWarmup   6: 1123104 op, 326018800.00 ns, 290.2837 ns/op
WorkloadWarmup   7: 1123104 op, 317961900.00 ns, 283.1099 ns/op
WorkloadWarmup   8: 1123104 op, 309956900.00 ns, 275.9824 ns/op
WorkloadWarmup   9: 1123104 op, 292910200.00 ns, 260.8042 ns/op
WorkloadWarmup  10: 1123104 op, 290003900.00 ns, 258.2164 ns/op
WorkloadWarmup  11: 1123104 op, 251957700.00 ns, 224.3405 ns/op
WorkloadWarmup  12: 1123104 op, 252844900.00 ns, 225.1304 ns/op
WorkloadWarmup  13: 1123104 op, 274504700.00 ns, 244.4161 ns/op
WorkloadWarmup  14: 1123104 op, 270689800.00 ns, 241.0194 ns/op

// BeforeActualRun
WorkloadActual   1: 1123104 op, 264224100.00 ns, 235.2624 ns/op
WorkloadActual   2: 1123104 op, 261782800.00 ns, 233.0887 ns/op
WorkloadActual   3: 1123104 op, 249877900.00 ns, 222.4887 ns/op
WorkloadActual   4: 1123104 op, 250317900.00 ns, 222.8804 ns/op
WorkloadActual   5: 1123104 op, 250321900.00 ns, 222.8840 ns/op
WorkloadActual   6: 1123104 op, 251250100.00 ns, 223.7104 ns/op
WorkloadActual   7: 1123104 op, 251726000.00 ns, 224.1342 ns/op
WorkloadActual   8: 1123104 op, 258732200.00 ns, 230.3724 ns/op
WorkloadActual   9: 1123104 op, 260126800.00 ns, 231.6142 ns/op
WorkloadActual  10: 1123104 op, 251117600.00 ns, 223.5925 ns/op
WorkloadActual  11: 1123104 op, 249726700.00 ns, 222.3540 ns/op
WorkloadActual  12: 1123104 op, 255189700.00 ns, 227.2182 ns/op
WorkloadActual  13: 1123104 op, 249963000.00 ns, 222.5644 ns/op
WorkloadActual  14: 1123104 op, 252816300.00 ns, 225.1050 ns/op
WorkloadActual  15: 1123104 op, 251904900.00 ns, 224.2935 ns/op
WorkloadActual  16: 1123104 op, 254113800.00 ns, 226.2603 ns/op

// AfterActualRun
WorkloadResult   1: 1123104 op, 261433900.00 ns, 232.7780 ns/op
WorkloadResult   2: 1123104 op, 258992600.00 ns, 230.6043 ns/op
WorkloadResult   3: 1123104 op, 247087700.00 ns, 220.0043 ns/op
WorkloadResult   4: 1123104 op, 247527700.00 ns, 220.3961 ns/op
WorkloadResult   5: 1123104 op, 247531700.00 ns, 220.3996 ns/op
WorkloadResult   6: 1123104 op, 248459900.00 ns, 221.2261 ns/op
WorkloadResult   7: 1123104 op, 248935800.00 ns, 221.6498 ns/op
WorkloadResult   8: 1123104 op, 255942000.00 ns, 227.8881 ns/op
WorkloadResult   9: 1123104 op, 257336600.00 ns, 229.1298 ns/op
WorkloadResult  10: 1123104 op, 248327400.00 ns, 221.1081 ns/op
WorkloadResult  11: 1123104 op, 246936500.00 ns, 219.8697 ns/op
WorkloadResult  12: 1123104 op, 252399500.00 ns, 224.7339 ns/op
WorkloadResult  13: 1123104 op, 247172800.00 ns, 220.0801 ns/op
WorkloadResult  14: 1123104 op, 250026100.00 ns, 222.6206 ns/op
WorkloadResult  15: 1123104 op, 249114700.00 ns, 221.8091 ns/op
WorkloadResult  16: 1123104 op, 251323600.00 ns, 223.7759 ns/op
// GC:  150 0 0 1257876480 1123104
// Threading:  0 0 1123104

// AfterAll
// Benchmark Process 11368 has exited with code 0.

Mean = 223.630 ns, StdErr = 1.047 ns (0.47%), N = 16, StdDev = 4.188 ns
Min = 219.870 ns, Q1 = 220.399 ns, Median = 221.729 ns, Q3 = 225.522 ns, Max = 232.778 ns
IQR = 5.124 ns, LowerFence = 212.713 ns, UpperFence = 233.208 ns
ConfidenceInterval = [219.365 ns; 227.894 ns] (CI 99.9%), Margin = 4.264 ns (1.91% of Mean)
Skewness = 0.93, Kurtosis = 2.33, MValue = 2

// ** Remained 67 (78.8%) benchmark(s) to run. Estimated finish 2026-02-06 8:25 (0h 18m from now) **
Setup power plan (GUID: 8c5e7fda-e8bf-4a96-9a85-a6e23a8c635c FriendlyName: High performance)
// **************************
// Benchmark: Scenario1.E_Rascal_Result_Fail_WithErrorMessage: .NET 10.0(Runtime=.NET 10.0, IterationTime=250ms) [Iterations=10]
// *** Execute ***
// Launch: 1 / 1
// Execute: dotnet Enumerations.Options.Benchmarks-1.dll --anonymousPipes 1472 1532 --benchmarkName "ReillyDigital.Enumerations.Options.Benchmarks.Scenarios.Scenario1.E_Rascal_Result_Fail_WithErrorMessage(Iterations: 10)" --job ".NET 10.0" --benchmarkId 18 in D:\x\devs\reilly-digital\dotnet\enumerations.options.benchmarks\bin\Debug\net10.0\Enumerations.Options.Benchmarks-1\bin\Release\net10.0
// BeforeAnythingElse

// Benchmark Process Environment Information:
// BenchmarkDotNet v0.15.8
// Runtime=.NET 10.0.2 (10.0.2, 10.0.225.61305), X64 RyuJIT x86-64-v3
// GC=Concurrent Workstation
// HardwareIntrinsics=AVX2+BMI1+BMI2+F16C+FMA+LZCNT+MOVBE,AVX,SSE3+SSSE3+SSE4.1+SSE4.2+POPCNT,X86Base+SSE+SSE2,AES+PCLMUL VectorSize=256
// Job: .NET 10.0(IterationTime=250ms)

OverheadJitting  1: 1 op, 108600.00 ns, 108.6000 us/op
WorkloadJitting  1: 1 op, 10912500.00 ns, 10.9125 ms/op

OverheadJitting  2: 16 op, 178800.00 ns, 11.1750 us/op
WorkloadJitting  2: 16 op, 150500.00 ns, 9.4063 us/op

WorkloadPilot    1: 16 op, 2700.00 ns, 168.7500 ns/op
WorkloadPilot    2: 1481488 op, 180245100.00 ns, 121.6649 ns/op
WorkloadPilot    3: 2054832 op, 33153900.00 ns, 16.1346 ns/op
WorkloadPilot    4: 15494656 op, 62740600.00 ns, 4.0492 ns/op
WorkloadPilot    5: 61740960 op, 246336100.00 ns, 3.9898 ns/op
WorkloadPilot    6: 62659280 op, 249749700.00 ns, 3.9858 ns/op
WorkloadPilot    7: 62722080 op, 249839200.00 ns, 3.9833 ns/op
WorkloadPilot    8: 62762464 op, 250872400.00 ns, 3.9972 ns/op
WorkloadPilot    9: 62544224 op, 248504800.00 ns, 3.9733 ns/op
WorkloadPilot   10: 62920544 op, 249223900.00 ns, 3.9609 ns/op
WorkloadPilot   11: 63116496 op, 251604400.00 ns, 3.9863 ns/op
WorkloadPilot   12: 62714032 op, 250468300.00 ns, 3.9938 ns/op

OverheadWarmup   1: 62714032 op, 156010900.00 ns, 2.4877 ns/op
OverheadWarmup   2: 62714032 op, 118111500.00 ns, 1.8833 ns/op
OverheadWarmup   3: 62714032 op, 94300400.00 ns, 1.5037 ns/op
OverheadWarmup   4: 62714032 op, 94891400.00 ns, 1.5131 ns/op
OverheadWarmup   5: 62714032 op, 93988500.00 ns, 1.4987 ns/op
OverheadWarmup   6: 62714032 op, 94268900.00 ns, 1.5032 ns/op
OverheadWarmup   7: 62714032 op, 94292800.00 ns, 1.5035 ns/op
OverheadWarmup   8: 62714032 op, 94211600.00 ns, 1.5022 ns/op

OverheadActual   1: 62714032 op, 94949300.00 ns, 1.5140 ns/op
OverheadActual   2: 62714032 op, 94138800.00 ns, 1.5011 ns/op
OverheadActual   3: 62714032 op, 94194800.00 ns, 1.5020 ns/op
OverheadActual   4: 62714032 op, 95143100.00 ns, 1.5171 ns/op
OverheadActual   5: 62714032 op, 94298100.00 ns, 1.5036 ns/op
OverheadActual   6: 62714032 op, 93160700.00 ns, 1.4855 ns/op
OverheadActual   7: 62714032 op, 94095700.00 ns, 1.5004 ns/op
OverheadActual   8: 62714032 op, 94305000.00 ns, 1.5037 ns/op
OverheadActual   9: 62714032 op, 94382300.00 ns, 1.5050 ns/op
OverheadActual  10: 62714032 op, 94483300.00 ns, 1.5066 ns/op
OverheadActual  11: 62714032 op, 94672200.00 ns, 1.5096 ns/op
OverheadActual  12: 62714032 op, 94333000.00 ns, 1.5042 ns/op
OverheadActual  13: 62714032 op, 94336800.00 ns, 1.5042 ns/op
OverheadActual  14: 62714032 op, 94287400.00 ns, 1.5034 ns/op
OverheadActual  15: 62714032 op, 94054600.00 ns, 1.4997 ns/op

WorkloadWarmup   1: 62714032 op, 248639100.00 ns, 3.9646 ns/op
WorkloadWarmup   2: 62714032 op, 248253400.00 ns, 3.9585 ns/op
WorkloadWarmup   3: 62714032 op, 249529900.00 ns, 3.9789 ns/op
WorkloadWarmup   4: 62714032 op, 248200800.00 ns, 3.9577 ns/op
WorkloadWarmup   5: 62714032 op, 248935200.00 ns, 3.9694 ns/op
WorkloadWarmup   6: 62714032 op, 248197000.00 ns, 3.9576 ns/op

// BeforeActualRun
WorkloadActual   1: 62714032 op, 250690000.00 ns, 3.9974 ns/op
WorkloadActual   2: 62714032 op, 248692900.00 ns, 3.9655 ns/op
WorkloadActual   3: 62714032 op, 250112100.00 ns, 3.9881 ns/op
WorkloadActual   4: 62714032 op, 248529200.00 ns, 3.9629 ns/op
WorkloadActual   5: 62714032 op, 249562600.00 ns, 3.9794 ns/op
WorkloadActual   6: 62714032 op, 267796500.00 ns, 4.2701 ns/op
WorkloadActual   7: 62714032 op, 249773700.00 ns, 3.9827 ns/op
WorkloadActual   8: 62714032 op, 248997700.00 ns, 3.9704 ns/op
WorkloadActual   9: 62714032 op, 248824600.00 ns, 3.9676 ns/op
WorkloadActual  10: 62714032 op, 249054800.00 ns, 3.9713 ns/op
WorkloadActual  11: 62714032 op, 249042300.00 ns, 3.9711 ns/op
WorkloadActual  12: 62714032 op, 249453000.00 ns, 3.9776 ns/op
WorkloadActual  13: 62714032 op, 248735800.00 ns, 3.9662 ns/op
WorkloadActual  14: 62714032 op, 248677800.00 ns, 3.9653 ns/op
WorkloadActual  15: 62714032 op, 249970700.00 ns, 3.9859 ns/op

// AfterActualRun
WorkloadResult   1: 62714032 op, 156385000.00 ns, 2.4936 ns/op
WorkloadResult   2: 62714032 op, 154387900.00 ns, 2.4618 ns/op
WorkloadResult   3: 62714032 op, 155807100.00 ns, 2.4844 ns/op
WorkloadResult   4: 62714032 op, 154224200.00 ns, 2.4592 ns/op
WorkloadResult   5: 62714032 op, 155257600.00 ns, 2.4756 ns/op
WorkloadResult   6: 62714032 op, 155468700.00 ns, 2.4790 ns/op
WorkloadResult   7: 62714032 op, 154692700.00 ns, 2.4666 ns/op
WorkloadResult   8: 62714032 op, 154519600.00 ns, 2.4639 ns/op
WorkloadResult   9: 62714032 op, 154749800.00 ns, 2.4675 ns/op
WorkloadResult  10: 62714032 op, 154737300.00 ns, 2.4673 ns/op
WorkloadResult  11: 62714032 op, 155148000.00 ns, 2.4739 ns/op
WorkloadResult  12: 62714032 op, 154430800.00 ns, 2.4625 ns/op
WorkloadResult  13: 62714032 op, 154372800.00 ns, 2.4615 ns/op
WorkloadResult  14: 62714032 op, 155665700.00 ns, 2.4822 ns/op
// GC:  0 0 0 0 62714032
// Threading:  0 0 62714032

// AfterAll
// Benchmark Process 18456 has exited with code 0.

Mean = 2.471 ns, StdErr = 0.003 ns (0.11%), N = 14, StdDev = 0.010 ns
Min = 2.459 ns, Q1 = 2.463 ns, Median = 2.467 ns, Q3 = 2.478 ns, Max = 2.494 ns
IQR = 0.015 ns, LowerFence = 2.440 ns, UpperFence = 2.501 ns
ConfidenceInterval = [2.460 ns; 2.483 ns] (CI 99.9%), Margin = 0.012 ns (0.47% of Mean)
Skewness = 0.65, Kurtosis = 2.13, MValue = 2

// ** Remained 66 (77.6%) benchmark(s) to run. Estimated finish 2026-02-06 8:25 (0h 18m from now) **
Setup power plan (GUID: 8c5e7fda-e8bf-4a96-9a85-a6e23a8c635c FriendlyName: High performance)
// **************************
// Benchmark: Scenario1.D_SimpleResults_Result_Fail_WithErrorMessage: .NET 10.0(Runtime=.NET 10.0, IterationTime=250ms) [Iterations=10]
// *** Execute ***
// Launch: 1 / 1
// Execute: dotnet Enumerations.Options.Benchmarks-1.dll --anonymousPipes 1256 1288 --benchmarkName "ReillyDigital.Enumerations.Options.Benchmarks.Scenarios.Scenario1.D_SimpleResults_Result_Fail_WithErrorMessage(Iterations: 10)" --job ".NET 10.0" --benchmarkId 19 in D:\x\devs\reilly-digital\dotnet\enumerations.options.benchmarks\bin\Debug\net10.0\Enumerations.Options.Benchmarks-1\bin\Release\net10.0
// BeforeAnythingElse

// Benchmark Process Environment Information:
// BenchmarkDotNet v0.15.8
// Runtime=.NET 10.0.2 (10.0.2, 10.0.225.61305), X64 RyuJIT x86-64-v3
// GC=Concurrent Workstation
// HardwareIntrinsics=AVX2+BMI1+BMI2+F16C+FMA+LZCNT+MOVBE,AVX,SSE3+SSSE3+SSE4.1+SSE4.2+POPCNT,X86Base+SSE+SSE2,AES+PCLMUL VectorSize=256
// Job: .NET 10.0(IterationTime=250ms)

OverheadJitting  1: 1 op, 115300.00 ns, 115.3000 us/op
WorkloadJitting  1: 1 op, 2892300.00 ns, 2.8923 ms/op

OverheadJitting  2: 16 op, 172000.00 ns, 10.7500 us/op
WorkloadJitting  2: 16 op, 174900.00 ns, 10.9313 us/op

WorkloadPilot    1: 16 op, 24000.00 ns, 1.5000 us/op
WorkloadPilot    2: 166672 op, 154865600.00 ns, 929.1639 ns/op
WorkloadPilot    3: 269072 op, 89699200.00 ns, 333.3650 ns/op
WorkloadPilot    4: 749936 op, 239171000.00 ns, 318.9219 ns/op
WorkloadPilot    5: 783904 op, 255438200.00 ns, 325.8539 ns/op
WorkloadPilot    6: 767216 op, 241898900.00 ns, 315.2944 ns/op
WorkloadPilot    7: 792912 op, 251359000.00 ns, 317.0074 ns/op
WorkloadPilot    8: 788640 op, 251947500.00 ns, 319.4709 ns/op

OverheadWarmup   1: 788640 op, 1975900.00 ns, 2.5055 ns/op
OverheadWarmup   2: 788640 op, 1940800.00 ns, 2.4609 ns/op
OverheadWarmup   3: 788640 op, 1943500.00 ns, 2.4644 ns/op
OverheadWarmup   4: 788640 op, 1899600.00 ns, 2.4087 ns/op
OverheadWarmup   5: 788640 op, 1938000.00 ns, 2.4574 ns/op
OverheadWarmup   6: 788640 op, 1952700.00 ns, 2.4760 ns/op
OverheadWarmup   7: 788640 op, 1927700.00 ns, 2.4443 ns/op

OverheadActual   1: 788640 op, 1900000.00 ns, 2.4092 ns/op
OverheadActual   2: 788640 op, 2123000.00 ns, 2.6920 ns/op
OverheadActual   3: 788640 op, 1919800.00 ns, 2.4343 ns/op
OverheadActual   4: 788640 op, 2069500.00 ns, 2.6241 ns/op
OverheadActual   5: 788640 op, 1919200.00 ns, 2.4336 ns/op
OverheadActual   6: 788640 op, 1962500.00 ns, 2.4885 ns/op
OverheadActual   7: 788640 op, 1903300.00 ns, 2.4134 ns/op
OverheadActual   8: 788640 op, 1939300.00 ns, 2.4590 ns/op
OverheadActual   9: 788640 op, 1926800.00 ns, 2.4432 ns/op
OverheadActual  10: 788640 op, 1941100.00 ns, 2.4613 ns/op
OverheadActual  11: 788640 op, 2125100.00 ns, 2.6946 ns/op
OverheadActual  12: 788640 op, 1942800.00 ns, 2.4635 ns/op
OverheadActual  13: 788640 op, 1941000.00 ns, 2.4612 ns/op
OverheadActual  14: 788640 op, 2071700.00 ns, 2.6269 ns/op
OverheadActual  15: 788640 op, 2097900.00 ns, 2.6601 ns/op

WorkloadWarmup   1: 788640 op, 256769700.00 ns, 325.5854 ns/op
WorkloadWarmup   2: 788640 op, 260147500.00 ns, 329.8685 ns/op
WorkloadWarmup   3: 788640 op, 257609200.00 ns, 326.6499 ns/op
WorkloadWarmup   4: 788640 op, 249168800.00 ns, 315.9475 ns/op
WorkloadWarmup   5: 788640 op, 252691900.00 ns, 320.4148 ns/op
WorkloadWarmup   6: 788640 op, 249164300.00 ns, 315.9417 ns/op

// BeforeActualRun
WorkloadActual   1: 788640 op, 253939800.00 ns, 321.9971 ns/op
WorkloadActual   2: 788640 op, 251944600.00 ns, 319.4672 ns/op
WorkloadActual   3: 788640 op, 255480400.00 ns, 323.9506 ns/op
WorkloadActual   4: 788640 op, 251600000.00 ns, 319.0302 ns/op
WorkloadActual   5: 788640 op, 253315500.00 ns, 321.2055 ns/op
WorkloadActual   6: 788640 op, 252461500.00 ns, 320.1226 ns/op
WorkloadActual   7: 788640 op, 258477700.00 ns, 327.7512 ns/op
WorkloadActual   8: 788640 op, 253355000.00 ns, 321.2556 ns/op
WorkloadActual   9: 788640 op, 257003900.00 ns, 325.8824 ns/op
WorkloadActual  10: 788640 op, 253266400.00 ns, 321.1432 ns/op
WorkloadActual  11: 788640 op, 255505200.00 ns, 323.9820 ns/op
WorkloadActual  12: 788640 op, 253516100.00 ns, 321.4599 ns/op
WorkloadActual  13: 788640 op, 255341000.00 ns, 323.7738 ns/op
WorkloadActual  14: 788640 op, 252979000.00 ns, 320.7788 ns/op
WorkloadActual  15: 788640 op, 254956300.00 ns, 323.2860 ns/op

// AfterActualRun
WorkloadResult   1: 788640 op, 251998700.00 ns, 319.5358 ns/op
WorkloadResult   2: 788640 op, 250003500.00 ns, 317.0059 ns/op
WorkloadResult   3: 788640 op, 253539300.00 ns, 321.4893 ns/op
WorkloadResult   4: 788640 op, 249658900.00 ns, 316.5689 ns/op
WorkloadResult   5: 788640 op, 251374400.00 ns, 318.7442 ns/op
WorkloadResult   6: 788640 op, 250520400.00 ns, 317.6613 ns/op
WorkloadResult   7: 788640 op, 256536600.00 ns, 325.2899 ns/op
WorkloadResult   8: 788640 op, 251413900.00 ns, 318.7943 ns/op
WorkloadResult   9: 788640 op, 255062800.00 ns, 323.4211 ns/op
WorkloadResult  10: 788640 op, 251325300.00 ns, 318.6819 ns/op
WorkloadResult  11: 788640 op, 253564100.00 ns, 321.5207 ns/op
WorkloadResult  12: 788640 op, 251575000.00 ns, 318.9985 ns/op
WorkloadResult  13: 788640 op, 253399900.00 ns, 321.3125 ns/op
WorkloadResult  14: 788640 op, 251037900.00 ns, 318.3175 ns/op
WorkloadResult  15: 788640 op, 253015200.00 ns, 320.8247 ns/op
// GC:  37 0 0 315456000 788640
// Threading:  0 0 788640

// AfterAll
// Benchmark Process 19656 has exited with code 0.

Mean = 319.878 ns, StdErr = 0.623 ns (0.19%), N = 15, StdDev = 2.412 ns
Min = 316.569 ns, Q1 = 318.500 ns, Median = 318.999 ns, Q3 = 321.401 ns, Max = 325.290 ns
IQR = 2.901 ns, LowerFence = 314.148 ns, UpperFence = 325.753 ns
ConfidenceInterval = [317.300 ns; 322.456 ns] (CI 99.9%), Margin = 2.578 ns (0.81% of Mean)
Skewness = 0.64, Kurtosis = 2.48, MValue = 2

// ** Remained 65 (76.5%) benchmark(s) to run. Estimated finish 2026-02-06 8:24 (0h 17m from now) **
Setup power plan (GUID: 8c5e7fda-e8bf-4a96-9a85-a6e23a8c635c FriendlyName: High performance)
// **************************
// Benchmark: Scenario1.C_ArdalisResult_Result_FailTValue: .NET 10.0(Runtime=.NET 10.0, IterationTime=250ms) [Iterations=10]
// *** Execute ***
// Launch: 1 / 1
// Execute: dotnet Enumerations.Options.Benchmarks-1.dll --anonymousPipes 1256 1288 --benchmarkName "ReillyDigital.Enumerations.Options.Benchmarks.Scenarios.Scenario1.C_ArdalisResult_Result_FailTValue(Iterations: 10)" --job ".NET 10.0" --benchmarkId 20 in D:\x\devs\reilly-digital\dotnet\enumerations.options.benchmarks\bin\Debug\net10.0\Enumerations.Options.Benchmarks-1\bin\Release\net10.0
// BeforeAnythingElse

// Benchmark Process Environment Information:
// BenchmarkDotNet v0.15.8
// Runtime=.NET 10.0.2 (10.0.2, 10.0.225.61305), X64 RyuJIT x86-64-v3
// GC=Concurrent Workstation
// HardwareIntrinsics=AVX2+BMI1+BMI2+F16C+FMA+LZCNT+MOVBE,AVX,SSE3+SSSE3+SSE4.1+SSE4.2+POPCNT,X86Base+SSE+SSE2,AES+PCLMUL VectorSize=256
// Job: .NET 10.0(IterationTime=250ms)

OverheadJitting  1: 1 op, 109900.00 ns, 109.9000 us/op
WorkloadJitting  1: 1 op, 1189500.00 ns, 1.1895 ms/op

OverheadJitting  2: 16 op, 166800.00 ns, 10.4250 us/op
WorkloadJitting  2: 16 op, 159000.00 ns, 9.9375 us/op

WorkloadPilot    1: 16 op, 7200.00 ns, 450.0000 ns/op
WorkloadPilot    2: 555568 op, 125102200.00 ns, 225.1789 ns/op
WorkloadPilot    3: 1110240 op, 75064200.00 ns, 67.6108 ns/op
WorkloadPilot    4: 3697648 op, 240329700.00 ns, 64.9953 ns/op
WorkloadPilot    5: 3846448 op, 248247300.00 ns, 64.5394 ns/op
WorkloadPilot    6: 3873616 op, 252482000.00 ns, 65.1799 ns/op
WorkloadPilot    7: 3835552 op, 231299400.00 ns, 60.3041 ns/op
WorkloadPilot    8: 4145664 op, 266229900.00 ns, 64.2189 ns/op
WorkloadPilot    9: 3892944 op, 253581600.00 ns, 65.1388 ns/op

OverheadWarmup   1: 3892944 op, 9895300.00 ns, 2.5419 ns/op
OverheadWarmup   2: 3892944 op, 9881400.00 ns, 2.5383 ns/op
OverheadWarmup   3: 3892944 op, 9898100.00 ns, 2.5426 ns/op
OverheadWarmup   4: 3892944 op, 9932800.00 ns, 2.5515 ns/op
OverheadWarmup   5: 3892944 op, 9878800.00 ns, 2.5376 ns/op
OverheadWarmup   6: 3892944 op, 9842300.00 ns, 2.5282 ns/op
OverheadWarmup   7: 3892944 op, 9718300.00 ns, 2.4964 ns/op
OverheadWarmup   8: 3892944 op, 9994800.00 ns, 2.5674 ns/op
OverheadWarmup   9: 3892944 op, 9978600.00 ns, 2.5633 ns/op

OverheadActual   1: 3892944 op, 9970600.00 ns, 2.5612 ns/op
OverheadActual   2: 3892944 op, 9961400.00 ns, 2.5588 ns/op
OverheadActual   3: 3892944 op, 9885200.00 ns, 2.5393 ns/op
OverheadActual   4: 3892944 op, 9925100.00 ns, 2.5495 ns/op
OverheadActual   5: 3892944 op, 9851900.00 ns, 2.5307 ns/op
OverheadActual   6: 3892944 op, 10045600.00 ns, 2.5805 ns/op
OverheadActual   7: 3892944 op, 9967000.00 ns, 2.5603 ns/op
OverheadActual   8: 3892944 op, 9666900.00 ns, 2.4832 ns/op
OverheadActual   9: 3892944 op, 9627300.00 ns, 2.4730 ns/op
OverheadActual  10: 3892944 op, 9942300.00 ns, 2.5539 ns/op
OverheadActual  11: 3892944 op, 10047100.00 ns, 2.5808 ns/op
OverheadActual  12: 3892944 op, 9921000.00 ns, 2.5485 ns/op
OverheadActual  13: 3892944 op, 9899400.00 ns, 2.5429 ns/op
OverheadActual  14: 3892944 op, 10026400.00 ns, 2.5755 ns/op
OverheadActual  15: 3892944 op, 10020900.00 ns, 2.5741 ns/op

WorkloadWarmup   1: 3892944 op, 240940400.00 ns, 61.8916 ns/op
WorkloadWarmup   2: 3892944 op, 252681200.00 ns, 64.9075 ns/op
WorkloadWarmup   3: 3892944 op, 251267900.00 ns, 64.5444 ns/op
WorkloadWarmup   4: 3892944 op, 246535200.00 ns, 63.3287 ns/op
WorkloadWarmup   5: 3892944 op, 253896300.00 ns, 65.2196 ns/op
WorkloadWarmup   6: 3892944 op, 236980500.00 ns, 60.8744 ns/op

// BeforeActualRun
WorkloadActual   1: 3892944 op, 243921800.00 ns, 62.6574 ns/op
WorkloadActual   2: 3892944 op, 255400100.00 ns, 65.6059 ns/op
WorkloadActual   3: 3892944 op, 243243900.00 ns, 62.4833 ns/op
WorkloadActual   4: 3892944 op, 260099000.00 ns, 66.8129 ns/op
WorkloadActual   5: 3892944 op, 284414300.00 ns, 73.0589 ns/op
WorkloadActual   6: 3892944 op, 260838200.00 ns, 67.0028 ns/op
WorkloadActual   7: 3892944 op, 240797200.00 ns, 61.8548 ns/op
WorkloadActual   8: 3892944 op, 265771000.00 ns, 68.2699 ns/op
WorkloadActual   9: 3892944 op, 242666500.00 ns, 62.3350 ns/op
WorkloadActual  10: 3892944 op, 253905500.00 ns, 65.2220 ns/op
WorkloadActual  11: 3892944 op, 242629000.00 ns, 62.3253 ns/op
WorkloadActual  12: 3892944 op, 251685400.00 ns, 64.6517 ns/op
WorkloadActual  13: 3892944 op, 242228500.00 ns, 62.2224 ns/op
WorkloadActual  14: 3892944 op, 280931600.00 ns, 72.1643 ns/op
WorkloadActual  15: 3892944 op, 242774800.00 ns, 62.3628 ns/op
WorkloadActual  16: 3892944 op, 263092100.00 ns, 67.5818 ns/op
WorkloadActual  17: 3892944 op, 260717500.00 ns, 66.9718 ns/op
WorkloadActual  18: 3892944 op, 252482800.00 ns, 64.8565 ns/op
WorkloadActual  19: 3892944 op, 248226300.00 ns, 63.7631 ns/op
WorkloadActual  20: 3892944 op, 238851900.00 ns, 61.3551 ns/op
WorkloadActual  21: 3892944 op, 249267500.00 ns, 64.0306 ns/op
WorkloadActual  22: 3892944 op, 246538000.00 ns, 63.3294 ns/op
WorkloadActual  23: 3892944 op, 236838400.00 ns, 60.8379 ns/op
WorkloadActual  24: 3892944 op, 253851800.00 ns, 65.2082 ns/op
WorkloadActual  25: 3892944 op, 252458800.00 ns, 64.8504 ns/op
WorkloadActual  26: 3892944 op, 241748700.00 ns, 62.0992 ns/op
WorkloadActual  27: 3892944 op, 243632700.00 ns, 62.5832 ns/op
WorkloadActual  28: 3892944 op, 237120200.00 ns, 60.9103 ns/op
WorkloadActual  29: 3892944 op, 235332600.00 ns, 60.4511 ns/op
WorkloadActual  30: 3892944 op, 246842200.00 ns, 63.4076 ns/op
WorkloadActual  31: 3892944 op, 234959300.00 ns, 60.3552 ns/op
WorkloadActual  32: 3892944 op, 237848600.00 ns, 61.0974 ns/op
WorkloadActual  33: 3892944 op, 256784300.00 ns, 65.9615 ns/op
WorkloadActual  34: 3892944 op, 253324200.00 ns, 65.0727 ns/op
WorkloadActual  35: 3892944 op, 236013100.00 ns, 60.6259 ns/op
WorkloadActual  36: 3892944 op, 247914900.00 ns, 63.6831 ns/op
WorkloadActual  37: 3892944 op, 236766600.00 ns, 60.8194 ns/op
WorkloadActual  38: 3892944 op, 239972800.00 ns, 61.6430 ns/op
WorkloadActual  39: 3892944 op, 246374300.00 ns, 63.2874 ns/op
WorkloadActual  40: 3892944 op, 236927600.00 ns, 60.8608 ns/op
WorkloadActual  41: 3892944 op, 233670400.00 ns, 60.0241 ns/op
WorkloadActual  42: 3892944 op, 247368900.00 ns, 63.5429 ns/op

// AfterActualRun
WorkloadResult   1: 3892944 op, 233979500.00 ns, 60.1035 ns/op
WorkloadResult   2: 3892944 op, 245457800.00 ns, 63.0520 ns/op
WorkloadResult   3: 3892944 op, 233301600.00 ns, 59.9293 ns/op
WorkloadResult   4: 3892944 op, 250156700.00 ns, 64.2590 ns/op
WorkloadResult   5: 3892944 op, 250895900.00 ns, 64.4489 ns/op
WorkloadResult   6: 3892944 op, 230854900.00 ns, 59.3009 ns/op
WorkloadResult   7: 3892944 op, 255828700.00 ns, 65.7160 ns/op
WorkloadResult   8: 3892944 op, 232724200.00 ns, 59.7810 ns/op
WorkloadResult   9: 3892944 op, 243963200.00 ns, 62.6680 ns/op
WorkloadResult  10: 3892944 op, 232686700.00 ns, 59.7714 ns/op
WorkloadResult  11: 3892944 op, 241743100.00 ns, 62.0978 ns/op
WorkloadResult  12: 3892944 op, 232286200.00 ns, 59.6685 ns/op
WorkloadResult  13: 3892944 op, 232832500.00 ns, 59.8088 ns/op
WorkloadResult  14: 3892944 op, 253149800.00 ns, 65.0279 ns/op
WorkloadResult  15: 3892944 op, 250775200.00 ns, 64.4179 ns/op
WorkloadResult  16: 3892944 op, 242540500.00 ns, 62.3026 ns/op
WorkloadResult  17: 3892944 op, 238284000.00 ns, 61.2092 ns/op
WorkloadResult  18: 3892944 op, 228909600.00 ns, 58.8012 ns/op
WorkloadResult  19: 3892944 op, 239325200.00 ns, 61.4767 ns/op
WorkloadResult  20: 3892944 op, 236595700.00 ns, 60.7755 ns/op
WorkloadResult  21: 3892944 op, 226896100.00 ns, 58.2839 ns/op
WorkloadResult  22: 3892944 op, 243909500.00 ns, 62.6543 ns/op
WorkloadResult  23: 3892944 op, 242516500.00 ns, 62.2964 ns/op
WorkloadResult  24: 3892944 op, 231806400.00 ns, 59.5453 ns/op
WorkloadResult  25: 3892944 op, 233690400.00 ns, 60.0292 ns/op
WorkloadResult  26: 3892944 op, 227177900.00 ns, 58.3563 ns/op
WorkloadResult  27: 3892944 op, 225390300.00 ns, 57.8971 ns/op
WorkloadResult  28: 3892944 op, 236899900.00 ns, 60.8537 ns/op
WorkloadResult  29: 3892944 op, 225017000.00 ns, 57.8012 ns/op
WorkloadResult  30: 3892944 op, 227906300.00 ns, 58.5434 ns/op
WorkloadResult  31: 3892944 op, 246842000.00 ns, 63.4075 ns/op
WorkloadResult  32: 3892944 op, 243381900.00 ns, 62.5187 ns/op
WorkloadResult  33: 3892944 op, 226070800.00 ns, 58.0719 ns/op
WorkloadResult  34: 3892944 op, 237972600.00 ns, 61.1292 ns/op
WorkloadResult  35: 3892944 op, 226824300.00 ns, 58.2655 ns/op
WorkloadResult  36: 3892944 op, 230030500.00 ns, 59.0891 ns/op
WorkloadResult  37: 3892944 op, 236432000.00 ns, 60.7335 ns/op
WorkloadResult  38: 3892944 op, 226985300.00 ns, 58.3068 ns/op
WorkloadResult  39: 3892944 op, 223728100.00 ns, 57.4702 ns/op
WorkloadResult  40: 3892944 op, 237426600.00 ns, 60.9890 ns/op
// GC:  297 0 0 2491484160 3892944
// Threading:  0 0 3892944

// AfterAll
// Benchmark Process 8340 has exited with code 0.

Mean = 60.771 ns, StdErr = 0.351 ns (0.58%), N = 40, StdDev = 2.219 ns
Min = 57.470 ns, Q1 = 59.017 ns, Median = 60.418 ns, Q3 = 62.357 ns, Max = 65.716 ns
IQR = 3.340 ns, LowerFence = 54.008 ns, UpperFence = 67.366 ns
ConfidenceInterval = [59.523 ns; 62.020 ns] (CI 99.9%), Margin = 1.248 ns (2.05% of Mean)
Skewness = 0.45, Kurtosis = 2.15, MValue = 2

// ** Remained 64 (75.3%) benchmark(s) to run. Estimated finish 2026-02-06 8:24 (0h 17m from now) **
Setup power plan (GUID: 8c5e7fda-e8bf-4a96-9a85-a6e23a8c635c FriendlyName: High performance)
// **************************
// Benchmark: Scenario1.A_EnumerationsOptions_Result_FailTValue: .NET 10.0(Runtime=.NET 10.0, IterationTime=250ms) [Iterations=10]
// *** Execute ***
// Launch: 1 / 1
// Execute: dotnet Enumerations.Options.Benchmarks-1.dll --anonymousPipes 1268 1300 --benchmarkName "ReillyDigital.Enumerations.Options.Benchmarks.Scenarios.Scenario1.A_EnumerationsOptions_Result_FailTValue(Iterations: 10)" --job ".NET 10.0" --benchmarkId 21 in D:\x\devs\reilly-digital\dotnet\enumerations.options.benchmarks\bin\Debug\net10.0\Enumerations.Options.Benchmarks-1\bin\Release\net10.0
// BeforeAnythingElse

// Benchmark Process Environment Information:
// BenchmarkDotNet v0.15.8
// Runtime=.NET 10.0.2 (10.0.2, 10.0.225.61305), X64 RyuJIT x86-64-v3
// GC=Concurrent Workstation
// HardwareIntrinsics=AVX2+BMI1+BMI2+F16C+FMA+LZCNT+MOVBE,AVX,SSE3+SSSE3+SSE4.1+SSE4.2+POPCNT,X86Base+SSE+SSE2,AES+PCLMUL VectorSize=256
// Job: .NET 10.0(IterationTime=250ms)

OverheadJitting  1: 1 op, 122600.00 ns, 122.6000 us/op
WorkloadJitting  1: 1 op, 1393800.00 ns, 1.3938 ms/op

OverheadJitting  2: 16 op, 250200.00 ns, 15.6375 us/op
WorkloadJitting  2: 16 op, 198500.00 ns, 12.4063 us/op

WorkloadPilot    1: 16 op, 16600.00 ns, 1.0375 us/op
WorkloadPilot    2: 240976 op, 70373500.00 ns, 292.0353 ns/op
WorkloadPilot    3: 856064 op, 109615000.00 ns, 128.0453 ns/op
WorkloadPilot    4: 1952448 op, 160007600.00 ns, 81.9523 ns/op
WorkloadPilot    5: 3050560 op, 244118300.00 ns, 80.0241 ns/op
WorkloadPilot    6: 3124064 op, 246548900.00 ns, 78.9193 ns/op
WorkloadPilot    7: 3167808 op, 247543400.00 ns, 78.1434 ns/op
WorkloadPilot    8: 3199248 op, 250610400.00 ns, 78.3342 ns/op
WorkloadPilot    9: 3191456 op, 250032100.00 ns, 78.3442 ns/op
WorkloadPilot   10: 3191056 op, 251712500.00 ns, 78.8806 ns/op

OverheadWarmup   1: 3191056 op, 7871200.00 ns, 2.4666 ns/op
OverheadWarmup   2: 3191056 op, 8059400.00 ns, 2.5256 ns/op
OverheadWarmup   3: 3191056 op, 8239100.00 ns, 2.5819 ns/op
OverheadWarmup   4: 3191056 op, 7867400.00 ns, 2.4655 ns/op
OverheadWarmup   5: 3191056 op, 7836500.00 ns, 2.4558 ns/op
OverheadWarmup   6: 3191056 op, 7855200.00 ns, 2.4616 ns/op
OverheadWarmup   7: 3191056 op, 7970000.00 ns, 2.4976 ns/op
OverheadWarmup   8: 3191056 op, 7950600.00 ns, 2.4915 ns/op

OverheadActual   1: 3191056 op, 7905500.00 ns, 2.4774 ns/op
OverheadActual   2: 3191056 op, 7864300.00 ns, 2.4645 ns/op
OverheadActual   3: 3191056 op, 7917300.00 ns, 2.4811 ns/op
OverheadActual   4: 3191056 op, 8141600.00 ns, 2.5514 ns/op
OverheadActual   5: 3191056 op, 8125200.00 ns, 2.5462 ns/op
OverheadActual   6: 3191056 op, 7903500.00 ns, 2.4768 ns/op
OverheadActual   7: 3191056 op, 7907300.00 ns, 2.4780 ns/op
OverheadActual   8: 3191056 op, 8078500.00 ns, 2.5316 ns/op
OverheadActual   9: 3191056 op, 7958400.00 ns, 2.4940 ns/op
OverheadActual  10: 3191056 op, 7886800.00 ns, 2.4715 ns/op
OverheadActual  11: 3191056 op, 7882000.00 ns, 2.4700 ns/op
OverheadActual  12: 3191056 op, 7844000.00 ns, 2.4581 ns/op
OverheadActual  13: 3191056 op, 8128500.00 ns, 2.5473 ns/op
OverheadActual  14: 3191056 op, 8097700.00 ns, 2.5376 ns/op
OverheadActual  15: 3191056 op, 8040700.00 ns, 2.5198 ns/op

WorkloadWarmup   1: 3191056 op, 259265200.00 ns, 81.2475 ns/op
WorkloadWarmup   2: 3191056 op, 257158700.00 ns, 80.5873 ns/op
WorkloadWarmup   3: 3191056 op, 253574700.00 ns, 79.4642 ns/op
WorkloadWarmup   4: 3191056 op, 254600600.00 ns, 79.7857 ns/op
WorkloadWarmup   5: 3191056 op, 250351300.00 ns, 78.4541 ns/op
WorkloadWarmup   6: 3191056 op, 251774800.00 ns, 78.9002 ns/op
WorkloadWarmup   7: 3191056 op, 251158100.00 ns, 78.7069 ns/op

// BeforeActualRun
WorkloadActual   1: 3191056 op, 257302800.00 ns, 80.6325 ns/op
WorkloadActual   2: 3191056 op, 265873500.00 ns, 83.3183 ns/op
WorkloadActual   3: 3191056 op, 264182100.00 ns, 82.7883 ns/op
WorkloadActual   4: 3191056 op, 265879900.00 ns, 83.3203 ns/op
WorkloadActual   5: 3191056 op, 297277100.00 ns, 93.1595 ns/op
WorkloadActual   6: 3191056 op, 276132600.00 ns, 86.5333 ns/op
WorkloadActual   7: 3191056 op, 263502100.00 ns, 82.5752 ns/op
WorkloadActual   8: 3191056 op, 265634700.00 ns, 83.2435 ns/op
WorkloadActual   9: 3191056 op, 268274600.00 ns, 84.0708 ns/op
WorkloadActual  10: 3191056 op, 261291500.00 ns, 81.8825 ns/op
WorkloadActual  11: 3191056 op, 262174300.00 ns, 82.1591 ns/op
WorkloadActual  12: 3191056 op, 265041700.00 ns, 83.0577 ns/op
WorkloadActual  13: 3191056 op, 261420000.00 ns, 81.9227 ns/op
WorkloadActual  14: 3191056 op, 263097300.00 ns, 82.4483 ns/op
WorkloadActual  15: 3191056 op, 267958400.00 ns, 83.9717 ns/op

// AfterActualRun
WorkloadResult   1: 3191056 op, 249385500.00 ns, 78.1514 ns/op
WorkloadResult   2: 3191056 op, 257956200.00 ns, 80.8373 ns/op
WorkloadResult   3: 3191056 op, 256264800.00 ns, 80.3072 ns/op
WorkloadResult   4: 3191056 op, 257962600.00 ns, 80.8393 ns/op
WorkloadResult   5: 3191056 op, 255584800.00 ns, 80.0941 ns/op
WorkloadResult   6: 3191056 op, 257717400.00 ns, 80.7624 ns/op
WorkloadResult   7: 3191056 op, 260357300.00 ns, 81.5897 ns/op
WorkloadResult   8: 3191056 op, 253374200.00 ns, 79.4014 ns/op
WorkloadResult   9: 3191056 op, 254257000.00 ns, 79.6780 ns/op
WorkloadResult  10: 3191056 op, 257124400.00 ns, 80.5766 ns/op
WorkloadResult  11: 3191056 op, 253502700.00 ns, 79.4416 ns/op
WorkloadResult  12: 3191056 op, 255180000.00 ns, 79.9673 ns/op
WorkloadResult  13: 3191056 op, 260041100.00 ns, 81.4906 ns/op
// GC:  579 0 0 4850405120 3191056
// Threading:  0 0 3191056

// AfterAll
// Benchmark Process 1192 has exited with code 0.

Mean = 80.241 ns, StdErr = 0.261 ns (0.32%), N = 13, StdDev = 0.940 ns
Min = 78.151 ns, Q1 = 79.678 ns, Median = 80.307 ns, Q3 = 80.837 ns, Max = 81.590 ns
IQR = 1.159 ns, LowerFence = 77.939 ns, UpperFence = 82.576 ns
ConfidenceInterval = [79.115 ns; 81.367 ns] (CI 99.9%), Margin = 1.126 ns (1.40% of Mean)
Skewness = -0.5, Kurtosis = 2.58, MValue = 2

// ** Remained 63 (74.1%) benchmark(s) to run. Estimated finish 2026-02-06 8:23 (0h 16m from now) **
Setup power plan (GUID: 8c5e7fda-e8bf-4a96-9a85-a6e23a8c635c FriendlyName: High performance)
// **************************
// Benchmark: Scenario1.B_FluentResults_Result_FailTValue: .NET 10.0(Runtime=.NET 10.0, IterationTime=250ms) [Iterations=10]
// *** Execute ***
// Launch: 1 / 1
// Execute: dotnet Enumerations.Options.Benchmarks-1.dll --anonymousPipes 1924 1812 --benchmarkName "ReillyDigital.Enumerations.Options.Benchmarks.Scenarios.Scenario1.B_FluentResults_Result_FailTValue(Iterations: 10)" --job ".NET 10.0" --benchmarkId 22 in D:\x\devs\reilly-digital\dotnet\enumerations.options.benchmarks\bin\Debug\net10.0\Enumerations.Options.Benchmarks-1\bin\Release\net10.0
// BeforeAnythingElse

// Benchmark Process Environment Information:
// BenchmarkDotNet v0.15.8
// Runtime=.NET 10.0.2 (10.0.2, 10.0.225.61305), X64 RyuJIT x86-64-v3
// GC=Concurrent Workstation
// HardwareIntrinsics=AVX2+BMI1+BMI2+F16C+FMA+LZCNT+MOVBE,AVX,SSE3+SSSE3+SSE4.1+SSE4.2+POPCNT,X86Base+SSE+SSE2,AES+PCLMUL VectorSize=256
// Job: .NET 10.0(IterationTime=250ms)

OverheadJitting  1: 1 op, 111000.00 ns, 111.0000 us/op
WorkloadJitting  1: 1 op, 2693400.00 ns, 2.6934 ms/op

OverheadJitting  2: 16 op, 152200.00 ns, 9.5125 us/op
WorkloadJitting  2: 16 op, 192300.00 ns, 12.0188 us/op

WorkloadPilot    1: 16 op, 46500.00 ns, 2.9063 us/op
WorkloadPilot    2: 86032 op, 107334100.00 ns, 1.2476 us/op
WorkloadPilot    3: 200384 op, 81865800.00 ns, 408.5446 ns/op
WorkloadPilot    4: 611936 op, 194472900.00 ns, 317.7994 ns/op
WorkloadPilot    5: 786672 op, 269939400.00 ns, 343.1410 ns/op
WorkloadPilot    6: 728576 op, 228318000.00 ns, 313.3757 ns/op
WorkloadPilot    7: 797776 op, 291005000.00 ns, 364.7703 ns/op
WorkloadPilot    8: 685376 op, 237938100.00 ns, 347.1643 ns/op
WorkloadPilot    9: 720128 op, 250260600.00 ns, 347.5224 ns/op

OverheadWarmup   1: 720128 op, 1798500.00 ns, 2.4975 ns/op
OverheadWarmup   2: 720128 op, 1807000.00 ns, 2.5093 ns/op
OverheadWarmup   3: 720128 op, 1801400.00 ns, 2.5015 ns/op
OverheadWarmup   4: 720128 op, 1822800.00 ns, 2.5312 ns/op
OverheadWarmup   5: 720128 op, 1791200.00 ns, 2.4873 ns/op

OverheadActual   1: 720128 op, 1819000.00 ns, 2.5259 ns/op
OverheadActual   2: 720128 op, 1806200.00 ns, 2.5082 ns/op
OverheadActual   3: 720128 op, 1781100.00 ns, 2.4733 ns/op
OverheadActual   4: 720128 op, 1798400.00 ns, 2.4973 ns/op
OverheadActual   5: 720128 op, 1787900.00 ns, 2.4828 ns/op
OverheadActual   6: 720128 op, 1786100.00 ns, 2.4803 ns/op
OverheadActual   7: 720128 op, 1794800.00 ns, 2.4923 ns/op
OverheadActual   8: 720128 op, 1785200.00 ns, 2.4790 ns/op
OverheadActual   9: 720128 op, 1875400.00 ns, 2.6043 ns/op
OverheadActual  10: 720128 op, 1827300.00 ns, 2.5375 ns/op
OverheadActual  11: 720128 op, 1769300.00 ns, 2.4569 ns/op
OverheadActual  12: 720128 op, 1772400.00 ns, 2.4612 ns/op
OverheadActual  13: 720128 op, 1992000.00 ns, 2.7662 ns/op
OverheadActual  14: 720128 op, 2177500.00 ns, 3.0238 ns/op
OverheadActual  15: 720128 op, 1809700.00 ns, 2.5130 ns/op

WorkloadWarmup   1: 720128 op, 244170000.00 ns, 339.0647 ns/op
WorkloadWarmup   2: 720128 op, 235945100.00 ns, 327.6433 ns/op
WorkloadWarmup   3: 720128 op, 255382100.00 ns, 354.6343 ns/op
WorkloadWarmup   4: 720128 op, 241323600.00 ns, 335.1121 ns/op
WorkloadWarmup   5: 720128 op, 247494300.00 ns, 343.6810 ns/op
WorkloadWarmup   6: 720128 op, 231381500.00 ns, 321.3061 ns/op

// BeforeActualRun
WorkloadActual   1: 720128 op, 235856200.00 ns, 327.5198 ns/op
WorkloadActual   2: 720128 op, 230766300.00 ns, 320.4518 ns/op
WorkloadActual   3: 720128 op, 229665100.00 ns, 318.9226 ns/op
WorkloadActual   4: 720128 op, 229212300.00 ns, 318.2938 ns/op
WorkloadActual   5: 720128 op, 228782300.00 ns, 317.6967 ns/op
WorkloadActual   6: 720128 op, 235451800.00 ns, 326.9583 ns/op
WorkloadActual   7: 720128 op, 229193800.00 ns, 318.2681 ns/op
WorkloadActual   8: 720128 op, 229139000.00 ns, 318.1920 ns/op
WorkloadActual   9: 720128 op, 229871400.00 ns, 319.2091 ns/op
WorkloadActual  10: 720128 op, 230189100.00 ns, 319.6503 ns/op
WorkloadActual  11: 720128 op, 231840100.00 ns, 321.9429 ns/op
WorkloadActual  12: 720128 op, 232983100.00 ns, 323.5301 ns/op
WorkloadActual  13: 720128 op, 228848500.00 ns, 317.7886 ns/op
WorkloadActual  14: 720128 op, 232070600.00 ns, 322.2630 ns/op
WorkloadActual  15: 720128 op, 231785600.00 ns, 321.8672 ns/op

// AfterActualRun
WorkloadResult   1: 720128 op, 234057800.00 ns, 325.0225 ns/op
WorkloadResult   2: 720128 op, 228967900.00 ns, 317.9544 ns/op
WorkloadResult   3: 720128 op, 227866700.00 ns, 316.4253 ns/op
WorkloadResult   4: 720128 op, 227413900.00 ns, 315.7965 ns/op
WorkloadResult   5: 720128 op, 226983900.00 ns, 315.1994 ns/op
WorkloadResult   6: 720128 op, 233653400.00 ns, 324.4609 ns/op
WorkloadResult   7: 720128 op, 227395400.00 ns, 315.7708 ns/op
WorkloadResult   8: 720128 op, 227340600.00 ns, 315.6947 ns/op
WorkloadResult   9: 720128 op, 228073000.00 ns, 316.7118 ns/op
WorkloadResult  10: 720128 op, 228390700.00 ns, 317.1529 ns/op
WorkloadResult  11: 720128 op, 230041700.00 ns, 319.4456 ns/op
WorkloadResult  12: 720128 op, 231184700.00 ns, 321.0328 ns/op
WorkloadResult  13: 720128 op, 227050100.00 ns, 315.2913 ns/op
WorkloadResult  14: 720128 op, 230272200.00 ns, 319.7657 ns/op
WorkloadResult  15: 720128 op, 229987200.00 ns, 319.3699 ns/op
// GC:  234 0 0 1958748160 720128
// Threading:  0 0 720128

// AfterAll
// Benchmark Process 15528 has exited with code 0.

Mean = 318.340 ns, StdErr = 0.819 ns (0.26%), N = 15, StdDev = 3.171 ns
Min = 315.199 ns, Q1 = 315.784 ns, Median = 317.153 ns, Q3 = 319.606 ns, Max = 325.022 ns
IQR = 3.822 ns, LowerFence = 310.051 ns, UpperFence = 325.339 ns
ConfidenceInterval = [314.949 ns; 321.730 ns] (CI 99.9%), Margin = 3.390 ns (1.06% of Mean)
Skewness = 0.9, Kurtosis = 2.5, MValue = 2

// ** Remained 62 (72.9%) benchmark(s) to run. Estimated finish 2026-02-06 8:23 (0h 15m from now) **
Setup power plan (GUID: 8c5e7fda-e8bf-4a96-9a85-a6e23a8c635c FriendlyName: High performance)
// **************************
// Benchmark: Scenario1.E_Rascal_Result_FailTValue: .NET 10.0(Runtime=.NET 10.0, IterationTime=250ms) [Iterations=10]
// *** Execute ***
// Launch: 1 / 1
// Execute: dotnet Enumerations.Options.Benchmarks-1.dll --anonymousPipes 2076 1248 --benchmarkName "ReillyDigital.Enumerations.Options.Benchmarks.Scenarios.Scenario1.E_Rascal_Result_FailTValue(Iterations: 10)" --job ".NET 10.0" --benchmarkId 23 in D:\x\devs\reilly-digital\dotnet\enumerations.options.benchmarks\bin\Debug\net10.0\Enumerations.Options.Benchmarks-1\bin\Release\net10.0
// BeforeAnythingElse

// Benchmark Process Environment Information:
// BenchmarkDotNet v0.15.8
// Runtime=.NET 10.0.2 (10.0.2, 10.0.225.61305), X64 RyuJIT x86-64-v3
// GC=Concurrent Workstation
// HardwareIntrinsics=AVX2+BMI1+BMI2+F16C+FMA+LZCNT+MOVBE,AVX,SSE3+SSSE3+SSE4.1+SSE4.2+POPCNT,X86Base+SSE+SSE2,AES+PCLMUL VectorSize=256
// Job: .NET 10.0(IterationTime=250ms)

OverheadJitting  1: 1 op, 109100.00 ns, 109.1000 us/op
WorkloadJitting  1: 1 op, 423200.00 ns, 423.2000 us/op

OverheadJitting  2: 16 op, 154600.00 ns, 9.6625 us/op
WorkloadJitting  2: 16 op, 159500.00 ns, 9.9688 us/op

WorkloadPilot    1: 16 op, 3800.00 ns, 237.5000 ns/op
WorkloadPilot    2: 1052640 op, 132251000.00 ns, 125.6374 ns/op
WorkloadPilot    3: 1989856 op, 89503200.00 ns, 44.9797 ns/op
WorkloadPilot    4: 5558064 op, 253019200.00 ns, 45.5229 ns/op
WorkloadPilot    5: 5491744 op, 153008500.00 ns, 27.8615 ns/op
WorkloadPilot    6: 8972944 op, 436543700.00 ns, 48.6511 ns/op
WorkloadPilot    7: 5138640 op, 152899000.00 ns, 29.7548 ns/op
WorkloadPilot    8: 8402032 op, 390303100.00 ns, 46.4534 ns/op

OverheadWarmup   1: 8402032 op, 20865700.00 ns, 2.4834 ns/op
OverheadWarmup   2: 8402032 op, 21494300.00 ns, 2.5582 ns/op
OverheadWarmup   3: 8402032 op, 20700900.00 ns, 2.4638 ns/op
OverheadWarmup   4: 8402032 op, 20910300.00 ns, 2.4887 ns/op
OverheadWarmup   5: 8402032 op, 20744200.00 ns, 2.4690 ns/op

OverheadActual   1: 8402032 op, 20709200.00 ns, 2.4648 ns/op
OverheadActual   2: 8402032 op, 20706900.00 ns, 2.4645 ns/op
OverheadActual   3: 8402032 op, 20695800.00 ns, 2.4632 ns/op
OverheadActual   4: 8402032 op, 20741000.00 ns, 2.4686 ns/op
OverheadActual   5: 8402032 op, 20718800.00 ns, 2.4659 ns/op
OverheadActual   6: 8402032 op, 20743400.00 ns, 2.4689 ns/op
OverheadActual   7: 8402032 op, 21478600.00 ns, 2.5564 ns/op
OverheadActual   8: 8402032 op, 20787600.00 ns, 2.4741 ns/op
OverheadActual   9: 8402032 op, 20751700.00 ns, 2.4698 ns/op
OverheadActual  10: 8402032 op, 13851700.00 ns, 1.6486 ns/op
OverheadActual  11: 8402032 op, 12703200.00 ns, 1.5119 ns/op
OverheadActual  12: 8402032 op, 13382400.00 ns, 1.5928 ns/op
OverheadActual  13: 8402032 op, 13264500.00 ns, 1.5787 ns/op
OverheadActual  14: 8402032 op, 12896500.00 ns, 1.5349 ns/op
OverheadActual  15: 8402032 op, 12809500.00 ns, 1.5246 ns/op
OverheadActual  16: 8402032 op, 12700600.00 ns, 1.5116 ns/op
OverheadActual  17: 8402032 op, 12709700.00 ns, 1.5127 ns/op
OverheadActual  18: 8402032 op, 12692200.00 ns, 1.5106 ns/op
OverheadActual  19: 8402032 op, 12671900.00 ns, 1.5082 ns/op
OverheadActual  20: 8402032 op, 12946400.00 ns, 1.5409 ns/op

WorkloadWarmup   1: 8402032 op, 386499400.00 ns, 46.0007 ns/op
WorkloadWarmup   2: 8402032 op, 396179200.00 ns, 47.1528 ns/op
WorkloadWarmup   3: 8402032 op, 303435600.00 ns, 36.1145 ns/op
WorkloadWarmup   4: 8402032 op, 252141800.00 ns, 30.0096 ns/op
WorkloadWarmup   5: 8402032 op, 307605400.00 ns, 36.6108 ns/op
WorkloadWarmup   6: 8402032 op, 396063400.00 ns, 47.1390 ns/op
WorkloadWarmup   7: 8402032 op, 395346000.00 ns, 47.0536 ns/op

// BeforeActualRun
WorkloadActual   1: 8402032 op, 425895600.00 ns, 50.6896 ns/op
WorkloadActual   2: 8402032 op, 414214100.00 ns, 49.2993 ns/op
WorkloadActual   3: 8402032 op, 417371200.00 ns, 49.6750 ns/op
WorkloadActual   4: 8402032 op, 418876500.00 ns, 49.8542 ns/op
WorkloadActual   5: 8402032 op, 417270500.00 ns, 49.6630 ns/op
WorkloadActual   6: 8402032 op, 415655000.00 ns, 49.4708 ns/op
WorkloadActual   7: 8402032 op, 430944200.00 ns, 51.2905 ns/op
WorkloadActual   8: 8402032 op, 427999700.00 ns, 50.9400 ns/op
WorkloadActual   9: 8402032 op, 422084800.00 ns, 50.2360 ns/op
WorkloadActual  10: 8402032 op, 419583300.00 ns, 49.9383 ns/op
WorkloadActual  11: 8402032 op, 419173400.00 ns, 49.8895 ns/op
WorkloadActual  12: 8402032 op, 437788000.00 ns, 52.1050 ns/op
WorkloadActual  13: 8402032 op, 419807100.00 ns, 49.9649 ns/op
WorkloadActual  14: 8402032 op, 419625600.00 ns, 49.9433 ns/op
WorkloadActual  15: 8402032 op, 419462900.00 ns, 49.9240 ns/op

// AfterActualRun
WorkloadResult   1: 8402032 op, 412278550.00 ns, 49.0689 ns/op
WorkloadResult   2: 8402032 op, 400597050.00 ns, 47.6786 ns/op
WorkloadResult   3: 8402032 op, 403754150.00 ns, 48.0543 ns/op
WorkloadResult   4: 8402032 op, 405259450.00 ns, 48.2335 ns/op
WorkloadResult   5: 8402032 op, 403653450.00 ns, 48.0424 ns/op
WorkloadResult   6: 8402032 op, 402037950.00 ns, 47.8501 ns/op
WorkloadResult   7: 8402032 op, 417327150.00 ns, 49.6698 ns/op
WorkloadResult   8: 8402032 op, 414382650.00 ns, 49.3193 ns/op
WorkloadResult   9: 8402032 op, 408467750.00 ns, 48.6154 ns/op
WorkloadResult  10: 8402032 op, 405966250.00 ns, 48.3176 ns/op
WorkloadResult  11: 8402032 op, 405556350.00 ns, 48.2688 ns/op
WorkloadResult  12: 8402032 op, 406190050.00 ns, 48.3443 ns/op
WorkloadResult  13: 8402032 op, 406008550.00 ns, 48.3227 ns/op
WorkloadResult  14: 8402032 op, 405845850.00 ns, 48.3033 ns/op
// GC:  241 0 0 2016487680 8402032
// Threading:  0 0 8402032

// AfterAll
// Benchmark Process 7064 has exited with code 0.

Mean = 48.435 ns, StdErr = 0.150 ns (0.31%), N = 14, StdDev = 0.560 ns
Min = 47.679 ns, Q1 = 48.099 ns, Median = 48.310 ns, Q3 = 48.548 ns, Max = 49.670 ns
IQR = 0.448 ns, LowerFence = 47.426 ns, UpperFence = 49.220 ns
ConfidenceInterval = [47.803 ns; 49.066 ns] (CI 99.9%), Margin = 0.632 ns (1.30% of Mean)
Skewness = 0.84, Kurtosis = 2.61, MValue = 2

// ** Remained 61 (71.8%) benchmark(s) to run. Estimated finish 2026-02-06 8:23 (0h 15m from now) **
Setup power plan (GUID: 8c5e7fda-e8bf-4a96-9a85-a6e23a8c635c FriendlyName: High performance)
// **************************
// Benchmark: Scenario1.D_SimpleResults_Result_FailTValue: .NET 10.0(Runtime=.NET 10.0, IterationTime=250ms) [Iterations=10]
// *** Execute ***
// Launch: 1 / 1
// Execute: dotnet Enumerations.Options.Benchmarks-1.dll --anonymousPipes 1296 1376 --benchmarkName "ReillyDigital.Enumerations.Options.Benchmarks.Scenarios.Scenario1.D_SimpleResults_Result_FailTValue(Iterations: 10)" --job ".NET 10.0" --benchmarkId 24 in D:\x\devs\reilly-digital\dotnet\enumerations.options.benchmarks\bin\Debug\net10.0\Enumerations.Options.Benchmarks-1\bin\Release\net10.0
// BeforeAnythingElse

// Benchmark Process Environment Information:
// BenchmarkDotNet v0.15.8
// Runtime=.NET 10.0.2 (10.0.2, 10.0.225.61305), X64 RyuJIT x86-64-v3
// GC=Concurrent Workstation
// HardwareIntrinsics=AVX2+BMI1+BMI2+F16C+FMA+LZCNT+MOVBE,AVX,SSE3+SSSE3+SSE4.1+SSE4.2+POPCNT,X86Base+SSE+SSE2,AES+PCLMUL VectorSize=256
// Job: .NET 10.0(IterationTime=250ms)

OverheadJitting  1: 1 op, 117200.00 ns, 117.2000 us/op
WorkloadJitting  1: 1 op, 2988800.00 ns, 2.9888 ms/op

OverheadJitting  2: 16 op, 162400.00 ns, 10.1500 us/op
WorkloadJitting  2: 16 op, 225800.00 ns, 14.1125 us/op

WorkloadPilot    1: 16 op, 68100.00 ns, 4.2563 us/op
WorkloadPilot    2: 58752 op, 157148500.00 ns, 2.6748 us/op
WorkloadPilot    3: 93472 op, 101109200.00 ns, 1.0817 us/op
WorkloadPilot    4: 231120 op, 241916800.00 ns, 1.0467 us/op
WorkloadPilot    5: 238848 op, 270845800.00 ns, 1.1340 us/op
WorkloadPilot    6: 220480 op, 231766700.00 ns, 1.0512 us/op
WorkloadPilot    7: 237840 op, 250300900.00 ns, 1.0524 us/op
WorkloadPilot    8: 237568 op, 246407000.00 ns, 1.0372 us/op
WorkloadPilot    9: 241040 op, 252204400.00 ns, 1.0463 us/op

OverheadWarmup   1: 241040 op, 599900.00 ns, 2.4888 ns/op
OverheadWarmup   2: 241040 op, 588400.00 ns, 2.4411 ns/op
OverheadWarmup   3: 241040 op, 573300.00 ns, 2.3784 ns/op
OverheadWarmup   4: 241040 op, 563400.00 ns, 2.3374 ns/op
OverheadWarmup   5: 241040 op, 577600.00 ns, 2.3963 ns/op
OverheadWarmup   6: 241040 op, 574400.00 ns, 2.3830 ns/op
OverheadWarmup   7: 241040 op, 564100.00 ns, 2.3403 ns/op
OverheadWarmup   8: 241040 op, 593800.00 ns, 2.4635 ns/op
OverheadWarmup   9: 241040 op, 586500.00 ns, 2.4332 ns/op

OverheadActual   1: 241040 op, 565400.00 ns, 2.3457 ns/op
OverheadActual   2: 241040 op, 579800.00 ns, 2.4054 ns/op
OverheadActual   3: 241040 op, 577500.00 ns, 2.3959 ns/op
OverheadActual   4: 241040 op, 566300.00 ns, 2.3494 ns/op
OverheadActual   5: 241040 op, 587800.00 ns, 2.4386 ns/op
OverheadActual   6: 241040 op, 578900.00 ns, 2.4017 ns/op
OverheadActual   7: 241040 op, 560600.00 ns, 2.3258 ns/op
OverheadActual   8: 241040 op, 590400.00 ns, 2.4494 ns/op
OverheadActual   9: 241040 op, 574600.00 ns, 2.3838 ns/op
OverheadActual  10: 241040 op, 597500.00 ns, 2.4788 ns/op
OverheadActual  11: 241040 op, 600600.00 ns, 2.4917 ns/op
OverheadActual  12: 241040 op, 583300.00 ns, 2.4199 ns/op
OverheadActual  13: 241040 op, 623700.00 ns, 2.5875 ns/op
OverheadActual  14: 241040 op, 594900.00 ns, 2.4681 ns/op
OverheadActual  15: 241040 op, 632400.00 ns, 2.6236 ns/op

WorkloadWarmup   1: 241040 op, 253913300.00 ns, 1.0534 us/op
WorkloadWarmup   2: 241040 op, 255353600.00 ns, 1.0594 us/op
WorkloadWarmup   3: 241040 op, 251546200.00 ns, 1.0436 us/op
WorkloadWarmup   4: 241040 op, 251282200.00 ns, 1.0425 us/op
WorkloadWarmup   5: 241040 op, 260160600.00 ns, 1.0793 us/op
WorkloadWarmup   6: 241040 op, 251867100.00 ns, 1.0449 us/op

// BeforeActualRun
WorkloadActual   1: 241040 op, 252328700.00 ns, 1.0468 us/op
WorkloadActual   2: 241040 op, 253957700.00 ns, 1.0536 us/op
WorkloadActual   3: 241040 op, 253077800.00 ns, 1.0499 us/op
WorkloadActual   4: 241040 op, 253678600.00 ns, 1.0524 us/op
WorkloadActual   5: 241040 op, 253801900.00 ns, 1.0529 us/op
WorkloadActual   6: 241040 op, 252859000.00 ns, 1.0490 us/op
WorkloadActual   7: 241040 op, 253749900.00 ns, 1.0527 us/op
WorkloadActual   8: 241040 op, 252843800.00 ns, 1.0490 us/op
WorkloadActual   9: 241040 op, 253622300.00 ns, 1.0522 us/op
WorkloadActual  10: 241040 op, 255399700.00 ns, 1.0596 us/op
WorkloadActual  11: 241040 op, 255361900.00 ns, 1.0594 us/op
WorkloadActual  12: 241040 op, 253863700.00 ns, 1.0532 us/op
WorkloadActual  13: 241040 op, 255758300.00 ns, 1.0611 us/op
WorkloadActual  14: 241040 op, 252799500.00 ns, 1.0488 us/op
WorkloadActual  15: 241040 op, 254030800.00 ns, 1.0539 us/op

// AfterActualRun
WorkloadResult   1: 241040 op, 251745400.00 ns, 1.0444 us/op
WorkloadResult   2: 241040 op, 253374400.00 ns, 1.0512 us/op
WorkloadResult   3: 241040 op, 252494500.00 ns, 1.0475 us/op
WorkloadResult   4: 241040 op, 253095300.00 ns, 1.0500 us/op
WorkloadResult   5: 241040 op, 253218600.00 ns, 1.0505 us/op
WorkloadResult   6: 241040 op, 252275700.00 ns, 1.0466 us/op
WorkloadResult   7: 241040 op, 253166600.00 ns, 1.0503 us/op
WorkloadResult   8: 241040 op, 252260500.00 ns, 1.0466 us/op
WorkloadResult   9: 241040 op, 253039000.00 ns, 1.0498 us/op
WorkloadResult  10: 241040 op, 254816400.00 ns, 1.0572 us/op
WorkloadResult  11: 241040 op, 254778600.00 ns, 1.0570 us/op
WorkloadResult  12: 241040 op, 253280400.00 ns, 1.0508 us/op
WorkloadResult  13: 241040 op, 252216200.00 ns, 1.0464 us/op
WorkloadResult  14: 241040 op, 253447500.00 ns, 1.0515 us/op
// GC:  25 0 0 212115200 241040
// Threading:  0 0 241040

// AfterAll
// Benchmark Process 15416 has exited with code 0.

Mean = 1.050 μs, StdErr = 0.001 μs (0.09%), N = 14, StdDev = 0.004 μs
Min = 1.044 μs, Q1 = 1.047 μs, Median = 1.050 μs, Q3 = 1.051 μs, Max = 1.057 μs
IQR = 0.004 μs, LowerFence = 1.040 μs, UpperFence = 1.057 μs
ConfidenceInterval = [1.046 μs; 1.054 μs] (CI 99.9%), Margin = 0.004 μs (0.40% of Mean)
Skewness = 0.57, Kurtosis = 2.47, MValue = 2

// ** Remained 60 (70.6%) benchmark(s) to run. Estimated finish 2026-02-06 8:22 (0h 14m from now) **
Setup power plan (GUID: 8c5e7fda-e8bf-4a96-9a85-a6e23a8c635c FriendlyName: High performance)
// **************************
// Benchmark: Scenario1.C_ArdalisResult_Result_FailTValue_WithErrorMessage: .NET 10.0(Runtime=.NET 10.0, IterationTime=250ms) [Iterations=10]
// *** Execute ***
// Launch: 1 / 1
// Execute: dotnet Enumerations.Options.Benchmarks-1.dll --anonymousPipes 2036 1616 --benchmarkName "ReillyDigital.Enumerations.Options.Benchmarks.Scenarios.Scenario1.C_ArdalisResult_Result_FailTValue_WithErrorMessage(Iterations: 10)" --job ".NET 10.0" --benchmarkId 25 in D:\x\devs\reilly-digital\dotnet\enumerations.options.benchmarks\bin\Debug\net10.0\Enumerations.Options.Benchmarks-1\bin\Release\net10.0
// BeforeAnythingElse

// Benchmark Process Environment Information:
// BenchmarkDotNet v0.15.8
// Runtime=.NET 10.0.2 (10.0.2, 10.0.225.61305), X64 RyuJIT x86-64-v3
// GC=Concurrent Workstation
// HardwareIntrinsics=AVX2+BMI1+BMI2+F16C+FMA+LZCNT+MOVBE,AVX,SSE3+SSSE3+SSE4.1+SSE4.2+POPCNT,X86Base+SSE+SSE2,AES+PCLMUL VectorSize=256
// Job: .NET 10.0(IterationTime=250ms)

OverheadJitting  1: 1 op, 110200.00 ns, 110.2000 us/op
WorkloadJitting  1: 1 op, 1334600.00 ns, 1.3346 ms/op

OverheadJitting  2: 16 op, 164000.00 ns, 10.2500 us/op
WorkloadJitting  2: 16 op, 155800.00 ns, 9.7375 us/op

WorkloadPilot    1: 16 op, 11600.00 ns, 725.0000 ns/op
WorkloadPilot    2: 344832 op, 117471900.00 ns, 340.6641 ns/op
WorkloadPilot    3: 733872 op, 72937800.00 ns, 99.3876 ns/op
WorkloadPilot    4: 2515408 op, 236884900.00 ns, 94.1735 ns/op
WorkloadPilot    5: 2654688 op, 233167600.00 ns, 87.8324 ns/op
WorkloadPilot    6: 2846336 op, 250826000.00 ns, 88.1224 ns/op
WorkloadPilot    7: 2836976 op, 249509100.00 ns, 87.9490 ns/op
WorkloadPilot    8: 2842560 op, 248602700.00 ns, 87.4573 ns/op
WorkloadPilot    9: 2858544 op, 249630800.00 ns, 87.3280 ns/op
WorkloadPilot   10: 2862784 op, 255782900.00 ns, 89.3476 ns/op
WorkloadPilot   11: 2798064 op, 244843900.00 ns, 87.5048 ns/op
WorkloadPilot   12: 2856992 op, 252794500.00 ns, 88.4827 ns/op

OverheadWarmup   1: 2856992 op, 7156400.00 ns, 2.5049 ns/op
OverheadWarmup   2: 2856992 op, 7810400.00 ns, 2.7338 ns/op
OverheadWarmup   3: 2856992 op, 7042800.00 ns, 2.4651 ns/op
OverheadWarmup   4: 2856992 op, 7066600.00 ns, 2.4734 ns/op
OverheadWarmup   5: 2856992 op, 7172500.00 ns, 2.5105 ns/op
OverheadWarmup   6: 2856992 op, 7064900.00 ns, 2.4728 ns/op

OverheadActual   1: 2856992 op, 7324700.00 ns, 2.5638 ns/op
OverheadActual   2: 2856992 op, 7692800.00 ns, 2.6926 ns/op
OverheadActual   3: 2856992 op, 7666700.00 ns, 2.6835 ns/op
OverheadActual   4: 2856992 op, 7058300.00 ns, 2.4705 ns/op
OverheadActual   5: 2856992 op, 7054500.00 ns, 2.4692 ns/op
OverheadActual   6: 2856992 op, 7534800.00 ns, 2.6373 ns/op
OverheadActual   7: 2856992 op, 7006700.00 ns, 2.4525 ns/op
OverheadActual   8: 2856992 op, 7034900.00 ns, 2.4623 ns/op
OverheadActual   9: 2856992 op, 7021800.00 ns, 2.4578 ns/op
OverheadActual  10: 2856992 op, 7111900.00 ns, 2.4893 ns/op
OverheadActual  11: 2856992 op, 7552400.00 ns, 2.6435 ns/op
OverheadActual  12: 2856992 op, 6984600.00 ns, 2.4447 ns/op
OverheadActual  13: 2856992 op, 7048600.00 ns, 2.4671 ns/op
OverheadActual  14: 2856992 op, 7532100.00 ns, 2.6364 ns/op
OverheadActual  15: 2856992 op, 7114900.00 ns, 2.4903 ns/op

WorkloadWarmup   1: 2856992 op, 254019700.00 ns, 88.9116 ns/op
WorkloadWarmup   2: 2856992 op, 255524800.00 ns, 89.4384 ns/op
WorkloadWarmup   3: 2856992 op, 251493600.00 ns, 88.0274 ns/op
WorkloadWarmup   4: 2856992 op, 250862000.00 ns, 87.8063 ns/op
WorkloadWarmup   5: 2856992 op, 249510100.00 ns, 87.3331 ns/op
WorkloadWarmup   6: 2856992 op, 259703900.00 ns, 90.9012 ns/op
WorkloadWarmup   7: 2856992 op, 249681700.00 ns, 87.3932 ns/op

// BeforeActualRun
WorkloadActual   1: 2856992 op, 252778300.00 ns, 88.4771 ns/op
WorkloadActual   2: 2856992 op, 261353700.00 ns, 91.4786 ns/op
WorkloadActual   3: 2856992 op, 258046400.00 ns, 90.3210 ns/op
WorkloadActual   4: 2856992 op, 299855900.00 ns, 104.9551 ns/op
WorkloadActual   5: 2856992 op, 259797400.00 ns, 90.9339 ns/op
WorkloadActual   6: 2856992 op, 269119700.00 ns, 94.1969 ns/op
WorkloadActual   7: 2856992 op, 260364600.00 ns, 91.1324 ns/op
WorkloadActual   8: 2856992 op, 261159400.00 ns, 91.4106 ns/op
WorkloadActual   9: 2856992 op, 260574400.00 ns, 91.2059 ns/op
WorkloadActual  10: 2856992 op, 260297900.00 ns, 91.1091 ns/op
WorkloadActual  11: 2856992 op, 257489300.00 ns, 90.1260 ns/op
WorkloadActual  12: 2856992 op, 260680100.00 ns, 91.2429 ns/op
WorkloadActual  13: 2856992 op, 257305500.00 ns, 90.0617 ns/op
WorkloadActual  14: 2856992 op, 265251600.00 ns, 92.8430 ns/op
WorkloadActual  15: 2856992 op, 258091000.00 ns, 90.3366 ns/op

// AfterActualRun
WorkloadResult   1: 2856992 op, 245666400.00 ns, 85.9878 ns/op
WorkloadResult   2: 2856992 op, 254241800.00 ns, 88.9893 ns/op
WorkloadResult   3: 2856992 op, 250934500.00 ns, 87.8317 ns/op
WorkloadResult   4: 2856992 op, 252685500.00 ns, 88.4446 ns/op
WorkloadResult   5: 2856992 op, 253252700.00 ns, 88.6431 ns/op
WorkloadResult   6: 2856992 op, 254047500.00 ns, 88.9213 ns/op
WorkloadResult   7: 2856992 op, 253462500.00 ns, 88.7166 ns/op
WorkloadResult   8: 2856992 op, 253186000.00 ns, 88.6198 ns/op
WorkloadResult   9: 2856992 op, 250377400.00 ns, 87.6367 ns/op
WorkloadResult  10: 2856992 op, 253568200.00 ns, 88.7536 ns/op
WorkloadResult  11: 2856992 op, 250193600.00 ns, 87.5724 ns/op
WorkloadResult  12: 2856992 op, 258139700.00 ns, 90.3537 ns/op
WorkloadResult  13: 2856992 op, 250979100.00 ns, 87.8473 ns/op
// GC:  327 0 0 2742712320 2856992
// Threading:  0 0 2856992

// AfterAll
// Benchmark Process 19792 has exited with code 0.

Mean = 88.332 ns, StdErr = 0.282 ns (0.32%), N = 13, StdDev = 1.018 ns
Min = 85.988 ns, Q1 = 87.832 ns, Median = 88.620 ns, Q3 = 88.754 ns, Max = 90.354 ns
IQR = 0.922 ns, LowerFence = 86.449 ns, UpperFence = 90.136 ns
ConfidenceInterval = [87.114 ns; 89.551 ns] (CI 99.9%), Margin = 1.219 ns (1.38% of Mean)
Skewness = -0.36, Kurtosis = 3.44, MValue = 2

// ** Remained 59 (69.4%) benchmark(s) to run. Estimated finish 2026-02-06 8:22 (0h 14m from now) **
Setup power plan (GUID: 8c5e7fda-e8bf-4a96-9a85-a6e23a8c635c FriendlyName: High performance)
// **************************
// Benchmark: Scenario1.A_EnumerationsOptions_Result_FailTValue_WithErrorMessage: .NET 10.0(Runtime=.NET 10.0, IterationTime=250ms) [Iterations=10]
// *** Execute ***
// Launch: 1 / 1
// Execute: dotnet Enumerations.Options.Benchmarks-1.dll --anonymousPipes 1892 1912 --benchmarkName "ReillyDigital.Enumerations.Options.Benchmarks.Scenarios.Scenario1.A_EnumerationsOptions_Result_FailTValue_WithErrorMessage(Iterations: 10)" --job ".NET 10.0" --benchmarkId 26 in D:\x\devs\reilly-digital\dotnet\enumerations.options.benchmarks\bin\Debug\net10.0\Enumerations.Options.Benchmarks-1\bin\Release\net10.0
// BeforeAnythingElse

// Benchmark Process Environment Information:
// BenchmarkDotNet v0.15.8
// Runtime=.NET 10.0.2 (10.0.2, 10.0.225.61305), X64 RyuJIT x86-64-v3
// GC=Concurrent Workstation
// HardwareIntrinsics=AVX2+BMI1+BMI2+F16C+FMA+LZCNT+MOVBE,AVX,SSE3+SSSE3+SSE4.1+SSE4.2+POPCNT,X86Base+SSE+SSE2,AES+PCLMUL VectorSize=256
// Job: .NET 10.0(IterationTime=250ms)

OverheadJitting  1: 1 op, 113900.00 ns, 113.9000 us/op
WorkloadJitting  1: 1 op, 11322900.00 ns, 11.3229 ms/op

OverheadJitting  2: 16 op, 184100.00 ns, 11.5063 us/op
WorkloadJitting  2: 16 op, 151600.00 ns, 9.4750 us/op

WorkloadPilot    1: 16 op, 5600.00 ns, 350.0000 ns/op
WorkloadPilot    2: 714288 op, 211739600.00 ns, 296.4345 ns/op
WorkloadPilot    3: 843360 op, 44181900.00 ns, 52.3879 ns/op
WorkloadPilot    4: 4772096 op, 201665200.00 ns, 42.2593 ns/op
WorkloadPilot    5: 5915872 op, 244426600.00 ns, 41.3171 ns/op
WorkloadPilot    6: 6050768 op, 251090700.00 ns, 41.4973 ns/op
WorkloadPilot    7: 6024496 op, 251227500.00 ns, 41.7010 ns/op
WorkloadPilot    8: 5995072 op, 248711800.00 ns, 41.4860 ns/op
WorkloadPilot    9: 6026128 op, 252226900.00 ns, 41.8555 ns/op

OverheadWarmup   1: 6026128 op, 15230800.00 ns, 2.5275 ns/op
OverheadWarmup   2: 6026128 op, 15910600.00 ns, 2.6403 ns/op
OverheadWarmup   3: 6026128 op, 14812800.00 ns, 2.4581 ns/op
OverheadWarmup   4: 6026128 op, 14799600.00 ns, 2.4559 ns/op
OverheadWarmup   5: 6026128 op, 15756900.00 ns, 2.6148 ns/op
OverheadWarmup   6: 6026128 op, 14830700.00 ns, 2.4611 ns/op

OverheadActual   1: 6026128 op, 14757500.00 ns, 2.4489 ns/op
OverheadActual   2: 6026128 op, 15093100.00 ns, 2.5046 ns/op
OverheadActual   3: 6026128 op, 15895500.00 ns, 2.6378 ns/op
OverheadActual   4: 6026128 op, 15776700.00 ns, 2.6180 ns/op
OverheadActual   5: 6026128 op, 16570100.00 ns, 2.7497 ns/op
OverheadActual   6: 6026128 op, 15027500.00 ns, 2.4937 ns/op
OverheadActual   7: 6026128 op, 14936100.00 ns, 2.4786 ns/op
OverheadActual   8: 6026128 op, 14875500.00 ns, 2.4685 ns/op
OverheadActual   9: 6026128 op, 15835700.00 ns, 2.6278 ns/op
OverheadActual  10: 6026128 op, 15790400.00 ns, 2.6203 ns/op
OverheadActual  11: 6026128 op, 14857000.00 ns, 2.4654 ns/op
OverheadActual  12: 6026128 op, 14810400.00 ns, 2.4577 ns/op
OverheadActual  13: 6026128 op, 14855300.00 ns, 2.4651 ns/op
OverheadActual  14: 6026128 op, 11965900.00 ns, 1.9857 ns/op
OverheadActual  15: 6026128 op, 9039000.00 ns, 1.5000 ns/op
OverheadActual  16: 6026128 op, 10026500.00 ns, 1.6638 ns/op
OverheadActual  17: 6026128 op, 9105100.00 ns, 1.5109 ns/op
OverheadActual  18: 6026128 op, 9030800.00 ns, 1.4986 ns/op
OverheadActual  19: 6026128 op, 9189500.00 ns, 1.5249 ns/op
OverheadActual  20: 6026128 op, 9572600.00 ns, 1.5885 ns/op

WorkloadWarmup   1: 6026128 op, 251839700.00 ns, 41.7913 ns/op
WorkloadWarmup   2: 6026128 op, 250808300.00 ns, 41.6201 ns/op
WorkloadWarmup   3: 6026128 op, 248892300.00 ns, 41.3022 ns/op
WorkloadWarmup   4: 6026128 op, 251584500.00 ns, 41.7489 ns/op
WorkloadWarmup   5: 6026128 op, 250847200.00 ns, 41.6266 ns/op
WorkloadWarmup   6: 6026128 op, 251704100.00 ns, 41.7688 ns/op
WorkloadWarmup   7: 6026128 op, 251535500.00 ns, 41.7408 ns/op

// BeforeActualRun
WorkloadActual   1: 6026128 op, 251769500.00 ns, 41.7796 ns/op
WorkloadActual   2: 6026128 op, 252836000.00 ns, 41.9566 ns/op
WorkloadActual   3: 6026128 op, 248033000.00 ns, 41.1596 ns/op
WorkloadActual   4: 6026128 op, 249203700.00 ns, 41.3539 ns/op
WorkloadActual   5: 6026128 op, 249992900.00 ns, 41.4848 ns/op
WorkloadActual   6: 6026128 op, 250310400.00 ns, 41.5375 ns/op
WorkloadActual   7: 6026128 op, 248476300.00 ns, 41.2332 ns/op
WorkloadActual   8: 6026128 op, 249168700.00 ns, 41.3481 ns/op
WorkloadActual   9: 6026128 op, 249048800.00 ns, 41.3282 ns/op
WorkloadActual  10: 6026128 op, 249807700.00 ns, 41.4541 ns/op
WorkloadActual  11: 6026128 op, 250645400.00 ns, 41.5931 ns/op
WorkloadActual  12: 6026128 op, 250198700.00 ns, 41.5190 ns/op
WorkloadActual  13: 6026128 op, 248444400.00 ns, 41.2279 ns/op
WorkloadActual  14: 6026128 op, 251047000.00 ns, 41.6598 ns/op
WorkloadActual  15: 6026128 op, 248518100.00 ns, 41.2401 ns/op

// AfterActualRun
WorkloadResult   1: 6026128 op, 236913350.00 ns, 39.3144 ns/op
WorkloadResult   2: 6026128 op, 237979850.00 ns, 39.4913 ns/op
WorkloadResult   3: 6026128 op, 233176850.00 ns, 38.6943 ns/op
WorkloadResult   4: 6026128 op, 234347550.00 ns, 38.8886 ns/op
WorkloadResult   5: 6026128 op, 235136750.00 ns, 39.0195 ns/op
WorkloadResult   6: 6026128 op, 235454250.00 ns, 39.0722 ns/op
WorkloadResult   7: 6026128 op, 233620150.00 ns, 38.7679 ns/op
WorkloadResult   8: 6026128 op, 234312550.00 ns, 38.8828 ns/op
WorkloadResult   9: 6026128 op, 234192650.00 ns, 38.8629 ns/op
WorkloadResult  10: 6026128 op, 234951550.00 ns, 38.9888 ns/op
WorkloadResult  11: 6026128 op, 235789250.00 ns, 39.1278 ns/op
WorkloadResult  12: 6026128 op, 235342550.00 ns, 39.0537 ns/op
WorkloadResult  13: 6026128 op, 233588250.00 ns, 38.7626 ns/op
WorkloadResult  14: 6026128 op, 236190850.00 ns, 39.1945 ns/op
WorkloadResult  15: 6026128 op, 233661950.00 ns, 38.7748 ns/op
// GC:  0 0 0 0 6026128
// Threading:  0 0 6026128

// AfterAll
// Benchmark Process 11436 has exited with code 0.

Mean = 38.993 ns, StdErr = 0.058 ns (0.15%), N = 15, StdDev = 0.224 ns
Min = 38.694 ns, Q1 = 38.819 ns, Median = 38.989 ns, Q3 = 39.100 ns, Max = 39.491 ns
IQR = 0.281 ns, LowerFence = 38.397 ns, UpperFence = 39.522 ns
ConfidenceInterval = [38.754 ns; 39.232 ns] (CI 99.9%), Margin = 0.239 ns (0.61% of Mean)
Skewness = 0.61, Kurtosis = 2.4, MValue = 2

// ** Remained 58 (68.2%) benchmark(s) to run. Estimated finish 2026-02-06 8:21 (0h 13m from now) **
Setup power plan (GUID: 8c5e7fda-e8bf-4a96-9a85-a6e23a8c635c FriendlyName: High performance)
// **************************
// Benchmark: Scenario1.B_FluentResults_Result_FailTValue_WithErrorMessage: .NET 10.0(Runtime=.NET 10.0, IterationTime=250ms) [Iterations=10]
// *** Execute ***
// Launch: 1 / 1
// Execute: dotnet Enumerations.Options.Benchmarks-1.dll --anonymousPipes 1912 1192 --benchmarkName "ReillyDigital.Enumerations.Options.Benchmarks.Scenarios.Scenario1.B_FluentResults_Result_FailTValue_WithErrorMessage(Iterations: 10)" --job ".NET 10.0" --benchmarkId 27 in D:\x\devs\reilly-digital\dotnet\enumerations.options.benchmarks\bin\Debug\net10.0\Enumerations.Options.Benchmarks-1\bin\Release\net10.0
// BeforeAnythingElse

// Benchmark Process Environment Information:
// BenchmarkDotNet v0.15.8
// Runtime=.NET 10.0.2 (10.0.2, 10.0.225.61305), X64 RyuJIT x86-64-v3
// GC=Concurrent Workstation
// HardwareIntrinsics=AVX2+BMI1+BMI2+F16C+FMA+LZCNT+MOVBE,AVX,SSE3+SSSE3+SSE4.1+SSE4.2+POPCNT,X86Base+SSE+SSE2,AES+PCLMUL VectorSize=256
// Job: .NET 10.0(IterationTime=250ms)

OverheadJitting  1: 1 op, 111200.00 ns, 111.2000 us/op
WorkloadJitting  1: 1 op, 11267900.00 ns, 11.2679 ms/op

OverheadJitting  2: 16 op, 181700.00 ns, 11.3563 us/op
WorkloadJitting  2: 16 op, 161200.00 ns, 10.0750 us/op

WorkloadPilot    1: 16 op, 19700.00 ns, 1.2313 us/op
WorkloadPilot    2: 203056 op, 148992500.00 ns, 733.7508 ns/op
WorkloadPilot    3: 340720 op, 120886600.00 ns, 354.7975 ns/op
WorkloadPilot    4: 704640 op, 142321800.00 ns, 201.9780 ns/op
WorkloadPilot    5: 1237760 op, 249871300.00 ns, 201.8738 ns/op
WorkloadPilot    6: 1238400 op, 250692100.00 ns, 202.4323 ns/op
WorkloadPilot    7: 1234992 op, 246173300.00 ns, 199.3319 ns/op
WorkloadPilot    8: 1254192 op, 254136200.00 ns, 202.6294 ns/op
WorkloadPilot    9: 1233792 op, 245712500.00 ns, 199.1523 ns/op
WorkloadPilot   10: 1255328 op, 252921900.00 ns, 201.4787 ns/op

OverheadWarmup   1: 1255328 op, 3104700.00 ns, 2.4732 ns/op
OverheadWarmup   2: 1255328 op, 3256400.00 ns, 2.5941 ns/op
OverheadWarmup   3: 1255328 op, 3067100.00 ns, 2.4433 ns/op
OverheadWarmup   4: 1255328 op, 3220700.00 ns, 2.5656 ns/op
OverheadWarmup   5: 1255328 op, 3121000.00 ns, 2.4862 ns/op

OverheadActual   1: 1255328 op, 3082600.00 ns, 2.4556 ns/op
OverheadActual   2: 1255328 op, 3113000.00 ns, 2.4798 ns/op
OverheadActual   3: 1255328 op, 3082700.00 ns, 2.4557 ns/op
OverheadActual   4: 1255328 op, 3079800.00 ns, 2.4534 ns/op
OverheadActual   5: 1255328 op, 3076100.00 ns, 2.4504 ns/op
OverheadActual   6: 1255328 op, 3088400.00 ns, 2.4602 ns/op
OverheadActual   7: 1255328 op, 3094600.00 ns, 2.4652 ns/op
OverheadActual   8: 1255328 op, 3150000.00 ns, 2.5093 ns/op
OverheadActual   9: 1255328 op, 3096400.00 ns, 2.4666 ns/op
OverheadActual  10: 1255328 op, 3340400.00 ns, 2.6610 ns/op
OverheadActual  11: 1255328 op, 3331800.00 ns, 2.6541 ns/op
OverheadActual  12: 1255328 op, 3118600.00 ns, 2.4843 ns/op
OverheadActual  13: 1255328 op, 3138400.00 ns, 2.5001 ns/op
OverheadActual  14: 1255328 op, 3129400.00 ns, 2.4929 ns/op
OverheadActual  15: 1255328 op, 3146800.00 ns, 2.5068 ns/op

WorkloadWarmup   1: 1255328 op, 250512200.00 ns, 199.5592 ns/op
WorkloadWarmup   2: 1255328 op, 245178900.00 ns, 195.3106 ns/op
WorkloadWarmup   3: 1255328 op, 242902600.00 ns, 193.4973 ns/op
WorkloadWarmup   4: 1255328 op, 246453700.00 ns, 196.3261 ns/op
WorkloadWarmup   5: 1255328 op, 255842300.00 ns, 203.8051 ns/op
WorkloadWarmup   6: 1255328 op, 247212700.00 ns, 196.9308 ns/op
WorkloadWarmup   7: 1255328 op, 240725600.00 ns, 191.7631 ns/op
WorkloadWarmup   8: 1255328 op, 242085300.00 ns, 192.8463 ns/op
WorkloadWarmup   9: 1255328 op, 246402500.00 ns, 196.2854 ns/op
WorkloadWarmup  10: 1255328 op, 259814100.00 ns, 206.9691 ns/op
WorkloadWarmup  11: 1255328 op, 243946100.00 ns, 194.3286 ns/op

// BeforeActualRun
WorkloadActual   1: 1255328 op, 245943800.00 ns, 195.9200 ns/op
WorkloadActual   2: 1255328 op, 241321500.00 ns, 192.2378 ns/op
WorkloadActual   3: 1255328 op, 241683000.00 ns, 192.5258 ns/op
WorkloadActual   4: 1255328 op, 241045800.00 ns, 192.0182 ns/op
WorkloadActual   5: 1255328 op, 245904000.00 ns, 195.8882 ns/op
WorkloadActual   6: 1255328 op, 244073600.00 ns, 194.4301 ns/op
WorkloadActual   7: 1255328 op, 243763800.00 ns, 194.1834 ns/op
WorkloadActual   8: 1255328 op, 242472400.00 ns, 193.1546 ns/op
WorkloadActual   9: 1255328 op, 244729900.00 ns, 194.9530 ns/op
WorkloadActual  10: 1255328 op, 241527900.00 ns, 192.4022 ns/op
WorkloadActual  11: 1255328 op, 242590200.00 ns, 193.2485 ns/op
WorkloadActual  12: 1255328 op, 240611500.00 ns, 191.6722 ns/op
WorkloadActual  13: 1255328 op, 242136300.00 ns, 192.8869 ns/op
WorkloadActual  14: 1255328 op, 244358700.00 ns, 194.6573 ns/op
WorkloadActual  15: 1255328 op, 259160800.00 ns, 206.4487 ns/op

// AfterActualRun
WorkloadResult   1: 1255328 op, 242830800.00 ns, 193.4401 ns/op
WorkloadResult   2: 1255328 op, 238208500.00 ns, 189.7580 ns/op
WorkloadResult   3: 1255328 op, 238570000.00 ns, 190.0459 ns/op
WorkloadResult   4: 1255328 op, 237932800.00 ns, 189.5384 ns/op
WorkloadResult   5: 1255328 op, 242791000.00 ns, 193.4084 ns/op
WorkloadResult   6: 1255328 op, 240960600.00 ns, 191.9503 ns/op
WorkloadResult   7: 1255328 op, 240650800.00 ns, 191.7035 ns/op
WorkloadResult   8: 1255328 op, 239359400.00 ns, 190.6748 ns/op
WorkloadResult   9: 1255328 op, 241616900.00 ns, 192.4731 ns/op
WorkloadResult  10: 1255328 op, 238414900.00 ns, 189.9224 ns/op
WorkloadResult  11: 1255328 op, 239477200.00 ns, 190.7686 ns/op
WorkloadResult  12: 1255328 op, 237498500.00 ns, 189.1924 ns/op
WorkloadResult  13: 1255328 op, 239023300.00 ns, 190.4070 ns/op
WorkloadResult  14: 1255328 op, 241245700.00 ns, 192.1774 ns/op
// GC:  180 0 0 1506393600 1255328
// Threading:  0 0 1255328

// AfterAll
// Benchmark Process 11348 has exited with code 0.

Mean = 191.104 ns, StdErr = 0.379 ns (0.20%), N = 14, StdDev = 1.417 ns
Min = 189.192 ns, Q1 = 189.953 ns, Median = 190.722 ns, Q3 = 192.121 ns, Max = 193.440 ns
IQR = 2.167 ns, LowerFence = 186.702 ns, UpperFence = 195.372 ns
ConfidenceInterval = [189.506 ns; 192.702 ns] (CI 99.9%), Margin = 1.598 ns (0.84% of Mean)
Skewness = 0.33, Kurtosis = 1.59, MValue = 2

// ** Remained 57 (67.1%) benchmark(s) to run. Estimated finish 2026-02-06 8:21 (0h 13m from now) **
Setup power plan (GUID: 8c5e7fda-e8bf-4a96-9a85-a6e23a8c635c FriendlyName: High performance)
// **************************
// Benchmark: Scenario1.E_Rascal_Result_FailTValue_WithErrorMessage: .NET 10.0(Runtime=.NET 10.0, IterationTime=250ms) [Iterations=10]
// *** Execute ***
// Launch: 1 / 1
// Execute: dotnet Enumerations.Options.Benchmarks-1.dll --anonymousPipes 1580 1444 --benchmarkName "ReillyDigital.Enumerations.Options.Benchmarks.Scenarios.Scenario1.E_Rascal_Result_FailTValue_WithErrorMessage(Iterations: 10)" --job ".NET 10.0" --benchmarkId 28 in D:\x\devs\reilly-digital\dotnet\enumerations.options.benchmarks\bin\Debug\net10.0\Enumerations.Options.Benchmarks-1\bin\Release\net10.0
// BeforeAnythingElse

// Benchmark Process Environment Information:
// BenchmarkDotNet v0.15.8
// Runtime=.NET 10.0.2 (10.0.2, 10.0.225.61305), X64 RyuJIT x86-64-v3
// GC=Concurrent Workstation
// HardwareIntrinsics=AVX2+BMI1+BMI2+F16C+FMA+LZCNT+MOVBE,AVX,SSE3+SSSE3+SSE4.1+SSE4.2+POPCNT,X86Base+SSE+SSE2,AES+PCLMUL VectorSize=256
// Job: .NET 10.0(IterationTime=250ms)

OverheadJitting  1: 1 op, 120600.00 ns, 120.6000 us/op
WorkloadJitting  1: 1 op, 11266700.00 ns, 11.2667 ms/op

OverheadJitting  2: 16 op, 184300.00 ns, 11.5188 us/op
WorkloadJitting  2: 16 op, 235700.00 ns, 14.7313 us/op

WorkloadPilot    1: 16 op, 3100.00 ns, 193.7500 ns/op
WorkloadPilot    2: 1290336 op, 156326000.00 ns, 121.1514 ns/op
WorkloadPilot    3: 2063536 op, 70932500.00 ns, 34.3742 ns/op
WorkloadPilot    4: 7272896 op, 35826400.00 ns, 4.9260 ns/op
WorkloadPilot    5: 50750960 op, 233356800.00 ns, 4.5981 ns/op
WorkloadPilot    6: 54370560 op, 247374500.00 ns, 4.5498 ns/op
WorkloadPilot    7: 54947632 op, 252004700.00 ns, 4.5863 ns/op
WorkloadPilot    8: 54510528 op, 258222400.00 ns, 4.7371 ns/op
WorkloadPilot    9: 52774800 op, 257421500.00 ns, 4.8777 ns/op

OverheadWarmup   1: 52774800 op, 132342600.00 ns, 2.5077 ns/op
OverheadWarmup   2: 52774800 op, 109022700.00 ns, 2.0658 ns/op
OverheadWarmup   3: 52774800 op, 80708400.00 ns, 1.5293 ns/op
OverheadWarmup   4: 52774800 op, 81180500.00 ns, 1.5382 ns/op
OverheadWarmup   5: 52774800 op, 80160800.00 ns, 1.5189 ns/op
OverheadWarmup   6: 52774800 op, 80248400.00 ns, 1.5206 ns/op
OverheadWarmup   7: 52774800 op, 80181600.00 ns, 1.5193 ns/op

OverheadActual   1: 52774800 op, 80052300.00 ns, 1.5169 ns/op
OverheadActual   2: 52774800 op, 80704000.00 ns, 1.5292 ns/op
OverheadActual   3: 52774800 op, 78395600.00 ns, 1.4855 ns/op
OverheadActual   4: 52774800 op, 78470800.00 ns, 1.4869 ns/op
OverheadActual   5: 52774800 op, 78499100.00 ns, 1.4874 ns/op
OverheadActual   6: 52774800 op, 78427900.00 ns, 1.4861 ns/op
OverheadActual   7: 52774800 op, 78604500.00 ns, 1.4894 ns/op
OverheadActual   8: 52774800 op, 80939300.00 ns, 1.5337 ns/op
OverheadActual   9: 52774800 op, 79095700.00 ns, 1.4987 ns/op
OverheadActual  10: 52774800 op, 78437300.00 ns, 1.4863 ns/op
OverheadActual  11: 52774800 op, 80294900.00 ns, 1.5215 ns/op
OverheadActual  12: 52774800 op, 78405400.00 ns, 1.4857 ns/op
OverheadActual  13: 52774800 op, 80247300.00 ns, 1.5206 ns/op
OverheadActual  14: 52774800 op, 79266100.00 ns, 1.5020 ns/op
OverheadActual  15: 52774800 op, 79619200.00 ns, 1.5087 ns/op

WorkloadWarmup   1: 52774800 op, 247493400.00 ns, 4.6896 ns/op
WorkloadWarmup   2: 52774800 op, 244138000.00 ns, 4.6260 ns/op
WorkloadWarmup   3: 52774800 op, 239938700.00 ns, 4.5465 ns/op
WorkloadWarmup   4: 52774800 op, 241781800.00 ns, 4.5814 ns/op
WorkloadWarmup   5: 52774800 op, 231469000.00 ns, 4.3860 ns/op
WorkloadWarmup   6: 52774800 op, 245820200.00 ns, 4.6579 ns/op
WorkloadWarmup   7: 52774800 op, 238488800.00 ns, 4.5190 ns/op

// BeforeActualRun
WorkloadActual   1: 52774800 op, 241391300.00 ns, 4.5740 ns/op
WorkloadActual   2: 52774800 op, 245695300.00 ns, 4.6555 ns/op
WorkloadActual   3: 52774800 op, 243348800.00 ns, 4.6111 ns/op
WorkloadActual   4: 52774800 op, 234576000.00 ns, 4.4448 ns/op
WorkloadActual   5: 52774800 op, 242555000.00 ns, 4.5960 ns/op
WorkloadActual   6: 52774800 op, 242183500.00 ns, 4.5890 ns/op
WorkloadActual   7: 52774800 op, 225961700.00 ns, 4.2816 ns/op
WorkloadActual   8: 52774800 op, 242510800.00 ns, 4.5952 ns/op
WorkloadActual   9: 52774800 op, 247937400.00 ns, 4.6980 ns/op
WorkloadActual  10: 52774800 op, 234541000.00 ns, 4.4442 ns/op
WorkloadActual  11: 52774800 op, 239671200.00 ns, 4.5414 ns/op
WorkloadActual  12: 52774800 op, 244225600.00 ns, 4.6277 ns/op
WorkloadActual  13: 52774800 op, 246502400.00 ns, 4.6708 ns/op
WorkloadActual  14: 52774800 op, 250743000.00 ns, 4.7512 ns/op
WorkloadActual  15: 52774800 op, 241647800.00 ns, 4.5788 ns/op
WorkloadActual  16: 52774800 op, 238709300.00 ns, 4.5232 ns/op
WorkloadActual  17: 52774800 op, 243527200.00 ns, 4.6145 ns/op
WorkloadActual  18: 52774800 op, 249310300.00 ns, 4.7240 ns/op
WorkloadActual  19: 52774800 op, 246992000.00 ns, 4.6801 ns/op
WorkloadActual  20: 52774800 op, 243445800.00 ns, 4.6129 ns/op
WorkloadActual  21: 52774800 op, 243439500.00 ns, 4.6128 ns/op

// AfterActualRun
WorkloadResult   1: 52774800 op, 162295600.00 ns, 3.0752 ns/op
WorkloadResult   2: 52774800 op, 166599600.00 ns, 3.1568 ns/op
WorkloadResult   3: 52774800 op, 164253100.00 ns, 3.1123 ns/op
WorkloadResult   4: 52774800 op, 155480300.00 ns, 2.9461 ns/op
WorkloadResult   5: 52774800 op, 163459300.00 ns, 3.0973 ns/op
WorkloadResult   6: 52774800 op, 163087800.00 ns, 3.0903 ns/op
WorkloadResult   7: 52774800 op, 146866000.00 ns, 2.7829 ns/op
WorkloadResult   8: 52774800 op, 163415100.00 ns, 3.0965 ns/op
WorkloadResult   9: 52774800 op, 168841700.00 ns, 3.1993 ns/op
WorkloadResult  10: 52774800 op, 155445300.00 ns, 2.9454 ns/op
WorkloadResult  11: 52774800 op, 160575500.00 ns, 3.0427 ns/op
WorkloadResult  12: 52774800 op, 165129900.00 ns, 3.1290 ns/op
WorkloadResult  13: 52774800 op, 167406700.00 ns, 3.1721 ns/op
WorkloadResult  14: 52774800 op, 171647300.00 ns, 3.2524 ns/op
WorkloadResult  15: 52774800 op, 162552100.00 ns, 3.0801 ns/op
WorkloadResult  16: 52774800 op, 159613600.00 ns, 3.0244 ns/op
WorkloadResult  17: 52774800 op, 164431500.00 ns, 3.1157 ns/op
WorkloadResult  18: 52774800 op, 170214600.00 ns, 3.2253 ns/op
WorkloadResult  19: 52774800 op, 167896300.00 ns, 3.1814 ns/op
WorkloadResult  20: 52774800 op, 164350100.00 ns, 3.1142 ns/op
WorkloadResult  21: 52774800 op, 164343800.00 ns, 3.1141 ns/op
// GC:  0 0 0 0 52774800
// Threading:  0 0 52774800

// AfterAll
// Benchmark Process 15528 has exited with code 0.

Mean = 3.093 ns, StdErr = 0.023 ns (0.74%), N = 21, StdDev = 0.106 ns
Min = 2.783 ns, Q1 = 3.075 ns, Median = 3.112 ns, Q3 = 3.157 ns, Max = 3.252 ns
IQR = 0.082 ns, LowerFence = 2.953 ns, UpperFence = 3.279 ns
ConfidenceInterval = [3.004 ns; 3.182 ns] (CI 99.9%), Margin = 0.089 ns (2.87% of Mean)
Skewness = -1.12, Kurtosis = 4.39, MValue = 2

// ** Remained 56 (65.9%) benchmark(s) to run. Estimated finish 2026-02-06 8:21 (0h 13m from now) **
Setup power plan (GUID: 8c5e7fda-e8bf-4a96-9a85-a6e23a8c635c FriendlyName: High performance)
// **************************
// Benchmark: Scenario1.D_SimpleResults_Result_FailTValue_WithErrorMessage: .NET 10.0(Runtime=.NET 10.0, IterationTime=250ms) [Iterations=10]
// *** Execute ***
// Launch: 1 / 1
// Execute: dotnet Enumerations.Options.Benchmarks-1.dll --anonymousPipes 1452 1652 --benchmarkName "ReillyDigital.Enumerations.Options.Benchmarks.Scenarios.Scenario1.D_SimpleResults_Result_FailTValue_WithErrorMessage(Iterations: 10)" --job ".NET 10.0" --benchmarkId 29 in D:\x\devs\reilly-digital\dotnet\enumerations.options.benchmarks\bin\Debug\net10.0\Enumerations.Options.Benchmarks-1\bin\Release\net10.0
// BeforeAnythingElse

// Benchmark Process Environment Information:
// BenchmarkDotNet v0.15.8
// Runtime=.NET 10.0.2 (10.0.2, 10.0.225.61305), X64 RyuJIT x86-64-v3
// GC=Concurrent Workstation
// HardwareIntrinsics=AVX2+BMI1+BMI2+F16C+FMA+LZCNT+MOVBE,AVX,SSE3+SSSE3+SSE4.1+SSE4.2+POPCNT,X86Base+SSE+SSE2,AES+PCLMUL VectorSize=256
// Job: .NET 10.0(IterationTime=250ms)

OverheadJitting  1: 1 op, 108800.00 ns, 108.8000 us/op
WorkloadJitting  1: 1 op, 2959700.00 ns, 2.9597 ms/op

OverheadJitting  2: 16 op, 155800.00 ns, 9.7375 us/op
WorkloadJitting  2: 16 op, 350900.00 ns, 21.9313 us/op

WorkloadPilot    1: 16 op, 53300.00 ns, 3.3313 us/op
WorkloadPilot    2: 75056 op, 147273200.00 ns, 1.9622 us/op
WorkloadPilot    3: 127424 op, 88867000.00 ns, 697.4118 ns/op
WorkloadPilot    4: 358480 op, 242982000.00 ns, 677.8119 ns/op
WorkloadPilot    5: 368848 op, 246612100.00 ns, 668.6009 ns/op
WorkloadPilot    6: 373920 op, 252459000.00 ns, 675.1685 ns/op
WorkloadPilot    7: 370288 op, 251948700.00 ns, 680.4128 ns/op
WorkloadPilot    8: 367424 op, 245694300.00 ns, 668.6942 ns/op
WorkloadPilot    9: 373872 op, 249845600.00 ns, 668.2651 ns/op
WorkloadPilot   10: 374112 op, 251653100.00 ns, 672.6678 ns/op

OverheadWarmup   1: 374112 op, 926500.00 ns, 2.4765 ns/op
OverheadWarmup   2: 374112 op, 909900.00 ns, 2.4322 ns/op
OverheadWarmup   3: 374112 op, 902300.00 ns, 2.4118 ns/op
OverheadWarmup   4: 374112 op, 897800.00 ns, 2.3998 ns/op
OverheadWarmup   5: 374112 op, 920600.00 ns, 2.4608 ns/op
OverheadWarmup   6: 374112 op, 914300.00 ns, 2.4439 ns/op
OverheadWarmup   7: 374112 op, 901700.00 ns, 2.4102 ns/op
OverheadWarmup   8: 374112 op, 916000.00 ns, 2.4485 ns/op
OverheadWarmup   9: 374112 op, 905000.00 ns, 2.4191 ns/op

OverheadActual   1: 374112 op, 902300.00 ns, 2.4118 ns/op
OverheadActual   2: 374112 op, 887600.00 ns, 2.3726 ns/op
OverheadActual   3: 374112 op, 904800.00 ns, 2.4185 ns/op
OverheadActual   4: 374112 op, 906500.00 ns, 2.4231 ns/op
OverheadActual   5: 374112 op, 910200.00 ns, 2.4330 ns/op
OverheadActual   6: 374112 op, 918800.00 ns, 2.4559 ns/op
OverheadActual   7: 374112 op, 909400.00 ns, 2.4308 ns/op
OverheadActual   8: 374112 op, 896100.00 ns, 2.3953 ns/op
OverheadActual   9: 374112 op, 922600.00 ns, 2.4661 ns/op
OverheadActual  10: 374112 op, 913400.00 ns, 2.4415 ns/op
OverheadActual  11: 374112 op, 903800.00 ns, 2.4159 ns/op
OverheadActual  12: 374112 op, 882900.00 ns, 2.3600 ns/op
OverheadActual  13: 374112 op, 943600.00 ns, 2.5222 ns/op
OverheadActual  14: 374112 op, 883400.00 ns, 2.3613 ns/op
OverheadActual  15: 374112 op, 919200.00 ns, 2.4570 ns/op

WorkloadWarmup   1: 374112 op, 254958000.00 ns, 681.5018 ns/op
WorkloadWarmup   2: 374112 op, 252132500.00 ns, 673.9492 ns/op
WorkloadWarmup   3: 374112 op, 248236900.00 ns, 663.5363 ns/op
WorkloadWarmup   4: 374112 op, 248028000.00 ns, 662.9779 ns/op
WorkloadWarmup   5: 374112 op, 249298800.00 ns, 666.3748 ns/op
WorkloadWarmup   6: 374112 op, 256132900.00 ns, 684.6423 ns/op
WorkloadWarmup   7: 374112 op, 251265200.00 ns, 671.6310 ns/op
WorkloadWarmup   8: 374112 op, 249423200.00 ns, 666.7073 ns/op
WorkloadWarmup   9: 374112 op, 247895200.00 ns, 662.6230 ns/op
WorkloadWarmup  10: 374112 op, 248617000.00 ns, 664.5523 ns/op
WorkloadWarmup  11: 374112 op, 247573200.00 ns, 661.7623 ns/op

// BeforeActualRun
WorkloadActual   1: 374112 op, 250332400.00 ns, 669.1376 ns/op
WorkloadActual   2: 374112 op, 251531900.00 ns, 672.3438 ns/op
WorkloadActual   3: 374112 op, 253702400.00 ns, 678.1456 ns/op
WorkloadActual   4: 374112 op, 252980700.00 ns, 676.2165 ns/op
WorkloadActual   5: 374112 op, 252925600.00 ns, 676.0692 ns/op
WorkloadActual   6: 374112 op, 256122900.00 ns, 684.6156 ns/op
WorkloadActual   7: 374112 op, 251758300.00 ns, 672.9490 ns/op
WorkloadActual   8: 374112 op, 251476800.00 ns, 672.1966 ns/op
WorkloadActual   9: 374112 op, 252189800.00 ns, 674.1024 ns/op
WorkloadActual  10: 374112 op, 252159900.00 ns, 674.0225 ns/op
WorkloadActual  11: 374112 op, 251217000.00 ns, 671.5021 ns/op
WorkloadActual  12: 374112 op, 251600400.00 ns, 672.5269 ns/op
WorkloadActual  13: 374112 op, 252023700.00 ns, 673.6584 ns/op
WorkloadActual  14: 374112 op, 255407100.00 ns, 682.7022 ns/op
WorkloadActual  15: 374112 op, 269469500.00 ns, 720.2910 ns/op

// AfterActualRun
WorkloadResult   1: 374112 op, 249425900.00 ns, 666.7145 ns/op
WorkloadResult   2: 374112 op, 250625400.00 ns, 669.9208 ns/op
WorkloadResult   3: 374112 op, 252795900.00 ns, 675.7225 ns/op
WorkloadResult   4: 374112 op, 252074200.00 ns, 673.7934 ns/op
WorkloadResult   5: 374112 op, 252019100.00 ns, 673.6461 ns/op
WorkloadResult   6: 374112 op, 250851800.00 ns, 670.5259 ns/op
WorkloadResult   7: 374112 op, 250570300.00 ns, 669.7735 ns/op
WorkloadResult   8: 374112 op, 251283300.00 ns, 671.6793 ns/op
WorkloadResult   9: 374112 op, 251253400.00 ns, 671.5994 ns/op
WorkloadResult  10: 374112 op, 250310500.00 ns, 669.0790 ns/op
WorkloadResult  11: 374112 op, 250693900.00 ns, 670.1039 ns/op
WorkloadResult  12: 374112 op, 251117200.00 ns, 671.2354 ns/op
WorkloadResult  13: 374112 op, 254500600.00 ns, 680.2792 ns/op
// GC:  39 0 0 329218592 374112
// Threading:  0 0 374112

// AfterAll
// Benchmark Process 20388 has exited with code 0.

Mean = 671.852 ns, StdErr = 0.949 ns (0.14%), N = 13, StdDev = 3.421 ns
Min = 666.715 ns, Q1 = 669.921 ns, Median = 671.235 ns, Q3 = 673.646 ns, Max = 680.279 ns
IQR = 3.725 ns, LowerFence = 664.333 ns, UpperFence = 679.234 ns
ConfidenceInterval = [667.755 ns; 675.948 ns] (CI 99.9%), Margin = 4.096 ns (0.61% of Mean)
Skewness = 0.94, Kurtosis = 3.42, MValue = 2

// ** Remained 55 (64.7%) benchmark(s) to run. Estimated finish 2026-02-06 8:21 (0h 12m from now) **
Setup power plan (GUID: 8c5e7fda-e8bf-4a96-9a85-a6e23a8c635c FriendlyName: High performance)
// **************************
// Benchmark: Scenario1.C_ArdalisResult_Result_Ok_ToString: .NET 10.0(Runtime=.NET 10.0, IterationTime=250ms) [Iterations=10]
// *** Execute ***
// Launch: 1 / 1
// Execute: dotnet Enumerations.Options.Benchmarks-1.dll --anonymousPipes 1444 1580 --benchmarkName "ReillyDigital.Enumerations.Options.Benchmarks.Scenarios.Scenario1.C_ArdalisResult_Result_Ok_ToString(Iterations: 10)" --job ".NET 10.0" --benchmarkId 30 in D:\x\devs\reilly-digital\dotnet\enumerations.options.benchmarks\bin\Debug\net10.0\Enumerations.Options.Benchmarks-1\bin\Release\net10.0
// BeforeAnythingElse

// Benchmark Process Environment Information:
// BenchmarkDotNet v0.15.8
// Runtime=.NET 10.0.2 (10.0.2, 10.0.225.61305), X64 RyuJIT x86-64-v3
// GC=Concurrent Workstation
// HardwareIntrinsics=AVX2+BMI1+BMI2+F16C+FMA+LZCNT+MOVBE,AVX,SSE3+SSSE3+SSE4.1+SSE4.2+POPCNT,X86Base+SSE+SSE2,AES+PCLMUL VectorSize=256
// Job: .NET 10.0(IterationTime=250ms)

OverheadJitting  1: 1 op, 110700.00 ns, 110.7000 us/op
WorkloadJitting  1: 1 op, 11681200.00 ns, 11.6812 ms/op

OverheadJitting  2: 16 op, 176600.00 ns, 11.0375 us/op
WorkloadJitting  2: 16 op, 252100.00 ns, 15.7563 us/op

WorkloadPilot    1: 16 op, 6800.00 ns, 425.0000 ns/op
WorkloadPilot    2: 588240 op, 100966100.00 ns, 171.6410 ns/op
WorkloadPilot    3: 1456528 op, 131334500.00 ns, 90.1696 ns/op
WorkloadPilot    4: 2772560 op, 24507400.00 ns, 8.8393 ns/op
WorkloadPilot    5: 28282896 op, 259588400.00 ns, 9.1783 ns/op
WorkloadPilot    6: 27238224 op, 249963200.00 ns, 9.1769 ns/op
WorkloadPilot    7: 27242240 op, 255357100.00 ns, 9.3736 ns/op
WorkloadPilot    8: 26670736 op, 236958200.00 ns, 8.8846 ns/op
WorkloadPilot    9: 28138656 op, 262922500.00 ns, 9.3438 ns/op

OverheadWarmup   1: 28138656 op, 68862300.00 ns, 2.4472 ns/op
OverheadWarmup   2: 28138656 op, 68777800.00 ns, 2.4442 ns/op
OverheadWarmup   3: 28138656 op, 68898400.00 ns, 2.4485 ns/op
OverheadWarmup   4: 28138656 op, 42802900.00 ns, 1.5211 ns/op
OverheadWarmup   5: 28138656 op, 41981500.00 ns, 1.4920 ns/op
OverheadWarmup   6: 28138656 op, 43045300.00 ns, 1.5298 ns/op
OverheadWarmup   7: 28138656 op, 42034700.00 ns, 1.4938 ns/op

OverheadActual   1: 28138656 op, 42187500.00 ns, 1.4993 ns/op
OverheadActual   2: 28138656 op, 41957100.00 ns, 1.4911 ns/op
OverheadActual   3: 28138656 op, 41895800.00 ns, 1.4889 ns/op
OverheadActual   4: 28138656 op, 41898400.00 ns, 1.4890 ns/op
OverheadActual   5: 28138656 op, 41850700.00 ns, 1.4873 ns/op
OverheadActual   6: 28138656 op, 42977100.00 ns, 1.5273 ns/op
OverheadActual   7: 28138656 op, 41868000.00 ns, 1.4879 ns/op
OverheadActual   8: 28138656 op, 42018300.00 ns, 1.4933 ns/op
OverheadActual   9: 28138656 op, 41943700.00 ns, 1.4906 ns/op
OverheadActual  10: 28138656 op, 41902600.00 ns, 1.4891 ns/op
OverheadActual  11: 28138656 op, 41901800.00 ns, 1.4891 ns/op
OverheadActual  12: 28138656 op, 41904100.00 ns, 1.4892 ns/op
OverheadActual  13: 28138656 op, 42738100.00 ns, 1.5188 ns/op
OverheadActual  14: 28138656 op, 42757800.00 ns, 1.5195 ns/op
OverheadActual  15: 28138656 op, 42683500.00 ns, 1.5169 ns/op

WorkloadWarmup   1: 28138656 op, 251688100.00 ns, 8.9446 ns/op
WorkloadWarmup   2: 28138656 op, 252547600.00 ns, 8.9751 ns/op
WorkloadWarmup   3: 28138656 op, 253721300.00 ns, 9.0168 ns/op
WorkloadWarmup   4: 28138656 op, 254055600.00 ns, 9.0287 ns/op
WorkloadWarmup   5: 28138656 op, 248987500.00 ns, 8.8486 ns/op
WorkloadWarmup   6: 28138656 op, 248369300.00 ns, 8.8266 ns/op
WorkloadWarmup   7: 28138656 op, 252226700.00 ns, 8.9637 ns/op
WorkloadWarmup   8: 28138656 op, 254111500.00 ns, 9.0307 ns/op
WorkloadWarmup   9: 28138656 op, 251755400.00 ns, 8.9470 ns/op

// BeforeActualRun
WorkloadActual   1: 28138656 op, 250777900.00 ns, 8.9122 ns/op
WorkloadActual   2: 28138656 op, 281597900.00 ns, 10.0075 ns/op
WorkloadActual   3: 28138656 op, 248547300.00 ns, 8.8329 ns/op
WorkloadActual   4: 28138656 op, 257088100.00 ns, 9.1365 ns/op
WorkloadActual   5: 28138656 op, 255363000.00 ns, 9.0752 ns/op
WorkloadActual   6: 28138656 op, 249138900.00 ns, 8.8540 ns/op
WorkloadActual   7: 28138656 op, 248140500.00 ns, 8.8185 ns/op
WorkloadActual   8: 28138656 op, 256883200.00 ns, 9.1292 ns/op
WorkloadActual   9: 28138656 op, 249223200.00 ns, 8.8570 ns/op
WorkloadActual  10: 28138656 op, 249770400.00 ns, 8.8764 ns/op
WorkloadActual  11: 28138656 op, 250071800.00 ns, 8.8871 ns/op
WorkloadActual  12: 28138656 op, 260621600.00 ns, 9.2620 ns/op
WorkloadActual  13: 28138656 op, 251340900.00 ns, 8.9322 ns/op
WorkloadActual  14: 28138656 op, 248708100.00 ns, 8.8387 ns/op
WorkloadActual  15: 28138656 op, 248303300.00 ns, 8.8243 ns/op

// AfterActualRun
WorkloadResult   1: 28138656 op, 208834200.00 ns, 7.4216 ns/op
WorkloadResult   2: 28138656 op, 206603600.00 ns, 7.3423 ns/op
WorkloadResult   3: 28138656 op, 215144400.00 ns, 7.6459 ns/op
WorkloadResult   4: 28138656 op, 213419300.00 ns, 7.5846 ns/op
WorkloadResult   5: 28138656 op, 207195200.00 ns, 7.3634 ns/op
WorkloadResult   6: 28138656 op, 206196800.00 ns, 7.3279 ns/op
WorkloadResult   7: 28138656 op, 214939500.00 ns, 7.6386 ns/op
WorkloadResult   8: 28138656 op, 207279500.00 ns, 7.3664 ns/op
WorkloadResult   9: 28138656 op, 207826700.00 ns, 7.3858 ns/op
WorkloadResult  10: 28138656 op, 208128100.00 ns, 7.3965 ns/op
WorkloadResult  11: 28138656 op, 218677900.00 ns, 7.7714 ns/op
WorkloadResult  12: 28138656 op, 209397200.00 ns, 7.4416 ns/op
WorkloadResult  13: 28138656 op, 206764400.00 ns, 7.3481 ns/op
WorkloadResult  14: 28138656 op, 206359600.00 ns, 7.3337 ns/op
// GC:  0 0 0 232 28138656
// Threading:  0 0 28138656

// AfterAll
// Benchmark Process 16408 has exited with code 0.

Mean = 7.455 ns, StdErr = 0.038 ns (0.51%), N = 14, StdDev = 0.144 ns
Min = 7.328 ns, Q1 = 7.352 ns, Median = 7.391 ns, Q3 = 7.549 ns, Max = 7.771 ns
IQR = 0.197 ns, LowerFence = 7.056 ns, UpperFence = 7.844 ns
ConfidenceInterval = [7.293 ns; 7.617 ns] (CI 99.9%), Margin = 0.162 ns (2.17% of Mean)
Skewness = 0.93, Kurtosis = 2.31, MValue = 2

// ** Remained 54 (63.5%) benchmark(s) to run. Estimated finish 2026-02-06 8:21 (0h 12m from now) **
Setup power plan (GUID: 8c5e7fda-e8bf-4a96-9a85-a6e23a8c635c FriendlyName: High performance)
// **************************
// Benchmark: Scenario1.A_EnumerationsOptions_Result_Ok_ToString: .NET 10.0(Runtime=.NET 10.0, IterationTime=250ms) [Iterations=10]
// *** Execute ***
// Launch: 1 / 1
// Execute: dotnet Enumerations.Options.Benchmarks-1.dll --anonymousPipes 1916 1444 --benchmarkName "ReillyDigital.Enumerations.Options.Benchmarks.Scenarios.Scenario1.A_EnumerationsOptions_Result_Ok_ToString(Iterations: 10)" --job ".NET 10.0" --benchmarkId 31 in D:\x\devs\reilly-digital\dotnet\enumerations.options.benchmarks\bin\Debug\net10.0\Enumerations.Options.Benchmarks-1\bin\Release\net10.0
// BeforeAnythingElse

// Benchmark Process Environment Information:
// BenchmarkDotNet v0.15.8
// Runtime=.NET 10.0.2 (10.0.2, 10.0.225.61305), X64 RyuJIT x86-64-v3
// GC=Concurrent Workstation
// HardwareIntrinsics=AVX2+BMI1+BMI2+F16C+FMA+LZCNT+MOVBE,AVX,SSE3+SSSE3+SSE4.1+SSE4.2+POPCNT,X86Base+SSE+SSE2,AES+PCLMUL VectorSize=256
// Job: .NET 10.0(IterationTime=250ms)

OverheadJitting  1: 1 op, 110100.00 ns, 110.1000 us/op
WorkloadJitting  1: 1 op, 11542100.00 ns, 11.5421 ms/op

OverheadJitting  2: 16 op, 177100.00 ns, 11.0688 us/op
WorkloadJitting  2: 16 op, 157500.00 ns, 9.8438 us/op

WorkloadPilot    1: 16 op, 7100.00 ns, 443.7500 ns/op
WorkloadPilot    2: 563392 op, 100245700.00 ns, 177.9324 ns/op
WorkloadPilot    3: 1405040 op, 218994400.00 ns, 155.8635 ns/op
WorkloadPilot    4: 1603968 op, 14402100.00 ns, 8.9790 ns/op
WorkloadPilot    5: 27842608 op, 252982200.00 ns, 9.0862 ns/op
WorkloadPilot    6: 27514400 op, 247307100.00 ns, 8.9883 ns/op
WorkloadPilot    7: 27814016 op, 256866000.00 ns, 9.2351 ns/op
WorkloadPilot    8: 27070560 op, 241085100.00 ns, 8.9058 ns/op
WorkloadPilot    9: 28071584 op, 249766200.00 ns, 8.8975 ns/op
WorkloadPilot   10: 28097872 op, 257326800.00 ns, 9.1582 ns/op

OverheadWarmup   1: 28097872 op, 70573200.00 ns, 2.5117 ns/op
OverheadWarmup   2: 28097872 op, 71312200.00 ns, 2.5380 ns/op
OverheadWarmup   3: 28097872 op, 70117100.00 ns, 2.4955 ns/op
OverheadWarmup   4: 28097872 op, 43459600.00 ns, 1.5467 ns/op
OverheadWarmup   5: 28097872 op, 41833900.00 ns, 1.4889 ns/op
OverheadWarmup   6: 28097872 op, 43222600.00 ns, 1.5383 ns/op
OverheadWarmup   7: 28097872 op, 43465400.00 ns, 1.5469 ns/op
OverheadWarmup   8: 28097872 op, 43294200.00 ns, 1.5408 ns/op

OverheadActual   1: 28097872 op, 43530100.00 ns, 1.5492 ns/op
OverheadActual   2: 28097872 op, 43615700.00 ns, 1.5523 ns/op
OverheadActual   3: 28097872 op, 43156700.00 ns, 1.5359 ns/op
OverheadActual   4: 28097872 op, 43019700.00 ns, 1.5311 ns/op
OverheadActual   5: 28097872 op, 43550600.00 ns, 1.5500 ns/op
OverheadActual   6: 28097872 op, 43161900.00 ns, 1.5361 ns/op
OverheadActual   7: 28097872 op, 41798500.00 ns, 1.4876 ns/op
OverheadActual   8: 28097872 op, 43583700.00 ns, 1.5511 ns/op
OverheadActual   9: 28097872 op, 44062200.00 ns, 1.5682 ns/op
OverheadActual  10: 28097872 op, 43141700.00 ns, 1.5354 ns/op
OverheadActual  11: 28097872 op, 42573000.00 ns, 1.5152 ns/op
OverheadActual  12: 28097872 op, 41905000.00 ns, 1.4914 ns/op
OverheadActual  13: 28097872 op, 43590200.00 ns, 1.5514 ns/op
OverheadActual  14: 28097872 op, 41959900.00 ns, 1.4933 ns/op
OverheadActual  15: 28097872 op, 41837800.00 ns, 1.4890 ns/op

WorkloadWarmup   1: 28097872 op, 252954600.00 ns, 9.0026 ns/op
WorkloadWarmup   2: 28097872 op, 250534100.00 ns, 8.9165 ns/op
WorkloadWarmup   3: 28097872 op, 277990900.00 ns, 9.8937 ns/op
WorkloadWarmup   4: 28097872 op, 246945300.00 ns, 8.7888 ns/op
WorkloadWarmup   5: 28097872 op, 247523800.00 ns, 8.8093 ns/op
WorkloadWarmup   6: 28097872 op, 250734000.00 ns, 8.9236 ns/op
WorkloadWarmup   7: 28097872 op, 248235600.00 ns, 8.8347 ns/op

// BeforeActualRun
WorkloadActual   1: 28097872 op, 248829200.00 ns, 8.8558 ns/op
WorkloadActual   2: 28097872 op, 264259700.00 ns, 9.4050 ns/op
WorkloadActual   3: 28097872 op, 249213100.00 ns, 8.8695 ns/op
WorkloadActual   4: 28097872 op, 249116300.00 ns, 8.8660 ns/op
WorkloadActual   5: 28097872 op, 248679700.00 ns, 8.8505 ns/op
WorkloadActual   6: 28097872 op, 248896100.00 ns, 8.8582 ns/op
WorkloadActual   7: 28097872 op, 254923200.00 ns, 9.0727 ns/op
WorkloadActual   8: 28097872 op, 248467800.00 ns, 8.8429 ns/op
WorkloadActual   9: 28097872 op, 248737000.00 ns, 8.8525 ns/op
WorkloadActual  10: 28097872 op, 256745800.00 ns, 9.1376 ns/op
WorkloadActual  11: 28097872 op, 248334600.00 ns, 8.8382 ns/op
WorkloadActual  12: 28097872 op, 250529500.00 ns, 8.9163 ns/op
WorkloadActual  13: 28097872 op, 306755600.00 ns, 10.9174 ns/op
WorkloadActual  14: 28097872 op, 248010600.00 ns, 8.8267 ns/op
WorkloadActual  15: 28097872 op, 252253100.00 ns, 8.9777 ns/op

// AfterActualRun
WorkloadResult   1: 28097872 op, 205672500.00 ns, 7.3199 ns/op
WorkloadResult   2: 28097872 op, 206056400.00 ns, 7.3335 ns/op
WorkloadResult   3: 28097872 op, 205959600.00 ns, 7.3301 ns/op
WorkloadResult   4: 28097872 op, 205523000.00 ns, 7.3145 ns/op
WorkloadResult   5: 28097872 op, 205739400.00 ns, 7.3222 ns/op
WorkloadResult   6: 28097872 op, 211766500.00 ns, 7.5367 ns/op
WorkloadResult   7: 28097872 op, 205311100.00 ns, 7.3070 ns/op
WorkloadResult   8: 28097872 op, 205580300.00 ns, 7.3166 ns/op
WorkloadResult   9: 28097872 op, 213589100.00 ns, 7.6016 ns/op
WorkloadResult  10: 28097872 op, 205177900.00 ns, 7.3023 ns/op
WorkloadResult  11: 28097872 op, 207372800.00 ns, 7.3804 ns/op
WorkloadResult  12: 28097872 op, 204853900.00 ns, 7.2907 ns/op
WorkloadResult  13: 28097872 op, 209096400.00 ns, 7.4417 ns/op
// GC:  0 0 0 328 28097872
// Threading:  0 0 28097872

// AfterAll
// Benchmark Process 6036 has exited with code 0.

Mean = 7.369 ns, StdErr = 0.027 ns (0.37%), N = 13, StdDev = 0.098 ns
Min = 7.291 ns, Q1 = 7.315 ns, Median = 7.322 ns, Q3 = 7.380 ns, Max = 7.602 ns
IQR = 0.066 ns, LowerFence = 7.216 ns, UpperFence = 7.479 ns
ConfidenceInterval = [7.252 ns; 7.486 ns] (CI 99.9%), Margin = 0.117 ns (1.59% of Mean)
Skewness = 1.31, Kurtosis = 3.21, MValue = 2

// ** Remained 53 (62.4%) benchmark(s) to run. Estimated finish 2026-02-06 8:20 (0h 12m from now) **
Setup power plan (GUID: 8c5e7fda-e8bf-4a96-9a85-a6e23a8c635c FriendlyName: High performance)
// **************************
// Benchmark: Scenario1.B_FluentResults_Result_Ok_ToString: .NET 10.0(Runtime=.NET 10.0, IterationTime=250ms) [Iterations=10]
// *** Execute ***
// Launch: 1 / 1
// Execute: dotnet Enumerations.Options.Benchmarks-1.dll --anonymousPipes 2164 2160 --benchmarkName "ReillyDigital.Enumerations.Options.Benchmarks.Scenarios.Scenario1.B_FluentResults_Result_Ok_ToString(Iterations: 10)" --job ".NET 10.0" --benchmarkId 32 in D:\x\devs\reilly-digital\dotnet\enumerations.options.benchmarks\bin\Debug\net10.0\Enumerations.Options.Benchmarks-1\bin\Release\net10.0
// BeforeAnythingElse

// Benchmark Process Environment Information:
// BenchmarkDotNet v0.15.8
// Runtime=.NET 10.0.2 (10.0.2, 10.0.225.61305), X64 RyuJIT x86-64-v3
// GC=Concurrent Workstation
// HardwareIntrinsics=AVX2+BMI1+BMI2+F16C+FMA+LZCNT+MOVBE,AVX,SSE3+SSSE3+SSE4.1+SSE4.2+POPCNT,X86Base+SSE+SSE2,AES+PCLMUL VectorSize=256
// Job: .NET 10.0(IterationTime=250ms)

OverheadJitting  1: 1 op, 109800.00 ns, 109.8000 us/op
WorkloadJitting  1: 1 op, 11283000.00 ns, 11.2830 ms/op

OverheadJitting  2: 16 op, 183200.00 ns, 11.4500 us/op
WorkloadJitting  2: 16 op, 184700.00 ns, 11.5438 us/op

WorkloadPilot    1: 16 op, 44000.00 ns, 2.7500 us/op
WorkloadPilot    2: 90912 op, 174308300.00 ns, 1.9173 us/op
WorkloadPilot    3: 130400 op, 101317400.00 ns, 776.9739 ns/op
WorkloadPilot    4: 321776 op, 139173800.00 ns, 432.5177 ns/op
WorkloadPilot    5: 578016 op, 232845300.00 ns, 402.8354 ns/op
WorkloadPilot    6: 620608 op, 247776600.00 ns, 399.2482 ns/op
WorkloadPilot    7: 626192 op, 268710800.00 ns, 429.1189 ns/op
WorkloadPilot    8: 582592 op, 234352100.00 ns, 402.2577 ns/op
WorkloadPilot    9: 621504 op, 248471100.00 ns, 399.7900 ns/op
WorkloadPilot   10: 625328 op, 249349700.00 ns, 398.7503 ns/op
WorkloadPilot   11: 626960 op, 250187300.00 ns, 399.0483 ns/op
WorkloadPilot   12: 626496 op, 248833200.00 ns, 397.1824 ns/op
WorkloadPilot   13: 629440 op, 254622500.00 ns, 404.5223 ns/op

OverheadWarmup   1: 629440 op, 1574900.00 ns, 2.5021 ns/op
OverheadWarmup   2: 629440 op, 1549100.00 ns, 2.4611 ns/op
OverheadWarmup   3: 629440 op, 1538400.00 ns, 2.4441 ns/op
OverheadWarmup   4: 629440 op, 1547100.00 ns, 2.4579 ns/op
OverheadWarmup   5: 629440 op, 1530900.00 ns, 2.4322 ns/op
OverheadWarmup   6: 629440 op, 1534100.00 ns, 2.4372 ns/op
OverheadWarmup   7: 629440 op, 1525600.00 ns, 2.4237 ns/op

OverheadActual   1: 629440 op, 1537000.00 ns, 2.4419 ns/op
OverheadActual   2: 629440 op, 1541500.00 ns, 2.4490 ns/op
OverheadActual   3: 629440 op, 1514500.00 ns, 2.4061 ns/op
OverheadActual   4: 629440 op, 1519300.00 ns, 2.4137 ns/op
OverheadActual   5: 629440 op, 1535700.00 ns, 2.4398 ns/op
OverheadActual   6: 629440 op, 1535200.00 ns, 2.4390 ns/op
OverheadActual   7: 629440 op, 1784200.00 ns, 2.8346 ns/op
OverheadActual   8: 629440 op, 1549400.00 ns, 2.4616 ns/op
OverheadActual   9: 629440 op, 1555700.00 ns, 2.4716 ns/op
OverheadActual  10: 629440 op, 1549100.00 ns, 2.4611 ns/op
OverheadActual  11: 629440 op, 1547500.00 ns, 2.4585 ns/op
OverheadActual  12: 629440 op, 1759000.00 ns, 2.7945 ns/op
OverheadActual  13: 629440 op, 1547000.00 ns, 2.4577 ns/op
OverheadActual  14: 629440 op, 1549200.00 ns, 2.4612 ns/op
OverheadActual  15: 629440 op, 1539600.00 ns, 2.4460 ns/op

WorkloadWarmup   1: 629440 op, 259803700.00 ns, 412.7537 ns/op
WorkloadWarmup   2: 629440 op, 253431400.00 ns, 402.6300 ns/op
WorkloadWarmup   3: 629440 op, 252219000.00 ns, 400.7038 ns/op
WorkloadWarmup   4: 629440 op, 255141300.00 ns, 405.3465 ns/op
WorkloadWarmup   5: 629440 op, 252627000.00 ns, 401.3520 ns/op
WorkloadWarmup   6: 629440 op, 253118700.00 ns, 402.1332 ns/op
WorkloadWarmup   7: 629440 op, 252863500.00 ns, 401.7277 ns/op

// BeforeActualRun
WorkloadActual   1: 629440 op, 256887300.00 ns, 408.1204 ns/op
WorkloadActual   2: 629440 op, 253717900.00 ns, 403.0851 ns/op
WorkloadActual   3: 629440 op, 251241300.00 ns, 399.1505 ns/op
WorkloadActual   4: 629440 op, 254682600.00 ns, 404.6178 ns/op
WorkloadActual   5: 629440 op, 250733300.00 ns, 398.3434 ns/op
WorkloadActual   6: 629440 op, 267342500.00 ns, 424.7307 ns/op
WorkloadActual   7: 629440 op, 254504700.00 ns, 404.3351 ns/op
WorkloadActual   8: 629440 op, 255340000.00 ns, 405.6622 ns/op
WorkloadActual   9: 629440 op, 253946200.00 ns, 403.4478 ns/op
WorkloadActual  10: 629440 op, 252460600.00 ns, 401.0876 ns/op
WorkloadActual  11: 629440 op, 252583400.00 ns, 401.2827 ns/op
WorkloadActual  12: 629440 op, 252155500.00 ns, 400.6029 ns/op
WorkloadActual  13: 629440 op, 250204200.00 ns, 397.5029 ns/op
WorkloadActual  14: 629440 op, 253052100.00 ns, 402.0274 ns/op
WorkloadActual  15: 629440 op, 251167200.00 ns, 399.0328 ns/op

// AfterActualRun
WorkloadResult   1: 629440 op, 255340300.00 ns, 405.6627 ns/op
WorkloadResult   2: 629440 op, 252170900.00 ns, 400.6274 ns/op
WorkloadResult   3: 629440 op, 249694300.00 ns, 396.6928 ns/op
WorkloadResult   4: 629440 op, 253135600.00 ns, 402.1600 ns/op
WorkloadResult   5: 629440 op, 249186300.00 ns, 395.8857 ns/op
WorkloadResult   6: 629440 op, 252957700.00 ns, 401.8774 ns/op
WorkloadResult   7: 629440 op, 253793000.00 ns, 403.2044 ns/op
WorkloadResult   8: 629440 op, 252399200.00 ns, 400.9901 ns/op
WorkloadResult   9: 629440 op, 250913600.00 ns, 398.6299 ns/op
WorkloadResult  10: 629440 op, 251036400.00 ns, 398.8250 ns/op
WorkloadResult  11: 629440 op, 250608500.00 ns, 398.1452 ns/op
WorkloadResult  12: 629440 op, 248657200.00 ns, 395.0451 ns/op
WorkloadResult  13: 629440 op, 251505100.00 ns, 399.5696 ns/op
WorkloadResult  14: 629440 op, 249620200.00 ns, 396.5751 ns/op
// GC:  90 0 0 755328000 629440
// Threading:  0 0 629440

// AfterAll
// Benchmark Process 3512 has exited with code 0.

Mean = 399.564 ns, StdErr = 0.813 ns (0.20%), N = 14, StdDev = 3.042 ns
Min = 395.045 ns, Q1 = 397.056 ns, Median = 399.197 ns, Q3 = 401.656 ns, Max = 405.663 ns
IQR = 4.600 ns, LowerFence = 390.156 ns, UpperFence = 408.555 ns
ConfidenceInterval = [396.133 ns; 402.995 ns] (CI 99.9%), Margin = 3.431 ns (0.86% of Mean)
Skewness = 0.29, Kurtosis = 2, MValue = 2

// ** Remained 52 (61.2%) benchmark(s) to run. Estimated finish 2026-02-06 8:20 (0h 11m from now) **
Setup power plan (GUID: 8c5e7fda-e8bf-4a96-9a85-a6e23a8c635c FriendlyName: High performance)
// **************************
// Benchmark: Scenario1.E_Rascal_Result_Ok_ToString: .NET 10.0(Runtime=.NET 10.0, IterationTime=250ms) [Iterations=10]
// *** Execute ***
// Launch: 1 / 1
// Execute: dotnet Enumerations.Options.Benchmarks-1.dll --anonymousPipes 1444 2164 --benchmarkName "ReillyDigital.Enumerations.Options.Benchmarks.Scenarios.Scenario1.E_Rascal_Result_Ok_ToString(Iterations: 10)" --job ".NET 10.0" --benchmarkId 33 in D:\x\devs\reilly-digital\dotnet\enumerations.options.benchmarks\bin\Debug\net10.0\Enumerations.Options.Benchmarks-1\bin\Release\net10.0
// BeforeAnythingElse

// Benchmark Process Environment Information:
// BenchmarkDotNet v0.15.8
// Runtime=.NET 10.0.2 (10.0.2, 10.0.225.61305), X64 RyuJIT x86-64-v3
// GC=Concurrent Workstation
// HardwareIntrinsics=AVX2+BMI1+BMI2+F16C+FMA+LZCNT+MOVBE,AVX,SSE3+SSSE3+SSE4.1+SSE4.2+POPCNT,X86Base+SSE+SSE2,AES+PCLMUL VectorSize=256
// Job: .NET 10.0(IterationTime=250ms)

OverheadJitting  1: 1 op, 117200.00 ns, 117.2000 us/op
WorkloadJitting  1: 1 op, 10765100.00 ns, 10.7651 ms/op

OverheadJitting  2: 16 op, 181700.00 ns, 11.3563 us/op
WorkloadJitting  2: 16 op, 171700.00 ns, 10.7313 us/op

WorkloadPilot    1: 16 op, 18500.00 ns, 1.1563 us/op
WorkloadPilot    2: 216224 op, 181166800.00 ns, 837.8663 ns/op
WorkloadPilot    3: 298384 op, 87160000.00 ns, 292.1068 ns/op
WorkloadPilot    4: 855856 op, 146085500.00 ns, 170.6893 ns/op
WorkloadPilot    5: 1464656 op, 247190500.00 ns, 168.7703 ns/op
WorkloadPilot    6: 1481312 op, 250626300.00 ns, 169.1921 ns/op
WorkloadPilot    7: 1477616 op, 252710500.00 ns, 171.0258 ns/op
WorkloadPilot    8: 1461776 op, 245731900.00 ns, 168.1050 ns/op
WorkloadPilot    9: 1487168 op, 251931000.00 ns, 169.4032 ns/op

OverheadWarmup   1: 1487168 op, 3656500.00 ns, 2.4587 ns/op
OverheadWarmup   2: 1487168 op, 3674700.00 ns, 2.4709 ns/op
OverheadWarmup   3: 1487168 op, 3623300.00 ns, 2.4364 ns/op
OverheadWarmup   4: 1487168 op, 3621100.00 ns, 2.4349 ns/op
OverheadWarmup   5: 1487168 op, 3952100.00 ns, 2.6575 ns/op
OverheadWarmup   6: 1487168 op, 3634000.00 ns, 2.4436 ns/op

OverheadActual   1: 1487168 op, 3869600.00 ns, 2.6020 ns/op
OverheadActual   2: 1487168 op, 3788700.00 ns, 2.5476 ns/op
OverheadActual   3: 1487168 op, 3623700.00 ns, 2.4366 ns/op
OverheadActual   4: 1487168 op, 3886400.00 ns, 2.6133 ns/op
OverheadActual   5: 1487168 op, 3681300.00 ns, 2.4754 ns/op
OverheadActual   6: 1487168 op, 3833000.00 ns, 2.5774 ns/op
OverheadActual   7: 1487168 op, 3695000.00 ns, 2.4846 ns/op
OverheadActual   8: 1487168 op, 3679200.00 ns, 2.4740 ns/op
OverheadActual   9: 1487168 op, 3676800.00 ns, 2.4724 ns/op
OverheadActual  10: 1487168 op, 3978500.00 ns, 2.6752 ns/op
OverheadActual  11: 1487168 op, 3639700.00 ns, 2.4474 ns/op
OverheadActual  12: 1487168 op, 3957600.00 ns, 2.6612 ns/op
OverheadActual  13: 1487168 op, 3639200.00 ns, 2.4471 ns/op
OverheadActual  14: 1487168 op, 3941600.00 ns, 2.6504 ns/op
OverheadActual  15: 1487168 op, 3679800.00 ns, 2.4744 ns/op

WorkloadWarmup   1: 1487168 op, 252025800.00 ns, 169.4669 ns/op
WorkloadWarmup   2: 1487168 op, 270515900.00 ns, 181.9000 ns/op
WorkloadWarmup   3: 1487168 op, 248137200.00 ns, 166.8522 ns/op
WorkloadWarmup   4: 1487168 op, 249817700.00 ns, 167.9822 ns/op
WorkloadWarmup   5: 1487168 op, 246452000.00 ns, 165.7190 ns/op
WorkloadWarmup   6: 1487168 op, 250029600.00 ns, 168.1247 ns/op

// BeforeActualRun
WorkloadActual   1: 1487168 op, 252666500.00 ns, 169.8978 ns/op
WorkloadActual   2: 1487168 op, 257624100.00 ns, 173.2313 ns/op
WorkloadActual   3: 1487168 op, 254271000.00 ns, 170.9766 ns/op
WorkloadActual   4: 1487168 op, 254934100.00 ns, 171.4225 ns/op
WorkloadActual   5: 1487168 op, 255072000.00 ns, 171.5153 ns/op
WorkloadActual   6: 1487168 op, 262476400.00 ns, 176.4941 ns/op
WorkloadActual   7: 1487168 op, 254202700.00 ns, 170.9307 ns/op
WorkloadActual   8: 1487168 op, 254599100.00 ns, 171.1973 ns/op
WorkloadActual   9: 1487168 op, 254900700.00 ns, 171.4001 ns/op
WorkloadActual  10: 1487168 op, 258079100.00 ns, 173.5373 ns/op
WorkloadActual  11: 1487168 op, 253602700.00 ns, 170.5273 ns/op
WorkloadActual  12: 1487168 op, 277309800.00 ns, 186.4684 ns/op
WorkloadActual  13: 1487168 op, 256192900.00 ns, 172.2690 ns/op
WorkloadActual  14: 1487168 op, 255823000.00 ns, 172.0202 ns/op
WorkloadActual  15: 1487168 op, 272778200.00 ns, 183.4212 ns/op

// AfterActualRun
WorkloadResult   1: 1487168 op, 248971500.00 ns, 167.4132 ns/op
WorkloadResult   2: 1487168 op, 253929100.00 ns, 170.7467 ns/op
WorkloadResult   3: 1487168 op, 250576000.00 ns, 168.4921 ns/op
WorkloadResult   4: 1487168 op, 251239100.00 ns, 168.9379 ns/op
WorkloadResult   5: 1487168 op, 251377000.00 ns, 169.0307 ns/op
WorkloadResult   6: 1487168 op, 258781400.00 ns, 174.0095 ns/op
WorkloadResult   7: 1487168 op, 250507700.00 ns, 168.4461 ns/op
WorkloadResult   8: 1487168 op, 250904100.00 ns, 168.7127 ns/op
WorkloadResult   9: 1487168 op, 251205700.00 ns, 168.9155 ns/op
WorkloadResult  10: 1487168 op, 254384100.00 ns, 171.0527 ns/op
WorkloadResult  11: 1487168 op, 249907700.00 ns, 168.0427 ns/op
WorkloadResult  12: 1487168 op, 252497900.00 ns, 169.7844 ns/op
WorkloadResult  13: 1487168 op, 252128000.00 ns, 169.5357 ns/op
// GC:  85 0 0 713840640 1487168
// Threading:  0 0 1487168

// AfterAll
// Benchmark Process 376 has exited with code 0.

Mean = 169.471 ns, StdErr = 0.470 ns (0.28%), N = 13, StdDev = 1.695 ns
Min = 167.413 ns, Q1 = 168.492 ns, Median = 168.938 ns, Q3 = 169.784 ns, Max = 174.010 ns
IQR = 1.292 ns, LowerFence = 166.554 ns, UpperFence = 171.723 ns
ConfidenceInterval = [167.441 ns; 171.501 ns] (CI 99.9%), Margin = 2.030 ns (1.20% of Mean)
Skewness = 1.34, Kurtosis = 4.27, MValue = 2

// ** Remained 51 (60.0%) benchmark(s) to run. Estimated finish 2026-02-06 8:20 (0h 11m from now) **
Setup power plan (GUID: 8c5e7fda-e8bf-4a96-9a85-a6e23a8c635c FriendlyName: High performance)
// **************************
// Benchmark: Scenario1.D_SimpleResults_Result_Ok_ToString: .NET 10.0(Runtime=.NET 10.0, IterationTime=250ms) [Iterations=10]
// *** Execute ***
// Launch: 1 / 1
// Execute: dotnet Enumerations.Options.Benchmarks-1.dll --anonymousPipes 1580 2176 --benchmarkName "ReillyDigital.Enumerations.Options.Benchmarks.Scenarios.Scenario1.D_SimpleResults_Result_Ok_ToString(Iterations: 10)" --job ".NET 10.0" --benchmarkId 34 in D:\x\devs\reilly-digital\dotnet\enumerations.options.benchmarks\bin\Debug\net10.0\Enumerations.Options.Benchmarks-1\bin\Release\net10.0
// BeforeAnythingElse

// Benchmark Process Environment Information:
// BenchmarkDotNet v0.15.8
// Runtime=.NET 10.0.2 (10.0.2, 10.0.225.61305), X64 RyuJIT x86-64-v3
// GC=Concurrent Workstation
// HardwareIntrinsics=AVX2+BMI1+BMI2+F16C+FMA+LZCNT+MOVBE,AVX,SSE3+SSSE3+SSE4.1+SSE4.2+POPCNT,X86Base+SSE+SSE2,AES+PCLMUL VectorSize=256
// Job: .NET 10.0(IterationTime=250ms)

OverheadJitting  1: 1 op, 113900.00 ns, 113.9000 us/op
WorkloadJitting  1: 1 op, 10870200.00 ns, 10.8702 ms/op

OverheadJitting  2: 16 op, 179100.00 ns, 11.1938 us/op
WorkloadJitting  2: 16 op, 164600.00 ns, 10.2875 us/op

WorkloadPilot    1: 16 op, 6200.00 ns, 387.5000 ns/op
WorkloadPilot    2: 645168 op, 112292500.00 ns, 174.0516 ns/op
WorkloadPilot    3: 1436368 op, 212826500.00 ns, 148.1699 ns/op
WorkloadPilot    4: 1687264 op, 17477900.00 ns, 10.3587 ns/op
WorkloadPilot    5: 24134256 op, 215345800.00 ns, 8.9228 ns/op
WorkloadPilot    6: 28018032 op, 248080500.00 ns, 8.8543 ns/op
WorkloadPilot    7: 28234832 op, 249453900.00 ns, 8.8350 ns/op
WorkloadPilot    8: 28296656 op, 251902300.00 ns, 8.9022 ns/op
WorkloadPilot    9: 28082976 op, 249864600.00 ns, 8.8974 ns/op
WorkloadPilot   10: 28098208 op, 254460200.00 ns, 9.0561 ns/op
WorkloadPilot   11: 27605712 op, 252360000.00 ns, 9.1416 ns/op

OverheadWarmup   1: 27605712 op, 114952900.00 ns, 4.1641 ns/op
OverheadWarmup   2: 27605712 op, 103246700.00 ns, 3.7400 ns/op
OverheadWarmup   3: 27605712 op, 41717300.00 ns, 1.5112 ns/op
OverheadWarmup   4: 27605712 op, 41874200.00 ns, 1.5169 ns/op
OverheadWarmup   5: 27605712 op, 42030800.00 ns, 1.5225 ns/op
OverheadWarmup   6: 27605712 op, 41699200.00 ns, 1.5105 ns/op
OverheadWarmup   7: 27605712 op, 46195700.00 ns, 1.6734 ns/op
OverheadWarmup   8: 27605712 op, 41179800.00 ns, 1.4917 ns/op

OverheadActual   1: 27605712 op, 41257100.00 ns, 1.4945 ns/op
OverheadActual   2: 27605712 op, 41140800.00 ns, 1.4903 ns/op
OverheadActual   3: 27605712 op, 41166100.00 ns, 1.4912 ns/op
OverheadActual   4: 27605712 op, 42034500.00 ns, 1.5227 ns/op
OverheadActual   5: 27605712 op, 41893000.00 ns, 1.5175 ns/op
OverheadActual   6: 27605712 op, 41852000.00 ns, 1.5161 ns/op
OverheadActual   7: 27605712 op, 41914900.00 ns, 1.5183 ns/op
OverheadActual   8: 27605712 op, 41462400.00 ns, 1.5020 ns/op
OverheadActual   9: 27605712 op, 41169400.00 ns, 1.4913 ns/op
OverheadActual  10: 27605712 op, 41869600.00 ns, 1.5167 ns/op
OverheadActual  11: 27605712 op, 41907500.00 ns, 1.5181 ns/op
OverheadActual  12: 27605712 op, 41915400.00 ns, 1.5184 ns/op
OverheadActual  13: 27605712 op, 41081700.00 ns, 1.4882 ns/op
OverheadActual  14: 27605712 op, 41446300.00 ns, 1.5014 ns/op
OverheadActual  15: 27605712 op, 41855200.00 ns, 1.5162 ns/op

WorkloadWarmup   1: 27605712 op, 252487200.00 ns, 9.1462 ns/op
WorkloadWarmup   2: 27605712 op, 244928600.00 ns, 8.8724 ns/op
WorkloadWarmup   3: 27605712 op, 258875600.00 ns, 9.3776 ns/op
WorkloadWarmup   4: 27605712 op, 244998000.00 ns, 8.8749 ns/op
WorkloadWarmup   5: 27605712 op, 254705500.00 ns, 9.2266 ns/op
WorkloadWarmup   6: 27605712 op, 247696800.00 ns, 8.9727 ns/op

// BeforeActualRun
WorkloadActual   1: 27605712 op, 245625500.00 ns, 8.8976 ns/op
WorkloadActual   2: 27605712 op, 243406400.00 ns, 8.8172 ns/op
WorkloadActual   3: 27605712 op, 249038500.00 ns, 9.0213 ns/op
WorkloadActual   4: 27605712 op, 244388400.00 ns, 8.8528 ns/op
WorkloadActual   5: 27605712 op, 246086000.00 ns, 8.9143 ns/op
WorkloadActual   6: 27605712 op, 247928200.00 ns, 8.9810 ns/op
WorkloadActual   7: 27605712 op, 246189100.00 ns, 8.9180 ns/op
WorkloadActual   8: 27605712 op, 247924700.00 ns, 8.9809 ns/op
WorkloadActual   9: 27605712 op, 246422000.00 ns, 8.9265 ns/op
WorkloadActual  10: 27605712 op, 258020100.00 ns, 9.3466 ns/op
WorkloadActual  11: 27605712 op, 253284000.00 ns, 9.1751 ns/op
WorkloadActual  12: 27605712 op, 244632700.00 ns, 8.8617 ns/op
WorkloadActual  13: 27605712 op, 248173000.00 ns, 8.9899 ns/op
WorkloadActual  14: 27605712 op, 244213600.00 ns, 8.8465 ns/op
WorkloadActual  15: 27605712 op, 247818100.00 ns, 8.9771 ns/op

// AfterActualRun
WorkloadResult   1: 27605712 op, 203773500.00 ns, 7.3816 ns/op
WorkloadResult   2: 27605712 op, 201554400.00 ns, 7.3012 ns/op
WorkloadResult   3: 27605712 op, 207186500.00 ns, 7.5052 ns/op
WorkloadResult   4: 27605712 op, 202536400.00 ns, 7.3368 ns/op
WorkloadResult   5: 27605712 op, 204234000.00 ns, 7.3983 ns/op
WorkloadResult   6: 27605712 op, 206076200.00 ns, 7.4650 ns/op
WorkloadResult   7: 27605712 op, 204337100.00 ns, 7.4020 ns/op
WorkloadResult   8: 27605712 op, 206072700.00 ns, 7.4649 ns/op
WorkloadResult   9: 27605712 op, 204570000.00 ns, 7.4104 ns/op
WorkloadResult  10: 27605712 op, 202780700.00 ns, 7.3456 ns/op
WorkloadResult  11: 27605712 op, 206321000.00 ns, 7.4739 ns/op
WorkloadResult  12: 27605712 op, 202361600.00 ns, 7.3304 ns/op
WorkloadResult  13: 27605712 op, 205966100.00 ns, 7.4610 ns/op
// GC:  0 0 0 232 27605712
// Threading:  0 0 27605712

// AfterAll
// Benchmark Process 1004 has exited with code 0.

Mean = 7.406 ns, StdErr = 0.018 ns (0.24%), N = 13, StdDev = 0.065 ns
Min = 7.301 ns, Q1 = 7.346 ns, Median = 7.402 ns, Q3 = 7.465 ns, Max = 7.505 ns
IQR = 0.119 ns, LowerFence = 7.167 ns, UpperFence = 7.644 ns
ConfidenceInterval = [7.328 ns; 7.483 ns] (CI 99.9%), Margin = 0.077 ns (1.05% of Mean)
Skewness = -0.08, Kurtosis = 1.5, MValue = 2

// ** Remained 50 (58.8%) benchmark(s) to run. Estimated finish 2026-02-06 8:20 (0h 11m from now) **
Setup power plan (GUID: 8c5e7fda-e8bf-4a96-9a85-a6e23a8c635c FriendlyName: High performance)
// **************************
// Benchmark: Scenario1.C_ArdalisResult_Result_OkTValue_ToString: .NET 10.0(Runtime=.NET 10.0, IterationTime=250ms) [Iterations=10]
// *** Execute ***
// Launch: 1 / 1
// Execute: dotnet Enumerations.Options.Benchmarks-1.dll --anonymousPipes 2196 1916 --benchmarkName "ReillyDigital.Enumerations.Options.Benchmarks.Scenarios.Scenario1.C_ArdalisResult_Result_OkTValue_ToString(Iterations: 10)" --job ".NET 10.0" --benchmarkId 35 in D:\x\devs\reilly-digital\dotnet\enumerations.options.benchmarks\bin\Debug\net10.0\Enumerations.Options.Benchmarks-1\bin\Release\net10.0
// BeforeAnythingElse

// Benchmark Process Environment Information:
// BenchmarkDotNet v0.15.8
// Runtime=.NET 10.0.2 (10.0.2, 10.0.225.61305), X64 RyuJIT x86-64-v3
// GC=Concurrent Workstation
// HardwareIntrinsics=AVX2+BMI1+BMI2+F16C+FMA+LZCNT+MOVBE,AVX,SSE3+SSSE3+SSE4.1+SSE4.2+POPCNT,X86Base+SSE+SSE2,AES+PCLMUL VectorSize=256
// Job: .NET 10.0(IterationTime=250ms)

OverheadJitting  1: 1 op, 121900.00 ns, 121.9000 us/op
WorkloadJitting  1: 1 op, 10548600.00 ns, 10.5486 ms/op

OverheadJitting  2: 16 op, 181400.00 ns, 11.3375 us/op
WorkloadJitting  2: 16 op, 153600.00 ns, 9.6000 us/op

WorkloadPilot    1: 16 op, 8800.00 ns, 550.0000 ns/op
WorkloadPilot    2: 454560 op, 79877800.00 ns, 175.7255 ns/op
WorkloadPilot    3: 1422688 op, 251501700.00 ns, 176.7792 ns/op
WorkloadPilot    4: 1414208 op, 16310600.00 ns, 11.5334 ns/op
WorkloadPilot    5: 21676224 op, 196532700.00 ns, 9.0667 ns/op
WorkloadPilot    6: 27573312 op, 249400000.00 ns, 9.0450 ns/op
WorkloadPilot    7: 27639648 op, 249163500.00 ns, 9.0147 ns/op
WorkloadPilot    8: 27732448 op, 245587800.00 ns, 8.8556 ns/op
WorkloadPilot    9: 28230688 op, 253487200.00 ns, 8.9791 ns/op
WorkloadPilot   10: 27842336 op, 246096700.00 ns, 8.8389 ns/op
WorkloadPilot   11: 28283952 op, 255023700.00 ns, 9.0166 ns/op

OverheadWarmup   1: 28283952 op, 70399200.00 ns, 2.4890 ns/op
OverheadWarmup   2: 28283952 op, 70219700.00 ns, 2.4827 ns/op
OverheadWarmup   3: 28283952 op, 67814300.00 ns, 2.3976 ns/op
OverheadWarmup   4: 28283952 op, 42141900.00 ns, 1.4900 ns/op
OverheadWarmup   5: 28283952 op, 43238800.00 ns, 1.5287 ns/op
OverheadWarmup   6: 28283952 op, 42961400.00 ns, 1.5189 ns/op
OverheadWarmup   7: 28283952 op, 42944400.00 ns, 1.5183 ns/op
OverheadWarmup   8: 28283952 op, 43014200.00 ns, 1.5208 ns/op
OverheadWarmup   9: 28283952 op, 42837000.00 ns, 1.5145 ns/op

OverheadActual   1: 28283952 op, 42159500.00 ns, 1.4906 ns/op
OverheadActual   2: 28283952 op, 43023000.00 ns, 1.5211 ns/op
OverheadActual   3: 28283952 op, 43015800.00 ns, 1.5209 ns/op
OverheadActual   4: 28283952 op, 42874400.00 ns, 1.5159 ns/op
OverheadActual   5: 28283952 op, 42862000.00 ns, 1.5154 ns/op
OverheadActual   6: 28283952 op, 43043800.00 ns, 1.5218 ns/op
OverheadActual   7: 28283952 op, 42800400.00 ns, 1.5132 ns/op
OverheadActual   8: 28283952 op, 43457200.00 ns, 1.5365 ns/op
OverheadActual   9: 28283952 op, 42583300.00 ns, 1.5056 ns/op
OverheadActual  10: 28283952 op, 43240700.00 ns, 1.5288 ns/op
OverheadActual  11: 28283952 op, 42977600.00 ns, 1.5195 ns/op
OverheadActual  12: 28283952 op, 43314900.00 ns, 1.5314 ns/op
OverheadActual  13: 28283952 op, 42251200.00 ns, 1.4938 ns/op
OverheadActual  14: 28283952 op, 43740600.00 ns, 1.5465 ns/op
OverheadActual  15: 28283952 op, 48611900.00 ns, 1.7187 ns/op

WorkloadWarmup   1: 28283952 op, 258488000.00 ns, 9.1390 ns/op
WorkloadWarmup   2: 28283952 op, 250004000.00 ns, 8.8391 ns/op
WorkloadWarmup   3: 28283952 op, 250974200.00 ns, 8.8734 ns/op
WorkloadWarmup   4: 28283952 op, 249942800.00 ns, 8.8369 ns/op
WorkloadWarmup   5: 28283952 op, 253733200.00 ns, 8.9709 ns/op
WorkloadWarmup   6: 28283952 op, 253434400.00 ns, 8.9604 ns/op

// BeforeActualRun
WorkloadActual   1: 28283952 op, 250243600.00 ns, 8.8475 ns/op
WorkloadActual   2: 28283952 op, 249090000.00 ns, 8.8068 ns/op
WorkloadActual   3: 28283952 op, 252376500.00 ns, 8.9230 ns/op
WorkloadActual   4: 28283952 op, 250176400.00 ns, 8.8452 ns/op
WorkloadActual   5: 28283952 op, 250059200.00 ns, 8.8410 ns/op
WorkloadActual   6: 28283952 op, 249438800.00 ns, 8.8191 ns/op
WorkloadActual   7: 28283952 op, 250066700.00 ns, 8.8413 ns/op
WorkloadActual   8: 28283952 op, 250835600.00 ns, 8.8685 ns/op
WorkloadActual   9: 28283952 op, 250873900.00 ns, 8.8698 ns/op
WorkloadActual  10: 28283952 op, 249140200.00 ns, 8.8085 ns/op
WorkloadActual  11: 28283952 op, 249460200.00 ns, 8.8198 ns/op
WorkloadActual  12: 28283952 op, 252138200.00 ns, 8.9145 ns/op
WorkloadActual  13: 28283952 op, 250009700.00 ns, 8.8393 ns/op
WorkloadActual  14: 28283952 op, 259013600.00 ns, 9.1576 ns/op
WorkloadActual  15: 28283952 op, 250199400.00 ns, 8.8460 ns/op

// AfterActualRun
WorkloadResult   1: 28283952 op, 207227800.00 ns, 7.3267 ns/op
WorkloadResult   2: 28283952 op, 206074200.00 ns, 7.2859 ns/op
WorkloadResult   3: 28283952 op, 209360700.00 ns, 7.4021 ns/op
WorkloadResult   4: 28283952 op, 207160600.00 ns, 7.3243 ns/op
WorkloadResult   5: 28283952 op, 207043400.00 ns, 7.3202 ns/op
WorkloadResult   6: 28283952 op, 206423000.00 ns, 7.2982 ns/op
WorkloadResult   7: 28283952 op, 207050900.00 ns, 7.3204 ns/op
WorkloadResult   8: 28283952 op, 207819800.00 ns, 7.3476 ns/op
WorkloadResult   9: 28283952 op, 207858100.00 ns, 7.3490 ns/op
WorkloadResult  10: 28283952 op, 206124400.00 ns, 7.2877 ns/op
WorkloadResult  11: 28283952 op, 206444400.00 ns, 7.2990 ns/op
WorkloadResult  12: 28283952 op, 209122400.00 ns, 7.3937 ns/op
WorkloadResult  13: 28283952 op, 206993900.00 ns, 7.3184 ns/op
WorkloadResult  14: 28283952 op, 207183600.00 ns, 7.3251 ns/op
// GC:  0 0 0 264 28283952
// Threading:  0 0 28283952

// AfterAll
// Benchmark Process 16980 has exited with code 0.

Mean = 7.328 ns, StdErr = 0.009 ns (0.13%), N = 14, StdDev = 0.035 ns
Min = 7.286 ns, Q1 = 7.304 ns, Median = 7.322 ns, Q3 = 7.342 ns, Max = 7.402 ns
IQR = 0.039 ns, LowerFence = 7.246 ns, UpperFence = 7.400 ns
ConfidenceInterval = [7.289 ns; 7.368 ns] (CI 99.9%), Margin = 0.040 ns (0.54% of Mean)
Skewness = 0.82, Kurtosis = 2.62, MValue = 2

// ** Remained 49 (57.6%) benchmark(s) to run. Estimated finish 2026-02-06 8:20 (0h 10m from now) **
Setup power plan (GUID: 8c5e7fda-e8bf-4a96-9a85-a6e23a8c635c FriendlyName: High performance)
// **************************
// Benchmark: Scenario1.A_EnumerationsOptions_Result_OkTValue_ToString: .NET 10.0(Runtime=.NET 10.0, IterationTime=250ms) [Iterations=10]
// *** Execute ***
// Launch: 1 / 1
// Execute: dotnet Enumerations.Options.Benchmarks-1.dll --anonymousPipes 2216 2180 --benchmarkName "ReillyDigital.Enumerations.Options.Benchmarks.Scenarios.Scenario1.A_EnumerationsOptions_Result_OkTValue_ToString(Iterations: 10)" --job ".NET 10.0" --benchmarkId 36 in D:\x\devs\reilly-digital\dotnet\enumerations.options.benchmarks\bin\Debug\net10.0\Enumerations.Options.Benchmarks-1\bin\Release\net10.0
// BeforeAnythingElse

// Benchmark Process Environment Information:
// BenchmarkDotNet v0.15.8
// Runtime=.NET 10.0.2 (10.0.2, 10.0.225.61305), X64 RyuJIT x86-64-v3
// GC=Concurrent Workstation
// HardwareIntrinsics=AVX2+BMI1+BMI2+F16C+FMA+LZCNT+MOVBE,AVX,SSE3+SSSE3+SSE4.1+SSE4.2+POPCNT,X86Base+SSE+SSE2,AES+PCLMUL VectorSize=256
// Job: .NET 10.0(IterationTime=250ms)

OverheadJitting  1: 1 op, 118400.00 ns, 118.4000 us/op
WorkloadJitting  1: 1 op, 10376500.00 ns, 10.3765 ms/op

OverheadJitting  2: 16 op, 179400.00 ns, 11.2125 us/op
WorkloadJitting  2: 16 op, 282900.00 ns, 17.6813 us/op

WorkloadPilot    1: 16 op, 5200.00 ns, 325.0000 ns/op
WorkloadPilot    2: 769232 op, 213995800.00 ns, 278.1941 ns/op
WorkloadPilot    3: 898656 op, 47802600.00 ns, 53.1934 ns/op
WorkloadPilot    4: 4699840 op, 183752000.00 ns, 39.0975 ns/op
WorkloadPilot    5: 6394272 op, 248602800.00 ns, 38.8790 ns/op
WorkloadPilot    6: 6430224 op, 249785300.00 ns, 38.8455 ns/op
WorkloadPilot    7: 6435760 op, 249255900.00 ns, 38.7298 ns/op
WorkloadPilot    8: 6454976 op, 252425600.00 ns, 39.1056 ns/op
WorkloadPilot    9: 6392960 op, 248786100.00 ns, 38.9156 ns/op
WorkloadPilot   10: 6424160 op, 248981300.00 ns, 38.7570 ns/op
WorkloadPilot   11: 6450448 op, 249945900.00 ns, 38.7486 ns/op
WorkloadPilot   12: 6451856 op, 249809300.00 ns, 38.7190 ns/op
WorkloadPilot   13: 6456784 op, 249962500.00 ns, 38.7132 ns/op
WorkloadPilot   14: 6457760 op, 252590500.00 ns, 39.1143 ns/op
WorkloadPilot   15: 6391536 op, 248943600.00 ns, 38.9489 ns/op
WorkloadPilot   16: 6418672 op, 250107900.00 ns, 38.9657 ns/op

OverheadWarmup   1: 6418672 op, 16845800.00 ns, 2.6245 ns/op
OverheadWarmup   2: 6418672 op, 16250900.00 ns, 2.5318 ns/op
OverheadWarmup   3: 6418672 op, 16345200.00 ns, 2.5465 ns/op
OverheadWarmup   4: 6418672 op, 15835300.00 ns, 2.4671 ns/op
OverheadWarmup   5: 6418672 op, 15842700.00 ns, 2.4682 ns/op
OverheadWarmup   6: 6418672 op, 16196800.00 ns, 2.5234 ns/op
OverheadWarmup   7: 6418672 op, 16378300.00 ns, 2.5517 ns/op
OverheadWarmup   8: 6418672 op, 15936200.00 ns, 2.4828 ns/op

OverheadActual   1: 6418672 op, 16264700.00 ns, 2.5340 ns/op
OverheadActual   2: 6418672 op, 16404000.00 ns, 2.5557 ns/op
OverheadActual   3: 6418672 op, 16312000.00 ns, 2.5413 ns/op
OverheadActual   4: 6418672 op, 16435600.00 ns, 2.5606 ns/op
OverheadActual   5: 6418672 op, 16264600.00 ns, 2.5340 ns/op
OverheadActual   6: 6418672 op, 16169400.00 ns, 2.5191 ns/op
OverheadActual   7: 6418672 op, 16199200.00 ns, 2.5238 ns/op
OverheadActual   8: 6418672 op, 16215400.00 ns, 2.5263 ns/op
OverheadActual   9: 6418672 op, 16294600.00 ns, 2.5386 ns/op
OverheadActual  10: 6418672 op, 16249300.00 ns, 2.5316 ns/op
OverheadActual  11: 6418672 op, 13922500.00 ns, 2.1691 ns/op
OverheadActual  12: 6418672 op, 9724500.00 ns, 1.5150 ns/op
OverheadActual  13: 6418672 op, 9737300.00 ns, 1.5170 ns/op
OverheadActual  14: 6418672 op, 9706100.00 ns, 1.5122 ns/op
OverheadActual  15: 6418672 op, 9751800.00 ns, 1.5193 ns/op
OverheadActual  16: 6418672 op, 10116400.00 ns, 1.5761 ns/op
OverheadActual  17: 6418672 op, 10361400.00 ns, 1.6143 ns/op
OverheadActual  18: 6418672 op, 9835700.00 ns, 1.5324 ns/op
OverheadActual  19: 6418672 op, 10212000.00 ns, 1.5910 ns/op
OverheadActual  20: 6418672 op, 10021400.00 ns, 1.5613 ns/op

WorkloadWarmup   1: 6418672 op, 250646000.00 ns, 39.0495 ns/op
WorkloadWarmup   2: 6418672 op, 250322800.00 ns, 38.9992 ns/op
WorkloadWarmup   3: 6418672 op, 249270500.00 ns, 38.8352 ns/op
WorkloadWarmup   4: 6418672 op, 250528700.00 ns, 39.0312 ns/op
WorkloadWarmup   5: 6418672 op, 248627400.00 ns, 38.7350 ns/op
WorkloadWarmup   6: 6418672 op, 249348300.00 ns, 38.8473 ns/op
WorkloadWarmup   7: 6418672 op, 248237500.00 ns, 38.6743 ns/op

// BeforeActualRun
WorkloadActual   1: 6418672 op, 249925400.00 ns, 38.9372 ns/op
WorkloadActual   2: 6418672 op, 249027900.00 ns, 38.7974 ns/op
WorkloadActual   3: 6418672 op, 250695000.00 ns, 39.0571 ns/op
WorkloadActual   4: 6418672 op, 249209800.00 ns, 38.8258 ns/op
WorkloadActual   5: 6418672 op, 248393000.00 ns, 38.6985 ns/op
WorkloadActual   6: 6418672 op, 248640600.00 ns, 38.7371 ns/op
WorkloadActual   7: 6418672 op, 248592900.00 ns, 38.7296 ns/op
WorkloadActual   8: 6418672 op, 248770400.00 ns, 38.7573 ns/op
WorkloadActual   9: 6418672 op, 248687300.00 ns, 38.7444 ns/op
WorkloadActual  10: 6418672 op, 248298000.00 ns, 38.6837 ns/op
WorkloadActual  11: 6418672 op, 250389000.00 ns, 39.0095 ns/op
WorkloadActual  12: 6418672 op, 248476400.00 ns, 38.7115 ns/op
WorkloadActual  13: 6418672 op, 248610600.00 ns, 38.7324 ns/op
WorkloadActual  14: 6418672 op, 248462100.00 ns, 38.7093 ns/op
WorkloadActual  15: 6418672 op, 248527000.00 ns, 38.7194 ns/op

// AfterActualRun
WorkloadResult   1: 6418672 op, 234879450.00 ns, 36.5932 ns/op
WorkloadResult   2: 6418672 op, 233981950.00 ns, 36.4533 ns/op
WorkloadResult   3: 6418672 op, 234163850.00 ns, 36.4817 ns/op
WorkloadResult   4: 6418672 op, 233347050.00 ns, 36.3544 ns/op
WorkloadResult   5: 6418672 op, 233594650.00 ns, 36.3930 ns/op
WorkloadResult   6: 6418672 op, 233546950.00 ns, 36.3856 ns/op
WorkloadResult   7: 6418672 op, 233724450.00 ns, 36.4132 ns/op
WorkloadResult   8: 6418672 op, 233641350.00 ns, 36.4003 ns/op
WorkloadResult   9: 6418672 op, 233252050.00 ns, 36.3396 ns/op
WorkloadResult  10: 6418672 op, 233430450.00 ns, 36.3674 ns/op
WorkloadResult  11: 6418672 op, 233564650.00 ns, 36.3883 ns/op
WorkloadResult  12: 6418672 op, 233416150.00 ns, 36.3652 ns/op
WorkloadResult  13: 6418672 op, 233481050.00 ns, 36.3753 ns/op
// GC:  0 0 0 0 6418672
// Threading:  0 0 6418672

// AfterAll
// Benchmark Process 22392 has exited with code 0.

Mean = 36.408 ns, StdErr = 0.019 ns (0.05%), N = 13, StdDev = 0.068 ns
Min = 36.340 ns, Q1 = 36.367 ns, Median = 36.388 ns, Q3 = 36.413 ns, Max = 36.593 ns
IQR = 0.046 ns, LowerFence = 36.299 ns, UpperFence = 36.482 ns
ConfidenceInterval = [36.327 ns; 36.490 ns] (CI 99.9%), Margin = 0.081 ns (0.22% of Mean)
Skewness = 1.51, Kurtosis = 4.51, MValue = 2

// ** Remained 48 (56.5%) benchmark(s) to run. Estimated finish 2026-02-06 8:19 (0h 10m from now) **
Setup power plan (GUID: 8c5e7fda-e8bf-4a96-9a85-a6e23a8c635c FriendlyName: High performance)
// **************************
// Benchmark: Scenario1.B_FluentResults_Result_OkTValue_ToString: .NET 10.0(Runtime=.NET 10.0, IterationTime=250ms) [Iterations=10]
// *** Execute ***
// Launch: 1 / 1
// Execute: dotnet Enumerations.Options.Benchmarks-1.dll --anonymousPipes 1916 2216 --benchmarkName "ReillyDigital.Enumerations.Options.Benchmarks.Scenarios.Scenario1.B_FluentResults_Result_OkTValue_ToString(Iterations: 10)" --job ".NET 10.0" --benchmarkId 37 in D:\x\devs\reilly-digital\dotnet\enumerations.options.benchmarks\bin\Debug\net10.0\Enumerations.Options.Benchmarks-1\bin\Release\net10.0
// BeforeAnythingElse

// Benchmark Process Environment Information:
// BenchmarkDotNet v0.15.8
// Runtime=.NET 10.0.2 (10.0.2, 10.0.225.61305), X64 RyuJIT x86-64-v3
// GC=Concurrent Workstation
// HardwareIntrinsics=AVX2+BMI1+BMI2+F16C+FMA+LZCNT+MOVBE,AVX,SSE3+SSSE3+SSE4.1+SSE4.2+POPCNT,X86Base+SSE+SSE2,AES+PCLMUL VectorSize=256
// Job: .NET 10.0(IterationTime=250ms)

OverheadJitting  1: 1 op, 121800.00 ns, 121.8000 us/op
WorkloadJitting  1: 1 op, 13949200.00 ns, 13.9492 ms/op

OverheadJitting  2: 16 op, 188900.00 ns, 11.8063 us/op
WorkloadJitting  2: 16 op, 216300.00 ns, 13.5188 us/op

WorkloadPilot    1: 16 op, 59700.00 ns, 3.7313 us/op
WorkloadPilot    2: 67008 op, 182924900.00 ns, 2.7299 us/op
WorkloadPilot    3: 91584 op, 95525500.00 ns, 1.0430 us/op
WorkloadPilot    4: 239696 op, 183583600.00 ns, 765.9018 ns/op
WorkloadPilot    5: 326416 op, 228690000.00 ns, 700.6090 ns/op
WorkloadPilot    6: 356832 op, 251025800.00 ns, 703.4846 ns/op
WorkloadPilot    7: 355376 op, 249739200.00 ns, 702.7464 ns/op
WorkloadPilot    8: 355760 op, 265520800.00 ns, 746.3481 ns/op
WorkloadPilot    9: 334976 op, 236848000.00 ns, 707.0596 ns/op
WorkloadPilot   10: 353584 op, 249141800.00 ns, 704.6184 ns/op
WorkloadPilot   11: 354816 op, 247066400.00 ns, 696.3226 ns/op
WorkloadPilot   12: 359040 op, 254095200.00 ns, 707.7072 ns/op

OverheadWarmup   1: 359040 op, 887800.00 ns, 2.4727 ns/op
OverheadWarmup   2: 359040 op, 866700.00 ns, 2.4139 ns/op
OverheadWarmup   3: 359040 op, 889200.00 ns, 2.4766 ns/op
OverheadWarmup   4: 359040 op, 859400.00 ns, 2.3936 ns/op
OverheadWarmup   5: 359040 op, 876100.00 ns, 2.4401 ns/op
OverheadWarmup   6: 359040 op, 868500.00 ns, 2.4190 ns/op

OverheadActual   1: 359040 op, 900200.00 ns, 2.5072 ns/op
OverheadActual   2: 359040 op, 865000.00 ns, 2.4092 ns/op
OverheadActual   3: 359040 op, 869100.00 ns, 2.4206 ns/op
OverheadActual   4: 359040 op, 887700.00 ns, 2.4724 ns/op
OverheadActual   5: 359040 op, 1053500.00 ns, 2.9342 ns/op
OverheadActual   6: 359040 op, 860700.00 ns, 2.3972 ns/op
OverheadActual   7: 359040 op, 878600.00 ns, 2.4471 ns/op
OverheadActual   8: 359040 op, 849800.00 ns, 2.3669 ns/op
OverheadActual   9: 359040 op, 864200.00 ns, 2.4070 ns/op
OverheadActual  10: 359040 op, 870300.00 ns, 2.4240 ns/op
OverheadActual  11: 359040 op, 900400.00 ns, 2.5078 ns/op
OverheadActual  12: 359040 op, 930700.00 ns, 2.5922 ns/op
OverheadActual  13: 359040 op, 881900.00 ns, 2.4563 ns/op
OverheadActual  14: 359040 op, 860500.00 ns, 2.3967 ns/op
OverheadActual  15: 359040 op, 894300.00 ns, 2.4908 ns/op

WorkloadWarmup   1: 359040 op, 259130900.00 ns, 721.7327 ns/op
WorkloadWarmup   2: 359040 op, 253640200.00 ns, 706.4400 ns/op
WorkloadWarmup   3: 359040 op, 252110500.00 ns, 702.1794 ns/op
WorkloadWarmup   4: 359040 op, 251253100.00 ns, 699.7914 ns/op
WorkloadWarmup   5: 359040 op, 251534100.00 ns, 700.5740 ns/op
WorkloadWarmup   6: 359040 op, 253223100.00 ns, 705.2782 ns/op
WorkloadWarmup   7: 359040 op, 251399700.00 ns, 700.1997 ns/op
WorkloadWarmup   8: 359040 op, 252710900.00 ns, 703.8517 ns/op
WorkloadWarmup   9: 359040 op, 250295500.00 ns, 697.1243 ns/op

// BeforeActualRun
WorkloadActual   1: 359040 op, 255996700.00 ns, 713.0033 ns/op
WorkloadActual   2: 359040 op, 249796600.00 ns, 695.7347 ns/op
WorkloadActual   3: 359040 op, 249255500.00 ns, 694.2277 ns/op
WorkloadActual   4: 359040 op, 249828800.00 ns, 695.8244 ns/op
WorkloadActual   5: 359040 op, 249257200.00 ns, 694.2324 ns/op
WorkloadActual   6: 359040 op, 248875700.00 ns, 693.1698 ns/op
WorkloadActual   7: 359040 op, 268796000.00 ns, 748.6520 ns/op
WorkloadActual   8: 359040 op, 249876700.00 ns, 695.9578 ns/op
WorkloadActual   9: 359040 op, 250724200.00 ns, 698.3183 ns/op
WorkloadActual  10: 359040 op, 251152800.00 ns, 699.5120 ns/op
WorkloadActual  11: 359040 op, 248853000.00 ns, 693.1066 ns/op
WorkloadActual  12: 359040 op, 249947000.00 ns, 696.1536 ns/op
WorkloadActual  13: 359040 op, 250870800.00 ns, 698.7266 ns/op
WorkloadActual  14: 359040 op, 248645800.00 ns, 692.5295 ns/op
WorkloadActual  15: 359040 op, 249202100.00 ns, 694.0789 ns/op

// AfterActualRun
WorkloadResult   1: 359040 op, 248918000.00 ns, 693.2877 ns/op
WorkloadResult   2: 359040 op, 248376900.00 ns, 691.7806 ns/op
WorkloadResult   3: 359040 op, 248950200.00 ns, 693.3773 ns/op
WorkloadResult   4: 359040 op, 248378600.00 ns, 691.7853 ns/op
WorkloadResult   5: 359040 op, 247997100.00 ns, 690.7228 ns/op
WorkloadResult   6: 359040 op, 248998100.00 ns, 693.5108 ns/op
WorkloadResult   7: 359040 op, 249845600.00 ns, 695.8712 ns/op
WorkloadResult   8: 359040 op, 250274200.00 ns, 697.0650 ns/op
WorkloadResult   9: 359040 op, 247974400.00 ns, 690.6595 ns/op
WorkloadResult  10: 359040 op, 249068400.00 ns, 693.7066 ns/op
WorkloadResult  11: 359040 op, 249992200.00 ns, 696.2795 ns/op
WorkloadResult  12: 359040 op, 247767200.00 ns, 690.0824 ns/op
WorkloadResult  13: 359040 op, 248323500.00 ns, 691.6319 ns/op
// GC:  120 0 0 1005312000 359040
// Threading:  0 0 359040

// AfterAll
// Benchmark Process 3812 has exited with code 0.

Mean = 693.058 ns, StdErr = 0.623 ns (0.09%), N = 13, StdDev = 2.245 ns
Min = 690.082 ns, Q1 = 691.632 ns, Median = 693.288 ns, Q3 = 693.707 ns, Max = 697.065 ns
IQR = 2.075 ns, LowerFence = 688.520 ns, UpperFence = 696.819 ns
ConfidenceInterval = [690.370 ns; 695.747 ns] (CI 99.9%), Margin = 2.688 ns (0.39% of Mean)
Skewness = 0.41, Kurtosis = 1.75, MValue = 2

// ** Remained 47 (55.3%) benchmark(s) to run. Estimated finish 2026-02-06 8:19 (0h 10m from now) **
Setup power plan (GUID: 8c5e7fda-e8bf-4a96-9a85-a6e23a8c635c FriendlyName: High performance)
// **************************
// Benchmark: Scenario1.E_Rascal_Result_OkTValue_ToString: .NET 10.0(Runtime=.NET 10.0, IterationTime=250ms) [Iterations=10]
// *** Execute ***
// Launch: 1 / 1
// Execute: dotnet Enumerations.Options.Benchmarks-1.dll --anonymousPipes 2144 2168 --benchmarkName "ReillyDigital.Enumerations.Options.Benchmarks.Scenarios.Scenario1.E_Rascal_Result_OkTValue_ToString(Iterations: 10)" --job ".NET 10.0" --benchmarkId 38 in D:\x\devs\reilly-digital\dotnet\enumerations.options.benchmarks\bin\Debug\net10.0\Enumerations.Options.Benchmarks-1\bin\Release\net10.0
// BeforeAnythingElse

// Benchmark Process Environment Information:
// BenchmarkDotNet v0.15.8
// Runtime=.NET 10.0.2 (10.0.2, 10.0.225.61305), X64 RyuJIT x86-64-v3
// GC=Concurrent Workstation
// HardwareIntrinsics=AVX2+BMI1+BMI2+F16C+FMA+LZCNT+MOVBE,AVX,SSE3+SSSE3+SSE4.1+SSE4.2+POPCNT,X86Base+SSE+SSE2,AES+PCLMUL VectorSize=256
// Job: .NET 10.0(IterationTime=250ms)

OverheadJitting  1: 1 op, 109900.00 ns, 109.9000 us/op
WorkloadJitting  1: 1 op, 11455900.00 ns, 11.4559 ms/op

OverheadJitting  2: 16 op, 215200.00 ns, 13.4500 us/op
WorkloadJitting  2: 16 op, 176700.00 ns, 11.0438 us/op

WorkloadPilot    1: 16 op, 26100.00 ns, 1.6313 us/op
WorkloadPilot    2: 153264 op, 112917300.00 ns, 736.7503 ns/op
WorkloadPilot    3: 339328 op, 249929100.00 ns, 736.5413 ns/op
WorkloadPilot    4: 339424 op, 92413800.00 ns, 272.2665 ns/op
WorkloadPilot    5: 918224 op, 233134200.00 ns, 253.8969 ns/op
WorkloadPilot    6: 984656 op, 247115300.00 ns, 250.9661 ns/op
WorkloadPilot    7: 996160 op, 245939100.00 ns, 246.8871 ns/op
WorkloadPilot    8: 1012608 op, 251983200.00 ns, 248.8458 ns/op
WorkloadPilot    9: 1004640 op, 246873100.00 ns, 245.7329 ns/op
WorkloadPilot   10: 1017376 op, 250793600.00 ns, 246.5102 ns/op
WorkloadPilot   11: 1014160 op, 248797900.00 ns, 245.3241 ns/op
WorkloadPilot   12: 1019072 op, 265633000.00 ns, 260.6617 ns/op

OverheadWarmup   1: 1019072 op, 2508600.00 ns, 2.4617 ns/op
OverheadWarmup   2: 1019072 op, 2506500.00 ns, 2.4596 ns/op
OverheadWarmup   3: 1019072 op, 2475200.00 ns, 2.4289 ns/op
OverheadWarmup   4: 1019072 op, 2487900.00 ns, 2.4413 ns/op
OverheadWarmup   5: 1019072 op, 2622400.00 ns, 2.5733 ns/op
OverheadWarmup   6: 1019072 op, 2552200.00 ns, 2.5044 ns/op
OverheadWarmup   7: 1019072 op, 2491000.00 ns, 2.4444 ns/op
OverheadWarmup   8: 1019072 op, 2788700.00 ns, 2.7365 ns/op
OverheadWarmup   9: 1019072 op, 2500300.00 ns, 2.4535 ns/op

OverheadActual   1: 1019072 op, 2494300.00 ns, 2.4476 ns/op
OverheadActual   2: 1019072 op, 2485500.00 ns, 2.4390 ns/op
OverheadActual   3: 1019072 op, 3034600.00 ns, 2.9778 ns/op
OverheadActual   4: 1019072 op, 2468600.00 ns, 2.4224 ns/op
OverheadActual   5: 1019072 op, 2799300.00 ns, 2.7469 ns/op
OverheadActual   6: 1019072 op, 2747800.00 ns, 2.6964 ns/op
OverheadActual   7: 1019072 op, 2511600.00 ns, 2.4646 ns/op
OverheadActual   8: 1019072 op, 2854500.00 ns, 2.8011 ns/op
OverheadActual   9: 1019072 op, 2484200.00 ns, 2.4377 ns/op
OverheadActual  10: 1019072 op, 2508100.00 ns, 2.4612 ns/op
OverheadActual  11: 1019072 op, 2524300.00 ns, 2.4771 ns/op
OverheadActual  12: 1019072 op, 2487200.00 ns, 2.4407 ns/op
OverheadActual  13: 1019072 op, 2514900.00 ns, 2.4678 ns/op
OverheadActual  14: 1019072 op, 2531300.00 ns, 2.4839 ns/op
OverheadActual  15: 1019072 op, 2519500.00 ns, 2.4723 ns/op
OverheadActual  16: 1019072 op, 2480300.00 ns, 2.4339 ns/op
OverheadActual  17: 1019072 op, 2641300.00 ns, 2.5919 ns/op

WorkloadWarmup   1: 1019072 op, 263459600.00 ns, 258.5289 ns/op
WorkloadWarmup   2: 1019072 op, 257031500.00 ns, 252.2211 ns/op
WorkloadWarmup   3: 1019072 op, 256473400.00 ns, 251.6735 ns/op
WorkloadWarmup   4: 1019072 op, 253000500.00 ns, 248.2656 ns/op
WorkloadWarmup   5: 1019072 op, 256592600.00 ns, 251.7905 ns/op
WorkloadWarmup   6: 1019072 op, 252424500.00 ns, 247.7004 ns/op
WorkloadWarmup   7: 1019072 op, 257594800.00 ns, 252.7739 ns/op
WorkloadWarmup   8: 1019072 op, 251936600.00 ns, 247.2216 ns/op

// BeforeActualRun
WorkloadActual   1: 1019072 op, 262271900.00 ns, 257.3635 ns/op
WorkloadActual   2: 1019072 op, 255850300.00 ns, 251.0620 ns/op
WorkloadActual   3: 1019072 op, 255789200.00 ns, 251.0021 ns/op
WorkloadActual   4: 1019072 op, 256914700.00 ns, 252.1065 ns/op
WorkloadActual   5: 1019072 op, 257448800.00 ns, 252.6306 ns/op
WorkloadActual   6: 1019072 op, 253934900.00 ns, 249.1825 ns/op
WorkloadActual   7: 1019072 op, 257106100.00 ns, 252.2943 ns/op
WorkloadActual   8: 1019072 op, 257677700.00 ns, 252.8552 ns/op
WorkloadActual   9: 1019072 op, 257545800.00 ns, 252.7258 ns/op
WorkloadActual  10: 1019072 op, 254184300.00 ns, 249.4272 ns/op
WorkloadActual  11: 1019072 op, 271276700.00 ns, 266.1997 ns/op
WorkloadActual  12: 1019072 op, 254862400.00 ns, 250.0926 ns/op
WorkloadActual  13: 1019072 op, 257094400.00 ns, 252.2829 ns/op
WorkloadActual  14: 1019072 op, 255527500.00 ns, 250.7453 ns/op
WorkloadActual  15: 1019072 op, 257794900.00 ns, 252.9703 ns/op

// AfterActualRun
WorkloadResult   1: 1019072 op, 253335400.00 ns, 248.5942 ns/op
WorkloadResult   2: 1019072 op, 253274300.00 ns, 248.5343 ns/op
WorkloadResult   3: 1019072 op, 254399800.00 ns, 249.6387 ns/op
WorkloadResult   4: 1019072 op, 254933900.00 ns, 250.1628 ns/op
WorkloadResult   5: 1019072 op, 251420000.00 ns, 246.7147 ns/op
WorkloadResult   6: 1019072 op, 254591200.00 ns, 249.8265 ns/op
WorkloadResult   7: 1019072 op, 255162800.00 ns, 250.3874 ns/op
WorkloadResult   8: 1019072 op, 255030900.00 ns, 250.2580 ns/op
WorkloadResult   9: 1019072 op, 251669400.00 ns, 246.9594 ns/op
WorkloadResult  10: 1019072 op, 252347500.00 ns, 247.6248 ns/op
WorkloadResult  11: 1019072 op, 254579500.00 ns, 249.8150 ns/op
WorkloadResult  12: 1019072 op, 253012600.00 ns, 248.2775 ns/op
WorkloadResult  13: 1019072 op, 255280000.00 ns, 250.5024 ns/op
// GC:  48 0 0 407628800 1019072
// Threading:  0 0 1019072

// AfterAll
// Benchmark Process 3336 has exited with code 0.

Mean = 249.023 ns, StdErr = 0.367 ns (0.15%), N = 13, StdDev = 1.324 ns
Min = 246.715 ns, Q1 = 248.277 ns, Median = 249.639 ns, Q3 = 250.163 ns, Max = 250.502 ns
IQR = 1.885 ns, LowerFence = 245.449 ns, UpperFence = 252.991 ns
ConfidenceInterval = [247.437 ns; 250.609 ns] (CI 99.9%), Margin = 1.586 ns (0.64% of Mean)
Skewness = -0.46, Kurtosis = 1.6, MValue = 2

// ** Remained 46 (54.1%) benchmark(s) to run. Estimated finish 2026-02-06 8:19 (0h 9m from now) **
Setup power plan (GUID: 8c5e7fda-e8bf-4a96-9a85-a6e23a8c635c FriendlyName: High performance)
// **************************
// Benchmark: Scenario1.D_SimpleResults_Result_OkTValue_ToString: .NET 10.0(Runtime=.NET 10.0, IterationTime=250ms) [Iterations=10]
// *** Execute ***
// Launch: 1 / 1
// Execute: dotnet Enumerations.Options.Benchmarks-1.dll --anonymousPipes 2240 2248 --benchmarkName "ReillyDigital.Enumerations.Options.Benchmarks.Scenarios.Scenario1.D_SimpleResults_Result_OkTValue_ToString(Iterations: 10)" --job ".NET 10.0" --benchmarkId 39 in D:\x\devs\reilly-digital\dotnet\enumerations.options.benchmarks\bin\Debug\net10.0\Enumerations.Options.Benchmarks-1\bin\Release\net10.0
// BeforeAnythingElse

// Benchmark Process Environment Information:
// BenchmarkDotNet v0.15.8
// Runtime=.NET 10.0.2 (10.0.2, 10.0.225.61305), X64 RyuJIT x86-64-v3
// GC=Concurrent Workstation
// HardwareIntrinsics=AVX2+BMI1+BMI2+F16C+FMA+LZCNT+MOVBE,AVX,SSE3+SSSE3+SSE4.1+SSE4.2+POPCNT,X86Base+SSE+SSE2,AES+PCLMUL VectorSize=256
// Job: .NET 10.0(IterationTime=250ms)

OverheadJitting  1: 1 op, 106200.00 ns, 106.2000 us/op
WorkloadJitting  1: 1 op, 11290400.00 ns, 11.2904 ms/op

OverheadJitting  2: 16 op, 179100.00 ns, 11.1938 us/op
WorkloadJitting  2: 16 op, 166700.00 ns, 10.4188 us/op

WorkloadPilot    1: 16 op, 6900.00 ns, 431.2500 ns/op
WorkloadPilot    2: 579712 op, 99296800.00 ns, 171.2864 ns/op
WorkloadPilot    3: 1459552 op, 139908500.00 ns, 95.8572 ns/op
WorkloadPilot    4: 2608048 op, 21361600.00 ns, 8.1906 ns/op
WorkloadPilot    5: 30522624 op, 243153500.00 ns, 7.9663 ns/op
WorkloadPilot    6: 31382064 op, 253292400.00 ns, 8.0712 ns/op
WorkloadPilot    7: 30974160 op, 252138000.00 ns, 8.1403 ns/op
WorkloadPilot    8: 30711520 op, 249904800.00 ns, 8.1372 ns/op
WorkloadPilot    9: 30723232 op, 243459300.00 ns, 7.9243 ns/op
WorkloadPilot   10: 31548640 op, 252589600.00 ns, 8.0064 ns/op

OverheadWarmup   1: 31548640 op, 79318800.00 ns, 2.5142 ns/op
OverheadWarmup   2: 31548640 op, 79841400.00 ns, 2.5307 ns/op
OverheadWarmup   3: 31548640 op, 67083900.00 ns, 2.1264 ns/op
OverheadWarmup   4: 31548640 op, 48371300.00 ns, 1.5332 ns/op
OverheadWarmup   5: 31548640 op, 48557100.00 ns, 1.5391 ns/op
OverheadWarmup   6: 31548640 op, 48500600.00 ns, 1.5373 ns/op

OverheadActual   1: 31548640 op, 48518600.00 ns, 1.5379 ns/op
OverheadActual   2: 31548640 op, 49083400.00 ns, 1.5558 ns/op
OverheadActual   3: 31548640 op, 49200000.00 ns, 1.5595 ns/op
OverheadActual   4: 31548640 op, 46967000.00 ns, 1.4887 ns/op
OverheadActual   5: 31548640 op, 49360700.00 ns, 1.5646 ns/op
OverheadActual   6: 31548640 op, 51157400.00 ns, 1.6215 ns/op
OverheadActual   7: 31548640 op, 49010800.00 ns, 1.5535 ns/op
OverheadActual   8: 31548640 op, 47162900.00 ns, 1.4949 ns/op
OverheadActual   9: 31548640 op, 47271900.00 ns, 1.4984 ns/op
OverheadActual  10: 31548640 op, 49136500.00 ns, 1.5575 ns/op
OverheadActual  11: 31548640 op, 47010900.00 ns, 1.4901 ns/op
OverheadActual  12: 31548640 op, 48638800.00 ns, 1.5417 ns/op
OverheadActual  13: 31548640 op, 46979700.00 ns, 1.4891 ns/op
OverheadActual  14: 31548640 op, 47002700.00 ns, 1.4898 ns/op
OverheadActual  15: 31548640 op, 48614100.00 ns, 1.5409 ns/op

WorkloadWarmup   1: 31548640 op, 257661400.00 ns, 8.1671 ns/op
WorkloadWarmup   2: 31548640 op, 258469300.00 ns, 8.1927 ns/op
WorkloadWarmup   3: 31548640 op, 251338600.00 ns, 7.9667 ns/op
WorkloadWarmup   4: 31548640 op, 249212100.00 ns, 7.8993 ns/op
WorkloadWarmup   5: 31548640 op, 253263000.00 ns, 8.0277 ns/op
WorkloadWarmup   6: 31548640 op, 250422000.00 ns, 7.9376 ns/op

// BeforeActualRun
WorkloadActual   1: 31548640 op, 255751900.00 ns, 8.1066 ns/op
WorkloadActual   2: 31548640 op, 252703000.00 ns, 8.0099 ns/op
WorkloadActual   3: 31548640 op, 251706800.00 ns, 7.9784 ns/op
WorkloadActual   4: 31548640 op, 249636600.00 ns, 7.9128 ns/op
WorkloadActual   5: 31548640 op, 250772500.00 ns, 7.9488 ns/op
WorkloadActual   6: 31548640 op, 248879000.00 ns, 7.8887 ns/op
WorkloadActual   7: 31548640 op, 248656600.00 ns, 7.8817 ns/op
WorkloadActual   8: 31548640 op, 250938500.00 ns, 7.9540 ns/op
WorkloadActual   9: 31548640 op, 254672600.00 ns, 8.0724 ns/op
WorkloadActual  10: 31548640 op, 253191900.00 ns, 8.0254 ns/op
WorkloadActual  11: 31548640 op, 254550400.00 ns, 8.0685 ns/op
WorkloadActual  12: 31548640 op, 252565800.00 ns, 8.0056 ns/op
WorkloadActual  13: 31548640 op, 248938300.00 ns, 7.8906 ns/op
WorkloadActual  14: 31548640 op, 254134500.00 ns, 8.0553 ns/op
WorkloadActual  15: 31548640 op, 253016300.00 ns, 8.0199 ns/op

// AfterActualRun
WorkloadResult   1: 31548640 op, 207137800.00 ns, 6.5657 ns/op
WorkloadResult   2: 31548640 op, 204088900.00 ns, 6.4690 ns/op
WorkloadResult   3: 31548640 op, 203092700.00 ns, 6.4374 ns/op
WorkloadResult   4: 31548640 op, 201022500.00 ns, 6.3718 ns/op
WorkloadResult   5: 31548640 op, 202158400.00 ns, 6.4078 ns/op
WorkloadResult   6: 31548640 op, 200264900.00 ns, 6.3478 ns/op
WorkloadResult   7: 31548640 op, 200042500.00 ns, 6.3408 ns/op
WorkloadResult   8: 31548640 op, 202324400.00 ns, 6.4131 ns/op
WorkloadResult   9: 31548640 op, 206058500.00 ns, 6.5315 ns/op
WorkloadResult  10: 31548640 op, 204577800.00 ns, 6.4845 ns/op
WorkloadResult  11: 31548640 op, 205936300.00 ns, 6.5276 ns/op
WorkloadResult  12: 31548640 op, 203951700.00 ns, 6.4647 ns/op
WorkloadResult  13: 31548640 op, 200324200.00 ns, 6.3497 ns/op
WorkloadResult  14: 31548640 op, 205520400.00 ns, 6.5144 ns/op
WorkloadResult  15: 31548640 op, 204402200.00 ns, 6.4790 ns/op
// GC:  0 0 0 264 31548640
// Threading:  0 0 31548640

// AfterAll
// Benchmark Process 5692 has exited with code 0.

Mean = 6.447 ns, StdErr = 0.019 ns (0.29%), N = 15, StdDev = 0.073 ns
Min = 6.341 ns, Q1 = 6.390 ns, Median = 6.465 ns, Q3 = 6.499 ns, Max = 6.566 ns
IQR = 0.110 ns, LowerFence = 6.225 ns, UpperFence = 6.664 ns
ConfidenceInterval = [6.369 ns; 6.525 ns] (CI 99.9%), Margin = 0.078 ns (1.21% of Mean)
Skewness = -0.07, Kurtosis = 1.57, MValue = 2

// ** Remained 45 (52.9%) benchmark(s) to run. Estimated finish 2026-02-06 8:19 (0h 9m from now) **
Setup power plan (GUID: 8c5e7fda-e8bf-4a96-9a85-a6e23a8c635c FriendlyName: High performance)
// **************************
// Benchmark: Scenario1.C_ArdalisResult_Result_Fail_ToString: .NET 10.0(Runtime=.NET 10.0, IterationTime=250ms) [Iterations=10]
// *** Execute ***
// Launch: 1 / 1
// Execute: dotnet Enumerations.Options.Benchmarks-1.dll --anonymousPipes 2292 2220 --benchmarkName "ReillyDigital.Enumerations.Options.Benchmarks.Scenarios.Scenario1.C_ArdalisResult_Result_Fail_ToString(Iterations: 10)" --job ".NET 10.0" --benchmarkId 40 in D:\x\devs\reilly-digital\dotnet\enumerations.options.benchmarks\bin\Debug\net10.0\Enumerations.Options.Benchmarks-1\bin\Release\net10.0
// BeforeAnythingElse

// Benchmark Process Environment Information:
// BenchmarkDotNet v0.15.8
// Runtime=.NET 10.0.2 (10.0.2, 10.0.225.61305), X64 RyuJIT x86-64-v3
// GC=Concurrent Workstation
// HardwareIntrinsics=AVX2+BMI1+BMI2+F16C+FMA+LZCNT+MOVBE,AVX,SSE3+SSSE3+SSE4.1+SSE4.2+POPCNT,X86Base+SSE+SSE2,AES+PCLMUL VectorSize=256
// Job: .NET 10.0(IterationTime=250ms)

OverheadJitting  1: 1 op, 108500.00 ns, 108.5000 us/op
WorkloadJitting  1: 1 op, 11179000.00 ns, 11.1790 ms/op

OverheadJitting  2: 16 op, 181300.00 ns, 11.3313 us/op
WorkloadJitting  2: 16 op, 150900.00 ns, 9.4313 us/op

WorkloadPilot    1: 16 op, 6600.00 ns, 412.5000 ns/op
WorkloadPilot    2: 606064 op, 106544400.00 ns, 175.7973 ns/op
WorkloadPilot    3: 1422096 op, 214422300.00 ns, 150.7791 ns/op
WorkloadPilot    4: 1658064 op, 19307800.00 ns, 11.6448 ns/op
WorkloadPilot    5: 21468848 op, 191655300.00 ns, 8.9271 ns/op
WorkloadPilot    6: 28004512 op, 251705000.00 ns, 8.9880 ns/op
WorkloadPilot    7: 27814816 op, 259718000.00 ns, 9.3374 ns/op
WorkloadPilot    8: 26774064 op, 244062800.00 ns, 9.1156 ns/op
WorkloadPilot    9: 27425392 op, 243876800.00 ns, 8.8924 ns/op
WorkloadPilot   10: 28113984 op, 255022800.00 ns, 9.0710 ns/op

OverheadWarmup   1: 28113984 op, 69709700.00 ns, 2.4795 ns/op
OverheadWarmup   2: 28113984 op, 70155700.00 ns, 2.4954 ns/op
OverheadWarmup   3: 28113984 op, 68618900.00 ns, 2.4407 ns/op
OverheadWarmup   4: 28113984 op, 41831900.00 ns, 1.4879 ns/op
OverheadWarmup   5: 28113984 op, 41813400.00 ns, 1.4873 ns/op
OverheadWarmup   6: 28113984 op, 41773900.00 ns, 1.4859 ns/op
OverheadWarmup   7: 28113984 op, 41818800.00 ns, 1.4875 ns/op
OverheadWarmup   8: 28113984 op, 42430400.00 ns, 1.5092 ns/op
OverheadWarmup   9: 28113984 op, 44146900.00 ns, 1.5703 ns/op
OverheadWarmup  10: 28113984 op, 41935200.00 ns, 1.4916 ns/op

OverheadActual   1: 28113984 op, 41868500.00 ns, 1.4892 ns/op
OverheadActual   2: 28113984 op, 41901500.00 ns, 1.4904 ns/op
OverheadActual   3: 28113984 op, 41804300.00 ns, 1.4870 ns/op
OverheadActual   4: 28113984 op, 42926500.00 ns, 1.5269 ns/op
OverheadActual   5: 28113984 op, 42664200.00 ns, 1.5175 ns/op
OverheadActual   6: 28113984 op, 41860200.00 ns, 1.4889 ns/op
OverheadActual   7: 28113984 op, 42623400.00 ns, 1.5161 ns/op
OverheadActual   8: 28113984 op, 42590400.00 ns, 1.5149 ns/op
OverheadActual   9: 28113984 op, 42646800.00 ns, 1.5169 ns/op
OverheadActual  10: 28113984 op, 43013200.00 ns, 1.5300 ns/op
OverheadActual  11: 28113984 op, 42109500.00 ns, 1.4978 ns/op
OverheadActual  12: 28113984 op, 42724800.00 ns, 1.5197 ns/op
OverheadActual  13: 28113984 op, 42655100.00 ns, 1.5172 ns/op
OverheadActual  14: 28113984 op, 42742700.00 ns, 1.5203 ns/op
OverheadActual  15: 28113984 op, 42632400.00 ns, 1.5164 ns/op

WorkloadWarmup   1: 28113984 op, 253324100.00 ns, 9.0106 ns/op
WorkloadWarmup   2: 28113984 op, 254474100.00 ns, 9.0515 ns/op
WorkloadWarmup   3: 28113984 op, 254383700.00 ns, 9.0483 ns/op
WorkloadWarmup   4: 28113984 op, 254554000.00 ns, 9.0544 ns/op
WorkloadWarmup   5: 28113984 op, 248552800.00 ns, 8.8409 ns/op
WorkloadWarmup   6: 28113984 op, 258388900.00 ns, 9.1908 ns/op

// BeforeActualRun
WorkloadActual   1: 28113984 op, 253289700.00 ns, 9.0094 ns/op
WorkloadActual   2: 28113984 op, 247806200.00 ns, 8.8143 ns/op
WorkloadActual   3: 28113984 op, 248998000.00 ns, 8.8567 ns/op
WorkloadActual   4: 28113984 op, 248956700.00 ns, 8.8553 ns/op
WorkloadActual   5: 28113984 op, 249220200.00 ns, 8.8646 ns/op
WorkloadActual   6: 28113984 op, 251866100.00 ns, 8.9587 ns/op
WorkloadActual   7: 28113984 op, 247908200.00 ns, 8.8180 ns/op
WorkloadActual   8: 28113984 op, 251809600.00 ns, 8.9567 ns/op
WorkloadActual   9: 28113984 op, 272658400.00 ns, 9.6983 ns/op
WorkloadActual  10: 28113984 op, 257553900.00 ns, 9.1611 ns/op
WorkloadActual  11: 28113984 op, 248326600.00 ns, 8.8328 ns/op
WorkloadActual  12: 28113984 op, 251874200.00 ns, 8.9590 ns/op
WorkloadActual  13: 28113984 op, 254650000.00 ns, 9.0578 ns/op
WorkloadActual  14: 28113984 op, 247927800.00 ns, 8.8187 ns/op
WorkloadActual  15: 28113984 op, 247898500.00 ns, 8.8176 ns/op

// AfterActualRun
WorkloadResult   1: 28113984 op, 210657300.00 ns, 7.4930 ns/op
WorkloadResult   2: 28113984 op, 205173800.00 ns, 7.2979 ns/op
WorkloadResult   3: 28113984 op, 206365600.00 ns, 7.3403 ns/op
WorkloadResult   4: 28113984 op, 206324300.00 ns, 7.3388 ns/op
WorkloadResult   5: 28113984 op, 206587800.00 ns, 7.3482 ns/op
WorkloadResult   6: 28113984 op, 209233700.00 ns, 7.4423 ns/op
WorkloadResult   7: 28113984 op, 205275800.00 ns, 7.3016 ns/op
WorkloadResult   8: 28113984 op, 209177200.00 ns, 7.4403 ns/op
WorkloadResult   9: 28113984 op, 214921500.00 ns, 7.6446 ns/op
WorkloadResult  10: 28113984 op, 205694200.00 ns, 7.3164 ns/op
WorkloadResult  11: 28113984 op, 209241800.00 ns, 7.4426 ns/op
WorkloadResult  12: 28113984 op, 212017600.00 ns, 7.5414 ns/op
WorkloadResult  13: 28113984 op, 205295400.00 ns, 7.3023 ns/op
WorkloadResult  14: 28113984 op, 205266100.00 ns, 7.3012 ns/op
// GC:  0 0 0 232 28113984
// Threading:  0 0 28113984

// AfterAll
// Benchmark Process 15084 has exited with code 0.

Mean = 7.397 ns, StdErr = 0.029 ns (0.39%), N = 14, StdDev = 0.107 ns
Min = 7.298 ns, Q1 = 7.306 ns, Median = 7.344 ns, Q3 = 7.443 ns, Max = 7.645 ns
IQR = 0.137 ns, LowerFence = 7.101 ns, UpperFence = 7.648 ns
ConfidenceInterval = [7.275 ns; 7.518 ns] (CI 99.9%), Margin = 0.121 ns (1.64% of Mean)
Skewness = 0.86, Kurtosis = 2.54, MValue = 2

// ** Remained 44 (51.8%) benchmark(s) to run. Estimated finish 2026-02-06 8:19 (0h 9m from now) **
Setup power plan (GUID: 8c5e7fda-e8bf-4a96-9a85-a6e23a8c635c FriendlyName: High performance)
// **************************
// Benchmark: Scenario1.A_EnumerationsOptions_Result_Fail_ToString: .NET 10.0(Runtime=.NET 10.0, IterationTime=250ms) [Iterations=10]
// *** Execute ***
// Launch: 1 / 1
// Execute: dotnet Enumerations.Options.Benchmarks-1.dll --anonymousPipes 2316 2240 --benchmarkName "ReillyDigital.Enumerations.Options.Benchmarks.Scenarios.Scenario1.A_EnumerationsOptions_Result_Fail_ToString(Iterations: 10)" --job ".NET 10.0" --benchmarkId 41 in D:\x\devs\reilly-digital\dotnet\enumerations.options.benchmarks\bin\Debug\net10.0\Enumerations.Options.Benchmarks-1\bin\Release\net10.0
// BeforeAnythingElse

// Benchmark Process Environment Information:
// BenchmarkDotNet v0.15.8
// Runtime=.NET 10.0.2 (10.0.2, 10.0.225.61305), X64 RyuJIT x86-64-v3
// GC=Concurrent Workstation
// HardwareIntrinsics=AVX2+BMI1+BMI2+F16C+FMA+LZCNT+MOVBE,AVX,SSE3+SSSE3+SSE4.1+SSE4.2+POPCNT,X86Base+SSE+SSE2,AES+PCLMUL VectorSize=256
// Job: .NET 10.0(IterationTime=250ms)

OverheadJitting  1: 1 op, 107800.00 ns, 107.8000 us/op
WorkloadJitting  1: 1 op, 12293400.00 ns, 12.2934 ms/op

OverheadJitting  2: 16 op, 239000.00 ns, 14.9375 us/op
WorkloadJitting  2: 16 op, 324200.00 ns, 20.2625 us/op

WorkloadPilot    1: 16 op, 104700.00 ns, 6.5438 us/op
WorkloadPilot    2: 38208 op, 180479500.00 ns, 4.7236 us/op
WorkloadPilot    3: 52928 op, 190434600.00 ns, 3.5980 us/op
WorkloadPilot    4: 69488 op, 141617000.00 ns, 2.0380 us/op
WorkloadPilot    5: 122672 op, 256762900.00 ns, 2.0931 us/op
WorkloadPilot    6: 119456 op, 250408300.00 ns, 2.0962 us/op
WorkloadPilot    7: 119264 op, 243153800.00 ns, 2.0388 us/op
WorkloadPilot    8: 122624 op, 241923400.00 ns, 1.9729 us/op
WorkloadPilot    9: 126720 op, 250268800.00 ns, 1.9750 us/op

OverheadWarmup   1: 126720 op, 322800.00 ns, 2.5473 ns/op
OverheadWarmup   2: 126720 op, 312200.00 ns, 2.4637 ns/op
OverheadWarmup   3: 126720 op, 314400.00 ns, 2.4811 ns/op
OverheadWarmup   4: 126720 op, 314100.00 ns, 2.4787 ns/op
OverheadWarmup   5: 126720 op, 315400.00 ns, 2.4890 ns/op
OverheadWarmup   6: 126720 op, 310500.00 ns, 2.4503 ns/op

OverheadActual   1: 126720 op, 298200.00 ns, 2.3532 ns/op
OverheadActual   2: 126720 op, 301000.00 ns, 2.3753 ns/op
OverheadActual   3: 126720 op, 297600.00 ns, 2.3485 ns/op
OverheadActual   4: 126720 op, 291900.00 ns, 2.3035 ns/op
OverheadActual   5: 126720 op, 289900.00 ns, 2.2877 ns/op
OverheadActual   6: 126720 op, 306400.00 ns, 2.4179 ns/op
OverheadActual   7: 126720 op, 289600.00 ns, 2.2854 ns/op
OverheadActual   8: 126720 op, 314100.00 ns, 2.4787 ns/op
OverheadActual   9: 126720 op, 285000.00 ns, 2.2491 ns/op
OverheadActual  10: 126720 op, 314000.00 ns, 2.4779 ns/op
OverheadActual  11: 126720 op, 312400.00 ns, 2.4653 ns/op
OverheadActual  12: 126720 op, 314200.00 ns, 2.4795 ns/op
OverheadActual  13: 126720 op, 321500.00 ns, 2.5371 ns/op
OverheadActual  14: 126720 op, 302500.00 ns, 2.3872 ns/op
OverheadActual  15: 126720 op, 315800.00 ns, 2.4921 ns/op

WorkloadWarmup   1: 126720 op, 258288400.00 ns, 2.0383 us/op
WorkloadWarmup   2: 126720 op, 251944400.00 ns, 1.9882 us/op
WorkloadWarmup   3: 126720 op, 252146400.00 ns, 1.9898 us/op
WorkloadWarmup   4: 126720 op, 250956300.00 ns, 1.9804 us/op
WorkloadWarmup   5: 126720 op, 254044700.00 ns, 2.0048 us/op
WorkloadWarmup   6: 126720 op, 251232500.00 ns, 1.9826 us/op

// BeforeActualRun
WorkloadActual   1: 126720 op, 256369800.00 ns, 2.0231 us/op
WorkloadActual   2: 126720 op, 250699100.00 ns, 1.9784 us/op
WorkloadActual   3: 126720 op, 251643300.00 ns, 1.9858 us/op
WorkloadActual   4: 126720 op, 249219100.00 ns, 1.9667 us/op
WorkloadActual   5: 126720 op, 252912900.00 ns, 1.9958 us/op
WorkloadActual   6: 126720 op, 249073500.00 ns, 1.9655 us/op
WorkloadActual   7: 126720 op, 252132700.00 ns, 1.9897 us/op
WorkloadActual   8: 126720 op, 248821000.00 ns, 1.9635 us/op
WorkloadActual   9: 126720 op, 255732600.00 ns, 2.0181 us/op
WorkloadActual  10: 126720 op, 259490000.00 ns, 2.0477 us/op
WorkloadActual  11: 126720 op, 251182600.00 ns, 1.9822 us/op
WorkloadActual  12: 126720 op, 249377400.00 ns, 1.9679 us/op
WorkloadActual  13: 126720 op, 250063800.00 ns, 1.9734 us/op
WorkloadActual  14: 126720 op, 249814500.00 ns, 1.9714 us/op
WorkloadActual  15: 126720 op, 249844100.00 ns, 1.9716 us/op

// AfterActualRun
WorkloadResult   1: 126720 op, 256067300.00 ns, 2.0207 us/op
WorkloadResult   2: 126720 op, 250396600.00 ns, 1.9760 us/op
WorkloadResult   3: 126720 op, 251340800.00 ns, 1.9834 us/op
WorkloadResult   4: 126720 op, 248916600.00 ns, 1.9643 us/op
WorkloadResult   5: 126720 op, 252610400.00 ns, 1.9935 us/op
WorkloadResult   6: 126720 op, 248771000.00 ns, 1.9632 us/op
WorkloadResult   7: 126720 op, 251830200.00 ns, 1.9873 us/op
WorkloadResult   8: 126720 op, 248518500.00 ns, 1.9612 us/op
WorkloadResult   9: 126720 op, 255430100.00 ns, 2.0157 us/op
WorkloadResult  10: 126720 op, 250880100.00 ns, 1.9798 us/op
WorkloadResult  11: 126720 op, 249074900.00 ns, 1.9656 us/op
WorkloadResult  12: 126720 op, 249761300.00 ns, 1.9710 us/op
WorkloadResult  13: 126720 op, 249512000.00 ns, 1.9690 us/op
WorkloadResult  14: 126720 op, 249541600.00 ns, 1.9692 us/op
// GC:  42 0 0 354825632 126720
// Threading:  0 0 126720

// AfterAll
// Benchmark Process 13636 has exited with code 0.

Mean = 1.980 μs, StdErr = 0.005 μs (0.25%), N = 14, StdDev = 0.019 μs
Min = 1.961 μs, Q1 = 1.966 μs, Median = 1.973 μs, Q3 = 1.986 μs, Max = 2.021 μs
IQR = 0.020 μs, LowerFence = 1.937 μs, UpperFence = 2.016 μs
ConfidenceInterval = [1.959 μs; 2.001 μs] (CI 99.9%), Margin = 0.021 μs (1.07% of Mean)
Skewness = 1.01, Kurtosis = 2.71, MValue = 2

// ** Remained 43 (50.6%) benchmark(s) to run. Estimated finish 2026-02-06 8:19 (0h 8m from now) **
Setup power plan (GUID: 8c5e7fda-e8bf-4a96-9a85-a6e23a8c635c FriendlyName: High performance)
// **************************
// Benchmark: Scenario1.B_FluentResults_Result_Fail_ToString: .NET 10.0(Runtime=.NET 10.0, IterationTime=250ms) [Iterations=10]
// *** Execute ***
// Launch: 1 / 1
// Execute: dotnet Enumerations.Options.Benchmarks-1.dll --anonymousPipes 2344 2340 --benchmarkName "ReillyDigital.Enumerations.Options.Benchmarks.Scenarios.Scenario1.B_FluentResults_Result_Fail_ToString(Iterations: 10)" --job ".NET 10.0" --benchmarkId 42 in D:\x\devs\reilly-digital\dotnet\enumerations.options.benchmarks\bin\Debug\net10.0\Enumerations.Options.Benchmarks-1\bin\Release\net10.0
// BeforeAnythingElse

// Benchmark Process Environment Information:
// BenchmarkDotNet v0.15.8
// Runtime=.NET 10.0.2 (10.0.2, 10.0.225.61305), X64 RyuJIT x86-64-v3
// GC=Concurrent Workstation
// HardwareIntrinsics=AVX2+BMI1+BMI2+F16C+FMA+LZCNT+MOVBE,AVX,SSE3+SSSE3+SSE4.1+SSE4.2+POPCNT,X86Base+SSE+SSE2,AES+PCLMUL VectorSize=256
// Job: .NET 10.0(IterationTime=250ms)

OverheadJitting  1: 1 op, 106900.00 ns, 106.9000 us/op
WorkloadJitting  1: 1 op, 13511000.00 ns, 13.5110 ms/op

OverheadJitting  2: 16 op, 151800.00 ns, 9.4875 us/op
WorkloadJitting  2: 16 op, 425500.00 ns, 26.5938 us/op

WorkloadPilot    1: 16 op, 130000.00 ns, 8.1250 us/op
WorkloadPilot    2: 30784 op, 165058600.00 ns, 5.3618 us/op
WorkloadPilot    3: 46640 op, 127963300.00 ns, 2.7436 us/op
WorkloadPilot    4: 91120 op, 147734400.00 ns, 1.6213 us/op
WorkloadPilot    5: 154208 op, 235984300.00 ns, 1.5303 us/op
WorkloadPilot    6: 163376 op, 249257700.00 ns, 1.5257 us/op
WorkloadPilot    7: 163872 op, 249340300.00 ns, 1.5216 us/op
WorkloadPilot    8: 164320 op, 249009900.00 ns, 1.5154 us/op
WorkloadPilot    9: 164976 op, 251323000.00 ns, 1.5234 us/op
WorkloadPilot   10: 164112 op, 248273800.00 ns, 1.5128 us/op
WorkloadPilot   11: 165264 op, 251367400.00 ns, 1.5210 us/op
WorkloadPilot   12: 164368 op, 247403600.00 ns, 1.5052 us/op
WorkloadPilot   13: 166096 op, 249022200.00 ns, 1.4993 us/op
WorkloadPilot   14: 166752 op, 259974100.00 ns, 1.5590 us/op

OverheadWarmup   1: 166752 op, 412300.00 ns, 2.4725 ns/op
OverheadWarmup   2: 166752 op, 400900.00 ns, 2.4042 ns/op
OverheadWarmup   3: 166752 op, 413200.00 ns, 2.4779 ns/op
OverheadWarmup   4: 166752 op, 402000.00 ns, 2.4108 ns/op
OverheadWarmup   5: 166752 op, 387600.00 ns, 2.3244 ns/op
OverheadWarmup   6: 166752 op, 411500.00 ns, 2.4677 ns/op
OverheadWarmup   7: 166752 op, 390400.00 ns, 2.3412 ns/op

OverheadActual   1: 166752 op, 441200.00 ns, 2.6458 ns/op
OverheadActual   2: 166752 op, 407700.00 ns, 2.4449 ns/op
OverheadActual   3: 166752 op, 389700.00 ns, 2.3370 ns/op
OverheadActual   4: 166752 op, 401900.00 ns, 2.4102 ns/op
OverheadActual   5: 166752 op, 420800.00 ns, 2.5235 ns/op
OverheadActual   6: 166752 op, 401300.00 ns, 2.4066 ns/op
OverheadActual   7: 166752 op, 386900.00 ns, 2.3202 ns/op
OverheadActual   8: 166752 op, 404500.00 ns, 2.4258 ns/op
OverheadActual   9: 166752 op, 419000.00 ns, 2.5127 ns/op
OverheadActual  10: 166752 op, 401800.00 ns, 2.4096 ns/op
OverheadActual  11: 166752 op, 583000.00 ns, 3.4962 ns/op
OverheadActual  12: 166752 op, 434400.00 ns, 2.6051 ns/op
OverheadActual  13: 166752 op, 398900.00 ns, 2.3922 ns/op
OverheadActual  14: 166752 op, 413200.00 ns, 2.4779 ns/op
OverheadActual  15: 166752 op, 398000.00 ns, 2.3868 ns/op

WorkloadWarmup   1: 166752 op, 260394700.00 ns, 1.5616 us/op
WorkloadWarmup   2: 166752 op, 252957000.00 ns, 1.5170 us/op
WorkloadWarmup   3: 166752 op, 251482200.00 ns, 1.5081 us/op
WorkloadWarmup   4: 166752 op, 249536100.00 ns, 1.4965 us/op
WorkloadWarmup   5: 166752 op, 249569600.00 ns, 1.4967 us/op
WorkloadWarmup   6: 166752 op, 250330200.00 ns, 1.5012 us/op
WorkloadWarmup   7: 166752 op, 248332000.00 ns, 1.4892 us/op
WorkloadWarmup   8: 166752 op, 247658300.00 ns, 1.4852 us/op
WorkloadWarmup   9: 166752 op, 246523700.00 ns, 1.4784 us/op
WorkloadWarmup  10: 166752 op, 248807400.00 ns, 1.4921 us/op
WorkloadWarmup  11: 166752 op, 247486400.00 ns, 1.4842 us/op

// BeforeActualRun
WorkloadActual   1: 166752 op, 248812500.00 ns, 1.4921 us/op
WorkloadActual   2: 166752 op, 251844100.00 ns, 1.5103 us/op
WorkloadActual   3: 166752 op, 256303300.00 ns, 1.5370 us/op
WorkloadActual   4: 166752 op, 252910300.00 ns, 1.5167 us/op
WorkloadActual   5: 166752 op, 255727000.00 ns, 1.5336 us/op
WorkloadActual   6: 166752 op, 252177000.00 ns, 1.5123 us/op
WorkloadActual   7: 166752 op, 253983800.00 ns, 1.5231 us/op
WorkloadActual   8: 166752 op, 253224300.00 ns, 1.5186 us/op
WorkloadActual   9: 166752 op, 273759600.00 ns, 1.6417 us/op
WorkloadActual  10: 166752 op, 252425600.00 ns, 1.5138 us/op
WorkloadActual  11: 166752 op, 253183900.00 ns, 1.5183 us/op
WorkloadActual  12: 166752 op, 251544100.00 ns, 1.5085 us/op
WorkloadActual  13: 166752 op, 253037200.00 ns, 1.5174 us/op
WorkloadActual  14: 166752 op, 252436500.00 ns, 1.5138 us/op
WorkloadActual  15: 166752 op, 253286200.00 ns, 1.5189 us/op

// AfterActualRun
WorkloadResult   1: 166752 op, 248408000.00 ns, 1.4897 us/op
WorkloadResult   2: 166752 op, 251439600.00 ns, 1.5079 us/op
WorkloadResult   3: 166752 op, 252505800.00 ns, 1.5143 us/op
WorkloadResult   4: 166752 op, 251772500.00 ns, 1.5099 us/op
WorkloadResult   5: 166752 op, 253579300.00 ns, 1.5207 us/op
WorkloadResult   6: 166752 op, 252819800.00 ns, 1.5161 us/op
WorkloadResult   7: 166752 op, 252021100.00 ns, 1.5114 us/op
WorkloadResult   8: 166752 op, 252779400.00 ns, 1.5159 us/op
WorkloadResult   9: 166752 op, 251139600.00 ns, 1.5061 us/op
WorkloadResult  10: 166752 op, 252632700.00 ns, 1.5150 us/op
WorkloadResult  11: 166752 op, 252032000.00 ns, 1.5114 us/op
WorkloadResult  12: 166752 op, 252881700.00 ns, 1.5165 us/op
// GC:  71 0 0 600321600 166752
// Threading:  0 0 166752

// AfterAll
// Benchmark Process 21680 has exited with code 0.

Mean = 1.511 μs, StdErr = 0.002 μs (0.15%), N = 12, StdDev = 0.008 μs
Min = 1.490 μs, Q1 = 1.509 μs, Median = 1.513 μs, Q3 = 1.516 μs, Max = 1.521 μs
IQR = 0.007 μs, LowerFence = 1.499 μs, UpperFence = 1.526 μs
ConfidenceInterval = [1.501 μs; 1.521 μs] (CI 99.9%), Margin = 0.010 μs (0.67% of Mean)
Skewness = -1.49, Kurtosis = 4.78, MValue = 2

// ** Remained 42 (49.4%) benchmark(s) to run. Estimated finish 2026-02-06 8:19 (0h 8m from now) **
Setup power plan (GUID: 8c5e7fda-e8bf-4a96-9a85-a6e23a8c635c FriendlyName: High performance)
// **************************
// Benchmark: Scenario1.E_Rascal_Result_Fail_ToString: .NET 10.0(Runtime=.NET 10.0, IterationTime=250ms) [Iterations=10]
// *** Execute ***
// Launch: 1 / 1
// Execute: dotnet Enumerations.Options.Benchmarks-1.dll --anonymousPipes 2372 2220 --benchmarkName "ReillyDigital.Enumerations.Options.Benchmarks.Scenarios.Scenario1.E_Rascal_Result_Fail_ToString(Iterations: 10)" --job ".NET 10.0" --benchmarkId 43 in D:\x\devs\reilly-digital\dotnet\enumerations.options.benchmarks\bin\Debug\net10.0\Enumerations.Options.Benchmarks-1\bin\Release\net10.0
// BeforeAnythingElse

// Benchmark Process Environment Information:
// BenchmarkDotNet v0.15.8
// Runtime=.NET 10.0.2 (10.0.2, 10.0.225.61305), X64 RyuJIT x86-64-v3
// GC=Concurrent Workstation
// HardwareIntrinsics=AVX2+BMI1+BMI2+F16C+FMA+LZCNT+MOVBE,AVX,SSE3+SSSE3+SSE4.1+SSE4.2+POPCNT,X86Base+SSE+SSE2,AES+PCLMUL VectorSize=256
// Job: .NET 10.0(IterationTime=250ms)

OverheadJitting  1: 1 op, 115300.00 ns, 115.3000 us/op
WorkloadJitting  1: 1 op, 10412200.00 ns, 10.4122 ms/op

OverheadJitting  2: 16 op, 240400.00 ns, 15.0250 us/op
WorkloadJitting  2: 16 op, 164500.00 ns, 10.2813 us/op

WorkloadPilot    1: 16 op, 14800.00 ns, 925.0000 ns/op
WorkloadPilot    2: 270272 op, 219331500.00 ns, 811.5214 ns/op
WorkloadPilot    3: 308064 op, 61121000.00 ns, 198.4036 ns/op
WorkloadPilot    4: 1260064 op, 236256000.00 ns, 187.4952 ns/op
WorkloadPilot    5: 1333376 op, 245532300.00 ns, 184.1433 ns/op
WorkloadPilot    6: 1357648 op, 250117100.00 ns, 184.2282 ns/op
WorkloadPilot    7: 1357024 op, 247621700.00 ns, 182.4741 ns/op
WorkloadPilot    8: 1370064 op, 252051500.00 ns, 183.9706 ns/op
WorkloadPilot    9: 1358928 op, 251423000.00 ns, 185.0157 ns/op

OverheadWarmup   1: 1358928 op, 3340200.00 ns, 2.4580 ns/op
OverheadWarmup   2: 1358928 op, 3572800.00 ns, 2.6291 ns/op
OverheadWarmup   3: 1358928 op, 3522600.00 ns, 2.5922 ns/op
OverheadWarmup   4: 1358928 op, 3447800.00 ns, 2.5371 ns/op
OverheadWarmup   5: 1358928 op, 3548300.00 ns, 2.6111 ns/op
OverheadWarmup   6: 1358928 op, 3352700.00 ns, 2.4672 ns/op

OverheadActual   1: 1358928 op, 3314500.00 ns, 2.4391 ns/op
OverheadActual   2: 1358928 op, 3299000.00 ns, 2.4276 ns/op
OverheadActual   3: 1358928 op, 3319400.00 ns, 2.4427 ns/op
OverheadActual   4: 1358928 op, 3323500.00 ns, 2.4457 ns/op
OverheadActual   5: 1358928 op, 3299800.00 ns, 2.4282 ns/op
OverheadActual   6: 1358928 op, 3629000.00 ns, 2.6705 ns/op
OverheadActual   7: 1358928 op, 3335200.00 ns, 2.4543 ns/op
OverheadActual   8: 1358928 op, 3656100.00 ns, 2.6904 ns/op
OverheadActual   9: 1358928 op, 3316100.00 ns, 2.4402 ns/op
OverheadActual  10: 1358928 op, 3689300.00 ns, 2.7149 ns/op
OverheadActual  11: 1358928 op, 3341800.00 ns, 2.4591 ns/op
OverheadActual  12: 1358928 op, 3675500.00 ns, 2.7047 ns/op
OverheadActual  13: 1358928 op, 3369200.00 ns, 2.4793 ns/op
OverheadActual  14: 1358928 op, 3526900.00 ns, 2.5954 ns/op
OverheadActual  15: 1358928 op, 3418600.00 ns, 2.5157 ns/op

WorkloadWarmup   1: 1358928 op, 259166100.00 ns, 190.7136 ns/op
WorkloadWarmup   2: 1358928 op, 277230900.00 ns, 204.0071 ns/op
WorkloadWarmup   3: 1358928 op, 265662400.00 ns, 195.4941 ns/op
WorkloadWarmup   4: 1358928 op, 268520700.00 ns, 197.5974 ns/op
WorkloadWarmup   5: 1358928 op, 255521800.00 ns, 188.0319 ns/op
WorkloadWarmup   6: 1358928 op, 253173500.00 ns, 186.3038 ns/op

// BeforeActualRun
WorkloadActual   1: 1358928 op, 254735800.00 ns, 187.4535 ns/op
WorkloadActual   2: 1358928 op, 257111600.00 ns, 189.2018 ns/op
WorkloadActual   3: 1358928 op, 263897900.00 ns, 194.1956 ns/op
WorkloadActual   4: 1358928 op, 256625700.00 ns, 188.8442 ns/op
WorkloadActual   5: 1358928 op, 261568600.00 ns, 192.4816 ns/op
WorkloadActual   6: 1358928 op, 254206900.00 ns, 187.0643 ns/op
WorkloadActual   7: 1358928 op, 262634100.00 ns, 193.2656 ns/op
WorkloadActual   8: 1358928 op, 257933500.00 ns, 189.8066 ns/op
WorkloadActual   9: 1358928 op, 257483300.00 ns, 189.4753 ns/op
WorkloadActual  10: 1358928 op, 267851300.00 ns, 197.1049 ns/op
WorkloadActual  11: 1358928 op, 294367200.00 ns, 216.6172 ns/op
WorkloadActual  12: 1358928 op, 276690900.00 ns, 203.6097 ns/op
WorkloadActual  13: 1358928 op, 258567700.00 ns, 190.2733 ns/op
WorkloadActual  14: 1358928 op, 257400400.00 ns, 189.4143 ns/op
WorkloadActual  15: 1358928 op, 268207200.00 ns, 197.3667 ns/op
WorkloadActual  16: 1358928 op, 339997900.00 ns, 250.1957 ns/op
WorkloadActual  17: 1358928 op, 327116300.00 ns, 240.7164 ns/op
WorkloadActual  18: 1358928 op, 263780900.00 ns, 194.1095 ns/op
WorkloadActual  19: 1358928 op, 273267100.00 ns, 201.0902 ns/op
WorkloadActual  20: 1358928 op, 285560700.00 ns, 210.1367 ns/op
WorkloadActual  21: 1358928 op, 264998200.00 ns, 195.0053 ns/op
WorkloadActual  22: 1358928 op, 274475100.00 ns, 201.9791 ns/op
WorkloadActual  23: 1358928 op, 270833200.00 ns, 199.2992 ns/op
WorkloadActual  24: 1358928 op, 274521000.00 ns, 202.0129 ns/op
WorkloadActual  25: 1358928 op, 288254600.00 ns, 212.1191 ns/op
WorkloadActual  26: 1358928 op, 286304300.00 ns, 210.6839 ns/op
WorkloadActual  27: 1358928 op, 333722400.00 ns, 245.5777 ns/op
WorkloadActual  28: 1358928 op, 329063700.00 ns, 242.1495 ns/op
WorkloadActual  29: 1358928 op, 309679700.00 ns, 227.8853 ns/op
WorkloadActual  30: 1358928 op, 360132700.00 ns, 265.0123 ns/op
WorkloadActual  31: 1358928 op, 329780700.00 ns, 242.6771 ns/op
WorkloadActual  32: 1358928 op, 363382400.00 ns, 267.4037 ns/op
WorkloadActual  33: 1358928 op, 353349700.00 ns, 260.0209 ns/op
WorkloadActual  34: 1358928 op, 307020300.00 ns, 225.9283 ns/op
WorkloadActual  35: 1358928 op, 298924300.00 ns, 219.9707 ns/op
WorkloadActual  36: 1358928 op, 288990900.00 ns, 212.6609 ns/op
WorkloadActual  37: 1358928 op, 309079300.00 ns, 227.4435 ns/op
WorkloadActual  38: 1358928 op, 287279000.00 ns, 211.4012 ns/op
WorkloadActual  39: 1358928 op, 274395800.00 ns, 201.9208 ns/op
WorkloadActual  40: 1358928 op, 263274400.00 ns, 193.7368 ns/op
WorkloadActual  41: 1358928 op, 264596700.00 ns, 194.7099 ns/op
WorkloadActual  42: 1358928 op, 260731000.00 ns, 191.8652 ns/op
WorkloadActual  43: 1358928 op, 265846600.00 ns, 195.6296 ns/op
WorkloadActual  44: 1358928 op, 288185700.00 ns, 212.0684 ns/op
WorkloadActual  45: 1358928 op, 272458800.00 ns, 200.4954 ns/op
WorkloadActual  46: 1358928 op, 324032900.00 ns, 238.4474 ns/op
WorkloadActual  47: 1358928 op, 302791700.00 ns, 222.8166 ns/op
WorkloadActual  48: 1358928 op, 271894600.00 ns, 200.0802 ns/op
WorkloadActual  49: 1358928 op, 274192500.00 ns, 201.7712 ns/op
WorkloadActual  50: 1358928 op, 279240900.00 ns, 205.4862 ns/op
WorkloadActual  51: 1358928 op, 285116600.00 ns, 209.8099 ns/op
WorkloadActual  52: 1358928 op, 271419800.00 ns, 199.7308 ns/op
WorkloadActual  53: 1358928 op, 276108800.00 ns, 203.1813 ns/op
WorkloadActual  54: 1358928 op, 280579900.00 ns, 206.4715 ns/op
WorkloadActual  55: 1358928 op, 280895200.00 ns, 206.7035 ns/op
WorkloadActual  56: 1358928 op, 255727700.00 ns, 188.1834 ns/op
WorkloadActual  57: 1358928 op, 268356100.00 ns, 197.4763 ns/op
WorkloadActual  58: 1358928 op, 275894600.00 ns, 203.0237 ns/op
WorkloadActual  59: 1358928 op, 285510900.00 ns, 210.1001 ns/op
WorkloadActual  60: 1358928 op, 259234800.00 ns, 190.7642 ns/op
WorkloadActual  61: 1358928 op, 296537900.00 ns, 218.2146 ns/op
WorkloadActual  62: 1358928 op, 294500000.00 ns, 216.7149 ns/op
WorkloadActual  63: 1358928 op, 284549000.00 ns, 209.3923 ns/op
WorkloadActual  64: 1358928 op, 274691500.00 ns, 202.1384 ns/op
WorkloadActual  65: 1358928 op, 259380500.00 ns, 190.8714 ns/op
WorkloadActual  66: 1358928 op, 267837900.00 ns, 197.0950 ns/op
WorkloadActual  67: 1358928 op, 263306700.00 ns, 193.7606 ns/op
WorkloadActual  68: 1358928 op, 289734700.00 ns, 213.2083 ns/op
WorkloadActual  69: 1358928 op, 292092900.00 ns, 214.9436 ns/op
WorkloadActual  70: 1358928 op, 283427300.00 ns, 208.5668 ns/op
WorkloadActual  71: 1358928 op, 270028300.00 ns, 198.7068 ns/op
WorkloadActual  72: 1358928 op, 312482700.00 ns, 229.9479 ns/op
WorkloadActual  73: 1358928 op, 317464400.00 ns, 233.6138 ns/op
WorkloadActual  74: 1358928 op, 283505500.00 ns, 208.6244 ns/op
WorkloadActual  75: 1358928 op, 341774900.00 ns, 251.5033 ns/op
WorkloadActual  76: 1358928 op, 296469100.00 ns, 218.1639 ns/op
WorkloadActual  77: 1358928 op, 276078000.00 ns, 203.1587 ns/op
WorkloadActual  78: 1358928 op, 309712600.00 ns, 227.9095 ns/op
WorkloadActual  79: 1358928 op, 319987700.00 ns, 235.4707 ns/op
WorkloadActual  80: 1358928 op, 304340100.00 ns, 223.9560 ns/op
WorkloadActual  81: 1358928 op, 280774700.00 ns, 206.6148 ns/op
WorkloadActual  82: 1358928 op, 262497000.00 ns, 193.1648 ns/op
WorkloadActual  83: 1358928 op, 259348000.00 ns, 190.8475 ns/op
WorkloadActual  84: 1358928 op, 263251100.00 ns, 193.7197 ns/op
WorkloadActual  85: 1358928 op, 258675900.00 ns, 190.3529 ns/op
WorkloadActual  86: 1358928 op, 292902500.00 ns, 215.5394 ns/op
WorkloadActual  87: 1358928 op, 273565300.00 ns, 201.3096 ns/op
WorkloadActual  88: 1358928 op, 283292300.00 ns, 208.4675 ns/op
WorkloadActual  89: 1358928 op, 275709400.00 ns, 202.8874 ns/op
WorkloadActual  90: 1358928 op, 256858400.00 ns, 189.0155 ns/op
WorkloadActual  91: 1358928 op, 297443600.00 ns, 218.8811 ns/op
WorkloadActual  92: 1358928 op, 281958900.00 ns, 207.4863 ns/op
WorkloadActual  93: 1358928 op, 304017200.00 ns, 223.7184 ns/op
WorkloadActual  94: 1358928 op, 319898500.00 ns, 235.4050 ns/op
WorkloadActual  95: 1358928 op, 272734100.00 ns, 200.6980 ns/op
WorkloadActual  96: 1358928 op, 282296800.00 ns, 207.7349 ns/op
WorkloadActual  97: 1358928 op, 266210100.00 ns, 195.8971 ns/op
WorkloadActual  98: 1358928 op, 258538800.00 ns, 190.2520 ns/op
WorkloadActual  99: 1358928 op, 264499000.00 ns, 194.6380 ns/op
WorkloadActual  100: 1358928 op, 267466900.00 ns, 196.8220 ns/op

// AfterActualRun
WorkloadResult   1: 1358928 op, 251394000.00 ns, 184.9943 ns/op
WorkloadResult   2: 1358928 op, 253769800.00 ns, 186.7426 ns/op
WorkloadResult   3: 1358928 op, 260556100.00 ns, 191.7365 ns/op
WorkloadResult   4: 1358928 op, 253283900.00 ns, 186.3851 ns/op
WorkloadResult   5: 1358928 op, 258226800.00 ns, 190.0224 ns/op
WorkloadResult   6: 1358928 op, 250865100.00 ns, 184.6051 ns/op
WorkloadResult   7: 1358928 op, 259292300.00 ns, 190.8065 ns/op
WorkloadResult   8: 1358928 op, 254591700.00 ns, 187.3475 ns/op
WorkloadResult   9: 1358928 op, 254141500.00 ns, 187.0162 ns/op
WorkloadResult  10: 1358928 op, 264509500.00 ns, 194.6457 ns/op
WorkloadResult  11: 1358928 op, 291025400.00 ns, 214.1581 ns/op
WorkloadResult  12: 1358928 op, 273349100.00 ns, 201.1505 ns/op
WorkloadResult  13: 1358928 op, 255225900.00 ns, 187.8141 ns/op
WorkloadResult  14: 1358928 op, 254058600.00 ns, 186.9552 ns/op
WorkloadResult  15: 1358928 op, 264865400.00 ns, 194.9076 ns/op
WorkloadResult  16: 1358928 op, 336656100.00 ns, 247.7365 ns/op
WorkloadResult  17: 1358928 op, 323774500.00 ns, 238.2573 ns/op
WorkloadResult  18: 1358928 op, 260439100.00 ns, 191.6504 ns/op
WorkloadResult  19: 1358928 op, 269925300.00 ns, 198.6311 ns/op
WorkloadResult  20: 1358928 op, 282218900.00 ns, 207.6776 ns/op
WorkloadResult  21: 1358928 op, 261656400.00 ns, 192.5462 ns/op
WorkloadResult  22: 1358928 op, 271133300.00 ns, 199.5200 ns/op
WorkloadResult  23: 1358928 op, 267491400.00 ns, 196.8400 ns/op
WorkloadResult  24: 1358928 op, 271179200.00 ns, 199.5538 ns/op
WorkloadResult  25: 1358928 op, 284912800.00 ns, 209.6600 ns/op
WorkloadResult  26: 1358928 op, 282962500.00 ns, 208.2248 ns/op
WorkloadResult  27: 1358928 op, 330380600.00 ns, 243.1185 ns/op
WorkloadResult  28: 1358928 op, 325721900.00 ns, 239.6903 ns/op
WorkloadResult  29: 1358928 op, 306337900.00 ns, 225.4261 ns/op
WorkloadResult  30: 1358928 op, 326438900.00 ns, 240.2180 ns/op
WorkloadResult  31: 1358928 op, 303678500.00 ns, 223.4692 ns/op
WorkloadResult  32: 1358928 op, 295582500.00 ns, 217.5115 ns/op
WorkloadResult  33: 1358928 op, 285649100.00 ns, 210.2018 ns/op
WorkloadResult  34: 1358928 op, 305737500.00 ns, 224.9843 ns/op
WorkloadResult  35: 1358928 op, 283937200.00 ns, 208.9420 ns/op
WorkloadResult  36: 1358928 op, 271054000.00 ns, 199.4616 ns/op
WorkloadResult  37: 1358928 op, 259932600.00 ns, 191.2777 ns/op
WorkloadResult  38: 1358928 op, 261254900.00 ns, 192.2507 ns/op
WorkloadResult  39: 1358928 op, 257389200.00 ns, 189.4061 ns/op
WorkloadResult  40: 1358928 op, 262504800.00 ns, 193.1705 ns/op
WorkloadResult  41: 1358928 op, 284843900.00 ns, 209.6093 ns/op
WorkloadResult  42: 1358928 op, 269117000.00 ns, 198.0362 ns/op
WorkloadResult  43: 1358928 op, 320691100.00 ns, 235.9883 ns/op
WorkloadResult  44: 1358928 op, 299449900.00 ns, 220.3574 ns/op
WorkloadResult  45: 1358928 op, 268552800.00 ns, 197.6211 ns/op
WorkloadResult  46: 1358928 op, 270850700.00 ns, 199.3120 ns/op
WorkloadResult  47: 1358928 op, 275899100.00 ns, 203.0270 ns/op
WorkloadResult  48: 1358928 op, 281774800.00 ns, 207.3508 ns/op
WorkloadResult  49: 1358928 op, 268078000.00 ns, 197.2717 ns/op
WorkloadResult  50: 1358928 op, 272767000.00 ns, 200.7222 ns/op
WorkloadResult  51: 1358928 op, 277238100.00 ns, 204.0124 ns/op
WorkloadResult  52: 1358928 op, 277553400.00 ns, 204.2444 ns/op
WorkloadResult  53: 1358928 op, 252385900.00 ns, 185.7243 ns/op
WorkloadResult  54: 1358928 op, 265014300.00 ns, 195.0172 ns/op
WorkloadResult  55: 1358928 op, 272552800.00 ns, 200.5646 ns/op
WorkloadResult  56: 1358928 op, 282169100.00 ns, 207.6409 ns/op
WorkloadResult  57: 1358928 op, 255893000.00 ns, 188.3050 ns/op
WorkloadResult  58: 1358928 op, 293196100.00 ns, 215.7554 ns/op
WorkloadResult  59: 1358928 op, 291158200.00 ns, 214.2558 ns/op
WorkloadResult  60: 1358928 op, 281207200.00 ns, 206.9331 ns/op
WorkloadResult  61: 1358928 op, 271349700.00 ns, 199.6792 ns/op
WorkloadResult  62: 1358928 op, 256038700.00 ns, 188.4123 ns/op
WorkloadResult  63: 1358928 op, 264496100.00 ns, 194.6358 ns/op
WorkloadResult  64: 1358928 op, 259964900.00 ns, 191.3015 ns/op
WorkloadResult  65: 1358928 op, 286392900.00 ns, 210.7491 ns/op
WorkloadResult  66: 1358928 op, 288751100.00 ns, 212.4845 ns/op
WorkloadResult  67: 1358928 op, 280085500.00 ns, 206.1077 ns/op
WorkloadResult  68: 1358928 op, 266686500.00 ns, 196.2477 ns/op
WorkloadResult  69: 1358928 op, 309140900.00 ns, 227.4888 ns/op
WorkloadResult  70: 1358928 op, 314122600.00 ns, 231.1547 ns/op
WorkloadResult  71: 1358928 op, 280163700.00 ns, 206.1652 ns/op
WorkloadResult  72: 1358928 op, 293127300.00 ns, 215.7048 ns/op
WorkloadResult  73: 1358928 op, 272736200.00 ns, 200.6995 ns/op
WorkloadResult  74: 1358928 op, 306370800.00 ns, 225.4504 ns/op
WorkloadResult  75: 1358928 op, 316645900.00 ns, 233.0115 ns/op
WorkloadResult  76: 1358928 op, 300998300.00 ns, 221.4969 ns/op
WorkloadResult  77: 1358928 op, 277432900.00 ns, 204.1557 ns/op
WorkloadResult  78: 1358928 op, 259155200.00 ns, 190.7056 ns/op
WorkloadResult  79: 1358928 op, 256006200.00 ns, 188.3883 ns/op
WorkloadResult  80: 1358928 op, 259909300.00 ns, 191.2605 ns/op
WorkloadResult  81: 1358928 op, 255334100.00 ns, 187.8938 ns/op
WorkloadResult  82: 1358928 op, 289560700.00 ns, 213.0802 ns/op
WorkloadResult  83: 1358928 op, 270223500.00 ns, 198.8505 ns/op
WorkloadResult  84: 1358928 op, 279950500.00 ns, 206.0083 ns/op
WorkloadResult  85: 1358928 op, 272367600.00 ns, 200.4283 ns/op
WorkloadResult  86: 1358928 op, 253516600.00 ns, 186.5563 ns/op
WorkloadResult  87: 1358928 op, 294101800.00 ns, 216.4219 ns/op
WorkloadResult  88: 1358928 op, 278617100.00 ns, 205.0271 ns/op
WorkloadResult  89: 1358928 op, 300675400.00 ns, 221.2593 ns/op
WorkloadResult  90: 1358928 op, 316556700.00 ns, 232.9459 ns/op
WorkloadResult  91: 1358928 op, 269392300.00 ns, 198.2388 ns/op
WorkloadResult  92: 1358928 op, 278955000.00 ns, 205.2758 ns/op
WorkloadResult  93: 1358928 op, 262868300.00 ns, 193.4380 ns/op
WorkloadResult  94: 1358928 op, 255197000.00 ns, 187.7929 ns/op
WorkloadResult  95: 1358928 op, 261157200.00 ns, 192.1788 ns/op
WorkloadResult  96: 1358928 op, 264125100.00 ns, 194.3628 ns/op
// GC:  77 0 0 652285440 1358928
// Threading:  0 0 1358928

// AfterAll
// Benchmark Process 6248 has exited with code 0.

Mean = 204.433 ns, StdErr = 1.569 ns (0.77%), N = 96, StdDev = 15.378 ns
Min = 184.605 ns, Q1 = 192.068 ns, Median = 200.496 ns, Q3 = 212.633 ns, Max = 247.737 ns
IQR = 20.565 ns, LowerFence = 161.221 ns, UpperFence = 243.481 ns
ConfidenceInterval = [199.103 ns; 209.762 ns] (CI 99.9%), Margin = 5.330 ns (2.61% of Mean)
Skewness = 0.91, Kurtosis = 3.04, MValue = 2

// ** Remained 41 (48.2%) benchmark(s) to run. Estimated finish 2026-02-06 8:19 (0h 8m from now) **
Setup power plan (GUID: 8c5e7fda-e8bf-4a96-9a85-a6e23a8c635c FriendlyName: High performance)
// **************************
// Benchmark: Scenario1.D_SimpleResults_Result_Fail_ToString: .NET 10.0(Runtime=.NET 10.0, IterationTime=250ms) [Iterations=10]
// *** Execute ***
// Launch: 1 / 1
// Execute: dotnet Enumerations.Options.Benchmarks-1.dll --anonymousPipes 2384 2376 --benchmarkName "ReillyDigital.Enumerations.Options.Benchmarks.Scenarios.Scenario1.D_SimpleResults_Result_Fail_ToString(Iterations: 10)" --job ".NET 10.0" --benchmarkId 44 in D:\x\devs\reilly-digital\dotnet\enumerations.options.benchmarks\bin\Debug\net10.0\Enumerations.Options.Benchmarks-1\bin\Release\net10.0
// BeforeAnythingElse

// Benchmark Process Environment Information:
// BenchmarkDotNet v0.15.8
// Runtime=.NET 10.0.2 (10.0.2, 10.0.225.61305), X64 RyuJIT x86-64-v3
// GC=Concurrent Workstation
// HardwareIntrinsics=AVX2+BMI1+BMI2+F16C+FMA+LZCNT+MOVBE,AVX,SSE3+SSSE3+SSE4.1+SSE4.2+POPCNT,X86Base+SSE+SSE2,AES+PCLMUL VectorSize=256
// Job: .NET 10.0(IterationTime=250ms)

OverheadJitting  1: 1 op, 162600.00 ns, 162.6000 us/op
WorkloadJitting  1: 1 op, 10744200.00 ns, 10.7442 ms/op

OverheadJitting  2: 16 op, 191000.00 ns, 11.9375 us/op
WorkloadJitting  2: 16 op, 252800.00 ns, 15.8000 us/op

WorkloadPilot    1: 16 op, 7400.00 ns, 462.5000 ns/op
WorkloadPilot    2: 540544 op, 100589200.00 ns, 186.0888 ns/op
WorkloadPilot    3: 1343456 op, 209608800.00 ns, 156.0221 ns/op
WorkloadPilot    4: 1602352 op, 14743600.00 ns, 9.2012 ns/op
WorkloadPilot    5: 27170304 op, 241450000.00 ns, 8.8865 ns/op
WorkloadPilot    6: 28132448 op, 273152800.00 ns, 9.7095 ns/op
WorkloadPilot    7: 25747904 op, 282835000.00 ns, 10.9848 ns/op
WorkloadPilot    8: 22758768 op, 229028000.00 ns, 10.0633 ns/op
WorkloadPilot    9: 24842784 op, 248459500.00 ns, 10.0013 ns/op
WorkloadPilot   10: 24996816 op, 227870100.00 ns, 9.1160 ns/op
WorkloadPilot   11: 27424416 op, 252259300.00 ns, 9.1983 ns/op

OverheadWarmup   1: 27424416 op, 71570400.00 ns, 2.6097 ns/op
OverheadWarmup   2: 27424416 op, 79474800.00 ns, 2.8980 ns/op
OverheadWarmup   3: 27424416 op, 71513900.00 ns, 2.6077 ns/op
OverheadWarmup   4: 27424416 op, 41756400.00 ns, 1.5226 ns/op
OverheadWarmup   5: 27424416 op, 41824200.00 ns, 1.5251 ns/op
OverheadWarmup   6: 27424416 op, 43328300.00 ns, 1.5799 ns/op
OverheadWarmup   7: 27424416 op, 44871800.00 ns, 1.6362 ns/op
OverheadWarmup   8: 27424416 op, 50355800.00 ns, 1.8362 ns/op
OverheadWarmup   9: 27424416 op, 50002200.00 ns, 1.8233 ns/op

OverheadActual   1: 27424416 op, 43888600.00 ns, 1.6003 ns/op
OverheadActual   2: 27424416 op, 49020300.00 ns, 1.7875 ns/op
OverheadActual   3: 27424416 op, 47075200.00 ns, 1.7165 ns/op
OverheadActual   4: 27424416 op, 42581500.00 ns, 1.5527 ns/op
OverheadActual   5: 27424416 op, 46853400.00 ns, 1.7085 ns/op
OverheadActual   6: 27424416 op, 46259000.00 ns, 1.6868 ns/op
OverheadActual   7: 27424416 op, 45259100.00 ns, 1.6503 ns/op
OverheadActual   8: 27424416 op, 46738300.00 ns, 1.7043 ns/op
OverheadActual   9: 27424416 op, 44461600.00 ns, 1.6212 ns/op
OverheadActual  10: 27424416 op, 46450700.00 ns, 1.6938 ns/op
OverheadActual  11: 27424416 op, 48724200.00 ns, 1.7767 ns/op
OverheadActual  12: 27424416 op, 50798000.00 ns, 1.8523 ns/op
OverheadActual  13: 27424416 op, 49724600.00 ns, 1.8132 ns/op
OverheadActual  14: 27424416 op, 44254900.00 ns, 1.6137 ns/op
OverheadActual  15: 27424416 op, 44610700.00 ns, 1.6267 ns/op
OverheadActual  16: 27424416 op, 41750300.00 ns, 1.5224 ns/op
OverheadActual  17: 27424416 op, 42510600.00 ns, 1.5501 ns/op
OverheadActual  18: 27424416 op, 44345800.00 ns, 1.6170 ns/op
OverheadActual  19: 27424416 op, 42288400.00 ns, 1.5420 ns/op
OverheadActual  20: 27424416 op, 41867600.00 ns, 1.5267 ns/op

WorkloadWarmup   1: 27424416 op, 279739100.00 ns, 10.2004 ns/op
WorkloadWarmup   2: 27424416 op, 268687400.00 ns, 9.7974 ns/op
WorkloadWarmup   3: 27424416 op, 253326100.00 ns, 9.2372 ns/op
WorkloadWarmup   4: 27424416 op, 260596200.00 ns, 9.5023 ns/op
WorkloadWarmup   5: 27424416 op, 258881700.00 ns, 9.4398 ns/op
WorkloadWarmup   6: 27424416 op, 279482200.00 ns, 10.1910 ns/op
WorkloadWarmup   7: 27424416 op, 253504100.00 ns, 9.2437 ns/op

// BeforeActualRun
WorkloadActual   1: 27424416 op, 248732200.00 ns, 9.0697 ns/op
WorkloadActual   2: 27424416 op, 248825200.00 ns, 9.0731 ns/op
WorkloadActual   3: 27424416 op, 247906900.00 ns, 9.0396 ns/op
WorkloadActual   4: 27424416 op, 248202700.00 ns, 9.0504 ns/op
WorkloadActual   5: 27424416 op, 251135900.00 ns, 9.1574 ns/op
WorkloadActual   6: 27424416 op, 247079100.00 ns, 9.0095 ns/op
WorkloadActual   7: 27424416 op, 249081100.00 ns, 9.0825 ns/op
WorkloadActual   8: 27424416 op, 249888300.00 ns, 9.1119 ns/op
WorkloadActual   9: 27424416 op, 250944100.00 ns, 9.1504 ns/op
WorkloadActual  10: 27424416 op, 246488000.00 ns, 8.9879 ns/op
WorkloadActual  11: 27424416 op, 248536500.00 ns, 9.0626 ns/op
WorkloadActual  12: 27424416 op, 247674000.00 ns, 9.0311 ns/op
WorkloadActual  13: 27424416 op, 246815900.00 ns, 8.9999 ns/op
WorkloadActual  14: 27424416 op, 251126200.00 ns, 9.1570 ns/op
WorkloadActual  15: 27424416 op, 255769700.00 ns, 9.3263 ns/op

// AfterActualRun
WorkloadResult   1: 27424416 op, 203797300.00 ns, 7.4312 ns/op
WorkloadResult   2: 27424416 op, 203890300.00 ns, 7.4346 ns/op
WorkloadResult   3: 27424416 op, 202972000.00 ns, 7.4011 ns/op
WorkloadResult   4: 27424416 op, 203267800.00 ns, 7.4119 ns/op
WorkloadResult   5: 27424416 op, 206201000.00 ns, 7.5189 ns/op
WorkloadResult   6: 27424416 op, 202144200.00 ns, 7.3710 ns/op
WorkloadResult   7: 27424416 op, 204146200.00 ns, 7.4440 ns/op
WorkloadResult   8: 27424416 op, 204953400.00 ns, 7.4734 ns/op
WorkloadResult   9: 27424416 op, 206009200.00 ns, 7.5119 ns/op
WorkloadResult  10: 27424416 op, 201553100.00 ns, 7.3494 ns/op
WorkloadResult  11: 27424416 op, 203601600.00 ns, 7.4241 ns/op
WorkloadResult  12: 27424416 op, 202739100.00 ns, 7.3926 ns/op
WorkloadResult  13: 27424416 op, 201881000.00 ns, 7.3614 ns/op
WorkloadResult  14: 27424416 op, 206191300.00 ns, 7.5185 ns/op
// GC:  0 0 0 232 27424416
// Threading:  0 0 27424416

// AfterAll
// Benchmark Process 18160 has exited with code 0.

Mean = 7.432 ns, StdErr = 0.015 ns (0.20%), N = 14, StdDev = 0.057 ns
Min = 7.349 ns, Q1 = 7.395 ns, Median = 7.428 ns, Q3 = 7.466 ns, Max = 7.519 ns
IQR = 0.071 ns, LowerFence = 7.288 ns, UpperFence = 7.573 ns
ConfidenceInterval = [7.368 ns; 7.496 ns] (CI 99.9%), Margin = 0.064 ns (0.86% of Mean)
Skewness = 0.27, Kurtosis = 1.7, MValue = 2

// ** Remained 40 (47.1%) benchmark(s) to run. Estimated finish 2026-02-06 8:19 (0h 8m from now) **
Setup power plan (GUID: 8c5e7fda-e8bf-4a96-9a85-a6e23a8c635c FriendlyName: High performance)
// **************************
// Benchmark: Scenario1.C_ArdalisResult_Result_Fail_WithErrorMessage_ToString: .NET 10.0(Runtime=.NET 10.0, IterationTime=250ms) [Iterations=10]
// *** Execute ***
// Launch: 1 / 1
// Execute: dotnet Enumerations.Options.Benchmarks-1.dll --anonymousPipes 2356 2384 --benchmarkName "ReillyDigital.Enumerations.Options.Benchmarks.Scenarios.Scenario1.C_ArdalisResult_Result_Fail_WithErrorMessage_ToString(Iterations: 10)" --job ".NET 10.0" --benchmarkId 45 in D:\x\devs\reilly-digital\dotnet\enumerations.options.benchmarks\bin\Debug\net10.0\Enumerations.Options.Benchmarks-1\bin\Release\net10.0
// BeforeAnythingElse

// Benchmark Process Environment Information:
// BenchmarkDotNet v0.15.8
// Runtime=.NET 10.0.2 (10.0.2, 10.0.225.61305), X64 RyuJIT x86-64-v3
// GC=Concurrent Workstation
// HardwareIntrinsics=AVX2+BMI1+BMI2+F16C+FMA+LZCNT+MOVBE,AVX,SSE3+SSSE3+SSE4.1+SSE4.2+POPCNT,X86Base+SSE+SSE2,AES+PCLMUL VectorSize=256
// Job: .NET 10.0(IterationTime=250ms)

OverheadJitting  1: 1 op, 135400.00 ns, 135.4000 us/op
WorkloadJitting  1: 1 op, 13474300.00 ns, 13.4743 ms/op

OverheadJitting  2: 16 op, 406300.00 ns, 25.3938 us/op
WorkloadJitting  2: 16 op, 303500.00 ns, 18.9688 us/op

WorkloadPilot    1: 16 op, 10500.00 ns, 656.2500 ns/op
WorkloadPilot    2: 380960 op, 84251200.00 ns, 221.1550 ns/op
WorkloadPilot    3: 1130432 op, 238409100.00 ns, 210.9009 ns/op
WorkloadPilot    4: 1185392 op, 11062300.00 ns, 9.3322 ns/op
WorkloadPilot    5: 26789008 op, 265145800.00 ns, 9.8976 ns/op
WorkloadPilot    6: 25258752 op, 236658200.00 ns, 9.3694 ns/op
WorkloadPilot    7: 26682736 op, 251097700.00 ns, 9.4105 ns/op
WorkloadPilot    8: 26566096 op, 253668600.00 ns, 9.5486 ns/op

OverheadWarmup   1: 26566096 op, 69814400.00 ns, 2.6280 ns/op
OverheadWarmup   2: 26566096 op, 77415200.00 ns, 2.9141 ns/op
OverheadWarmup   3: 26566096 op, 65240300.00 ns, 2.4558 ns/op
OverheadWarmup   4: 26566096 op, 51392600.00 ns, 1.9345 ns/op
OverheadWarmup   5: 26566096 op, 46200100.00 ns, 1.7391 ns/op
OverheadWarmup   6: 26566096 op, 41752100.00 ns, 1.5716 ns/op
OverheadWarmup   7: 26566096 op, 46189700.00 ns, 1.7387 ns/op
OverheadWarmup   8: 26566096 op, 46806300.00 ns, 1.7619 ns/op
OverheadWarmup   9: 26566096 op, 48408400.00 ns, 1.8222 ns/op
OverheadWarmup  10: 26566096 op, 46161800.00 ns, 1.7376 ns/op

OverheadActual   1: 26566096 op, 49032100.00 ns, 1.8457 ns/op
OverheadActual   2: 26566096 op, 45157900.00 ns, 1.6998 ns/op
OverheadActual   3: 26566096 op, 48328600.00 ns, 1.8192 ns/op
OverheadActual   4: 26566096 op, 47548600.00 ns, 1.7898 ns/op
OverheadActual   5: 26566096 op, 47510200.00 ns, 1.7884 ns/op
OverheadActual   6: 26566096 op, 45729300.00 ns, 1.7213 ns/op
OverheadActual   7: 26566096 op, 42362300.00 ns, 1.5946 ns/op
OverheadActual   8: 26566096 op, 40310900.00 ns, 1.5174 ns/op
OverheadActual   9: 26566096 op, 40299500.00 ns, 1.5170 ns/op
OverheadActual  10: 26566096 op, 40498500.00 ns, 1.5244 ns/op
OverheadActual  11: 26566096 op, 43982600.00 ns, 1.6556 ns/op
OverheadActual  12: 26566096 op, 46731300.00 ns, 1.7591 ns/op
OverheadActual  13: 26566096 op, 43107800.00 ns, 1.6227 ns/op
OverheadActual  14: 26566096 op, 40177500.00 ns, 1.5124 ns/op
OverheadActual  15: 26566096 op, 40222700.00 ns, 1.5141 ns/op
OverheadActual  16: 26566096 op, 41315800.00 ns, 1.5552 ns/op
OverheadActual  17: 26566096 op, 40324100.00 ns, 1.5179 ns/op
OverheadActual  18: 26566096 op, 39815700.00 ns, 1.4987 ns/op
OverheadActual  19: 26566096 op, 41186100.00 ns, 1.5503 ns/op
OverheadActual  20: 26566096 op, 43315400.00 ns, 1.6305 ns/op

WorkloadWarmup   1: 26566096 op, 255000900.00 ns, 9.5987 ns/op
WorkloadWarmup   2: 26566096 op, 259431300.00 ns, 9.7655 ns/op
WorkloadWarmup   3: 26566096 op, 243653400.00 ns, 9.1716 ns/op
WorkloadWarmup   4: 26566096 op, 238705800.00 ns, 8.9854 ns/op
WorkloadWarmup   5: 26566096 op, 236860600.00 ns, 8.9159 ns/op
WorkloadWarmup   6: 26566096 op, 237392800.00 ns, 8.9359 ns/op
WorkloadWarmup   7: 26566096 op, 238595800.00 ns, 8.9812 ns/op
WorkloadWarmup   8: 26566096 op, 236992000.00 ns, 8.9208 ns/op

// BeforeActualRun
WorkloadActual   1: 26566096 op, 241403600.00 ns, 9.0869 ns/op
WorkloadActual   2: 26566096 op, 242517400.00 ns, 9.1288 ns/op
WorkloadActual   3: 26566096 op, 238363400.00 ns, 8.9725 ns/op
WorkloadActual   4: 26566096 op, 244132900.00 ns, 9.1896 ns/op
WorkloadActual   5: 26566096 op, 240163900.00 ns, 9.0402 ns/op
WorkloadActual   6: 26566096 op, 243922800.00 ns, 9.1817 ns/op
WorkloadActual   7: 26566096 op, 254224400.00 ns, 9.5695 ns/op
WorkloadActual   8: 26566096 op, 239996400.00 ns, 9.0339 ns/op
WorkloadActual   9: 26566096 op, 239271300.00 ns, 9.0066 ns/op
WorkloadActual  10: 26566096 op, 236171700.00 ns, 8.8900 ns/op
WorkloadActual  11: 26566096 op, 238369800.00 ns, 8.9727 ns/op
WorkloadActual  12: 26566096 op, 239753000.00 ns, 9.0248 ns/op
WorkloadActual  13: 26566096 op, 236796500.00 ns, 8.9135 ns/op
WorkloadActual  14: 26566096 op, 240002700.00 ns, 9.0342 ns/op
WorkloadActual  15: 26566096 op, 238614500.00 ns, 8.9819 ns/op

// AfterActualRun
WorkloadResult   1: 26566096 op, 198668550.00 ns, 7.4783 ns/op
WorkloadResult   2: 26566096 op, 199782350.00 ns, 7.5202 ns/op
WorkloadResult   3: 26566096 op, 195628350.00 ns, 7.3638 ns/op
WorkloadResult   4: 26566096 op, 201397850.00 ns, 7.5810 ns/op
WorkloadResult   5: 26566096 op, 197428850.00 ns, 7.4316 ns/op
WorkloadResult   6: 26566096 op, 201187750.00 ns, 7.5731 ns/op
WorkloadResult   7: 26566096 op, 197261350.00 ns, 7.4253 ns/op
WorkloadResult   8: 26566096 op, 196536250.00 ns, 7.3980 ns/op
WorkloadResult   9: 26566096 op, 193436650.00 ns, 7.2813 ns/op
WorkloadResult  10: 26566096 op, 195634750.00 ns, 7.3641 ns/op
WorkloadResult  11: 26566096 op, 197017950.00 ns, 7.4161 ns/op
WorkloadResult  12: 26566096 op, 194061450.00 ns, 7.3049 ns/op
WorkloadResult  13: 26566096 op, 197267650.00 ns, 7.4255 ns/op
WorkloadResult  14: 26566096 op, 195879450.00 ns, 7.3733 ns/op
// GC:  0 0 0 232 26566096
// Threading:  0 0 26566096

// AfterAll
// Benchmark Process 23232 has exited with code 0.

Mean = 7.424 ns, StdErr = 0.024 ns (0.32%), N = 14, StdDev = 0.090 ns
Min = 7.281 ns, Q1 = 7.366 ns, Median = 7.421 ns, Q3 = 7.467 ns, Max = 7.581 ns
IQR = 0.100 ns, LowerFence = 7.216 ns, UpperFence = 7.617 ns
ConfidenceInterval = [7.323 ns; 7.525 ns] (CI 99.9%), Margin = 0.101 ns (1.36% of Mean)
Skewness = 0.3, Kurtosis = 2.05, MValue = 2

// ** Remained 39 (45.9%) benchmark(s) to run. Estimated finish 2026-02-06 8:19 (0h 8m from now) **
Setup power plan (GUID: 8c5e7fda-e8bf-4a96-9a85-a6e23a8c635c FriendlyName: High performance)
// **************************
// Benchmark: Scenario1.A_EnumerationsOptions_Result_Fail_WithErrorMessage_ToString: .NET 10.0(Runtime=.NET 10.0, IterationTime=250ms) [Iterations=10]
// *** Execute ***
// Launch: 1 / 1
// Execute: dotnet Enumerations.Options.Benchmarks-1.dll --anonymousPipes 2432 2408 --benchmarkName "ReillyDigital.Enumerations.Options.Benchmarks.Scenarios.Scenario1.A_EnumerationsOptions_Result_Fail_WithErrorMessage_ToString(Iterations: 10)" --job ".NET 10.0" --benchmarkId 46 in D:\x\devs\reilly-digital\dotnet\enumerations.options.benchmarks\bin\Debug\net10.0\Enumerations.Options.Benchmarks-1\bin\Release\net10.0
// BeforeAnythingElse

// Benchmark Process Environment Information:
// BenchmarkDotNet v0.15.8
// Runtime=.NET 10.0.2 (10.0.2, 10.0.225.61305), X64 RyuJIT x86-64-v3
// GC=Concurrent Workstation
// HardwareIntrinsics=AVX2+BMI1+BMI2+F16C+FMA+LZCNT+MOVBE,AVX,SSE3+SSSE3+SSE4.1+SSE4.2+POPCNT,X86Base+SSE+SSE2,AES+PCLMUL VectorSize=256
// Job: .NET 10.0(IterationTime=250ms)

OverheadJitting  1: 1 op, 115600.00 ns, 115.6000 us/op
WorkloadJitting  1: 1 op, 11902000.00 ns, 11.9020 ms/op

OverheadJitting  2: 16 op, 183300.00 ns, 11.4563 us/op
WorkloadJitting  2: 16 op, 189100.00 ns, 11.8188 us/op

WorkloadPilot    1: 16 op, 47300.00 ns, 2.9563 us/op
WorkloadPilot    2: 84576 op, 203643100.00 ns, 2.4078 us/op
WorkloadPilot    3: 103840 op, 118785400.00 ns, 1.1439 us/op
WorkloadPilot    4: 218560 op, 199924100.00 ns, 914.7333 ns/op
WorkloadPilot    5: 273312 op, 243731100.00 ns, 891.7687 ns/op
WorkloadPilot    6: 280352 op, 241467100.00 ns, 861.2997 ns/op
WorkloadPilot    7: 290272 op, 247648700.00 ns, 853.1608 ns/op
WorkloadPilot    8: 293040 op, 259664400.00 ns, 886.1057 ns/op
WorkloadPilot    9: 282144 op, 257813400.00 ns, 913.7653 ns/op
WorkloadPilot   10: 273600 op, 235206900.00 ns, 859.6743 ns/op
WorkloadPilot   11: 290816 op, 249221500.00 ns, 856.9731 ns/op
WorkloadPilot   12: 291728 op, 249260500.00 ns, 854.4278 ns/op
WorkloadPilot   13: 292608 op, 266194300.00 ns, 909.7301 ns/op

OverheadWarmup   1: 292608 op, 755200.00 ns, 2.5809 ns/op
OverheadWarmup   2: 292608 op, 718500.00 ns, 2.4555 ns/op
OverheadWarmup   3: 292608 op, 736700.00 ns, 2.5177 ns/op
OverheadWarmup   4: 292608 op, 734000.00 ns, 2.5085 ns/op
OverheadWarmup   5: 292608 op, 736100.00 ns, 2.5157 ns/op
OverheadWarmup   6: 292608 op, 725200.00 ns, 2.4784 ns/op

OverheadActual   1: 292608 op, 738600.00 ns, 2.5242 ns/op
OverheadActual   2: 292608 op, 741100.00 ns, 2.5327 ns/op
OverheadActual   3: 292608 op, 721700.00 ns, 2.4664 ns/op
OverheadActual   4: 292608 op, 709800.00 ns, 2.4258 ns/op
OverheadActual   5: 292608 op, 728000.00 ns, 2.4880 ns/op
OverheadActual   6: 292608 op, 714600.00 ns, 2.4422 ns/op
OverheadActual   7: 292608 op, 721500.00 ns, 2.4658 ns/op
OverheadActual   8: 292608 op, 700800.00 ns, 2.3950 ns/op
OverheadActual   9: 292608 op, 718800.00 ns, 2.4565 ns/op
OverheadActual  10: 292608 op, 736000.00 ns, 2.5153 ns/op
OverheadActual  11: 292608 op, 712600.00 ns, 2.4353 ns/op
OverheadActual  12: 292608 op, 728300.00 ns, 2.4890 ns/op
OverheadActual  13: 292608 op, 731400.00 ns, 2.4996 ns/op
OverheadActual  14: 292608 op, 731800.00 ns, 2.5010 ns/op
OverheadActual  15: 292608 op, 725300.00 ns, 2.4787 ns/op

WorkloadWarmup   1: 292608 op, 268029200.00 ns, 916.0009 ns/op
WorkloadWarmup   2: 292608 op, 265486200.00 ns, 907.3101 ns/op
WorkloadWarmup   3: 292608 op, 252712000.00 ns, 863.6538 ns/op
WorkloadWarmup   4: 292608 op, 255463300.00 ns, 873.0564 ns/op
WorkloadWarmup   5: 292608 op, 252166900.00 ns, 861.7909 ns/op
WorkloadWarmup   6: 292608 op, 253574500.00 ns, 866.6014 ns/op
WorkloadWarmup   7: 292608 op, 263285100.00 ns, 899.7878 ns/op
WorkloadWarmup   8: 292608 op, 270160500.00 ns, 923.2847 ns/op
WorkloadWarmup   9: 292608 op, 253852200.00 ns, 867.5504 ns/op

// BeforeActualRun
WorkloadActual   1: 292608 op, 256038000.00 ns, 875.0205 ns/op
WorkloadActual   2: 292608 op, 257828200.00 ns, 881.1386 ns/op
WorkloadActual   3: 292608 op, 257586400.00 ns, 880.3122 ns/op
WorkloadActual   4: 292608 op, 260587700.00 ns, 890.5693 ns/op
WorkloadActual   5: 292608 op, 271619700.00 ns, 928.2716 ns/op
WorkloadActual   6: 292608 op, 268799500.00 ns, 918.6335 ns/op
WorkloadActual   7: 292608 op, 260537000.00 ns, 890.3960 ns/op
WorkloadActual   8: 292608 op, 262841800.00 ns, 898.2728 ns/op
WorkloadActual   9: 292608 op, 259163000.00 ns, 885.7003 ns/op
WorkloadActual  10: 292608 op, 256606600.00 ns, 876.9637 ns/op
WorkloadActual  11: 292608 op, 256456600.00 ns, 876.4511 ns/op
WorkloadActual  12: 292608 op, 253827900.00 ns, 867.4674 ns/op
WorkloadActual  13: 292608 op, 256069100.00 ns, 875.1268 ns/op
WorkloadActual  14: 292608 op, 255495400.00 ns, 873.1661 ns/op
WorkloadActual  15: 292608 op, 267384100.00 ns, 913.7963 ns/op

// AfterActualRun
WorkloadResult   1: 292608 op, 255312700.00 ns, 872.5418 ns/op
WorkloadResult   2: 292608 op, 257102900.00 ns, 878.6598 ns/op
WorkloadResult   3: 292608 op, 256861100.00 ns, 877.8335 ns/op
WorkloadResult   4: 292608 op, 259862400.00 ns, 888.0906 ns/op
WorkloadResult   5: 292608 op, 268074200.00 ns, 916.1547 ns/op
WorkloadResult   6: 292608 op, 259811700.00 ns, 887.9173 ns/op
WorkloadResult   7: 292608 op, 262116500.00 ns, 895.7940 ns/op
WorkloadResult   8: 292608 op, 258437700.00 ns, 883.2216 ns/op
WorkloadResult   9: 292608 op, 255881300.00 ns, 874.4850 ns/op
WorkloadResult  10: 292608 op, 255731300.00 ns, 873.9723 ns/op
WorkloadResult  11: 292608 op, 253102600.00 ns, 864.9887 ns/op
WorkloadResult  12: 292608 op, 255343800.00 ns, 872.6480 ns/op
WorkloadResult  13: 292608 op, 254770100.00 ns, 870.6874 ns/op
WorkloadResult  14: 292608 op, 266658800.00 ns, 911.3175 ns/op
// GC:  39 0 0 327729920 292608
// Threading:  0 0 292608

// AfterAll
// Benchmark Process 8704 has exited with code 0.

Mean = 883.451 ns, StdErr = 4.063 ns (0.46%), N = 14, StdDev = 15.202 ns
Min = 864.989 ns, Q1 = 872.979 ns, Median = 878.247 ns, Q3 = 888.047 ns, Max = 916.155 ns
IQR = 15.068 ns, LowerFence = 850.377 ns, UpperFence = 910.649 ns
ConfidenceInterval = [866.302 ns; 900.599 ns] (CI 99.9%), Margin = 17.148 ns (1.94% of Mean)
Skewness = 0.93, Kurtosis = 2.62, MValue = 2

// ** Remained 38 (44.7%) benchmark(s) to run. Estimated finish 2026-02-06 8:19 (0h 8m from now) **
Setup power plan (GUID: 8c5e7fda-e8bf-4a96-9a85-a6e23a8c635c FriendlyName: High performance)
// **************************
// Benchmark: Scenario1.B_FluentResults_Result_Fail_WithErrorMessage_ToString: .NET 10.0(Runtime=.NET 10.0, IterationTime=250ms) [Iterations=10]
// *** Execute ***
// Launch: 1 / 1
// Execute: dotnet Enumerations.Options.Benchmarks-1.dll --anonymousPipes 2296 2144 --benchmarkName "ReillyDigital.Enumerations.Options.Benchmarks.Scenarios.Scenario1.B_FluentResults_Result_Fail_WithErrorMessage_ToString(Iterations: 10)" --job ".NET 10.0" --benchmarkId 47 in D:\x\devs\reilly-digital\dotnet\enumerations.options.benchmarks\bin\Debug\net10.0\Enumerations.Options.Benchmarks-1\bin\Release\net10.0
// BeforeAnythingElse

// Benchmark Process Environment Information:
// BenchmarkDotNet v0.15.8
// Runtime=.NET 10.0.2 (10.0.2, 10.0.225.61305), X64 RyuJIT x86-64-v3
// GC=Concurrent Workstation
// HardwareIntrinsics=AVX2+BMI1+BMI2+F16C+FMA+LZCNT+MOVBE,AVX,SSE3+SSSE3+SSE4.1+SSE4.2+POPCNT,X86Base+SSE+SSE2,AES+PCLMUL VectorSize=256
// Job: .NET 10.0(IterationTime=250ms)

OverheadJitting  1: 1 op, 109800.00 ns, 109.8000 us/op
WorkloadJitting  1: 1 op, 14518100.00 ns, 14.5181 ms/op

OverheadJitting  2: 16 op, 155500.00 ns, 9.7188 us/op
WorkloadJitting  2: 16 op, 352500.00 ns, 22.0313 us/op

WorkloadPilot    1: 16 op, 199700.00 ns, 12.4813 us/op
WorkloadPilot    2: 20032 op, 139021100.00 ns, 6.9400 us/op
WorkloadPilot    3: 36032 op, 145832800.00 ns, 4.0473 us/op
WorkloadPilot    4: 61776 op, 140650200.00 ns, 2.2768 us/op
WorkloadPilot    5: 109808 op, 245014800.00 ns, 2.2313 us/op
WorkloadPilot    6: 112048 op, 248131600.00 ns, 2.2145 us/op
WorkloadPilot    7: 112896 op, 252083300.00 ns, 2.2329 us/op
WorkloadPilot    8: 111968 op, 263691800.00 ns, 2.3551 us/op
WorkloadPilot    9: 106160 op, 269586300.00 ns, 2.5394 us/op

OverheadWarmup   1: 106160 op, 264500.00 ns, 2.4915 ns/op
OverheadWarmup   2: 106160 op, 257000.00 ns, 2.4209 ns/op
OverheadWarmup   3: 106160 op, 268500.00 ns, 2.5292 ns/op
OverheadWarmup   4: 106160 op, 258800.00 ns, 2.4378 ns/op
OverheadWarmup   5: 106160 op, 263200.00 ns, 2.4793 ns/op
OverheadWarmup   6: 106160 op, 235900.00 ns, 2.2221 ns/op

OverheadActual   1: 106160 op, 254800.00 ns, 2.4002 ns/op
OverheadActual   2: 106160 op, 242600.00 ns, 2.2852 ns/op
OverheadActual   3: 106160 op, 262500.00 ns, 2.4727 ns/op
OverheadActual   4: 106160 op, 253700.00 ns, 2.3898 ns/op
OverheadActual   5: 106160 op, 238200.00 ns, 2.2438 ns/op
OverheadActual   6: 106160 op, 270800.00 ns, 2.5509 ns/op
OverheadActual   7: 106160 op, 259200.00 ns, 2.4416 ns/op
OverheadActual   8: 106160 op, 253100.00 ns, 2.3841 ns/op
OverheadActual   9: 106160 op, 289000.00 ns, 2.7223 ns/op
OverheadActual  10: 106160 op, 262800.00 ns, 2.4755 ns/op
OverheadActual  11: 106160 op, 267400.00 ns, 2.5188 ns/op
OverheadActual  12: 106160 op, 250600.00 ns, 2.3606 ns/op
OverheadActual  13: 106160 op, 260300.00 ns, 2.4520 ns/op
OverheadActual  14: 106160 op, 263400.00 ns, 2.4812 ns/op
OverheadActual  15: 106160 op, 253500.00 ns, 2.3879 ns/op

WorkloadWarmup   1: 106160 op, 265373800.00 ns, 2.4998 us/op
WorkloadWarmup   2: 106160 op, 241426600.00 ns, 2.2742 us/op
WorkloadWarmup   3: 106160 op, 257537500.00 ns, 2.4259 us/op
WorkloadWarmup   4: 106160 op, 238657500.00 ns, 2.2481 us/op
WorkloadWarmup   5: 106160 op, 243001000.00 ns, 2.2890 us/op
WorkloadWarmup   6: 106160 op, 242619800.00 ns, 2.2854 us/op

// BeforeActualRun
WorkloadActual   1: 106160 op, 242997900.00 ns, 2.2890 us/op
WorkloadActual   2: 106160 op, 264704000.00 ns, 2.4934 us/op
WorkloadActual   3: 106160 op, 263574900.00 ns, 2.4828 us/op
WorkloadActual   4: 106160 op, 300475500.00 ns, 2.8304 us/op
WorkloadActual   5: 106160 op, 272352000.00 ns, 2.5655 us/op
WorkloadActual   6: 106160 op, 266126600.00 ns, 2.5068 us/op
WorkloadActual   7: 106160 op, 258016700.00 ns, 2.4305 us/op
WorkloadActual   8: 106160 op, 258195300.00 ns, 2.4321 us/op
WorkloadActual   9: 106160 op, 255528500.00 ns, 2.4070 us/op
WorkloadActual  10: 106160 op, 258669400.00 ns, 2.4366 us/op
WorkloadActual  11: 106160 op, 259231200.00 ns, 2.4419 us/op
WorkloadActual  12: 106160 op, 254590800.00 ns, 2.3982 us/op
WorkloadActual  13: 106160 op, 254477000.00 ns, 2.3971 us/op
WorkloadActual  14: 106160 op, 273933400.00 ns, 2.5804 us/op
WorkloadActual  15: 106160 op, 260140100.00 ns, 2.4505 us/op
WorkloadActual  16: 106160 op, 260832900.00 ns, 2.4570 us/op
WorkloadActual  17: 106160 op, 259129100.00 ns, 2.4409 us/op
WorkloadActual  18: 106160 op, 244350100.00 ns, 2.3017 us/op
WorkloadActual  19: 106160 op, 247424900.00 ns, 2.3307 us/op
WorkloadActual  20: 106160 op, 239605900.00 ns, 2.2570 us/op
WorkloadActual  21: 106160 op, 243864700.00 ns, 2.2971 us/op
WorkloadActual  22: 106160 op, 242528200.00 ns, 2.2846 us/op
WorkloadActual  23: 106160 op, 241268000.00 ns, 2.2727 us/op
WorkloadActual  24: 106160 op, 242786100.00 ns, 2.2870 us/op
WorkloadActual  25: 106160 op, 246925900.00 ns, 2.3260 us/op
WorkloadActual  26: 106160 op, 238196700.00 ns, 2.2438 us/op
WorkloadActual  27: 106160 op, 243977700.00 ns, 2.2982 us/op
WorkloadActual  28: 106160 op, 243897000.00 ns, 2.2974 us/op
WorkloadActual  29: 106160 op, 264195000.00 ns, 2.4886 us/op
WorkloadActual  30: 106160 op, 247537700.00 ns, 2.3317 us/op
WorkloadActual  31: 106160 op, 243512500.00 ns, 2.2938 us/op
WorkloadActual  32: 106160 op, 237652800.00 ns, 2.2386 us/op
WorkloadActual  33: 106160 op, 250139100.00 ns, 2.3562 us/op
WorkloadActual  34: 106160 op, 264951600.00 ns, 2.4958 us/op
WorkloadActual  35: 106160 op, 244846600.00 ns, 2.3064 us/op
WorkloadActual  36: 106160 op, 252771000.00 ns, 2.3810 us/op
WorkloadActual  37: 106160 op, 251787200.00 ns, 2.3718 us/op
WorkloadActual  38: 106160 op, 245549100.00 ns, 2.3130 us/op
WorkloadActual  39: 106160 op, 254661400.00 ns, 2.3988 us/op
WorkloadActual  40: 106160 op, 242305000.00 ns, 2.2825 us/op
WorkloadActual  41: 106160 op, 242863500.00 ns, 2.2877 us/op
WorkloadActual  42: 106160 op, 240790300.00 ns, 2.2682 us/op
WorkloadActual  43: 106160 op, 249912600.00 ns, 2.3541 us/op
WorkloadActual  44: 106160 op, 243773300.00 ns, 2.2963 us/op
WorkloadActual  45: 106160 op, 244847400.00 ns, 2.3064 us/op
WorkloadActual  46: 106160 op, 243941600.00 ns, 2.2979 us/op

// AfterActualRun
WorkloadResult   1: 106160 op, 242738700.00 ns, 2.2865 us/op
WorkloadResult   2: 106160 op, 264444800.00 ns, 2.4910 us/op
WorkloadResult   3: 106160 op, 263315700.00 ns, 2.4804 us/op
WorkloadResult   4: 106160 op, 272092800.00 ns, 2.5630 us/op
WorkloadResult   5: 106160 op, 265867400.00 ns, 2.5044 us/op
WorkloadResult   6: 106160 op, 257757500.00 ns, 2.4280 us/op
WorkloadResult   7: 106160 op, 257936100.00 ns, 2.4297 us/op
WorkloadResult   8: 106160 op, 255269300.00 ns, 2.4046 us/op
WorkloadResult   9: 106160 op, 258410200.00 ns, 2.4342 us/op
WorkloadResult  10: 106160 op, 258972000.00 ns, 2.4394 us/op
WorkloadResult  11: 106160 op, 254331600.00 ns, 2.3957 us/op
WorkloadResult  12: 106160 op, 254217800.00 ns, 2.3947 us/op
WorkloadResult  13: 106160 op, 273674200.00 ns, 2.5779 us/op
WorkloadResult  14: 106160 op, 259880900.00 ns, 2.4480 us/op
WorkloadResult  15: 106160 op, 260573700.00 ns, 2.4545 us/op
WorkloadResult  16: 106160 op, 258869900.00 ns, 2.4385 us/op
WorkloadResult  17: 106160 op, 244090900.00 ns, 2.2993 us/op
WorkloadResult  18: 106160 op, 247165700.00 ns, 2.3282 us/op
WorkloadResult  19: 106160 op, 239346700.00 ns, 2.2546 us/op
WorkloadResult  20: 106160 op, 243605500.00 ns, 2.2947 us/op
WorkloadResult  21: 106160 op, 242269000.00 ns, 2.2821 us/op
WorkloadResult  22: 106160 op, 241008800.00 ns, 2.2702 us/op
WorkloadResult  23: 106160 op, 242526900.00 ns, 2.2845 us/op
WorkloadResult  24: 106160 op, 246666700.00 ns, 2.3235 us/op
WorkloadResult  25: 106160 op, 237937500.00 ns, 2.2413 us/op
WorkloadResult  26: 106160 op, 243718500.00 ns, 2.2958 us/op
WorkloadResult  27: 106160 op, 243637800.00 ns, 2.2950 us/op
WorkloadResult  28: 106160 op, 263935800.00 ns, 2.4862 us/op
WorkloadResult  29: 106160 op, 247278500.00 ns, 2.3293 us/op
WorkloadResult  30: 106160 op, 243253300.00 ns, 2.2914 us/op
WorkloadResult  31: 106160 op, 237393600.00 ns, 2.2362 us/op
WorkloadResult  32: 106160 op, 249879900.00 ns, 2.3538 us/op
WorkloadResult  33: 106160 op, 264692400.00 ns, 2.4933 us/op
WorkloadResult  34: 106160 op, 244587400.00 ns, 2.3040 us/op
WorkloadResult  35: 106160 op, 252511800.00 ns, 2.3786 us/op
WorkloadResult  36: 106160 op, 251528000.00 ns, 2.3693 us/op
WorkloadResult  37: 106160 op, 245289900.00 ns, 2.3106 us/op
WorkloadResult  38: 106160 op, 254402200.00 ns, 2.3964 us/op
WorkloadResult  39: 106160 op, 242045800.00 ns, 2.2800 us/op
WorkloadResult  40: 106160 op, 242604300.00 ns, 2.2853 us/op
WorkloadResult  41: 106160 op, 240531100.00 ns, 2.2657 us/op
WorkloadResult  42: 106160 op, 249653400.00 ns, 2.3517 us/op
WorkloadResult  43: 106160 op, 243514100.00 ns, 2.2938 us/op
WorkloadResult  44: 106160 op, 244588200.00 ns, 2.3040 us/op
WorkloadResult  45: 106160 op, 243682400.00 ns, 2.2954 us/op
// GC:  115 0 0 968202400 106160
// Threading:  0 0 106160

// AfterAll
// Benchmark Process 23540 has exited with code 0.

Mean = 2.364 μs, StdErr = 0.013 μs (0.56%), N = 45, StdDev = 0.090 μs
Min = 2.236 μs, Q1 = 2.294 μs, Median = 2.329 μs, Q3 = 2.434 μs, Max = 2.578 μs
IQR = 0.140 μs, LowerFence = 2.083 μs, UpperFence = 2.645 μs
ConfidenceInterval = [2.317 μs; 2.411 μs] (CI 99.9%), Margin = 0.047 μs (1.99% of Mean)
Skewness = 0.59, Kurtosis = 2.24, MValue = 2.7

// ** Remained 37 (43.5%) benchmark(s) to run. Estimated finish 2026-02-06 8:19 (0h 7m from now) **
Setup power plan (GUID: 8c5e7fda-e8bf-4a96-9a85-a6e23a8c635c FriendlyName: High performance)
// **************************
// Benchmark: Scenario1.E_Rascal_Result_Fail_WithErrorMessage_ToString: .NET 10.0(Runtime=.NET 10.0, IterationTime=250ms) [Iterations=10]
// *** Execute ***
// Launch: 1 / 1
// Execute: dotnet Enumerations.Options.Benchmarks-1.dll --anonymousPipes 2348 2408 --benchmarkName "ReillyDigital.Enumerations.Options.Benchmarks.Scenarios.Scenario1.E_Rascal_Result_Fail_WithErrorMessage_ToString(Iterations: 10)" --job ".NET 10.0" --benchmarkId 48 in D:\x\devs\reilly-digital\dotnet\enumerations.options.benchmarks\bin\Debug\net10.0\Enumerations.Options.Benchmarks-1\bin\Release\net10.0
// BeforeAnythingElse

// Benchmark Process Environment Information:
// BenchmarkDotNet v0.15.8
// Runtime=.NET 10.0.2 (10.0.2, 10.0.225.61305), X64 RyuJIT x86-64-v3
// GC=Concurrent Workstation
// HardwareIntrinsics=AVX2+BMI1+BMI2+F16C+FMA+LZCNT+MOVBE,AVX,SSE3+SSSE3+SSE4.1+SSE4.2+POPCNT,X86Base+SSE+SSE2,AES+PCLMUL VectorSize=256
// Job: .NET 10.0(IterationTime=250ms)

OverheadJitting  1: 1 op, 150700.00 ns, 150.7000 us/op
WorkloadJitting  1: 1 op, 12262400.00 ns, 12.2624 ms/op

OverheadJitting  2: 16 op, 186100.00 ns, 11.6313 us/op
WorkloadJitting  2: 16 op, 312800.00 ns, 19.5500 us/op

WorkloadPilot    1: 16 op, 26700.00 ns, 1.6688 us/op
WorkloadPilot    2: 149824 op, 139493700.00 ns, 931.0504 ns/op
WorkloadPilot    3: 268528 op, 133755200.00 ns, 498.1052 ns/op
WorkloadPilot    4: 501904 op, 115787500.00 ns, 230.6965 ns/op
WorkloadPilot    5: 1083680 op, 255771300.00 ns, 236.0211 ns/op
WorkloadPilot    6: 1059232 op, 248682500.00 ns, 234.7762 ns/op
WorkloadPilot    7: 1064848 op, 243918500.00 ns, 229.0641 ns/op
WorkloadPilot    8: 1091408 op, 267698300.00 ns, 245.2779 ns/op
WorkloadPilot    9: 1019264 op, 249891900.00 ns, 245.1690 ns/op
WorkloadPilot   10: 1019712 op, 245373900.00 ns, 240.6306 ns/op
WorkloadPilot   11: 1038944 op, 231369200.00 ns, 222.6965 ns/op
WorkloadPilot   12: 1122608 op, 254870600.00 ns, 227.0344 ns/op

OverheadWarmup   1: 1122608 op, 2789500.00 ns, 2.4848 ns/op
OverheadWarmup   2: 1122608 op, 2776400.00 ns, 2.4732 ns/op
OverheadWarmup   3: 1122608 op, 2790300.00 ns, 2.4856 ns/op
OverheadWarmup   4: 1122608 op, 2753300.00 ns, 2.4526 ns/op
OverheadWarmup   5: 1122608 op, 3222000.00 ns, 2.8701 ns/op
OverheadWarmup   6: 1122608 op, 2786300.00 ns, 2.4820 ns/op

OverheadActual   1: 1122608 op, 3131200.00 ns, 2.7892 ns/op
OverheadActual   2: 1122608 op, 2846500.00 ns, 2.5356 ns/op
OverheadActual   3: 1122608 op, 3013400.00 ns, 2.6843 ns/op
OverheadActual   4: 1122608 op, 3075000.00 ns, 2.7392 ns/op
OverheadActual   5: 1122608 op, 3088400.00 ns, 2.7511 ns/op
OverheadActual   6: 1122608 op, 2810500.00 ns, 2.5035 ns/op
OverheadActual   7: 1122608 op, 2745400.00 ns, 2.4456 ns/op
OverheadActual   8: 1122608 op, 2803800.00 ns, 2.4976 ns/op
OverheadActual   9: 1122608 op, 3107500.00 ns, 2.7681 ns/op
OverheadActual  10: 1122608 op, 2786000.00 ns, 2.4817 ns/op
OverheadActual  11: 1122608 op, 2745700.00 ns, 2.4458 ns/op
OverheadActual  12: 1122608 op, 3417600.00 ns, 3.0443 ns/op
OverheadActual  13: 1122608 op, 2772000.00 ns, 2.4693 ns/op
OverheadActual  14: 1122608 op, 2889200.00 ns, 2.5736 ns/op
OverheadActual  15: 1122608 op, 3005700.00 ns, 2.6774 ns/op
OverheadActual  16: 1122608 op, 3101000.00 ns, 2.7623 ns/op
OverheadActual  17: 1122608 op, 3128100.00 ns, 2.7865 ns/op
OverheadActual  18: 1122608 op, 2843500.00 ns, 2.5329 ns/op
OverheadActual  19: 1122608 op, 3152500.00 ns, 2.8082 ns/op
OverheadActual  20: 1122608 op, 3022100.00 ns, 2.6920 ns/op

WorkloadWarmup   1: 1122608 op, 277809900.00 ns, 247.4683 ns/op
WorkloadWarmup   2: 1122608 op, 260759900.00 ns, 232.2805 ns/op
WorkloadWarmup   3: 1122608 op, 247673400.00 ns, 220.6232 ns/op
WorkloadWarmup   4: 1122608 op, 249239600.00 ns, 222.0184 ns/op
WorkloadWarmup   5: 1122608 op, 262905000.00 ns, 234.1913 ns/op
WorkloadWarmup   6: 1122608 op, 257366800.00 ns, 229.2579 ns/op
WorkloadWarmup   7: 1122608 op, 260377000.00 ns, 231.9394 ns/op
WorkloadWarmup   8: 1122608 op, 255904700.00 ns, 227.9555 ns/op

// BeforeActualRun
WorkloadActual   1: 1122608 op, 258473400.00 ns, 230.2437 ns/op
WorkloadActual   2: 1122608 op, 269336200.00 ns, 239.9201 ns/op
WorkloadActual   3: 1122608 op, 267293300.00 ns, 238.1003 ns/op
WorkloadActual   4: 1122608 op, 266567700.00 ns, 237.4539 ns/op
WorkloadActual   5: 1122608 op, 265838700.00 ns, 236.8046 ns/op
WorkloadActual   6: 1122608 op, 268974500.00 ns, 239.5979 ns/op
WorkloadActual   7: 1122608 op, 280399000.00 ns, 249.7746 ns/op
WorkloadActual   8: 1122608 op, 270869800.00 ns, 241.2862 ns/op
WorkloadActual   9: 1122608 op, 265578600.00 ns, 236.5729 ns/op
WorkloadActual  10: 1122608 op, 266332600.00 ns, 237.2445 ns/op
WorkloadActual  11: 1122608 op, 265548600.00 ns, 236.5461 ns/op
WorkloadActual  12: 1122608 op, 270092700.00 ns, 240.5940 ns/op
WorkloadActual  13: 1122608 op, 268309000.00 ns, 239.0051 ns/op
WorkloadActual  14: 1122608 op, 267017500.00 ns, 237.8546 ns/op
WorkloadActual  15: 1122608 op, 266918000.00 ns, 237.7660 ns/op

// AfterActualRun
WorkloadResult   1: 1122608 op, 255463850.00 ns, 227.5628 ns/op
WorkloadResult   2: 1122608 op, 266326650.00 ns, 237.2392 ns/op
WorkloadResult   3: 1122608 op, 264283750.00 ns, 235.4194 ns/op
WorkloadResult   4: 1122608 op, 263558150.00 ns, 234.7731 ns/op
WorkloadResult   5: 1122608 op, 262829150.00 ns, 234.1237 ns/op
WorkloadResult   6: 1122608 op, 265964950.00 ns, 236.9170 ns/op
WorkloadResult   7: 1122608 op, 267860250.00 ns, 238.6053 ns/op
WorkloadResult   8: 1122608 op, 262569050.00 ns, 233.8920 ns/op
WorkloadResult   9: 1122608 op, 263323050.00 ns, 234.5637 ns/op
WorkloadResult  10: 1122608 op, 262539050.00 ns, 233.8653 ns/op
WorkloadResult  11: 1122608 op, 267083150.00 ns, 237.9131 ns/op
WorkloadResult  12: 1122608 op, 265299450.00 ns, 236.3242 ns/op
WorkloadResult  13: 1122608 op, 264007950.00 ns, 235.1738 ns/op
WorkloadResult  14: 1122608 op, 263908450.00 ns, 235.0851 ns/op
// GC:  128 0 0 1077703680 1122608
// Threading:  0 0 1122608

// AfterAll
// Benchmark Process 16628 has exited with code 0.

Mean = 235.104 ns, StdErr = 0.706 ns (0.30%), N = 14, StdDev = 2.643 ns
Min = 227.563 ns, Q1 = 234.234 ns, Median = 235.129 ns, Q3 = 236.769 ns, Max = 238.605 ns
IQR = 2.535 ns, LowerFence = 230.431 ns, UpperFence = 240.572 ns
ConfidenceInterval = [232.122 ns; 238.086 ns] (CI 99.9%), Margin = 2.982 ns (1.27% of Mean)
Skewness = -1.36, Kurtosis = 5.1, MValue = 2

// ** Remained 36 (42.4%) benchmark(s) to run. Estimated finish 2026-02-06 8:19 (0h 7m from now) **
Setup power plan (GUID: 8c5e7fda-e8bf-4a96-9a85-a6e23a8c635c FriendlyName: High performance)
// **************************
// Benchmark: Scenario1.D_SimpleResults_Result_Fail_WithErrorMessage_ToString: .NET 10.0(Runtime=.NET 10.0, IterationTime=250ms) [Iterations=10]
// *** Execute ***
// Launch: 1 / 1
// Execute: dotnet Enumerations.Options.Benchmarks-1.dll --anonymousPipes 2084 2140 --benchmarkName "ReillyDigital.Enumerations.Options.Benchmarks.Scenarios.Scenario1.D_SimpleResults_Result_Fail_WithErrorMessage_ToString(Iterations: 10)" --job ".NET 10.0" --benchmarkId 49 in D:\x\devs\reilly-digital\dotnet\enumerations.options.benchmarks\bin\Debug\net10.0\Enumerations.Options.Benchmarks-1\bin\Release\net10.0
// BeforeAnythingElse

// Benchmark Process Environment Information:
// BenchmarkDotNet v0.15.8
// Runtime=.NET 10.0.2 (10.0.2, 10.0.225.61305), X64 RyuJIT x86-64-v3
// GC=Concurrent Workstation
// HardwareIntrinsics=AVX2+BMI1+BMI2+F16C+FMA+LZCNT+MOVBE,AVX,SSE3+SSSE3+SSE4.1+SSE4.2+POPCNT,X86Base+SSE+SSE2,AES+PCLMUL VectorSize=256
// Job: .NET 10.0(IterationTime=250ms)

OverheadJitting  1: 1 op, 112200.00 ns, 112.2000 us/op
WorkloadJitting  1: 1 op, 10488500.00 ns, 10.4885 ms/op

OverheadJitting  2: 16 op, 186300.00 ns, 11.6438 us/op
WorkloadJitting  2: 16 op, 152400.00 ns, 9.5250 us/op

WorkloadPilot    1: 16 op, 9300.00 ns, 581.2500 ns/op
WorkloadPilot    2: 430112 op, 74888700.00 ns, 174.1144 ns/op
WorkloadPilot    3: 1435840 op, 250275400.00 ns, 174.3059 ns/op
WorkloadPilot    4: 1434272 op, 13071300.00 ns, 9.1135 ns/op
WorkloadPilot    5: 27431712 op, 254247200.00 ns, 9.2684 ns/op
WorkloadPilot    6: 26973472 op, 243827800.00 ns, 9.0395 ns/op
WorkloadPilot    7: 27656272 op, 251176100.00 ns, 9.0821 ns/op

OverheadWarmup   1: 27656272 op, 70047100.00 ns, 2.5328 ns/op
OverheadWarmup   2: 27656272 op, 69726500.00 ns, 2.5212 ns/op
OverheadWarmup   3: 27656272 op, 69125800.00 ns, 2.4995 ns/op
OverheadWarmup   4: 27656272 op, 46936500.00 ns, 1.6971 ns/op
OverheadWarmup   5: 27656272 op, 42848800.00 ns, 1.5493 ns/op
OverheadWarmup   6: 27656272 op, 43206800.00 ns, 1.5623 ns/op
OverheadWarmup   7: 27656272 op, 42436900.00 ns, 1.5344 ns/op
OverheadWarmup   8: 27656272 op, 43595700.00 ns, 1.5763 ns/op
OverheadWarmup   9: 27656272 op, 42693000.00 ns, 1.5437 ns/op

OverheadActual   1: 27656272 op, 43269300.00 ns, 1.5645 ns/op
OverheadActual   2: 27656272 op, 43760400.00 ns, 1.5823 ns/op
OverheadActual   3: 27656272 op, 42600700.00 ns, 1.5404 ns/op
OverheadActual   4: 27656272 op, 43273200.00 ns, 1.5647 ns/op
OverheadActual   5: 27656272 op, 43219400.00 ns, 1.5627 ns/op
OverheadActual   6: 27656272 op, 42715700.00 ns, 1.5445 ns/op
OverheadActual   7: 27656272 op, 43169600.00 ns, 1.5609 ns/op
OverheadActual   8: 27656272 op, 43205300.00 ns, 1.5622 ns/op
OverheadActual   9: 27656272 op, 43185300.00 ns, 1.5615 ns/op
OverheadActual  10: 27656272 op, 41208900.00 ns, 1.4900 ns/op
OverheadActual  11: 27656272 op, 41108800.00 ns, 1.4864 ns/op
OverheadActual  12: 27656272 op, 46065400.00 ns, 1.6656 ns/op
OverheadActual  13: 27656272 op, 44411400.00 ns, 1.6058 ns/op
OverheadActual  14: 27656272 op, 43029800.00 ns, 1.5559 ns/op
OverheadActual  15: 27656272 op, 43052400.00 ns, 1.5567 ns/op

WorkloadWarmup   1: 27656272 op, 253117600.00 ns, 9.1523 ns/op
WorkloadWarmup   2: 27656272 op, 250660800.00 ns, 9.0634 ns/op
WorkloadWarmup   3: 27656272 op, 249165400.00 ns, 9.0094 ns/op
WorkloadWarmup   4: 27656272 op, 246344000.00 ns, 8.9073 ns/op
WorkloadWarmup   5: 27656272 op, 249674300.00 ns, 9.0278 ns/op
WorkloadWarmup   6: 27656272 op, 252235900.00 ns, 9.1204 ns/op
WorkloadWarmup   7: 27656272 op, 244937900.00 ns, 8.8565 ns/op
WorkloadWarmup   8: 27656272 op, 245629800.00 ns, 8.8815 ns/op
WorkloadWarmup   9: 27656272 op, 250976300.00 ns, 9.0748 ns/op
WorkloadWarmup  10: 27656272 op, 246048000.00 ns, 8.8966 ns/op

// BeforeActualRun
WorkloadActual   1: 27656272 op, 247318300.00 ns, 8.9426 ns/op
WorkloadActual   2: 27656272 op, 243756200.00 ns, 8.8138 ns/op
WorkloadActual   3: 27656272 op, 247666500.00 ns, 8.9552 ns/op
WorkloadActual   4: 27656272 op, 244619000.00 ns, 8.8450 ns/op
WorkloadActual   5: 27656272 op, 244155100.00 ns, 8.8282 ns/op
WorkloadActual   6: 27656272 op, 248615300.00 ns, 8.9895 ns/op
WorkloadActual   7: 27656272 op, 250142200.00 ns, 9.0447 ns/op
WorkloadActual   8: 27656272 op, 245082400.00 ns, 8.8617 ns/op
WorkloadActual   9: 27656272 op, 244364400.00 ns, 8.8358 ns/op
WorkloadActual  10: 27656272 op, 245305400.00 ns, 8.8698 ns/op
WorkloadActual  11: 27656272 op, 247751800.00 ns, 8.9583 ns/op
WorkloadActual  12: 27656272 op, 244670000.00 ns, 8.8468 ns/op
WorkloadActual  13: 27656272 op, 248326300.00 ns, 8.9790 ns/op
WorkloadActual  14: 27656272 op, 249343200.00 ns, 9.0158 ns/op
WorkloadActual  15: 27656272 op, 245762600.00 ns, 8.8863 ns/op

// AfterActualRun
WorkloadResult   1: 27656272 op, 204133000.00 ns, 7.3811 ns/op
WorkloadResult   2: 27656272 op, 200570900.00 ns, 7.2523 ns/op
WorkloadResult   3: 27656272 op, 204481200.00 ns, 7.3937 ns/op
WorkloadResult   4: 27656272 op, 201433700.00 ns, 7.2835 ns/op
WorkloadResult   5: 27656272 op, 200969800.00 ns, 7.2667 ns/op
WorkloadResult   6: 27656272 op, 205430000.00 ns, 7.4280 ns/op
WorkloadResult   7: 27656272 op, 206956900.00 ns, 7.4832 ns/op
WorkloadResult   8: 27656272 op, 201897100.00 ns, 7.3002 ns/op
WorkloadResult   9: 27656272 op, 201179100.00 ns, 7.2743 ns/op
WorkloadResult  10: 27656272 op, 202120100.00 ns, 7.3083 ns/op
WorkloadResult  11: 27656272 op, 204566500.00 ns, 7.3967 ns/op
WorkloadResult  12: 27656272 op, 201484700.00 ns, 7.2853 ns/op
WorkloadResult  13: 27656272 op, 205141000.00 ns, 7.4175 ns/op
WorkloadResult  14: 27656272 op, 206157900.00 ns, 7.4543 ns/op
WorkloadResult  15: 27656272 op, 202577300.00 ns, 7.3248 ns/op
// GC:  0 0 0 232 27656272
// Threading:  0 0 27656272

// AfterAll
// Benchmark Process 23444 has exited with code 0.

Mean = 7.350 ns, StdErr = 0.020 ns (0.27%), N = 15, StdDev = 0.076 ns
Min = 7.252 ns, Q1 = 7.284 ns, Median = 7.325 ns, Q3 = 7.407 ns, Max = 7.483 ns
IQR = 0.123 ns, LowerFence = 7.100 ns, UpperFence = 7.591 ns
ConfidenceInterval = [7.269 ns; 7.431 ns] (CI 99.9%), Margin = 0.081 ns (1.10% of Mean)
Skewness = 0.27, Kurtosis = 1.47, MValue = 2

// ** Remained 35 (41.2%) benchmark(s) to run. Estimated finish 2026-02-06 8:19 (0h 7m from now) **
Setup power plan (GUID: 8c5e7fda-e8bf-4a96-9a85-a6e23a8c635c FriendlyName: High performance)
// **************************
// Benchmark: Scenario1.C_ArdalisResult_Result_FailTValue_ToString: .NET 10.0(Runtime=.NET 10.0, IterationTime=250ms) [Iterations=10]
// *** Execute ***
// Launch: 1 / 1
// Execute: dotnet Enumerations.Options.Benchmarks-1.dll --anonymousPipes 2308 1888 --benchmarkName "ReillyDigital.Enumerations.Options.Benchmarks.Scenarios.Scenario1.C_ArdalisResult_Result_FailTValue_ToString(Iterations: 10)" --job ".NET 10.0" --benchmarkId 50 in D:\x\devs\reilly-digital\dotnet\enumerations.options.benchmarks\bin\Debug\net10.0\Enumerations.Options.Benchmarks-1\bin\Release\net10.0
// BeforeAnythingElse

// Benchmark Process Environment Information:
// BenchmarkDotNet v0.15.8
// Runtime=.NET 10.0.2 (10.0.2, 10.0.225.61305), X64 RyuJIT x86-64-v3
// GC=Concurrent Workstation
// HardwareIntrinsics=AVX2+BMI1+BMI2+F16C+FMA+LZCNT+MOVBE,AVX,SSE3+SSSE3+SSE4.1+SSE4.2+POPCNT,X86Base+SSE+SSE2,AES+PCLMUL VectorSize=256
// Job: .NET 10.0(IterationTime=250ms)

OverheadJitting  1: 1 op, 106300.00 ns, 106.3000 us/op
WorkloadJitting  1: 1 op, 10774900.00 ns, 10.7749 ms/op

OverheadJitting  2: 16 op, 182100.00 ns, 11.3813 us/op
WorkloadJitting  2: 16 op, 311300.00 ns, 19.4563 us/op

WorkloadPilot    1: 16 op, 9600.00 ns, 600.0000 ns/op
WorkloadPilot    2: 416672 op, 73490600.00 ns, 176.3752 ns/op
WorkloadPilot    3: 1417440 op, 250869100.00 ns, 176.9875 ns/op
WorkloadPilot    4: 1412544 op, 16151200.00 ns, 11.4341 ns/op
WorkloadPilot    5: 21864384 op, 199629500.00 ns, 9.1304 ns/op
WorkloadPilot    6: 27381216 op, 243065700.00 ns, 8.8771 ns/op
WorkloadPilot    7: 28162368 op, 250583200.00 ns, 8.8978 ns/op
WorkloadPilot    8: 28096832 op, 250988900.00 ns, 8.9330 ns/op

OverheadWarmup   1: 28096832 op, 69978100.00 ns, 2.4906 ns/op
OverheadWarmup   2: 28096832 op, 69953600.00 ns, 2.4897 ns/op
OverheadWarmup   3: 28096832 op, 70529300.00 ns, 2.5102 ns/op
OverheadWarmup   4: 28096832 op, 45208100.00 ns, 1.6090 ns/op
OverheadWarmup   5: 28096832 op, 41866800.00 ns, 1.4901 ns/op
OverheadWarmup   6: 28096832 op, 42665600.00 ns, 1.5185 ns/op
OverheadWarmup   7: 28096832 op, 42589900.00 ns, 1.5158 ns/op

OverheadActual   1: 28096832 op, 42713900.00 ns, 1.5202 ns/op
OverheadActual   2: 28096832 op, 42657200.00 ns, 1.5182 ns/op
OverheadActual   3: 28096832 op, 42883200.00 ns, 1.5263 ns/op
OverheadActual   4: 28096832 op, 42593400.00 ns, 1.5160 ns/op
OverheadActual   5: 28096832 op, 42640200.00 ns, 1.5176 ns/op
OverheadActual   6: 28096832 op, 42738900.00 ns, 1.5211 ns/op
OverheadActual   7: 28096832 op, 42847000.00 ns, 1.5250 ns/op
OverheadActual   8: 28096832 op, 42603000.00 ns, 1.5163 ns/op
OverheadActual   9: 28096832 op, 42635300.00 ns, 1.5174 ns/op
OverheadActual  10: 28096832 op, 42441700.00 ns, 1.5106 ns/op
OverheadActual  11: 28096832 op, 42355700.00 ns, 1.5075 ns/op
OverheadActual  12: 28096832 op, 42877400.00 ns, 1.5261 ns/op
OverheadActual  13: 28096832 op, 42618000.00 ns, 1.5168 ns/op
OverheadActual  14: 28096832 op, 42619500.00 ns, 1.5169 ns/op
OverheadActual  15: 28096832 op, 42557400.00 ns, 1.5147 ns/op

WorkloadWarmup   1: 28096832 op, 250321900.00 ns, 8.9093 ns/op
WorkloadWarmup   2: 28096832 op, 249587300.00 ns, 8.8831 ns/op
WorkloadWarmup   3: 28096832 op, 249868700.00 ns, 8.8931 ns/op
WorkloadWarmup   4: 28096832 op, 252419400.00 ns, 8.9839 ns/op
WorkloadWarmup   5: 28096832 op, 250251200.00 ns, 8.9067 ns/op
WorkloadWarmup   6: 28096832 op, 253488900.00 ns, 9.0220 ns/op
WorkloadWarmup   7: 28096832 op, 252667900.00 ns, 8.9928 ns/op

// BeforeActualRun
WorkloadActual   1: 28096832 op, 250429500.00 ns, 8.9131 ns/op
WorkloadActual   2: 28096832 op, 249815200.00 ns, 8.8912 ns/op
WorkloadActual   3: 28096832 op, 252535000.00 ns, 8.9880 ns/op
WorkloadActual   4: 28096832 op, 253612000.00 ns, 9.0264 ns/op
WorkloadActual   5: 28096832 op, 255300200.00 ns, 9.0864 ns/op
WorkloadActual   6: 28096832 op, 249901300.00 ns, 8.8943 ns/op
WorkloadActual   7: 28096832 op, 252312000.00 ns, 8.9801 ns/op
WorkloadActual   8: 28096832 op, 253313200.00 ns, 9.0157 ns/op
WorkloadActual   9: 28096832 op, 247974400.00 ns, 8.8257 ns/op
WorkloadActual  10: 28096832 op, 248289900.00 ns, 8.8369 ns/op
WorkloadActual  11: 28096832 op, 247953300.00 ns, 8.8250 ns/op
WorkloadActual  12: 28096832 op, 248145600.00 ns, 8.8318 ns/op
WorkloadActual  13: 28096832 op, 248507300.00 ns, 8.8447 ns/op
WorkloadActual  14: 28096832 op, 248560400.00 ns, 8.8466 ns/op
WorkloadActual  15: 28096832 op, 248343400.00 ns, 8.8388 ns/op

// AfterActualRun
WorkloadResult   1: 28096832 op, 207794200.00 ns, 7.3956 ns/op
WorkloadResult   2: 28096832 op, 207179900.00 ns, 7.3738 ns/op
WorkloadResult   3: 28096832 op, 209899700.00 ns, 7.4706 ns/op
WorkloadResult   4: 28096832 op, 210976700.00 ns, 7.5089 ns/op
WorkloadResult   5: 28096832 op, 212664900.00 ns, 7.5690 ns/op
WorkloadResult   6: 28096832 op, 207266000.00 ns, 7.3768 ns/op
WorkloadResult   7: 28096832 op, 209676700.00 ns, 7.4626 ns/op
WorkloadResult   8: 28096832 op, 210677900.00 ns, 7.4983 ns/op
WorkloadResult   9: 28096832 op, 205339100.00 ns, 7.3083 ns/op
WorkloadResult  10: 28096832 op, 205654600.00 ns, 7.3195 ns/op
WorkloadResult  11: 28096832 op, 205318000.00 ns, 7.3075 ns/op
WorkloadResult  12: 28096832 op, 205510300.00 ns, 7.3144 ns/op
WorkloadResult  13: 28096832 op, 205872000.00 ns, 7.3272 ns/op
WorkloadResult  14: 28096832 op, 205925100.00 ns, 7.3291 ns/op
WorkloadResult  15: 28096832 op, 205708100.00 ns, 7.3214 ns/op
// GC:  0 0 0 264 28096832
// Threading:  0 0 28096832

// AfterAll
// Benchmark Process 19664 has exited with code 0.

Mean = 7.392 ns, StdErr = 0.023 ns (0.30%), N = 15, StdDev = 0.087 ns
Min = 7.308 ns, Q1 = 7.320 ns, Median = 7.374 ns, Q3 = 7.467 ns, Max = 7.569 ns
IQR = 0.146 ns, LowerFence = 7.101 ns, UpperFence = 7.686 ns
ConfidenceInterval = [7.299 ns; 7.485 ns] (CI 99.9%), Margin = 0.093 ns (1.26% of Mean)
Skewness = 0.62, Kurtosis = 1.81, MValue = 2

// ** Remained 34 (40.0%) benchmark(s) to run. Estimated finish 2026-02-06 8:19 (0h 7m from now) **
Setup power plan (GUID: 8c5e7fda-e8bf-4a96-9a85-a6e23a8c635c FriendlyName: High performance)
// **************************
// Benchmark: Scenario1.A_EnumerationsOptions_Result_FailTValue_ToString: .NET 10.0(Runtime=.NET 10.0, IterationTime=250ms) [Iterations=10]
// *** Execute ***
// Launch: 1 / 1
// Execute: dotnet Enumerations.Options.Benchmarks-1.dll --anonymousPipes 1888 2400 --benchmarkName "ReillyDigital.Enumerations.Options.Benchmarks.Scenarios.Scenario1.A_EnumerationsOptions_Result_FailTValue_ToString(Iterations: 10)" --job ".NET 10.0" --benchmarkId 51 in D:\x\devs\reilly-digital\dotnet\enumerations.options.benchmarks\bin\Debug\net10.0\Enumerations.Options.Benchmarks-1\bin\Release\net10.0
// BeforeAnythingElse

// Benchmark Process Environment Information:
// BenchmarkDotNet v0.15.8
// Runtime=.NET 10.0.2 (10.0.2, 10.0.225.61305), X64 RyuJIT x86-64-v3
// GC=Concurrent Workstation
// HardwareIntrinsics=AVX2+BMI1+BMI2+F16C+FMA+LZCNT+MOVBE,AVX,SSE3+SSSE3+SSE4.1+SSE4.2+POPCNT,X86Base+SSE+SSE2,AES+PCLMUL VectorSize=256
// Job: .NET 10.0(IterationTime=250ms)

OverheadJitting  1: 1 op, 111900.00 ns, 111.9000 us/op
WorkloadJitting  1: 1 op, 12635800.00 ns, 12.6358 ms/op

OverheadJitting  2: 16 op, 178700.00 ns, 11.1688 us/op
WorkloadJitting  2: 16 op, 398900.00 ns, 24.9313 us/op

WorkloadPilot    1: 16 op, 99200.00 ns, 6.2000 us/op
WorkloadPilot    2: 40336 op, 180293500.00 ns, 4.4698 us/op
WorkloadPilot    3: 55936 op, 135944400.00 ns, 2.4304 us/op
WorkloadPilot    4: 102880 op, 224217500.00 ns, 2.1794 us/op
WorkloadPilot    5: 114720 op, 245285200.00 ns, 2.1381 us/op
WorkloadPilot    6: 116928 op, 252576100.00 ns, 2.1601 us/op
WorkloadPilot    7: 115744 op, 245809400.00 ns, 2.1237 us/op
WorkloadPilot    8: 117728 op, 266848500.00 ns, 2.2667 us/op
WorkloadPilot    9: 110304 op, 236267200.00 ns, 2.1420 us/op
WorkloadPilot   10: 116720 op, 249575700.00 ns, 2.1382 us/op
WorkloadPilot   11: 116928 op, 248628900.00 ns, 2.1263 us/op
WorkloadPilot   12: 117584 op, 251619100.00 ns, 2.1399 us/op

OverheadWarmup   1: 117584 op, 289500.00 ns, 2.4621 ns/op
OverheadWarmup   2: 117584 op, 290100.00 ns, 2.4672 ns/op
OverheadWarmup   3: 117584 op, 278900.00 ns, 2.3719 ns/op
OverheadWarmup   4: 117584 op, 297400.00 ns, 2.5293 ns/op
OverheadWarmup   5: 117584 op, 291400.00 ns, 2.4782 ns/op

OverheadActual   1: 117584 op, 287500.00 ns, 2.4451 ns/op
OverheadActual   2: 117584 op, 285800.00 ns, 2.4306 ns/op
OverheadActual   3: 117584 op, 277300.00 ns, 2.3583 ns/op
OverheadActual   4: 117584 op, 291500.00 ns, 2.4791 ns/op
OverheadActual   5: 117584 op, 264700.00 ns, 2.2512 ns/op
OverheadActual   6: 117584 op, 292600.00 ns, 2.4884 ns/op
OverheadActual   7: 117584 op, 284100.00 ns, 2.4161 ns/op
OverheadActual   8: 117584 op, 279700.00 ns, 2.3787 ns/op
OverheadActual   9: 117584 op, 291600.00 ns, 2.4799 ns/op
OverheadActual  10: 117584 op, 265700.00 ns, 2.2597 ns/op
OverheadActual  11: 117584 op, 293500.00 ns, 2.4961 ns/op
OverheadActual  12: 117584 op, 296500.00 ns, 2.5216 ns/op
OverheadActual  13: 117584 op, 295000.00 ns, 2.5088 ns/op
OverheadActual  14: 117584 op, 295100.00 ns, 2.5097 ns/op
OverheadActual  15: 117584 op, 262900.00 ns, 2.2358 ns/op

WorkloadWarmup   1: 117584 op, 253447500.00 ns, 2.1555 us/op
WorkloadWarmup   2: 117584 op, 261909700.00 ns, 2.2274 us/op
WorkloadWarmup   3: 117584 op, 251268800.00 ns, 2.1369 us/op
WorkloadWarmup   4: 117584 op, 251508400.00 ns, 2.1390 us/op
WorkloadWarmup   5: 117584 op, 250744500.00 ns, 2.1325 us/op
WorkloadWarmup   6: 117584 op, 251655100.00 ns, 2.1402 us/op

// BeforeActualRun
WorkloadActual   1: 117584 op, 249815600.00 ns, 2.1246 us/op
WorkloadActual   2: 117584 op, 255408800.00 ns, 2.1721 us/op
WorkloadActual   3: 117584 op, 263467500.00 ns, 2.2407 us/op
WorkloadActual   4: 117584 op, 254414800.00 ns, 2.1637 us/op
WorkloadActual   5: 117584 op, 250793500.00 ns, 2.1329 us/op
WorkloadActual   6: 117584 op, 253633500.00 ns, 2.1570 us/op
WorkloadActual   7: 117584 op, 251810800.00 ns, 2.1415 us/op
WorkloadActual   8: 117584 op, 253944500.00 ns, 2.1597 us/op
WorkloadActual   9: 117584 op, 252124700.00 ns, 2.1442 us/op
WorkloadActual  10: 117584 op, 255017600.00 ns, 2.1688 us/op
WorkloadActual  11: 117584 op, 250962500.00 ns, 2.1343 us/op
WorkloadActual  12: 117584 op, 254968800.00 ns, 2.1684 us/op
WorkloadActual  13: 117584 op, 253949800.00 ns, 2.1597 us/op
WorkloadActual  14: 117584 op, 252575300.00 ns, 2.1480 us/op
WorkloadActual  15: 117584 op, 250700000.00 ns, 2.1321 us/op

// AfterActualRun
WorkloadResult   1: 117584 op, 249528100.00 ns, 2.1221 us/op
WorkloadResult   2: 117584 op, 255121300.00 ns, 2.1697 us/op
WorkloadResult   3: 117584 op, 254127300.00 ns, 2.1612 us/op
WorkloadResult   4: 117584 op, 250506000.00 ns, 2.1304 us/op
WorkloadResult   5: 117584 op, 253346000.00 ns, 2.1546 us/op
WorkloadResult   6: 117584 op, 251523300.00 ns, 2.1391 us/op
WorkloadResult   7: 117584 op, 253657000.00 ns, 2.1572 us/op
WorkloadResult   8: 117584 op, 251837200.00 ns, 2.1418 us/op
WorkloadResult   9: 117584 op, 254730100.00 ns, 2.1664 us/op
WorkloadResult  10: 117584 op, 250675000.00 ns, 2.1319 us/op
WorkloadResult  11: 117584 op, 254681300.00 ns, 2.1660 us/op
WorkloadResult  12: 117584 op, 253662300.00 ns, 2.1573 us/op
WorkloadResult  13: 117584 op, 252287800.00 ns, 2.1456 us/op
WorkloadResult  14: 117584 op, 250412500.00 ns, 2.1296 us/op
// GC:  39 0 0 329244160 117584
// Threading:  0 0 117584

// AfterAll
// Benchmark Process 23476 has exited with code 0.

Mean = 2.148 μs, StdErr = 0.004 μs (0.20%), N = 14, StdDev = 0.016 μs
Min = 2.122 μs, Q1 = 2.134 μs, Median = 2.150 μs, Q3 = 2.160 μs, Max = 2.170 μs
IQR = 0.027 μs, LowerFence = 2.094 μs, UpperFence = 2.200 μs
ConfidenceInterval = [2.130 μs; 2.166 μs] (CI 99.9%), Margin = 0.018 μs (0.83% of Mean)
Skewness = -0.15, Kurtosis = 1.42, MValue = 2

// ** Remained 33 (38.8%) benchmark(s) to run. Estimated finish 2026-02-06 8:19 (0h 6m from now) **
Setup power plan (GUID: 8c5e7fda-e8bf-4a96-9a85-a6e23a8c635c FriendlyName: High performance)
// **************************
// Benchmark: Scenario1.B_FluentResults_Result_FailTValue_ToString: .NET 10.0(Runtime=.NET 10.0, IterationTime=250ms) [Iterations=10]
// *** Execute ***
// Launch: 1 / 1
// Execute: dotnet Enumerations.Options.Benchmarks-1.dll --anonymousPipes 2304 2424 --benchmarkName "ReillyDigital.Enumerations.Options.Benchmarks.Scenarios.Scenario1.B_FluentResults_Result_FailTValue_ToString(Iterations: 10)" --job ".NET 10.0" --benchmarkId 52 in D:\x\devs\reilly-digital\dotnet\enumerations.options.benchmarks\bin\Debug\net10.0\Enumerations.Options.Benchmarks-1\bin\Release\net10.0
// BeforeAnythingElse

// Benchmark Process Environment Information:
// BenchmarkDotNet v0.15.8
// Runtime=.NET 10.0.2 (10.0.2, 10.0.225.61305), X64 RyuJIT x86-64-v3
// GC=Concurrent Workstation
// HardwareIntrinsics=AVX2+BMI1+BMI2+F16C+FMA+LZCNT+MOVBE,AVX,SSE3+SSSE3+SSE4.1+SSE4.2+POPCNT,X86Base+SSE+SSE2,AES+PCLMUL VectorSize=256
// Job: .NET 10.0(IterationTime=250ms)

OverheadJitting  1: 1 op, 105500.00 ns, 105.5000 us/op
WorkloadJitting  1: 1 op, 13098700.00 ns, 13.0987 ms/op

OverheadJitting  2: 16 op, 162200.00 ns, 10.1375 us/op
WorkloadJitting  2: 16 op, 289200.00 ns, 18.0750 us/op

WorkloadPilot    1: 16 op, 169800.00 ns, 10.6125 us/op
WorkloadPilot    2: 23568 op, 145764900.00 ns, 6.1849 us/op
WorkloadPilot    3: 40432 op, 141171000.00 ns, 3.4916 us/op
WorkloadPilot    4: 71616 op, 145051900.00 ns, 2.0254 us/op
WorkloadPilot    5: 123440 op, 236471200.00 ns, 1.9157 us/op
WorkloadPilot    6: 130512 op, 249076500.00 ns, 1.9085 us/op
WorkloadPilot    7: 131008 op, 253335600.00 ns, 1.9337 us/op
WorkloadPilot    8: 129296 op, 262521600.00 ns, 2.0304 us/op
WorkloadPilot    9: 123136 op, 234958000.00 ns, 1.9081 us/op
WorkloadPilot   10: 131024 op, 247798800.00 ns, 1.8912 us/op
WorkloadPilot   11: 132192 op, 257534500.00 ns, 1.9482 us/op

OverheadWarmup   1: 132192 op, 323200.00 ns, 2.4449 ns/op
OverheadWarmup   2: 132192 op, 327200.00 ns, 2.4752 ns/op
OverheadWarmup   3: 132192 op, 291900.00 ns, 2.2082 ns/op
OverheadWarmup   4: 132192 op, 327000.00 ns, 2.4737 ns/op
OverheadWarmup   5: 132192 op, 321800.00 ns, 2.4343 ns/op

OverheadActual   1: 132192 op, 297000.00 ns, 2.2467 ns/op
OverheadActual   2: 132192 op, 297500.00 ns, 2.2505 ns/op
OverheadActual   3: 132192 op, 301100.00 ns, 2.2777 ns/op
OverheadActual   4: 132192 op, 325300.00 ns, 2.4608 ns/op
OverheadActual   5: 132192 op, 295700.00 ns, 2.2369 ns/op
OverheadActual   6: 132192 op, 326800.00 ns, 2.4722 ns/op
OverheadActual   7: 132192 op, 305200.00 ns, 2.3088 ns/op
OverheadActual   8: 132192 op, 326400.00 ns, 2.4691 ns/op
OverheadActual   9: 132192 op, 301300.00 ns, 2.2793 ns/op
OverheadActual  10: 132192 op, 301900.00 ns, 2.2838 ns/op
OverheadActual  11: 132192 op, 321700.00 ns, 2.4336 ns/op
OverheadActual  12: 132192 op, 290900.00 ns, 2.2006 ns/op
OverheadActual  13: 132192 op, 303500.00 ns, 2.2959 ns/op
OverheadActual  14: 132192 op, 325700.00 ns, 2.4638 ns/op
OverheadActual  15: 132192 op, 335800.00 ns, 2.5402 ns/op
OverheadActual  16: 132192 op, 305400.00 ns, 2.3103 ns/op

WorkloadWarmup   1: 132192 op, 266791100.00 ns, 2.0182 us/op
WorkloadWarmup   2: 132192 op, 255670700.00 ns, 1.9341 us/op
WorkloadWarmup   3: 132192 op, 250955800.00 ns, 1.8984 us/op
WorkloadWarmup   4: 132192 op, 254497100.00 ns, 1.9252 us/op
WorkloadWarmup   5: 132192 op, 252460800.00 ns, 1.9098 us/op
WorkloadWarmup   6: 132192 op, 253904000.00 ns, 1.9207 us/op
WorkloadWarmup   7: 132192 op, 253161300.00 ns, 1.9151 us/op

// BeforeActualRun
WorkloadActual   1: 132192 op, 259611100.00 ns, 1.9639 us/op
WorkloadActual   2: 132192 op, 260835500.00 ns, 1.9732 us/op
WorkloadActual   3: 132192 op, 262064900.00 ns, 1.9825 us/op
WorkloadActual   4: 132192 op, 262587900.00 ns, 1.9864 us/op
WorkloadActual   5: 132192 op, 258788400.00 ns, 1.9577 us/op
WorkloadActual   6: 132192 op, 261704000.00 ns, 1.9797 us/op
WorkloadActual   7: 132192 op, 258759200.00 ns, 1.9574 us/op
WorkloadActual   8: 132192 op, 263525000.00 ns, 1.9935 us/op
WorkloadActual   9: 132192 op, 280134100.00 ns, 2.1191 us/op
WorkloadActual  10: 132192 op, 264789000.00 ns, 2.0031 us/op
WorkloadActual  11: 132192 op, 263597900.00 ns, 1.9941 us/op
WorkloadActual  12: 132192 op, 261324700.00 ns, 1.9769 us/op
WorkloadActual  13: 132192 op, 259971200.00 ns, 1.9666 us/op
WorkloadActual  14: 132192 op, 261879800.00 ns, 1.9811 us/op
WorkloadActual  15: 132192 op, 261687600.00 ns, 1.9796 us/op

// AfterActualRun
WorkloadResult   1: 132192 op, 259306750.00 ns, 1.9616 us/op
WorkloadResult   2: 132192 op, 260531150.00 ns, 1.9709 us/op
WorkloadResult   3: 132192 op, 261760550.00 ns, 1.9802 us/op
WorkloadResult   4: 132192 op, 262283550.00 ns, 1.9841 us/op
WorkloadResult   5: 132192 op, 258484050.00 ns, 1.9554 us/op
WorkloadResult   6: 132192 op, 261399650.00 ns, 1.9774 us/op
WorkloadResult   7: 132192 op, 258454850.00 ns, 1.9551 us/op
WorkloadResult   8: 132192 op, 263220650.00 ns, 1.9912 us/op
WorkloadResult   9: 132192 op, 264484650.00 ns, 2.0008 us/op
WorkloadResult  10: 132192 op, 263293550.00 ns, 1.9918 us/op
WorkloadResult  11: 132192 op, 261020350.00 ns, 1.9746 us/op
WorkloadResult  12: 132192 op, 259666850.00 ns, 1.9643 us/op
WorkloadResult  13: 132192 op, 261575450.00 ns, 1.9788 us/op
WorkloadResult  14: 132192 op, 261383250.00 ns, 1.9773 us/op
// GC:  87 0 0 729717440 132192
// Threading:  0 0 132192

// AfterAll
// Benchmark Process 22604 has exited with code 0.

Mean = 1.976 μs, StdErr = 0.004 μs (0.18%), N = 14, StdDev = 0.014 μs
Min = 1.955 μs, Q1 = 1.966 μs, Median = 1.977 μs, Q3 = 1.983 μs, Max = 2.001 μs
IQR = 0.017 μs, LowerFence = 1.940 μs, UpperFence = 2.009 μs
ConfidenceInterval = [1.961 μs; 1.991 μs] (CI 99.9%), Margin = 0.015 μs (0.78% of Mean)
Skewness = 0.03, Kurtosis = 1.91, MValue = 2

// ** Remained 32 (37.6%) benchmark(s) to run. Estimated finish 2026-02-06 8:19 (0h 6m from now) **
Setup power plan (GUID: 8c5e7fda-e8bf-4a96-9a85-a6e23a8c635c FriendlyName: High performance)
// **************************
// Benchmark: Scenario1.E_Rascal_Result_FailTValue_ToString: .NET 10.0(Runtime=.NET 10.0, IterationTime=250ms) [Iterations=10]
// *** Execute ***
// Launch: 1 / 1
// Execute: dotnet Enumerations.Options.Benchmarks-1.dll --anonymousPipes 2348 2356 --benchmarkName "ReillyDigital.Enumerations.Options.Benchmarks.Scenarios.Scenario1.E_Rascal_Result_FailTValue_ToString(Iterations: 10)" --job ".NET 10.0" --benchmarkId 53 in D:\x\devs\reilly-digital\dotnet\enumerations.options.benchmarks\bin\Debug\net10.0\Enumerations.Options.Benchmarks-1\bin\Release\net10.0
// BeforeAnythingElse

// Benchmark Process Environment Information:
// BenchmarkDotNet v0.15.8
// Runtime=.NET 10.0.2 (10.0.2, 10.0.225.61305), X64 RyuJIT x86-64-v3
// GC=Concurrent Workstation
// HardwareIntrinsics=AVX2+BMI1+BMI2+F16C+FMA+LZCNT+MOVBE,AVX,SSE3+SSSE3+SSE4.1+SSE4.2+POPCNT,X86Base+SSE+SSE2,AES+PCLMUL VectorSize=256
// Job: .NET 10.0(IterationTime=250ms)

OverheadJitting  1: 1 op, 112000.00 ns, 112.0000 us/op
WorkloadJitting  1: 1 op, 11402900.00 ns, 11.4029 ms/op

OverheadJitting  2: 16 op, 178300.00 ns, 11.1438 us/op
WorkloadJitting  2: 16 op, 285500.00 ns, 17.8438 us/op

WorkloadPilot    1: 16 op, 14900.00 ns, 931.2500 ns/op
WorkloadPilot    2: 268464 op, 151321100.00 ns, 563.6551 ns/op
WorkloadPilot    3: 443536 op, 88472500.00 ns, 199.4708 ns/op
WorkloadPilot    4: 1253328 op, 243640900.00 ns, 194.3952 ns/op
WorkloadPilot    5: 1286048 op, 242085800.00 ns, 188.2401 ns/op
WorkloadPilot    6: 1328096 op, 256259300.00 ns, 192.9524 ns/op
WorkloadPilot    7: 1295664 op, 258164100.00 ns, 199.2524 ns/op
WorkloadPilot    8: 1254704 op, 259816700.00 ns, 207.0741 ns/op

OverheadWarmup   1: 1254704 op, 3241000.00 ns, 2.5831 ns/op
OverheadWarmup   2: 1254704 op, 3073200.00 ns, 2.4493 ns/op
OverheadWarmup   3: 1254704 op, 3088000.00 ns, 2.4611 ns/op
OverheadWarmup   4: 1254704 op, 3102400.00 ns, 2.4726 ns/op
OverheadWarmup   5: 1254704 op, 3069800.00 ns, 2.4466 ns/op
OverheadWarmup   6: 1254704 op, 3378400.00 ns, 2.6926 ns/op
OverheadWarmup   7: 1254704 op, 3086300.00 ns, 2.4598 ns/op

OverheadActual   1: 1254704 op, 3732100.00 ns, 2.9745 ns/op
OverheadActual   2: 1254704 op, 3428900.00 ns, 2.7328 ns/op
OverheadActual   3: 1254704 op, 3088700.00 ns, 2.4617 ns/op
OverheadActual   4: 1254704 op, 3091200.00 ns, 2.4637 ns/op
OverheadActual   5: 1254704 op, 3135400.00 ns, 2.4989 ns/op
OverheadActual   6: 1254704 op, 3745700.00 ns, 2.9853 ns/op
OverheadActual   7: 1254704 op, 3094800.00 ns, 2.4666 ns/op
OverheadActual   8: 1254704 op, 3722900.00 ns, 2.9672 ns/op
OverheadActual   9: 1254704 op, 3092800.00 ns, 2.4650 ns/op
OverheadActual  10: 1254704 op, 3190700.00 ns, 2.5430 ns/op
OverheadActual  11: 1254704 op, 3122000.00 ns, 2.4882 ns/op
OverheadActual  12: 1254704 op, 3093800.00 ns, 2.4658 ns/op
OverheadActual  13: 1254704 op, 3288800.00 ns, 2.6212 ns/op
OverheadActual  14: 1254704 op, 3150700.00 ns, 2.5111 ns/op
OverheadActual  15: 1254704 op, 3710000.00 ns, 2.9569 ns/op
OverheadActual  16: 1254704 op, 3152400.00 ns, 2.5125 ns/op
OverheadActual  17: 1254704 op, 3711400.00 ns, 2.9580 ns/op
OverheadActual  18: 1254704 op, 3078400.00 ns, 2.4535 ns/op
OverheadActual  19: 1254704 op, 3770900.00 ns, 3.0054 ns/op
OverheadActual  20: 1254704 op, 3102200.00 ns, 2.4725 ns/op

WorkloadWarmup   1: 1254704 op, 240432800.00 ns, 191.6251 ns/op
WorkloadWarmup   2: 1254704 op, 239991200.00 ns, 191.2732 ns/op
WorkloadWarmup   3: 1254704 op, 240859400.00 ns, 191.9651 ns/op
WorkloadWarmup   4: 1254704 op, 244026900.00 ns, 194.4896 ns/op
WorkloadWarmup   5: 1254704 op, 247288600.00 ns, 197.0892 ns/op
WorkloadWarmup   6: 1254704 op, 235598100.00 ns, 187.7719 ns/op
WorkloadWarmup   7: 1254704 op, 238312900.00 ns, 189.9356 ns/op
WorkloadWarmup   8: 1254704 op, 256431700.00 ns, 204.3763 ns/op
WorkloadWarmup   9: 1254704 op, 235946500.00 ns, 188.0495 ns/op

// BeforeActualRun
WorkloadActual   1: 1254704 op, 243471600.00 ns, 194.0470 ns/op
WorkloadActual   2: 1254704 op, 238370600.00 ns, 189.9815 ns/op
WorkloadActual   3: 1254704 op, 239013900.00 ns, 190.4943 ns/op
WorkloadActual   4: 1254704 op, 238077900.00 ns, 189.7483 ns/op
WorkloadActual   5: 1254704 op, 235471300.00 ns, 187.6708 ns/op
WorkloadActual   6: 1254704 op, 237498500.00 ns, 189.2865 ns/op
WorkloadActual   7: 1254704 op, 247057200.00 ns, 196.9048 ns/op
WorkloadActual   8: 1254704 op, 245384900.00 ns, 195.5719 ns/op
WorkloadActual   9: 1254704 op, 237910600.00 ns, 189.6149 ns/op
WorkloadActual  10: 1254704 op, 235384000.00 ns, 187.6012 ns/op
WorkloadActual  11: 1254704 op, 236554000.00 ns, 188.5337 ns/op
WorkloadActual  12: 1254704 op, 236721000.00 ns, 188.6668 ns/op
WorkloadActual  13: 1254704 op, 233915700.00 ns, 186.4310 ns/op
WorkloadActual  14: 1254704 op, 235229900.00 ns, 187.4784 ns/op
WorkloadActual  15: 1254704 op, 236696600.00 ns, 188.6474 ns/op

// AfterActualRun
WorkloadResult   1: 1254704 op, 235219050.00 ns, 187.4698 ns/op
WorkloadResult   2: 1254704 op, 235862350.00 ns, 187.9825 ns/op
WorkloadResult   3: 1254704 op, 234926350.00 ns, 187.2365 ns/op
WorkloadResult   4: 1254704 op, 232319750.00 ns, 185.1590 ns/op
WorkloadResult   5: 1254704 op, 234346950.00 ns, 186.7747 ns/op
WorkloadResult   6: 1254704 op, 234759050.00 ns, 187.1031 ns/op
WorkloadResult   7: 1254704 op, 232232450.00 ns, 185.0894 ns/op
WorkloadResult   8: 1254704 op, 233402450.00 ns, 186.0219 ns/op
WorkloadResult   9: 1254704 op, 233569450.00 ns, 186.1550 ns/op
WorkloadResult  10: 1254704 op, 230764150.00 ns, 183.9192 ns/op
WorkloadResult  11: 1254704 op, 232078350.00 ns, 184.9666 ns/op
WorkloadResult  12: 1254704 op, 233545050.00 ns, 186.1356 ns/op
// GC:  72 0 0 602257920 1254704
// Threading:  0 0 1254704

// AfterAll
// Benchmark Process 4828 has exited with code 0.

Mean = 186.168 ns, StdErr = 0.349 ns (0.19%), N = 12, StdDev = 1.209 ns
Min = 183.919 ns, Q1 = 185.142 ns, Median = 186.145 ns, Q3 = 187.136 ns, Max = 187.982 ns
IQR = 1.995 ns, LowerFence = 182.149 ns, UpperFence = 190.129 ns
ConfidenceInterval = [184.619 ns; 187.716 ns] (CI 99.9%), Margin = 1.548 ns (0.83% of Mean)
Skewness = -0.23, Kurtosis = 1.79, MValue = 2

// ** Remained 31 (36.5%) benchmark(s) to run. Estimated finish 2026-02-06 8:18 (0h 6m from now) **
Setup power plan (GUID: 8c5e7fda-e8bf-4a96-9a85-a6e23a8c635c FriendlyName: High performance)
// **************************
// Benchmark: Scenario1.D_SimpleResults_Result_FailTValue_ToString: .NET 10.0(Runtime=.NET 10.0, IterationTime=250ms) [Iterations=10]
// *** Execute ***
// Launch: 1 / 1
// Execute: dotnet Enumerations.Options.Benchmarks-1.dll --anonymousPipes 2292 1376 --benchmarkName "ReillyDigital.Enumerations.Options.Benchmarks.Scenarios.Scenario1.D_SimpleResults_Result_FailTValue_ToString(Iterations: 10)" --job ".NET 10.0" --benchmarkId 54 in D:\x\devs\reilly-digital\dotnet\enumerations.options.benchmarks\bin\Debug\net10.0\Enumerations.Options.Benchmarks-1\bin\Release\net10.0
// BeforeAnythingElse

// Benchmark Process Environment Information:
// BenchmarkDotNet v0.15.8
// Runtime=.NET 10.0.2 (10.0.2, 10.0.225.61305), X64 RyuJIT x86-64-v3
// GC=Concurrent Workstation
// HardwareIntrinsics=AVX2+BMI1+BMI2+F16C+FMA+LZCNT+MOVBE,AVX,SSE3+SSSE3+SSE4.1+SSE4.2+POPCNT,X86Base+SSE+SSE2,AES+PCLMUL VectorSize=256
// Job: .NET 10.0(IterationTime=250ms)

OverheadJitting  1: 1 op, 107000.00 ns, 107.0000 us/op
WorkloadJitting  1: 1 op, 10505000.00 ns, 10.5050 ms/op

OverheadJitting  2: 16 op, 181400.00 ns, 11.3375 us/op
WorkloadJitting  2: 16 op, 159400.00 ns, 9.9625 us/op

WorkloadPilot    1: 16 op, 7000.00 ns, 437.5000 ns/op
WorkloadPilot    2: 571440 op, 98569500.00 ns, 172.4932 ns/op
WorkloadPilot    3: 1449344 op, 224392900.00 ns, 154.8238 ns/op
WorkloadPilot    4: 1614752 op, 14413300.00 ns, 8.9260 ns/op
WorkloadPilot    5: 28008032 op, 251653200.00 ns, 8.9850 ns/op
WorkloadPilot    6: 27824048 op, 251629100.00 ns, 9.0436 ns/op
WorkloadPilot    7: 27643920 op, 251095700.00 ns, 9.0832 ns/op

OverheadWarmup   1: 27643920 op, 67909900.00 ns, 2.4566 ns/op
OverheadWarmup   2: 27643920 op, 67575300.00 ns, 2.4445 ns/op
OverheadWarmup   3: 27643920 op, 67548300.00 ns, 2.4435 ns/op
OverheadWarmup   4: 27643920 op, 41992200.00 ns, 1.5190 ns/op
OverheadWarmup   5: 27643920 op, 41285700.00 ns, 1.4935 ns/op
OverheadWarmup   6: 27643920 op, 41301500.00 ns, 1.4941 ns/op
OverheadWarmup   7: 27643920 op, 41170500.00 ns, 1.4893 ns/op
OverheadWarmup   8: 27643920 op, 41150100.00 ns, 1.4886 ns/op
OverheadWarmup   9: 27643920 op, 41240700.00 ns, 1.4919 ns/op
OverheadWarmup  10: 27643920 op, 41219900.00 ns, 1.4911 ns/op

OverheadActual   1: 27643920 op, 43473800.00 ns, 1.5726 ns/op
OverheadActual   2: 27643920 op, 43458400.00 ns, 1.5721 ns/op
OverheadActual   3: 27643920 op, 41248300.00 ns, 1.4921 ns/op
OverheadActual   4: 27643920 op, 41200600.00 ns, 1.4904 ns/op
OverheadActual   5: 27643920 op, 41261300.00 ns, 1.4926 ns/op
OverheadActual   6: 27643920 op, 41216100.00 ns, 1.4910 ns/op
OverheadActual   7: 27643920 op, 41100700.00 ns, 1.4868 ns/op
OverheadActual   8: 27643920 op, 41138600.00 ns, 1.4882 ns/op
OverheadActual   9: 27643920 op, 42530100.00 ns, 1.5385 ns/op
OverheadActual  10: 27643920 op, 42237900.00 ns, 1.5279 ns/op
OverheadActual  11: 27643920 op, 41434300.00 ns, 1.4989 ns/op
OverheadActual  12: 27643920 op, 41275900.00 ns, 1.4931 ns/op
OverheadActual  13: 27643920 op, 41738100.00 ns, 1.5098 ns/op
OverheadActual  14: 27643920 op, 42432600.00 ns, 1.5350 ns/op
OverheadActual  15: 27643920 op, 41230100.00 ns, 1.4915 ns/op

WorkloadWarmup   1: 27643920 op, 247328400.00 ns, 8.9469 ns/op
WorkloadWarmup   2: 27643920 op, 244864400.00 ns, 8.8578 ns/op
WorkloadWarmup   3: 27643920 op, 249854400.00 ns, 9.0383 ns/op
WorkloadWarmup   4: 27643920 op, 249679100.00 ns, 9.0320 ns/op
WorkloadWarmup   5: 27643920 op, 250305600.00 ns, 9.0546 ns/op
WorkloadWarmup   6: 27643920 op, 248589500.00 ns, 8.9926 ns/op

// BeforeActualRun
WorkloadActual   1: 27643920 op, 245297000.00 ns, 8.8735 ns/op
WorkloadActual   2: 27643920 op, 244801800.00 ns, 8.8555 ns/op
WorkloadActual   3: 27643920 op, 244813000.00 ns, 8.8559 ns/op
WorkloadActual   4: 27643920 op, 245869300.00 ns, 8.8942 ns/op
WorkloadActual   5: 27643920 op, 251080100.00 ns, 9.0827 ns/op
WorkloadActual   6: 27643920 op, 244852600.00 ns, 8.8574 ns/op
WorkloadActual   7: 27643920 op, 246696500.00 ns, 8.9241 ns/op
WorkloadActual   8: 27643920 op, 243259800.00 ns, 8.7998 ns/op
WorkloadActual   9: 27643920 op, 257335800.00 ns, 9.3089 ns/op
WorkloadActual  10: 27643920 op, 256917400.00 ns, 9.2938 ns/op
WorkloadActual  11: 27643920 op, 247204000.00 ns, 8.9424 ns/op
WorkloadActual  12: 27643920 op, 246607800.00 ns, 8.9209 ns/op
WorkloadActual  13: 27643920 op, 243961700.00 ns, 8.8251 ns/op
WorkloadActual  14: 27643920 op, 266380400.00 ns, 9.6361 ns/op
WorkloadActual  15: 27643920 op, 251294900.00 ns, 9.0904 ns/op
WorkloadActual  16: 27643920 op, 251347500.00 ns, 9.0923 ns/op

// AfterActualRun
WorkloadResult   1: 27643920 op, 204021100.00 ns, 7.3803 ns/op
WorkloadResult   2: 27643920 op, 203525900.00 ns, 7.3624 ns/op
WorkloadResult   3: 27643920 op, 203537100.00 ns, 7.3628 ns/op
WorkloadResult   4: 27643920 op, 204593400.00 ns, 7.4010 ns/op
WorkloadResult   5: 27643920 op, 209804200.00 ns, 7.5895 ns/op
WorkloadResult   6: 27643920 op, 203576700.00 ns, 7.3642 ns/op
WorkloadResult   7: 27643920 op, 205420600.00 ns, 7.4310 ns/op
WorkloadResult   8: 27643920 op, 201983900.00 ns, 7.3066 ns/op
WorkloadResult   9: 27643920 op, 216059900.00 ns, 7.8158 ns/op
WorkloadResult  10: 27643920 op, 215641500.00 ns, 7.8007 ns/op
WorkloadResult  11: 27643920 op, 205928100.00 ns, 7.4493 ns/op
WorkloadResult  12: 27643920 op, 205331900.00 ns, 7.4277 ns/op
WorkloadResult  13: 27643920 op, 202685800.00 ns, 7.3320 ns/op
WorkloadResult  14: 27643920 op, 210019000.00 ns, 7.5973 ns/op
WorkloadResult  15: 27643920 op, 210071600.00 ns, 7.5992 ns/op
// GC:  0 0 0 264 27643920
// Threading:  0 0 27643920

// AfterAll
// Benchmark Process 680 has exited with code 0.

Mean = 7.481 ns, StdErr = 0.042 ns (0.56%), N = 15, StdDev = 0.163 ns
Min = 7.307 ns, Q1 = 7.364 ns, Median = 7.428 ns, Q3 = 7.593 ns, Max = 7.816 ns
IQR = 0.230 ns, LowerFence = 7.019 ns, UpperFence = 7.938 ns
ConfidenceInterval = [7.307 ns; 7.655 ns] (CI 99.9%), Margin = 0.174 ns (2.33% of Mean)
Skewness = 0.91, Kurtosis = 2.43, MValue = 2

// ** Remained 30 (35.3%) benchmark(s) to run. Estimated finish 2026-02-06 8:18 (0h 6m from now) **
Setup power plan (GUID: 8c5e7fda-e8bf-4a96-9a85-a6e23a8c635c FriendlyName: High performance)
// **************************
// Benchmark: Scenario1.C_ArdalisResult_Result_FailTValue_WithErrorMessage_ToString: .NET 10.0(Runtime=.NET 10.0, IterationTime=250ms) [Iterations=10]
// *** Execute ***
// Launch: 1 / 1
// Execute: dotnet Enumerations.Options.Benchmarks-1.dll --anonymousPipes 2076 2376 --benchmarkName "ReillyDigital.Enumerations.Options.Benchmarks.Scenarios.Scenario1.C_ArdalisResult_Result_FailTValue_WithErrorMessage_ToString(Iterations: 10)" --job ".NET 10.0" --benchmarkId 55 in D:\x\devs\reilly-digital\dotnet\enumerations.options.benchmarks\bin\Debug\net10.0\Enumerations.Options.Benchmarks-1\bin\Release\net10.0
// BeforeAnythingElse

// Benchmark Process Environment Information:
// BenchmarkDotNet v0.15.8
// Runtime=.NET 10.0.2 (10.0.2, 10.0.225.61305), X64 RyuJIT x86-64-v3
// GC=Concurrent Workstation
// HardwareIntrinsics=AVX2+BMI1+BMI2+F16C+FMA+LZCNT+MOVBE,AVX,SSE3+SSSE3+SSE4.1+SSE4.2+POPCNT,X86Base+SSE+SSE2,AES+PCLMUL VectorSize=256
// Job: .NET 10.0(IterationTime=250ms)

OverheadJitting  1: 1 op, 110400.00 ns, 110.4000 us/op
WorkloadJitting  1: 1 op, 10201400.00 ns, 10.2014 ms/op

OverheadJitting  2: 16 op, 185100.00 ns, 11.5688 us/op
WorkloadJitting  2: 16 op, 161300.00 ns, 10.0813 us/op

WorkloadPilot    1: 16 op, 7100.00 ns, 443.7500 ns/op
WorkloadPilot    2: 563392 op, 97187100.00 ns, 172.5035 ns/op
WorkloadPilot    3: 1449248 op, 231303400.00 ns, 159.6024 ns/op
WorkloadPilot    4: 1566400 op, 14191800.00 ns, 9.0601 ns/op
WorkloadPilot    5: 27593408 op, 243995100.00 ns, 8.8425 ns/op
WorkloadPilot    6: 28272512 op, 249419100.00 ns, 8.8220 ns/op
WorkloadPilot    7: 28338368 op, 259465500.00 ns, 9.1560 ns/op
WorkloadPilot    8: 27304576 op, 248534700.00 ns, 9.1023 ns/op
WorkloadPilot    9: 27465568 op, 267554900.00 ns, 9.7415 ns/op
WorkloadPilot   10: 25663488 op, 234789400.00 ns, 9.1488 ns/op
WorkloadPilot   11: 27326080 op, 242007000.00 ns, 8.8563 ns/op
WorkloadPilot   12: 28228608 op, 250148500.00 ns, 8.8615 ns/op

OverheadWarmup   1: 28228608 op, 69118800.00 ns, 2.4485 ns/op
OverheadWarmup   2: 28228608 op, 69009100.00 ns, 2.4447 ns/op
OverheadWarmup   3: 28228608 op, 68980400.00 ns, 2.4436 ns/op
OverheadWarmup   4: 28228608 op, 42380200.00 ns, 1.5013 ns/op
OverheadWarmup   5: 28228608 op, 41985100.00 ns, 1.4873 ns/op
OverheadWarmup   6: 28228608 op, 41944300.00 ns, 1.4859 ns/op
OverheadWarmup   7: 28228608 op, 42294400.00 ns, 1.4983 ns/op
OverheadWarmup   8: 28228608 op, 42019200.00 ns, 1.4885 ns/op
OverheadWarmup   9: 28228608 op, 41991400.00 ns, 1.4875 ns/op
OverheadWarmup  10: 28228608 op, 47675500.00 ns, 1.6889 ns/op

OverheadActual   1: 28228608 op, 44329500.00 ns, 1.5704 ns/op
OverheadActual   2: 28228608 op, 42220000.00 ns, 1.4956 ns/op
OverheadActual   3: 28228608 op, 42198500.00 ns, 1.4949 ns/op
OverheadActual   4: 28228608 op, 42203200.00 ns, 1.4951 ns/op
OverheadActual   5: 28228608 op, 42041800.00 ns, 1.4893 ns/op
OverheadActual   6: 28228608 op, 42992600.00 ns, 1.5230 ns/op
OverheadActual   7: 28228608 op, 42084800.00 ns, 1.4909 ns/op
OverheadActual   8: 28228608 op, 42249200.00 ns, 1.4967 ns/op
OverheadActual   9: 28228608 op, 43116900.00 ns, 1.5274 ns/op
OverheadActual  10: 28228608 op, 42851000.00 ns, 1.5180 ns/op
OverheadActual  11: 28228608 op, 42990600.00 ns, 1.5229 ns/op
OverheadActual  12: 28228608 op, 43011100.00 ns, 1.5237 ns/op
OverheadActual  13: 28228608 op, 42051600.00 ns, 1.4897 ns/op
OverheadActual  14: 28228608 op, 41965000.00 ns, 1.4866 ns/op
OverheadActual  15: 28228608 op, 42087400.00 ns, 1.4909 ns/op

WorkloadWarmup   1: 28228608 op, 251325800.00 ns, 8.9032 ns/op
WorkloadWarmup   2: 28228608 op, 252709100.00 ns, 8.9522 ns/op
WorkloadWarmup   3: 28228608 op, 252222600.00 ns, 8.9350 ns/op
WorkloadWarmup   4: 28228608 op, 252722300.00 ns, 8.9527 ns/op
WorkloadWarmup   5: 28228608 op, 249185100.00 ns, 8.8274 ns/op
WorkloadWarmup   6: 28228608 op, 248496400.00 ns, 8.8030 ns/op

// BeforeActualRun
WorkloadActual   1: 28228608 op, 251660700.00 ns, 8.9151 ns/op
WorkloadActual   2: 28228608 op, 262593900.00 ns, 9.3024 ns/op
WorkloadActual   3: 28228608 op, 253838000.00 ns, 8.9922 ns/op
WorkloadActual   4: 28228608 op, 251298800.00 ns, 8.9023 ns/op
WorkloadActual   5: 28228608 op, 251851300.00 ns, 8.9218 ns/op
WorkloadActual   6: 28228608 op, 258297000.00 ns, 9.1502 ns/op
WorkloadActual   7: 28228608 op, 254507600.00 ns, 9.0159 ns/op
WorkloadActual   8: 28228608 op, 249452500.00 ns, 8.8369 ns/op
WorkloadActual   9: 28228608 op, 252071800.00 ns, 8.9297 ns/op
WorkloadActual  10: 28228608 op, 249228900.00 ns, 8.8289 ns/op
WorkloadActual  11: 28228608 op, 250466500.00 ns, 8.8728 ns/op
WorkloadActual  12: 28228608 op, 250017800.00 ns, 8.8569 ns/op
WorkloadActual  13: 28228608 op, 249803400.00 ns, 8.8493 ns/op
WorkloadActual  14: 28228608 op, 250797000.00 ns, 8.8845 ns/op
WorkloadActual  15: 28228608 op, 265205000.00 ns, 9.3949 ns/op

// AfterActualRun
WorkloadResult   1: 28228608 op, 209440700.00 ns, 7.4194 ns/op
WorkloadResult   2: 28228608 op, 211618000.00 ns, 7.4966 ns/op
WorkloadResult   3: 28228608 op, 209078800.00 ns, 7.4066 ns/op
WorkloadResult   4: 28228608 op, 209631300.00 ns, 7.4262 ns/op
WorkloadResult   5: 28228608 op, 216077000.00 ns, 7.6545 ns/op
WorkloadResult   6: 28228608 op, 212287600.00 ns, 7.5203 ns/op
WorkloadResult   7: 28228608 op, 207232500.00 ns, 7.3412 ns/op
WorkloadResult   8: 28228608 op, 209851800.00 ns, 7.4340 ns/op
WorkloadResult   9: 28228608 op, 207008900.00 ns, 7.3333 ns/op
WorkloadResult  10: 28228608 op, 208246500.00 ns, 7.3771 ns/op
WorkloadResult  11: 28228608 op, 207797800.00 ns, 7.3612 ns/op
WorkloadResult  12: 28228608 op, 207583400.00 ns, 7.3537 ns/op
WorkloadResult  13: 28228608 op, 208577000.00 ns, 7.3889 ns/op
// GC:  0 0 0 264 28228608
// Threading:  0 0 28228608

// AfterAll
// Benchmark Process 17764 has exited with code 0.

Mean = 7.424 ns, StdErr = 0.025 ns (0.33%), N = 13, StdDev = 0.089 ns
Min = 7.333 ns, Q1 = 7.361 ns, Median = 7.407 ns, Q3 = 7.434 ns, Max = 7.655 ns
IQR = 0.073 ns, LowerFence = 7.252 ns, UpperFence = 7.543 ns
ConfidenceInterval = [7.317 ns; 7.531 ns] (CI 99.9%), Margin = 0.107 ns (1.44% of Mean)
Skewness = 1.24, Kurtosis = 3.76, MValue = 2

// ** Remained 29 (34.1%) benchmark(s) to run. Estimated finish 2026-02-06 8:18 (0h 5m from now) **
Setup power plan (GUID: 8c5e7fda-e8bf-4a96-9a85-a6e23a8c635c FriendlyName: High performance)
// **************************
// Benchmark: Scenario1.A_EnumerationsOptions_Result_FailTValue_WithErrorMessage_ToString: .NET 10.0(Runtime=.NET 10.0, IterationTime=250ms) [Iterations=10]
// *** Execute ***
// Launch: 1 / 1
// Execute: dotnet Enumerations.Options.Benchmarks-1.dll --anonymousPipes 1376 2500 --benchmarkName "ReillyDigital.Enumerations.Options.Benchmarks.Scenarios.Scenario1.A_EnumerationsOptions_Result_FailTValue_WithErrorMessage_ToString(Iterations: 10)" --job ".NET 10.0" --benchmarkId 56 in D:\x\devs\reilly-digital\dotnet\enumerations.options.benchmarks\bin\Debug\net10.0\Enumerations.Options.Benchmarks-1\bin\Release\net10.0
// BeforeAnythingElse

// Benchmark Process Environment Information:
// BenchmarkDotNet v0.15.8
// Runtime=.NET 10.0.2 (10.0.2, 10.0.225.61305), X64 RyuJIT x86-64-v3
// GC=Concurrent Workstation
// HardwareIntrinsics=AVX2+BMI1+BMI2+F16C+FMA+LZCNT+MOVBE,AVX,SSE3+SSSE3+SSE4.1+SSE4.2+POPCNT,X86Base+SSE+SSE2,AES+PCLMUL VectorSize=256
// Job: .NET 10.0(IterationTime=250ms)

OverheadJitting  1: 1 op, 107900.00 ns, 107.9000 us/op

System.Reflection.TargetInvocationException: Exception has been thrown by the target of an invocation.
 ---> System.Exception: An unknown error occurred.
   at ReillyDigital.Enumerations.Options._Internal.OptionError`2.ReillyDigital.Enumerations.Options.IOption<TValue>.get_Value()
   at ReillyDigital.Enumerations.Options.Benchmarks.Scenarios.Scenario1.A_EnumerationsOptions_Result_FailTValue_WithErrorMessage_ToString() in D:\x\devs\reilly-digital\dotnet\enumerations.options.benchmarks\Scenarios\Scenario1\EnumerationsOptionsScenario1.cs:line 111
   at BenchmarkDotNet.Autogenerated.Runnable_56.WorkloadActionNoUnroll(Int64 invokeCount) in D:\x\devs\reilly-digital\dotnet\enumerations.options.benchmarks\bin\Debug\net10.0\Enumerations.Options.Benchmarks-1\Enumerations.Options.Benchmarks-1.notcs:line 11120
   at BenchmarkDotNet.Engines.Engine.Measure(Action`1 action, Int64 invokeCount)
   at BenchmarkDotNet.Engines.Engine.RunIteration(IterationData data)
   at BenchmarkDotNet.Engines.EngineFactory.Jit(Engine engine, Int32 jitIndex, Int32 invokeCount, Int32 unrollFactor)
   at BenchmarkDotNet.Engines.EngineFactory.CreateReadyToRun(EngineParameters engineParameters)
   at BenchmarkDotNet.Autogenerated.Runnable_56.Run(IHost host, String benchmarkName) in D:\x\devs\reilly-digital\dotnet\enumerations.options.benchmarks\bin\Debug\net10.0\Enumerations.Options.Benchmarks-1\Enumerations.Options.Benchmarks-1.notcs:line 10985
   at System.Reflection.MethodBaseInvoker.InterpretedInvoke_Method(Object obj, IntPtr* args)
   at System.Reflection.MethodBaseInvoker.InvokeDirectByRefWithFewArgs(Object obj, Span`1 copyOfArgs, BindingFlags invokeAttr)
   --- End of inner exception stack trace ---
   at System.Reflection.MethodBaseInvoker.InvokeDirectByRefWithFewArgs(Object obj, Span`1 copyOfArgs, BindingFlags invokeAttr)
   at System.Reflection.MethodBaseInvoker.InvokeWithFewArgs(Object obj, BindingFlags invokeAttr, Binder binder, Object[] parameters, CultureInfo culture)
   at System.Reflection.RuntimeMethodInfo.Invoke(Object obj, BindingFlags invokeAttr, Binder binder, Object[] parameters, CultureInfo culture)
   at System.Reflection.MethodBase.Invoke(Object obj, Object[] parameters)
   at BenchmarkDotNet.Autogenerated.UniqueProgramName.AfterAssemblyLoadingAttached(String[] args) in D:\x\devs\reilly-digital\dotnet\enumerations.options.benchmarks\bin\Debug\net10.0\Enumerations.Options.Benchmarks-1\Enumerations.Options.Benchmarks-1.notcs:line 57
// AfterAll
No Workload Results were obtained from the run.
// Benchmark Process 5684 has exited with code -1.

// ** Remained 28 (32.9%) benchmark(s) to run. Estimated finish 2026-02-06 8:18 (0h 5m from now) **
Setup power plan (GUID: 8c5e7fda-e8bf-4a96-9a85-a6e23a8c635c FriendlyName: High performance)
// **************************
// Benchmark: Scenario1.B_FluentResults_Result_FailTValue_WithErrorMessage_ToString: .NET 10.0(Runtime=.NET 10.0, IterationTime=250ms) [Iterations=10]
// *** Execute ***
// Launch: 1 / 1
// Execute: dotnet Enumerations.Options.Benchmarks-1.dll --anonymousPipes 2508 2504 --benchmarkName "ReillyDigital.Enumerations.Options.Benchmarks.Scenarios.Scenario1.B_FluentResults_Result_FailTValue_WithErrorMessage_ToString(Iterations: 10)" --job ".NET 10.0" --benchmarkId 57 in D:\x\devs\reilly-digital\dotnet\enumerations.options.benchmarks\bin\Debug\net10.0\Enumerations.Options.Benchmarks-1\bin\Release\net10.0
// BeforeAnythingElse

// Benchmark Process Environment Information:
// BenchmarkDotNet v0.15.8
// Runtime=.NET 10.0.2 (10.0.2, 10.0.225.61305), X64 RyuJIT x86-64-v3
// GC=Concurrent Workstation
// HardwareIntrinsics=AVX2+BMI1+BMI2+F16C+FMA+LZCNT+MOVBE,AVX,SSE3+SSSE3+SSE4.1+SSE4.2+POPCNT,X86Base+SSE+SSE2,AES+PCLMUL VectorSize=256
// Job: .NET 10.0(IterationTime=250ms)

OverheadJitting  1: 1 op, 119100.00 ns, 119.1000 us/op
WorkloadJitting  1: 1 op, 13488500.00 ns, 13.4885 ms/op

OverheadJitting  2: 16 op, 391100.00 ns, 24.4438 us/op
WorkloadJitting  2: 16 op, 400000.00 ns, 25.0000 us/op

WorkloadPilot    1: 16 op, 140500.00 ns, 8.7813 us/op
WorkloadPilot    2: 28480 op, 227000900.00 ns, 7.9705 us/op
WorkloadPilot    3: 31376 op, 94701200.00 ns, 3.0183 us/op
WorkloadPilot    4: 82832 op, 225699500.00 ns, 2.7248 us/op
WorkloadPilot    5: 91760 op, 243244800.00 ns, 2.6509 us/op
WorkloadPilot    6: 94320 op, 254724700.00 ns, 2.7006 us/op
WorkloadPilot    7: 92576 op, 245954400.00 ns, 2.6568 us/op
WorkloadPilot    8: 94112 op, 252815700.00 ns, 2.6863 us/op
WorkloadPilot    9: 93072 op, 258864400.00 ns, 2.7813 us/op

OverheadWarmup   1: 93072 op, 230800.00 ns, 2.4798 ns/op
OverheadWarmup   2: 93072 op, 211100.00 ns, 2.2681 ns/op
OverheadWarmup   3: 93072 op, 224700.00 ns, 2.4143 ns/op
OverheadWarmup   4: 93072 op, 206100.00 ns, 2.2144 ns/op
OverheadWarmup   5: 93072 op, 222600.00 ns, 2.3917 ns/op
OverheadWarmup   6: 93072 op, 201000.00 ns, 2.1596 ns/op

OverheadActual   1: 93072 op, 219300.00 ns, 2.3562 ns/op
OverheadActual   2: 93072 op, 236100.00 ns, 2.5367 ns/op
OverheadActual   3: 93072 op, 212100.00 ns, 2.2789 ns/op
OverheadActual   4: 93072 op, 227000.00 ns, 2.4390 ns/op
OverheadActual   5: 93072 op, 207500.00 ns, 2.2295 ns/op
OverheadActual   6: 93072 op, 223100.00 ns, 2.3971 ns/op
OverheadActual   7: 93072 op, 203200.00 ns, 2.1833 ns/op
OverheadActual   8: 93072 op, 230800.00 ns, 2.4798 ns/op
OverheadActual   9: 93072 op, 230900.00 ns, 2.4809 ns/op
OverheadActual  10: 93072 op, 213500.00 ns, 2.2939 ns/op
OverheadActual  11: 93072 op, 225100.00 ns, 2.4186 ns/op
OverheadActual  12: 93072 op, 205000.00 ns, 2.2026 ns/op
OverheadActual  13: 93072 op, 218500.00 ns, 2.3476 ns/op
OverheadActual  14: 93072 op, 233300.00 ns, 2.5067 ns/op
OverheadActual  15: 93072 op, 213100.00 ns, 2.2896 ns/op
OverheadActual  16: 93072 op, 265600.00 ns, 2.8537 ns/op
OverheadActual  17: 93072 op, 241900.00 ns, 2.5991 ns/op
OverheadActual  18: 93072 op, 224700.00 ns, 2.4143 ns/op

WorkloadWarmup   1: 93072 op, 267863500.00 ns, 2.8780 us/op
WorkloadWarmup   2: 93072 op, 249357200.00 ns, 2.6792 us/op
WorkloadWarmup   3: 93072 op, 261047000.00 ns, 2.8048 us/op
WorkloadWarmup   4: 93072 op, 256804400.00 ns, 2.7592 us/op
WorkloadWarmup   5: 93072 op, 250293100.00 ns, 2.6892 us/op
WorkloadWarmup   6: 93072 op, 253301900.00 ns, 2.7216 us/op
WorkloadWarmup   7: 93072 op, 258742700.00 ns, 2.7800 us/op
WorkloadWarmup   8: 93072 op, 246233900.00 ns, 2.6456 us/op

// BeforeActualRun
WorkloadActual   1: 93072 op, 252517500.00 ns, 2.7131 us/op
WorkloadActual   2: 93072 op, 263165600.00 ns, 2.8275 us/op
WorkloadActual   3: 93072 op, 260455900.00 ns, 2.7984 us/op
WorkloadActual   4: 93072 op, 253925000.00 ns, 2.7283 us/op
WorkloadActual   5: 93072 op, 267142400.00 ns, 2.8703 us/op
WorkloadActual   6: 93072 op, 271814400.00 ns, 2.9205 us/op
WorkloadActual   7: 93072 op, 287600500.00 ns, 3.0901 us/op
WorkloadActual   8: 93072 op, 301251500.00 ns, 3.2368 us/op
WorkloadActual   9: 93072 op, 271423000.00 ns, 2.9163 us/op
WorkloadActual  10: 93072 op, 291636900.00 ns, 3.1335 us/op
WorkloadActual  11: 93072 op, 290765400.00 ns, 3.1241 us/op
WorkloadActual  12: 93072 op, 285428500.00 ns, 3.0667 us/op
WorkloadActual  13: 93072 op, 271628700.00 ns, 2.9185 us/op
WorkloadActual  14: 93072 op, 279198000.00 ns, 2.9998 us/op
WorkloadActual  15: 93072 op, 281775600.00 ns, 3.0275 us/op
WorkloadActual  16: 93072 op, 266803900.00 ns, 2.8666 us/op
WorkloadActual  17: 93072 op, 287127800.00 ns, 3.0850 us/op
WorkloadActual  18: 93072 op, 273197800.00 ns, 2.9353 us/op
WorkloadActual  19: 93072 op, 278053200.00 ns, 2.9875 us/op
WorkloadActual  20: 93072 op, 261159200.00 ns, 2.8060 us/op
WorkloadActual  21: 93072 op, 260287000.00 ns, 2.7966 us/op
WorkloadActual  22: 93072 op, 257423000.00 ns, 2.7658 us/op
WorkloadActual  23: 93072 op, 275488600.00 ns, 2.9600 us/op
WorkloadActual  24: 93072 op, 268055700.00 ns, 2.8801 us/op
WorkloadActual  25: 93072 op, 259082700.00 ns, 2.7837 us/op
WorkloadActual  26: 93072 op, 249962600.00 ns, 2.6857 us/op
WorkloadActual  27: 93072 op, 251931800.00 ns, 2.7068 us/op
WorkloadActual  28: 93072 op, 248403900.00 ns, 2.6689 us/op
WorkloadActual  29: 93072 op, 258802600.00 ns, 2.7807 us/op
WorkloadActual  30: 93072 op, 268498200.00 ns, 2.8848 us/op
WorkloadActual  31: 93072 op, 250360700.00 ns, 2.6900 us/op
WorkloadActual  32: 93072 op, 266548400.00 ns, 2.8639 us/op
WorkloadActual  33: 93072 op, 254147900.00 ns, 2.7307 us/op
WorkloadActual  34: 93072 op, 249156800.00 ns, 2.6770 us/op
WorkloadActual  35: 93072 op, 256446100.00 ns, 2.7554 us/op
WorkloadActual  36: 93072 op, 255532800.00 ns, 2.7455 us/op
WorkloadActual  37: 93072 op, 254631100.00 ns, 2.7359 us/op
WorkloadActual  38: 93072 op, 257570700.00 ns, 2.7674 us/op
WorkloadActual  39: 93072 op, 267533900.00 ns, 2.8745 us/op
WorkloadActual  40: 93072 op, 280284300.00 ns, 3.0115 us/op
WorkloadActual  41: 93072 op, 267286500.00 ns, 2.8718 us/op
WorkloadActual  42: 93072 op, 251164400.00 ns, 2.6986 us/op
WorkloadActual  43: 93072 op, 252442700.00 ns, 2.7123 us/op
WorkloadActual  44: 93072 op, 249594200.00 ns, 2.6817 us/op
WorkloadActual  45: 93072 op, 255691500.00 ns, 2.7472 us/op
WorkloadActual  46: 93072 op, 260050800.00 ns, 2.7941 us/op
WorkloadActual  47: 93072 op, 258537800.00 ns, 2.7778 us/op
WorkloadActual  48: 93072 op, 257839000.00 ns, 2.7703 us/op
WorkloadActual  49: 93072 op, 270606100.00 ns, 2.9075 us/op
WorkloadActual  50: 93072 op, 252422500.00 ns, 2.7121 us/op
WorkloadActual  51: 93072 op, 255520000.00 ns, 2.7454 us/op
WorkloadActual  52: 93072 op, 253933700.00 ns, 2.7284 us/op
WorkloadActual  53: 93072 op, 255997300.00 ns, 2.7505 us/op
WorkloadActual  54: 93072 op, 253448900.00 ns, 2.7231 us/op
WorkloadActual  55: 93072 op, 253758300.00 ns, 2.7265 us/op
WorkloadActual  56: 93072 op, 265871300.00 ns, 2.8566 us/op
WorkloadActual  57: 93072 op, 270120400.00 ns, 2.9023 us/op
WorkloadActual  58: 93072 op, 265719900.00 ns, 2.8550 us/op
WorkloadActual  59: 93072 op, 251775300.00 ns, 2.7052 us/op
WorkloadActual  60: 93072 op, 251432100.00 ns, 2.7015 us/op

// AfterActualRun
WorkloadResult   1: 93072 op, 252293600.00 ns, 2.7107 us/op
WorkloadResult   2: 93072 op, 262941700.00 ns, 2.8251 us/op
WorkloadResult   3: 93072 op, 260232000.00 ns, 2.7960 us/op
WorkloadResult   4: 93072 op, 253701100.00 ns, 2.7259 us/op
WorkloadResult   5: 93072 op, 266918500.00 ns, 2.8679 us/op
WorkloadResult   6: 93072 op, 271590500.00 ns, 2.9181 us/op
WorkloadResult   7: 93072 op, 287376600.00 ns, 3.0877 us/op
WorkloadResult   8: 93072 op, 271199100.00 ns, 2.9139 us/op
WorkloadResult   9: 93072 op, 291413000.00 ns, 3.1310 us/op
WorkloadResult  10: 93072 op, 290541500.00 ns, 3.1217 us/op
WorkloadResult  11: 93072 op, 285204600.00 ns, 3.0643 us/op
WorkloadResult  12: 93072 op, 271404800.00 ns, 2.9161 us/op
WorkloadResult  13: 93072 op, 278974100.00 ns, 2.9974 us/op
WorkloadResult  14: 93072 op, 281551700.00 ns, 3.0251 us/op
WorkloadResult  15: 93072 op, 266580000.00 ns, 2.8642 us/op
WorkloadResult  16: 93072 op, 286903900.00 ns, 3.0826 us/op
WorkloadResult  17: 93072 op, 272973900.00 ns, 2.9329 us/op
WorkloadResult  18: 93072 op, 277829300.00 ns, 2.9851 us/op
WorkloadResult  19: 93072 op, 260935300.00 ns, 2.8036 us/op
WorkloadResult  20: 93072 op, 260063100.00 ns, 2.7942 us/op
WorkloadResult  21: 93072 op, 257199100.00 ns, 2.7634 us/op
WorkloadResult  22: 93072 op, 275264700.00 ns, 2.9575 us/op
WorkloadResult  23: 93072 op, 267831800.00 ns, 2.8777 us/op
WorkloadResult  24: 93072 op, 258858800.00 ns, 2.7813 us/op
WorkloadResult  25: 93072 op, 249738700.00 ns, 2.6833 us/op
WorkloadResult  26: 93072 op, 251707900.00 ns, 2.7044 us/op
WorkloadResult  27: 93072 op, 248180000.00 ns, 2.6665 us/op
WorkloadResult  28: 93072 op, 258578700.00 ns, 2.7783 us/op
WorkloadResult  29: 93072 op, 268274300.00 ns, 2.8824 us/op
WorkloadResult  30: 93072 op, 250136800.00 ns, 2.6876 us/op
WorkloadResult  31: 93072 op, 266324500.00 ns, 2.8615 us/op
WorkloadResult  32: 93072 op, 253924000.00 ns, 2.7283 us/op
WorkloadResult  33: 93072 op, 248932900.00 ns, 2.6746 us/op
WorkloadResult  34: 93072 op, 256222200.00 ns, 2.7529 us/op
WorkloadResult  35: 93072 op, 255308900.00 ns, 2.7431 us/op
WorkloadResult  36: 93072 op, 254407200.00 ns, 2.7334 us/op
WorkloadResult  37: 93072 op, 257346800.00 ns, 2.7650 us/op
WorkloadResult  38: 93072 op, 267310000.00 ns, 2.8721 us/op
WorkloadResult  39: 93072 op, 280060400.00 ns, 3.0091 us/op
WorkloadResult  40: 93072 op, 267062600.00 ns, 2.8694 us/op
WorkloadResult  41: 93072 op, 250940500.00 ns, 2.6962 us/op
WorkloadResult  42: 93072 op, 252218800.00 ns, 2.7099 us/op
WorkloadResult  43: 93072 op, 249370300.00 ns, 2.6793 us/op
WorkloadResult  44: 93072 op, 255467600.00 ns, 2.7448 us/op
WorkloadResult  45: 93072 op, 259826900.00 ns, 2.7917 us/op
WorkloadResult  46: 93072 op, 258313900.00 ns, 2.7754 us/op
WorkloadResult  47: 93072 op, 257615100.00 ns, 2.7679 us/op
WorkloadResult  48: 93072 op, 270382200.00 ns, 2.9051 us/op
WorkloadResult  49: 93072 op, 252198600.00 ns, 2.7097 us/op
WorkloadResult  50: 93072 op, 255296100.00 ns, 2.7430 us/op
WorkloadResult  51: 93072 op, 253709800.00 ns, 2.7260 us/op
WorkloadResult  52: 93072 op, 255773400.00 ns, 2.7481 us/op
WorkloadResult  53: 93072 op, 253225000.00 ns, 2.7207 us/op
WorkloadResult  54: 93072 op, 253534400.00 ns, 2.7241 us/op
WorkloadResult  55: 93072 op, 265647400.00 ns, 2.8542 us/op
WorkloadResult  56: 93072 op, 269896500.00 ns, 2.8999 us/op
WorkloadResult  57: 93072 op, 265496000.00 ns, 2.8526 us/op
WorkloadResult  58: 93072 op, 251551400.00 ns, 2.7028 us/op
WorkloadResult  59: 93072 op, 251208200.00 ns, 2.6991 us/op
// GC:  132 0 0 1109444840 93072
// Threading:  0 0 93072

// AfterAll
// Benchmark Process 9268 has exited with code 0.

Mean = 2.827 μs, StdErr = 0.016 μs (0.58%), N = 59, StdDev = 0.125 μs
Min = 2.667 μs, Q1 = 2.726 μs, Median = 2.792 μs, Q3 = 2.902 μs, Max = 3.131 μs
IQR = 0.177 μs, LowerFence = 2.461 μs, UpperFence = 3.167 μs
ConfidenceInterval = [2.771 μs; 2.884 μs] (CI 99.9%), Margin = 0.056 μs (1.99% of Mean)
Skewness = 0.79, Kurtosis = 2.63, MValue = 2.78

// ** Remained 27 (31.8%) benchmark(s) to run. Estimated finish 2026-02-06 8:18 (0h 5m from now) **
Setup power plan (GUID: 8c5e7fda-e8bf-4a96-9a85-a6e23a8c635c FriendlyName: High performance)
// **************************
// Benchmark: Scenario1.E_Rascal_Result_FailTValue_WithErrorMessage_ToString: .NET 10.0(Runtime=.NET 10.0, IterationTime=250ms) [Iterations=10]
// *** Execute ***
// Launch: 1 / 1
// Execute: dotnet Enumerations.Options.Benchmarks-1.dll --anonymousPipes 2348 2540 --benchmarkName "ReillyDigital.Enumerations.Options.Benchmarks.Scenarios.Scenario1.E_Rascal_Result_FailTValue_WithErrorMessage_ToString(Iterations: 10)" --job ".NET 10.0" --benchmarkId 58 in D:\x\devs\reilly-digital\dotnet\enumerations.options.benchmarks\bin\Debug\net10.0\Enumerations.Options.Benchmarks-1\bin\Release\net10.0
// BeforeAnythingElse

// Benchmark Process Environment Information:
// BenchmarkDotNet v0.15.8
// Runtime=.NET 10.0.2 (10.0.2, 10.0.225.61305), X64 RyuJIT x86-64-v3
// GC=Concurrent Workstation
// HardwareIntrinsics=AVX2+BMI1+BMI2+F16C+FMA+LZCNT+MOVBE,AVX,SSE3+SSSE3+SSE4.1+SSE4.2+POPCNT,X86Base+SSE+SSE2,AES+PCLMUL VectorSize=256
// Job: .NET 10.0(IterationTime=250ms)

OverheadJitting  1: 1 op, 126300.00 ns, 126.3000 us/op
WorkloadJitting  1: 1 op, 13424500.00 ns, 13.4245 ms/op

OverheadJitting  2: 16 op, 197100.00 ns, 12.3188 us/op
WorkloadJitting  2: 16 op, 170700.00 ns, 10.6688 us/op

WorkloadPilot    1: 16 op, 26300.00 ns, 1.6438 us/op
WorkloadPilot    2: 152096 op, 147321100.00 ns, 968.6060 ns/op
WorkloadPilot    3: 258112 op, 120286600.00 ns, 466.0248 ns/op
WorkloadPilot    4: 536464 op, 125643600.00 ns, 234.2070 ns/op
WorkloadPilot    5: 1067440 op, 232345700.00 ns, 217.6663 ns/op
WorkloadPilot    6: 1148560 op, 247801600.00 ns, 215.7498 ns/op
WorkloadPilot    7: 1158752 op, 250737500.00 ns, 216.3858 ns/op
WorkloadPilot    8: 1155344 op, 269548700.00 ns, 233.3060 ns/op
WorkloadPilot    9: 1071568 op, 258361400.00 ns, 241.1059 ns/op

OverheadWarmup   1: 1071568 op, 2730700.00 ns, 2.5483 ns/op
OverheadWarmup   2: 1071568 op, 2620200.00 ns, 2.4452 ns/op
OverheadWarmup   3: 1071568 op, 2670900.00 ns, 2.4925 ns/op
OverheadWarmup   4: 1071568 op, 2607200.00 ns, 2.4331 ns/op
OverheadWarmup   5: 1071568 op, 2645900.00 ns, 2.4692 ns/op
OverheadWarmup   6: 1071568 op, 2673400.00 ns, 2.4948 ns/op
OverheadWarmup   7: 1071568 op, 2636300.00 ns, 2.4602 ns/op

OverheadActual   1: 1071568 op, 2649800.00 ns, 2.4728 ns/op
OverheadActual   2: 1071568 op, 3093000.00 ns, 2.8864 ns/op
OverheadActual   3: 1071568 op, 2710700.00 ns, 2.5297 ns/op
OverheadActual   4: 1071568 op, 2648300.00 ns, 2.4714 ns/op
OverheadActual   5: 1071568 op, 2651800.00 ns, 2.4747 ns/op
OverheadActual   6: 1071568 op, 2642000.00 ns, 2.4655 ns/op
OverheadActual   7: 1071568 op, 2694100.00 ns, 2.5142 ns/op
OverheadActual   8: 1071568 op, 2678800.00 ns, 2.4999 ns/op
OverheadActual   9: 1071568 op, 3118300.00 ns, 2.9100 ns/op
OverheadActual  10: 1071568 op, 2663200.00 ns, 2.4853 ns/op
OverheadActual  11: 1071568 op, 2943800.00 ns, 2.7472 ns/op
OverheadActual  12: 1071568 op, 2675400.00 ns, 2.4967 ns/op
OverheadActual  13: 1071568 op, 2739200.00 ns, 2.5563 ns/op
OverheadActual  14: 1071568 op, 3101700.00 ns, 2.8945 ns/op
OverheadActual  15: 1071568 op, 2734900.00 ns, 2.5522 ns/op
OverheadActual  16: 1071568 op, 2658100.00 ns, 2.4806 ns/op
OverheadActual  17: 1071568 op, 2603100.00 ns, 2.4292 ns/op

WorkloadWarmup   1: 1071568 op, 239685100.00 ns, 223.6770 ns/op
WorkloadWarmup   2: 1071568 op, 258437300.00 ns, 241.1768 ns/op
WorkloadWarmup   3: 1071568 op, 227176500.00 ns, 212.0038 ns/op
WorkloadWarmup   4: 1071568 op, 246631800.00 ns, 230.1597 ns/op
WorkloadWarmup   5: 1071568 op, 248919500.00 ns, 232.2946 ns/op
WorkloadWarmup   6: 1071568 op, 248588500.00 ns, 231.9857 ns/op

// BeforeActualRun
WorkloadActual   1: 1071568 op, 240790600.00 ns, 224.7087 ns/op
WorkloadActual   2: 1071568 op, 271929600.00 ns, 253.7679 ns/op
WorkloadActual   3: 1071568 op, 241696200.00 ns, 225.5538 ns/op
WorkloadActual   4: 1071568 op, 234085000.00 ns, 218.4509 ns/op
WorkloadActual   5: 1071568 op, 235836000.00 ns, 220.0850 ns/op
WorkloadActual   6: 1071568 op, 238948000.00 ns, 222.9891 ns/op
WorkloadActual   7: 1071568 op, 229091000.00 ns, 213.7904 ns/op
WorkloadActual   8: 1071568 op, 242937800.00 ns, 226.7124 ns/op
WorkloadActual   9: 1071568 op, 234395700.00 ns, 218.7409 ns/op
WorkloadActual  10: 1071568 op, 238337600.00 ns, 222.4195 ns/op
WorkloadActual  11: 1071568 op, 237793800.00 ns, 221.9120 ns/op
WorkloadActual  12: 1071568 op, 238874700.00 ns, 222.9207 ns/op
WorkloadActual  13: 1071568 op, 233755600.00 ns, 218.1435 ns/op
WorkloadActual  14: 1071568 op, 261838600.00 ns, 244.3509 ns/op
WorkloadActual  15: 1071568 op, 234790500.00 ns, 219.1093 ns/op

// AfterActualRun
WorkloadResult   1: 1071568 op, 238111800.00 ns, 222.2088 ns/op
WorkloadResult   2: 1071568 op, 239017400.00 ns, 223.0539 ns/op
WorkloadResult   3: 1071568 op, 231406200.00 ns, 215.9510 ns/op
WorkloadResult   4: 1071568 op, 233157200.00 ns, 217.5851 ns/op
WorkloadResult   5: 1071568 op, 236269200.00 ns, 220.4892 ns/op
WorkloadResult   6: 1071568 op, 226412200.00 ns, 211.2906 ns/op
WorkloadResult   7: 1071568 op, 240259000.00 ns, 224.2126 ns/op
WorkloadResult   8: 1071568 op, 231716900.00 ns, 216.2410 ns/op
WorkloadResult   9: 1071568 op, 235658800.00 ns, 219.9196 ns/op
WorkloadResult  10: 1071568 op, 235115000.00 ns, 219.4121 ns/op
WorkloadResult  11: 1071568 op, 236195900.00 ns, 220.4208 ns/op
WorkloadResult  12: 1071568 op, 231076800.00 ns, 215.6436 ns/op
WorkloadResult  13: 1071568 op, 232111700.00 ns, 216.6094 ns/op
// GC:  122 0 0 1028705280 1071568
// Threading:  0 0 1071568

// AfterAll
// Benchmark Process 15052 has exited with code 0.

Mean = 218.695 ns, StdErr = 0.991 ns (0.45%), N = 13, StdDev = 3.574 ns
Min = 211.291 ns, Q1 = 216.241 ns, Median = 219.412 ns, Q3 = 220.489 ns, Max = 224.213 ns
IQR = 4.248 ns, LowerFence = 209.869 ns, UpperFence = 226.862 ns
ConfidenceInterval = [214.415 ns; 222.975 ns] (CI 99.9%), Margin = 4.280 ns (1.96% of Mean)
Skewness = -0.29, Kurtosis = 2.2, MValue = 2

// ** Remained 26 (30.6%) benchmark(s) to run. Estimated finish 2026-02-06 8:18 (0h 5m from now) **
Setup power plan (GUID: 8c5e7fda-e8bf-4a96-9a85-a6e23a8c635c FriendlyName: High performance)
// **************************
// Benchmark: Scenario1.D_SimpleResults_Result_FailTValue_WithErrorMessage_ToString: .NET 10.0(Runtime=.NET 10.0, IterationTime=250ms) [Iterations=10]
// *** Execute ***
// Launch: 1 / 1
// Execute: dotnet Enumerations.Options.Benchmarks-1.dll --anonymousPipes 2596 2592 --benchmarkName "ReillyDigital.Enumerations.Options.Benchmarks.Scenarios.Scenario1.D_SimpleResults_Result_FailTValue_WithErrorMessage_ToString(Iterations: 10)" --job ".NET 10.0" --benchmarkId 59 in D:\x\devs\reilly-digital\dotnet\enumerations.options.benchmarks\bin\Debug\net10.0\Enumerations.Options.Benchmarks-1\bin\Release\net10.0
// BeforeAnythingElse

// Benchmark Process Environment Information:
// BenchmarkDotNet v0.15.8
// Runtime=.NET 10.0.2 (10.0.2, 10.0.225.61305), X64 RyuJIT x86-64-v3
// GC=Concurrent Workstation
// HardwareIntrinsics=AVX2+BMI1+BMI2+F16C+FMA+LZCNT+MOVBE,AVX,SSE3+SSSE3+SSE4.1+SSE4.2+POPCNT,X86Base+SSE+SSE2,AES+PCLMUL VectorSize=256
// Job: .NET 10.0(IterationTime=250ms)

OverheadJitting  1: 1 op, 130800.00 ns, 130.8000 us/op
WorkloadJitting  1: 1 op, 11447800.00 ns, 11.4478 ms/op

OverheadJitting  2: 16 op, 183600.00 ns, 11.4750 us/op
WorkloadJitting  2: 16 op, 160000.00 ns, 10.0000 us/op

WorkloadPilot    1: 16 op, 7400.00 ns, 462.5000 ns/op
WorkloadPilot    2: 540544 op, 97708300.00 ns, 180.7592 ns/op
WorkloadPilot    3: 1383056 op, 228916300.00 ns, 165.5148 ns/op
WorkloadPilot    4: 1510448 op, 17700200.00 ns, 11.7185 ns/op
WorkloadPilot    5: 21333776 op, 194736200.00 ns, 9.1281 ns/op
WorkloadPilot    6: 27388048 op, 250000000.00 ns, 9.1281 ns/op

OverheadWarmup   1: 27388048 op, 68902200.00 ns, 2.5158 ns/op
OverheadWarmup   2: 27388048 op, 69176200.00 ns, 2.5258 ns/op
OverheadWarmup   3: 27388048 op, 68837200.00 ns, 2.5134 ns/op
OverheadWarmup   4: 27388048 op, 48361300.00 ns, 1.7658 ns/op
OverheadWarmup   5: 27388048 op, 42893700.00 ns, 1.5661 ns/op
OverheadWarmup   6: 27388048 op, 43841000.00 ns, 1.6007 ns/op
OverheadWarmup   7: 27388048 op, 43534300.00 ns, 1.5895 ns/op

OverheadActual   1: 27388048 op, 44158700.00 ns, 1.6123 ns/op
OverheadActual   2: 27388048 op, 42618600.00 ns, 1.5561 ns/op
OverheadActual   3: 27388048 op, 42871600.00 ns, 1.5653 ns/op
OverheadActual   4: 27388048 op, 41376400.00 ns, 1.5107 ns/op
OverheadActual   5: 27388048 op, 41252000.00 ns, 1.5062 ns/op
OverheadActual   6: 27388048 op, 41508700.00 ns, 1.5156 ns/op
OverheadActual   7: 27388048 op, 42371700.00 ns, 1.5471 ns/op
OverheadActual   8: 27388048 op, 43324800.00 ns, 1.5819 ns/op
OverheadActual   9: 27388048 op, 43157200.00 ns, 1.5758 ns/op
OverheadActual  10: 27388048 op, 43537600.00 ns, 1.5897 ns/op
OverheadActual  11: 27388048 op, 43698700.00 ns, 1.5955 ns/op
OverheadActual  12: 27388048 op, 41997900.00 ns, 1.5334 ns/op
OverheadActual  13: 27388048 op, 41243000.00 ns, 1.5059 ns/op
OverheadActual  14: 27388048 op, 42052500.00 ns, 1.5354 ns/op
OverheadActual  15: 27388048 op, 42495200.00 ns, 1.5516 ns/op

WorkloadWarmup   1: 27388048 op, 245666500.00 ns, 8.9698 ns/op
WorkloadWarmup   2: 27388048 op, 245819100.00 ns, 8.9754 ns/op
WorkloadWarmup   3: 27388048 op, 243630400.00 ns, 8.8955 ns/op
WorkloadWarmup   4: 27388048 op, 244069400.00 ns, 8.9115 ns/op
WorkloadWarmup   5: 27388048 op, 245163900.00 ns, 8.9515 ns/op
WorkloadWarmup   6: 27388048 op, 247535900.00 ns, 9.0381 ns/op
WorkloadWarmup   7: 27388048 op, 245464000.00 ns, 8.9624 ns/op

// BeforeActualRun
WorkloadActual   1: 27388048 op, 245387000.00 ns, 8.9596 ns/op
WorkloadActual   2: 27388048 op, 248115800.00 ns, 9.0593 ns/op
WorkloadActual   3: 27388048 op, 251378000.00 ns, 9.1784 ns/op
WorkloadActual   4: 27388048 op, 243841200.00 ns, 8.9032 ns/op
WorkloadActual   5: 27388048 op, 246111100.00 ns, 8.9861 ns/op
WorkloadActual   6: 27388048 op, 243364400.00 ns, 8.8858 ns/op
WorkloadActual   7: 27388048 op, 244212500.00 ns, 8.9168 ns/op
WorkloadActual   8: 27388048 op, 246285400.00 ns, 8.9924 ns/op
WorkloadActual   9: 27388048 op, 247346400.00 ns, 9.0312 ns/op
WorkloadActual  10: 27388048 op, 246268200.00 ns, 8.9918 ns/op
WorkloadActual  11: 27388048 op, 244740100.00 ns, 8.9360 ns/op
WorkloadActual  12: 27388048 op, 243493100.00 ns, 8.8905 ns/op
WorkloadActual  13: 27388048 op, 243093400.00 ns, 8.8759 ns/op
WorkloadActual  14: 27388048 op, 247140600.00 ns, 9.0237 ns/op
WorkloadActual  15: 27388048 op, 244068700.00 ns, 8.9115 ns/op

// AfterActualRun
WorkloadResult   1: 27388048 op, 202891800.00 ns, 7.4080 ns/op
WorkloadResult   2: 27388048 op, 205620600.00 ns, 7.5077 ns/op
WorkloadResult   3: 27388048 op, 201346000.00 ns, 7.3516 ns/op
WorkloadResult   4: 27388048 op, 203615900.00 ns, 7.4345 ns/op
WorkloadResult   5: 27388048 op, 200869200.00 ns, 7.3342 ns/op
WorkloadResult   6: 27388048 op, 201717300.00 ns, 7.3652 ns/op
WorkloadResult   7: 27388048 op, 203790200.00 ns, 7.4408 ns/op
WorkloadResult   8: 27388048 op, 204851200.00 ns, 7.4796 ns/op
WorkloadResult   9: 27388048 op, 203773000.00 ns, 7.4402 ns/op
WorkloadResult  10: 27388048 op, 202244900.00 ns, 7.3844 ns/op
WorkloadResult  11: 27388048 op, 200997900.00 ns, 7.3389 ns/op
WorkloadResult  12: 27388048 op, 200598200.00 ns, 7.3243 ns/op
WorkloadResult  13: 27388048 op, 204645400.00 ns, 7.4721 ns/op
WorkloadResult  14: 27388048 op, 201573500.00 ns, 7.3599 ns/op
// GC:  0 0 0 264 27388048
// Threading:  0 0 27388048

// AfterAll
// Benchmark Process 2948 has exited with code 0.

Mean = 7.403 ns, StdErr = 0.016 ns (0.22%), N = 14, StdDev = 0.060 ns
Min = 7.324 ns, Q1 = 7.354 ns, Median = 7.396 ns, Q3 = 7.441 ns, Max = 7.508 ns
IQR = 0.087 ns, LowerFence = 7.223 ns, UpperFence = 7.571 ns
ConfidenceInterval = [7.335 ns; 7.471 ns] (CI 99.9%), Margin = 0.068 ns (0.91% of Mean)
Skewness = 0.24, Kurtosis = 1.51, MValue = 2

// ** Remained 25 (29.4%) benchmark(s) to run. Estimated finish 2026-02-06 8:18 (0h 4m from now) **
Setup power plan (GUID: 8c5e7fda-e8bf-4a96-9a85-a6e23a8c635c FriendlyName: High performance)
// **************************
// Benchmark: Scenario1.C_ArdalisResult_Result_IsSuccess: .NET 10.0(Runtime=.NET 10.0, IterationTime=250ms) [Iterations=10]
// *** Execute ***
// Launch: 1 / 1
// Execute: dotnet Enumerations.Options.Benchmarks-1.dll --anonymousPipes 2436 2484 --benchmarkName "ReillyDigital.Enumerations.Options.Benchmarks.Scenarios.Scenario1.C_ArdalisResult_Result_IsSuccess(Iterations: 10)" --job ".NET 10.0" --benchmarkId 60 in D:\x\devs\reilly-digital\dotnet\enumerations.options.benchmarks\bin\Debug\net10.0\Enumerations.Options.Benchmarks-1\bin\Release\net10.0
// BeforeAnythingElse

// Benchmark Process Environment Information:
// BenchmarkDotNet v0.15.8
// Runtime=.NET 10.0.2 (10.0.2, 10.0.225.61305), X64 RyuJIT x86-64-v3
// GC=Concurrent Workstation
// HardwareIntrinsics=AVX2+BMI1+BMI2+F16C+FMA+LZCNT+MOVBE,AVX,SSE3+SSSE3+SSE4.1+SSE4.2+POPCNT,X86Base+SSE+SSE2,AES+PCLMUL VectorSize=256
// Job: .NET 10.0(IterationTime=250ms)

OverheadJitting  1: 1 op, 119400.00 ns, 119.4000 us/op
WorkloadJitting  1: 1 op, 10877100.00 ns, 10.8771 ms/op

OverheadJitting  2: 16 op, 191100.00 ns, 11.9438 us/op
WorkloadJitting  2: 16 op, 149100.00 ns, 9.3188 us/op

WorkloadPilot    1: 16 op, 2400.00 ns, 150.0000 ns/op
WorkloadPilot    2: 1666672 op, 165983600.00 ns, 99.5898 ns/op
WorkloadPilot    3: 2510304 op, 43021600.00 ns, 17.1380 ns/op
WorkloadPilot    4: 14587472 op, 68197900.00 ns, 4.6751 ns/op
WorkloadPilot    5: 53474784 op, 250493600.00 ns, 4.6843 ns/op
WorkloadPilot    6: 53369424 op, 250267700.00 ns, 4.6893 ns/op
WorkloadPilot    7: 53312352 op, 249121100.00 ns, 4.6729 ns/op
WorkloadPilot    8: 53500448 op, 251281500.00 ns, 4.6968 ns/op

OverheadWarmup   1: 53500448 op, 135953100.00 ns, 2.5412 ns/op
OverheadWarmup   2: 53500448 op, 114687500.00 ns, 2.1437 ns/op
OverheadWarmup   3: 53500448 op, 82536800.00 ns, 1.5427 ns/op
OverheadWarmup   4: 53500448 op, 82188500.00 ns, 1.5362 ns/op
OverheadWarmup   5: 53500448 op, 81912900.00 ns, 1.5311 ns/op
OverheadWarmup   6: 53500448 op, 82134000.00 ns, 1.5352 ns/op
OverheadWarmup   7: 53500448 op, 81461800.00 ns, 1.5226 ns/op
OverheadWarmup   8: 53500448 op, 82383800.00 ns, 1.5399 ns/op
OverheadWarmup   9: 53500448 op, 82179700.00 ns, 1.5361 ns/op

OverheadActual   1: 53500448 op, 79968200.00 ns, 1.4947 ns/op
OverheadActual   2: 53500448 op, 79853100.00 ns, 1.4926 ns/op
OverheadActual   3: 53500448 op, 81740900.00 ns, 1.5279 ns/op
OverheadActual   4: 53500448 op, 82394300.00 ns, 1.5401 ns/op
OverheadActual   5: 53500448 op, 82254600.00 ns, 1.5375 ns/op
OverheadActual   6: 53500448 op, 81494200.00 ns, 1.5232 ns/op
OverheadActual   7: 53500448 op, 82357700.00 ns, 1.5394 ns/op
OverheadActual   8: 53500448 op, 82382700.00 ns, 1.5399 ns/op
OverheadActual   9: 53500448 op, 82575100.00 ns, 1.5434 ns/op
OverheadActual  10: 53500448 op, 82603100.00 ns, 1.5440 ns/op
OverheadActual  11: 53500448 op, 82589200.00 ns, 1.5437 ns/op
OverheadActual  12: 53500448 op, 82159000.00 ns, 1.5357 ns/op
OverheadActual  13: 53500448 op, 80833400.00 ns, 1.5109 ns/op
OverheadActual  14: 53500448 op, 80705300.00 ns, 1.5085 ns/op
OverheadActual  15: 53500448 op, 81158300.00 ns, 1.5170 ns/op

WorkloadWarmup   1: 53500448 op, 246764100.00 ns, 4.6124 ns/op
WorkloadWarmup   2: 53500448 op, 245998600.00 ns, 4.5981 ns/op
WorkloadWarmup   3: 53500448 op, 245893700.00 ns, 4.5961 ns/op
WorkloadWarmup   4: 53500448 op, 244393100.00 ns, 4.5681 ns/op
WorkloadWarmup   5: 53500448 op, 244223300.00 ns, 4.5649 ns/op
WorkloadWarmup   6: 53500448 op, 243881200.00 ns, 4.5585 ns/op
WorkloadWarmup   7: 53500448 op, 243631400.00 ns, 4.5538 ns/op
WorkloadWarmup   8: 53500448 op, 243826800.00 ns, 4.5575 ns/op
WorkloadWarmup   9: 53500448 op, 243702900.00 ns, 4.5552 ns/op
WorkloadWarmup  10: 53500448 op, 243635800.00 ns, 4.5539 ns/op
WorkloadWarmup  11: 53500448 op, 244188800.00 ns, 4.5642 ns/op
WorkloadWarmup  12: 53500448 op, 245642100.00 ns, 4.5914 ns/op
WorkloadWarmup  13: 53500448 op, 244665000.00 ns, 4.5731 ns/op

// BeforeActualRun
WorkloadActual   1: 53500448 op, 243341900.00 ns, 4.5484 ns/op
WorkloadActual   2: 53500448 op, 243662400.00 ns, 4.5544 ns/op
WorkloadActual   3: 53500448 op, 244195500.00 ns, 4.5644 ns/op
WorkloadActual   4: 53500448 op, 243872200.00 ns, 4.5583 ns/op
WorkloadActual   5: 53500448 op, 243603200.00 ns, 4.5533 ns/op
WorkloadActual   6: 53500448 op, 253371500.00 ns, 4.7359 ns/op
WorkloadActual   7: 53500448 op, 243783400.00 ns, 4.5567 ns/op
WorkloadActual   8: 53500448 op, 244133700.00 ns, 4.5632 ns/op
WorkloadActual   9: 53500448 op, 244392000.00 ns, 4.5680 ns/op
WorkloadActual  10: 53500448 op, 244093200.00 ns, 4.5625 ns/op
WorkloadActual  11: 53500448 op, 244567900.00 ns, 4.5713 ns/op
WorkloadActual  12: 53500448 op, 243436400.00 ns, 4.5502 ns/op
WorkloadActual  13: 53500448 op, 244197300.00 ns, 4.5644 ns/op
WorkloadActual  14: 53500448 op, 243812700.00 ns, 4.5572 ns/op
WorkloadActual  15: 53500448 op, 243479900.00 ns, 4.5510 ns/op

// AfterActualRun
WorkloadResult   1: 53500448 op, 161182900.00 ns, 3.0127 ns/op
WorkloadResult   2: 53500448 op, 161503400.00 ns, 3.0187 ns/op
WorkloadResult   3: 53500448 op, 162036500.00 ns, 3.0287 ns/op
WorkloadResult   4: 53500448 op, 161713200.00 ns, 3.0227 ns/op
WorkloadResult   5: 53500448 op, 161444200.00 ns, 3.0176 ns/op
WorkloadResult   6: 53500448 op, 161624400.00 ns, 3.0210 ns/op
WorkloadResult   7: 53500448 op, 161974700.00 ns, 3.0275 ns/op
WorkloadResult   8: 53500448 op, 162233000.00 ns, 3.0324 ns/op
WorkloadResult   9: 53500448 op, 161934200.00 ns, 3.0268 ns/op
WorkloadResult  10: 53500448 op, 162408900.00 ns, 3.0357 ns/op
WorkloadResult  11: 53500448 op, 161277400.00 ns, 3.0145 ns/op
WorkloadResult  12: 53500448 op, 162038300.00 ns, 3.0287 ns/op
WorkloadResult  13: 53500448 op, 161653700.00 ns, 3.0215 ns/op
WorkloadResult  14: 53500448 op, 161320900.00 ns, 3.0153 ns/op
// GC:  0 0 0 0 53500448
// Threading:  0 0 53500448

// AfterAll
// Benchmark Process 2708 has exited with code 0.

Mean = 3.023 ns, StdErr = 0.002 ns (0.06%), N = 14, StdDev = 0.007 ns
Min = 3.013 ns, Q1 = 3.018 ns, Median = 3.022 ns, Q3 = 3.028 ns, Max = 3.036 ns
IQR = 0.011 ns, LowerFence = 3.002 ns, UpperFence = 3.044 ns
ConfidenceInterval = [3.015 ns; 3.031 ns] (CI 99.9%), Margin = 0.008 ns (0.26% of Mean)
Skewness = 0.15, Kurtosis = 1.68, MValue = 2

// ** Remained 24 (28.2%) benchmark(s) to run. Estimated finish 2026-02-06 8:18 (0h 4m from now) **
Setup power plan (GUID: 8c5e7fda-e8bf-4a96-9a85-a6e23a8c635c FriendlyName: High performance)
// **************************
// Benchmark: Scenario1.A_EnumerationsOptions_Result_IsSuccess: .NET 10.0(Runtime=.NET 10.0, IterationTime=250ms) [Iterations=10]
// *** Execute ***
// Launch: 1 / 1
// Execute: dotnet Enumerations.Options.Benchmarks-1.dll --anonymousPipes 2548 2444 --benchmarkName "ReillyDigital.Enumerations.Options.Benchmarks.Scenarios.Scenario1.A_EnumerationsOptions_Result_IsSuccess(Iterations: 10)" --job ".NET 10.0" --benchmarkId 61 in D:\x\devs\reilly-digital\dotnet\enumerations.options.benchmarks\bin\Debug\net10.0\Enumerations.Options.Benchmarks-1\bin\Release\net10.0
// BeforeAnythingElse

// Benchmark Process Environment Information:
// BenchmarkDotNet v0.15.8
// Runtime=.NET 10.0.2 (10.0.2, 10.0.225.61305), X64 RyuJIT x86-64-v3
// GC=Concurrent Workstation
// HardwareIntrinsics=AVX2+BMI1+BMI2+F16C+FMA+LZCNT+MOVBE,AVX,SSE3+SSSE3+SSE4.1+SSE4.2+POPCNT,X86Base+SSE+SSE2,AES+PCLMUL VectorSize=256
// Job: .NET 10.0(IterationTime=250ms)

OverheadJitting  1: 1 op, 118800.00 ns, 118.8000 us/op
WorkloadJitting  1: 1 op, 10812500.00 ns, 10.8125 ms/op

OverheadJitting  2: 16 op, 180500.00 ns, 11.2813 us/op
WorkloadJitting  2: 16 op, 156000.00 ns, 9.7500 us/op

WorkloadPilot    1: 16 op, 1500.00 ns, 93.7500 ns/op
WorkloadPilot    2: 2666672 op, 160942100.00 ns, 60.3532 ns/op
WorkloadPilot    3: 4142288 op, 76232500.00 ns, 18.4035 ns/op
WorkloadPilot    4: 13584400 op, 58195800.00 ns, 4.2840 ns/op
WorkloadPilot    5: 58356448 op, 256316800.00 ns, 4.3923 ns/op
WorkloadPilot    6: 56918288 op, 246001300.00 ns, 4.3220 ns/op
WorkloadPilot    7: 57843488 op, 244884000.00 ns, 4.2336 ns/op
WorkloadPilot    8: 59051936 op, 249294200.00 ns, 4.2216 ns/op
WorkloadPilot    9: 59219136 op, 251440200.00 ns, 4.2459 ns/op
WorkloadPilot   10: 58879952 op, 251878200.00 ns, 4.2778 ns/op

OverheadWarmup   1: 58879952 op, 146460600.00 ns, 2.4874 ns/op
OverheadWarmup   2: 58879952 op, 121098800.00 ns, 2.0567 ns/op
OverheadWarmup   3: 58879952 op, 89007000.00 ns, 1.5117 ns/op
OverheadWarmup   4: 58879952 op, 88941700.00 ns, 1.5106 ns/op
OverheadWarmup   5: 58879952 op, 87595500.00 ns, 1.4877 ns/op
OverheadWarmup   6: 58879952 op, 87635400.00 ns, 1.4884 ns/op
OverheadWarmup   7: 58879952 op, 87556900.00 ns, 1.4870 ns/op
OverheadWarmup   8: 58879952 op, 88812600.00 ns, 1.5084 ns/op
OverheadWarmup   9: 58879952 op, 87499700.00 ns, 1.4861 ns/op

OverheadActual   1: 58879952 op, 87948100.00 ns, 1.4937 ns/op
OverheadActual   2: 58879952 op, 87451500.00 ns, 1.4853 ns/op
OverheadActual   3: 58879952 op, 87527500.00 ns, 1.4865 ns/op
OverheadActual   4: 58879952 op, 90102000.00 ns, 1.5303 ns/op
OverheadActual   5: 58879952 op, 89110800.00 ns, 1.5134 ns/op
OverheadActual   6: 58879952 op, 89154300.00 ns, 1.5142 ns/op
OverheadActual   7: 58879952 op, 87590100.00 ns, 1.4876 ns/op
OverheadActual   8: 58879952 op, 87437300.00 ns, 1.4850 ns/op
OverheadActual   9: 58879952 op, 87672400.00 ns, 1.4890 ns/op
OverheadActual  10: 58879952 op, 90418000.00 ns, 1.5356 ns/op
OverheadActual  11: 58879952 op, 87513600.00 ns, 1.4863 ns/op
OverheadActual  12: 58879952 op, 89100900.00 ns, 1.5133 ns/op
OverheadActual  13: 58879952 op, 87585700.00 ns, 1.4875 ns/op
OverheadActual  14: 58879952 op, 89541000.00 ns, 1.5207 ns/op
OverheadActual  15: 58879952 op, 89834800.00 ns, 1.5257 ns/op

WorkloadWarmup   1: 58879952 op, 249760800.00 ns, 4.2419 ns/op
WorkloadWarmup   2: 58879952 op, 251283700.00 ns, 4.2677 ns/op
WorkloadWarmup   3: 58879952 op, 248761200.00 ns, 4.2249 ns/op
WorkloadWarmup   4: 58879952 op, 249419500.00 ns, 4.2361 ns/op
WorkloadWarmup   5: 58879952 op, 247533900.00 ns, 4.2040 ns/op
WorkloadWarmup   6: 58879952 op, 252292500.00 ns, 4.2849 ns/op

// BeforeActualRun
WorkloadActual   1: 58879952 op, 248480200.00 ns, 4.2201 ns/op
WorkloadActual   2: 58879952 op, 250449900.00 ns, 4.2536 ns/op
WorkloadActual   3: 58879952 op, 247968000.00 ns, 4.2114 ns/op
WorkloadActual   4: 58879952 op, 249008500.00 ns, 4.2291 ns/op
WorkloadActual   5: 58879952 op, 248703700.00 ns, 4.2239 ns/op
WorkloadActual   6: 58879952 op, 249052600.00 ns, 4.2298 ns/op
WorkloadActual   7: 58879952 op, 248455300.00 ns, 4.2197 ns/op
WorkloadActual   8: 58879952 op, 249685900.00 ns, 4.2406 ns/op
WorkloadActual   9: 58879952 op, 249962900.00 ns, 4.2453 ns/op
WorkloadActual  10: 58879952 op, 247934000.00 ns, 4.2108 ns/op
WorkloadActual  11: 58879952 op, 248383700.00 ns, 4.2185 ns/op
WorkloadActual  12: 58879952 op, 248353500.00 ns, 4.2180 ns/op
WorkloadActual  13: 58879952 op, 250070500.00 ns, 4.2471 ns/op
WorkloadActual  14: 58879952 op, 248945600.00 ns, 4.2280 ns/op
WorkloadActual  15: 58879952 op, 248792900.00 ns, 4.2254 ns/op

// AfterActualRun
WorkloadResult   1: 58879952 op, 160532100.00 ns, 2.7264 ns/op
WorkloadResult   2: 58879952 op, 162501800.00 ns, 2.7599 ns/op
WorkloadResult   3: 58879952 op, 160019900.00 ns, 2.7177 ns/op
WorkloadResult   4: 58879952 op, 161060400.00 ns, 2.7354 ns/op
WorkloadResult   5: 58879952 op, 160755600.00 ns, 2.7302 ns/op
WorkloadResult   6: 58879952 op, 161104500.00 ns, 2.7362 ns/op
WorkloadResult   7: 58879952 op, 160507200.00 ns, 2.7260 ns/op
WorkloadResult   8: 58879952 op, 161737800.00 ns, 2.7469 ns/op
WorkloadResult   9: 58879952 op, 162014800.00 ns, 2.7516 ns/op
WorkloadResult  10: 58879952 op, 159985900.00 ns, 2.7172 ns/op
WorkloadResult  11: 58879952 op, 160435600.00 ns, 2.7248 ns/op
WorkloadResult  12: 58879952 op, 160405400.00 ns, 2.7243 ns/op
WorkloadResult  13: 58879952 op, 162122400.00 ns, 2.7534 ns/op
WorkloadResult  14: 58879952 op, 160997500.00 ns, 2.7343 ns/op
WorkloadResult  15: 58879952 op, 160844800.00 ns, 2.7317 ns/op
// GC:  0 0 0 0 58879952
// Threading:  0 0 58879952

// AfterAll
// Benchmark Process 22816 has exited with code 0.

Mean = 2.734 ns, StdErr = 0.003 ns (0.12%), N = 15, StdDev = 0.013 ns
Min = 2.717 ns, Q1 = 2.725 ns, Median = 2.732 ns, Q3 = 2.742 ns, Max = 2.760 ns
IQR = 0.016 ns, LowerFence = 2.701 ns, UpperFence = 2.766 ns
ConfidenceInterval = [2.720 ns; 2.748 ns] (CI 99.9%), Margin = 0.014 ns (0.51% of Mean)
Skewness = 0.52, Kurtosis = 1.95, MValue = 2

// ** Remained 23 (27.1%) benchmark(s) to run. Estimated finish 2026-02-06 8:18 (0h 4m from now) **
Setup power plan (GUID: 8c5e7fda-e8bf-4a96-9a85-a6e23a8c635c FriendlyName: High performance)
// **************************
// Benchmark: Scenario1.B_FluentResults_Result_IsSuccess: .NET 10.0(Runtime=.NET 10.0, IterationTime=250ms) [Iterations=10]
// *** Execute ***
// Launch: 1 / 1
// Execute: dotnet Enumerations.Options.Benchmarks-1.dll --anonymousPipes 2604 2588 --benchmarkName "ReillyDigital.Enumerations.Options.Benchmarks.Scenarios.Scenario1.B_FluentResults_Result_IsSuccess(Iterations: 10)" --job ".NET 10.0" --benchmarkId 62 in D:\x\devs\reilly-digital\dotnet\enumerations.options.benchmarks\bin\Debug\net10.0\Enumerations.Options.Benchmarks-1\bin\Release\net10.0
// BeforeAnythingElse

// Benchmark Process Environment Information:
// BenchmarkDotNet v0.15.8
// Runtime=.NET 10.0.2 (10.0.2, 10.0.225.61305), X64 RyuJIT x86-64-v3
// GC=Concurrent Workstation
// HardwareIntrinsics=AVX2+BMI1+BMI2+F16C+FMA+LZCNT+MOVBE,AVX,SSE3+SSSE3+SSE4.1+SSE4.2+POPCNT,X86Base+SSE+SSE2,AES+PCLMUL VectorSize=256
// Job: .NET 10.0(IterationTime=250ms)

OverheadJitting  1: 1 op, 127800.00 ns, 127.8000 us/op
WorkloadJitting  1: 1 op, 10902800.00 ns, 10.9028 ms/op

OverheadJitting  2: 16 op, 179700.00 ns, 11.2313 us/op
WorkloadJitting  2: 16 op, 169100.00 ns, 10.5688 us/op

WorkloadPilot    1: 16 op, 13600.00 ns, 850.0000 ns/op
WorkloadPilot    2: 294128 op, 213154200.00 ns, 724.6988 ns/op
WorkloadPilot    3: 344976 op, 32258500.00 ns, 93.5094 ns/op
WorkloadPilot    4: 2673536 op, 213009700.00 ns, 79.6734 ns/op
WorkloadPilot    5: 3137824 op, 258455700.00 ns, 82.3678 ns/op
WorkloadPilot    6: 3035168 op, 240822600.00 ns, 79.3441 ns/op
WorkloadPilot    7: 3150848 op, 239351100.00 ns, 75.9640 ns/op
WorkloadPilot    8: 3291040 op, 261101800.00 ns, 79.3372 ns/op
WorkloadPilot    9: 3151120 op, 244254400.00 ns, 77.5135 ns/op
WorkloadPilot   10: 3225248 op, 257514300.00 ns, 79.8433 ns/op

OverheadWarmup   1: 3225248 op, 8024000.00 ns, 2.4879 ns/op
OverheadWarmup   2: 3225248 op, 8119000.00 ns, 2.5173 ns/op
OverheadWarmup   3: 3225248 op, 7974900.00 ns, 2.4726 ns/op
OverheadWarmup   4: 3225248 op, 8263100.00 ns, 2.5620 ns/op
OverheadWarmup   5: 3225248 op, 8098200.00 ns, 2.5109 ns/op

OverheadActual   1: 3225248 op, 8230300.00 ns, 2.5518 ns/op
OverheadActual   2: 3225248 op, 8285700.00 ns, 2.5690 ns/op
OverheadActual   3: 3225248 op, 8305900.00 ns, 2.5753 ns/op
OverheadActual   4: 3225248 op, 8085800.00 ns, 2.5070 ns/op
OverheadActual   5: 3225248 op, 8253500.00 ns, 2.5590 ns/op
OverheadActual   6: 3225248 op, 8266200.00 ns, 2.5630 ns/op
OverheadActual   7: 3225248 op, 8228100.00 ns, 2.5512 ns/op
OverheadActual   8: 3225248 op, 8134800.00 ns, 2.5222 ns/op
OverheadActual   9: 3225248 op, 8009700.00 ns, 2.4834 ns/op
OverheadActual  10: 3225248 op, 8328400.00 ns, 2.5823 ns/op
OverheadActual  11: 3225248 op, 8169100.00 ns, 2.5329 ns/op
OverheadActual  12: 3225248 op, 8166100.00 ns, 2.5319 ns/op
OverheadActual  13: 3225248 op, 8536700.00 ns, 2.6468 ns/op
OverheadActual  14: 3225248 op, 8286600.00 ns, 2.5693 ns/op
OverheadActual  15: 3225248 op, 8233300.00 ns, 2.5528 ns/op

WorkloadWarmup   1: 3225248 op, 290500800.00 ns, 90.0708 ns/op
WorkloadWarmup   2: 3225248 op, 251360300.00 ns, 77.9352 ns/op
WorkloadWarmup   3: 3225248 op, 245258200.00 ns, 76.0432 ns/op
WorkloadWarmup   4: 3225248 op, 246150400.00 ns, 76.3198 ns/op
WorkloadWarmup   5: 3225248 op, 244246600.00 ns, 75.7296 ns/op
WorkloadWarmup   6: 3225248 op, 246544900.00 ns, 76.4422 ns/op
WorkloadWarmup   7: 3225248 op, 247577700.00 ns, 76.7624 ns/op
WorkloadWarmup   8: 3225248 op, 247081000.00 ns, 76.6084 ns/op

// BeforeActualRun
WorkloadActual   1: 3225248 op, 258768600.00 ns, 80.2322 ns/op
WorkloadActual   2: 3225248 op, 262995400.00 ns, 81.5427 ns/op
WorkloadActual   3: 3225248 op, 259382800.00 ns, 80.4226 ns/op
WorkloadActual   4: 3225248 op, 264774100.00 ns, 82.0942 ns/op
WorkloadActual   5: 3225248 op, 268827200.00 ns, 83.3509 ns/op
WorkloadActual   6: 3225248 op, 281985800.00 ns, 87.4307 ns/op
WorkloadActual   7: 3225248 op, 261726700.00 ns, 81.1493 ns/op
WorkloadActual   8: 3225248 op, 265045200.00 ns, 82.1782 ns/op
WorkloadActual   9: 3225248 op, 265336000.00 ns, 82.2684 ns/op
WorkloadActual  10: 3225248 op, 267393000.00 ns, 82.9062 ns/op
WorkloadActual  11: 3225248 op, 262863700.00 ns, 81.5019 ns/op
WorkloadActual  12: 3225248 op, 265523700.00 ns, 82.3266 ns/op
WorkloadActual  13: 3225248 op, 261881600.00 ns, 81.1974 ns/op
WorkloadActual  14: 3225248 op, 265306500.00 ns, 82.2593 ns/op
WorkloadActual  15: 3225248 op, 265808500.00 ns, 82.4149 ns/op

// AfterActualRun
WorkloadResult   1: 3225248 op, 250535300.00 ns, 77.6794 ns/op
WorkloadResult   2: 3225248 op, 254762100.00 ns, 78.9899 ns/op
WorkloadResult   3: 3225248 op, 251149500.00 ns, 77.8698 ns/op
WorkloadResult   4: 3225248 op, 256540800.00 ns, 79.5414 ns/op
WorkloadResult   5: 3225248 op, 260593900.00 ns, 80.7981 ns/op
WorkloadResult   6: 3225248 op, 253493400.00 ns, 78.5966 ns/op
WorkloadResult   7: 3225248 op, 256811900.00 ns, 79.6255 ns/op
WorkloadResult   8: 3225248 op, 257102700.00 ns, 79.7156 ns/op
WorkloadResult   9: 3225248 op, 259159700.00 ns, 80.3534 ns/op
WorkloadResult  10: 3225248 op, 254630400.00 ns, 78.9491 ns/op
WorkloadResult  11: 3225248 op, 257290400.00 ns, 79.7738 ns/op
WorkloadResult  12: 3225248 op, 253648300.00 ns, 78.6446 ns/op
WorkloadResult  13: 3225248 op, 257073200.00 ns, 79.7065 ns/op
WorkloadResult  14: 3225248 op, 257575200.00 ns, 79.8621 ns/op
// GC:  185 0 0 1548119040 3225248
// Threading:  0 0 3225248

// AfterAll
// Benchmark Process 23272 has exited with code 0.

Mean = 79.293 ns, StdErr = 0.237 ns (0.30%), N = 14, StdDev = 0.886 ns
Min = 77.679 ns, Q1 = 78.721 ns, Median = 79.583 ns, Q3 = 79.759 ns, Max = 80.798 ns
IQR = 1.039 ns, LowerFence = 77.163 ns, UpperFence = 81.317 ns
ConfidenceInterval = [78.293 ns; 80.293 ns] (CI 99.9%), Margin = 1.000 ns (1.26% of Mean)
Skewness = -0.27, Kurtosis = 2.08, MValue = 2

// ** Remained 22 (25.9%) benchmark(s) to run. Estimated finish 2026-02-06 8:18 (0h 4m from now) **
Setup power plan (GUID: 8c5e7fda-e8bf-4a96-9a85-a6e23a8c635c FriendlyName: High performance)
// **************************
// Benchmark: Scenario1.E_Rascal_Result_IsSuccess: .NET 10.0(Runtime=.NET 10.0, IterationTime=250ms) [Iterations=10]
// *** Execute ***
// Launch: 1 / 1
// Execute: dotnet Enumerations.Options.Benchmarks-1.dll --anonymousPipes 2532 2580 --benchmarkName "ReillyDigital.Enumerations.Options.Benchmarks.Scenarios.Scenario1.E_Rascal_Result_IsSuccess(Iterations: 10)" --job ".NET 10.0" --benchmarkId 63 in D:\x\devs\reilly-digital\dotnet\enumerations.options.benchmarks\bin\Debug\net10.0\Enumerations.Options.Benchmarks-1\bin\Release\net10.0
// BeforeAnythingElse

// Benchmark Process Environment Information:
// BenchmarkDotNet v0.15.8
// Runtime=.NET 10.0.2 (10.0.2, 10.0.225.61305), X64 RyuJIT x86-64-v3
// GC=Concurrent Workstation
// HardwareIntrinsics=AVX2+BMI1+BMI2+F16C+FMA+LZCNT+MOVBE,AVX,SSE3+SSSE3+SSE4.1+SSE4.2+POPCNT,X86Base+SSE+SSE2,AES+PCLMUL VectorSize=256
// Job: .NET 10.0(IterationTime=250ms)

OverheadJitting  1: 1 op, 132200.00 ns, 132.2000 us/op
WorkloadJitting  1: 1 op, 10551900.00 ns, 10.5519 ms/op

OverheadJitting  2: 16 op, 217600.00 ns, 13.6000 us/op
WorkloadJitting  2: 16 op, 289400.00 ns, 18.0875 us/op

WorkloadPilot    1: 16 op, 1600.00 ns, 100.0000 ns/op
WorkloadPilot    2: 2500000 op, 206069300.00 ns, 82.4277 ns/op
WorkloadPilot    3: 3032960 op, 23631200.00 ns, 7.7915 ns/op
WorkloadPilot    4: 32086400 op, 148836000.00 ns, 4.6386 ns/op
WorkloadPilot    5: 53895568 op, 241450300.00 ns, 4.4800 ns/op
WorkloadPilot    6: 55804000 op, 260507100.00 ns, 4.6683 ns/op
WorkloadPilot    7: 53553248 op, 240043100.00 ns, 4.4823 ns/op
WorkloadPilot    8: 55774624 op, 251338900.00 ns, 4.5063 ns/op
WorkloadPilot    9: 55477520 op, 255772600.00 ns, 4.6104 ns/op

OverheadWarmup   1: 55477520 op, 138342800.00 ns, 2.4937 ns/op
OverheadWarmup   2: 55477520 op, 117268800.00 ns, 2.1138 ns/op
OverheadWarmup   3: 55477520 op, 83655800.00 ns, 1.5079 ns/op
OverheadWarmup   4: 55477520 op, 85377800.00 ns, 1.5390 ns/op
OverheadWarmup   5: 55477520 op, 84497600.00 ns, 1.5231 ns/op
OverheadWarmup   6: 55477520 op, 83641200.00 ns, 1.5077 ns/op
OverheadWarmup   7: 55477520 op, 83254800.00 ns, 1.5007 ns/op
OverheadWarmup   8: 55477520 op, 83319100.00 ns, 1.5019 ns/op
OverheadWarmup   9: 55477520 op, 84701900.00 ns, 1.5268 ns/op
OverheadWarmup  10: 55477520 op, 84008500.00 ns, 1.5143 ns/op

OverheadActual   1: 55477520 op, 84708000.00 ns, 1.5269 ns/op
OverheadActual   2: 55477520 op, 84573100.00 ns, 1.5245 ns/op
OverheadActual   3: 55477520 op, 84600400.00 ns, 1.5249 ns/op
OverheadActual   4: 55477520 op, 85194000.00 ns, 1.5356 ns/op
OverheadActual   5: 55477520 op, 84393100.00 ns, 1.5212 ns/op
OverheadActual   6: 55477520 op, 83405800.00 ns, 1.5034 ns/op
OverheadActual   7: 55477520 op, 84375700.00 ns, 1.5209 ns/op
OverheadActual   8: 55477520 op, 84426200.00 ns, 1.5218 ns/op
OverheadActual   9: 55477520 op, 84321200.00 ns, 1.5199 ns/op
OverheadActual  10: 55477520 op, 83403300.00 ns, 1.5034 ns/op
OverheadActual  11: 55477520 op, 84226000.00 ns, 1.5182 ns/op
OverheadActual  12: 55477520 op, 83401700.00 ns, 1.5033 ns/op
OverheadActual  13: 55477520 op, 83251200.00 ns, 1.5006 ns/op
OverheadActual  14: 55477520 op, 84492500.00 ns, 1.5230 ns/op
OverheadActual  15: 55477520 op, 84493500.00 ns, 1.5230 ns/op

WorkloadWarmup   1: 55477520 op, 250051800.00 ns, 4.5073 ns/op
WorkloadWarmup   2: 55477520 op, 253232800.00 ns, 4.5646 ns/op
WorkloadWarmup   3: 55477520 op, 252248400.00 ns, 4.5469 ns/op
WorkloadWarmup   4: 55477520 op, 251313700.00 ns, 4.5300 ns/op
WorkloadWarmup   5: 55477520 op, 255820500.00 ns, 4.6112 ns/op
WorkloadWarmup   6: 55477520 op, 246558100.00 ns, 4.4443 ns/op

// BeforeActualRun
WorkloadActual   1: 55477520 op, 249516300.00 ns, 4.4976 ns/op
WorkloadActual   2: 55477520 op, 260787500.00 ns, 4.7008 ns/op
WorkloadActual   3: 55477520 op, 252493500.00 ns, 4.5513 ns/op
WorkloadActual   4: 55477520 op, 253978500.00 ns, 4.5780 ns/op
WorkloadActual   5: 55477520 op, 264799900.00 ns, 4.7731 ns/op
WorkloadActual   6: 55477520 op, 258499500.00 ns, 4.6595 ns/op
WorkloadActual   7: 55477520 op, 251572000.00 ns, 4.5347 ns/op
WorkloadActual   8: 55477520 op, 259364200.00 ns, 4.6751 ns/op
WorkloadActual   9: 55477520 op, 256572700.00 ns, 4.6248 ns/op
WorkloadActual  10: 55477520 op, 257918400.00 ns, 4.6491 ns/op
WorkloadActual  11: 55477520 op, 251399800.00 ns, 4.5316 ns/op
WorkloadActual  12: 55477520 op, 248058700.00 ns, 4.4713 ns/op
WorkloadActual  13: 55477520 op, 255107700.00 ns, 4.5984 ns/op
WorkloadActual  14: 55477520 op, 257347700.00 ns, 4.6388 ns/op
WorkloadActual  15: 55477520 op, 244782700.00 ns, 4.4123 ns/op
WorkloadActual  16: 55477520 op, 251718500.00 ns, 4.5373 ns/op
WorkloadActual  17: 55477520 op, 252103800.00 ns, 4.5443 ns/op

// AfterActualRun
WorkloadResult   1: 55477520 op, 165123200.00 ns, 2.9764 ns/op
WorkloadResult   2: 55477520 op, 176394400.00 ns, 3.1796 ns/op
WorkloadResult   3: 55477520 op, 168100400.00 ns, 3.0301 ns/op
WorkloadResult   4: 55477520 op, 169585400.00 ns, 3.0568 ns/op
WorkloadResult   5: 55477520 op, 180406800.00 ns, 3.2519 ns/op
WorkloadResult   6: 55477520 op, 174106400.00 ns, 3.1383 ns/op
WorkloadResult   7: 55477520 op, 167178900.00 ns, 3.0135 ns/op
WorkloadResult   8: 55477520 op, 174971100.00 ns, 3.1539 ns/op
WorkloadResult   9: 55477520 op, 172179600.00 ns, 3.1036 ns/op
WorkloadResult  10: 55477520 op, 173525300.00 ns, 3.1278 ns/op
WorkloadResult  11: 55477520 op, 167006700.00 ns, 3.0103 ns/op
WorkloadResult  12: 55477520 op, 163665600.00 ns, 2.9501 ns/op
WorkloadResult  13: 55477520 op, 170714600.00 ns, 3.0772 ns/op
WorkloadResult  14: 55477520 op, 172954600.00 ns, 3.1176 ns/op
WorkloadResult  15: 55477520 op, 160389600.00 ns, 2.8911 ns/op
WorkloadResult  16: 55477520 op, 167325400.00 ns, 3.0161 ns/op
WorkloadResult  17: 55477520 op, 167710700.00 ns, 3.0230 ns/op
// GC:  0 0 0 0 55477520
// Threading:  0 0 55477520

// AfterAll
// Benchmark Process 18404 has exited with code 0.

Mean = 3.066 ns, StdErr = 0.022 ns (0.72%), N = 17, StdDev = 0.091 ns
Min = 2.891 ns, Q1 = 3.013 ns, Median = 3.057 ns, Q3 = 3.128 ns, Max = 3.252 ns
IQR = 0.114 ns, LowerFence = 2.842 ns, UpperFence = 3.299 ns
ConfidenceInterval = [2.977 ns; 3.154 ns] (CI 99.9%), Margin = 0.088 ns (2.89% of Mean)
Skewness = 0.1, Kurtosis = 2.32, MValue = 2

// ** Remained 21 (24.7%) benchmark(s) to run. Estimated finish 2026-02-06 8:18 (0h 4m from now) **
Setup power plan (GUID: 8c5e7fda-e8bf-4a96-9a85-a6e23a8c635c FriendlyName: High performance)
// **************************
// Benchmark: Scenario1.D_SimpleResults_Result_IsSuccess: .NET 10.0(Runtime=.NET 10.0, IterationTime=250ms) [Iterations=10]
// *** Execute ***
// Launch: 1 / 1
// Execute: dotnet Enumerations.Options.Benchmarks-1.dll --anonymousPipes 2472 2668 --benchmarkName "ReillyDigital.Enumerations.Options.Benchmarks.Scenarios.Scenario1.D_SimpleResults_Result_IsSuccess(Iterations: 10)" --job ".NET 10.0" --benchmarkId 64 in D:\x\devs\reilly-digital\dotnet\enumerations.options.benchmarks\bin\Debug\net10.0\Enumerations.Options.Benchmarks-1\bin\Release\net10.0
// BeforeAnythingElse

// Benchmark Process Environment Information:
// BenchmarkDotNet v0.15.8
// Runtime=.NET 10.0.2 (10.0.2, 10.0.225.61305), X64 RyuJIT x86-64-v3
// GC=Concurrent Workstation
// HardwareIntrinsics=AVX2+BMI1+BMI2+F16C+FMA+LZCNT+MOVBE,AVX,SSE3+SSSE3+SSE4.1+SSE4.2+POPCNT,X86Base+SSE+SSE2,AES+PCLMUL VectorSize=256
// Job: .NET 10.0(IterationTime=250ms)

OverheadJitting  1: 1 op, 120600.00 ns, 120.6000 us/op
WorkloadJitting  1: 1 op, 10984900.00 ns, 10.9849 ms/op

OverheadJitting  2: 16 op, 179000.00 ns, 11.1875 us/op
WorkloadJitting  2: 16 op, 154100.00 ns, 9.6313 us/op

WorkloadPilot    1: 16 op, 1500.00 ns, 93.7500 ns/op
WorkloadPilot    2: 2666672 op, 208916600.00 ns, 78.3436 ns/op
WorkloadPilot    3: 3191072 op, 14740200.00 ns, 4.6192 ns/op
WorkloadPilot    4: 54121936 op, 249627300.00 ns, 4.6123 ns/op
WorkloadPilot    5: 54202752 op, 261708400.00 ns, 4.8283 ns/op
WorkloadPilot    6: 51777824 op, 237592200.00 ns, 4.5887 ns/op
WorkloadPilot    7: 54481824 op, 250668400.00 ns, 4.6010 ns/op
WorkloadPilot    8: 54336560 op, 250185100.00 ns, 4.6044 ns/op

OverheadWarmup   1: 54336560 op, 137368200.00 ns, 2.5281 ns/op
OverheadWarmup   2: 54336560 op, 112402900.00 ns, 2.0686 ns/op
OverheadWarmup   3: 54336560 op, 82710900.00 ns, 1.5222 ns/op
OverheadWarmup   4: 54336560 op, 81711100.00 ns, 1.5038 ns/op
OverheadWarmup   5: 54336560 op, 81670700.00 ns, 1.5031 ns/op
OverheadWarmup   6: 54336560 op, 81745600.00 ns, 1.5044 ns/op
OverheadWarmup   7: 54336560 op, 81807400.00 ns, 1.5056 ns/op
OverheadWarmup   8: 54336560 op, 82731800.00 ns, 1.5226 ns/op
OverheadWarmup   9: 54336560 op, 82526700.00 ns, 1.5188 ns/op
OverheadWarmup  10: 54336560 op, 81627800.00 ns, 1.5023 ns/op

OverheadActual   1: 54336560 op, 81717400.00 ns, 1.5039 ns/op
OverheadActual   2: 54336560 op, 81568000.00 ns, 1.5012 ns/op
OverheadActual   3: 54336560 op, 81609600.00 ns, 1.5019 ns/op
OverheadActual   4: 54336560 op, 81604900.00 ns, 1.5018 ns/op
OverheadActual   5: 54336560 op, 81522900.00 ns, 1.5003 ns/op
OverheadActual   6: 54336560 op, 81572700.00 ns, 1.5012 ns/op
OverheadActual   7: 54336560 op, 82637800.00 ns, 1.5209 ns/op
OverheadActual   8: 54336560 op, 82770900.00 ns, 1.5233 ns/op
OverheadActual   9: 54336560 op, 81807300.00 ns, 1.5056 ns/op
OverheadActual  10: 54336560 op, 82515400.00 ns, 1.5186 ns/op
OverheadActual  11: 54336560 op, 82673300.00 ns, 1.5215 ns/op
OverheadActual  12: 54336560 op, 81817600.00 ns, 1.5058 ns/op
OverheadActual  13: 54336560 op, 82452000.00 ns, 1.5174 ns/op
OverheadActual  14: 54336560 op, 82447800.00 ns, 1.5174 ns/op
OverheadActual  15: 54336560 op, 83145600.00 ns, 1.5302 ns/op

WorkloadWarmup   1: 54336560 op, 251853100.00 ns, 4.6351 ns/op
WorkloadWarmup   2: 54336560 op, 252876200.00 ns, 4.6539 ns/op
WorkloadWarmup   3: 54336560 op, 258367100.00 ns, 4.7549 ns/op
WorkloadWarmup   4: 54336560 op, 251724600.00 ns, 4.6327 ns/op
WorkloadWarmup   5: 54336560 op, 250329400.00 ns, 4.6070 ns/op
WorkloadWarmup   6: 54336560 op, 249285200.00 ns, 4.5878 ns/op
WorkloadWarmup   7: 54336560 op, 248781800.00 ns, 4.5785 ns/op
WorkloadWarmup   8: 54336560 op, 248799800.00 ns, 4.5789 ns/op
WorkloadWarmup   9: 54336560 op, 248621900.00 ns, 4.5756 ns/op

// BeforeActualRun
WorkloadActual   1: 54336560 op, 248982700.00 ns, 4.5822 ns/op
WorkloadActual   2: 54336560 op, 248105500.00 ns, 4.5661 ns/op
WorkloadActual   3: 54336560 op, 251790100.00 ns, 4.6339 ns/op
WorkloadActual   4: 54336560 op, 248982000.00 ns, 4.5822 ns/op
WorkloadActual   5: 54336560 op, 248708900.00 ns, 4.5772 ns/op
WorkloadActual   6: 54336560 op, 248606600.00 ns, 4.5753 ns/op
WorkloadActual   7: 54336560 op, 248599300.00 ns, 4.5752 ns/op
WorkloadActual   8: 54336560 op, 249617500.00 ns, 4.5939 ns/op
WorkloadActual   9: 54336560 op, 248002400.00 ns, 4.5642 ns/op
WorkloadActual  10: 54336560 op, 248878700.00 ns, 4.5803 ns/op
WorkloadActual  11: 54336560 op, 248248800.00 ns, 4.5687 ns/op
WorkloadActual  12: 54336560 op, 250918200.00 ns, 4.6179 ns/op
WorkloadActual  13: 54336560 op, 248678600.00 ns, 4.5766 ns/op
WorkloadActual  14: 54336560 op, 248546400.00 ns, 4.5742 ns/op
WorkloadActual  15: 54336560 op, 248910000.00 ns, 4.5809 ns/op

// AfterActualRun
WorkloadResult   1: 54336560 op, 167165100.00 ns, 3.0765 ns/op
WorkloadResult   2: 54336560 op, 166287900.00 ns, 3.0603 ns/op
WorkloadResult   3: 54336560 op, 167164400.00 ns, 3.0765 ns/op
WorkloadResult   4: 54336560 op, 166891300.00 ns, 3.0714 ns/op
WorkloadResult   5: 54336560 op, 166789000.00 ns, 3.0696 ns/op
WorkloadResult   6: 54336560 op, 166781700.00 ns, 3.0694 ns/op
WorkloadResult   7: 54336560 op, 166184800.00 ns, 3.0584 ns/op
WorkloadResult   8: 54336560 op, 167061100.00 ns, 3.0746 ns/op
WorkloadResult   9: 54336560 op, 166431200.00 ns, 3.0630 ns/op
WorkloadResult  10: 54336560 op, 166861000.00 ns, 3.0709 ns/op
WorkloadResult  11: 54336560 op, 166728800.00 ns, 3.0684 ns/op
WorkloadResult  12: 54336560 op, 167092400.00 ns, 3.0751 ns/op
// GC:  0 0 0 0 54336560
// Threading:  0 0 54336560

// AfterAll
// Benchmark Process 6728 has exited with code 0.

Mean = 3.070 ns, StdErr = 0.002 ns (0.06%), N = 12, StdDev = 0.006 ns
Min = 3.058 ns, Q1 = 3.067 ns, Median = 3.070 ns, Q3 = 3.075 ns, Max = 3.076 ns
IQR = 0.008 ns, LowerFence = 3.056 ns, UpperFence = 3.086 ns
ConfidenceInterval = [3.062 ns; 3.077 ns] (CI 99.9%), Margin = 0.008 ns (0.25% of Mean)
Skewness = -0.52, Kurtosis = 1.82, MValue = 2

// ** Remained 20 (23.5%) benchmark(s) to run. Estimated finish 2026-02-06 8:18 (0h 3m from now) **
Setup power plan (GUID: 8c5e7fda-e8bf-4a96-9a85-a6e23a8c635c FriendlyName: High performance)
// **************************
// Benchmark: Scenario1.C_ArdalisResult_Result_Value: .NET 10.0(Runtime=.NET 10.0, IterationTime=250ms) [Iterations=10]
// *** Execute ***
// Launch: 1 / 1
// Execute: dotnet Enumerations.Options.Benchmarks-1.dll --anonymousPipes 2688 2684 --benchmarkName "ReillyDigital.Enumerations.Options.Benchmarks.Scenarios.Scenario1.C_ArdalisResult_Result_Value(Iterations: 10)" --job ".NET 10.0" --benchmarkId 65 in D:\x\devs\reilly-digital\dotnet\enumerations.options.benchmarks\bin\Debug\net10.0\Enumerations.Options.Benchmarks-1\bin\Release\net10.0
// BeforeAnythingElse

// Benchmark Process Environment Information:
// BenchmarkDotNet v0.15.8
// Runtime=.NET 10.0.2 (10.0.2, 10.0.225.61305), X64 RyuJIT x86-64-v3
// GC=Concurrent Workstation
// HardwareIntrinsics=AVX2+BMI1+BMI2+F16C+FMA+LZCNT+MOVBE,AVX,SSE3+SSSE3+SSE4.1+SSE4.2+POPCNT,X86Base+SSE+SSE2,AES+PCLMUL VectorSize=256
// Job: .NET 10.0(IterationTime=250ms)

OverheadJitting  1: 1 op, 121500.00 ns, 121.5000 us/op
WorkloadJitting  1: 1 op, 11713800.00 ns, 11.7138 ms/op

OverheadJitting  2: 16 op, 181000.00 ns, 11.3125 us/op
WorkloadJitting  2: 16 op, 150800.00 ns, 9.4250 us/op

WorkloadPilot    1: 16 op, 1400.00 ns, 87.5000 ns/op
WorkloadPilot    2: 2857152 op, 221583800.00 ns, 77.5541 ns/op
WorkloadPilot    3: 3223568 op, 15000000.00 ns, 4.6532 ns/op
WorkloadPilot    4: 53726144 op, 249337300.00 ns, 4.6409 ns/op
WorkloadPilot    5: 53868944 op, 247098000.00 ns, 4.5870 ns/op
WorkloadPilot    6: 54501600 op, 236423700.00 ns, 4.3379 ns/op
WorkloadPilot    7: 57631280 op, 264474300.00 ns, 4.5891 ns/op
WorkloadPilot    8: 54477216 op, 260658800.00 ns, 4.7847 ns/op
WorkloadPilot    9: 52249552 op, 235815900.00 ns, 4.5133 ns/op
WorkloadPilot   10: 55392320 op, 256022500.00 ns, 4.6220 ns/op

OverheadWarmup   1: 55392320 op, 138670100.00 ns, 2.5034 ns/op
OverheadWarmup   2: 55392320 op, 114531700.00 ns, 2.0676 ns/op
OverheadWarmup   3: 55392320 op, 85064200.00 ns, 1.5357 ns/op
OverheadWarmup   4: 55392320 op, 85541900.00 ns, 1.5443 ns/op
OverheadWarmup   5: 55392320 op, 85647400.00 ns, 1.5462 ns/op
OverheadWarmup   6: 55392320 op, 84886500.00 ns, 1.5325 ns/op
OverheadWarmup   7: 55392320 op, 85068400.00 ns, 1.5357 ns/op
OverheadWarmup   8: 55392320 op, 84992400.00 ns, 1.5344 ns/op

OverheadActual   1: 55392320 op, 84849400.00 ns, 1.5318 ns/op
OverheadActual   2: 55392320 op, 85668300.00 ns, 1.5466 ns/op
OverheadActual   3: 55392320 op, 85238700.00 ns, 1.5388 ns/op
OverheadActual   4: 55392320 op, 85007400.00 ns, 1.5346 ns/op
OverheadActual   5: 55392320 op, 84751300.00 ns, 1.5300 ns/op
OverheadActual   6: 55392320 op, 84491600.00 ns, 1.5253 ns/op
OverheadActual   7: 55392320 op, 84703100.00 ns, 1.5291 ns/op
OverheadActual   8: 55392320 op, 86255600.00 ns, 1.5572 ns/op
OverheadActual   9: 55392320 op, 85055900.00 ns, 1.5355 ns/op
OverheadActual  10: 55392320 op, 84859600.00 ns, 1.5320 ns/op
OverheadActual  11: 55392320 op, 84757300.00 ns, 1.5301 ns/op
OverheadActual  12: 55392320 op, 83448000.00 ns, 1.5065 ns/op
OverheadActual  13: 55392320 op, 85980300.00 ns, 1.5522 ns/op
OverheadActual  14: 55392320 op, 83419100.00 ns, 1.5060 ns/op
OverheadActual  15: 55392320 op, 85489800.00 ns, 1.5434 ns/op

WorkloadWarmup   1: 55392320 op, 256515700.00 ns, 4.6309 ns/op
WorkloadWarmup   2: 55392320 op, 260247800.00 ns, 4.6983 ns/op
WorkloadWarmup   3: 55392320 op, 253404700.00 ns, 4.5747 ns/op
WorkloadWarmup   4: 55392320 op, 250379400.00 ns, 4.5201 ns/op
WorkloadWarmup   5: 55392320 op, 250870000.00 ns, 4.5290 ns/op
WorkloadWarmup   6: 55392320 op, 250449300.00 ns, 4.5214 ns/op

// BeforeActualRun
WorkloadActual   1: 55392320 op, 252940900.00 ns, 4.5664 ns/op
WorkloadActual   2: 55392320 op, 249125600.00 ns, 4.4975 ns/op
WorkloadActual   3: 55392320 op, 256403700.00 ns, 4.6289 ns/op
WorkloadActual   4: 55392320 op, 254710100.00 ns, 4.5983 ns/op
WorkloadActual   5: 55392320 op, 252933500.00 ns, 4.5662 ns/op
WorkloadActual   6: 55392320 op, 249197700.00 ns, 4.4988 ns/op
WorkloadActual   7: 55392320 op, 251005500.00 ns, 4.5314 ns/op
WorkloadActual   8: 55392320 op, 251074000.00 ns, 4.5327 ns/op
WorkloadActual   9: 55392320 op, 253245600.00 ns, 4.5719 ns/op
WorkloadActual  10: 55392320 op, 250343400.00 ns, 4.5195 ns/op
WorkloadActual  11: 55392320 op, 255993900.00 ns, 4.6215 ns/op
WorkloadActual  12: 55392320 op, 260064700.00 ns, 4.6950 ns/op
WorkloadActual  13: 55392320 op, 250430900.00 ns, 4.5210 ns/op
WorkloadActual  14: 55392320 op, 260971900.00 ns, 4.7113 ns/op
WorkloadActual  15: 55392320 op, 252702000.00 ns, 4.5620 ns/op

// AfterActualRun
WorkloadResult   1: 55392320 op, 168081300.00 ns, 3.0344 ns/op
WorkloadResult   2: 55392320 op, 164266000.00 ns, 2.9655 ns/op
WorkloadResult   3: 55392320 op, 171544100.00 ns, 3.0969 ns/op
WorkloadResult   4: 55392320 op, 169850500.00 ns, 3.0663 ns/op
WorkloadResult   5: 55392320 op, 168073900.00 ns, 3.0342 ns/op
WorkloadResult   6: 55392320 op, 164338100.00 ns, 2.9668 ns/op
WorkloadResult   7: 55392320 op, 166145900.00 ns, 2.9994 ns/op
WorkloadResult   8: 55392320 op, 166214400.00 ns, 3.0007 ns/op
WorkloadResult   9: 55392320 op, 168386000.00 ns, 3.0399 ns/op
WorkloadResult  10: 55392320 op, 165483800.00 ns, 2.9875 ns/op
WorkloadResult  11: 55392320 op, 171134300.00 ns, 3.0895 ns/op
WorkloadResult  12: 55392320 op, 175205100.00 ns, 3.1630 ns/op
WorkloadResult  13: 55392320 op, 165571300.00 ns, 2.9891 ns/op
WorkloadResult  14: 55392320 op, 176112300.00 ns, 3.1794 ns/op
WorkloadResult  15: 55392320 op, 167842400.00 ns, 3.0301 ns/op
// GC:  0 0 0 0 55392320
// Threading:  0 0 55392320

// AfterAll
// Benchmark Process 2900 has exited with code 0.

Mean = 3.043 ns, StdErr = 0.017 ns (0.56%), N = 15, StdDev = 0.066 ns
Min = 2.966 ns, Q1 = 2.994 ns, Median = 3.034 ns, Q3 = 3.078 ns, Max = 3.179 ns
IQR = 0.084 ns, LowerFence = 2.869 ns, UpperFence = 3.203 ns
ConfidenceInterval = [2.973 ns; 3.113 ns] (CI 99.9%), Margin = 0.070 ns (2.31% of Mean)
Skewness = 0.74, Kurtosis = 2.37, MValue = 2

// ** Remained 19 (22.4%) benchmark(s) to run. Estimated finish 2026-02-06 8:18 (0h 3m from now) **
Setup power plan (GUID: 8c5e7fda-e8bf-4a96-9a85-a6e23a8c635c FriendlyName: High performance)
// **************************
// Benchmark: Scenario1.A_EnumerationsOptions_Result_Value: .NET 10.0(Runtime=.NET 10.0, IterationTime=250ms) [Iterations=10]
// *** Execute ***
// Launch: 1 / 1
// Execute: dotnet Enumerations.Options.Benchmarks-1.dll --anonymousPipes 2724 2720 --benchmarkName "ReillyDigital.Enumerations.Options.Benchmarks.Scenarios.Scenario1.A_EnumerationsOptions_Result_Value(Iterations: 10)" --job ".NET 10.0" --benchmarkId 66 in D:\x\devs\reilly-digital\dotnet\enumerations.options.benchmarks\bin\Debug\net10.0\Enumerations.Options.Benchmarks-1\bin\Release\net10.0
// BeforeAnythingElse

// Benchmark Process Environment Information:
// BenchmarkDotNet v0.15.8
// Runtime=.NET 10.0.2 (10.0.2, 10.0.225.61305), X64 RyuJIT x86-64-v3
// GC=Concurrent Workstation
// HardwareIntrinsics=AVX2+BMI1+BMI2+F16C+FMA+LZCNT+MOVBE,AVX,SSE3+SSSE3+SSE4.1+SSE4.2+POPCNT,X86Base+SSE+SSE2,AES+PCLMUL VectorSize=256
// Job: .NET 10.0(IterationTime=250ms)

OverheadJitting  1: 1 op, 118200.00 ns, 118.2000 us/op
WorkloadJitting  1: 1 op, 10301400.00 ns, 10.3014 ms/op

OverheadJitting  2: 16 op, 174600.00 ns, 10.9125 us/op
WorkloadJitting  2: 16 op, 298000.00 ns, 18.6250 us/op

WorkloadPilot    1: 16 op, 3700.00 ns, 231.2500 ns/op
WorkloadPilot    2: 1081088 op, 209058800.00 ns, 193.3782 ns/op
WorkloadPilot    3: 1292816 op, 54994400.00 ns, 42.5385 ns/op
WorkloadPilot    4: 5877040 op, 181152800.00 ns, 30.8238 ns/op
WorkloadPilot    5: 8110624 op, 250724800.00 ns, 30.9131 ns/op
WorkloadPilot    6: 8087184 op, 250614700.00 ns, 30.9891 ns/op
WorkloadPilot    7: 8067360 op, 249666700.00 ns, 30.9478 ns/op
WorkloadPilot    8: 8078144 op, 252944600.00 ns, 31.3122 ns/op

OverheadWarmup   1: 8078144 op, 20574700.00 ns, 2.5470 ns/op
OverheadWarmup   2: 8078144 op, 20502600.00 ns, 2.5380 ns/op
OverheadWarmup   3: 8078144 op, 20624800.00 ns, 2.5532 ns/op
OverheadWarmup   4: 8078144 op, 20041700.00 ns, 2.4810 ns/op
OverheadWarmup   5: 8078144 op, 20008200.00 ns, 2.4768 ns/op
OverheadWarmup   6: 8078144 op, 20491300.00 ns, 2.5366 ns/op
OverheadWarmup   7: 8078144 op, 19998900.00 ns, 2.4757 ns/op

OverheadActual   1: 8078144 op, 20020300.00 ns, 2.4783 ns/op
OverheadActual   2: 8078144 op, 20625600.00 ns, 2.5533 ns/op
OverheadActual   3: 8078144 op, 20677100.00 ns, 2.5596 ns/op
OverheadActual   4: 8078144 op, 20406900.00 ns, 2.5262 ns/op
OverheadActual   5: 8078144 op, 20633100.00 ns, 2.5542 ns/op
OverheadActual   6: 8078144 op, 20364600.00 ns, 2.5210 ns/op
OverheadActual   7: 8078144 op, 20658600.00 ns, 2.5573 ns/op
OverheadActual   8: 8078144 op, 20525700.00 ns, 2.5409 ns/op
OverheadActual   9: 8078144 op, 20414100.00 ns, 2.5271 ns/op
OverheadActual  10: 8078144 op, 20430400.00 ns, 2.5291 ns/op
OverheadActual  11: 8078144 op, 20703100.00 ns, 2.5629 ns/op
OverheadActual  12: 8078144 op, 21087300.00 ns, 2.6104 ns/op
OverheadActual  13: 8078144 op, 19153800.00 ns, 2.3711 ns/op
OverheadActual  14: 8078144 op, 12688400.00 ns, 1.5707 ns/op
OverheadActual  15: 8078144 op, 12417600.00 ns, 1.5372 ns/op
OverheadActual  16: 8078144 op, 12765300.00 ns, 1.5802 ns/op
OverheadActual  17: 8078144 op, 12457600.00 ns, 1.5421 ns/op
OverheadActual  18: 8078144 op, 12842200.00 ns, 1.5897 ns/op
OverheadActual  19: 8078144 op, 12378400.00 ns, 1.5323 ns/op
OverheadActual  20: 8078144 op, 12286700.00 ns, 1.5210 ns/op

WorkloadWarmup   1: 8078144 op, 249649700.00 ns, 30.9043 ns/op
WorkloadWarmup   2: 8078144 op, 250400000.00 ns, 30.9972 ns/op
WorkloadWarmup   3: 8078144 op, 249616000.00 ns, 30.9002 ns/op
WorkloadWarmup   4: 8078144 op, 250237300.00 ns, 30.9771 ns/op
WorkloadWarmup   5: 8078144 op, 248756500.00 ns, 30.7938 ns/op
WorkloadWarmup   6: 8078144 op, 248807800.00 ns, 30.8001 ns/op

// BeforeActualRun
WorkloadActual   1: 8078144 op, 250796900.00 ns, 31.0464 ns/op
WorkloadActual   2: 8078144 op, 250536500.00 ns, 31.0141 ns/op
WorkloadActual   3: 8078144 op, 249075200.00 ns, 30.8332 ns/op
WorkloadActual   4: 8078144 op, 249772700.00 ns, 30.9196 ns/op
WorkloadActual   5: 8078144 op, 248645600.00 ns, 30.7800 ns/op
WorkloadActual   6: 8078144 op, 248839600.00 ns, 30.8041 ns/op
WorkloadActual   7: 8078144 op, 248593200.00 ns, 30.7736 ns/op
WorkloadActual   8: 8078144 op, 248634500.00 ns, 30.7787 ns/op
WorkloadActual   9: 8078144 op, 248650100.00 ns, 30.7806 ns/op
WorkloadActual  10: 8078144 op, 248636600.00 ns, 30.7789 ns/op
WorkloadActual  11: 8078144 op, 248553200.00 ns, 30.7686 ns/op
WorkloadActual  12: 8078144 op, 251226900.00 ns, 31.0996 ns/op
WorkloadActual  13: 8078144 op, 249180400.00 ns, 30.8462 ns/op
WorkloadActual  14: 8078144 op, 248834100.00 ns, 30.8034 ns/op
WorkloadActual  15: 8078144 op, 248543000.00 ns, 30.7673 ns/op

// AfterActualRun
WorkloadResult   1: 8078144 op, 230150750.00 ns, 28.4905 ns/op
WorkloadResult   2: 8078144 op, 228689450.00 ns, 28.3097 ns/op
WorkloadResult   3: 8078144 op, 229386950.00 ns, 28.3960 ns/op
WorkloadResult   4: 8078144 op, 228259850.00 ns, 28.2565 ns/op
WorkloadResult   5: 8078144 op, 228453850.00 ns, 28.2805 ns/op
WorkloadResult   6: 8078144 op, 228207450.00 ns, 28.2500 ns/op
WorkloadResult   7: 8078144 op, 228248750.00 ns, 28.2551 ns/op
WorkloadResult   8: 8078144 op, 228264350.00 ns, 28.2570 ns/op
WorkloadResult   9: 8078144 op, 228250850.00 ns, 28.2554 ns/op
WorkloadResult  10: 8078144 op, 228167450.00 ns, 28.2450 ns/op
WorkloadResult  11: 8078144 op, 228794650.00 ns, 28.3227 ns/op
WorkloadResult  12: 8078144 op, 228448350.00 ns, 28.2798 ns/op
WorkloadResult  13: 8078144 op, 228157250.00 ns, 28.2438 ns/op
// GC:  0 0 0 0 8078144
// Threading:  0 0 8078144

// AfterAll
// Benchmark Process 17224 has exited with code 0.

Mean = 28.296 ns, StdErr = 0.020 ns (0.07%), N = 13, StdDev = 0.073 ns
Min = 28.244 ns, Q1 = 28.255 ns, Median = 28.257 ns, Q3 = 28.310 ns, Max = 28.491 ns
IQR = 0.055 ns, LowerFence = 28.173 ns, UpperFence = 28.391 ns
ConfidenceInterval = [28.209 ns; 28.382 ns] (CI 99.9%), Margin = 0.087 ns (0.31% of Mean)
Skewness = 1.58, Kurtosis = 4.39, MValue = 2

// ** Remained 18 (21.2%) benchmark(s) to run. Estimated finish 2026-02-06 8:18 (0h 3m from now) **
Setup power plan (GUID: 8c5e7fda-e8bf-4a96-9a85-a6e23a8c635c FriendlyName: High performance)
// **************************
// Benchmark: Scenario1.B_FluentResults_Result_Value: .NET 10.0(Runtime=.NET 10.0, IterationTime=250ms) [Iterations=10]
// *** Execute ***
// Launch: 1 / 1
// Execute: dotnet Enumerations.Options.Benchmarks-1.dll --anonymousPipes 2728 2560 --benchmarkName "ReillyDigital.Enumerations.Options.Benchmarks.Scenarios.Scenario1.B_FluentResults_Result_Value(Iterations: 10)" --job ".NET 10.0" --benchmarkId 67 in D:\x\devs\reilly-digital\dotnet\enumerations.options.benchmarks\bin\Debug\net10.0\Enumerations.Options.Benchmarks-1\bin\Release\net10.0
// BeforeAnythingElse

// Benchmark Process Environment Information:
// BenchmarkDotNet v0.15.8
// Runtime=.NET 10.0.2 (10.0.2, 10.0.225.61305), X64 RyuJIT x86-64-v3
// GC=Concurrent Workstation
// HardwareIntrinsics=AVX2+BMI1+BMI2+F16C+FMA+LZCNT+MOVBE,AVX,SSE3+SSSE3+SSE4.1+SSE4.2+POPCNT,X86Base+SSE+SSE2,AES+PCLMUL VectorSize=256
// Job: .NET 10.0(IterationTime=250ms)

OverheadJitting  1: 1 op, 119900.00 ns, 119.9000 us/op
WorkloadJitting  1: 1 op, 10249900.00 ns, 10.2499 ms/op

OverheadJitting  2: 16 op, 210100.00 ns, 13.1313 us/op
WorkloadJitting  2: 16 op, 220600.00 ns, 13.7875 us/op

WorkloadPilot    1: 16 op, 14800.00 ns, 925.0000 ns/op
WorkloadPilot    2: 270272 op, 130089600.00 ns, 481.3284 ns/op
WorkloadPilot    3: 519408 op, 46683200.00 ns, 89.8777 ns/op
WorkloadPilot    4: 2781568 op, 220721900.00 ns, 79.3516 ns/op
WorkloadPilot    5: 3150544 op, 259483000.00 ns, 82.3613 ns/op
WorkloadPilot    6: 3035408 op, 241520100.00 ns, 79.5676 ns/op
WorkloadPilot    7: 3141984 op, 250114300.00 ns, 79.6039 ns/op
WorkloadPilot    8: 3140560 op, 245577400.00 ns, 78.1954 ns/op
WorkloadPilot    9: 3197120 op, 252580600.00 ns, 79.0025 ns/op

OverheadWarmup   1: 3197120 op, 7878000.00 ns, 2.4641 ns/op
OverheadWarmup   2: 3197120 op, 8225300.00 ns, 2.5727 ns/op
OverheadWarmup   3: 3197120 op, 8025400.00 ns, 2.5102 ns/op
OverheadWarmup   4: 3197120 op, 8002500.00 ns, 2.5030 ns/op
OverheadWarmup   5: 3197120 op, 8009500.00 ns, 2.5052 ns/op
OverheadWarmup   6: 3197120 op, 7978900.00 ns, 2.4957 ns/op

OverheadActual   1: 3197120 op, 8214800.00 ns, 2.5694 ns/op
OverheadActual   2: 3197120 op, 8269800.00 ns, 2.5866 ns/op
OverheadActual   3: 3197120 op, 8213000.00 ns, 2.5689 ns/op
OverheadActual   4: 3197120 op, 8037700.00 ns, 2.5140 ns/op
OverheadActual   5: 3197120 op, 8216000.00 ns, 2.5698 ns/op
OverheadActual   6: 3197120 op, 8434800.00 ns, 2.6382 ns/op
OverheadActual   7: 3197120 op, 8110300.00 ns, 2.5368 ns/op
OverheadActual   8: 3197120 op, 8106700.00 ns, 2.5356 ns/op
OverheadActual   9: 3197120 op, 8057700.00 ns, 2.5203 ns/op
OverheadActual  10: 3197120 op, 8037900.00 ns, 2.5141 ns/op
OverheadActual  11: 3197120 op, 8517200.00 ns, 2.6640 ns/op
OverheadActual  12: 3197120 op, 8335400.00 ns, 2.6072 ns/op
OverheadActual  13: 3197120 op, 7994300.00 ns, 2.5005 ns/op
OverheadActual  14: 3197120 op, 7961000.00 ns, 2.4901 ns/op
OverheadActual  15: 3197120 op, 8223800.00 ns, 2.5723 ns/op

WorkloadWarmup   1: 3197120 op, 270285600.00 ns, 84.5403 ns/op
WorkloadWarmup   2: 3197120 op, 260110900.00 ns, 81.3579 ns/op
WorkloadWarmup   3: 3197120 op, 256812600.00 ns, 80.3262 ns/op
WorkloadWarmup   4: 3197120 op, 255640000.00 ns, 79.9595 ns/op
WorkloadWarmup   5: 3197120 op, 257238000.00 ns, 80.4593 ns/op
WorkloadWarmup   6: 3197120 op, 255390800.00 ns, 79.8815 ns/op
WorkloadWarmup   7: 3197120 op, 275929800.00 ns, 86.3057 ns/op
WorkloadWarmup   8: 3197120 op, 256924500.00 ns, 80.3612 ns/op

// BeforeActualRun
WorkloadActual   1: 3197120 op, 281185900.00 ns, 87.9497 ns/op
WorkloadActual   2: 3197120 op, 276099200.00 ns, 86.3587 ns/op
WorkloadActual   3: 3197120 op, 277233000.00 ns, 86.7134 ns/op
WorkloadActual   4: 3197120 op, 273648700.00 ns, 85.5923 ns/op
WorkloadActual   5: 3197120 op, 276472300.00 ns, 86.4754 ns/op
WorkloadActual   6: 3197120 op, 274588300.00 ns, 85.8861 ns/op
WorkloadActual   7: 3197120 op, 279508000.00 ns, 87.4249 ns/op
WorkloadActual   8: 3197120 op, 277337500.00 ns, 86.7460 ns/op
WorkloadActual   9: 3197120 op, 276105600.00 ns, 86.3607 ns/op
WorkloadActual  10: 3197120 op, 276297900.00 ns, 86.4209 ns/op
WorkloadActual  11: 3197120 op, 281183300.00 ns, 87.9489 ns/op
WorkloadActual  12: 3197120 op, 276988700.00 ns, 86.6369 ns/op
WorkloadActual  13: 3197120 op, 276747400.00 ns, 86.5615 ns/op
WorkloadActual  14: 3197120 op, 279265400.00 ns, 87.3491 ns/op
WorkloadActual  15: 3197120 op, 277426300.00 ns, 86.7738 ns/op

// AfterActualRun
WorkloadResult   1: 3197120 op, 272972900.00 ns, 85.3809 ns/op
WorkloadResult   2: 3197120 op, 267886200.00 ns, 83.7898 ns/op
WorkloadResult   3: 3197120 op, 269020000.00 ns, 84.1445 ns/op
WorkloadResult   4: 3197120 op, 265435700.00 ns, 83.0234 ns/op
WorkloadResult   5: 3197120 op, 268259300.00 ns, 83.9065 ns/op
WorkloadResult   6: 3197120 op, 266375300.00 ns, 83.3173 ns/op
WorkloadResult   7: 3197120 op, 271295000.00 ns, 84.8561 ns/op
WorkloadResult   8: 3197120 op, 269124500.00 ns, 84.1772 ns/op
WorkloadResult   9: 3197120 op, 267892600.00 ns, 83.7919 ns/op
WorkloadResult  10: 3197120 op, 268084900.00 ns, 83.8520 ns/op
WorkloadResult  11: 3197120 op, 272970300.00 ns, 85.3801 ns/op
WorkloadResult  12: 3197120 op, 268775700.00 ns, 84.0681 ns/op
WorkloadResult  13: 3197120 op, 268534400.00 ns, 83.9926 ns/op
WorkloadResult  14: 3197120 op, 271052400.00 ns, 84.7802 ns/op
WorkloadResult  15: 3197120 op, 269213300.00 ns, 84.2049 ns/op
// GC:  183 0 0 1534617600 3197120
// Threading:  0 0 3197120

// AfterAll
// Benchmark Process 21536 has exited with code 0.

Mean = 84.178 ns, StdErr = 0.173 ns (0.21%), N = 15, StdDev = 0.672 ns
Min = 83.023 ns, Q1 = 83.822 ns, Median = 84.068 ns, Q3 = 84.493 ns, Max = 85.381 ns
IQR = 0.671 ns, LowerFence = 82.816 ns, UpperFence = 85.499 ns
ConfidenceInterval = [83.460 ns; 84.896 ns] (CI 99.9%), Margin = 0.718 ns (0.85% of Mean)
Skewness = 0.36, Kurtosis = 2.26, MValue = 2

// ** Remained 17 (20.0%) benchmark(s) to run. Estimated finish 2026-02-06 8:18 (0h 3m from now) **
Setup power plan (GUID: 8c5e7fda-e8bf-4a96-9a85-a6e23a8c635c FriendlyName: High performance)
// **************************
// Benchmark: Scenario1.E_Rascal_Result_Value: .NET 10.0(Runtime=.NET 10.0, IterationTime=250ms) [Iterations=10]
// *** Execute ***
// Launch: 1 / 1
// Execute: dotnet Enumerations.Options.Benchmarks-1.dll --anonymousPipes 2348 2648 --benchmarkName "ReillyDigital.Enumerations.Options.Benchmarks.Scenarios.Scenario1.E_Rascal_Result_Value(Iterations: 10)" --job ".NET 10.0" --benchmarkId 68 in D:\x\devs\reilly-digital\dotnet\enumerations.options.benchmarks\bin\Debug\net10.0\Enumerations.Options.Benchmarks-1\bin\Release\net10.0
// BeforeAnythingElse

// Benchmark Process Environment Information:
// BenchmarkDotNet v0.15.8
// Runtime=.NET 10.0.2 (10.0.2, 10.0.225.61305), X64 RyuJIT x86-64-v3
// GC=Concurrent Workstation
// HardwareIntrinsics=AVX2+BMI1+BMI2+F16C+FMA+LZCNT+MOVBE,AVX,SSE3+SSSE3+SSE4.1+SSE4.2+POPCNT,X86Base+SSE+SSE2,AES+PCLMUL VectorSize=256
// Job: .NET 10.0(IterationTime=250ms)

OverheadJitting  1: 1 op, 120700.00 ns, 120.7000 us/op
WorkloadJitting  1: 1 op, 10530600.00 ns, 10.5306 ms/op

OverheadJitting  2: 16 op, 177800.00 ns, 11.1125 us/op
WorkloadJitting  2: 16 op, 155800.00 ns, 9.7375 us/op

WorkloadPilot    1: 16 op, 1800.00 ns, 112.5000 ns/op
WorkloadPilot    2: 2222224 op, 212842100.00 ns, 95.7789 ns/op
WorkloadPilot    3: 2610192 op, 13001900.00 ns, 4.9812 ns/op
WorkloadPilot    4: 50188672 op, 253056400.00 ns, 5.0421 ns/op
WorkloadPilot    5: 49582496 op, 237106500.00 ns, 4.7821 ns/op
WorkloadPilot    6: 52278720 op, 262123100.00 ns, 5.0140 ns/op
WorkloadPilot    7: 49860848 op, 242918000.00 ns, 4.8719 ns/op
WorkloadPilot    8: 51314496 op, 246026700.00 ns, 4.7945 ns/op
WorkloadPilot    9: 52143232 op, 251652300.00 ns, 4.8262 ns/op

OverheadWarmup   1: 52143232 op, 131046800.00 ns, 2.5132 ns/op
OverheadWarmup   2: 52143232 op, 108282400.00 ns, 2.0766 ns/op
OverheadWarmup   3: 52143232 op, 80361900.00 ns, 1.5412 ns/op
OverheadWarmup   4: 52143232 op, 80165300.00 ns, 1.5374 ns/op
OverheadWarmup   5: 52143232 op, 80342700.00 ns, 1.5408 ns/op
OverheadWarmup   6: 52143232 op, 79988200.00 ns, 1.5340 ns/op
OverheadWarmup   7: 52143232 op, 79962200.00 ns, 1.5335 ns/op
OverheadWarmup   8: 52143232 op, 78518700.00 ns, 1.5058 ns/op
OverheadWarmup   9: 52143232 op, 80039300.00 ns, 1.5350 ns/op
OverheadWarmup  10: 52143232 op, 79889900.00 ns, 1.5321 ns/op

OverheadActual   1: 52143232 op, 81278900.00 ns, 1.5588 ns/op
OverheadActual   2: 52143232 op, 80491800.00 ns, 1.5437 ns/op
OverheadActual   3: 52143232 op, 79666100.00 ns, 1.5278 ns/op
OverheadActual   4: 52143232 op, 81986700.00 ns, 1.5723 ns/op
OverheadActual   5: 52143232 op, 80215000.00 ns, 1.5384 ns/op
OverheadActual   6: 52143232 op, 79979200.00 ns, 1.5338 ns/op
OverheadActual   7: 52143232 op, 78285600.00 ns, 1.5014 ns/op
OverheadActual   8: 52143232 op, 80359400.00 ns, 1.5411 ns/op
OverheadActual   9: 52143232 op, 80417500.00 ns, 1.5422 ns/op
OverheadActual  10: 52143232 op, 78513900.00 ns, 1.5057 ns/op
OverheadActual  11: 52143232 op, 80217800.00 ns, 1.5384 ns/op
OverheadActual  12: 52143232 op, 78390600.00 ns, 1.5034 ns/op
OverheadActual  13: 52143232 op, 80019300.00 ns, 1.5346 ns/op
OverheadActual  14: 52143232 op, 78635600.00 ns, 1.5081 ns/op
OverheadActual  15: 52143232 op, 78907600.00 ns, 1.5133 ns/op

WorkloadWarmup   1: 52143232 op, 261175000.00 ns, 5.0088 ns/op
WorkloadWarmup   2: 52143232 op, 256447100.00 ns, 4.9181 ns/op
WorkloadWarmup   3: 52143232 op, 254888700.00 ns, 4.8882 ns/op
WorkloadWarmup   4: 52143232 op, 261146200.00 ns, 5.0082 ns/op
WorkloadWarmup   5: 52143232 op, 252995900.00 ns, 4.8519 ns/op
WorkloadWarmup   6: 52143232 op, 253275700.00 ns, 4.8573 ns/op
WorkloadWarmup   7: 52143232 op, 255982100.00 ns, 4.9092 ns/op
WorkloadWarmup   8: 52143232 op, 256094400.00 ns, 4.9114 ns/op
WorkloadWarmup   9: 52143232 op, 250200400.00 ns, 4.7983 ns/op

// BeforeActualRun
WorkloadActual   1: 52143232 op, 256246700.00 ns, 4.9143 ns/op
WorkloadActual   2: 52143232 op, 256042900.00 ns, 4.9104 ns/op
WorkloadActual   3: 52143232 op, 255366500.00 ns, 4.8974 ns/op
WorkloadActual   4: 52143232 op, 254397300.00 ns, 4.8788 ns/op
WorkloadActual   5: 52143232 op, 251268000.00 ns, 4.8188 ns/op
WorkloadActual   6: 52143232 op, 252860300.00 ns, 4.8493 ns/op
WorkloadActual   7: 52143232 op, 254477500.00 ns, 4.8804 ns/op
WorkloadActual   8: 52143232 op, 251335900.00 ns, 4.8201 ns/op
WorkloadActual   9: 52143232 op, 251478300.00 ns, 4.8228 ns/op
WorkloadActual  10: 52143232 op, 255262600.00 ns, 4.8954 ns/op
WorkloadActual  11: 52143232 op, 249258900.00 ns, 4.7803 ns/op
WorkloadActual  12: 52143232 op, 251279600.00 ns, 4.8190 ns/op
WorkloadActual  13: 52143232 op, 249153000.00 ns, 4.7782 ns/op
WorkloadActual  14: 52143232 op, 255081100.00 ns, 4.8919 ns/op
WorkloadActual  15: 52143232 op, 255308600.00 ns, 4.8963 ns/op

// AfterActualRun
WorkloadResult   1: 52143232 op, 176227400.00 ns, 3.3797 ns/op
WorkloadResult   2: 52143232 op, 176023600.00 ns, 3.3758 ns/op
WorkloadResult   3: 52143232 op, 175347200.00 ns, 3.3628 ns/op
WorkloadResult   4: 52143232 op, 174378000.00 ns, 3.3442 ns/op
WorkloadResult   5: 52143232 op, 171248700.00 ns, 3.2842 ns/op
WorkloadResult   6: 52143232 op, 172841000.00 ns, 3.3147 ns/op
WorkloadResult   7: 52143232 op, 174458200.00 ns, 3.3457 ns/op
WorkloadResult   8: 52143232 op, 171316600.00 ns, 3.2855 ns/op
WorkloadResult   9: 52143232 op, 171459000.00 ns, 3.2882 ns/op
WorkloadResult  10: 52143232 op, 175243300.00 ns, 3.3608 ns/op
WorkloadResult  11: 52143232 op, 169239600.00 ns, 3.2457 ns/op
WorkloadResult  12: 52143232 op, 171260300.00 ns, 3.2844 ns/op
WorkloadResult  13: 52143232 op, 169133700.00 ns, 3.2436 ns/op
WorkloadResult  14: 52143232 op, 175061800.00 ns, 3.3573 ns/op
WorkloadResult  15: 52143232 op, 175289300.00 ns, 3.3617 ns/op
// GC:  0 0 0 0 52143232
// Threading:  0 0 52143232

// AfterAll
// Benchmark Process 22608 has exited with code 0.

Mean = 3.322 ns, StdErr = 0.012 ns (0.36%), N = 15, StdDev = 0.047 ns
Min = 3.244 ns, Q1 = 3.285 ns, Median = 3.344 ns, Q3 = 3.361 ns, Max = 3.380 ns
IQR = 0.076 ns, LowerFence = 3.171 ns, UpperFence = 3.476 ns
ConfidenceInterval = [3.272 ns; 3.372 ns] (CI 99.9%), Margin = 0.050 ns (1.50% of Mean)
Skewness = -0.35, Kurtosis = 1.51, MValue = 2

// ** Remained 16 (18.8%) benchmark(s) to run. Estimated finish 2026-02-06 8:18 (0h 3m from now) **
Setup power plan (GUID: 8c5e7fda-e8bf-4a96-9a85-a6e23a8c635c FriendlyName: High performance)
// **************************
// Benchmark: Scenario1.D_SimpleResults_Result_Value: .NET 10.0(Runtime=.NET 10.0, IterationTime=250ms) [Iterations=10]
// *** Execute ***
// Launch: 1 / 1
// Execute: dotnet Enumerations.Options.Benchmarks-1.dll --anonymousPipes 2736 1436 --benchmarkName "ReillyDigital.Enumerations.Options.Benchmarks.Scenarios.Scenario1.D_SimpleResults_Result_Value(Iterations: 10)" --job ".NET 10.0" --benchmarkId 69 in D:\x\devs\reilly-digital\dotnet\enumerations.options.benchmarks\bin\Debug\net10.0\Enumerations.Options.Benchmarks-1\bin\Release\net10.0
// BeforeAnythingElse

// Benchmark Process Environment Information:
// BenchmarkDotNet v0.15.8
// Runtime=.NET 10.0.2 (10.0.2, 10.0.225.61305), X64 RyuJIT x86-64-v3
// GC=Concurrent Workstation
// HardwareIntrinsics=AVX2+BMI1+BMI2+F16C+FMA+LZCNT+MOVBE,AVX,SSE3+SSSE3+SSE4.1+SSE4.2+POPCNT,X86Base+SSE+SSE2,AES+PCLMUL VectorSize=256
// Job: .NET 10.0(IterationTime=250ms)

OverheadJitting  1: 1 op, 127700.00 ns, 127.7000 us/op
WorkloadJitting  1: 1 op, 14586900.00 ns, 14.5869 ms/op

OverheadJitting  2: 16 op, 243400.00 ns, 15.2125 us/op
WorkloadJitting  2: 16 op, 337300.00 ns, 21.0813 us/op

WorkloadPilot    1: 16 op, 1700.00 ns, 106.2500 ns/op
WorkloadPilot    2: 2352944 op, 203244200.00 ns, 86.3787 ns/op
WorkloadPilot    3: 2894240 op, 33977900.00 ns, 11.7398 ns/op
WorkloadPilot    4: 21295024 op, 100787700.00 ns, 4.7329 ns/op
WorkloadPilot    5: 52821488 op, 242324600.00 ns, 4.5876 ns/op
WorkloadPilot    6: 54494560 op, 249104400.00 ns, 4.5712 ns/op
WorkloadPilot    7: 54690496 op, 252711400.00 ns, 4.6208 ns/op
WorkloadPilot    8: 54103712 op, 252851300.00 ns, 4.6735 ns/op
WorkloadPilot    9: 53493616 op, 245585500.00 ns, 4.5909 ns/op
WorkloadPilot   10: 54455200 op, 253111800.00 ns, 4.6481 ns/op

OverheadWarmup   1: 54455200 op, 135908800.00 ns, 2.4958 ns/op
OverheadWarmup   2: 54455200 op, 113120300.00 ns, 2.0773 ns/op
OverheadWarmup   3: 54455200 op, 82614600.00 ns, 1.5171 ns/op
OverheadWarmup   4: 54455200 op, 82739100.00 ns, 1.5194 ns/op
OverheadWarmup   5: 54455200 op, 82955200.00 ns, 1.5234 ns/op
OverheadWarmup   6: 54455200 op, 83089700.00 ns, 1.5258 ns/op
OverheadWarmup   7: 54455200 op, 82783600.00 ns, 1.5202 ns/op
OverheadWarmup   8: 54455200 op, 82752500.00 ns, 1.5196 ns/op
OverheadWarmup   9: 54455200 op, 81794100.00 ns, 1.5020 ns/op
OverheadWarmup  10: 54455200 op, 81801400.00 ns, 1.5022 ns/op

OverheadActual   1: 54455200 op, 81773900.00 ns, 1.5017 ns/op
OverheadActual   2: 54455200 op, 81844700.00 ns, 1.5030 ns/op
OverheadActual   3: 54455200 op, 81830000.00 ns, 1.5027 ns/op
OverheadActual   4: 54455200 op, 81712700.00 ns, 1.5005 ns/op
OverheadActual   5: 54455200 op, 81754700.00 ns, 1.5013 ns/op
OverheadActual   6: 54455200 op, 82956100.00 ns, 1.5234 ns/op
OverheadActual   7: 54455200 op, 82913800.00 ns, 1.5226 ns/op
OverheadActual   8: 54455200 op, 83063200.00 ns, 1.5253 ns/op
OverheadActual   9: 54455200 op, 82317600.00 ns, 1.5117 ns/op
OverheadActual  10: 54455200 op, 83095200.00 ns, 1.5259 ns/op
OverheadActual  11: 54455200 op, 81971000.00 ns, 1.5053 ns/op
OverheadActual  12: 54455200 op, 82798500.00 ns, 1.5205 ns/op
OverheadActual  13: 54455200 op, 82766900.00 ns, 1.5199 ns/op
OverheadActual  14: 54455200 op, 82819900.00 ns, 1.5209 ns/op
OverheadActual  15: 54455200 op, 82843000.00 ns, 1.5213 ns/op

WorkloadWarmup   1: 54455200 op, 250670200.00 ns, 4.6032 ns/op
WorkloadWarmup   2: 54455200 op, 258208900.00 ns, 4.7417 ns/op
WorkloadWarmup   3: 54455200 op, 243186300.00 ns, 4.4658 ns/op
WorkloadWarmup   4: 54455200 op, 245742300.00 ns, 4.5127 ns/op
WorkloadWarmup   5: 54455200 op, 245546300.00 ns, 4.5091 ns/op
WorkloadWarmup   6: 54455200 op, 244482100.00 ns, 4.4896 ns/op

// BeforeActualRun
WorkloadActual   1: 54455200 op, 247770600.00 ns, 4.5500 ns/op
WorkloadActual   2: 54455200 op, 249421700.00 ns, 4.5803 ns/op
WorkloadActual   3: 54455200 op, 248133500.00 ns, 4.5567 ns/op
WorkloadActual   4: 54455200 op, 249576100.00 ns, 4.5831 ns/op
WorkloadActual   5: 54455200 op, 253726400.00 ns, 4.6594 ns/op
WorkloadActual   6: 54455200 op, 248788400.00 ns, 4.5687 ns/op
WorkloadActual   7: 54455200 op, 244723600.00 ns, 4.4940 ns/op
WorkloadActual   8: 54455200 op, 253132300.00 ns, 4.6485 ns/op
WorkloadActual   9: 54455200 op, 250590400.00 ns, 4.6018 ns/op
WorkloadActual  10: 54455200 op, 251947200.00 ns, 4.6267 ns/op
WorkloadActual  11: 54455200 op, 247153500.00 ns, 4.5387 ns/op
WorkloadActual  12: 54455200 op, 244118100.00 ns, 4.4829 ns/op
WorkloadActual  13: 54455200 op, 245868300.00 ns, 4.5151 ns/op
WorkloadActual  14: 54455200 op, 249291300.00 ns, 4.5779 ns/op
WorkloadActual  15: 54455200 op, 256038600.00 ns, 4.7018 ns/op

// AfterActualRun
WorkloadResult   1: 54455200 op, 165003700.00 ns, 3.0301 ns/op
WorkloadResult   2: 54455200 op, 166654800.00 ns, 3.0604 ns/op
WorkloadResult   3: 54455200 op, 165366600.00 ns, 3.0367 ns/op
WorkloadResult   4: 54455200 op, 166809200.00 ns, 3.0632 ns/op
WorkloadResult   5: 54455200 op, 170959500.00 ns, 3.1395 ns/op
WorkloadResult   6: 54455200 op, 166021500.00 ns, 3.0488 ns/op
WorkloadResult   7: 54455200 op, 161956700.00 ns, 2.9741 ns/op
WorkloadResult   8: 54455200 op, 170365400.00 ns, 3.1285 ns/op
WorkloadResult   9: 54455200 op, 167823500.00 ns, 3.0819 ns/op
WorkloadResult  10: 54455200 op, 169180300.00 ns, 3.1068 ns/op
WorkloadResult  11: 54455200 op, 164386600.00 ns, 3.0187 ns/op
WorkloadResult  12: 54455200 op, 161351200.00 ns, 2.9630 ns/op
WorkloadResult  13: 54455200 op, 163101400.00 ns, 2.9951 ns/op
WorkloadResult  14: 54455200 op, 166524400.00 ns, 3.0580 ns/op
WorkloadResult  15: 54455200 op, 173271700.00 ns, 3.1819 ns/op
// GC:  0 0 0 0 54455200
// Threading:  0 0 54455200

// AfterAll
// Benchmark Process 15552 has exited with code 0.

Mean = 3.059 ns, StdErr = 0.016 ns (0.52%), N = 15, StdDev = 0.061 ns
Min = 2.963 ns, Q1 = 3.024 ns, Median = 3.058 ns, Q3 = 3.094 ns, Max = 3.182 ns
IQR = 0.070 ns, LowerFence = 2.920 ns, UpperFence = 3.199 ns
ConfidenceInterval = [2.993 ns; 3.125 ns] (CI 99.9%), Margin = 0.066 ns (2.15% of Mean)
Skewness = 0.28, Kurtosis = 2.14, MValue = 2

// ** Remained 15 (17.6%) benchmark(s) to run. Estimated finish 2026-02-06 8:17 (0h 2m from now) **
Setup power plan (GUID: 8c5e7fda-e8bf-4a96-9a85-a6e23a8c635c FriendlyName: High performance)
// **************************
// Benchmark: Scenario1.C_ArdalisResult_Result_IsFailed: .NET 10.0(Runtime=.NET 10.0, IterationTime=250ms) [Iterations=10]
// *** Execute ***
// Launch: 1 / 1
// Execute: dotnet Enumerations.Options.Benchmarks-1.dll --anonymousPipes 2784 2712 --benchmarkName "ReillyDigital.Enumerations.Options.Benchmarks.Scenarios.Scenario1.C_ArdalisResult_Result_IsFailed(Iterations: 10)" --job ".NET 10.0" --benchmarkId 70 in D:\x\devs\reilly-digital\dotnet\enumerations.options.benchmarks\bin\Debug\net10.0\Enumerations.Options.Benchmarks-1\bin\Release\net10.0
// BeforeAnythingElse

// Benchmark Process Environment Information:
// BenchmarkDotNet v0.15.8
// Runtime=.NET 10.0.2 (10.0.2, 10.0.225.61305), X64 RyuJIT x86-64-v3
// GC=Concurrent Workstation
// HardwareIntrinsics=AVX2+BMI1+BMI2+F16C+FMA+LZCNT+MOVBE,AVX,SSE3+SSSE3+SSE4.1+SSE4.2+POPCNT,X86Base+SSE+SSE2,AES+PCLMUL VectorSize=256
// Job: .NET 10.0(IterationTime=250ms)

OverheadJitting  1: 1 op, 119700.00 ns, 119.7000 us/op
WorkloadJitting  1: 1 op, 11068600.00 ns, 11.0686 ms/op

OverheadJitting  2: 16 op, 178900.00 ns, 11.1813 us/op
WorkloadJitting  2: 16 op, 281300.00 ns, 17.5813 us/op

WorkloadPilot    1: 16 op, 1900.00 ns, 118.7500 ns/op
WorkloadPilot    2: 2105264 op, 211427700.00 ns, 100.4281 ns/op
WorkloadPilot    3: 2489344 op, 11798400.00 ns, 4.7396 ns/op
WorkloadPilot    4: 52747504 op, 237251900.00 ns, 4.4979 ns/op
WorkloadPilot    5: 55581760 op, 250892700.00 ns, 4.5139 ns/op
WorkloadPilot    6: 55384000 op, 249460000.00 ns, 4.5042 ns/op
WorkloadPilot    7: 55503888 op, 251778400.00 ns, 4.5362 ns/op
WorkloadPilot    8: 55111856 op, 248090900.00 ns, 4.5016 ns/op
WorkloadPilot    9: 55535952 op, 254683800.00 ns, 4.5859 ns/op

OverheadWarmup   1: 55535952 op, 137240700.00 ns, 2.4712 ns/op
OverheadWarmup   2: 55535952 op, 118800600.00 ns, 2.1392 ns/op
OverheadWarmup   3: 55535952 op, 83763100.00 ns, 1.5083 ns/op
OverheadWarmup   4: 55535952 op, 83865700.00 ns, 1.5101 ns/op
OverheadWarmup   5: 55535952 op, 83729300.00 ns, 1.5077 ns/op
OverheadWarmup   6: 55535952 op, 83563700.00 ns, 1.5047 ns/op
OverheadWarmup   7: 55535952 op, 83570000.00 ns, 1.5048 ns/op
OverheadWarmup   8: 55535952 op, 83807900.00 ns, 1.5091 ns/op
OverheadWarmup   9: 55535952 op, 83629800.00 ns, 1.5059 ns/op

OverheadActual   1: 55535952 op, 84520600.00 ns, 1.5219 ns/op
OverheadActual   2: 55535952 op, 83464700.00 ns, 1.5029 ns/op
OverheadActual   3: 55535952 op, 83708600.00 ns, 1.5073 ns/op
OverheadActual   4: 55535952 op, 83612300.00 ns, 1.5056 ns/op
OverheadActual   5: 55535952 op, 83713200.00 ns, 1.5074 ns/op
OverheadActual   6: 55535952 op, 84027500.00 ns, 1.5130 ns/op
OverheadActual   7: 55535952 op, 82934400.00 ns, 1.4933 ns/op
OverheadActual   8: 55535952 op, 83589400.00 ns, 1.5051 ns/op
OverheadActual   9: 55535952 op, 82595400.00 ns, 1.4872 ns/op
OverheadActual  10: 55535952 op, 83465600.00 ns, 1.5029 ns/op
OverheadActual  11: 55535952 op, 82576300.00 ns, 1.4869 ns/op
OverheadActual  12: 55535952 op, 82679700.00 ns, 1.4888 ns/op
OverheadActual  13: 55535952 op, 84069000.00 ns, 1.5138 ns/op
OverheadActual  14: 55535952 op, 82683600.00 ns, 1.4888 ns/op
OverheadActual  15: 55535952 op, 82625900.00 ns, 1.4878 ns/op

WorkloadWarmup   1: 55535952 op, 252297800.00 ns, 4.5430 ns/op
WorkloadWarmup   2: 55535952 op, 252058700.00 ns, 4.5387 ns/op
WorkloadWarmup   3: 55535952 op, 254038200.00 ns, 4.5743 ns/op
WorkloadWarmup   4: 55535952 op, 262597600.00 ns, 4.7284 ns/op
WorkloadWarmup   5: 55535952 op, 250726600.00 ns, 4.5147 ns/op
WorkloadWarmup   6: 55535952 op, 250673600.00 ns, 4.5137 ns/op
WorkloadWarmup   7: 55535952 op, 251313300.00 ns, 4.5252 ns/op
WorkloadWarmup   8: 55535952 op, 251349000.00 ns, 4.5259 ns/op
WorkloadWarmup   9: 55535952 op, 250883700.00 ns, 4.5175 ns/op

// BeforeActualRun
WorkloadActual   1: 55535952 op, 250201200.00 ns, 4.5052 ns/op
WorkloadActual   2: 55535952 op, 252185700.00 ns, 4.5409 ns/op
WorkloadActual   3: 55535952 op, 253040700.00 ns, 4.5563 ns/op
WorkloadActual   4: 55535952 op, 252322100.00 ns, 4.5434 ns/op
WorkloadActual   5: 55535952 op, 249254700.00 ns, 4.4882 ns/op
WorkloadActual   6: 55535952 op, 251281900.00 ns, 4.5247 ns/op
WorkloadActual   7: 55535952 op, 251412400.00 ns, 4.5270 ns/op
WorkloadActual   8: 55535952 op, 253081500.00 ns, 4.5571 ns/op
WorkloadActual   9: 55535952 op, 250942900.00 ns, 4.5186 ns/op
WorkloadActual  10: 55535952 op, 250935200.00 ns, 4.5184 ns/op
WorkloadActual  11: 55535952 op, 250691900.00 ns, 4.5140 ns/op
WorkloadActual  12: 55535952 op, 250884700.00 ns, 4.5175 ns/op
WorkloadActual  13: 55535952 op, 250880500.00 ns, 4.5174 ns/op
WorkloadActual  14: 55535952 op, 254771500.00 ns, 4.5875 ns/op
WorkloadActual  15: 55535952 op, 250451900.00 ns, 4.5097 ns/op

// AfterActualRun
WorkloadResult   1: 55535952 op, 166735600.00 ns, 3.0023 ns/op
WorkloadResult   2: 55535952 op, 168720100.00 ns, 3.0380 ns/op
WorkloadResult   3: 55535952 op, 169575100.00 ns, 3.0534 ns/op
WorkloadResult   4: 55535952 op, 168856500.00 ns, 3.0405 ns/op
WorkloadResult   5: 55535952 op, 165789100.00 ns, 2.9853 ns/op
WorkloadResult   6: 55535952 op, 167816300.00 ns, 3.0218 ns/op
WorkloadResult   7: 55535952 op, 167946800.00 ns, 3.0241 ns/op
WorkloadResult   8: 55535952 op, 169615900.00 ns, 3.0542 ns/op
WorkloadResult   9: 55535952 op, 167477300.00 ns, 3.0157 ns/op
WorkloadResult  10: 55535952 op, 167469600.00 ns, 3.0155 ns/op
WorkloadResult  11: 55535952 op, 167226300.00 ns, 3.0111 ns/op
WorkloadResult  12: 55535952 op, 167419100.00 ns, 3.0146 ns/op
WorkloadResult  13: 55535952 op, 167414900.00 ns, 3.0145 ns/op
WorkloadResult  14: 55535952 op, 166986300.00 ns, 3.0068 ns/op
// GC:  0 0 0 0 55535952
// Threading:  0 0 55535952

// AfterAll
// Benchmark Process 9140 has exited with code 0.

Mean = 3.021 ns, StdErr = 0.005 ns (0.17%), N = 14, StdDev = 0.019 ns
Min = 2.985 ns, Q1 = 3.012 ns, Median = 3.016 ns, Q3 = 3.035 ns, Max = 3.054 ns
IQR = 0.023 ns, LowerFence = 2.978 ns, UpperFence = 3.068 ns
ConfidenceInterval = [2.999 ns; 3.043 ns] (CI 99.9%), Margin = 0.022 ns (0.72% of Mean)
Skewness = 0.22, Kurtosis = 2.18, MValue = 2

// ** Remained 14 (16.5%) benchmark(s) to run. Estimated finish 2026-02-06 8:17 (0h 2m from now) **
Setup power plan (GUID: 8c5e7fda-e8bf-4a96-9a85-a6e23a8c635c FriendlyName: High performance)
// **************************
// Benchmark: Scenario1.A_EnumerationsOptions_Result_IsFailed: .NET 10.0(Runtime=.NET 10.0, IterationTime=250ms) [Iterations=10]
// *** Execute ***
// Launch: 1 / 1
// Execute: dotnet Enumerations.Options.Benchmarks-1.dll --anonymousPipes 2712 2736 --benchmarkName "ReillyDigital.Enumerations.Options.Benchmarks.Scenarios.Scenario1.A_EnumerationsOptions_Result_IsFailed(Iterations: 10)" --job ".NET 10.0" --benchmarkId 71 in D:\x\devs\reilly-digital\dotnet\enumerations.options.benchmarks\bin\Debug\net10.0\Enumerations.Options.Benchmarks-1\bin\Release\net10.0
// BeforeAnythingElse

// Benchmark Process Environment Information:
// BenchmarkDotNet v0.15.8
// Runtime=.NET 10.0.2 (10.0.2, 10.0.225.61305), X64 RyuJIT x86-64-v3
// GC=Concurrent Workstation
// HardwareIntrinsics=AVX2+BMI1+BMI2+F16C+FMA+LZCNT+MOVBE,AVX,SSE3+SSSE3+SSE4.1+SSE4.2+POPCNT,X86Base+SSE+SSE2,AES+PCLMUL VectorSize=256
// Job: .NET 10.0(IterationTime=250ms)

OverheadJitting  1: 1 op, 120000.00 ns, 120.0000 us/op
WorkloadJitting  1: 1 op, 11266200.00 ns, 11.2662 ms/op

OverheadJitting  2: 16 op, 179700.00 ns, 11.2313 us/op
WorkloadJitting  2: 16 op, 147500.00 ns, 9.2188 us/op

WorkloadPilot    1: 16 op, 1200.00 ns, 75.0000 ns/op
WorkloadPilot    2: 3333344 op, 197769900.00 ns, 59.3308 ns/op
WorkloadPilot    3: 4213664 op, 25330000.00 ns, 6.0114 ns/op
WorkloadPilot    4: 41587696 op, 176516200.00 ns, 4.2444 ns/op
WorkloadPilot    5: 58900688 op, 251839000.00 ns, 4.2757 ns/op
WorkloadPilot    6: 58470592 op, 247035300.00 ns, 4.2249 ns/op
WorkloadPilot    7: 59172320 op, 249094500.00 ns, 4.2096 ns/op
WorkloadPilot    8: 59387424 op, 251877300.00 ns, 4.2413 ns/op
WorkloadPilot    9: 58944800 op, 249617900.00 ns, 4.2348 ns/op
WorkloadPilot   10: 59035040 op, 249741900.00 ns, 4.2304 ns/op
WorkloadPilot   11: 59096064 op, 248839300.00 ns, 4.2108 ns/op
WorkloadPilot   12: 59371728 op, 250692000.00 ns, 4.2224 ns/op

OverheadWarmup   1: 59371728 op, 147756700.00 ns, 2.4887 ns/op
OverheadWarmup   2: 59371728 op, 116605700.00 ns, 1.9640 ns/op
OverheadWarmup   3: 59371728 op, 89318900.00 ns, 1.5044 ns/op
OverheadWarmup   4: 59371728 op, 89063600.00 ns, 1.5001 ns/op
OverheadWarmup   5: 59371728 op, 89324300.00 ns, 1.5045 ns/op
OverheadWarmup   6: 59371728 op, 89563800.00 ns, 1.5085 ns/op
OverheadWarmup   7: 59371728 op, 89446900.00 ns, 1.5066 ns/op
OverheadWarmup   8: 59371728 op, 89186900.00 ns, 1.5022 ns/op
OverheadWarmup   9: 59371728 op, 89184400.00 ns, 1.5021 ns/op
OverheadWarmup  10: 59371728 op, 89314000.00 ns, 1.5043 ns/op

OverheadActual   1: 59371728 op, 89610100.00 ns, 1.5093 ns/op
OverheadActual   2: 59371728 op, 89476600.00 ns, 1.5071 ns/op
OverheadActual   3: 59371728 op, 89154500.00 ns, 1.5016 ns/op
OverheadActual   4: 59371728 op, 88349000.00 ns, 1.4881 ns/op
OverheadActual   5: 59371728 op, 88182500.00 ns, 1.4853 ns/op
OverheadActual   6: 59371728 op, 88213900.00 ns, 1.4858 ns/op
OverheadActual   7: 59371728 op, 88852300.00 ns, 1.4965 ns/op
OverheadActual   8: 59371728 op, 89427100.00 ns, 1.5062 ns/op
OverheadActual   9: 59371728 op, 90272600.00 ns, 1.5205 ns/op
OverheadActual  10: 59371728 op, 89544600.00 ns, 1.5082 ns/op
OverheadActual  11: 59371728 op, 89639200.00 ns, 1.5098 ns/op
OverheadActual  12: 59371728 op, 88603100.00 ns, 1.4923 ns/op
OverheadActual  13: 59371728 op, 90011700.00 ns, 1.5161 ns/op
OverheadActual  14: 59371728 op, 88351200.00 ns, 1.4881 ns/op
OverheadActual  15: 59371728 op, 89205100.00 ns, 1.5025 ns/op

WorkloadWarmup   1: 59371728 op, 251028700.00 ns, 4.2281 ns/op
WorkloadWarmup   2: 59371728 op, 250423200.00 ns, 4.2179 ns/op
WorkloadWarmup   3: 59371728 op, 250624800.00 ns, 4.2213 ns/op
WorkloadWarmup   4: 59371728 op, 250275200.00 ns, 4.2154 ns/op
WorkloadWarmup   5: 59371728 op, 251813100.00 ns, 4.2413 ns/op
WorkloadWarmup   6: 59371728 op, 251142000.00 ns, 4.2300 ns/op

// BeforeActualRun
WorkloadActual   1: 59371728 op, 249327800.00 ns, 4.1994 ns/op
WorkloadActual   2: 59371728 op, 249627900.00 ns, 4.2045 ns/op
WorkloadActual   3: 59371728 op, 250513500.00 ns, 4.2194 ns/op
WorkloadActual   4: 59371728 op, 250201600.00 ns, 4.2142 ns/op
WorkloadActual   5: 59371728 op, 249127500.00 ns, 4.1961 ns/op
WorkloadActual   6: 59371728 op, 250720000.00 ns, 4.2229 ns/op
WorkloadActual   7: 59371728 op, 250281700.00 ns, 4.2155 ns/op
WorkloadActual   8: 59371728 op, 251975500.00 ns, 4.2440 ns/op
WorkloadActual   9: 59371728 op, 250579500.00 ns, 4.2205 ns/op
WorkloadActual  10: 59371728 op, 254078400.00 ns, 4.2795 ns/op
WorkloadActual  11: 59371728 op, 251135800.00 ns, 4.2299 ns/op
WorkloadActual  12: 59371728 op, 252907700.00 ns, 4.2597 ns/op
WorkloadActual  13: 59371728 op, 251088500.00 ns, 4.2291 ns/op
WorkloadActual  14: 59371728 op, 250175600.00 ns, 4.2137 ns/op
WorkloadActual  15: 59371728 op, 251091800.00 ns, 4.2291 ns/op

// AfterActualRun
WorkloadResult   1: 59371728 op, 160122700.00 ns, 2.6970 ns/op
WorkloadResult   2: 59371728 op, 160422800.00 ns, 2.7020 ns/op
WorkloadResult   3: 59371728 op, 161308400.00 ns, 2.7169 ns/op
WorkloadResult   4: 59371728 op, 160996500.00 ns, 2.7117 ns/op
WorkloadResult   5: 59371728 op, 159922400.00 ns, 2.6936 ns/op
WorkloadResult   6: 59371728 op, 161514900.00 ns, 2.7204 ns/op
WorkloadResult   7: 59371728 op, 161076600.00 ns, 2.7130 ns/op
WorkloadResult   8: 59371728 op, 162770400.00 ns, 2.7415 ns/op
WorkloadResult   9: 59371728 op, 161374400.00 ns, 2.7180 ns/op
WorkloadResult  10: 59371728 op, 161930700.00 ns, 2.7274 ns/op
WorkloadResult  11: 59371728 op, 161883400.00 ns, 2.7266 ns/op
WorkloadResult  12: 59371728 op, 160970500.00 ns, 2.7112 ns/op
WorkloadResult  13: 59371728 op, 161886700.00 ns, 2.7267 ns/op
// GC:  0 0 0 0 59371728
// Threading:  0 0 59371728

// AfterAll
// Benchmark Process 16360 has exited with code 0.

Mean = 2.716 ns, StdErr = 0.004 ns (0.14%), N = 13, StdDev = 0.013 ns
Min = 2.694 ns, Q1 = 2.711 ns, Median = 2.717 ns, Q3 = 2.727 ns, Max = 2.742 ns
IQR = 0.015 ns, LowerFence = 2.688 ns, UpperFence = 2.750 ns
ConfidenceInterval = [2.700 ns; 2.732 ns] (CI 99.9%), Margin = 0.016 ns (0.59% of Mean)
Skewness = 0.02, Kurtosis = 2.15, MValue = 2

// ** Remained 13 (15.3%) benchmark(s) to run. Estimated finish 2026-02-06 8:17 (0h 2m from now) **
Setup power plan (GUID: 8c5e7fda-e8bf-4a96-9a85-a6e23a8c635c FriendlyName: High performance)
// **************************
// Benchmark: Scenario1.B_FluentResults_Result_IsFailed: .NET 10.0(Runtime=.NET 10.0, IterationTime=250ms) [Iterations=10]
// *** Execute ***
// Launch: 1 / 1
// Execute: dotnet Enumerations.Options.Benchmarks-1.dll --anonymousPipes 2712 2736 --benchmarkName "ReillyDigital.Enumerations.Options.Benchmarks.Scenarios.Scenario1.B_FluentResults_Result_IsFailed(Iterations: 10)" --job ".NET 10.0" --benchmarkId 72 in D:\x\devs\reilly-digital\dotnet\enumerations.options.benchmarks\bin\Debug\net10.0\Enumerations.Options.Benchmarks-1\bin\Release\net10.0
// BeforeAnythingElse

// Benchmark Process Environment Information:
// BenchmarkDotNet v0.15.8
// Runtime=.NET 10.0.2 (10.0.2, 10.0.225.61305), X64 RyuJIT x86-64-v3
// GC=Concurrent Workstation
// HardwareIntrinsics=AVX2+BMI1+BMI2+F16C+FMA+LZCNT+MOVBE,AVX,SSE3+SSSE3+SSE4.1+SSE4.2+POPCNT,X86Base+SSE+SSE2,AES+PCLMUL VectorSize=256
// Job: .NET 10.0(IterationTime=250ms)

OverheadJitting  1: 1 op, 119100.00 ns, 119.1000 us/op
WorkloadJitting  1: 1 op, 10926700.00 ns, 10.9267 ms/op

OverheadJitting  2: 16 op, 182200.00 ns, 11.3875 us/op
WorkloadJitting  2: 16 op, 174100.00 ns, 10.8813 us/op

WorkloadPilot    1: 16 op, 26400.00 ns, 1.6500 us/op
WorkloadPilot    2: 151520 op, 177042800.00 ns, 1.1684 us/op
WorkloadPilot    3: 213968 op, 81718000.00 ns, 381.9169 ns/op
WorkloadPilot    4: 654608 op, 110191500.00 ns, 168.3320 ns/op
WorkloadPilot    5: 1485168 op, 269213200.00 ns, 181.2678 ns/op
WorkloadPilot    6: 1379184 op, 240328100.00 ns, 174.2538 ns/op
WorkloadPilot    7: 1434704 op, 251661000.00 ns, 175.4097 ns/op
WorkloadPilot    8: 1425248 op, 231786200.00 ns, 162.6287 ns/op
WorkloadPilot    9: 1537248 op, 267888800.00 ns, 174.2652 ns/op

OverheadWarmup   1: 1537248 op, 3854900.00 ns, 2.5077 ns/op
OverheadWarmup   2: 1537248 op, 4043300.00 ns, 2.6302 ns/op
OverheadWarmup   3: 1537248 op, 3799100.00 ns, 2.4714 ns/op
OverheadWarmup   4: 1537248 op, 3760100.00 ns, 2.4460 ns/op
OverheadWarmup   5: 1537248 op, 4139300.00 ns, 2.6927 ns/op
OverheadWarmup   6: 1537248 op, 3751700.00 ns, 2.4405 ns/op

OverheadActual   1: 1537248 op, 3809000.00 ns, 2.4778 ns/op
OverheadActual   2: 1537248 op, 4125300.00 ns, 2.6836 ns/op
OverheadActual   3: 1537248 op, 3904900.00 ns, 2.5402 ns/op
OverheadActual   4: 1537248 op, 3768700.00 ns, 2.4516 ns/op
OverheadActual   5: 1537248 op, 3949900.00 ns, 2.5695 ns/op
OverheadActual   6: 1537248 op, 3756600.00 ns, 2.4437 ns/op
OverheadActual   7: 1537248 op, 4102300.00 ns, 2.6686 ns/op
OverheadActual   8: 1537248 op, 3825900.00 ns, 2.4888 ns/op
OverheadActual   9: 1537248 op, 3977000.00 ns, 2.5871 ns/op
OverheadActual  10: 1537248 op, 3816700.00 ns, 2.4828 ns/op
OverheadActual  11: 1537248 op, 3965900.00 ns, 2.5799 ns/op
OverheadActual  12: 1537248 op, 3995200.00 ns, 2.5989 ns/op
OverheadActual  13: 1537248 op, 4034000.00 ns, 2.6242 ns/op
OverheadActual  14: 1537248 op, 3788900.00 ns, 2.4647 ns/op
OverheadActual  15: 1537248 op, 4158600.00 ns, 2.7052 ns/op

WorkloadWarmup   1: 1537248 op, 268589200.00 ns, 174.7208 ns/op
WorkloadWarmup   2: 1537248 op, 275663400.00 ns, 179.3227 ns/op
WorkloadWarmup   3: 1537248 op, 260142500.00 ns, 169.2261 ns/op
WorkloadWarmup   4: 1537248 op, 278351600.00 ns, 181.0714 ns/op
WorkloadWarmup   5: 1537248 op, 260480200.00 ns, 169.4458 ns/op
WorkloadWarmup   6: 1537248 op, 274014800.00 ns, 178.2502 ns/op

// BeforeActualRun
WorkloadActual   1: 1537248 op, 287420400.00 ns, 186.9707 ns/op
WorkloadActual   2: 1537248 op, 277090200.00 ns, 180.2508 ns/op
WorkloadActual   3: 1537248 op, 273048900.00 ns, 177.6219 ns/op
WorkloadActual   4: 1537248 op, 264368700.00 ns, 171.9753 ns/op
WorkloadActual   5: 1537248 op, 281427000.00 ns, 183.0720 ns/op
WorkloadActual   6: 1537248 op, 276720900.00 ns, 180.0106 ns/op
WorkloadActual   7: 1537248 op, 272631300.00 ns, 177.3502 ns/op
WorkloadActual   8: 1537248 op, 267875800.00 ns, 174.2567 ns/op
WorkloadActual   9: 1537248 op, 281528100.00 ns, 183.1377 ns/op
WorkloadActual  10: 1537248 op, 280040700.00 ns, 182.1702 ns/op
WorkloadActual  11: 1537248 op, 272465800.00 ns, 177.2426 ns/op
WorkloadActual  12: 1537248 op, 266564300.00 ns, 173.4036 ns/op
WorkloadActual  13: 1537248 op, 283787800.00 ns, 184.6077 ns/op
WorkloadActual  14: 1537248 op, 279105500.00 ns, 181.5618 ns/op
WorkloadActual  15: 1537248 op, 275185300.00 ns, 179.0116 ns/op
WorkloadActual  16: 1537248 op, 267273200.00 ns, 173.8647 ns/op
WorkloadActual  17: 1537248 op, 283950300.00 ns, 184.7134 ns/op
WorkloadActual  18: 1537248 op, 255372500.00 ns, 166.1232 ns/op
WorkloadActual  19: 1537248 op, 289524700.00 ns, 188.3396 ns/op
WorkloadActual  20: 1537248 op, 273343000.00 ns, 177.8132 ns/op
WorkloadActual  21: 1537248 op, 258548200.00 ns, 168.1890 ns/op
WorkloadActual  22: 1537248 op, 274641900.00 ns, 178.6582 ns/op
WorkloadActual  23: 1537248 op, 274611100.00 ns, 178.6381 ns/op
WorkloadActual  24: 1537248 op, 256265100.00 ns, 166.7038 ns/op
WorkloadActual  25: 1537248 op, 273372200.00 ns, 177.8322 ns/op
WorkloadActual  26: 1537248 op, 272732500.00 ns, 177.4161 ns/op
WorkloadActual  27: 1537248 op, 256813400.00 ns, 167.0605 ns/op
WorkloadActual  28: 1537248 op, 274626300.00 ns, 178.6480 ns/op
WorkloadActual  29: 1537248 op, 271870700.00 ns, 176.8555 ns/op
WorkloadActual  30: 1537248 op, 254746200.00 ns, 165.7157 ns/op
WorkloadActual  31: 1537248 op, 278580000.00 ns, 181.2199 ns/op
WorkloadActual  32: 1537248 op, 274755400.00 ns, 178.7320 ns/op
WorkloadActual  33: 1537248 op, 263297300.00 ns, 171.2783 ns/op
WorkloadActual  34: 1537248 op, 277375000.00 ns, 180.4361 ns/op
WorkloadActual  35: 1537248 op, 275103200.00 ns, 178.9582 ns/op

// AfterActualRun
WorkloadResult   1: 1537248 op, 283470500.00 ns, 184.4013 ns/op
WorkloadResult   2: 1537248 op, 273140300.00 ns, 177.6814 ns/op
WorkloadResult   3: 1537248 op, 269099000.00 ns, 175.0524 ns/op
WorkloadResult   4: 1537248 op, 260418800.00 ns, 169.4058 ns/op
WorkloadResult   5: 1537248 op, 277477100.00 ns, 180.5025 ns/op
WorkloadResult   6: 1537248 op, 272771000.00 ns, 177.4411 ns/op
WorkloadResult   7: 1537248 op, 268681400.00 ns, 174.7808 ns/op
WorkloadResult   8: 1537248 op, 263925900.00 ns, 171.6873 ns/op
WorkloadResult   9: 1537248 op, 277578200.00 ns, 180.5683 ns/op
WorkloadResult  10: 1537248 op, 276090800.00 ns, 179.6007 ns/op
WorkloadResult  11: 1537248 op, 268515900.00 ns, 174.6731 ns/op
WorkloadResult  12: 1537248 op, 262614400.00 ns, 170.8341 ns/op
WorkloadResult  13: 1537248 op, 279837900.00 ns, 182.0382 ns/op
WorkloadResult  14: 1537248 op, 275155600.00 ns, 178.9923 ns/op
WorkloadResult  15: 1537248 op, 271235400.00 ns, 176.4422 ns/op
WorkloadResult  16: 1537248 op, 263323300.00 ns, 171.2953 ns/op
WorkloadResult  17: 1537248 op, 280000400.00 ns, 182.1439 ns/op
WorkloadResult  18: 1537248 op, 251422600.00 ns, 163.5537 ns/op
WorkloadResult  19: 1537248 op, 285574800.00 ns, 185.7702 ns/op
WorkloadResult  20: 1537248 op, 269393100.00 ns, 175.2437 ns/op
WorkloadResult  21: 1537248 op, 254598300.00 ns, 165.6195 ns/op
WorkloadResult  22: 1537248 op, 270692000.00 ns, 176.0887 ns/op
WorkloadResult  23: 1537248 op, 270661200.00 ns, 176.0687 ns/op
WorkloadResult  24: 1537248 op, 252315200.00 ns, 164.1343 ns/op
WorkloadResult  25: 1537248 op, 269422300.00 ns, 175.2627 ns/op
WorkloadResult  26: 1537248 op, 268782600.00 ns, 174.8466 ns/op
WorkloadResult  27: 1537248 op, 252863500.00 ns, 164.4910 ns/op
WorkloadResult  28: 1537248 op, 270676400.00 ns, 176.0786 ns/op
WorkloadResult  29: 1537248 op, 267920800.00 ns, 174.2860 ns/op
WorkloadResult  30: 1537248 op, 250796300.00 ns, 163.1463 ns/op
WorkloadResult  31: 1537248 op, 274630100.00 ns, 178.6505 ns/op
WorkloadResult  32: 1537248 op, 270805500.00 ns, 176.1625 ns/op
WorkloadResult  33: 1537248 op, 259347400.00 ns, 168.7089 ns/op
WorkloadResult  34: 1537248 op, 273425100.00 ns, 177.8666 ns/op
WorkloadResult  35: 1537248 op, 271153300.00 ns, 176.3888 ns/op
// GC:  161 0 0 1352778240 1537248
// Threading:  0 0 1537248

// AfterAll
// Benchmark Process 6360 has exited with code 0.

Mean = 174.855 ns, StdErr = 0.982 ns (0.56%), N = 35, StdDev = 5.811 ns
Min = 163.146 ns, Q1 = 171.491 ns, Median = 176.069 ns, Q3 = 178.259 ns, Max = 185.770 ns
IQR = 6.767 ns, LowerFence = 161.340 ns, UpperFence = 188.409 ns
ConfidenceInterval = [171.318 ns; 178.391 ns] (CI 99.9%), Margin = 3.536 ns (2.02% of Mean)
Skewness = -0.45, Kurtosis = 2.54, MValue = 2

// ** Remained 12 (14.1%) benchmark(s) to run. Estimated finish 2026-02-06 8:17 (0h 2m from now) **
Setup power plan (GUID: 8c5e7fda-e8bf-4a96-9a85-a6e23a8c635c FriendlyName: High performance)
// **************************
// Benchmark: Scenario1.E_Rascal_Result_IsFailed: .NET 10.0(Runtime=.NET 10.0, IterationTime=250ms) [Iterations=10]
// *** Execute ***
// Launch: 1 / 1
// Execute: dotnet Enumerations.Options.Benchmarks-1.dll --anonymousPipes 2508 2592 --benchmarkName "ReillyDigital.Enumerations.Options.Benchmarks.Scenarios.Scenario1.E_Rascal_Result_IsFailed(Iterations: 10)" --job ".NET 10.0" --benchmarkId 73 in D:\x\devs\reilly-digital\dotnet\enumerations.options.benchmarks\bin\Debug\net10.0\Enumerations.Options.Benchmarks-1\bin\Release\net10.0
// BeforeAnythingElse

// Benchmark Process Environment Information:
// BenchmarkDotNet v0.15.8
// Runtime=.NET 10.0.2 (10.0.2, 10.0.225.61305), X64 RyuJIT x86-64-v3
// GC=Concurrent Workstation
// HardwareIntrinsics=AVX2+BMI1+BMI2+F16C+FMA+LZCNT+MOVBE,AVX,SSE3+SSSE3+SSE4.1+SSE4.2+POPCNT,X86Base+SSE+SSE2,AES+PCLMUL VectorSize=256
// Job: .NET 10.0(IterationTime=250ms)

OverheadJitting  1: 1 op, 127100.00 ns, 127.1000 us/op
WorkloadJitting  1: 1 op, 12372500.00 ns, 12.3725 ms/op

OverheadJitting  2: 16 op, 184200.00 ns, 11.5125 us/op
WorkloadJitting  2: 16 op, 159500.00 ns, 9.9688 us/op

WorkloadPilot    1: 16 op, 2000.00 ns, 125.0000 ns/op
WorkloadPilot    2: 2000000 op, 196019200.00 ns, 98.0096 ns/op
WorkloadPilot    3: 2550784 op, 14402600.00 ns, 5.6463 ns/op
WorkloadPilot    4: 44276464 op, 177156800.00 ns, 4.0012 ns/op
WorkloadPilot    5: 62482032 op, 244513300.00 ns, 3.9133 ns/op
WorkloadPilot    6: 63884096 op, 255191000.00 ns, 3.9946 ns/op
WorkloadPilot    7: 62584592 op, 251073800.00 ns, 4.0118 ns/op
WorkloadPilot    8: 62316928 op, 248545400.00 ns, 3.9884 ns/op
WorkloadPilot    9: 62681648 op, 250120400.00 ns, 3.9903 ns/op

OverheadWarmup   1: 62681648 op, 156967600.00 ns, 2.5042 ns/op
OverheadWarmup   2: 62681648 op, 118996800.00 ns, 1.8984 ns/op
OverheadWarmup   3: 62681648 op, 96901400.00 ns, 1.5459 ns/op
OverheadWarmup   4: 62681648 op, 95727000.00 ns, 1.5272 ns/op
OverheadWarmup   5: 62681648 op, 95264500.00 ns, 1.5198 ns/op
OverheadWarmup   6: 62681648 op, 97476400.00 ns, 1.5551 ns/op
OverheadWarmup   7: 62681648 op, 96041100.00 ns, 1.5322 ns/op
OverheadWarmup   8: 62681648 op, 96434100.00 ns, 1.5385 ns/op
OverheadWarmup   9: 62681648 op, 96022000.00 ns, 1.5319 ns/op

OverheadActual   1: 62681648 op, 96581100.00 ns, 1.5408 ns/op
OverheadActual   2: 62681648 op, 95827500.00 ns, 1.5288 ns/op
OverheadActual   3: 62681648 op, 95909300.00 ns, 1.5301 ns/op
OverheadActual   4: 62681648 op, 94305300.00 ns, 1.5045 ns/op
OverheadActual   5: 62681648 op, 95941200.00 ns, 1.5306 ns/op
OverheadActual   6: 62681648 op, 94004400.00 ns, 1.4997 ns/op
OverheadActual   7: 62681648 op, 94019700.00 ns, 1.5000 ns/op
OverheadActual   8: 62681648 op, 94084600.00 ns, 1.5010 ns/op
OverheadActual   9: 62681648 op, 94073000.00 ns, 1.5008 ns/op
OverheadActual  10: 62681648 op, 94052200.00 ns, 1.5005 ns/op
OverheadActual  11: 62681648 op, 94093300.00 ns, 1.5011 ns/op
OverheadActual  12: 62681648 op, 95769000.00 ns, 1.5279 ns/op
OverheadActual  13: 62681648 op, 96135800.00 ns, 1.5337 ns/op
OverheadActual  14: 62681648 op, 94192400.00 ns, 1.5027 ns/op
OverheadActual  15: 62681648 op, 95495600.00 ns, 1.5235 ns/op

WorkloadWarmup   1: 62681648 op, 249384500.00 ns, 3.9786 ns/op
WorkloadWarmup   2: 62681648 op, 251637300.00 ns, 4.0145 ns/op
WorkloadWarmup   3: 62681648 op, 249201300.00 ns, 3.9757 ns/op
WorkloadWarmup   4: 62681648 op, 247840500.00 ns, 3.9540 ns/op
WorkloadWarmup   5: 62681648 op, 245182300.00 ns, 3.9115 ns/op
WorkloadWarmup   6: 62681648 op, 246716800.00 ns, 3.9360 ns/op
WorkloadWarmup   7: 62681648 op, 246340100.00 ns, 3.9300 ns/op

// BeforeActualRun
WorkloadActual   1: 62681648 op, 246774500.00 ns, 3.9369 ns/op
WorkloadActual   2: 62681648 op, 245872200.00 ns, 3.9226 ns/op
WorkloadActual   3: 62681648 op, 260299700.00 ns, 4.1527 ns/op
WorkloadActual   4: 62681648 op, 244858800.00 ns, 3.9064 ns/op
WorkloadActual   5: 62681648 op, 245215700.00 ns, 3.9121 ns/op
WorkloadActual   6: 62681648 op, 246937800.00 ns, 3.9396 ns/op
WorkloadActual   7: 62681648 op, 245436400.00 ns, 3.9156 ns/op
WorkloadActual   8: 62681648 op, 246513900.00 ns, 3.9328 ns/op
WorkloadActual   9: 62681648 op, 246571100.00 ns, 3.9337 ns/op
WorkloadActual  10: 62681648 op, 247725100.00 ns, 3.9521 ns/op
WorkloadActual  11: 62681648 op, 246027100.00 ns, 3.9250 ns/op
WorkloadActual  12: 62681648 op, 245783300.00 ns, 3.9211 ns/op
WorkloadActual  13: 62681648 op, 248712000.00 ns, 3.9679 ns/op
WorkloadActual  14: 62681648 op, 246326400.00 ns, 3.9298 ns/op
WorkloadActual  15: 62681648 op, 248753800.00 ns, 3.9685 ns/op

// AfterActualRun
WorkloadResult   1: 62681648 op, 152469200.00 ns, 2.4324 ns/op
WorkloadResult   2: 62681648 op, 151566900.00 ns, 2.4180 ns/op
WorkloadResult   3: 62681648 op, 150553500.00 ns, 2.4019 ns/op
WorkloadResult   4: 62681648 op, 150910400.00 ns, 2.4076 ns/op
WorkloadResult   5: 62681648 op, 152632500.00 ns, 2.4350 ns/op
WorkloadResult   6: 62681648 op, 151131100.00 ns, 2.4111 ns/op
WorkloadResult   7: 62681648 op, 152208600.00 ns, 2.4283 ns/op
WorkloadResult   8: 62681648 op, 152265800.00 ns, 2.4292 ns/op
WorkloadResult   9: 62681648 op, 153419800.00 ns, 2.4476 ns/op
WorkloadResult  10: 62681648 op, 151721800.00 ns, 2.4205 ns/op
WorkloadResult  11: 62681648 op, 151478000.00 ns, 2.4166 ns/op
WorkloadResult  12: 62681648 op, 154406700.00 ns, 2.4633 ns/op
WorkloadResult  13: 62681648 op, 152021100.00 ns, 2.4253 ns/op
WorkloadResult  14: 62681648 op, 154448500.00 ns, 2.4640 ns/op
// GC:  0 0 0 0 62681648
// Threading:  0 0 62681648

// AfterAll
// Benchmark Process 17496 has exited with code 0.

Mean = 2.429 ns, StdErr = 0.005 ns (0.21%), N = 14, StdDev = 0.019 ns
Min = 2.402 ns, Q1 = 2.417 ns, Median = 2.427 ns, Q3 = 2.434 ns, Max = 2.464 ns
IQR = 0.017 ns, LowerFence = 2.391 ns, UpperFence = 2.461 ns
ConfidenceInterval = [2.407 ns; 2.450 ns] (CI 99.9%), Margin = 0.021 ns (0.88% of Mean)
Skewness = 0.58, Kurtosis = 2.21, MValue = 2

// ** Remained 11 (12.9%) benchmark(s) to run. Estimated finish 2026-02-06 8:17 (0h 2m from now) **
Setup power plan (GUID: 8c5e7fda-e8bf-4a96-9a85-a6e23a8c635c FriendlyName: High performance)
// **************************
// Benchmark: Scenario1.D_SimpleResults_Result_IsFailed: .NET 10.0(Runtime=.NET 10.0, IterationTime=250ms) [Iterations=10]
// *** Execute ***
// Launch: 1 / 1
// Execute: dotnet Enumerations.Options.Benchmarks-1.dll --anonymousPipes 2596 2600 --benchmarkName "ReillyDigital.Enumerations.Options.Benchmarks.Scenarios.Scenario1.D_SimpleResults_Result_IsFailed(Iterations: 10)" --job ".NET 10.0" --benchmarkId 74 in D:\x\devs\reilly-digital\dotnet\enumerations.options.benchmarks\bin\Debug\net10.0\Enumerations.Options.Benchmarks-1\bin\Release\net10.0
// BeforeAnythingElse

// Benchmark Process Environment Information:
// BenchmarkDotNet v0.15.8
// Runtime=.NET 10.0.2 (10.0.2, 10.0.225.61305), X64 RyuJIT x86-64-v3
// GC=Concurrent Workstation
// HardwareIntrinsics=AVX2+BMI1+BMI2+F16C+FMA+LZCNT+MOVBE,AVX,SSE3+SSSE3+SSE4.1+SSE4.2+POPCNT,X86Base+SSE+SSE2,AES+PCLMUL VectorSize=256
// Job: .NET 10.0(IterationTime=250ms)

OverheadJitting  1: 1 op, 119000.00 ns, 119.0000 us/op
WorkloadJitting  1: 1 op, 10120800.00 ns, 10.1208 ms/op

OverheadJitting  2: 16 op, 178800.00 ns, 11.1750 us/op
WorkloadJitting  2: 16 op, 147300.00 ns, 9.2063 us/op

WorkloadPilot    1: 16 op, 1800.00 ns, 112.5000 ns/op
WorkloadPilot    2: 2222224 op, 214605600.00 ns, 96.5724 ns/op
WorkloadPilot    3: 2588736 op, 10529300.00 ns, 4.0674 ns/op
WorkloadPilot    4: 61465056 op, 247502900.00 ns, 4.0267 ns/op
WorkloadPilot    5: 62085200 op, 248915100.00 ns, 4.0093 ns/op
WorkloadPilot    6: 62355808 op, 250076700.00 ns, 4.0105 ns/op
WorkloadPilot    7: 62336688 op, 247924900.00 ns, 3.9772 ns/op
WorkloadPilot    8: 62858448 op, 251833300.00 ns, 4.0064 ns/op
WorkloadPilot    9: 62400864 op, 248554800.00 ns, 3.9832 ns/op
WorkloadPilot   10: 62763696 op, 253442700.00 ns, 4.0380 ns/op

OverheadWarmup   1: 62763696 op, 155290600.00 ns, 2.4742 ns/op
OverheadWarmup   2: 62763696 op, 115622200.00 ns, 1.8422 ns/op
OverheadWarmup   3: 62763696 op, 95886500.00 ns, 1.5277 ns/op
OverheadWarmup   4: 62763696 op, 95389700.00 ns, 1.5198 ns/op
OverheadWarmup   5: 62763696 op, 95765700.00 ns, 1.5258 ns/op
OverheadWarmup   6: 62763696 op, 95080600.00 ns, 1.5149 ns/op
OverheadWarmup   7: 62763696 op, 95330200.00 ns, 1.5189 ns/op
OverheadWarmup   8: 62763696 op, 95492400.00 ns, 1.5215 ns/op
OverheadWarmup   9: 62763696 op, 95486900.00 ns, 1.5214 ns/op

OverheadActual   1: 62763696 op, 95972900.00 ns, 1.5291 ns/op
OverheadActual   2: 62763696 op, 95333000.00 ns, 1.5189 ns/op
OverheadActual   3: 62763696 op, 95266800.00 ns, 1.5179 ns/op
OverheadActual   4: 62763696 op, 96844500.00 ns, 1.5430 ns/op
OverheadActual   5: 62763696 op, 95710600.00 ns, 1.5249 ns/op
OverheadActual   6: 62763696 op, 95391100.00 ns, 1.5198 ns/op
OverheadActual   7: 62763696 op, 95809600.00 ns, 1.5265 ns/op
OverheadActual   8: 62763696 op, 95223900.00 ns, 1.5172 ns/op
OverheadActual   9: 62763696 op, 94263000.00 ns, 1.5019 ns/op
OverheadActual  10: 62763696 op, 95186100.00 ns, 1.5166 ns/op
OverheadActual  11: 62763696 op, 95313000.00 ns, 1.5186 ns/op
OverheadActual  12: 62763696 op, 95307700.00 ns, 1.5185 ns/op
OverheadActual  13: 62763696 op, 95731500.00 ns, 1.5253 ns/op
OverheadActual  14: 62763696 op, 95156400.00 ns, 1.5161 ns/op
OverheadActual  15: 62763696 op, 95540800.00 ns, 1.5222 ns/op

WorkloadWarmup   1: 62763696 op, 250807000.00 ns, 3.9961 ns/op
WorkloadWarmup   2: 62763696 op, 253342100.00 ns, 4.0364 ns/op
WorkloadWarmup   3: 62763696 op, 253645800.00 ns, 4.0413 ns/op
WorkloadWarmup   4: 62763696 op, 250064300.00 ns, 3.9842 ns/op
WorkloadWarmup   5: 62763696 op, 250344800.00 ns, 3.9887 ns/op
WorkloadWarmup   6: 62763696 op, 249246800.00 ns, 3.9712 ns/op

// BeforeActualRun
WorkloadActual   1: 62763696 op, 251191900.00 ns, 4.0022 ns/op
WorkloadActual   2: 62763696 op, 251181600.00 ns, 4.0020 ns/op
WorkloadActual   3: 62763696 op, 249452600.00 ns, 3.9745 ns/op
WorkloadActual   4: 62763696 op, 250449600.00 ns, 3.9904 ns/op
WorkloadActual   5: 62763696 op, 251949200.00 ns, 4.0143 ns/op
WorkloadActual   6: 62763696 op, 250024900.00 ns, 3.9836 ns/op
WorkloadActual   7: 62763696 op, 251693700.00 ns, 4.0102 ns/op
WorkloadActual   8: 62763696 op, 249941900.00 ns, 3.9823 ns/op
WorkloadActual   9: 62763696 op, 250548300.00 ns, 3.9919 ns/op
WorkloadActual  10: 62763696 op, 250852500.00 ns, 3.9968 ns/op
WorkloadActual  11: 62763696 op, 250421600.00 ns, 3.9899 ns/op
WorkloadActual  12: 62763696 op, 249868900.00 ns, 3.9811 ns/op
WorkloadActual  13: 62763696 op, 251104400.00 ns, 4.0008 ns/op
WorkloadActual  14: 62763696 op, 250387500.00 ns, 3.9894 ns/op
WorkloadActual  15: 62763696 op, 250043900.00 ns, 3.9839 ns/op

// AfterActualRun
WorkloadResult   1: 62763696 op, 155858900.00 ns, 2.4833 ns/op
WorkloadResult   2: 62763696 op, 155848600.00 ns, 2.4831 ns/op
WorkloadResult   3: 62763696 op, 154119600.00 ns, 2.4556 ns/op
WorkloadResult   4: 62763696 op, 155116600.00 ns, 2.4714 ns/op
WorkloadResult   5: 62763696 op, 156616200.00 ns, 2.4953 ns/op
WorkloadResult   6: 62763696 op, 154691900.00 ns, 2.4647 ns/op
WorkloadResult   7: 62763696 op, 156360700.00 ns, 2.4913 ns/op
WorkloadResult   8: 62763696 op, 154608900.00 ns, 2.4633 ns/op
WorkloadResult   9: 62763696 op, 155215300.00 ns, 2.4730 ns/op
WorkloadResult  10: 62763696 op, 155519500.00 ns, 2.4779 ns/op
WorkloadResult  11: 62763696 op, 155088600.00 ns, 2.4710 ns/op
WorkloadResult  12: 62763696 op, 154535900.00 ns, 2.4622 ns/op
WorkloadResult  13: 62763696 op, 155771400.00 ns, 2.4819 ns/op
WorkloadResult  14: 62763696 op, 155054500.00 ns, 2.4704 ns/op
WorkloadResult  15: 62763696 op, 154710900.00 ns, 2.4650 ns/op
// GC:  0 0 0 0 62763696
// Threading:  0 0 62763696

// AfterAll
// Benchmark Process 3764 has exited with code 0.

Mean = 2.474 ns, StdErr = 0.003 ns (0.12%), N = 15, StdDev = 0.011 ns
Min = 2.456 ns, Q1 = 2.465 ns, Median = 2.471 ns, Q3 = 2.482 ns, Max = 2.495 ns
IQR = 0.018 ns, LowerFence = 2.438 ns, UpperFence = 2.509 ns
ConfidenceInterval = [2.462 ns; 2.486 ns] (CI 99.9%), Margin = 0.012 ns (0.49% of Mean)
Skewness = 0.3, Kurtosis = 1.95, MValue = 2

// ** Remained 10 (11.8%) benchmark(s) to run. Estimated finish 2026-02-06 8:17 (0h 1m from now) **
Setup power plan (GUID: 8c5e7fda-e8bf-4a96-9a85-a6e23a8c635c FriendlyName: High performance)
// **************************
// Benchmark: Scenario1.C_ArdalisResult_Result_HasError: .NET 10.0(Runtime=.NET 10.0, IterationTime=250ms) [Iterations=10]
// *** Execute ***
// Launch: 1 / 1
// Execute: dotnet Enumerations.Options.Benchmarks-1.dll --anonymousPipes 2788 2292 --benchmarkName "ReillyDigital.Enumerations.Options.Benchmarks.Scenarios.Scenario1.C_ArdalisResult_Result_HasError(Iterations: 10)" --job ".NET 10.0" --benchmarkId 75 in D:\x\devs\reilly-digital\dotnet\enumerations.options.benchmarks\bin\Debug\net10.0\Enumerations.Options.Benchmarks-1\bin\Release\net10.0
// BeforeAnythingElse

// Benchmark Process Environment Information:
// BenchmarkDotNet v0.15.8
// Runtime=.NET 10.0.2 (10.0.2, 10.0.225.61305), X64 RyuJIT x86-64-v3
// GC=Concurrent Workstation
// HardwareIntrinsics=AVX2+BMI1+BMI2+F16C+FMA+LZCNT+MOVBE,AVX,SSE3+SSSE3+SSE4.1+SSE4.2+POPCNT,X86Base+SSE+SSE2,AES+PCLMUL VectorSize=256
// Job: .NET 10.0(IterationTime=250ms)

OverheadJitting  1: 1 op, 110200.00 ns, 110.2000 us/op
WorkloadJitting  1: 1 op, 10555000.00 ns, 10.5550 ms/op

OverheadJitting  2: 16 op, 177900.00 ns, 11.1188 us/op
WorkloadJitting  2: 16 op, 165100.00 ns, 10.3188 us/op

WorkloadPilot    1: 16 op, 4600.00 ns, 287.5000 ns/op
WorkloadPilot    2: 869568 op, 197404700.00 ns, 227.0147 ns/op
WorkloadPilot    3: 1101264 op, 39617000.00 ns, 35.9741 ns/op
WorkloadPilot    4: 6949456 op, 141157400.00 ns, 20.3120 ns/op
WorkloadPilot    5: 12308000 op, 250056700.00 ns, 20.3166 ns/op
WorkloadPilot    6: 12305216 op, 250524000.00 ns, 20.3592 ns/op
WorkloadPilot    7: 12279488 op, 249444000.00 ns, 20.3139 ns/op
WorkloadPilot    8: 12306864 op, 251639300.00 ns, 20.4471 ns/op

OverheadWarmup   1: 12306864 op, 30738300.00 ns, 2.4977 ns/op
OverheadWarmup   2: 12306864 op, 30203800.00 ns, 2.4542 ns/op
OverheadWarmup   3: 12306864 op, 30320400.00 ns, 2.4637 ns/op
OverheadWarmup   4: 12306864 op, 30074300.00 ns, 2.4437 ns/op
OverheadWarmup   5: 12306864 op, 30095200.00 ns, 2.4454 ns/op
OverheadWarmup   6: 12306864 op, 30175900.00 ns, 2.4520 ns/op
OverheadWarmup   7: 12306864 op, 31102300.00 ns, 2.5272 ns/op
OverheadWarmup   8: 12306864 op, 30867500.00 ns, 2.5082 ns/op

OverheadActual   1: 12306864 op, 31042500.00 ns, 2.5224 ns/op
OverheadActual   2: 12306864 op, 30878800.00 ns, 2.5091 ns/op
OverheadActual   3: 12306864 op, 30835600.00 ns, 2.5056 ns/op
OverheadActual   4: 12306864 op, 30629000.00 ns, 2.4888 ns/op
OverheadActual   5: 12306864 op, 31214200.00 ns, 2.5363 ns/op
OverheadActual   6: 12306864 op, 31188100.00 ns, 2.5342 ns/op
OverheadActual   7: 12306864 op, 32166500.00 ns, 2.6137 ns/op
OverheadActual   8: 12306864 op, 30626900.00 ns, 2.4886 ns/op
OverheadActual   9: 12306864 op, 31056000.00 ns, 2.5235 ns/op
OverheadActual  10: 12306864 op, 25125000.00 ns, 2.0415 ns/op
OverheadActual  11: 12306864 op, 18480600.00 ns, 1.5016 ns/op
OverheadActual  12: 12306864 op, 18472400.00 ns, 1.5010 ns/op
OverheadActual  13: 12306864 op, 18451500.00 ns, 1.4993 ns/op
OverheadActual  14: 12306864 op, 18456800.00 ns, 1.4997 ns/op
OverheadActual  15: 12306864 op, 18586600.00 ns, 1.5103 ns/op
OverheadActual  16: 12306864 op, 20248400.00 ns, 1.6453 ns/op
OverheadActual  17: 12306864 op, 18503800.00 ns, 1.5035 ns/op
OverheadActual  18: 12306864 op, 18477500.00 ns, 1.5014 ns/op
OverheadActual  19: 12306864 op, 19012400.00 ns, 1.5449 ns/op
OverheadActual  20: 12306864 op, 19236800.00 ns, 1.5631 ns/op

WorkloadWarmup   1: 12306864 op, 253908600.00 ns, 20.6315 ns/op
WorkloadWarmup   2: 12306864 op, 252130300.00 ns, 20.4870 ns/op
WorkloadWarmup   3: 12306864 op, 251442700.00 ns, 20.4311 ns/op
WorkloadWarmup   4: 12306864 op, 251620700.00 ns, 20.4456 ns/op
WorkloadWarmup   5: 12306864 op, 251506500.00 ns, 20.4363 ns/op
WorkloadWarmup   6: 12306864 op, 251829600.00 ns, 20.4625 ns/op
WorkloadWarmup   7: 12306864 op, 252320300.00 ns, 20.5024 ns/op
WorkloadWarmup   8: 12306864 op, 252467500.00 ns, 20.5144 ns/op
WorkloadWarmup   9: 12306864 op, 250618100.00 ns, 20.3641 ns/op

// BeforeActualRun
WorkloadActual   1: 12306864 op, 252571900.00 ns, 20.5228 ns/op
WorkloadActual   2: 12306864 op, 254343500.00 ns, 20.6668 ns/op
WorkloadActual   3: 12306864 op, 253261700.00 ns, 20.5789 ns/op
WorkloadActual   4: 12306864 op, 250721600.00 ns, 20.3725 ns/op
WorkloadActual   5: 12306864 op, 250070100.00 ns, 20.3196 ns/op
WorkloadActual   6: 12306864 op, 251761800.00 ns, 20.4570 ns/op
WorkloadActual   7: 12306864 op, 252756900.00 ns, 20.5379 ns/op
WorkloadActual   8: 12306864 op, 250111000.00 ns, 20.3229 ns/op
WorkloadActual   9: 12306864 op, 252086900.00 ns, 20.4834 ns/op
WorkloadActual  10: 12306864 op, 250421300.00 ns, 20.3481 ns/op
WorkloadActual  11: 12306864 op, 250796400.00 ns, 20.3786 ns/op
WorkloadActual  12: 12306864 op, 250228300.00 ns, 20.3324 ns/op
WorkloadActual  13: 12306864 op, 252693500.00 ns, 20.5327 ns/op
WorkloadActual  14: 12306864 op, 249780000.00 ns, 20.2960 ns/op
WorkloadActual  15: 12306864 op, 249819100.00 ns, 20.2992 ns/op

// AfterActualRun
WorkloadResult   1: 12306864 op, 229885200.00 ns, 18.6794 ns/op
WorkloadResult   2: 12306864 op, 231656800.00 ns, 18.8234 ns/op
WorkloadResult   3: 12306864 op, 230575000.00 ns, 18.7355 ns/op
WorkloadResult   4: 12306864 op, 228034900.00 ns, 18.5291 ns/op
WorkloadResult   5: 12306864 op, 227383400.00 ns, 18.4761 ns/op
WorkloadResult   6: 12306864 op, 229075100.00 ns, 18.6136 ns/op
WorkloadResult   7: 12306864 op, 230070200.00 ns, 18.6945 ns/op
WorkloadResult   8: 12306864 op, 227424300.00 ns, 18.4795 ns/op
WorkloadResult   9: 12306864 op, 229400200.00 ns, 18.6400 ns/op
WorkloadResult  10: 12306864 op, 227734600.00 ns, 18.5047 ns/op
WorkloadResult  11: 12306864 op, 228109700.00 ns, 18.5352 ns/op
WorkloadResult  12: 12306864 op, 227541600.00 ns, 18.4890 ns/op
WorkloadResult  13: 12306864 op, 230006800.00 ns, 18.6893 ns/op
WorkloadResult  14: 12306864 op, 227093300.00 ns, 18.4526 ns/op
WorkloadResult  15: 12306864 op, 227132400.00 ns, 18.4557 ns/op
// GC:  0 0 0 0 12306864
// Threading:  0 0 12306864

// AfterAll
// Benchmark Process 23348 has exited with code 0.

Mean = 18.587 ns, StdErr = 0.030 ns (0.16%), N = 15, StdDev = 0.118 ns
Min = 18.453 ns, Q1 = 18.484 ns, Median = 18.535 ns, Q3 = 18.684 ns, Max = 18.823 ns
IQR = 0.200 ns, LowerFence = 18.184 ns, UpperFence = 18.985 ns
ConfidenceInterval = [18.461 ns; 18.712 ns] (CI 99.9%), Margin = 0.126 ns (0.68% of Mean)
Skewness = 0.45, Kurtosis = 1.75, MValue = 2

// ** Remained 9 (10.6%) benchmark(s) to run. Estimated finish 2026-02-06 8:17 (0h 1m from now) **
Setup power plan (GUID: 8c5e7fda-e8bf-4a96-9a85-a6e23a8c635c FriendlyName: High performance)
// **************************
// Benchmark: Scenario1.A_EnumerationsOptions_Result_HasError: .NET 10.0(Runtime=.NET 10.0, IterationTime=250ms) [Iterations=10]
// *** Execute ***
// Launch: 1 / 1
// Execute: dotnet Enumerations.Options.Benchmarks-1.dll --anonymousPipes 2776 2712 --benchmarkName "ReillyDigital.Enumerations.Options.Benchmarks.Scenarios.Scenario1.A_EnumerationsOptions_Result_HasError(Iterations: 10)" --job ".NET 10.0" --benchmarkId 76 in D:\x\devs\reilly-digital\dotnet\enumerations.options.benchmarks\bin\Debug\net10.0\Enumerations.Options.Benchmarks-1\bin\Release\net10.0
// BeforeAnythingElse

// Benchmark Process Environment Information:
// BenchmarkDotNet v0.15.8
// Runtime=.NET 10.0.2 (10.0.2, 10.0.225.61305), X64 RyuJIT x86-64-v3
// GC=Concurrent Workstation
// HardwareIntrinsics=AVX2+BMI1+BMI2+F16C+FMA+LZCNT+MOVBE,AVX,SSE3+SSSE3+SSE4.1+SSE4.2+POPCNT,X86Base+SSE+SSE2,AES+PCLMUL VectorSize=256
// Job: .NET 10.0(IterationTime=250ms)

OverheadJitting  1: 1 op, 106100.00 ns, 106.1000 us/op
WorkloadJitting  1: 1 op, 10657000.00 ns, 10.6570 ms/op

OverheadJitting  2: 16 op, 179800.00 ns, 11.2375 us/op
WorkloadJitting  2: 16 op, 147200.00 ns, 9.2000 us/op

WorkloadPilot    1: 16 op, 1200.00 ns, 75.0000 ns/op
WorkloadPilot    2: 3333344 op, 194756400.00 ns, 58.4267 ns/op
WorkloadPilot    3: 4278864 op, 34294800.00 ns, 8.0149 ns/op
WorkloadPilot    4: 31191792 op, 134315400.00 ns, 4.3061 ns/op
WorkloadPilot    5: 58056992 op, 244853100.00 ns, 4.2175 ns/op
WorkloadPilot    6: 59277376 op, 251296000.00 ns, 4.2393 ns/op
WorkloadPilot    7: 58971680 op, 249857600.00 ns, 4.2369 ns/op
WorkloadPilot    8: 59005296 op, 248267700.00 ns, 4.2075 ns/op
WorkloadPilot    9: 59417008 op, 249578800.00 ns, 4.2005 ns/op
WorkloadPilot   10: 59517296 op, 251475000.00 ns, 4.2252 ns/op
WorkloadPilot   11: 59168208 op, 248555300.00 ns, 4.2008 ns/op
WorkloadPilot   12: 59512128 op, 252422800.00 ns, 4.2415 ns/op

OverheadWarmup   1: 59512128 op, 145802900.00 ns, 2.4500 ns/op
OverheadWarmup   2: 59512128 op, 114463900.00 ns, 1.9234 ns/op
OverheadWarmup   3: 59512128 op, 88474800.00 ns, 1.4867 ns/op
OverheadWarmup   4: 59512128 op, 88649800.00 ns, 1.4896 ns/op
OverheadWarmup   5: 59512128 op, 88751100.00 ns, 1.4913 ns/op
OverheadWarmup   6: 59512128 op, 88565300.00 ns, 1.4882 ns/op
OverheadWarmup   7: 59512128 op, 88381900.00 ns, 1.4851 ns/op
OverheadWarmup   8: 59512128 op, 88406500.00 ns, 1.4855 ns/op
OverheadWarmup   9: 59512128 op, 88494600.00 ns, 1.4870 ns/op
OverheadWarmup  10: 59512128 op, 89299800.00 ns, 1.5005 ns/op

OverheadActual   1: 59512128 op, 88424600.00 ns, 1.4858 ns/op
OverheadActual   2: 59512128 op, 88413500.00 ns, 1.4856 ns/op
OverheadActual   3: 59512128 op, 89069000.00 ns, 1.4967 ns/op
OverheadActual   4: 59512128 op, 88519800.00 ns, 1.4874 ns/op
OverheadActual   5: 59512128 op, 88593200.00 ns, 1.4887 ns/op
OverheadActual   6: 59512128 op, 88470200.00 ns, 1.4866 ns/op
OverheadActual   7: 59512128 op, 88512400.00 ns, 1.4873 ns/op
OverheadActual   8: 59512128 op, 88728300.00 ns, 1.4909 ns/op
OverheadActual   9: 59512128 op, 89694700.00 ns, 1.5072 ns/op
OverheadActual  10: 59512128 op, 88406300.00 ns, 1.4855 ns/op
OverheadActual  11: 59512128 op, 88606400.00 ns, 1.4889 ns/op
OverheadActual  12: 59512128 op, 88987600.00 ns, 1.4953 ns/op
OverheadActual  13: 59512128 op, 88633800.00 ns, 1.4893 ns/op
OverheadActual  14: 59512128 op, 88674000.00 ns, 1.4900 ns/op
OverheadActual  15: 59512128 op, 89145600.00 ns, 1.4979 ns/op

WorkloadWarmup   1: 59512128 op, 250968800.00 ns, 4.2171 ns/op
WorkloadWarmup   2: 59512128 op, 249840100.00 ns, 4.1981 ns/op
WorkloadWarmup   3: 59512128 op, 252189600.00 ns, 4.2376 ns/op
WorkloadWarmup   4: 59512128 op, 250338500.00 ns, 4.2065 ns/op
WorkloadWarmup   5: 59512128 op, 265190800.00 ns, 4.4561 ns/op
WorkloadWarmup   6: 59512128 op, 250275000.00 ns, 4.2054 ns/op

// BeforeActualRun
WorkloadActual   1: 59512128 op, 251403900.00 ns, 4.2244 ns/op
WorkloadActual   2: 59512128 op, 251081900.00 ns, 4.2190 ns/op
WorkloadActual   3: 59512128 op, 250805700.00 ns, 4.2144 ns/op
WorkloadActual   4: 59512128 op, 250340200.00 ns, 4.2065 ns/op
WorkloadActual   5: 59512128 op, 250316900.00 ns, 4.2061 ns/op
WorkloadActual   6: 59512128 op, 251045300.00 ns, 4.2184 ns/op
WorkloadActual   7: 59512128 op, 251355400.00 ns, 4.2236 ns/op
WorkloadActual   8: 59512128 op, 250084700.00 ns, 4.2022 ns/op
WorkloadActual   9: 59512128 op, 250570000.00 ns, 4.2104 ns/op
WorkloadActual  10: 59512128 op, 250059700.00 ns, 4.2018 ns/op
WorkloadActual  11: 59512128 op, 251149300.00 ns, 4.2201 ns/op
WorkloadActual  12: 59512128 op, 251401400.00 ns, 4.2244 ns/op
WorkloadActual  13: 59512128 op, 251308700.00 ns, 4.2228 ns/op
WorkloadActual  14: 59512128 op, 250914600.00 ns, 4.2162 ns/op
WorkloadActual  15: 59512128 op, 251970600.00 ns, 4.2339 ns/op

// AfterActualRun
WorkloadResult   1: 59512128 op, 162797500.00 ns, 2.7355 ns/op
WorkloadResult   2: 59512128 op, 162475500.00 ns, 2.7301 ns/op
WorkloadResult   3: 59512128 op, 162199300.00 ns, 2.7255 ns/op
WorkloadResult   4: 59512128 op, 161733800.00 ns, 2.7177 ns/op
WorkloadResult   5: 59512128 op, 161710500.00 ns, 2.7173 ns/op
WorkloadResult   6: 59512128 op, 162438900.00 ns, 2.7295 ns/op
WorkloadResult   7: 59512128 op, 162749000.00 ns, 2.7347 ns/op
WorkloadResult   8: 59512128 op, 161478300.00 ns, 2.7134 ns/op
WorkloadResult   9: 59512128 op, 161963600.00 ns, 2.7215 ns/op
WorkloadResult  10: 59512128 op, 161453300.00 ns, 2.7129 ns/op
WorkloadResult  11: 59512128 op, 162542900.00 ns, 2.7313 ns/op
WorkloadResult  12: 59512128 op, 162795000.00 ns, 2.7355 ns/op
WorkloadResult  13: 59512128 op, 162702300.00 ns, 2.7339 ns/op
WorkloadResult  14: 59512128 op, 162308200.00 ns, 2.7273 ns/op
WorkloadResult  15: 59512128 op, 163364200.00 ns, 2.7451 ns/op
// GC:  0 0 0 0 59512128
// Threading:  0 0 59512128

// AfterAll
// Benchmark Process 9120 has exited with code 0.

Mean = 2.727 ns, StdErr = 0.002 ns (0.09%), N = 15, StdDev = 0.009 ns
Min = 2.713 ns, Q1 = 2.720 ns, Median = 2.730 ns, Q3 = 2.734 ns, Max = 2.745 ns
IQR = 0.015 ns, LowerFence = 2.697 ns, UpperFence = 2.756 ns
ConfidenceInterval = [2.717 ns; 2.737 ns] (CI 99.9%), Margin = 0.010 ns (0.36% of Mean)
Skewness = -0.06, Kurtosis = 1.92, MValue = 2

// ** Remained 8 (9.4%) benchmark(s) to run. Estimated finish 2026-02-06 8:17 (0h 1m from now) **
Setup power plan (GUID: 8c5e7fda-e8bf-4a96-9a85-a6e23a8c635c FriendlyName: High performance)
// **************************
// Benchmark: Scenario1.B_FluentResults_Result_HasError: .NET 10.0(Runtime=.NET 10.0, IterationTime=250ms) [Iterations=10]
// *** Execute ***
// Launch: 1 / 1
// Execute: dotnet Enumerations.Options.Benchmarks-1.dll --anonymousPipes 2820 2504 --benchmarkName "ReillyDigital.Enumerations.Options.Benchmarks.Scenarios.Scenario1.B_FluentResults_Result_HasError(Iterations: 10)" --job ".NET 10.0" --benchmarkId 77 in D:\x\devs\reilly-digital\dotnet\enumerations.options.benchmarks\bin\Debug\net10.0\Enumerations.Options.Benchmarks-1\bin\Release\net10.0
// BeforeAnythingElse

// Benchmark Process Environment Information:
// BenchmarkDotNet v0.15.8
// Runtime=.NET 10.0.2 (10.0.2, 10.0.225.61305), X64 RyuJIT x86-64-v3
// GC=Concurrent Workstation
// HardwareIntrinsics=AVX2+BMI1+BMI2+F16C+FMA+LZCNT+MOVBE,AVX,SSE3+SSSE3+SSE4.1+SSE4.2+POPCNT,X86Base+SSE+SSE2,AES+PCLMUL VectorSize=256
// Job: .NET 10.0(IterationTime=250ms)

OverheadJitting  1: 1 op, 106400.00 ns, 106.4000 us/op
WorkloadJitting  1: 1 op, 11324000.00 ns, 11.3240 ms/op

OverheadJitting  2: 16 op, 172900.00 ns, 10.8063 us/op
WorkloadJitting  2: 16 op, 272100.00 ns, 17.0063 us/op

WorkloadPilot    1: 16 op, 117700.00 ns, 7.3563 us/op
WorkloadPilot    2: 34000 op, 187111400.00 ns, 5.5033 us/op
WorkloadPilot    3: 45440 op, 97211100.00 ns, 2.1393 us/op
WorkloadPilot    4: 116864 op, 172034000.00 ns, 1.4721 us/op
WorkloadPilot    5: 169840 op, 235125000.00 ns, 1.3844 us/op
WorkloadPilot    6: 180592 op, 248285900.00 ns, 1.3748 us/op
WorkloadPilot    7: 181840 op, 250557800.00 ns, 1.3779 us/op
WorkloadPilot    8: 181440 op, 250461300.00 ns, 1.3804 us/op
WorkloadPilot    9: 181120 op, 244551100.00 ns, 1.3502 us/op
WorkloadPilot   10: 185168 op, 250476200.00 ns, 1.3527 us/op

OverheadWarmup   1: 185168 op, 454300.00 ns, 2.4534 ns/op
OverheadWarmup   2: 185168 op, 453200.00 ns, 2.4475 ns/op
OverheadWarmup   3: 185168 op, 447900.00 ns, 2.4189 ns/op
OverheadWarmup   4: 185168 op, 442300.00 ns, 2.3886 ns/op
OverheadWarmup   5: 185168 op, 446400.00 ns, 2.4108 ns/op
OverheadWarmup   6: 185168 op, 453600.00 ns, 2.4497 ns/op
OverheadWarmup   7: 185168 op, 452100.00 ns, 2.4416 ns/op
OverheadWarmup   8: 185168 op, 434200.00 ns, 2.3449 ns/op
OverheadWarmup   9: 185168 op, 448200.00 ns, 2.4205 ns/op
OverheadWarmup  10: 185168 op, 441000.00 ns, 2.3816 ns/op

OverheadActual   1: 185168 op, 435400.00 ns, 2.3514 ns/op
OverheadActual   2: 185168 op, 435600.00 ns, 2.3525 ns/op
OverheadActual   3: 185168 op, 451000.00 ns, 2.4356 ns/op
OverheadActual   4: 185168 op, 445200.00 ns, 2.4043 ns/op
OverheadActual   5: 185168 op, 465000.00 ns, 2.5112 ns/op
OverheadActual   6: 185168 op, 435100.00 ns, 2.3498 ns/op
OverheadActual   7: 185168 op, 443400.00 ns, 2.3946 ns/op
OverheadActual   8: 185168 op, 428200.00 ns, 2.3125 ns/op
OverheadActual   9: 185168 op, 449100.00 ns, 2.4254 ns/op
OverheadActual  10: 185168 op, 449100.00 ns, 2.4254 ns/op
OverheadActual  11: 185168 op, 443600.00 ns, 2.3957 ns/op
OverheadActual  12: 185168 op, 438300.00 ns, 2.3670 ns/op
OverheadActual  13: 185168 op, 432300.00 ns, 2.3346 ns/op
OverheadActual  14: 185168 op, 453600.00 ns, 2.4497 ns/op
OverheadActual  15: 185168 op, 453100.00 ns, 2.4470 ns/op

WorkloadWarmup   1: 185168 op, 254392300.00 ns, 1.3738 us/op
WorkloadWarmup   2: 185168 op, 252086100.00 ns, 1.3614 us/op
WorkloadWarmup   3: 185168 op, 247968800.00 ns, 1.3392 us/op
WorkloadWarmup   4: 185168 op, 250798700.00 ns, 1.3544 us/op
WorkloadWarmup   5: 185168 op, 250398000.00 ns, 1.3523 us/op
WorkloadWarmup   6: 185168 op, 249759200.00 ns, 1.3488 us/op
WorkloadWarmup   7: 185168 op, 248396900.00 ns, 1.3415 us/op
WorkloadWarmup   8: 185168 op, 248790500.00 ns, 1.3436 us/op
WorkloadWarmup   9: 185168 op, 248313800.00 ns, 1.3410 us/op

// BeforeActualRun
WorkloadActual   1: 185168 op, 251800600.00 ns, 1.3598 us/op
WorkloadActual   2: 185168 op, 251339400.00 ns, 1.3574 us/op
WorkloadActual   3: 185168 op, 250035100.00 ns, 1.3503 us/op
WorkloadActual   4: 185168 op, 249718100.00 ns, 1.3486 us/op
WorkloadActual   5: 185168 op, 263759500.00 ns, 1.4244 us/op
WorkloadActual   6: 185168 op, 250946400.00 ns, 1.3552 us/op
WorkloadActual   7: 185168 op, 254380600.00 ns, 1.3738 us/op
WorkloadActual   8: 185168 op, 251528500.00 ns, 1.3584 us/op
WorkloadActual   9: 185168 op, 256175800.00 ns, 1.3835 us/op
WorkloadActual  10: 185168 op, 251510300.00 ns, 1.3583 us/op
WorkloadActual  11: 185168 op, 249369400.00 ns, 1.3467 us/op
WorkloadActual  12: 185168 op, 250865500.00 ns, 1.3548 us/op
WorkloadActual  13: 185168 op, 251928000.00 ns, 1.3605 us/op
WorkloadActual  14: 185168 op, 252207500.00 ns, 1.3620 us/op
WorkloadActual  15: 185168 op, 250271000.00 ns, 1.3516 us/op

// AfterActualRun
WorkloadResult   1: 185168 op, 251357000.00 ns, 1.3575 us/op
WorkloadResult   2: 185168 op, 250895800.00 ns, 1.3550 us/op
WorkloadResult   3: 185168 op, 249591500.00 ns, 1.3479 us/op
WorkloadResult   4: 185168 op, 249274500.00 ns, 1.3462 us/op
WorkloadResult   5: 185168 op, 250502800.00 ns, 1.3528 us/op
WorkloadResult   6: 185168 op, 251084900.00 ns, 1.3560 us/op
WorkloadResult   7: 185168 op, 251066700.00 ns, 1.3559 us/op
WorkloadResult   8: 185168 op, 248925800.00 ns, 1.3443 us/op
WorkloadResult   9: 185168 op, 250421900.00 ns, 1.3524 us/op
WorkloadResult  10: 185168 op, 251484400.00 ns, 1.3581 us/op
WorkloadResult  11: 185168 op, 251763900.00 ns, 1.3597 us/op
WorkloadResult  12: 185168 op, 249827400.00 ns, 1.3492 us/op
// GC:  85 0 0 711045120 185168
// Threading:  0 0 185168

// AfterAll
// Benchmark Process 17084 has exited with code 0.

Mean = 1.353 μs, StdErr = 0.001 μs (0.11%), N = 12, StdDev = 0.005 μs
Min = 1.344 μs, Q1 = 1.349 μs, Median = 1.354 μs, Q3 = 1.356 μs, Max = 1.360 μs
IQR = 0.007 μs, LowerFence = 1.338 μs, UpperFence = 1.368 μs
ConfidenceInterval = [1.347 μs; 1.359 μs] (CI 99.9%), Margin = 0.006 μs (0.47% of Mean)
Skewness = -0.34, Kurtosis = 1.58, MValue = 2

// ** Remained 7 (8.2%) benchmark(s) to run. Estimated finish 2026-02-06 8:17 (0h 1m from now) **
Setup power plan (GUID: 8c5e7fda-e8bf-4a96-9a85-a6e23a8c635c FriendlyName: High performance)
// **************************
// Benchmark: Scenario1.E_Rascal_Result_HasError: .NET 10.0(Runtime=.NET 10.0, IterationTime=250ms) [Iterations=10]
// *** Execute ***
// Launch: 1 / 1
// Execute: dotnet Enumerations.Options.Benchmarks-1.dll --anonymousPipes 2600 2204 --benchmarkName "ReillyDigital.Enumerations.Options.Benchmarks.Scenarios.Scenario1.E_Rascal_Result_HasError(Iterations: 10)" --job ".NET 10.0" --benchmarkId 78 in D:\x\devs\reilly-digital\dotnet\enumerations.options.benchmarks\bin\Debug\net10.0\Enumerations.Options.Benchmarks-1\bin\Release\net10.0
// BeforeAnythingElse

// Benchmark Process Environment Information:
// BenchmarkDotNet v0.15.8
// Runtime=.NET 10.0.2 (10.0.2, 10.0.225.61305), X64 RyuJIT x86-64-v3
// GC=Concurrent Workstation
// HardwareIntrinsics=AVX2+BMI1+BMI2+F16C+FMA+LZCNT+MOVBE,AVX,SSE3+SSSE3+SSE4.1+SSE4.2+POPCNT,X86Base+SSE+SSE2,AES+PCLMUL VectorSize=256
// Job: .NET 10.0(IterationTime=250ms)

OverheadJitting  1: 1 op, 107400.00 ns, 107.4000 us/op
WorkloadJitting  1: 1 op, 10798300.00 ns, 10.7983 ms/op

OverheadJitting  2: 16 op, 182100.00 ns, 11.3813 us/op
WorkloadJitting  2: 16 op, 156900.00 ns, 9.8063 us/op

WorkloadPilot    1: 16 op, 3000.00 ns, 187.5000 ns/op
WorkloadPilot    2: 1333344 op, 207500000.00 ns, 155.6238 ns/op
WorkloadPilot    3: 1606448 op, 12177800.00 ns, 7.5806 ns/op
WorkloadPilot    4: 32979040 op, 257059400.00 ns, 7.7946 ns/op
WorkloadPilot    5: 32073376 op, 239673700.00 ns, 7.4727 ns/op
WorkloadPilot    6: 33455264 op, 270447400.00 ns, 8.0839 ns/op
WorkloadPilot    7: 30925856 op, 255634400.00 ns, 8.2660 ns/op

OverheadWarmup   1: 30925856 op, 80589500.00 ns, 2.6059 ns/op
OverheadWarmup   2: 30925856 op, 79573500.00 ns, 2.5730 ns/op
OverheadWarmup   3: 30925856 op, 71281800.00 ns, 2.3049 ns/op
OverheadWarmup   4: 30925856 op, 48176200.00 ns, 1.5578 ns/op
OverheadWarmup   5: 30925856 op, 47138300.00 ns, 1.5242 ns/op
OverheadWarmup   6: 30925856 op, 46757900.00 ns, 1.5119 ns/op
OverheadWarmup   7: 30925856 op, 51191300.00 ns, 1.6553 ns/op
OverheadWarmup   8: 30925856 op, 49806100.00 ns, 1.6105 ns/op
OverheadWarmup   9: 30925856 op, 50179300.00 ns, 1.6226 ns/op
OverheadWarmup  10: 30925856 op, 50662000.00 ns, 1.6382 ns/op

OverheadActual   1: 30925856 op, 50164500.00 ns, 1.6221 ns/op
OverheadActual   2: 30925856 op, 48493800.00 ns, 1.5681 ns/op
OverheadActual   3: 30925856 op, 50408600.00 ns, 1.6300 ns/op
OverheadActual   4: 30925856 op, 49803000.00 ns, 1.6104 ns/op
OverheadActual   5: 30925856 op, 49603400.00 ns, 1.6039 ns/op
OverheadActual   6: 30925856 op, 48374500.00 ns, 1.5642 ns/op
OverheadActual   7: 30925856 op, 47236600.00 ns, 1.5274 ns/op
OverheadActual   8: 30925856 op, 47864200.00 ns, 1.5477 ns/op
OverheadActual   9: 30925856 op, 50729700.00 ns, 1.6404 ns/op
OverheadActual  10: 30925856 op, 47407600.00 ns, 1.5329 ns/op
OverheadActual  11: 30925856 op, 47130000.00 ns, 1.5240 ns/op
OverheadActual  12: 30925856 op, 50872400.00 ns, 1.6450 ns/op
OverheadActual  13: 30925856 op, 53029900.00 ns, 1.7147 ns/op
OverheadActual  14: 30925856 op, 47349300.00 ns, 1.5311 ns/op
OverheadActual  15: 30925856 op, 47114300.00 ns, 1.5235 ns/op

WorkloadWarmup   1: 30925856 op, 232360900.00 ns, 7.5135 ns/op
WorkloadWarmup   2: 30925856 op, 231434200.00 ns, 7.4835 ns/op
WorkloadWarmup   3: 30925856 op, 229147800.00 ns, 7.4096 ns/op
WorkloadWarmup   4: 30925856 op, 229177900.00 ns, 7.4106 ns/op
WorkloadWarmup   5: 30925856 op, 230692100.00 ns, 7.4595 ns/op
WorkloadWarmup   6: 30925856 op, 230475400.00 ns, 7.4525 ns/op
WorkloadWarmup   7: 30925856 op, 229625500.00 ns, 7.4250 ns/op
WorkloadWarmup   8: 30925856 op, 230522500.00 ns, 7.4540 ns/op
WorkloadWarmup   9: 30925856 op, 231239000.00 ns, 7.4772 ns/op
WorkloadWarmup  10: 30925856 op, 229424900.00 ns, 7.4185 ns/op

// BeforeActualRun
WorkloadActual   1: 30925856 op, 230000200.00 ns, 7.4371 ns/op
WorkloadActual   2: 30925856 op, 229835600.00 ns, 7.4318 ns/op
WorkloadActual   3: 30925856 op, 229335600.00 ns, 7.4157 ns/op
WorkloadActual   4: 30925856 op, 229485600.00 ns, 7.4205 ns/op
WorkloadActual   5: 30925856 op, 230864100.00 ns, 7.4651 ns/op
WorkloadActual   6: 30925856 op, 230143500.00 ns, 7.4418 ns/op
WorkloadActual   7: 30925856 op, 229282800.00 ns, 7.4140 ns/op
WorkloadActual   8: 30925856 op, 231389000.00 ns, 7.4821 ns/op
WorkloadActual   9: 30925856 op, 232406800.00 ns, 7.5150 ns/op
WorkloadActual  10: 30925856 op, 230533100.00 ns, 7.4544 ns/op
WorkloadActual  11: 30925856 op, 230868600.00 ns, 7.4652 ns/op
WorkloadActual  12: 30925856 op, 230311300.00 ns, 7.4472 ns/op
WorkloadActual  13: 30925856 op, 230987100.00 ns, 7.4691 ns/op
WorkloadActual  14: 30925856 op, 229489700.00 ns, 7.4206 ns/op
WorkloadActual  15: 30925856 op, 229550200.00 ns, 7.4226 ns/op

// AfterActualRun
WorkloadResult   1: 30925856 op, 181506400.00 ns, 5.8691 ns/op
WorkloadResult   2: 30925856 op, 181341800.00 ns, 5.8638 ns/op
WorkloadResult   3: 30925856 op, 180841800.00 ns, 5.8476 ns/op
WorkloadResult   4: 30925856 op, 180991800.00 ns, 5.8524 ns/op
WorkloadResult   5: 30925856 op, 182370300.00 ns, 5.8970 ns/op
WorkloadResult   6: 30925856 op, 181649700.00 ns, 5.8737 ns/op
WorkloadResult   7: 30925856 op, 180789000.00 ns, 5.8459 ns/op
WorkloadResult   8: 30925856 op, 182895200.00 ns, 5.9140 ns/op
WorkloadResult   9: 30925856 op, 183913000.00 ns, 5.9469 ns/op
WorkloadResult  10: 30925856 op, 182039300.00 ns, 5.8863 ns/op
WorkloadResult  11: 30925856 op, 182374800.00 ns, 5.8972 ns/op
WorkloadResult  12: 30925856 op, 181817500.00 ns, 5.8791 ns/op
WorkloadResult  13: 30925856 op, 182493300.00 ns, 5.9010 ns/op
WorkloadResult  14: 30925856 op, 180995900.00 ns, 5.8526 ns/op
WorkloadResult  15: 30925856 op, 181056400.00 ns, 5.8545 ns/op
// GC:  0 0 0 0 30925856
// Threading:  0 0 30925856

// AfterAll
// Benchmark Process 5244 has exited with code 0.

Mean = 5.879 ns, StdErr = 0.007 ns (0.13%), N = 15, StdDev = 0.029 ns
Min = 5.846 ns, Q1 = 5.854 ns, Median = 5.874 ns, Q3 = 5.897 ns, Max = 5.947 ns
IQR = 0.044 ns, LowerFence = 5.788 ns, UpperFence = 5.962 ns
ConfidenceInterval = [5.848 ns; 5.909 ns] (CI 99.9%), Margin = 0.031 ns (0.52% of Mean)
Skewness = 0.75, Kurtosis = 2.69, MValue = 2

// ** Remained 6 (7.1%) benchmark(s) to run. Estimated finish 2026-02-06 8:17 (0h 1m from now) **
Setup power plan (GUID: 8c5e7fda-e8bf-4a96-9a85-a6e23a8c635c FriendlyName: High performance)
// **************************
// Benchmark: Scenario1.D_SimpleResults_Result_HasError: .NET 10.0(Runtime=.NET 10.0, IterationTime=250ms) [Iterations=10]
// *** Execute ***
// Launch: 1 / 1
// Execute: dotnet Enumerations.Options.Benchmarks-1.dll --anonymousPipes 2204 2596 --benchmarkName "ReillyDigital.Enumerations.Options.Benchmarks.Scenarios.Scenario1.D_SimpleResults_Result_HasError(Iterations: 10)" --job ".NET 10.0" --benchmarkId 79 in D:\x\devs\reilly-digital\dotnet\enumerations.options.benchmarks\bin\Debug\net10.0\Enumerations.Options.Benchmarks-1\bin\Release\net10.0
// BeforeAnythingElse

// Benchmark Process Environment Information:
// BenchmarkDotNet v0.15.8
// Runtime=.NET 10.0.2 (10.0.2, 10.0.225.61305), X64 RyuJIT x86-64-v3
// GC=Concurrent Workstation
// HardwareIntrinsics=AVX2+BMI1+BMI2+F16C+FMA+LZCNT+MOVBE,AVX,SSE3+SSSE3+SSE4.1+SSE4.2+POPCNT,X86Base+SSE+SSE2,AES+PCLMUL VectorSize=256
// Job: .NET 10.0(IterationTime=250ms)

OverheadJitting  1: 1 op, 108000.00 ns, 108.0000 us/op
WorkloadJitting  1: 1 op, 10937100.00 ns, 10.9371 ms/op

OverheadJitting  2: 16 op, 181900.00 ns, 11.3688 us/op
WorkloadJitting  2: 16 op, 146300.00 ns, 9.1438 us/op

WorkloadPilot    1: 16 op, 1500.00 ns, 93.7500 ns/op
WorkloadPilot    2: 2666672 op, 217941500.00 ns, 81.7279 ns/op
WorkloadPilot    3: 3058944 op, 14114400.00 ns, 4.6141 ns/op
WorkloadPilot    4: 54181264 op, 249698300.00 ns, 4.6086 ns/op
WorkloadPilot    5: 54246736 op, 249701600.00 ns, 4.6031 ns/op
WorkloadPilot    6: 54311568 op, 249870600.00 ns, 4.6007 ns/op
WorkloadPilot    7: 54339696 op, 251113000.00 ns, 4.6212 ns/op
WorkloadPilot    8: 54098848 op, 248510100.00 ns, 4.5936 ns/op
WorkloadPilot    9: 54423200 op, 246753200.00 ns, 4.5340 ns/op
WorkloadPilot   10: 55139312 op, 253425800.00 ns, 4.5961 ns/op
WorkloadPilot   11: 54393952 op, 252003000.00 ns, 4.6329 ns/op

OverheadWarmup   1: 54393952 op, 137860200.00 ns, 2.5345 ns/op
OverheadWarmup   2: 54393952 op, 114712700.00 ns, 2.1089 ns/op
OverheadWarmup   3: 54393952 op, 83938300.00 ns, 1.5432 ns/op
OverheadWarmup   4: 54393952 op, 84085300.00 ns, 1.5459 ns/op
OverheadWarmup   5: 54393952 op, 85727400.00 ns, 1.5760 ns/op
OverheadWarmup   6: 54393952 op, 85773700.00 ns, 1.5769 ns/op
OverheadWarmup   7: 54393952 op, 85327100.00 ns, 1.5687 ns/op
OverheadWarmup   8: 54393952 op, 83865900.00 ns, 1.5418 ns/op
OverheadWarmup   9: 54393952 op, 83282400.00 ns, 1.5311 ns/op
OverheadWarmup  10: 54393952 op, 83016400.00 ns, 1.5262 ns/op

OverheadActual   1: 54393952 op, 83837900.00 ns, 1.5413 ns/op
OverheadActual   2: 54393952 op, 82639000.00 ns, 1.5193 ns/op
OverheadActual   3: 54393952 op, 82437500.00 ns, 1.5156 ns/op
OverheadActual   4: 54393952 op, 82505300.00 ns, 1.5168 ns/op
OverheadActual   5: 54393952 op, 82638400.00 ns, 1.5193 ns/op
OverheadActual   6: 54393952 op, 82788500.00 ns, 1.5220 ns/op
OverheadActual   7: 54393952 op, 82939300.00 ns, 1.5248 ns/op
OverheadActual   8: 54393952 op, 82968100.00 ns, 1.5253 ns/op
OverheadActual   9: 54393952 op, 82899400.00 ns, 1.5241 ns/op
OverheadActual  10: 54393952 op, 82766300.00 ns, 1.5216 ns/op
OverheadActual  11: 54393952 op, 82751500.00 ns, 1.5213 ns/op
OverheadActual  12: 54393952 op, 83162200.00 ns, 1.5289 ns/op
OverheadActual  13: 54393952 op, 82895500.00 ns, 1.5240 ns/op
OverheadActual  14: 54393952 op, 82811600.00 ns, 1.5224 ns/op
OverheadActual  15: 54393952 op, 82883600.00 ns, 1.5238 ns/op

WorkloadWarmup   1: 54393952 op, 250435800.00 ns, 4.6041 ns/op
WorkloadWarmup   2: 54393952 op, 250470900.00 ns, 4.6048 ns/op
WorkloadWarmup   3: 54393952 op, 248846000.00 ns, 4.5749 ns/op
WorkloadWarmup   4: 54393952 op, 248657900.00 ns, 4.5714 ns/op
WorkloadWarmup   5: 54393952 op, 248610800.00 ns, 4.5706 ns/op
WorkloadWarmup   6: 54393952 op, 249001900.00 ns, 4.5777 ns/op
WorkloadWarmup   7: 54393952 op, 248341700.00 ns, 4.5656 ns/op

// BeforeActualRun
WorkloadActual   1: 54393952 op, 249184500.00 ns, 4.5811 ns/op
WorkloadActual   2: 54393952 op, 248745500.00 ns, 4.5730 ns/op
WorkloadActual   3: 54393952 op, 249031600.00 ns, 4.5783 ns/op
WorkloadActual   4: 54393952 op, 248614500.00 ns, 4.5706 ns/op
WorkloadActual   5: 54393952 op, 249126500.00 ns, 4.5800 ns/op
WorkloadActual   6: 54393952 op, 248216200.00 ns, 4.5633 ns/op
WorkloadActual   7: 54393952 op, 253014600.00 ns, 4.6515 ns/op
WorkloadActual   8: 54393952 op, 248969900.00 ns, 4.5772 ns/op
WorkloadActual   9: 54393952 op, 248928500.00 ns, 4.5764 ns/op
WorkloadActual  10: 54393952 op, 248744300.00 ns, 4.5730 ns/op
WorkloadActual  11: 54393952 op, 249235300.00 ns, 4.5820 ns/op
WorkloadActual  12: 54393952 op, 248607100.00 ns, 4.5705 ns/op
WorkloadActual  13: 54393952 op, 248943300.00 ns, 4.5767 ns/op
WorkloadActual  14: 54393952 op, 248948300.00 ns, 4.5768 ns/op
WorkloadActual  15: 54393952 op, 250864500.00 ns, 4.6120 ns/op

// AfterActualRun
WorkloadResult   1: 54393952 op, 166372900.00 ns, 3.0587 ns/op
WorkloadResult   2: 54393952 op, 165933900.00 ns, 3.0506 ns/op
WorkloadResult   3: 54393952 op, 166220000.00 ns, 3.0559 ns/op
WorkloadResult   4: 54393952 op, 165802900.00 ns, 3.0482 ns/op
WorkloadResult   5: 54393952 op, 166314900.00 ns, 3.0576 ns/op
WorkloadResult   6: 54393952 op, 165404600.00 ns, 3.0409 ns/op
WorkloadResult   7: 54393952 op, 166158300.00 ns, 3.0547 ns/op
WorkloadResult   8: 54393952 op, 166116900.00 ns, 3.0540 ns/op
WorkloadResult   9: 54393952 op, 165932700.00 ns, 3.0506 ns/op
WorkloadResult  10: 54393952 op, 166423700.00 ns, 3.0596 ns/op
WorkloadResult  11: 54393952 op, 165795500.00 ns, 3.0481 ns/op
WorkloadResult  12: 54393952 op, 166131700.00 ns, 3.0542 ns/op
WorkloadResult  13: 54393952 op, 166136700.00 ns, 3.0543 ns/op
// GC:  0 0 0 0 54393952
// Threading:  0 0 54393952

// AfterAll
// Benchmark Process 3536 has exited with code 0.

Mean = 3.053 ns, StdErr = 0.001 ns (0.05%), N = 13, StdDev = 0.005 ns
Min = 3.041 ns, Q1 = 3.051 ns, Median = 3.054 ns, Q3 = 3.056 ns, Max = 3.060 ns
IQR = 0.005 ns, LowerFence = 3.043 ns, UpperFence = 3.064 ns
ConfidenceInterval = [3.047 ns; 3.059 ns] (CI 99.9%), Margin = 0.006 ns (0.20% of Mean)
Skewness = -0.74, Kurtosis = 2.8, MValue = 2

// ** Remained 5 (5.9%) benchmark(s) to run. Estimated finish 2026-02-06 8:17 (0h 0m from now) **
Setup power plan (GUID: 8c5e7fda-e8bf-4a96-9a85-a6e23a8c635c FriendlyName: High performance)
// **************************
// Benchmark: Scenario1.C_ArdalisResult_Result_FirstError: .NET 10.0(Runtime=.NET 10.0, IterationTime=250ms) [Iterations=10]
// *** Execute ***
// Launch: 1 / 1
// Execute: dotnet Enumerations.Options.Benchmarks-1.dll --anonymousPipes 2596 2852 --benchmarkName "ReillyDigital.Enumerations.Options.Benchmarks.Scenarios.Scenario1.C_ArdalisResult_Result_FirstError(Iterations: 10)" --job ".NET 10.0" --benchmarkId 80 in D:\x\devs\reilly-digital\dotnet\enumerations.options.benchmarks\bin\Debug\net10.0\Enumerations.Options.Benchmarks-1\bin\Release\net10.0
// BeforeAnythingElse

// Benchmark Process Environment Information:
// BenchmarkDotNet v0.15.8
// Runtime=.NET 10.0.2 (10.0.2, 10.0.225.61305), X64 RyuJIT x86-64-v3
// GC=Concurrent Workstation
// HardwareIntrinsics=AVX2+BMI1+BMI2+F16C+FMA+LZCNT+MOVBE,AVX,SSE3+SSSE3+SSE4.1+SSE4.2+POPCNT,X86Base+SSE+SSE2,AES+PCLMUL VectorSize=256
// Job: .NET 10.0(IterationTime=250ms)

OverheadJitting  1: 1 op, 106300.00 ns, 106.3000 us/op
WorkloadJitting  1: 1 op, 11484100.00 ns, 11.4841 ms/op

OverheadJitting  2: 16 op, 179800.00 ns, 11.2375 us/op
WorkloadJitting  2: 16 op, 162800.00 ns, 10.1750 us/op

WorkloadPilot    1: 16 op, 8600.00 ns, 537.5000 ns/op
WorkloadPilot    2: 465120 op, 189123400.00 ns, 406.6121 ns/op
WorkloadPilot    3: 614848 op, 80631600.00 ns, 131.1407 ns/op
WorkloadPilot    4: 1906352 op, 178601000.00 ns, 93.6873 ns/op
WorkloadPilot    5: 2668464 op, 250992300.00 ns, 94.0587 ns/op
WorkloadPilot    6: 2657920 op, 246394900.00 ns, 92.7022 ns/op
WorkloadPilot    7: 2696816 op, 248362700.00 ns, 92.0948 ns/op
WorkloadPilot    8: 2714608 op, 249124000.00 ns, 91.7716 ns/op
WorkloadPilot    9: 2724160 op, 267715000.00 ns, 98.2743 ns/op
WorkloadPilot   10: 2543904 op, 233719900.00 ns, 91.8745 ns/op
WorkloadPilot   11: 2721104 op, 251854200.00 ns, 92.5559 ns/op

OverheadWarmup   1: 2721104 op, 6753100.00 ns, 2.4818 ns/op
OverheadWarmup   2: 2721104 op, 7213000.00 ns, 2.6508 ns/op
OverheadWarmup   3: 2721104 op, 7617500.00 ns, 2.7994 ns/op
OverheadWarmup   4: 2721104 op, 7230100.00 ns, 2.6570 ns/op
OverheadWarmup   5: 2721104 op, 7109000.00 ns, 2.6125 ns/op
OverheadWarmup   6: 2721104 op, 7364400.00 ns, 2.7064 ns/op
OverheadWarmup   7: 2721104 op, 6799700.00 ns, 2.4989 ns/op

OverheadActual   1: 2721104 op, 6793000.00 ns, 2.4964 ns/op
OverheadActual   2: 2721104 op, 7216700.00 ns, 2.6521 ns/op
OverheadActual   3: 2721104 op, 6848200.00 ns, 2.5167 ns/op
OverheadActual   4: 2721104 op, 7512200.00 ns, 2.7607 ns/op
OverheadActual   5: 2721104 op, 7500600.00 ns, 2.7565 ns/op
OverheadActual   6: 2721104 op, 7441800.00 ns, 2.7348 ns/op
OverheadActual   7: 2721104 op, 7383500.00 ns, 2.7134 ns/op
OverheadActual   8: 2721104 op, 7348900.00 ns, 2.7007 ns/op
OverheadActual   9: 2721104 op, 7421000.00 ns, 2.7272 ns/op
OverheadActual  10: 2721104 op, 6799700.00 ns, 2.4989 ns/op
OverheadActual  11: 2721104 op, 6988700.00 ns, 2.5683 ns/op
OverheadActual  12: 2721104 op, 7313200.00 ns, 2.6876 ns/op
OverheadActual  13: 2721104 op, 7199900.00 ns, 2.6459 ns/op
OverheadActual  14: 2721104 op, 6746600.00 ns, 2.4794 ns/op
OverheadActual  15: 2721104 op, 6749200.00 ns, 2.4803 ns/op

WorkloadWarmup   1: 2721104 op, 253230100.00 ns, 93.0615 ns/op
WorkloadWarmup   2: 2721104 op, 250787800.00 ns, 92.1640 ns/op
WorkloadWarmup   3: 2721104 op, 249418200.00 ns, 91.6607 ns/op
WorkloadWarmup   4: 2721104 op, 250982700.00 ns, 92.2356 ns/op
WorkloadWarmup   5: 2721104 op, 251268200.00 ns, 92.3405 ns/op
WorkloadWarmup   6: 2721104 op, 249509900.00 ns, 91.6944 ns/op
WorkloadWarmup   7: 2721104 op, 248942700.00 ns, 91.4859 ns/op
WorkloadWarmup   8: 2721104 op, 251831200.00 ns, 92.5474 ns/op
WorkloadWarmup   9: 2721104 op, 249167000.00 ns, 91.5683 ns/op

// BeforeActualRun
WorkloadActual   1: 2721104 op, 250857200.00 ns, 92.1895 ns/op
WorkloadActual   2: 2721104 op, 250049000.00 ns, 91.8925 ns/op
WorkloadActual   3: 2721104 op, 248164100.00 ns, 91.1998 ns/op
WorkloadActual   4: 2721104 op, 247547200.00 ns, 90.9731 ns/op
WorkloadActual   5: 2721104 op, 248916100.00 ns, 91.4761 ns/op
WorkloadActual   6: 2721104 op, 247582200.00 ns, 90.9859 ns/op
WorkloadActual   7: 2721104 op, 248516600.00 ns, 91.3293 ns/op
WorkloadActual   8: 2721104 op, 248133700.00 ns, 91.1886 ns/op
WorkloadActual   9: 2721104 op, 248866100.00 ns, 91.4578 ns/op
WorkloadActual  10: 2721104 op, 248195800.00 ns, 91.2114 ns/op
WorkloadActual  11: 2721104 op, 251119900.00 ns, 92.2860 ns/op
WorkloadActual  12: 2721104 op, 249308800.00 ns, 91.6205 ns/op
WorkloadActual  13: 2721104 op, 249059700.00 ns, 91.5289 ns/op
WorkloadActual  14: 2721104 op, 249415900.00 ns, 91.6598 ns/op
WorkloadActual  15: 2721104 op, 248563300.00 ns, 91.3465 ns/op

// AfterActualRun
WorkloadResult   1: 2721104 op, 243640500.00 ns, 89.5374 ns/op
WorkloadResult   2: 2721104 op, 242832300.00 ns, 89.2404 ns/op
WorkloadResult   3: 2721104 op, 240947400.00 ns, 88.5477 ns/op
WorkloadResult   4: 2721104 op, 240330500.00 ns, 88.3210 ns/op
WorkloadResult   5: 2721104 op, 241699400.00 ns, 88.8240 ns/op
WorkloadResult   6: 2721104 op, 240365500.00 ns, 88.3338 ns/op
WorkloadResult   7: 2721104 op, 241299900.00 ns, 88.6772 ns/op
WorkloadResult   8: 2721104 op, 240917000.00 ns, 88.5365 ns/op
WorkloadResult   9: 2721104 op, 241649400.00 ns, 88.8056 ns/op
WorkloadResult  10: 2721104 op, 240979100.00 ns, 88.5593 ns/op
WorkloadResult  11: 2721104 op, 243903200.00 ns, 89.6339 ns/op
WorkloadResult  12: 2721104 op, 242092100.00 ns, 88.9683 ns/op
WorkloadResult  13: 2721104 op, 241843000.00 ns, 88.8768 ns/op
WorkloadResult  14: 2721104 op, 242199200.00 ns, 89.0077 ns/op
WorkloadResult  15: 2721104 op, 241346600.00 ns, 88.6944 ns/op
// GC:  0 0 0 0 2721104
// Threading:  0 0 2721104

// AfterAll
// Benchmark Process 4632 has exited with code 0.

Mean = 88.838 ns, StdErr = 0.101 ns (0.11%), N = 15, StdDev = 0.392 ns
Min = 88.321 ns, Q1 = 88.553 ns, Median = 88.806 ns, Q3 = 88.988 ns, Max = 89.634 ns
IQR = 0.435 ns, LowerFence = 87.902 ns, UpperFence = 89.640 ns
ConfidenceInterval = [88.418 ns; 89.257 ns] (CI 99.9%), Margin = 0.419 ns (0.47% of Mean)
Skewness = 0.63, Kurtosis = 2.33, MValue = 2

// ** Remained 4 (4.7%) benchmark(s) to run. Estimated finish 2026-02-06 8:17 (0h 0m from now) **
Setup power plan (GUID: 8c5e7fda-e8bf-4a96-9a85-a6e23a8c635c FriendlyName: High performance)
// **************************
// Benchmark: Scenario1.A_EnumerationsOptions_Result_FirstError: .NET 10.0(Runtime=.NET 10.0, IterationTime=250ms) [Iterations=10]
// *** Execute ***
// Launch: 1 / 1
// Execute: dotnet Enumerations.Options.Benchmarks-1.dll --anonymousPipes 2596 2852 --benchmarkName "ReillyDigital.Enumerations.Options.Benchmarks.Scenarios.Scenario1.A_EnumerationsOptions_Result_FirstError(Iterations: 10)" --job ".NET 10.0" --benchmarkId 81 in D:\x\devs\reilly-digital\dotnet\enumerations.options.benchmarks\bin\Debug\net10.0\Enumerations.Options.Benchmarks-1\bin\Release\net10.0
// BeforeAnythingElse

// Benchmark Process Environment Information:
// BenchmarkDotNet v0.15.8
// Runtime=.NET 10.0.2 (10.0.2, 10.0.225.61305), X64 RyuJIT x86-64-v3
// GC=Concurrent Workstation
// HardwareIntrinsics=AVX2+BMI1+BMI2+F16C+FMA+LZCNT+MOVBE,AVX,SSE3+SSSE3+SSE4.1+SSE4.2+POPCNT,X86Base+SSE+SSE2,AES+PCLMUL VectorSize=256
// Job: .NET 10.0(IterationTime=250ms)

OverheadJitting  1: 1 op, 106600.00 ns, 106.6000 us/op
WorkloadJitting  1: 1 op, 12394500.00 ns, 12.3945 ms/op

OverheadJitting  2: 16 op, 174900.00 ns, 10.9313 us/op
WorkloadJitting  2: 16 op, 203400.00 ns, 12.7125 us/op

WorkloadPilot    1: 16 op, 8200.00 ns, 512.5000 ns/op
WorkloadPilot    2: 487808 op, 166283000.00 ns, 340.8780 ns/op
WorkloadPilot    3: 733408 op, 62666600.00 ns, 85.4458 ns/op
WorkloadPilot    4: 2925840 op, 120654500.00 ns, 41.2376 ns/op
WorkloadPilot    5: 6062448 op, 244644500.00 ns, 40.3541 ns/op
WorkloadPilot    6: 6195168 op, 253145200.00 ns, 40.8617 ns/op
WorkloadPilot    7: 6118208 op, 250694200.00 ns, 40.9751 ns/op
WorkloadPilot    8: 6101280 op, 250072000.00 ns, 40.9868 ns/op

OverheadWarmup   1: 6101280 op, 14922100.00 ns, 2.4457 ns/op
OverheadWarmup   2: 6101280 op, 15746100.00 ns, 2.5808 ns/op
OverheadWarmup   3: 6101280 op, 15751900.00 ns, 2.5817 ns/op
OverheadWarmup   4: 6101280 op, 14919000.00 ns, 2.4452 ns/op
OverheadWarmup   5: 6101280 op, 15799400.00 ns, 2.5895 ns/op
OverheadWarmup   6: 6101280 op, 16072600.00 ns, 2.6343 ns/op
OverheadWarmup   7: 6101280 op, 14980000.00 ns, 2.4552 ns/op

OverheadActual   1: 6101280 op, 14973700.00 ns, 2.4542 ns/op
OverheadActual   2: 6101280 op, 16009300.00 ns, 2.6239 ns/op
OverheadActual   3: 6101280 op, 16019800.00 ns, 2.6256 ns/op
OverheadActual   4: 6101280 op, 14971500.00 ns, 2.4538 ns/op
OverheadActual   5: 6101280 op, 15797800.00 ns, 2.5893 ns/op
OverheadActual   6: 6101280 op, 15764400.00 ns, 2.5838 ns/op
OverheadActual   7: 6101280 op, 15992800.00 ns, 2.6212 ns/op
OverheadActual   8: 6101280 op, 15782800.00 ns, 2.5868 ns/op
OverheadActual   9: 6101280 op, 15784200.00 ns, 2.5870 ns/op
OverheadActual  10: 6101280 op, 15623000.00 ns, 2.5606 ns/op
OverheadActual  11: 6101280 op, 15735700.00 ns, 2.5791 ns/op
OverheadActual  12: 6101280 op, 14915800.00 ns, 2.4447 ns/op
OverheadActual  13: 6101280 op, 10655300.00 ns, 1.7464 ns/op
OverheadActual  14: 6101280 op, 9159000.00 ns, 1.5012 ns/op
OverheadActual  15: 6101280 op, 9155800.00 ns, 1.5006 ns/op
OverheadActual  16: 6101280 op, 9367800.00 ns, 1.5354 ns/op
OverheadActual  17: 6101280 op, 9624300.00 ns, 1.5774 ns/op
OverheadActual  18: 6101280 op, 9142300.00 ns, 1.4984 ns/op
OverheadActual  19: 6101280 op, 9550900.00 ns, 1.5654 ns/op
OverheadActual  20: 6101280 op, 9456300.00 ns, 1.5499 ns/op

WorkloadWarmup   1: 6101280 op, 249861600.00 ns, 40.9523 ns/op
WorkloadWarmup   2: 6101280 op, 250047800.00 ns, 40.9828 ns/op
WorkloadWarmup   3: 6101280 op, 247348500.00 ns, 40.5404 ns/op
WorkloadWarmup   4: 6101280 op, 249184700.00 ns, 40.8414 ns/op
WorkloadWarmup   5: 6101280 op, 247097800.00 ns, 40.4993 ns/op
WorkloadWarmup   6: 6101280 op, 249150600.00 ns, 40.8358 ns/op

// BeforeActualRun
WorkloadActual   1: 6101280 op, 252025300.00 ns, 41.3070 ns/op
WorkloadActual   2: 6101280 op, 247610900.00 ns, 40.5834 ns/op
WorkloadActual   3: 6101280 op, 247113400.00 ns, 40.5019 ns/op
WorkloadActual   4: 6101280 op, 249162200.00 ns, 40.8377 ns/op
WorkloadActual   5: 6101280 op, 247480100.00 ns, 40.5620 ns/op
WorkloadActual   6: 6101280 op, 248222500.00 ns, 40.6837 ns/op
WorkloadActual   7: 6101280 op, 246342500.00 ns, 40.3755 ns/op
WorkloadActual   8: 6101280 op, 246315100.00 ns, 40.3711 ns/op
WorkloadActual   9: 6101280 op, 246063600.00 ns, 40.3298 ns/op
WorkloadActual  10: 6101280 op, 262266100.00 ns, 42.9854 ns/op
WorkloadActual  11: 6101280 op, 247448700.00 ns, 40.5569 ns/op
WorkloadActual  12: 6101280 op, 246186300.00 ns, 40.3499 ns/op
WorkloadActual  13: 6101280 op, 246685200.00 ns, 40.4317 ns/op
WorkloadActual  14: 6101280 op, 247419100.00 ns, 40.5520 ns/op
WorkloadActual  15: 6101280 op, 246601400.00 ns, 40.4180 ns/op

// AfterActualRun
WorkloadResult   1: 6101280 op, 232638300.00 ns, 38.1294 ns/op
WorkloadResult   2: 6101280 op, 232140800.00 ns, 38.0479 ns/op
WorkloadResult   3: 6101280 op, 234189600.00 ns, 38.3837 ns/op
WorkloadResult   4: 6101280 op, 232507500.00 ns, 38.1080 ns/op
WorkloadResult   5: 6101280 op, 233249900.00 ns, 38.2297 ns/op
WorkloadResult   6: 6101280 op, 231369900.00 ns, 37.9215 ns/op
WorkloadResult   7: 6101280 op, 231342500.00 ns, 37.9170 ns/op
WorkloadResult   8: 6101280 op, 231091000.00 ns, 37.8758 ns/op
WorkloadResult   9: 6101280 op, 232476100.00 ns, 38.1028 ns/op
WorkloadResult  10: 6101280 op, 231213700.00 ns, 37.8959 ns/op
WorkloadResult  11: 6101280 op, 231712600.00 ns, 37.9777 ns/op
WorkloadResult  12: 6101280 op, 232446500.00 ns, 38.0980 ns/op
WorkloadResult  13: 6101280 op, 231628800.00 ns, 37.9640 ns/op
// GC:  0 0 0 0 6101280
// Threading:  0 0 6101280

// AfterAll
// Benchmark Process 22920 has exited with code 0.

Mean = 38.050 ns, StdErr = 0.041 ns (0.11%), N = 13, StdDev = 0.147 ns
Min = 37.876 ns, Q1 = 37.922 ns, Median = 38.048 ns, Q3 = 38.108 ns, Max = 38.384 ns
IQR = 0.186 ns, LowerFence = 37.642 ns, UpperFence = 38.388 ns
ConfidenceInterval = [37.874 ns; 38.226 ns] (CI 99.9%), Margin = 0.176 ns (0.46% of Mean)
Skewness = 0.71, Kurtosis = 2.58, MValue = 2

// ** Remained 3 (3.5%) benchmark(s) to run. Estimated finish 2026-02-06 8:17 (0h 0m from now) **
Setup power plan (GUID: 8c5e7fda-e8bf-4a96-9a85-a6e23a8c635c FriendlyName: High performance)
// **************************
// Benchmark: Scenario1.B_FluentResults_Result_FirstError: .NET 10.0(Runtime=.NET 10.0, IterationTime=250ms) [Iterations=10]
// *** Execute ***
// Launch: 1 / 1
// Execute: dotnet Enumerations.Options.Benchmarks-1.dll --anonymousPipes 2876 2828 --benchmarkName "ReillyDigital.Enumerations.Options.Benchmarks.Scenarios.Scenario1.B_FluentResults_Result_FirstError(Iterations: 10)" --job ".NET 10.0" --benchmarkId 82 in D:\x\devs\reilly-digital\dotnet\enumerations.options.benchmarks\bin\Debug\net10.0\Enumerations.Options.Benchmarks-1\bin\Release\net10.0
// BeforeAnythingElse

// Benchmark Process Environment Information:
// BenchmarkDotNet v0.15.8
// Runtime=.NET 10.0.2 (10.0.2, 10.0.225.61305), X64 RyuJIT x86-64-v3
// GC=Concurrent Workstation
// HardwareIntrinsics=AVX2+BMI1+BMI2+F16C+FMA+LZCNT+MOVBE,AVX,SSE3+SSSE3+SSE4.1+SSE4.2+POPCNT,X86Base+SSE+SSE2,AES+PCLMUL VectorSize=256
// Job: .NET 10.0(IterationTime=250ms)

OverheadJitting  1: 1 op, 115700.00 ns, 115.7000 us/op
WorkloadJitting  1: 1 op, 10979300.00 ns, 10.9793 ms/op

OverheadJitting  2: 16 op, 184100.00 ns, 11.5063 us/op
WorkloadJitting  2: 16 op, 223500.00 ns, 13.9688 us/op

WorkloadPilot    1: 16 op, 49000.00 ns, 3.0625 us/op
WorkloadPilot    2: 81648 op, 182409800.00 ns, 2.2341 us/op
WorkloadPilot    3: 111904 op, 85920000.00 ns, 767.8010 ns/op
WorkloadPilot    4: 325616 op, 171305000.00 ns, 526.0952 ns/op
WorkloadPilot    5: 475200 op, 246399600.00 ns, 518.5177 ns/op
WorkloadPilot    6: 482144 op, 267170300.00 ns, 554.1297 ns/op
WorkloadPilot    7: 451168 op, 233085500.00 ns, 516.6268 ns/op
WorkloadPilot    8: 483920 op, 248539600.00 ns, 513.5965 ns/op
WorkloadPilot    9: 486768 op, 253336900.00 ns, 520.4469 ns/op
WorkloadPilot   10: 480368 op, 247502900.00 ns, 515.2360 ns/op
WorkloadPilot   11: 485216 op, 250820000.00 ns, 516.9244 ns/op

OverheadWarmup   1: 485216 op, 1203200.00 ns, 2.4797 ns/op
OverheadWarmup   2: 485216 op, 1211800.00 ns, 2.4974 ns/op
OverheadWarmup   3: 485216 op, 1196700.00 ns, 2.4663 ns/op
OverheadWarmup   4: 485216 op, 1201500.00 ns, 2.4762 ns/op
OverheadWarmup   5: 485216 op, 1193800.00 ns, 2.4603 ns/op

OverheadActual   1: 485216 op, 1162700.00 ns, 2.3963 ns/op
OverheadActual   2: 485216 op, 1182100.00 ns, 2.4362 ns/op
OverheadActual   3: 485216 op, 1187000.00 ns, 2.4463 ns/op
OverheadActual   4: 485216 op, 1156200.00 ns, 2.3829 ns/op
OverheadActual   5: 485216 op, 1187500.00 ns, 2.4474 ns/op
OverheadActual   6: 485216 op, 1174700.00 ns, 2.4210 ns/op
OverheadActual   7: 485216 op, 1180100.00 ns, 2.4321 ns/op
OverheadActual   8: 485216 op, 1191300.00 ns, 2.4552 ns/op
OverheadActual   9: 485216 op, 1182400.00 ns, 2.4369 ns/op
OverheadActual  10: 485216 op, 1192800.00 ns, 2.4583 ns/op
OverheadActual  11: 485216 op, 1168600.00 ns, 2.4084 ns/op
OverheadActual  12: 485216 op, 1170800.00 ns, 2.4129 ns/op
OverheadActual  13: 485216 op, 1244000.00 ns, 2.5638 ns/op
OverheadActual  14: 485216 op, 1177900.00 ns, 2.4276 ns/op
OverheadActual  15: 485216 op, 1420300.00 ns, 2.9271 ns/op

WorkloadWarmup   1: 485216 op, 253463500.00 ns, 522.3725 ns/op
WorkloadWarmup   2: 485216 op, 262014400.00 ns, 539.9954 ns/op
WorkloadWarmup   3: 485216 op, 255516200.00 ns, 526.6030 ns/op
WorkloadWarmup   4: 485216 op, 258148400.00 ns, 532.0278 ns/op
WorkloadWarmup   5: 485216 op, 256315300.00 ns, 528.2499 ns/op
WorkloadWarmup   6: 485216 op, 259274400.00 ns, 534.3484 ns/op

// BeforeActualRun
WorkloadActual   1: 485216 op, 249596600.00 ns, 514.4031 ns/op
WorkloadActual   2: 485216 op, 254650600.00 ns, 524.8190 ns/op
WorkloadActual   3: 485216 op, 254273400.00 ns, 524.0417 ns/op
WorkloadActual   4: 485216 op, 255715800.00 ns, 527.0144 ns/op
WorkloadActual   5: 485216 op, 253827900.00 ns, 523.1235 ns/op
WorkloadActual   6: 485216 op, 255193300.00 ns, 525.9375 ns/op
WorkloadActual   7: 485216 op, 253179700.00 ns, 521.7876 ns/op
WorkloadActual   8: 485216 op, 265236100.00 ns, 546.6351 ns/op
WorkloadActual   9: 485216 op, 255317000.00 ns, 526.1925 ns/op
WorkloadActual  10: 485216 op, 256111100.00 ns, 527.8290 ns/op
WorkloadActual  11: 485216 op, 252755100.00 ns, 520.9125 ns/op
WorkloadActual  12: 485216 op, 254864000.00 ns, 525.2589 ns/op
WorkloadActual  13: 485216 op, 252905800.00 ns, 521.2231 ns/op
WorkloadActual  14: 485216 op, 255103800.00 ns, 525.7531 ns/op
WorkloadActual  15: 485216 op, 253770100.00 ns, 523.0044 ns/op

// AfterActualRun
WorkloadResult   1: 485216 op, 248414500.00 ns, 511.9668 ns/op
WorkloadResult   2: 485216 op, 253468500.00 ns, 522.3828 ns/op
WorkloadResult   3: 485216 op, 253091300.00 ns, 521.6054 ns/op
WorkloadResult   4: 485216 op, 254533700.00 ns, 524.5781 ns/op
WorkloadResult   5: 485216 op, 252645800.00 ns, 520.6873 ns/op
WorkloadResult   6: 485216 op, 254011200.00 ns, 523.5013 ns/op
WorkloadResult   7: 485216 op, 251997600.00 ns, 519.3514 ns/op
WorkloadResult   8: 485216 op, 254134900.00 ns, 523.7562 ns/op
WorkloadResult   9: 485216 op, 254929000.00 ns, 525.3928 ns/op
WorkloadResult  10: 485216 op, 251573000.00 ns, 518.4763 ns/op
WorkloadResult  11: 485216 op, 253681900.00 ns, 522.8226 ns/op
WorkloadResult  12: 485216 op, 251723700.00 ns, 518.7869 ns/op
WorkloadResult  13: 485216 op, 253921700.00 ns, 523.3168 ns/op
WorkloadResult  14: 485216 op, 252588000.00 ns, 520.5682 ns/op
// GC:  102 0 0 853980160 485216
// Threading:  0 0 485216

// AfterAll
// Benchmark Process 23188 has exited with code 0.

Mean = 521.228 ns, StdErr = 0.914 ns (0.18%), N = 14, StdDev = 3.420 ns
Min = 511.967 ns, Q1 = 519.656 ns, Median = 521.994 ns, Q3 = 523.455 ns, Max = 525.393 ns
IQR = 3.800 ns, LowerFence = 513.956 ns, UpperFence = 529.155 ns
ConfidenceInterval = [517.370 ns; 525.086 ns] (CI 99.9%), Margin = 3.858 ns (0.74% of Mean)
Skewness = -1.22, Kurtosis = 4.17, MValue = 2

// ** Remained 2 (2.4%) benchmark(s) to run. Estimated finish 2026-02-06 8:17 (0h 0m from now) **
Setup power plan (GUID: 8c5e7fda-e8bf-4a96-9a85-a6e23a8c635c FriendlyName: High performance)
// **************************
// Benchmark: Scenario1.E_Rascal_Result_FirstError: .NET 10.0(Runtime=.NET 10.0, IterationTime=250ms) [Iterations=10]
// *** Execute ***
// Launch: 1 / 1
// Execute: dotnet Enumerations.Options.Benchmarks-1.dll --anonymousPipes 2876 2828 --benchmarkName "ReillyDigital.Enumerations.Options.Benchmarks.Scenarios.Scenario1.E_Rascal_Result_FirstError(Iterations: 10)" --job ".NET 10.0" --benchmarkId 83 in D:\x\devs\reilly-digital\dotnet\enumerations.options.benchmarks\bin\Debug\net10.0\Enumerations.Options.Benchmarks-1\bin\Release\net10.0
// BeforeAnythingElse

// Benchmark Process Environment Information:
// BenchmarkDotNet v0.15.8
// Runtime=.NET 10.0.2 (10.0.2, 10.0.225.61305), X64 RyuJIT x86-64-v3
// GC=Concurrent Workstation
// HardwareIntrinsics=AVX2+BMI1+BMI2+F16C+FMA+LZCNT+MOVBE,AVX,SSE3+SSSE3+SSE4.1+SSE4.2+POPCNT,X86Base+SSE+SSE2,AES+PCLMUL VectorSize=256
// Job: .NET 10.0(IterationTime=250ms)

OverheadJitting  1: 1 op, 106100.00 ns, 106.1000 us/op
WorkloadJitting  1: 1 op, 11038700.00 ns, 11.0387 ms/op

OverheadJitting  2: 16 op, 176100.00 ns, 11.0063 us/op
WorkloadJitting  2: 16 op, 154400.00 ns, 9.6500 us/op

WorkloadPilot    1: 16 op, 2700.00 ns, 168.7500 ns/op
WorkloadPilot    2: 1481488 op, 211080500.00 ns, 142.4787 ns/op
WorkloadPilot    3: 1754656 op, 21168200.00 ns, 12.0640 ns/op
WorkloadPilot    4: 20722784 op, 142348100.00 ns, 6.8692 ns/op
WorkloadPilot    5: 36394560 op, 254096100.00 ns, 6.9817 ns/op
WorkloadPilot    6: 35807872 op, 248842200.00 ns, 6.9494 ns/op
WorkloadPilot    7: 35974480 op, 241950200.00 ns, 6.7256 ns/op
WorkloadPilot    8: 37171376 op, 260406500.00 ns, 7.0056 ns/op
WorkloadPilot    9: 35685920 op, 245214100.00 ns, 6.8715 ns/op
WorkloadPilot   10: 36382416 op, 252640900.00 ns, 6.9440 ns/op

OverheadWarmup   1: 36382416 op, 91685600.00 ns, 2.5201 ns/op
OverheadWarmup   2: 36382416 op, 90583300.00 ns, 2.4898 ns/op
OverheadWarmup   3: 36382416 op, 64534500.00 ns, 1.7738 ns/op
OverheadWarmup   4: 36382416 op, 55584400.00 ns, 1.5278 ns/op
OverheadWarmup   5: 36382416 op, 56238500.00 ns, 1.5458 ns/op
OverheadWarmup   6: 36382416 op, 55921500.00 ns, 1.5370 ns/op
OverheadWarmup   7: 36382416 op, 55582800.00 ns, 1.5277 ns/op
OverheadWarmup   8: 36382416 op, 55796100.00 ns, 1.5336 ns/op
OverheadWarmup   9: 36382416 op, 56313700.00 ns, 1.5478 ns/op
OverheadWarmup  10: 36382416 op, 56125500.00 ns, 1.5427 ns/op

OverheadActual   1: 36382416 op, 58063500.00 ns, 1.5959 ns/op
OverheadActual   2: 36382416 op, 57435200.00 ns, 1.5787 ns/op
OverheadActual   3: 36382416 op, 57200700.00 ns, 1.5722 ns/op
OverheadActual   4: 36382416 op, 54384600.00 ns, 1.4948 ns/op
OverheadActual   5: 36382416 op, 54270600.00 ns, 1.4917 ns/op
OverheadActual   6: 36382416 op, 54171700.00 ns, 1.4890 ns/op
OverheadActual   7: 36382416 op, 56786800.00 ns, 1.5608 ns/op
OverheadActual   8: 36382416 op, 56240300.00 ns, 1.5458 ns/op
OverheadActual   9: 36382416 op, 55131900.00 ns, 1.5153 ns/op
OverheadActual  10: 36382416 op, 54958600.00 ns, 1.5106 ns/op
OverheadActual  11: 36382416 op, 55120700.00 ns, 1.5150 ns/op
OverheadActual  12: 36382416 op, 55608200.00 ns, 1.5284 ns/op
OverheadActual  13: 36382416 op, 54110200.00 ns, 1.4873 ns/op
OverheadActual  14: 36382416 op, 55240200.00 ns, 1.5183 ns/op
OverheadActual  15: 36382416 op, 54136700.00 ns, 1.4880 ns/op

WorkloadWarmup   1: 36382416 op, 243269300.00 ns, 6.6865 ns/op
WorkloadWarmup   2: 36382416 op, 250736500.00 ns, 6.8917 ns/op
WorkloadWarmup   3: 36382416 op, 249589200.00 ns, 6.8602 ns/op
WorkloadWarmup   4: 36382416 op, 246286200.00 ns, 6.7694 ns/op
WorkloadWarmup   5: 36382416 op, 250847700.00 ns, 6.8948 ns/op
WorkloadWarmup   6: 36382416 op, 249575400.00 ns, 6.8598 ns/op

// BeforeActualRun
WorkloadActual   1: 36382416 op, 249886300.00 ns, 6.8683 ns/op
WorkloadActual   2: 36382416 op, 245616900.00 ns, 6.7510 ns/op
WorkloadActual   3: 36382416 op, 244848300.00 ns, 6.7299 ns/op
WorkloadActual   4: 36382416 op, 242623800.00 ns, 6.6687 ns/op
WorkloadActual   5: 36382416 op, 265087400.00 ns, 7.2861 ns/op
WorkloadActual   6: 36382416 op, 247036300.00 ns, 6.7900 ns/op
WorkloadActual   7: 36382416 op, 245659500.00 ns, 6.7521 ns/op
WorkloadActual   8: 36382416 op, 243494000.00 ns, 6.6926 ns/op
WorkloadActual   9: 36382416 op, 239285900.00 ns, 6.5770 ns/op
WorkloadActual  10: 36382416 op, 248985100.00 ns, 6.8436 ns/op
WorkloadActual  11: 36382416 op, 248167500.00 ns, 6.8211 ns/op
WorkloadActual  12: 36382416 op, 255581700.00 ns, 7.0249 ns/op
WorkloadActual  13: 36382416 op, 253783800.00 ns, 6.9755 ns/op
WorkloadActual  14: 36382416 op, 246144200.00 ns, 6.7655 ns/op
WorkloadActual  15: 36382416 op, 249386400.00 ns, 6.8546 ns/op

// AfterActualRun
WorkloadResult   1: 36382416 op, 194754400.00 ns, 5.3530 ns/op
WorkloadResult   2: 36382416 op, 190485000.00 ns, 5.2356 ns/op
WorkloadResult   3: 36382416 op, 189716400.00 ns, 5.2145 ns/op
WorkloadResult   4: 36382416 op, 187491900.00 ns, 5.1534 ns/op
WorkloadResult   5: 36382416 op, 191904400.00 ns, 5.2746 ns/op
WorkloadResult   6: 36382416 op, 190527600.00 ns, 5.2368 ns/op
WorkloadResult   7: 36382416 op, 188362100.00 ns, 5.1773 ns/op
WorkloadResult   8: 36382416 op, 184154000.00 ns, 5.0616 ns/op
WorkloadResult   9: 36382416 op, 193853200.00 ns, 5.3282 ns/op
WorkloadResult  10: 36382416 op, 193035600.00 ns, 5.3057 ns/op
WorkloadResult  11: 36382416 op, 200449800.00 ns, 5.5095 ns/op
WorkloadResult  12: 36382416 op, 198651900.00 ns, 5.4601 ns/op
WorkloadResult  13: 36382416 op, 191012300.00 ns, 5.2501 ns/op
WorkloadResult  14: 36382416 op, 194254500.00 ns, 5.3392 ns/op
// GC:  0 0 0 0 36382416
// Threading:  0 0 36382416

// AfterAll
// Benchmark Process 7940 has exited with code 0.

Mean = 5.279 ns, StdErr = 0.031 ns (0.60%), N = 14, StdDev = 0.118 ns
Min = 5.062 ns, Q1 = 5.220 ns, Median = 5.262 ns, Q3 = 5.336 ns, Max = 5.510 ns
IQR = 0.117 ns, LowerFence = 5.045 ns, UpperFence = 5.512 ns
ConfidenceInterval = [5.146 ns; 5.411 ns] (CI 99.9%), Margin = 0.133 ns (2.52% of Mean)
Skewness = 0.24, Kurtosis = 2.44, MValue = 2

// ** Remained 1 (1.2%) benchmark(s) to run. Estimated finish 2026-02-06 8:17 (0h 0m from now) **
Setup power plan (GUID: 8c5e7fda-e8bf-4a96-9a85-a6e23a8c635c FriendlyName: High performance)
// **************************
// Benchmark: Scenario1.D_SimpleResults_Result_FirstError: .NET 10.0(Runtime=.NET 10.0, IterationTime=250ms) [Iterations=10]
// *** Execute ***
// Launch: 1 / 1
// Execute: dotnet Enumerations.Options.Benchmarks-1.dll --anonymousPipes 2952 2920 --benchmarkName "ReillyDigital.Enumerations.Options.Benchmarks.Scenarios.Scenario1.D_SimpleResults_Result_FirstError(Iterations: 10)" --job ".NET 10.0" --benchmarkId 84 in D:\x\devs\reilly-digital\dotnet\enumerations.options.benchmarks\bin\Debug\net10.0\Enumerations.Options.Benchmarks-1\bin\Release\net10.0
// BeforeAnythingElse

// Benchmark Process Environment Information:
// BenchmarkDotNet v0.15.8
// Runtime=.NET 10.0.2 (10.0.2, 10.0.225.61305), X64 RyuJIT x86-64-v3
// GC=Concurrent Workstation
// HardwareIntrinsics=AVX2+BMI1+BMI2+F16C+FMA+LZCNT+MOVBE,AVX,SSE3+SSSE3+SSE4.1+SSE4.2+POPCNT,X86Base+SSE+SSE2,AES+PCLMUL VectorSize=256
// Job: .NET 10.0(IterationTime=250ms)

OverheadJitting  1: 1 op, 105700.00 ns, 105.7000 us/op
WorkloadJitting  1: 1 op, 11006900.00 ns, 11.0069 ms/op

OverheadJitting  2: 16 op, 178000.00 ns, 11.1250 us/op
WorkloadJitting  2: 16 op, 157000.00 ns, 9.8125 us/op

WorkloadPilot    1: 16 op, 7500.00 ns, 468.7500 ns/op
WorkloadPilot    2: 533344 op, 198503600.00 ns, 372.1868 ns/op
WorkloadPilot    3: 671712 op, 77385600.00 ns, 115.2065 ns/op
WorkloadPilot    4: 2170016 op, 184254800.00 ns, 84.9094 ns/op
WorkloadPilot    5: 2944320 op, 247932900.00 ns, 84.2072 ns/op
WorkloadPilot    6: 2968880 op, 250292300.00 ns, 84.3053 ns/op
WorkloadPilot    7: 2965424 op, 249522000.00 ns, 84.1438 ns/op
WorkloadPilot    8: 2971120 op, 249597000.00 ns, 84.0077 ns/op
WorkloadPilot    9: 2975920 op, 250160200.00 ns, 84.0615 ns/op
WorkloadPilot   10: 2974016 op, 250578700.00 ns, 84.2560 ns/op

OverheadWarmup   1: 2974016 op, 7286100.00 ns, 2.4499 ns/op
OverheadWarmup   2: 2974016 op, 7679500.00 ns, 2.5822 ns/op
OverheadWarmup   3: 2974016 op, 7590600.00 ns, 2.5523 ns/op
OverheadWarmup   4: 2974016 op, 7595700.00 ns, 2.5540 ns/op
OverheadWarmup   5: 2974016 op, 7569600.00 ns, 2.5452 ns/op

OverheadActual   1: 2974016 op, 7577100.00 ns, 2.5478 ns/op
OverheadActual   2: 2974016 op, 7589200.00 ns, 2.5518 ns/op
OverheadActual   3: 2974016 op, 7300600.00 ns, 2.4548 ns/op
OverheadActual   4: 2974016 op, 7592300.00 ns, 2.5529 ns/op
OverheadActual   5: 2974016 op, 7643000.00 ns, 2.5699 ns/op
OverheadActual   6: 2974016 op, 7437300.00 ns, 2.5008 ns/op
OverheadActual   7: 2974016 op, 7292500.00 ns, 2.4521 ns/op
OverheadActual   8: 2974016 op, 7329700.00 ns, 2.4646 ns/op
OverheadActual   9: 2974016 op, 7336200.00 ns, 2.4668 ns/op
OverheadActual  10: 2974016 op, 7708600.00 ns, 2.5920 ns/op
OverheadActual  11: 2974016 op, 7684400.00 ns, 2.5838 ns/op
OverheadActual  12: 2974016 op, 7594200.00 ns, 2.5535 ns/op
OverheadActual  13: 2974016 op, 7633500.00 ns, 2.5667 ns/op
OverheadActual  14: 2974016 op, 7533700.00 ns, 2.5332 ns/op
OverheadActual  15: 2974016 op, 7619600.00 ns, 2.5621 ns/op

WorkloadWarmup   1: 2974016 op, 252226300.00 ns, 84.8100 ns/op
WorkloadWarmup   2: 2974016 op, 250272700.00 ns, 84.1531 ns/op
WorkloadWarmup   3: 2974016 op, 250478500.00 ns, 84.2223 ns/op
WorkloadWarmup   4: 2974016 op, 250090200.00 ns, 84.0917 ns/op
WorkloadWarmup   5: 2974016 op, 252327600.00 ns, 84.8441 ns/op
WorkloadWarmup   6: 2974016 op, 254313400.00 ns, 85.5118 ns/op
WorkloadWarmup   7: 2974016 op, 250931800.00 ns, 84.3747 ns/op

// BeforeActualRun
WorkloadActual   1: 2974016 op, 250740300.00 ns, 84.3103 ns/op
WorkloadActual   2: 2974016 op, 251020100.00 ns, 84.4044 ns/op
WorkloadActual   3: 2974016 op, 248725800.00 ns, 83.6330 ns/op
WorkloadActual   4: 2974016 op, 251343200.00 ns, 84.5131 ns/op
WorkloadActual   5: 2974016 op, 249330800.00 ns, 83.8364 ns/op
WorkloadActual   6: 2974016 op, 249160500.00 ns, 83.7791 ns/op
WorkloadActual   7: 2974016 op, 249296900.00 ns, 83.8250 ns/op
WorkloadActual   8: 2974016 op, 250781400.00 ns, 84.3242 ns/op
WorkloadActual   9: 2974016 op, 249247000.00 ns, 83.8082 ns/op
WorkloadActual  10: 2974016 op, 248999700.00 ns, 83.7251 ns/op
WorkloadActual  11: 2974016 op, 249304700.00 ns, 83.8276 ns/op
WorkloadActual  12: 2974016 op, 250567600.00 ns, 84.2523 ns/op
WorkloadActual  13: 2974016 op, 248874400.00 ns, 83.6829 ns/op
WorkloadActual  14: 2974016 op, 251471200.00 ns, 84.5561 ns/op
WorkloadActual  15: 2974016 op, 262549200.00 ns, 88.2810 ns/op

// AfterActualRun
WorkloadResult   1: 2974016 op, 243151100.00 ns, 81.7585 ns/op
WorkloadResult   2: 2974016 op, 243430900.00 ns, 81.8526 ns/op
WorkloadResult   3: 2974016 op, 241136600.00 ns, 81.0811 ns/op
WorkloadResult   4: 2974016 op, 243754000.00 ns, 81.9612 ns/op
WorkloadResult   5: 2974016 op, 241741600.00 ns, 81.2846 ns/op
WorkloadResult   6: 2974016 op, 241571300.00 ns, 81.2273 ns/op
WorkloadResult   7: 2974016 op, 241707700.00 ns, 81.2732 ns/op
WorkloadResult   8: 2974016 op, 243192200.00 ns, 81.7723 ns/op
WorkloadResult   9: 2974016 op, 241657800.00 ns, 81.2564 ns/op
WorkloadResult  10: 2974016 op, 241410500.00 ns, 81.1732 ns/op
WorkloadResult  11: 2974016 op, 241715500.00 ns, 81.2758 ns/op
WorkloadResult  12: 2974016 op, 242978400.00 ns, 81.7004 ns/op
WorkloadResult  13: 2974016 op, 241285200.00 ns, 81.1311 ns/op
WorkloadResult  14: 2974016 op, 243882000.00 ns, 82.0043 ns/op
// GC:  0 0 0 0 2974016
// Threading:  0 0 2974016

// AfterAll
// Benchmark Process 8400 has exited with code 0.

Mean = 81.482 ns, StdErr = 0.090 ns (0.11%), N = 14, StdDev = 0.336 ns
Min = 81.081 ns, Q1 = 81.235 ns, Median = 81.280 ns, Q3 = 81.769 ns, Max = 82.004 ns
IQR = 0.534 ns, LowerFence = 80.433 ns, UpperFence = 82.570 ns
ConfidenceInterval = [81.103 ns; 81.861 ns] (CI 99.9%), Margin = 0.379 ns (0.47% of Mean)
Skewness = 0.32, Kurtosis = 1.25, MValue = 2

// ** Remained 0 (0.0%) benchmark(s) to run. Estimated finish 2026-02-06 8:17 (0h 0m from now) **
Successfully reverted power plan (GUID: 381b4222-f694-41f0-9685-ff5bb260df2e FriendlyName: Balanced)
// ***** BenchmarkRunner: Finish  *****

// * Export *
  BenchmarkDotNet.Artifacts\results\ReillyDigital.Enumerations.Options.Benchmarks.Scenarios.Scenario1-report.csv
  BenchmarkDotNet.Artifacts\results\ReillyDigital.Enumerations.Options.Benchmarks.Scenarios.Scenario1-report-github.md
  BenchmarkDotNet.Artifacts\results\ReillyDigital.Enumerations.Options.Benchmarks.Scenarios.Scenario1-report.html

// * Detailed results *
Scenario1.C_ArdalisResult_Result_Ok: .NET 10.0(Runtime=.NET 10.0, IterationTime=250ms) [Iterations=10]
Runtime = .NET 10.0.2 (10.0.2, 10.0.225.61305), X64 RyuJIT x86-64-v3; GC = Concurrent Workstation
Mean = 58.700 ns, StdErr = 0.639 ns (1.09%), N = 100, StdDev = 6.394 ns
Min = 49.841 ns, Q1 = 50.421 ns, Median = 61.723 ns, Q3 = 62.320 ns, Max = 75.651 ns
IQR = 11.899 ns, LowerFence = 32.573 ns, UpperFence = 80.168 ns
ConfidenceInterval = [56.532 ns; 60.869 ns] (CI 99.9%), Margin = 2.168 ns (3.69% of Mean)
Skewness = -0.21, Kurtosis = 1.97, MValue = 3.19
-------------------- Histogram --------------------
[49.114 ns ; 52.730 ns) | @@@@@@@@@@@@@@@@@@@@@@@@@@@@@@@@
[52.730 ns ; 56.131 ns) | @@@
[56.131 ns ; 57.342 ns) | 
[57.342 ns ; 61.064 ns) | @@
[61.064 ns ; 64.680 ns) | @@@@@@@@@@@@@@@@@@@@@@@@@@@@@@@@@@@@@@@@@@@@@@@@@@@@@@
[64.680 ns ; 68.501 ns) | @@@@@@@
[68.501 ns ; 73.325 ns) | @
[73.325 ns ; 77.459 ns) | @
---------------------------------------------------

Scenario1.A_EnumerationsOptions_Result_Ok: .NET 10.0(Runtime=.NET 10.0, IterationTime=250ms) [Iterations=10]
Runtime = .NET 10.0.2 (10.0.2, 10.0.225.61305), X64 RyuJIT x86-64-v3; GC = Concurrent Workstation
Mean = 38.182 ns, StdErr = 0.211 ns (0.55%), N = 37, StdDev = 1.286 ns
Min = 36.787 ns, Q1 = 37.190 ns, Median = 37.823 ns, Q3 = 38.887 ns, Max = 41.112 ns
IQR = 1.697 ns, LowerFence = 34.644 ns, UpperFence = 41.433 ns
ConfidenceInterval = [37.425 ns; 38.939 ns] (CI 99.9%), Margin = 0.757 ns (1.98% of Mean)
Skewness = 0.97, Kurtosis = 2.64, MValue = 2.5
-------------------- Histogram --------------------
[36.281 ns ; 38.018 ns) | @@@@@@@@@@@@@@@@@@@@@@@@
[38.018 ns ; 39.343 ns) | @@@@@@@
[39.343 ns ; 40.166 ns) | 
[40.166 ns ; 41.179 ns) | @@@@@@
---------------------------------------------------

Scenario1.B_FluentResults_Result_Ok: .NET 10.0(Runtime=.NET 10.0, IterationTime=250ms) [Iterations=10]
Runtime = .NET 10.0.2 (10.0.2, 10.0.225.61305), X64 RyuJIT x86-64-v3; GC = Concurrent Workstation
Mean = 88.931 ns, StdErr = 1.843 ns (2.07%), N = 100, StdDev = 18.433 ns
Min = 58.689 ns, Q1 = 66.562 ns, Median = 101.209 ns, Q3 = 102.320 ns, Max = 108.938 ns
IQR = 35.758 ns, LowerFence = 12.925 ns, UpperFence = 155.957 ns
ConfidenceInterval = [82.680 ns; 95.183 ns] (CI 99.9%), Margin = 6.251 ns (7.03% of Mean)
Skewness = -0.71, Kurtosis = 1.69, MValue = 2.81
-------------------- Histogram --------------------
[57.836 ns ;  68.261 ns) | @@@@@@@@@@@@@@@@@@@@@@@@@@
[68.261 ns ;  80.931 ns) | @@@@@@@
[80.931 ns ;  89.742 ns) | @@@
[89.742 ns ;  98.586 ns) | @@@@
[98.586 ns ; 109.010 ns) | @@@@@@@@@@@@@@@@@@@@@@@@@@@@@@@@@@@@@@@@@@@@@@@@@@@@@@@@@@@@
---------------------------------------------------

Scenario1.E_Rascal_Result_Ok: .NET 10.0(Runtime=.NET 10.0, IterationTime=250ms) [Iterations=10]
Runtime = .NET 10.0.2 (10.0.2, 10.0.225.61305), X64 RyuJIT x86-64-v3; GC = Concurrent Workstation
Mean = 3.326 ns, StdErr = 0.028 ns (0.83%), N = 61, StdDev = 0.217 ns
Min = 3.037 ns, Q1 = 3.138 ns, Median = 3.264 ns, Q3 = 3.485 ns, Max = 3.830 ns
IQR = 0.347 ns, LowerFence = 2.617 ns, UpperFence = 4.006 ns
ConfidenceInterval = [3.230 ns; 3.422 ns] (CI 99.9%), Margin = 0.096 ns (2.89% of Mean)
Skewness = 0.53, Kurtosis = 2.19, MValue = 2.84
-------------------- Histogram --------------------
[3.019 ns ; 3.192 ns) | @@@@@@@@@@@@@@@@@@
[3.192 ns ; 3.336 ns) | @@@@@@@@@@@@@@@@@@@
[3.336 ns ; 3.411 ns) | @@@
[3.411 ns ; 3.555 ns) | @@@@@@@@@@@
[3.555 ns ; 3.712 ns) | @@@@@@@
[3.712 ns ; 3.855 ns) | @@@
---------------------------------------------------

Scenario1.D_SimpleResults_Result_Ok: .NET 10.0(Runtime=.NET 10.0, IterationTime=250ms) [Iterations=10]
Runtime = .NET 10.0.2 (10.0.2, 10.0.225.61305), X64 RyuJIT x86-64-v3; GC = Concurrent Workstation
Mean = 636.263 ns, StdErr = 0.993 ns (0.16%), N = 13, StdDev = 3.580 ns
Min = 631.755 ns, Q1 = 633.182 ns, Median = 635.715 ns, Q3 = 637.477 ns, Max = 642.910 ns
IQR = 4.295 ns, LowerFence = 626.740 ns, UpperFence = 643.918 ns
ConfidenceInterval = [631.976 ns; 640.550 ns] (CI 99.9%), Margin = 4.287 ns (0.67% of Mean)
Skewness = 0.44, Kurtosis = 1.76, MValue = 2
-------------------- Histogram --------------------
[629.757 ns ; 644.909 ns) | @@@@@@@@@@@@@
---------------------------------------------------

Scenario1.C_ArdalisResult_Result_OkTValue: .NET 10.0(Runtime=.NET 10.0, IterationTime=250ms) [Iterations=10]
Runtime = .NET 10.0.2 (10.0.2, 10.0.225.61305), X64 RyuJIT x86-64-v3; GC = Concurrent Workstation
Mean = 57.406 ns, StdErr = 0.141 ns (0.25%), N = 14, StdDev = 0.529 ns
Min = 56.507 ns, Q1 = 57.054 ns, Median = 57.409 ns, Q3 = 57.627 ns, Max = 58.338 ns
IQR = 0.572 ns, LowerFence = 56.196 ns, UpperFence = 58.485 ns
ConfidenceInterval = [56.809 ns; 58.003 ns] (CI 99.9%), Margin = 0.597 ns (1.04% of Mean)
Skewness = 0.18, Kurtosis = 2, MValue = 2
-------------------- Histogram --------------------
[56.219 ns ; 58.626 ns) | @@@@@@@@@@@@@@
---------------------------------------------------

Scenario1.A_EnumerationsOptions_Result_OkTValue: .NET 10.0(Runtime=.NET 10.0, IterationTime=250ms) [Iterations=10]
Runtime = .NET 10.0.2 (10.0.2, 10.0.225.61305), X64 RyuJIT x86-64-v3; GC = Concurrent Workstation
Mean = 29.643 ns, StdErr = 0.185 ns (0.62%), N = 72, StdDev = 1.571 ns
Min = 27.458 ns, Q1 = 28.460 ns, Median = 29.342 ns, Q3 = 30.600 ns, Max = 33.619 ns
IQR = 2.141 ns, LowerFence = 25.249 ns, UpperFence = 33.811 ns
ConfidenceInterval = [29.008 ns; 30.279 ns] (CI 99.9%), Margin = 0.636 ns (2.14% of Mean)
Skewness = 0.55, Kurtosis = 2.42, MValue = 2
-------------------- Histogram --------------------
[27.343 ns ; 28.262 ns) | @@@@@@@@@@@@@@@
[28.262 ns ; 29.253 ns) | @@@@@@@@@@@@@@@@@@@@@
[29.253 ns ; 30.739 ns) | @@@@@@@@@@@@@@@@@@@@@
[30.739 ns ; 32.168 ns) | @@@@@@@@@@
[32.168 ns ; 33.348 ns) | @@@@
[33.348 ns ; 34.115 ns) | @
---------------------------------------------------

Scenario1.B_FluentResults_Result_OkTValue: .NET 10.0(Runtime=.NET 10.0, IterationTime=250ms) [Iterations=10]
Runtime = .NET 10.0.2 (10.0.2, 10.0.225.61305), X64 RyuJIT x86-64-v3; GC = Concurrent Workstation
Mean = 145.991 ns, StdErr = 0.697 ns (0.48%), N = 14, StdDev = 2.609 ns
Min = 143.388 ns, Q1 = 144.066 ns, Median = 144.823 ns, Q3 = 147.444 ns, Max = 151.515 ns
IQR = 3.378 ns, LowerFence = 138.999 ns, UpperFence = 152.512 ns
ConfidenceInterval = [143.047 ns; 148.934 ns] (CI 99.9%), Margin = 2.944 ns (2.02% of Mean)
Skewness = 0.94, Kurtosis = 2.5, MValue = 2
-------------------- Histogram --------------------
[143.101 ns ; 148.885 ns) | @@@@@@@@@@@@
[148.885 ns ; 152.936 ns) | @@
---------------------------------------------------

Scenario1.E_Rascal_Result_OkTValue: .NET 10.0(Runtime=.NET 10.0, IterationTime=250ms) [Iterations=10]
Runtime = .NET 10.0.2 (10.0.2, 10.0.225.61305), X64 RyuJIT x86-64-v3; GC = Concurrent Workstation
Mean = 2.477 ns, StdErr = 0.008 ns (0.32%), N = 15, StdDev = 0.031 ns
Min = 2.424 ns, Q1 = 2.459 ns, Median = 2.486 ns, Q3 = 2.499 ns, Max = 2.515 ns
IQR = 0.040 ns, LowerFence = 2.398 ns, UpperFence = 2.560 ns
ConfidenceInterval = [2.444 ns; 2.510 ns] (CI 99.9%), Margin = 0.033 ns (1.33% of Mean)
Skewness = -0.64, Kurtosis = 1.85, MValue = 2
-------------------- Histogram --------------------
[2.413 ns ; 2.520 ns) | @@@@@@@@@@@@@@@
---------------------------------------------------

Scenario1.D_SimpleResults_Result_OkTValue: .NET 10.0(Runtime=.NET 10.0, IterationTime=250ms) [Iterations=10]
Runtime = .NET 10.0.2 (10.0.2, 10.0.225.61305), X64 RyuJIT x86-64-v3; GC = Concurrent Workstation
Mean = 655.165 ns, StdErr = 0.947 ns (0.14%), N = 14, StdDev = 3.544 ns
Min = 650.437 ns, Q1 = 652.659 ns, Median = 654.468 ns, Q3 = 657.269 ns, Max = 662.655 ns
IQR = 4.611 ns, LowerFence = 645.743 ns, UpperFence = 664.186 ns
ConfidenceInterval = [651.167 ns; 659.162 ns] (CI 99.9%), Margin = 3.998 ns (0.61% of Mean)
Skewness = 0.57, Kurtosis = 2.32, MValue = 2
-------------------- Histogram --------------------
[648.507 ns ; 664.585 ns) | @@@@@@@@@@@@@@
---------------------------------------------------

Scenario1.C_ArdalisResult_Result_Fail: .NET 10.0(Runtime=.NET 10.0, IterationTime=250ms) [Iterations=10]
Runtime = .NET 10.0.2 (10.0.2, 10.0.225.61305), X64 RyuJIT x86-64-v3; GC = Concurrent Workstation
Mean = 62.294 ns, StdErr = 0.372 ns (0.60%), N = 70, StdDev = 3.113 ns
Min = 59.633 ns, Q1 = 60.044 ns, Median = 60.966 ns, Q3 = 63.269 ns, Max = 73.394 ns
IQR = 3.224 ns, LowerFence = 55.208 ns, UpperFence = 68.105 ns
ConfidenceInterval = [61.015 ns; 63.572 ns] (CI 99.9%), Margin = 1.279 ns (2.05% of Mean)
Skewness = 1.62, Kurtosis = 5.26, MValue = 2.11
-------------------- Histogram --------------------
[58.642 ns ; 61.718 ns) | @@@@@@@@@@@@@@@@@@@@@@@@@@@@@@@@@@@@@@@@@
[61.718 ns ; 63.808 ns) | @@@@@@@@@@@@@
[63.808 ns ; 66.347 ns) | @@@@@@@@@
[66.347 ns ; 69.447 ns) | @@@@@
[69.447 ns ; 71.429 ns) | 
[71.429 ns ; 73.920 ns) | @@
---------------------------------------------------

Scenario1.A_EnumerationsOptions_Result_Fail: .NET 10.0(Runtime=.NET 10.0, IterationTime=250ms) [Iterations=10]
Runtime = .NET 10.0.2 (10.0.2, 10.0.225.61305), X64 RyuJIT x86-64-v3; GC = Concurrent Workstation
Mean = 79.966 ns, StdErr = 0.281 ns (0.35%), N = 12, StdDev = 0.974 ns
Min = 77.901 ns, Q1 = 79.682 ns, Median = 79.941 ns, Q3 = 80.455 ns, Max = 81.397 ns
IQR = 0.773 ns, LowerFence = 78.522 ns, UpperFence = 81.615 ns
ConfidenceInterval = [78.718 ns; 81.215 ns] (CI 99.9%), Margin = 1.248 ns (1.56% of Mean)
Skewness = -0.36, Kurtosis = 2.57, MValue = 2
-------------------- Histogram --------------------
[77.342 ns ; 79.423 ns) | @@@
[79.423 ns ; 81.956 ns) | @@@@@@@@@
---------------------------------------------------

Scenario1.B_FluentResults_Result_Fail: .NET 10.0(Runtime=.NET 10.0, IterationTime=250ms) [Iterations=10]
Runtime = .NET 10.0.2 (10.0.2, 10.0.225.61305), X64 RyuJIT x86-64-v3; GC = Concurrent Workstation
Mean = 303.623 ns, StdErr = 1.729 ns (0.57%), N = 43, StdDev = 11.339 ns
Min = 290.283 ns, Q1 = 295.415 ns, Median = 300.480 ns, Q3 = 308.750 ns, Max = 332.964 ns
IQR = 13.335 ns, LowerFence = 275.412 ns, UpperFence = 328.753 ns
ConfidenceInterval = [297.505 ns; 309.740 ns] (CI 99.9%), Margin = 6.117 ns (2.01% of Mean)
Skewness = 0.91, Kurtosis = 2.87, MValue = 2
-------------------- Histogram --------------------
[289.916 ns ; 298.412 ns) | @@@@@@@@@@@@@@@@@
[298.412 ns ; 307.075 ns) | @@@@@@@@@@@@@@
[307.075 ns ; 317.598 ns) | @@@@@
[317.598 ns ; 326.094 ns) | @@@@@
[326.094 ns ; 335.451 ns) | @@
---------------------------------------------------

Scenario1.E_Rascal_Result_Fail: .NET 10.0(Runtime=.NET 10.0, IterationTime=250ms) [Iterations=10]
Runtime = .NET 10.0.2 (10.0.2, 10.0.225.61305), X64 RyuJIT x86-64-v3; GC = Concurrent Workstation
Mean = 40.479 ns, StdErr = 0.796 ns (1.97%), N = 100, StdDev = 7.962 ns
Min = 26.136 ns, Q1 = 31.486 ns, Median = 45.301 ns, Q3 = 46.387 ns, Max = 49.551 ns
IQR = 14.900 ns, LowerFence = 9.136 ns, UpperFence = 68.737 ns
ConfidenceInterval = [37.778 ns; 43.179 ns] (CI 99.9%), Margin = 2.700 ns (6.67% of Mean)
Skewness = -0.76, Kurtosis = 1.81, MValue = 2.86
-------------------- Histogram --------------------
[26.014 ns ; 30.517 ns) | @@@@@@@@@@@@@@@@@@@@@
[30.517 ns ; 35.042 ns) | @@@@@@@@@@
[35.042 ns ; 40.105 ns) | @@@
[40.105 ns ; 44.485 ns) | @@@@@
[44.485 ns ; 48.987 ns) | @@@@@@@@@@@@@@@@@@@@@@@@@@@@@@@@@@@@@@@@@@@@@@@@@@@@@@@@@@@@
[48.987 ns ; 51.802 ns) | @
---------------------------------------------------

Scenario1.D_SimpleResults_Result_Fail: .NET 10.0(Runtime=.NET 10.0, IterationTime=250ms) [Iterations=10]
Runtime = .NET 10.0.2 (10.0.2, 10.0.225.61305), X64 RyuJIT x86-64-v3; GC = Concurrent Workstation
Mean = 679.461 ns, StdErr = 0.863 ns (0.13%), N = 13, StdDev = 3.112 ns
Min = 674.979 ns, Q1 = 677.644 ns, Median = 678.181 ns, Q3 = 681.458 ns, Max = 685.213 ns
IQR = 3.814 ns, LowerFence = 671.923 ns, UpperFence = 687.179 ns
ConfidenceInterval = [675.733 ns; 683.188 ns] (CI 99.9%), Margin = 3.727 ns (0.55% of Mean)
Skewness = 0.2, Kurtosis = 1.77, MValue = 2
-------------------- Histogram --------------------
[673.242 ns ; 686.950 ns) | @@@@@@@@@@@@@
---------------------------------------------------

Scenario1.C_ArdalisResult_Result_Fail_WithErrorMessage: .NET 10.0(Runtime=.NET 10.0, IterationTime=250ms) [Iterations=10]
Runtime = .NET 10.0.2 (10.0.2, 10.0.225.61305), X64 RyuJIT x86-64-v3; GC = Concurrent Workstation
Mean = 90.280 ns, StdErr = 0.534 ns (0.59%), N = 56, StdDev = 3.993 ns
Min = 85.572 ns, Q1 = 86.523 ns, Median = 89.517 ns, Q3 = 93.012 ns, Max = 100.895 ns
IQR = 6.489 ns, LowerFence = 76.790 ns, UpperFence = 102.746 ns
ConfidenceInterval = [88.425 ns; 92.135 ns] (CI 99.9%), Margin = 1.855 ns (2.05% of Mean)
Skewness = 0.66, Kurtosis = 2.42, MValue = 2.25
-------------------- Histogram --------------------
[84.202 ns ;  88.522 ns) | @@@@@@@@@@@@@@@@@@@@@@@@
[88.522 ns ;  91.307 ns) | @@@@@@@@@@@@@
[91.307 ns ;  93.838 ns) | @@@@@@
[93.838 ns ;  96.578 ns) | @@@@@@@@@
[96.578 ns ;  99.411 ns) | @@@
[99.411 ns ; 102.264 ns) | @
---------------------------------------------------

Scenario1.A_EnumerationsOptions_Result_Fail_WithErrorMessage: .NET 10.0(Runtime=.NET 10.0, IterationTime=250ms) [Iterations=10]
Runtime = .NET 10.0.2 (10.0.2, 10.0.225.61305), X64 RyuJIT x86-64-v3; GC = Concurrent Workstation
Mean = 2.743 ns, StdErr = 0.009 ns (0.33%), N = 13, StdDev = 0.033 ns
Min = 2.709 ns, Q1 = 2.717 ns, Median = 2.733 ns, Q3 = 2.759 ns, Max = 2.797 ns
IQR = 0.042 ns, LowerFence = 2.654 ns, UpperFence = 2.822 ns
ConfidenceInterval = [2.704 ns; 2.782 ns] (CI 99.9%), Margin = 0.039 ns (1.42% of Mean)
Skewness = 0.57, Kurtosis = 1.64, MValue = 2
-------------------- Histogram --------------------
[2.696 ns ; 2.815 ns) | @@@@@@@@@@@@@
---------------------------------------------------

Scenario1.B_FluentResults_Result_Fail_WithErrorMessage: .NET 10.0(Runtime=.NET 10.0, IterationTime=250ms) [Iterations=10]
Runtime = .NET 10.0.2 (10.0.2, 10.0.225.61305), X64 RyuJIT x86-64-v3; GC = Concurrent Workstation
Mean = 223.630 ns, StdErr = 1.047 ns (0.47%), N = 16, StdDev = 4.188 ns
Min = 219.870 ns, Q1 = 220.399 ns, Median = 221.729 ns, Q3 = 225.522 ns, Max = 232.778 ns
IQR = 5.124 ns, LowerFence = 212.713 ns, UpperFence = 233.208 ns
ConfidenceInterval = [219.365 ns; 227.894 ns] (CI 99.9%), Margin = 4.264 ns (1.91% of Mean)
Skewness = 0.93, Kurtosis = 2.33, MValue = 2
-------------------- Histogram --------------------
[219.605 ns ; 226.954 ns) | @@@@@@@@@@@@
[226.954 ns ; 234.960 ns) | @@@@
---------------------------------------------------

Scenario1.E_Rascal_Result_Fail_WithErrorMessage: .NET 10.0(Runtime=.NET 10.0, IterationTime=250ms) [Iterations=10]
Runtime = .NET 10.0.2 (10.0.2, 10.0.225.61305), X64 RyuJIT x86-64-v3; GC = Concurrent Workstation
Mean = 2.471 ns, StdErr = 0.003 ns (0.11%), N = 14, StdDev = 0.010 ns
Min = 2.459 ns, Q1 = 2.463 ns, Median = 2.467 ns, Q3 = 2.478 ns, Max = 2.494 ns
IQR = 0.015 ns, LowerFence = 2.440 ns, UpperFence = 2.501 ns
ConfidenceInterval = [2.460 ns; 2.483 ns] (CI 99.9%), Margin = 0.012 ns (0.47% of Mean)
Skewness = 0.65, Kurtosis = 2.13, MValue = 2
-------------------- Histogram --------------------
[2.454 ns ; 2.499 ns) | @@@@@@@@@@@@@@
---------------------------------------------------

Scenario1.D_SimpleResults_Result_Fail_WithErrorMessage: .NET 10.0(Runtime=.NET 10.0, IterationTime=250ms) [Iterations=10]
Runtime = .NET 10.0.2 (10.0.2, 10.0.225.61305), X64 RyuJIT x86-64-v3; GC = Concurrent Workstation
Mean = 319.878 ns, StdErr = 0.623 ns (0.19%), N = 15, StdDev = 2.412 ns
Min = 316.569 ns, Q1 = 318.500 ns, Median = 318.999 ns, Q3 = 321.401 ns, Max = 325.290 ns
IQR = 2.901 ns, LowerFence = 314.148 ns, UpperFence = 325.753 ns
ConfidenceInterval = [317.300 ns; 322.456 ns] (CI 99.9%), Margin = 2.578 ns (0.81% of Mean)
Skewness = 0.64, Kurtosis = 2.48, MValue = 2
-------------------- Histogram --------------------
[315.285 ns ; 326.573 ns) | @@@@@@@@@@@@@@@
---------------------------------------------------

Scenario1.C_ArdalisResult_Result_FailTValue: .NET 10.0(Runtime=.NET 10.0, IterationTime=250ms) [Iterations=10]
Runtime = .NET 10.0.2 (10.0.2, 10.0.225.61305), X64 RyuJIT x86-64-v3; GC = Concurrent Workstation
Mean = 60.771 ns, StdErr = 0.351 ns (0.58%), N = 40, StdDev = 2.219 ns
Min = 57.470 ns, Q1 = 59.017 ns, Median = 60.418 ns, Q3 = 62.357 ns, Max = 65.716 ns
IQR = 3.340 ns, LowerFence = 54.008 ns, UpperFence = 67.366 ns
ConfidenceInterval = [59.523 ns; 62.020 ns] (CI 99.9%), Margin = 1.248 ns (2.05% of Mean)
Skewness = 0.45, Kurtosis = 2.15, MValue = 2
-------------------- Histogram --------------------
[56.619 ns ; 58.246 ns) | @@@@
[58.246 ns ; 59.949 ns) | @@@@@@@@@@@@@@
[59.949 ns ; 62.370 ns) | @@@@@@@@@@@@
[62.370 ns ; 64.136 ns) | @@@@@
[64.136 ns ; 65.839 ns) | @@@@@
---------------------------------------------------

Scenario1.A_EnumerationsOptions_Result_FailTValue: .NET 10.0(Runtime=.NET 10.0, IterationTime=250ms) [Iterations=10]
Runtime = .NET 10.0.2 (10.0.2, 10.0.225.61305), X64 RyuJIT x86-64-v3; GC = Concurrent Workstation
Mean = 80.241 ns, StdErr = 0.261 ns (0.32%), N = 13, StdDev = 0.940 ns
Min = 78.151 ns, Q1 = 79.678 ns, Median = 80.307 ns, Q3 = 80.837 ns, Max = 81.590 ns
IQR = 1.159 ns, LowerFence = 77.939 ns, UpperFence = 82.576 ns
ConfidenceInterval = [79.115 ns; 81.367 ns] (CI 99.9%), Margin = 1.126 ns (1.40% of Mean)
Skewness = -0.5, Kurtosis = 2.58, MValue = 2
-------------------- Histogram --------------------
[77.627 ns ; 79.599 ns) | @@@
[79.599 ns ; 82.115 ns) | @@@@@@@@@@
---------------------------------------------------

Scenario1.B_FluentResults_Result_FailTValue: .NET 10.0(Runtime=.NET 10.0, IterationTime=250ms) [Iterations=10]
Runtime = .NET 10.0.2 (10.0.2, 10.0.225.61305), X64 RyuJIT x86-64-v3; GC = Concurrent Workstation
Mean = 318.340 ns, StdErr = 0.819 ns (0.26%), N = 15, StdDev = 3.171 ns
Min = 315.199 ns, Q1 = 315.784 ns, Median = 317.153 ns, Q3 = 319.606 ns, Max = 325.022 ns
IQR = 3.822 ns, LowerFence = 310.051 ns, UpperFence = 325.339 ns
ConfidenceInterval = [314.949 ns; 321.730 ns] (CI 99.9%), Margin = 3.390 ns (1.06% of Mean)
Skewness = 0.9, Kurtosis = 2.5, MValue = 2
-------------------- Histogram --------------------
[313.512 ns ; 326.710 ns) | @@@@@@@@@@@@@@@
---------------------------------------------------

Scenario1.E_Rascal_Result_FailTValue: .NET 10.0(Runtime=.NET 10.0, IterationTime=250ms) [Iterations=10]
Runtime = .NET 10.0.2 (10.0.2, 10.0.225.61305), X64 RyuJIT x86-64-v3; GC = Concurrent Workstation
Mean = 48.435 ns, StdErr = 0.150 ns (0.31%), N = 14, StdDev = 0.560 ns
Min = 47.679 ns, Q1 = 48.099 ns, Median = 48.310 ns, Q3 = 48.548 ns, Max = 49.670 ns
IQR = 0.448 ns, LowerFence = 47.426 ns, UpperFence = 49.220 ns
ConfidenceInterval = [47.803 ns; 49.066 ns] (CI 99.9%), Margin = 0.632 ns (1.30% of Mean)
Skewness = 0.84, Kurtosis = 2.61, MValue = 2
-------------------- Histogram --------------------
[47.616 ns ; 49.863 ns) | @@@@@@@@@@@@@@
---------------------------------------------------

Scenario1.D_SimpleResults_Result_FailTValue: .NET 10.0(Runtime=.NET 10.0, IterationTime=250ms) [Iterations=10]
Runtime = .NET 10.0.2 (10.0.2, 10.0.225.61305), X64 RyuJIT x86-64-v3; GC = Concurrent Workstation
Mean = 1.050 μs, StdErr = 0.001 μs (0.09%), N = 14, StdDev = 0.004 μs
Min = 1.044 μs, Q1 = 1.047 μs, Median = 1.050 μs, Q3 = 1.051 μs, Max = 1.057 μs
IQR = 0.004 μs, LowerFence = 1.040 μs, UpperFence = 1.057 μs
ConfidenceInterval = [1.046 μs; 1.054 μs] (CI 99.9%), Margin = 0.004 μs (0.40% of Mean)
Skewness = 0.57, Kurtosis = 2.47, MValue = 2
-------------------- Histogram --------------------
[1.042 μs ; 1.059 μs) | @@@@@@@@@@@@@@
---------------------------------------------------

Scenario1.C_ArdalisResult_Result_FailTValue_WithErrorMessage: .NET 10.0(Runtime=.NET 10.0, IterationTime=250ms) [Iterations=10]
Runtime = .NET 10.0.2 (10.0.2, 10.0.225.61305), X64 RyuJIT x86-64-v3; GC = Concurrent Workstation
Mean = 88.332 ns, StdErr = 0.282 ns (0.32%), N = 13, StdDev = 1.018 ns
Min = 85.988 ns, Q1 = 87.832 ns, Median = 88.620 ns, Q3 = 88.754 ns, Max = 90.354 ns
IQR = 0.922 ns, LowerFence = 86.449 ns, UpperFence = 90.136 ns
ConfidenceInterval = [87.114 ns; 89.551 ns] (CI 99.9%), Margin = 1.219 ns (1.38% of Mean)
Skewness = -0.36, Kurtosis = 3.44, MValue = 2
-------------------- Histogram --------------------
[85.420 ns ; 87.493 ns) | @
[87.493 ns ; 90.922 ns) | @@@@@@@@@@@@
---------------------------------------------------

Scenario1.A_EnumerationsOptions_Result_FailTValue_WithErrorMessage: .NET 10.0(Runtime=.NET 10.0, IterationTime=250ms) [Iterations=10]
Runtime = .NET 10.0.2 (10.0.2, 10.0.225.61305), X64 RyuJIT x86-64-v3; GC = Concurrent Workstation
Mean = 38.993 ns, StdErr = 0.058 ns (0.15%), N = 15, StdDev = 0.224 ns
Min = 38.694 ns, Q1 = 38.819 ns, Median = 38.989 ns, Q3 = 39.100 ns, Max = 39.491 ns
IQR = 0.281 ns, LowerFence = 38.397 ns, UpperFence = 39.522 ns
ConfidenceInterval = [38.754 ns; 39.232 ns] (CI 99.9%), Margin = 0.239 ns (0.61% of Mean)
Skewness = 0.61, Kurtosis = 2.4, MValue = 2
-------------------- Histogram --------------------
[38.575 ns ; 39.611 ns) | @@@@@@@@@@@@@@@
---------------------------------------------------

Scenario1.B_FluentResults_Result_FailTValue_WithErrorMessage: .NET 10.0(Runtime=.NET 10.0, IterationTime=250ms) [Iterations=10]
Runtime = .NET 10.0.2 (10.0.2, 10.0.225.61305), X64 RyuJIT x86-64-v3; GC = Concurrent Workstation
Mean = 191.104 ns, StdErr = 0.379 ns (0.20%), N = 14, StdDev = 1.417 ns
Min = 189.192 ns, Q1 = 189.953 ns, Median = 190.722 ns, Q3 = 192.121 ns, Max = 193.440 ns
IQR = 2.167 ns, LowerFence = 186.702 ns, UpperFence = 195.372 ns
ConfidenceInterval = [189.506 ns; 192.702 ns] (CI 99.9%), Margin = 1.598 ns (0.84% of Mean)
Skewness = 0.33, Kurtosis = 1.59, MValue = 2
-------------------- Histogram --------------------
[188.421 ns ; 194.212 ns) | @@@@@@@@@@@@@@
---------------------------------------------------

Scenario1.E_Rascal_Result_FailTValue_WithErrorMessage: .NET 10.0(Runtime=.NET 10.0, IterationTime=250ms) [Iterations=10]
Runtime = .NET 10.0.2 (10.0.2, 10.0.225.61305), X64 RyuJIT x86-64-v3; GC = Concurrent Workstation
Mean = 3.093 ns, StdErr = 0.023 ns (0.74%), N = 21, StdDev = 0.106 ns
Min = 2.783 ns, Q1 = 3.075 ns, Median = 3.112 ns, Q3 = 3.157 ns, Max = 3.252 ns
IQR = 0.082 ns, LowerFence = 2.953 ns, UpperFence = 3.279 ns
ConfidenceInterval = [3.004 ns; 3.182 ns] (CI 99.9%), Margin = 0.089 ns (2.87% of Mean)
Skewness = -1.12, Kurtosis = 4.39, MValue = 2
-------------------- Histogram --------------------
[2.733 ns ; 2.833 ns) | @
[2.833 ns ; 2.944 ns) | 
[2.944 ns ; 3.044 ns) | @@@@
[3.044 ns ; 3.174 ns) | @@@@@@@@@@@@
[3.174 ns ; 3.267 ns) | @@@@
---------------------------------------------------

Scenario1.D_SimpleResults_Result_FailTValue_WithErrorMessage: .NET 10.0(Runtime=.NET 10.0, IterationTime=250ms) [Iterations=10]
Runtime = .NET 10.0.2 (10.0.2, 10.0.225.61305), X64 RyuJIT x86-64-v3; GC = Concurrent Workstation
Mean = 671.852 ns, StdErr = 0.949 ns (0.14%), N = 13, StdDev = 3.421 ns
Min = 666.715 ns, Q1 = 669.921 ns, Median = 671.235 ns, Q3 = 673.646 ns, Max = 680.279 ns
IQR = 3.725 ns, LowerFence = 664.333 ns, UpperFence = 679.234 ns
ConfidenceInterval = [667.755 ns; 675.948 ns] (CI 99.9%), Margin = 4.096 ns (0.61% of Mean)
Skewness = 0.94, Kurtosis = 3.42, MValue = 2
-------------------- Histogram --------------------
[664.805 ns ; 682.189 ns) | @@@@@@@@@@@@@
---------------------------------------------------

Scenario1.C_ArdalisResult_Result_Ok_ToString: .NET 10.0(Runtime=.NET 10.0, IterationTime=250ms) [Iterations=10]
Runtime = .NET 10.0.2 (10.0.2, 10.0.225.61305), X64 RyuJIT x86-64-v3; GC = Concurrent Workstation
Mean = 7.455 ns, StdErr = 0.038 ns (0.51%), N = 14, StdDev = 0.144 ns
Min = 7.328 ns, Q1 = 7.352 ns, Median = 7.391 ns, Q3 = 7.549 ns, Max = 7.771 ns
IQR = 0.197 ns, LowerFence = 7.056 ns, UpperFence = 7.844 ns
ConfidenceInterval = [7.293 ns; 7.617 ns] (CI 99.9%), Margin = 0.162 ns (2.17% of Mean)
Skewness = 0.93, Kurtosis = 2.31, MValue = 2
-------------------- Histogram --------------------
[7.307 ns ; 7.537 ns) | @@@@@@@@@@
[7.537 ns ; 7.693 ns) | @@@
[7.693 ns ; 7.850 ns) | @
---------------------------------------------------

Scenario1.A_EnumerationsOptions_Result_Ok_ToString: .NET 10.0(Runtime=.NET 10.0, IterationTime=250ms) [Iterations=10]
Runtime = .NET 10.0.2 (10.0.2, 10.0.225.61305), X64 RyuJIT x86-64-v3; GC = Concurrent Workstation
Mean = 7.369 ns, StdErr = 0.027 ns (0.37%), N = 13, StdDev = 0.098 ns
Min = 7.291 ns, Q1 = 7.315 ns, Median = 7.322 ns, Q3 = 7.380 ns, Max = 7.602 ns
IQR = 0.066 ns, LowerFence = 7.216 ns, UpperFence = 7.479 ns
ConfidenceInterval = [7.252 ns; 7.486 ns] (CI 99.9%), Margin = 0.117 ns (1.59% of Mean)
Skewness = 1.31, Kurtosis = 3.21, MValue = 2
-------------------- Histogram --------------------
[7.262 ns ; 7.645 ns) | @@@@@@@@@@@@@
---------------------------------------------------

Scenario1.B_FluentResults_Result_Ok_ToString: .NET 10.0(Runtime=.NET 10.0, IterationTime=250ms) [Iterations=10]
Runtime = .NET 10.0.2 (10.0.2, 10.0.225.61305), X64 RyuJIT x86-64-v3; GC = Concurrent Workstation
Mean = 399.564 ns, StdErr = 0.813 ns (0.20%), N = 14, StdDev = 3.042 ns
Min = 395.045 ns, Q1 = 397.056 ns, Median = 399.197 ns, Q3 = 401.656 ns, Max = 405.663 ns
IQR = 4.600 ns, LowerFence = 390.156 ns, UpperFence = 408.555 ns
ConfidenceInterval = [396.133 ns; 402.995 ns] (CI 99.9%), Margin = 3.431 ns (0.86% of Mean)
Skewness = 0.29, Kurtosis = 2, MValue = 2
-------------------- Histogram --------------------
[393.389 ns ; 407.319 ns) | @@@@@@@@@@@@@@
---------------------------------------------------

Scenario1.E_Rascal_Result_Ok_ToString: .NET 10.0(Runtime=.NET 10.0, IterationTime=250ms) [Iterations=10]
Runtime = .NET 10.0.2 (10.0.2, 10.0.225.61305), X64 RyuJIT x86-64-v3; GC = Concurrent Workstation
Mean = 169.471 ns, StdErr = 0.470 ns (0.28%), N = 13, StdDev = 1.695 ns
Min = 167.413 ns, Q1 = 168.492 ns, Median = 168.938 ns, Q3 = 169.784 ns, Max = 174.010 ns
IQR = 1.292 ns, LowerFence = 166.554 ns, UpperFence = 171.723 ns
ConfidenceInterval = [167.441 ns; 171.501 ns] (CI 99.9%), Margin = 2.030 ns (1.20% of Mean)
Skewness = 1.34, Kurtosis = 4.27, MValue = 2
-------------------- Histogram --------------------
[167.224 ns ; 174.956 ns) | @@@@@@@@@@@@@
---------------------------------------------------

Scenario1.D_SimpleResults_Result_Ok_ToString: .NET 10.0(Runtime=.NET 10.0, IterationTime=250ms) [Iterations=10]
Runtime = .NET 10.0.2 (10.0.2, 10.0.225.61305), X64 RyuJIT x86-64-v3; GC = Concurrent Workstation
Mean = 7.406 ns, StdErr = 0.018 ns (0.24%), N = 13, StdDev = 0.065 ns
Min = 7.301 ns, Q1 = 7.346 ns, Median = 7.402 ns, Q3 = 7.465 ns, Max = 7.505 ns
IQR = 0.119 ns, LowerFence = 7.167 ns, UpperFence = 7.644 ns
ConfidenceInterval = [7.328 ns; 7.483 ns] (CI 99.9%), Margin = 0.077 ns (1.05% of Mean)
Skewness = -0.08, Kurtosis = 1.5, MValue = 2
-------------------- Histogram --------------------
[7.265 ns ; 7.506 ns) | @@@@@@@@@@@@@
---------------------------------------------------

Scenario1.C_ArdalisResult_Result_OkTValue_ToString: .NET 10.0(Runtime=.NET 10.0, IterationTime=250ms) [Iterations=10]
Runtime = .NET 10.0.2 (10.0.2, 10.0.225.61305), X64 RyuJIT x86-64-v3; GC = Concurrent Workstation
Mean = 7.328 ns, StdErr = 0.009 ns (0.13%), N = 14, StdDev = 0.035 ns
Min = 7.286 ns, Q1 = 7.304 ns, Median = 7.322 ns, Q3 = 7.342 ns, Max = 7.402 ns
IQR = 0.039 ns, LowerFence = 7.246 ns, UpperFence = 7.400 ns
ConfidenceInterval = [7.289 ns; 7.368 ns] (CI 99.9%), Margin = 0.040 ns (0.54% of Mean)
Skewness = 0.82, Kurtosis = 2.62, MValue = 2
-------------------- Histogram --------------------
[7.267 ns ; 7.421 ns) | @@@@@@@@@@@@@@
---------------------------------------------------

Scenario1.A_EnumerationsOptions_Result_OkTValue_ToString: .NET 10.0(Runtime=.NET 10.0, IterationTime=250ms) [Iterations=10]
Runtime = .NET 10.0.2 (10.0.2, 10.0.225.61305), X64 RyuJIT x86-64-v3; GC = Concurrent Workstation
Mean = 36.408 ns, StdErr = 0.019 ns (0.05%), N = 13, StdDev = 0.068 ns
Min = 36.340 ns, Q1 = 36.367 ns, Median = 36.388 ns, Q3 = 36.413 ns, Max = 36.593 ns
IQR = 0.046 ns, LowerFence = 36.299 ns, UpperFence = 36.482 ns
ConfidenceInterval = [36.327 ns; 36.490 ns] (CI 99.9%), Margin = 0.081 ns (0.22% of Mean)
Skewness = 1.51, Kurtosis = 4.51, MValue = 2
-------------------- Histogram --------------------
[36.302 ns ; 36.631 ns) | @@@@@@@@@@@@@
---------------------------------------------------

Scenario1.B_FluentResults_Result_OkTValue_ToString: .NET 10.0(Runtime=.NET 10.0, IterationTime=250ms) [Iterations=10]
Runtime = .NET 10.0.2 (10.0.2, 10.0.225.61305), X64 RyuJIT x86-64-v3; GC = Concurrent Workstation
Mean = 693.058 ns, StdErr = 0.623 ns (0.09%), N = 13, StdDev = 2.245 ns
Min = 690.082 ns, Q1 = 691.632 ns, Median = 693.288 ns, Q3 = 693.707 ns, Max = 697.065 ns
IQR = 2.075 ns, LowerFence = 688.520 ns, UpperFence = 696.819 ns
ConfidenceInterval = [690.370 ns; 695.747 ns] (CI 99.9%), Margin = 2.688 ns (0.39% of Mean)
Skewness = 0.41, Kurtosis = 1.75, MValue = 2
-------------------- Histogram --------------------
[688.829 ns ; 698.318 ns) | @@@@@@@@@@@@@
---------------------------------------------------

Scenario1.E_Rascal_Result_OkTValue_ToString: .NET 10.0(Runtime=.NET 10.0, IterationTime=250ms) [Iterations=10]
Runtime = .NET 10.0.2 (10.0.2, 10.0.225.61305), X64 RyuJIT x86-64-v3; GC = Concurrent Workstation
Mean = 249.023 ns, StdErr = 0.367 ns (0.15%), N = 13, StdDev = 1.324 ns
Min = 246.715 ns, Q1 = 248.277 ns, Median = 249.639 ns, Q3 = 250.163 ns, Max = 250.502 ns
IQR = 1.885 ns, LowerFence = 245.449 ns, UpperFence = 252.991 ns
ConfidenceInterval = [247.437 ns; 250.609 ns] (CI 99.9%), Margin = 1.586 ns (0.64% of Mean)
Skewness = -0.46, Kurtosis = 1.6, MValue = 2
-------------------- Histogram --------------------
[245.975 ns ; 251.242 ns) | @@@@@@@@@@@@@
---------------------------------------------------

Scenario1.D_SimpleResults_Result_OkTValue_ToString: .NET 10.0(Runtime=.NET 10.0, IterationTime=250ms) [Iterations=10]
Runtime = .NET 10.0.2 (10.0.2, 10.0.225.61305), X64 RyuJIT x86-64-v3; GC = Concurrent Workstation
Mean = 6.447 ns, StdErr = 0.019 ns (0.29%), N = 15, StdDev = 0.073 ns
Min = 6.341 ns, Q1 = 6.390 ns, Median = 6.465 ns, Q3 = 6.499 ns, Max = 6.566 ns
IQR = 0.110 ns, LowerFence = 6.225 ns, UpperFence = 6.664 ns
ConfidenceInterval = [6.369 ns; 6.525 ns] (CI 99.9%), Margin = 0.078 ns (1.21% of Mean)
Skewness = -0.07, Kurtosis = 1.57, MValue = 2
-------------------- Histogram --------------------
[6.313 ns ; 6.605 ns) | @@@@@@@@@@@@@@@
---------------------------------------------------

Scenario1.C_ArdalisResult_Result_Fail_ToString: .NET 10.0(Runtime=.NET 10.0, IterationTime=250ms) [Iterations=10]
Runtime = .NET 10.0.2 (10.0.2, 10.0.225.61305), X64 RyuJIT x86-64-v3; GC = Concurrent Workstation
Mean = 7.397 ns, StdErr = 0.029 ns (0.39%), N = 14, StdDev = 0.107 ns
Min = 7.298 ns, Q1 = 7.306 ns, Median = 7.344 ns, Q3 = 7.443 ns, Max = 7.645 ns
IQR = 0.137 ns, LowerFence = 7.101 ns, UpperFence = 7.648 ns
ConfidenceInterval = [7.275 ns; 7.518 ns] (CI 99.9%), Margin = 0.121 ns (1.64% of Mean)
Skewness = 0.86, Kurtosis = 2.54, MValue = 2
-------------------- Histogram --------------------
[7.239 ns ; 7.396 ns) | @@@@@@@@
[7.396 ns ; 7.703 ns) | @@@@@@
---------------------------------------------------

Scenario1.A_EnumerationsOptions_Result_Fail_ToString: .NET 10.0(Runtime=.NET 10.0, IterationTime=250ms) [Iterations=10]
Runtime = .NET 10.0.2 (10.0.2, 10.0.225.61305), X64 RyuJIT x86-64-v3; GC = Concurrent Workstation
Mean = 1.980 μs, StdErr = 0.005 μs (0.25%), N = 14, StdDev = 0.019 μs
Min = 1.961 μs, Q1 = 1.966 μs, Median = 1.973 μs, Q3 = 1.986 μs, Max = 2.021 μs
IQR = 0.020 μs, LowerFence = 1.937 μs, UpperFence = 2.016 μs
ConfidenceInterval = [1.959 μs; 2.001 μs] (CI 99.9%), Margin = 0.021 μs (1.07% of Mean)
Skewness = 1.01, Kurtosis = 2.71, MValue = 2
-------------------- Histogram --------------------
[1.951 μs ; 2.031 μs) | @@@@@@@@@@@@@@
---------------------------------------------------

Scenario1.B_FluentResults_Result_Fail_ToString: .NET 10.0(Runtime=.NET 10.0, IterationTime=250ms) [Iterations=10]
Runtime = .NET 10.0.2 (10.0.2, 10.0.225.61305), X64 RyuJIT x86-64-v3; GC = Concurrent Workstation
Mean = 1.511 μs, StdErr = 0.002 μs (0.15%), N = 12, StdDev = 0.008 μs
Min = 1.490 μs, Q1 = 1.509 μs, Median = 1.513 μs, Q3 = 1.516 μs, Max = 1.521 μs
IQR = 0.007 μs, LowerFence = 1.499 μs, UpperFence = 1.526 μs
ConfidenceInterval = [1.501 μs; 1.521 μs] (CI 99.9%), Margin = 0.010 μs (0.67% of Mean)
Skewness = -1.49, Kurtosis = 4.78, MValue = 2
-------------------- Histogram --------------------
[1.485 μs ; 1.525 μs) | @@@@@@@@@@@@
---------------------------------------------------

Scenario1.E_Rascal_Result_Fail_ToString: .NET 10.0(Runtime=.NET 10.0, IterationTime=250ms) [Iterations=10]
Runtime = .NET 10.0.2 (10.0.2, 10.0.225.61305), X64 RyuJIT x86-64-v3; GC = Concurrent Workstation
Mean = 204.433 ns, StdErr = 1.569 ns (0.77%), N = 96, StdDev = 15.378 ns
Min = 184.605 ns, Q1 = 192.068 ns, Median = 200.496 ns, Q3 = 212.633 ns, Max = 247.737 ns
IQR = 20.565 ns, LowerFence = 161.221 ns, UpperFence = 243.481 ns
ConfidenceInterval = [199.103 ns; 209.762 ns] (CI 99.9%), Margin = 5.330 ns (2.61% of Mean)
Skewness = 0.91, Kurtosis = 3.04, MValue = 2
-------------------- Histogram --------------------
[180.197 ns ; 186.293 ns) | @@@
[186.293 ns ; 195.109 ns) | @@@@@@@@@@@@@@@@@@@@@@@@@@@@@@@
[195.109 ns ; 206.301 ns) | @@@@@@@@@@@@@@@@@@@@@@@@@@@
[206.301 ns ; 215.961 ns) | @@@@@@@@@@@@@@@@
[215.961 ns ; 228.331 ns) | @@@@@@@@@@
[228.331 ns ; 240.990 ns) | @@@@@@@
[240.990 ns ; 249.835 ns) | @@
---------------------------------------------------

Scenario1.D_SimpleResults_Result_Fail_ToString: .NET 10.0(Runtime=.NET 10.0, IterationTime=250ms) [Iterations=10]
Runtime = .NET 10.0.2 (10.0.2, 10.0.225.61305), X64 RyuJIT x86-64-v3; GC = Concurrent Workstation
Mean = 7.432 ns, StdErr = 0.015 ns (0.20%), N = 14, StdDev = 0.057 ns
Min = 7.349 ns, Q1 = 7.395 ns, Median = 7.428 ns, Q3 = 7.466 ns, Max = 7.519 ns
IQR = 0.071 ns, LowerFence = 7.288 ns, UpperFence = 7.573 ns
ConfidenceInterval = [7.368 ns; 7.496 ns] (CI 99.9%), Margin = 0.064 ns (0.86% of Mean)
Skewness = 0.27, Kurtosis = 1.7, MValue = 2
-------------------- Histogram --------------------
[7.344 ns ; 7.550 ns) | @@@@@@@@@@@@@@
---------------------------------------------------

Scenario1.C_ArdalisResult_Result_Fail_WithErrorMessage_ToString: .NET 10.0(Runtime=.NET 10.0, IterationTime=250ms) [Iterations=10]
Runtime = .NET 10.0.2 (10.0.2, 10.0.225.61305), X64 RyuJIT x86-64-v3; GC = Concurrent Workstation
Mean = 7.424 ns, StdErr = 0.024 ns (0.32%), N = 14, StdDev = 0.090 ns
Min = 7.281 ns, Q1 = 7.366 ns, Median = 7.421 ns, Q3 = 7.467 ns, Max = 7.581 ns
IQR = 0.100 ns, LowerFence = 7.216 ns, UpperFence = 7.617 ns
ConfidenceInterval = [7.323 ns; 7.525 ns] (CI 99.9%), Margin = 0.101 ns (1.36% of Mean)
Skewness = 0.3, Kurtosis = 2.05, MValue = 2
-------------------- Histogram --------------------
[7.232 ns ; 7.472 ns) | @@@@@@@@@@
[7.472 ns ; 7.630 ns) | @@@@
---------------------------------------------------

Scenario1.A_EnumerationsOptions_Result_Fail_WithErrorMessage_ToString: .NET 10.0(Runtime=.NET 10.0, IterationTime=250ms) [Iterations=10]
Runtime = .NET 10.0.2 (10.0.2, 10.0.225.61305), X64 RyuJIT x86-64-v3; GC = Concurrent Workstation
Mean = 883.451 ns, StdErr = 4.063 ns (0.46%), N = 14, StdDev = 15.202 ns
Min = 864.989 ns, Q1 = 872.979 ns, Median = 878.247 ns, Q3 = 888.047 ns, Max = 916.155 ns
IQR = 15.068 ns, LowerFence = 850.377 ns, UpperFence = 910.649 ns
ConfidenceInterval = [866.302 ns; 900.599 ns] (CI 99.9%), Margin = 17.148 ns (1.94% of Mean)
Skewness = 0.93, Kurtosis = 2.62, MValue = 2
-------------------- Histogram --------------------
[856.710 ns ; 889.119 ns) | @@@@@@@@@@@
[889.119 ns ; 924.433 ns) | @@@
---------------------------------------------------

Scenario1.B_FluentResults_Result_Fail_WithErrorMessage_ToString: .NET 10.0(Runtime=.NET 10.0, IterationTime=250ms) [Iterations=10]
Runtime = .NET 10.0.2 (10.0.2, 10.0.225.61305), X64 RyuJIT x86-64-v3; GC = Concurrent Workstation
Mean = 2.364 μs, StdErr = 0.013 μs (0.56%), N = 45, StdDev = 0.090 μs
Min = 2.236 μs, Q1 = 2.294 μs, Median = 2.329 μs, Q3 = 2.434 μs, Max = 2.578 μs
IQR = 0.140 μs, LowerFence = 2.083 μs, UpperFence = 2.645 μs
ConfidenceInterval = [2.317 μs; 2.411 μs] (CI 99.9%), Margin = 0.047 μs (1.99% of Mean)
Skewness = 0.59, Kurtosis = 2.24, MValue = 2.7
-------------------- Histogram --------------------
[2.203 μs ; 2.264 μs) | @@@
[2.264 μs ; 2.331 μs) | @@@@@@@@@@@@@@@@@@@@
[2.331 μs ; 2.392 μs) | @@@@
[2.392 μs ; 2.458 μs) | @@@@@@@@@@@
[2.458 μs ; 2.537 μs) | @@@@@
[2.537 μs ; 2.611 μs) | @@
---------------------------------------------------

Scenario1.E_Rascal_Result_Fail_WithErrorMessage_ToString: .NET 10.0(Runtime=.NET 10.0, IterationTime=250ms) [Iterations=10]
Runtime = .NET 10.0.2 (10.0.2, 10.0.225.61305), X64 RyuJIT x86-64-v3; GC = Concurrent Workstation
Mean = 235.104 ns, StdErr = 0.706 ns (0.30%), N = 14, StdDev = 2.643 ns
Min = 227.563 ns, Q1 = 234.234 ns, Median = 235.129 ns, Q3 = 236.769 ns, Max = 238.605 ns
IQR = 2.535 ns, LowerFence = 230.431 ns, UpperFence = 240.572 ns
ConfidenceInterval = [232.122 ns; 238.086 ns] (CI 99.9%), Margin = 2.982 ns (1.27% of Mean)
Skewness = -1.36, Kurtosis = 5.1, MValue = 2
-------------------- Histogram --------------------
[226.123 ns ; 232.744 ns) | @
[232.744 ns ; 240.045 ns) | @@@@@@@@@@@@@
---------------------------------------------------

Scenario1.D_SimpleResults_Result_Fail_WithErrorMessage_ToString: .NET 10.0(Runtime=.NET 10.0, IterationTime=250ms) [Iterations=10]
Runtime = .NET 10.0.2 (10.0.2, 10.0.225.61305), X64 RyuJIT x86-64-v3; GC = Concurrent Workstation
Mean = 7.350 ns, StdErr = 0.020 ns (0.27%), N = 15, StdDev = 0.076 ns
Min = 7.252 ns, Q1 = 7.284 ns, Median = 7.325 ns, Q3 = 7.407 ns, Max = 7.483 ns
IQR = 0.123 ns, LowerFence = 7.100 ns, UpperFence = 7.591 ns
ConfidenceInterval = [7.269 ns; 7.431 ns] (CI 99.9%), Margin = 0.081 ns (1.10% of Mean)
Skewness = 0.27, Kurtosis = 1.47, MValue = 2
-------------------- Histogram --------------------
[7.212 ns ; 7.492 ns) | @@@@@@@@@@@@@@@
---------------------------------------------------

Scenario1.C_ArdalisResult_Result_FailTValue_ToString: .NET 10.0(Runtime=.NET 10.0, IterationTime=250ms) [Iterations=10]
Runtime = .NET 10.0.2 (10.0.2, 10.0.225.61305), X64 RyuJIT x86-64-v3; GC = Concurrent Workstation
Mean = 7.392 ns, StdErr = 0.023 ns (0.30%), N = 15, StdDev = 0.087 ns
Min = 7.308 ns, Q1 = 7.320 ns, Median = 7.374 ns, Q3 = 7.467 ns, Max = 7.569 ns
IQR = 0.146 ns, LowerFence = 7.101 ns, UpperFence = 7.686 ns
ConfidenceInterval = [7.299 ns; 7.485 ns] (CI 99.9%), Margin = 0.093 ns (1.26% of Mean)
Skewness = 0.62, Kurtosis = 1.81, MValue = 2
-------------------- Histogram --------------------
[7.278 ns ; 7.615 ns) | @@@@@@@@@@@@@@@
---------------------------------------------------

Scenario1.A_EnumerationsOptions_Result_FailTValue_ToString: .NET 10.0(Runtime=.NET 10.0, IterationTime=250ms) [Iterations=10]
Runtime = .NET 10.0.2 (10.0.2, 10.0.225.61305), X64 RyuJIT x86-64-v3; GC = Concurrent Workstation
Mean = 2.148 μs, StdErr = 0.004 μs (0.20%), N = 14, StdDev = 0.016 μs
Min = 2.122 μs, Q1 = 2.134 μs, Median = 2.150 μs, Q3 = 2.160 μs, Max = 2.170 μs
IQR = 0.027 μs, LowerFence = 2.094 μs, UpperFence = 2.200 μs
ConfidenceInterval = [2.130 μs; 2.166 μs] (CI 99.9%), Margin = 0.018 μs (0.83% of Mean)
Skewness = -0.15, Kurtosis = 1.42, MValue = 2
-------------------- Histogram --------------------
[2.114 μs ; 2.178 μs) | @@@@@@@@@@@@@@
---------------------------------------------------

Scenario1.B_FluentResults_Result_FailTValue_ToString: .NET 10.0(Runtime=.NET 10.0, IterationTime=250ms) [Iterations=10]
Runtime = .NET 10.0.2 (10.0.2, 10.0.225.61305), X64 RyuJIT x86-64-v3; GC = Concurrent Workstation
Mean = 1.976 μs, StdErr = 0.004 μs (0.18%), N = 14, StdDev = 0.014 μs
Min = 1.955 μs, Q1 = 1.966 μs, Median = 1.977 μs, Q3 = 1.983 μs, Max = 2.001 μs
IQR = 0.017 μs, LowerFence = 1.940 μs, UpperFence = 2.009 μs
ConfidenceInterval = [1.961 μs; 1.991 μs] (CI 99.9%), Margin = 0.015 μs (0.78% of Mean)
Skewness = 0.03, Kurtosis = 1.91, MValue = 2
-------------------- Histogram --------------------
[1.948 μs ; 2.008 μs) | @@@@@@@@@@@@@@
---------------------------------------------------

Scenario1.E_Rascal_Result_FailTValue_ToString: .NET 10.0(Runtime=.NET 10.0, IterationTime=250ms) [Iterations=10]
Runtime = .NET 10.0.2 (10.0.2, 10.0.225.61305), X64 RyuJIT x86-64-v3; GC = Concurrent Workstation
Mean = 186.168 ns, StdErr = 0.349 ns (0.19%), N = 12, StdDev = 1.209 ns
Min = 183.919 ns, Q1 = 185.142 ns, Median = 186.145 ns, Q3 = 187.136 ns, Max = 187.982 ns
IQR = 1.995 ns, LowerFence = 182.149 ns, UpperFence = 190.129 ns
ConfidenceInterval = [184.619 ns; 187.716 ns] (CI 99.9%), Margin = 1.548 ns (0.83% of Mean)
Skewness = -0.23, Kurtosis = 1.79, MValue = 2
-------------------- Histogram --------------------
[183.705 ns ; 188.676 ns) | @@@@@@@@@@@@
---------------------------------------------------

Scenario1.D_SimpleResults_Result_FailTValue_ToString: .NET 10.0(Runtime=.NET 10.0, IterationTime=250ms) [Iterations=10]
Runtime = .NET 10.0.2 (10.0.2, 10.0.225.61305), X64 RyuJIT x86-64-v3; GC = Concurrent Workstation
Mean = 7.481 ns, StdErr = 0.042 ns (0.56%), N = 15, StdDev = 0.163 ns
Min = 7.307 ns, Q1 = 7.364 ns, Median = 7.428 ns, Q3 = 7.593 ns, Max = 7.816 ns
IQR = 0.230 ns, LowerFence = 7.019 ns, UpperFence = 7.938 ns
ConfidenceInterval = [7.307 ns; 7.655 ns] (CI 99.9%), Margin = 0.174 ns (2.33% of Mean)
Skewness = 0.91, Kurtosis = 2.43, MValue = 2
-------------------- Histogram --------------------
[7.291 ns ; 7.465 ns) | @@@@@@@@@@
[7.465 ns ; 7.681 ns) | @@@
[7.681 ns ; 7.903 ns) | @@
---------------------------------------------------

Scenario1.C_ArdalisResult_Result_FailTValue_WithErrorMessage_ToString: .NET 10.0(Runtime=.NET 10.0, IterationTime=250ms) [Iterations=10]
Runtime = .NET 10.0.2 (10.0.2, 10.0.225.61305), X64 RyuJIT x86-64-v3; GC = Concurrent Workstation
Mean = 7.424 ns, StdErr = 0.025 ns (0.33%), N = 13, StdDev = 0.089 ns
Min = 7.333 ns, Q1 = 7.361 ns, Median = 7.407 ns, Q3 = 7.434 ns, Max = 7.655 ns
IQR = 0.073 ns, LowerFence = 7.252 ns, UpperFence = 7.543 ns
ConfidenceInterval = [7.317 ns; 7.531 ns] (CI 99.9%), Margin = 0.107 ns (1.44% of Mean)
Skewness = 1.24, Kurtosis = 3.76, MValue = 2
-------------------- Histogram --------------------
[7.314 ns ; 7.704 ns) | @@@@@@@@@@@@@
---------------------------------------------------

Scenario1.A_EnumerationsOptions_Result_FailTValue_WithErrorMessage_ToString: .NET 10.0(Runtime=.NET 10.0, IterationTime=250ms) [Iterations=10]
Runtime = .NET 10.0.2 (10.0.2, 10.0.225.61305), X64 RyuJIT x86-64-v3; GC = Concurrent Workstation
There are not any results runs

Scenario1.B_FluentResults_Result_FailTValue_WithErrorMessage_ToString: .NET 10.0(Runtime=.NET 10.0, IterationTime=250ms) [Iterations=10]
Runtime = .NET 10.0.2 (10.0.2, 10.0.225.61305), X64 RyuJIT x86-64-v3; GC = Concurrent Workstation
Mean = 2.827 μs, StdErr = 0.016 μs (0.58%), N = 59, StdDev = 0.125 μs
Min = 2.667 μs, Q1 = 2.726 μs, Median = 2.792 μs, Q3 = 2.902 μs, Max = 3.131 μs
IQR = 0.177 μs, LowerFence = 2.461 μs, UpperFence = 3.167 μs
ConfidenceInterval = [2.771 μs; 2.884 μs] (CI 99.9%), Margin = 0.056 μs (1.99% of Mean)
Skewness = 0.79, Kurtosis = 2.63, MValue = 2.78
-------------------- Histogram --------------------
[2.624 μs ; 2.695 μs) | @@@@@
[2.695 μs ; 2.779 μs) | @@@@@@@@@@@@@@@@@@@@@@@
[2.779 μs ; 2.851 μs) | @@@@@@
[2.851 μs ; 2.949 μs) | @@@@@@@@@@@@@@@
[2.949 μs ; 3.033 μs) | @@@@@
[3.033 μs ; 3.140 μs) | @@@@@
---------------------------------------------------

Scenario1.E_Rascal_Result_FailTValue_WithErrorMessage_ToString: .NET 10.0(Runtime=.NET 10.0, IterationTime=250ms) [Iterations=10]
Runtime = .NET 10.0.2 (10.0.2, 10.0.225.61305), X64 RyuJIT x86-64-v3; GC = Concurrent Workstation
Mean = 218.695 ns, StdErr = 0.991 ns (0.45%), N = 13, StdDev = 3.574 ns
Min = 211.291 ns, Q1 = 216.241 ns, Median = 219.412 ns, Q3 = 220.489 ns, Max = 224.213 ns
IQR = 4.248 ns, LowerFence = 209.869 ns, UpperFence = 226.862 ns
ConfidenceInterval = [214.415 ns; 222.975 ns] (CI 99.9%), Margin = 4.280 ns (1.96% of Mean)
Skewness = -0.29, Kurtosis = 2.2, MValue = 2
-------------------- Histogram --------------------
[209.296 ns ; 214.448 ns) | @
[214.448 ns ; 219.021 ns) | @@@@@
[219.021 ns ; 226.208 ns) | @@@@@@@
---------------------------------------------------

Scenario1.D_SimpleResults_Result_FailTValue_WithErrorMessage_ToString: .NET 10.0(Runtime=.NET 10.0, IterationTime=250ms) [Iterations=10]
Runtime = .NET 10.0.2 (10.0.2, 10.0.225.61305), X64 RyuJIT x86-64-v3; GC = Concurrent Workstation
Mean = 7.403 ns, StdErr = 0.016 ns (0.22%), N = 14, StdDev = 0.060 ns
Min = 7.324 ns, Q1 = 7.354 ns, Median = 7.396 ns, Q3 = 7.441 ns, Max = 7.508 ns
IQR = 0.087 ns, LowerFence = 7.223 ns, UpperFence = 7.571 ns
ConfidenceInterval = [7.335 ns; 7.471 ns] (CI 99.9%), Margin = 0.068 ns (0.91% of Mean)
Skewness = 0.24, Kurtosis = 1.51, MValue = 2
-------------------- Histogram --------------------
[7.292 ns ; 7.540 ns) | @@@@@@@@@@@@@@
---------------------------------------------------

Scenario1.C_ArdalisResult_Result_IsSuccess: .NET 10.0(Runtime=.NET 10.0, IterationTime=250ms) [Iterations=10]
Runtime = .NET 10.0.2 (10.0.2, 10.0.225.61305), X64 RyuJIT x86-64-v3; GC = Concurrent Workstation
Mean = 3.023 ns, StdErr = 0.002 ns (0.06%), N = 14, StdDev = 0.007 ns
Min = 3.013 ns, Q1 = 3.018 ns, Median = 3.022 ns, Q3 = 3.028 ns, Max = 3.036 ns
IQR = 0.011 ns, LowerFence = 3.002 ns, UpperFence = 3.044 ns
ConfidenceInterval = [3.015 ns; 3.031 ns] (CI 99.9%), Margin = 0.008 ns (0.26% of Mean)
Skewness = 0.15, Kurtosis = 1.68, MValue = 2
-------------------- Histogram --------------------
[3.009 ns ; 3.040 ns) | @@@@@@@@@@@@@@
---------------------------------------------------

Scenario1.A_EnumerationsOptions_Result_IsSuccess: .NET 10.0(Runtime=.NET 10.0, IterationTime=250ms) [Iterations=10]
Runtime = .NET 10.0.2 (10.0.2, 10.0.225.61305), X64 RyuJIT x86-64-v3; GC = Concurrent Workstation
Mean = 2.734 ns, StdErr = 0.003 ns (0.12%), N = 15, StdDev = 0.013 ns
Min = 2.717 ns, Q1 = 2.725 ns, Median = 2.732 ns, Q3 = 2.742 ns, Max = 2.760 ns
IQR = 0.016 ns, LowerFence = 2.701 ns, UpperFence = 2.766 ns
ConfidenceInterval = [2.720 ns; 2.748 ns] (CI 99.9%), Margin = 0.014 ns (0.51% of Mean)
Skewness = 0.52, Kurtosis = 1.95, MValue = 2
-------------------- Histogram --------------------
[2.710 ns ; 2.767 ns) | @@@@@@@@@@@@@@@
---------------------------------------------------

Scenario1.B_FluentResults_Result_IsSuccess: .NET 10.0(Runtime=.NET 10.0, IterationTime=250ms) [Iterations=10]
Runtime = .NET 10.0.2 (10.0.2, 10.0.225.61305), X64 RyuJIT x86-64-v3; GC = Concurrent Workstation
Mean = 79.293 ns, StdErr = 0.237 ns (0.30%), N = 14, StdDev = 0.886 ns
Min = 77.679 ns, Q1 = 78.721 ns, Median = 79.583 ns, Q3 = 79.759 ns, Max = 80.798 ns
IQR = 1.039 ns, LowerFence = 77.163 ns, UpperFence = 81.317 ns
ConfidenceInterval = [78.293 ns; 80.293 ns] (CI 99.9%), Margin = 1.000 ns (1.26% of Mean)
Skewness = -0.27, Kurtosis = 2.08, MValue = 2
-------------------- Histogram --------------------
[77.197 ns ; 81.281 ns) | @@@@@@@@@@@@@@
---------------------------------------------------

Scenario1.E_Rascal_Result_IsSuccess: .NET 10.0(Runtime=.NET 10.0, IterationTime=250ms) [Iterations=10]
Runtime = .NET 10.0.2 (10.0.2, 10.0.225.61305), X64 RyuJIT x86-64-v3; GC = Concurrent Workstation
Mean = 3.066 ns, StdErr = 0.022 ns (0.72%), N = 17, StdDev = 0.091 ns
Min = 2.891 ns, Q1 = 3.013 ns, Median = 3.057 ns, Q3 = 3.128 ns, Max = 3.252 ns
IQR = 0.114 ns, LowerFence = 2.842 ns, UpperFence = 3.299 ns
ConfidenceInterval = [2.977 ns; 3.154 ns] (CI 99.9%), Margin = 0.088 ns (2.89% of Mean)
Skewness = 0.1, Kurtosis = 2.32, MValue = 2
-------------------- Histogram --------------------
[2.887 ns ; 2.997 ns) | @@@
[2.997 ns ; 3.090 ns) | @@@@@@@
[3.090 ns ; 3.188 ns) | @@@@@@
[3.188 ns ; 3.298 ns) | @
---------------------------------------------------

Scenario1.D_SimpleResults_Result_IsSuccess: .NET 10.0(Runtime=.NET 10.0, IterationTime=250ms) [Iterations=10]
Runtime = .NET 10.0.2 (10.0.2, 10.0.225.61305), X64 RyuJIT x86-64-v3; GC = Concurrent Workstation
Mean = 3.070 ns, StdErr = 0.002 ns (0.06%), N = 12, StdDev = 0.006 ns
Min = 3.058 ns, Q1 = 3.067 ns, Median = 3.070 ns, Q3 = 3.075 ns, Max = 3.076 ns
IQR = 0.008 ns, LowerFence = 3.056 ns, UpperFence = 3.086 ns
ConfidenceInterval = [3.062 ns; 3.077 ns] (CI 99.9%), Margin = 0.008 ns (0.25% of Mean)
Skewness = -0.52, Kurtosis = 1.82, MValue = 2
-------------------- Histogram --------------------
[3.055 ns ; 3.080 ns) | @@@@@@@@@@@@
---------------------------------------------------

Scenario1.C_ArdalisResult_Result_Value: .NET 10.0(Runtime=.NET 10.0, IterationTime=250ms) [Iterations=10]
Runtime = .NET 10.0.2 (10.0.2, 10.0.225.61305), X64 RyuJIT x86-64-v3; GC = Concurrent Workstation
Mean = 3.043 ns, StdErr = 0.017 ns (0.56%), N = 15, StdDev = 0.066 ns
Min = 2.966 ns, Q1 = 2.994 ns, Median = 3.034 ns, Q3 = 3.078 ns, Max = 3.179 ns
IQR = 0.084 ns, LowerFence = 2.869 ns, UpperFence = 3.203 ns
ConfidenceInterval = [2.973 ns; 3.113 ns] (CI 99.9%), Margin = 0.070 ns (2.31% of Mean)
Skewness = 0.74, Kurtosis = 2.37, MValue = 2
-------------------- Histogram --------------------
[2.965 ns ; 3.035 ns) | @@@@@@@@@
[3.035 ns ; 3.136 ns) | @@@@
[3.136 ns ; 3.214 ns) | @@
---------------------------------------------------

Scenario1.A_EnumerationsOptions_Result_Value: .NET 10.0(Runtime=.NET 10.0, IterationTime=250ms) [Iterations=10]
Runtime = .NET 10.0.2 (10.0.2, 10.0.225.61305), X64 RyuJIT x86-64-v3; GC = Concurrent Workstation
Mean = 28.296 ns, StdErr = 0.020 ns (0.07%), N = 13, StdDev = 0.073 ns
Min = 28.244 ns, Q1 = 28.255 ns, Median = 28.257 ns, Q3 = 28.310 ns, Max = 28.491 ns
IQR = 0.055 ns, LowerFence = 28.173 ns, UpperFence = 28.391 ns
ConfidenceInterval = [28.209 ns; 28.382 ns] (CI 99.9%), Margin = 0.087 ns (0.31% of Mean)
Skewness = 1.58, Kurtosis = 4.39, MValue = 2
-------------------- Histogram --------------------
[28.203 ns ; 28.531 ns) | @@@@@@@@@@@@@
---------------------------------------------------

Scenario1.B_FluentResults_Result_Value: .NET 10.0(Runtime=.NET 10.0, IterationTime=250ms) [Iterations=10]
Runtime = .NET 10.0.2 (10.0.2, 10.0.225.61305), X64 RyuJIT x86-64-v3; GC = Concurrent Workstation
Mean = 84.178 ns, StdErr = 0.173 ns (0.21%), N = 15, StdDev = 0.672 ns
Min = 83.023 ns, Q1 = 83.822 ns, Median = 84.068 ns, Q3 = 84.493 ns, Max = 85.381 ns
IQR = 0.671 ns, LowerFence = 82.816 ns, UpperFence = 85.499 ns
ConfidenceInterval = [83.460 ns; 84.896 ns] (CI 99.9%), Margin = 0.718 ns (0.85% of Mean)
Skewness = 0.36, Kurtosis = 2.26, MValue = 2
-------------------- Histogram --------------------
[82.666 ns ; 85.738 ns) | @@@@@@@@@@@@@@@
---------------------------------------------------

Scenario1.E_Rascal_Result_Value: .NET 10.0(Runtime=.NET 10.0, IterationTime=250ms) [Iterations=10]
Runtime = .NET 10.0.2 (10.0.2, 10.0.225.61305), X64 RyuJIT x86-64-v3; GC = Concurrent Workstation
Mean = 3.322 ns, StdErr = 0.012 ns (0.36%), N = 15, StdDev = 0.047 ns
Min = 3.244 ns, Q1 = 3.285 ns, Median = 3.344 ns, Q3 = 3.361 ns, Max = 3.380 ns
IQR = 0.076 ns, LowerFence = 3.171 ns, UpperFence = 3.476 ns
ConfidenceInterval = [3.272 ns; 3.372 ns] (CI 99.9%), Margin = 0.050 ns (1.50% of Mean)
Skewness = -0.35, Kurtosis = 1.51, MValue = 2
-------------------- Histogram --------------------
[3.233 ns ; 3.396 ns) | @@@@@@@@@@@@@@@
---------------------------------------------------

Scenario1.D_SimpleResults_Result_Value: .NET 10.0(Runtime=.NET 10.0, IterationTime=250ms) [Iterations=10]
Runtime = .NET 10.0.2 (10.0.2, 10.0.225.61305), X64 RyuJIT x86-64-v3; GC = Concurrent Workstation
Mean = 3.059 ns, StdErr = 0.016 ns (0.52%), N = 15, StdDev = 0.061 ns
Min = 2.963 ns, Q1 = 3.024 ns, Median = 3.058 ns, Q3 = 3.094 ns, Max = 3.182 ns
IQR = 0.070 ns, LowerFence = 2.920 ns, UpperFence = 3.199 ns
ConfidenceInterval = [2.993 ns; 3.125 ns] (CI 99.9%), Margin = 0.066 ns (2.15% of Mean)
Skewness = 0.28, Kurtosis = 2.14, MValue = 2
-------------------- Histogram --------------------
[2.946 ns ; 3.018 ns) | @@@
[3.018 ns ; 3.083 ns) | @@@@@@@@
[3.083 ns ; 3.215 ns) | @@@@
---------------------------------------------------

Scenario1.C_ArdalisResult_Result_IsFailed: .NET 10.0(Runtime=.NET 10.0, IterationTime=250ms) [Iterations=10]
Runtime = .NET 10.0.2 (10.0.2, 10.0.225.61305), X64 RyuJIT x86-64-v3; GC = Concurrent Workstation
Mean = 3.021 ns, StdErr = 0.005 ns (0.17%), N = 14, StdDev = 0.019 ns
Min = 2.985 ns, Q1 = 3.012 ns, Median = 3.016 ns, Q3 = 3.035 ns, Max = 3.054 ns
IQR = 0.023 ns, LowerFence = 2.978 ns, UpperFence = 3.068 ns
ConfidenceInterval = [2.999 ns; 3.043 ns] (CI 99.9%), Margin = 0.022 ns (0.72% of Mean)
Skewness = 0.22, Kurtosis = 2.18, MValue = 2
-------------------- Histogram --------------------
[2.975 ns ; 3.065 ns) | @@@@@@@@@@@@@@
---------------------------------------------------

Scenario1.A_EnumerationsOptions_Result_IsFailed: .NET 10.0(Runtime=.NET 10.0, IterationTime=250ms) [Iterations=10]
Runtime = .NET 10.0.2 (10.0.2, 10.0.225.61305), X64 RyuJIT x86-64-v3; GC = Concurrent Workstation
Mean = 2.716 ns, StdErr = 0.004 ns (0.14%), N = 13, StdDev = 0.013 ns
Min = 2.694 ns, Q1 = 2.711 ns, Median = 2.717 ns, Q3 = 2.727 ns, Max = 2.742 ns
IQR = 0.015 ns, LowerFence = 2.688 ns, UpperFence = 2.750 ns
ConfidenceInterval = [2.700 ns; 2.732 ns] (CI 99.9%), Margin = 0.016 ns (0.59% of Mean)
Skewness = 0.02, Kurtosis = 2.15, MValue = 2
-------------------- Histogram --------------------
[2.693 ns ; 2.747 ns) | @@@@@@@@@@@@@
---------------------------------------------------

Scenario1.B_FluentResults_Result_IsFailed: .NET 10.0(Runtime=.NET 10.0, IterationTime=250ms) [Iterations=10]
Runtime = .NET 10.0.2 (10.0.2, 10.0.225.61305), X64 RyuJIT x86-64-v3; GC = Concurrent Workstation
Mean = 174.855 ns, StdErr = 0.982 ns (0.56%), N = 35, StdDev = 5.811 ns
Min = 163.146 ns, Q1 = 171.491 ns, Median = 176.069 ns, Q3 = 178.259 ns, Max = 185.770 ns
IQR = 6.767 ns, LowerFence = 161.340 ns, UpperFence = 188.409 ns
ConfidenceInterval = [171.318 ns; 178.391 ns] (CI 99.9%), Margin = 3.536 ns (2.02% of Mean)
Skewness = -0.45, Kurtosis = 2.54, MValue = 2
-------------------- Histogram --------------------
[162.051 ns ; 166.714 ns) | @@@@@
[166.714 ns ; 172.530 ns) | @@@@@
[172.530 ns ; 179.164 ns) | @@@@@@@@@@@@@@@@@@
[179.164 ns ; 183.204 ns) | @@@@@
[183.204 ns ; 188.102 ns) | @@
---------------------------------------------------

Scenario1.E_Rascal_Result_IsFailed: .NET 10.0(Runtime=.NET 10.0, IterationTime=250ms) [Iterations=10]
Runtime = .NET 10.0.2 (10.0.2, 10.0.225.61305), X64 RyuJIT x86-64-v3; GC = Concurrent Workstation
Mean = 2.429 ns, StdErr = 0.005 ns (0.21%), N = 14, StdDev = 0.019 ns
Min = 2.402 ns, Q1 = 2.417 ns, Median = 2.427 ns, Q3 = 2.434 ns, Max = 2.464 ns
IQR = 0.017 ns, LowerFence = 2.391 ns, UpperFence = 2.461 ns
ConfidenceInterval = [2.407 ns; 2.450 ns] (CI 99.9%), Margin = 0.021 ns (0.88% of Mean)
Skewness = 0.58, Kurtosis = 2.21, MValue = 2
-------------------- Histogram --------------------
[2.401 ns ; 2.474 ns) | @@@@@@@@@@@@@@
---------------------------------------------------

Scenario1.D_SimpleResults_Result_IsFailed: .NET 10.0(Runtime=.NET 10.0, IterationTime=250ms) [Iterations=10]
Runtime = .NET 10.0.2 (10.0.2, 10.0.225.61305), X64 RyuJIT x86-64-v3; GC = Concurrent Workstation
Mean = 2.474 ns, StdErr = 0.003 ns (0.12%), N = 15, StdDev = 0.011 ns
Min = 2.456 ns, Q1 = 2.465 ns, Median = 2.471 ns, Q3 = 2.482 ns, Max = 2.495 ns
IQR = 0.018 ns, LowerFence = 2.438 ns, UpperFence = 2.509 ns
ConfidenceInterval = [2.462 ns; 2.486 ns] (CI 99.9%), Margin = 0.012 ns (0.49% of Mean)
Skewness = 0.3, Kurtosis = 1.95, MValue = 2
-------------------- Histogram --------------------
[2.450 ns ; 2.501 ns) | @@@@@@@@@@@@@@@
---------------------------------------------------

Scenario1.C_ArdalisResult_Result_HasError: .NET 10.0(Runtime=.NET 10.0, IterationTime=250ms) [Iterations=10]
Runtime = .NET 10.0.2 (10.0.2, 10.0.225.61305), X64 RyuJIT x86-64-v3; GC = Concurrent Workstation
Mean = 18.587 ns, StdErr = 0.030 ns (0.16%), N = 15, StdDev = 0.118 ns
Min = 18.453 ns, Q1 = 18.484 ns, Median = 18.535 ns, Q3 = 18.684 ns, Max = 18.823 ns
IQR = 0.200 ns, LowerFence = 18.184 ns, UpperFence = 18.985 ns
ConfidenceInterval = [18.461 ns; 18.712 ns] (CI 99.9%), Margin = 0.126 ns (0.68% of Mean)
Skewness = 0.45, Kurtosis = 1.75, MValue = 2
-------------------- Histogram --------------------
[18.390 ns ; 18.886 ns) | @@@@@@@@@@@@@@@
---------------------------------------------------

Scenario1.A_EnumerationsOptions_Result_HasError: .NET 10.0(Runtime=.NET 10.0, IterationTime=250ms) [Iterations=10]
Runtime = .NET 10.0.2 (10.0.2, 10.0.225.61305), X64 RyuJIT x86-64-v3; GC = Concurrent Workstation
Mean = 2.727 ns, StdErr = 0.002 ns (0.09%), N = 15, StdDev = 0.009 ns
Min = 2.713 ns, Q1 = 2.720 ns, Median = 2.730 ns, Q3 = 2.734 ns, Max = 2.745 ns
IQR = 0.015 ns, LowerFence = 2.697 ns, UpperFence = 2.756 ns
ConfidenceInterval = [2.717 ns; 2.737 ns] (CI 99.9%), Margin = 0.010 ns (0.36% of Mean)
Skewness = -0.06, Kurtosis = 1.92, MValue = 2
-------------------- Histogram --------------------
[2.708 ns ; 2.750 ns) | @@@@@@@@@@@@@@@
---------------------------------------------------

Scenario1.B_FluentResults_Result_HasError: .NET 10.0(Runtime=.NET 10.0, IterationTime=250ms) [Iterations=10]
Runtime = .NET 10.0.2 (10.0.2, 10.0.225.61305), X64 RyuJIT x86-64-v3; GC = Concurrent Workstation
Mean = 1.353 μs, StdErr = 0.001 μs (0.11%), N = 12, StdDev = 0.005 μs
Min = 1.344 μs, Q1 = 1.349 μs, Median = 1.354 μs, Q3 = 1.356 μs, Max = 1.360 μs
IQR = 0.007 μs, LowerFence = 1.338 μs, UpperFence = 1.368 μs
ConfidenceInterval = [1.347 μs; 1.359 μs] (CI 99.9%), Margin = 0.006 μs (0.47% of Mean)
Skewness = -0.34, Kurtosis = 1.58, MValue = 2
-------------------- Histogram --------------------
[1.341 μs ; 1.363 μs) | @@@@@@@@@@@@
---------------------------------------------------

Scenario1.E_Rascal_Result_HasError: .NET 10.0(Runtime=.NET 10.0, IterationTime=250ms) [Iterations=10]
Runtime = .NET 10.0.2 (10.0.2, 10.0.225.61305), X64 RyuJIT x86-64-v3; GC = Concurrent Workstation
Mean = 5.879 ns, StdErr = 0.007 ns (0.13%), N = 15, StdDev = 0.029 ns
Min = 5.846 ns, Q1 = 5.854 ns, Median = 5.874 ns, Q3 = 5.897 ns, Max = 5.947 ns
IQR = 0.044 ns, LowerFence = 5.788 ns, UpperFence = 5.962 ns
ConfidenceInterval = [5.848 ns; 5.909 ns] (CI 99.9%), Margin = 0.031 ns (0.52% of Mean)
Skewness = 0.75, Kurtosis = 2.69, MValue = 2
-------------------- Histogram --------------------
[5.831 ns ; 5.962 ns) | @@@@@@@@@@@@@@@
---------------------------------------------------

Scenario1.D_SimpleResults_Result_HasError: .NET 10.0(Runtime=.NET 10.0, IterationTime=250ms) [Iterations=10]
Runtime = .NET 10.0.2 (10.0.2, 10.0.225.61305), X64 RyuJIT x86-64-v3; GC = Concurrent Workstation
Mean = 3.053 ns, StdErr = 0.001 ns (0.05%), N = 13, StdDev = 0.005 ns
Min = 3.041 ns, Q1 = 3.051 ns, Median = 3.054 ns, Q3 = 3.056 ns, Max = 3.060 ns
IQR = 0.005 ns, LowerFence = 3.043 ns, UpperFence = 3.064 ns
ConfidenceInterval = [3.047 ns; 3.059 ns] (CI 99.9%), Margin = 0.006 ns (0.20% of Mean)
Skewness = -0.74, Kurtosis = 2.8, MValue = 2
-------------------- Histogram --------------------
[3.038 ns ; 3.062 ns) | @@@@@@@@@@@@@
---------------------------------------------------

Scenario1.C_ArdalisResult_Result_FirstError: .NET 10.0(Runtime=.NET 10.0, IterationTime=250ms) [Iterations=10]
Runtime = .NET 10.0.2 (10.0.2, 10.0.225.61305), X64 RyuJIT x86-64-v3; GC = Concurrent Workstation
Mean = 88.838 ns, StdErr = 0.101 ns (0.11%), N = 15, StdDev = 0.392 ns
Min = 88.321 ns, Q1 = 88.553 ns, Median = 88.806 ns, Q3 = 88.988 ns, Max = 89.634 ns
IQR = 0.435 ns, LowerFence = 87.902 ns, UpperFence = 89.640 ns
ConfidenceInterval = [88.418 ns; 89.257 ns] (CI 99.9%), Margin = 0.419 ns (0.47% of Mean)
Skewness = 0.63, Kurtosis = 2.33, MValue = 2
-------------------- Histogram --------------------
[88.112 ns ; 89.843 ns) | @@@@@@@@@@@@@@@
---------------------------------------------------

Scenario1.A_EnumerationsOptions_Result_FirstError: .NET 10.0(Runtime=.NET 10.0, IterationTime=250ms) [Iterations=10]
Runtime = .NET 10.0.2 (10.0.2, 10.0.225.61305), X64 RyuJIT x86-64-v3; GC = Concurrent Workstation
Mean = 38.050 ns, StdErr = 0.041 ns (0.11%), N = 13, StdDev = 0.147 ns
Min = 37.876 ns, Q1 = 37.922 ns, Median = 38.048 ns, Q3 = 38.108 ns, Max = 38.384 ns
IQR = 0.186 ns, LowerFence = 37.642 ns, UpperFence = 38.388 ns
ConfidenceInterval = [37.874 ns; 38.226 ns] (CI 99.9%), Margin = 0.176 ns (0.46% of Mean)
Skewness = 0.71, Kurtosis = 2.58, MValue = 2
-------------------- Histogram --------------------
[37.794 ns ; 38.466 ns) | @@@@@@@@@@@@@
---------------------------------------------------

Scenario1.B_FluentResults_Result_FirstError: .NET 10.0(Runtime=.NET 10.0, IterationTime=250ms) [Iterations=10]
Runtime = .NET 10.0.2 (10.0.2, 10.0.225.61305), X64 RyuJIT x86-64-v3; GC = Concurrent Workstation
Mean = 521.228 ns, StdErr = 0.914 ns (0.18%), N = 14, StdDev = 3.420 ns
Min = 511.967 ns, Q1 = 519.656 ns, Median = 521.994 ns, Q3 = 523.455 ns, Max = 525.393 ns
IQR = 3.800 ns, LowerFence = 513.956 ns, UpperFence = 529.155 ns
ConfidenceInterval = [517.370 ns; 525.086 ns] (CI 99.9%), Margin = 3.858 ns (0.74% of Mean)
Skewness = -1.22, Kurtosis = 4.17, MValue = 2
-------------------- Histogram --------------------
[510.104 ns ; 527.255 ns) | @@@@@@@@@@@@@@
---------------------------------------------------

Scenario1.E_Rascal_Result_FirstError: .NET 10.0(Runtime=.NET 10.0, IterationTime=250ms) [Iterations=10]
Runtime = .NET 10.0.2 (10.0.2, 10.0.225.61305), X64 RyuJIT x86-64-v3; GC = Concurrent Workstation
Mean = 5.279 ns, StdErr = 0.031 ns (0.60%), N = 14, StdDev = 0.118 ns
Min = 5.062 ns, Q1 = 5.220 ns, Median = 5.262 ns, Q3 = 5.336 ns, Max = 5.510 ns
IQR = 0.117 ns, LowerFence = 5.045 ns, UpperFence = 5.512 ns
ConfidenceInterval = [5.146 ns; 5.411 ns] (CI 99.9%), Margin = 0.133 ns (2.52% of Mean)
Skewness = 0.24, Kurtosis = 2.44, MValue = 2
-------------------- Histogram --------------------
[4.997 ns ; 5.120 ns) | @
[5.120 ns ; 5.230 ns) | @@@
[5.230 ns ; 5.421 ns) | @@@@@@@@
[5.421 ns ; 5.574 ns) | @@
---------------------------------------------------

Scenario1.D_SimpleResults_Result_FirstError: .NET 10.0(Runtime=.NET 10.0, IterationTime=250ms) [Iterations=10]
Runtime = .NET 10.0.2 (10.0.2, 10.0.225.61305), X64 RyuJIT x86-64-v3; GC = Concurrent Workstation
Mean = 81.482 ns, StdErr = 0.090 ns (0.11%), N = 14, StdDev = 0.336 ns
Min = 81.081 ns, Q1 = 81.235 ns, Median = 81.280 ns, Q3 = 81.769 ns, Max = 82.004 ns
IQR = 0.534 ns, LowerFence = 80.433 ns, UpperFence = 82.570 ns
ConfidenceInterval = [81.103 ns; 81.861 ns] (CI 99.9%), Margin = 0.379 ns (0.47% of Mean)
Skewness = 0.32, Kurtosis = 1.25, MValue = 2
-------------------- Histogram --------------------
[80.898 ns ; 82.187 ns) | @@@@@@@@@@@@@@
---------------------------------------------------

// * Summary *

BenchmarkDotNet v0.15.8, Windows 11 (10.0.26200.7705/25H2/2025Update/HudsonValley2)
AMD Ryzen 5 3600 3.59GHz, 1 CPU, 12 logical and 6 physical cores
.NET SDK 10.0.102
  [Host]    : .NET 10.0.2 (10.0.2, 10.0.225.61305), X64 RyuJIT x86-64-v3
  .NET 10.0 : .NET 10.0.2 (10.0.2, 10.0.225.61305), X64 RyuJIT x86-64-v3

Job=.NET 10.0  Runtime=.NET 10.0  IterationTime=250ms  
Iterations=10  

| Method                                                            | Categories                                                                | Mean         | Ratio  | Allocated | Alloc Ratio |
|------------------------------------------------------------------ |-------------------------------------------------------------------------- |-------------:|-------:|----------:|------------:|
| C_ArdalisResult_Result_Ok                                         | A01: Returning a successful result                                        |    58.700 ns |   1.54 |     720 B |        3.00 |
| A_EnumerationsOptions_Result_Ok                                   | A01: Returning a successful result                                        |    38.182 ns |   1.00 |     240 B |        1.00 |
| B_FluentResults_Result_Ok                                         | A01: Returning a successful result                                        |    88.931 ns |   2.33 |     560 B |        2.33 |
| E_Rascal_Result_Ok                                                | A01: Returning a successful result                                        |     3.326 ns |   0.09 |         - |        0.00 |
| D_SimpleResults_Result_Ok                                         | A01: Returning a successful result                                        |   636.263 ns |  16.68 |     400 B |        1.67 |
|                                                                   |                                                                           |              |        |           |             |
| C_ArdalisResult_Result_OkTValue                                   | A02: Returning a successful value result                                  |    57.406 ns |   1.94 |     640 B |        2.00 |
| A_EnumerationsOptions_Result_OkTValue                             | A02: Returning a successful value result                                  |    29.643 ns |   1.00 |     320 B |        1.00 |
| B_FluentResults_Result_OkTValue                                   | A02: Returning a successful value result                                  |   145.991 ns |   4.94 |    1120 B |        3.50 |
| E_Rascal_Result_OkTValue                                          | A02: Returning a successful value result                                  |     2.477 ns |   0.08 |         - |        0.00 |
| D_SimpleResults_Result_OkTValue                                   | A02: Returning a successful value result                                  |   655.165 ns |  22.16 |     480 B |        1.50 |
|                                                                   |                                                                           |              |        |           |             |
| C_ArdalisResult_Result_Fail                                       | A03: Returning a failed result                                            |    62.294 ns |   0.78 |     720 B |        0.47 |
| A_EnumerationsOptions_Result_Fail                                 | A03: Returning a failed result                                            |    79.966 ns |   1.00 |    1520 B |        1.00 |
| B_FluentResults_Result_Fail                                       | A03: Returning a failed result                                            |   303.623 ns |   3.80 |    2640 B |        1.74 |
| E_Rascal_Result_Fail                                              | A03: Returning a failed result                                            |    40.479 ns |   0.51 |     240 B |        0.16 |
| D_SimpleResults_Result_Fail                                       | A03: Returning a failed result                                            |   679.461 ns |   8.50 |     400 B |        0.26 |
|                                                                   |                                                                           |              |        |           |             |
| C_ArdalisResult_Result_Fail_WithErrorMessage                      | A04: Returning a failed result with an error message                      |    90.280 ns |  32.92 |    1040 B |          NA |
| A_EnumerationsOptions_Result_Fail_WithErrorMessage                | A04: Returning a failed result with an error message                      |     2.743 ns |   1.00 |         - |          NA |
| B_FluentResults_Result_Fail_WithErrorMessage                      | A04: Returning a failed result with an error message                      |   223.630 ns |  81.55 |    1120 B |          NA |
| E_Rascal_Result_Fail_WithErrorMessage                             | A04: Returning a failed result with an error message                      |     2.471 ns |   0.90 |         - |          NA |
| D_SimpleResults_Result_Fail_WithErrorMessage                      | A04: Returning a failed result with an error message                      |   319.878 ns | 116.65 |     400 B |          NA |
|                                                                   |                                                                           |              |        |           |             |
| C_ArdalisResult_Result_FailTValue                                 | A05: Returning a failed value result                                      |    60.771 ns |   0.76 |     640 B |        0.42 |
| A_EnumerationsOptions_Result_FailTValue                           | A05: Returning a failed value result                                      |    80.241 ns |   1.00 |    1520 B |        1.00 |
| B_FluentResults_Result_FailTValue                                 | A05: Returning a failed value result                                      |   318.340 ns |   3.97 |    2720 B |        1.79 |
| E_Rascal_Result_FailTValue                                        | A05: Returning a failed value result                                      |    48.435 ns |   0.60 |     240 B |        0.16 |
| D_SimpleResults_Result_FailTValue                                 | A05: Returning a failed value result                                      | 1,049.977 ns |  13.09 |     880 B |        0.58 |
|                                                                   |                                                                           |              |        |           |             |
| C_ArdalisResult_Result_FailTValue_WithErrorMessage                | A06: Returning a failed value result with an error message                |    88.332 ns |   2.27 |     960 B |          NA |
| A_EnumerationsOptions_Result_FailTValue_WithErrorMessage          | A06: Returning a failed value result with an error message                |    38.993 ns |   1.00 |         - |          NA |
| B_FluentResults_Result_FailTValue_WithErrorMessage                | A06: Returning a failed value result with an error message                |   191.104 ns |   4.90 |    1200 B |          NA |
| E_Rascal_Result_FailTValue_WithErrorMessage                       | A06: Returning a failed value result with an error message                |     3.093 ns |   0.08 |         - |          NA |
| D_SimpleResults_Result_FailTValue_WithErrorMessage                | A06: Returning a failed value result with an error message                |   671.852 ns |  17.23 |     880 B |          NA |
|                                                                   |                                                                           |              |        |           |             |
| C_ArdalisResult_Result_Ok_ToString                                | B01: String representation of a successful result                         |     7.455 ns |   1.01 |         - |          NA |
| A_EnumerationsOptions_Result_Ok_ToString                          | B01: String representation of a successful result                         |     7.369 ns |   1.00 |         - |          NA |
| B_FluentResults_Result_Ok_ToString                                | B01: String representation of a successful result                         |   399.564 ns |  54.23 |    1200 B |          NA |
| E_Rascal_Result_Ok_ToString                                       | B01: String representation of a successful result                         |   169.471 ns |  23.00 |     480 B |          NA |
| D_SimpleResults_Result_Ok_ToString                                | B01: String representation of a successful result                         |     7.406 ns |   1.01 |         - |          NA |
|                                                                   |                                                                           |              |        |           |             |
| C_ArdalisResult_Result_OkTValue_ToString                          | B02: String representation of a successful value result                   |     7.328 ns |   0.20 |         - |          NA |
| A_EnumerationsOptions_Result_OkTValue_ToString                    | B02: String representation of a successful value result                   |    36.408 ns |   1.00 |         - |          NA |
| B_FluentResults_Result_OkTValue_ToString                          | B02: String representation of a successful value result                   |   693.058 ns |  19.04 |    2800 B |          NA |
| E_Rascal_Result_OkTValue_ToString                                 | B02: String representation of a successful value result                   |   249.023 ns |   6.84 |     400 B |          NA |
| D_SimpleResults_Result_OkTValue_ToString                          | B02: String representation of a successful value result                   |     6.447 ns |   0.18 |         - |          NA |
|                                                                   |                                                                           |              |        |           |             |
| C_ArdalisResult_Result_Fail_ToString                              | B03: String representation of a failed result                             |     7.397 ns |  0.004 |         - |        0.00 |
| A_EnumerationsOptions_Result_Fail_ToString                        | B03: String representation of a failed result                             | 1,979.985 ns |  1.000 |    2800 B |        1.00 |
| B_FluentResults_Result_Fail_ToString                              | B03: String representation of a failed result                             | 1,511.232 ns |  0.763 |    3600 B |        1.29 |
| E_Rascal_Result_Fail_ToString                                     | B03: String representation of a failed result                             |   204.433 ns |  0.103 |     480 B |        0.17 |
| D_SimpleResults_Result_Fail_ToString                              | B03: String representation of a failed result                             |     7.432 ns |  0.004 |         - |        0.00 |
|                                                                   |                                                                           |              |        |           |             |
| C_ArdalisResult_Result_Fail_WithErrorMessage_ToString             | B04: String representation of a failed result with an error message       |     7.424 ns |  0.008 |         - |        0.00 |
| A_EnumerationsOptions_Result_Fail_WithErrorMessage_ToString       | B04: String representation of a failed result with an error message       |   883.451 ns |  1.000 |    1120 B |        1.00 |
| B_FluentResults_Result_Fail_WithErrorMessage_ToString             | B04: String representation of a failed result with an error message       | 2,363.665 ns |  2.676 |    9120 B |        8.14 |
| E_Rascal_Result_Fail_WithErrorMessage_ToString                    | B04: String representation of a failed result with an error message       |   235.104 ns |  0.266 |     960 B |        0.86 |
| D_SimpleResults_Result_Fail_WithErrorMessage_ToString             | B04: String representation of a failed result with an error message       |     7.350 ns |  0.008 |         - |        0.00 |
|                                                                   |                                                                           |              |        |           |             |
| C_ArdalisResult_Result_FailTValue_ToString                        | B05: String representation of a failed value result                       |     7.392 ns |  0.003 |         - |        0.00 |
| A_EnumerationsOptions_Result_FailTValue_ToString                  | B05: String representation of a failed value result                       | 2,148.066 ns |  1.000 |    2800 B |        1.00 |
| B_FluentResults_Result_FailTValue_ToString                        | B05: String representation of a failed value result                       | 1,975.949 ns |  0.920 |    5520 B |        1.97 |
| E_Rascal_Result_FailTValue_ToString                               | B05: String representation of a failed value result                       |   186.168 ns |  0.087 |     480 B |        0.17 |
| D_SimpleResults_Result_FailTValue_ToString                        | B05: String representation of a failed value result                       |     7.481 ns |  0.003 |         - |        0.00 |
|                                                                   |                                                                           |              |        |           |             |
| C_ArdalisResult_Result_FailTValue_WithErrorMessage_ToString       | B06: String representation of a failed value result with an error message |     7.424 ns |      ? |         - |           ? |
| A_EnumerationsOptions_Result_FailTValue_WithErrorMessage_ToString | B06: String representation of a failed value result with an error message |           NA |      ? |        NA |           ? |
| B_FluentResults_Result_FailTValue_WithErrorMessage_ToString       | B06: String representation of a failed value result with an error message | 2,827.221 ns |      ? |   11920 B |           ? |
| E_Rascal_Result_FailTValue_WithErrorMessage_ToString              | B06: String representation of a failed value result with an error message |   218.695 ns |      ? |     960 B |           ? |
| D_SimpleResults_Result_FailTValue_WithErrorMessage_ToString       | B06: String representation of a failed value result with an error message |     7.403 ns |      ? |         - |           ? |
|                                                                   |                                                                           |              |        |           |             |
| C_ArdalisResult_Result_IsSuccess                                  | C01: Determining if a result is successful                                |     3.023 ns |   1.11 |         - |          NA |
| A_EnumerationsOptions_Result_IsSuccess                            | C01: Determining if a result is successful                                |     2.734 ns |   1.00 |         - |          NA |
| B_FluentResults_Result_IsSuccess                                  | C01: Determining if a result is successful                                |    79.293 ns |  29.00 |     480 B |          NA |
| E_Rascal_Result_IsSuccess                                         | C01: Determining if a result is successful                                |     3.066 ns |   1.12 |         - |          NA |
| D_SimpleResults_Result_IsSuccess                                  | C01: Determining if a result is successful                                |     3.070 ns |   1.12 |         - |          NA |
|                                                                   |                                                                           |              |        |           |             |
| C_ArdalisResult_Result_Value                                      | C02: Retrieving the value                                                 |     3.043 ns |   0.11 |         - |          NA |
| A_EnumerationsOptions_Result_Value                                | C02: Retrieving the value                                                 |    28.296 ns |   1.00 |         - |          NA |
| B_FluentResults_Result_Value                                      | C02: Retrieving the value                                                 |    84.178 ns |   2.97 |     480 B |          NA |
| E_Rascal_Result_Value                                             | C02: Retrieving the value                                                 |     3.322 ns |   0.12 |         - |          NA |
| D_SimpleResults_Result_Value                                      | C02: Retrieving the value                                                 |     3.059 ns |   0.11 |         - |          NA |
|                                                                   |                                                                           |              |        |           |             |
| C_ArdalisResult_Result_IsFailed                                   | C03: Determining if a result is failed                                    |     3.021 ns |   1.11 |         - |          NA |
| A_EnumerationsOptions_Result_IsFailed                             | C03: Determining if a result is failed                                    |     2.716 ns |   1.00 |         - |          NA |
| B_FluentResults_Result_IsFailed                                   | C03: Determining if a result is failed                                    |   174.855 ns |  64.38 |     880 B |          NA |
| E_Rascal_Result_IsFailed                                          | C03: Determining if a result is failed                                    |     2.429 ns |   0.89 |         - |          NA |
| D_SimpleResults_Result_IsFailed                                   | C03: Determining if a result is failed                                    |     2.474 ns |   0.91 |         - |          NA |
|                                                                   |                                                                           |              |        |           |             |
| C_ArdalisResult_Result_HasError                                   | C04: Determining if a result contains a specific error                    |    18.587 ns |   6.81 |         - |          NA |
| A_EnumerationsOptions_Result_HasError                             | C04: Determining if a result contains a specific error                    |     2.727 ns |   1.00 |         - |          NA |
| B_FluentResults_Result_HasError                                   | C04: Determining if a result contains a specific error                    | 1,352.914 ns | 496.05 |    3840 B |          NA |
| E_Rascal_Result_HasError                                          | C04: Determining if a result contains a specific error                    |     5.879 ns |   2.16 |         - |          NA |
| D_SimpleResults_Result_HasError                                   | C04: Determining if a result contains a specific error                    |     3.053 ns |   1.12 |         - |          NA |
|                                                                   |                                                                           |              |        |           |             |
| C_ArdalisResult_Result_FirstError                                 | C05: Retrieving the first error                                           |    88.838 ns |   2.33 |         - |          NA |
| A_EnumerationsOptions_Result_FirstError                           | C05: Retrieving the first error                                           |    38.050 ns |   1.00 |         - |          NA |
| B_FluentResults_Result_FirstError                                 | C05: Retrieving the first error                                           |   521.228 ns |  13.70 |    1760 B |          NA |
| E_Rascal_Result_FirstError                                        | C05: Retrieving the first error                                           |     5.279 ns |   0.14 |         - |          NA |
| D_SimpleResults_Result_FirstError                                 | C05: Retrieving the first error                                           |    81.482 ns |   2.14 |         - |          NA |

Benchmarks with issues:
  Scenario1.A_EnumerationsOptions_Result_FailTValue_WithErrorMessage_ToString: .NET 10.0(Runtime=.NET 10.0, IterationTime=250ms) [Iterations=10]

// * Warnings *
BaselineCustomAnalyzer
  Summary -> A question mark '?' symbol indicates that it was not possible to compute the (Ratio, RatioSD, Alloc Ratio) column(s) because the baseline or benchmark could not be found, or the baseline value is too close to zero.
Environment
  Summary -> Detected error exit code from one of the benchmarks. It might be caused by following antivirus software:
        - Windows Defender (windowsdefender://)
Use InProcessEmitToolchain or InProcessNoEmitToolchain to avoid new process creation.

MultimodalDistribution
  Scenario1.C_ArdalisResult_Result_Ok: .NET 10.0 -> It seems that the distribution can have several modes (mValue = 3.19)
  Scenario1.B_FluentResults_Result_Ok: .NET 10.0 -> It seems that the distribution can have several modes (mValue = 2.81)
  Scenario1.E_Rascal_Result_Ok: .NET 10.0        -> It seems that the distribution can have several modes (mValue = 2.84)
  Scenario1.E_Rascal_Result_Fail: .NET 10.0      -> It seems that the distribution can have several modes (mValue = 2.86)

// * Hints *
HideColumnsAnalyser
  Summary -> Hidden columns: Iterations, Error, StdDev, Median, RatioSD, Gen0
Outliers
  Scenario1.A_EnumerationsOptions_Result_Ok: .NET 10.0                             -> 4 outliers were removed (44.87 ns..49.74 ns)
  Scenario1.D_SimpleResults_Result_Ok: .NET 10.0                                   -> 2 outliers were removed (653.09 ns, 673.70 ns)
  Scenario1.C_ArdalisResult_Result_OkTValue: .NET 10.0                             -> 1 outlier  was  removed (63.02 ns)
  Scenario1.A_EnumerationsOptions_Result_OkTValue: .NET 10.0                       -> 3 outliers were removed (36.59 ns..43.68 ns)
  Scenario1.B_FluentResults_Result_OkTValue: .NET 10.0                             -> 1 outlier  was  removed (165.28 ns)
  Scenario1.D_SimpleResults_Result_OkTValue: .NET 10.0                             -> 1 outlier  was  removed (680.56 ns)
  Scenario1.C_ArdalisResult_Result_Fail: .NET 10.0                                 -> 9 outliers were removed (76.31 ns..92.23 ns)
  Scenario1.A_EnumerationsOptions_Result_Fail: .NET 10.0                           -> 3 outliers were removed (87.33 ns..93.18 ns)
  Scenario1.B_FluentResults_Result_Fail: .NET 10.0                                 -> 3 outliers were removed (341.40 ns..353.90 ns)
  Scenario1.D_SimpleResults_Result_Fail: .NET 10.0                                 -> 2 outliers were removed (695.85 ns, 697.66 ns)
  Scenario1.C_ArdalisResult_Result_Fail_WithErrorMessage: .NET 10.0                -> 1 outlier  was  removed (106.07 ns)
  Scenario1.A_EnumerationsOptions_Result_Fail_WithErrorMessage: .NET 10.0          -> 2 outliers were removed (4.44 ns, 4.58 ns)
  Scenario1.E_Rascal_Result_Fail_WithErrorMessage: .NET 10.0                       -> 1 outlier  was  removed (4.27 ns)
  Scenario1.C_ArdalisResult_Result_FailTValue: .NET 10.0                           -> 2 outliers were removed (72.16 ns, 73.06 ns)
  Scenario1.A_EnumerationsOptions_Result_FailTValue: .NET 10.0                     -> 2 outliers were removed (86.53 ns, 93.16 ns)
  Scenario1.E_Rascal_Result_FailTValue: .NET 10.0                                  -> 1 outlier  was  removed (52.11 ns)
  Scenario1.D_SimpleResults_Result_FailTValue: .NET 10.0                           -> 1 outlier  was  removed (1.06 μs)
  Scenario1.C_ArdalisResult_Result_FailTValue_WithErrorMessage: .NET 10.0          -> 2 outliers were removed, 3 outliers were detected (88.48 ns, 94.20 ns, 104.96 ns)
  Scenario1.B_FluentResults_Result_FailTValue_WithErrorMessage: .NET 10.0          -> 1 outlier  was  removed (206.45 ns)
  Scenario1.E_Rascal_Result_FailTValue_WithErrorMessage: .NET 10.0                 -> 3 outliers were detected (4.28 ns..4.44 ns)
  Scenario1.D_SimpleResults_Result_FailTValue_WithErrorMessage: .NET 10.0          -> 2 outliers were removed (684.62 ns, 720.29 ns)
  Scenario1.C_ArdalisResult_Result_Ok_ToString: .NET 10.0                          -> 1 outlier  was  removed (10.01 ns)
  Scenario1.A_EnumerationsOptions_Result_Ok_ToString: .NET 10.0                    -> 2 outliers were removed (9.40 ns, 10.92 ns)
  Scenario1.B_FluentResults_Result_Ok_ToString: .NET 10.0                          -> 1 outlier  was  removed (424.73 ns)
  Scenario1.E_Rascal_Result_Ok_ToString: .NET 10.0                                 -> 2 outliers were removed (183.42 ns, 186.47 ns)
  Scenario1.D_SimpleResults_Result_Ok_ToString: .NET 10.0                          -> 2 outliers were removed (9.18 ns, 9.35 ns)
  Scenario1.C_ArdalisResult_Result_OkTValue_ToString: .NET 10.0                    -> 1 outlier  was  removed (9.16 ns)
  Scenario1.A_EnumerationsOptions_Result_OkTValue_ToString: .NET 10.0              -> 2 outliers were removed (39.01 ns, 39.06 ns)
  Scenario1.B_FluentResults_Result_OkTValue_ToString: .NET 10.0                    -> 2 outliers were removed (713.00 ns, 748.65 ns)
  Scenario1.E_Rascal_Result_OkTValue_ToString: .NET 10.0                           -> 2 outliers were removed (257.36 ns, 266.20 ns)
  Scenario1.C_ArdalisResult_Result_Fail_ToString: .NET 10.0                        -> 1 outlier  was  removed (9.70 ns)
  Scenario1.A_EnumerationsOptions_Result_Fail_ToString: .NET 10.0                  -> 1 outlier  was  removed (2.05 μs)
  Scenario1.B_FluentResults_Result_Fail_ToString: .NET 10.0                        -> 3 outliers were removed, 4 outliers were detected (1.49 μs, 1.53 μs..1.64 μs)
  Scenario1.E_Rascal_Result_Fail_ToString: .NET 10.0                               -> 4 outliers were removed (251.50 ns..267.40 ns)
  Scenario1.D_SimpleResults_Result_Fail_ToString: .NET 10.0                        -> 1 outlier  was  removed (9.33 ns)
  Scenario1.C_ArdalisResult_Result_Fail_WithErrorMessage_ToString: .NET 10.0       -> 1 outlier  was  removed (9.57 ns)
  Scenario1.A_EnumerationsOptions_Result_Fail_WithErrorMessage_ToString: .NET 10.0 -> 1 outlier  was  removed (928.27 ns)
  Scenario1.B_FluentResults_Result_Fail_WithErrorMessage_ToString: .NET 10.0       -> 1 outlier  was  removed (2.83 μs)
  Scenario1.E_Rascal_Result_Fail_WithErrorMessage_ToString: .NET 10.0              -> 1 outlier  was  removed, 2 outliers were detected (230.24 ns, 249.77 ns)
  Scenario1.A_EnumerationsOptions_Result_FailTValue_ToString: .NET 10.0            -> 1 outlier  was  removed (2.24 μs)
  Scenario1.B_FluentResults_Result_FailTValue_ToString: .NET 10.0                  -> 1 outlier  was  removed (2.12 μs)
  Scenario1.E_Rascal_Result_FailTValue_ToString: .NET 10.0                         -> 3 outliers were removed (194.05 ns..196.90 ns)
  Scenario1.D_SimpleResults_Result_FailTValue_ToString: .NET 10.0                  -> 1 outlier  was  removed (9.64 ns)
  Scenario1.C_ArdalisResult_Result_FailTValue_WithErrorMessage_ToString: .NET 10.0 -> 2 outliers were removed (9.30 ns, 9.39 ns)
  Scenario1.B_FluentResults_Result_FailTValue_WithErrorMessage_ToString: .NET 10.0 -> 1 outlier  was  removed (3.24 μs)
  Scenario1.E_Rascal_Result_FailTValue_WithErrorMessage_ToString: .NET 10.0        -> 2 outliers were removed (244.35 ns, 253.77 ns)
  Scenario1.D_SimpleResults_Result_FailTValue_WithErrorMessage_ToString: .NET 10.0 -> 1 outlier  was  removed (9.18 ns)
  Scenario1.C_ArdalisResult_Result_IsSuccess: .NET 10.0                            -> 1 outlier  was  removed (4.74 ns)
  Scenario1.B_FluentResults_Result_IsSuccess: .NET 10.0                            -> 1 outlier  was  removed (87.43 ns)
  Scenario1.D_SimpleResults_Result_IsSuccess: .NET 10.0                            -> 3 outliers were removed (4.59 ns..4.63 ns)
  Scenario1.A_EnumerationsOptions_Result_Value: .NET 10.0                          -> 2 outliers were removed (31.05 ns, 31.10 ns)
  Scenario1.C_ArdalisResult_Result_IsFailed: .NET 10.0                             -> 1 outlier  was  removed (4.59 ns)
  Scenario1.A_EnumerationsOptions_Result_IsFailed: .NET 10.0                       -> 2 outliers were removed (4.26 ns, 4.28 ns)
  Scenario1.E_Rascal_Result_IsFailed: .NET 10.0                                    -> 1 outlier  was  removed (4.15 ns)
  Scenario1.B_FluentResults_Result_HasError: .NET 10.0                             -> 3 outliers were removed (1.37 μs..1.42 μs)
  Scenario1.D_SimpleResults_Result_HasError: .NET 10.0                             -> 2 outliers were removed (4.61 ns, 4.65 ns)
  Scenario1.A_EnumerationsOptions_Result_FirstError: .NET 10.0                     -> 2 outliers were removed (41.31 ns, 42.99 ns)
  Scenario1.B_FluentResults_Result_FirstError: .NET 10.0                           -> 1 outlier  was  removed, 2 outliers were detected (514.40 ns, 546.64 ns)
  Scenario1.E_Rascal_Result_FirstError: .NET 10.0                                  -> 1 outlier  was  removed (7.29 ns)
  Scenario1.D_SimpleResults_Result_FirstError: .NET 10.0                           -> 1 outlier  was  removed (88.28 ns)

// * Legends *
  Categories  : All categories of the corresponded method, class, and assembly
  Mean        : Arithmetic mean of all measurements
  Ratio       : Mean of the ratio distribution ([Current]/[Baseline])
  Allocated   : Allocated memory per single operation (managed only, inclusive, 1KB = 1024B)
  Alloc Ratio : Allocated memory ratio distribution ([Current]/[Baseline])
  1 ns        : 1 Nanosecond (0.000000001 sec)

// * Diagnostic Output - MemoryDiagnoser *


// ***** BenchmarkRunner: End *****
Run time: 00:15:59 (959.61 sec), executed benchmarks: 85

Global total time: 00:16:12 (972.13 sec), executed benchmarks: 85
// * Artifacts cleanup *
Artifacts cleanup is finished
