// Validating benchmarks:
// ***** BenchmarkRunner: Start   *****
// ***** Found 91 benchmark(s) in total *****
// ***** Building 1 exe(s) in Parallel: Start   *****
Unable to find .sln or .csproj file. Will use current directory /media/andrew/Slowverflow/x/devs/reilly-digital/dotnet/enumerations.options to search for project file. If you don't use .sln file on purpose it should not be a problem.
// start dotnet  restore --nodeReuse:false /p:UseSharedCompilation=false /p:Deterministic=true /p:Optimize=true /p:ArtifactsPath="/media/andrew/Slowverflow/x/devs/reilly-digital/dotnet/enumerations.options/src/Enumerations.Options.Benchmarks/bin/Debug/net10.0/Enumerations.Options.Benchmarks-.NET 10.0-1/" /p:OutDir="/media/andrew/Slowverflow/x/devs/reilly-digital/dotnet/enumerations.options/src/Enumerations.Options.Benchmarks/bin/Debug/net10.0/Enumerations.Options.Benchmarks-.NET 10.0-1/bin/Release/net10.0/" /p:OutputPath="/media/andrew/Slowverflow/x/devs/reilly-digital/dotnet/enumerations.options/src/Enumerations.Options.Benchmarks/bin/Debug/net10.0/Enumerations.Options.Benchmarks-.NET 10.0-1/bin/Release/net10.0/" /p:PublishDir="/media/andrew/Slowverflow/x/devs/reilly-digital/dotnet/enumerations.options/src/Enumerations.Options.Benchmarks/bin/Debug/net10.0/Enumerations.Options.Benchmarks-.NET 10.0-1/publish/" in /media/andrew/Slowverflow/x/devs/reilly-digital/dotnet/enumerations.options/src/Enumerations.Options.Benchmarks/bin/Debug/net10.0/Enumerations.Options.Benchmarks-.NET 10.0-1
// command took 1.22 sec and exited with 0
// start dotnet  build -c Release --no-restore --nodeReuse:false /p:UseSharedCompilation=false /p:Deterministic=true /p:Optimize=true /p:ArtifactsPath="/media/andrew/Slowverflow/x/devs/reilly-digital/dotnet/enumerations.options/src/Enumerations.Options.Benchmarks/bin/Debug/net10.0/Enumerations.Options.Benchmarks-.NET 10.0-1/" /p:OutDir="/media/andrew/Slowverflow/x/devs/reilly-digital/dotnet/enumerations.options/src/Enumerations.Options.Benchmarks/bin/Debug/net10.0/Enumerations.Options.Benchmarks-.NET 10.0-1/bin/Release/net10.0/" /p:OutputPath="/media/andrew/Slowverflow/x/devs/reilly-digital/dotnet/enumerations.options/src/Enumerations.Options.Benchmarks/bin/Debug/net10.0/Enumerations.Options.Benchmarks-.NET 10.0-1/bin/Release/net10.0/" /p:PublishDir="/media/andrew/Slowverflow/x/devs/reilly-digital/dotnet/enumerations.options/src/Enumerations.Options.Benchmarks/bin/Debug/net10.0/Enumerations.Options.Benchmarks-.NET 10.0-1/publish/" --output "/media/andrew/Slowverflow/x/devs/reilly-digital/dotnet/enumerations.options/src/Enumerations.Options.Benchmarks/bin/Debug/net10.0/Enumerations.Options.Benchmarks-.NET 10.0-1/bin/Release/net10.0/" in /media/andrew/Slowverflow/x/devs/reilly-digital/dotnet/enumerations.options/src/Enumerations.Options.Benchmarks/bin/Debug/net10.0/Enumerations.Options.Benchmarks-.NET 10.0-1
// command took 7.88 sec and exited with 0
// ***** Done, took 00:00:09 (9.32 sec)   *****
// Found 91 benchmarks:
//   Scenario1.S1_CheckOptionStringErrorNoMessage_ArdalisResult: .NET 10.0(Runtime=.NET 10.0, IterationTime=100ms) [Iterations=2]
//   Scenario1.S1_CheckOptionStringErrorNoMessage_EnumerationsOptionsBoxed: .NET 10.0(Runtime=.NET 10.0, IterationTime=100ms) [Iterations=2]
//   Scenario1.S1_CheckOptionStringErrorNoMessage_EnumerationsOptions: .NET 10.0(Runtime=.NET 10.0, IterationTime=100ms) [Iterations=2]
//   Scenario1.S1_CheckOptionStringErrorNoMessage_FluentResults: .NET 10.0(Runtime=.NET 10.0, IterationTime=100ms) [Iterations=2]
//   Scenario1.S1_CheckOptionStringErrorNoMessage_LightResults: .NET 10.0(Runtime=.NET 10.0, IterationTime=100ms) [Iterations=2]
//   Scenario1.S1_CheckOptionStringErrorNoMessage_Rascal: .NET 10.0(Runtime=.NET 10.0, IterationTime=100ms) [Iterations=2]
//   Scenario1.S1_CheckOptionStringErrorNoMessage_SimpleResults: .NET 10.0(Runtime=.NET 10.0, IterationTime=100ms) [Iterations=2]
//   Scenario1.S1_CheckOptionStringErrorWithMessage_ArdalisResult: .NET 10.0(Runtime=.NET 10.0, IterationTime=100ms) [Iterations=2]
//   Scenario1.S1_CheckOptionStringErrorWithMessage_EnumerationsOptionsBoxed: .NET 10.0(Runtime=.NET 10.0, IterationTime=100ms) [Iterations=2]
//   Scenario1.S1_CheckOptionStringErrorWithMessage_EnumerationsOptions: .NET 10.0(Runtime=.NET 10.0, IterationTime=100ms) [Iterations=2]
//   Scenario1.S1_CheckOptionStringErrorWithMessage_FluentResults: .NET 10.0(Runtime=.NET 10.0, IterationTime=100ms) [Iterations=2]
//   Scenario1.S1_CheckOptionStringErrorWithMessage_LightResults: .NET 10.0(Runtime=.NET 10.0, IterationTime=100ms) [Iterations=2]
//   Scenario1.S1_CheckOptionStringErrorWithMessage_Rascal: .NET 10.0(Runtime=.NET 10.0, IterationTime=100ms) [Iterations=2]
//   Scenario1.S1_CheckOptionStringErrorWithMessage_SimpleResults: .NET 10.0(Runtime=.NET 10.0, IterationTime=100ms) [Iterations=2]
//   Scenario1.S1_CheckOptionStringSuccess_ArdalisResult: .NET 10.0(Runtime=.NET 10.0, IterationTime=100ms) [Iterations=2]
//   Scenario1.S1_CheckOptionStringSuccess_EnumerationsOptionsBoxed: .NET 10.0(Runtime=.NET 10.0, IterationTime=100ms) [Iterations=2]
//   Scenario1.S1_CheckOptionStringSuccess_EnumerationsOptions: .NET 10.0(Runtime=.NET 10.0, IterationTime=100ms) [Iterations=2]
//   Scenario1.S1_CheckOptionStringSuccess_FluentResults: .NET 10.0(Runtime=.NET 10.0, IterationTime=100ms) [Iterations=2]
//   Scenario1.S1_CheckOptionStringSuccess_LightResults: .NET 10.0(Runtime=.NET 10.0, IterationTime=100ms) [Iterations=2]
//   Scenario1.S1_CheckOptionStringSuccess_Rascal: .NET 10.0(Runtime=.NET 10.0, IterationTime=100ms) [Iterations=2]
//   Scenario1.S1_CheckOptionStringSuccess_SimpleResults: .NET 10.0(Runtime=.NET 10.0, IterationTime=100ms) [Iterations=2]
//   Scenario1.S1_CheckVoidErrorNoMessage_ArdalisResult: .NET 10.0(Runtime=.NET 10.0, IterationTime=100ms) [Iterations=2]
//   Scenario1.S1_CheckVoidErrorNoMessage_EnumerationsOptionsBoxed: .NET 10.0(Runtime=.NET 10.0, IterationTime=100ms) [Iterations=2]
//   Scenario1.S1_CheckVoidErrorNoMessage_EnumerationsOptions: .NET 10.0(Runtime=.NET 10.0, IterationTime=100ms) [Iterations=2]
//   Scenario1.S1_CheckVoidErrorNoMessage_FluentResults: .NET 10.0(Runtime=.NET 10.0, IterationTime=100ms) [Iterations=2]
//   Scenario1.S1_CheckVoidErrorNoMessage_LightResults: .NET 10.0(Runtime=.NET 10.0, IterationTime=100ms) [Iterations=2]
//   Scenario1.S1_CheckVoidErrorNoMessage_Rascal: .NET 10.0(Runtime=.NET 10.0, IterationTime=100ms) [Iterations=2]
//   Scenario1.S1_CheckVoidErrorNoMessage_SimpleResults: .NET 10.0(Runtime=.NET 10.0, IterationTime=100ms) [Iterations=2]
//   Scenario1.S1_CheckVoidErrorWithMessage_ArdalisResult: .NET 10.0(Runtime=.NET 10.0, IterationTime=100ms) [Iterations=2]
//   Scenario1.S1_CheckVoidErrorWithMessage_EnumerationsOptionsBoxed: .NET 10.0(Runtime=.NET 10.0, IterationTime=100ms) [Iterations=2]
//   Scenario1.S1_CheckVoidErrorWithMessage_EnumerationsOptions: .NET 10.0(Runtime=.NET 10.0, IterationTime=100ms) [Iterations=2]
//   Scenario1.S1_CheckVoidErrorWithMessage_FluentResults: .NET 10.0(Runtime=.NET 10.0, IterationTime=100ms) [Iterations=2]
//   Scenario1.S1_CheckVoidErrorWithMessage_LightResults: .NET 10.0(Runtime=.NET 10.0, IterationTime=100ms) [Iterations=2]
//   Scenario1.S1_CheckVoidErrorWithMessage_Rascal: .NET 10.0(Runtime=.NET 10.0, IterationTime=100ms) [Iterations=2]
//   Scenario1.S1_CheckVoidErrorWithMessage_SimpleResults: .NET 10.0(Runtime=.NET 10.0, IterationTime=100ms) [Iterations=2]
//   Scenario1.S1_CheckVoidSuccess_ArdalisResult: .NET 10.0(Runtime=.NET 10.0, IterationTime=100ms) [Iterations=2]
//   Scenario1.S1_CheckVoidSuccess_EnumerationsOptionsBoxed: .NET 10.0(Runtime=.NET 10.0, IterationTime=100ms) [Iterations=2]
//   Scenario1.S1_CheckVoidSuccess_EnumerationsOptions: .NET 10.0(Runtime=.NET 10.0, IterationTime=100ms) [Iterations=2]
//   Scenario1.S1_CheckVoidSuccess_FluentResults: .NET 10.0(Runtime=.NET 10.0, IterationTime=100ms) [Iterations=2]
//   Scenario1.S1_CheckVoidSuccess_LightResults: .NET 10.0(Runtime=.NET 10.0, IterationTime=100ms) [Iterations=2]
//   Scenario1.S1_CheckVoidSuccess_Rascal: .NET 10.0(Runtime=.NET 10.0, IterationTime=100ms) [Iterations=2]
//   Scenario1.S1_CheckVoidSuccess_SimpleResults: .NET 10.0(Runtime=.NET 10.0, IterationTime=100ms) [Iterations=2]
//   Scenario1.S1_ReturnOptionStringErrorNoMessage_ArdalisResult: .NET 10.0(Runtime=.NET 10.0, IterationTime=100ms) [Iterations=2]
//   Scenario1.S1_ReturnOptionStringErrorNoMessage_EnumerationsOptionsBoxed: .NET 10.0(Runtime=.NET 10.0, IterationTime=100ms) [Iterations=2]
//   Scenario1.S1_ReturnOptionStringErrorNoMessage_EnumerationsOptions: .NET 10.0(Runtime=.NET 10.0, IterationTime=100ms) [Iterations=2]
//   Scenario1.S1_ReturnOptionStringErrorNoMessage_FluentResults: .NET 10.0(Runtime=.NET 10.0, IterationTime=100ms) [Iterations=2]
//   Scenario1.S1_ReturnOptionStringErrorNoMessage_LightResults: .NET 10.0(Runtime=.NET 10.0, IterationTime=100ms) [Iterations=2]
//   Scenario1.S1_ReturnOptionStringErrorNoMessage_Rascal: .NET 10.0(Runtime=.NET 10.0, IterationTime=100ms) [Iterations=2]
//   Scenario1.S1_ReturnOptionStringErrorNoMessage_SimpleResults: .NET 10.0(Runtime=.NET 10.0, IterationTime=100ms) [Iterations=2]
//   Scenario1.S1_ReturnOptionStringErrorWithMessage_ArdalisResult: .NET 10.0(Runtime=.NET 10.0, IterationTime=100ms) [Iterations=2]
//   Scenario1.S1_ReturnOptionStringErrorWithMessage_EnumerationsOptionsBoxed: .NET 10.0(Runtime=.NET 10.0, IterationTime=100ms) [Iterations=2]
//   Scenario1.S1_ReturnOptionStringErrorWithMessage_EnumerationsOptions: .NET 10.0(Runtime=.NET 10.0, IterationTime=100ms) [Iterations=2]
//   Scenario1.S1_ReturnOptionStringErrorWithMessage_FluentResults: .NET 10.0(Runtime=.NET 10.0, IterationTime=100ms) [Iterations=2]
//   Scenario1.S1_ReturnOptionStringErrorWithMessage_LightResults: .NET 10.0(Runtime=.NET 10.0, IterationTime=100ms) [Iterations=2]
//   Scenario1.S1_ReturnOptionStringErrorWithMessage_Rascal: .NET 10.0(Runtime=.NET 10.0, IterationTime=100ms) [Iterations=2]
//   Scenario1.S1_ReturnOptionStringErrorWithMessage_SimpleResults: .NET 10.0(Runtime=.NET 10.0, IterationTime=100ms) [Iterations=2]
//   Scenario1.S1_ReturnOptionStringNone_ArdalisResult: .NET 10.0(Runtime=.NET 10.0, IterationTime=100ms) [Iterations=2]
//   Scenario1.S1_ReturnOptionStringNone_EnumerationsOptionsBoxed: .NET 10.0(Runtime=.NET 10.0, IterationTime=100ms) [Iterations=2]
//   Scenario1.S1_ReturnOptionStringNone_EnumerationsOptions: .NET 10.0(Runtime=.NET 10.0, IterationTime=100ms) [Iterations=2]
//   Scenario1.S1_ReturnOptionStringNone_FluentResults: .NET 10.0(Runtime=.NET 10.0, IterationTime=100ms) [Iterations=2]
//   Scenario1.S1_ReturnOptionStringNone_LightResults: .NET 10.0(Runtime=.NET 10.0, IterationTime=100ms) [Iterations=2]
//   Scenario1.S1_ReturnOptionStringNone_Rascal: .NET 10.0(Runtime=.NET 10.0, IterationTime=100ms) [Iterations=2]
//   Scenario1.S1_ReturnOptionStringNone_SimpleResults: .NET 10.0(Runtime=.NET 10.0, IterationTime=100ms) [Iterations=2]
//   Scenario1.S1_ReturnOptionStringSuccess_ArdalisResult: .NET 10.0(Runtime=.NET 10.0, IterationTime=100ms) [Iterations=2]
//   Scenario1.S1_ReturnOptionStringSuccess_EnumerationsOptionsBoxed: .NET 10.0(Runtime=.NET 10.0, IterationTime=100ms) [Iterations=2]
//   Scenario1.S1_ReturnOptionStringSuccess_EnumerationsOptions: .NET 10.0(Runtime=.NET 10.0, IterationTime=100ms) [Iterations=2]
//   Scenario1.S1_ReturnOptionStringSuccess_FluentResults: .NET 10.0(Runtime=.NET 10.0, IterationTime=100ms) [Iterations=2]
//   Scenario1.S1_ReturnOptionStringSuccess_LightResults: .NET 10.0(Runtime=.NET 10.0, IterationTime=100ms) [Iterations=2]
//   Scenario1.S1_ReturnOptionStringSuccess_Rascal: .NET 10.0(Runtime=.NET 10.0, IterationTime=100ms) [Iterations=2]
//   Scenario1.S1_ReturnOptionStringSuccess_SimpleResults: .NET 10.0(Runtime=.NET 10.0, IterationTime=100ms) [Iterations=2]
//   Scenario1.S1_ReturnVoidErrorNoMessage_ArdalisResult: .NET 10.0(Runtime=.NET 10.0, IterationTime=100ms) [Iterations=2]
//   Scenario1.S1_ReturnVoidErrorNoMessage_EnumerationsOptionsBoxed: .NET 10.0(Runtime=.NET 10.0, IterationTime=100ms) [Iterations=2]
//   Scenario1.S1_ReturnVoidErrorNoMessage_EnumerationsOptions: .NET 10.0(Runtime=.NET 10.0, IterationTime=100ms) [Iterations=2]
//   Scenario1.S1_ReturnVoidErrorNoMessage_FluentResults: .NET 10.0(Runtime=.NET 10.0, IterationTime=100ms) [Iterations=2]
//   Scenario1.S1_ReturnVoidErrorNoMessage_LightResults: .NET 10.0(Runtime=.NET 10.0, IterationTime=100ms) [Iterations=2]
//   Scenario1.S1_ReturnVoidErrorNoMessage_Rascal: .NET 10.0(Runtime=.NET 10.0, IterationTime=100ms) [Iterations=2]
//   Scenario1.S1_ReturnVoidErrorNoMessage_SimpleResults: .NET 10.0(Runtime=.NET 10.0, IterationTime=100ms) [Iterations=2]
//   Scenario1.S1_ReturnVoidErrorWithMessage_ArdalisResult: .NET 10.0(Runtime=.NET 10.0, IterationTime=100ms) [Iterations=2]
//   Scenario1.S1_ReturnVoidErrorWithMessage_EnumerationsOptionsBoxed: .NET 10.0(Runtime=.NET 10.0, IterationTime=100ms) [Iterations=2]
//   Scenario1.S1_ReturnVoidErrorWithMessage_EnumerationsOptions: .NET 10.0(Runtime=.NET 10.0, IterationTime=100ms) [Iterations=2]
//   Scenario1.S1_ReturnVoidErrorWithMessage_FluentResults: .NET 10.0(Runtime=.NET 10.0, IterationTime=100ms) [Iterations=2]
//   Scenario1.S1_ReturnVoidErrorWithMessage_LightResults: .NET 10.0(Runtime=.NET 10.0, IterationTime=100ms) [Iterations=2]
//   Scenario1.S1_ReturnVoidErrorWithMessage_Rascal: .NET 10.0(Runtime=.NET 10.0, IterationTime=100ms) [Iterations=2]
//   Scenario1.S1_ReturnVoidErrorWithMessage_SimpleResults: .NET 10.0(Runtime=.NET 10.0, IterationTime=100ms) [Iterations=2]
//   Scenario1.S1_ReturnVoidSuccess_ArdalisResult: .NET 10.0(Runtime=.NET 10.0, IterationTime=100ms) [Iterations=2]
//   Scenario1.S1_ReturnVoidSuccess_EnumerationsOptionsBoxed: .NET 10.0(Runtime=.NET 10.0, IterationTime=100ms) [Iterations=2]
//   Scenario1.S1_ReturnVoidSuccess_EnumerationsOptions: .NET 10.0(Runtime=.NET 10.0, IterationTime=100ms) [Iterations=2]
//   Scenario1.S1_ReturnVoidSuccess_FluentResults: .NET 10.0(Runtime=.NET 10.0, IterationTime=100ms) [Iterations=2]
//   Scenario1.S1_ReturnVoidSuccess_LightResults: .NET 10.0(Runtime=.NET 10.0, IterationTime=100ms) [Iterations=2]
//   Scenario1.S1_ReturnVoidSuccess_Rascal: .NET 10.0(Runtime=.NET 10.0, IterationTime=100ms) [Iterations=2]
//   Scenario1.S1_ReturnVoidSuccess_SimpleResults: .NET 10.0(Runtime=.NET 10.0, IterationTime=100ms) [Iterations=2]

// **************************
// Benchmark: Scenario1.S1_CheckOptionStringErrorNoMessage_ArdalisResult: .NET 10.0(Runtime=.NET 10.0, IterationTime=100ms) [Iterations=2]
// *** Execute ***
// Launch: 1 / 1
// Execute: dotnet "Enumerations.Options.Benchmarks-.NET 10.0-1.dll" --anonymousPipes 116 118 --benchmarkName "ReillyDigital.Enumerations.Options.Benchmarks.Scenarios.Scenario1.S1_CheckOptionStringErrorNoMessage_ArdalisResult(Iterations: 2)" --job ".NET 10.0" --benchmarkId 0 in /media/andrew/Slowverflow/x/devs/reilly-digital/dotnet/enumerations.options/src/Enumerations.Options.Benchmarks/bin/Debug/net10.0/Enumerations.Options.Benchmarks-.NET 10.0-1/bin/Release/net10.0
// Failed to set up high priority (Permission denied). In order to run benchmarks with high priority, make sure you have the right permissions.
// BeforeAnythingElse

// Benchmark Process Environment Information:
// BenchmarkDotNet v0.15.8
// Runtime=.NET 10.0.3 (10.0.3, 10.0.326.7603), X64 RyuJIT x86-64-v3
// GC=Concurrent Workstation
// HardwareIntrinsics=AVX2+BMI1+BMI2+F16C+FMA+LZCNT+MOVBE,AVX,SSE3+SSSE3+SSE4.1+SSE4.2+POPCNT,X86Base+SSE+SSE2,AES+PCLMUL VectorSize=256
// Job: .NET 10.0(IterationTime=100ms)

OverheadJitting  1: 1 op, 178138.00 ns, 178.1380 us/op
WorkloadJitting  1: 1 op, 2784171.00 ns, 2.7842 ms/op

OverheadJitting  2: 16 op, 242229.00 ns, 15.1393 us/op
WorkloadJitting  2: 16 op, 240134.00 ns, 15.0084 us/op

WorkloadPilot    1: 16 op, 3086.00 ns, 192.8750 ns/op
WorkloadPilot    2: 518480 op, 55580880.00 ns, 107.1997 ns/op
WorkloadPilot    3: 932848 op, 93674610.00 ns, 100.4179 ns/op
WorkloadPilot    4: 995840 op, 50261018.00 ns, 50.4710 ns/op
WorkloadPilot    5: 1981344 op, 38586943.00 ns, 19.4751 ns/op
WorkloadPilot    6: 5134752 op, 98543249.00 ns, 19.1914 ns/op
WorkloadPilot    7: 5210672 op, 99064516.00 ns, 19.0119 ns/op
WorkloadPilot    8: 5259888 op, 100936610.00 ns, 19.1899 ns/op
WorkloadPilot    9: 5211088 op, 99566306.00 ns, 19.1066 ns/op
WorkloadPilot   10: 5233792 op, 100508950.00 ns, 19.2038 ns/op
WorkloadPilot   11: 5207296 op, 99402766.00 ns, 19.0891 ns/op
WorkloadPilot   12: 5238592 op, 102431641.00 ns, 19.5533 ns/op

OverheadWarmup   1: 5238592 op, 13383161.00 ns, 2.5547 ns/op
OverheadWarmup   2: 5238592 op, 13411113.00 ns, 2.5601 ns/op
OverheadWarmup   3: 5238592 op, 13271970.00 ns, 2.5335 ns/op
OverheadWarmup   4: 5238592 op, 13864562.00 ns, 2.6466 ns/op
OverheadWarmup   5: 5238592 op, 13415061.00 ns, 2.5608 ns/op

OverheadActual   1: 5238592 op, 13283482.00 ns, 2.5357 ns/op
OverheadActual   2: 5238592 op, 13336602.00 ns, 2.5458 ns/op
OverheadActual   3: 5238592 op, 13192539.00 ns, 2.5183 ns/op
OverheadActual   4: 5238592 op, 13374334.00 ns, 2.5530 ns/op
OverheadActual   5: 5238592 op, 13897324.00 ns, 2.6529 ns/op
OverheadActual   6: 5238592 op, 13246722.00 ns, 2.5287 ns/op
OverheadActual   7: 5238592 op, 13648412.00 ns, 2.6054 ns/op
OverheadActual   8: 5238592 op, 14280099.00 ns, 2.7259 ns/op
OverheadActual   9: 5238592 op, 13168023.00 ns, 2.5137 ns/op
OverheadActual  10: 5238592 op, 13146192.00 ns, 2.5095 ns/op
OverheadActual  11: 5238592 op, 13110314.00 ns, 2.5026 ns/op
OverheadActual  12: 5238592 op, 13042285.00 ns, 2.4897 ns/op
OverheadActual  13: 5238592 op, 13361911.00 ns, 2.5507 ns/op
OverheadActual  14: 5238592 op, 13021256.00 ns, 2.4856 ns/op
OverheadActual  15: 5238592 op, 15805267.00 ns, 3.0171 ns/op

WorkloadWarmup   1: 5238592 op, 104112584.00 ns, 19.8742 ns/op
WorkloadWarmup   2: 5238592 op, 101901948.00 ns, 19.4522 ns/op
WorkloadWarmup   3: 5238592 op, 100757591.00 ns, 19.2337 ns/op
WorkloadWarmup   4: 5238592 op, 100705743.00 ns, 19.2238 ns/op
WorkloadWarmup   5: 5238592 op, 99643161.00 ns, 19.0210 ns/op
WorkloadWarmup   6: 5238592 op, 99259174.00 ns, 18.9477 ns/op
WorkloadWarmup   7: 5238592 op, 99841847.00 ns, 19.0589 ns/op
WorkloadWarmup   8: 5238592 op, 99554693.00 ns, 19.0041 ns/op
WorkloadWarmup   9: 5238592 op, 100071723.00 ns, 19.1028 ns/op
WorkloadWarmup  10: 5238592 op, 99797112.00 ns, 19.0504 ns/op

// BeforeActualRun
WorkloadActual   1: 5238592 op, 104182567.00 ns, 19.8875 ns/op
WorkloadActual   2: 5238592 op, 99668249.00 ns, 19.0258 ns/op
WorkloadActual   3: 5238592 op, 101918589.00 ns, 19.4553 ns/op
WorkloadActual   4: 5238592 op, 121427559.00 ns, 23.1794 ns/op
WorkloadActual   5: 5238592 op, 120255319.00 ns, 22.9557 ns/op
WorkloadActual   6: 5238592 op, 102034289.00 ns, 19.4774 ns/op
WorkloadActual   7: 5238592 op, 102419278.00 ns, 19.5509 ns/op
WorkloadActual   8: 5238592 op, 101403885.00 ns, 19.3571 ns/op
WorkloadActual   9: 5238592 op, 102129238.00 ns, 19.4956 ns/op
WorkloadActual  10: 5238592 op, 101886950.00 ns, 19.4493 ns/op
WorkloadActual  11: 5238592 op, 98340074.00 ns, 18.7722 ns/op
WorkloadActual  12: 5238592 op, 98784465.00 ns, 18.8571 ns/op
WorkloadActual  13: 5238592 op, 98305017.00 ns, 18.7655 ns/op
WorkloadActual  14: 5238592 op, 98942895.00 ns, 18.8873 ns/op
WorkloadActual  15: 5238592 op, 98492012.00 ns, 18.8012 ns/op
WorkloadActual  16: 5238592 op, 99039618.00 ns, 18.9058 ns/op
WorkloadActual  17: 5238592 op, 100624139.00 ns, 19.2082 ns/op

// AfterActualRun
WorkloadResult   1: 5238592 op, 90899085.00 ns, 17.3518 ns/op
WorkloadResult   2: 5238592 op, 86384767.00 ns, 16.4901 ns/op
WorkloadResult   3: 5238592 op, 88635107.00 ns, 16.9196 ns/op
WorkloadResult   4: 5238592 op, 88750807.00 ns, 16.9417 ns/op
WorkloadResult   5: 5238592 op, 89135796.00 ns, 17.0152 ns/op
WorkloadResult   6: 5238592 op, 88120403.00 ns, 16.8214 ns/op
WorkloadResult   7: 5238592 op, 88845756.00 ns, 16.9599 ns/op
WorkloadResult   8: 5238592 op, 88603468.00 ns, 16.9136 ns/op
WorkloadResult   9: 5238592 op, 85056592.00 ns, 16.2365 ns/op
WorkloadResult  10: 5238592 op, 85500983.00 ns, 16.3214 ns/op
WorkloadResult  11: 5238592 op, 85021535.00 ns, 16.2298 ns/op
WorkloadResult  12: 5238592 op, 85659413.00 ns, 16.3516 ns/op
WorkloadResult  13: 5238592 op, 85208530.00 ns, 16.2655 ns/op
WorkloadResult  14: 5238592 op, 85756136.00 ns, 16.3701 ns/op
WorkloadResult  15: 5238592 op, 87340657.00 ns, 16.6725 ns/op
// GC:  90 0 0 754357248 5238592
// Threading:  0 0 5238592

// AfterAll
// Benchmark Process 11889 has exited with code 0.

Mean = 16.657 ns, StdErr = 0.092 ns (0.55%), N = 15, StdDev = 0.356 ns
Min = 16.230 ns, Q1 = 16.336 ns, Median = 16.673 ns, Q3 = 16.931 ns, Max = 17.352 ns
IQR = 0.594 ns, LowerFence = 15.445 ns, UpperFence = 17.822 ns
ConfidenceInterval = [16.277 ns; 17.038 ns] (CI 99.9%), Margin = 0.381 ns (2.28% of Mean)
Skewness = 0.24, Kurtosis = 1.62, MValue = 2

// ** Remained 90 (98.9%) benchmark(s) to run. Estimated finish 2026-03-01 10:00 (0h 6m from now) **
// **************************
// Benchmark: Scenario1.S1_CheckOptionStringErrorNoMessage_EnumerationsOptionsBoxed: .NET 10.0(Runtime=.NET 10.0, IterationTime=100ms) [Iterations=2]
// *** Execute ***
// Launch: 1 / 1
// Execute: dotnet "Enumerations.Options.Benchmarks-.NET 10.0-1.dll" --anonymousPipes 116 118 --benchmarkName "ReillyDigital.Enumerations.Options.Benchmarks.Scenarios.Scenario1.S1_CheckOptionStringErrorNoMessage_EnumerationsOptionsBoxed(Iterations: 2)" --job ".NET 10.0" --benchmarkId 1 in /media/andrew/Slowverflow/x/devs/reilly-digital/dotnet/enumerations.options/src/Enumerations.Options.Benchmarks/bin/Debug/net10.0/Enumerations.Options.Benchmarks-.NET 10.0-1/bin/Release/net10.0
// Failed to set up high priority (Permission denied). In order to run benchmarks with high priority, make sure you have the right permissions.
// BeforeAnythingElse

// Benchmark Process Environment Information:
// BenchmarkDotNet v0.15.8
// Runtime=.NET 10.0.3 (10.0.3, 10.0.326.7603), X64 RyuJIT x86-64-v3
// GC=Concurrent Workstation
// HardwareIntrinsics=AVX2+BMI1+BMI2+F16C+FMA+LZCNT+MOVBE,AVX,SSE3+SSSE3+SSE4.1+SSE4.2+POPCNT,X86Base+SSE+SSE2,AES+PCLMUL VectorSize=256
// Job: .NET 10.0(IterationTime=100ms)

OverheadJitting  1: 1 op, 151938.00 ns, 151.9380 us/op
WorkloadJitting  1: 1 op, 2446874.00 ns, 2.4469 ms/op

OverheadJitting  2: 16 op, 202875.00 ns, 12.6797 us/op
WorkloadJitting  2: 16 op, 200259.00 ns, 12.5162 us/op

WorkloadPilot    1: 16 op, 971.00 ns, 60.6875 ns/op
WorkloadPilot    2: 1647792 op, 55366335.00 ns, 33.6003 ns/op
WorkloadPilot    3: 2976176 op, 99086177.00 ns, 33.2931 ns/op
WorkloadPilot    4: 3003632 op, 32168200.00 ns, 10.7098 ns/op
WorkloadPilot    5: 9337280 op, 16293932.00 ns, 1.7450 ns/op
WorkloadPilot    6: 57305264 op, 99862727.00 ns, 1.7426 ns/op
WorkloadPilot    7: 57384048 op, 100230323.00 ns, 1.7467 ns/op
WorkloadPilot    8: 57252192 op, 99597995.00 ns, 1.7396 ns/op
WorkloadPilot    9: 57483280 op, 100111318.00 ns, 1.7416 ns/op
WorkloadPilot   10: 57419376 op, 99897883.00 ns, 1.7398 ns/op
WorkloadPilot   11: 57478080 op, 100111669.00 ns, 1.7417 ns/op

OverheadWarmup   1: 57478080 op, 155272624.00 ns, 2.7014 ns/op
OverheadWarmup   2: 57478080 op, 107749380.00 ns, 1.8746 ns/op
OverheadWarmup   3: 57478080 op, 86448507.00 ns, 1.5040 ns/op
OverheadWarmup   4: 57478080 op, 86204876.00 ns, 1.4998 ns/op
OverheadWarmup   5: 57478080 op, 86383464.00 ns, 1.5029 ns/op
OverheadWarmup   6: 57478080 op, 86172434.00 ns, 1.4992 ns/op
OverheadWarmup   7: 57478080 op, 86235494.00 ns, 1.5003 ns/op
OverheadWarmup   8: 57478080 op, 86423490.00 ns, 1.5036 ns/op
OverheadWarmup   9: 57478080 op, 86151545.00 ns, 1.4989 ns/op

OverheadActual   1: 57478080 op, 88302317.00 ns, 1.5363 ns/op
OverheadActual   2: 57478080 op, 86205307.00 ns, 1.4998 ns/op
OverheadActual   3: 57478080 op, 86448277.00 ns, 1.5040 ns/op
OverheadActual   4: 57478080 op, 86173416.00 ns, 1.4992 ns/op
OverheadActual   5: 57478080 op, 86222509.00 ns, 1.5001 ns/op
OverheadActual   6: 57478080 op, 86370500.00 ns, 1.5027 ns/op
OverheadActual   7: 57478080 op, 86994972.00 ns, 1.5135 ns/op
OverheadActual   8: 57478080 op, 86402170.00 ns, 1.5032 ns/op
OverheadActual   9: 57478080 op, 86268436.00 ns, 1.5009 ns/op
OverheadActual  10: 57478080 op, 86428329.00 ns, 1.5037 ns/op
OverheadActual  11: 57478080 op, 86191821.00 ns, 1.4996 ns/op
OverheadActual  12: 57478080 op, 86464337.00 ns, 1.5043 ns/op
OverheadActual  13: 57478080 op, 86166253.00 ns, 1.4991 ns/op
OverheadActual  14: 57478080 op, 86249471.00 ns, 1.5006 ns/op
OverheadActual  15: 57478080 op, 87821357.00 ns, 1.5279 ns/op

WorkloadWarmup   1: 57478080 op, 119010512.00 ns, 2.0705 ns/op
WorkloadWarmup   2: 57478080 op, 101738568.00 ns, 1.7700 ns/op
WorkloadWarmup   3: 57478080 op, 102397887.00 ns, 1.7815 ns/op
WorkloadWarmup   4: 57478080 op, 100415203.00 ns, 1.7470 ns/op
WorkloadWarmup   5: 57478080 op, 100226716.00 ns, 1.7437 ns/op
WorkloadWarmup   6: 57478080 op, 100542203.00 ns, 1.7492 ns/op
WorkloadWarmup   7: 57478080 op, 100188283.00 ns, 1.7431 ns/op

// BeforeActualRun
WorkloadActual   1: 57478080 op, 101290010.00 ns, 1.7622 ns/op
WorkloadActual   2: 57478080 op, 107017744.00 ns, 1.8619 ns/op
WorkloadActual   3: 57478080 op, 105824415.00 ns, 1.8411 ns/op
WorkloadActual   4: 57478080 op, 101518962.00 ns, 1.7662 ns/op
WorkloadActual   5: 57478080 op, 100008774.00 ns, 1.7399 ns/op
WorkloadActual   6: 57478080 op, 100105747.00 ns, 1.7416 ns/op
WorkloadActual   7: 57478080 op, 99998765.00 ns, 1.7398 ns/op
WorkloadActual   8: 57478080 op, 101046599.00 ns, 1.7580 ns/op
WorkloadActual   9: 57478080 op, 102064075.00 ns, 1.7757 ns/op
WorkloadActual  10: 57478080 op, 100676788.00 ns, 1.7516 ns/op
WorkloadActual  11: 57478080 op, 101589476.00 ns, 1.7674 ns/op
WorkloadActual  12: 57478080 op, 100218590.00 ns, 1.7436 ns/op
WorkloadActual  13: 57478080 op, 101139604.00 ns, 1.7596 ns/op
WorkloadActual  14: 57478080 op, 104304608.00 ns, 1.8147 ns/op
WorkloadActual  15: 57478080 op, 100176060.00 ns, 1.7429 ns/op

// AfterActualRun
WorkloadResult   1: 57478080 op, 14919510.00 ns, 0.2596 ns/op
WorkloadResult   2: 57478080 op, 15148462.00 ns, 0.2636 ns/op
WorkloadResult   3: 57478080 op, 13638274.00 ns, 0.2373 ns/op
WorkloadResult   4: 57478080 op, 13735247.00 ns, 0.2390 ns/op
WorkloadResult   5: 57478080 op, 13628265.00 ns, 0.2371 ns/op
WorkloadResult   6: 57478080 op, 14676099.00 ns, 0.2553 ns/op
WorkloadResult   7: 57478080 op, 15693575.00 ns, 0.2730 ns/op
WorkloadResult   8: 57478080 op, 14306288.00 ns, 0.2489 ns/op
WorkloadResult   9: 57478080 op, 15218976.00 ns, 0.2648 ns/op
WorkloadResult  10: 57478080 op, 13848090.00 ns, 0.2409 ns/op
WorkloadResult  11: 57478080 op, 14769104.00 ns, 0.2570 ns/op
WorkloadResult  12: 57478080 op, 13805560.00 ns, 0.2402 ns/op
// GC:  0 0 0 0 57478080
// Threading:  0 0 57478080

// AfterAll
// Benchmark Process 11938 has exited with code 0.

Mean = 0.251 ns, StdErr = 0.004 ns (1.43%), N = 12, StdDev = 0.012 ns
Min = 0.237 ns, Q1 = 0.240 ns, Median = 0.252 ns, Q3 = 0.261 ns, Max = 0.273 ns
IQR = 0.021 ns, LowerFence = 0.209 ns, UpperFence = 0.292 ns
ConfidenceInterval = [0.235 ns; 0.267 ns] (CI 99.9%), Margin = 0.016 ns (6.35% of Mean)
Skewness = 0.21, Kurtosis = 1.43, MValue = 2

// ** Remained 89 (97.8%) benchmark(s) to run. Estimated finish 2026-03-01 10:01 (0h 7m from now) **
// **************************
// Benchmark: Scenario1.S1_CheckOptionStringErrorNoMessage_EnumerationsOptions: .NET 10.0(Runtime=.NET 10.0, IterationTime=100ms) [Iterations=2]
// *** Execute ***
// Launch: 1 / 1
// Execute: dotnet "Enumerations.Options.Benchmarks-.NET 10.0-1.dll" --anonymousPipes 116 118 --benchmarkName "ReillyDigital.Enumerations.Options.Benchmarks.Scenarios.Scenario1.S1_CheckOptionStringErrorNoMessage_EnumerationsOptions(Iterations: 2)" --job ".NET 10.0" --benchmarkId 2 in /media/andrew/Slowverflow/x/devs/reilly-digital/dotnet/enumerations.options/src/Enumerations.Options.Benchmarks/bin/Debug/net10.0/Enumerations.Options.Benchmarks-.NET 10.0-1/bin/Release/net10.0
// Failed to set up high priority (Permission denied). In order to run benchmarks with high priority, make sure you have the right permissions.
// BeforeAnythingElse

// Benchmark Process Environment Information:
// BenchmarkDotNet v0.15.8
// Runtime=.NET 10.0.3 (10.0.3, 10.0.326.7603), X64 RyuJIT x86-64-v3
// GC=Concurrent Workstation
// HardwareIntrinsics=AVX2+BMI1+BMI2+F16C+FMA+LZCNT+MOVBE,AVX,SSE3+SSSE3+SSE4.1+SSE4.2+POPCNT,X86Base+SSE+SSE2,AES+PCLMUL VectorSize=256
// Job: .NET 10.0(IterationTime=100ms)

OverheadJitting  1: 1 op, 154793.00 ns, 154.7930 us/op
WorkloadJitting  1: 1 op, 3380500.00 ns, 3.3805 ms/op

OverheadJitting  2: 16 op, 214205.00 ns, 13.3878 us/op
WorkloadJitting  2: 16 op, 197013.00 ns, 12.3133 us/op

WorkloadPilot    1: 16 op, 2294.00 ns, 143.3750 ns/op
WorkloadPilot    2: 697472 op, 70897181.00 ns, 101.6488 ns/op
WorkloadPilot    3: 983792 op, 84248231.00 ns, 85.6362 ns/op
WorkloadPilot    4: 1167744 op, 2073446.00 ns, 1.7756 ns/op
WorkloadPilot    5: 56319008 op, 99902312.00 ns, 1.7739 ns/op
WorkloadPilot    6: 56374080 op, 99611822.00 ns, 1.7670 ns/op
WorkloadPilot    7: 56593776 op, 99833451.00 ns, 1.7640 ns/op
WorkloadPilot    8: 56688192 op, 99984427.00 ns, 1.7638 ns/op
WorkloadPilot    9: 56697024 op, 100437976.00 ns, 1.7715 ns/op
WorkloadPilot   10: 56449792 op, 99623133.00 ns, 1.7648 ns/op
WorkloadPilot   11: 56663344 op, 101027572.00 ns, 1.7829 ns/op
WorkloadPilot   12: 56087024 op, 99716931.00 ns, 1.7779 ns/op
WorkloadPilot   13: 56246240 op, 100612156.00 ns, 1.7888 ns/op

OverheadWarmup   1: 56246240 op, 153859517.00 ns, 2.7355 ns/op
OverheadWarmup   2: 56246240 op, 106402680.00 ns, 1.8917 ns/op
OverheadWarmup   3: 56246240 op, 84969006.00 ns, 1.5107 ns/op
OverheadWarmup   4: 56246240 op, 84842577.00 ns, 1.5084 ns/op
OverheadWarmup   5: 56246240 op, 84910405.00 ns, 1.5096 ns/op
OverheadWarmup   6: 56246240 op, 85555567.00 ns, 1.5211 ns/op
OverheadWarmup   7: 56246240 op, 85558622.00 ns, 1.5211 ns/op
OverheadWarmup   8: 56246240 op, 85255669.00 ns, 1.5158 ns/op
OverheadWarmup   9: 56246240 op, 85338595.00 ns, 1.5172 ns/op
OverheadWarmup  10: 56246240 op, 85083944.00 ns, 1.5127 ns/op

OverheadActual   1: 56246240 op, 85479733.00 ns, 1.5197 ns/op
OverheadActual   2: 56246240 op, 85193311.00 ns, 1.5146 ns/op
OverheadActual   3: 56246240 op, 84931986.00 ns, 1.5100 ns/op
OverheadActual   4: 56246240 op, 86030385.00 ns, 1.5295 ns/op
OverheadActual   5: 56246240 op, 86160041.00 ns, 1.5318 ns/op
OverheadActual   6: 56246240 op, 85192399.00 ns, 1.5146 ns/op
OverheadActual   7: 56246240 op, 84867554.00 ns, 1.5089 ns/op
OverheadActual   8: 56246240 op, 98193035.00 ns, 1.7458 ns/op
OverheadActual   9: 56246240 op, 89014947.00 ns, 1.5826 ns/op
OverheadActual  10: 56246240 op, 85649053.00 ns, 1.5228 ns/op
OverheadActual  11: 56246240 op, 85571797.00 ns, 1.5214 ns/op
OverheadActual  12: 56246240 op, 85657620.00 ns, 1.5229 ns/op
OverheadActual  13: 56246240 op, 85487167.00 ns, 1.5199 ns/op
OverheadActual  14: 56246240 op, 85363563.00 ns, 1.5177 ns/op
OverheadActual  15: 56246240 op, 84951323.00 ns, 1.5103 ns/op

WorkloadWarmup   1: 56246240 op, 100383804.00 ns, 1.7847 ns/op
WorkloadWarmup   2: 56246240 op, 100559246.00 ns, 1.7878 ns/op
WorkloadWarmup   3: 56246240 op, 99834974.00 ns, 1.7750 ns/op
WorkloadWarmup   4: 56246240 op, 99733312.00 ns, 1.7732 ns/op
WorkloadWarmup   5: 56246240 op, 100269797.00 ns, 1.7827 ns/op
WorkloadWarmup   6: 56246240 op, 100210446.00 ns, 1.7816 ns/op

// BeforeActualRun
WorkloadActual   1: 56246240 op, 99648972.00 ns, 1.7717 ns/op
WorkloadActual   2: 56246240 op, 99781153.00 ns, 1.7740 ns/op
WorkloadActual   3: 56246240 op, 100119102.00 ns, 1.7800 ns/op
WorkloadActual   4: 56246240 op, 99933080.00 ns, 1.7767 ns/op
WorkloadActual   5: 56246240 op, 100012400.00 ns, 1.7781 ns/op
WorkloadActual   6: 56246240 op, 99759832.00 ns, 1.7736 ns/op
WorkloadActual   7: 56246240 op, 99824575.00 ns, 1.7748 ns/op
WorkloadActual   8: 56246240 op, 99793726.00 ns, 1.7742 ns/op
WorkloadActual   9: 56246240 op, 99600080.00 ns, 1.7708 ns/op
WorkloadActual  10: 56246240 op, 99432562.00 ns, 1.7678 ns/op
WorkloadActual  11: 56246240 op, 99259354.00 ns, 1.7647 ns/op
WorkloadActual  12: 56246240 op, 112559488.00 ns, 2.0012 ns/op
WorkloadActual  13: 56246240 op, 108397096.00 ns, 1.9272 ns/op
WorkloadActual  14: 56246240 op, 99701271.00 ns, 1.7726 ns/op
WorkloadActual  15: 56246240 op, 100061323.00 ns, 1.7790 ns/op

// AfterActualRun
WorkloadResult   1: 56246240 op, 14161805.00 ns, 0.2518 ns/op
WorkloadResult   2: 56246240 op, 14293986.00 ns, 0.2541 ns/op
WorkloadResult   3: 56246240 op, 14631935.00 ns, 0.2601 ns/op
WorkloadResult   4: 56246240 op, 14445913.00 ns, 0.2568 ns/op
WorkloadResult   5: 56246240 op, 14525233.00 ns, 0.2582 ns/op
WorkloadResult   6: 56246240 op, 14272665.00 ns, 0.2538 ns/op
WorkloadResult   7: 56246240 op, 14337408.00 ns, 0.2549 ns/op
WorkloadResult   8: 56246240 op, 14306559.00 ns, 0.2544 ns/op
WorkloadResult   9: 56246240 op, 14112913.00 ns, 0.2509 ns/op
WorkloadResult  10: 56246240 op, 13945395.00 ns, 0.2479 ns/op
WorkloadResult  11: 56246240 op, 13772187.00 ns, 0.2449 ns/op
WorkloadResult  12: 56246240 op, 14214104.00 ns, 0.2527 ns/op
WorkloadResult  13: 56246240 op, 14574156.00 ns, 0.2591 ns/op
// GC:  0 0 0 0 56246240
// Threading:  0 0 56246240

// AfterAll
// Benchmark Process 11970 has exited with code 0.

Mean = 0.254 ns, StdErr = 0.001 ns (0.48%), N = 13, StdDev = 0.004 ns
Min = 0.245 ns, Q1 = 0.252 ns, Median = 0.254 ns, Q3 = 0.257 ns, Max = 0.260 ns
IQR = 0.005 ns, LowerFence = 0.244 ns, UpperFence = 0.264 ns
ConfidenceInterval = [0.249 ns; 0.259 ns] (CI 99.9%), Margin = 0.005 ns (2.05% of Mean)
Skewness = -0.41, Kurtosis = 2.28, MValue = 2

// ** Remained 88 (96.7%) benchmark(s) to run. Estimated finish 2026-03-01 10:01 (0h 7m from now) **
// **************************
// Benchmark: Scenario1.S1_CheckOptionStringErrorNoMessage_FluentResults: .NET 10.0(Runtime=.NET 10.0, IterationTime=100ms) [Iterations=2]
// *** Execute ***
// Launch: 1 / 1
// Execute: dotnet "Enumerations.Options.Benchmarks-.NET 10.0-1.dll" --anonymousPipes 116 118 --benchmarkName "ReillyDigital.Enumerations.Options.Benchmarks.Scenarios.Scenario1.S1_CheckOptionStringErrorNoMessage_FluentResults(Iterations: 2)" --job ".NET 10.0" --benchmarkId 3 in /media/andrew/Slowverflow/x/devs/reilly-digital/dotnet/enumerations.options/src/Enumerations.Options.Benchmarks/bin/Debug/net10.0/Enumerations.Options.Benchmarks-.NET 10.0-1/bin/Release/net10.0
// Failed to set up high priority (Permission denied). In order to run benchmarks with high priority, make sure you have the right permissions.
// BeforeAnythingElse

// Benchmark Process Environment Information:
// BenchmarkDotNet v0.15.8
// Runtime=.NET 10.0.3 (10.0.3, 10.0.326.7603), X64 RyuJIT x86-64-v3
// GC=Concurrent Workstation
// HardwareIntrinsics=AVX2+BMI1+BMI2+F16C+FMA+LZCNT+MOVBE,AVX,SSE3+SSSE3+SSE4.1+SSE4.2+POPCNT,X86Base+SSE+SSE2,AES+PCLMUL VectorSize=256
// Job: .NET 10.0(IterationTime=100ms)

OverheadJitting  1: 1 op, 149383.00 ns, 149.3830 us/op
WorkloadJitting  1: 1 op, 4065628.00 ns, 4.0656 ms/op

OverheadJitting  2: 16 op, 225066.00 ns, 14.0666 us/op
WorkloadJitting  2: 16 op, 238251.00 ns, 14.8907 us/op

WorkloadPilot    1: 16 op, 35477.00 ns, 2.2173 us/op
WorkloadPilot    2: 45104 op, 44675351.00 ns, 990.4964 ns/op
WorkloadPilot    3: 100960 op, 94418929.00 ns, 935.2113 ns/op
WorkloadPilot    4: 106928 op, 75845461.00 ns, 709.3134 ns/op
WorkloadPilot    5: 140992 op, 22554336.00 ns, 159.9689 ns/op
WorkloadPilot    6: 625136 op, 91101438.00 ns, 145.7306 ns/op
WorkloadPilot    7: 686208 op, 100969974.00 ns, 147.1419 ns/op
WorkloadPilot    8: 679616 op, 104018816.00 ns, 153.0553 ns/op
WorkloadPilot    9: 653360 op, 93804176.00 ns, 143.5720 ns/op
WorkloadPilot   10: 696528 op, 99972715.00 ns, 143.5301 ns/op
WorkloadPilot   11: 696720 op, 100350961.00 ns, 144.0334 ns/op

OverheadWarmup   1: 696720 op, 1925706.00 ns, 2.7640 ns/op
OverheadWarmup   2: 696720 op, 1937949.00 ns, 2.7815 ns/op
OverheadWarmup   3: 696720 op, 1895499.00 ns, 2.7206 ns/op
OverheadWarmup   4: 696720 op, 1910828.00 ns, 2.7426 ns/op
OverheadWarmup   5: 696720 op, 1916028.00 ns, 2.7501 ns/op
OverheadWarmup   6: 696720 op, 2059410.00 ns, 2.9559 ns/op
OverheadWarmup   7: 696720 op, 1954020.00 ns, 2.8046 ns/op

OverheadActual   1: 696720 op, 1990990.00 ns, 2.8577 ns/op
OverheadActual   2: 696720 op, 1975781.00 ns, 2.8358 ns/op
OverheadActual   3: 696720 op, 1927930.00 ns, 2.7672 ns/op
OverheadActual   4: 696720 op, 2022429.00 ns, 2.9028 ns/op
OverheadActual   5: 696720 op, 1959701.00 ns, 2.8128 ns/op
OverheadActual   6: 696720 op, 1908474.00 ns, 2.7392 ns/op
OverheadActual   7: 696720 op, 2007742.00 ns, 2.8817 ns/op
OverheadActual   8: 696720 op, 1952016.00 ns, 2.8017 ns/op
OverheadActual   9: 696720 op, 2302620.00 ns, 3.3049 ns/op
OverheadActual  10: 696720 op, 1958939.00 ns, 2.8117 ns/op
OverheadActual  11: 696720 op, 1964249.00 ns, 2.8193 ns/op
OverheadActual  12: 696720 op, 1952307.00 ns, 2.8021 ns/op
OverheadActual  13: 696720 op, 1946155.00 ns, 2.7933 ns/op
OverheadActual  14: 696720 op, 1927720.00 ns, 2.7669 ns/op
OverheadActual  15: 696720 op, 1893275.00 ns, 2.7174 ns/op

WorkloadWarmup   1: 696720 op, 107476132.00 ns, 154.2602 ns/op
WorkloadWarmup   2: 696720 op, 106720441.00 ns, 153.1755 ns/op
WorkloadWarmup   3: 696720 op, 101866882.00 ns, 146.2092 ns/op
WorkloadWarmup   4: 696720 op, 100619589.00 ns, 144.4190 ns/op
WorkloadWarmup   5: 696720 op, 98272195.00 ns, 141.0498 ns/op
WorkloadWarmup   6: 696720 op, 98797260.00 ns, 141.8034 ns/op
WorkloadWarmup   7: 696720 op, 97239921.00 ns, 139.5681 ns/op
WorkloadWarmup   8: 696720 op, 97803417.00 ns, 140.3769 ns/op
WorkloadWarmup   9: 696720 op, 97295787.00 ns, 139.6483 ns/op

// BeforeActualRun
WorkloadActual   1: 696720 op, 99781052.00 ns, 143.2154 ns/op
WorkloadActual   2: 696720 op, 103889261.00 ns, 149.1119 ns/op
WorkloadActual   3: 696720 op, 103344980.00 ns, 148.3307 ns/op
WorkloadActual   4: 696720 op, 102864550.00 ns, 147.6412 ns/op
WorkloadActual   5: 696720 op, 102930746.00 ns, 147.7362 ns/op
WorkloadActual   6: 696720 op, 101606618.00 ns, 145.8357 ns/op
WorkloadActual   7: 696720 op, 104575730.00 ns, 150.0972 ns/op
WorkloadActual   8: 696720 op, 107795247.00 ns, 154.7182 ns/op
WorkloadActual   9: 696720 op, 107350535.00 ns, 154.0799 ns/op
WorkloadActual  10: 696720 op, 105686664.00 ns, 151.6917 ns/op
WorkloadActual  11: 696720 op, 109723097.00 ns, 157.4852 ns/op
WorkloadActual  12: 696720 op, 100618868.00 ns, 144.4179 ns/op
WorkloadActual  13: 696720 op, 102335640.00 ns, 146.8820 ns/op
WorkloadActual  14: 696720 op, 102443754.00 ns, 147.0372 ns/op
WorkloadActual  15: 696720 op, 102980139.00 ns, 147.8071 ns/op
WorkloadActual  16: 696720 op, 103256503.00 ns, 148.2037 ns/op
WorkloadActual  17: 696720 op, 103115155.00 ns, 148.0009 ns/op
WorkloadActual  18: 696720 op, 99941216.00 ns, 143.4453 ns/op
WorkloadActual  19: 696720 op, 98516007.00 ns, 141.3997 ns/op
WorkloadActual  20: 696720 op, 98426658.00 ns, 141.2715 ns/op
WorkloadActual  21: 696720 op, 100727144.00 ns, 144.5733 ns/op
WorkloadActual  22: 696720 op, 99215090.00 ns, 142.4031 ns/op
WorkloadActual  23: 696720 op, 97352043.00 ns, 139.7291 ns/op
WorkloadActual  24: 696720 op, 97284896.00 ns, 139.6327 ns/op
WorkloadActual  25: 696720 op, 108761566.00 ns, 156.1051 ns/op
WorkloadActual  26: 696720 op, 110960400.00 ns, 159.2611 ns/op
WorkloadActual  27: 696720 op, 107919252.00 ns, 154.8962 ns/op
WorkloadActual  28: 696720 op, 99345027.00 ns, 142.5896 ns/op
WorkloadActual  29: 696720 op, 98103305.00 ns, 140.8074 ns/op
WorkloadActual  30: 696720 op, 99967486.00 ns, 143.4830 ns/op
WorkloadActual  31: 696720 op, 98540633.00 ns, 141.4351 ns/op
WorkloadActual  32: 696720 op, 98832396.00 ns, 141.8538 ns/op
WorkloadActual  33: 696720 op, 97657511.00 ns, 140.1675 ns/op
WorkloadActual  34: 696720 op, 98950360.00 ns, 142.0231 ns/op
WorkloadActual  35: 696720 op, 98886799.00 ns, 141.9319 ns/op
WorkloadActual  36: 696720 op, 97882668.00 ns, 140.4907 ns/op
WorkloadActual  37: 696720 op, 96845473.00 ns, 139.0020 ns/op
WorkloadActual  38: 696720 op, 98946031.00 ns, 142.0169 ns/op
WorkloadActual  39: 696720 op, 96988805.00 ns, 139.2077 ns/op
WorkloadActual  40: 696720 op, 99293739.00 ns, 142.5160 ns/op

// AfterActualRun
WorkloadResult   1: 696720 op, 97822113.00 ns, 140.4038 ns/op
WorkloadResult   2: 696720 op, 101930322.00 ns, 146.3003 ns/op
WorkloadResult   3: 696720 op, 101386041.00 ns, 145.5191 ns/op
WorkloadResult   4: 696720 op, 100905611.00 ns, 144.8295 ns/op
WorkloadResult   5: 696720 op, 100971807.00 ns, 144.9245 ns/op
WorkloadResult   6: 696720 op, 99647679.00 ns, 143.0240 ns/op
WorkloadResult   7: 696720 op, 102616791.00 ns, 147.2856 ns/op
WorkloadResult   8: 696720 op, 105836308.00 ns, 151.9065 ns/op
WorkloadResult   9: 696720 op, 105391596.00 ns, 151.2682 ns/op
WorkloadResult  10: 696720 op, 103727725.00 ns, 148.8801 ns/op
WorkloadResult  11: 696720 op, 107764158.00 ns, 154.6736 ns/op
WorkloadResult  12: 696720 op, 98659929.00 ns, 141.6063 ns/op
WorkloadResult  13: 696720 op, 100376701.00 ns, 144.0704 ns/op
WorkloadResult  14: 696720 op, 100484815.00 ns, 144.2255 ns/op
WorkloadResult  15: 696720 op, 101021200.00 ns, 144.9954 ns/op
WorkloadResult  16: 696720 op, 101297564.00 ns, 145.3921 ns/op
WorkloadResult  17: 696720 op, 101156216.00 ns, 145.1892 ns/op
WorkloadResult  18: 696720 op, 97982277.00 ns, 140.6337 ns/op
WorkloadResult  19: 696720 op, 96557068.00 ns, 138.5881 ns/op
WorkloadResult  20: 696720 op, 96467719.00 ns, 138.4598 ns/op
WorkloadResult  21: 696720 op, 98768205.00 ns, 141.7617 ns/op
WorkloadResult  22: 696720 op, 97256151.00 ns, 139.5914 ns/op
WorkloadResult  23: 696720 op, 95393104.00 ns, 136.9174 ns/op
WorkloadResult  24: 696720 op, 95325957.00 ns, 136.8210 ns/op
WorkloadResult  25: 696720 op, 106802627.00 ns, 153.2935 ns/op
WorkloadResult  26: 696720 op, 105960313.00 ns, 152.0845 ns/op
WorkloadResult  27: 696720 op, 97386088.00 ns, 139.7779 ns/op
WorkloadResult  28: 696720 op, 96144366.00 ns, 137.9957 ns/op
WorkloadResult  29: 696720 op, 98008547.00 ns, 140.6714 ns/op
WorkloadResult  30: 696720 op, 96581694.00 ns, 138.6234 ns/op
WorkloadResult  31: 696720 op, 96873457.00 ns, 139.0422 ns/op
WorkloadResult  32: 696720 op, 95698572.00 ns, 137.3559 ns/op
WorkloadResult  33: 696720 op, 96991421.00 ns, 139.2115 ns/op
WorkloadResult  34: 696720 op, 96927860.00 ns, 139.1202 ns/op
WorkloadResult  35: 696720 op, 95923729.00 ns, 137.6790 ns/op
WorkloadResult  36: 696720 op, 94886534.00 ns, 136.1903 ns/op
WorkloadResult  37: 696720 op, 96987092.00 ns, 139.2053 ns/op
WorkloadResult  38: 696720 op, 95029866.00 ns, 136.3961 ns/op
WorkloadResult  39: 696720 op, 97334800.00 ns, 139.7043 ns/op
// GC:  59 0 0 501638400 696720
// Threading:  0 0 696720

// AfterAll
// Benchmark Process 12007 has exited with code 0.

Mean = 142.657 ns, StdErr = 0.815 ns (0.57%), N = 39, StdDev = 5.092 ns
Min = 136.190 ns, Q1 = 138.833 ns, Median = 140.671 ns, Q3 = 145.291 ns, Max = 154.674 ns
IQR = 6.458 ns, LowerFence = 129.146 ns, UpperFence = 154.977 ns
ConfidenceInterval = [139.749 ns; 145.564 ns] (CI 99.9%), Margin = 2.908 ns (2.04% of Mean)
Skewness = 0.76, Kurtosis = 2.51, MValue = 2.2

// ** Remained 87 (95.6%) benchmark(s) to run. Estimated finish 2026-03-01 10:01 (0h 7m from now) **
// **************************
// Benchmark: Scenario1.S1_CheckOptionStringErrorNoMessage_LightResults: .NET 10.0(Runtime=.NET 10.0, IterationTime=100ms) [Iterations=2]
// *** Execute ***
// Launch: 1 / 1
// Execute: dotnet "Enumerations.Options.Benchmarks-.NET 10.0-1.dll" --anonymousPipes 116 118 --benchmarkName "ReillyDigital.Enumerations.Options.Benchmarks.Scenarios.Scenario1.S1_CheckOptionStringErrorNoMessage_LightResults(Iterations: 2)" --job ".NET 10.0" --benchmarkId 4 in /media/andrew/Slowverflow/x/devs/reilly-digital/dotnet/enumerations.options/src/Enumerations.Options.Benchmarks/bin/Debug/net10.0/Enumerations.Options.Benchmarks-.NET 10.0-1/bin/Release/net10.0
// Failed to set up high priority (Permission denied). In order to run benchmarks with high priority, make sure you have the right permissions.
// BeforeAnythingElse

// Benchmark Process Environment Information:
// BenchmarkDotNet v0.15.8
// Runtime=.NET 10.0.3 (10.0.3, 10.0.326.7603), X64 RyuJIT x86-64-v3
// GC=Concurrent Workstation
// HardwareIntrinsics=AVX2+BMI1+BMI2+F16C+FMA+LZCNT+MOVBE,AVX,SSE3+SSSE3+SSE4.1+SSE4.2+POPCNT,X86Base+SSE+SSE2,AES+PCLMUL VectorSize=256
// Job: .NET 10.0(IterationTime=100ms)

OverheadJitting  1: 1 op, 152238.00 ns, 152.2380 us/op
WorkloadJitting  1: 1 op, 4185024.00 ns, 4.1850 ms/op

OverheadJitting  2: 16 op, 205359.00 ns, 12.8349 us/op
WorkloadJitting  2: 16 op, 195340.00 ns, 12.2088 us/op

WorkloadPilot    1: 16 op, 1072.00 ns, 67.0000 ns/op
WorkloadPilot    2: 1492544 op, 46780286.00 ns, 31.3427 ns/op
WorkloadPilot    3: 3190544 op, 106118392.00 ns, 33.2603 ns/op
WorkloadPilot    4: 3006592 op, 35155445.00 ns, 11.6928 ns/op
WorkloadPilot    5: 8552288 op, 15013748.00 ns, 1.7555 ns/op
WorkloadPilot    6: 56963056 op, 100074517.00 ns, 1.7568 ns/op
WorkloadPilot    7: 56920640 op, 99623383.00 ns, 1.7502 ns/op
WorkloadPilot    8: 57135824 op, 99928071.00 ns, 1.7490 ns/op
WorkloadPilot    9: 57176960 op, 99724976.00 ns, 1.7441 ns/op
WorkloadPilot   10: 57334656 op, 100211467.00 ns, 1.7478 ns/op

OverheadWarmup   1: 57334656 op, 154872205.00 ns, 2.7012 ns/op
OverheadWarmup   2: 57334656 op, 106166202.00 ns, 1.8517 ns/op
OverheadWarmup   3: 57334656 op, 86064710.00 ns, 1.5011 ns/op
OverheadWarmup   4: 57334656 op, 86612328.00 ns, 1.5106 ns/op
OverheadWarmup   5: 57334656 op, 85989559.00 ns, 1.4998 ns/op
OverheadWarmup   6: 57334656 op, 86135905.00 ns, 1.5023 ns/op
OverheadWarmup   7: 57334656 op, 85977766.00 ns, 1.4996 ns/op

OverheadActual   1: 57334656 op, 85967476.00 ns, 1.4994 ns/op
OverheadActual   2: 57334656 op, 85985170.00 ns, 1.4997 ns/op
OverheadActual   3: 57334656 op, 86359078.00 ns, 1.5062 ns/op
OverheadActual   4: 57334656 op, 92412671.00 ns, 1.6118 ns/op
OverheadActual   5: 57334656 op, 86151404.00 ns, 1.5026 ns/op
OverheadActual   6: 57334656 op, 86106369.00 ns, 1.5018 ns/op
OverheadActual   7: 57334656 op, 86399875.00 ns, 1.5069 ns/op
OverheadActual   8: 57334656 op, 86138851.00 ns, 1.5024 ns/op
OverheadActual   9: 57334656 op, 86454398.00 ns, 1.5079 ns/op
OverheadActual  10: 57334656 op, 86146005.00 ns, 1.5025 ns/op
OverheadActual  11: 57334656 op, 86162416.00 ns, 1.5028 ns/op
OverheadActual  12: 57334656 op, 86114013.00 ns, 1.5020 ns/op
OverheadActual  13: 57334656 op, 86158799.00 ns, 1.5027 ns/op
OverheadActual  14: 57334656 op, 86052558.00 ns, 1.5009 ns/op
OverheadActual  15: 57334656 op, 86151054.00 ns, 1.5026 ns/op

WorkloadWarmup   1: 57334656 op, 100408029.00 ns, 1.7513 ns/op
WorkloadWarmup   2: 57334656 op, 102010744.00 ns, 1.7792 ns/op
WorkloadWarmup   3: 57334656 op, 100526714.00 ns, 1.7533 ns/op
WorkloadWarmup   4: 57334656 op, 100743174.00 ns, 1.7571 ns/op
WorkloadWarmup   5: 57334656 op, 100861198.00 ns, 1.7592 ns/op
WorkloadWarmup   6: 57334656 op, 100823526.00 ns, 1.7585 ns/op

// BeforeActualRun
WorkloadActual   1: 57334656 op, 100516334.00 ns, 1.7532 ns/op
WorkloadActual   2: 57334656 op, 101022192.00 ns, 1.7620 ns/op
WorkloadActual   3: 57334656 op, 101719713.00 ns, 1.7741 ns/op
WorkloadActual   4: 57334656 op, 100858392.00 ns, 1.7591 ns/op
WorkloadActual   5: 57334656 op, 101482253.00 ns, 1.7700 ns/op
WorkloadActual   6: 57334656 op, 102032034.00 ns, 1.7796 ns/op
WorkloadActual   7: 57334656 op, 113238774.00 ns, 1.9750 ns/op
WorkloadActual   8: 57334656 op, 109812657.00 ns, 1.9153 ns/op
WorkloadActual   9: 57334656 op, 101996447.00 ns, 1.7790 ns/op
WorkloadActual  10: 57334656 op, 101348449.00 ns, 1.7677 ns/op
WorkloadActual  11: 57334656 op, 101384960.00 ns, 1.7683 ns/op
WorkloadActual  12: 57334656 op, 101916665.00 ns, 1.7776 ns/op
WorkloadActual  13: 57334656 op, 101430746.00 ns, 1.7691 ns/op
WorkloadActual  14: 57334656 op, 101411930.00 ns, 1.7688 ns/op
WorkloadActual  15: 57334656 op, 101758546.00 ns, 1.7748 ns/op

// AfterActualRun
WorkloadResult   1: 57334656 op, 14365280.00 ns, 0.2506 ns/op
WorkloadResult   2: 57334656 op, 14871138.00 ns, 0.2594 ns/op
WorkloadResult   3: 57334656 op, 15568659.00 ns, 0.2715 ns/op
WorkloadResult   4: 57334656 op, 14707338.00 ns, 0.2565 ns/op
WorkloadResult   5: 57334656 op, 15331199.00 ns, 0.2674 ns/op
WorkloadResult   6: 57334656 op, 15880980.00 ns, 0.2770 ns/op
WorkloadResult   7: 57334656 op, 15845393.00 ns, 0.2764 ns/op
WorkloadResult   8: 57334656 op, 15197395.00 ns, 0.2651 ns/op
WorkloadResult   9: 57334656 op, 15233906.00 ns, 0.2657 ns/op
WorkloadResult  10: 57334656 op, 15765611.00 ns, 0.2750 ns/op
WorkloadResult  11: 57334656 op, 15279692.00 ns, 0.2665 ns/op
WorkloadResult  12: 57334656 op, 15260876.00 ns, 0.2662 ns/op
WorkloadResult  13: 57334656 op, 15607492.00 ns, 0.2722 ns/op
// GC:  0 0 0 0 57334656
// Threading:  0 0 57334656

// AfterAll
// Benchmark Process 12050 has exited with code 0.

Mean = 0.267 ns, StdErr = 0.002 ns (0.82%), N = 13, StdDev = 0.008 ns
Min = 0.251 ns, Q1 = 0.265 ns, Median = 0.267 ns, Q3 = 0.272 ns, Max = 0.277 ns
IQR = 0.007 ns, LowerFence = 0.254 ns, UpperFence = 0.283 ns
ConfidenceInterval = [0.257 ns; 0.276 ns] (CI 99.9%), Margin = 0.009 ns (3.53% of Mean)
Skewness = -0.51, Kurtosis = 2.2, MValue = 2

// ** Remained 86 (94.5%) benchmark(s) to run. Estimated finish 2026-03-01 10:01 (0h 7m from now) **
// **************************
// Benchmark: Scenario1.S1_CheckOptionStringErrorNoMessage_Rascal: .NET 10.0(Runtime=.NET 10.0, IterationTime=100ms) [Iterations=2]
// *** Execute ***
// Launch: 1 / 1
// Execute: dotnet "Enumerations.Options.Benchmarks-.NET 10.0-1.dll" --anonymousPipes 116 118 --benchmarkName "ReillyDigital.Enumerations.Options.Benchmarks.Scenarios.Scenario1.S1_CheckOptionStringErrorNoMessage_Rascal(Iterations: 2)" --job ".NET 10.0" --benchmarkId 5 in /media/andrew/Slowverflow/x/devs/reilly-digital/dotnet/enumerations.options/src/Enumerations.Options.Benchmarks/bin/Debug/net10.0/Enumerations.Options.Benchmarks-.NET 10.0-1/bin/Release/net10.0
// Failed to set up high priority (Permission denied). In order to run benchmarks with high priority, make sure you have the right permissions.
// BeforeAnythingElse

// Benchmark Process Environment Information:
// BenchmarkDotNet v0.15.8
// Runtime=.NET 10.0.3 (10.0.3, 10.0.326.7603), X64 RyuJIT x86-64-v3
// GC=Concurrent Workstation
// HardwareIntrinsics=AVX2+BMI1+BMI2+F16C+FMA+LZCNT+MOVBE,AVX,SSE3+SSSE3+SSE4.1+SSE4.2+POPCNT,X86Base+SSE+SSE2,AES+PCLMUL VectorSize=256
// Job: .NET 10.0(IterationTime=100ms)

OverheadJitting  1: 1 op, 182085.00 ns, 182.0850 us/op
WorkloadJitting  1: 1 op, 2872008.00 ns, 2.8720 ms/op

OverheadJitting  2: 16 op, 241687.00 ns, 15.1054 us/op
WorkloadJitting  2: 16 op, 226920.00 ns, 14.1825 us/op

WorkloadPilot    1: 16 op, 2575.00 ns, 160.9375 ns/op
WorkloadPilot    2: 621360 op, 42043337.00 ns, 67.6634 ns/op
WorkloadPilot    3: 1477904 op, 90292176.00 ns, 61.0948 ns/op
WorkloadPilot    4: 1636816 op, 51800934.00 ns, 31.6474 ns/op
WorkloadPilot    5: 3159824 op, 32166596.00 ns, 10.1799 ns/op
WorkloadPilot    6: 9823312 op, 102113568.00 ns, 10.3950 ns/op
WorkloadPilot    7: 9620000 op, 93467037.00 ns, 9.7159 ns/op
WorkloadPilot    8: 10292400 op, 97369215.00 ns, 9.4603 ns/op
WorkloadPilot    9: 10570496 op, 102257201.00 ns, 9.6738 ns/op
WorkloadPilot   10: 10337168 op, 102410471.00 ns, 9.9070 ns/op

OverheadWarmup   1: 10337168 op, 28135293.00 ns, 2.7218 ns/op
OverheadWarmup   2: 10337168 op, 28078576.00 ns, 2.7163 ns/op
OverheadWarmup   3: 10337168 op, 28129853.00 ns, 2.7212 ns/op
OverheadWarmup   4: 10337168 op, 28088164.00 ns, 2.7172 ns/op
OverheadWarmup   5: 10337168 op, 28453085.00 ns, 2.7525 ns/op
OverheadWarmup   6: 10337168 op, 28847071.00 ns, 2.7906 ns/op
OverheadWarmup   7: 10337168 op, 28795523.00 ns, 2.7856 ns/op

OverheadActual   1: 10337168 op, 28720090.00 ns, 2.7783 ns/op
OverheadActual   2: 10337168 op, 28257715.00 ns, 2.7336 ns/op
OverheadActual   3: 10337168 op, 28076522.00 ns, 2.7161 ns/op
OverheadActual   4: 10337168 op, 28264898.00 ns, 2.7343 ns/op
OverheadActual   5: 10337168 op, 28104565.00 ns, 2.7188 ns/op
OverheadActual   6: 10337168 op, 28084086.00 ns, 2.7168 ns/op
OverheadActual   7: 10337168 op, 28269777.00 ns, 2.7348 ns/op
OverheadActual   8: 10337168 op, 28145593.00 ns, 2.7228 ns/op
OverheadActual   9: 10337168 op, 28049411.00 ns, 2.7135 ns/op
OverheadActual  10: 10337168 op, 27995068.00 ns, 2.7082 ns/op
OverheadActual  11: 10337168 op, 18230088.00 ns, 1.7635 ns/op
OverheadActual  12: 10337168 op, 17282924.00 ns, 1.6719 ns/op
OverheadActual  13: 10337168 op, 17398614.00 ns, 1.6831 ns/op
OverheadActual  14: 10337168 op, 17045114.00 ns, 1.6489 ns/op
OverheadActual  15: 10337168 op, 17189708.00 ns, 1.6629 ns/op
OverheadActual  16: 10337168 op, 17264810.00 ns, 1.6702 ns/op
OverheadActual  17: 10337168 op, 17377734.00 ns, 1.6811 ns/op
OverheadActual  18: 10337168 op, 17276122.00 ns, 1.6713 ns/op
OverheadActual  19: 10337168 op, 17299747.00 ns, 1.6735 ns/op
OverheadActual  20: 10337168 op, 17342417.00 ns, 1.6777 ns/op

WorkloadWarmup   1: 10337168 op, 105068123.00 ns, 10.1641 ns/op
WorkloadWarmup   2: 10337168 op, 107849018.00 ns, 10.4331 ns/op
WorkloadWarmup   3: 10337168 op, 99319068.00 ns, 9.6080 ns/op
WorkloadWarmup   4: 10337168 op, 97818697.00 ns, 9.4628 ns/op
WorkloadWarmup   5: 10337168 op, 99381796.00 ns, 9.6140 ns/op
WorkloadWarmup   6: 10337168 op, 98797599.00 ns, 9.5575 ns/op

// BeforeActualRun
WorkloadActual   1: 10337168 op, 114539948.00 ns, 11.0804 ns/op
WorkloadActual   2: 10337168 op, 103682660.00 ns, 10.0301 ns/op
WorkloadActual   3: 10337168 op, 107482955.00 ns, 10.3977 ns/op
WorkloadActual   4: 10337168 op, 107327631.00 ns, 10.3827 ns/op
WorkloadActual   5: 10337168 op, 110866332.00 ns, 10.7250 ns/op
WorkloadActual   6: 10337168 op, 112748044.00 ns, 10.9071 ns/op
WorkloadActual   7: 10337168 op, 109322018.00 ns, 10.5756 ns/op
WorkloadActual   8: 10337168 op, 107411660.00 ns, 10.3908 ns/op
WorkloadActual   9: 10337168 op, 110786911.00 ns, 10.7173 ns/op
WorkloadActual  10: 10337168 op, 143951948.00 ns, 13.9257 ns/op
WorkloadActual  11: 10337168 op, 108102759.00 ns, 10.4577 ns/op
WorkloadActual  12: 10337168 op, 108806731.00 ns, 10.5258 ns/op
WorkloadActual  13: 10337168 op, 117052795.00 ns, 11.3235 ns/op
WorkloadActual  14: 10337168 op, 109880024.00 ns, 10.6296 ns/op
WorkloadActual  15: 10337168 op, 113564681.00 ns, 10.9861 ns/op
WorkloadActual  16: 10337168 op, 118032250.00 ns, 11.4182 ns/op
WorkloadActual  17: 10337168 op, 108130231.00 ns, 10.4603 ns/op
WorkloadActual  18: 10337168 op, 112481440.00 ns, 10.8813 ns/op
WorkloadActual  19: 10337168 op, 110976962.00 ns, 10.7357 ns/op
WorkloadActual  20: 10337168 op, 107060907.00 ns, 10.3569 ns/op
WorkloadActual  21: 10337168 op, 109675668.00 ns, 10.6098 ns/op
WorkloadActual  22: 10337168 op, 104084090.00 ns, 10.0689 ns/op
WorkloadActual  23: 10337168 op, 106753544.00 ns, 10.3272 ns/op
WorkloadActual  24: 10337168 op, 107400209.00 ns, 10.3897 ns/op
WorkloadActual  25: 10337168 op, 100218800.00 ns, 9.6950 ns/op
WorkloadActual  26: 10337168 op, 102299443.00 ns, 9.8963 ns/op
WorkloadActual  27: 10337168 op, 117705013.00 ns, 11.3866 ns/op
WorkloadActual  28: 10337168 op, 123867320.00 ns, 11.9827 ns/op
WorkloadActual  29: 10337168 op, 113135550.00 ns, 10.9445 ns/op
WorkloadActual  30: 10337168 op, 117599062.00 ns, 11.3763 ns/op
WorkloadActual  31: 10337168 op, 109628160.00 ns, 10.6052 ns/op
WorkloadActual  32: 10337168 op, 105659856.00 ns, 10.2214 ns/op
WorkloadActual  33: 10337168 op, 106891599.00 ns, 10.3405 ns/op
WorkloadActual  34: 10337168 op, 102750919.00 ns, 9.9399 ns/op
WorkloadActual  35: 10337168 op, 100509765.00 ns, 9.7231 ns/op
WorkloadActual  36: 10337168 op, 103501379.00 ns, 10.0125 ns/op
WorkloadActual  37: 10337168 op, 104647088.00 ns, 10.1234 ns/op
WorkloadActual  38: 10337168 op, 98920797.00 ns, 9.5694 ns/op
WorkloadActual  39: 10337168 op, 100711728.00 ns, 9.7427 ns/op
WorkloadActual  40: 10337168 op, 102749807.00 ns, 9.9398 ns/op
WorkloadActual  41: 10337168 op, 101179533.00 ns, 9.7879 ns/op
WorkloadActual  42: 10337168 op, 103210298.00 ns, 9.9844 ns/op
WorkloadActual  43: 10337168 op, 100112493.00 ns, 9.6847 ns/op
WorkloadActual  44: 10337168 op, 137074116.00 ns, 13.2603 ns/op
WorkloadActual  45: 10337168 op, 99270709.00 ns, 9.6033 ns/op
WorkloadActual  46: 10337168 op, 99478282.00 ns, 9.6234 ns/op
WorkloadActual  47: 10337168 op, 97999692.00 ns, 9.4803 ns/op
WorkloadActual  48: 10337168 op, 100510026.00 ns, 9.7232 ns/op
WorkloadActual  49: 10337168 op, 101425600.00 ns, 9.8117 ns/op
WorkloadActual  50: 10337168 op, 100855860.00 ns, 9.7566 ns/op
WorkloadActual  51: 10337168 op, 101808344.00 ns, 9.8488 ns/op
WorkloadActual  52: 10337168 op, 102114172.00 ns, 9.8784 ns/op
WorkloadActual  53: 10337168 op, 103140677.00 ns, 9.9777 ns/op
WorkloadActual  54: 10337168 op, 104655585.00 ns, 10.1242 ns/op
WorkloadActual  55: 10337168 op, 99794020.00 ns, 9.6539 ns/op
WorkloadActual  56: 10337168 op, 103184700.00 ns, 9.9819 ns/op
WorkloadActual  57: 10337168 op, 105950276.00 ns, 10.2494 ns/op
WorkloadActual  58: 10337168 op, 107114230.00 ns, 10.3620 ns/op
WorkloadActual  59: 10337168 op, 105806293.00 ns, 10.2355 ns/op
WorkloadActual  60: 10337168 op, 104106214.00 ns, 10.0711 ns/op
WorkloadActual  61: 10337168 op, 104363021.00 ns, 10.0959 ns/op
WorkloadActual  62: 10337168 op, 108724669.00 ns, 10.5178 ns/op
WorkloadActual  63: 10337168 op, 106737296.00 ns, 10.3256 ns/op
WorkloadActual  64: 10337168 op, 106595408.00 ns, 10.3119 ns/op
WorkloadActual  65: 10337168 op, 108419111.00 ns, 10.4883 ns/op
WorkloadActual  66: 10337168 op, 109801458.00 ns, 10.6220 ns/op
WorkloadActual  67: 10337168 op, 108045824.00 ns, 10.4522 ns/op
WorkloadActual  68: 10337168 op, 107473630.00 ns, 10.3968 ns/op

// AfterActualRun
WorkloadResult   1: 10337168 op, 91427370.00 ns, 8.8445 ns/op
WorkloadResult   2: 10337168 op, 80570082.00 ns, 7.7942 ns/op
WorkloadResult   3: 10337168 op, 84370377.00 ns, 8.1618 ns/op
WorkloadResult   4: 10337168 op, 84215053.00 ns, 8.1468 ns/op
WorkloadResult   5: 10337168 op, 87753754.00 ns, 8.4891 ns/op
WorkloadResult   6: 10337168 op, 89635466.00 ns, 8.6712 ns/op
WorkloadResult   7: 10337168 op, 86209440.00 ns, 8.3398 ns/op
WorkloadResult   8: 10337168 op, 84299082.00 ns, 8.1549 ns/op
WorkloadResult   9: 10337168 op, 87674333.00 ns, 8.4815 ns/op
WorkloadResult  10: 10337168 op, 84990181.00 ns, 8.2218 ns/op
WorkloadResult  11: 10337168 op, 85694153.00 ns, 8.2899 ns/op
WorkloadResult  12: 10337168 op, 93940217.00 ns, 9.0876 ns/op
WorkloadResult  13: 10337168 op, 86767446.00 ns, 8.3937 ns/op
WorkloadResult  14: 10337168 op, 90452103.00 ns, 8.7502 ns/op
WorkloadResult  15: 10337168 op, 94919672.00 ns, 9.1824 ns/op
WorkloadResult  16: 10337168 op, 85017653.00 ns, 8.2245 ns/op
WorkloadResult  17: 10337168 op, 89368862.00 ns, 8.6454 ns/op
WorkloadResult  18: 10337168 op, 87864384.00 ns, 8.4999 ns/op
WorkloadResult  19: 10337168 op, 83948329.00 ns, 8.1210 ns/op
WorkloadResult  20: 10337168 op, 86563090.00 ns, 8.3740 ns/op
WorkloadResult  21: 10337168 op, 80971512.00 ns, 7.8330 ns/op
WorkloadResult  22: 10337168 op, 83640966.00 ns, 8.0913 ns/op
WorkloadResult  23: 10337168 op, 84287631.00 ns, 8.1538 ns/op
WorkloadResult  24: 10337168 op, 77106222.00 ns, 7.4591 ns/op
WorkloadResult  25: 10337168 op, 79186865.00 ns, 7.6604 ns/op
WorkloadResult  26: 10337168 op, 94592435.00 ns, 9.1507 ns/op
WorkloadResult  27: 10337168 op, 90022972.00 ns, 8.7087 ns/op
WorkloadResult  28: 10337168 op, 94486484.00 ns, 9.1405 ns/op
WorkloadResult  29: 10337168 op, 86515582.00 ns, 8.3694 ns/op
WorkloadResult  30: 10337168 op, 82547278.00 ns, 7.9855 ns/op
WorkloadResult  31: 10337168 op, 83779021.00 ns, 8.1046 ns/op
WorkloadResult  32: 10337168 op, 79638341.00 ns, 7.7041 ns/op
WorkloadResult  33: 10337168 op, 77397187.00 ns, 7.4873 ns/op
WorkloadResult  34: 10337168 op, 80388801.00 ns, 7.7767 ns/op
WorkloadResult  35: 10337168 op, 81534510.00 ns, 7.8875 ns/op
WorkloadResult  36: 10337168 op, 75808219.00 ns, 7.3336 ns/op
WorkloadResult  37: 10337168 op, 77599150.00 ns, 7.5068 ns/op
WorkloadResult  38: 10337168 op, 79637229.00 ns, 7.7040 ns/op
WorkloadResult  39: 10337168 op, 78066955.00 ns, 7.5521 ns/op
WorkloadResult  40: 10337168 op, 80097720.00 ns, 7.7485 ns/op
WorkloadResult  41: 10337168 op, 76999915.00 ns, 7.4488 ns/op
WorkloadResult  42: 10337168 op, 76158131.00 ns, 7.3674 ns/op
WorkloadResult  43: 10337168 op, 76365704.00 ns, 7.3875 ns/op
WorkloadResult  44: 10337168 op, 74887114.00 ns, 7.2445 ns/op
WorkloadResult  45: 10337168 op, 77397448.00 ns, 7.4873 ns/op
WorkloadResult  46: 10337168 op, 78313022.00 ns, 7.5759 ns/op
WorkloadResult  47: 10337168 op, 77743282.00 ns, 7.5208 ns/op
WorkloadResult  48: 10337168 op, 78695766.00 ns, 7.6129 ns/op
WorkloadResult  49: 10337168 op, 79001594.00 ns, 7.6425 ns/op
WorkloadResult  50: 10337168 op, 80028099.00 ns, 7.7418 ns/op
WorkloadResult  51: 10337168 op, 81543007.00 ns, 7.8883 ns/op
WorkloadResult  52: 10337168 op, 76681442.00 ns, 7.4180 ns/op
WorkloadResult  53: 10337168 op, 80072122.00 ns, 7.7460 ns/op
WorkloadResult  54: 10337168 op, 82837698.00 ns, 8.0136 ns/op
WorkloadResult  55: 10337168 op, 84001652.00 ns, 8.1262 ns/op
WorkloadResult  56: 10337168 op, 82693715.00 ns, 7.9996 ns/op
WorkloadResult  57: 10337168 op, 80993636.00 ns, 7.8352 ns/op
WorkloadResult  58: 10337168 op, 81250443.00 ns, 7.8600 ns/op
WorkloadResult  59: 10337168 op, 85612091.00 ns, 8.2820 ns/op
WorkloadResult  60: 10337168 op, 83624718.00 ns, 8.0897 ns/op
WorkloadResult  61: 10337168 op, 83482830.00 ns, 8.0760 ns/op
WorkloadResult  62: 10337168 op, 85306533.00 ns, 8.2524 ns/op
WorkloadResult  63: 10337168 op, 86688880.00 ns, 8.3861 ns/op
WorkloadResult  64: 10337168 op, 84933246.00 ns, 8.2163 ns/op
WorkloadResult  65: 10337168 op, 84361052.00 ns, 8.1609 ns/op
// GC:  59 0 0 496184064 10337168
// Threading:  0 0 10337168

// AfterAll
// Benchmark Process 12089 has exited with code 0.

Mean = 8.056 ns, StdErr = 0.059 ns (0.74%), N = 65, StdDev = 0.479 ns
Min = 7.244 ns, Q1 = 7.704 ns, Median = 8.090 ns, Q3 = 8.340 ns, Max = 9.182 ns
IQR = 0.636 ns, LowerFence = 6.750 ns, UpperFence = 9.293 ns
ConfidenceInterval = [7.851 ns; 8.260 ns] (CI 99.9%), Margin = 0.205 ns (2.54% of Mean)
Skewness = 0.49, Kurtosis = 2.64, MValue = 2.76

// ** Remained 85 (93.4%) benchmark(s) to run. Estimated finish 2026-03-01 10:02 (0h 8m from now) **
// **************************
// Benchmark: Scenario1.S1_CheckOptionStringErrorNoMessage_SimpleResults: .NET 10.0(Runtime=.NET 10.0, IterationTime=100ms) [Iterations=2]
// *** Execute ***
// Launch: 1 / 1
// Execute: dotnet "Enumerations.Options.Benchmarks-.NET 10.0-1.dll" --anonymousPipes 116 118 --benchmarkName "ReillyDigital.Enumerations.Options.Benchmarks.Scenarios.Scenario1.S1_CheckOptionStringErrorNoMessage_SimpleResults(Iterations: 2)" --job ".NET 10.0" --benchmarkId 6 in /media/andrew/Slowverflow/x/devs/reilly-digital/dotnet/enumerations.options/src/Enumerations.Options.Benchmarks/bin/Debug/net10.0/Enumerations.Options.Benchmarks-.NET 10.0-1/bin/Release/net10.0
// Failed to set up high priority (Permission denied). In order to run benchmarks with high priority, make sure you have the right permissions.
// BeforeAnythingElse

// Benchmark Process Environment Information:
// BenchmarkDotNet v0.15.8
// Runtime=.NET 10.0.3 (10.0.3, 10.0.326.7603), X64 RyuJIT x86-64-v3
// GC=Concurrent Workstation
// HardwareIntrinsics=AVX2+BMI1+BMI2+F16C+FMA+LZCNT+MOVBE,AVX,SSE3+SSSE3+SSE4.1+SSE4.2+POPCNT,X86Base+SSE+SSE2,AES+PCLMUL VectorSize=256
// Job: .NET 10.0(IterationTime=100ms)

OverheadJitting  1: 1 op, 189589.00 ns, 189.5890 us/op
WorkloadJitting  1: 1 op, 10288851.00 ns, 10.2889 ms/op

WorkloadPilot    1: 4 op, 8205.00 ns, 2.0513 us/op
WorkloadPilot    2: 48751 op, 51764942.00 ns, 1.0618 us/op
WorkloadPilot    3: 94178 op, 94081444.00 ns, 998.9747 ns/op
WorkloadPilot    4: 100103 op, 74521600.00 ns, 744.4492 ns/op
WorkloadPilot    5: 134327 op, 35985335.00 ns, 267.8935 ns/op
WorkloadPilot    6: 373283 op, 103232941.00 ns, 276.5541 ns/op
WorkloadPilot    7: 361593 op, 111738666.00 ns, 309.0178 ns/op
WorkloadPilot    8: 323606 op, 88936923.00 ns, 274.8309 ns/op
WorkloadPilot    9: 363860 op, 98163834.00 ns, 269.7846 ns/op
WorkloadPilot   10: 370666 op, 98318807.00 ns, 265.2491 ns/op
WorkloadPilot   11: 377004 op, 100815624.00 ns, 267.4126 ns/op

WorkloadWarmup   1: 377004 op, 103498945.00 ns, 274.5301 ns/op
WorkloadWarmup   2: 377004 op, 104678589.00 ns, 277.6591 ns/op
WorkloadWarmup   3: 377004 op, 100892510.00 ns, 267.6166 ns/op
WorkloadWarmup   4: 377004 op, 101040380.00 ns, 268.0088 ns/op
WorkloadWarmup   5: 377004 op, 100301040.00 ns, 266.0477 ns/op
WorkloadWarmup   6: 377004 op, 99725721.00 ns, 264.5217 ns/op

// BeforeActualRun
WorkloadActual   1: 377004 op, 100637507.00 ns, 266.9402 ns/op
WorkloadActual   2: 377004 op, 97408443.00 ns, 258.3751 ns/op
WorkloadActual   3: 377004 op, 96915520.00 ns, 257.0676 ns/op
WorkloadActual   4: 377004 op, 97901366.00 ns, 259.6826 ns/op
WorkloadActual   5: 377004 op, 99959714.00 ns, 265.1423 ns/op
WorkloadActual   6: 377004 op, 98120281.00 ns, 260.2632 ns/op
WorkloadActual   7: 377004 op, 101650906.00 ns, 269.6282 ns/op
WorkloadActual   8: 377004 op, 99834336.00 ns, 264.8098 ns/op
WorkloadActual   9: 377004 op, 99754816.00 ns, 264.5988 ns/op
WorkloadActual  10: 377004 op, 97800455.00 ns, 259.4149 ns/op
WorkloadActual  11: 377004 op, 98671184.00 ns, 261.7245 ns/op
WorkloadActual  12: 377004 op, 100862273.00 ns, 267.5363 ns/op
WorkloadActual  13: 377004 op, 98156830.00 ns, 260.3602 ns/op
WorkloadActual  14: 377004 op, 97630102.00 ns, 258.9630 ns/op
WorkloadActual  15: 377004 op, 97916064.00 ns, 259.7216 ns/op

// AfterActualRun
WorkloadResult   1: 377004 op, 100637507.00 ns, 266.9402 ns/op
WorkloadResult   2: 377004 op, 97408443.00 ns, 258.3751 ns/op
WorkloadResult   3: 377004 op, 96915520.00 ns, 257.0676 ns/op
WorkloadResult   4: 377004 op, 97901366.00 ns, 259.6826 ns/op
WorkloadResult   5: 377004 op, 99959714.00 ns, 265.1423 ns/op
WorkloadResult   6: 377004 op, 98120281.00 ns, 260.2632 ns/op
WorkloadResult   7: 377004 op, 101650906.00 ns, 269.6282 ns/op
WorkloadResult   8: 377004 op, 99834336.00 ns, 264.8098 ns/op
WorkloadResult   9: 377004 op, 99754816.00 ns, 264.5988 ns/op
WorkloadResult  10: 377004 op, 97800455.00 ns, 259.4149 ns/op
WorkloadResult  11: 377004 op, 98671184.00 ns, 261.7245 ns/op
WorkloadResult  12: 377004 op, 100862273.00 ns, 267.5363 ns/op
WorkloadResult  13: 377004 op, 98156830.00 ns, 260.3602 ns/op
WorkloadResult  14: 377004 op, 97630102.00 ns, 258.9630 ns/op
WorkloadResult  15: 377004 op, 97916064.00 ns, 259.7216 ns/op
// GC:  7 0 0 66352704 377004
// Threading:  0 0 377004

// AfterAll
// Benchmark Process 12141 has exited with code 0.

Mean = 262.282 ns, StdErr = 0.991 ns (0.38%), N = 15, StdDev = 3.839 ns
Min = 257.068 ns, Q1 = 259.549 ns, Median = 260.360 ns, Q3 = 264.976 ns, Max = 269.628 ns
IQR = 5.427 ns, LowerFence = 251.408 ns, UpperFence = 273.117 ns
ConfidenceInterval = [258.178 ns; 266.386 ns] (CI 99.9%), Margin = 4.104 ns (1.56% of Mean)
Skewness = 0.45, Kurtosis = 1.71, MValue = 2

// ** Remained 84 (92.3%) benchmark(s) to run. Estimated finish 2026-03-01 10:02 (0h 8m from now) **
// **************************
// Benchmark: Scenario1.S1_CheckOptionStringErrorWithMessage_ArdalisResult: .NET 10.0(Runtime=.NET 10.0, IterationTime=100ms) [Iterations=2]
// *** Execute ***
// Launch: 1 / 1
// Execute: dotnet "Enumerations.Options.Benchmarks-.NET 10.0-1.dll" --anonymousPipes 116 118 --benchmarkName "ReillyDigital.Enumerations.Options.Benchmarks.Scenarios.Scenario1.S1_CheckOptionStringErrorWithMessage_ArdalisResult(Iterations: 2)" --job ".NET 10.0" --benchmarkId 7 in /media/andrew/Slowverflow/x/devs/reilly-digital/dotnet/enumerations.options/src/Enumerations.Options.Benchmarks/bin/Debug/net10.0/Enumerations.Options.Benchmarks-.NET 10.0-1/bin/Release/net10.0
// Failed to set up high priority (Permission denied). In order to run benchmarks with high priority, make sure you have the right permissions.
// BeforeAnythingElse

// Benchmark Process Environment Information:
// BenchmarkDotNet v0.15.8
// Runtime=.NET 10.0.3 (10.0.3, 10.0.326.7603), X64 RyuJIT x86-64-v3
// GC=Concurrent Workstation
// HardwareIntrinsics=AVX2+BMI1+BMI2+F16C+FMA+LZCNT+MOVBE,AVX,SSE3+SSSE3+SSE4.1+SSE4.2+POPCNT,X86Base+SSE+SSE2,AES+PCLMUL VectorSize=256
// Job: .NET 10.0(IterationTime=100ms)

OverheadJitting  1: 1 op, 155344.00 ns, 155.3440 us/op
WorkloadJitting  1: 1 op, 2965906.00 ns, 2.9659 ms/op

OverheadJitting  2: 16 op, 193587.00 ns, 12.0992 us/op
WorkloadJitting  2: 16 op, 221199.00 ns, 13.8249 us/op

WorkloadPilot    1: 16 op, 5380.00 ns, 336.2500 ns/op
WorkloadPilot    2: 297408 op, 62555382.00 ns, 210.3352 ns/op
WorkloadPilot    3: 475440 op, 100077927.00 ns, 210.4954 ns/op
WorkloadPilot    4: 475072 op, 50210158.00 ns, 105.6896 ns/op
WorkloadPilot    5: 946176 op, 44698241.00 ns, 47.2409 ns/op
WorkloadPilot    6: 2116816 op, 112388266.00 ns, 53.0931 ns/op
WorkloadPilot    7: 1883488 op, 93702727.00 ns, 49.7496 ns/op
WorkloadPilot    8: 2010080 op, 92467849.00 ns, 46.0021 ns/op
WorkloadPilot    9: 2173824 op, 96513248.00 ns, 44.3979 ns/op
WorkloadPilot   10: 2252368 op, 102030776.00 ns, 45.2993 ns/op

OverheadWarmup   1: 2252368 op, 6210329.00 ns, 2.7572 ns/op
OverheadWarmup   2: 2252368 op, 6218725.00 ns, 2.7610 ns/op
OverheadWarmup   3: 2252368 op, 6187515.00 ns, 2.7471 ns/op
OverheadWarmup   4: 2252368 op, 6166215.00 ns, 2.7377 ns/op
OverheadWarmup   5: 2252368 op, 6185402.00 ns, 2.7462 ns/op
OverheadWarmup   6: 2252368 op, 6171095.00 ns, 2.7398 ns/op

OverheadActual   1: 2252368 op, 6172978.00 ns, 2.7407 ns/op
OverheadActual   2: 2252368 op, 6170794.00 ns, 2.7397 ns/op
OverheadActual   3: 2252368 op, 6181363.00 ns, 2.7444 ns/op
OverheadActual   4: 2252368 op, 6168239.00 ns, 2.7386 ns/op
OverheadActual   5: 2252368 op, 6366143.00 ns, 2.8264 ns/op
OverheadActual   6: 2252368 op, 6203516.00 ns, 2.7542 ns/op
OverheadActual   7: 2252368 op, 6198897.00 ns, 2.7522 ns/op
OverheadActual   8: 2252368 op, 6171855.00 ns, 2.7402 ns/op
OverheadActual   9: 2252368 op, 6368839.00 ns, 2.8276 ns/op
OverheadActual  10: 2252368 op, 6472454.00 ns, 2.8736 ns/op
OverheadActual  11: 2252368 op, 6205339.00 ns, 2.7550 ns/op
OverheadActual  12: 2252368 op, 6244794.00 ns, 2.7725 ns/op
OverheadActual  13: 2252368 op, 6356124.00 ns, 2.8220 ns/op
OverheadActual  14: 2252368 op, 6231098.00 ns, 2.7665 ns/op
OverheadActual  15: 2252368 op, 6307542.00 ns, 2.8004 ns/op

WorkloadWarmup   1: 2252368 op, 104107377.00 ns, 46.2213 ns/op
WorkloadWarmup   2: 2252368 op, 107112807.00 ns, 47.5556 ns/op
WorkloadWarmup   3: 2252368 op, 101037344.00 ns, 44.8583 ns/op
WorkloadWarmup   4: 2252368 op, 102123380.00 ns, 45.3405 ns/op
WorkloadWarmup   5: 2252368 op, 101283480.00 ns, 44.9676 ns/op
WorkloadWarmup   6: 2252368 op, 99776718.00 ns, 44.2986 ns/op

// BeforeActualRun
WorkloadActual   1: 2252368 op, 109682162.00 ns, 48.6964 ns/op
WorkloadActual   2: 2252368 op, 110982845.00 ns, 49.2739 ns/op
WorkloadActual   3: 2252368 op, 106251016.00 ns, 47.1730 ns/op
WorkloadActual   4: 2252368 op, 106842706.00 ns, 47.4357 ns/op
WorkloadActual   5: 2252368 op, 105931070.00 ns, 47.0310 ns/op
WorkloadActual   6: 2252368 op, 100637527.00 ns, 44.6808 ns/op
WorkloadActual   7: 2252368 op, 98244316.00 ns, 43.6182 ns/op
WorkloadActual   8: 2252368 op, 98434155.00 ns, 43.7025 ns/op
WorkloadActual   9: 2252368 op, 98035570.00 ns, 43.5256 ns/op
WorkloadActual  10: 2252368 op, 101529616.00 ns, 45.0768 ns/op
WorkloadActual  11: 2252368 op, 98716019.00 ns, 43.8277 ns/op
WorkloadActual  12: 2252368 op, 98006235.00 ns, 43.5125 ns/op
WorkloadActual  13: 2252368 op, 102674063.00 ns, 45.5849 ns/op
WorkloadActual  14: 2252368 op, 109727929.00 ns, 48.7167 ns/op
WorkloadActual  15: 2252368 op, 109590679.00 ns, 48.6558 ns/op
WorkloadActual  16: 2252368 op, 108707015.00 ns, 48.2634 ns/op
WorkloadActual  17: 2252368 op, 99413379.00 ns, 44.1373 ns/op
WorkloadActual  18: 2252368 op, 102875835.00 ns, 45.6745 ns/op
WorkloadActual  19: 2252368 op, 102576398.00 ns, 45.5416 ns/op
WorkloadActual  20: 2252368 op, 101522542.00 ns, 45.0737 ns/op
WorkloadActual  21: 2252368 op, 99440982.00 ns, 44.1495 ns/op
WorkloadActual  22: 2252368 op, 102050822.00 ns, 45.3082 ns/op
WorkloadActual  23: 2252368 op, 100778915.00 ns, 44.7435 ns/op
WorkloadActual  24: 2252368 op, 101727630.00 ns, 45.1647 ns/op
WorkloadActual  25: 2252368 op, 101764020.00 ns, 45.1809 ns/op
WorkloadActual  26: 2252368 op, 105135623.00 ns, 46.6778 ns/op
WorkloadActual  27: 2252368 op, 111255802.00 ns, 49.3950 ns/op
WorkloadActual  28: 2252368 op, 122000135.00 ns, 54.1653 ns/op
WorkloadActual  29: 2252368 op, 113310632.00 ns, 50.3073 ns/op
WorkloadActual  30: 2252368 op, 107713084.00 ns, 47.8222 ns/op
WorkloadActual  31: 2252368 op, 114562844.00 ns, 50.8633 ns/op
WorkloadActual  32: 2252368 op, 110514799.00 ns, 49.0660 ns/op
WorkloadActual  33: 2252368 op, 105479965.00 ns, 46.8307 ns/op
WorkloadActual  34: 2252368 op, 103209978.00 ns, 45.8229 ns/op
WorkloadActual  35: 2252368 op, 107431380.00 ns, 47.6971 ns/op
WorkloadActual  36: 2252368 op, 101161670.00 ns, 44.9135 ns/op
WorkloadActual  37: 2252368 op, 101391465.00 ns, 45.0155 ns/op
WorkloadActual  38: 2252368 op, 102127318.00 ns, 45.3422 ns/op
WorkloadActual  39: 2252368 op, 99326715.00 ns, 44.0988 ns/op
WorkloadActual  40: 2252368 op, 99387270.00 ns, 44.1257 ns/op
WorkloadActual  41: 2252368 op, 99508590.00 ns, 44.1795 ns/op
WorkloadActual  42: 2252368 op, 100470060.00 ns, 44.6064 ns/op
WorkloadActual  43: 2252368 op, 100571301.00 ns, 44.6514 ns/op
WorkloadActual  44: 2252368 op, 104648351.00 ns, 46.4615 ns/op
WorkloadActual  45: 2252368 op, 108334740.00 ns, 48.0982 ns/op
WorkloadActual  46: 2252368 op, 112431007.00 ns, 49.9168 ns/op
WorkloadActual  47: 2252368 op, 109365973.00 ns, 48.5560 ns/op
WorkloadActual  48: 2252368 op, 105120835.00 ns, 46.6713 ns/op
WorkloadActual  49: 2252368 op, 112118335.00 ns, 49.7780 ns/op
WorkloadActual  50: 2252368 op, 104084774.00 ns, 46.2113 ns/op
WorkloadActual  51: 2252368 op, 105695704.00 ns, 46.9265 ns/op
WorkloadActual  52: 2252368 op, 103262768.00 ns, 45.8463 ns/op
WorkloadActual  53: 2252368 op, 106522219.00 ns, 47.2934 ns/op
WorkloadActual  54: 2252368 op, 103073690.00 ns, 45.7624 ns/op
WorkloadActual  55: 2252368 op, 102521594.00 ns, 45.5172 ns/op
WorkloadActual  56: 2252368 op, 102470919.00 ns, 45.4947 ns/op

// AfterActualRun
WorkloadResult   1: 2252368 op, 103476823.00 ns, 45.9413 ns/op
WorkloadResult   2: 2252368 op, 104777506.00 ns, 46.5188 ns/op
WorkloadResult   3: 2252368 op, 100045677.00 ns, 44.4180 ns/op
WorkloadResult   4: 2252368 op, 100637367.00 ns, 44.6807 ns/op
WorkloadResult   5: 2252368 op, 99725731.00 ns, 44.2759 ns/op
WorkloadResult   6: 2252368 op, 94432188.00 ns, 41.9257 ns/op
WorkloadResult   7: 2252368 op, 92038977.00 ns, 40.8632 ns/op
WorkloadResult   8: 2252368 op, 92228816.00 ns, 40.9475 ns/op
WorkloadResult   9: 2252368 op, 91830231.00 ns, 40.7705 ns/op
WorkloadResult  10: 2252368 op, 95324277.00 ns, 42.3218 ns/op
WorkloadResult  11: 2252368 op, 92510680.00 ns, 41.0726 ns/op
WorkloadResult  12: 2252368 op, 91800896.00 ns, 40.7575 ns/op
WorkloadResult  13: 2252368 op, 96468724.00 ns, 42.8299 ns/op
WorkloadResult  14: 2252368 op, 103522590.00 ns, 45.9617 ns/op
WorkloadResult  15: 2252368 op, 103385340.00 ns, 45.9007 ns/op
WorkloadResult  16: 2252368 op, 102501676.00 ns, 45.5084 ns/op
WorkloadResult  17: 2252368 op, 93208040.00 ns, 41.3822 ns/op
WorkloadResult  18: 2252368 op, 96670496.00 ns, 42.9195 ns/op
WorkloadResult  19: 2252368 op, 96371059.00 ns, 42.7866 ns/op
WorkloadResult  20: 2252368 op, 95317203.00 ns, 42.3187 ns/op
WorkloadResult  21: 2252368 op, 93235643.00 ns, 41.3945 ns/op
WorkloadResult  22: 2252368 op, 95845483.00 ns, 42.5532 ns/op
WorkloadResult  23: 2252368 op, 94573576.00 ns, 41.9885 ns/op
WorkloadResult  24: 2252368 op, 95522291.00 ns, 42.4097 ns/op
WorkloadResult  25: 2252368 op, 95558681.00 ns, 42.4259 ns/op
WorkloadResult  26: 2252368 op, 98930284.00 ns, 43.9228 ns/op
WorkloadResult  27: 2252368 op, 105050463.00 ns, 46.6400 ns/op
WorkloadResult  28: 2252368 op, 107105293.00 ns, 47.5523 ns/op
WorkloadResult  29: 2252368 op, 101507745.00 ns, 45.0671 ns/op
WorkloadResult  30: 2252368 op, 108357505.00 ns, 48.1083 ns/op
WorkloadResult  31: 2252368 op, 104309460.00 ns, 46.3110 ns/op
WorkloadResult  32: 2252368 op, 99274626.00 ns, 44.0757 ns/op
WorkloadResult  33: 2252368 op, 97004639.00 ns, 43.0678 ns/op
WorkloadResult  34: 2252368 op, 101226041.00 ns, 44.9421 ns/op
WorkloadResult  35: 2252368 op, 94956331.00 ns, 42.1584 ns/op
WorkloadResult  36: 2252368 op, 95186126.00 ns, 42.2605 ns/op
WorkloadResult  37: 2252368 op, 95921979.00 ns, 42.5872 ns/op
WorkloadResult  38: 2252368 op, 93121376.00 ns, 41.3438 ns/op
WorkloadResult  39: 2252368 op, 93181931.00 ns, 41.3707 ns/op
WorkloadResult  40: 2252368 op, 93303251.00 ns, 41.4245 ns/op
WorkloadResult  41: 2252368 op, 94264721.00 ns, 41.8514 ns/op
WorkloadResult  42: 2252368 op, 94365962.00 ns, 41.8963 ns/op
WorkloadResult  43: 2252368 op, 98443012.00 ns, 43.7065 ns/op
WorkloadResult  44: 2252368 op, 102129401.00 ns, 45.3431 ns/op
WorkloadResult  45: 2252368 op, 106225668.00 ns, 47.1618 ns/op
WorkloadResult  46: 2252368 op, 103160634.00 ns, 45.8010 ns/op
WorkloadResult  47: 2252368 op, 98915496.00 ns, 43.9162 ns/op
WorkloadResult  48: 2252368 op, 105912996.00 ns, 47.0230 ns/op
WorkloadResult  49: 2252368 op, 97879435.00 ns, 43.4562 ns/op
WorkloadResult  50: 2252368 op, 99490365.00 ns, 44.1715 ns/op
WorkloadResult  51: 2252368 op, 97057429.00 ns, 43.0913 ns/op
WorkloadResult  52: 2252368 op, 100316880.00 ns, 44.5384 ns/op
WorkloadResult  53: 2252368 op, 96868351.00 ns, 43.0073 ns/op
WorkloadResult  54: 2252368 op, 96316255.00 ns, 42.7622 ns/op
WorkloadResult  55: 2252368 op, 96265580.00 ns, 42.7397 ns/op
// GC:  56 0 0 468492544 2252368
// Threading:  0 0 2252368

// AfterAll
// Benchmark Process 12171 has exited with code 0.

Mean = 43.567 ns, StdErr = 0.266 ns (0.61%), N = 55, StdDev = 1.973 ns
Min = 40.758 ns, Q1 = 42.073 ns, Median = 43.007 ns, Q3 = 45.005 ns, Max = 48.108 ns
IQR = 2.931 ns, LowerFence = 37.677 ns, UpperFence = 49.401 ns
ConfidenceInterval = [42.641 ns; 44.493 ns] (CI 99.9%), Margin = 0.926 ns (2.13% of Mean)
Skewness = 0.5, Kurtosis = 2.15, MValue = 2

// ** Remained 83 (91.2%) benchmark(s) to run. Estimated finish 2026-03-01 10:02 (0h 8m from now) **
// **************************
// Benchmark: Scenario1.S1_CheckOptionStringErrorWithMessage_EnumerationsOptionsBoxed: .NET 10.0(Runtime=.NET 10.0, IterationTime=100ms) [Iterations=2]
// *** Execute ***
// Launch: 1 / 1
// Execute: dotnet "Enumerations.Options.Benchmarks-.NET 10.0-1.dll" --anonymousPipes 116 118 --benchmarkName "ReillyDigital.Enumerations.Options.Benchmarks.Scenarios.Scenario1.S1_CheckOptionStringErrorWithMessage_EnumerationsOptionsBoxed(Iterations: 2)" --job ".NET 10.0" --benchmarkId 8 in /media/andrew/Slowverflow/x/devs/reilly-digital/dotnet/enumerations.options/src/Enumerations.Options.Benchmarks/bin/Debug/net10.0/Enumerations.Options.Benchmarks-.NET 10.0-1/bin/Release/net10.0
// Failed to set up high priority (Permission denied). In order to run benchmarks with high priority, make sure you have the right permissions.
// BeforeAnythingElse

// Benchmark Process Environment Information:
// BenchmarkDotNet v0.15.8
// Runtime=.NET 10.0.3 (10.0.3, 10.0.326.7603), X64 RyuJIT x86-64-v3
// GC=Concurrent Workstation
// HardwareIntrinsics=AVX2+BMI1+BMI2+F16C+FMA+LZCNT+MOVBE,AVX,SSE3+SSSE3+SSE4.1+SSE4.2+POPCNT,X86Base+SSE+SSE2,AES+PCLMUL VectorSize=256
// Job: .NET 10.0(IterationTime=100ms)

OverheadJitting  1: 1 op, 153882.00 ns, 153.8820 us/op
WorkloadJitting  1: 1 op, 3901818.00 ns, 3.9018 ms/op

OverheadJitting  2: 16 op, 219656.00 ns, 13.7285 us/op
WorkloadJitting  2: 16 op, 217642.00 ns, 13.6026 us/op

WorkloadPilot    1: 16 op, 4799.00 ns, 299.9375 ns/op
WorkloadPilot    2: 333408 op, 49480607.00 ns, 148.4086 ns/op
WorkloadPilot    3: 673824 op, 92987713.00 ns, 138.0000 ns/op
WorkloadPilot    4: 724640 op, 55226877.00 ns, 76.2128 ns/op
WorkloadPilot    5: 1312128 op, 27183690.00 ns, 20.7173 ns/op
WorkloadPilot    6: 4826896 op, 100808520.00 ns, 20.8848 ns/op
WorkloadPilot    7: 4788192 op, 101865182.00 ns, 21.2742 ns/op
WorkloadPilot    8: 4700528 op, 99431855.00 ns, 21.1533 ns/op
WorkloadPilot    9: 4727392 op, 100941222.00 ns, 21.3524 ns/op

OverheadWarmup   1: 4727392 op, 12119487.00 ns, 2.5637 ns/op
OverheadWarmup   2: 4727392 op, 12060486.00 ns, 2.5512 ns/op
OverheadWarmup   3: 4727392 op, 12112845.00 ns, 2.5623 ns/op
OverheadWarmup   4: 4727392 op, 12599145.00 ns, 2.6651 ns/op
OverheadWarmup   5: 4727392 op, 12080864.00 ns, 2.5555 ns/op
OverheadWarmup   6: 4727392 op, 12082918.00 ns, 2.5559 ns/op
OverheadWarmup   7: 4727392 op, 12067368.00 ns, 2.5526 ns/op

OverheadActual   1: 4727392 op, 12183478.00 ns, 2.5772 ns/op
OverheadActual   2: 4727392 op, 12179170.00 ns, 2.5763 ns/op
OverheadActual   3: 4727392 op, 12157078.00 ns, 2.5716 ns/op
OverheadActual   4: 4727392 op, 12109478.00 ns, 2.5616 ns/op
OverheadActual   5: 4727392 op, 11888469.00 ns, 2.5148 ns/op
OverheadActual   6: 4727392 op, 12071797.00 ns, 2.5536 ns/op
OverheadActual   7: 4727392 op, 11974853.00 ns, 2.5331 ns/op
OverheadActual   8: 4727392 op, 12017013.00 ns, 2.5420 ns/op
OverheadActual   9: 4727392 op, 12211932.00 ns, 2.5832 ns/op
OverheadActual  10: 4727392 op, 15023746.00 ns, 3.1780 ns/op
OverheadActual  11: 4727392 op, 13605611.00 ns, 2.8780 ns/op
OverheadActual  12: 4727392 op, 13672177.00 ns, 2.8921 ns/op
OverheadActual  13: 4727392 op, 13865744.00 ns, 2.9331 ns/op
OverheadActual  14: 4727392 op, 13413317.00 ns, 2.8374 ns/op
OverheadActual  15: 4727392 op, 11789943.00 ns, 2.4940 ns/op
OverheadActual  16: 4727392 op, 11177864.00 ns, 2.3645 ns/op
OverheadActual  17: 4727392 op, 9235396.00 ns, 1.9536 ns/op
OverheadActual  18: 4727392 op, 8216697.00 ns, 1.7381 ns/op
OverheadActual  19: 4727392 op, 8169679.00 ns, 1.7282 ns/op
OverheadActual  20: 4727392 op, 8151644.00 ns, 1.7243 ns/op

WorkloadWarmup   1: 4727392 op, 104120381.00 ns, 22.0249 ns/op
WorkloadWarmup   2: 4727392 op, 110465425.00 ns, 23.3671 ns/op
WorkloadWarmup   3: 4727392 op, 103147219.00 ns, 21.8191 ns/op
WorkloadWarmup   4: 4727392 op, 101856185.00 ns, 21.5460 ns/op
WorkloadWarmup   5: 4727392 op, 98982673.00 ns, 20.9381 ns/op
WorkloadWarmup   6: 4727392 op, 96067495.00 ns, 20.3215 ns/op
WorkloadWarmup   7: 4727392 op, 102707126.00 ns, 21.7260 ns/op
WorkloadWarmup   8: 4727392 op, 97175391.00 ns, 20.5558 ns/op

// BeforeActualRun
WorkloadActual   1: 4727392 op, 103542427.00 ns, 21.9027 ns/op
WorkloadActual   2: 4727392 op, 99779913.00 ns, 21.1068 ns/op
WorkloadActual   3: 4727392 op, 102100317.00 ns, 21.5976 ns/op
WorkloadActual   4: 4727392 op, 103726546.00 ns, 21.9416 ns/op
WorkloadActual   5: 4727392 op, 97103897.00 ns, 20.5407 ns/op
WorkloadActual   6: 4727392 op, 96761758.00 ns, 20.4683 ns/op
WorkloadActual   7: 4727392 op, 100494326.00 ns, 21.2579 ns/op
WorkloadActual   8: 4727392 op, 98079083.00 ns, 20.7470 ns/op
WorkloadActual   9: 4727392 op, 101826027.00 ns, 21.5396 ns/op
WorkloadActual  10: 4727392 op, 98093561.00 ns, 20.7500 ns/op
WorkloadActual  11: 4727392 op, 97232841.00 ns, 20.5680 ns/op
WorkloadActual  12: 4727392 op, 103419204.00 ns, 21.8766 ns/op
WorkloadActual  13: 4727392 op, 100543329.00 ns, 21.2682 ns/op
WorkloadActual  14: 4727392 op, 100180441.00 ns, 21.1915 ns/op
WorkloadActual  15: 4727392 op, 95258533.00 ns, 20.1503 ns/op
WorkloadActual  16: 4727392 op, 98608385.00 ns, 20.8589 ns/op
WorkloadActual  17: 4727392 op, 100232911.00 ns, 21.2026 ns/op
WorkloadActual  18: 4727392 op, 99899209.00 ns, 21.1320 ns/op
WorkloadActual  19: 4727392 op, 93846589.00 ns, 19.8517 ns/op
WorkloadActual  20: 4727392 op, 94728830.00 ns, 20.0383 ns/op
WorkloadActual  21: 4727392 op, 98807251.00 ns, 20.9010 ns/op
WorkloadActual  22: 4727392 op, 102517226.00 ns, 21.6858 ns/op
WorkloadActual  23: 4727392 op, 101841707.00 ns, 21.5429 ns/op
WorkloadActual  24: 4727392 op, 96025484.00 ns, 20.3126 ns/op
WorkloadActual  25: 4727392 op, 108984581.00 ns, 23.0538 ns/op
WorkloadActual  26: 4727392 op, 95299079.00 ns, 20.1589 ns/op
WorkloadActual  27: 4727392 op, 96066002.00 ns, 20.3211 ns/op
WorkloadActual  28: 4727392 op, 98719726.00 ns, 20.8825 ns/op
WorkloadActual  29: 4727392 op, 99840578.00 ns, 21.1196 ns/op
WorkloadActual  30: 4727392 op, 99442114.00 ns, 21.0353 ns/op

// AfterActualRun
WorkloadResult   1: 4727392 op, 91451789.50 ns, 19.3451 ns/op
WorkloadResult   2: 4727392 op, 87689275.50 ns, 18.5492 ns/op
WorkloadResult   3: 4727392 op, 90009679.50 ns, 19.0400 ns/op
WorkloadResult   4: 4727392 op, 91635908.50 ns, 19.3840 ns/op
WorkloadResult   5: 4727392 op, 85013259.50 ns, 17.9831 ns/op
WorkloadResult   6: 4727392 op, 84671120.50 ns, 17.9107 ns/op
WorkloadResult   7: 4727392 op, 88403688.50 ns, 18.7003 ns/op
WorkloadResult   8: 4727392 op, 85988445.50 ns, 18.1894 ns/op
WorkloadResult   9: 4727392 op, 89735389.50 ns, 18.9820 ns/op
WorkloadResult  10: 4727392 op, 86002923.50 ns, 18.1925 ns/op
WorkloadResult  11: 4727392 op, 85142203.50 ns, 18.0104 ns/op
WorkloadResult  12: 4727392 op, 91328566.50 ns, 19.3190 ns/op
WorkloadResult  13: 4727392 op, 88452691.50 ns, 18.7107 ns/op
WorkloadResult  14: 4727392 op, 88089803.50 ns, 18.6339 ns/op
WorkloadResult  15: 4727392 op, 83167895.50 ns, 17.5928 ns/op
WorkloadResult  16: 4727392 op, 86517747.50 ns, 18.3014 ns/op
WorkloadResult  17: 4727392 op, 88142273.50 ns, 18.6450 ns/op
WorkloadResult  18: 4727392 op, 87808571.50 ns, 18.5744 ns/op
WorkloadResult  19: 4727392 op, 81755951.50 ns, 17.2941 ns/op
WorkloadResult  20: 4727392 op, 82638192.50 ns, 17.4807 ns/op
WorkloadResult  21: 4727392 op, 86716613.50 ns, 18.3434 ns/op
WorkloadResult  22: 4727392 op, 90426588.50 ns, 19.1282 ns/op
WorkloadResult  23: 4727392 op, 89751069.50 ns, 18.9853 ns/op
WorkloadResult  24: 4727392 op, 83934846.50 ns, 17.7550 ns/op
WorkloadResult  25: 4727392 op, 83208441.50 ns, 17.6013 ns/op
WorkloadResult  26: 4727392 op, 83975364.50 ns, 17.7636 ns/op
WorkloadResult  27: 4727392 op, 86629088.50 ns, 18.3249 ns/op
WorkloadResult  28: 4727392 op, 87749940.50 ns, 18.5620 ns/op
WorkloadResult  29: 4727392 op, 87351476.50 ns, 18.4777 ns/op
// GC:  36 0 0 302553088 4727392
// Threading:  0 0 4727392

// AfterAll
// Benchmark Process 12218 has exited with code 0.

Mean = 18.406 ns, StdErr = 0.109 ns (0.59%), N = 29, StdDev = 0.584 ns
Min = 17.294 ns, Q1 = 17.983 ns, Median = 18.478 ns, Q3 = 18.711 ns, Max = 19.384 ns
IQR = 0.728 ns, LowerFence = 16.892 ns, UpperFence = 19.802 ns
ConfidenceInterval = [18.008 ns; 18.805 ns] (CI 99.9%), Margin = 0.399 ns (2.17% of Mean)
Skewness = -0.07, Kurtosis = 1.97, MValue = 2

// ** Remained 82 (90.1%) benchmark(s) to run. Estimated finish 2026-03-01 10:02 (0h 8m from now) **
// **************************
// Benchmark: Scenario1.S1_CheckOptionStringErrorWithMessage_EnumerationsOptions: .NET 10.0(Runtime=.NET 10.0, IterationTime=100ms) [Iterations=2]
// *** Execute ***
// Launch: 1 / 1
// Execute: dotnet "Enumerations.Options.Benchmarks-.NET 10.0-1.dll" --anonymousPipes 116 118 --benchmarkName "ReillyDigital.Enumerations.Options.Benchmarks.Scenarios.Scenario1.S1_CheckOptionStringErrorWithMessage_EnumerationsOptions(Iterations: 2)" --job ".NET 10.0" --benchmarkId 9 in /media/andrew/Slowverflow/x/devs/reilly-digital/dotnet/enumerations.options/src/Enumerations.Options.Benchmarks/bin/Debug/net10.0/Enumerations.Options.Benchmarks-.NET 10.0-1/bin/Release/net10.0
// Failed to set up high priority (Permission denied). In order to run benchmarks with high priority, make sure you have the right permissions.
// BeforeAnythingElse

// Benchmark Process Environment Information:
// BenchmarkDotNet v0.15.8
// Runtime=.NET 10.0.3 (10.0.3, 10.0.326.7603), X64 RyuJIT x86-64-v3
// GC=Concurrent Workstation
// HardwareIntrinsics=AVX2+BMI1+BMI2+F16C+FMA+LZCNT+MOVBE,AVX,SSE3+SSSE3+SSE4.1+SSE4.2+POPCNT,X86Base+SSE+SSE2,AES+PCLMUL VectorSize=256
// Job: .NET 10.0(IterationTime=100ms)

OverheadJitting  1: 1 op, 174981.00 ns, 174.9810 us/op
WorkloadJitting  1: 1 op, 3006192.00 ns, 3.0062 ms/op

OverheadJitting  2: 16 op, 211831.00 ns, 13.2394 us/op
WorkloadJitting  2: 16 op, 205249.00 ns, 12.8281 us/op

WorkloadPilot    1: 16 op, 2195.00 ns, 137.1875 ns/op
WorkloadPilot    2: 728944 op, 104917451.00 ns, 143.9307 ns/op
WorkloadPilot    3: 694784 op, 67485598.00 ns, 97.1318 ns/op
WorkloadPilot    4: 1029536 op, 7138146.00 ns, 6.9334 ns/op
WorkloadPilot    5: 14423024 op, 25401295.00 ns, 1.7612 ns/op
WorkloadPilot    6: 56780672 op, 100031961.00 ns, 1.7617 ns/op
WorkloadPilot    7: 56762544 op, 99362373.00 ns, 1.7505 ns/op
WorkloadPilot    8: 57126800 op, 100074010.00 ns, 1.7518 ns/op

OverheadWarmup   1: 57126800 op, 154359915.00 ns, 2.7021 ns/op
OverheadWarmup   2: 57126800 op, 107317144.00 ns, 1.8786 ns/op
OverheadWarmup   3: 57126800 op, 85794684.00 ns, 1.5018 ns/op
OverheadWarmup   4: 57126800 op, 87054869.00 ns, 1.5239 ns/op
OverheadWarmup   5: 57126800 op, 87205885.00 ns, 1.5265 ns/op
OverheadWarmup   6: 57126800 op, 88076094.00 ns, 1.5418 ns/op
OverheadWarmup   7: 57126800 op, 86623273.00 ns, 1.5163 ns/op
OverheadWarmup   8: 57126800 op, 86865802.00 ns, 1.5206 ns/op
OverheadWarmup   9: 57126800 op, 86782794.00 ns, 1.5191 ns/op

OverheadActual   1: 57126800 op, 87038038.00 ns, 1.5236 ns/op
OverheadActual   2: 57126800 op, 86297987.00 ns, 1.5106 ns/op
OverheadActual   3: 57126800 op, 88201521.00 ns, 1.5440 ns/op
OverheadActual   4: 57126800 op, 87260750.00 ns, 1.5275 ns/op
OverheadActual   5: 57126800 op, 87574033.00 ns, 1.5330 ns/op
OverheadActual   6: 57126800 op, 88728879.00 ns, 1.5532 ns/op
OverheadActual   7: 57126800 op, 89408806.00 ns, 1.5651 ns/op
OverheadActual   8: 57126800 op, 88464569.00 ns, 1.5486 ns/op
OverheadActual   9: 57126800 op, 89756815.00 ns, 1.5712 ns/op
OverheadActual  10: 57126800 op, 89123857.00 ns, 1.5601 ns/op
OverheadActual  11: 57126800 op, 89483438.00 ns, 1.5664 ns/op
OverheadActual  12: 57126800 op, 89027435.00 ns, 1.5584 ns/op
OverheadActual  13: 57126800 op, 88192614.00 ns, 1.5438 ns/op
OverheadActual  14: 57126800 op, 86160336.00 ns, 1.5082 ns/op
OverheadActual  15: 57126800 op, 87034281.00 ns, 1.5235 ns/op

WorkloadWarmup   1: 57126800 op, 119336712.00 ns, 2.0890 ns/op
WorkloadWarmup   2: 57126800 op, 107733492.00 ns, 1.8859 ns/op
WorkloadWarmup   3: 57126800 op, 102499462.00 ns, 1.7942 ns/op
WorkloadWarmup   4: 57126800 op, 103404045.00 ns, 1.8101 ns/op
WorkloadWarmup   5: 57126800 op, 102991203.00 ns, 1.8029 ns/op
WorkloadWarmup   6: 57126800 op, 101466667.00 ns, 1.7762 ns/op
WorkloadWarmup   7: 57126800 op, 100750852.00 ns, 1.7636 ns/op
WorkloadWarmup   8: 57126800 op, 100809352.00 ns, 1.7647 ns/op
WorkloadWarmup   9: 57126800 op, 100676791.00 ns, 1.7623 ns/op

// BeforeActualRun
WorkloadActual   1: 57126800 op, 100745452.00 ns, 1.7635 ns/op
WorkloadActual   2: 57126800 op, 101988064.00 ns, 1.7853 ns/op
WorkloadActual   3: 57126800 op, 101652769.00 ns, 1.7794 ns/op
WorkloadActual   4: 57126800 op, 101292507.00 ns, 1.7731 ns/op
WorkloadActual   5: 57126800 op, 100761061.00 ns, 1.7638 ns/op
WorkloadActual   6: 57126800 op, 101065247.00 ns, 1.7691 ns/op
WorkloadActual   7: 57126800 op, 101228947.00 ns, 1.7720 ns/op
WorkloadActual   8: 57126800 op, 101174443.00 ns, 1.7711 ns/op
WorkloadActual   9: 57126800 op, 101306674.00 ns, 1.7734 ns/op
WorkloadActual  10: 57126800 op, 101089572.00 ns, 1.7696 ns/op
WorkloadActual  11: 57126800 op, 101499379.00 ns, 1.7767 ns/op
WorkloadActual  12: 57126800 op, 101603225.00 ns, 1.7786 ns/op
WorkloadActual  13: 57126800 op, 102472732.00 ns, 1.7938 ns/op
WorkloadActual  14: 57126800 op, 104885219.00 ns, 1.8360 ns/op
WorkloadActual  15: 57126800 op, 108730881.00 ns, 1.9033 ns/op

// AfterActualRun
WorkloadResult   1: 57126800 op, 12543931.00 ns, 0.2196 ns/op
WorkloadResult   2: 57126800 op, 13786543.00 ns, 0.2413 ns/op
WorkloadResult   3: 57126800 op, 13451248.00 ns, 0.2355 ns/op
WorkloadResult   4: 57126800 op, 13090986.00 ns, 0.2292 ns/op
WorkloadResult   5: 57126800 op, 12559540.00 ns, 0.2199 ns/op
WorkloadResult   6: 57126800 op, 12863726.00 ns, 0.2252 ns/op
WorkloadResult   7: 57126800 op, 13027426.00 ns, 0.2280 ns/op
WorkloadResult   8: 57126800 op, 12972922.00 ns, 0.2271 ns/op
WorkloadResult   9: 57126800 op, 13105153.00 ns, 0.2294 ns/op
WorkloadResult  10: 57126800 op, 12888051.00 ns, 0.2256 ns/op
WorkloadResult  11: 57126800 op, 13297858.00 ns, 0.2328 ns/op
WorkloadResult  12: 57126800 op, 13401704.00 ns, 0.2346 ns/op
WorkloadResult  13: 57126800 op, 14271211.00 ns, 0.2498 ns/op
// GC:  0 0 0 0 57126800
// Threading:  0 0 57126800

// AfterAll
// Benchmark Process 12259 has exited with code 0.

Mean = 0.231 ns, StdErr = 0.002 ns (1.01%), N = 13, StdDev = 0.008 ns
Min = 0.220 ns, Q1 = 0.226 ns, Median = 0.229 ns, Q3 = 0.235 ns, Max = 0.250 ns
IQR = 0.009 ns, LowerFence = 0.212 ns, UpperFence = 0.248 ns
ConfidenceInterval = [0.221 ns; 0.241 ns] (CI 99.9%), Margin = 0.010 ns (4.35% of Mean)
Skewness = 0.73, Kurtosis = 2.81, MValue = 2

// ** Remained 81 (89.0%) benchmark(s) to run. Estimated finish 2026-03-01 10:02 (0h 7m from now) **
// **************************
// Benchmark: Scenario1.S1_CheckOptionStringErrorWithMessage_FluentResults: .NET 10.0(Runtime=.NET 10.0, IterationTime=100ms) [Iterations=2]
// *** Execute ***
// Launch: 1 / 1
// Execute: dotnet "Enumerations.Options.Benchmarks-.NET 10.0-1.dll" --anonymousPipes 116 118 --benchmarkName "ReillyDigital.Enumerations.Options.Benchmarks.Scenarios.Scenario1.S1_CheckOptionStringErrorWithMessage_FluentResults(Iterations: 2)" --job ".NET 10.0" --benchmarkId 10 in /media/andrew/Slowverflow/x/devs/reilly-digital/dotnet/enumerations.options/src/Enumerations.Options.Benchmarks/bin/Debug/net10.0/Enumerations.Options.Benchmarks-.NET 10.0-1/bin/Release/net10.0
// Failed to set up high priority (Permission denied). In order to run benchmarks with high priority, make sure you have the right permissions.
// BeforeAnythingElse

// Benchmark Process Environment Information:
// BenchmarkDotNet v0.15.8
// Runtime=.NET 10.0.3 (10.0.3, 10.0.326.7603), X64 RyuJIT x86-64-v3
// GC=Concurrent Workstation
// HardwareIntrinsics=AVX2+BMI1+BMI2+F16C+FMA+LZCNT+MOVBE,AVX,SSE3+SSSE3+SSE4.1+SSE4.2+POPCNT,X86Base+SSE+SSE2,AES+PCLMUL VectorSize=256
// Job: .NET 10.0(IterationTime=100ms)

OverheadJitting  1: 1 op, 152269.00 ns, 152.2690 us/op
WorkloadJitting  1: 1 op, 4684259.00 ns, 4.6843 ms/op

OverheadJitting  2: 16 op, 207463.00 ns, 12.9664 us/op
WorkloadJitting  2: 16 op, 260033.00 ns, 16.2521 us/op

WorkloadPilot    1: 16 op, 66396.00 ns, 4.1498 us/op
WorkloadPilot    2: 24112 op, 50061416.00 ns, 2.0762 us/op
WorkloadPilot    3: 48176 op, 91617067.00 ns, 1.9017 us/op
WorkloadPilot    4: 52592 op, 82262926.00 ns, 1.5642 us/op
WorkloadPilot    5: 63936 op, 22965002.00 ns, 359.1873 ns/op
WorkloadPilot    6: 278416 op, 88278486.00 ns, 317.0740 ns/op
WorkloadPilot    7: 315392 op, 99568824.00 ns, 315.6986 ns/op
WorkloadPilot    8: 316768 op, 98562859.00 ns, 311.1516 ns/op
WorkloadPilot    9: 321392 op, 99300957.00 ns, 308.9715 ns/op
WorkloadPilot   10: 323664 op, 105900852.00 ns, 327.1938 ns/op
WorkloadPilot   11: 305632 op, 96540710.00 ns, 315.8724 ns/op
WorkloadPilot   12: 316592 op, 101846817.00 ns, 321.6974 ns/op
WorkloadPilot   13: 310864 op, 99725851.00 ns, 320.8022 ns/op
WorkloadPilot   14: 311728 op, 100780708.00 ns, 323.2969 ns/op

OverheadWarmup   1: 311728 op, 1305552.00 ns, 4.1881 ns/op
OverheadWarmup   2: 311728 op, 1296134.00 ns, 4.1579 ns/op
OverheadWarmup   3: 311728 op, 1309239.00 ns, 4.1999 ns/op
OverheadWarmup   4: 311728 op, 1280264.00 ns, 4.1070 ns/op
OverheadWarmup   5: 311728 op, 1288199.00 ns, 4.1324 ns/op
OverheadWarmup   6: 311728 op, 1280304.00 ns, 4.1071 ns/op

OverheadActual   1: 311728 op, 1280605.00 ns, 4.1081 ns/op
OverheadActual   2: 311728 op, 1273812.00 ns, 4.0863 ns/op
OverheadActual   3: 311728 op, 1283681.00 ns, 4.1180 ns/op
OverheadActual   4: 311728 op, 1275986.00 ns, 4.0933 ns/op
OverheadActual   5: 311728 op, 1279372.00 ns, 4.1041 ns/op
OverheadActual   6: 311728 op, 1277088.00 ns, 4.0968 ns/op
OverheadActual   7: 311728 op, 1286035.00 ns, 4.1255 ns/op
OverheadActual   8: 311728 op, 1280835.00 ns, 4.1088 ns/op
OverheadActual   9: 311728 op, 1278150.00 ns, 4.1002 ns/op
OverheadActual  10: 311728 op, 1277819.00 ns, 4.0991 ns/op
OverheadActual  11: 311728 op, 1278020.00 ns, 4.0998 ns/op
OverheadActual  12: 311728 op, 1278641.00 ns, 4.1018 ns/op
OverheadActual  13: 311728 op, 1272209.00 ns, 4.0812 ns/op
OverheadActual  14: 311728 op, 1278441.00 ns, 4.1011 ns/op
OverheadActual  15: 311728 op, 1276637.00 ns, 4.0954 ns/op

WorkloadWarmup   1: 311728 op, 107102928.00 ns, 343.5781 ns/op
WorkloadWarmup   2: 311728 op, 105541072.00 ns, 338.5678 ns/op
WorkloadWarmup   3: 311728 op, 101946265.00 ns, 327.0360 ns/op
WorkloadWarmup   4: 311728 op, 97011030.00 ns, 311.2041 ns/op
WorkloadWarmup   5: 311728 op, 94319103.00 ns, 302.5686 ns/op
WorkloadWarmup   6: 311728 op, 93334900.00 ns, 299.4113 ns/op
WorkloadWarmup   7: 311728 op, 94051376.00 ns, 301.7097 ns/op
WorkloadWarmup   8: 311728 op, 94963143.00 ns, 304.6346 ns/op
WorkloadWarmup   9: 311728 op, 95172569.00 ns, 305.3064 ns/op
WorkloadWarmup  10: 311728 op, 92971593.00 ns, 298.2459 ns/op
WorkloadWarmup  11: 311728 op, 96724358.00 ns, 310.2845 ns/op
WorkloadWarmup  12: 311728 op, 96664916.00 ns, 310.0938 ns/op

// BeforeActualRun
WorkloadActual   1: 311728 op, 96352725.00 ns, 309.0923 ns/op
WorkloadActual   2: 311728 op, 96613347.00 ns, 309.9284 ns/op
WorkloadActual   3: 311728 op, 99360329.00 ns, 318.7405 ns/op
WorkloadActual   4: 311728 op, 96156532.00 ns, 308.4629 ns/op
WorkloadActual   5: 311728 op, 98540667.00 ns, 316.1111 ns/op
WorkloadActual   6: 311728 op, 98477527.00 ns, 315.9085 ns/op
WorkloadActual   7: 311728 op, 98068764.00 ns, 314.5972 ns/op
WorkloadActual   8: 311728 op, 96523688.00 ns, 309.6407 ns/op
WorkloadActual   9: 311728 op, 98695540.00 ns, 316.6079 ns/op
WorkloadActual  10: 311728 op, 98625888.00 ns, 316.3844 ns/op
WorkloadActual  11: 311728 op, 97604444.00 ns, 313.1077 ns/op
WorkloadActual  12: 311728 op, 96213430.00 ns, 308.6455 ns/op
WorkloadActual  13: 311728 op, 96492369.00 ns, 309.5403 ns/op
WorkloadActual  14: 311728 op, 99928675.00 ns, 320.5637 ns/op
WorkloadActual  15: 311728 op, 98260366.00 ns, 315.2119 ns/op

// AfterActualRun
WorkloadResult   1: 311728 op, 95074575.00 ns, 304.9921 ns/op
WorkloadResult   2: 311728 op, 95335197.00 ns, 305.8281 ns/op
WorkloadResult   3: 311728 op, 98082179.00 ns, 314.6403 ns/op
WorkloadResult   4: 311728 op, 94878382.00 ns, 304.3627 ns/op
WorkloadResult   5: 311728 op, 97262517.00 ns, 312.0108 ns/op
WorkloadResult   6: 311728 op, 97199377.00 ns, 311.8083 ns/op
WorkloadResult   7: 311728 op, 96790614.00 ns, 310.4970 ns/op
WorkloadResult   8: 311728 op, 95245538.00 ns, 305.5405 ns/op
WorkloadResult   9: 311728 op, 97417390.00 ns, 312.5077 ns/op
WorkloadResult  10: 311728 op, 97347738.00 ns, 312.2842 ns/op
WorkloadResult  11: 311728 op, 96326294.00 ns, 309.0075 ns/op
WorkloadResult  12: 311728 op, 94935280.00 ns, 304.5452 ns/op
WorkloadResult  13: 311728 op, 95214219.00 ns, 305.4401 ns/op
WorkloadResult  14: 311728 op, 98650525.00 ns, 316.4635 ns/op
WorkloadResult  15: 311728 op, 96982216.00 ns, 311.1117 ns/op
// GC:  39 0 0 334172416 311728
// Threading:  0 0 311728

// AfterAll
// Benchmark Process 12293 has exited with code 0.

Mean = 309.403 ns, StdErr = 1.033 ns (0.33%), N = 15, StdDev = 3.999 ns
Min = 304.363 ns, Q1 = 305.490 ns, Median = 310.497 ns, Q3 = 312.148 ns, Max = 316.463 ns
IQR = 6.657 ns, LowerFence = 295.504 ns, UpperFence = 322.133 ns
ConfidenceInterval = [305.127 ns; 313.678 ns] (CI 99.9%), Margin = 4.276 ns (1.38% of Mean)
Skewness = 0.1, Kurtosis = 1.49, MValue = 2

// ** Remained 80 (87.9%) benchmark(s) to run. Estimated finish 2026-03-01 10:02 (0h 7m from now) **
// **************************
// Benchmark: Scenario1.S1_CheckOptionStringErrorWithMessage_LightResults: .NET 10.0(Runtime=.NET 10.0, IterationTime=100ms) [Iterations=2]
// *** Execute ***
// Launch: 1 / 1
// Execute: dotnet "Enumerations.Options.Benchmarks-.NET 10.0-1.dll" --anonymousPipes 116 118 --benchmarkName "ReillyDigital.Enumerations.Options.Benchmarks.Scenarios.Scenario1.S1_CheckOptionStringErrorWithMessage_LightResults(Iterations: 2)" --job ".NET 10.0" --benchmarkId 11 in /media/andrew/Slowverflow/x/devs/reilly-digital/dotnet/enumerations.options/src/Enumerations.Options.Benchmarks/bin/Debug/net10.0/Enumerations.Options.Benchmarks-.NET 10.0-1/bin/Release/net10.0
// Failed to set up high priority (Permission denied). In order to run benchmarks with high priority, make sure you have the right permissions.
// BeforeAnythingElse

// Benchmark Process Environment Information:
// BenchmarkDotNet v0.15.8
// Runtime=.NET 10.0.3 (10.0.3, 10.0.326.7603), X64 RyuJIT x86-64-v3
// GC=Concurrent Workstation
// HardwareIntrinsics=AVX2+BMI1+BMI2+F16C+FMA+LZCNT+MOVBE,AVX,SSE3+SSSE3+SSE4.1+SSE4.2+POPCNT,X86Base+SSE+SSE2,AES+PCLMUL VectorSize=256
// Job: .NET 10.0(IterationTime=100ms)

OverheadJitting  1: 1 op, 163880.00 ns, 163.8800 us/op
WorkloadJitting  1: 1 op, 4004001.00 ns, 4.0040 ms/op

OverheadJitting  2: 16 op, 220007.00 ns, 13.7504 us/op
WorkloadJitting  2: 16 op, 214266.00 ns, 13.3916 us/op

WorkloadPilot    1: 16 op, 3596.00 ns, 224.7500 ns/op
WorkloadPilot    2: 444944 op, 48337753.00 ns, 108.6378 ns/op
WorkloadPilot    3: 920496 op, 93352063.00 ns, 101.4150 ns/op
WorkloadPilot    4: 986048 op, 54476767.00 ns, 55.2476 ns/op
WorkloadPilot    5: 1810048 op, 40627234.00 ns, 22.4454 ns/op
WorkloadPilot    6: 4455264 op, 98873767.00 ns, 22.1926 ns/op
WorkloadPilot    7: 4506016 op, 97839600.00 ns, 21.7131 ns/op
WorkloadPilot    8: 4605520 op, 101277840.00 ns, 21.9905 ns/op
WorkloadPilot    9: 4547424 op, 98349154.00 ns, 21.6274 ns/op
WorkloadPilot   10: 4623760 op, 101090795.00 ns, 21.8633 ns/op
WorkloadPilot   11: 4573872 op, 99061242.00 ns, 21.6581 ns/op
WorkloadPilot   12: 4617216 op, 103405919.00 ns, 22.3957 ns/op

OverheadWarmup   1: 4617216 op, 12617871.00 ns, 2.7328 ns/op
OverheadWarmup   2: 4617216 op, 12511920.00 ns, 2.7098 ns/op
OverheadWarmup   3: 4617216 op, 12593534.00 ns, 2.7275 ns/op
OverheadWarmup   4: 4617216 op, 12883804.00 ns, 2.7904 ns/op
OverheadWarmup   5: 4617216 op, 12659810.00 ns, 2.7419 ns/op
OverheadWarmup   6: 4617216 op, 13200584.00 ns, 2.8590 ns/op
OverheadWarmup   7: 4617216 op, 12521108.00 ns, 2.7118 ns/op

OverheadActual   1: 4617216 op, 12543360.00 ns, 2.7167 ns/op
OverheadActual   2: 4617216 op, 12679567.00 ns, 2.7461 ns/op
OverheadActual   3: 4617216 op, 12679788.00 ns, 2.7462 ns/op
OverheadActual   4: 4617216 op, 12748268.00 ns, 2.7610 ns/op
OverheadActual   5: 4617216 op, 12543760.00 ns, 2.7167 ns/op
OverheadActual   6: 4617216 op, 12658698.00 ns, 2.7416 ns/op
OverheadActual   7: 4617216 op, 12513252.00 ns, 2.7101 ns/op
OverheadActual   8: 4617216 op, 12588606.00 ns, 2.7264 ns/op
OverheadActual   9: 4617216 op, 12595518.00 ns, 2.7279 ns/op
OverheadActual  10: 4617216 op, 12787241.00 ns, 2.7695 ns/op
OverheadActual  11: 4617216 op, 12519975.00 ns, 2.7116 ns/op
OverheadActual  12: 4617216 op, 12535294.00 ns, 2.7149 ns/op
OverheadActual  13: 4617216 op, 12528341.00 ns, 2.7134 ns/op
OverheadActual  14: 4617216 op, 12564499.00 ns, 2.7212 ns/op
OverheadActual  15: 4617216 op, 12513272.00 ns, 2.7101 ns/op

WorkloadWarmup   1: 4617216 op, 103287494.00 ns, 22.3701 ns/op
WorkloadWarmup   2: 4617216 op, 106235436.00 ns, 23.0085 ns/op
WorkloadWarmup   3: 4617216 op, 109396591.00 ns, 23.6932 ns/op
WorkloadWarmup   4: 4617216 op, 121962203.00 ns, 26.4147 ns/op
WorkloadWarmup   5: 4617216 op, 103247980.00 ns, 22.3615 ns/op
WorkloadWarmup   6: 4617216 op, 104504278.00 ns, 22.6336 ns/op
WorkloadWarmup   7: 4617216 op, 101735796.00 ns, 22.0340 ns/op

// BeforeActualRun
WorkloadActual   1: 4617216 op, 104511832.00 ns, 22.6352 ns/op
WorkloadActual   2: 4617216 op, 106957593.00 ns, 23.1650 ns/op
WorkloadActual   3: 4617216 op, 107479702.00 ns, 23.2780 ns/op
WorkloadActual   4: 4617216 op, 106954808.00 ns, 23.1644 ns/op
WorkloadActual   5: 4617216 op, 109160535.00 ns, 23.6421 ns/op
WorkloadActual   6: 4617216 op, 116869170.00 ns, 25.3116 ns/op
WorkloadActual   7: 4617216 op, 107113168.00 ns, 23.1986 ns/op
WorkloadActual   8: 4617216 op, 111451843.00 ns, 24.1383 ns/op
WorkloadActual   9: 4617216 op, 109767584.00 ns, 23.7735 ns/op
WorkloadActual  10: 4617216 op, 106339614.00 ns, 23.0311 ns/op
WorkloadActual  11: 4617216 op, 105631593.00 ns, 22.8778 ns/op
WorkloadActual  12: 4617216 op, 105772269.00 ns, 22.9082 ns/op
WorkloadActual  13: 4617216 op, 105260801.00 ns, 22.7975 ns/op
WorkloadActual  14: 4617216 op, 111730060.00 ns, 24.1986 ns/op
WorkloadActual  15: 4617216 op, 112998150.00 ns, 24.4732 ns/op
WorkloadActual  16: 4617216 op, 106524343.00 ns, 23.0711 ns/op
WorkloadActual  17: 4617216 op, 107447942.00 ns, 23.2712 ns/op
WorkloadActual  18: 4617216 op, 103918539.00 ns, 22.5068 ns/op
WorkloadActual  19: 4617216 op, 99865285.00 ns, 21.6289 ns/op
WorkloadActual  20: 4617216 op, 103887601.00 ns, 22.5001 ns/op
WorkloadActual  21: 4617216 op, 105656159.00 ns, 22.8831 ns/op
WorkloadActual  22: 4617216 op, 103520155.00 ns, 22.4205 ns/op
WorkloadActual  23: 4617216 op, 102380306.00 ns, 22.1736 ns/op
WorkloadActual  24: 4617216 op, 102421104.00 ns, 22.1824 ns/op
WorkloadActual  25: 4617216 op, 104383470.00 ns, 22.6074 ns/op
WorkloadActual  26: 4617216 op, 112722790.00 ns, 24.4136 ns/op
WorkloadActual  27: 4617216 op, 111433909.00 ns, 24.1344 ns/op
WorkloadActual  28: 4617216 op, 111167535.00 ns, 24.0767 ns/op
WorkloadActual  29: 4617216 op, 112187997.00 ns, 24.2978 ns/op
WorkloadActual  30: 4617216 op, 111000098.00 ns, 24.0405 ns/op
WorkloadActual  31: 4617216 op, 102307620.00 ns, 22.1579 ns/op
WorkloadActual  32: 4617216 op, 100903811.00 ns, 21.8538 ns/op
WorkloadActual  33: 4617216 op, 105363636.00 ns, 22.8197 ns/op
WorkloadActual  34: 4617216 op, 100868144.00 ns, 21.8461 ns/op
WorkloadActual  35: 4617216 op, 100786018.00 ns, 21.8283 ns/op
WorkloadActual  36: 4617216 op, 100801377.00 ns, 21.8316 ns/op
WorkloadActual  37: 4617216 op, 100782432.00 ns, 21.8275 ns/op
WorkloadActual  38: 4617216 op, 100946141.00 ns, 21.8630 ns/op
WorkloadActual  39: 4617216 op, 100859167.00 ns, 21.8442 ns/op
WorkloadActual  40: 4617216 op, 100863936.00 ns, 21.8452 ns/op
WorkloadActual  41: 4617216 op, 100934589.00 ns, 21.8605 ns/op
WorkloadActual  42: 4617216 op, 101152232.00 ns, 21.9076 ns/op
WorkloadActual  43: 4617216 op, 101630708.00 ns, 22.0113 ns/op
WorkloadActual  44: 4617216 op, 105233580.00 ns, 22.7916 ns/op
WorkloadActual  45: 4617216 op, 101628703.00 ns, 22.0108 ns/op
WorkloadActual  46: 4617216 op, 101596273.00 ns, 22.0038 ns/op

// AfterActualRun
WorkloadResult   1: 4617216 op, 91947333.00 ns, 19.9140 ns/op
WorkloadResult   2: 4617216 op, 94393094.00 ns, 20.4437 ns/op
WorkloadResult   3: 4617216 op, 94915203.00 ns, 20.5568 ns/op
WorkloadResult   4: 4617216 op, 94390309.00 ns, 20.4431 ns/op
WorkloadResult   5: 4617216 op, 96596036.00 ns, 20.9208 ns/op
WorkloadResult   6: 4617216 op, 94548669.00 ns, 20.4774 ns/op
WorkloadResult   7: 4617216 op, 98887344.00 ns, 21.4171 ns/op
WorkloadResult   8: 4617216 op, 97203085.00 ns, 21.0523 ns/op
WorkloadResult   9: 4617216 op, 93775115.00 ns, 20.3099 ns/op
WorkloadResult  10: 4617216 op, 93067094.00 ns, 20.1565 ns/op
WorkloadResult  11: 4617216 op, 93207770.00 ns, 20.1870 ns/op
WorkloadResult  12: 4617216 op, 92696302.00 ns, 20.0762 ns/op
WorkloadResult  13: 4617216 op, 99165561.00 ns, 21.4773 ns/op
WorkloadResult  14: 4617216 op, 100433651.00 ns, 21.7520 ns/op
WorkloadResult  15: 4617216 op, 93959844.00 ns, 20.3499 ns/op
WorkloadResult  16: 4617216 op, 94883443.00 ns, 20.5499 ns/op
WorkloadResult  17: 4617216 op, 91354040.00 ns, 19.7855 ns/op
WorkloadResult  18: 4617216 op, 87300786.00 ns, 18.9077 ns/op
WorkloadResult  19: 4617216 op, 91323102.00 ns, 19.7788 ns/op
WorkloadResult  20: 4617216 op, 93091660.00 ns, 20.1619 ns/op
WorkloadResult  21: 4617216 op, 90955656.00 ns, 19.6992 ns/op
WorkloadResult  22: 4617216 op, 89815807.00 ns, 19.4524 ns/op
WorkloadResult  23: 4617216 op, 89856605.00 ns, 19.4612 ns/op
WorkloadResult  24: 4617216 op, 91818971.00 ns, 19.8862 ns/op
WorkloadResult  25: 4617216 op, 100158291.00 ns, 21.6924 ns/op
WorkloadResult  26: 4617216 op, 98869410.00 ns, 21.4132 ns/op
WorkloadResult  27: 4617216 op, 98603036.00 ns, 21.3555 ns/op
WorkloadResult  28: 4617216 op, 99623498.00 ns, 21.5765 ns/op
WorkloadResult  29: 4617216 op, 98435599.00 ns, 21.3193 ns/op
WorkloadResult  30: 4617216 op, 89743121.00 ns, 19.4366 ns/op
WorkloadResult  31: 4617216 op, 88339312.00 ns, 19.1326 ns/op
WorkloadResult  32: 4617216 op, 92799137.00 ns, 20.0985 ns/op
WorkloadResult  33: 4617216 op, 88303645.00 ns, 19.1249 ns/op
WorkloadResult  34: 4617216 op, 88221519.00 ns, 19.1071 ns/op
WorkloadResult  35: 4617216 op, 88236878.00 ns, 19.1104 ns/op
WorkloadResult  36: 4617216 op, 88217933.00 ns, 19.1063 ns/op
WorkloadResult  37: 4617216 op, 88381642.00 ns, 19.1418 ns/op
WorkloadResult  38: 4617216 op, 88294668.00 ns, 19.1229 ns/op
WorkloadResult  39: 4617216 op, 88299437.00 ns, 19.1240 ns/op
WorkloadResult  40: 4617216 op, 88370090.00 ns, 19.1393 ns/op
WorkloadResult  41: 4617216 op, 88587733.00 ns, 19.1864 ns/op
WorkloadResult  42: 4617216 op, 89066209.00 ns, 19.2900 ns/op
WorkloadResult  43: 4617216 op, 92669081.00 ns, 20.0703 ns/op
WorkloadResult  44: 4617216 op, 89064204.00 ns, 19.2896 ns/op
WorkloadResult  45: 4617216 op, 89031774.00 ns, 19.2826 ns/op
// GC:  61 0 0 517128192 4617216
// Threading:  0 0 4617216

// AfterAll
// Benchmark Process 12317 has exited with code 0.

Mean = 20.074 ns, StdErr = 0.129 ns (0.64%), N = 45, StdDev = 0.864 ns
Min = 18.908 ns, Q1 = 19.283 ns, Median = 20.070 ns, Q3 = 20.550 ns, Max = 21.752 ns
IQR = 1.267 ns, LowerFence = 17.382 ns, UpperFence = 22.451 ns
ConfidenceInterval = [19.620 ns; 20.528 ns] (CI 99.9%), Margin = 0.454 ns (2.26% of Mean)
Skewness = 0.47, Kurtosis = 1.93, MValue = 3.65

// ** Remained 79 (86.8%) benchmark(s) to run. Estimated finish 2026-03-01 10:02 (0h 7m from now) **
// **************************
// Benchmark: Scenario1.S1_CheckOptionStringErrorWithMessage_Rascal: .NET 10.0(Runtime=.NET 10.0, IterationTime=100ms) [Iterations=2]
// *** Execute ***
// Launch: 1 / 1
// Execute: dotnet "Enumerations.Options.Benchmarks-.NET 10.0-1.dll" --anonymousPipes 116 118 --benchmarkName "ReillyDigital.Enumerations.Options.Benchmarks.Scenarios.Scenario1.S1_CheckOptionStringErrorWithMessage_Rascal(Iterations: 2)" --job ".NET 10.0" --benchmarkId 12 in /media/andrew/Slowverflow/x/devs/reilly-digital/dotnet/enumerations.options/src/Enumerations.Options.Benchmarks/bin/Debug/net10.0/Enumerations.Options.Benchmarks-.NET 10.0-1/bin/Release/net10.0
// Failed to set up high priority (Permission denied). In order to run benchmarks with high priority, make sure you have the right permissions.
// BeforeAnythingElse

// Benchmark Process Environment Information:
// BenchmarkDotNet v0.15.8
// Runtime=.NET 10.0.3 (10.0.3, 10.0.326.7603), X64 RyuJIT x86-64-v3
// GC=Concurrent Workstation
// HardwareIntrinsics=AVX2+BMI1+BMI2+F16C+FMA+LZCNT+MOVBE,AVX,SSE3+SSSE3+SSE4.1+SSE4.2+POPCNT,X86Base+SSE+SSE2,AES+PCLMUL VectorSize=256
// Job: .NET 10.0(IterationTime=100ms)

OverheadJitting  1: 1 op, 149874.00 ns, 149.8740 us/op
WorkloadJitting  1: 1 op, 2683591.00 ns, 2.6836 ms/op

OverheadJitting  2: 16 op, 197364.00 ns, 12.3353 us/op
WorkloadJitting  2: 16 op, 202163.00 ns, 12.6352 us/op

WorkloadPilot    1: 16 op, 6963.00 ns, 435.1875 ns/op
WorkloadPilot    2: 229792 op, 19985280.00 ns, 86.9712 ns/op
WorkloadPilot    3: 1149808 op, 84367461.00 ns, 73.3753 ns/op
WorkloadPilot    4: 1362864 op, 83036021.00 ns, 60.9276 ns/op
WorkloadPilot    5: 1641296 op, 18212383.00 ns, 11.0963 ns/op
WorkloadPilot    6: 9011984 op, 120001811.00 ns, 13.3158 ns/op
WorkloadPilot    7: 7509888 op, 80364021.00 ns, 10.7011 ns/op
WorkloadPilot    8: 9344848 op, 95903213.00 ns, 10.2627 ns/op
WorkloadPilot    9: 9744048 op, 98680421.00 ns, 10.1273 ns/op
WorkloadPilot   10: 9874352 op, 99558965.00 ns, 10.0826 ns/op
WorkloadPilot   11: 9918096 op, 97536465.00 ns, 9.8342 ns/op
WorkloadPilot   12: 10168608 op, 103765239.00 ns, 10.2045 ns/op
WorkloadPilot   13: 9799632 op, 97246336.00 ns, 9.9235 ns/op
WorkloadPilot   14: 10077136 op, 102171531.00 ns, 10.1389 ns/op

OverheadWarmup   1: 10077136 op, 27724163.00 ns, 2.7512 ns/op
OverheadWarmup   2: 10077136 op, 27782955.00 ns, 2.7570 ns/op
OverheadWarmup   3: 10077136 op, 27564761.00 ns, 2.7354 ns/op
OverheadWarmup   4: 10077136 op, 27616349.00 ns, 2.7405 ns/op
OverheadWarmup   5: 10077136 op, 27655363.00 ns, 2.7444 ns/op
OverheadWarmup   6: 10077136 op, 27619996.00 ns, 2.7409 ns/op

OverheadActual   1: 10077136 op, 27459091.00 ns, 2.7249 ns/op
OverheadActual   2: 10077136 op, 27653179.00 ns, 2.7442 ns/op
OverheadActual   3: 10077136 op, 27535666.00 ns, 2.7325 ns/op
OverheadActual   4: 10077136 op, 27654320.00 ns, 2.7443 ns/op
OverheadActual   5: 10077136 op, 28086529.00 ns, 2.7872 ns/op
OverheadActual   6: 10077136 op, 27792352.00 ns, 2.7580 ns/op
OverheadActual   7: 10077136 op, 28049909.00 ns, 2.7835 ns/op
OverheadActual   8: 10077136 op, 27162760.00 ns, 2.6955 ns/op
OverheadActual   9: 10077136 op, 16911961.00 ns, 1.6783 ns/op
OverheadActual  10: 10077136 op, 17779634.00 ns, 1.7644 ns/op
OverheadActual  11: 10077136 op, 17255511.00 ns, 1.7123 ns/op
OverheadActual  12: 10077136 op, 17615964.00 ns, 1.7481 ns/op
OverheadActual  13: 10077136 op, 17358136.00 ns, 1.7225 ns/op
OverheadActual  14: 10077136 op, 17140604.00 ns, 1.7009 ns/op
OverheadActual  15: 10077136 op, 17197592.00 ns, 1.7066 ns/op
OverheadActual  16: 10077136 op, 16854612.00 ns, 1.6726 ns/op
OverheadActual  17: 10077136 op, 16873038.00 ns, 1.6744 ns/op
OverheadActual  18: 10077136 op, 17210777.00 ns, 1.7079 ns/op
OverheadActual  19: 10077136 op, 17111539.00 ns, 1.6981 ns/op
OverheadActual  20: 10077136 op, 17133390.00 ns, 1.7002 ns/op

WorkloadWarmup   1: 10077136 op, 108831682.00 ns, 10.7999 ns/op
WorkloadWarmup   2: 10077136 op, 117636884.00 ns, 11.6736 ns/op
WorkloadWarmup   3: 10077136 op, 105425102.00 ns, 10.4618 ns/op
WorkloadWarmup   4: 10077136 op, 115603374.00 ns, 11.4718 ns/op
WorkloadWarmup   5: 10077136 op, 102425242.00 ns, 10.1641 ns/op
WorkloadWarmup   6: 10077136 op, 102700964.00 ns, 10.1915 ns/op

// BeforeActualRun
WorkloadActual   1: 10077136 op, 106043943.00 ns, 10.5232 ns/op
WorkloadActual   2: 10077136 op, 108546112.00 ns, 10.7715 ns/op
WorkloadActual   3: 10077136 op, 109279539.00 ns, 10.8443 ns/op
WorkloadActual   4: 10077136 op, 109977331.00 ns, 10.9136 ns/op
WorkloadActual   5: 10077136 op, 106578295.00 ns, 10.5762 ns/op
WorkloadActual   6: 10077136 op, 107114931.00 ns, 10.6295 ns/op
WorkloadActual   7: 10077136 op, 105336203.00 ns, 10.4530 ns/op
WorkloadActual   8: 10077136 op, 114870235.00 ns, 11.3991 ns/op
WorkloadActual   9: 10077136 op, 116539566.00 ns, 11.5648 ns/op
WorkloadActual  10: 10077136 op, 148781953.00 ns, 14.7643 ns/op
WorkloadActual  11: 10077136 op, 114363425.00 ns, 11.3488 ns/op
WorkloadActual  12: 10077136 op, 113150799.00 ns, 11.2285 ns/op
WorkloadActual  13: 10077136 op, 111970736.00 ns, 11.1114 ns/op
WorkloadActual  14: 10077136 op, 109866091.00 ns, 10.9025 ns/op
WorkloadActual  15: 10077136 op, 109842365.00 ns, 10.9002 ns/op
WorkloadActual  16: 10077136 op, 112142010.00 ns, 11.1284 ns/op
WorkloadActual  17: 10077136 op, 110089984.00 ns, 10.9247 ns/op
WorkloadActual  18: 10077136 op, 108104044.00 ns, 10.7277 ns/op
WorkloadActual  19: 10077136 op, 110676916.00 ns, 10.9830 ns/op
WorkloadActual  20: 10077136 op, 110968397.00 ns, 11.0119 ns/op
WorkloadActual  21: 10077136 op, 110738422.00 ns, 10.9891 ns/op
WorkloadActual  22: 10077136 op, 101284602.00 ns, 10.0509 ns/op
WorkloadActual  23: 10077136 op, 101544044.00 ns, 10.0767 ns/op
WorkloadActual  24: 10077136 op, 108310255.00 ns, 10.7481 ns/op
WorkloadActual  25: 10077136 op, 99607106.00 ns, 9.8845 ns/op
WorkloadActual  26: 10077136 op, 114609301.00 ns, 11.3732 ns/op
WorkloadActual  27: 10077136 op, 102201128.00 ns, 10.1419 ns/op
WorkloadActual  28: 10077136 op, 102128790.00 ns, 10.1347 ns/op
WorkloadActual  29: 10077136 op, 102994510.00 ns, 10.2206 ns/op
WorkloadActual  30: 10077136 op, 99659675.00 ns, 9.8897 ns/op
WorkloadActual  31: 10077136 op, 99959824.00 ns, 9.9195 ns/op
WorkloadActual  32: 10077136 op, 100293165.00 ns, 9.9525 ns/op
WorkloadActual  33: 10077136 op, 104272319.00 ns, 10.3474 ns/op
WorkloadActual  34: 10077136 op, 109096974.00 ns, 10.8262 ns/op
WorkloadActual  35: 10077136 op, 102669395.00 ns, 10.1884 ns/op
WorkloadActual  36: 10077136 op, 103804163.00 ns, 10.3010 ns/op
WorkloadActual  37: 10077136 op, 101880361.00 ns, 10.1101 ns/op
WorkloadActual  38: 10077136 op, 99648093.00 ns, 9.8885 ns/op
WorkloadActual  39: 10077136 op, 101388368.00 ns, 10.0612 ns/op
WorkloadActual  40: 10077136 op, 99302198.00 ns, 9.8542 ns/op
WorkloadActual  41: 10077136 op, 100759739.00 ns, 9.9988 ns/op
WorkloadActual  42: 10077136 op, 100982280.00 ns, 10.0209 ns/op
WorkloadActual  43: 10077136 op, 134317667.00 ns, 13.3290 ns/op
WorkloadActual  44: 10077136 op, 108196789.00 ns, 10.7369 ns/op
WorkloadActual  45: 10077136 op, 99934566.00 ns, 9.9170 ns/op
WorkloadActual  46: 10077136 op, 100838468.00 ns, 10.0067 ns/op
WorkloadActual  47: 10077136 op, 98686143.00 ns, 9.7931 ns/op
WorkloadActual  48: 10077136 op, 98861044.00 ns, 9.8104 ns/op
WorkloadActual  49: 10077136 op, 102407779.00 ns, 10.1624 ns/op
WorkloadActual  50: 10077136 op, 100379789.00 ns, 9.9611 ns/op
WorkloadActual  51: 10077136 op, 99021587.00 ns, 9.8264 ns/op
WorkloadActual  52: 10077136 op, 103528882.00 ns, 10.2736 ns/op
WorkloadActual  53: 10077136 op, 106000672.00 ns, 10.5189 ns/op
WorkloadActual  54: 10077136 op, 109669057.00 ns, 10.8830 ns/op
WorkloadActual  55: 10077136 op, 106858035.00 ns, 10.6040 ns/op
WorkloadActual  56: 10077136 op, 104031003.00 ns, 10.3235 ns/op
WorkloadActual  57: 10077136 op, 104391455.00 ns, 10.3592 ns/op
WorkloadActual  58: 10077136 op, 102479254.00 ns, 10.1695 ns/op
WorkloadActual  59: 10077136 op, 103956200.00 ns, 10.3160 ns/op
WorkloadActual  60: 10077136 op, 102325292.00 ns, 10.1542 ns/op
WorkloadActual  61: 10077136 op, 98294671.00 ns, 9.7542 ns/op
WorkloadActual  62: 10077136 op, 99317508.00 ns, 9.8557 ns/op
WorkloadActual  63: 10077136 op, 98683938.00 ns, 9.7929 ns/op
WorkloadActual  64: 10077136 op, 99887687.00 ns, 9.9123 ns/op
WorkloadActual  65: 10077136 op, 100071476.00 ns, 9.9305 ns/op
WorkloadActual  66: 10077136 op, 101075997.00 ns, 10.0302 ns/op
WorkloadActual  67: 10077136 op, 99561039.00 ns, 9.8799 ns/op
WorkloadActual  68: 10077136 op, 113781654.00 ns, 11.2911 ns/op
WorkloadActual  69: 10077136 op, 98408797.00 ns, 9.7656 ns/op
WorkloadActual  70: 10077136 op, 98409128.00 ns, 9.7656 ns/op
WorkloadActual  71: 10077136 op, 101055759.00 ns, 10.0282 ns/op
WorkloadActual  72: 10077136 op, 107308067.00 ns, 10.6487 ns/op

// AfterActualRun
WorkloadResult   1: 10077136 op, 88556893.00 ns, 8.7879 ns/op
WorkloadResult   2: 10077136 op, 91059062.00 ns, 9.0362 ns/op
WorkloadResult   3: 10077136 op, 91792489.00 ns, 9.1090 ns/op
WorkloadResult   4: 10077136 op, 92490281.00 ns, 9.1782 ns/op
WorkloadResult   5: 10077136 op, 89091245.00 ns, 8.8409 ns/op
WorkloadResult   6: 10077136 op, 89627881.00 ns, 8.8942 ns/op
WorkloadResult   7: 10077136 op, 87849153.00 ns, 8.7177 ns/op
WorkloadResult   8: 10077136 op, 97383185.00 ns, 9.6638 ns/op
WorkloadResult   9: 10077136 op, 99052516.00 ns, 9.8294 ns/op
WorkloadResult  10: 10077136 op, 96876375.00 ns, 9.6135 ns/op
WorkloadResult  11: 10077136 op, 95663749.00 ns, 9.4931 ns/op
WorkloadResult  12: 10077136 op, 94483686.00 ns, 9.3760 ns/op
WorkloadResult  13: 10077136 op, 92379041.00 ns, 9.1672 ns/op
WorkloadResult  14: 10077136 op, 92355315.00 ns, 9.1648 ns/op
WorkloadResult  15: 10077136 op, 94654960.00 ns, 9.3930 ns/op
WorkloadResult  16: 10077136 op, 92602934.00 ns, 9.1894 ns/op
WorkloadResult  17: 10077136 op, 90616994.00 ns, 8.9923 ns/op
WorkloadResult  18: 10077136 op, 93189866.00 ns, 9.2477 ns/op
WorkloadResult  19: 10077136 op, 93481347.00 ns, 9.2766 ns/op
WorkloadResult  20: 10077136 op, 93251372.00 ns, 9.2538 ns/op
WorkloadResult  21: 10077136 op, 83797552.00 ns, 8.3156 ns/op
WorkloadResult  22: 10077136 op, 84056994.00 ns, 8.3414 ns/op
WorkloadResult  23: 10077136 op, 90823205.00 ns, 9.0128 ns/op
WorkloadResult  24: 10077136 op, 82120056.00 ns, 8.1491 ns/op
WorkloadResult  25: 10077136 op, 97122251.00 ns, 9.6379 ns/op
WorkloadResult  26: 10077136 op, 84714078.00 ns, 8.4066 ns/op
WorkloadResult  27: 10077136 op, 84641740.00 ns, 8.3994 ns/op
WorkloadResult  28: 10077136 op, 85507460.00 ns, 8.4853 ns/op
WorkloadResult  29: 10077136 op, 82172625.00 ns, 8.1544 ns/op
WorkloadResult  30: 10077136 op, 82472774.00 ns, 8.1841 ns/op
WorkloadResult  31: 10077136 op, 82806115.00 ns, 8.2172 ns/op
WorkloadResult  32: 10077136 op, 86785269.00 ns, 8.6121 ns/op
WorkloadResult  33: 10077136 op, 91609924.00 ns, 9.0909 ns/op
WorkloadResult  34: 10077136 op, 85182345.00 ns, 8.4530 ns/op
WorkloadResult  35: 10077136 op, 86317113.00 ns, 8.5656 ns/op
WorkloadResult  36: 10077136 op, 84393311.00 ns, 8.3747 ns/op
WorkloadResult  37: 10077136 op, 82161043.00 ns, 8.1532 ns/op
WorkloadResult  38: 10077136 op, 83901318.00 ns, 8.3259 ns/op
WorkloadResult  39: 10077136 op, 81815148.00 ns, 8.1189 ns/op
WorkloadResult  40: 10077136 op, 83272689.00 ns, 8.2635 ns/op
WorkloadResult  41: 10077136 op, 83495230.00 ns, 8.2856 ns/op
WorkloadResult  42: 10077136 op, 90709739.00 ns, 9.0015 ns/op
WorkloadResult  43: 10077136 op, 82447516.00 ns, 8.1816 ns/op
WorkloadResult  44: 10077136 op, 83351418.00 ns, 8.2713 ns/op
WorkloadResult  45: 10077136 op, 81199093.00 ns, 8.0578 ns/op
WorkloadResult  46: 10077136 op, 81373994.00 ns, 8.0751 ns/op
WorkloadResult  47: 10077136 op, 84920729.00 ns, 8.4271 ns/op
WorkloadResult  48: 10077136 op, 82892739.00 ns, 8.2258 ns/op
WorkloadResult  49: 10077136 op, 81534537.00 ns, 8.0910 ns/op
WorkloadResult  50: 10077136 op, 86041832.00 ns, 8.5383 ns/op
WorkloadResult  51: 10077136 op, 88513622.00 ns, 8.7836 ns/op
WorkloadResult  52: 10077136 op, 92182007.00 ns, 9.1476 ns/op
WorkloadResult  53: 10077136 op, 89370985.00 ns, 8.8687 ns/op
WorkloadResult  54: 10077136 op, 86543953.00 ns, 8.5881 ns/op
WorkloadResult  55: 10077136 op, 86904405.00 ns, 8.6239 ns/op
WorkloadResult  56: 10077136 op, 84992204.00 ns, 8.4342 ns/op
WorkloadResult  57: 10077136 op, 86469150.00 ns, 8.5807 ns/op
WorkloadResult  58: 10077136 op, 84838242.00 ns, 8.4189 ns/op
WorkloadResult  59: 10077136 op, 80807621.00 ns, 8.0189 ns/op
WorkloadResult  60: 10077136 op, 81830458.00 ns, 8.1204 ns/op
WorkloadResult  61: 10077136 op, 81196888.00 ns, 8.0575 ns/op
WorkloadResult  62: 10077136 op, 82400637.00 ns, 8.1770 ns/op
WorkloadResult  63: 10077136 op, 82584426.00 ns, 8.1952 ns/op
WorkloadResult  64: 10077136 op, 83588947.00 ns, 8.2949 ns/op
WorkloadResult  65: 10077136 op, 82073989.00 ns, 8.1446 ns/op
WorkloadResult  66: 10077136 op, 96294604.00 ns, 9.5558 ns/op
WorkloadResult  67: 10077136 op, 80921747.00 ns, 8.0302 ns/op
WorkloadResult  68: 10077136 op, 80922078.00 ns, 8.0303 ns/op
WorkloadResult  69: 10077136 op, 83568709.00 ns, 8.2929 ns/op
WorkloadResult  70: 10077136 op, 89821017.00 ns, 8.9133 ns/op
// GC:  57 0 0 483702528 10077136
// Threading:  0 0 10077136

// AfterAll
// Benchmark Process 12361 has exited with code 0.

Mean = 8.656 ns, StdErr = 0.060 ns (0.69%), N = 70, StdDev = 0.501 ns
Min = 8.019 ns, Q1 = 8.219 ns, Median = 8.512 ns, Q3 = 9.077 ns, Max = 9.829 ns
IQR = 0.858 ns, LowerFence = 6.933 ns, UpperFence = 10.364 ns
ConfidenceInterval = [8.450 ns; 8.862 ns] (CI 99.9%), Margin = 0.206 ns (2.38% of Mean)
Skewness = 0.55, Kurtosis = 2.07, MValue = 2.54

// ** Remained 78 (85.7%) benchmark(s) to run. Estimated finish 2026-03-01 10:02 (0h 8m from now) **
// **************************
// Benchmark: Scenario1.S1_CheckOptionStringErrorWithMessage_SimpleResults: .NET 10.0(Runtime=.NET 10.0, IterationTime=100ms) [Iterations=2]
// *** Execute ***
// Launch: 1 / 1
// Execute: dotnet "Enumerations.Options.Benchmarks-.NET 10.0-1.dll" --anonymousPipes 116 118 --benchmarkName "ReillyDigital.Enumerations.Options.Benchmarks.Scenarios.Scenario1.S1_CheckOptionStringErrorWithMessage_SimpleResults(Iterations: 2)" --job ".NET 10.0" --benchmarkId 13 in /media/andrew/Slowverflow/x/devs/reilly-digital/dotnet/enumerations.options/src/Enumerations.Options.Benchmarks/bin/Debug/net10.0/Enumerations.Options.Benchmarks-.NET 10.0-1/bin/Release/net10.0
// Failed to set up high priority (Permission denied). In order to run benchmarks with high priority, make sure you have the right permissions.
// BeforeAnythingElse

// Benchmark Process Environment Information:
// BenchmarkDotNet v0.15.8
// Runtime=.NET 10.0.3 (10.0.3, 10.0.326.7603), X64 RyuJIT x86-64-v3
// GC=Concurrent Workstation
// HardwareIntrinsics=AVX2+BMI1+BMI2+F16C+FMA+LZCNT+MOVBE,AVX,SSE3+SSSE3+SSE4.1+SSE4.2+POPCNT,X86Base+SSE+SSE2,AES+PCLMUL VectorSize=256
// Job: .NET 10.0(IterationTime=100ms)

OverheadJitting  1: 1 op, 157949.00 ns, 157.9490 us/op
WorkloadJitting  1: 1 op, 8937773.00 ns, 8.9378 ms/op

WorkloadPilot    1: 4 op, 9528.00 ns, 2.3820 us/op
WorkloadPilot    2: 41982 op, 39417073.00 ns, 938.9041 ns/op
WorkloadPilot    3: 106507 op, 92813433.00 ns, 871.4304 ns/op
WorkloadPilot    4: 114754 op, 83496122.00 ns, 727.6097 ns/op
WorkloadPilot    5: 137436 op, 28640127.00 ns, 208.3888 ns/op
WorkloadPilot    6: 479872 op, 100247689.00 ns, 208.9051 ns/op
WorkloadPilot    7: 478686 op, 96885313.00 ns, 202.3985 ns/op
WorkloadPilot    8: 494075 op, 100450633.00 ns, 203.3105 ns/op
WorkloadPilot    9: 491859 op, 102687609.00 ns, 208.7745 ns/op

WorkloadWarmup   1: 491859 op, 102174026.00 ns, 207.7303 ns/op
WorkloadWarmup   2: 491859 op, 107879308.00 ns, 219.3297 ns/op
WorkloadWarmup   3: 491859 op, 108980764.00 ns, 221.5691 ns/op
WorkloadWarmup   4: 491859 op, 106953245.00 ns, 217.4470 ns/op
WorkloadWarmup   5: 491859 op, 102705783.00 ns, 208.8114 ns/op
WorkloadWarmup   6: 491859 op, 102565588.00 ns, 208.5264 ns/op
WorkloadWarmup   7: 491859 op, 103547506.00 ns, 210.5227 ns/op
WorkloadWarmup   8: 491859 op, 103135346.00 ns, 209.6848 ns/op

// BeforeActualRun
WorkloadActual   1: 491859 op, 103398675.00 ns, 210.2202 ns/op
WorkloadActual   2: 491859 op, 103054694.00 ns, 209.5208 ns/op
WorkloadActual   3: 491859 op, 101489360.00 ns, 206.3383 ns/op
WorkloadActual   4: 491859 op, 102946429.00 ns, 209.3007 ns/op
WorkloadActual   5: 491859 op, 102961908.00 ns, 209.3322 ns/op
WorkloadActual   6: 491859 op, 108023892.00 ns, 219.6237 ns/op
WorkloadActual   7: 491859 op, 106519173.00 ns, 216.5644 ns/op
WorkloadActual   8: 491859 op, 101809075.00 ns, 206.9883 ns/op
WorkloadActual   9: 491859 op, 104282869.00 ns, 212.0178 ns/op
WorkloadActual  10: 491859 op, 134010415.00 ns, 272.4570 ns/op
WorkloadActual  11: 491859 op, 103015640.00 ns, 209.4414 ns/op
WorkloadActual  12: 491859 op, 104364865.00 ns, 212.1845 ns/op
WorkloadActual  13: 491859 op, 106333311.00 ns, 216.1866 ns/op
WorkloadActual  14: 491859 op, 111169167.00 ns, 226.0184 ns/op
WorkloadActual  15: 491859 op, 108591437.00 ns, 220.7776 ns/op
WorkloadActual  16: 491859 op, 106005712.00 ns, 215.5205 ns/op
WorkloadActual  17: 491859 op, 105882828.00 ns, 215.2707 ns/op
WorkloadActual  18: 491859 op, 102743755.00 ns, 208.8886 ns/op
WorkloadActual  19: 491859 op, 104280114.00 ns, 212.0122 ns/op
WorkloadActual  20: 491859 op, 104369985.00 ns, 212.1949 ns/op
WorkloadActual  21: 491859 op, 103652365.00 ns, 210.7359 ns/op
WorkloadActual  22: 491859 op, 101284602.00 ns, 205.9220 ns/op
WorkloadActual  23: 491859 op, 101116183.00 ns, 205.5796 ns/op

// AfterActualRun
WorkloadResult   1: 491859 op, 103398675.00 ns, 210.2202 ns/op
WorkloadResult   2: 491859 op, 103054694.00 ns, 209.5208 ns/op
WorkloadResult   3: 491859 op, 101489360.00 ns, 206.3383 ns/op
WorkloadResult   4: 491859 op, 102946429.00 ns, 209.3007 ns/op
WorkloadResult   5: 491859 op, 102961908.00 ns, 209.3322 ns/op
WorkloadResult   6: 491859 op, 108023892.00 ns, 219.6237 ns/op
WorkloadResult   7: 491859 op, 106519173.00 ns, 216.5644 ns/op
WorkloadResult   8: 491859 op, 101809075.00 ns, 206.9883 ns/op
WorkloadResult   9: 491859 op, 104282869.00 ns, 212.0178 ns/op
WorkloadResult  10: 491859 op, 103015640.00 ns, 209.4414 ns/op
WorkloadResult  11: 491859 op, 104364865.00 ns, 212.1845 ns/op
WorkloadResult  12: 491859 op, 106333311.00 ns, 216.1866 ns/op
WorkloadResult  13: 491859 op, 108591437.00 ns, 220.7776 ns/op
WorkloadResult  14: 491859 op, 106005712.00 ns, 215.5205 ns/op
WorkloadResult  15: 491859 op, 105882828.00 ns, 215.2707 ns/op
WorkloadResult  16: 491859 op, 102743755.00 ns, 208.8886 ns/op
WorkloadResult  17: 491859 op, 104280114.00 ns, 212.0122 ns/op
WorkloadResult  18: 491859 op, 104369985.00 ns, 212.1949 ns/op
WorkloadResult  19: 491859 op, 103652365.00 ns, 210.7359 ns/op
WorkloadResult  20: 491859 op, 101284602.00 ns, 205.9220 ns/op
WorkloadResult  21: 491859 op, 101116183.00 ns, 205.5796 ns/op
// GC:  10 0 0 86567184 491859
// Threading:  0 0 491859

// AfterAll
// Benchmark Process 12421 has exited with code 0.

Mean = 211.649 ns, StdErr = 0.940 ns (0.44%), N = 21, StdDev = 4.307 ns
Min = 205.580 ns, Q1 = 209.301 ns, Median = 210.736 ns, Q3 = 215.271 ns, Max = 220.778 ns
IQR = 5.970 ns, LowerFence = 200.346 ns, UpperFence = 224.226 ns
ConfidenceInterval = [208.031 ns; 215.267 ns] (CI 99.9%), Margin = 3.618 ns (1.71% of Mean)
Skewness = 0.51, Kurtosis = 2.25, MValue = 2

// ** Remained 77 (84.6%) benchmark(s) to run. Estimated finish 2026-03-01 10:02 (0h 7m from now) **
// **************************
// Benchmark: Scenario1.S1_CheckOptionStringSuccess_ArdalisResult: .NET 10.0(Runtime=.NET 10.0, IterationTime=100ms) [Iterations=2]
// *** Execute ***
// Launch: 1 / 1
// Execute: dotnet "Enumerations.Options.Benchmarks-.NET 10.0-1.dll" --anonymousPipes 116 118 --benchmarkName "ReillyDigital.Enumerations.Options.Benchmarks.Scenarios.Scenario1.S1_CheckOptionStringSuccess_ArdalisResult(Iterations: 2)" --job ".NET 10.0" --benchmarkId 14 in /media/andrew/Slowverflow/x/devs/reilly-digital/dotnet/enumerations.options/src/Enumerations.Options.Benchmarks/bin/Debug/net10.0/Enumerations.Options.Benchmarks-.NET 10.0-1/bin/Release/net10.0
// Failed to set up high priority (Permission denied). In order to run benchmarks with high priority, make sure you have the right permissions.
// BeforeAnythingElse

// Benchmark Process Environment Information:
// BenchmarkDotNet v0.15.8
// Runtime=.NET 10.0.3 (10.0.3, 10.0.326.7603), X64 RyuJIT x86-64-v3
// GC=Concurrent Workstation
// HardwareIntrinsics=AVX2+BMI1+BMI2+F16C+FMA+LZCNT+MOVBE,AVX,SSE3+SSSE3+SSE4.1+SSE4.2+POPCNT,X86Base+SSE+SSE2,AES+PCLMUL VectorSize=256
// Job: .NET 10.0(IterationTime=100ms)

OverheadJitting  1: 1 op, 150545.00 ns, 150.5450 us/op
WorkloadJitting  1: 1 op, 2443857.00 ns, 2.4439 ms/op

OverheadJitting  2: 16 op, 216460.00 ns, 13.5288 us/op
WorkloadJitting  2: 16 op, 219195.00 ns, 13.6997 us/op

WorkloadPilot    1: 16 op, 2915.00 ns, 182.1875 ns/op
WorkloadPilot    2: 548896 op, 49578722.00 ns, 90.3244 ns/op
WorkloadPilot    3: 1107120 op, 95118387.00 ns, 85.9152 ns/op
WorkloadPilot    4: 1163952 op, 55354789.00 ns, 47.5576 ns/op
WorkloadPilot    5: 2102720 op, 40515041.00 ns, 19.2679 ns/op
WorkloadPilot    6: 5189984 op, 94604864.00 ns, 18.2284 ns/op
WorkloadPilot    7: 5485968 op, 100432759.00 ns, 18.3072 ns/op
WorkloadPilot    8: 5462336 op, 100078359.00 ns, 18.3215 ns/op
WorkloadPilot    9: 5458064 op, 101688708.00 ns, 18.6309 ns/op

OverheadWarmup   1: 5458064 op, 13498278.00 ns, 2.4731 ns/op
OverheadWarmup   2: 5458064 op, 13549224.00 ns, 2.4824 ns/op
OverheadWarmup   3: 5458064 op, 13535879.00 ns, 2.4800 ns/op
OverheadWarmup   4: 5458064 op, 13550998.00 ns, 2.4827 ns/op
OverheadWarmup   5: 5458064 op, 13670123.00 ns, 2.5046 ns/op
OverheadWarmup   6: 5458064 op, 13590061.00 ns, 2.4899 ns/op

OverheadActual   1: 5458064 op, 13550236.00 ns, 2.4826 ns/op
OverheadActual   2: 5458064 op, 13610189.00 ns, 2.4936 ns/op
OverheadActual   3: 5458064 op, 13666766.00 ns, 2.5040 ns/op
OverheadActual   4: 5458064 op, 13706873.00 ns, 2.5113 ns/op
OverheadActual   5: 5458064 op, 13643943.00 ns, 2.4998 ns/op
OverheadActual   6: 5458064 op, 13689169.00 ns, 2.5081 ns/op
OverheadActual   7: 5458064 op, 13698216.00 ns, 2.5097 ns/op
OverheadActual   8: 5458064 op, 13779380.00 ns, 2.5246 ns/op
OverheadActual   9: 5458064 op, 13630919.00 ns, 2.4974 ns/op
OverheadActual  10: 5458064 op, 13600912.00 ns, 2.4919 ns/op
OverheadActual  11: 5458064 op, 13568891.00 ns, 2.4860 ns/op
OverheadActual  12: 5458064 op, 13536910.00 ns, 2.4802 ns/op
OverheadActual  13: 5458064 op, 13586584.00 ns, 2.4893 ns/op
OverheadActual  14: 5458064 op, 13629366.00 ns, 2.4971 ns/op
OverheadActual  15: 5458064 op, 12221601.00 ns, 2.2392 ns/op

WorkloadWarmup   1: 5458064 op, 109220288.00 ns, 20.0108 ns/op
WorkloadWarmup   2: 5458064 op, 104936947.00 ns, 19.2260 ns/op
WorkloadWarmup   3: 5458064 op, 105440891.00 ns, 19.3184 ns/op
WorkloadWarmup   4: 5458064 op, 97506949.00 ns, 17.8648 ns/op
WorkloadWarmup   5: 5458064 op, 99363064.00 ns, 18.2048 ns/op
WorkloadWarmup   6: 5458064 op, 98405761.00 ns, 18.0294 ns/op

// BeforeActualRun
WorkloadActual   1: 5458064 op, 100901567.00 ns, 18.4867 ns/op
WorkloadActual   2: 5458064 op, 112032903.00 ns, 20.5261 ns/op
WorkloadActual   3: 5458064 op, 110128747.00 ns, 20.1773 ns/op
WorkloadActual   4: 5458064 op, 107474091.00 ns, 19.6909 ns/op
WorkloadActual   5: 5458064 op, 113935866.00 ns, 20.8748 ns/op
WorkloadActual   6: 5458064 op, 110725227.00 ns, 20.2865 ns/op
WorkloadActual   7: 5458064 op, 111146785.00 ns, 20.3638 ns/op
WorkloadActual   8: 5458064 op, 109649420.00 ns, 20.0894 ns/op
WorkloadActual   9: 5458064 op, 105284726.00 ns, 19.2898 ns/op
WorkloadActual  10: 5458064 op, 107913003.00 ns, 19.7713 ns/op
WorkloadActual  11: 5458064 op, 106487714.00 ns, 19.5102 ns/op
WorkloadActual  12: 5458064 op, 116613866.00 ns, 21.3654 ns/op
WorkloadActual  13: 5458064 op, 103653457.00 ns, 18.9909 ns/op
WorkloadActual  14: 5458064 op, 105577169.00 ns, 19.3433 ns/op
WorkloadActual  15: 5458064 op, 103489868.00 ns, 18.9609 ns/op
WorkloadActual  16: 5458064 op, 104494730.00 ns, 19.1450 ns/op
WorkloadActual  17: 5458064 op, 105785223.00 ns, 19.3815 ns/op
WorkloadActual  18: 5458064 op, 98164755.00 ns, 17.9853 ns/op
WorkloadActual  19: 5458064 op, 97843878.00 ns, 17.9265 ns/op
WorkloadActual  20: 5458064 op, 98341319.00 ns, 18.0176 ns/op
WorkloadActual  21: 5458064 op, 97883974.00 ns, 17.9338 ns/op
WorkloadActual  22: 5458064 op, 98731548.00 ns, 18.0891 ns/op
WorkloadActual  23: 5458064 op, 97437779.00 ns, 17.8521 ns/op
WorkloadActual  24: 5458064 op, 98419638.00 ns, 18.0320 ns/op
WorkloadActual  25: 5458064 op, 98393729.00 ns, 18.0272 ns/op
WorkloadActual  26: 5458064 op, 98867435.00 ns, 18.1140 ns/op
WorkloadActual  27: 5458064 op, 97245254.00 ns, 17.8168 ns/op
WorkloadActual  28: 5458064 op, 98585020.00 ns, 18.0623 ns/op
WorkloadActual  29: 5458064 op, 100022332.00 ns, 18.3256 ns/op
WorkloadActual  30: 5458064 op, 119281678.00 ns, 21.8542 ns/op
WorkloadActual  31: 5458064 op, 104019270.00 ns, 19.0579 ns/op
WorkloadActual  32: 5458064 op, 98167520.00 ns, 17.9858 ns/op
WorkloadActual  33: 5458064 op, 97997478.00 ns, 17.9546 ns/op
WorkloadActual  34: 5458064 op, 99384525.00 ns, 18.2088 ns/op
WorkloadActual  35: 5458064 op, 100547115.00 ns, 18.4218 ns/op
WorkloadActual  36: 5458064 op, 98757598.00 ns, 18.0939 ns/op
WorkloadActual  37: 5458064 op, 97915203.00 ns, 17.9395 ns/op
WorkloadActual  38: 5458064 op, 98442632.00 ns, 18.0362 ns/op
WorkloadActual  39: 5458064 op, 97983402.00 ns, 17.9520 ns/op
WorkloadActual  40: 5458064 op, 100193787.00 ns, 18.3570 ns/op
WorkloadActual  41: 5458064 op, 97819942.00 ns, 17.9221 ns/op
WorkloadActual  42: 5458064 op, 97336487.00 ns, 17.8335 ns/op
WorkloadActual  43: 5458064 op, 97456474.00 ns, 17.8555 ns/op
WorkloadActual  44: 5458064 op, 97031149.00 ns, 17.7776 ns/op
WorkloadActual  45: 5458064 op, 97015860.00 ns, 17.7748 ns/op
WorkloadActual  46: 5458064 op, 97133692.00 ns, 17.7964 ns/op
WorkloadActual  47: 5458064 op, 97210198.00 ns, 17.8104 ns/op
WorkloadActual  48: 5458064 op, 97786388.00 ns, 17.9159 ns/op
WorkloadActual  49: 5458064 op, 97557866.00 ns, 17.8741 ns/op
WorkloadActual  50: 5458064 op, 98314308.00 ns, 18.0127 ns/op
WorkloadActual  51: 5458064 op, 97172687.00 ns, 17.8035 ns/op
WorkloadActual  52: 5458064 op, 98256669.00 ns, 18.0021 ns/op
WorkloadActual  53: 5458064 op, 98684128.00 ns, 18.0804 ns/op
WorkloadActual  54: 5458064 op, 99117920.00 ns, 18.1599 ns/op
WorkloadActual  55: 5458064 op, 98457700.00 ns, 18.0389 ns/op
WorkloadActual  56: 5458064 op, 99006900.00 ns, 18.1396 ns/op
WorkloadActual  57: 5458064 op, 98485632.00 ns, 18.0441 ns/op
WorkloadActual  58: 5458064 op, 98637029.00 ns, 18.0718 ns/op
WorkloadActual  59: 5458064 op, 97729251.00 ns, 17.9055 ns/op

// AfterActualRun
WorkloadResult   1: 5458064 op, 87272201.00 ns, 15.9896 ns/op
WorkloadResult   2: 5458064 op, 98403537.00 ns, 18.0290 ns/op
WorkloadResult   3: 5458064 op, 96499381.00 ns, 17.6801 ns/op
WorkloadResult   4: 5458064 op, 93844725.00 ns, 17.1938 ns/op
WorkloadResult   5: 5458064 op, 97095861.00 ns, 17.7894 ns/op
WorkloadResult   6: 5458064 op, 97517419.00 ns, 17.8667 ns/op
WorkloadResult   7: 5458064 op, 96020054.00 ns, 17.5923 ns/op
WorkloadResult   8: 5458064 op, 91655360.00 ns, 16.7927 ns/op
WorkloadResult   9: 5458064 op, 94283637.00 ns, 17.2742 ns/op
WorkloadResult  10: 5458064 op, 92858348.00 ns, 17.0131 ns/op
WorkloadResult  11: 5458064 op, 90024091.00 ns, 16.4938 ns/op
WorkloadResult  12: 5458064 op, 91947803.00 ns, 16.8462 ns/op
WorkloadResult  13: 5458064 op, 89860502.00 ns, 16.4638 ns/op
WorkloadResult  14: 5458064 op, 90865364.00 ns, 16.6479 ns/op
WorkloadResult  15: 5458064 op, 92155857.00 ns, 16.8843 ns/op
WorkloadResult  16: 5458064 op, 84535389.00 ns, 15.4882 ns/op
WorkloadResult  17: 5458064 op, 84214512.00 ns, 15.4294 ns/op
WorkloadResult  18: 5458064 op, 84711953.00 ns, 15.5205 ns/op
WorkloadResult  19: 5458064 op, 84254608.00 ns, 15.4367 ns/op
WorkloadResult  20: 5458064 op, 85102182.00 ns, 15.5920 ns/op
WorkloadResult  21: 5458064 op, 83808413.00 ns, 15.3550 ns/op
WorkloadResult  22: 5458064 op, 84790272.00 ns, 15.5349 ns/op
WorkloadResult  23: 5458064 op, 84764363.00 ns, 15.5301 ns/op
WorkloadResult  24: 5458064 op, 85238069.00 ns, 15.6169 ns/op
WorkloadResult  25: 5458064 op, 83615888.00 ns, 15.3197 ns/op
WorkloadResult  26: 5458064 op, 84955654.00 ns, 15.5652 ns/op
WorkloadResult  27: 5458064 op, 86392966.00 ns, 15.8285 ns/op
WorkloadResult  28: 5458064 op, 90389904.00 ns, 16.5608 ns/op
WorkloadResult  29: 5458064 op, 84538154.00 ns, 15.4887 ns/op
WorkloadResult  30: 5458064 op, 84368112.00 ns, 15.4575 ns/op
WorkloadResult  31: 5458064 op, 85755159.00 ns, 15.7116 ns/op
WorkloadResult  32: 5458064 op, 86917749.00 ns, 15.9246 ns/op
WorkloadResult  33: 5458064 op, 85128232.00 ns, 15.5968 ns/op
WorkloadResult  34: 5458064 op, 84285837.00 ns, 15.4424 ns/op
WorkloadResult  35: 5458064 op, 84813266.00 ns, 15.5391 ns/op
WorkloadResult  36: 5458064 op, 84354036.00 ns, 15.4549 ns/op
WorkloadResult  37: 5458064 op, 86564421.00 ns, 15.8599 ns/op
WorkloadResult  38: 5458064 op, 84190576.00 ns, 15.4250 ns/op
WorkloadResult  39: 5458064 op, 83707121.00 ns, 15.3364 ns/op
WorkloadResult  40: 5458064 op, 83827108.00 ns, 15.3584 ns/op
WorkloadResult  41: 5458064 op, 83401783.00 ns, 15.2805 ns/op
WorkloadResult  42: 5458064 op, 83386494.00 ns, 15.2777 ns/op
WorkloadResult  43: 5458064 op, 83504326.00 ns, 15.2993 ns/op
WorkloadResult  44: 5458064 op, 83580832.00 ns, 15.3133 ns/op
WorkloadResult  45: 5458064 op, 84157022.00 ns, 15.4188 ns/op
WorkloadResult  46: 5458064 op, 83928500.00 ns, 15.3770 ns/op
WorkloadResult  47: 5458064 op, 84684942.00 ns, 15.5156 ns/op
WorkloadResult  48: 5458064 op, 83543321.00 ns, 15.3064 ns/op
WorkloadResult  49: 5458064 op, 84627303.00 ns, 15.5050 ns/op
WorkloadResult  50: 5458064 op, 85054762.00 ns, 15.5833 ns/op
WorkloadResult  51: 5458064 op, 85488554.00 ns, 15.6628 ns/op
WorkloadResult  52: 5458064 op, 84828334.00 ns, 15.5418 ns/op
WorkloadResult  53: 5458064 op, 85377534.00 ns, 15.6425 ns/op
WorkloadResult  54: 5458064 op, 84856266.00 ns, 15.5470 ns/op
WorkloadResult  55: 5458064 op, 85007663.00 ns, 15.5747 ns/op
WorkloadResult  56: 5458064 op, 84099885.00 ns, 15.4084 ns/op
// GC:  93 0 0 785961216 5458064
// Threading:  0 0 5458064

// AfterAll
// Benchmark Process 12449 has exited with code 0.

Mean = 15.950 ns, StdErr = 0.105 ns (0.66%), N = 56, StdDev = 0.789 ns
Min = 15.278 ns, Q1 = 15.435 ns, Median = 15.556 ns, Q3 = 16.471 ns, Max = 18.029 ns
IQR = 1.036 ns, LowerFence = 13.880 ns, UpperFence = 18.026 ns
ConfidenceInterval = [15.583 ns; 16.316 ns] (CI 99.9%), Margin = 0.367 ns (2.30% of Mean)
Skewness = 1.29, Kurtosis = 3.3, MValue = 2.22

// ** Remained 76 (83.5%) benchmark(s) to run. Estimated finish 2026-03-01 10:02 (0h 7m from now) **
// **************************
// Benchmark: Scenario1.S1_CheckOptionStringSuccess_EnumerationsOptionsBoxed: .NET 10.0(Runtime=.NET 10.0, IterationTime=100ms) [Iterations=2]
// *** Execute ***
// Launch: 1 / 1
// Execute: dotnet "Enumerations.Options.Benchmarks-.NET 10.0-1.dll" --anonymousPipes 116 118 --benchmarkName "ReillyDigital.Enumerations.Options.Benchmarks.Scenarios.Scenario1.S1_CheckOptionStringSuccess_EnumerationsOptionsBoxed(Iterations: 2)" --job ".NET 10.0" --benchmarkId 15 in /media/andrew/Slowverflow/x/devs/reilly-digital/dotnet/enumerations.options/src/Enumerations.Options.Benchmarks/bin/Debug/net10.0/Enumerations.Options.Benchmarks-.NET 10.0-1/bin/Release/net10.0
// Failed to set up high priority (Permission denied). In order to run benchmarks with high priority, make sure you have the right permissions.
// BeforeAnythingElse

// Benchmark Process Environment Information:
// BenchmarkDotNet v0.15.8
// Runtime=.NET 10.0.3 (10.0.3, 10.0.326.7603), X64 RyuJIT x86-64-v3
// GC=Concurrent Workstation
// HardwareIntrinsics=AVX2+BMI1+BMI2+F16C+FMA+LZCNT+MOVBE,AVX,SSE3+SSSE3+SSE4.1+SSE4.2+POPCNT,X86Base+SSE+SSE2,AES+PCLMUL VectorSize=256
// Job: .NET 10.0(IterationTime=100ms)

OverheadJitting  1: 1 op, 151377.00 ns, 151.3770 us/op
WorkloadJitting  1: 1 op, 2753523.00 ns, 2.7535 ms/op

OverheadJitting  2: 16 op, 250324.00 ns, 15.6453 us/op
WorkloadJitting  2: 16 op, 209937.00 ns, 13.1211 us/op

WorkloadPilot    1: 16 op, 2505.00 ns, 156.5625 ns/op
WorkloadPilot    2: 638736 op, 35641264.00 ns, 55.7997 ns/op
WorkloadPilot    3: 1792128 op, 90365188.00 ns, 50.4234 ns/op
WorkloadPilot    4: 1983216 op, 55592188.00 ns, 28.0313 ns/op
WorkloadPilot    5: 3567440 op, 38773584.00 ns, 10.8687 ns/op
WorkloadPilot    6: 9200704 op, 93259267.00 ns, 10.1361 ns/op
WorkloadPilot    7: 9865728 op, 99041024.00 ns, 10.0389 ns/op
WorkloadPilot    8: 9961264 op, 100511409.00 ns, 10.0902 ns/op
WorkloadPilot    9: 9910592 op, 99737713.00 ns, 10.0637 ns/op
WorkloadPilot   10: 9936656 op, 99288353.00 ns, 9.9921 ns/op
WorkloadPilot   11: 10007888 op, 100238381.00 ns, 10.0159 ns/op
WorkloadPilot   12: 9984096 op, 100711567.00 ns, 10.0872 ns/op

OverheadWarmup   1: 9984096 op, 27345636.00 ns, 2.7389 ns/op
OverheadWarmup   2: 9984096 op, 27278709.00 ns, 2.7322 ns/op
OverheadWarmup   3: 9984096 op, 27291855.00 ns, 2.7335 ns/op
OverheadWarmup   4: 9984096 op, 27189301.00 ns, 2.7233 ns/op
OverheadWarmup   5: 9984096 op, 27172368.00 ns, 2.7216 ns/op
OverheadWarmup   6: 9984096 op, 27196263.00 ns, 2.7240 ns/op
OverheadWarmup   7: 9984096 op, 27247059.00 ns, 2.7290 ns/op
OverheadWarmup   8: 9984096 op, 27530947.00 ns, 2.7575 ns/op
OverheadWarmup   9: 9984096 op, 27345146.00 ns, 2.7389 ns/op

OverheadActual   1: 9984096 op, 27318555.00 ns, 2.7362 ns/op
OverheadActual   2: 9984096 op, 27240757.00 ns, 2.7284 ns/op
OverheadActual   3: 9984096 op, 27232873.00 ns, 2.7276 ns/op
OverheadActual   4: 9984096 op, 27350035.00 ns, 2.7394 ns/op
OverheadActual   5: 9984096 op, 27353070.00 ns, 2.7397 ns/op
OverheadActual   6: 9984096 op, 27341479.00 ns, 2.7385 ns/op
OverheadActual   7: 9984096 op, 27371275.00 ns, 2.7415 ns/op
OverheadActual   8: 9984096 op, 27379250.00 ns, 2.7423 ns/op
OverheadActual   9: 9984096 op, 24770441.00 ns, 2.4810 ns/op
OverheadActual  10: 9984096 op, 17593111.00 ns, 1.7621 ns/op
OverheadActual  11: 9984096 op, 17762512.00 ns, 1.7791 ns/op
OverheadActual  12: 9984096 op, 17701917.00 ns, 1.7730 ns/op
OverheadActual  13: 9984096 op, 17593852.00 ns, 1.7622 ns/op
OverheadActual  14: 9984096 op, 17677742.00 ns, 1.7706 ns/op
OverheadActual  15: 9984096 op, 17737274.00 ns, 1.7766 ns/op
OverheadActual  16: 9984096 op, 17601787.00 ns, 1.7630 ns/op
OverheadActual  17: 9984096 op, 17644979.00 ns, 1.7673 ns/op
OverheadActual  18: 9984096 op, 17639689.00 ns, 1.7668 ns/op
OverheadActual  19: 9984096 op, 17720893.00 ns, 1.7749 ns/op
OverheadActual  20: 9984096 op, 17681028.00 ns, 1.7709 ns/op

WorkloadWarmup   1: 9984096 op, 103539030.00 ns, 10.3704 ns/op
WorkloadWarmup   2: 9984096 op, 103252067.00 ns, 10.3417 ns/op
WorkloadWarmup   3: 9984096 op, 100718080.00 ns, 10.0879 ns/op
WorkloadWarmup   4: 9984096 op, 99803488.00 ns, 9.9962 ns/op
WorkloadWarmup   5: 9984096 op, 100730824.00 ns, 10.0891 ns/op
WorkloadWarmup   6: 9984096 op, 99733405.00 ns, 9.9892 ns/op
WorkloadWarmup   7: 9984096 op, 102616865.00 ns, 10.2780 ns/op
WorkloadWarmup   8: 9984096 op, 100510357.00 ns, 10.0670 ns/op

// BeforeActualRun
WorkloadActual   1: 9984096 op, 107976342.00 ns, 10.8148 ns/op
WorkloadActual   2: 9984096 op, 100140316.00 ns, 10.0300 ns/op
WorkloadActual   3: 9984096 op, 102767280.00 ns, 10.2931 ns/op
WorkloadActual   4: 9984096 op, 100381672.00 ns, 10.0542 ns/op
WorkloadActual   5: 9984096 op, 103662855.00 ns, 10.3828 ns/op
WorkloadActual   6: 9984096 op, 124259403.00 ns, 12.4457 ns/op
WorkloadActual   7: 9984096 op, 103256596.00 ns, 10.3421 ns/op
WorkloadActual   8: 9984096 op, 101034338.00 ns, 10.1195 ns/op
WorkloadActual   9: 9984096 op, 101765623.00 ns, 10.1928 ns/op
WorkloadActual  10: 9984096 op, 101174414.00 ns, 10.1336 ns/op
WorkloadActual  11: 9984096 op, 102545820.00 ns, 10.2709 ns/op
WorkloadActual  12: 9984096 op, 102958221.00 ns, 10.3122 ns/op
WorkloadActual  13: 9984096 op, 101949842.00 ns, 10.2112 ns/op
WorkloadActual  14: 9984096 op, 100480239.00 ns, 10.0640 ns/op
WorkloadActual  15: 9984096 op, 100666041.00 ns, 10.0826 ns/op

// AfterActualRun
WorkloadResult   1: 9984096 op, 82390423.00 ns, 8.2522 ns/op
WorkloadResult   2: 9984096 op, 85017387.00 ns, 8.5153 ns/op
WorkloadResult   3: 9984096 op, 82631779.00 ns, 8.2763 ns/op
WorkloadResult   4: 9984096 op, 85912962.00 ns, 8.6050 ns/op
WorkloadResult   5: 9984096 op, 85506703.00 ns, 8.5643 ns/op
WorkloadResult   6: 9984096 op, 83284445.00 ns, 8.3417 ns/op
WorkloadResult   7: 9984096 op, 84015730.00 ns, 8.4150 ns/op
WorkloadResult   8: 9984096 op, 83424521.00 ns, 8.3557 ns/op
WorkloadResult   9: 9984096 op, 84795927.00 ns, 8.4931 ns/op
WorkloadResult  10: 9984096 op, 85208328.00 ns, 8.5344 ns/op
WorkloadResult  11: 9984096 op, 84199949.00 ns, 8.4334 ns/op
WorkloadResult  12: 9984096 op, 82730346.00 ns, 8.2862 ns/op
WorkloadResult  13: 9984096 op, 82916148.00 ns, 8.3048 ns/op
// GC:  76 0 0 638982144 9984096
// Threading:  0 0 9984096

// AfterAll
// Benchmark Process 12501 has exited with code 0.

Mean = 8.414 ns, StdErr = 0.033 ns (0.40%), N = 13, StdDev = 0.120 ns
Min = 8.252 ns, Q1 = 8.305 ns, Median = 8.415 ns, Q3 = 8.515 ns, Max = 8.605 ns
IQR = 0.210 ns, LowerFence = 7.989 ns, UpperFence = 8.831 ns
ConfidenceInterval = [8.270 ns; 8.557 ns] (CI 99.9%), Margin = 0.144 ns (1.71% of Mean)
Skewness = 0.13, Kurtosis = 1.38, MValue = 2

// ** Remained 75 (82.4%) benchmark(s) to run. Estimated finish 2026-03-01 10:02 (0h 7m from now) **
// **************************
// Benchmark: Scenario1.S1_CheckOptionStringSuccess_EnumerationsOptions: .NET 10.0(Runtime=.NET 10.0, IterationTime=100ms) [Iterations=2]
// *** Execute ***
// Launch: 1 / 1
// Execute: dotnet "Enumerations.Options.Benchmarks-.NET 10.0-1.dll" --anonymousPipes 116 118 --benchmarkName "ReillyDigital.Enumerations.Options.Benchmarks.Scenarios.Scenario1.S1_CheckOptionStringSuccess_EnumerationsOptions(Iterations: 2)" --job ".NET 10.0" --benchmarkId 16 in /media/andrew/Slowverflow/x/devs/reilly-digital/dotnet/enumerations.options/src/Enumerations.Options.Benchmarks/bin/Debug/net10.0/Enumerations.Options.Benchmarks-.NET 10.0-1/bin/Release/net10.0
// Failed to set up high priority (Permission denied). In order to run benchmarks with high priority, make sure you have the right permissions.
// BeforeAnythingElse

// Benchmark Process Environment Information:
// BenchmarkDotNet v0.15.8
// Runtime=.NET 10.0.3 (10.0.3, 10.0.326.7603), X64 RyuJIT x86-64-v3
// GC=Concurrent Workstation
// HardwareIntrinsics=AVX2+BMI1+BMI2+F16C+FMA+LZCNT+MOVBE,AVX,SSE3+SSSE3+SSE4.1+SSE4.2+POPCNT,X86Base+SSE+SSE2,AES+PCLMUL VectorSize=256
// Job: .NET 10.0(IterationTime=100ms)

OverheadJitting  1: 1 op, 163980.00 ns, 163.9800 us/op
WorkloadJitting  1: 1 op, 3195681.00 ns, 3.1957 ms/op

OverheadJitting  2: 16 op, 199668.00 ns, 12.4793 us/op
WorkloadJitting  2: 16 op, 199258.00 ns, 12.4536 us/op

WorkloadPilot    1: 16 op, 2124.00 ns, 132.7500 ns/op
WorkloadPilot    2: 753296 op, 69959631.00 ns, 92.8714 ns/op
WorkloadPilot    3: 1076768 op, 99442975.00 ns, 92.3532 ns/op
WorkloadPilot    4: 1082800 op, 21525526.00 ns, 19.8795 ns/op
WorkloadPilot    5: 5030320 op, 8800412.00 ns, 1.7495 ns/op
WorkloadPilot    6: 57160064 op, 101400321.00 ns, 1.7740 ns/op
WorkloadPilot    7: 56370704 op, 99208631.00 ns, 1.7599 ns/op
WorkloadPilot    8: 56820368 op, 99837773.00 ns, 1.7571 ns/op
WorkloadPilot    9: 56912704 op, 99869693.00 ns, 1.7548 ns/op
WorkloadPilot   10: 56986976 op, 100030007.00 ns, 1.7553 ns/op
WorkloadPilot   11: 56969888 op, 99918986.00 ns, 1.7539 ns/op
WorkloadPilot   12: 57016080 op, 100018746.00 ns, 1.7542 ns/op

OverheadWarmup   1: 57016080 op, 140723095.00 ns, 2.4681 ns/op
OverheadWarmup   2: 57016080 op, 111221847.00 ns, 1.9507 ns/op
OverheadWarmup   3: 57016080 op, 86138284.00 ns, 1.5108 ns/op
OverheadWarmup   4: 57016080 op, 85638297.00 ns, 1.5020 ns/op
OverheadWarmup   5: 57016080 op, 85650961.00 ns, 1.5022 ns/op
OverheadWarmup   6: 57016080 op, 85550982.00 ns, 1.5005 ns/op
OverheadWarmup   7: 57016080 op, 87083755.00 ns, 1.5274 ns/op
OverheadWarmup   8: 57016080 op, 86216252.00 ns, 1.5121 ns/op

OverheadActual   1: 57016080 op, 85601358.00 ns, 1.5014 ns/op
OverheadActual   2: 57016080 op, 85699603.00 ns, 1.5031 ns/op
OverheadActual   3: 57016080 op, 85817086.00 ns, 1.5051 ns/op
OverheadActual   4: 57016080 op, 86985799.00 ns, 1.5256 ns/op
OverheadActual   5: 57016080 op, 86464852.00 ns, 1.5165 ns/op
OverheadActual   6: 57016080 op, 85604583.00 ns, 1.5014 ns/op
OverheadActual   7: 57016080 op, 85679316.00 ns, 1.5027 ns/op
OverheadActual   8: 57016080 op, 86360114.00 ns, 1.5147 ns/op
OverheadActual   9: 57016080 op, 86304850.00 ns, 1.5137 ns/op
OverheadActual  10: 57016080 op, 86375113.00 ns, 1.5149 ns/op
OverheadActual  11: 57016080 op, 87065790.00 ns, 1.5270 ns/op
OverheadActual  12: 57016080 op, 86512403.00 ns, 1.5173 ns/op
OverheadActual  13: 57016080 op, 85914360.00 ns, 1.5068 ns/op
OverheadActual  14: 57016080 op, 86403126.00 ns, 1.5154 ns/op
OverheadActual  15: 57016080 op, 85736283.00 ns, 1.5037 ns/op

WorkloadWarmup   1: 57016080 op, 101139097.00 ns, 1.7739 ns/op
WorkloadWarmup   2: 57016080 op, 100657675.00 ns, 1.7654 ns/op
WorkloadWarmup   3: 57016080 op, 100417440.00 ns, 1.7612 ns/op
WorkloadWarmup   4: 57016080 op, 100757684.00 ns, 1.7672 ns/op
WorkloadWarmup   5: 57016080 op, 99991784.00 ns, 1.7537 ns/op
WorkloadWarmup   6: 57016080 op, 100050586.00 ns, 1.7548 ns/op
WorkloadWarmup   7: 57016080 op, 100189038.00 ns, 1.7572 ns/op
WorkloadWarmup   8: 57016080 op, 100172407.00 ns, 1.7569 ns/op

// BeforeActualRun
WorkloadActual   1: 57016080 op, 100160865.00 ns, 1.7567 ns/op
WorkloadActual   2: 57016080 op, 100246456.00 ns, 1.7582 ns/op
WorkloadActual   3: 57016080 op, 100092936.00 ns, 1.7555 ns/op
WorkloadActual   4: 57016080 op, 100168709.00 ns, 1.7569 ns/op
WorkloadActual   5: 57016080 op, 100539171.00 ns, 1.7633 ns/op
WorkloadActual   6: 57016080 op, 99968511.00 ns, 1.7533 ns/op
WorkloadActual   7: 57016080 op, 100041528.00 ns, 1.7546 ns/op
WorkloadActual   8: 57016080 op, 99887537.00 ns, 1.7519 ns/op
WorkloadActual   9: 57016080 op, 99885744.00 ns, 1.7519 ns/op
WorkloadActual  10: 57016080 op, 99872729.00 ns, 1.7517 ns/op
WorkloadActual  11: 57016080 op, 99817855.00 ns, 1.7507 ns/op
WorkloadActual  12: 57016080 op, 99888860.00 ns, 1.7519 ns/op
WorkloadActual  13: 57016080 op, 101005604.00 ns, 1.7715 ns/op
WorkloadActual  14: 57016080 op, 100790335.00 ns, 1.7678 ns/op
WorkloadActual  15: 57016080 op, 100190731.00 ns, 1.7572 ns/op

// AfterActualRun
WorkloadResult   1: 57016080 op, 13856015.00 ns, 0.2430 ns/op
WorkloadResult   2: 57016080 op, 13941606.00 ns, 0.2445 ns/op
WorkloadResult   3: 57016080 op, 13788086.00 ns, 0.2418 ns/op
WorkloadResult   4: 57016080 op, 13863859.00 ns, 0.2432 ns/op
WorkloadResult   5: 57016080 op, 14234321.00 ns, 0.2497 ns/op
WorkloadResult   6: 57016080 op, 13663661.00 ns, 0.2396 ns/op
WorkloadResult   7: 57016080 op, 13736678.00 ns, 0.2409 ns/op
WorkloadResult   8: 57016080 op, 13582687.00 ns, 0.2382 ns/op
WorkloadResult   9: 57016080 op, 13580894.00 ns, 0.2382 ns/op
WorkloadResult  10: 57016080 op, 13567879.00 ns, 0.2380 ns/op
WorkloadResult  11: 57016080 op, 13513005.00 ns, 0.2370 ns/op
WorkloadResult  12: 57016080 op, 13584010.00 ns, 0.2382 ns/op
WorkloadResult  13: 57016080 op, 13885881.00 ns, 0.2435 ns/op
// GC:  0 0 0 0 57016080
// Threading:  0 0 57016080

// AfterAll
// Benchmark Process 12524 has exited with code 0.

Mean = 0.241 ns, StdErr = 0.001 ns (0.41%), N = 13, StdDev = 0.004 ns
Min = 0.237 ns, Q1 = 0.238 ns, Median = 0.241 ns, Q3 = 0.243 ns, Max = 0.250 ns
IQR = 0.005 ns, LowerFence = 0.231 ns, UpperFence = 0.251 ns
ConfidenceInterval = [0.237 ns; 0.245 ns] (CI 99.9%), Margin = 0.004 ns (1.77% of Mean)
Skewness = 0.79, Kurtosis = 2.8, MValue = 2

// ** Remained 74 (81.3%) benchmark(s) to run. Estimated finish 2026-03-01 10:02 (0h 7m from now) **
// **************************
// Benchmark: Scenario1.S1_CheckOptionStringSuccess_FluentResults: .NET 10.0(Runtime=.NET 10.0, IterationTime=100ms) [Iterations=2]
// *** Execute ***
// Launch: 1 / 1
// Execute: dotnet "Enumerations.Options.Benchmarks-.NET 10.0-1.dll" --anonymousPipes 116 118 --benchmarkName "ReillyDigital.Enumerations.Options.Benchmarks.Scenarios.Scenario1.S1_CheckOptionStringSuccess_FluentResults(Iterations: 2)" --job ".NET 10.0" --benchmarkId 17 in /media/andrew/Slowverflow/x/devs/reilly-digital/dotnet/enumerations.options/src/Enumerations.Options.Benchmarks/bin/Debug/net10.0/Enumerations.Options.Benchmarks-.NET 10.0-1/bin/Release/net10.0
// Failed to set up high priority (Permission denied). In order to run benchmarks with high priority, make sure you have the right permissions.
// BeforeAnythingElse

// Benchmark Process Environment Information:
// BenchmarkDotNet v0.15.8
// Runtime=.NET 10.0.3 (10.0.3, 10.0.326.7603), X64 RyuJIT x86-64-v3
// GC=Concurrent Workstation
// HardwareIntrinsics=AVX2+BMI1+BMI2+F16C+FMA+LZCNT+MOVBE,AVX,SSE3+SSSE3+SSE4.1+SSE4.2+POPCNT,X86Base+SSE+SSE2,AES+PCLMUL VectorSize=256
// Job: .NET 10.0(IterationTime=100ms)

OverheadJitting  1: 1 op, 159462.00 ns, 159.4620 us/op
WorkloadJitting  1: 1 op, 3933077.00 ns, 3.9331 ms/op

OverheadJitting  2: 16 op, 292373.00 ns, 18.2733 us/op
WorkloadJitting  2: 16 op, 280562.00 ns, 17.5351 us/op

WorkloadPilot    1: 16 op, 38483.00 ns, 2.4052 us/op
WorkloadPilot    2: 41584 op, 31075739.00 ns, 747.3004 ns/op
WorkloadPilot    3: 133824 op, 85840330.00 ns, 641.4420 ns/op
WorkloadPilot    4: 155904 op, 77544472.00 ns, 497.3860 ns/op
WorkloadPilot    5: 201056 op, 16316714.00 ns, 81.1551 ns/op
WorkloadPilot    6: 1232224 op, 83123867.00 ns, 67.4584 ns/op
WorkloadPilot    7: 1482400 op, 99207239.00 ns, 66.9234 ns/op
WorkloadPilot    8: 1494256 op, 100500007.00 ns, 67.2576 ns/op
WorkloadPilot    9: 1486832 op, 103380791.00 ns, 69.5309 ns/op
WorkloadPilot   10: 1438224 op, 97354791.00 ns, 67.6910 ns/op
WorkloadPilot   11: 1477312 op, 99827624.00 ns, 67.5738 ns/op
WorkloadPilot   12: 1479872 op, 99739386.00 ns, 67.3973 ns/op
WorkloadPilot   13: 1483744 op, 99737803.00 ns, 67.2204 ns/op
WorkloadPilot   14: 1487648 op, 100521087.00 ns, 67.5705 ns/op

OverheadWarmup   1: 1487648 op, 3710025.00 ns, 2.4939 ns/op
OverheadWarmup   2: 1487648 op, 3731976.00 ns, 2.5086 ns/op
OverheadWarmup   3: 1487648 op, 3768054.00 ns, 2.5329 ns/op
OverheadWarmup   4: 1487648 op, 3812689.00 ns, 2.5629 ns/op
OverheadWarmup   5: 1487648 op, 3704864.00 ns, 2.4904 ns/op
OverheadWarmup   6: 1487648 op, 3703973.00 ns, 2.4898 ns/op
OverheadWarmup   7: 1487648 op, 3722087.00 ns, 2.5020 ns/op
OverheadWarmup   8: 1487648 op, 4023959.00 ns, 2.7049 ns/op
OverheadWarmup   9: 1487648 op, 3763416.00 ns, 2.5298 ns/op

OverheadActual   1: 1487648 op, 3797320.00 ns, 2.5526 ns/op
OverheadActual   2: 1487648 op, 3778505.00 ns, 2.5399 ns/op
OverheadActual   3: 1487648 op, 3730835.00 ns, 2.5079 ns/op
OverheadActual   4: 1487648 op, 3767243.00 ns, 2.5323 ns/op
OverheadActual   5: 1487648 op, 3831264.00 ns, 2.5754 ns/op
OverheadActual   6: 1487648 op, 3782422.00 ns, 2.5426 ns/op
OverheadActual   7: 1487648 op, 3730013.00 ns, 2.5073 ns/op
OverheadActual   8: 1487648 op, 3751874.00 ns, 2.5220 ns/op
OverheadActual   9: 1487648 op, 3740382.00 ns, 2.5143 ns/op
OverheadActual  10: 1487648 op, 3756072.00 ns, 2.5248 ns/op
OverheadActual  11: 1487648 op, 3715294.00 ns, 2.4974 ns/op
OverheadActual  12: 1487648 op, 3780468.00 ns, 2.5412 ns/op
OverheadActual  13: 1487648 op, 3723921.00 ns, 2.5032 ns/op
OverheadActual  14: 1487648 op, 3738629.00 ns, 2.5131 ns/op
OverheadActual  15: 1487648 op, 3800906.00 ns, 2.5550 ns/op

WorkloadWarmup   1: 1487648 op, 103375211.00 ns, 69.4890 ns/op
WorkloadWarmup   2: 1487648 op, 102744767.00 ns, 69.0652 ns/op
WorkloadWarmup   3: 1487648 op, 100052419.00 ns, 67.2554 ns/op
WorkloadWarmup   4: 1487648 op, 100574829.00 ns, 67.6066 ns/op
WorkloadWarmup   5: 1487648 op, 100012905.00 ns, 67.2289 ns/op
WorkloadWarmup   6: 1487648 op, 101006356.00 ns, 67.8967 ns/op
WorkloadWarmup   7: 1487648 op, 99381879.00 ns, 66.8047 ns/op

// BeforeActualRun
WorkloadActual   1: 1487648 op, 101312214.00 ns, 68.1023 ns/op
WorkloadActual   2: 1487648 op, 104206475.00 ns, 70.0478 ns/op
WorkloadActual   3: 1487648 op, 104564904.00 ns, 70.2887 ns/op
WorkloadActual   4: 1487648 op, 106677333.00 ns, 71.7087 ns/op
WorkloadActual   5: 1487648 op, 106032572.00 ns, 71.2753 ns/op
WorkloadActual   6: 1487648 op, 116850956.00 ns, 78.5474 ns/op
WorkloadActual   7: 1487648 op, 107034800.00 ns, 71.9490 ns/op
WorkloadActual   8: 1487648 op, 106311931.00 ns, 71.4631 ns/op
WorkloadActual   9: 1487648 op, 106637658.00 ns, 71.6820 ns/op
WorkloadActual  10: 1487648 op, 107074505.00 ns, 71.9757 ns/op
WorkloadActual  11: 1487648 op, 104533414.00 ns, 70.2676 ns/op
WorkloadActual  12: 1487648 op, 105946770.00 ns, 71.2176 ns/op
WorkloadActual  13: 1487648 op, 104646958.00 ns, 70.3439 ns/op
WorkloadActual  14: 1487648 op, 104533453.00 ns, 70.2676 ns/op
WorkloadActual  15: 1487648 op, 103686199.00 ns, 69.6981 ns/op

// AfterActualRun
WorkloadResult   1: 1487648 op, 97556142.00 ns, 65.5774 ns/op
WorkloadResult   2: 1487648 op, 100450403.00 ns, 67.5230 ns/op
WorkloadResult   3: 1487648 op, 100808832.00 ns, 67.7639 ns/op
WorkloadResult   4: 1487648 op, 102921261.00 ns, 69.1839 ns/op
WorkloadResult   5: 1487648 op, 102276500.00 ns, 68.7505 ns/op
WorkloadResult   6: 1487648 op, 103278728.00 ns, 69.4242 ns/op
WorkloadResult   7: 1487648 op, 102555859.00 ns, 68.9383 ns/op
WorkloadResult   8: 1487648 op, 102881586.00 ns, 69.1572 ns/op
WorkloadResult   9: 1487648 op, 103318433.00 ns, 69.4509 ns/op
WorkloadResult  10: 1487648 op, 100777342.00 ns, 67.7427 ns/op
WorkloadResult  11: 1487648 op, 102190698.00 ns, 68.6928 ns/op
WorkloadResult  12: 1487648 op, 100890886.00 ns, 67.8191 ns/op
WorkloadResult  13: 1487648 op, 100777381.00 ns, 67.7428 ns/op
WorkloadResult  14: 1487648 op, 99930127.00 ns, 67.1732 ns/op
// GC:  56 0 0 476047360 1487648
// Threading:  0 0 1487648

// AfterAll
// Benchmark Process 12567 has exited with code 0.

Mean = 68.210 ns, StdErr = 0.289 ns (0.42%), N = 14, StdDev = 1.081 ns
Min = 65.577 ns, Q1 = 67.743 ns, Median = 68.256 ns, Q3 = 69.102 ns, Max = 69.451 ns
IQR = 1.360 ns, LowerFence = 65.703 ns, UpperFence = 71.142 ns
ConfidenceInterval = [66.991 ns; 69.429 ns] (CI 99.9%), Margin = 1.219 ns (1.79% of Mean)
Skewness = -0.79, Kurtosis = 2.95, MValue = 2

// ** Remained 73 (80.2%) benchmark(s) to run. Estimated finish 2026-03-01 10:02 (0h 7m from now) **
// **************************
// Benchmark: Scenario1.S1_CheckOptionStringSuccess_LightResults: .NET 10.0(Runtime=.NET 10.0, IterationTime=100ms) [Iterations=2]
// *** Execute ***
// Launch: 1 / 1
// Execute: dotnet "Enumerations.Options.Benchmarks-.NET 10.0-1.dll" --anonymousPipes 116 118 --benchmarkName "ReillyDigital.Enumerations.Options.Benchmarks.Scenarios.Scenario1.S1_CheckOptionStringSuccess_LightResults(Iterations: 2)" --job ".NET 10.0" --benchmarkId 18 in /media/andrew/Slowverflow/x/devs/reilly-digital/dotnet/enumerations.options/src/Enumerations.Options.Benchmarks/bin/Debug/net10.0/Enumerations.Options.Benchmarks-.NET 10.0-1/bin/Release/net10.0
// Failed to set up high priority (Permission denied). In order to run benchmarks with high priority, make sure you have the right permissions.
// BeforeAnythingElse

// Benchmark Process Environment Information:
// BenchmarkDotNet v0.15.8
// Runtime=.NET 10.0.3 (10.0.3, 10.0.326.7603), X64 RyuJIT x86-64-v3
// GC=Concurrent Workstation
// HardwareIntrinsics=AVX2+BMI1+BMI2+F16C+FMA+LZCNT+MOVBE,AVX,SSE3+SSSE3+SSE4.1+SSE4.2+POPCNT,X86Base+SSE+SSE2,AES+PCLMUL VectorSize=256
// Job: .NET 10.0(IterationTime=100ms)

OverheadJitting  1: 1 op, 150836.00 ns, 150.8360 us/op
WorkloadJitting  1: 1 op, 3160464.00 ns, 3.1605 ms/op

OverheadJitting  2: 16 op, 241808.00 ns, 15.1130 us/op
WorkloadJitting  2: 16 op, 195450.00 ns, 12.2156 us/op

WorkloadPilot    1: 16 op, 1093.00 ns, 68.3125 ns/op
WorkloadPilot    2: 1463872 op, 57932619.00 ns, 39.5749 ns/op
WorkloadPilot    3: 2526864 op, 98682766.00 ns, 39.0535 ns/op
WorkloadPilot    4: 2560608 op, 4567648.00 ns, 1.7838 ns/op
WorkloadPilot    5: 56059664 op, 99338657.00 ns, 1.7720 ns/op
WorkloadPilot    6: 56432880 op, 100106862.00 ns, 1.7739 ns/op
WorkloadPilot    7: 56372640 op, 99936620.00 ns, 1.7728 ns/op
WorkloadPilot    8: 56408400 op, 100195580.00 ns, 1.7763 ns/op
WorkloadPilot    9: 56298304 op, 100639871.00 ns, 1.7876 ns/op

OverheadWarmup   1: 56298304 op, 154591013.00 ns, 2.7459 ns/op
OverheadWarmup   2: 56298304 op, 107150358.00 ns, 1.9033 ns/op
OverheadWarmup   3: 56298304 op, 85947112.00 ns, 1.5266 ns/op
OverheadWarmup   4: 56298304 op, 85480609.00 ns, 1.5184 ns/op
OverheadWarmup   5: 56298304 op, 85479968.00 ns, 1.5183 ns/op
OverheadWarmup   6: 56298304 op, 85433751.00 ns, 1.5175 ns/op
OverheadWarmup   7: 56298304 op, 85684856.00 ns, 1.5220 ns/op
OverheadWarmup   8: 56298304 op, 85393985.00 ns, 1.5168 ns/op
OverheadWarmup   9: 56298304 op, 86435147.00 ns, 1.5353 ns/op
OverheadWarmup  10: 56298304 op, 84515121.00 ns, 1.5012 ns/op

OverheadActual   1: 56298304 op, 84737962.00 ns, 1.5052 ns/op
OverheadActual   2: 56298304 op, 84560697.00 ns, 1.5020 ns/op
OverheadActual   3: 56298304 op, 84981945.00 ns, 1.5095 ns/op
OverheadActual   4: 56298304 op, 84508228.00 ns, 1.5011 ns/op
OverheadActual   5: 56298304 op, 84595012.00 ns, 1.5026 ns/op
OverheadActual   6: 56298304 op, 85835882.00 ns, 1.5247 ns/op
OverheadActual   7: 56298304 op, 84517947.00 ns, 1.5013 ns/op
OverheadActual   8: 56298304 op, 84459525.00 ns, 1.5002 ns/op
OverheadActual   9: 56298304 op, 84513798.00 ns, 1.5012 ns/op
OverheadActual  10: 56298304 op, 84447913.00 ns, 1.5000 ns/op
OverheadActual  11: 56298304 op, 84543164.00 ns, 1.5017 ns/op
OverheadActual  12: 56298304 op, 87327777.00 ns, 1.5512 ns/op
OverheadActual  13: 56298304 op, 84387599.00 ns, 1.4989 ns/op
OverheadActual  14: 56298304 op, 99691976.00 ns, 1.7708 ns/op
OverheadActual  15: 56298304 op, 85675117.00 ns, 1.5218 ns/op

WorkloadWarmup   1: 56298304 op, 99037457.00 ns, 1.7592 ns/op
WorkloadWarmup   2: 56298304 op, 98973456.00 ns, 1.7580 ns/op
WorkloadWarmup   3: 56298304 op, 99012711.00 ns, 1.7587 ns/op
WorkloadWarmup   4: 56298304 op, 98705819.00 ns, 1.7533 ns/op
WorkloadWarmup   5: 56298304 op, 98894978.00 ns, 1.7566 ns/op
WorkloadWarmup   6: 56298304 op, 98543462.00 ns, 1.7504 ns/op

// BeforeActualRun
WorkloadActual   1: 56298304 op, 98650735.00 ns, 1.7523 ns/op
WorkloadActual   2: 56298304 op, 99517406.00 ns, 1.7677 ns/op
WorkloadActual   3: 56298304 op, 99417147.00 ns, 1.7659 ns/op
WorkloadActual   4: 56298304 op, 99125073.00 ns, 1.7607 ns/op
WorkloadActual   5: 56298304 op, 99290607.00 ns, 1.7637 ns/op
WorkloadActual   6: 56298304 op, 98599317.00 ns, 1.7514 ns/op
WorkloadActual   7: 56298304 op, 98777976.00 ns, 1.7545 ns/op
WorkloadActual   8: 56298304 op, 98515940.00 ns, 1.7499 ns/op
WorkloadActual   9: 56298304 op, 98943700.00 ns, 1.7575 ns/op
WorkloadActual  10: 56298304 op, 99412408.00 ns, 1.7658 ns/op
WorkloadActual  11: 56298304 op, 101802964.00 ns, 1.8083 ns/op
WorkloadActual  12: 56298304 op, 100821185.00 ns, 1.7908 ns/op
WorkloadActual  13: 56298304 op, 101623083.00 ns, 1.8051 ns/op
WorkloadActual  14: 56298304 op, 100531667.00 ns, 1.7857 ns/op
WorkloadActual  15: 56298304 op, 99948653.00 ns, 1.7753 ns/op

// AfterActualRun
WorkloadResult   1: 56298304 op, 14090038.00 ns, 0.2503 ns/op
WorkloadResult   2: 56298304 op, 14956709.00 ns, 0.2657 ns/op
WorkloadResult   3: 56298304 op, 14856450.00 ns, 0.2639 ns/op
WorkloadResult   4: 56298304 op, 14564376.00 ns, 0.2587 ns/op
WorkloadResult   5: 56298304 op, 14729910.00 ns, 0.2616 ns/op
WorkloadResult   6: 56298304 op, 14038620.00 ns, 0.2494 ns/op
WorkloadResult   7: 56298304 op, 14217279.00 ns, 0.2525 ns/op
WorkloadResult   8: 56298304 op, 13955243.00 ns, 0.2479 ns/op
WorkloadResult   9: 56298304 op, 14383003.00 ns, 0.2555 ns/op
WorkloadResult  10: 56298304 op, 14851711.00 ns, 0.2638 ns/op
WorkloadResult  11: 56298304 op, 17242267.00 ns, 0.3063 ns/op
WorkloadResult  12: 56298304 op, 16260488.00 ns, 0.2888 ns/op
WorkloadResult  13: 56298304 op, 17062386.00 ns, 0.3031 ns/op
WorkloadResult  14: 56298304 op, 15970970.00 ns, 0.2837 ns/op
WorkloadResult  15: 56298304 op, 15387956.00 ns, 0.2733 ns/op
// GC:  0 0 0 0 56298304
// Threading:  0 0 56298304

// AfterAll
// Benchmark Process 12587 has exited with code 0.

Mean = 0.268 ns, StdErr = 0.005 ns (1.82%), N = 15, StdDev = 0.019 ns
Min = 0.248 ns, Q1 = 0.254 ns, Median = 0.264 ns, Q3 = 0.279 ns, Max = 0.306 ns
IQR = 0.025 ns, LowerFence = 0.217 ns, UpperFence = 0.315 ns
ConfidenceInterval = [0.248 ns; 0.289 ns] (CI 99.9%), Margin = 0.020 ns (7.55% of Mean)
Skewness = 0.79, Kurtosis = 2.21, MValue = 2

// ** Remained 72 (79.1%) benchmark(s) to run. Estimated finish 2026-03-01 10:02 (0h 7m from now) **
// **************************
// Benchmark: Scenario1.S1_CheckOptionStringSuccess_Rascal: .NET 10.0(Runtime=.NET 10.0, IterationTime=100ms) [Iterations=2]
// *** Execute ***
// Launch: 1 / 1
// Execute: dotnet "Enumerations.Options.Benchmarks-.NET 10.0-1.dll" --anonymousPipes 116 118 --benchmarkName "ReillyDigital.Enumerations.Options.Benchmarks.Scenarios.Scenario1.S1_CheckOptionStringSuccess_Rascal(Iterations: 2)" --job ".NET 10.0" --benchmarkId 19 in /media/andrew/Slowverflow/x/devs/reilly-digital/dotnet/enumerations.options/src/Enumerations.Options.Benchmarks/bin/Debug/net10.0/Enumerations.Options.Benchmarks-.NET 10.0-1/bin/Release/net10.0
// Failed to set up high priority (Permission denied). In order to run benchmarks with high priority, make sure you have the right permissions.
// BeforeAnythingElse

// Benchmark Process Environment Information:
// BenchmarkDotNet v0.15.8
// Runtime=.NET 10.0.3 (10.0.3, 10.0.326.7603), X64 RyuJIT x86-64-v3
// GC=Concurrent Workstation
// HardwareIntrinsics=AVX2+BMI1+BMI2+F16C+FMA+LZCNT+MOVBE,AVX,SSE3+SSSE3+SSE4.1+SSE4.2+POPCNT,X86Base+SSE+SSE2,AES+PCLMUL VectorSize=256
// Job: .NET 10.0(IterationTime=100ms)

OverheadJitting  1: 1 op, 156446.00 ns, 156.4460 us/op
WorkloadJitting  1: 1 op, 2596126.00 ns, 2.5961 ms/op

OverheadJitting  2: 16 op, 226269.00 ns, 14.1418 us/op
WorkloadJitting  2: 16 op, 195340.00 ns, 12.2088 us/op

WorkloadPilot    1: 16 op, 1102.00 ns, 68.8750 ns/op
WorkloadPilot    2: 1451920 op, 56309466.00 ns, 38.7828 ns/op
WorkloadPilot    3: 2578480 op, 99010927.00 ns, 38.3990 ns/op
WorkloadPilot    4: 2604240 op, 10538243.00 ns, 4.0466 ns/op
WorkloadPilot    5: 24712288 op, 43876656.00 ns, 1.7755 ns/op
WorkloadPilot    6: 56322192 op, 99417227.00 ns, 1.7652 ns/op
WorkloadPilot    7: 56652352 op, 99944224.00 ns, 1.7642 ns/op
WorkloadPilot    8: 56683968 op, 99944645.00 ns, 1.7632 ns/op
WorkloadPilot    9: 56715376 op, 100007925.00 ns, 1.7633 ns/op
WorkloadPilot   10: 56710896 op, 100795596.00 ns, 1.7774 ns/op
WorkloadPilot   11: 56263280 op, 99525692.00 ns, 1.7689 ns/op
WorkloadPilot   12: 56531424 op, 100274750.00 ns, 1.7738 ns/op

OverheadWarmup   1: 56531424 op, 144386602.00 ns, 2.5541 ns/op
OverheadWarmup   2: 56531424 op, 110380324.00 ns, 1.9525 ns/op
OverheadWarmup   3: 56531424 op, 85828969.00 ns, 1.5183 ns/op
OverheadWarmup   4: 56531424 op, 85677822.00 ns, 1.5156 ns/op
OverheadWarmup   5: 56531424 op, 85762182.00 ns, 1.5171 ns/op
OverheadWarmup   6: 56531424 op, 85609974.00 ns, 1.5144 ns/op
OverheadWarmup   7: 56531424 op, 85534732.00 ns, 1.5130 ns/op
OverheadWarmup   8: 56531424 op, 85261194.00 ns, 1.5082 ns/op
OverheadWarmup   9: 56531424 op, 85537787.00 ns, 1.5131 ns/op
OverheadWarmup  10: 56531424 op, 86766394.00 ns, 1.5348 ns/op

OverheadActual   1: 56531424 op, 86152000.00 ns, 1.5240 ns/op
OverheadActual   2: 56531424 op, 85383675.00 ns, 1.5104 ns/op
OverheadActual   3: 56531424 op, 85508541.00 ns, 1.5126 ns/op
OverheadActual   4: 56531424 op, 86103399.00 ns, 1.5231 ns/op
OverheadActual   5: 56531424 op, 85689795.00 ns, 1.5158 ns/op
OverheadActual   6: 56531424 op, 85719822.00 ns, 1.5163 ns/op
OverheadActual   7: 56531424 op, 85321999.00 ns, 1.5093 ns/op
OverheadActual   8: 56531424 op, 88158840.00 ns, 1.5595 ns/op
OverheadActual   9: 56531424 op, 98306053.00 ns, 1.7390 ns/op
OverheadActual  10: 56531424 op, 86477446.00 ns, 1.5297 ns/op
OverheadActual  11: 56531424 op, 86211292.00 ns, 1.5250 ns/op
OverheadActual  12: 56531424 op, 86210692.00 ns, 1.5250 ns/op
OverheadActual  13: 56531424 op, 86583888.00 ns, 1.5316 ns/op
OverheadActual  14: 56531424 op, 86728021.00 ns, 1.5342 ns/op
OverheadActual  15: 56531424 op, 86315970.00 ns, 1.5269 ns/op

WorkloadWarmup   1: 56531424 op, 100352197.00 ns, 1.7752 ns/op
WorkloadWarmup   2: 56531424 op, 101770432.00 ns, 1.8002 ns/op
WorkloadWarmup   3: 56531424 op, 102904870.00 ns, 1.8203 ns/op
WorkloadWarmup   4: 56531424 op, 102879772.00 ns, 1.8199 ns/op
WorkloadWarmup   5: 56531424 op, 101127955.00 ns, 1.7889 ns/op
WorkloadWarmup   6: 56531424 op, 101356659.00 ns, 1.7929 ns/op
WorkloadWarmup   7: 56531424 op, 101649573.00 ns, 1.7981 ns/op
WorkloadWarmup   8: 56531424 op, 101258774.00 ns, 1.7912 ns/op

// BeforeActualRun
WorkloadActual   1: 56531424 op, 101672807.00 ns, 1.7985 ns/op
WorkloadActual   2: 56531424 op, 101679510.00 ns, 1.7986 ns/op
WorkloadActual   3: 56531424 op, 100876700.00 ns, 1.7844 ns/op
WorkloadActual   4: 56531424 op, 100835663.00 ns, 1.7837 ns/op
WorkloadActual   5: 56531424 op, 100785808.00 ns, 1.7828 ns/op
WorkloadActual   6: 56531424 op, 102114293.00 ns, 1.8063 ns/op
WorkloadActual   7: 56531424 op, 101959791.00 ns, 1.8036 ns/op
WorkloadActual   8: 56531424 op, 101704346.00 ns, 1.7991 ns/op
WorkloadActual   9: 56531424 op, 100675629.00 ns, 1.7809 ns/op
WorkloadActual  10: 56531424 op, 100745552.00 ns, 1.7821 ns/op
WorkloadActual  11: 56531424 op, 101354475.00 ns, 1.7929 ns/op
WorkloadActual  12: 56531424 op, 103506889.00 ns, 1.8310 ns/op
WorkloadActual  13: 56531424 op, 106080643.00 ns, 1.8765 ns/op
WorkloadActual  14: 56531424 op, 115637718.00 ns, 2.0455 ns/op
WorkloadActual  15: 56531424 op, 99996212.00 ns, 1.7689 ns/op

// AfterActualRun
WorkloadResult   1: 56531424 op, 15462115.00 ns, 0.2735 ns/op
WorkloadResult   2: 56531424 op, 15468818.00 ns, 0.2736 ns/op
WorkloadResult   3: 56531424 op, 14666008.00 ns, 0.2594 ns/op
WorkloadResult   4: 56531424 op, 14624971.00 ns, 0.2587 ns/op
WorkloadResult   5: 56531424 op, 14575116.00 ns, 0.2578 ns/op
WorkloadResult   6: 56531424 op, 15903601.00 ns, 0.2813 ns/op
WorkloadResult   7: 56531424 op, 15749099.00 ns, 0.2786 ns/op
WorkloadResult   8: 56531424 op, 15493654.00 ns, 0.2741 ns/op
WorkloadResult   9: 56531424 op, 14464937.00 ns, 0.2559 ns/op
WorkloadResult  10: 56531424 op, 14534860.00 ns, 0.2571 ns/op
WorkloadResult  11: 56531424 op, 15143783.00 ns, 0.2679 ns/op
WorkloadResult  12: 56531424 op, 17296197.00 ns, 0.3060 ns/op
WorkloadResult  13: 56531424 op, 13785520.00 ns, 0.2439 ns/op
// GC:  0 0 0 0 56531424
// Threading:  0 0 56531424

// AfterAll
// Benchmark Process 12621 has exited with code 0.

Mean = 0.268 ns, StdErr = 0.004 ns (1.62%), N = 13, StdDev = 0.016 ns
Min = 0.244 ns, Q1 = 0.258 ns, Median = 0.268 ns, Q3 = 0.274 ns, Max = 0.306 ns
IQR = 0.016 ns, LowerFence = 0.233 ns, UpperFence = 0.298 ns
ConfidenceInterval = [0.250 ns; 0.287 ns] (CI 99.9%), Margin = 0.019 ns (6.99% of Mean)
Skewness = 0.73, Kurtosis = 3.18, MValue = 2.33

// ** Remained 71 (78.0%) benchmark(s) to run. Estimated finish 2026-03-01 10:02 (0h 6m from now) **
// **************************
// Benchmark: Scenario1.S1_CheckOptionStringSuccess_SimpleResults: .NET 10.0(Runtime=.NET 10.0, IterationTime=100ms) [Iterations=2]
// *** Execute ***
// Launch: 1 / 1
// Execute: dotnet "Enumerations.Options.Benchmarks-.NET 10.0-1.dll" --anonymousPipes 116 118 --benchmarkName "ReillyDigital.Enumerations.Options.Benchmarks.Scenarios.Scenario1.S1_CheckOptionStringSuccess_SimpleResults(Iterations: 2)" --job ".NET 10.0" --benchmarkId 20 in /media/andrew/Slowverflow/x/devs/reilly-digital/dotnet/enumerations.options/src/Enumerations.Options.Benchmarks/bin/Debug/net10.0/Enumerations.Options.Benchmarks-.NET 10.0-1/bin/Release/net10.0
// Failed to set up high priority (Permission denied). In order to run benchmarks with high priority, make sure you have the right permissions.
// BeforeAnythingElse

// Benchmark Process Environment Information:
// BenchmarkDotNet v0.15.8
// Runtime=.NET 10.0.3 (10.0.3, 10.0.326.7603), X64 RyuJIT x86-64-v3
// GC=Concurrent Workstation
// HardwareIntrinsics=AVX2+BMI1+BMI2+F16C+FMA+LZCNT+MOVBE,AVX,SSE3+SSSE3+SSE4.1+SSE4.2+POPCNT,X86Base+SSE+SSE2,AES+PCLMUL VectorSize=256
// Job: .NET 10.0(IterationTime=100ms)

OverheadJitting  1: 1 op, 163540.00 ns, 163.5400 us/op
WorkloadJitting  1: 1 op, 9474129.00 ns, 9.4741 ms/op

WorkloadPilot    1: 4 op, 5841.00 ns, 1.4603 us/op
WorkloadPilot    2: 68481 op, 50165634.00 ns, 732.5482 ns/op
WorkloadPilot    3: 136510 op, 91620154.00 ns, 671.1608 ns/op
WorkloadPilot    4: 148996 op, 74488838.00 ns, 499.9385 ns/op
WorkloadPilot    5: 200025 op, 35837164.00 ns, 179.1634 ns/op
WorkloadPilot    6: 558150 op, 96825579.00 ns, 173.4759 ns/op
WorkloadPilot    7: 576449 op, 100007564.00 ns, 173.4890 ns/op
WorkloadPilot    8: 576405 op, 106712610.00 ns, 185.1348 ns/op
WorkloadPilot    9: 540147 op, 93393862.00 ns, 172.9045 ns/op
WorkloadPilot   10: 578354 op, 99532255.00 ns, 172.0957 ns/op
WorkloadPilot   11: 581072 op, 99224602.00 ns, 170.7613 ns/op
WorkloadPilot   12: 585613 op, 100711928.00 ns, 171.9769 ns/op

WorkloadWarmup   1: 585613 op, 99820921.00 ns, 170.4554 ns/op
WorkloadWarmup   2: 585613 op, 101993435.00 ns, 174.1653 ns/op
WorkloadWarmup   3: 585613 op, 102487550.00 ns, 175.0090 ns/op
WorkloadWarmup   4: 585613 op, 100411629.00 ns, 171.4641 ns/op
WorkloadWarmup   5: 585613 op, 100253039.00 ns, 171.1933 ns/op
WorkloadWarmup   6: 585613 op, 100691719.00 ns, 171.9424 ns/op
WorkloadWarmup   7: 585613 op, 102180929.00 ns, 174.4854 ns/op
WorkloadWarmup   8: 585613 op, 103756983.00 ns, 177.1767 ns/op
WorkloadWarmup   9: 585613 op, 101249786.00 ns, 172.8954 ns/op

// BeforeActualRun
WorkloadActual   1: 585613 op, 100559900.00 ns, 171.7173 ns/op
WorkloadActual   2: 585613 op, 100793542.00 ns, 172.1163 ns/op
WorkloadActual   3: 585613 op, 100290099.00 ns, 171.2566 ns/op
WorkloadActual   4: 585613 op, 100407031.00 ns, 171.4563 ns/op
WorkloadActual   5: 585613 op, 101150388.00 ns, 172.7257 ns/op
WorkloadActual   6: 585613 op, 100467905.00 ns, 171.5602 ns/op
WorkloadActual   7: 585613 op, 101482777.00 ns, 173.2932 ns/op
WorkloadActual   8: 585613 op, 102338758.00 ns, 174.7549 ns/op
WorkloadActual   9: 585613 op, 103943977.00 ns, 177.4960 ns/op
WorkloadActual  10: 585613 op, 101449625.00 ns, 173.2366 ns/op
WorkloadActual  11: 585613 op, 101319939.00 ns, 173.0152 ns/op
WorkloadActual  12: 585613 op, 99730249.00 ns, 170.3006 ns/op
WorkloadActual  13: 585613 op, 101411542.00 ns, 173.1716 ns/op
WorkloadActual  14: 585613 op, 100767463.00 ns, 172.0718 ns/op
WorkloadActual  15: 585613 op, 100863685.00 ns, 172.2361 ns/op

// AfterActualRun
WorkloadResult   1: 585613 op, 100559900.00 ns, 171.7173 ns/op
WorkloadResult   2: 585613 op, 100793542.00 ns, 172.1163 ns/op
WorkloadResult   3: 585613 op, 100290099.00 ns, 171.2566 ns/op
WorkloadResult   4: 585613 op, 100407031.00 ns, 171.4563 ns/op
WorkloadResult   5: 585613 op, 101150388.00 ns, 172.7257 ns/op
WorkloadResult   6: 585613 op, 100467905.00 ns, 171.5602 ns/op
WorkloadResult   7: 585613 op, 101482777.00 ns, 173.2932 ns/op
WorkloadResult   8: 585613 op, 102338758.00 ns, 174.7549 ns/op
WorkloadResult   9: 585613 op, 101449625.00 ns, 173.2366 ns/op
WorkloadResult  10: 585613 op, 101319939.00 ns, 173.0152 ns/op
WorkloadResult  11: 585613 op, 99730249.00 ns, 170.3006 ns/op
WorkloadResult  12: 585613 op, 101411542.00 ns, 173.1716 ns/op
WorkloadResult  13: 585613 op, 100767463.00 ns, 172.0718 ns/op
WorkloadResult  14: 585613 op, 100863685.00 ns, 172.2361 ns/op
// GC:  12 0 0 103067888 585613
// Threading:  0 0 585613

// AfterAll
// Benchmark Process 12667 has exited with code 0.

Mean = 172.351 ns, StdErr = 0.297 ns (0.17%), N = 14, StdDev = 1.112 ns
Min = 170.301 ns, Q1 = 171.600 ns, Median = 172.176 ns, Q3 = 173.132 ns, Max = 174.755 ns
IQR = 1.533 ns, LowerFence = 169.300 ns, UpperFence = 175.432 ns
ConfidenceInterval = [171.096 ns; 173.606 ns] (CI 99.9%), Margin = 1.255 ns (0.73% of Mean)
Skewness = 0.25, Kurtosis = 2.6, MValue = 2

// ** Remained 70 (76.9%) benchmark(s) to run. Estimated finish 2026-03-01 10:02 (0h 6m from now) **
// **************************
// Benchmark: Scenario1.S1_CheckVoidErrorNoMessage_ArdalisResult: .NET 10.0(Runtime=.NET 10.0, IterationTime=100ms) [Iterations=2]
// *** Execute ***
// Launch: 1 / 1
// Execute: dotnet "Enumerations.Options.Benchmarks-.NET 10.0-1.dll" --anonymousPipes 116 118 --benchmarkName "ReillyDigital.Enumerations.Options.Benchmarks.Scenarios.Scenario1.S1_CheckVoidErrorNoMessage_ArdalisResult(Iterations: 2)" --job ".NET 10.0" --benchmarkId 21 in /media/andrew/Slowverflow/x/devs/reilly-digital/dotnet/enumerations.options/src/Enumerations.Options.Benchmarks/bin/Debug/net10.0/Enumerations.Options.Benchmarks-.NET 10.0-1/bin/Release/net10.0
// Failed to set up high priority (Permission denied). In order to run benchmarks with high priority, make sure you have the right permissions.
// BeforeAnythingElse

// Benchmark Process Environment Information:
// BenchmarkDotNet v0.15.8
// Runtime=.NET 10.0.3 (10.0.3, 10.0.326.7603), X64 RyuJIT x86-64-v3
// GC=Concurrent Workstation
// HardwareIntrinsics=AVX2+BMI1+BMI2+F16C+FMA+LZCNT+MOVBE,AVX,SSE3+SSSE3+SSE4.1+SSE4.2+POPCNT,X86Base+SSE+SSE2,AES+PCLMUL VectorSize=256
// Job: .NET 10.0(IterationTime=100ms)

OverheadJitting  1: 1 op, 174310.00 ns, 174.3100 us/op
WorkloadJitting  1: 1 op, 3102404.00 ns, 3.1024 ms/op

OverheadJitting  2: 16 op, 204808.00 ns, 12.8005 us/op
WorkloadJitting  2: 16 op, 213324.00 ns, 13.3328 us/op

WorkloadPilot    1: 16 op, 3396.00 ns, 212.2500 ns/op
WorkloadPilot    2: 471152 op, 57558281.00 ns, 122.1650 ns/op
WorkloadPilot    3: 818576 op, 93206487.00 ns, 113.8642 ns/op
WorkloadPilot    4: 878240 op, 40134541.00 ns, 45.6988 ns/op
WorkloadPilot    5: 2188240 op, 42723382.00 ns, 19.5241 ns/op
WorkloadPilot    6: 5121888 op, 99917894.00 ns, 19.5080 ns/op
WorkloadPilot    7: 5126112 op, 101651928.00 ns, 19.8302 ns/op
WorkloadPilot    8: 5042816 op, 97196401.00 ns, 19.2742 ns/op
WorkloadPilot    9: 5188288 op, 102785043.00 ns, 19.8110 ns/op
WorkloadPilot   10: 5047712 op, 99699671.00 ns, 19.7515 ns/op
WorkloadPilot   11: 5062928 op, 98130340.00 ns, 19.3821 ns/op
WorkloadPilot   12: 5159392 op, 100601339.00 ns, 19.4987 ns/op

OverheadWarmup   1: 5159392 op, 13354696.00 ns, 2.5884 ns/op
OverheadWarmup   2: 5159392 op, 13162983.00 ns, 2.5513 ns/op
OverheadWarmup   3: 5159392 op, 13188251.00 ns, 2.5562 ns/op
OverheadWarmup   4: 5159392 op, 13395213.00 ns, 2.5963 ns/op
OverheadWarmup   5: 5159392 op, 13160208.00 ns, 2.5507 ns/op
OverheadWarmup   6: 5159392 op, 13056531.00 ns, 2.5306 ns/op
OverheadWarmup   7: 5159392 op, 13214330.00 ns, 2.5612 ns/op
OverheadWarmup   8: 5159392 op, 13158965.00 ns, 2.5505 ns/op

OverheadActual   1: 5159392 op, 13112808.00 ns, 2.5415 ns/op
OverheadActual   2: 5159392 op, 13258514.00 ns, 2.5698 ns/op
OverheadActual   3: 5159392 op, 13274094.00 ns, 2.5728 ns/op
OverheadActual   4: 5159392 op, 12984305.00 ns, 2.5166 ns/op
OverheadActual   5: 5159392 op, 13024160.00 ns, 2.5244 ns/op
OverheadActual   6: 5159392 op, 12994013.00 ns, 2.5185 ns/op
OverheadActual   7: 5159392 op, 13069997.00 ns, 2.5332 ns/op
OverheadActual   8: 5159392 op, 13053005.00 ns, 2.5300 ns/op
OverheadActual   9: 5159392 op, 13129950.00 ns, 2.5449 ns/op
OverheadActual  10: 5159392 op, 13066139.00 ns, 2.5325 ns/op
OverheadActual  11: 5159392 op, 13079695.00 ns, 2.5351 ns/op
OverheadActual  12: 5159392 op, 13101747.00 ns, 2.5394 ns/op
OverheadActual  13: 5159392 op, 13259706.00 ns, 2.5700 ns/op
OverheadActual  14: 5159392 op, 11104635.00 ns, 2.1523 ns/op
OverheadActual  15: 5159392 op, 9300479.00 ns, 1.8026 ns/op
OverheadActual  16: 5159392 op, 9181234.00 ns, 1.7795 ns/op
OverheadActual  17: 5159392 op, 9451386.00 ns, 1.8319 ns/op
OverheadActual  18: 5159392 op, 9230467.00 ns, 1.7891 ns/op
OverheadActual  19: 5159392 op, 9308685.00 ns, 1.8042 ns/op
OverheadActual  20: 5159392 op, 9266305.00 ns, 1.7960 ns/op

WorkloadWarmup   1: 5159392 op, 104902693.00 ns, 20.3324 ns/op
WorkloadWarmup   2: 5159392 op, 108290787.00 ns, 20.9891 ns/op
WorkloadWarmup   3: 5159392 op, 104122195.00 ns, 20.1811 ns/op
WorkloadWarmup   4: 5159392 op, 99549858.00 ns, 19.2949 ns/op
WorkloadWarmup   5: 5159392 op, 102006098.00 ns, 19.7710 ns/op
WorkloadWarmup   6: 5159392 op, 104283050.00 ns, 20.2123 ns/op
WorkloadWarmup   7: 5159392 op, 98750253.00 ns, 19.1399 ns/op

// BeforeActualRun
WorkloadActual   1: 5159392 op, 123439721.00 ns, 23.9252 ns/op
WorkloadActual   2: 5159392 op, 110121324.00 ns, 21.3439 ns/op
WorkloadActual   3: 5159392 op, 118493876.00 ns, 22.9666 ns/op
WorkloadActual   4: 5159392 op, 107998524.00 ns, 20.9324 ns/op
WorkloadActual   5: 5159392 op, 106273388.00 ns, 20.5980 ns/op
WorkloadActual   6: 5159392 op, 108158307.00 ns, 20.9634 ns/op
WorkloadActual   7: 5159392 op, 106405628.00 ns, 20.6237 ns/op
WorkloadActual   8: 5159392 op, 114068958.00 ns, 22.1090 ns/op
WorkloadActual   9: 5159392 op, 106336697.00 ns, 20.6103 ns/op
WorkloadActual  10: 5159392 op, 110110924.00 ns, 21.3418 ns/op
WorkloadActual  11: 5159392 op, 108382512.00 ns, 21.0068 ns/op
WorkloadActual  12: 5159392 op, 103890316.00 ns, 20.1362 ns/op
WorkloadActual  13: 5159392 op, 103629753.00 ns, 20.0857 ns/op
WorkloadActual  14: 5159392 op, 102846069.00 ns, 19.9338 ns/op
WorkloadActual  15: 5159392 op, 102787307.00 ns, 19.9224 ns/op
WorkloadActual  16: 5159392 op, 103551244.00 ns, 20.0704 ns/op
WorkloadActual  17: 5159392 op, 103400409.00 ns, 20.0412 ns/op
WorkloadActual  18: 5159392 op, 106785227.00 ns, 20.6973 ns/op
WorkloadActual  19: 5159392 op, 108322628.00 ns, 20.9952 ns/op
WorkloadActual  20: 5159392 op, 104568860.00 ns, 20.2677 ns/op
WorkloadActual  21: 5159392 op, 121132773.00 ns, 23.4781 ns/op
WorkloadActual  22: 5159392 op, 105410293.00 ns, 20.4308 ns/op
WorkloadActual  23: 5159392 op, 98997462.00 ns, 19.1878 ns/op
WorkloadActual  24: 5159392 op, 98680611.00 ns, 19.1264 ns/op
WorkloadActual  25: 5159392 op, 98825927.00 ns, 19.1546 ns/op
WorkloadActual  26: 5159392 op, 100724873.00 ns, 19.5226 ns/op
WorkloadActual  27: 5159392 op, 102508048.00 ns, 19.8682 ns/op
WorkloadActual  28: 5159392 op, 99373564.00 ns, 19.2607 ns/op
WorkloadActual  29: 5159392 op, 103253871.00 ns, 20.0128 ns/op
WorkloadActual  30: 5159392 op, 99124342.00 ns, 19.2124 ns/op
WorkloadActual  31: 5159392 op, 100612289.00 ns, 19.5008 ns/op
WorkloadActual  32: 5159392 op, 97151167.00 ns, 18.8300 ns/op
WorkloadActual  33: 5159392 op, 98943670.00 ns, 19.1774 ns/op
WorkloadActual  34: 5159392 op, 97748026.00 ns, 18.9456 ns/op
WorkloadActual  35: 5159392 op, 99226896.00 ns, 19.2323 ns/op
WorkloadActual  36: 5159392 op, 98669180.00 ns, 19.1242 ns/op
WorkloadActual  37: 5159392 op, 98704277.00 ns, 19.1310 ns/op
WorkloadActual  38: 5159392 op, 98236010.00 ns, 19.0402 ns/op
WorkloadActual  39: 5159392 op, 98665554.00 ns, 19.1235 ns/op
WorkloadActual  40: 5159392 op, 97837326.00 ns, 18.9630 ns/op
WorkloadActual  41: 5159392 op, 98956334.00 ns, 19.1798 ns/op
WorkloadActual  42: 5159392 op, 97934078.00 ns, 18.9817 ns/op
WorkloadActual  43: 5159392 op, 99251252.00 ns, 19.2370 ns/op
WorkloadActual  44: 5159392 op, 98162922.00 ns, 19.0261 ns/op
WorkloadActual  45: 5159392 op, 98799307.00 ns, 19.1494 ns/op
WorkloadActual  46: 5159392 op, 98126894.00 ns, 19.0191 ns/op
WorkloadActual  47: 5159392 op, 99118381.00 ns, 19.2113 ns/op
WorkloadActual  48: 5159392 op, 97906275.00 ns, 18.9763 ns/op
WorkloadActual  49: 5159392 op, 98395692.00 ns, 19.0712 ns/op
WorkloadActual  50: 5159392 op, 97943997.00 ns, 18.9836 ns/op
WorkloadActual  51: 5159392 op, 98805679.00 ns, 19.1506 ns/op
WorkloadActual  52: 5159392 op, 97933828.00 ns, 18.9817 ns/op
WorkloadActual  53: 5159392 op, 98764951.00 ns, 19.1427 ns/op
WorkloadActual  54: 5159392 op, 98684259.00 ns, 19.1271 ns/op
WorkloadActual  55: 5159392 op, 99100487.00 ns, 19.2078 ns/op

// AfterActualRun
WorkloadResult   1: 5159392 op, 97082741.50 ns, 18.8167 ns/op
WorkloadResult   2: 5159392 op, 94959941.50 ns, 18.4053 ns/op
WorkloadResult   3: 5159392 op, 93234805.50 ns, 18.0709 ns/op
WorkloadResult   4: 5159392 op, 95119724.50 ns, 18.4362 ns/op
WorkloadResult   5: 5159392 op, 93367045.50 ns, 18.0965 ns/op
WorkloadResult   6: 5159392 op, 101030375.50 ns, 19.5818 ns/op
WorkloadResult   7: 5159392 op, 93298114.50 ns, 18.0832 ns/op
WorkloadResult   8: 5159392 op, 97072341.50 ns, 18.8147 ns/op
WorkloadResult   9: 5159392 op, 95343929.50 ns, 18.4797 ns/op
WorkloadResult  10: 5159392 op, 90851733.50 ns, 17.6090 ns/op
WorkloadResult  11: 5159392 op, 90591170.50 ns, 17.5585 ns/op
WorkloadResult  12: 5159392 op, 89807486.50 ns, 17.4066 ns/op
WorkloadResult  13: 5159392 op, 89748724.50 ns, 17.3952 ns/op
WorkloadResult  14: 5159392 op, 90512661.50 ns, 17.5433 ns/op
WorkloadResult  15: 5159392 op, 90361826.50 ns, 17.5140 ns/op
WorkloadResult  16: 5159392 op, 93746644.50 ns, 18.1701 ns/op
WorkloadResult  17: 5159392 op, 95284045.50 ns, 18.4681 ns/op
WorkloadResult  18: 5159392 op, 91530277.50 ns, 17.7405 ns/op
WorkloadResult  19: 5159392 op, 92371710.50 ns, 17.9036 ns/op
WorkloadResult  20: 5159392 op, 85958879.50 ns, 16.6607 ns/op
WorkloadResult  21: 5159392 op, 85642028.50 ns, 16.5992 ns/op
WorkloadResult  22: 5159392 op, 85787344.50 ns, 16.6274 ns/op
WorkloadResult  23: 5159392 op, 87686290.50 ns, 16.9955 ns/op
WorkloadResult  24: 5159392 op, 89469465.50 ns, 17.3411 ns/op
WorkloadResult  25: 5159392 op, 86334981.50 ns, 16.7336 ns/op
WorkloadResult  26: 5159392 op, 90215288.50 ns, 17.4856 ns/op
WorkloadResult  27: 5159392 op, 86085759.50 ns, 16.6853 ns/op
WorkloadResult  28: 5159392 op, 87573706.50 ns, 16.9736 ns/op
WorkloadResult  29: 5159392 op, 84112584.50 ns, 16.3028 ns/op
WorkloadResult  30: 5159392 op, 85905087.50 ns, 16.6502 ns/op
WorkloadResult  31: 5159392 op, 84709443.50 ns, 16.4185 ns/op
WorkloadResult  32: 5159392 op, 86188313.50 ns, 16.7051 ns/op
WorkloadResult  33: 5159392 op, 85630597.50 ns, 16.5970 ns/op
WorkloadResult  34: 5159392 op, 85665694.50 ns, 16.6038 ns/op
WorkloadResult  35: 5159392 op, 85197427.50 ns, 16.5131 ns/op
WorkloadResult  36: 5159392 op, 85626971.50 ns, 16.5963 ns/op
WorkloadResult  37: 5159392 op, 84798743.50 ns, 16.4358 ns/op
WorkloadResult  38: 5159392 op, 85917751.50 ns, 16.6527 ns/op
WorkloadResult  39: 5159392 op, 84895495.50 ns, 16.4546 ns/op
WorkloadResult  40: 5159392 op, 86212669.50 ns, 16.7099 ns/op
WorkloadResult  41: 5159392 op, 85124339.50 ns, 16.4989 ns/op
WorkloadResult  42: 5159392 op, 85760724.50 ns, 16.6223 ns/op
WorkloadResult  43: 5159392 op, 85088311.50 ns, 16.4919 ns/op
WorkloadResult  44: 5159392 op, 86079798.50 ns, 16.6841 ns/op
WorkloadResult  45: 5159392 op, 84867692.50 ns, 16.4492 ns/op
WorkloadResult  46: 5159392 op, 85357109.50 ns, 16.5440 ns/op
WorkloadResult  47: 5159392 op, 84905414.50 ns, 16.4565 ns/op
WorkloadResult  48: 5159392 op, 85767096.50 ns, 16.6235 ns/op
WorkloadResult  49: 5159392 op, 84895245.50 ns, 16.4545 ns/op
WorkloadResult  50: 5159392 op, 85726368.50 ns, 16.6156 ns/op
WorkloadResult  51: 5159392 op, 85645676.50 ns, 16.6000 ns/op
WorkloadResult  52: 5159392 op, 86061904.50 ns, 16.6806 ns/op
// GC:  88 0 0 742952448 5159392
// Threading:  0 0 5159392

// AfterAll
// Benchmark Process 12687 has exited with code 0.

Mean = 17.184 ns, StdErr = 0.113 ns (0.66%), N = 52, StdDev = 0.812 ns
Min = 16.303 ns, Q1 = 16.599 ns, Median = 16.695 ns, Q3 = 17.642 ns, Max = 19.582 ns
IQR = 1.043 ns, LowerFence = 15.034 ns, UpperFence = 19.207 ns
ConfidenceInterval = [16.791 ns; 17.577 ns] (CI 99.9%), Margin = 0.393 ns (2.29% of Mean)
Skewness = 0.98, Kurtosis = 2.9, MValue = 2.48

// ** Remained 69 (75.8%) benchmark(s) to run. Estimated finish 2026-03-01 10:02 (0h 6m from now) **
// **************************
// Benchmark: Scenario1.S1_CheckVoidErrorNoMessage_EnumerationsOptionsBoxed: .NET 10.0(Runtime=.NET 10.0, IterationTime=100ms) [Iterations=2]
// *** Execute ***
// Launch: 1 / 1
// Execute: dotnet "Enumerations.Options.Benchmarks-.NET 10.0-1.dll" --anonymousPipes 116 118 --benchmarkName "ReillyDigital.Enumerations.Options.Benchmarks.Scenarios.Scenario1.S1_CheckVoidErrorNoMessage_EnumerationsOptionsBoxed(Iterations: 2)" --job ".NET 10.0" --benchmarkId 22 in /media/andrew/Slowverflow/x/devs/reilly-digital/dotnet/enumerations.options/src/Enumerations.Options.Benchmarks/bin/Debug/net10.0/Enumerations.Options.Benchmarks-.NET 10.0-1/bin/Release/net10.0
// Failed to set up high priority (Permission denied). In order to run benchmarks with high priority, make sure you have the right permissions.
// BeforeAnythingElse

// Benchmark Process Environment Information:
// BenchmarkDotNet v0.15.8
// Runtime=.NET 10.0.3 (10.0.3, 10.0.326.7603), X64 RyuJIT x86-64-v3
// GC=Concurrent Workstation
// HardwareIntrinsics=AVX2+BMI1+BMI2+F16C+FMA+LZCNT+MOVBE,AVX,SSE3+SSSE3+SSE4.1+SSE4.2+POPCNT,X86Base+SSE+SSE2,AES+PCLMUL VectorSize=256
// Job: .NET 10.0(IterationTime=100ms)

OverheadJitting  1: 1 op, 154713.00 ns, 154.7130 us/op
WorkloadJitting  1: 1 op, 3085311.00 ns, 3.0853 ms/op

OverheadJitting  2: 16 op, 242489.00 ns, 15.1556 us/op
WorkloadJitting  2: 16 op, 196612.00 ns, 12.2883 us/op

WorkloadPilot    1: 16 op, 942.00 ns, 58.8750 ns/op
WorkloadPilot    2: 1698528 op, 53883554.00 ns, 31.7237 ns/op
WorkloadPilot    3: 3152224 op, 96794631.00 ns, 30.7068 ns/op
WorkloadPilot    4: 3256624 op, 36356818.00 ns, 11.1640 ns/op
WorkloadPilot    5: 8957408 op, 15913230.00 ns, 1.7765 ns/op
WorkloadPilot    6: 56289072 op, 100222691.00 ns, 1.7805 ns/op
WorkloadPilot    7: 56164000 op, 97724662.00 ns, 1.7400 ns/op
WorkloadPilot    8: 57471680 op, 100044804.00 ns, 1.7408 ns/op
WorkloadPilot    9: 57445952 op, 99941259.00 ns, 1.7397 ns/op
WorkloadPilot   10: 57479728 op, 100265022.00 ns, 1.7444 ns/op

OverheadWarmup   1: 57479728 op, 155255130.00 ns, 2.7010 ns/op
OverheadWarmup   2: 57479728 op, 106978804.00 ns, 1.8612 ns/op
OverheadWarmup   3: 57479728 op, 86856625.00 ns, 1.5111 ns/op
OverheadWarmup   4: 57479728 op, 87472621.00 ns, 1.5218 ns/op
OverheadWarmup   5: 57479728 op, 89023307.00 ns, 1.5488 ns/op
OverheadWarmup   6: 57479728 op, 89746466.00 ns, 1.5614 ns/op
OverheadWarmup   7: 57479728 op, 86341749.00 ns, 1.5021 ns/op
OverheadWarmup   8: 57479728 op, 87405473.00 ns, 1.5206 ns/op
OverheadWarmup   9: 57479728 op, 86348663.00 ns, 1.5022 ns/op

OverheadActual   1: 57479728 op, 86449404.00 ns, 1.5040 ns/op
OverheadActual   2: 57479728 op, 86281124.00 ns, 1.5011 ns/op
OverheadActual   3: 57479728 op, 86259413.00 ns, 1.5007 ns/op
OverheadActual   4: 57479728 op, 87306826.00 ns, 1.5189 ns/op
OverheadActual   5: 57479728 op, 87186979.00 ns, 1.5168 ns/op
OverheadActual   6: 57479728 op, 88623460.00 ns, 1.5418 ns/op
OverheadActual   7: 57479728 op, 87854734.00 ns, 1.5284 ns/op
OverheadActual   8: 57479728 op, 86405871.00 ns, 1.5032 ns/op
OverheadActual   9: 57479728 op, 86244124.00 ns, 1.5004 ns/op
OverheadActual  10: 57479728 op, 86294971.00 ns, 1.5013 ns/op
OverheadActual  11: 57479728 op, 86230909.00 ns, 1.5002 ns/op
OverheadActual  12: 57479728 op, 86170395.00 ns, 1.4991 ns/op
OverheadActual  13: 57479728 op, 87188753.00 ns, 1.5169 ns/op
OverheadActual  14: 57479728 op, 87045752.00 ns, 1.5144 ns/op
OverheadActual  15: 57479728 op, 97861020.00 ns, 1.7025 ns/op

WorkloadWarmup   1: 57479728 op, 109827918.00 ns, 1.9107 ns/op
WorkloadWarmup   2: 57479728 op, 101362429.00 ns, 1.7634 ns/op
WorkloadWarmup   3: 57479728 op, 101071920.00 ns, 1.7584 ns/op
WorkloadWarmup   4: 57479728 op, 101137975.00 ns, 1.7595 ns/op
WorkloadWarmup   5: 57479728 op, 101424878.00 ns, 1.7645 ns/op
WorkloadWarmup   6: 57479728 op, 100259231.00 ns, 1.7443 ns/op
WorkloadWarmup   7: 57479728 op, 100046759.00 ns, 1.7406 ns/op
WorkloadWarmup   8: 57479728 op, 100339302.00 ns, 1.7456 ns/op
WorkloadWarmup   9: 57479728 op, 100522579.00 ns, 1.7488 ns/op
WorkloadWarmup  10: 57479728 op, 100278507.00 ns, 1.7446 ns/op

// BeforeActualRun
WorkloadActual   1: 57479728 op, 100208645.00 ns, 1.7434 ns/op
WorkloadActual   2: 57479728 op, 100013936.00 ns, 1.7400 ns/op
WorkloadActual   3: 57479728 op, 99982497.00 ns, 1.7394 ns/op
WorkloadActual   4: 57479728 op, 100160644.00 ns, 1.7425 ns/op
WorkloadActual   5: 57479728 op, 99986916.00 ns, 1.7395 ns/op
WorkloadActual   6: 57479728 op, 100098016.00 ns, 1.7414 ns/op
WorkloadActual   7: 57479728 op, 100003977.00 ns, 1.7398 ns/op
WorkloadActual   8: 57479728 op, 100259361.00 ns, 1.7443 ns/op
WorkloadActual   9: 57479728 op, 100041508.00 ns, 1.7405 ns/op
WorkloadActual  10: 57479728 op, 100206010.00 ns, 1.7433 ns/op
WorkloadActual  11: 57479728 op, 99994790.00 ns, 1.7397 ns/op
WorkloadActual  12: 57479728 op, 99953501.00 ns, 1.7389 ns/op
WorkloadActual  13: 57479728 op, 99980924.00 ns, 1.7394 ns/op
WorkloadActual  14: 57479728 op, 100009217.00 ns, 1.7399 ns/op
WorkloadActual  15: 57479728 op, 100183588.00 ns, 1.7429 ns/op

// AfterActualRun
WorkloadResult   1: 57479728 op, 13759241.00 ns, 0.2394 ns/op
WorkloadResult   2: 57479728 op, 13564532.00 ns, 0.2360 ns/op
WorkloadResult   3: 57479728 op, 13533093.00 ns, 0.2354 ns/op
WorkloadResult   4: 57479728 op, 13711240.00 ns, 0.2385 ns/op
WorkloadResult   5: 57479728 op, 13537512.00 ns, 0.2355 ns/op
WorkloadResult   6: 57479728 op, 13648612.00 ns, 0.2375 ns/op
WorkloadResult   7: 57479728 op, 13554573.00 ns, 0.2358 ns/op
WorkloadResult   8: 57479728 op, 13809957.00 ns, 0.2403 ns/op
WorkloadResult   9: 57479728 op, 13592104.00 ns, 0.2365 ns/op
WorkloadResult  10: 57479728 op, 13756606.00 ns, 0.2393 ns/op
WorkloadResult  11: 57479728 op, 13545386.00 ns, 0.2357 ns/op
WorkloadResult  12: 57479728 op, 13504097.00 ns, 0.2349 ns/op
WorkloadResult  13: 57479728 op, 13531520.00 ns, 0.2354 ns/op
WorkloadResult  14: 57479728 op, 13559813.00 ns, 0.2359 ns/op
WorkloadResult  15: 57479728 op, 13734184.00 ns, 0.2389 ns/op
// GC:  0 0 0 0 57479728
// Threading:  0 0 57479728

// AfterAll
// Benchmark Process 12738 has exited with code 0.

Mean = 0.237 ns, StdErr = 0.000 ns (0.20%), N = 15, StdDev = 0.002 ns
Min = 0.235 ns, Q1 = 0.236 ns, Median = 0.236 ns, Q3 = 0.239 ns, Max = 0.240 ns
IQR = 0.003 ns, LowerFence = 0.231 ns, UpperFence = 0.243 ns
ConfidenceInterval = [0.235 ns; 0.239 ns] (CI 99.9%), Margin = 0.002 ns (0.81% of Mean)
Skewness = 0.52, Kurtosis = 1.52, MValue = 2

// ** Remained 68 (74.7%) benchmark(s) to run. Estimated finish 2026-03-01 10:02 (0h 6m from now) **
// **************************
// Benchmark: Scenario1.S1_CheckVoidErrorNoMessage_EnumerationsOptions: .NET 10.0(Runtime=.NET 10.0, IterationTime=100ms) [Iterations=2]
// *** Execute ***
// Launch: 1 / 1
// Execute: dotnet "Enumerations.Options.Benchmarks-.NET 10.0-1.dll" --anonymousPipes 116 118 --benchmarkName "ReillyDigital.Enumerations.Options.Benchmarks.Scenarios.Scenario1.S1_CheckVoidErrorNoMessage_EnumerationsOptions(Iterations: 2)" --job ".NET 10.0" --benchmarkId 23 in /media/andrew/Slowverflow/x/devs/reilly-digital/dotnet/enumerations.options/src/Enumerations.Options.Benchmarks/bin/Debug/net10.0/Enumerations.Options.Benchmarks-.NET 10.0-1/bin/Release/net10.0
// Failed to set up high priority (Permission denied). In order to run benchmarks with high priority, make sure you have the right permissions.
// BeforeAnythingElse

// Benchmark Process Environment Information:
// BenchmarkDotNet v0.15.8
// Runtime=.NET 10.0.3 (10.0.3, 10.0.326.7603), X64 RyuJIT x86-64-v3
// GC=Concurrent Workstation
// HardwareIntrinsics=AVX2+BMI1+BMI2+F16C+FMA+LZCNT+MOVBE,AVX,SSE3+SSSE3+SSE4.1+SSE4.2+POPCNT,X86Base+SSE+SSE2,AES+PCLMUL VectorSize=256
// Job: .NET 10.0(IterationTime=100ms)

OverheadJitting  1: 1 op, 152889.00 ns, 152.8890 us/op
WorkloadJitting  1: 1 op, 2742132.00 ns, 2.7421 ms/op

OverheadJitting  2: 16 op, 193877.00 ns, 12.1173 us/op
WorkloadJitting  2: 16 op, 195069.00 ns, 12.1918 us/op

WorkloadPilot    1: 16 op, 2044.00 ns, 127.7500 ns/op
WorkloadPilot    2: 782784 op, 64991315.00 ns, 83.0259 ns/op
WorkloadPilot    3: 1204448 op, 98607484.00 ns, 81.8694 ns/op
WorkloadPilot    4: 1221472 op, 29482642.00 ns, 24.1370 ns/op
WorkloadPilot    5: 4143024 op, 7302847.00 ns, 1.7627 ns/op
WorkloadPilot    6: 56731632 op, 99302019.00 ns, 1.7504 ns/op
WorkloadPilot    7: 57130400 op, 100950389.00 ns, 1.7670 ns/op
WorkloadPilot    8: 56592560 op, 99511485.00 ns, 1.7584 ns/op
WorkloadPilot    9: 56870384 op, 100447848.00 ns, 1.7663 ns/op
WorkloadPilot   10: 56616832 op, 99122578.00 ns, 1.7508 ns/op
WorkloadPilot   11: 57118000 op, 99822935.00 ns, 1.7477 ns/op
WorkloadPilot   12: 57219328 op, 99799079.00 ns, 1.7441 ns/op
WorkloadPilot   13: 57334528 op, 101489140.00 ns, 1.7701 ns/op

OverheadWarmup   1: 57334528 op, 155143329.00 ns, 2.7059 ns/op
OverheadWarmup   2: 57334528 op, 106469699.00 ns, 1.8570 ns/op
OverheadWarmup   3: 57334528 op, 86298598.00 ns, 1.5052 ns/op
OverheadWarmup   4: 57334528 op, 86151600.00 ns, 1.5026 ns/op
OverheadWarmup   5: 57334528 op, 87880022.00 ns, 1.5328 ns/op
OverheadWarmup   6: 57334528 op, 91644399.00 ns, 1.5984 ns/op
OverheadWarmup   7: 57334528 op, 85962591.00 ns, 1.4993 ns/op
OverheadWarmup   8: 57334528 op, 86333724.00 ns, 1.5058 ns/op
OverheadWarmup   9: 57334528 op, 86016523.00 ns, 1.5003 ns/op

OverheadActual   1: 57334528 op, 86065296.00 ns, 1.5011 ns/op
OverheadActual   2: 57334528 op, 87397158.00 ns, 1.5243 ns/op
OverheadActual   3: 57334528 op, 86055377.00 ns, 1.5009 ns/op
OverheadActual   4: 57334528 op, 86521951.00 ns, 1.5091 ns/op
OverheadActual   5: 57334528 op, 85955698.00 ns, 1.4992 ns/op
OverheadActual   6: 57334528 op, 86147742.00 ns, 1.5025 ns/op
OverheadActual   7: 57334528 op, 86002808.00 ns, 1.5000 ns/op
OverheadActual   8: 57334528 op, 86143825.00 ns, 1.5025 ns/op
OverheadActual   9: 57334528 op, 86008028.00 ns, 1.5001 ns/op
OverheadActual  10: 57334528 op, 86138855.00 ns, 1.5024 ns/op
OverheadActual  11: 57334528 op, 85983171.00 ns, 1.4997 ns/op
OverheadActual  12: 57334528 op, 86061549.00 ns, 1.5010 ns/op
OverheadActual  13: 57334528 op, 86246409.00 ns, 1.5043 ns/op
OverheadActual  14: 57334528 op, 86240007.00 ns, 1.5042 ns/op
OverheadActual  15: 57334528 op, 86353842.00 ns, 1.5061 ns/op

WorkloadWarmup   1: 57334528 op, 99863211.00 ns, 1.7418 ns/op
WorkloadWarmup   2: 57334528 op, 99751770.00 ns, 1.7398 ns/op
WorkloadWarmup   3: 57334528 op, 99759655.00 ns, 1.7400 ns/op
WorkloadWarmup   4: 57334528 op, 99760327.00 ns, 1.7400 ns/op
WorkloadWarmup   5: 57334528 op, 99827914.00 ns, 1.7411 ns/op
WorkloadWarmup   6: 57334528 op, 99789471.00 ns, 1.7405 ns/op
WorkloadWarmup   7: 57334528 op, 99849856.00 ns, 1.7415 ns/op
WorkloadWarmup   8: 57334528 op, 113452681.00 ns, 1.9788 ns/op
WorkloadWarmup   9: 57334528 op, 111253527.00 ns, 1.9404 ns/op

// BeforeActualRun
WorkloadActual   1: 57334528 op, 100640983.00 ns, 1.7553 ns/op
WorkloadActual   2: 57334528 op, 100385660.00 ns, 1.7509 ns/op
WorkloadActual   3: 57334528 op, 100780087.00 ns, 1.7578 ns/op
WorkloadActual   4: 57334528 op, 100035788.00 ns, 1.7448 ns/op
WorkloadActual   5: 57334528 op, 100015920.00 ns, 1.7444 ns/op
WorkloadActual   6: 57334528 op, 101728373.00 ns, 1.7743 ns/op
WorkloadActual   7: 57334528 op, 103705456.00 ns, 1.8088 ns/op
WorkloadActual   8: 57334528 op, 101541999.00 ns, 1.7710 ns/op
WorkloadActual   9: 57334528 op, 103349532.00 ns, 1.8026 ns/op
WorkloadActual  10: 57334528 op, 101620318.00 ns, 1.7724 ns/op
WorkloadActual  11: 57334528 op, 104274443.00 ns, 1.8187 ns/op
WorkloadActual  12: 57334528 op, 101851135.00 ns, 1.7764 ns/op
WorkloadActual  13: 57334528 op, 102507247.00 ns, 1.7879 ns/op
WorkloadActual  14: 57334528 op, 104606913.00 ns, 1.8245 ns/op
WorkloadActual  15: 57334528 op, 101644724.00 ns, 1.7728 ns/op

// AfterActualRun
WorkloadResult   1: 57334528 op, 14502128.00 ns, 0.2529 ns/op
WorkloadResult   2: 57334528 op, 14246805.00 ns, 0.2485 ns/op
WorkloadResult   3: 57334528 op, 14641232.00 ns, 0.2554 ns/op
WorkloadResult   4: 57334528 op, 13896933.00 ns, 0.2424 ns/op
WorkloadResult   5: 57334528 op, 13877065.00 ns, 0.2420 ns/op
WorkloadResult   6: 57334528 op, 15589518.00 ns, 0.2719 ns/op
WorkloadResult   7: 57334528 op, 17566601.00 ns, 0.3064 ns/op
WorkloadResult   8: 57334528 op, 15403144.00 ns, 0.2687 ns/op
WorkloadResult   9: 57334528 op, 17210677.00 ns, 0.3002 ns/op
WorkloadResult  10: 57334528 op, 15481463.00 ns, 0.2700 ns/op
WorkloadResult  11: 57334528 op, 18135588.00 ns, 0.3163 ns/op
WorkloadResult  12: 57334528 op, 15712280.00 ns, 0.2740 ns/op
WorkloadResult  13: 57334528 op, 16368392.00 ns, 0.2855 ns/op
WorkloadResult  14: 57334528 op, 18468058.00 ns, 0.3221 ns/op
WorkloadResult  15: 57334528 op, 15505869.00 ns, 0.2704 ns/op
// GC:  0 0 0 0 57334528
// Threading:  0 0 57334528

// AfterAll
// Benchmark Process 12770 has exited with code 0.

Mean = 0.275 ns, StdErr = 0.007 ns (2.44%), N = 15, StdDev = 0.026 ns
Min = 0.242 ns, Q1 = 0.254 ns, Median = 0.270 ns, Q3 = 0.293 ns, Max = 0.322 ns
IQR = 0.039 ns, LowerFence = 0.196 ns, UpperFence = 0.351 ns
ConfidenceInterval = [0.247 ns; 0.303 ns] (CI 99.9%), Margin = 0.028 ns (10.11% of Mean)
Skewness = 0.42, Kurtosis = 1.8, MValue = 2.75

// ** Remained 67 (73.6%) benchmark(s) to run. Estimated finish 2026-03-01 10:02 (0h 6m from now) **
// **************************
// Benchmark: Scenario1.S1_CheckVoidErrorNoMessage_FluentResults: .NET 10.0(Runtime=.NET 10.0, IterationTime=100ms) [Iterations=2]
// *** Execute ***
// Launch: 1 / 1
// Execute: dotnet "Enumerations.Options.Benchmarks-.NET 10.0-1.dll" --anonymousPipes 116 118 --benchmarkName "ReillyDigital.Enumerations.Options.Benchmarks.Scenarios.Scenario1.S1_CheckVoidErrorNoMessage_FluentResults(Iterations: 2)" --job ".NET 10.0" --benchmarkId 24 in /media/andrew/Slowverflow/x/devs/reilly-digital/dotnet/enumerations.options/src/Enumerations.Options.Benchmarks/bin/Debug/net10.0/Enumerations.Options.Benchmarks-.NET 10.0-1/bin/Release/net10.0
// Failed to set up high priority (Permission denied). In order to run benchmarks with high priority, make sure you have the right permissions.
// BeforeAnythingElse

// Benchmark Process Environment Information:
// BenchmarkDotNet v0.15.8
// Runtime=.NET 10.0.3 (10.0.3, 10.0.326.7603), X64 RyuJIT x86-64-v3
// GC=Concurrent Workstation
// HardwareIntrinsics=AVX2+BMI1+BMI2+F16C+FMA+LZCNT+MOVBE,AVX,SSE3+SSSE3+SSE4.1+SSE4.2+POPCNT,X86Base+SSE+SSE2,AES+PCLMUL VectorSize=256
// Job: .NET 10.0(IterationTime=100ms)

OverheadJitting  1: 1 op, 164562.00 ns, 164.5620 us/op
WorkloadJitting  1: 1 op, 3387113.00 ns, 3.3871 ms/op

OverheadJitting  2: 16 op, 221589.00 ns, 13.8493 us/op
WorkloadJitting  2: 16 op, 247258.00 ns, 15.4536 us/op

WorkloadPilot    1: 16 op, 36509.00 ns, 2.2818 us/op
WorkloadPilot    2: 43840 op, 44027060.00 ns, 1.0043 us/op
WorkloadPilot    3: 99584 op, 91860609.00 ns, 922.4435 ns/op
WorkloadPilot    4: 108416 op, 80585511.00 ns, 743.2991 ns/op
WorkloadPilot    5: 134544 op, 21760161.00 ns, 161.7327 ns/op
WorkloadPilot    6: 618304 op, 88183366.00 ns, 142.6214 ns/op
WorkloadPilot    7: 701168 op, 99530100.00 ns, 141.9490 ns/op
WorkloadPilot    8: 704480 op, 102004094.00 ns, 144.7935 ns/op
WorkloadPilot    9: 690640 op, 97869627.00 ns, 141.7086 ns/op
WorkloadPilot   10: 705680 op, 99171772.00 ns, 140.5336 ns/op
WorkloadPilot   11: 711584 op, 100502582.00 ns, 141.2378 ns/op
WorkloadPilot   12: 708032 op, 100157919.00 ns, 141.4596 ns/op

OverheadWarmup   1: 708032 op, 1959440.00 ns, 2.7674 ns/op
OverheadWarmup   2: 708032 op, 1967185.00 ns, 2.7784 ns/op
OverheadWarmup   3: 708032 op, 1931166.00 ns, 2.7275 ns/op
OverheadWarmup   4: 708032 op, 1969930.00 ns, 2.7823 ns/op
OverheadWarmup   5: 708032 op, 1915437.00 ns, 2.7053 ns/op

OverheadActual   1: 708032 op, 1989025.00 ns, 2.8092 ns/op
OverheadActual   2: 708032 op, 1983386.00 ns, 2.8013 ns/op
OverheadActual   3: 708032 op, 1962947.00 ns, 2.7724 ns/op
OverheadActual   4: 708032 op, 1971994.00 ns, 2.7852 ns/op
OverheadActual   5: 708032 op, 2013913.00 ns, 2.8444 ns/op
OverheadActual   6: 708032 op, 1930415.00 ns, 2.7265 ns/op
OverheadActual   7: 708032 op, 1958608.00 ns, 2.7663 ns/op
OverheadActual   8: 708032 op, 1974067.00 ns, 2.7881 ns/op
OverheadActual   9: 708032 op, 1932028.00 ns, 2.7287 ns/op
OverheadActual  10: 708032 op, 1925055.00 ns, 2.7189 ns/op
OverheadActual  11: 708032 op, 1933581.00 ns, 2.7309 ns/op
OverheadActual  12: 708032 op, 1981402.00 ns, 2.7985 ns/op
OverheadActual  13: 708032 op, 1959280.00 ns, 2.7672 ns/op
OverheadActual  14: 708032 op, 1975841.00 ns, 2.7906 ns/op
OverheadActual  15: 708032 op, 1971072.00 ns, 2.7839 ns/op

WorkloadWarmup   1: 708032 op, 104956414.00 ns, 148.2368 ns/op
WorkloadWarmup   2: 708032 op, 105108262.00 ns, 148.4513 ns/op
WorkloadWarmup   3: 708032 op, 102485486.00 ns, 144.7470 ns/op
WorkloadWarmup   4: 708032 op, 102181320.00 ns, 144.3174 ns/op
WorkloadWarmup   5: 708032 op, 100530445.00 ns, 141.9857 ns/op
WorkloadWarmup   6: 708032 op, 98407945.00 ns, 138.9880 ns/op
WorkloadWarmup   7: 708032 op, 98328626.00 ns, 138.8760 ns/op
WorkloadWarmup   8: 708032 op, 98686433.00 ns, 139.3813 ns/op
WorkloadWarmup   9: 708032 op, 98187739.00 ns, 138.6770 ns/op

// BeforeActualRun
WorkloadActual   1: 708032 op, 99534729.00 ns, 140.5794 ns/op
WorkloadActual   2: 708032 op, 104447090.00 ns, 147.5175 ns/op
WorkloadActual   3: 708032 op, 103017433.00 ns, 145.4983 ns/op
WorkloadActual   4: 708032 op, 103344042.00 ns, 145.9596 ns/op
WorkloadActual   5: 708032 op, 102823195.00 ns, 145.2239 ns/op
WorkloadActual   6: 708032 op, 103244663.00 ns, 145.8192 ns/op
WorkloadActual   7: 708032 op, 102743445.00 ns, 145.1113 ns/op
WorkloadActual   8: 708032 op, 106849078.00 ns, 150.9100 ns/op
WorkloadActual   9: 708032 op, 103468207.00 ns, 146.1349 ns/op
WorkloadActual  10: 708032 op, 106056567.00 ns, 149.7906 ns/op
WorkloadActual  11: 708032 op, 105925739.00 ns, 149.6059 ns/op
WorkloadActual  12: 708032 op, 104304891.00 ns, 147.3166 ns/op
WorkloadActual  13: 708032 op, 105919218.00 ns, 149.5967 ns/op
WorkloadActual  14: 708032 op, 103490690.00 ns, 146.1667 ns/op
WorkloadActual  15: 708032 op, 106189389.00 ns, 149.9782 ns/op

// AfterActualRun
WorkloadResult   1: 708032 op, 97563657.00 ns, 137.7955 ns/op
WorkloadResult   2: 708032 op, 102476018.00 ns, 144.7336 ns/op
WorkloadResult   3: 708032 op, 101046361.00 ns, 142.7144 ns/op
WorkloadResult   4: 708032 op, 101372970.00 ns, 143.1757 ns/op
WorkloadResult   5: 708032 op, 100852123.00 ns, 142.4401 ns/op
WorkloadResult   6: 708032 op, 101273591.00 ns, 143.0353 ns/op
WorkloadResult   7: 708032 op, 100772373.00 ns, 142.3274 ns/op
WorkloadResult   8: 708032 op, 104878006.00 ns, 148.1261 ns/op
WorkloadResult   9: 708032 op, 101497135.00 ns, 143.3511 ns/op
WorkloadResult  10: 708032 op, 104085495.00 ns, 147.0068 ns/op
WorkloadResult  11: 708032 op, 103954667.00 ns, 146.8220 ns/op
WorkloadResult  12: 708032 op, 102333819.00 ns, 144.5328 ns/op
WorkloadResult  13: 708032 op, 103948146.00 ns, 146.8128 ns/op
WorkloadResult  14: 708032 op, 101519618.00 ns, 143.3828 ns/op
WorkloadResult  15: 708032 op, 104218317.00 ns, 147.1944 ns/op
// GC:  59 0 0 498454528 708032
// Threading:  0 0 708032

// AfterAll
// Benchmark Process 12808 has exited with code 0.

Mean = 144.230 ns, StdErr = 0.690 ns (0.48%), N = 15, StdDev = 2.672 ns
Min = 137.796 ns, Q1 = 142.875 ns, Median = 143.383 ns, Q3 = 146.817 ns, Max = 148.126 ns
IQR = 3.943 ns, LowerFence = 136.961 ns, UpperFence = 152.731 ns
ConfidenceInterval = [141.373 ns; 147.087 ns] (CI 99.9%), Margin = 2.857 ns (1.98% of Mean)
Skewness = -0.51, Kurtosis = 2.88, MValue = 2.14

// ** Remained 66 (72.5%) benchmark(s) to run. Estimated finish 2026-03-01 10:02 (0h 6m from now) **
// **************************
// Benchmark: Scenario1.S1_CheckVoidErrorNoMessage_LightResults: .NET 10.0(Runtime=.NET 10.0, IterationTime=100ms) [Iterations=2]
// *** Execute ***
// Launch: 1 / 1
// Execute: dotnet "Enumerations.Options.Benchmarks-.NET 10.0-1.dll" --anonymousPipes 116 118 --benchmarkName "ReillyDigital.Enumerations.Options.Benchmarks.Scenarios.Scenario1.S1_CheckVoidErrorNoMessage_LightResults(Iterations: 2)" --job ".NET 10.0" --benchmarkId 25 in /media/andrew/Slowverflow/x/devs/reilly-digital/dotnet/enumerations.options/src/Enumerations.Options.Benchmarks/bin/Debug/net10.0/Enumerations.Options.Benchmarks-.NET 10.0-1/bin/Release/net10.0
// Failed to set up high priority (Permission denied). In order to run benchmarks with high priority, make sure you have the right permissions.
// BeforeAnythingElse

// Benchmark Process Environment Information:
// BenchmarkDotNet v0.15.8
// Runtime=.NET 10.0.3 (10.0.3, 10.0.326.7603), X64 RyuJIT x86-64-v3
// GC=Concurrent Workstation
// HardwareIntrinsics=AVX2+BMI1+BMI2+F16C+FMA+LZCNT+MOVBE,AVX,SSE3+SSSE3+SSE4.1+SSE4.2+POPCNT,X86Base+SSE+SSE2,AES+PCLMUL VectorSize=256
// Job: .NET 10.0(IterationTime=100ms)

OverheadJitting  1: 1 op, 155064.00 ns, 155.0640 us/op
WorkloadJitting  1: 1 op, 2981315.00 ns, 2.9813 ms/op

OverheadJitting  2: 16 op, 213925.00 ns, 13.3703 us/op
WorkloadJitting  2: 16 op, 194178.00 ns, 12.1361 us/op

WorkloadPilot    1: 16 op, 1002.00 ns, 62.6250 ns/op
WorkloadPilot    2: 1596816 op, 56825053.00 ns, 35.5865 ns/op
WorkloadPilot    3: 2810064 op, 99098994.00 ns, 35.2657 ns/op
WorkloadPilot    4: 2835616 op, 35382714.00 ns, 12.4780 ns/op
WorkloadPilot    5: 8014128 op, 14210596.00 ns, 1.7732 ns/op
WorkloadPilot    6: 56395440 op, 99617766.00 ns, 1.7664 ns/op
WorkloadPilot    7: 56611840 op, 99953442.00 ns, 1.7656 ns/op
WorkloadPilot    8: 56638224 op, 98705990.00 ns, 1.7427 ns/op
WorkloadPilot    9: 57380736 op, 100545062.00 ns, 1.7522 ns/op
WorkloadPilot   10: 57069680 op, 99468894.00 ns, 1.7429 ns/op
WorkloadPilot   11: 57374400 op, 101697945.00 ns, 1.7725 ns/op
WorkloadPilot   12: 56416480 op, 105032268.00 ns, 1.8617 ns/op

OverheadWarmup   1: 56416480 op, 142809245.00 ns, 2.5313 ns/op
OverheadWarmup   2: 56416480 op, 120949977.00 ns, 2.1439 ns/op
OverheadWarmup   3: 56416480 op, 86388127.00 ns, 1.5313 ns/op
OverheadWarmup   4: 56416480 op, 85567343.00 ns, 1.5167 ns/op
OverheadWarmup   5: 56416480 op, 85574406.00 ns, 1.5168 ns/op
OverheadWarmup   6: 56416480 op, 85592270.00 ns, 1.5172 ns/op
OverheadWarmup   7: 56416480 op, 85817256.00 ns, 1.5211 ns/op
OverheadWarmup   8: 56416480 op, 85637486.00 ns, 1.5180 ns/op
OverheadWarmup   9: 56416480 op, 86171557.00 ns, 1.5274 ns/op
OverheadWarmup  10: 56416480 op, 84696625.00 ns, 1.5013 ns/op

OverheadActual   1: 56416480 op, 84704019.00 ns, 1.5014 ns/op
OverheadActual   2: 56416480 op, 84690343.00 ns, 1.5012 ns/op
OverheadActual   3: 56416480 op, 84802114.00 ns, 1.5031 ns/op
OverheadActual   4: 56416480 op, 84696084.00 ns, 1.5013 ns/op
OverheadActual   5: 56416480 op, 84851147.00 ns, 1.5040 ns/op
OverheadActual   6: 56416480 op, 84962778.00 ns, 1.5060 ns/op
OverheadActual   7: 56416480 op, 84620761.00 ns, 1.4999 ns/op
OverheadActual   8: 56416480 op, 84657230.00 ns, 1.5006 ns/op
OverheadActual   9: 56416480 op, 86233384.00 ns, 1.5285 ns/op
OverheadActual  10: 56416480 op, 84933053.00 ns, 1.5055 ns/op
OverheadActual  11: 56416480 op, 84760425.00 ns, 1.5024 ns/op
OverheadActual  12: 56416480 op, 85315467.00 ns, 1.5122 ns/op
OverheadActual  13: 56416480 op, 84896643.00 ns, 1.5048 ns/op
OverheadActual  14: 56416480 op, 85190610.00 ns, 1.5100 ns/op
OverheadActual  15: 56416480 op, 85046908.00 ns, 1.5075 ns/op

WorkloadWarmup   1: 56416480 op, 98753389.00 ns, 1.7504 ns/op
WorkloadWarmup   2: 56416480 op, 99325413.00 ns, 1.7606 ns/op
WorkloadWarmup   3: 56416480 op, 99019353.00 ns, 1.7551 ns/op
WorkloadWarmup   4: 56416480 op, 99045683.00 ns, 1.7556 ns/op
WorkloadWarmup   5: 56416480 op, 98929894.00 ns, 1.7536 ns/op
WorkloadWarmup   6: 56416480 op, 98835795.00 ns, 1.7519 ns/op

// BeforeActualRun
WorkloadActual   1: 56416480 op, 98852548.00 ns, 1.7522 ns/op
WorkloadActual   2: 56416480 op, 99419140.00 ns, 1.7622 ns/op
WorkloadActual   3: 56416480 op, 98772206.00 ns, 1.7508 ns/op
WorkloadActual   4: 56416480 op, 98872565.00 ns, 1.7525 ns/op
WorkloadActual   5: 56416480 op, 98786863.00 ns, 1.7510 ns/op
WorkloadActual   6: 56416480 op, 98928511.00 ns, 1.7535 ns/op
WorkloadActual   7: 56416480 op, 98829995.00 ns, 1.7518 ns/op
WorkloadActual   8: 56416480 op, 98919614.00 ns, 1.7534 ns/op
WorkloadActual   9: 56416480 op, 98732019.00 ns, 1.7501 ns/op
WorkloadActual  10: 56416480 op, 98866695.00 ns, 1.7524 ns/op
WorkloadActual  11: 56416480 op, 98811269.00 ns, 1.7515 ns/op
WorkloadActual  12: 56416480 op, 98910678.00 ns, 1.7532 ns/op
WorkloadActual  13: 56416480 op, 98833411.00 ns, 1.7519 ns/op
WorkloadActual  14: 56416480 op, 98924554.00 ns, 1.7535 ns/op
WorkloadActual  15: 56416480 op, 98895358.00 ns, 1.7530 ns/op

// AfterActualRun
WorkloadResult   1: 56416480 op, 14001401.00 ns, 0.2482 ns/op
WorkloadResult   2: 56416480 op, 13921059.00 ns, 0.2468 ns/op
WorkloadResult   3: 56416480 op, 14021418.00 ns, 0.2485 ns/op
WorkloadResult   4: 56416480 op, 13935716.00 ns, 0.2470 ns/op
WorkloadResult   5: 56416480 op, 14077364.00 ns, 0.2495 ns/op
WorkloadResult   6: 56416480 op, 13978848.00 ns, 0.2478 ns/op
WorkloadResult   7: 56416480 op, 14068467.00 ns, 0.2494 ns/op
WorkloadResult   8: 56416480 op, 13880872.00 ns, 0.2460 ns/op
WorkloadResult   9: 56416480 op, 14015548.00 ns, 0.2484 ns/op
WorkloadResult  10: 56416480 op, 13960122.00 ns, 0.2474 ns/op
WorkloadResult  11: 56416480 op, 14059531.00 ns, 0.2492 ns/op
WorkloadResult  12: 56416480 op, 13982264.00 ns, 0.2478 ns/op
WorkloadResult  13: 56416480 op, 14073407.00 ns, 0.2495 ns/op
WorkloadResult  14: 56416480 op, 14044211.00 ns, 0.2489 ns/op
// GC:  0 0 0 0 56416480
// Threading:  0 0 56416480

// AfterAll
// Benchmark Process 12835 has exited with code 0.

Mean = 0.248 ns, StdErr = 0.000 ns (0.12%), N = 14, StdDev = 0.001 ns
Min = 0.246 ns, Q1 = 0.248 ns, Median = 0.248 ns, Q3 = 0.249 ns, Max = 0.250 ns
IQR = 0.002 ns, LowerFence = 0.245 ns, UpperFence = 0.252 ns
ConfidenceInterval = [0.247 ns; 0.249 ns] (CI 99.9%), Margin = 0.001 ns (0.50% of Mean)
Skewness = -0.38, Kurtosis = 1.85, MValue = 2

// ** Remained 65 (71.4%) benchmark(s) to run. Estimated finish 2026-03-01 10:02 (0h 6m from now) **
// **************************
// Benchmark: Scenario1.S1_CheckVoidErrorNoMessage_Rascal: .NET 10.0(Runtime=.NET 10.0, IterationTime=100ms) [Iterations=2]
// *** Execute ***
// Launch: 1 / 1
// Execute: dotnet "Enumerations.Options.Benchmarks-.NET 10.0-1.dll" --anonymousPipes 116 118 --benchmarkName "ReillyDigital.Enumerations.Options.Benchmarks.Scenarios.Scenario1.S1_CheckVoidErrorNoMessage_Rascal(Iterations: 2)" --job ".NET 10.0" --benchmarkId 26 in /media/andrew/Slowverflow/x/devs/reilly-digital/dotnet/enumerations.options/src/Enumerations.Options.Benchmarks/bin/Debug/net10.0/Enumerations.Options.Benchmarks-.NET 10.0-1/bin/Release/net10.0
// Failed to set up high priority (Permission denied). In order to run benchmarks with high priority, make sure you have the right permissions.
// BeforeAnythingElse

// Benchmark Process Environment Information:
// BenchmarkDotNet v0.15.8
// Runtime=.NET 10.0.3 (10.0.3, 10.0.326.7603), X64 RyuJIT x86-64-v3
// GC=Concurrent Workstation
// HardwareIntrinsics=AVX2+BMI1+BMI2+F16C+FMA+LZCNT+MOVBE,AVX,SSE3+SSSE3+SSE4.1+SSE4.2+POPCNT,X86Base+SSE+SSE2,AES+PCLMUL VectorSize=256
// Job: .NET 10.0(IterationTime=100ms)

OverheadJitting  1: 1 op, 153771.00 ns, 153.7710 us/op
WorkloadJitting  1: 1 op, 2183164.00 ns, 2.1832 ms/op

OverheadJitting  2: 16 op, 206651.00 ns, 12.9157 us/op
WorkloadJitting  2: 16 op, 211891.00 ns, 13.2432 us/op

WorkloadPilot    1: 16 op, 2295.00 ns, 143.4375 ns/op
WorkloadPilot    2: 697168 op, 44905934.00 ns, 64.4119 ns/op
WorkloadPilot    3: 1552512 op, 90672991.00 ns, 58.4041 ns/op
WorkloadPilot    4: 1712224 op, 63737351.00 ns, 37.2249 ns/op
WorkloadPilot    5: 2686384 op, 27889776.00 ns, 10.3819 ns/op
WorkloadPilot    6: 9632160 op, 93708047.00 ns, 9.7287 ns/op
WorkloadPilot    7: 10278912 op, 104284772.00 ns, 10.1455 ns/op
WorkloadPilot    8: 9856592 op, 93817113.00 ns, 9.5182 ns/op
WorkloadPilot    9: 10506192 op, 100454170.00 ns, 9.5614 ns/op
WorkloadPilot   10: 10458704 op, 100280100.00 ns, 9.5882 ns/op

OverheadWarmup   1: 10458704 op, 26369027.00 ns, 2.5213 ns/op
OverheadWarmup   2: 10458704 op, 26499154.00 ns, 2.5337 ns/op
OverheadWarmup   3: 10458704 op, 27175514.00 ns, 2.5984 ns/op
OverheadWarmup   4: 10458704 op, 27014900.00 ns, 2.5830 ns/op
OverheadWarmup   5: 10458704 op, 26954957.00 ns, 2.5773 ns/op
OverheadWarmup   6: 10458704 op, 26340203.00 ns, 2.5185 ns/op
OverheadWarmup   7: 10458704 op, 26420684.00 ns, 2.5262 ns/op
OverheadWarmup   8: 10458704 op, 26293304.00 ns, 2.5140 ns/op

OverheadActual   1: 10458704 op, 26435353.00 ns, 2.5276 ns/op
OverheadActual   2: 10458704 op, 26330324.00 ns, 2.5176 ns/op
OverheadActual   3: 10458704 op, 26316919.00 ns, 2.5163 ns/op
OverheadActual   4: 10458704 op, 26314964.00 ns, 2.5161 ns/op
OverheadActual   5: 10458704 op, 26300217.00 ns, 2.5147 ns/op
OverheadActual   6: 10458704 op, 26331516.00 ns, 2.5177 ns/op
OverheadActual   7: 10458704 op, 26369118.00 ns, 2.5213 ns/op
OverheadActual   8: 10458704 op, 26340654.00 ns, 2.5185 ns/op
OverheadActual   9: 10458704 op, 26542005.00 ns, 2.5378 ns/op
OverheadActual  10: 10458704 op, 26343088.00 ns, 2.5188 ns/op
OverheadActual  11: 10458704 op, 19735908.00 ns, 1.8870 ns/op
OverheadActual  12: 10458704 op, 17994100.00 ns, 1.7205 ns/op
OverheadActual  13: 10458704 op, 17983880.00 ns, 1.7195 ns/op
OverheadActual  14: 10458704 op, 18070324.00 ns, 1.7278 ns/op
OverheadActual  15: 10458704 op, 17996264.00 ns, 1.7207 ns/op
OverheadActual  16: 10458704 op, 18037763.00 ns, 1.7247 ns/op
OverheadActual  17: 10458704 op, 18004941.00 ns, 1.7215 ns/op
OverheadActual  18: 10458704 op, 18032643.00 ns, 1.7242 ns/op
OverheadActual  19: 10458704 op, 18066427.00 ns, 1.7274 ns/op
OverheadActual  20: 10458704 op, 18063382.00 ns, 1.7271 ns/op

WorkloadWarmup   1: 10458704 op, 103832387.00 ns, 9.9278 ns/op
WorkloadWarmup   2: 10458704 op, 105762731.00 ns, 10.1124 ns/op
WorkloadWarmup   3: 10458704 op, 99249789.00 ns, 9.4897 ns/op
WorkloadWarmup   4: 10458704 op, 103467245.00 ns, 9.8929 ns/op
WorkloadWarmup   5: 10458704 op, 99365288.00 ns, 9.5007 ns/op
WorkloadWarmup   6: 10458704 op, 99982677.00 ns, 9.5598 ns/op

// BeforeActualRun
WorkloadActual   1: 10458704 op, 103662204.00 ns, 9.9116 ns/op
WorkloadActual   2: 10458704 op, 101678688.00 ns, 9.7219 ns/op
WorkloadActual   3: 10458704 op, 98875671.00 ns, 9.4539 ns/op
WorkloadActual   4: 10458704 op, 99301267.00 ns, 9.4946 ns/op
WorkloadActual   5: 10458704 op, 98675672.00 ns, 9.4348 ns/op
WorkloadActual   6: 10458704 op, 113220522.00 ns, 10.8255 ns/op
WorkloadActual   7: 10458704 op, 106188367.00 ns, 10.1531 ns/op
WorkloadActual   8: 10458704 op, 100135156.00 ns, 9.5743 ns/op
WorkloadActual   9: 10458704 op, 100341727.00 ns, 9.5941 ns/op
WorkloadActual  10: 10458704 op, 104307005.00 ns, 9.9732 ns/op
WorkloadActual  11: 10458704 op, 101895640.00 ns, 9.7427 ns/op
WorkloadActual  12: 10458704 op, 100206350.00 ns, 9.5811 ns/op
WorkloadActual  13: 10458704 op, 99990662.00 ns, 9.5605 ns/op
WorkloadActual  14: 10458704 op, 99754485.00 ns, 9.5379 ns/op
WorkloadActual  15: 10458704 op, 99252184.00 ns, 9.4899 ns/op
WorkloadActual  16: 10458704 op, 99966296.00 ns, 9.5582 ns/op
WorkloadActual  17: 10458704 op, 98688096.00 ns, 9.4360 ns/op

// AfterActualRun
WorkloadResult   1: 10458704 op, 80644141.50 ns, 7.7107 ns/op
WorkloadResult   2: 10458704 op, 78660625.50 ns, 7.5211 ns/op
WorkloadResult   3: 10458704 op, 75857608.50 ns, 7.2531 ns/op
WorkloadResult   4: 10458704 op, 76283204.50 ns, 7.2938 ns/op
WorkloadResult   5: 10458704 op, 75657609.50 ns, 7.2339 ns/op
WorkloadResult   6: 10458704 op, 77117093.50 ns, 7.3735 ns/op
WorkloadResult   7: 10458704 op, 77323664.50 ns, 7.3932 ns/op
WorkloadResult   8: 10458704 op, 81288942.50 ns, 7.7724 ns/op
WorkloadResult   9: 10458704 op, 78877577.50 ns, 7.5418 ns/op
WorkloadResult  10: 10458704 op, 77188287.50 ns, 7.3803 ns/op
WorkloadResult  11: 10458704 op, 76972599.50 ns, 7.3597 ns/op
WorkloadResult  12: 10458704 op, 76736422.50 ns, 7.3371 ns/op
WorkloadResult  13: 10458704 op, 76234121.50 ns, 7.2891 ns/op
WorkloadResult  14: 10458704 op, 76948233.50 ns, 7.3573 ns/op
WorkloadResult  15: 10458704 op, 75670033.50 ns, 7.2351 ns/op
// GC:  60 0 0 502017792 10458704
// Threading:  0 0 10458704

// AfterAll
// Benchmark Process 12868 has exited with code 0.

Mean = 7.403 ns, StdErr = 0.042 ns (0.57%), N = 15, StdDev = 0.164 ns
Min = 7.234 ns, Q1 = 7.291 ns, Median = 7.360 ns, Q3 = 7.457 ns, Max = 7.772 ns
IQR = 0.166 ns, LowerFence = 7.043 ns, UpperFence = 7.706 ns
ConfidenceInterval = [7.228 ns; 7.579 ns] (CI 99.9%), Margin = 0.176 ns (2.37% of Mean)
Skewness = 1.01, Kurtosis = 2.78, MValue = 2

// ** Remained 64 (70.3%) benchmark(s) to run. Estimated finish 2026-03-01 10:02 (0h 6m from now) **
// **************************
// Benchmark: Scenario1.S1_CheckVoidErrorNoMessage_SimpleResults: .NET 10.0(Runtime=.NET 10.0, IterationTime=100ms) [Iterations=2]
// *** Execute ***
// Launch: 1 / 1
// Execute: dotnet "Enumerations.Options.Benchmarks-.NET 10.0-1.dll" --anonymousPipes 116 118 --benchmarkName "ReillyDigital.Enumerations.Options.Benchmarks.Scenarios.Scenario1.S1_CheckVoidErrorNoMessage_SimpleResults(Iterations: 2)" --job ".NET 10.0" --benchmarkId 27 in /media/andrew/Slowverflow/x/devs/reilly-digital/dotnet/enumerations.options/src/Enumerations.Options.Benchmarks/bin/Debug/net10.0/Enumerations.Options.Benchmarks-.NET 10.0-1/bin/Release/net10.0
// Failed to set up high priority (Permission denied). In order to run benchmarks with high priority, make sure you have the right permissions.
// BeforeAnythingElse

// Benchmark Process Environment Information:
// BenchmarkDotNet v0.15.8
// Runtime=.NET 10.0.3 (10.0.3, 10.0.326.7603), X64 RyuJIT x86-64-v3
// GC=Concurrent Workstation
// HardwareIntrinsics=AVX2+BMI1+BMI2+F16C+FMA+LZCNT+MOVBE,AVX,SSE3+SSSE3+SSE4.1+SSE4.2+POPCNT,X86Base+SSE+SSE2,AES+PCLMUL VectorSize=256
// Job: .NET 10.0(IterationTime=100ms)

OverheadJitting  1: 1 op, 158480.00 ns, 158.4800 us/op
WorkloadJitting  1: 1 op, 9284289.00 ns, 9.2843 ms/op

WorkloadPilot    1: 4 op, 5891.00 ns, 1.4728 us/op
WorkloadPilot    2: 67900 op, 45424026.00 ns, 668.9842 ns/op
WorkloadPilot    3: 149480 op, 95443433.00 ns, 638.5030 ns/op
WorkloadPilot    4: 156616 op, 64516396.00 ns, 411.9400 ns/op
WorkloadPilot    5: 242754 op, 42343954.00 ns, 174.4315 ns/op
WorkloadPilot    6: 573291 op, 97035026.00 ns, 169.2596 ns/op
WorkloadPilot    7: 590808 op, 97180161.00 ns, 164.4869 ns/op
WorkloadPilot    8: 607951 op, 101657829.00 ns, 167.2139 ns/op
WorkloadPilot    9: 598037 op, 98260326.00 ns, 164.3048 ns/op
WorkloadPilot   10: 608625 op, 99854926.00 ns, 164.0664 ns/op
WorkloadPilot   11: 609509 op, 99766799.00 ns, 163.6839 ns/op
WorkloadPilot   12: 610934 op, 103712569.00 ns, 169.7607 ns/op
WorkloadPilot   13: 589065 op, 95612353.00 ns, 162.3121 ns/op
WorkloadPilot   14: 616097 op, 101719155.00 ns, 165.1025 ns/op

WorkloadWarmup   1: 616097 op, 100046728.00 ns, 162.3879 ns/op
WorkloadWarmup   2: 616097 op, 101915146.00 ns, 165.4206 ns/op
WorkloadWarmup   3: 616097 op, 102160821.00 ns, 165.8194 ns/op
WorkloadWarmup   4: 616097 op, 101338084.00 ns, 164.4840 ns/op
WorkloadWarmup   5: 616097 op, 109551675.00 ns, 177.8156 ns/op
WorkloadWarmup   6: 616097 op, 102762020.00 ns, 166.7952 ns/op

// BeforeActualRun
WorkloadActual   1: 616097 op, 104468250.00 ns, 169.5646 ns/op
WorkloadActual   2: 616097 op, 102259658.00 ns, 165.9798 ns/op
WorkloadActual   3: 616097 op, 101216162.00 ns, 164.2861 ns/op
WorkloadActual   4: 616097 op, 102381569.00 ns, 166.1777 ns/op
WorkloadActual   5: 616097 op, 103728439.00 ns, 168.3638 ns/op
WorkloadActual   6: 616097 op, 102669755.00 ns, 166.6454 ns/op
WorkloadActual   7: 616097 op, 102961327.00 ns, 167.1187 ns/op
WorkloadActual   8: 616097 op, 102642163.00 ns, 166.6007 ns/op
WorkloadActual   9: 616097 op, 103872041.00 ns, 168.5969 ns/op
WorkloadActual  10: 616097 op, 103690678.00 ns, 168.3025 ns/op
WorkloadActual  11: 616097 op, 104257982.00 ns, 169.2233 ns/op
WorkloadActual  12: 616097 op, 103735233.00 ns, 168.3748 ns/op
WorkloadActual  13: 616097 op, 105903798.00 ns, 171.8947 ns/op
WorkloadActual  14: 616097 op, 106691219.00 ns, 173.1728 ns/op
WorkloadActual  15: 616097 op, 106505999.00 ns, 172.8721 ns/op

// AfterActualRun
WorkloadResult   1: 616097 op, 104468250.00 ns, 169.5646 ns/op
WorkloadResult   2: 616097 op, 102259658.00 ns, 165.9798 ns/op
WorkloadResult   3: 616097 op, 101216162.00 ns, 164.2861 ns/op
WorkloadResult   4: 616097 op, 102381569.00 ns, 166.1777 ns/op
WorkloadResult   5: 616097 op, 103728439.00 ns, 168.3638 ns/op
WorkloadResult   6: 616097 op, 102669755.00 ns, 166.6454 ns/op
WorkloadResult   7: 616097 op, 102961327.00 ns, 167.1187 ns/op
WorkloadResult   8: 616097 op, 102642163.00 ns, 166.6007 ns/op
WorkloadResult   9: 616097 op, 103872041.00 ns, 168.5969 ns/op
WorkloadResult  10: 616097 op, 103690678.00 ns, 168.3025 ns/op
WorkloadResult  11: 616097 op, 104257982.00 ns, 169.2233 ns/op
WorkloadResult  12: 616097 op, 103735233.00 ns, 168.3748 ns/op
WorkloadResult  13: 616097 op, 105903798.00 ns, 171.8947 ns/op
WorkloadResult  14: 616097 op, 106691219.00 ns, 173.1728 ns/op
WorkloadResult  15: 616097 op, 106505999.00 ns, 172.8721 ns/op
// GC:  5 0 0 49287760 616097
// Threading:  0 0 616097

// AfterAll
// Benchmark Process 12900 has exited with code 0.

Mean = 168.478 ns, StdErr = 0.664 ns (0.39%), N = 15, StdDev = 2.573 ns
Min = 164.286 ns, Q1 = 166.623 ns, Median = 168.364 ns, Q3 = 169.394 ns, Max = 173.173 ns
IQR = 2.771 ns, LowerFence = 162.467 ns, UpperFence = 173.550 ns
ConfidenceInterval = [165.728 ns; 171.229 ns] (CI 99.9%), Margin = 2.750 ns (1.63% of Mean)
Skewness = 0.44, Kurtosis = 2.13, MValue = 2

// ** Remained 63 (69.2%) benchmark(s) to run. Estimated finish 2026-03-01 10:02 (0h 5m from now) **
// **************************
// Benchmark: Scenario1.S1_CheckVoidErrorWithMessage_ArdalisResult: .NET 10.0(Runtime=.NET 10.0, IterationTime=100ms) [Iterations=2]
// *** Execute ***
// Launch: 1 / 1
// Execute: dotnet "Enumerations.Options.Benchmarks-.NET 10.0-1.dll" --anonymousPipes 116 118 --benchmarkName "ReillyDigital.Enumerations.Options.Benchmarks.Scenarios.Scenario1.S1_CheckVoidErrorWithMessage_ArdalisResult(Iterations: 2)" --job ".NET 10.0" --benchmarkId 28 in /media/andrew/Slowverflow/x/devs/reilly-digital/dotnet/enumerations.options/src/Enumerations.Options.Benchmarks/bin/Debug/net10.0/Enumerations.Options.Benchmarks-.NET 10.0-1/bin/Release/net10.0
// Failed to set up high priority (Permission denied). In order to run benchmarks with high priority, make sure you have the right permissions.
// BeforeAnythingElse

// Benchmark Process Environment Information:
// BenchmarkDotNet v0.15.8
// Runtime=.NET 10.0.3 (10.0.3, 10.0.326.7603), X64 RyuJIT x86-64-v3
// GC=Concurrent Workstation
// HardwareIntrinsics=AVX2+BMI1+BMI2+F16C+FMA+LZCNT+MOVBE,AVX,SSE3+SSSE3+SSE4.1+SSE4.2+POPCNT,X86Base+SSE+SSE2,AES+PCLMUL VectorSize=256
// Job: .NET 10.0(IterationTime=100ms)

OverheadJitting  1: 1 op, 153982.00 ns, 153.9820 us/op
WorkloadJitting  1: 1 op, 3211781.00 ns, 3.2118 ms/op

OverheadJitting  2: 16 op, 210849.00 ns, 13.1781 us/op
WorkloadJitting  2: 16 op, 211390.00 ns, 13.2119 us/op

WorkloadPilot    1: 16 op, 5601.00 ns, 350.0625 ns/op
WorkloadPilot    2: 285664 op, 65047310.00 ns, 227.7057 ns/op
WorkloadPilot    3: 439168 op, 97992039.00 ns, 223.1311 ns/op
WorkloadPilot    4: 448176 op, 48931056.00 ns, 109.1782 ns/op
WorkloadPilot    5: 915936 op, 41901286.00 ns, 45.7470 ns/op
WorkloadPilot    6: 2185952 op, 97441345.00 ns, 44.5762 ns/op
WorkloadPilot    7: 2243360 op, 95912551.00 ns, 42.7540 ns/op
WorkloadPilot    8: 2338976 op, 101697273.00 ns, 43.4794 ns/op
WorkloadPilot    9: 2299952 op, 97630213.00 ns, 42.4488 ns/op
WorkloadPilot   10: 2355792 op, 98452570.00 ns, 41.7917 ns/op
WorkloadPilot   11: 2392832 op, 101206044.00 ns, 42.2955 ns/op
WorkloadPilot   12: 2364320 op, 100025949.00 ns, 42.3064 ns/op

OverheadWarmup   1: 2364320 op, 6482945.00 ns, 2.7420 ns/op
OverheadWarmup   2: 2364320 op, 6587332.00 ns, 2.7861 ns/op
OverheadWarmup   3: 2364320 op, 6511068.00 ns, 2.7539 ns/op
OverheadWarmup   4: 2364320 op, 6450162.00 ns, 2.7281 ns/op
OverheadWarmup   5: 2364320 op, 6977792.00 ns, 2.9513 ns/op
OverheadWarmup   6: 2364320 op, 6567034.00 ns, 2.7776 ns/op

OverheadActual   1: 2364320 op, 6697842.00 ns, 2.8329 ns/op
OverheadActual   2: 2364320 op, 6555732.00 ns, 2.7728 ns/op
OverheadActual   3: 2364320 op, 6560722.00 ns, 2.7749 ns/op
OverheadActual   4: 2364320 op, 6628601.00 ns, 2.8036 ns/op
OverheadActual   5: 2364320 op, 6615175.00 ns, 2.7979 ns/op
OverheadActual   6: 2364320 op, 6600788.00 ns, 2.7918 ns/op
OverheadActual   7: 2364320 op, 6470130.00 ns, 2.7366 ns/op
OverheadActual   8: 2364320 op, 6495048.00 ns, 2.7471 ns/op
OverheadActual   9: 2364320 op, 6635684.00 ns, 2.8066 ns/op
OverheadActual  10: 2364320 op, 6609665.00 ns, 2.7956 ns/op
OverheadActual  11: 2364320 op, 7151942.00 ns, 3.0249 ns/op
OverheadActual  12: 2364320 op, 6634031.00 ns, 2.8059 ns/op
OverheadActual  13: 2364320 op, 7104041.00 ns, 3.0047 ns/op
OverheadActual  14: 2364320 op, 6702380.00 ns, 2.8348 ns/op
OverheadActual  15: 2364320 op, 7181868.00 ns, 3.0376 ns/op

WorkloadWarmup   1: 2364320 op, 106335516.00 ns, 44.9751 ns/op
WorkloadWarmup   2: 2364320 op, 111349839.00 ns, 47.0959 ns/op
WorkloadWarmup   3: 2364320 op, 101504499.00 ns, 42.9318 ns/op
WorkloadWarmup   4: 2364320 op, 102816903.00 ns, 43.4869 ns/op
WorkloadWarmup   5: 2364320 op, 151672487.00 ns, 64.1506 ns/op
WorkloadWarmup   6: 2364320 op, 102051404.00 ns, 43.1631 ns/op

// BeforeActualRun
WorkloadActual   1: 2364320 op, 104832359.00 ns, 44.3393 ns/op
WorkloadActual   2: 2364320 op, 106555773.00 ns, 45.0683 ns/op
WorkloadActual   3: 2364320 op, 104394972.00 ns, 44.1543 ns/op
WorkloadActual   4: 2364320 op, 105140173.00 ns, 44.4695 ns/op
WorkloadActual   5: 2364320 op, 105305917.00 ns, 44.5396 ns/op
WorkloadActual   6: 2364320 op, 103023024.00 ns, 43.5741 ns/op
WorkloadActual   7: 2364320 op, 106565280.00 ns, 45.0723 ns/op
WorkloadActual   8: 2364320 op, 107347461.00 ns, 45.4031 ns/op
WorkloadActual   9: 2364320 op, 104984117.00 ns, 44.4035 ns/op
WorkloadActual  10: 2364320 op, 111549838.00 ns, 47.1805 ns/op
WorkloadActual  11: 2364320 op, 108325283.00 ns, 45.8167 ns/op
WorkloadActual  12: 2364320 op, 102893078.00 ns, 43.5191 ns/op
WorkloadActual  13: 2364320 op, 102466780.00 ns, 43.3388 ns/op
WorkloadActual  14: 2364320 op, 105913948.00 ns, 44.7968 ns/op
WorkloadActual  15: 2364320 op, 104394050.00 ns, 44.1539 ns/op

// AfterActualRun
WorkloadResult   1: 2364320 op, 98203758.00 ns, 41.5357 ns/op
WorkloadResult   2: 2364320 op, 99927172.00 ns, 42.2647 ns/op
WorkloadResult   3: 2364320 op, 97766371.00 ns, 41.3507 ns/op
WorkloadResult   4: 2364320 op, 98511572.00 ns, 41.6659 ns/op
WorkloadResult   5: 2364320 op, 98677316.00 ns, 41.7360 ns/op
WorkloadResult   6: 2364320 op, 96394423.00 ns, 40.7705 ns/op
WorkloadResult   7: 2364320 op, 99936679.00 ns, 42.2687 ns/op
WorkloadResult   8: 2364320 op, 100718860.00 ns, 42.5995 ns/op
WorkloadResult   9: 2364320 op, 98355516.00 ns, 41.5999 ns/op
WorkloadResult  10: 2364320 op, 101696682.00 ns, 43.0131 ns/op
WorkloadResult  11: 2364320 op, 96264477.00 ns, 40.7155 ns/op
WorkloadResult  12: 2364320 op, 95838179.00 ns, 40.5352 ns/op
WorkloadResult  13: 2364320 op, 99285347.00 ns, 41.9932 ns/op
WorkloadResult  14: 2364320 op, 97765449.00 ns, 41.3503 ns/op
// GC:  58 0 0 491778560 2364320
// Threading:  0 0 2364320

// AfterAll
// Benchmark Process 12924 has exited with code 0.

Mean = 41.671 ns, StdErr = 0.192 ns (0.46%), N = 14, StdDev = 0.719 ns
Min = 40.535 ns, Q1 = 41.350 ns, Median = 41.633 ns, Q3 = 42.197 ns, Max = 43.013 ns
IQR = 0.846 ns, LowerFence = 40.081 ns, UpperFence = 43.466 ns
ConfidenceInterval = [40.860 ns; 42.483 ns] (CI 99.9%), Margin = 0.811 ns (1.95% of Mean)
Skewness = 0.1, Kurtosis = 1.98, MValue = 2

// ** Remained 62 (68.1%) benchmark(s) to run. Estimated finish 2026-03-01 10:01 (0h 5m from now) **
// **************************
// Benchmark: Scenario1.S1_CheckVoidErrorWithMessage_EnumerationsOptionsBoxed: .NET 10.0(Runtime=.NET 10.0, IterationTime=100ms) [Iterations=2]
// *** Execute ***
// Launch: 1 / 1
// Execute: dotnet "Enumerations.Options.Benchmarks-.NET 10.0-1.dll" --anonymousPipes 116 118 --benchmarkName "ReillyDigital.Enumerations.Options.Benchmarks.Scenarios.Scenario1.S1_CheckVoidErrorWithMessage_EnumerationsOptionsBoxed(Iterations: 2)" --job ".NET 10.0" --benchmarkId 29 in /media/andrew/Slowverflow/x/devs/reilly-digital/dotnet/enumerations.options/src/Enumerations.Options.Benchmarks/bin/Debug/net10.0/Enumerations.Options.Benchmarks-.NET 10.0-1/bin/Release/net10.0
// Failed to set up high priority (Permission denied). In order to run benchmarks with high priority, make sure you have the right permissions.
// BeforeAnythingElse

// Benchmark Process Environment Information:
// BenchmarkDotNet v0.15.8
// Runtime=.NET 10.0.3 (10.0.3, 10.0.326.7603), X64 RyuJIT x86-64-v3
// GC=Concurrent Workstation
// HardwareIntrinsics=AVX2+BMI1+BMI2+F16C+FMA+LZCNT+MOVBE,AVX,SSE3+SSSE3+SSE4.1+SSE4.2+POPCNT,X86Base+SSE+SSE2,AES+PCLMUL VectorSize=256
// Job: .NET 10.0(IterationTime=100ms)

OverheadJitting  1: 1 op, 160133.00 ns, 160.1330 us/op
WorkloadJitting  1: 1 op, 4286586.00 ns, 4.2866 ms/op

OverheadJitting  2: 16 op, 203555.00 ns, 12.7222 us/op
WorkloadJitting  2: 16 op, 217862.00 ns, 13.6164 us/op

WorkloadPilot    1: 16 op, 3577.00 ns, 223.5625 ns/op
WorkloadPilot    2: 447312 op, 58025926.00 ns, 129.7214 ns/op
WorkloadPilot    3: 770896 op, 96371390.00 ns, 125.0122 ns/op
WorkloadPilot    4: 799936 op, 42243264.00 ns, 52.8083 ns/op
WorkloadPilot    5: 1893648 op, 43806653.00 ns, 23.1335 ns/op
WorkloadPilot    6: 4322752 op, 100101322.00 ns, 23.1569 ns/op
WorkloadPilot    7: 4318384 op, 108877108.00 ns, 25.2125 ns/op
WorkloadPilot    8: 3966304 op, 92145878.00 ns, 23.2322 ns/op
WorkloadPilot    9: 4304384 op, 98500421.00 ns, 22.8837 ns/op
WorkloadPilot   10: 4369920 op, 97744179.00 ns, 22.3675 ns/op
WorkloadPilot   11: 4470784 op, 100816636.00 ns, 22.5501 ns/op

OverheadWarmup   1: 4470784 op, 12113586.00 ns, 2.7095 ns/op
OverheadWarmup   2: 4470784 op, 12213385.00 ns, 2.7318 ns/op
OverheadWarmup   3: 4470784 op, 12238112.00 ns, 2.7374 ns/op
OverheadWarmup   4: 4470784 op, 12412683.00 ns, 2.7764 ns/op
OverheadWarmup   5: 4470784 op, 12452628.00 ns, 2.7853 ns/op
OverheadWarmup   6: 4470784 op, 12460132.00 ns, 2.7870 ns/op
OverheadWarmup   7: 4470784 op, 12411370.00 ns, 2.7761 ns/op
OverheadWarmup   8: 4470784 op, 12357488.00 ns, 2.7641 ns/op
OverheadWarmup   9: 4470784 op, 13624417.00 ns, 3.0474 ns/op
OverheadWarmup  10: 4470784 op, 12092777.00 ns, 2.7048 ns/op

OverheadActual   1: 4470784 op, 12155295.00 ns, 2.7188 ns/op
OverheadActual   2: 4470784 op, 12083449.00 ns, 2.7028 ns/op
OverheadActual   3: 4470784 op, 12100942.00 ns, 2.7067 ns/op
OverheadActual   4: 4470784 op, 12108155.00 ns, 2.7083 ns/op
OverheadActual   5: 4470784 op, 12130778.00 ns, 2.7133 ns/op
OverheadActual   6: 4470784 op, 12078319.00 ns, 2.7016 ns/op
OverheadActual   7: 4470784 op, 12101152.00 ns, 2.7067 ns/op
OverheadActual   8: 4470784 op, 12091174.00 ns, 2.7045 ns/op
OverheadActual   9: 4470784 op, 12160124.00 ns, 2.7199 ns/op
OverheadActual  10: 4470784 op, 12150957.00 ns, 2.7179 ns/op
OverheadActual  11: 4470784 op, 12112885.00 ns, 2.7093 ns/op
OverheadActual  12: 4470784 op, 12195751.00 ns, 2.7279 ns/op
OverheadActual  13: 4470784 op, 11273104.00 ns, 2.5215 ns/op
OverheadActual  14: 4470784 op, 8075430.00 ns, 1.8063 ns/op
OverheadActual  15: 4470784 op, 7578830.00 ns, 1.6952 ns/op
OverheadActual  16: 4470784 op, 7483760.00 ns, 1.6739 ns/op
OverheadActual  17: 4470784 op, 7577498.00 ns, 1.6949 ns/op
OverheadActual  18: 4470784 op, 7504429.00 ns, 1.6785 ns/op
OverheadActual  19: 4470784 op, 7445798.00 ns, 1.6654 ns/op
OverheadActual  20: 4470784 op, 7571746.00 ns, 1.6936 ns/op

WorkloadWarmup   1: 4470784 op, 102451471.00 ns, 22.9158 ns/op
WorkloadWarmup   2: 4470784 op, 105834106.00 ns, 23.6724 ns/op
WorkloadWarmup   3: 4470784 op, 100873154.00 ns, 22.5627 ns/op
WorkloadWarmup   4: 4470784 op, 102654076.00 ns, 22.9611 ns/op
WorkloadWarmup   5: 4470784 op, 100492553.00 ns, 22.4776 ns/op
WorkloadWarmup   6: 4470784 op, 105247596.00 ns, 23.5412 ns/op

// BeforeActualRun
WorkloadActual   1: 4470784 op, 102716142.00 ns, 22.9750 ns/op
WorkloadActual   2: 4470784 op, 102365839.00 ns, 22.8966 ns/op
WorkloadActual   3: 4470784 op, 99783119.00 ns, 22.3189 ns/op
WorkloadActual   4: 4470784 op, 101765473.00 ns, 22.7623 ns/op
WorkloadActual   5: 4470784 op, 101342211.00 ns, 22.6677 ns/op
WorkloadActual   6: 4470784 op, 99671768.00 ns, 22.2940 ns/op
WorkloadActual   7: 4470784 op, 98831357.00 ns, 22.1060 ns/op
WorkloadActual   8: 4470784 op, 99498721.00 ns, 22.2553 ns/op
WorkloadActual   9: 4470784 op, 98047072.00 ns, 21.9306 ns/op
WorkloadActual  10: 4470784 op, 97726896.00 ns, 21.8590 ns/op
WorkloadActual  11: 4470784 op, 98493698.00 ns, 22.0305 ns/op
WorkloadActual  12: 4470784 op, 97945550.00 ns, 21.9079 ns/op
WorkloadActual  13: 4470784 op, 97961630.00 ns, 21.9115 ns/op
WorkloadActual  14: 4470784 op, 97841854.00 ns, 21.8847 ns/op
WorkloadActual  15: 4470784 op, 97663325.00 ns, 21.8448 ns/op

// AfterActualRun
WorkloadResult   1: 4470784 op, 90628830.50 ns, 20.2714 ns/op
WorkloadResult   2: 4470784 op, 90278527.50 ns, 20.1930 ns/op
WorkloadResult   3: 4470784 op, 87695807.50 ns, 19.6153 ns/op
WorkloadResult   4: 4470784 op, 89678161.50 ns, 20.0587 ns/op
WorkloadResult   5: 4470784 op, 89254899.50 ns, 19.9640 ns/op
WorkloadResult   6: 4470784 op, 87584456.50 ns, 19.5904 ns/op
WorkloadResult   7: 4470784 op, 86744045.50 ns, 19.4024 ns/op
WorkloadResult   8: 4470784 op, 87411409.50 ns, 19.5517 ns/op
WorkloadResult   9: 4470784 op, 85959760.50 ns, 19.2270 ns/op
WorkloadResult  10: 4470784 op, 85639584.50 ns, 19.1554 ns/op
WorkloadResult  11: 4470784 op, 86406386.50 ns, 19.3269 ns/op
WorkloadResult  12: 4470784 op, 85858238.50 ns, 19.2043 ns/op
WorkloadResult  13: 4470784 op, 85874318.50 ns, 19.2079 ns/op
WorkloadResult  14: 4470784 op, 85754542.50 ns, 19.1811 ns/op
WorkloadResult  15: 4470784 op, 85576013.50 ns, 19.1412 ns/op
// GC:  34 0 0 286130176 4470784
// Threading:  0 0 4470784

// AfterAll
// Benchmark Process 12945 has exited with code 0.

Mean = 19.539 ns, StdErr = 0.103 ns (0.53%), N = 15, StdDev = 0.400 ns
Min = 19.141 ns, Q1 = 19.206 ns, Median = 19.402 ns, Q3 = 19.790 ns, Max = 20.271 ns
IQR = 0.584 ns, LowerFence = 18.331 ns, UpperFence = 20.665 ns
ConfidenceInterval = [19.112 ns; 19.967 ns] (CI 99.9%), Margin = 0.428 ns (2.19% of Mean)
Skewness = 0.63, Kurtosis = 1.76, MValue = 2

// ** Remained 61 (67.0%) benchmark(s) to run. Estimated finish 2026-03-01 10:01 (0h 5m from now) **
// **************************
// Benchmark: Scenario1.S1_CheckVoidErrorWithMessage_EnumerationsOptions: .NET 10.0(Runtime=.NET 10.0, IterationTime=100ms) [Iterations=2]
// *** Execute ***
// Launch: 1 / 1
// Execute: dotnet "Enumerations.Options.Benchmarks-.NET 10.0-1.dll" --anonymousPipes 116 118 --benchmarkName "ReillyDigital.Enumerations.Options.Benchmarks.Scenarios.Scenario1.S1_CheckVoidErrorWithMessage_EnumerationsOptions(Iterations: 2)" --job ".NET 10.0" --benchmarkId 30 in /media/andrew/Slowverflow/x/devs/reilly-digital/dotnet/enumerations.options/src/Enumerations.Options.Benchmarks/bin/Debug/net10.0/Enumerations.Options.Benchmarks-.NET 10.0-1/bin/Release/net10.0
// Failed to set up high priority (Permission denied). In order to run benchmarks with high priority, make sure you have the right permissions.
// BeforeAnythingElse

// Benchmark Process Environment Information:
// BenchmarkDotNet v0.15.8
// Runtime=.NET 10.0.3 (10.0.3, 10.0.326.7603), X64 RyuJIT x86-64-v3
// GC=Concurrent Workstation
// HardwareIntrinsics=AVX2+BMI1+BMI2+F16C+FMA+LZCNT+MOVBE,AVX,SSE3+SSSE3+SSE4.1+SSE4.2+POPCNT,X86Base+SSE+SSE2,AES+PCLMUL VectorSize=256
// Job: .NET 10.0(IterationTime=100ms)

OverheadJitting  1: 1 op, 163079.00 ns, 163.0790 us/op
WorkloadJitting  1: 1 op, 3160854.00 ns, 3.1609 ms/op

OverheadJitting  2: 16 op, 210058.00 ns, 13.1286 us/op
WorkloadJitting  2: 16 op, 200260.00 ns, 12.5163 us/op

WorkloadPilot    1: 16 op, 2916.00 ns, 182.2500 ns/op
WorkloadPilot    2: 548704 op, 55858893.00 ns, 101.8015 ns/op
WorkloadPilot    3: 982304 op, 97708311.00 ns, 99.4685 ns/op
WorkloadPilot    4: 1005344 op, 33544643.00 ns, 33.3663 ns/op
WorkloadPilot    5: 2997040 op, 5260941.00 ns, 1.7554 ns/op
WorkloadPilot    6: 56967760 op, 99595264.00 ns, 1.7483 ns/op
WorkloadPilot    7: 57199280 op, 100054122.00 ns, 1.7492 ns/op
WorkloadPilot    8: 57168352 op, 101079123.00 ns, 1.7681 ns/op
WorkloadPilot    9: 56558032 op, 100847815.00 ns, 1.7831 ns/op

OverheadWarmup   1: 56558032 op, 154243004.00 ns, 2.7272 ns/op
OverheadWarmup   2: 56558032 op, 106255043.00 ns, 1.8787 ns/op
OverheadWarmup   3: 56558032 op, 85599153.00 ns, 1.5135 ns/op
OverheadWarmup   4: 56558032 op, 87517927.00 ns, 1.5474 ns/op
OverheadWarmup   5: 56558032 op, 86956033.00 ns, 1.5375 ns/op
OverheadWarmup   6: 56558032 op, 86017596.00 ns, 1.5209 ns/op
OverheadWarmup   7: 56558032 op, 85558126.00 ns, 1.5127 ns/op
OverheadWarmup   8: 56558032 op, 85246265.00 ns, 1.5072 ns/op
OverheadWarmup   9: 56558032 op, 84885031.00 ns, 1.5008 ns/op
OverheadWarmup  10: 56558032 op, 86069053.00 ns, 1.5218 ns/op

OverheadActual   1: 56558032 op, 85391881.00 ns, 1.5098 ns/op
OverheadActual   2: 56558032 op, 84893357.00 ns, 1.5010 ns/op
OverheadActual   3: 56558032 op, 86212636.00 ns, 1.5243 ns/op
OverheadActual   4: 56558032 op, 85457405.00 ns, 1.5110 ns/op
OverheadActual   5: 56558032 op, 85621796.00 ns, 1.5139 ns/op
OverheadActual   6: 56558032 op, 85168228.00 ns, 1.5059 ns/op
OverheadActual   7: 56558032 op, 84957940.00 ns, 1.5021 ns/op
OverheadActual   8: 56558032 op, 84968860.00 ns, 1.5023 ns/op
OverheadActual   9: 56558032 op, 84913856.00 ns, 1.5014 ns/op
OverheadActual  10: 56558032 op, 85266694.00 ns, 1.5076 ns/op
OverheadActual  11: 56558032 op, 85440984.00 ns, 1.5107 ns/op
OverheadActual  12: 56558032 op, 85596749.00 ns, 1.5134 ns/op
OverheadActual  13: 56558032 op, 85736484.00 ns, 1.5159 ns/op
OverheadActual  14: 56558032 op, 84959602.00 ns, 1.5022 ns/op
OverheadActual  15: 56558032 op, 86188429.00 ns, 1.5239 ns/op

WorkloadWarmup   1: 56558032 op, 99690915.00 ns, 1.7626 ns/op
WorkloadWarmup   2: 56558032 op, 100354040.00 ns, 1.7744 ns/op
WorkloadWarmup   3: 56558032 op, 99776156.00 ns, 1.7641 ns/op
WorkloadWarmup   4: 56558032 op, 100733569.00 ns, 1.7811 ns/op
WorkloadWarmup   5: 56558032 op, 100511479.00 ns, 1.7771 ns/op
WorkloadWarmup   6: 56558032 op, 100027041.00 ns, 1.7686 ns/op

// BeforeActualRun
WorkloadActual   1: 56558032 op, 99299093.00 ns, 1.7557 ns/op
WorkloadActual   2: 56558032 op, 99411996.00 ns, 1.7577 ns/op
WorkloadActual   3: 56558032 op, 99350681.00 ns, 1.7566 ns/op
WorkloadActual   4: 56558032 op, 99504522.00 ns, 1.7593 ns/op
WorkloadActual   5: 56558032 op, 99180719.00 ns, 1.7536 ns/op
WorkloadActual   6: 56558032 op, 99779662.00 ns, 1.7642 ns/op
WorkloadActual   7: 56558032 op, 99916222.00 ns, 1.7666 ns/op
WorkloadActual   8: 56558032 op, 100989423.00 ns, 1.7856 ns/op
WorkloadActual   9: 56558032 op, 100731295.00 ns, 1.7810 ns/op
WorkloadActual  10: 56558032 op, 101263963.00 ns, 1.7904 ns/op
WorkloadActual  11: 56558032 op, 100927226.00 ns, 1.7845 ns/op
WorkloadActual  12: 56558032 op, 102854114.00 ns, 1.8186 ns/op
WorkloadActual  13: 56558032 op, 101940544.00 ns, 1.8024 ns/op
WorkloadActual  14: 56558032 op, 100698151.00 ns, 1.7804 ns/op
WorkloadActual  15: 56558032 op, 100591540.00 ns, 1.7786 ns/op

// AfterActualRun
WorkloadResult   1: 56558032 op, 13907212.00 ns, 0.2459 ns/op
WorkloadResult   2: 56558032 op, 14020115.00 ns, 0.2479 ns/op
WorkloadResult   3: 56558032 op, 13958800.00 ns, 0.2468 ns/op
WorkloadResult   4: 56558032 op, 14112641.00 ns, 0.2495 ns/op
WorkloadResult   5: 56558032 op, 13788838.00 ns, 0.2438 ns/op
WorkloadResult   6: 56558032 op, 14387781.00 ns, 0.2544 ns/op
WorkloadResult   7: 56558032 op, 14524341.00 ns, 0.2568 ns/op
WorkloadResult   8: 56558032 op, 15597542.00 ns, 0.2758 ns/op
WorkloadResult   9: 56558032 op, 15339414.00 ns, 0.2712 ns/op
WorkloadResult  10: 56558032 op, 15872082.00 ns, 0.2806 ns/op
WorkloadResult  11: 56558032 op, 15535345.00 ns, 0.2747 ns/op
WorkloadResult  12: 56558032 op, 17462233.00 ns, 0.3087 ns/op
WorkloadResult  13: 56558032 op, 16548663.00 ns, 0.2926 ns/op
WorkloadResult  14: 56558032 op, 15306270.00 ns, 0.2706 ns/op
WorkloadResult  15: 56558032 op, 15199659.00 ns, 0.2687 ns/op
// GC:  0 0 0 0 56558032
// Threading:  0 0 56558032

// AfterAll
// Benchmark Process 12972 has exited with code 0.

Mean = 0.266 ns, StdErr = 0.005 ns (1.85%), N = 15, StdDev = 0.019 ns
Min = 0.244 ns, Q1 = 0.249 ns, Median = 0.269 ns, Q3 = 0.275 ns, Max = 0.309 ns
IQR = 0.027 ns, LowerFence = 0.209 ns, UpperFence = 0.315 ns
ConfidenceInterval = [0.246 ns; 0.286 ns] (CI 99.9%), Margin = 0.020 ns (7.64% of Mean)
Skewness = 0.63, Kurtosis = 2.39, MValue = 2

// ** Remained 60 (65.9%) benchmark(s) to run. Estimated finish 2026-03-01 10:01 (0h 5m from now) **
// **************************
// Benchmark: Scenario1.S1_CheckVoidErrorWithMessage_FluentResults: .NET 10.0(Runtime=.NET 10.0, IterationTime=100ms) [Iterations=2]
// *** Execute ***
// Launch: 1 / 1
// Execute: dotnet "Enumerations.Options.Benchmarks-.NET 10.0-1.dll" --anonymousPipes 116 118 --benchmarkName "ReillyDigital.Enumerations.Options.Benchmarks.Scenarios.Scenario1.S1_CheckVoidErrorWithMessage_FluentResults(Iterations: 2)" --job ".NET 10.0" --benchmarkId 31 in /media/andrew/Slowverflow/x/devs/reilly-digital/dotnet/enumerations.options/src/Enumerations.Options.Benchmarks/bin/Debug/net10.0/Enumerations.Options.Benchmarks-.NET 10.0-1/bin/Release/net10.0
// Failed to set up high priority (Permission denied). In order to run benchmarks with high priority, make sure you have the right permissions.
// BeforeAnythingElse

// Benchmark Process Environment Information:
// BenchmarkDotNet v0.15.8
// Runtime=.NET 10.0.3 (10.0.3, 10.0.326.7603), X64 RyuJIT x86-64-v3
// GC=Concurrent Workstation
// HardwareIntrinsics=AVX2+BMI1+BMI2+F16C+FMA+LZCNT+MOVBE,AVX,SSE3+SSSE3+SSE4.1+SSE4.2+POPCNT,X86Base+SSE+SSE2,AES+PCLMUL VectorSize=256
// Job: .NET 10.0(IterationTime=100ms)

OverheadJitting  1: 1 op, 153921.00 ns, 153.9210 us/op
WorkloadJitting  1: 1 op, 3969997.00 ns, 3.9700 ms/op

OverheadJitting  2: 16 op, 228934.00 ns, 14.3084 us/op
WorkloadJitting  2: 16 op, 255945.00 ns, 15.9966 us/op

WorkloadPilot    1: 16 op, 56507.00 ns, 3.5317 us/op
WorkloadPilot    2: 28320 op, 56801828.00 ns, 2.0057 us/op
WorkloadPilot    3: 49872 op, 95498426.00 ns, 1.9149 us/op
WorkloadPilot    4: 52224 op, 78506264.00 ns, 1.5033 us/op
WorkloadPilot    5: 66528 op, 23215316.00 ns, 348.9556 ns/op
WorkloadPilot    6: 286576 op, 85083287.00 ns, 296.8961 ns/op
WorkloadPilot    7: 336832 op, 100079641.00 ns, 297.1203 ns/op
WorkloadPilot    8: 336576 op, 99381709.00 ns, 295.2727 ns/op
WorkloadPilot    9: 338672 op, 98658671.00 ns, 291.3104 ns/op
WorkloadPilot   10: 343280 op, 101207916.00 ns, 294.8261 ns/op
WorkloadPilot   11: 339184 op, 99287992.00 ns, 292.7260 ns/op
WorkloadPilot   12: 341616 op, 101731238.00 ns, 297.7941 ns/op

OverheadWarmup   1: 341616 op, 951381.00 ns, 2.7849 ns/op
OverheadWarmup   2: 341616 op, 911766.00 ns, 2.6690 ns/op
OverheadWarmup   3: 341616 op, 930291.00 ns, 2.7232 ns/op
OverheadWarmup   4: 341616 op, 926464.00 ns, 2.7120 ns/op
OverheadWarmup   5: 341616 op, 925132.00 ns, 2.7081 ns/op
OverheadWarmup   6: 341616 op, 944689.00 ns, 2.7654 ns/op
OverheadWarmup   7: 341616 op, 884605.00 ns, 2.5895 ns/op

OverheadActual   1: 341616 op, 927085.00 ns, 2.7138 ns/op
OverheadActual   2: 341616 op, 953035.00 ns, 2.7898 ns/op
OverheadActual   3: 341616 op, 935291.00 ns, 2.7378 ns/op
OverheadActual   4: 341616 op, 916806.00 ns, 2.6837 ns/op
OverheadActual   5: 341616 op, 967232.00 ns, 2.8313 ns/op
OverheadActual   6: 341616 op, 933688.00 ns, 2.7332 ns/op
OverheadActual   7: 341616 op, 922156.00 ns, 2.6994 ns/op
OverheadActual   8: 341616 op, 933498.00 ns, 2.7326 ns/op
OverheadActual   9: 341616 op, 903901.00 ns, 2.6460 ns/op
OverheadActual  10: 341616 op, 940981.00 ns, 2.7545 ns/op
OverheadActual  11: 341616 op, 955099.00 ns, 2.7958 ns/op
OverheadActual  12: 341616 op, 967431.00 ns, 2.8319 ns/op
OverheadActual  13: 341616 op, 950300.00 ns, 2.7818 ns/op
OverheadActual  14: 341616 op, 940962.00 ns, 2.7544 ns/op
OverheadActual  15: 341616 op, 957042.00 ns, 2.8015 ns/op

WorkloadWarmup   1: 341616 op, 105618819.00 ns, 309.1741 ns/op
WorkloadWarmup   2: 341616 op, 103584106.00 ns, 303.2180 ns/op
WorkloadWarmup   3: 341616 op, 98529515.00 ns, 288.4218 ns/op
WorkloadWarmup   4: 341616 op, 100245063.00 ns, 293.4437 ns/op
WorkloadWarmup   5: 341616 op, 99109634.00 ns, 290.1200 ns/op
WorkloadWarmup   6: 341616 op, 100840711.00 ns, 295.1873 ns/op
WorkloadWarmup   7: 341616 op, 98885830.00 ns, 289.4649 ns/op

// BeforeActualRun
WorkloadActual   1: 341616 op, 103665370.00 ns, 303.4558 ns/op
WorkloadActual   2: 341616 op, 103399667.00 ns, 302.6781 ns/op
WorkloadActual   3: 341616 op, 103367125.00 ns, 302.5828 ns/op
WorkloadActual   4: 341616 op, 102106469.00 ns, 298.8925 ns/op
WorkloadActual   5: 341616 op, 101980550.00 ns, 298.5239 ns/op
WorkloadActual   6: 341616 op, 102840488.00 ns, 301.0412 ns/op
WorkloadActual   7: 341616 op, 123877940.00 ns, 362.6234 ns/op
WorkloadActual   8: 341616 op, 101531850.00 ns, 297.2105 ns/op
WorkloadActual   9: 341616 op, 101463791.00 ns, 297.0112 ns/op
WorkloadActual  10: 341616 op, 105876136.00 ns, 309.9273 ns/op
WorkloadActual  11: 341616 op, 100435544.00 ns, 294.0013 ns/op
WorkloadActual  12: 341616 op, 101901581.00 ns, 298.2928 ns/op
WorkloadActual  13: 341616 op, 101702554.00 ns, 297.7102 ns/op
WorkloadActual  14: 341616 op, 103054914.00 ns, 301.6689 ns/op
WorkloadActual  15: 341616 op, 101482817.00 ns, 297.0669 ns/op

// AfterActualRun
WorkloadResult   1: 341616 op, 102724408.00 ns, 300.7014 ns/op
WorkloadResult   2: 341616 op, 102458705.00 ns, 299.9236 ns/op
WorkloadResult   3: 341616 op, 102426163.00 ns, 299.8284 ns/op
WorkloadResult   4: 341616 op, 101165507.00 ns, 296.1381 ns/op
WorkloadResult   5: 341616 op, 101039588.00 ns, 295.7695 ns/op
WorkloadResult   6: 341616 op, 101899526.00 ns, 298.2867 ns/op
WorkloadResult   7: 341616 op, 100590888.00 ns, 294.4560 ns/op
WorkloadResult   8: 341616 op, 100522829.00 ns, 294.2568 ns/op
WorkloadResult   9: 341616 op, 104935174.00 ns, 307.1729 ns/op
WorkloadResult  10: 341616 op, 99494582.00 ns, 291.2468 ns/op
WorkloadResult  11: 341616 op, 100960619.00 ns, 295.5383 ns/op
WorkloadResult  12: 341616 op, 100761592.00 ns, 294.9557 ns/op
WorkloadResult  13: 341616 op, 102113952.00 ns, 298.9144 ns/op
WorkloadResult  14: 341616 op, 100541855.00 ns, 294.3125 ns/op
// GC:  43 0 0 360746496 341616
// Threading:  0 0 341616

// AfterAll
// Benchmark Process 13006 has exited with code 0.

Mean = 297.250 ns, StdErr = 1.051 ns (0.35%), N = 14, StdDev = 3.933 ns
Min = 291.247 ns, Q1 = 294.581 ns, Median = 295.954 ns, Q3 = 299.600 ns, Max = 307.173 ns
IQR = 5.019 ns, LowerFence = 287.053 ns, UpperFence = 307.128 ns
ConfidenceInterval = [292.814 ns; 301.687 ns] (CI 99.9%), Margin = 4.436 ns (1.49% of Mean)
Skewness = 0.88, Kurtosis = 3.43, MValue = 2

// ** Remained 59 (64.8%) benchmark(s) to run. Estimated finish 2026-03-01 10:01 (0h 5m from now) **
// **************************
// Benchmark: Scenario1.S1_CheckVoidErrorWithMessage_LightResults: .NET 10.0(Runtime=.NET 10.0, IterationTime=100ms) [Iterations=2]
// *** Execute ***
// Launch: 1 / 1
// Execute: dotnet "Enumerations.Options.Benchmarks-.NET 10.0-1.dll" --anonymousPipes 116 118 --benchmarkName "ReillyDigital.Enumerations.Options.Benchmarks.Scenarios.Scenario1.S1_CheckVoidErrorWithMessage_LightResults(Iterations: 2)" --job ".NET 10.0" --benchmarkId 32 in /media/andrew/Slowverflow/x/devs/reilly-digital/dotnet/enumerations.options/src/Enumerations.Options.Benchmarks/bin/Debug/net10.0/Enumerations.Options.Benchmarks-.NET 10.0-1/bin/Release/net10.0
// Failed to set up high priority (Permission denied). In order to run benchmarks with high priority, make sure you have the right permissions.
// BeforeAnythingElse

// Benchmark Process Environment Information:
// BenchmarkDotNet v0.15.8
// Runtime=.NET 10.0.3 (10.0.3, 10.0.326.7603), X64 RyuJIT x86-64-v3
// GC=Concurrent Workstation
// HardwareIntrinsics=AVX2+BMI1+BMI2+F16C+FMA+LZCNT+MOVBE,AVX,SSE3+SSSE3+SSE4.1+SSE4.2+POPCNT,X86Base+SSE+SSE2,AES+PCLMUL VectorSize=256
// Job: .NET 10.0(IterationTime=100ms)

OverheadJitting  1: 1 op, 154763.00 ns, 154.7630 us/op
WorkloadJitting  1: 1 op, 3634171.00 ns, 3.6342 ms/op

OverheadJitting  2: 16 op, 231989.00 ns, 14.4993 us/op
WorkloadJitting  2: 16 op, 229835.00 ns, 14.3647 us/op

WorkloadPilot    1: 16 op, 2755.00 ns, 172.1875 ns/op
WorkloadPilot    2: 580768 op, 59595839.00 ns, 102.6156 ns/op
WorkloadPilot    3: 974512 op, 93243999.00 ns, 95.6828 ns/op
WorkloadPilot    4: 1045120 op, 44061807.00 ns, 42.1596 ns/op
WorkloadPilot    5: 2371952 op, 52125915.00 ns, 21.9760 ns/op
WorkloadPilot    6: 4550432 op, 97706247.00 ns, 21.4719 ns/op
WorkloadPilot    7: 4657264 op, 100763716.00 ns, 21.6358 ns/op
WorkloadPilot    8: 4621968 op, 99070601.00 ns, 21.4347 ns/op
WorkloadPilot    9: 4665328 op, 101921979.00 ns, 21.8467 ns/op
WorkloadPilot   10: 4577360 op, 101694559.00 ns, 22.2169 ns/op

OverheadWarmup   1: 4577360 op, 13208649.00 ns, 2.8856 ns/op
OverheadWarmup   2: 4577360 op, 12478998.00 ns, 2.7262 ns/op
OverheadWarmup   3: 4577360 op, 12889765.00 ns, 2.8160 ns/op
OverheadWarmup   4: 4577360 op, 13153545.00 ns, 2.8736 ns/op
OverheadWarmup   5: 4577360 op, 12615987.00 ns, 2.7562 ns/op
OverheadWarmup   6: 4577360 op, 12568337.00 ns, 2.7458 ns/op
OverheadWarmup   7: 4577360 op, 12492002.00 ns, 2.7291 ns/op
OverheadWarmup   8: 4577360 op, 12474609.00 ns, 2.7253 ns/op
OverheadWarmup   9: 4577360 op, 12429975.00 ns, 2.7155 ns/op
OverheadWarmup  10: 4577360 op, 12429414.00 ns, 2.7154 ns/op

OverheadActual   1: 4577360 op, 12412852.00 ns, 2.7118 ns/op
OverheadActual   2: 4577360 op, 12433282.00 ns, 2.7163 ns/op
OverheadActual   3: 4577360 op, 12433712.00 ns, 2.7164 ns/op
OverheadActual   4: 4577360 op, 12448690.00 ns, 2.7196 ns/op
OverheadActual   5: 4577360 op, 12467846.00 ns, 2.7238 ns/op
OverheadActual   6: 4577360 op, 12528231.00 ns, 2.7370 ns/op
OverheadActual   7: 4577360 op, 12514856.00 ns, 2.7341 ns/op
OverheadActual   8: 4577360 op, 12564099.00 ns, 2.7448 ns/op
OverheadActual   9: 4577360 op, 12585680.00 ns, 2.7495 ns/op
OverheadActual  10: 4577360 op, 12549921.00 ns, 2.7417 ns/op
OverheadActual  11: 4577360 op, 12496300.00 ns, 2.7300 ns/op
OverheadActual  12: 4577360 op, 12532889.00 ns, 2.7380 ns/op
OverheadActual  13: 4577360 op, 12549071.00 ns, 2.7416 ns/op
OverheadActual  14: 4577360 op, 12552236.00 ns, 2.7422 ns/op
OverheadActual  15: 4577360 op, 12544622.00 ns, 2.7406 ns/op

WorkloadWarmup   1: 4577360 op, 104577136.00 ns, 22.8466 ns/op
WorkloadWarmup   2: 4577360 op, 109613482.00 ns, 23.9469 ns/op
WorkloadWarmup   3: 4577360 op, 99798809.00 ns, 21.8027 ns/op
WorkloadWarmup   4: 4577360 op, 104626950.00 ns, 22.8575 ns/op
WorkloadWarmup   5: 4577360 op, 103863565.00 ns, 22.6907 ns/op
WorkloadWarmup   6: 4577360 op, 107762437.00 ns, 23.5425 ns/op

// BeforeActualRun
WorkloadActual   1: 4577360 op, 102826522.00 ns, 22.4642 ns/op
WorkloadActual   2: 4577360 op, 113748441.00 ns, 24.8502 ns/op
WorkloadActual   3: 4577360 op, 105653334.00 ns, 23.0817 ns/op
WorkloadActual   4: 4577360 op, 103786589.00 ns, 22.6739 ns/op
WorkloadActual   5: 4577360 op, 105899480.00 ns, 23.1355 ns/op
WorkloadActual   6: 4577360 op, 104293339.00 ns, 22.7846 ns/op
WorkloadActual   7: 4577360 op, 105999730.00 ns, 23.1574 ns/op
WorkloadActual   8: 4577360 op, 103712369.00 ns, 22.6577 ns/op
WorkloadActual   9: 4577360 op, 101354084.00 ns, 22.1425 ns/op
WorkloadActual  10: 4577360 op, 102915030.00 ns, 22.4835 ns/op
WorkloadActual  11: 4577360 op, 102795032.00 ns, 22.4573 ns/op
WorkloadActual  12: 4577360 op, 105193403.00 ns, 22.9812 ns/op
WorkloadActual  13: 4577360 op, 102230423.00 ns, 22.3339 ns/op
WorkloadActual  14: 4577360 op, 104759121.00 ns, 22.8864 ns/op
WorkloadActual  15: 4577360 op, 102623587.00 ns, 22.4198 ns/op

// AfterActualRun
WorkloadResult   1: 4577360 op, 90298291.00 ns, 19.7272 ns/op
WorkloadResult   2: 4577360 op, 93125103.00 ns, 20.3447 ns/op
WorkloadResult   3: 4577360 op, 91258358.00 ns, 19.9369 ns/op
WorkloadResult   4: 4577360 op, 93371249.00 ns, 20.3985 ns/op
WorkloadResult   5: 4577360 op, 91765108.00 ns, 20.0476 ns/op
WorkloadResult   6: 4577360 op, 93471499.00 ns, 20.4204 ns/op
WorkloadResult   7: 4577360 op, 91184138.00 ns, 19.9207 ns/op
WorkloadResult   8: 4577360 op, 88825853.00 ns, 19.4055 ns/op
WorkloadResult   9: 4577360 op, 90386799.00 ns, 19.7465 ns/op
WorkloadResult  10: 4577360 op, 90266801.00 ns, 19.7203 ns/op
WorkloadResult  11: 4577360 op, 92665172.00 ns, 20.2442 ns/op
WorkloadResult  12: 4577360 op, 89702192.00 ns, 19.5969 ns/op
WorkloadResult  13: 4577360 op, 92230890.00 ns, 20.1494 ns/op
WorkloadResult  14: 4577360 op, 90095356.00 ns, 19.6828 ns/op
// GC:  61 0 0 512664320 4577360
// Threading:  0 0 4577360

// AfterAll
// Benchmark Process 13038 has exited with code 0.

Mean = 19.953 ns, StdErr = 0.086 ns (0.43%), N = 14, StdDev = 0.322 ns
Min = 19.405 ns, Q1 = 19.722 ns, Median = 19.929 ns, Q3 = 20.221 ns, Max = 20.420 ns
IQR = 0.499 ns, LowerFence = 18.974 ns, UpperFence = 20.968 ns
ConfidenceInterval = [19.589 ns; 20.317 ns] (CI 99.9%), Margin = 0.364 ns (1.82% of Mean)
Skewness = 0.05, Kurtosis = 1.57, MValue = 2

// ** Remained 58 (63.7%) benchmark(s) to run. Estimated finish 2026-03-01 10:01 (0h 5m from now) **
// **************************
// Benchmark: Scenario1.S1_CheckVoidErrorWithMessage_Rascal: .NET 10.0(Runtime=.NET 10.0, IterationTime=100ms) [Iterations=2]
// *** Execute ***
// Launch: 1 / 1
// Execute: dotnet "Enumerations.Options.Benchmarks-.NET 10.0-1.dll" --anonymousPipes 116 118 --benchmarkName "ReillyDigital.Enumerations.Options.Benchmarks.Scenarios.Scenario1.S1_CheckVoidErrorWithMessage_Rascal(Iterations: 2)" --job ".NET 10.0" --benchmarkId 33 in /media/andrew/Slowverflow/x/devs/reilly-digital/dotnet/enumerations.options/src/Enumerations.Options.Benchmarks/bin/Debug/net10.0/Enumerations.Options.Benchmarks-.NET 10.0-1/bin/Release/net10.0
// Failed to set up high priority (Permission denied). In order to run benchmarks with high priority, make sure you have the right permissions.
// BeforeAnythingElse

// Benchmark Process Environment Information:
// BenchmarkDotNet v0.15.8
// Runtime=.NET 10.0.3 (10.0.3, 10.0.326.7603), X64 RyuJIT x86-64-v3
// GC=Concurrent Workstation
// HardwareIntrinsics=AVX2+BMI1+BMI2+F16C+FMA+LZCNT+MOVBE,AVX,SSE3+SSSE3+SSE4.1+SSE4.2+POPCNT,X86Base+SSE+SSE2,AES+PCLMUL VectorSize=256
// Job: .NET 10.0(IterationTime=100ms)

OverheadJitting  1: 1 op, 159021.00 ns, 159.0210 us/op
WorkloadJitting  1: 1 op, 2617065.00 ns, 2.6171 ms/op

OverheadJitting  2: 16 op, 243852.00 ns, 15.2408 us/op
WorkloadJitting  2: 16 op, 219937.00 ns, 13.7461 us/op

WorkloadPilot    1: 16 op, 2926.00 ns, 182.8750 ns/op
WorkloadPilot    2: 546832 op, 44409645.00 ns, 81.2126 ns/op
WorkloadPilot    3: 1231344 op, 88013695.00 ns, 71.4777 ns/op
WorkloadPilot    4: 1399040 op, 62411219.00 ns, 44.6100 ns/op
WorkloadPilot    5: 2241648 op, 27830955.00 ns, 12.4154 ns/op
WorkloadPilot    6: 8054528 op, 97182616.00 ns, 12.0656 ns/op
WorkloadPilot    7: 8288048 op, 106577474.00 ns, 12.8592 ns/op
WorkloadPilot    8: 7776560 op, 93786696.00 ns, 12.0602 ns/op
WorkloadPilot    9: 8291760 op, 108249700.00 ns, 13.0551 ns/op
WorkloadPilot   10: 7659856 op, 97599876.00 ns, 12.7417 ns/op
WorkloadPilot   11: 7848224 op, 100589215.00 ns, 12.8168 ns/op

OverheadWarmup   1: 7848224 op, 19466387.00 ns, 2.4804 ns/op
OverheadWarmup   2: 7848224 op, 19453273.00 ns, 2.4787 ns/op
OverheadWarmup   3: 7848224 op, 19474412.00 ns, 2.4814 ns/op
OverheadWarmup   4: 7848224 op, 19692276.00 ns, 2.5091 ns/op
OverheadWarmup   5: 7848224 op, 19850585.00 ns, 2.5293 ns/op
OverheadWarmup   6: 7848224 op, 19689660.00 ns, 2.5088 ns/op
OverheadWarmup   7: 7848224 op, 19725328.00 ns, 2.5133 ns/op
OverheadWarmup   8: 7848224 op, 19886613.00 ns, 2.5339 ns/op
OverheadWarmup   9: 7848224 op, 19616552.00 ns, 2.4995 ns/op

OverheadActual   1: 7848224 op, 19702415.00 ns, 2.5104 ns/op
OverheadActual   2: 7848224 op, 19547101.00 ns, 2.4906 ns/op
OverheadActual   3: 7848224 op, 19667268.00 ns, 2.5060 ns/op
OverheadActual   4: 7848224 op, 19565235.00 ns, 2.4930 ns/op
OverheadActual   5: 7848224 op, 19666937.00 ns, 2.5059 ns/op
OverheadActual   6: 7848224 op, 19631240.00 ns, 2.5014 ns/op
OverheadActual   7: 7848224 op, 19465436.00 ns, 2.4802 ns/op
OverheadActual   8: 7848224 op, 19731529.00 ns, 2.5141 ns/op
OverheadActual   9: 7848224 op, 19534296.00 ns, 2.4890 ns/op
OverheadActual  10: 7848224 op, 19688549.00 ns, 2.5087 ns/op
OverheadActual  11: 7848224 op, 16412596.00 ns, 2.0912 ns/op
OverheadActual  12: 7848224 op, 14000618.00 ns, 1.7839 ns/op
OverheadActual  13: 7848224 op, 13964891.00 ns, 1.7794 ns/op
OverheadActual  14: 7848224 op, 13983336.00 ns, 1.7817 ns/op
OverheadActual  15: 7848224 op, 13938401.00 ns, 1.7760 ns/op
OverheadActual  16: 7848224 op, 13834033.00 ns, 1.7627 ns/op
OverheadActual  17: 7848224 op, 13876705.00 ns, 1.7681 ns/op
OverheadActual  18: 7848224 op, 13867537.00 ns, 1.7670 ns/op
OverheadActual  19: 7848224 op, 13870232.00 ns, 1.7673 ns/op
OverheadActual  20: 7848224 op, 13897723.00 ns, 1.7708 ns/op

WorkloadWarmup   1: 7848224 op, 98859150.00 ns, 12.5964 ns/op
WorkloadWarmup   2: 7848224 op, 98121483.00 ns, 12.5024 ns/op
WorkloadWarmup   3: 7848224 op, 96819598.00 ns, 12.3365 ns/op
WorkloadWarmup   4: 7848224 op, 94537938.00 ns, 12.0458 ns/op
WorkloadWarmup   5: 7848224 op, 105821633.00 ns, 13.4835 ns/op
WorkloadWarmup   6: 7848224 op, 98671124.00 ns, 12.5724 ns/op
WorkloadWarmup   7: 7848224 op, 95089692.00 ns, 12.1161 ns/op
WorkloadWarmup   8: 7848224 op, 94319875.00 ns, 12.0180 ns/op
WorkloadWarmup   9: 7848224 op, 94979604.00 ns, 12.1021 ns/op
WorkloadWarmup  10: 7848224 op, 94602019.00 ns, 12.0539 ns/op

// BeforeActualRun
WorkloadActual   1: 7848224 op, 97077136.00 ns, 12.3693 ns/op
WorkloadActual   2: 7848224 op, 97751012.00 ns, 12.4552 ns/op
WorkloadActual   3: 7848224 op, 101411572.00 ns, 12.9216 ns/op
WorkloadActual   4: 7848224 op, 98361458.00 ns, 12.5330 ns/op
WorkloadActual   5: 7848224 op, 100402803.00 ns, 12.7931 ns/op
WorkloadActual   6: 7848224 op, 99667851.00 ns, 12.6994 ns/op
WorkloadActual   7: 7848224 op, 98863468.00 ns, 12.5969 ns/op
WorkloadActual   8: 7848224 op, 98012266.00 ns, 12.4885 ns/op
WorkloadActual   9: 7848224 op, 101732911.00 ns, 12.9625 ns/op
WorkloadActual  10: 7848224 op, 105106880.00 ns, 13.3924 ns/op
WorkloadActual  11: 7848224 op, 100161687.00 ns, 12.7623 ns/op
WorkloadActual  12: 7848224 op, 98890339.00 ns, 12.6003 ns/op
WorkloadActual  13: 7848224 op, 99759755.00 ns, 12.7111 ns/op
WorkloadActual  14: 7848224 op, 98261408.00 ns, 12.5202 ns/op
WorkloadActual  15: 7848224 op, 98051040.00 ns, 12.4934 ns/op

// AfterActualRun
WorkloadResult   1: 7848224 op, 79138120.00 ns, 10.0836 ns/op
WorkloadResult   2: 7848224 op, 79811996.00 ns, 10.1694 ns/op
WorkloadResult   3: 7848224 op, 83472556.00 ns, 10.6359 ns/op
WorkloadResult   4: 7848224 op, 80422442.00 ns, 10.2472 ns/op
WorkloadResult   5: 7848224 op, 82463787.00 ns, 10.5073 ns/op
WorkloadResult   6: 7848224 op, 81728835.00 ns, 10.4137 ns/op
WorkloadResult   7: 7848224 op, 80924452.00 ns, 10.3112 ns/op
WorkloadResult   8: 7848224 op, 80073250.00 ns, 10.2027 ns/op
WorkloadResult   9: 7848224 op, 83793895.00 ns, 10.6768 ns/op
WorkloadResult  10: 7848224 op, 82222671.00 ns, 10.4766 ns/op
WorkloadResult  11: 7848224 op, 80951323.00 ns, 10.3146 ns/op
WorkloadResult  12: 7848224 op, 81820739.00 ns, 10.4254 ns/op
WorkloadResult  13: 7848224 op, 80322392.00 ns, 10.2345 ns/op
WorkloadResult  14: 7848224 op, 80112024.00 ns, 10.2077 ns/op
// GC:  45 0 0 376714752 7848224
// Threading:  0 0 7848224

// AfterAll
// Benchmark Process 13062 has exited with code 0.

Mean = 10.350 ns, StdErr = 0.048 ns (0.46%), N = 14, StdDev = 0.178 ns
Min = 10.084 ns, Q1 = 10.214 ns, Median = 10.313 ns, Q3 = 10.464 ns, Max = 10.677 ns
IQR = 0.249 ns, LowerFence = 9.840 ns, UpperFence = 10.838 ns
ConfidenceInterval = [10.150 ns; 10.551 ns] (CI 99.9%), Margin = 0.201 ns (1.94% of Mean)
Skewness = 0.39, Kurtosis = 1.87, MValue = 2

// ** Remained 57 (62.6%) benchmark(s) to run. Estimated finish 2026-03-01 10:01 (0h 5m from now) **
// **************************
// Benchmark: Scenario1.S1_CheckVoidErrorWithMessage_SimpleResults: .NET 10.0(Runtime=.NET 10.0, IterationTime=100ms) [Iterations=2]
// *** Execute ***
// Launch: 1 / 1
// Execute: dotnet "Enumerations.Options.Benchmarks-.NET 10.0-1.dll" --anonymousPipes 116 118 --benchmarkName "ReillyDigital.Enumerations.Options.Benchmarks.Scenarios.Scenario1.S1_CheckVoidErrorWithMessage_SimpleResults(Iterations: 2)" --job ".NET 10.0" --benchmarkId 34 in /media/andrew/Slowverflow/x/devs/reilly-digital/dotnet/enumerations.options/src/Enumerations.Options.Benchmarks/bin/Debug/net10.0/Enumerations.Options.Benchmarks-.NET 10.0-1/bin/Release/net10.0
// Failed to set up high priority (Permission denied). In order to run benchmarks with high priority, make sure you have the right permissions.
// BeforeAnythingElse

// Benchmark Process Environment Information:
// BenchmarkDotNet v0.15.8
// Runtime=.NET 10.0.3 (10.0.3, 10.0.326.7603), X64 RyuJIT x86-64-v3
// GC=Concurrent Workstation
// HardwareIntrinsics=AVX2+BMI1+BMI2+F16C+FMA+LZCNT+MOVBE,AVX,SSE3+SSSE3+SSE4.1+SSE4.2+POPCNT,X86Base+SSE+SSE2,AES+PCLMUL VectorSize=256
// Job: .NET 10.0(IterationTime=100ms)

OverheadJitting  1: 1 op, 152499.00 ns, 152.4990 us/op
WorkloadJitting  1: 1 op, 9501871.00 ns, 9.5019 ms/op

WorkloadPilot    1: 4 op, 10029.00 ns, 2.5073 us/op
WorkloadPilot    2: 39884 op, 21298616.00 ns, 534.0140 ns/op
WorkloadPilot    3: 187261 op, 95145087.00 ns, 508.0881 ns/op
WorkloadPilot    4: 196816 op, 97621917.00 ns, 496.0060 ns/op
WorkloadPilot    5: 201610 op, 29351404.00 ns, 145.5851 ns/op
WorkloadPilot    6: 686884 op, 65662956.00 ns, 95.5954 ns/op
WorkloadPilot    7: 1046075 op, 100386893.00 ns, 95.9653 ns/op
WorkloadPilot    8: 1042043 op, 101019330.00 ns, 96.9435 ns/op
WorkloadPilot    9: 1031528 op, 96912644.00 ns, 93.9506 ns/op
WorkloadPilot   10: 1064389 op, 96619309.00 ns, 90.7744 ns/op
WorkloadPilot   11: 1101632 op, 99617866.00 ns, 90.4275 ns/op
WorkloadPilot   12: 1105858 op, 100629993.00 ns, 90.9972 ns/op

WorkloadWarmup   1: 1105858 op, 103317872.00 ns, 93.4278 ns/op
WorkloadWarmup   2: 1105858 op, 103834229.00 ns, 93.8947 ns/op
WorkloadWarmup   3: 1105858 op, 104822621.00 ns, 94.7885 ns/op
WorkloadWarmup   4: 1105858 op, 105585886.00 ns, 95.4787 ns/op
WorkloadWarmup   5: 1105858 op, 103706948.00 ns, 93.7796 ns/op
WorkloadWarmup   6: 1105858 op, 105901935.00 ns, 95.7645 ns/op
WorkloadWarmup   7: 1105858 op, 102443957.00 ns, 92.6375 ns/op

// BeforeActualRun
WorkloadActual   1: 1105858 op, 103290120.00 ns, 93.4027 ns/op
WorkloadActual   2: 1105858 op, 104144868.00 ns, 94.1756 ns/op
WorkloadActual   3: 1105858 op, 103088298.00 ns, 93.2202 ns/op
WorkloadActual   4: 1105858 op, 103673816.00 ns, 93.7497 ns/op
WorkloadActual   5: 1105858 op, 104044267.00 ns, 94.0847 ns/op
WorkloadActual   6: 1105858 op, 106625154.00 ns, 96.4185 ns/op
WorkloadActual   7: 1105858 op, 108830019.00 ns, 98.4123 ns/op
WorkloadActual   8: 1105858 op, 108079417.00 ns, 97.7335 ns/op
WorkloadActual   9: 1105858 op, 108692188.00 ns, 98.2877 ns/op
WorkloadActual  10: 1105858 op, 105266832.00 ns, 95.1902 ns/op
WorkloadActual  11: 1105858 op, 105293974.00 ns, 95.2147 ns/op
WorkloadActual  12: 1105858 op, 104487987.00 ns, 94.4859 ns/op
WorkloadActual  13: 1105858 op, 104582136.00 ns, 94.5710 ns/op
WorkloadActual  14: 1105858 op, 102294264.00 ns, 92.5022 ns/op
WorkloadActual  15: 1105858 op, 102077584.00 ns, 92.3062 ns/op
WorkloadActual  16: 1105858 op, 100655451.00 ns, 91.0202 ns/op
WorkloadActual  17: 1105858 op, 101205282.00 ns, 91.5174 ns/op
WorkloadActual  18: 1105858 op, 102943944.00 ns, 93.0897 ns/op
WorkloadActual  19: 1105858 op, 102375418.00 ns, 92.5756 ns/op
WorkloadActual  20: 1105858 op, 103280661.00 ns, 93.3941 ns/op

// AfterActualRun
WorkloadResult   1: 1105858 op, 103290120.00 ns, 93.4027 ns/op
WorkloadResult   2: 1105858 op, 104144868.00 ns, 94.1756 ns/op
WorkloadResult   3: 1105858 op, 103088298.00 ns, 93.2202 ns/op
WorkloadResult   4: 1105858 op, 103673816.00 ns, 93.7497 ns/op
WorkloadResult   5: 1105858 op, 104044267.00 ns, 94.0847 ns/op
WorkloadResult   6: 1105858 op, 106625154.00 ns, 96.4185 ns/op
WorkloadResult   7: 1105858 op, 108830019.00 ns, 98.4123 ns/op
WorkloadResult   8: 1105858 op, 108079417.00 ns, 97.7335 ns/op
WorkloadResult   9: 1105858 op, 108692188.00 ns, 98.2877 ns/op
WorkloadResult  10: 1105858 op, 105266832.00 ns, 95.1902 ns/op
WorkloadResult  11: 1105858 op, 105293974.00 ns, 95.2147 ns/op
WorkloadResult  12: 1105858 op, 104487987.00 ns, 94.4859 ns/op
WorkloadResult  13: 1105858 op, 104582136.00 ns, 94.5710 ns/op
WorkloadResult  14: 1105858 op, 102294264.00 ns, 92.5022 ns/op
WorkloadResult  15: 1105858 op, 102077584.00 ns, 92.3062 ns/op
WorkloadResult  16: 1105858 op, 100655451.00 ns, 91.0202 ns/op
WorkloadResult  17: 1105858 op, 101205282.00 ns, 91.5174 ns/op
WorkloadResult  18: 1105858 op, 102943944.00 ns, 93.0897 ns/op
WorkloadResult  19: 1105858 op, 102375418.00 ns, 92.5756 ns/op
WorkloadResult  20: 1105858 op, 103280661.00 ns, 93.3941 ns/op
// GC:  10 0 0 88468640 1105858
// Threading:  0 0 1105858

// AfterAll
// Benchmark Process 13083 has exited with code 0.

Mean = 94.268 ns, StdErr = 0.470 ns (0.50%), N = 20, StdDev = 2.104 ns
Min = 91.020 ns, Q1 = 92.961 ns, Median = 93.917 ns, Q3 = 95.196 ns, Max = 98.412 ns
IQR = 2.235 ns, LowerFence = 89.608 ns, UpperFence = 98.549 ns
ConfidenceInterval = [92.441 ns; 96.095 ns] (CI 99.9%), Margin = 1.827 ns (1.94% of Mean)
Skewness = 0.6, Kurtosis = 2.37, MValue = 2

// ** Remained 56 (61.5%) benchmark(s) to run. Estimated finish 2026-03-01 10:01 (0h 4m from now) **
// **************************
// Benchmark: Scenario1.S1_CheckVoidSuccess_ArdalisResult: .NET 10.0(Runtime=.NET 10.0, IterationTime=100ms) [Iterations=2]
// *** Execute ***
// Launch: 1 / 1
// Execute: dotnet "Enumerations.Options.Benchmarks-.NET 10.0-1.dll" --anonymousPipes 116 118 --benchmarkName "ReillyDigital.Enumerations.Options.Benchmarks.Scenarios.Scenario1.S1_CheckVoidSuccess_ArdalisResult(Iterations: 2)" --job ".NET 10.0" --benchmarkId 35 in /media/andrew/Slowverflow/x/devs/reilly-digital/dotnet/enumerations.options/src/Enumerations.Options.Benchmarks/bin/Debug/net10.0/Enumerations.Options.Benchmarks-.NET 10.0-1/bin/Release/net10.0
// Failed to set up high priority (Permission denied). In order to run benchmarks with high priority, make sure you have the right permissions.
// BeforeAnythingElse

// Benchmark Process Environment Information:
// BenchmarkDotNet v0.15.8
// Runtime=.NET 10.0.3 (10.0.3, 10.0.326.7603), X64 RyuJIT x86-64-v3
// GC=Concurrent Workstation
// HardwareIntrinsics=AVX2+BMI1+BMI2+F16C+FMA+LZCNT+MOVBE,AVX,SSE3+SSSE3+SSE4.1+SSE4.2+POPCNT,X86Base+SSE+SSE2,AES+PCLMUL VectorSize=256
// Job: .NET 10.0(IterationTime=100ms)

OverheadJitting  1: 1 op, 173598.00 ns, 173.5980 us/op
WorkloadJitting  1: 1 op, 2517637.00 ns, 2.5176 ms/op

OverheadJitting  2: 16 op, 197704.00 ns, 12.3565 us/op
WorkloadJitting  2: 16 op, 219466.00 ns, 13.7166 us/op

WorkloadPilot    1: 16 op, 3126.00 ns, 195.3750 ns/op
WorkloadPilot    2: 511840 op, 45234958.00 ns, 88.3771 ns/op
WorkloadPilot    3: 1131520 op, 90214232.00 ns, 79.7284 ns/op
WorkloadPilot    4: 1254272 op, 65402022.00 ns, 52.1434 ns/op
WorkloadPilot    5: 1917792 op, 49421044.00 ns, 25.7698 ns/op
WorkloadPilot    6: 3880528 op, 96733626.00 ns, 24.9280 ns/op
WorkloadPilot    7: 4011568 op, 77193038.00 ns, 19.2426 ns/op
WorkloadPilot    8: 5196800 op, 93890231.00 ns, 18.0669 ns/op
WorkloadPilot    9: 5534976 op, 102072494.00 ns, 18.4414 ns/op
WorkloadPilot   10: 5422608 op, 100304647.00 ns, 18.4975 ns/op
WorkloadPilot   11: 5406144 op, 97819481.00 ns, 18.0941 ns/op
WorkloadPilot   12: 5526656 op, 99566359.00 ns, 18.0157 ns/op
WorkloadPilot   13: 5550736 op, 99392209.00 ns, 17.9061 ns/op
WorkloadPilot   14: 5584688 op, 101278811.00 ns, 18.1351 ns/op

OverheadWarmup   1: 5584688 op, 13846227.00 ns, 2.4793 ns/op
OverheadWarmup   2: 5584688 op, 13857418.00 ns, 2.4813 ns/op
OverheadWarmup   3: 5584688 op, 13880341.00 ns, 2.4854 ns/op
OverheadWarmup   4: 5584688 op, 14243007.00 ns, 2.5504 ns/op
OverheadWarmup   5: 5584688 op, 14174498.00 ns, 2.5381 ns/op
OverheadWarmup   6: 5584688 op, 14089697.00 ns, 2.5229 ns/op
OverheadWarmup   7: 5584688 op, 14174368.00 ns, 2.5381 ns/op
OverheadWarmup   8: 5584688 op, 14107111.00 ns, 2.5260 ns/op

OverheadActual   1: 5584688 op, 14038350.00 ns, 2.5137 ns/op
OverheadActual   2: 5584688 op, 13965933.00 ns, 2.5008 ns/op
OverheadActual   3: 5584688 op, 14031116.00 ns, 2.5124 ns/op
OverheadActual   4: 5584688 op, 14020457.00 ns, 2.5105 ns/op
OverheadActual   5: 5584688 op, 14104576.00 ns, 2.5256 ns/op
OverheadActual   6: 5584688 op, 13914376.00 ns, 2.4915 ns/op
OverheadActual   7: 5584688 op, 14020026.00 ns, 2.5104 ns/op
OverheadActual   8: 5584688 op, 14066193.00 ns, 2.5187 ns/op
OverheadActual   9: 5584688 op, 14008613.00 ns, 2.5084 ns/op
OverheadActual  10: 5584688 op, 13931328.00 ns, 2.4946 ns/op
OverheadActual  11: 5584688 op, 13938891.00 ns, 2.4959 ns/op
OverheadActual  12: 5584688 op, 13944873.00 ns, 2.4970 ns/op
OverheadActual  13: 5584688 op, 12124697.00 ns, 2.1711 ns/op
OverheadActual  14: 5584688 op, 9881570.00 ns, 1.7694 ns/op
OverheadActual  15: 5584688 op, 9864347.00 ns, 1.7663 ns/op
OverheadActual  16: 5584688 op, 9838748.00 ns, 1.7617 ns/op
OverheadActual  17: 5584688 op, 9883694.00 ns, 1.7698 ns/op
OverheadActual  18: 5584688 op, 9899554.00 ns, 1.7726 ns/op
OverheadActual  19: 5584688 op, 9988452.00 ns, 1.7885 ns/op
OverheadActual  20: 5584688 op, 9851663.00 ns, 1.7640 ns/op

WorkloadWarmup   1: 5584688 op, 103935091.00 ns, 18.6107 ns/op
WorkloadWarmup   2: 5584688 op, 103064512.00 ns, 18.4548 ns/op
WorkloadWarmup   3: 5584688 op, 100078087.00 ns, 17.9201 ns/op
WorkloadWarmup   4: 5584688 op, 100380781.00 ns, 17.9743 ns/op
WorkloadWarmup   5: 5584688 op, 100213654.00 ns, 17.9444 ns/op
WorkloadWarmup   6: 5584688 op, 99547042.00 ns, 17.8250 ns/op
WorkloadWarmup   7: 5584688 op, 99110236.00 ns, 17.7468 ns/op
WorkloadWarmup   8: 5584688 op, 101674700.00 ns, 18.2060 ns/op
WorkloadWarmup   9: 5584688 op, 99529188.00 ns, 17.8218 ns/op

// BeforeActualRun
WorkloadActual   1: 5584688 op, 104812302.00 ns, 18.7678 ns/op
WorkloadActual   2: 5584688 op, 100212372.00 ns, 17.9441 ns/op
WorkloadActual   3: 5584688 op, 99346813.00 ns, 17.7891 ns/op
WorkloadActual   4: 5584688 op, 98869700.00 ns, 17.7037 ns/op
WorkloadActual   5: 5584688 op, 100482424.00 ns, 17.9925 ns/op
WorkloadActual   6: 5584688 op, 100314195.00 ns, 17.9624 ns/op
WorkloadActual   7: 5584688 op, 101220231.00 ns, 18.1246 ns/op
WorkloadActual   8: 5584688 op, 100770108.00 ns, 18.0440 ns/op
WorkloadActual   9: 5584688 op, 99982547.00 ns, 17.9030 ns/op
WorkloadActual  10: 5584688 op, 100089619.00 ns, 17.9222 ns/op
WorkloadActual  11: 5584688 op, 99794741.00 ns, 17.8693 ns/op
WorkloadActual  12: 5584688 op, 102181461.00 ns, 18.2967 ns/op
WorkloadActual  13: 5584688 op, 101935094.00 ns, 18.2526 ns/op
WorkloadActual  14: 5584688 op, 100735933.00 ns, 18.0379 ns/op
WorkloadActual  15: 5584688 op, 99360879.00 ns, 17.7917 ns/op

// AfterActualRun
WorkloadResult   1: 5584688 op, 86277262.50 ns, 15.4489 ns/op
WorkloadResult   2: 5584688 op, 85411703.50 ns, 15.2939 ns/op
WorkloadResult   3: 5584688 op, 84934590.50 ns, 15.2085 ns/op
WorkloadResult   4: 5584688 op, 86547314.50 ns, 15.4973 ns/op
WorkloadResult   5: 5584688 op, 86379085.50 ns, 15.4671 ns/op
WorkloadResult   6: 5584688 op, 87285121.50 ns, 15.6294 ns/op
WorkloadResult   7: 5584688 op, 86834998.50 ns, 15.5488 ns/op
WorkloadResult   8: 5584688 op, 86047437.50 ns, 15.4077 ns/op
WorkloadResult   9: 5584688 op, 86154509.50 ns, 15.4269 ns/op
WorkloadResult  10: 5584688 op, 85859631.50 ns, 15.3741 ns/op
WorkloadResult  11: 5584688 op, 88246351.50 ns, 15.8015 ns/op
WorkloadResult  12: 5584688 op, 87999984.50 ns, 15.7574 ns/op
WorkloadResult  13: 5584688 op, 86800823.50 ns, 15.5426 ns/op
WorkloadResult  14: 5584688 op, 85425769.50 ns, 15.2964 ns/op
// GC:  96 0 0 804195072 5584688
// Threading:  0 0 5584688

// AfterAll
// Benchmark Process 13121 has exited with code 0.

Mean = 15.479 ns, StdErr = 0.045 ns (0.29%), N = 14, StdDev = 0.170 ns
Min = 15.208 ns, Q1 = 15.383 ns, Median = 15.458 ns, Q3 = 15.547 ns, Max = 15.801 ns
IQR = 0.165 ns, LowerFence = 15.135 ns, UpperFence = 15.794 ns
ConfidenceInterval = [15.287 ns; 15.670 ns] (CI 99.9%), Margin = 0.191 ns (1.24% of Mean)
Skewness = 0.38, Kurtosis = 2.18, MValue = 2

// ** Remained 55 (60.4%) benchmark(s) to run. Estimated finish 2026-03-01 10:01 (0h 4m from now) **
// **************************
// Benchmark: Scenario1.S1_CheckVoidSuccess_EnumerationsOptionsBoxed: .NET 10.0(Runtime=.NET 10.0, IterationTime=100ms) [Iterations=2]
// *** Execute ***
// Launch: 1 / 1
// Execute: dotnet "Enumerations.Options.Benchmarks-.NET 10.0-1.dll" --anonymousPipes 116 118 --benchmarkName "ReillyDigital.Enumerations.Options.Benchmarks.Scenarios.Scenario1.S1_CheckVoidSuccess_EnumerationsOptionsBoxed(Iterations: 2)" --job ".NET 10.0" --benchmarkId 36 in /media/andrew/Slowverflow/x/devs/reilly-digital/dotnet/enumerations.options/src/Enumerations.Options.Benchmarks/bin/Debug/net10.0/Enumerations.Options.Benchmarks-.NET 10.0-1/bin/Release/net10.0
// Failed to set up high priority (Permission denied). In order to run benchmarks with high priority, make sure you have the right permissions.
// BeforeAnythingElse

// Benchmark Process Environment Information:
// BenchmarkDotNet v0.15.8
// Runtime=.NET 10.0.3 (10.0.3, 10.0.326.7603), X64 RyuJIT x86-64-v3
// GC=Concurrent Workstation
// HardwareIntrinsics=AVX2+BMI1+BMI2+F16C+FMA+LZCNT+MOVBE,AVX,SSE3+SSSE3+SSE4.1+SSE4.2+POPCNT,X86Base+SSE+SSE2,AES+PCLMUL VectorSize=256
// Job: .NET 10.0(IterationTime=100ms)

OverheadJitting  1: 1 op, 184800.00 ns, 184.8000 us/op
WorkloadJitting  1: 1 op, 2844596.00 ns, 2.8446 ms/op

OverheadJitting  2: 16 op, 197675.00 ns, 12.3547 us/op
WorkloadJitting  2: 16 op, 195530.00 ns, 12.2206 us/op

WorkloadPilot    1: 16 op, 912.00 ns, 57.0000 ns/op
WorkloadPilot    2: 1754400 op, 54255377.00 ns, 30.9253 ns/op
WorkloadPilot    3: 3233600 op, 98792864.00 ns, 30.5520 ns/op
WorkloadPilot    4: 3273120 op, 30985809.00 ns, 9.4668 ns/op
WorkloadPilot    5: 10563296 op, 18968595.00 ns, 1.7957 ns/op
WorkloadPilot    6: 55688352 op, 98572037.00 ns, 1.7701 ns/op
WorkloadPilot    7: 56495088 op, 99262323.00 ns, 1.7570 ns/op
WorkloadPilot    8: 56914944 op, 99985051.00 ns, 1.7567 ns/op
WorkloadPilot    9: 56923456 op, 100362166.00 ns, 1.7631 ns/op
WorkloadPilot   10: 56718048 op, 99763372.00 ns, 1.7589 ns/op
WorkloadPilot   11: 56852592 op, 99993708.00 ns, 1.7588 ns/op
WorkloadPilot   12: 56856176 op, 99793670.00 ns, 1.7552 ns/op
WorkloadPilot   13: 56973744 op, 99823927.00 ns, 1.7521 ns/op
WorkloadPilot   14: 57074240 op, 102818527.00 ns, 1.8015 ns/op
WorkloadPilot   15: 55509696 op, 101637210.00 ns, 1.8310 ns/op

OverheadWarmup   1: 55509696 op, 142107717.00 ns, 2.5601 ns/op
OverheadWarmup   2: 55509696 op, 107814496.00 ns, 1.9423 ns/op
OverheadWarmup   3: 55509696 op, 86896600.00 ns, 1.5654 ns/op
OverheadWarmup   4: 55509696 op, 87917613.00 ns, 1.5838 ns/op
OverheadWarmup   5: 55509696 op, 83485811.00 ns, 1.5040 ns/op
OverheadWarmup   6: 55509696 op, 83416751.00 ns, 1.5027 ns/op
OverheadWarmup   7: 55509696 op, 83528693.00 ns, 1.5048 ns/op
OverheadWarmup   8: 55509696 op, 84083253.00 ns, 1.5147 ns/op
OverheadWarmup   9: 55509696 op, 84304422.00 ns, 1.5187 ns/op
OverheadWarmup  10: 55509696 op, 83556406.00 ns, 1.5053 ns/op

OverheadActual   1: 55509696 op, 92195123.00 ns, 1.6609 ns/op
OverheadActual   2: 55509696 op, 91231959.00 ns, 1.6435 ns/op
OverheadActual   3: 55509696 op, 85214235.00 ns, 1.5351 ns/op
OverheadActual   4: 55509696 op, 83233855.00 ns, 1.4994 ns/op
OverheadActual   5: 55509696 op, 83288869.00 ns, 1.5004 ns/op
OverheadActual   6: 55509696 op, 83451638.00 ns, 1.5034 ns/op
OverheadActual   7: 55509696 op, 83335588.00 ns, 1.5013 ns/op
OverheadActual   8: 55509696 op, 83398837.00 ns, 1.5024 ns/op
OverheadActual   9: 55509696 op, 83559552.00 ns, 1.5053 ns/op
OverheadActual  10: 55509696 op, 83426249.00 ns, 1.5029 ns/op
OverheadActual  11: 55509696 op, 83518744.00 ns, 1.5046 ns/op
OverheadActual  12: 55509696 op, 83264713.00 ns, 1.5000 ns/op
OverheadActual  13: 55509696 op, 83520218.00 ns, 1.5046 ns/op
OverheadActual  14: 55509696 op, 83258962.00 ns, 1.4999 ns/op
OverheadActual  15: 55509696 op, 83520036.00 ns, 1.5046 ns/op

WorkloadWarmup   1: 55509696 op, 96576658.00 ns, 1.7398 ns/op
WorkloadWarmup   2: 55509696 op, 96694691.00 ns, 1.7419 ns/op
WorkloadWarmup   3: 55509696 op, 96596095.00 ns, 1.7402 ns/op
WorkloadWarmup   4: 55509696 op, 98095003.00 ns, 1.7672 ns/op
WorkloadWarmup   5: 55509696 op, 97527649.00 ns, 1.7569 ns/op
WorkloadWarmup   6: 55509696 op, 97747556.00 ns, 1.7609 ns/op

// BeforeActualRun
WorkloadActual   1: 55509696 op, 97455021.00 ns, 1.7556 ns/op
WorkloadActual   2: 55509696 op, 97559829.00 ns, 1.7575 ns/op
WorkloadActual   3: 55509696 op, 97398895.00 ns, 1.7546 ns/op
WorkloadActual   4: 55509696 op, 97506619.00 ns, 1.7566 ns/op
WorkloadActual   5: 55509696 op, 97420226.00 ns, 1.7550 ns/op
WorkloadActual   6: 55509696 op, 97422209.00 ns, 1.7550 ns/op
WorkloadActual   7: 55509696 op, 97277285.00 ns, 1.7524 ns/op
WorkloadActual   8: 55509696 op, 97399105.00 ns, 1.7546 ns/op
WorkloadActual   9: 55509696 op, 97614673.00 ns, 1.7585 ns/op
WorkloadActual  10: 55509696 op, 97693853.00 ns, 1.7599 ns/op
WorkloadActual  11: 55509696 op, 97637096.00 ns, 1.7589 ns/op
WorkloadActual  12: 55509696 op, 97454380.00 ns, 1.7556 ns/op
WorkloadActual  13: 55509696 op, 98146701.00 ns, 1.7681 ns/op
WorkloadActual  14: 55509696 op, 97406560.00 ns, 1.7548 ns/op
WorkloadActual  15: 55509696 op, 97994573.00 ns, 1.7654 ns/op

// AfterActualRun
WorkloadResult   1: 55509696 op, 14003383.00 ns, 0.2523 ns/op
WorkloadResult   2: 55509696 op, 14108191.00 ns, 0.2542 ns/op
WorkloadResult   3: 55509696 op, 13947257.00 ns, 0.2513 ns/op
WorkloadResult   4: 55509696 op, 14054981.00 ns, 0.2532 ns/op
WorkloadResult   5: 55509696 op, 13968588.00 ns, 0.2516 ns/op
WorkloadResult   6: 55509696 op, 13970571.00 ns, 0.2517 ns/op
WorkloadResult   7: 55509696 op, 13825647.00 ns, 0.2491 ns/op
WorkloadResult   8: 55509696 op, 13947467.00 ns, 0.2513 ns/op
WorkloadResult   9: 55509696 op, 14163035.00 ns, 0.2551 ns/op
WorkloadResult  10: 55509696 op, 14242215.00 ns, 0.2566 ns/op
WorkloadResult  11: 55509696 op, 14185458.00 ns, 0.2555 ns/op
WorkloadResult  12: 55509696 op, 14002742.00 ns, 0.2523 ns/op
WorkloadResult  13: 55509696 op, 13954922.00 ns, 0.2514 ns/op
// GC:  0 0 0 0 55509696
// Threading:  0 0 55509696

// AfterAll
// Benchmark Process 13153 has exited with code 0.

Mean = 0.253 ns, StdErr = 0.001 ns (0.23%), N = 13, StdDev = 0.002 ns
Min = 0.249 ns, Q1 = 0.251 ns, Median = 0.252 ns, Q3 = 0.254 ns, Max = 0.257 ns
IQR = 0.003 ns, LowerFence = 0.247 ns, UpperFence = 0.258 ns
ConfidenceInterval = [0.250 ns; 0.255 ns] (CI 99.9%), Margin = 0.003 ns (1.00% of Mean)
Skewness = 0.3, Kurtosis = 2.03, MValue = 2

// ** Remained 54 (59.3%) benchmark(s) to run. Estimated finish 2026-03-01 10:01 (0h 4m from now) **
// **************************
// Benchmark: Scenario1.S1_CheckVoidSuccess_EnumerationsOptions: .NET 10.0(Runtime=.NET 10.0, IterationTime=100ms) [Iterations=2]
// *** Execute ***
// Launch: 1 / 1
// Execute: dotnet "Enumerations.Options.Benchmarks-.NET 10.0-1.dll" --anonymousPipes 116 118 --benchmarkName "ReillyDigital.Enumerations.Options.Benchmarks.Scenarios.Scenario1.S1_CheckVoidSuccess_EnumerationsOptions(Iterations: 2)" --job ".NET 10.0" --benchmarkId 37 in /media/andrew/Slowverflow/x/devs/reilly-digital/dotnet/enumerations.options/src/Enumerations.Options.Benchmarks/bin/Debug/net10.0/Enumerations.Options.Benchmarks-.NET 10.0-1/bin/Release/net10.0
// Failed to set up high priority (Permission denied). In order to run benchmarks with high priority, make sure you have the right permissions.
// BeforeAnythingElse

// Benchmark Process Environment Information:
// BenchmarkDotNet v0.15.8
// Runtime=.NET 10.0.3 (10.0.3, 10.0.326.7603), X64 RyuJIT x86-64-v3
// GC=Concurrent Workstation
// HardwareIntrinsics=AVX2+BMI1+BMI2+F16C+FMA+LZCNT+MOVBE,AVX,SSE3+SSSE3+SSE4.1+SSE4.2+POPCNT,X86Base+SSE+SSE2,AES+PCLMUL VectorSize=256
// Job: .NET 10.0(IterationTime=100ms)

OverheadJitting  1: 1 op, 161415.00 ns, 161.4150 us/op
WorkloadJitting  1: 1 op, 3089149.00 ns, 3.0891 ms/op

OverheadJitting  2: 16 op, 198125.00 ns, 12.3828 us/op
WorkloadJitting  2: 16 op, 215378.00 ns, 13.4611 us/op

WorkloadPilot    1: 16 op, 2374.00 ns, 148.3750 ns/op
WorkloadPilot    2: 673968 op, 57934893.00 ns, 85.9609 ns/op
WorkloadPilot    3: 1163328 op, 98129378.00 ns, 84.3523 ns/op
WorkloadPilot    4: 1185504 op, 23451914.00 ns, 19.7822 ns/op
WorkloadPilot    5: 5055056 op, 9009518.00 ns, 1.7823 ns/op
WorkloadPilot    6: 56107952 op, 100601960.00 ns, 1.7930 ns/op
WorkloadPilot    7: 55772240 op, 99697918.00 ns, 1.7876 ns/op
WorkloadPilot    8: 55941232 op, 99404382.00 ns, 1.7769 ns/op
WorkloadPilot    9: 56276432 op, 99824898.00 ns, 1.7738 ns/op
WorkloadPilot   10: 56375152 op, 100142680.00 ns, 1.7764 ns/op
WorkloadPilot   11: 56294832 op, 100087285.00 ns, 1.7779 ns/op

OverheadWarmup   1: 56294832 op, 154098991.00 ns, 2.7374 ns/op
OverheadWarmup   2: 56294832 op, 151166168.00 ns, 2.6853 ns/op
OverheadWarmup   3: 56294832 op, 86296835.00 ns, 1.5329 ns/op
OverheadWarmup   4: 56294832 op, 85905143.00 ns, 1.5260 ns/op
OverheadWarmup   5: 56294832 op, 85459058.00 ns, 1.5181 ns/op
OverheadWarmup   6: 56294832 op, 85980645.00 ns, 1.5273 ns/op
OverheadWarmup   7: 56294832 op, 85673063.00 ns, 1.5219 ns/op
OverheadWarmup   8: 56294832 op, 85859286.00 ns, 1.5252 ns/op
OverheadWarmup   9: 56294832 op, 85695916.00 ns, 1.5223 ns/op

OverheadActual   1: 56294832 op, 85546884.00 ns, 1.5196 ns/op
OverheadActual   2: 56294832 op, 85626676.00 ns, 1.5210 ns/op
OverheadActual   3: 56294832 op, 85495467.00 ns, 1.5187 ns/op
OverheadActual   4: 56294832 op, 85435454.00 ns, 1.5176 ns/op
OverheadActual   5: 56294832 op, 86117876.00 ns, 1.5298 ns/op
OverheadActual   6: 56294832 op, 85216749.00 ns, 1.5138 ns/op
OverheadActual   7: 56294832 op, 85505546.00 ns, 1.5189 ns/op
OverheadActual   8: 56294832 op, 84616253.00 ns, 1.5031 ns/op
OverheadActual   9: 56294832 op, 84538034.00 ns, 1.5017 ns/op
OverheadActual  10: 56294832 op, 84532965.00 ns, 1.5016 ns/op
OverheadActual  11: 56294832 op, 84529909.00 ns, 1.5016 ns/op
OverheadActual  12: 56294832 op, 84608016.00 ns, 1.5029 ns/op
OverheadActual  13: 56294832 op, 84838673.00 ns, 1.5070 ns/op
OverheadActual  14: 56294832 op, 85664698.00 ns, 1.5217 ns/op
OverheadActual  15: 56294832 op, 85474948.00 ns, 1.5183 ns/op

WorkloadWarmup   1: 56294832 op, 127631958.00 ns, 2.2672 ns/op
WorkloadWarmup   2: 56294832 op, 101796802.00 ns, 1.8083 ns/op
WorkloadWarmup   3: 56294832 op, 100020359.00 ns, 1.7767 ns/op
WorkloadWarmup   4: 56294832 op, 99535951.00 ns, 1.7681 ns/op
WorkloadWarmup   5: 56294832 op, 98983205.00 ns, 1.7583 ns/op
WorkloadWarmup   6: 56294832 op, 98798314.00 ns, 1.7550 ns/op
WorkloadWarmup   7: 56294832 op, 98778678.00 ns, 1.7547 ns/op
WorkloadWarmup   8: 56294832 op, 98831557.00 ns, 1.7556 ns/op
WorkloadWarmup   9: 56294832 op, 99011799.00 ns, 1.7588 ns/op
WorkloadWarmup  10: 56294832 op, 98824484.00 ns, 1.7555 ns/op
WorkloadWarmup  11: 56294832 op, 98612022.00 ns, 1.7517 ns/op
WorkloadWarmup  12: 56294832 op, 99493701.00 ns, 1.7674 ns/op
WorkloadWarmup  13: 56294832 op, 98786964.00 ns, 1.7548 ns/op

// BeforeActualRun
WorkloadActual   1: 56294832 op, 99567681.00 ns, 1.7687 ns/op
WorkloadActual   2: 56294832 op, 99858963.00 ns, 1.7739 ns/op
WorkloadActual   3: 56294832 op, 99660938.00 ns, 1.7703 ns/op
WorkloadActual   4: 56294832 op, 99627044.00 ns, 1.7697 ns/op
WorkloadActual   5: 56294832 op, 99815260.00 ns, 1.7731 ns/op
WorkloadActual   6: 56294832 op, 99596846.00 ns, 1.7692 ns/op
WorkloadActual   7: 56294832 op, 99677099.00 ns, 1.7706 ns/op
WorkloadActual   8: 56294832 op, 99623256.00 ns, 1.7697 ns/op
WorkloadActual   9: 56294832 op, 99636642.00 ns, 1.7699 ns/op
WorkloadActual  10: 56294832 op, 99594282.00 ns, 1.7692 ns/op
WorkloadActual  11: 56294832 op, 103697050.00 ns, 1.8420 ns/op
WorkloadActual  12: 56294832 op, 100781750.00 ns, 1.7902 ns/op
WorkloadActual  13: 56294832 op, 98828712.00 ns, 1.7556 ns/op
WorkloadActual  14: 56294832 op, 98418085.00 ns, 1.7483 ns/op
WorkloadActual  15: 56294832 op, 98434335.00 ns, 1.7486 ns/op

// AfterActualRun
WorkloadResult   1: 56294832 op, 14132227.00 ns, 0.2510 ns/op
WorkloadResult   2: 56294832 op, 14423509.00 ns, 0.2562 ns/op
WorkloadResult   3: 56294832 op, 14225484.00 ns, 0.2527 ns/op
WorkloadResult   4: 56294832 op, 14191590.00 ns, 0.2521 ns/op
WorkloadResult   5: 56294832 op, 14379806.00 ns, 0.2554 ns/op
WorkloadResult   6: 56294832 op, 14161392.00 ns, 0.2516 ns/op
WorkloadResult   7: 56294832 op, 14241645.00 ns, 0.2530 ns/op
WorkloadResult   8: 56294832 op, 14187802.00 ns, 0.2520 ns/op
WorkloadResult   9: 56294832 op, 14201188.00 ns, 0.2523 ns/op
WorkloadResult  10: 56294832 op, 14158828.00 ns, 0.2515 ns/op
WorkloadResult  11: 56294832 op, 13393258.00 ns, 0.2379 ns/op
WorkloadResult  12: 56294832 op, 12982631.00 ns, 0.2306 ns/op
WorkloadResult  13: 56294832 op, 12998881.00 ns, 0.2309 ns/op
// GC:  0 0 0 0 56294832
// Threading:  0 0 56294832

// AfterAll
// Benchmark Process 13213 has exited with code 0.

Mean = 0.248 ns, StdErr = 0.002 ns (0.99%), N = 13, StdDev = 0.009 ns
Min = 0.231 ns, Q1 = 0.251 ns, Median = 0.252 ns, Q3 = 0.253 ns, Max = 0.256 ns
IQR = 0.002 ns, LowerFence = 0.249 ns, UpperFence = 0.255 ns
ConfidenceInterval = [0.238 ns; 0.259 ns] (CI 99.9%), Margin = 0.011 ns (4.29% of Mean)
Skewness = -1.14, Kurtosis = 2.54, MValue = 2

// ** Remained 53 (58.2%) benchmark(s) to run. Estimated finish 2026-03-01 10:01 (0h 4m from now) **
// **************************
// Benchmark: Scenario1.S1_CheckVoidSuccess_FluentResults: .NET 10.0(Runtime=.NET 10.0, IterationTime=100ms) [Iterations=2]
// *** Execute ***
// Launch: 1 / 1
// Execute: dotnet "Enumerations.Options.Benchmarks-.NET 10.0-1.dll" --anonymousPipes 116 118 --benchmarkName "ReillyDigital.Enumerations.Options.Benchmarks.Scenarios.Scenario1.S1_CheckVoidSuccess_FluentResults(Iterations: 2)" --job ".NET 10.0" --benchmarkId 38 in /media/andrew/Slowverflow/x/devs/reilly-digital/dotnet/enumerations.options/src/Enumerations.Options.Benchmarks/bin/Debug/net10.0/Enumerations.Options.Benchmarks-.NET 10.0-1/bin/Release/net10.0
// Failed to set up high priority (Permission denied). In order to run benchmarks with high priority, make sure you have the right permissions.
// BeforeAnythingElse

// Benchmark Process Environment Information:
// BenchmarkDotNet v0.15.8
// Runtime=.NET 10.0.3 (10.0.3, 10.0.326.7603), X64 RyuJIT x86-64-v3
// GC=Concurrent Workstation
// HardwareIntrinsics=AVX2+BMI1+BMI2+F16C+FMA+LZCNT+MOVBE,AVX,SSE3+SSSE3+SSE4.1+SSE4.2+POPCNT,X86Base+SSE+SSE2,AES+PCLMUL VectorSize=256
// Job: .NET 10.0(IterationTime=100ms)

OverheadJitting  1: 1 op, 166345.00 ns, 166.3450 us/op
WorkloadJitting  1: 1 op, 3531607.00 ns, 3.5316 ms/op

OverheadJitting  2: 16 op, 204978.00 ns, 12.8111 us/op
WorkloadJitting  2: 16 op, 219506.00 ns, 13.7191 us/op

WorkloadPilot    1: 16 op, 8095.00 ns, 505.9375 ns/op
WorkloadPilot    2: 197664 op, 71847436.00 ns, 363.4827 ns/op
WorkloadPilot    3: 275120 op, 96108302.00 ns, 349.3323 ns/op
WorkloadPilot    4: 286272 op, 42221202.00 ns, 147.4863 ns/op
WorkloadPilot    5: 678032 op, 31650377.00 ns, 46.6798 ns/op
WorkloadPilot    6: 2142256 op, 93052135.00 ns, 43.4365 ns/op
WorkloadPilot    7: 2302224 op, 98769289.00 ns, 42.9017 ns/op
WorkloadPilot    8: 2330912 op, 99890061.00 ns, 42.8545 ns/op
WorkloadPilot    9: 2333488 op, 100093997.00 ns, 42.8946 ns/op
WorkloadPilot   10: 2331312 op, 99991514.00 ns, 42.8907 ns/op
WorkloadPilot   11: 2331520 op, 101647379.00 ns, 43.5970 ns/op
WorkloadPilot   12: 2293744 op, 99689852.00 ns, 43.4616 ns/op
WorkloadPilot   13: 2300880 op, 98859791.00 ns, 42.9661 ns/op
WorkloadPilot   14: 2327424 op, 100204267.00 ns, 43.0537 ns/op

OverheadWarmup   1: 2327424 op, 6432118.00 ns, 2.7636 ns/op
OverheadWarmup   2: 2327424 op, 6572344.00 ns, 2.8239 ns/op
OverheadWarmup   3: 2327424 op, 6553639.00 ns, 2.8158 ns/op
OverheadWarmup   4: 2327424 op, 6463157.00 ns, 2.7770 ns/op
OverheadWarmup   5: 2327424 op, 6408213.00 ns, 2.7534 ns/op
OverheadWarmup   6: 2327424 op, 6423282.00 ns, 2.7598 ns/op
OverheadWarmup   7: 2327424 op, 6370071.00 ns, 2.7370 ns/op

OverheadActual   1: 2327424 op, 6401801.00 ns, 2.7506 ns/op
OverheadActual   2: 2327424 op, 6410347.00 ns, 2.7543 ns/op
OverheadActual   3: 2327424 op, 6392203.00 ns, 2.7465 ns/op
OverheadActual   4: 2327424 op, 6422451.00 ns, 2.7595 ns/op
OverheadActual   5: 2327424 op, 6393886.00 ns, 2.7472 ns/op
OverheadActual   6: 2327424 op, 6413935.00 ns, 2.7558 ns/op
OverheadActual   7: 2327424 op, 6427109.00 ns, 2.7615 ns/op
OverheadActual   8: 2327424 op, 6395679.00 ns, 2.7480 ns/op
OverheadActual   9: 2327424 op, 6414405.00 ns, 2.7560 ns/op
OverheadActual  10: 2327424 op, 6378306.00 ns, 2.7405 ns/op
OverheadActual  11: 2327424 op, 6408714.00 ns, 2.7536 ns/op
OverheadActual  12: 2327424 op, 6446616.00 ns, 2.7699 ns/op
OverheadActual  13: 2327424 op, 6399668.00 ns, 2.7497 ns/op
OverheadActual  14: 2327424 op, 6419174.00 ns, 2.7581 ns/op
OverheadActual  15: 2327424 op, 6409766.00 ns, 2.7540 ns/op

WorkloadWarmup   1: 2327424 op, 103758607.00 ns, 44.5809 ns/op
WorkloadWarmup   2: 2327424 op, 104101837.00 ns, 44.7284 ns/op
WorkloadWarmup   3: 2327424 op, 102913275.00 ns, 44.2177 ns/op
WorkloadWarmup   4: 2327424 op, 104438433.00 ns, 44.8730 ns/op
WorkloadWarmup   5: 2327424 op, 101694528.00 ns, 43.6940 ns/op
WorkloadWarmup   6: 2327424 op, 103539852.00 ns, 44.4869 ns/op

// BeforeActualRun
WorkloadActual   1: 2327424 op, 102890724.00 ns, 44.2080 ns/op
WorkloadActual   2: 2327424 op, 111704321.00 ns, 47.9948 ns/op
WorkloadActual   3: 2327424 op, 108510944.00 ns, 46.6228 ns/op
WorkloadActual   4: 2327424 op, 108802227.00 ns, 46.7479 ns/op
WorkloadActual   5: 2327424 op, 105210225.00 ns, 45.2046 ns/op
WorkloadActual   6: 2327424 op, 104685061.00 ns, 44.9789 ns/op
WorkloadActual   7: 2327424 op, 103184910.00 ns, 44.3344 ns/op
WorkloadActual   8: 2327424 op, 109044975.00 ns, 46.8522 ns/op
WorkloadActual   9: 2327424 op, 110029400.00 ns, 47.2752 ns/op
WorkloadActual  10: 2327424 op, 108425012.00 ns, 46.5858 ns/op
WorkloadActual  11: 2327424 op, 110482307.00 ns, 47.4698 ns/op
WorkloadActual  12: 2327424 op, 104799337.00 ns, 45.0280 ns/op
WorkloadActual  13: 2327424 op, 108986726.00 ns, 46.8272 ns/op
WorkloadActual  14: 2327424 op, 103268879.00 ns, 44.3705 ns/op
WorkloadActual  15: 2327424 op, 104545246.00 ns, 44.9189 ns/op
WorkloadActual  16: 2327424 op, 103006061.00 ns, 44.2575 ns/op
WorkloadActual  17: 2327424 op, 105655508.00 ns, 45.3959 ns/op
WorkloadActual  18: 2327424 op, 99474926.00 ns, 42.7404 ns/op
WorkloadActual  19: 2327424 op, 99426043.00 ns, 42.7194 ns/op
WorkloadActual  20: 2327424 op, 99484443.00 ns, 42.7444 ns/op
WorkloadActual  21: 2327424 op, 130905266.00 ns, 56.2447 ns/op
WorkloadActual  22: 2327424 op, 106916786.00 ns, 45.9378 ns/op
WorkloadActual  23: 2327424 op, 110401043.00 ns, 47.4349 ns/op
WorkloadActual  24: 2327424 op, 105447214.00 ns, 45.3064 ns/op
WorkloadActual  25: 2327424 op, 106679828.00 ns, 45.8360 ns/op
WorkloadActual  26: 2327424 op, 100475300.00 ns, 43.1702 ns/op
WorkloadActual  27: 2327424 op, 99326314.00 ns, 42.6765 ns/op
WorkloadActual  28: 2327424 op, 106394237.00 ns, 45.7133 ns/op
WorkloadActual  29: 2327424 op, 100218353.00 ns, 43.0598 ns/op
WorkloadActual  30: 2327424 op, 105042147.00 ns, 45.1324 ns/op
WorkloadActual  31: 2327424 op, 100590077.00 ns, 43.2195 ns/op
WorkloadActual  32: 2327424 op, 98707673.00 ns, 42.4107 ns/op
WorkloadActual  33: 2327424 op, 98276226.00 ns, 42.2253 ns/op
WorkloadActual  34: 2327424 op, 97842625.00 ns, 42.0390 ns/op
WorkloadActual  35: 2327424 op, 98154346.00 ns, 42.1730 ns/op
WorkloadActual  36: 2327424 op, 98776223.00 ns, 42.4401 ns/op
WorkloadActual  37: 2327424 op, 98112236.00 ns, 42.1549 ns/op
WorkloadActual  38: 2327424 op, 98173171.00 ns, 42.1810 ns/op
WorkloadActual  39: 2327424 op, 97905344.00 ns, 42.0660 ns/op
WorkloadActual  40: 2327424 op, 100295539.00 ns, 43.0929 ns/op
WorkloadActual  41: 2327424 op, 99156172.00 ns, 42.6034 ns/op
WorkloadActual  42: 2327424 op, 100472445.00 ns, 43.1689 ns/op
WorkloadActual  43: 2327424 op, 98402986.00 ns, 42.2798 ns/op
WorkloadActual  44: 2327424 op, 98387436.00 ns, 42.2731 ns/op
WorkloadActual  45: 2327424 op, 97909783.00 ns, 42.0679 ns/op
WorkloadActual  46: 2327424 op, 97838608.00 ns, 42.0373 ns/op
WorkloadActual  47: 2327424 op, 98297407.00 ns, 42.2344 ns/op
WorkloadActual  48: 2327424 op, 98111384.00 ns, 42.1545 ns/op
WorkloadActual  49: 2327424 op, 98990299.00 ns, 42.5321 ns/op
WorkloadActual  50: 2327424 op, 98012026.00 ns, 42.1118 ns/op
WorkloadActual  51: 2327424 op, 100269871.00 ns, 43.0819 ns/op
WorkloadActual  52: 2327424 op, 100444742.00 ns, 43.1570 ns/op
WorkloadActual  53: 2327424 op, 98906730.00 ns, 42.4962 ns/op
WorkloadActual  54: 2327424 op, 98342702.00 ns, 42.2539 ns/op
WorkloadActual  55: 2327424 op, 98704977.00 ns, 42.4095 ns/op

// AfterActualRun
WorkloadResult   1: 2327424 op, 96480958.00 ns, 41.4540 ns/op
WorkloadResult   2: 2327424 op, 105294555.00 ns, 45.2408 ns/op
WorkloadResult   3: 2327424 op, 102101178.00 ns, 43.8687 ns/op
WorkloadResult   4: 2327424 op, 102392461.00 ns, 43.9939 ns/op
WorkloadResult   5: 2327424 op, 98800459.00 ns, 42.4506 ns/op
WorkloadResult   6: 2327424 op, 98275295.00 ns, 42.2249 ns/op
WorkloadResult   7: 2327424 op, 96775144.00 ns, 41.5804 ns/op
WorkloadResult   8: 2327424 op, 102635209.00 ns, 44.0982 ns/op
WorkloadResult   9: 2327424 op, 103619634.00 ns, 44.5212 ns/op
WorkloadResult  10: 2327424 op, 102015246.00 ns, 43.8318 ns/op
WorkloadResult  11: 2327424 op, 104072541.00 ns, 44.7158 ns/op
WorkloadResult  12: 2327424 op, 98389571.00 ns, 42.2740 ns/op
WorkloadResult  13: 2327424 op, 102576960.00 ns, 44.0732 ns/op
WorkloadResult  14: 2327424 op, 96859113.00 ns, 41.6164 ns/op
WorkloadResult  15: 2327424 op, 98135480.00 ns, 42.1648 ns/op
WorkloadResult  16: 2327424 op, 96596295.00 ns, 41.5035 ns/op
WorkloadResult  17: 2327424 op, 99245742.00 ns, 42.6419 ns/op
WorkloadResult  18: 2327424 op, 93065160.00 ns, 39.9863 ns/op
WorkloadResult  19: 2327424 op, 93016277.00 ns, 39.9653 ns/op
WorkloadResult  20: 2327424 op, 93074677.00 ns, 39.9904 ns/op
WorkloadResult  21: 2327424 op, 100507020.00 ns, 43.1838 ns/op
WorkloadResult  22: 2327424 op, 103991277.00 ns, 44.6808 ns/op
WorkloadResult  23: 2327424 op, 99037448.00 ns, 42.5524 ns/op
WorkloadResult  24: 2327424 op, 100270062.00 ns, 43.0820 ns/op
WorkloadResult  25: 2327424 op, 94065534.00 ns, 40.4162 ns/op
WorkloadResult  26: 2327424 op, 92916548.00 ns, 39.9225 ns/op
WorkloadResult  27: 2327424 op, 99984471.00 ns, 42.9593 ns/op
WorkloadResult  28: 2327424 op, 93808587.00 ns, 40.3058 ns/op
WorkloadResult  29: 2327424 op, 98632381.00 ns, 42.3783 ns/op
WorkloadResult  30: 2327424 op, 94180311.00 ns, 40.4655 ns/op
WorkloadResult  31: 2327424 op, 92297907.00 ns, 39.6567 ns/op
WorkloadResult  32: 2327424 op, 91866460.00 ns, 39.4713 ns/op
WorkloadResult  33: 2327424 op, 91432859.00 ns, 39.2850 ns/op
WorkloadResult  34: 2327424 op, 91744580.00 ns, 39.4189 ns/op
WorkloadResult  35: 2327424 op, 92366457.00 ns, 39.6861 ns/op
WorkloadResult  36: 2327424 op, 91702470.00 ns, 39.4008 ns/op
WorkloadResult  37: 2327424 op, 91763405.00 ns, 39.4270 ns/op
WorkloadResult  38: 2327424 op, 91495578.00 ns, 39.3120 ns/op
WorkloadResult  39: 2327424 op, 93885773.00 ns, 40.3389 ns/op
WorkloadResult  40: 2327424 op, 92746406.00 ns, 39.8494 ns/op
WorkloadResult  41: 2327424 op, 94062679.00 ns, 40.4149 ns/op
WorkloadResult  42: 2327424 op, 91993220.00 ns, 39.5258 ns/op
WorkloadResult  43: 2327424 op, 91977670.00 ns, 39.5191 ns/op
WorkloadResult  44: 2327424 op, 91500017.00 ns, 39.3139 ns/op
WorkloadResult  45: 2327424 op, 91428842.00 ns, 39.2833 ns/op
WorkloadResult  46: 2327424 op, 91887641.00 ns, 39.4804 ns/op
WorkloadResult  47: 2327424 op, 91701618.00 ns, 39.4005 ns/op
WorkloadResult  48: 2327424 op, 92580533.00 ns, 39.7781 ns/op
WorkloadResult  49: 2327424 op, 91602260.00 ns, 39.3578 ns/op
WorkloadResult  50: 2327424 op, 93860105.00 ns, 40.3279 ns/op
WorkloadResult  51: 2327424 op, 94034976.00 ns, 40.4030 ns/op
WorkloadResult  52: 2327424 op, 92496964.00 ns, 39.7422 ns/op
WorkloadResult  53: 2327424 op, 91932936.00 ns, 39.4999 ns/op
WorkloadResult  54: 2327424 op, 92295211.00 ns, 39.6555 ns/op
// GC:  57 0 0 484104192 2327424
// Threading:  0 0 2327424

// AfterAll
// Benchmark Process 13250 has exited with code 0.

Mean = 41.179 ns, StdErr = 0.251 ns (0.61%), N = 54, StdDev = 1.844 ns
Min = 39.283 ns, Q1 = 39.558 ns, Median = 40.371 ns, Q3 = 42.527 ns, Max = 45.241 ns
IQR = 2.969 ns, LowerFence = 35.105 ns, UpperFence = 46.980 ns
ConfidenceInterval = [40.305 ns; 42.054 ns] (CI 99.9%), Margin = 0.874 ns (2.12% of Mean)
Skewness = 0.67, Kurtosis = 1.99, MValue = 3.03

// ** Remained 52 (57.1%) benchmark(s) to run. Estimated finish 2026-03-01 10:01 (0h 4m from now) **
// **************************
// Benchmark: Scenario1.S1_CheckVoidSuccess_LightResults: .NET 10.0(Runtime=.NET 10.0, IterationTime=100ms) [Iterations=2]
// *** Execute ***
// Launch: 1 / 1
// Execute: dotnet "Enumerations.Options.Benchmarks-.NET 10.0-1.dll" --anonymousPipes 116 118 --benchmarkName "ReillyDigital.Enumerations.Options.Benchmarks.Scenarios.Scenario1.S1_CheckVoidSuccess_LightResults(Iterations: 2)" --job ".NET 10.0" --benchmarkId 39 in /media/andrew/Slowverflow/x/devs/reilly-digital/dotnet/enumerations.options/src/Enumerations.Options.Benchmarks/bin/Debug/net10.0/Enumerations.Options.Benchmarks-.NET 10.0-1/bin/Release/net10.0
// Failed to set up high priority (Permission denied). In order to run benchmarks with high priority, make sure you have the right permissions.
// BeforeAnythingElse

// Benchmark Process Environment Information:
// BenchmarkDotNet v0.15.8
// Runtime=.NET 10.0.3 (10.0.3, 10.0.326.7603), X64 RyuJIT x86-64-v3
// GC=Concurrent Workstation
// HardwareIntrinsics=AVX2+BMI1+BMI2+F16C+FMA+LZCNT+MOVBE,AVX,SSE3+SSSE3+SSE4.1+SSE4.2+POPCNT,X86Base+SSE+SSE2,AES+PCLMUL VectorSize=256
// Job: .NET 10.0(IterationTime=100ms)

OverheadJitting  1: 1 op, 152949.00 ns, 152.9490 us/op
WorkloadJitting  1: 1 op, 3320728.00 ns, 3.3207 ms/op

OverheadJitting  2: 16 op, 204848.00 ns, 12.8030 us/op
WorkloadJitting  2: 16 op, 200871.00 ns, 12.5544 us/op

WorkloadPilot    1: 16 op, 1232.00 ns, 77.0000 ns/op
WorkloadPilot    2: 1298704 op, 45002117.00 ns, 34.6516 ns/op
WorkloadPilot    3: 2885888 op, 98602635.00 ns, 34.1672 ns/op
WorkloadPilot    4: 2926800 op, 43277501.00 ns, 14.7866 ns/op
WorkloadPilot    5: 6762880 op, 12171415.00 ns, 1.7997 ns/op
WorkloadPilot    6: 55563632 op, 99068046.00 ns, 1.7830 ns/op
WorkloadPilot    7: 56086336 op, 99947230.00 ns, 1.7820 ns/op
WorkloadPilot    8: 56115952 op, 100006522.00 ns, 1.7821 ns/op
WorkloadPilot    9: 56112304 op, 99364487.00 ns, 1.7708 ns/op
WorkloadPilot   10: 56471200 op, 100104127.00 ns, 1.7727 ns/op
WorkloadPilot   11: 56412464 op, 99952249.00 ns, 1.7718 ns/op
WorkloadPilot   12: 56439424 op, 100022743.00 ns, 1.7722 ns/op

OverheadWarmup   1: 56439424 op, 141296480.00 ns, 2.5035 ns/op
OverheadWarmup   2: 56439424 op, 109732216.00 ns, 1.9442 ns/op
OverheadWarmup   3: 56439424 op, 85680467.00 ns, 1.5181 ns/op
OverheadWarmup   4: 56439424 op, 85601658.00 ns, 1.5167 ns/op
OverheadWarmup   5: 56439424 op, 85714382.00 ns, 1.5187 ns/op
OverheadWarmup   6: 56439424 op, 86010242.00 ns, 1.5239 ns/op
OverheadWarmup   7: 56439424 op, 93271600.00 ns, 1.6526 ns/op
OverheadWarmup   8: 56439424 op, 85780477.00 ns, 1.5199 ns/op
OverheadWarmup   9: 56439424 op, 86029528.00 ns, 1.5243 ns/op
OverheadWarmup  10: 56439424 op, 87182842.00 ns, 1.5447 ns/op

OverheadActual   1: 56439424 op, 85820503.00 ns, 1.5206 ns/op
OverheadActual   2: 56439424 op, 85823078.00 ns, 1.5206 ns/op
OverheadActual   3: 56439424 op, 85585738.00 ns, 1.5164 ns/op
OverheadActual   4: 56439424 op, 86434415.00 ns, 1.5315 ns/op
OverheadActual   5: 56439424 op, 85658766.00 ns, 1.5177 ns/op
OverheadActual   6: 56439424 op, 86509046.00 ns, 1.5328 ns/op
OverheadActual   7: 56439424 op, 85959826.00 ns, 1.5230 ns/op
OverheadActual   8: 56439424 op, 85744749.00 ns, 1.5192 ns/op
OverheadActual   9: 56439424 op, 85781870.00 ns, 1.5199 ns/op
OverheadActual  10: 56439424 op, 88762402.00 ns, 1.5727 ns/op
OverheadActual  11: 56439424 op, 90288262.00 ns, 1.5997 ns/op
OverheadActual  12: 56439424 op, 97269750.00 ns, 1.7234 ns/op
OverheadActual  13: 56439424 op, 86180935.00 ns, 1.5270 ns/op
OverheadActual  14: 56439424 op, 85947563.00 ns, 1.5228 ns/op
OverheadActual  15: 56439424 op, 85953314.00 ns, 1.5229 ns/op

WorkloadWarmup   1: 56439424 op, 100740211.00 ns, 1.7849 ns/op
WorkloadWarmup   2: 56439424 op, 100208985.00 ns, 1.7755 ns/op
WorkloadWarmup   3: 56439424 op, 100497162.00 ns, 1.7806 ns/op
WorkloadWarmup   4: 56439424 op, 100347848.00 ns, 1.7780 ns/op
WorkloadWarmup   5: 56439424 op, 99979481.00 ns, 1.7714 ns/op
WorkloadWarmup   6: 56439424 op, 99948723.00 ns, 1.7709 ns/op
WorkloadWarmup   7: 56439424 op, 100107594.00 ns, 1.7737 ns/op
WorkloadWarmup   8: 56439424 op, 100004719.00 ns, 1.7719 ns/op

// BeforeActualRun
WorkloadActual   1: 56439424 op, 100309035.00 ns, 1.7773 ns/op
WorkloadActual   2: 56439424 op, 100002214.00 ns, 1.7719 ns/op
WorkloadActual   3: 56439424 op, 100196322.00 ns, 1.7753 ns/op
WorkloadActual   4: 56439424 op, 100030347.00 ns, 1.7723 ns/op
WorkloadActual   5: 56439424 op, 99004685.00 ns, 1.7542 ns/op
WorkloadActual   6: 56439424 op, 98991811.00 ns, 1.7539 ns/op
WorkloadActual   7: 56439424 op, 99127117.00 ns, 1.7563 ns/op
WorkloadActual   8: 56439424 op, 99039883.00 ns, 1.7548 ns/op
WorkloadActual   9: 56439424 op, 99308190.00 ns, 1.7596 ns/op
WorkloadActual  10: 56439424 op, 98832549.00 ns, 1.7511 ns/op
WorkloadActual  11: 56439424 op, 99701304.00 ns, 1.7665 ns/op
WorkloadActual  12: 56439424 op, 100357356.00 ns, 1.7781 ns/op
WorkloadActual  13: 56439424 op, 99310595.00 ns, 1.7596 ns/op
WorkloadActual  14: 56439424 op, 99451591.00 ns, 1.7621 ns/op
WorkloadActual  15: 56439424 op, 99460388.00 ns, 1.7623 ns/op

// AfterActualRun
WorkloadResult   1: 56439424 op, 14355721.00 ns, 0.2544 ns/op
WorkloadResult   2: 56439424 op, 14048900.00 ns, 0.2489 ns/op
WorkloadResult   3: 56439424 op, 14243008.00 ns, 0.2524 ns/op
WorkloadResult   4: 56439424 op, 14077033.00 ns, 0.2494 ns/op
WorkloadResult   5: 56439424 op, 13051371.00 ns, 0.2312 ns/op
WorkloadResult   6: 56439424 op, 13038497.00 ns, 0.2310 ns/op
WorkloadResult   7: 56439424 op, 13173803.00 ns, 0.2334 ns/op
WorkloadResult   8: 56439424 op, 13086569.00 ns, 0.2319 ns/op
WorkloadResult   9: 56439424 op, 13354876.00 ns, 0.2366 ns/op
WorkloadResult  10: 56439424 op, 12879235.00 ns, 0.2282 ns/op
WorkloadResult  11: 56439424 op, 13747990.00 ns, 0.2436 ns/op
WorkloadResult  12: 56439424 op, 14404042.00 ns, 0.2552 ns/op
WorkloadResult  13: 56439424 op, 13357281.00 ns, 0.2367 ns/op
WorkloadResult  14: 56439424 op, 13498277.00 ns, 0.2392 ns/op
WorkloadResult  15: 56439424 op, 13507074.00 ns, 0.2393 ns/op
// GC:  0 0 0 0 56439424
// Threading:  0 0 56439424

// AfterAll
// Benchmark Process 13300 has exited with code 0.

Mean = 0.241 ns, StdErr = 0.002 ns (0.99%), N = 15, StdDev = 0.009 ns
Min = 0.228 ns, Q1 = 0.233 ns, Median = 0.239 ns, Q3 = 0.249 ns, Max = 0.255 ns
IQR = 0.017 ns, LowerFence = 0.208 ns, UpperFence = 0.274 ns
ConfidenceInterval = [0.231 ns; 0.251 ns] (CI 99.9%), Margin = 0.010 ns (4.10% of Mean)
Skewness = 0.28, Kurtosis = 1.45, MValue = 3

// ** Remained 51 (56.0%) benchmark(s) to run. Estimated finish 2026-03-01 10:01 (0h 4m from now) **
// **************************
// Benchmark: Scenario1.S1_CheckVoidSuccess_Rascal: .NET 10.0(Runtime=.NET 10.0, IterationTime=100ms) [Iterations=2]
// *** Execute ***
// Launch: 1 / 1
// Execute: dotnet "Enumerations.Options.Benchmarks-.NET 10.0-1.dll" --anonymousPipes 116 118 --benchmarkName "ReillyDigital.Enumerations.Options.Benchmarks.Scenarios.Scenario1.S1_CheckVoidSuccess_Rascal(Iterations: 2)" --job ".NET 10.0" --benchmarkId 40 in /media/andrew/Slowverflow/x/devs/reilly-digital/dotnet/enumerations.options/src/Enumerations.Options.Benchmarks/bin/Debug/net10.0/Enumerations.Options.Benchmarks-.NET 10.0-1/bin/Release/net10.0
// Failed to set up high priority (Permission denied). In order to run benchmarks with high priority, make sure you have the right permissions.
// BeforeAnythingElse

// Benchmark Process Environment Information:
// BenchmarkDotNet v0.15.8
// Runtime=.NET 10.0.3 (10.0.3, 10.0.326.7603), X64 RyuJIT x86-64-v3
// GC=Concurrent Workstation
// HardwareIntrinsics=AVX2+BMI1+BMI2+F16C+FMA+LZCNT+MOVBE,AVX,SSE3+SSSE3+SSE4.1+SSE4.2+POPCNT,X86Base+SSE+SSE2,AES+PCLMUL VectorSize=256
// Job: .NET 10.0(IterationTime=100ms)

OverheadJitting  1: 1 op, 195640.00 ns, 195.6400 us/op
WorkloadJitting  1: 1 op, 2924377.00 ns, 2.9244 ms/op

OverheadJitting  2: 16 op, 196412.00 ns, 12.2758 us/op
WorkloadJitting  2: 16 op, 195570.00 ns, 12.2231 us/op

WorkloadPilot    1: 16 op, 1112.00 ns, 69.5000 ns/op
WorkloadPilot    2: 1438864 op, 63128317.00 ns, 43.8737 ns/op
WorkloadPilot    3: 2279280 op, 92976131.00 ns, 40.7919 ns/op
WorkloadPilot    4: 2451472 op, 27704205.00 ns, 11.3010 ns/op
WorkloadPilot    5: 8848736 op, 15801239.00 ns, 1.7857 ns/op
WorkloadPilot    6: 56000272 op, 99346412.00 ns, 1.7740 ns/op
WorkloadPilot    7: 56368704 op, 99077824.00 ns, 1.7577 ns/op
WorkloadPilot    8: 56893376 op, 100024055.00 ns, 1.7581 ns/op
WorkloadPilot    9: 56879696 op, 99876636.00 ns, 1.7559 ns/op
WorkloadPilot   10: 56949952 op, 100348741.00 ns, 1.7621 ns/op
WorkloadPilot   11: 56752048 op, 99445400.00 ns, 1.7523 ns/op
WorkloadPilot   12: 57068560 op, 101304850.00 ns, 1.7751 ns/op

OverheadWarmup   1: 57068560 op, 155782208.00 ns, 2.7297 ns/op
OverheadWarmup   2: 57068560 op, 107312946.00 ns, 1.8804 ns/op
OverheadWarmup   3: 57068560 op, 85814341.00 ns, 1.5037 ns/op
OverheadWarmup   4: 57068560 op, 85933858.00 ns, 1.5058 ns/op
OverheadWarmup   5: 57068560 op, 87385977.00 ns, 1.5312 ns/op
OverheadWarmup   6: 57068560 op, 86005933.00 ns, 1.5071 ns/op
OverheadWarmup   7: 57068560 op, 86277909.00 ns, 1.5118 ns/op
OverheadWarmup   8: 57068560 op, 87607175.00 ns, 1.5351 ns/op
OverheadWarmup   9: 57068560 op, 85831603.00 ns, 1.5040 ns/op

OverheadActual   1: 57068560 op, 85653516.00 ns, 1.5009 ns/op
OverheadActual   2: 57068560 op, 85679857.00 ns, 1.5013 ns/op
OverheadActual   3: 57068560 op, 85667172.00 ns, 1.5011 ns/op
OverheadActual   4: 57068560 op, 85598281.00 ns, 1.4999 ns/op
OverheadActual   5: 57068560 op, 85654177.00 ns, 1.5009 ns/op
OverheadActual   6: 57068560 op, 85629651.00 ns, 1.5005 ns/op
OverheadActual   7: 57068560 op, 86992031.00 ns, 1.5243 ns/op
OverheadActual   8: 57068560 op, 85818960.00 ns, 1.5038 ns/op
OverheadActual   9: 57068560 op, 85605586.00 ns, 1.5000 ns/op
OverheadActual  10: 57068560 op, 85628329.00 ns, 1.5004 ns/op
OverheadActual  11: 57068560 op, 85658286.00 ns, 1.5010 ns/op
OverheadActual  12: 57068560 op, 85587000.00 ns, 1.4997 ns/op
OverheadActual  13: 57068560 op, 85905373.00 ns, 1.5053 ns/op
OverheadActual  14: 57068560 op, 85668474.00 ns, 1.5012 ns/op
OverheadActual  15: 57068560 op, 85695916.00 ns, 1.5016 ns/op

WorkloadWarmup   1: 57068560 op, 99482620.00 ns, 1.7432 ns/op
WorkloadWarmup   2: 57068560 op, 99495755.00 ns, 1.7434 ns/op
WorkloadWarmup   3: 57068560 op, 99363975.00 ns, 1.7411 ns/op
WorkloadWarmup   4: 57068560 op, 99454728.00 ns, 1.7427 ns/op
WorkloadWarmup   5: 57068560 op, 99273445.00 ns, 1.7395 ns/op
WorkloadWarmup   6: 57068560 op, 99483021.00 ns, 1.7432 ns/op

// BeforeActualRun
WorkloadActual   1: 57068560 op, 99400515.00 ns, 1.7418 ns/op
WorkloadActual   2: 57068560 op, 119698627.00 ns, 2.0975 ns/op
WorkloadActual   3: 57068560 op, 100403373.00 ns, 1.7593 ns/op
WorkloadActual   4: 57068560 op, 101439295.00 ns, 1.7775 ns/op
WorkloadActual   5: 57068560 op, 100356525.00 ns, 1.7585 ns/op
WorkloadActual   6: 57068560 op, 100564690.00 ns, 1.7622 ns/op
WorkloadActual   7: 57068560 op, 100523451.00 ns, 1.7615 ns/op
WorkloadActual   8: 57068560 op, 101992191.00 ns, 1.7872 ns/op
WorkloadActual   9: 57068560 op, 100434413.00 ns, 1.7599 ns/op
WorkloadActual  10: 57068560 op, 102017901.00 ns, 1.7876 ns/op
WorkloadActual  11: 57068560 op, 99236274.00 ns, 1.7389 ns/op
WorkloadActual  12: 57068560 op, 99367132.00 ns, 1.7412 ns/op
WorkloadActual  13: 57068560 op, 99585385.00 ns, 1.7450 ns/op
WorkloadActual  14: 57068560 op, 99555829.00 ns, 1.7445 ns/op
WorkloadActual  15: 57068560 op, 99501657.00 ns, 1.7435 ns/op

// AfterActualRun
WorkloadResult   1: 57068560 op, 13742229.00 ns, 0.2408 ns/op
WorkloadResult   2: 57068560 op, 14745087.00 ns, 0.2584 ns/op
WorkloadResult   3: 57068560 op, 15781009.00 ns, 0.2765 ns/op
WorkloadResult   4: 57068560 op, 14698239.00 ns, 0.2576 ns/op
WorkloadResult   5: 57068560 op, 14906404.00 ns, 0.2612 ns/op
WorkloadResult   6: 57068560 op, 14865165.00 ns, 0.2605 ns/op
WorkloadResult   7: 57068560 op, 16333905.00 ns, 0.2862 ns/op
WorkloadResult   8: 57068560 op, 14776127.00 ns, 0.2589 ns/op
WorkloadResult   9: 57068560 op, 16359615.00 ns, 0.2867 ns/op
WorkloadResult  10: 57068560 op, 13577988.00 ns, 0.2379 ns/op
WorkloadResult  11: 57068560 op, 13708846.00 ns, 0.2402 ns/op
WorkloadResult  12: 57068560 op, 13927099.00 ns, 0.2440 ns/op
WorkloadResult  13: 57068560 op, 13897543.00 ns, 0.2435 ns/op
WorkloadResult  14: 57068560 op, 13843371.00 ns, 0.2426 ns/op
// GC:  0 0 0 0 57068560
// Threading:  0 0 57068560

// AfterAll
// Benchmark Process 13332 has exited with code 0.

Mean = 0.257 ns, StdErr = 0.004 ns (1.74%), N = 14, StdDev = 0.017 ns
Min = 0.238 ns, Q1 = 0.243 ns, Median = 0.258 ns, Q3 = 0.261 ns, Max = 0.287 ns
IQR = 0.018 ns, LowerFence = 0.215 ns, UpperFence = 0.288 ns
ConfidenceInterval = [0.238 ns; 0.276 ns] (CI 99.9%), Margin = 0.019 ns (7.33% of Mean)
Skewness = 0.58, Kurtosis = 1.91, MValue = 2.86

// ** Remained 50 (54.9%) benchmark(s) to run. Estimated finish 2026-03-01 10:01 (0h 4m from now) **
// **************************
// Benchmark: Scenario1.S1_CheckVoidSuccess_SimpleResults: .NET 10.0(Runtime=.NET 10.0, IterationTime=100ms) [Iterations=2]
// *** Execute ***
// Launch: 1 / 1
// Execute: dotnet "Enumerations.Options.Benchmarks-.NET 10.0-1.dll" --anonymousPipes 116 118 --benchmarkName "ReillyDigital.Enumerations.Options.Benchmarks.Scenarios.Scenario1.S1_CheckVoidSuccess_SimpleResults(Iterations: 2)" --job ".NET 10.0" --benchmarkId 41 in /media/andrew/Slowverflow/x/devs/reilly-digital/dotnet/enumerations.options/src/Enumerations.Options.Benchmarks/bin/Debug/net10.0/Enumerations.Options.Benchmarks-.NET 10.0-1/bin/Release/net10.0
// Failed to set up high priority (Permission denied). In order to run benchmarks with high priority, make sure you have the right permissions.
// BeforeAnythingElse

// Benchmark Process Environment Information:
// BenchmarkDotNet v0.15.8
// Runtime=.NET 10.0.3 (10.0.3, 10.0.326.7603), X64 RyuJIT x86-64-v3
// GC=Concurrent Workstation
// HardwareIntrinsics=AVX2+BMI1+BMI2+F16C+FMA+LZCNT+MOVBE,AVX,SSE3+SSSE3+SSE4.1+SSE4.2+POPCNT,X86Base+SSE+SSE2,AES+PCLMUL VectorSize=256
// Job: .NET 10.0(IterationTime=100ms)

OverheadJitting  1: 1 op, 152459.00 ns, 152.4590 us/op
WorkloadJitting  1: 1 op, 9807089.00 ns, 9.8071 ms/op

WorkloadPilot    1: 4 op, 6272.00 ns, 1.5680 us/op
WorkloadPilot    2: 63776 op, 40110075.00 ns, 628.9211 ns/op
WorkloadPilot    3: 159002 op, 93750266.00 ns, 589.6169 ns/op
WorkloadPilot    4: 169602 op, 61135404.00 ns, 360.4639 ns/op
WorkloadPilot    5: 277420 op, 43987636.00 ns, 158.5597 ns/op
WorkloadPilot    6: 630677 op, 98469051.00 ns, 156.1323 ns/op
WorkloadPilot    7: 640482 op, 100863865.00 ns, 157.4812 ns/op
WorkloadPilot    8: 634996 op, 99749996.00 ns, 157.0876 ns/op
WorkloadPilot    9: 636587 op, 99841139.00 ns, 156.8382 ns/op
WorkloadPilot   10: 637600 op, 101622282.00 ns, 159.3825 ns/op
WorkloadPilot   11: 627421 op, 97878122.00 ns, 156.0007 ns/op
WorkloadPilot   12: 641023 op, 102835909.00 ns, 160.4247 ns/op

WorkloadWarmup   1: 641023 op, 99911933.00 ns, 155.8633 ns/op
WorkloadWarmup   2: 641023 op, 102987206.00 ns, 160.6607 ns/op
WorkloadWarmup   3: 641023 op, 100628109.00 ns, 156.9805 ns/op
WorkloadWarmup   4: 641023 op, 102271731.00 ns, 159.5446 ns/op
WorkloadWarmup   5: 641023 op, 99416225.00 ns, 155.0899 ns/op
WorkloadWarmup   6: 641023 op, 100579558.00 ns, 156.9048 ns/op

// BeforeActualRun
WorkloadActual   1: 641023 op, 101292176.00 ns, 158.0164 ns/op
WorkloadActual   2: 641023 op, 100949157.00 ns, 157.4813 ns/op
WorkloadActual   3: 641023 op, 99623077.00 ns, 155.4126 ns/op
WorkloadActual   4: 641023 op, 101741547.00 ns, 158.7175 ns/op
WorkloadActual   5: 641023 op, 101322294.00 ns, 158.0634 ns/op
WorkloadActual   6: 641023 op, 101546989.00 ns, 158.4140 ns/op
WorkloadActual   7: 641023 op, 102059169.00 ns, 159.2130 ns/op
WorkloadActual   8: 641023 op, 101277719.00 ns, 157.9939 ns/op
WorkloadActual   9: 641023 op, 101780601.00 ns, 158.7784 ns/op
WorkloadActual  10: 641023 op, 101139778.00 ns, 157.7787 ns/op
WorkloadActual  11: 641023 op, 100161195.00 ns, 156.2521 ns/op
WorkloadActual  12: 641023 op, 100787912.00 ns, 157.2298 ns/op
WorkloadActual  13: 641023 op, 100841794.00 ns, 157.3138 ns/op
WorkloadActual  14: 641023 op, 100276644.00 ns, 156.4322 ns/op
WorkloadActual  15: 641023 op, 104505280.00 ns, 163.0289 ns/op

// AfterActualRun
WorkloadResult   1: 641023 op, 101292176.00 ns, 158.0164 ns/op
WorkloadResult   2: 641023 op, 100949157.00 ns, 157.4813 ns/op
WorkloadResult   3: 641023 op, 99623077.00 ns, 155.4126 ns/op
WorkloadResult   4: 641023 op, 101741547.00 ns, 158.7175 ns/op
WorkloadResult   5: 641023 op, 101322294.00 ns, 158.0634 ns/op
WorkloadResult   6: 641023 op, 101546989.00 ns, 158.4140 ns/op
WorkloadResult   7: 641023 op, 102059169.00 ns, 159.2130 ns/op
WorkloadResult   8: 641023 op, 101277719.00 ns, 157.9939 ns/op
WorkloadResult   9: 641023 op, 101780601.00 ns, 158.7784 ns/op
WorkloadResult  10: 641023 op, 101139778.00 ns, 157.7787 ns/op
WorkloadResult  11: 641023 op, 100161195.00 ns, 156.2521 ns/op
WorkloadResult  12: 641023 op, 100787912.00 ns, 157.2298 ns/op
WorkloadResult  13: 641023 op, 100841794.00 ns, 157.3138 ns/op
WorkloadResult  14: 641023 op, 100276644.00 ns, 156.4322 ns/op
// GC:  6 0 0 51281840 641023
// Threading:  0 0 641023

// AfterAll
// Benchmark Process 13363 has exited with code 0.

Mean = 157.650 ns, StdErr = 0.284 ns (0.18%), N = 14, StdDev = 1.061 ns
Min = 155.413 ns, Q1 = 157.251 ns, Median = 157.886 ns, Q3 = 158.326 ns, Max = 159.213 ns
IQR = 1.076 ns, LowerFence = 155.638 ns, UpperFence = 159.940 ns
ConfidenceInterval = [156.453 ns; 158.847 ns] (CI 99.9%), Margin = 1.197 ns (0.76% of Mean)
Skewness = -0.52, Kurtosis = 2.28, MValue = 2

// ** Remained 49 (53.8%) benchmark(s) to run. Estimated finish 2026-03-01 10:01 (0h 4m from now) **
// **************************
// Benchmark: Scenario1.S1_ReturnOptionStringErrorNoMessage_ArdalisResult: .NET 10.0(Runtime=.NET 10.0, IterationTime=100ms) [Iterations=2]
// *** Execute ***
// Launch: 1 / 1
// Execute: dotnet "Enumerations.Options.Benchmarks-.NET 10.0-1.dll" --anonymousPipes 116 118 --benchmarkName "ReillyDigital.Enumerations.Options.Benchmarks.Scenarios.Scenario1.S1_ReturnOptionStringErrorNoMessage_ArdalisResult(Iterations: 2)" --job ".NET 10.0" --benchmarkId 42 in /media/andrew/Slowverflow/x/devs/reilly-digital/dotnet/enumerations.options/src/Enumerations.Options.Benchmarks/bin/Debug/net10.0/Enumerations.Options.Benchmarks-.NET 10.0-1/bin/Release/net10.0
// Failed to set up high priority (Permission denied). In order to run benchmarks with high priority, make sure you have the right permissions.
// BeforeAnythingElse

// Benchmark Process Environment Information:
// BenchmarkDotNet v0.15.8
// Runtime=.NET 10.0.3 (10.0.3, 10.0.326.7603), X64 RyuJIT x86-64-v3
// GC=Concurrent Workstation
// HardwareIntrinsics=AVX2+BMI1+BMI2+F16C+FMA+LZCNT+MOVBE,AVX,SSE3+SSSE3+SSE4.1+SSE4.2+POPCNT,X86Base+SSE+SSE2,AES+PCLMUL VectorSize=256
// Job: .NET 10.0(IterationTime=100ms)

OverheadJitting  1: 1 op, 154683.00 ns, 154.6830 us/op
WorkloadJitting  1: 1 op, 2598901.00 ns, 2.5989 ms/op

OverheadJitting  2: 16 op, 198726.00 ns, 12.4204 us/op
WorkloadJitting  2: 16 op, 211270.00 ns, 13.2044 us/op

WorkloadPilot    1: 16 op, 2926.00 ns, 182.8750 ns/op
WorkloadPilot    2: 546832 op, 56651864.00 ns, 103.6001 ns/op
WorkloadPilot    3: 965264 op, 96861517.00 ns, 100.3472 ns/op
WorkloadPilot    4: 996544 op, 51348453.00 ns, 51.5265 ns/op
WorkloadPilot    5: 1940752 op, 41596559.00 ns, 21.4332 ns/op
WorkloadPilot    6: 4665664 op, 91018454.00 ns, 19.5081 ns/op
WorkloadPilot    7: 5126064 op, 98588618.00 ns, 19.2328 ns/op
WorkloadPilot    8: 5199456 op, 100482102.00 ns, 19.3255 ns/op
WorkloadPilot    9: 5174512 op, 99923535.00 ns, 19.3107 ns/op
WorkloadPilot   10: 5178480 op, 100329904.00 ns, 19.3744 ns/op
WorkloadPilot   11: 5161456 op, 98733552.00 ns, 19.1290 ns/op
WorkloadPilot   12: 5227664 op, 102043559.00 ns, 19.5199 ns/op

OverheadWarmup   1: 5227664 op, 13271348.00 ns, 2.5387 ns/op
OverheadWarmup   2: 5227664 op, 13431612.00 ns, 2.5693 ns/op
OverheadWarmup   3: 5227664 op, 13234558.00 ns, 2.5316 ns/op
OverheadWarmup   4: 5227664 op, 14087383.00 ns, 2.6948 ns/op
OverheadWarmup   5: 5227664 op, 13483640.00 ns, 2.5793 ns/op

OverheadActual   1: 5227664 op, 13110513.00 ns, 2.5079 ns/op
OverheadActual   2: 5227664 op, 13455697.00 ns, 2.5739 ns/op
OverheadActual   3: 5227664 op, 13681204.00 ns, 2.6171 ns/op
OverheadActual   4: 5227664 op, 13130642.00 ns, 2.5118 ns/op
OverheadActual   5: 5227664 op, 13227405.00 ns, 2.5303 ns/op
OverheadActual   6: 5227664 op, 13563962.00 ns, 2.5947 ns/op
OverheadActual   7: 5227664 op, 13881002.00 ns, 2.6553 ns/op
OverheadActual   8: 5227664 op, 13901541.00 ns, 2.6592 ns/op
OverheadActual   9: 5227664 op, 14507969.00 ns, 2.7752 ns/op
OverheadActual  10: 5227664 op, 16192859.00 ns, 3.0975 ns/op
OverheadActual  11: 5227664 op, 13846326.00 ns, 2.6487 ns/op
OverheadActual  12: 5227664 op, 13109772.00 ns, 2.5078 ns/op
OverheadActual  13: 5227664 op, 13306605.00 ns, 2.5454 ns/op
OverheadActual  14: 5227664 op, 12929070.00 ns, 2.4732 ns/op
OverheadActual  15: 5227664 op, 12953827.00 ns, 2.4779 ns/op

WorkloadWarmup   1: 5227664 op, 103801457.00 ns, 19.8562 ns/op
WorkloadWarmup   2: 5227664 op, 106272436.00 ns, 20.3289 ns/op
WorkloadWarmup   3: 5227664 op, 105004025.00 ns, 20.0862 ns/op
WorkloadWarmup   4: 5227664 op, 102622846.00 ns, 19.6307 ns/op
WorkloadWarmup   5: 5227664 op, 117818077.00 ns, 22.5374 ns/op
WorkloadWarmup   6: 5227664 op, 112438380.00 ns, 21.5083 ns/op

// BeforeActualRun
WorkloadActual   1: 5227664 op, 103814582.00 ns, 19.8587 ns/op
WorkloadActual   2: 5227664 op, 101350297.00 ns, 19.3873 ns/op
WorkloadActual   3: 5227664 op, 101119580.00 ns, 19.3432 ns/op
WorkloadActual   4: 5227664 op, 100430576.00 ns, 19.2114 ns/op
WorkloadActual   5: 5227664 op, 100683363.00 ns, 19.2597 ns/op
WorkloadActual   6: 5227664 op, 101627752.00 ns, 19.4404 ns/op
WorkloadActual   7: 5227664 op, 101039158.00 ns, 19.3278 ns/op
WorkloadActual   8: 5227664 op, 101697714.00 ns, 19.4538 ns/op
WorkloadActual   9: 5227664 op, 101007387.00 ns, 19.3217 ns/op
WorkloadActual  10: 5227664 op, 100532538.00 ns, 19.2309 ns/op
WorkloadActual  11: 5227664 op, 101826048.00 ns, 19.4783 ns/op
WorkloadActual  12: 5227664 op, 100675669.00 ns, 19.2583 ns/op
WorkloadActual  13: 5227664 op, 101078803.00 ns, 19.3354 ns/op
WorkloadActual  14: 5227664 op, 100684626.00 ns, 19.2600 ns/op
WorkloadActual  15: 5227664 op, 106528040.00 ns, 20.3778 ns/op

// AfterActualRun
WorkloadResult   1: 5227664 op, 87894600.00 ns, 16.8134 ns/op
WorkloadResult   2: 5227664 op, 87663883.00 ns, 16.7692 ns/op
WorkloadResult   3: 5227664 op, 86974879.00 ns, 16.6374 ns/op
WorkloadResult   4: 5227664 op, 87227666.00 ns, 16.6858 ns/op
WorkloadResult   5: 5227664 op, 88172055.00 ns, 16.8664 ns/op
WorkloadResult   6: 5227664 op, 87583461.00 ns, 16.7538 ns/op
WorkloadResult   7: 5227664 op, 88242017.00 ns, 16.8798 ns/op
WorkloadResult   8: 5227664 op, 87551690.00 ns, 16.7478 ns/op
WorkloadResult   9: 5227664 op, 87076841.00 ns, 16.6569 ns/op
WorkloadResult  10: 5227664 op, 88370351.00 ns, 16.9044 ns/op
WorkloadResult  11: 5227664 op, 87219972.00 ns, 16.6843 ns/op
WorkloadResult  12: 5227664 op, 87623106.00 ns, 16.7614 ns/op
WorkloadResult  13: 5227664 op, 87228929.00 ns, 16.6860 ns/op
// GC:  90 0 0 752783616 5227664
// Threading:  0 0 5227664

// AfterAll
// Benchmark Process 13395 has exited with code 0.

Mean = 16.757 ns, StdErr = 0.024 ns (0.14%), N = 13, StdDev = 0.088 ns
Min = 16.637 ns, Q1 = 16.686 ns, Median = 16.754 ns, Q3 = 16.813 ns, Max = 16.904 ns
IQR = 0.128 ns, LowerFence = 16.494 ns, UpperFence = 17.005 ns
ConfidenceInterval = [16.653 ns; 16.862 ns] (CI 99.9%), Margin = 0.105 ns (0.63% of Mean)
Skewness = 0.3, Kurtosis = 1.61, MValue = 2

// ** Remained 48 (52.7%) benchmark(s) to run. Estimated finish 2026-03-01 10:01 (0h 4m from now) **
// **************************
// Benchmark: Scenario1.S1_ReturnOptionStringErrorNoMessage_EnumerationsOptionsBoxed: .NET 10.0(Runtime=.NET 10.0, IterationTime=100ms) [Iterations=2]
// *** Execute ***
// Launch: 1 / 1
// Execute: dotnet "Enumerations.Options.Benchmarks-.NET 10.0-1.dll" --anonymousPipes 116 118 --benchmarkName "ReillyDigital.Enumerations.Options.Benchmarks.Scenarios.Scenario1.S1_ReturnOptionStringErrorNoMessage_EnumerationsOptionsBoxed(Iterations: 2)" --job ".NET 10.0" --benchmarkId 43 in /media/andrew/Slowverflow/x/devs/reilly-digital/dotnet/enumerations.options/src/Enumerations.Options.Benchmarks/bin/Debug/net10.0/Enumerations.Options.Benchmarks-.NET 10.0-1/bin/Release/net10.0
// Failed to set up high priority (Permission denied). In order to run benchmarks with high priority, make sure you have the right permissions.
// BeforeAnythingElse

// Benchmark Process Environment Information:
// BenchmarkDotNet v0.15.8
// Runtime=.NET 10.0.3 (10.0.3, 10.0.326.7603), X64 RyuJIT x86-64-v3
// GC=Concurrent Workstation
// HardwareIntrinsics=AVX2+BMI1+BMI2+F16C+FMA+LZCNT+MOVBE,AVX,SSE3+SSSE3+SSE4.1+SSE4.2+POPCNT,X86Base+SSE+SSE2,AES+PCLMUL VectorSize=256
// Job: .NET 10.0(IterationTime=100ms)

OverheadJitting  1: 1 op, 160735.00 ns, 160.7350 us/op
WorkloadJitting  1: 1 op, 2939465.00 ns, 2.9395 ms/op

OverheadJitting  2: 16 op, 195831.00 ns, 12.2394 us/op
WorkloadJitting  2: 16 op, 215007.00 ns, 13.4379 us/op

WorkloadPilot    1: 16 op, 972.00 ns, 60.7500 ns/op
WorkloadPilot    2: 1646096 op, 56384528.00 ns, 34.2535 ns/op
WorkloadPilot    3: 2919424 op, 98984647.00 ns, 33.9055 ns/op
WorkloadPilot    4: 2949376 op, 36429766.00 ns, 12.3517 ns/op
WorkloadPilot    5: 8096064 op, 14152647.00 ns, 1.7481 ns/op
WorkloadPilot    6: 57205312 op, 100392733.00 ns, 1.7550 ns/op
WorkloadPilot    7: 56981536 op, 99975674.00 ns, 1.7545 ns/op
WorkloadPilot    8: 56995408 op, 100117172.00 ns, 1.7566 ns/op
WorkloadPilot    9: 56928704 op, 101348573.00 ns, 1.7803 ns/op

OverheadWarmup   1: 56928704 op, 143297730.00 ns, 2.5171 ns/op
OverheadWarmup   2: 56928704 op, 108927633.00 ns, 1.9134 ns/op
OverheadWarmup   3: 56928704 op, 86942076.00 ns, 1.5272 ns/op
OverheadWarmup   4: 56928704 op, 86078531.00 ns, 1.5120 ns/op
OverheadWarmup   5: 56928704 op, 86554342.00 ns, 1.5204 ns/op
OverheadWarmup   6: 56928704 op, 86915205.00 ns, 1.5267 ns/op
OverheadWarmup   7: 56928704 op, 86962545.00 ns, 1.5276 ns/op
OverheadWarmup   8: 56928704 op, 86896710.00 ns, 1.5264 ns/op
OverheadWarmup   9: 56928704 op, 87427345.00 ns, 1.5357 ns/op
OverheadWarmup  10: 56928704 op, 87191749.00 ns, 1.5316 ns/op

OverheadActual   1: 56928704 op, 88025116.00 ns, 1.5462 ns/op
OverheadActual   2: 56928704 op, 87871436.00 ns, 1.5435 ns/op
OverheadActual   3: 56928704 op, 86897201.00 ns, 1.5264 ns/op
OverheadActual   4: 56928704 op, 87123790.00 ns, 1.5304 ns/op
OverheadActual   5: 56928704 op, 87356842.00 ns, 1.5345 ns/op
OverheadActual   6: 56928704 op, 87108641.00 ns, 1.5301 ns/op
OverheadActual   7: 56928704 op, 87155260.00 ns, 1.5310 ns/op
OverheadActual   8: 56928704 op, 86515969.00 ns, 1.5197 ns/op
OverheadActual   9: 56928704 op, 86196515.00 ns, 1.5141 ns/op
OverheadActual  10: 56928704 op, 86137903.00 ns, 1.5131 ns/op
OverheadActual  11: 56928704 op, 86475723.00 ns, 1.5190 ns/op
OverheadActual  12: 56928704 op, 85810463.00 ns, 1.5073 ns/op
OverheadActual  13: 56928704 op, 86558510.00 ns, 1.5205 ns/op
OverheadActual  14: 56928704 op, 85717798.00 ns, 1.5057 ns/op
OverheadActual  15: 56928704 op, 86013518.00 ns, 1.5109 ns/op

WorkloadWarmup   1: 56928704 op, 100258118.00 ns, 1.7611 ns/op
WorkloadWarmup   2: 56928704 op, 100318764.00 ns, 1.7622 ns/op
WorkloadWarmup   3: 56928704 op, 99775335.00 ns, 1.7526 ns/op
WorkloadWarmup   4: 56928704 op, 99671768.00 ns, 1.7508 ns/op
WorkloadWarmup   5: 56928704 op, 100503373.00 ns, 1.7654 ns/op
WorkloadWarmup   6: 56928704 op, 105074619.00 ns, 1.8457 ns/op
WorkloadWarmup   7: 56928704 op, 102855777.00 ns, 1.8067 ns/op

// BeforeActualRun
WorkloadActual   1: 56928704 op, 101560415.00 ns, 1.7840 ns/op
WorkloadActual   2: 56928704 op, 101907522.00 ns, 1.7901 ns/op
WorkloadActual   3: 56928704 op, 101496384.00 ns, 1.7829 ns/op
WorkloadActual   4: 56928704 op, 101594699.00 ns, 1.7846 ns/op
WorkloadActual   5: 56928704 op, 101510730.00 ns, 1.7831 ns/op
WorkloadActual   6: 56928704 op, 100992709.00 ns, 1.7740 ns/op
WorkloadActual   7: 56928704 op, 105727695.00 ns, 1.8572 ns/op
WorkloadActual   8: 56928704 op, 114701786.00 ns, 2.0148 ns/op
WorkloadActual   9: 56928704 op, 100745772.00 ns, 1.7697 ns/op
WorkloadActual  10: 56928704 op, 100450172.00 ns, 1.7645 ns/op
WorkloadActual  11: 56928704 op, 100297773.00 ns, 1.7618 ns/op
WorkloadActual  12: 56928704 op, 101921879.00 ns, 1.7903 ns/op
WorkloadActual  13: 56928704 op, 100790627.00 ns, 1.7705 ns/op
WorkloadActual  14: 56928704 op, 100627248.00 ns, 1.7676 ns/op
WorkloadActual  15: 56928704 op, 100731605.00 ns, 1.7694 ns/op

// AfterActualRun
WorkloadResult   1: 56928704 op, 15001905.00 ns, 0.2635 ns/op
WorkloadResult   2: 56928704 op, 15349012.00 ns, 0.2696 ns/op
WorkloadResult   3: 56928704 op, 14937874.00 ns, 0.2624 ns/op
WorkloadResult   4: 56928704 op, 15036189.00 ns, 0.2641 ns/op
WorkloadResult   5: 56928704 op, 14952220.00 ns, 0.2626 ns/op
WorkloadResult   6: 56928704 op, 14434199.00 ns, 0.2535 ns/op
WorkloadResult   7: 56928704 op, 14187262.00 ns, 0.2492 ns/op
WorkloadResult   8: 56928704 op, 13891662.00 ns, 0.2440 ns/op
WorkloadResult   9: 56928704 op, 13739263.00 ns, 0.2413 ns/op
WorkloadResult  10: 56928704 op, 15363369.00 ns, 0.2699 ns/op
WorkloadResult  11: 56928704 op, 14232117.00 ns, 0.2500 ns/op
WorkloadResult  12: 56928704 op, 14068738.00 ns, 0.2471 ns/op
WorkloadResult  13: 56928704 op, 14173095.00 ns, 0.2490 ns/op
// GC:  0 0 0 0 56928704
// Threading:  0 0 56928704

// AfterAll
// Benchmark Process 13426 has exited with code 0.

Mean = 0.256 ns, StdErr = 0.003 ns (1.07%), N = 13, StdDev = 0.010 ns
Min = 0.241 ns, Q1 = 0.249 ns, Median = 0.254 ns, Q3 = 0.264 ns, Max = 0.270 ns
IQR = 0.015 ns, LowerFence = 0.227 ns, UpperFence = 0.285 ns
ConfidenceInterval = [0.244 ns; 0.268 ns] (CI 99.9%), Margin = 0.012 ns (4.60% of Mean)
Skewness = 0.06, Kurtosis = 1.33, MValue = 3.67

// ** Remained 47 (51.6%) benchmark(s) to run. Estimated finish 2026-03-01 10:01 (0h 4m from now) **
// **************************
// Benchmark: Scenario1.S1_ReturnOptionStringErrorNoMessage_EnumerationsOptions: .NET 10.0(Runtime=.NET 10.0, IterationTime=100ms) [Iterations=2]
// *** Execute ***
// Launch: 1 / 1
// Execute: dotnet "Enumerations.Options.Benchmarks-.NET 10.0-1.dll" --anonymousPipes 116 118 --benchmarkName "ReillyDigital.Enumerations.Options.Benchmarks.Scenarios.Scenario1.S1_ReturnOptionStringErrorNoMessage_EnumerationsOptions(Iterations: 2)" --job ".NET 10.0" --benchmarkId 44 in /media/andrew/Slowverflow/x/devs/reilly-digital/dotnet/enumerations.options/src/Enumerations.Options.Benchmarks/bin/Debug/net10.0/Enumerations.Options.Benchmarks-.NET 10.0-1/bin/Release/net10.0
// Failed to set up high priority (Permission denied). In order to run benchmarks with high priority, make sure you have the right permissions.
// BeforeAnythingElse

// Benchmark Process Environment Information:
// BenchmarkDotNet v0.15.8
// Runtime=.NET 10.0.3 (10.0.3, 10.0.326.7603), X64 RyuJIT x86-64-v3
// GC=Concurrent Workstation
// HardwareIntrinsics=AVX2+BMI1+BMI2+F16C+FMA+LZCNT+MOVBE,AVX,SSE3+SSSE3+SSE4.1+SSE4.2+POPCNT,X86Base+SSE+SSE2,AES+PCLMUL VectorSize=256
// Job: .NET 10.0(IterationTime=100ms)

OverheadJitting  1: 1 op, 156176.00 ns, 156.1760 us/op
WorkloadJitting  1: 1 op, 3336658.00 ns, 3.3367 ms/op

OverheadJitting  2: 16 op, 231228.00 ns, 14.4518 us/op
WorkloadJitting  2: 16 op, 199658.00 ns, 12.4786 us/op

WorkloadPilot    1: 16 op, 2775.00 ns, 173.4375 ns/op
WorkloadPilot    2: 576592 op, 53124526.00 ns, 92.1354 ns/op
WorkloadPilot    3: 1085360 op, 96843203.00 ns, 89.2268 ns/op
WorkloadPilot    4: 1120752 op, 38923026.00 ns, 34.7294 ns/op
WorkloadPilot    5: 2879408 op, 5132829.00 ns, 1.7826 ns/op
WorkloadPilot    6: 56097888 op, 100135747.00 ns, 1.7850 ns/op
WorkloadPilot    7: 56021840 op, 99721442.00 ns, 1.7800 ns/op
WorkloadPilot    8: 56178336 op, 100108244.00 ns, 1.7820 ns/op
WorkloadPilot    9: 56117600 op, 99897556.00 ns, 1.7801 ns/op
WorkloadPilot   10: 56175152 op, 99965294.00 ns, 1.7795 ns/op
WorkloadPilot   11: 56194656 op, 99702627.00 ns, 1.7742 ns/op
WorkloadPilot   12: 56362272 op, 100280090.00 ns, 1.7792 ns/op

OverheadWarmup   1: 56362272 op, 141431406.00 ns, 2.5093 ns/op
OverheadWarmup   2: 56362272 op, 110343574.00 ns, 1.9578 ns/op
OverheadWarmup   3: 56362272 op, 86100573.00 ns, 1.5276 ns/op
OverheadWarmup   4: 56362272 op, 85998139.00 ns, 1.5258 ns/op
OverheadWarmup   5: 56362272 op, 85785305.00 ns, 1.5220 ns/op
OverheadWarmup   6: 56362272 op, 86136992.00 ns, 1.5283 ns/op
OverheadWarmup   7: 56362272 op, 86315610.00 ns, 1.5314 ns/op
OverheadWarmup   8: 56362272 op, 85958113.00 ns, 1.5251 ns/op
OverheadWarmup   9: 56362272 op, 86164454.00 ns, 1.5288 ns/op
OverheadWarmup  10: 56362272 op, 85978973.00 ns, 1.5255 ns/op

OverheadActual   1: 56362272 op, 86025109.00 ns, 1.5263 ns/op
OverheadActual   2: 56362272 op, 86194030.00 ns, 1.5293 ns/op
OverheadActual   3: 56362272 op, 86233715.00 ns, 1.5300 ns/op
OverheadActual   4: 56362272 op, 85591459.00 ns, 1.5186 ns/op
OverheadActual   5: 56362272 op, 85560600.00 ns, 1.5180 ns/op
OverheadActual   6: 56362272 op, 85492472.00 ns, 1.5168 ns/op
OverheadActual   7: 56362272 op, 85499355.00 ns, 1.5170 ns/op
OverheadActual   8: 56362272 op, 85796988.00 ns, 1.5222 ns/op
OverheadActual   9: 56362272 op, 85523080.00 ns, 1.5174 ns/op
OverheadActual  10: 56362272 op, 86078050.00 ns, 1.5272 ns/op
OverheadActual  11: 56362272 op, 85606788.00 ns, 1.5189 ns/op
OverheadActual  12: 56362272 op, 86210541.00 ns, 1.5296 ns/op
OverheadActual  13: 56362272 op, 87361029.00 ns, 1.5500 ns/op
OverheadActual  14: 56362272 op, 87990711.00 ns, 1.5612 ns/op
OverheadActual  15: 56362272 op, 87655697.00 ns, 1.5552 ns/op

WorkloadWarmup   1: 56362272 op, 102259298.00 ns, 1.8143 ns/op
WorkloadWarmup   2: 56362272 op, 101817421.00 ns, 1.8065 ns/op
WorkloadWarmup   3: 56362272 op, 101473229.00 ns, 1.8004 ns/op
WorkloadWarmup   4: 56362272 op, 100640413.00 ns, 1.7856 ns/op
WorkloadWarmup   5: 56362272 op, 100033604.00 ns, 1.7748 ns/op
WorkloadWarmup   6: 56362272 op, 100269671.00 ns, 1.7790 ns/op
WorkloadWarmup   7: 56362272 op, 99976195.00 ns, 1.7738 ns/op
WorkloadWarmup   8: 56362272 op, 99954043.00 ns, 1.7734 ns/op
WorkloadWarmup   9: 56362272 op, 99931861.00 ns, 1.7730 ns/op
WorkloadWarmup  10: 56362272 op, 122708687.00 ns, 2.1771 ns/op
WorkloadWarmup  11: 56362272 op, 100295409.00 ns, 1.7795 ns/op

// BeforeActualRun
WorkloadActual   1: 56362272 op, 100392763.00 ns, 1.7812 ns/op
WorkloadActual   2: 56362272 op, 100746674.00 ns, 1.7875 ns/op
WorkloadActual   3: 56362272 op, 100199087.00 ns, 1.7778 ns/op
WorkloadActual   4: 56362272 op, 100034084.00 ns, 1.7748 ns/op
WorkloadActual   5: 56362272 op, 100218324.00 ns, 1.7781 ns/op
WorkloadActual   6: 56362272 op, 101646908.00 ns, 1.8035 ns/op
WorkloadActual   7: 56362272 op, 102127898.00 ns, 1.8120 ns/op
WorkloadActual   8: 56362272 op, 101874078.00 ns, 1.8075 ns/op
WorkloadActual   9: 56362272 op, 100923117.00 ns, 1.7906 ns/op
WorkloadActual  10: 56362272 op, 102569866.00 ns, 1.8198 ns/op
WorkloadActual  11: 56362272 op, 100281213.00 ns, 1.7792 ns/op
WorkloadActual  12: 56362272 op, 101595250.00 ns, 1.8025 ns/op
WorkloadActual  13: 56362272 op, 100943807.00 ns, 1.7910 ns/op
WorkloadActual  14: 56362272 op, 100042370.00 ns, 1.7750 ns/op
WorkloadActual  15: 56362272 op, 100096913.00 ns, 1.7760 ns/op

// AfterActualRun
WorkloadResult   1: 56362272 op, 14367654.00 ns, 0.2549 ns/op
WorkloadResult   2: 56362272 op, 14721565.00 ns, 0.2612 ns/op
WorkloadResult   3: 56362272 op, 14173978.00 ns, 0.2515 ns/op
WorkloadResult   4: 56362272 op, 14008975.00 ns, 0.2486 ns/op
WorkloadResult   5: 56362272 op, 14193215.00 ns, 0.2518 ns/op
WorkloadResult   6: 56362272 op, 15621799.00 ns, 0.2772 ns/op
WorkloadResult   7: 56362272 op, 16102789.00 ns, 0.2857 ns/op
WorkloadResult   8: 56362272 op, 15848969.00 ns, 0.2812 ns/op
WorkloadResult   9: 56362272 op, 14898008.00 ns, 0.2643 ns/op
WorkloadResult  10: 56362272 op, 16544757.00 ns, 0.2935 ns/op
WorkloadResult  11: 56362272 op, 14256104.00 ns, 0.2529 ns/op
WorkloadResult  12: 56362272 op, 15570141.00 ns, 0.2763 ns/op
WorkloadResult  13: 56362272 op, 14918698.00 ns, 0.2647 ns/op
WorkloadResult  14: 56362272 op, 14017261.00 ns, 0.2487 ns/op
WorkloadResult  15: 56362272 op, 14071804.00 ns, 0.2497 ns/op
// GC:  0 0 0 0 56362272
// Threading:  0 0 56362272

// AfterAll
// Benchmark Process 13489 has exited with code 0.

Mean = 0.264 ns, StdErr = 0.004 ns (1.47%), N = 15, StdDev = 0.015 ns
Min = 0.249 ns, Q1 = 0.252 ns, Median = 0.261 ns, Q3 = 0.277 ns, Max = 0.294 ns
IQR = 0.025 ns, LowerFence = 0.214 ns, UpperFence = 0.314 ns
ConfidenceInterval = [0.248 ns; 0.280 ns] (CI 99.9%), Margin = 0.016 ns (6.08% of Mean)
Skewness = 0.55, Kurtosis = 1.74, MValue = 2.67

// ** Remained 46 (50.5%) benchmark(s) to run. Estimated finish 2026-03-01 10:01 (0h 4m from now) **
// **************************
// Benchmark: Scenario1.S1_ReturnOptionStringErrorNoMessage_FluentResults: .NET 10.0(Runtime=.NET 10.0, IterationTime=100ms) [Iterations=2]
// *** Execute ***
// Launch: 1 / 1
// Execute: dotnet "Enumerations.Options.Benchmarks-.NET 10.0-1.dll" --anonymousPipes 116 118 --benchmarkName "ReillyDigital.Enumerations.Options.Benchmarks.Scenarios.Scenario1.S1_ReturnOptionStringErrorNoMessage_FluentResults(Iterations: 2)" --job ".NET 10.0" --benchmarkId 45 in /media/andrew/Slowverflow/x/devs/reilly-digital/dotnet/enumerations.options/src/Enumerations.Options.Benchmarks/bin/Debug/net10.0/Enumerations.Options.Benchmarks-.NET 10.0-1/bin/Release/net10.0
// Failed to set up high priority (Permission denied). In order to run benchmarks with high priority, make sure you have the right permissions.
// BeforeAnythingElse

// Benchmark Process Environment Information:
// BenchmarkDotNet v0.15.8
// Runtime=.NET 10.0.3 (10.0.3, 10.0.326.7603), X64 RyuJIT x86-64-v3
// GC=Concurrent Workstation
// HardwareIntrinsics=AVX2+BMI1+BMI2+F16C+FMA+LZCNT+MOVBE,AVX,SSE3+SSSE3+SSE4.1+SSE4.2+POPCNT,X86Base+SSE+SSE2,AES+PCLMUL VectorSize=256
// Job: .NET 10.0(IterationTime=100ms)

OverheadJitting  1: 1 op, 154533.00 ns, 154.5330 us/op
WorkloadJitting  1: 1 op, 4402315.00 ns, 4.4023 ms/op

OverheadJitting  2: 16 op, 237981.00 ns, 14.8738 us/op
WorkloadJitting  2: 16 op, 235867.00 ns, 14.7417 us/op

WorkloadPilot    1: 16 op, 25989.00 ns, 1.6243 us/op
WorkloadPilot    2: 61568 op, 33333624.00 ns, 541.4115 ns/op
WorkloadPilot    3: 184704 op, 83561395.00 ns, 452.4071 ns/op
WorkloadPilot    4: 221040 op, 78329419.00 ns, 354.3676 ns/op
WorkloadPilot    5: 282208 op, 30849139.00 ns, 109.3135 ns/op
WorkloadPilot    6: 914800 op, 90717344.00 ns, 99.1663 ns/op
WorkloadPilot    7: 1008416 op, 96695874.00 ns, 95.8889 ns/op
WorkloadPilot    8: 1042880 op, 98425899.00 ns, 94.3789 ns/op
WorkloadPilot    9: 1059568 op, 101832790.00 ns, 96.1078 ns/op
WorkloadPilot   10: 1040512 op, 97941603.00 ns, 94.1283 ns/op
WorkloadPilot   11: 1062384 op, 102506536.00 ns, 96.4873 ns/op
WorkloadPilot   12: 1036416 op, 99483352.00 ns, 95.9879 ns/op
WorkloadPilot   13: 1041808 op, 99733475.00 ns, 95.7311 ns/op
WorkloadPilot   14: 1044592 op, 97861641.00 ns, 93.6841 ns/op
WorkloadPilot   15: 1067424 op, 101999897.00 ns, 95.5571 ns/op

OverheadWarmup   1: 1067424 op, 2941599.00 ns, 2.7558 ns/op
OverheadWarmup   2: 1067424 op, 2918376.00 ns, 2.7340 ns/op
OverheadWarmup   3: 1067424 op, 2943453.00 ns, 2.7575 ns/op
OverheadWarmup   4: 1067424 op, 2942110.00 ns, 2.7563 ns/op
OverheadWarmup   5: 1067424 op, 2923215.00 ns, 2.7386 ns/op
OverheadWarmup   6: 1067424 op, 2913467.00 ns, 2.7294 ns/op
OverheadWarmup   7: 1067424 op, 2928265.00 ns, 2.7433 ns/op
OverheadWarmup   8: 1067424 op, 2940668.00 ns, 2.7549 ns/op
OverheadWarmup   9: 1067424 op, 2898078.00 ns, 2.7150 ns/op

OverheadActual   1: 1067424 op, 2930448.00 ns, 2.7453 ns/op
OverheadActual   2: 1067424 op, 2931510.00 ns, 2.7463 ns/op
OverheadActual   3: 1067424 op, 2946469.00 ns, 2.7604 ns/op
OverheadActual   4: 1067424 op, 2904309.00 ns, 2.7209 ns/op
OverheadActual   5: 1067424 op, 2921441.00 ns, 2.7369 ns/op
OverheadActual   6: 1067424 op, 2925009.00 ns, 2.7403 ns/op
OverheadActual   7: 1067424 op, 2919578.00 ns, 2.7352 ns/op
OverheadActual   8: 1067424 op, 2973159.00 ns, 2.7854 ns/op
OverheadActual   9: 1067424 op, 3007224.00 ns, 2.8173 ns/op
OverheadActual  10: 1067424 op, 2980854.00 ns, 2.7926 ns/op
OverheadActual  11: 1067424 op, 2984641.00 ns, 2.7961 ns/op
OverheadActual  12: 1067424 op, 2996764.00 ns, 2.8075 ns/op
OverheadActual  13: 1067424 op, 2948723.00 ns, 2.7625 ns/op
OverheadActual  14: 1067424 op, 2942942.00 ns, 2.7571 ns/op
OverheadActual  15: 1067424 op, 2948954.00 ns, 2.7627 ns/op

WorkloadWarmup   1: 1067424 op, 105982157.00 ns, 99.2878 ns/op
WorkloadWarmup   2: 1067424 op, 106653067.00 ns, 99.9163 ns/op
WorkloadWarmup   3: 1067424 op, 99270679.00 ns, 93.0002 ns/op
WorkloadWarmup   4: 1067424 op, 98223998.00 ns, 92.0197 ns/op
WorkloadWarmup   5: 1067424 op, 98326361.00 ns, 92.1156 ns/op
WorkloadWarmup   6: 1067424 op, 98335949.00 ns, 92.1245 ns/op
WorkloadWarmup   7: 1067424 op, 98893265.00 ns, 92.6467 ns/op
WorkloadWarmup   8: 1067424 op, 102930819.00 ns, 96.4292 ns/op
WorkloadWarmup   9: 1067424 op, 106027723.00 ns, 99.3305 ns/op
WorkloadWarmup  10: 1067424 op, 100647146.00 ns, 94.2898 ns/op

// BeforeActualRun
WorkloadActual   1: 1067424 op, 102338858.00 ns, 95.8746 ns/op
WorkloadActual   2: 1067424 op, 103939359.00 ns, 97.3740 ns/op
WorkloadActual   3: 1067424 op, 107732280.00 ns, 100.9274 ns/op
WorkloadActual   4: 1067424 op, 105335122.00 ns, 98.6816 ns/op
WorkloadActual   5: 1067424 op, 109777262.00 ns, 102.8432 ns/op
WorkloadActual   6: 1067424 op, 103246076.00 ns, 96.7245 ns/op
WorkloadActual   7: 1067424 op, 107581755.00 ns, 100.7863 ns/op
WorkloadActual   8: 1067424 op, 102265649.00 ns, 95.8060 ns/op
WorkloadActual   9: 1067424 op, 102551972.00 ns, 96.0743 ns/op
WorkloadActual  10: 1067424 op, 104055218.00 ns, 97.4826 ns/op
WorkloadActual  11: 1067424 op, 102150632.00 ns, 95.6983 ns/op
WorkloadActual  12: 1067424 op, 103068650.00 ns, 96.5583 ns/op
WorkloadActual  13: 1067424 op, 101652950.00 ns, 95.2320 ns/op
WorkloadActual  14: 1067424 op, 103332259.00 ns, 96.8053 ns/op
WorkloadActual  15: 1067424 op, 101435287.00 ns, 95.0281 ns/op
WorkloadActual  16: 1067424 op, 102959083.00 ns, 96.4557 ns/op

// AfterActualRun
WorkloadResult   1: 1067424 op, 99392389.00 ns, 93.1143 ns/op
WorkloadResult   2: 1067424 op, 100992890.00 ns, 94.6137 ns/op
WorkloadResult   3: 1067424 op, 102388653.00 ns, 95.9213 ns/op
WorkloadResult   4: 1067424 op, 100299607.00 ns, 93.9642 ns/op
WorkloadResult   5: 1067424 op, 99319180.00 ns, 93.0457 ns/op
WorkloadResult   6: 1067424 op, 99605503.00 ns, 93.3139 ns/op
WorkloadResult   7: 1067424 op, 101108749.00 ns, 94.7222 ns/op
WorkloadResult   8: 1067424 op, 99204163.00 ns, 92.9379 ns/op
WorkloadResult   9: 1067424 op, 100122181.00 ns, 93.7979 ns/op
WorkloadResult  10: 1067424 op, 98706481.00 ns, 92.4717 ns/op
WorkloadResult  11: 1067424 op, 100385790.00 ns, 94.0449 ns/op
WorkloadResult  12: 1067424 op, 98488818.00 ns, 92.2678 ns/op
WorkloadResult  13: 1067424 op, 100012614.00 ns, 93.6953 ns/op
// GC:  69 0 0 580678656 1067424
// Threading:  0 0 1067424

// AfterAll
// Benchmark Process 13520 has exited with code 0.

Mean = 93.685 ns, StdErr = 0.278 ns (0.30%), N = 13, StdDev = 1.003 ns
Min = 92.268 ns, Q1 = 93.046 ns, Median = 93.695 ns, Q3 = 94.045 ns, Max = 95.921 ns
IQR = 0.999 ns, LowerFence = 91.547 ns, UpperFence = 95.544 ns
ConfidenceInterval = [92.484 ns; 94.886 ns] (CI 99.9%), Margin = 1.201 ns (1.28% of Mean)
Skewness = 0.58, Kurtosis = 2.56, MValue = 2

// ** Remained 45 (49.5%) benchmark(s) to run. Estimated finish 2026-03-01 10:01 (0h 3m from now) **
// **************************
// Benchmark: Scenario1.S1_ReturnOptionStringErrorNoMessage_LightResults: .NET 10.0(Runtime=.NET 10.0, IterationTime=100ms) [Iterations=2]
// *** Execute ***
// Launch: 1 / 1
// Execute: dotnet "Enumerations.Options.Benchmarks-.NET 10.0-1.dll" --anonymousPipes 116 118 --benchmarkName "ReillyDigital.Enumerations.Options.Benchmarks.Scenarios.Scenario1.S1_ReturnOptionStringErrorNoMessage_LightResults(Iterations: 2)" --job ".NET 10.0" --benchmarkId 46 in /media/andrew/Slowverflow/x/devs/reilly-digital/dotnet/enumerations.options/src/Enumerations.Options.Benchmarks/bin/Debug/net10.0/Enumerations.Options.Benchmarks-.NET 10.0-1/bin/Release/net10.0
// Failed to set up high priority (Permission denied). In order to run benchmarks with high priority, make sure you have the right permissions.
// BeforeAnythingElse

// Benchmark Process Environment Information:
// BenchmarkDotNet v0.15.8
// Runtime=.NET 10.0.3 (10.0.3, 10.0.326.7603), X64 RyuJIT x86-64-v3
// GC=Concurrent Workstation
// HardwareIntrinsics=AVX2+BMI1+BMI2+F16C+FMA+LZCNT+MOVBE,AVX,SSE3+SSSE3+SSE4.1+SSE4.2+POPCNT,X86Base+SSE+SSE2,AES+PCLMUL VectorSize=256
// Job: .NET 10.0(IterationTime=100ms)

OverheadJitting  1: 1 op, 161866.00 ns, 161.8660 us/op
WorkloadJitting  1: 1 op, 3677423.00 ns, 3.6774 ms/op

OverheadJitting  2: 16 op, 257548.00 ns, 16.0968 us/op
WorkloadJitting  2: 16 op, 198476.00 ns, 12.4048 us/op

WorkloadPilot    1: 16 op, 942.00 ns, 58.8750 ns/op
WorkloadPilot    2: 1698528 op, 50048532.00 ns, 29.4658 ns/op
WorkloadPilot    3: 3393776 op, 98093660.00 ns, 28.9040 ns/op
WorkloadPilot    4: 3459744 op, 36594668.00 ns, 10.5773 ns/op
WorkloadPilot    5: 9454240 op, 17921743.00 ns, 1.8956 ns/op
WorkloadPilot    6: 52752912 op, 94270812.00 ns, 1.7870 ns/op
WorkloadPilot    7: 55958912 op, 99833214.00 ns, 1.7840 ns/op
WorkloadPilot    8: 56052400 op, 101376587.00 ns, 1.8086 ns/op
WorkloadPilot    9: 55291280 op, 98733221.00 ns, 1.7857 ns/op
WorkloadPilot   10: 56000688 op, 99648645.00 ns, 1.7794 ns/op
WorkloadPilot   11: 56198144 op, 100070674.00 ns, 1.7807 ns/op
WorkloadPilot   12: 56158464 op, 101836918.00 ns, 1.8134 ns/op

OverheadWarmup   1: 56158464 op, 156903471.00 ns, 2.7939 ns/op
OverheadWarmup   2: 56158464 op, 103726405.00 ns, 1.8470 ns/op
OverheadWarmup   3: 56158464 op, 84232696.00 ns, 1.4999 ns/op
OverheadWarmup   4: 56158464 op, 84174997.00 ns, 1.4989 ns/op
OverheadWarmup   5: 56158464 op, 84953251.00 ns, 1.5127 ns/op
OverheadWarmup   6: 56158464 op, 84318037.00 ns, 1.5014 ns/op
OverheadWarmup   7: 56158464 op, 92895157.00 ns, 1.6542 ns/op
OverheadWarmup   8: 56158464 op, 85269409.00 ns, 1.5184 ns/op

OverheadActual   1: 56158464 op, 85415165.00 ns, 1.5210 ns/op
OverheadActual   2: 56158464 op, 85208063.00 ns, 1.5173 ns/op
OverheadActual   3: 56158464 op, 85293635.00 ns, 1.5188 ns/op
OverheadActual   4: 56158464 op, 85283395.00 ns, 1.5186 ns/op
OverheadActual   5: 56158464 op, 85761771.00 ns, 1.5271 ns/op
OverheadActual   6: 56158464 op, 85897819.00 ns, 1.5296 ns/op
OverheadActual   7: 56158464 op, 85309074.00 ns, 1.5191 ns/op
OverheadActual   8: 56158464 op, 85234823.00 ns, 1.5178 ns/op
OverheadActual   9: 56158464 op, 85228752.00 ns, 1.5176 ns/op
OverheadActual  10: 56158464 op, 85284537.00 ns, 1.5186 ns/op
OverheadActual  11: 56158464 op, 86724795.00 ns, 1.5443 ns/op
OverheadActual  12: 56158464 op, 86391694.00 ns, 1.5384 ns/op
OverheadActual  13: 56158464 op, 85466753.00 ns, 1.5219 ns/op
OverheadActual  14: 56158464 op, 86411852.00 ns, 1.5387 ns/op
OverheadActual  15: 56158464 op, 86281556.00 ns, 1.5364 ns/op

WorkloadWarmup   1: 56158464 op, 99371059.00 ns, 1.7695 ns/op
WorkloadWarmup   2: 56158464 op, 100383406.00 ns, 1.7875 ns/op
WorkloadWarmup   3: 56158464 op, 102842622.00 ns, 1.8313 ns/op
WorkloadWarmup   4: 56158464 op, 98619667.00 ns, 1.7561 ns/op
WorkloadWarmup   5: 56158464 op, 98483539.00 ns, 1.7537 ns/op
WorkloadWarmup   6: 56158464 op, 98875701.00 ns, 1.7607 ns/op
WorkloadWarmup   7: 56158464 op, 98922400.00 ns, 1.7615 ns/op
WorkloadWarmup   8: 56158464 op, 99110827.00 ns, 1.7648 ns/op
WorkloadWarmup   9: 56158464 op, 99902896.00 ns, 1.7789 ns/op
WorkloadWarmup  10: 56158464 op, 99971085.00 ns, 1.7802 ns/op
WorkloadWarmup  11: 56158464 op, 99228449.00 ns, 1.7669 ns/op

// BeforeActualRun
WorkloadActual   1: 56158464 op, 98818844.00 ns, 1.7596 ns/op
WorkloadActual   2: 56158464 op, 98899596.00 ns, 1.7611 ns/op
WorkloadActual   3: 56158464 op, 99609050.00 ns, 1.7737 ns/op
WorkloadActual   4: 56158464 op, 101801190.00 ns, 1.8127 ns/op
WorkloadActual   5: 56158464 op, 100596530.00 ns, 1.7913 ns/op
WorkloadActual   6: 56158464 op, 100342057.00 ns, 1.7868 ns/op
WorkloadActual   7: 56158464 op, 99787959.00 ns, 1.7769 ns/op
WorkloadActual   8: 56158464 op, 100064142.00 ns, 1.7818 ns/op
WorkloadActual   9: 56158464 op, 110996290.00 ns, 1.9765 ns/op
WorkloadActual  10: 56158464 op, 106331228.00 ns, 1.8934 ns/op
WorkloadActual  11: 56158464 op, 100416339.00 ns, 1.7881 ns/op
WorkloadActual  12: 56158464 op, 108189636.00 ns, 1.9265 ns/op
WorkloadActual  13: 56158464 op, 105208401.00 ns, 1.8734 ns/op
WorkloadActual  14: 56158464 op, 115332570.00 ns, 2.0537 ns/op
WorkloadActual  15: 56158464 op, 106453629.00 ns, 1.8956 ns/op
WorkloadActual  16: 56158464 op, 102681277.00 ns, 1.8284 ns/op
WorkloadActual  17: 56158464 op, 102932423.00 ns, 1.8329 ns/op
WorkloadActual  18: 56158464 op, 100709985.00 ns, 1.7933 ns/op
WorkloadActual  19: 56158464 op, 99578923.00 ns, 1.7732 ns/op
WorkloadActual  20: 56158464 op, 100530995.00 ns, 1.7901 ns/op
WorkloadActual  21: 56158464 op, 99188554.00 ns, 1.7662 ns/op
WorkloadActual  22: 56158464 op, 100359580.00 ns, 1.7871 ns/op
WorkloadActual  23: 56158464 op, 98870311.00 ns, 1.7606 ns/op
WorkloadActual  24: 56158464 op, 98887424.00 ns, 1.7609 ns/op
WorkloadActual  25: 56158464 op, 99061222.00 ns, 1.7640 ns/op
WorkloadActual  26: 56158464 op, 99756680.00 ns, 1.7763 ns/op

// AfterActualRun
WorkloadResult   1: 56158464 op, 13403679.00 ns, 0.2387 ns/op
WorkloadResult   2: 56158464 op, 13484431.00 ns, 0.2401 ns/op
WorkloadResult   3: 56158464 op, 14193885.00 ns, 0.2527 ns/op
WorkloadResult   4: 56158464 op, 16386025.00 ns, 0.2918 ns/op
WorkloadResult   5: 56158464 op, 15181365.00 ns, 0.2703 ns/op
WorkloadResult   6: 56158464 op, 14926892.00 ns, 0.2658 ns/op
WorkloadResult   7: 56158464 op, 14372794.00 ns, 0.2559 ns/op
WorkloadResult   8: 56158464 op, 14648977.00 ns, 0.2609 ns/op
WorkloadResult   9: 56158464 op, 20916063.00 ns, 0.3724 ns/op
WorkloadResult  10: 56158464 op, 15001174.00 ns, 0.2671 ns/op
WorkloadResult  11: 56158464 op, 19793236.00 ns, 0.3525 ns/op
WorkloadResult  12: 56158464 op, 21038464.00 ns, 0.3746 ns/op
WorkloadResult  13: 56158464 op, 17266112.00 ns, 0.3075 ns/op
WorkloadResult  14: 56158464 op, 17517258.00 ns, 0.3119 ns/op
WorkloadResult  15: 56158464 op, 15294820.00 ns, 0.2724 ns/op
WorkloadResult  16: 56158464 op, 14163758.00 ns, 0.2522 ns/op
WorkloadResult  17: 56158464 op, 15115830.00 ns, 0.2692 ns/op
WorkloadResult  18: 56158464 op, 13773389.00 ns, 0.2453 ns/op
WorkloadResult  19: 56158464 op, 14944415.00 ns, 0.2661 ns/op
WorkloadResult  20: 56158464 op, 13455146.00 ns, 0.2396 ns/op
WorkloadResult  21: 56158464 op, 13472259.00 ns, 0.2399 ns/op
WorkloadResult  22: 56158464 op, 13646057.00 ns, 0.2430 ns/op
WorkloadResult  23: 56158464 op, 14341515.00 ns, 0.2554 ns/op
// GC:  0 0 0 0 56158464
// Threading:  0 0 56158464

// AfterAll
// Benchmark Process 13553 has exited with code 0.

Mean = 0.276 ns, StdErr = 0.009 ns (3.11%), N = 23, StdDev = 0.041 ns
Min = 0.239 ns, Q1 = 0.249 ns, Median = 0.266 ns, Q3 = 0.282 ns, Max = 0.375 ns
IQR = 0.033 ns, LowerFence = 0.199 ns, UpperFence = 0.332 ns
ConfidenceInterval = [0.243 ns; 0.308 ns] (CI 99.9%), Margin = 0.033 ns (11.80% of Mean)
Skewness = 1.3, Kurtosis = 3.47, MValue = 2.55

// ** Remained 44 (48.4%) benchmark(s) to run. Estimated finish 2026-03-01 10:01 (0h 3m from now) **
// **************************
// Benchmark: Scenario1.S1_ReturnOptionStringErrorNoMessage_Rascal: .NET 10.0(Runtime=.NET 10.0, IterationTime=100ms) [Iterations=2]
// *** Execute ***
// Launch: 1 / 1
// Execute: dotnet "Enumerations.Options.Benchmarks-.NET 10.0-1.dll" --anonymousPipes 116 118 --benchmarkName "ReillyDigital.Enumerations.Options.Benchmarks.Scenarios.Scenario1.S1_ReturnOptionStringErrorNoMessage_Rascal(Iterations: 2)" --job ".NET 10.0" --benchmarkId 47 in /media/andrew/Slowverflow/x/devs/reilly-digital/dotnet/enumerations.options/src/Enumerations.Options.Benchmarks/bin/Debug/net10.0/Enumerations.Options.Benchmarks-.NET 10.0-1/bin/Release/net10.0
// Failed to set up high priority (Permission denied). In order to run benchmarks with high priority, make sure you have the right permissions.
// BeforeAnythingElse

// Benchmark Process Environment Information:
// BenchmarkDotNet v0.15.8
// Runtime=.NET 10.0.3 (10.0.3, 10.0.326.7603), X64 RyuJIT x86-64-v3
// GC=Concurrent Workstation
// HardwareIntrinsics=AVX2+BMI1+BMI2+F16C+FMA+LZCNT+MOVBE,AVX,SSE3+SSSE3+SSE4.1+SSE4.2+POPCNT,X86Base+SSE+SSE2,AES+PCLMUL VectorSize=256
// Job: .NET 10.0(IterationTime=100ms)

OverheadJitting  1: 1 op, 156897.00 ns, 156.8970 us/op
WorkloadJitting  1: 1 op, 3069372.00 ns, 3.0694 ms/op

OverheadJitting  2: 16 op, 221038.00 ns, 13.8149 us/op
WorkloadJitting  2: 16 op, 212473.00 ns, 13.2796 us/op

WorkloadPilot    1: 16 op, 3096.00 ns, 193.5000 ns/op
WorkloadPilot    2: 516800 op, 34471268.00 ns, 66.7014 ns/op
WorkloadPilot    3: 1499232 op, 83360295.00 ns, 55.6020 ns/op
WorkloadPilot    4: 1798512 op, 51348924.00 ns, 28.5508 ns/op
WorkloadPilot    5: 3502544 op, 47533480.00 ns, 13.5711 ns/op
WorkloadPilot    6: 7368592 op, 71985447.00 ns, 9.7692 ns/op
WorkloadPilot    7: 10236240 op, 108567171.00 ns, 10.6062 ns/op
WorkloadPilot    8: 9428496 op, 93386689.00 ns, 9.9047 ns/op
WorkloadPilot    9: 10096192 op, 96790744.00 ns, 9.5869 ns/op
WorkloadPilot   10: 10430960 op, 105812866.00 ns, 10.1441 ns/op
WorkloadPilot   11: 9857936 op, 95071658.00 ns, 9.6442 ns/op
WorkloadPilot   12: 10368960 op, 101162731.00 ns, 9.7563 ns/op

OverheadWarmup   1: 10368960 op, 28345640.00 ns, 2.7337 ns/op
OverheadWarmup   2: 10368960 op, 28246803.00 ns, 2.7242 ns/op
OverheadWarmup   3: 10368960 op, 28012358.00 ns, 2.7016 ns/op
OverheadWarmup   4: 10368960 op, 28082571.00 ns, 2.7083 ns/op
OverheadWarmup   5: 10368960 op, 28338706.00 ns, 2.7330 ns/op
OverheadWarmup   6: 10368960 op, 28053206.00 ns, 2.7055 ns/op
OverheadWarmup   7: 10368960 op, 28098502.00 ns, 2.7099 ns/op
OverheadWarmup   8: 10368960 op, 28174235.00 ns, 2.7172 ns/op
OverheadWarmup   9: 10368960 op, 28064207.00 ns, 2.7066 ns/op

OverheadActual   1: 10368960 op, 28057544.00 ns, 2.7059 ns/op
OverheadActual   2: 10368960 op, 28054930.00 ns, 2.7057 ns/op
OverheadActual   3: 10368960 op, 28103331.00 ns, 2.7103 ns/op
OverheadActual   4: 10368960 op, 28066301.00 ns, 2.7068 ns/op
OverheadActual   5: 10368960 op, 28229129.00 ns, 2.7225 ns/op
OverheadActual   6: 10368960 op, 28136023.00 ns, 2.7135 ns/op
OverheadActual   7: 10368960 op, 28143446.00 ns, 2.7142 ns/op
OverheadActual   8: 10368960 op, 28072813.00 ns, 2.7074 ns/op
OverheadActual   9: 10368960 op, 24346137.00 ns, 2.3480 ns/op
OverheadActual  10: 10368960 op, 18157079.00 ns, 1.7511 ns/op
OverheadActual  11: 10368960 op, 18240547.00 ns, 1.7591 ns/op
OverheadActual  12: 10368960 op, 18390891.00 ns, 1.7736 ns/op
OverheadActual  13: 10368960 op, 18273369.00 ns, 1.7623 ns/op
OverheadActual  14: 10368960 op, 18224416.00 ns, 1.7576 ns/op
OverheadActual  15: 10368960 op, 18215499.00 ns, 1.7567 ns/op
OverheadActual  16: 10368960 op, 18364201.00 ns, 1.7711 ns/op
OverheadActual  17: 10368960 op, 16422615.00 ns, 1.5838 ns/op
OverheadActual  18: 10368960 op, 15693645.00 ns, 1.5135 ns/op
OverheadActual  19: 10368960 op, 15643469.00 ns, 1.5087 ns/op
OverheadActual  20: 10368960 op, 15961882.00 ns, 1.5394 ns/op

WorkloadWarmup   1: 10368960 op, 101204321.00 ns, 9.7603 ns/op
WorkloadWarmup   2: 10368960 op, 103349081.00 ns, 9.9672 ns/op
WorkloadWarmup   3: 10368960 op, 99728516.00 ns, 9.6180 ns/op
WorkloadWarmup   4: 10368960 op, 98876222.00 ns, 9.5358 ns/op
WorkloadWarmup   5: 10368960 op, 98813894.00 ns, 9.5298 ns/op
WorkloadWarmup   6: 10368960 op, 101071619.00 ns, 9.7475 ns/op
WorkloadWarmup   7: 10368960 op, 99497579.00 ns, 9.5957 ns/op

// BeforeActualRun
WorkloadActual   1: 10368960 op, 99521483.00 ns, 9.5980 ns/op
WorkloadActual   2: 10368960 op, 106136880.00 ns, 10.2360 ns/op
WorkloadActual   3: 10368960 op, 103378497.00 ns, 9.9700 ns/op
WorkloadActual   4: 10368960 op, 103304827.00 ns, 9.9629 ns/op
WorkloadActual   5: 10368960 op, 103622669.00 ns, 9.9935 ns/op
WorkloadActual   6: 10368960 op, 111286280.00 ns, 10.7326 ns/op
WorkloadActual   7: 10368960 op, 104459324.00 ns, 10.0742 ns/op
WorkloadActual   8: 10368960 op, 102923646.00 ns, 9.9261 ns/op
WorkloadActual   9: 10368960 op, 109721106.00 ns, 10.5817 ns/op
WorkloadActual  10: 10368960 op, 135503973.00 ns, 13.0682 ns/op
WorkloadActual  11: 10368960 op, 106567755.00 ns, 10.2776 ns/op
WorkloadActual  12: 10368960 op, 102863271.00 ns, 9.9203 ns/op
WorkloadActual  13: 10368960 op, 104191286.00 ns, 10.0484 ns/op
WorkloadActual  14: 10368960 op, 101165046.00 ns, 9.7565 ns/op
WorkloadActual  15: 10368960 op, 107429026.00 ns, 10.3606 ns/op
WorkloadActual  16: 10368960 op, 108900452.00 ns, 10.5025 ns/op
WorkloadActual  17: 10368960 op, 105382120.00 ns, 10.1632 ns/op
WorkloadActual  18: 10368960 op, 102332827.00 ns, 9.8692 ns/op
WorkloadActual  19: 10368960 op, 102757451.00 ns, 9.9101 ns/op
WorkloadActual  20: 10368960 op, 103199337.00 ns, 9.9527 ns/op
WorkloadActual  21: 10368960 op, 103913220.00 ns, 10.0216 ns/op
WorkloadActual  22: 10368960 op, 98976292.00 ns, 9.5454 ns/op
WorkloadActual  23: 10368960 op, 98708584.00 ns, 9.5196 ns/op
WorkloadActual  24: 10368960 op, 98998724.00 ns, 9.5476 ns/op
WorkloadActual  25: 10368960 op, 99763142.00 ns, 9.6213 ns/op
WorkloadActual  26: 10368960 op, 98931967.00 ns, 9.5412 ns/op
WorkloadActual  27: 10368960 op, 100863304.00 ns, 9.7274 ns/op
WorkloadActual  28: 10368960 op, 103081725.00 ns, 9.9414 ns/op
WorkloadActual  29: 10368960 op, 102909529.00 ns, 9.9248 ns/op
WorkloadActual  30: 10368960 op, 103554430.00 ns, 9.9870 ns/op
WorkloadActual  31: 10368960 op, 106096373.00 ns, 10.2321 ns/op
WorkloadActual  32: 10368960 op, 105667220.00 ns, 10.1907 ns/op
WorkloadActual  33: 10368960 op, 104904096.00 ns, 10.1171 ns/op

// AfterActualRun
WorkloadResult   1: 10368960 op, 81143937.00 ns, 7.8257 ns/op
WorkloadResult   2: 10368960 op, 87759334.00 ns, 8.4637 ns/op
WorkloadResult   3: 10368960 op, 85000951.00 ns, 8.1976 ns/op
WorkloadResult   4: 10368960 op, 84927281.00 ns, 8.1905 ns/op
WorkloadResult   5: 10368960 op, 85245123.00 ns, 8.2212 ns/op
WorkloadResult   6: 10368960 op, 86081778.00 ns, 8.3019 ns/op
WorkloadResult   7: 10368960 op, 84546100.00 ns, 8.1538 ns/op
WorkloadResult   8: 10368960 op, 91343560.00 ns, 8.8093 ns/op
WorkloadResult   9: 10368960 op, 88190209.00 ns, 8.5052 ns/op
WorkloadResult  10: 10368960 op, 84485725.00 ns, 8.1479 ns/op
WorkloadResult  11: 10368960 op, 85813740.00 ns, 8.2760 ns/op
WorkloadResult  12: 10368960 op, 82787500.00 ns, 7.9842 ns/op
WorkloadResult  13: 10368960 op, 89051480.00 ns, 8.5883 ns/op
WorkloadResult  14: 10368960 op, 90522906.00 ns, 8.7302 ns/op
WorkloadResult  15: 10368960 op, 87004574.00 ns, 8.3909 ns/op
WorkloadResult  16: 10368960 op, 83955281.00 ns, 8.0968 ns/op
WorkloadResult  17: 10368960 op, 84379905.00 ns, 8.1377 ns/op
WorkloadResult  18: 10368960 op, 84821791.00 ns, 8.1804 ns/op
WorkloadResult  19: 10368960 op, 85535674.00 ns, 8.2492 ns/op
WorkloadResult  20: 10368960 op, 80598746.00 ns, 7.7731 ns/op
WorkloadResult  21: 10368960 op, 80331038.00 ns, 7.7473 ns/op
WorkloadResult  22: 10368960 op, 80621178.00 ns, 7.7752 ns/op
WorkloadResult  23: 10368960 op, 81385596.00 ns, 7.8490 ns/op
WorkloadResult  24: 10368960 op, 80554421.00 ns, 7.7688 ns/op
WorkloadResult  25: 10368960 op, 82485758.00 ns, 7.9551 ns/op
WorkloadResult  26: 10368960 op, 84704179.00 ns, 8.1690 ns/op
WorkloadResult  27: 10368960 op, 84531983.00 ns, 8.1524 ns/op
WorkloadResult  28: 10368960 op, 85176884.00 ns, 8.2146 ns/op
WorkloadResult  29: 10368960 op, 87718827.00 ns, 8.4598 ns/op
WorkloadResult  30: 10368960 op, 87289674.00 ns, 8.4184 ns/op
WorkloadResult  31: 10368960 op, 86526550.00 ns, 8.3448 ns/op
// GC:  59 0 0 497710080 10368960
// Threading:  0 0 10368960

// AfterAll
// Benchmark Process 13790 has exited with code 0.

Mean = 8.196 ns, StdErr = 0.050 ns (0.61%), N = 31, StdDev = 0.277 ns
Min = 7.747 ns, Q1 = 8.040 ns, Median = 8.191 ns, Q3 = 8.368 ns, Max = 8.809 ns
IQR = 0.327 ns, LowerFence = 7.549 ns, UpperFence = 8.859 ns
ConfidenceInterval = [8.015 ns; 8.378 ns] (CI 99.9%), Margin = 0.181 ns (2.21% of Mean)
Skewness = 0.15, Kurtosis = 2.44, MValue = 2

// ** Remained 43 (47.3%) benchmark(s) to run. Estimated finish 2026-03-01 10:01 (0h 3m from now) **
// **************************
// Benchmark: Scenario1.S1_ReturnOptionStringErrorNoMessage_SimpleResults: .NET 10.0(Runtime=.NET 10.0, IterationTime=100ms) [Iterations=2]
// *** Execute ***
// Launch: 1 / 1
// Execute: dotnet "Enumerations.Options.Benchmarks-.NET 10.0-1.dll" --anonymousPipes 116 118 --benchmarkName "ReillyDigital.Enumerations.Options.Benchmarks.Scenarios.Scenario1.S1_ReturnOptionStringErrorNoMessage_SimpleResults(Iterations: 2)" --job ".NET 10.0" --benchmarkId 48 in /media/andrew/Slowverflow/x/devs/reilly-digital/dotnet/enumerations.options/src/Enumerations.Options.Benchmarks/bin/Debug/net10.0/Enumerations.Options.Benchmarks-.NET 10.0-1/bin/Release/net10.0
// Failed to set up high priority (Permission denied). In order to run benchmarks with high priority, make sure you have the right permissions.
// BeforeAnythingElse

// Benchmark Process Environment Information:
// BenchmarkDotNet v0.15.8
// Runtime=.NET 10.0.3 (10.0.3, 10.0.326.7603), X64 RyuJIT x86-64-v3
// GC=Concurrent Workstation
// HardwareIntrinsics=AVX2+BMI1+BMI2+F16C+FMA+LZCNT+MOVBE,AVX,SSE3+SSSE3+SSE4.1+SSE4.2+POPCNT,X86Base+SSE+SSE2,AES+PCLMUL VectorSize=256
// Job: .NET 10.0(IterationTime=100ms)

OverheadJitting  1: 1 op, 151607.00 ns, 151.6070 us/op
WorkloadJitting  1: 1 op, 9658497.00 ns, 9.6585 ms/op

WorkloadPilot    1: 4 op, 9388.00 ns, 2.3470 us/op
WorkloadPilot    2: 42608 op, 44110770.00 ns, 1.0353 us/op
WorkloadPilot    3: 96593 op, 94813400.00 ns, 981.5763 ns/op
WorkloadPilot    4: 101877 op, 72752299.00 ns, 714.1190 ns/op
WorkloadPilot    5: 140033 op, 37302639.00 ns, 266.3846 ns/op
WorkloadPilot    6: 375397 op, 97308213.00 ns, 259.2141 ns/op
WorkloadPilot    7: 385781 op, 100498574.00 ns, 260.5068 ns/op
WorkloadPilot    8: 383867 op, 99591346.00 ns, 259.4423 ns/op
WorkloadPilot    9: 385442 op, 100060494.00 ns, 259.5994 ns/op
WorkloadPilot   10: 385209 op, 99171671.00 ns, 257.4490 ns/op
WorkloadPilot   11: 388426 op, 102777509.00 ns, 264.6000 ns/op

WorkloadWarmup   1: 388426 op, 100354611.00 ns, 258.3622 ns/op
WorkloadWarmup   2: 388426 op, 102014224.00 ns, 262.6349 ns/op
WorkloadWarmup   3: 388426 op, 100136078.00 ns, 257.7996 ns/op
WorkloadWarmup   4: 388426 op, 100444011.00 ns, 258.5924 ns/op
WorkloadWarmup   5: 388426 op, 101510049.00 ns, 261.3369 ns/op
WorkloadWarmup   6: 388426 op, 101796922.00 ns, 262.0755 ns/op
WorkloadWarmup   7: 388426 op, 104111324.00 ns, 268.0339 ns/op
WorkloadWarmup   8: 388426 op, 113464474.00 ns, 292.1135 ns/op
WorkloadWarmup   9: 388426 op, 103290370.00 ns, 265.9203 ns/op

// BeforeActualRun
WorkloadActual   1: 388426 op, 103193186.00 ns, 265.6701 ns/op
WorkloadActual   2: 388426 op, 105498431.00 ns, 271.6050 ns/op
WorkloadActual   3: 388426 op, 104038616.00 ns, 267.8467 ns/op
WorkloadActual   4: 388426 op, 103478607.00 ns, 266.4049 ns/op
WorkloadActual   5: 388426 op, 102833645.00 ns, 264.7445 ns/op
WorkloadActual   6: 388426 op, 104205573.00 ns, 268.2765 ns/op
WorkloadActual   7: 388426 op, 102424881.00 ns, 263.6921 ns/op
WorkloadActual   8: 388426 op, 102849095.00 ns, 264.7843 ns/op
WorkloadActual   9: 388426 op, 103610917.00 ns, 266.7456 ns/op
WorkloadActual  10: 388426 op, 102836580.00 ns, 264.7521 ns/op
WorkloadActual  11: 388426 op, 102267233.00 ns, 263.2863 ns/op
WorkloadActual  12: 388426 op, 103334915.00 ns, 266.0350 ns/op
WorkloadActual  13: 388426 op, 100788122.00 ns, 259.4783 ns/op
WorkloadActual  14: 388426 op, 102004054.00 ns, 262.6087 ns/op
WorkloadActual  15: 388426 op, 100539251.00 ns, 258.8376 ns/op

// AfterActualRun
WorkloadResult   1: 388426 op, 103193186.00 ns, 265.6701 ns/op
WorkloadResult   2: 388426 op, 104038616.00 ns, 267.8467 ns/op
WorkloadResult   3: 388426 op, 103478607.00 ns, 266.4049 ns/op
WorkloadResult   4: 388426 op, 102833645.00 ns, 264.7445 ns/op
WorkloadResult   5: 388426 op, 104205573.00 ns, 268.2765 ns/op
WorkloadResult   6: 388426 op, 102424881.00 ns, 263.6921 ns/op
WorkloadResult   7: 388426 op, 102849095.00 ns, 264.7843 ns/op
WorkloadResult   8: 388426 op, 103610917.00 ns, 266.7456 ns/op
WorkloadResult   9: 388426 op, 102836580.00 ns, 264.7521 ns/op
WorkloadResult  10: 388426 op, 102267233.00 ns, 263.2863 ns/op
WorkloadResult  11: 388426 op, 103334915.00 ns, 266.0350 ns/op
WorkloadResult  12: 388426 op, 100788122.00 ns, 259.4783 ns/op
WorkloadResult  13: 388426 op, 102004054.00 ns, 262.6087 ns/op
WorkloadResult  14: 388426 op, 100539251.00 ns, 258.8376 ns/op
// GC:  8 0 0 68362976 388426
// Threading:  0 0 388426

// AfterAll
// Benchmark Process 13882 has exited with code 0.

Mean = 264.512 ns, StdErr = 0.745 ns (0.28%), N = 14, StdDev = 2.788 ns
Min = 258.838 ns, Q1 = 263.388 ns, Median = 264.768 ns, Q3 = 266.312 ns, Max = 268.277 ns
IQR = 2.925 ns, LowerFence = 259.001 ns, UpperFence = 270.700 ns
ConfidenceInterval = [261.367 ns; 267.657 ns] (CI 99.9%), Margin = 3.145 ns (1.19% of Mean)
Skewness = -0.68, Kurtosis = 2.44, MValue = 2

// ** Remained 42 (46.2%) benchmark(s) to run. Estimated finish 2026-03-01 10:01 (0h 3m from now) **
// **************************
// Benchmark: Scenario1.S1_ReturnOptionStringErrorWithMessage_ArdalisResult: .NET 10.0(Runtime=.NET 10.0, IterationTime=100ms) [Iterations=2]
// *** Execute ***
// Launch: 1 / 1
// Execute: dotnet "Enumerations.Options.Benchmarks-.NET 10.0-1.dll" --anonymousPipes 116 118 --benchmarkName "ReillyDigital.Enumerations.Options.Benchmarks.Scenarios.Scenario1.S1_ReturnOptionStringErrorWithMessage_ArdalisResult(Iterations: 2)" --job ".NET 10.0" --benchmarkId 49 in /media/andrew/Slowverflow/x/devs/reilly-digital/dotnet/enumerations.options/src/Enumerations.Options.Benchmarks/bin/Debug/net10.0/Enumerations.Options.Benchmarks-.NET 10.0-1/bin/Release/net10.0
// Failed to set up high priority (Permission denied). In order to run benchmarks with high priority, make sure you have the right permissions.
// BeforeAnythingElse

// Benchmark Process Environment Information:
// BenchmarkDotNet v0.15.8
// Runtime=.NET 10.0.3 (10.0.3, 10.0.326.7603), X64 RyuJIT x86-64-v3
// GC=Concurrent Workstation
// HardwareIntrinsics=AVX2+BMI1+BMI2+F16C+FMA+LZCNT+MOVBE,AVX,SSE3+SSSE3+SSE4.1+SSE4.2+POPCNT,X86Base+SSE+SSE2,AES+PCLMUL VectorSize=256
// Job: .NET 10.0(IterationTime=100ms)

OverheadJitting  1: 1 op, 160745.00 ns, 160.7450 us/op
WorkloadJitting  1: 1 op, 2015326.00 ns, 2.0153 ms/op

OverheadJitting  2: 16 op, 198266.00 ns, 12.3916 us/op
WorkloadJitting  2: 16 op, 213915.00 ns, 13.3697 us/op

WorkloadPilot    1: 16 op, 3266.00 ns, 204.1250 ns/op
WorkloadPilot    2: 489904 op, 51973336.00 ns, 106.0888 ns/op
WorkloadPilot    3: 942608 op, 95005734.00 ns, 100.7903 ns/op
WorkloadPilot    4: 992160 op, 33234517.00 ns, 33.4971 ns/op
WorkloadPilot    5: 2985344 op, 83723662.00 ns, 28.0449 ns/op
WorkloadPilot    6: 3565712 op, 101385634.00 ns, 28.4335 ns/op
WorkloadPilot    7: 3516992 op, 103629151.00 ns, 29.4653 ns/op
WorkloadPilot    8: 3393840 op, 105161072.00 ns, 30.9859 ns/op

OverheadWarmup   1: 3393840 op, 8548586.00 ns, 2.5189 ns/op
OverheadWarmup   2: 3393840 op, 8577741.00 ns, 2.5274 ns/op
OverheadWarmup   3: 3393840 op, 8562112.00 ns, 2.5228 ns/op
OverheadWarmup   4: 3393840 op, 8799311.00 ns, 2.5927 ns/op
OverheadWarmup   5: 3393840 op, 8923526.00 ns, 2.6293 ns/op
OverheadWarmup   6: 3393840 op, 8456221.00 ns, 2.4916 ns/op

OverheadActual   1: 3393840 op, 8438687.00 ns, 2.4865 ns/op
OverheadActual   2: 3393840 op, 8526253.00 ns, 2.5123 ns/op
OverheadActual   3: 3393840 op, 8480196.00 ns, 2.4987 ns/op
OverheadActual   4: 3393840 op, 8473644.00 ns, 2.4968 ns/op
OverheadActual   5: 3393840 op, 8530060.00 ns, 2.5134 ns/op
OverheadActual   6: 3393840 op, 8535942.00 ns, 2.5151 ns/op
OverheadActual   7: 3393840 op, 8551963.00 ns, 2.5198 ns/op
OverheadActual   8: 3393840 op, 8637925.00 ns, 2.5452 ns/op
OverheadActual   9: 3393840 op, 8596577.00 ns, 2.5330 ns/op
OverheadActual  10: 3393840 op, 8475688.00 ns, 2.4974 ns/op
OverheadActual  11: 3393840 op, 8562002.00 ns, 2.5228 ns/op
OverheadActual  12: 3393840 op, 9644250.00 ns, 2.8417 ns/op
OverheadActual  13: 3393840 op, 8596176.00 ns, 2.5329 ns/op
OverheadActual  14: 3393840 op, 8480367.00 ns, 2.4988 ns/op
OverheadActual  15: 3393840 op, 8564025.00 ns, 2.5234 ns/op

WorkloadWarmup   1: 3393840 op, 99706955.00 ns, 29.3788 ns/op
WorkloadWarmup   2: 3393840 op, 100790476.00 ns, 29.6981 ns/op
WorkloadWarmup   3: 3393840 op, 102328569.00 ns, 30.1513 ns/op
WorkloadWarmup   4: 3393840 op, 99634728.00 ns, 29.3575 ns/op
WorkloadWarmup   5: 3393840 op, 102689231.00 ns, 30.2575 ns/op
WorkloadWarmup   6: 3393840 op, 100054223.00 ns, 29.4811 ns/op

// BeforeActualRun
WorkloadActual   1: 3393840 op, 102451732.00 ns, 30.1876 ns/op
WorkloadActual   2: 3393840 op, 96521665.00 ns, 28.4403 ns/op
WorkloadActual   3: 3393840 op, 94989483.00 ns, 27.9888 ns/op
WorkloadActual   4: 3393840 op, 94673905.00 ns, 27.8958 ns/op
WorkloadActual   5: 3393840 op, 94965448.00 ns, 27.9817 ns/op
WorkloadActual   6: 3393840 op, 107742019.00 ns, 31.7463 ns/op
WorkloadActual   7: 3393840 op, 103591681.00 ns, 30.5234 ns/op
WorkloadActual   8: 3393840 op, 98635716.00 ns, 29.0632 ns/op
WorkloadActual   9: 3393840 op, 98417664.00 ns, 28.9989 ns/op
WorkloadActual  10: 3393840 op, 96585024.00 ns, 28.4589 ns/op
WorkloadActual  11: 3393840 op, 99167374.00 ns, 29.2198 ns/op
WorkloadActual  12: 3393840 op, 96613147.00 ns, 28.4672 ns/op
WorkloadActual  13: 3393840 op, 96789030.00 ns, 28.5190 ns/op
WorkloadActual  14: 3393840 op, 97685628.00 ns, 28.7832 ns/op
WorkloadActual  15: 3393840 op, 116925607.00 ns, 34.4523 ns/op
WorkloadActual  16: 3393840 op, 103471964.00 ns, 30.4882 ns/op
WorkloadActual  17: 3393840 op, 136251088.00 ns, 40.1466 ns/op
WorkloadActual  18: 3393840 op, 138221208.00 ns, 40.7271 ns/op
WorkloadActual  19: 3393840 op, 108276411.00 ns, 31.9038 ns/op
WorkloadActual  20: 3393840 op, 112311831.00 ns, 33.0928 ns/op
WorkloadActual  21: 3393840 op, 99299333.00 ns, 29.2587 ns/op
WorkloadActual  22: 3393840 op, 104101315.00 ns, 30.6736 ns/op
WorkloadActual  23: 3393840 op, 106332620.00 ns, 31.3311 ns/op
WorkloadActual  24: 3393840 op, 109949839.00 ns, 32.3969 ns/op
WorkloadActual  25: 3393840 op, 103825553.00 ns, 30.5924 ns/op
WorkloadActual  26: 3393840 op, 100776520.00 ns, 29.6940 ns/op
WorkloadActual  27: 3393840 op, 105721162.00 ns, 31.1509 ns/op
WorkloadActual  28: 3393840 op, 105133921.00 ns, 30.9779 ns/op
WorkloadActual  29: 3393840 op, 106974115.00 ns, 31.5201 ns/op
WorkloadActual  30: 3393840 op, 102608499.00 ns, 30.2337 ns/op
WorkloadActual  31: 3393840 op, 104008269.00 ns, 30.6462 ns/op
WorkloadActual  32: 3393840 op, 104275916.00 ns, 30.7251 ns/op
WorkloadActual  33: 3393840 op, 105953643.00 ns, 31.2194 ns/op
WorkloadActual  34: 3393840 op, 102227878.00 ns, 30.1216 ns/op
WorkloadActual  35: 3393840 op, 96249138.00 ns, 28.3600 ns/op
WorkloadActual  36: 3393840 op, 99521964.00 ns, 29.3243 ns/op
WorkloadActual  37: 3393840 op, 97815895.00 ns, 28.8216 ns/op
WorkloadActual  38: 3393840 op, 98716330.00 ns, 29.0869 ns/op
WorkloadActual  39: 3393840 op, 97065373.00 ns, 28.6005 ns/op
WorkloadActual  40: 3393840 op, 109059023.00 ns, 32.1344 ns/op
WorkloadActual  41: 3393840 op, 103111111.00 ns, 30.3818 ns/op
WorkloadActual  42: 3393840 op, 100901176.00 ns, 29.7307 ns/op
WorkloadActual  43: 3393840 op, 105969212.00 ns, 31.2240 ns/op
WorkloadActual  44: 3393840 op, 102711103.00 ns, 30.2640 ns/op
WorkloadActual  45: 3393840 op, 108641592.00 ns, 32.0114 ns/op
WorkloadActual  46: 3393840 op, 102702507.00 ns, 30.2614 ns/op
WorkloadActual  47: 3393840 op, 104129048.00 ns, 30.6818 ns/op
WorkloadActual  48: 3393840 op, 101663841.00 ns, 29.9554 ns/op
WorkloadActual  49: 3393840 op, 105497058.00 ns, 31.0849 ns/op
WorkloadActual  50: 3393840 op, 98829674.00 ns, 29.1203 ns/op
WorkloadActual  51: 3393840 op, 102301697.00 ns, 30.1433 ns/op
WorkloadActual  52: 3393840 op, 102454978.00 ns, 30.1885 ns/op
WorkloadActual  53: 3393840 op, 103265473.00 ns, 30.4273 ns/op
WorkloadActual  54: 3393840 op, 101097628.00 ns, 29.7886 ns/op
WorkloadActual  55: 3393840 op, 101935425.00 ns, 30.0354 ns/op
WorkloadActual  56: 3393840 op, 104408617.00 ns, 30.7642 ns/op

// AfterActualRun
WorkloadResult   1: 3393840 op, 93915790.00 ns, 27.6724 ns/op
WorkloadResult   2: 3393840 op, 87985723.00 ns, 25.9251 ns/op
WorkloadResult   3: 3393840 op, 86453541.00 ns, 25.4737 ns/op
WorkloadResult   4: 3393840 op, 86137963.00 ns, 25.3807 ns/op
WorkloadResult   5: 3393840 op, 86429506.00 ns, 25.4666 ns/op
WorkloadResult   6: 3393840 op, 99206077.00 ns, 29.2312 ns/op
WorkloadResult   7: 3393840 op, 95055739.00 ns, 28.0083 ns/op
WorkloadResult   8: 3393840 op, 90099774.00 ns, 26.5480 ns/op
WorkloadResult   9: 3393840 op, 89881722.00 ns, 26.4838 ns/op
WorkloadResult  10: 3393840 op, 88049082.00 ns, 25.9438 ns/op
WorkloadResult  11: 3393840 op, 90631432.00 ns, 26.7047 ns/op
WorkloadResult  12: 3393840 op, 88077205.00 ns, 25.9521 ns/op
WorkloadResult  13: 3393840 op, 88253088.00 ns, 26.0039 ns/op
WorkloadResult  14: 3393840 op, 89149686.00 ns, 26.2681 ns/op
WorkloadResult  15: 3393840 op, 94936022.00 ns, 27.9730 ns/op
WorkloadResult  16: 3393840 op, 99740469.00 ns, 29.3887 ns/op
WorkloadResult  17: 3393840 op, 103775889.00 ns, 30.5777 ns/op
WorkloadResult  18: 3393840 op, 90763391.00 ns, 26.7436 ns/op
WorkloadResult  19: 3393840 op, 95565373.00 ns, 28.1585 ns/op
WorkloadResult  20: 3393840 op, 97796678.00 ns, 28.8159 ns/op
WorkloadResult  21: 3393840 op, 101413897.00 ns, 29.8818 ns/op
WorkloadResult  22: 3393840 op, 95289611.00 ns, 28.0772 ns/op
WorkloadResult  23: 3393840 op, 92240578.00 ns, 27.1788 ns/op
WorkloadResult  24: 3393840 op, 97185220.00 ns, 28.6358 ns/op
WorkloadResult  25: 3393840 op, 96597979.00 ns, 28.4627 ns/op
WorkloadResult  26: 3393840 op, 98438173.00 ns, 29.0050 ns/op
WorkloadResult  27: 3393840 op, 94072557.00 ns, 27.7186 ns/op
WorkloadResult  28: 3393840 op, 95472327.00 ns, 28.1311 ns/op
WorkloadResult  29: 3393840 op, 95739974.00 ns, 28.2099 ns/op
WorkloadResult  30: 3393840 op, 97417701.00 ns, 28.7043 ns/op
WorkloadResult  31: 3393840 op, 93691936.00 ns, 27.6065 ns/op
WorkloadResult  32: 3393840 op, 87713196.00 ns, 25.8448 ns/op
WorkloadResult  33: 3393840 op, 90986022.00 ns, 26.8092 ns/op
WorkloadResult  34: 3393840 op, 89279953.00 ns, 26.3065 ns/op
WorkloadResult  35: 3393840 op, 90180388.00 ns, 26.5718 ns/op
WorkloadResult  36: 3393840 op, 88529431.00 ns, 26.0853 ns/op
WorkloadResult  37: 3393840 op, 100523081.00 ns, 29.6193 ns/op
WorkloadResult  38: 3393840 op, 94575169.00 ns, 27.8667 ns/op
WorkloadResult  39: 3393840 op, 92365234.00 ns, 27.2156 ns/op
WorkloadResult  40: 3393840 op, 97433270.00 ns, 28.7089 ns/op
WorkloadResult  41: 3393840 op, 94175161.00 ns, 27.7489 ns/op
WorkloadResult  42: 3393840 op, 100105650.00 ns, 29.4963 ns/op
WorkloadResult  43: 3393840 op, 94166565.00 ns, 27.7463 ns/op
WorkloadResult  44: 3393840 op, 95593106.00 ns, 28.1667 ns/op
WorkloadResult  45: 3393840 op, 93127899.00 ns, 27.4403 ns/op
WorkloadResult  46: 3393840 op, 96961116.00 ns, 28.5697 ns/op
WorkloadResult  47: 3393840 op, 90293732.00 ns, 26.6052 ns/op
WorkloadResult  48: 3393840 op, 93765755.00 ns, 27.6282 ns/op
WorkloadResult  49: 3393840 op, 93919036.00 ns, 27.6734 ns/op
WorkloadResult  50: 3393840 op, 94729531.00 ns, 27.9122 ns/op
WorkloadResult  51: 3393840 op, 92561686.00 ns, 27.2734 ns/op
WorkloadResult  52: 3393840 op, 93399483.00 ns, 27.5203 ns/op
WorkloadResult  53: 3393840 op, 95872675.00 ns, 28.2490 ns/op
// GC:  84 0 0 705918720 3393840
// Threading:  0 0 3393840

// AfterAll
// Benchmark Process 13904 has exited with code 0.

Mean = 27.573 ns, StdErr = 0.170 ns (0.62%), N = 53, StdDev = 1.235 ns
Min = 25.381 ns, Q1 = 26.572 ns, Median = 27.673 ns, Q3 = 28.249 ns, Max = 30.578 ns
IQR = 1.677 ns, LowerFence = 24.056 ns, UpperFence = 30.765 ns
ConfidenceInterval = [26.982 ns; 28.165 ns] (CI 99.9%), Margin = 0.592 ns (2.15% of Mean)
Skewness = 0.13, Kurtosis = 2.33, MValue = 2.95

// ** Remained 41 (45.1%) benchmark(s) to run. Estimated finish 2026-03-01 10:01 (0h 3m from now) **
// **************************
// Benchmark: Scenario1.S1_ReturnOptionStringErrorWithMessage_EnumerationsOptionsBoxed: .NET 10.0(Runtime=.NET 10.0, IterationTime=100ms) [Iterations=2]
// *** Execute ***
// Launch: 1 / 1
// Execute: dotnet "Enumerations.Options.Benchmarks-.NET 10.0-1.dll" --anonymousPipes 116 118 --benchmarkName "ReillyDigital.Enumerations.Options.Benchmarks.Scenarios.Scenario1.S1_ReturnOptionStringErrorWithMessage_EnumerationsOptionsBoxed(Iterations: 2)" --job ".NET 10.0" --benchmarkId 50 in /media/andrew/Slowverflow/x/devs/reilly-digital/dotnet/enumerations.options/src/Enumerations.Options.Benchmarks/bin/Debug/net10.0/Enumerations.Options.Benchmarks-.NET 10.0-1/bin/Release/net10.0
// Failed to set up high priority (Permission denied). In order to run benchmarks with high priority, make sure you have the right permissions.
// BeforeAnythingElse

// Benchmark Process Environment Information:
// BenchmarkDotNet v0.15.8
// Runtime=.NET 10.0.3 (10.0.3, 10.0.326.7603), X64 RyuJIT x86-64-v3
// GC=Concurrent Workstation
// HardwareIntrinsics=AVX2+BMI1+BMI2+F16C+FMA+LZCNT+MOVBE,AVX,SSE3+SSSE3+SSE4.1+SSE4.2+POPCNT,X86Base+SSE+SSE2,AES+PCLMUL VectorSize=256
// Job: .NET 10.0(IterationTime=100ms)

OverheadJitting  1: 1 op, 157468.00 ns, 157.4680 us/op
WorkloadJitting  1: 1 op, 2517196.00 ns, 2.5172 ms/op

OverheadJitting  2: 16 op, 212502.00 ns, 13.2814 us/op
WorkloadJitting  2: 16 op, 230576.00 ns, 14.4110 us/op

WorkloadPilot    1: 16 op, 2856.00 ns, 178.5000 ns/op
WorkloadPilot    2: 560224 op, 38925251.00 ns, 69.4816 ns/op
WorkloadPilot    3: 1439232 op, 89358782.00 ns, 62.0878 ns/op
WorkloadPilot    4: 1610624 op, 68617530.00 ns, 42.6031 ns/op
WorkloadPilot    5: 2347264 op, 25468342.00 ns, 10.8502 ns/op
WorkloadPilot    6: 9216400 op, 97740392.00 ns, 10.6051 ns/op
WorkloadPilot    7: 9429472 op, 100302743.00 ns, 10.6372 ns/op
WorkloadPilot    8: 9401024 op, 101446619.00 ns, 10.7910 ns/op
WorkloadPilot    9: 9266976 op, 99659896.00 ns, 10.7543 ns/op
WorkloadPilot   10: 9298608 op, 98012637.00 ns, 10.5406 ns/op
WorkloadPilot   11: 9487152 op, 100302663.00 ns, 10.5725 ns/op

OverheadWarmup   1: 9487152 op, 24074874.00 ns, 2.5376 ns/op
OverheadWarmup   2: 9487152 op, 24383728.00 ns, 2.5702 ns/op
OverheadWarmup   3: 9487152 op, 24182257.00 ns, 2.5489 ns/op
OverheadWarmup   4: 9487152 op, 24148262.00 ns, 2.5454 ns/op
OverheadWarmup   5: 9487152 op, 24282135.00 ns, 2.5595 ns/op
OverheadWarmup   6: 9487152 op, 24152521.00 ns, 2.5458 ns/op

OverheadActual   1: 9487152 op, 24187677.00 ns, 2.5495 ns/op
OverheadActual   2: 9487152 op, 24512472.00 ns, 2.5838 ns/op
OverheadActual   3: 9487152 op, 24384359.00 ns, 2.5703 ns/op
OverheadActual   4: 9487152 op, 24368329.00 ns, 2.5686 ns/op
OverheadActual   5: 9487152 op, 24374380.00 ns, 2.5692 ns/op
OverheadActual   6: 9487152 op, 24370483.00 ns, 2.5688 ns/op
OverheadActual   7: 9487152 op, 24370022.00 ns, 2.5687 ns/op
OverheadActual   8: 9487152 op, 24546777.00 ns, 2.5874 ns/op
OverheadActual   9: 9487152 op, 24726507.00 ns, 2.6063 ns/op
OverheadActual  10: 9487152 op, 23406608.00 ns, 2.4672 ns/op
OverheadActual  11: 9487152 op, 22755215.00 ns, 2.3985 ns/op
OverheadActual  12: 9487152 op, 19357632.00 ns, 2.0404 ns/op
OverheadActual  13: 9487152 op, 17476079.00 ns, 1.8421 ns/op
OverheadActual  14: 9487152 op, 17645841.00 ns, 1.8600 ns/op
OverheadActual  15: 9487152 op, 17727275.00 ns, 1.8686 ns/op
OverheadActual  16: 9487152 op, 17238379.00 ns, 1.8170 ns/op
OverheadActual  17: 9487152 op, 17288544.00 ns, 1.8223 ns/op
OverheadActual  18: 9487152 op, 17226547.00 ns, 1.8158 ns/op
OverheadActual  19: 9487152 op, 17234522.00 ns, 1.8166 ns/op
OverheadActual  20: 9487152 op, 17475007.00 ns, 1.8420 ns/op

WorkloadWarmup   1: 9487152 op, 120194366.00 ns, 12.6692 ns/op
WorkloadWarmup   2: 9487152 op, 127791670.00 ns, 13.4700 ns/op
WorkloadWarmup   3: 9487152 op, 116534286.00 ns, 12.2834 ns/op
WorkloadWarmup   4: 9487152 op, 104555876.00 ns, 11.0208 ns/op
WorkloadWarmup   5: 9487152 op, 110227665.00 ns, 11.6186 ns/op
WorkloadWarmup   6: 9487152 op, 114109685.00 ns, 12.0278 ns/op
WorkloadWarmup   7: 9487152 op, 109895947.00 ns, 11.5837 ns/op

// BeforeActualRun
WorkloadActual   1: 9487152 op, 118617130.00 ns, 12.5029 ns/op
WorkloadActual   2: 9487152 op, 125373091.00 ns, 13.2150 ns/op
WorkloadActual   3: 9487152 op, 119841348.00 ns, 12.6320 ns/op
WorkloadActual   4: 9487152 op, 118934580.00 ns, 12.5364 ns/op
WorkloadActual   5: 9487152 op, 118688444.00 ns, 12.5104 ns/op
WorkloadActual   6: 9487152 op, 124306652.00 ns, 13.1026 ns/op
WorkloadActual   7: 9487152 op, 116869100.00 ns, 12.3187 ns/op
WorkloadActual   8: 9487152 op, 112155374.00 ns, 11.8218 ns/op
WorkloadActual   9: 9487152 op, 113464303.00 ns, 11.9598 ns/op
WorkloadActual  10: 9487152 op, 111698310.00 ns, 11.7736 ns/op
WorkloadActual  11: 9487152 op, 115796479.00 ns, 12.2056 ns/op
WorkloadActual  12: 9487152 op, 109544101.00 ns, 11.5466 ns/op
WorkloadActual  13: 9487152 op, 110173653.00 ns, 11.6129 ns/op
WorkloadActual  14: 9487152 op, 104309670.00 ns, 10.9948 ns/op
WorkloadActual  15: 9487152 op, 105014805.00 ns, 11.0692 ns/op
WorkloadActual  16: 9487152 op, 102364056.00 ns, 10.7898 ns/op
WorkloadActual  17: 9487152 op, 104048475.00 ns, 10.9673 ns/op
WorkloadActual  18: 9487152 op, 102531644.00 ns, 10.8074 ns/op
WorkloadActual  19: 9487152 op, 103578886.00 ns, 10.9178 ns/op
WorkloadActual  20: 9487152 op, 102632143.00 ns, 10.8180 ns/op
WorkloadActual  21: 9487152 op, 104128316.00 ns, 10.9757 ns/op
WorkloadActual  22: 9487152 op, 97505466.00 ns, 10.2776 ns/op
WorkloadActual  23: 9487152 op, 99742342.00 ns, 10.5134 ns/op
WorkloadActual  24: 9487152 op, 96881786.00 ns, 10.2119 ns/op
WorkloadActual  25: 9487152 op, 101057682.00 ns, 10.6521 ns/op
WorkloadActual  26: 9487152 op, 97451575.00 ns, 10.2720 ns/op
WorkloadActual  27: 9487152 op, 99748494.00 ns, 10.5141 ns/op
WorkloadActual  28: 9487152 op, 98636869.00 ns, 10.3969 ns/op
WorkloadActual  29: 9487152 op, 107039639.00 ns, 11.2826 ns/op
WorkloadActual  30: 9487152 op, 102062224.00 ns, 10.7579 ns/op
WorkloadActual  31: 9487152 op, 97895145.00 ns, 10.3187 ns/op
WorkloadActual  32: 9487152 op, 96792827.00 ns, 10.2025 ns/op
WorkloadActual  33: 9487152 op, 98664832.00 ns, 10.3998 ns/op
WorkloadActual  34: 9487152 op, 96466219.00 ns, 10.1681 ns/op
WorkloadActual  35: 9487152 op, 100670710.00 ns, 10.6113 ns/op
WorkloadActual  36: 9487152 op, 101528815.00 ns, 10.7017 ns/op
WorkloadActual  37: 9487152 op, 103837506.00 ns, 10.9451 ns/op
WorkloadActual  38: 9487152 op, 103178027.00 ns, 10.8756 ns/op
WorkloadActual  39: 9487152 op, 99814258.00 ns, 10.5210 ns/op
WorkloadActual  40: 9487152 op, 97557775.00 ns, 10.2831 ns/op
WorkloadActual  41: 9487152 op, 103978282.00 ns, 10.9599 ns/op
WorkloadActual  42: 9487152 op, 101075286.00 ns, 10.6539 ns/op
WorkloadActual  43: 9487152 op, 102107590.00 ns, 10.7627 ns/op
WorkloadActual  44: 9487152 op, 101118648.00 ns, 10.6585 ns/op
WorkloadActual  45: 9487152 op, 102231976.00 ns, 10.7758 ns/op
WorkloadActual  46: 9487152 op, 98236521.00 ns, 10.3547 ns/op
WorkloadActual  47: 9487152 op, 98690590.00 ns, 10.4026 ns/op
WorkloadActual  48: 9487152 op, 96404442.00 ns, 10.1616 ns/op
WorkloadActual  49: 9487152 op, 97751493.00 ns, 10.3036 ns/op
WorkloadActual  50: 9487152 op, 97201431.00 ns, 10.2456 ns/op
WorkloadActual  51: 9487152 op, 104681735.00 ns, 11.0341 ns/op
WorkloadActual  52: 9487152 op, 124579098.00 ns, 13.1313 ns/op
WorkloadActual  53: 9487152 op, 110253334.00 ns, 11.6213 ns/op
WorkloadActual  54: 9487152 op, 101447801.00 ns, 10.6932 ns/op
WorkloadActual  55: 9487152 op, 97587492.00 ns, 10.2863 ns/op
WorkloadActual  56: 9487152 op, 98727851.00 ns, 10.4065 ns/op
WorkloadActual  57: 9487152 op, 101625217.00 ns, 10.7119 ns/op
WorkloadActual  58: 9487152 op, 101850493.00 ns, 10.7356 ns/op
WorkloadActual  59: 9487152 op, 103511829.00 ns, 10.9107 ns/op
WorkloadActual  60: 9487152 op, 101028186.00 ns, 10.6489 ns/op
WorkloadActual  61: 9487152 op, 97616317.00 ns, 10.2893 ns/op
WorkloadActual  62: 9487152 op, 99877217.00 ns, 10.5276 ns/op
WorkloadActual  63: 9487152 op, 98967615.00 ns, 10.4318 ns/op
WorkloadActual  64: 9487152 op, 101155819.00 ns, 10.6624 ns/op
WorkloadActual  65: 9487152 op, 96992105.00 ns, 10.2235 ns/op

// AfterActualRun
WorkloadResult   1: 9487152 op, 89074462.50 ns, 9.3890 ns/op
WorkloadResult   2: 9487152 op, 90383391.50 ns, 9.5269 ns/op
WorkloadResult   3: 9487152 op, 88617398.50 ns, 9.3408 ns/op
WorkloadResult   4: 9487152 op, 86463189.50 ns, 9.1137 ns/op
WorkloadResult   5: 9487152 op, 87092741.50 ns, 9.1801 ns/op
WorkloadResult   6: 9487152 op, 81228758.50 ns, 8.5620 ns/op
WorkloadResult   7: 9487152 op, 81933893.50 ns, 8.6363 ns/op
WorkloadResult   8: 9487152 op, 79283144.50 ns, 8.3569 ns/op
WorkloadResult   9: 9487152 op, 80967563.50 ns, 8.5344 ns/op
WorkloadResult  10: 9487152 op, 79450732.50 ns, 8.3746 ns/op
WorkloadResult  11: 9487152 op, 80497974.50 ns, 8.4849 ns/op
WorkloadResult  12: 9487152 op, 79551231.50 ns, 8.3852 ns/op
WorkloadResult  13: 9487152 op, 81047404.50 ns, 8.5429 ns/op
WorkloadResult  14: 9487152 op, 74424554.50 ns, 7.8448 ns/op
WorkloadResult  15: 9487152 op, 76661430.50 ns, 8.0806 ns/op
WorkloadResult  16: 9487152 op, 73800874.50 ns, 7.7790 ns/op
WorkloadResult  17: 9487152 op, 77976770.50 ns, 8.2192 ns/op
WorkloadResult  18: 9487152 op, 74370663.50 ns, 7.8391 ns/op
WorkloadResult  19: 9487152 op, 76667582.50 ns, 8.0812 ns/op
WorkloadResult  20: 9487152 op, 75555957.50 ns, 7.9640 ns/op
WorkloadResult  21: 9487152 op, 83958727.50 ns, 8.8497 ns/op
WorkloadResult  22: 9487152 op, 78981312.50 ns, 8.3251 ns/op
WorkloadResult  23: 9487152 op, 74814233.50 ns, 7.8858 ns/op
WorkloadResult  24: 9487152 op, 73711915.50 ns, 7.7697 ns/op
WorkloadResult  25: 9487152 op, 75583920.50 ns, 7.9670 ns/op
WorkloadResult  26: 9487152 op, 73385307.50 ns, 7.7352 ns/op
WorkloadResult  27: 9487152 op, 77589798.50 ns, 8.1784 ns/op
WorkloadResult  28: 9487152 op, 78447903.50 ns, 8.2689 ns/op
WorkloadResult  29: 9487152 op, 80756594.50 ns, 8.5122 ns/op
WorkloadResult  30: 9487152 op, 80097115.50 ns, 8.4427 ns/op
WorkloadResult  31: 9487152 op, 76733346.50 ns, 8.0881 ns/op
WorkloadResult  32: 9487152 op, 74476863.50 ns, 7.8503 ns/op
WorkloadResult  33: 9487152 op, 80897370.50 ns, 8.5270 ns/op
WorkloadResult  34: 9487152 op, 77994374.50 ns, 8.2211 ns/op
WorkloadResult  35: 9487152 op, 79026678.50 ns, 8.3299 ns/op
WorkloadResult  36: 9487152 op, 78037736.50 ns, 8.2256 ns/op
WorkloadResult  37: 9487152 op, 79151064.50 ns, 8.3430 ns/op
WorkloadResult  38: 9487152 op, 75155609.50 ns, 7.9218 ns/op
WorkloadResult  39: 9487152 op, 75609678.50 ns, 7.9697 ns/op
WorkloadResult  40: 9487152 op, 73323530.50 ns, 7.7287 ns/op
WorkloadResult  41: 9487152 op, 74670581.50 ns, 7.8707 ns/op
WorkloadResult  42: 9487152 op, 74120519.50 ns, 7.8127 ns/op
WorkloadResult  43: 9487152 op, 81600823.50 ns, 8.6012 ns/op
WorkloadResult  44: 9487152 op, 87172422.50 ns, 9.1885 ns/op
WorkloadResult  45: 9487152 op, 78366889.50 ns, 8.2603 ns/op
WorkloadResult  46: 9487152 op, 74506580.50 ns, 7.8534 ns/op
WorkloadResult  47: 9487152 op, 75646939.50 ns, 7.9736 ns/op
WorkloadResult  48: 9487152 op, 78544305.50 ns, 8.2790 ns/op
WorkloadResult  49: 9487152 op, 78769581.50 ns, 8.3028 ns/op
WorkloadResult  50: 9487152 op, 80430917.50 ns, 8.4779 ns/op
WorkloadResult  51: 9487152 op, 77947274.50 ns, 8.2161 ns/op
WorkloadResult  52: 9487152 op, 74535405.50 ns, 7.8565 ns/op
WorkloadResult  53: 9487152 op, 76796305.50 ns, 8.0948 ns/op
WorkloadResult  54: 9487152 op, 75886703.50 ns, 7.9989 ns/op
WorkloadResult  55: 9487152 op, 78074907.50 ns, 8.2295 ns/op
WorkloadResult  56: 9487152 op, 73911193.50 ns, 7.7907 ns/op
// GC:  72 0 0 607177728 9487152
// Threading:  0 0 9487152

// AfterAll
// Benchmark Process 13976 has exited with code 0.

Mean = 8.289 ns, StdErr = 0.059 ns (0.72%), N = 56, StdDev = 0.444 ns
Min = 7.729 ns, Q1 = 7.953 ns, Median = 8.228 ns, Q3 = 8.492 ns, Max = 9.527 ns
IQR = 0.538 ns, LowerFence = 7.146 ns, UpperFence = 9.299 ns
ConfidenceInterval = [8.083 ns; 8.495 ns] (CI 99.9%), Margin = 0.206 ns (2.49% of Mean)
Skewness = 1.03, Kurtosis = 3.53, MValue = 3.44

// ** Remained 40 (44.0%) benchmark(s) to run. Estimated finish 2026-03-01 10:01 (0h 3m from now) **
// **************************
// Benchmark: Scenario1.S1_ReturnOptionStringErrorWithMessage_EnumerationsOptions: .NET 10.0(Runtime=.NET 10.0, IterationTime=100ms) [Iterations=2]
// *** Execute ***
// Launch: 1 / 1
// Execute: dotnet "Enumerations.Options.Benchmarks-.NET 10.0-1.dll" --anonymousPipes 116 118 --benchmarkName "ReillyDigital.Enumerations.Options.Benchmarks.Scenarios.Scenario1.S1_ReturnOptionStringErrorWithMessage_EnumerationsOptions(Iterations: 2)" --job ".NET 10.0" --benchmarkId 51 in /media/andrew/Slowverflow/x/devs/reilly-digital/dotnet/enumerations.options/src/Enumerations.Options.Benchmarks/bin/Debug/net10.0/Enumerations.Options.Benchmarks-.NET 10.0-1/bin/Release/net10.0
// Failed to set up high priority (Permission denied). In order to run benchmarks with high priority, make sure you have the right permissions.
// BeforeAnythingElse

// Benchmark Process Environment Information:
// BenchmarkDotNet v0.15.8
// Runtime=.NET 10.0.3 (10.0.3, 10.0.326.7603), X64 RyuJIT x86-64-v3
// GC=Concurrent Workstation
// HardwareIntrinsics=AVX2+BMI1+BMI2+F16C+FMA+LZCNT+MOVBE,AVX,SSE3+SSSE3+SSE4.1+SSE4.2+POPCNT,X86Base+SSE+SSE2,AES+PCLMUL VectorSize=256
// Job: .NET 10.0(IterationTime=100ms)

OverheadJitting  1: 1 op, 155795.00 ns, 155.7950 us/op
WorkloadJitting  1: 1 op, 3174400.00 ns, 3.1744 ms/op

OverheadJitting  2: 16 op, 238912.00 ns, 14.9320 us/op
WorkloadJitting  2: 16 op, 215858.00 ns, 13.4911 us/op

WorkloadPilot    1: 16 op, 1884.00 ns, 117.7500 ns/op
WorkloadPilot    2: 849264 op, 69578871.00 ns, 81.9284 ns/op
WorkloadPilot    3: 1220592 op, 99223119.00 ns, 81.2910 ns/op
WorkloadPilot    4: 1230160 op, 17172274.00 ns, 13.9594 ns/op
WorkloadPilot    5: 7163648 op, 12629943.00 ns, 1.7631 ns/op
WorkloadPilot    6: 56719568 op, 100256586.00 ns, 1.7676 ns/op
WorkloadPilot    7: 56574416 op, 100022503.00 ns, 1.7680 ns/op
WorkloadPilot    8: 56561696 op, 99337375.00 ns, 1.7563 ns/op
WorkloadPilot    9: 56938992 op, 100114446.00 ns, 1.7583 ns/op

OverheadWarmup   1: 56938992 op, 141835822.00 ns, 2.4910 ns/op
OverheadWarmup   2: 56938992 op, 110258202.00 ns, 1.9364 ns/op
OverheadWarmup   3: 56938992 op, 85907908.00 ns, 1.5088 ns/op
OverheadWarmup   4: 56938992 op, 85877129.00 ns, 1.5082 ns/op
OverheadWarmup   5: 56938992 op, 85876699.00 ns, 1.5082 ns/op
OverheadWarmup   6: 56938992 op, 87953271.00 ns, 1.5447 ns/op
OverheadWarmup   7: 56938992 op, 85780367.00 ns, 1.5065 ns/op
OverheadWarmup   8: 56938992 op, 86662166.00 ns, 1.5220 ns/op
OverheadWarmup   9: 56938992 op, 85775167.00 ns, 1.5064 ns/op

OverheadActual   1: 56938992 op, 85726735.00 ns, 1.5056 ns/op
OverheadActual   2: 56938992 op, 85788963.00 ns, 1.5067 ns/op
OverheadActual   3: 56938992 op, 85604443.00 ns, 1.5034 ns/op
OverheadActual   4: 56938992 op, 85816274.00 ns, 1.5072 ns/op
OverheadActual   5: 56938992 op, 85920862.00 ns, 1.5090 ns/op
OverheadActual   6: 56938992 op, 86465203.00 ns, 1.5186 ns/op
OverheadActual   7: 56938992 op, 86331319.00 ns, 1.5162 ns/op
OverheadActual   8: 56938992 op, 86707302.00 ns, 1.5228 ns/op
OverheadActual   9: 56938992 op, 88894613.00 ns, 1.5612 ns/op
OverheadActual  10: 56938992 op, 85672332.00 ns, 1.5046 ns/op
OverheadActual  11: 56938992 op, 85979623.00 ns, 1.5100 ns/op
OverheadActual  12: 56938992 op, 85695897.00 ns, 1.5050 ns/op
OverheadActual  13: 56938992 op, 86144556.00 ns, 1.5129 ns/op
OverheadActual  14: 56938992 op, 86063873.00 ns, 1.5115 ns/op
OverheadActual  15: 56938992 op, 85419623.00 ns, 1.5002 ns/op

WorkloadWarmup   1: 56938992 op, 99627034.00 ns, 1.7497 ns/op
WorkloadWarmup   2: 56938992 op, 99801224.00 ns, 1.7528 ns/op
WorkloadWarmup   3: 56938992 op, 99793609.00 ns, 1.7526 ns/op
WorkloadWarmup   4: 56938992 op, 100375451.00 ns, 1.7629 ns/op
WorkloadWarmup   5: 56938992 op, 100103486.00 ns, 1.7581 ns/op
WorkloadWarmup   6: 56938992 op, 100466814.00 ns, 1.7645 ns/op

// BeforeActualRun
WorkloadActual   1: 56938992 op, 100064111.00 ns, 1.7574 ns/op
WorkloadActual   2: 56938992 op, 100102043.00 ns, 1.7581 ns/op
WorkloadActual   3: 56938992 op, 100092986.00 ns, 1.7579 ns/op
WorkloadActual   4: 56938992 op, 99835748.00 ns, 1.7534 ns/op
WorkloadActual   5: 56938992 op, 99744336.00 ns, 1.7518 ns/op
WorkloadActual   6: 56938992 op, 99793629.00 ns, 1.7526 ns/op
WorkloadActual   7: 56938992 op, 99759264.00 ns, 1.7520 ns/op
WorkloadActual   8: 56938992 op, 100918259.00 ns, 1.7724 ns/op
WorkloadActual   9: 56938992 op, 100247358.00 ns, 1.7606 ns/op
WorkloadActual  10: 56938992 op, 99897166.00 ns, 1.7545 ns/op
WorkloadActual  11: 56938992 op, 99819207.00 ns, 1.7531 ns/op
WorkloadActual  12: 56938992 op, 99765186.00 ns, 1.7521 ns/op
WorkloadActual  13: 56938992 op, 100048532.00 ns, 1.7571 ns/op
WorkloadActual  14: 56938992 op, 99783730.00 ns, 1.7525 ns/op
WorkloadActual  15: 56938992 op, 99790073.00 ns, 1.7526 ns/op

// AfterActualRun
WorkloadResult   1: 56938992 op, 14143249.00 ns, 0.2484 ns/op
WorkloadResult   2: 56938992 op, 14181181.00 ns, 0.2491 ns/op
WorkloadResult   3: 56938992 op, 14172124.00 ns, 0.2489 ns/op
WorkloadResult   4: 56938992 op, 13914886.00 ns, 0.2444 ns/op
WorkloadResult   5: 56938992 op, 13823474.00 ns, 0.2428 ns/op
WorkloadResult   6: 56938992 op, 13872767.00 ns, 0.2436 ns/op
WorkloadResult   7: 56938992 op, 13838402.00 ns, 0.2430 ns/op
WorkloadResult   8: 56938992 op, 14326496.00 ns, 0.2516 ns/op
WorkloadResult   9: 56938992 op, 13976304.00 ns, 0.2455 ns/op
WorkloadResult  10: 56938992 op, 13898345.00 ns, 0.2441 ns/op
WorkloadResult  11: 56938992 op, 13844324.00 ns, 0.2431 ns/op
WorkloadResult  12: 56938992 op, 14127670.00 ns, 0.2481 ns/op
WorkloadResult  13: 56938992 op, 13862868.00 ns, 0.2435 ns/op
WorkloadResult  14: 56938992 op, 13869211.00 ns, 0.2436 ns/op
// GC:  0 0 0 0 56938992
// Threading:  0 0 56938992

// AfterAll
// Benchmark Process 14015 has exited with code 0.

Mean = 0.246 ns, StdErr = 0.001 ns (0.32%), N = 14, StdDev = 0.003 ns
Min = 0.243 ns, Q1 = 0.243 ns, Median = 0.244 ns, Q3 = 0.248 ns, Max = 0.252 ns
IQR = 0.005 ns, LowerFence = 0.236 ns, UpperFence = 0.256 ns
ConfidenceInterval = [0.242 ns; 0.249 ns] (CI 99.9%), Margin = 0.003 ns (1.33% of Mean)
Skewness = 0.63, Kurtosis = 1.79, MValue = 2

// ** Remained 39 (42.9%) benchmark(s) to run. Estimated finish 2026-03-01 10:01 (0h 3m from now) **
// **************************
// Benchmark: Scenario1.S1_ReturnOptionStringErrorWithMessage_FluentResults: .NET 10.0(Runtime=.NET 10.0, IterationTime=100ms) [Iterations=2]
// *** Execute ***
// Launch: 1 / 1
// Execute: dotnet "Enumerations.Options.Benchmarks-.NET 10.0-1.dll" --anonymousPipes 116 118 --benchmarkName "ReillyDigital.Enumerations.Options.Benchmarks.Scenarios.Scenario1.S1_ReturnOptionStringErrorWithMessage_FluentResults(Iterations: 2)" --job ".NET 10.0" --benchmarkId 52 in /media/andrew/Slowverflow/x/devs/reilly-digital/dotnet/enumerations.options/src/Enumerations.Options.Benchmarks/bin/Debug/net10.0/Enumerations.Options.Benchmarks-.NET 10.0-1/bin/Release/net10.0
// Failed to set up high priority (Permission denied). In order to run benchmarks with high priority, make sure you have the right permissions.
// BeforeAnythingElse

// Benchmark Process Environment Information:
// BenchmarkDotNet v0.15.8
// Runtime=.NET 10.0.3 (10.0.3, 10.0.326.7603), X64 RyuJIT x86-64-v3
// GC=Concurrent Workstation
// HardwareIntrinsics=AVX2+BMI1+BMI2+F16C+FMA+LZCNT+MOVBE,AVX,SSE3+SSSE3+SSE4.1+SSE4.2+POPCNT,X86Base+SSE+SSE2,AES+PCLMUL VectorSize=256
// Job: .NET 10.0(IterationTime=100ms)

OverheadJitting  1: 1 op, 153581.00 ns, 153.5810 us/op
WorkloadJitting  1: 1 op, 3668676.00 ns, 3.6687 ms/op

OverheadJitting  2: 16 op, 218093.00 ns, 13.6308 us/op
WorkloadJitting  2: 16 op, 245405.00 ns, 15.3378 us/op

WorkloadPilot    1: 16 op, 20458.00 ns, 1.2786 us/op
WorkloadPilot    2: 78224 op, 37157434.00 ns, 475.0132 ns/op
WorkloadPilot    3: 210528 op, 89389941.00 ns, 424.5988 ns/op
WorkloadPilot    4: 235520 op, 76090329.00 ns, 323.0737 ns/op
WorkloadPilot    5: 309536 op, 31827221.00 ns, 102.8224 ns/op
WorkloadPilot    6: 972560 op, 90023721.00 ns, 92.5637 ns/op
WorkloadPilot    7: 1080352 op, 99073516.00 ns, 91.7048 ns/op
WorkloadPilot    8: 1090464 op, 99932752.00 ns, 91.6424 ns/op
WorkloadPilot    9: 1091200 op, 99644396.00 ns, 91.3163 ns/op
WorkloadPilot   10: 1095104 op, 99974531.00 ns, 91.2923 ns/op
WorkloadPilot   11: 1095392 op, 110657679.00 ns, 101.0211 ns/op
WorkloadPilot   12: 989904 op, 110523255.00 ns, 111.6505 ns/op
WorkloadPilot   13: 895664 op, 82866510.00 ns, 92.5196 ns/op
WorkloadPilot   14: 1080864 op, 97649209.00 ns, 90.3437 ns/op
WorkloadPilot   15: 1106896 op, 100290841.00 ns, 90.6055 ns/op

OverheadWarmup   1: 1106896 op, 2791626.00 ns, 2.5220 ns/op
OverheadWarmup   2: 1106896 op, 2773391.00 ns, 2.5056 ns/op
OverheadWarmup   3: 1106896 op, 2771377.00 ns, 2.5037 ns/op
OverheadWarmup   4: 1106896 op, 2790954.00 ns, 2.5214 ns/op
OverheadWarmup   5: 1106896 op, 2785033.00 ns, 2.5161 ns/op
OverheadWarmup   6: 1106896 op, 2810000.00 ns, 2.5386 ns/op
OverheadWarmup   7: 1106896 op, 2827734.00 ns, 2.5547 ns/op
OverheadWarmup   8: 1106896 op, 2788910.00 ns, 2.5196 ns/op

OverheadActual   1: 1106896 op, 2850066.00 ns, 2.5748 ns/op
OverheadActual   2: 1106896 op, 2794481.00 ns, 2.5246 ns/op
OverheadActual   3: 1106896 op, 2857741.00 ns, 2.5818 ns/op
OverheadActual   4: 1106896 op, 2730460.00 ns, 2.4668 ns/op
OverheadActual   5: 1106896 op, 2782899.00 ns, 2.5141 ns/op
OverheadActual   6: 1106896 op, 2830449.00 ns, 2.5571 ns/op
OverheadActual   7: 1106896 op, 2794712.00 ns, 2.5248 ns/op
OverheadActual   8: 1106896 op, 2818457.00 ns, 2.5463 ns/op
OverheadActual   9: 1106896 op, 2801685.00 ns, 2.5311 ns/op
OverheadActual  10: 1106896 op, 2807787.00 ns, 2.5366 ns/op
OverheadActual  11: 1106896 op, 2775105.00 ns, 2.5071 ns/op
OverheadActual  12: 1106896 op, 2743024.00 ns, 2.4781 ns/op
OverheadActual  13: 1106896 op, 2772269.00 ns, 2.5045 ns/op
OverheadActual  14: 1106896 op, 2785714.00 ns, 2.5167 ns/op
OverheadActual  15: 1106896 op, 2778241.00 ns, 2.5099 ns/op

WorkloadWarmup   1: 1106896 op, 105683210.00 ns, 95.4771 ns/op
WorkloadWarmup   2: 1106896 op, 102997445.00 ns, 93.0507 ns/op
WorkloadWarmup   3: 1106896 op, 105566970.00 ns, 95.3721 ns/op
WorkloadWarmup   4: 1106896 op, 101059406.00 ns, 91.2998 ns/op
WorkloadWarmup   5: 1106896 op, 101243745.00 ns, 91.4664 ns/op
WorkloadWarmup   6: 1106896 op, 101317274.00 ns, 91.5328 ns/op
WorkloadWarmup   7: 1106896 op, 100596720.00 ns, 90.8818 ns/op

// BeforeActualRun
WorkloadActual   1: 1106896 op, 102076943.00 ns, 92.2191 ns/op
WorkloadActual   2: 1106896 op, 107659903.00 ns, 97.2629 ns/op
WorkloadActual   3: 1106896 op, 106930592.00 ns, 96.6040 ns/op
WorkloadActual   4: 1106896 op, 107149707.00 ns, 96.8020 ns/op
WorkloadActual   5: 1106896 op, 107396614.00 ns, 97.0250 ns/op
WorkloadActual   6: 1106896 op, 107295593.00 ns, 96.9338 ns/op
WorkloadActual   7: 1106896 op, 106280201.00 ns, 96.0164 ns/op
WorkloadActual   8: 1106896 op, 111608780.00 ns, 100.8304 ns/op
WorkloadActual   9: 1106896 op, 113999666.00 ns, 102.9904 ns/op
WorkloadActual  10: 1106896 op, 110660294.00 ns, 99.9735 ns/op
WorkloadActual  11: 1106896 op, 121155997.00 ns, 109.4556 ns/op
WorkloadActual  12: 1106896 op, 117498712.00 ns, 106.1515 ns/op
WorkloadActual  13: 1106896 op, 108619170.00 ns, 98.1295 ns/op
WorkloadActual  14: 1106896 op, 105299384.00 ns, 95.1303 ns/op
WorkloadActual  15: 1106896 op, 109746605.00 ns, 99.1481 ns/op
WorkloadActual  16: 1106896 op, 106984364.00 ns, 96.6526 ns/op
WorkloadActual  17: 1106896 op, 105625973.00 ns, 95.4254 ns/op
WorkloadActual  18: 1106896 op, 101956104.00 ns, 92.1099 ns/op
WorkloadActual  19: 1106896 op, 109321199.00 ns, 98.7637 ns/op
WorkloadActual  20: 1106896 op, 106610927.00 ns, 96.3152 ns/op
WorkloadActual  21: 1106896 op, 105905751.00 ns, 95.6781 ns/op
WorkloadActual  22: 1106896 op, 106151868.00 ns, 95.9005 ns/op
WorkloadActual  23: 1106896 op, 105306427.00 ns, 95.1367 ns/op
WorkloadActual  24: 1106896 op, 105164909.00 ns, 95.0088 ns/op
WorkloadActual  25: 1106896 op, 100659539.00 ns, 90.9386 ns/op
WorkloadActual  26: 1106896 op, 100589687.00 ns, 90.8755 ns/op
WorkloadActual  27: 1106896 op, 99890152.00 ns, 90.2435 ns/op
WorkloadActual  28: 1106896 op, 100713200.00 ns, 90.9870 ns/op
WorkloadActual  29: 1106896 op, 99187953.00 ns, 89.6091 ns/op
WorkloadActual  30: 1106896 op, 100886809.00 ns, 91.1439 ns/op
WorkloadActual  31: 1106896 op, 99565918.00 ns, 89.9506 ns/op
WorkloadActual  32: 1106896 op, 99488201.00 ns, 89.8804 ns/op
WorkloadActual  33: 1106896 op, 99622675.00 ns, 90.0018 ns/op
WorkloadActual  34: 1106896 op, 100116701.00 ns, 90.4482 ns/op
WorkloadActual  35: 1106896 op, 100079060.00 ns, 90.4141 ns/op
WorkloadActual  36: 1106896 op, 100566853.00 ns, 90.8548 ns/op
WorkloadActual  37: 1106896 op, 99830129.00 ns, 90.1893 ns/op
WorkloadActual  38: 1106896 op, 100845711.00 ns, 91.1068 ns/op
WorkloadActual  39: 1106896 op, 99921070.00 ns, 90.2714 ns/op
WorkloadActual  40: 1106896 op, 100985987.00 ns, 91.2335 ns/op
WorkloadActual  41: 1106896 op, 99666037.00 ns, 90.0410 ns/op
WorkloadActual  42: 1106896 op, 100982690.00 ns, 91.2305 ns/op
WorkloadActual  43: 1106896 op, 99609811.00 ns, 89.9902 ns/op
WorkloadActual  44: 1106896 op, 101436490.00 ns, 91.6405 ns/op
WorkloadActual  45: 1106896 op, 100140907.00 ns, 90.4700 ns/op
WorkloadActual  46: 1106896 op, 101827219.00 ns, 91.9935 ns/op
WorkloadActual  47: 1106896 op, 99466089.00 ns, 89.8604 ns/op
WorkloadActual  48: 1106896 op, 100943386.00 ns, 91.1950 ns/op

// AfterActualRun
WorkloadResult   1: 1106896 op, 99282462.00 ns, 89.6945 ns/op
WorkloadResult   2: 1106896 op, 104865422.00 ns, 94.7383 ns/op
WorkloadResult   3: 1106896 op, 104136111.00 ns, 94.0794 ns/op
WorkloadResult   4: 1106896 op, 104355226.00 ns, 94.2774 ns/op
WorkloadResult   5: 1106896 op, 104602133.00 ns, 94.5004 ns/op
WorkloadResult   6: 1106896 op, 104501112.00 ns, 94.4092 ns/op
WorkloadResult   7: 1106896 op, 103485720.00 ns, 93.4918 ns/op
WorkloadResult   8: 1106896 op, 108814299.00 ns, 98.3058 ns/op
WorkloadResult   9: 1106896 op, 111205185.00 ns, 100.4658 ns/op
WorkloadResult  10: 1106896 op, 107865813.00 ns, 97.4489 ns/op
WorkloadResult  11: 1106896 op, 105824689.00 ns, 95.6049 ns/op
WorkloadResult  12: 1106896 op, 102504903.00 ns, 92.6057 ns/op
WorkloadResult  13: 1106896 op, 106952124.00 ns, 96.6235 ns/op
WorkloadResult  14: 1106896 op, 104189883.00 ns, 94.1280 ns/op
WorkloadResult  15: 1106896 op, 102831492.00 ns, 92.9008 ns/op
WorkloadResult  16: 1106896 op, 99161623.00 ns, 89.5853 ns/op
WorkloadResult  17: 1106896 op, 106526718.00 ns, 96.2391 ns/op
WorkloadResult  18: 1106896 op, 103816446.00 ns, 93.7906 ns/op
WorkloadResult  19: 1106896 op, 103111270.00 ns, 93.1535 ns/op
WorkloadResult  20: 1106896 op, 103357387.00 ns, 93.3759 ns/op
WorkloadResult  21: 1106896 op, 102511946.00 ns, 92.6121 ns/op
WorkloadResult  22: 1106896 op, 102370428.00 ns, 92.4842 ns/op
WorkloadResult  23: 1106896 op, 97865058.00 ns, 88.4140 ns/op
WorkloadResult  24: 1106896 op, 97795206.00 ns, 88.3509 ns/op
WorkloadResult  25: 1106896 op, 97095671.00 ns, 87.7189 ns/op
WorkloadResult  26: 1106896 op, 97918719.00 ns, 88.4624 ns/op
WorkloadResult  27: 1106896 op, 96393472.00 ns, 87.0845 ns/op
WorkloadResult  28: 1106896 op, 98092328.00 ns, 88.6193 ns/op
WorkloadResult  29: 1106896 op, 96771437.00 ns, 87.4260 ns/op
WorkloadResult  30: 1106896 op, 96693720.00 ns, 87.3557 ns/op
WorkloadResult  31: 1106896 op, 96828194.00 ns, 87.4772 ns/op
WorkloadResult  32: 1106896 op, 97322220.00 ns, 87.9235 ns/op
WorkloadResult  33: 1106896 op, 97284579.00 ns, 87.8895 ns/op
WorkloadResult  34: 1106896 op, 97772372.00 ns, 88.3302 ns/op
WorkloadResult  35: 1106896 op, 97035648.00 ns, 87.6646 ns/op
WorkloadResult  36: 1106896 op, 98051230.00 ns, 88.5822 ns/op
WorkloadResult  37: 1106896 op, 97126589.00 ns, 87.7468 ns/op
WorkloadResult  38: 1106896 op, 98191506.00 ns, 88.7089 ns/op
WorkloadResult  39: 1106896 op, 96871556.00 ns, 87.5164 ns/op
WorkloadResult  40: 1106896 op, 98188209.00 ns, 88.7059 ns/op
WorkloadResult  41: 1106896 op, 96815330.00 ns, 87.4656 ns/op
WorkloadResult  42: 1106896 op, 98642009.00 ns, 89.1159 ns/op
WorkloadResult  43: 1106896 op, 97346426.00 ns, 87.9454 ns/op
WorkloadResult  44: 1106896 op, 99032738.00 ns, 89.4689 ns/op
WorkloadResult  45: 1106896 op, 96671608.00 ns, 87.3358 ns/op
WorkloadResult  46: 1106896 op, 98148905.00 ns, 88.6704 ns/op
// GC:  71 0 0 602151424 1106896
// Threading:  0 0 1106896

// AfterAll
// Benchmark Process 14043 has exited with code 0.

Mean = 91.054 ns, StdErr = 0.532 ns (0.58%), N = 46, StdDev = 3.605 ns
Min = 87.084 ns, Q1 = 87.929 ns, Median = 89.292 ns, Q3 = 94.007 ns, Max = 100.466 ns
IQR = 6.078 ns, LowerFence = 78.812 ns, UpperFence = 103.124 ns
ConfidenceInterval = [89.183 ns; 92.926 ns] (CI 99.9%), Margin = 1.871 ns (2.06% of Mean)
Skewness = 0.68, Kurtosis = 2.27, MValue = 3.08

// ** Remained 38 (41.8%) benchmark(s) to run. Estimated finish 2026-03-01 10:01 (0h 3m from now) **
// **************************
// Benchmark: Scenario1.S1_ReturnOptionStringErrorWithMessage_LightResults: .NET 10.0(Runtime=.NET 10.0, IterationTime=100ms) [Iterations=2]
// *** Execute ***
// Launch: 1 / 1
// Execute: dotnet "Enumerations.Options.Benchmarks-.NET 10.0-1.dll" --anonymousPipes 116 118 --benchmarkName "ReillyDigital.Enumerations.Options.Benchmarks.Scenarios.Scenario1.S1_ReturnOptionStringErrorWithMessage_LightResults(Iterations: 2)" --job ".NET 10.0" --benchmarkId 53 in /media/andrew/Slowverflow/x/devs/reilly-digital/dotnet/enumerations.options/src/Enumerations.Options.Benchmarks/bin/Debug/net10.0/Enumerations.Options.Benchmarks-.NET 10.0-1/bin/Release/net10.0
// Failed to set up high priority (Permission denied). In order to run benchmarks with high priority, make sure you have the right permissions.
// BeforeAnythingElse

// Benchmark Process Environment Information:
// BenchmarkDotNet v0.15.8
// Runtime=.NET 10.0.3 (10.0.3, 10.0.326.7603), X64 RyuJIT x86-64-v3
// GC=Concurrent Workstation
// HardwareIntrinsics=AVX2+BMI1+BMI2+F16C+FMA+LZCNT+MOVBE,AVX,SSE3+SSSE3+SSE4.1+SSE4.2+POPCNT,X86Base+SSE+SSE2,AES+PCLMUL VectorSize=256
// Job: .NET 10.0(IterationTime=100ms)

OverheadJitting  1: 1 op, 160184.00 ns, 160.1840 us/op
WorkloadJitting  1: 1 op, 3638398.00 ns, 3.6384 ms/op

OverheadJitting  2: 16 op, 235035.00 ns, 14.6897 us/op
WorkloadJitting  2: 16 op, 210138.00 ns, 13.1336 us/op

WorkloadPilot    1: 16 op, 2665.00 ns, 166.5625 ns/op
WorkloadPilot    2: 600384 op, 52255200.00 ns, 87.0363 ns/op
WorkloadPilot    3: 1148960 op, 94403393.00 ns, 82.1642 ns/op
WorkloadPilot    4: 1217088 op, 56235797.00 ns, 46.2052 ns/op
WorkloadPilot    5: 2164272 op, 51958499.00 ns, 24.0074 ns/op
WorkloadPilot    6: 4165392 op, 91626686.00 ns, 21.9971 ns/op
WorkloadPilot    7: 4546048 op, 99326956.00 ns, 21.8491 ns/op
WorkloadPilot    8: 4576864 op, 102743605.00 ns, 22.4485 ns/op
WorkloadPilot    9: 4454656 op, 101196045.00 ns, 22.7169 ns/op
WorkloadPilot   10: 4402016 op, 114598611.00 ns, 26.0332 ns/op

OverheadWarmup   1: 4402016 op, 11178466.00 ns, 2.5394 ns/op
OverheadWarmup   2: 4402016 op, 11154770.00 ns, 2.5340 ns/op
OverheadWarmup   3: 4402016 op, 11286250.00 ns, 2.5639 ns/op
OverheadWarmup   4: 4402016 op, 11218271.00 ns, 2.5484 ns/op
OverheadWarmup   5: 4402016 op, 11096620.00 ns, 2.5208 ns/op
OverheadWarmup   6: 4402016 op, 11210646.00 ns, 2.5467 ns/op
OverheadWarmup   7: 4402016 op, 11202892.00 ns, 2.5449 ns/op

OverheadActual   1: 4402016 op, 11149390.00 ns, 2.5328 ns/op
OverheadActual   2: 4402016 op, 11118362.00 ns, 2.5257 ns/op
OverheadActual   3: 4402016 op, 11096851.00 ns, 2.5209 ns/op
OverheadActual   4: 4402016 op, 11084417.00 ns, 2.5180 ns/op
OverheadActual   5: 4402016 op, 11142086.00 ns, 2.5311 ns/op
OverheadActual   6: 4402016 op, 11080670.00 ns, 2.5172 ns/op
OverheadActual   7: 4402016 op, 11061384.00 ns, 2.5128 ns/op
OverheadActual   8: 4402016 op, 11058468.00 ns, 2.5121 ns/op
OverheadActual   9: 4402016 op, 11076111.00 ns, 2.5161 ns/op
OverheadActual  10: 4402016 op, 11024815.00 ns, 2.5045 ns/op
OverheadActual  11: 4402016 op, 11077684.00 ns, 2.5165 ns/op
OverheadActual  12: 4402016 op, 11145222.00 ns, 2.5318 ns/op
OverheadActual  13: 4402016 op, 11063778.00 ns, 2.5133 ns/op
OverheadActual  14: 4402016 op, 11062375.00 ns, 2.5130 ns/op
OverheadActual  15: 4402016 op, 11069088.00 ns, 2.5145 ns/op

WorkloadWarmup   1: 4402016 op, 100773494.00 ns, 22.8926 ns/op
WorkloadWarmup   2: 4402016 op, 108691927.00 ns, 24.6914 ns/op
WorkloadWarmup   3: 4402016 op, 98685040.00 ns, 22.4181 ns/op
WorkloadWarmup   4: 4402016 op, 98836757.00 ns, 22.4526 ns/op
WorkloadWarmup   5: 4402016 op, 96457372.00 ns, 21.9121 ns/op
WorkloadWarmup   6: 4402016 op, 99865676.00 ns, 22.6864 ns/op

// BeforeActualRun
WorkloadActual   1: 4402016 op, 100207022.00 ns, 22.7639 ns/op
WorkloadActual   2: 4402016 op, 101221683.00 ns, 22.9944 ns/op
WorkloadActual   3: 4402016 op, 100046458.00 ns, 22.7274 ns/op
WorkloadActual   4: 4402016 op, 100666501.00 ns, 22.8683 ns/op
WorkloadActual   5: 4402016 op, 99206357.00 ns, 22.5366 ns/op
WorkloadActual   6: 4402016 op, 99364932.00 ns, 22.5726 ns/op
WorkloadActual   7: 4402016 op, 99585998.00 ns, 22.6228 ns/op
WorkloadActual   8: 4402016 op, 99360762.00 ns, 22.5716 ns/op
WorkloadActual   9: 4402016 op, 99463206.00 ns, 22.5949 ns/op
WorkloadActual  10: 4402016 op, 100226080.00 ns, 22.7682 ns/op
WorkloadActual  11: 4402016 op, 106508736.00 ns, 24.1954 ns/op
WorkloadActual  12: 4402016 op, 104006468.00 ns, 23.6270 ns/op
WorkloadActual  13: 4402016 op, 102190370.00 ns, 23.2144 ns/op
WorkloadActual  14: 4402016 op, 102561462.00 ns, 23.2987 ns/op
WorkloadActual  15: 4402016 op, 101196618.00 ns, 22.9887 ns/op

// AfterActualRun
WorkloadResult   1: 4402016 op, 89129338.00 ns, 20.2474 ns/op
WorkloadResult   2: 4402016 op, 90143999.00 ns, 20.4779 ns/op
WorkloadResult   3: 4402016 op, 88968774.00 ns, 20.2109 ns/op
WorkloadResult   4: 4402016 op, 89588817.00 ns, 20.3518 ns/op
WorkloadResult   5: 4402016 op, 88128673.00 ns, 20.0201 ns/op
WorkloadResult   6: 4402016 op, 88287248.00 ns, 20.0561 ns/op
WorkloadResult   7: 4402016 op, 88508314.00 ns, 20.1063 ns/op
WorkloadResult   8: 4402016 op, 88283078.00 ns, 20.0551 ns/op
WorkloadResult   9: 4402016 op, 88385522.00 ns, 20.0784 ns/op
WorkloadResult  10: 4402016 op, 89148396.00 ns, 20.2517 ns/op
WorkloadResult  11: 4402016 op, 92928784.00 ns, 21.1105 ns/op
WorkloadResult  12: 4402016 op, 91112686.00 ns, 20.6979 ns/op
WorkloadResult  13: 4402016 op, 91483778.00 ns, 20.7822 ns/op
WorkloadResult  14: 4402016 op, 90118934.00 ns, 20.4722 ns/op
// GC:  58 0 0 493025792 4402016
// Threading:  0 0 4402016

// AfterAll
// Benchmark Process 14080 has exited with code 0.

Mean = 20.351 ns, StdErr = 0.087 ns (0.43%), N = 14, StdDev = 0.325 ns
Min = 20.020 ns, Q1 = 20.085 ns, Median = 20.250 ns, Q3 = 20.476 ns, Max = 21.111 ns
IQR = 0.391 ns, LowerFence = 19.499 ns, UpperFence = 21.063 ns
ConfidenceInterval = [19.985 ns; 20.718 ns] (CI 99.9%), Margin = 0.367 ns (1.80% of Mean)
Skewness = 0.91, Kurtosis = 2.68, MValue = 2

// ** Remained 37 (40.7%) benchmark(s) to run. Estimated finish 2026-03-01 10:01 (0h 3m from now) **
// **************************
// Benchmark: Scenario1.S1_ReturnOptionStringErrorWithMessage_Rascal: .NET 10.0(Runtime=.NET 10.0, IterationTime=100ms) [Iterations=2]
// *** Execute ***
// Launch: 1 / 1
// Execute: dotnet "Enumerations.Options.Benchmarks-.NET 10.0-1.dll" --anonymousPipes 116 118 --benchmarkName "ReillyDigital.Enumerations.Options.Benchmarks.Scenarios.Scenario1.S1_ReturnOptionStringErrorWithMessage_Rascal(Iterations: 2)" --job ".NET 10.0" --benchmarkId 54 in /media/andrew/Slowverflow/x/devs/reilly-digital/dotnet/enumerations.options/src/Enumerations.Options.Benchmarks/bin/Debug/net10.0/Enumerations.Options.Benchmarks-.NET 10.0-1/bin/Release/net10.0
// Failed to set up high priority (Permission denied). In order to run benchmarks with high priority, make sure you have the right permissions.
// BeforeAnythingElse

// Benchmark Process Environment Information:
// BenchmarkDotNet v0.15.8
// Runtime=.NET 10.0.3 (10.0.3, 10.0.326.7603), X64 RyuJIT x86-64-v3
// GC=Concurrent Workstation
// HardwareIntrinsics=AVX2+BMI1+BMI2+F16C+FMA+LZCNT+MOVBE,AVX,SSE3+SSSE3+SSE4.1+SSE4.2+POPCNT,X86Base+SSE+SSE2,AES+PCLMUL VectorSize=256
// Job: .NET 10.0(IterationTime=100ms)

OverheadJitting  1: 1 op, 182676.00 ns, 182.6760 us/op
WorkloadJitting  1: 1 op, 2265409.00 ns, 2.2654 ms/op

OverheadJitting  2: 16 op, 241878.00 ns, 15.1174 us/op
WorkloadJitting  2: 16 op, 209517.00 ns, 13.0948 us/op

WorkloadPilot    1: 16 op, 2795.00 ns, 174.6875 ns/op
WorkloadPilot    2: 572464 op, 34143571.00 ns, 59.6432 ns/op
WorkloadPilot    3: 1676640 op, 88739490.00 ns, 52.9270 ns/op
WorkloadPilot    4: 1889408 op, 68585328.00 ns, 36.2999 ns/op
WorkloadPilot    5: 2754832 op, 35684248.00 ns, 12.9533 ns/op
WorkloadPilot    6: 7720032 op, 78013450.00 ns, 10.1053 ns/op
WorkloadPilot    7: 9895776 op, 95960914.00 ns, 9.6972 ns/op
WorkloadPilot    8: 10312304 op, 98472339.00 ns, 9.5490 ns/op
WorkloadPilot    9: 10472288 op, 100309078.00 ns, 9.5785 ns/op
WorkloadPilot   10: 10440032 op, 98779912.00 ns, 9.4616 ns/op
WorkloadPilot   11: 10568992 op, 100599247.00 ns, 9.5183 ns/op
WorkloadPilot   12: 10506048 op, 104644426.00 ns, 9.9604 ns/op

OverheadWarmup   1: 10506048 op, 28848715.00 ns, 2.7459 ns/op
OverheadWarmup   2: 10506048 op, 28638217.00 ns, 2.7259 ns/op
OverheadWarmup   3: 10506048 op, 28892499.00 ns, 2.7501 ns/op
OverheadWarmup   4: 10506048 op, 28655099.00 ns, 2.7275 ns/op
OverheadWarmup   5: 10506048 op, 28638457.00 ns, 2.7259 ns/op
OverheadWarmup   6: 10506048 op, 28619281.00 ns, 2.7241 ns/op
OverheadWarmup   7: 10506048 op, 28650290.00 ns, 2.7270 ns/op
OverheadWarmup   8: 10506048 op, 28618991.00 ns, 2.7240 ns/op

OverheadActual   1: 10506048 op, 28580087.00 ns, 2.7203 ns/op
OverheadActual   2: 10506048 op, 28681509.00 ns, 2.7300 ns/op
OverheadActual   3: 10506048 op, 28699954.00 ns, 2.7318 ns/op
OverheadActual   4: 10506048 op, 28632667.00 ns, 2.7254 ns/op
OverheadActual   5: 10506048 op, 28610254.00 ns, 2.7232 ns/op
OverheadActual   6: 10506048 op, 28545391.00 ns, 2.7170 ns/op
OverheadActual   7: 10506048 op, 28810594.00 ns, 2.7423 ns/op
OverheadActual   8: 10506048 op, 28598392.00 ns, 2.7221 ns/op
OverheadActual   9: 10506048 op, 27601154.00 ns, 2.6272 ns/op
OverheadActual  10: 10506048 op, 18827420.00 ns, 1.7921 ns/op
OverheadActual  11: 10506048 op, 18552930.00 ns, 1.7659 ns/op
OverheadActual  12: 10506048 op, 18695200.00 ns, 1.7795 ns/op
OverheadActual  13: 10506048 op, 18629896.00 ns, 1.7733 ns/op
OverheadActual  14: 10506048 op, 18544975.00 ns, 1.7652 ns/op
OverheadActual  15: 10506048 op, 18583899.00 ns, 1.7689 ns/op
OverheadActual  16: 10506048 op, 18509798.00 ns, 1.7618 ns/op
OverheadActual  17: 10506048 op, 18573129.00 ns, 1.7679 ns/op
OverheadActual  18: 10506048 op, 18715408.00 ns, 1.7814 ns/op
OverheadActual  19: 10506048 op, 18566546.00 ns, 1.7672 ns/op
OverheadActual  20: 10506048 op, 18884228.00 ns, 1.7975 ns/op

WorkloadWarmup   1: 10506048 op, 104048147.00 ns, 9.9036 ns/op
WorkloadWarmup   2: 10506048 op, 107481478.00 ns, 10.2304 ns/op
WorkloadWarmup   3: 10506048 op, 101146383.00 ns, 9.6274 ns/op
WorkloadWarmup   4: 10506048 op, 100827018.00 ns, 9.5970 ns/op
WorkloadWarmup   5: 10506048 op, 102294146.00 ns, 9.7367 ns/op
WorkloadWarmup   6: 10506048 op, 101219311.00 ns, 9.6344 ns/op

// BeforeActualRun
WorkloadActual   1: 10506048 op, 105303494.00 ns, 10.0231 ns/op
WorkloadActual   2: 10506048 op, 101561058.00 ns, 9.6669 ns/op
WorkloadActual   3: 10506048 op, 100475382.00 ns, 9.5636 ns/op
WorkloadActual   4: 10506048 op, 101778270.00 ns, 9.6876 ns/op
WorkloadActual   5: 10506048 op, 101388240.00 ns, 9.6505 ns/op
WorkloadActual   6: 10506048 op, 137196294.00 ns, 13.0588 ns/op
WorkloadActual   7: 10506048 op, 102794474.00 ns, 9.7843 ns/op
WorkloadActual   8: 10506048 op, 100456386.00 ns, 9.5618 ns/op
WorkloadActual   9: 10506048 op, 104835728.00 ns, 9.9786 ns/op
WorkloadActual  10: 10506048 op, 100319668.00 ns, 9.5488 ns/op
WorkloadActual  11: 10506048 op, 104136524.00 ns, 9.9121 ns/op
WorkloadActual  12: 10506048 op, 104358004.00 ns, 9.9331 ns/op
WorkloadActual  13: 10506048 op, 102912116.00 ns, 9.7955 ns/op
WorkloadActual  14: 10506048 op, 102510706.00 ns, 9.7573 ns/op
WorkloadActual  15: 10506048 op, 100987562.00 ns, 9.6123 ns/op

// AfterActualRun
WorkloadResult   1: 10506048 op, 86447670.00 ns, 8.2284 ns/op
WorkloadResult   2: 10506048 op, 82705234.00 ns, 7.8722 ns/op
WorkloadResult   3: 10506048 op, 81619558.00 ns, 7.7688 ns/op
WorkloadResult   4: 10506048 op, 82922446.00 ns, 7.8928 ns/op
WorkloadResult   5: 10506048 op, 82532416.00 ns, 7.8557 ns/op
WorkloadResult   6: 10506048 op, 83938650.00 ns, 7.9896 ns/op
WorkloadResult   7: 10506048 op, 81600562.00 ns, 7.7670 ns/op
WorkloadResult   8: 10506048 op, 85979904.00 ns, 8.1838 ns/op
WorkloadResult   9: 10506048 op, 81463844.00 ns, 7.7540 ns/op
WorkloadResult  10: 10506048 op, 85280700.00 ns, 8.1173 ns/op
WorkloadResult  11: 10506048 op, 85502180.00 ns, 8.1384 ns/op
WorkloadResult  12: 10506048 op, 84056292.00 ns, 8.0008 ns/op
WorkloadResult  13: 10506048 op, 83654882.00 ns, 7.9625 ns/op
WorkloadResult  14: 10506048 op, 82131738.00 ns, 7.8176 ns/op
// GC:  60 0 0 504290304 10506048
// Threading:  0 0 10506048

// AfterAll
// Benchmark Process 14110 has exited with code 0.

Mean = 7.953 ns, StdErr = 0.043 ns (0.54%), N = 14, StdDev = 0.162 ns
Min = 7.754 ns, Q1 = 7.827 ns, Median = 7.928 ns, Q3 = 8.088 ns, Max = 8.228 ns
IQR = 0.261 ns, LowerFence = 7.436 ns, UpperFence = 8.480 ns
ConfidenceInterval = [7.771 ns; 8.136 ns] (CI 99.9%), Margin = 0.183 ns (2.29% of Mean)
Skewness = 0.32, Kurtosis = 1.55, MValue = 2

// ** Remained 36 (39.6%) benchmark(s) to run. Estimated finish 2026-03-01 10:01 (0h 3m from now) **
// **************************
// Benchmark: Scenario1.S1_ReturnOptionStringErrorWithMessage_SimpleResults: .NET 10.0(Runtime=.NET 10.0, IterationTime=100ms) [Iterations=2]
// *** Execute ***
// Launch: 1 / 1
// Execute: dotnet "Enumerations.Options.Benchmarks-.NET 10.0-1.dll" --anonymousPipes 116 118 --benchmarkName "ReillyDigital.Enumerations.Options.Benchmarks.Scenarios.Scenario1.S1_ReturnOptionStringErrorWithMessage_SimpleResults(Iterations: 2)" --job ".NET 10.0" --benchmarkId 55 in /media/andrew/Slowverflow/x/devs/reilly-digital/dotnet/enumerations.options/src/Enumerations.Options.Benchmarks/bin/Debug/net10.0/Enumerations.Options.Benchmarks-.NET 10.0-1/bin/Release/net10.0
// Failed to set up high priority (Permission denied). In order to run benchmarks with high priority, make sure you have the right permissions.
// BeforeAnythingElse

// Benchmark Process Environment Information:
// BenchmarkDotNet v0.15.8
// Runtime=.NET 10.0.3 (10.0.3, 10.0.326.7603), X64 RyuJIT x86-64-v3
// GC=Concurrent Workstation
// HardwareIntrinsics=AVX2+BMI1+BMI2+F16C+FMA+LZCNT+MOVBE,AVX,SSE3+SSSE3+SSE4.1+SSE4.2+POPCNT,X86Base+SSE+SSE2,AES+PCLMUL VectorSize=256
// Job: .NET 10.0(IterationTime=100ms)

OverheadJitting  1: 1 op, 151877.00 ns, 151.8770 us/op
WorkloadJitting  1: 1 op, 8225926.00 ns, 8.2259 ms/op

WorkloadPilot    1: 4 op, 6622.00 ns, 1.6555 us/op
WorkloadPilot    2: 60405 op, 48974564.00 ns, 810.7700 ns/op
WorkloadPilot    3: 123340 op, 89709878.00 ns, 727.3381 ns/op
WorkloadPilot    4: 137488 op, 65613390.00 ns, 477.2299 ns/op
WorkloadPilot    5: 209543 op, 37874546.00 ns, 180.7483 ns/op
WorkloadPilot    6: 553255 op, 96441935.00 ns, 174.3173 ns/op
WorkloadPilot    7: 573666 op, 99937764.00 ns, 174.2090 ns/op
WorkloadPilot    8: 574023 op, 97673948.00 ns, 170.1569 ns/op
WorkloadPilot    9: 587693 op, 99630081.00 ns, 169.5274 ns/op
WorkloadPilot   10: 589875 op, 99520324.00 ns, 168.7143 ns/op
WorkloadPilot   11: 592718 op, 100059284.00 ns, 168.8143 ns/op
WorkloadPilot   12: 592367 op, 100583748.00 ns, 169.7997 ns/op
WorkloadPilot   13: 588929 op, 99946852.00 ns, 169.7095 ns/op
WorkloadPilot   14: 589242 op, 99769305.00 ns, 169.3180 ns/op
WorkloadPilot   15: 590604 op, 100416611.00 ns, 170.0236 ns/op

WorkloadWarmup   1: 590604 op, 99663695.00 ns, 168.7488 ns/op
WorkloadWarmup   2: 590604 op, 100574480.00 ns, 170.2909 ns/op
WorkloadWarmup   3: 590604 op, 100628272.00 ns, 170.3820 ns/op
WorkloadWarmup   4: 590604 op, 102851812.00 ns, 174.1468 ns/op
WorkloadWarmup   5: 590604 op, 100717440.00 ns, 170.5329 ns/op
WorkloadWarmup   6: 590604 op, 101034341.00 ns, 171.0695 ns/op
WorkloadWarmup   7: 590604 op, 100686653.00 ns, 170.4808 ns/op

// BeforeActualRun
WorkloadActual   1: 590604 op, 99808490.00 ns, 168.9939 ns/op
WorkloadActual   2: 590604 op, 100475362.00 ns, 170.1231 ns/op
WorkloadActual   3: 590604 op, 100290242.00 ns, 169.8096 ns/op
WorkloadActual   4: 590604 op, 100427642.00 ns, 170.0423 ns/op
WorkloadActual   5: 590604 op, 100432240.00 ns, 170.0501 ns/op
WorkloadActual   6: 590604 op, 100687164.00 ns, 170.4817 ns/op
WorkloadActual   7: 590604 op, 100236350.00 ns, 169.7184 ns/op
WorkloadActual   8: 590604 op, 100487656.00 ns, 170.1439 ns/op
WorkloadActual   9: 590604 op, 100834382.00 ns, 170.7310 ns/op
WorkloadActual  10: 590604 op, 101003503.00 ns, 171.0173 ns/op
WorkloadActual  11: 590604 op, 100600479.00 ns, 170.3349 ns/op
WorkloadActual  12: 590604 op, 103481093.00 ns, 175.2123 ns/op
WorkloadActual  13: 590604 op, 104473413.00 ns, 176.8925 ns/op
WorkloadActual  14: 590604 op, 102860198.00 ns, 174.1610 ns/op
WorkloadActual  15: 590604 op, 100766874.00 ns, 170.6166 ns/op

// AfterActualRun
WorkloadResult   1: 590604 op, 99808490.00 ns, 168.9939 ns/op
WorkloadResult   2: 590604 op, 100475362.00 ns, 170.1231 ns/op
WorkloadResult   3: 590604 op, 100290242.00 ns, 169.8096 ns/op
WorkloadResult   4: 590604 op, 100427642.00 ns, 170.0423 ns/op
WorkloadResult   5: 590604 op, 100432240.00 ns, 170.0501 ns/op
WorkloadResult   6: 590604 op, 100687164.00 ns, 170.4817 ns/op
WorkloadResult   7: 590604 op, 100236350.00 ns, 169.7184 ns/op
WorkloadResult   8: 590604 op, 100487656.00 ns, 170.1439 ns/op
WorkloadResult   9: 590604 op, 100834382.00 ns, 170.7310 ns/op
WorkloadResult  10: 590604 op, 101003503.00 ns, 171.0173 ns/op
WorkloadResult  11: 590604 op, 100600479.00 ns, 170.3349 ns/op
WorkloadResult  12: 590604 op, 100766874.00 ns, 170.6166 ns/op
// GC:  12 0 0 103946304 590604
// Threading:  0 0 590604

// AfterAll
// Benchmark Process 14131 has exited with code 0.

Mean = 170.172 ns, StdErr = 0.153 ns (0.09%), N = 12, StdDev = 0.531 ns
Min = 168.994 ns, Q1 = 169.984 ns, Median = 170.133 ns, Q3 = 170.515 ns, Max = 171.017 ns
IQR = 0.531 ns, LowerFence = 169.187 ns, UpperFence = 171.312 ns
ConfidenceInterval = [169.491 ns; 170.853 ns] (CI 99.9%), Margin = 0.681 ns (0.40% of Mean)
Skewness = -0.49, Kurtosis = 2.76, MValue = 2

// ** Remained 35 (38.5%) benchmark(s) to run. Estimated finish 2026-03-01 10:01 (0h 3m from now) **
// **************************
// Benchmark: Scenario1.S1_ReturnOptionStringNone_ArdalisResult: .NET 10.0(Runtime=.NET 10.0, IterationTime=100ms) [Iterations=2]
// *** Execute ***
// Launch: 1 / 1
// Execute: dotnet "Enumerations.Options.Benchmarks-.NET 10.0-1.dll" --anonymousPipes 116 118 --benchmarkName "ReillyDigital.Enumerations.Options.Benchmarks.Scenarios.Scenario1.S1_ReturnOptionStringNone_ArdalisResult(Iterations: 2)" --job ".NET 10.0" --benchmarkId 56 in /media/andrew/Slowverflow/x/devs/reilly-digital/dotnet/enumerations.options/src/Enumerations.Options.Benchmarks/bin/Debug/net10.0/Enumerations.Options.Benchmarks-.NET 10.0-1/bin/Release/net10.0
// Failed to set up high priority (Permission denied). In order to run benchmarks with high priority, make sure you have the right permissions.
// BeforeAnythingElse

// Benchmark Process Environment Information:
// BenchmarkDotNet v0.15.8
// Runtime=.NET 10.0.3 (10.0.3, 10.0.326.7603), X64 RyuJIT x86-64-v3
// GC=Concurrent Workstation
// HardwareIntrinsics=AVX2+BMI1+BMI2+F16C+FMA+LZCNT+MOVBE,AVX,SSE3+SSSE3+SSE4.1+SSE4.2+POPCNT,X86Base+SSE+SSE2,AES+PCLMUL VectorSize=256
// Job: .NET 10.0(IterationTime=100ms)

OverheadJitting  1: 1 op, 157768.00 ns, 157.7680 us/op
WorkloadJitting  1: 1 op, 2480797.00 ns, 2.4808 ms/op

OverheadJitting  2: 16 op, 199287.00 ns, 12.4554 us/op
WorkloadJitting  2: 16 op, 209847.00 ns, 13.1154 us/op

WorkloadPilot    1: 16 op, 2565.00 ns, 160.3125 ns/op
WorkloadPilot    2: 623792 op, 52266888.00 ns, 83.7890 ns/op
WorkloadPilot    3: 1193488 op, 95043376.00 ns, 79.6350 ns/op
WorkloadPilot    4: 1255744 op, 56084948.00 ns, 44.6627 ns/op
WorkloadPilot    5: 2239008 op, 39221668.00 ns, 17.5174 ns/op
WorkloadPilot    6: 5708608 op, 97243453.00 ns, 17.0345 ns/op
WorkloadPilot    7: 5870432 op, 101711964.00 ns, 17.3261 ns/op
WorkloadPilot    8: 5771632 op, 98809939.00 ns, 17.1199 ns/op
WorkloadPilot    9: 5841152 op, 99459598.00 ns, 17.0274 ns/op
WorkloadPilot   10: 5872896 op, 99166675.00 ns, 16.8855 ns/op
WorkloadPilot   11: 5922256 op, 99885395.00 ns, 16.8661 ns/op
WorkloadPilot   12: 5929056 op, 101501295.00 ns, 17.1193 ns/op
WorkloadPilot   13: 5841360 op, 98902474.00 ns, 16.9314 ns/op
WorkloadPilot   14: 5906192 op, 101115004.00 ns, 17.1202 ns/op

OverheadWarmup   1: 5906192 op, 14842565.00 ns, 2.5131 ns/op
OverheadWarmup   2: 5906192 op, 15314278.00 ns, 2.5929 ns/op
OverheadWarmup   3: 5906192 op, 14912878.00 ns, 2.5250 ns/op
OverheadWarmup   4: 5906192 op, 14970587.00 ns, 2.5347 ns/op
OverheadWarmup   5: 5906192 op, 15131822.00 ns, 2.5620 ns/op
OverheadWarmup   6: 5906192 op, 15344605.00 ns, 2.5981 ns/op
OverheadWarmup   7: 5906192 op, 15525178.00 ns, 2.6286 ns/op
OverheadWarmup   8: 5906192 op, 14992078.00 ns, 2.5384 ns/op

OverheadActual   1: 5906192 op, 15099551.00 ns, 2.5566 ns/op
OverheadActual   2: 5906192 op, 14803952.00 ns, 2.5065 ns/op
OverheadActual   3: 5906192 op, 15505750.00 ns, 2.6253 ns/op
OverheadActual   4: 5906192 op, 14879986.00 ns, 2.5194 ns/op
OverheadActual   5: 5906192 op, 16032678.00 ns, 2.7146 ns/op
OverheadActual   6: 5906192 op, 14821925.00 ns, 2.5096 ns/op
OverheadActual   7: 5906192 op, 15053925.00 ns, 2.5488 ns/op
OverheadActual   8: 5906192 op, 15216493.00 ns, 2.5764 ns/op
OverheadActual   9: 5906192 op, 15044508.00 ns, 2.5472 ns/op
OverheadActual  10: 5906192 op, 15107777.00 ns, 2.5580 ns/op
OverheadActual  11: 5906192 op, 13788489.00 ns, 2.3346 ns/op
OverheadActual  12: 5906192 op, 10073375.00 ns, 1.7056 ns/op
OverheadActual  13: 5906192 op, 10256972.00 ns, 1.7366 ns/op
OverheadActual  14: 5906192 op, 10015184.00 ns, 1.6957 ns/op
OverheadActual  15: 5906192 op, 10131494.00 ns, 1.7154 ns/op
OverheadActual  16: 5906192 op, 10122798.00 ns, 1.7139 ns/op
OverheadActual  17: 5906192 op, 10103010.00 ns, 1.7106 ns/op
OverheadActual  18: 5906192 op, 9994385.00 ns, 1.6922 ns/op
OverheadActual  19: 5906192 op, 10084605.00 ns, 1.7075 ns/op
OverheadActual  20: 5906192 op, 10081279.00 ns, 1.7069 ns/op

WorkloadWarmup   1: 5906192 op, 104043529.00 ns, 17.6160 ns/op
WorkloadWarmup   2: 5906192 op, 107438898.00 ns, 18.1909 ns/op
WorkloadWarmup   3: 5906192 op, 102112442.00 ns, 17.2890 ns/op
WorkloadWarmup   4: 5906192 op, 101068636.00 ns, 17.1123 ns/op
WorkloadWarmup   5: 5906192 op, 99329613.00 ns, 16.8179 ns/op
WorkloadWarmup   6: 5906192 op, 98855105.00 ns, 16.7375 ns/op
WorkloadWarmup   7: 5906192 op, 100199841.00 ns, 16.9652 ns/op
WorkloadWarmup   8: 5906192 op, 99074670.00 ns, 16.7747 ns/op

// BeforeActualRun
WorkloadActual   1: 5906192 op, 100897451.00 ns, 17.0833 ns/op
WorkloadActual   2: 5906192 op, 106606682.00 ns, 18.0500 ns/op
WorkloadActual   3: 5906192 op, 117272148.00 ns, 19.8558 ns/op
WorkloadActual   4: 5906192 op, 132606363.00 ns, 22.4521 ns/op
WorkloadActual   5: 5906192 op, 107846379.00 ns, 18.2599 ns/op
WorkloadActual   6: 5906192 op, 106918202.00 ns, 18.1027 ns/op
WorkloadActual   7: 5906192 op, 108849479.00 ns, 18.4297 ns/op
WorkloadActual   8: 5906192 op, 108201262.00 ns, 18.3200 ns/op
WorkloadActual   9: 5906192 op, 110386449.00 ns, 18.6900 ns/op
WorkloadActual  10: 5906192 op, 107611415.00 ns, 18.2201 ns/op
WorkloadActual  11: 5906192 op, 106875431.00 ns, 18.0955 ns/op
WorkloadActual  12: 5906192 op, 107612516.00 ns, 18.2203 ns/op
WorkloadActual  13: 5906192 op, 107955316.00 ns, 18.2783 ns/op
WorkloadActual  14: 5906192 op, 105977080.00 ns, 17.9434 ns/op
WorkloadActual  15: 5906192 op, 105445072.00 ns, 17.8533 ns/op
WorkloadActual  16: 5906192 op, 105138952.00 ns, 17.8015 ns/op
WorkloadActual  17: 5906192 op, 104491818.00 ns, 17.6919 ns/op
WorkloadActual  18: 5906192 op, 104869382.00 ns, 17.7558 ns/op
WorkloadActual  19: 5906192 op, 105459671.00 ns, 17.8558 ns/op

// AfterActualRun
WorkloadResult   1: 5906192 op, 86601230.50 ns, 14.6628 ns/op
WorkloadResult   2: 5906192 op, 92310461.50 ns, 15.6294 ns/op
WorkloadResult   3: 5906192 op, 93550158.50 ns, 15.8393 ns/op
WorkloadResult   4: 5906192 op, 92621981.50 ns, 15.6822 ns/op
WorkloadResult   5: 5906192 op, 94553258.50 ns, 16.0092 ns/op
WorkloadResult   6: 5906192 op, 93905041.50 ns, 15.8994 ns/op
WorkloadResult   7: 5906192 op, 96090228.50 ns, 16.2694 ns/op
WorkloadResult   8: 5906192 op, 93315194.50 ns, 15.7996 ns/op
WorkloadResult   9: 5906192 op, 92579210.50 ns, 15.6749 ns/op
WorkloadResult  10: 5906192 op, 93316295.50 ns, 15.7997 ns/op
WorkloadResult  11: 5906192 op, 93659095.50 ns, 15.8578 ns/op
WorkloadResult  12: 5906192 op, 91680859.50 ns, 15.5228 ns/op
WorkloadResult  13: 5906192 op, 91148851.50 ns, 15.4328 ns/op
WorkloadResult  14: 5906192 op, 90842731.50 ns, 15.3809 ns/op
WorkloadResult  15: 5906192 op, 90195597.50 ns, 15.2714 ns/op
WorkloadResult  16: 5906192 op, 90573161.50 ns, 15.3353 ns/op
WorkloadResult  17: 5906192 op, 91163450.50 ns, 15.4352 ns/op
// GC:  101 0 0 850491648 5906192
// Threading:  0 0 5906192

// AfterAll
// Benchmark Process 14147 has exited with code 0.

Mean = 15.618 ns, StdErr = 0.087 ns (0.56%), N = 17, StdDev = 0.361 ns
Min = 14.663 ns, Q1 = 15.433 ns, Median = 15.675 ns, Q3 = 15.839 ns, Max = 16.269 ns
IQR = 0.407 ns, LowerFence = 14.823 ns, UpperFence = 16.449 ns
ConfidenceInterval = [15.267 ns; 15.969 ns] (CI 99.9%), Margin = 0.351 ns (2.25% of Mean)
Skewness = -0.71, Kurtosis = 3.74, MValue = 2

// ** Remained 34 (37.4%) benchmark(s) to run. Estimated finish 2026-03-01 10:01 (0h 3m from now) **
// **************************
// Benchmark: Scenario1.S1_ReturnOptionStringNone_EnumerationsOptionsBoxed: .NET 10.0(Runtime=.NET 10.0, IterationTime=100ms) [Iterations=2]
// *** Execute ***
// Launch: 1 / 1
// Execute: dotnet "Enumerations.Options.Benchmarks-.NET 10.0-1.dll" --anonymousPipes 116 118 --benchmarkName "ReillyDigital.Enumerations.Options.Benchmarks.Scenarios.Scenario1.S1_ReturnOptionStringNone_EnumerationsOptionsBoxed(Iterations: 2)" --job ".NET 10.0" --benchmarkId 57 in /media/andrew/Slowverflow/x/devs/reilly-digital/dotnet/enumerations.options/src/Enumerations.Options.Benchmarks/bin/Debug/net10.0/Enumerations.Options.Benchmarks-.NET 10.0-1/bin/Release/net10.0
// Failed to set up high priority (Permission denied). In order to run benchmarks with high priority, make sure you have the right permissions.
// BeforeAnythingElse

// Benchmark Process Environment Information:
// BenchmarkDotNet v0.15.8
// Runtime=.NET 10.0.3 (10.0.3, 10.0.326.7603), X64 RyuJIT x86-64-v3
// GC=Concurrent Workstation
// HardwareIntrinsics=AVX2+BMI1+BMI2+F16C+FMA+LZCNT+MOVBE,AVX,SSE3+SSSE3+SSE4.1+SSE4.2+POPCNT,X86Base+SSE+SSE2,AES+PCLMUL VectorSize=256
// Job: .NET 10.0(IterationTime=100ms)

OverheadJitting  1: 1 op, 151307.00 ns, 151.3070 us/op
WorkloadJitting  1: 1 op, 3092005.00 ns, 3.0920 ms/op

OverheadJitting  2: 16 op, 222341.00 ns, 13.8963 us/op
WorkloadJitting  2: 16 op, 197894.00 ns, 12.3684 us/op

WorkloadPilot    1: 16 op, 942.00 ns, 58.8750 ns/op
WorkloadPilot    2: 1698528 op, 58541259.00 ns, 34.4659 ns/op
WorkloadPilot    3: 2901424 op, 97697001.00 ns, 33.6721 ns/op
WorkloadPilot    4: 2969824 op, 34351155.00 ns, 11.5667 ns/op
WorkloadPilot    5: 8645488 op, 15456166.00 ns, 1.7878 ns/op
WorkloadPilot    6: 55935536 op, 99496789.00 ns, 1.7788 ns/op
WorkloadPilot    7: 56218448 op, 99562283.00 ns, 1.7710 ns/op
WorkloadPilot    8: 56465616 op, 100272378.00 ns, 1.7758 ns/op
WorkloadPilot    9: 56312240 op, 100563529.00 ns, 1.7858 ns/op
WorkloadPilot   10: 55996688 op, 100080825.00 ns, 1.7873 ns/op

OverheadWarmup   1: 55996688 op, 154328474.00 ns, 2.7560 ns/op
OverheadWarmup   2: 55996688 op, 106981692.00 ns, 1.9105 ns/op
OverheadWarmup   3: 55996688 op, 85436326.00 ns, 1.5257 ns/op
OverheadWarmup   4: 55996688 op, 86305030.00 ns, 1.5413 ns/op
OverheadWarmup   5: 55996688 op, 85773393.00 ns, 1.5318 ns/op
OverheadWarmup   6: 55996688 op, 84976155.00 ns, 1.5175 ns/op
OverheadWarmup   7: 55996688 op, 85064331.00 ns, 1.5191 ns/op
OverheadWarmup   8: 55996688 op, 84959292.00 ns, 1.5172 ns/op

OverheadActual   1: 55996688 op, 85575740.00 ns, 1.5282 ns/op
OverheadActual   2: 55996688 op, 85180381.00 ns, 1.5212 ns/op
OverheadActual   3: 55996688 op, 85056677.00 ns, 1.5190 ns/op
OverheadActual   4: 55996688 op, 85301490.00 ns, 1.5233 ns/op
OverheadActual   5: 55996688 op, 85130126.00 ns, 1.5203 ns/op
OverheadActual   6: 55996688 op, 85205208.00 ns, 1.5216 ns/op
OverheadActual   7: 55996688 op, 84994729.00 ns, 1.5179 ns/op
OverheadActual   8: 55996688 op, 85032781.00 ns, 1.5185 ns/op
OverheadActual   9: 55996688 op, 85272315.00 ns, 1.5228 ns/op
OverheadActual  10: 55996688 op, 86299189.00 ns, 1.5411 ns/op
OverheadActual  11: 55996688 op, 84911122.00 ns, 1.5164 ns/op
OverheadActual  12: 55996688 op, 84115163.00 ns, 1.5021 ns/op
OverheadActual  13: 55996688 op, 84142025.00 ns, 1.5026 ns/op
OverheadActual  14: 55996688 op, 84238568.00 ns, 1.5043 ns/op
OverheadActual  15: 55996688 op, 84505864.00 ns, 1.5091 ns/op

WorkloadWarmup   1: 55996688 op, 98756698.00 ns, 1.7636 ns/op
WorkloadWarmup   2: 55996688 op, 99170291.00 ns, 1.7710 ns/op
WorkloadWarmup   3: 55996688 op, 99482112.00 ns, 1.7766 ns/op
WorkloadWarmup   4: 55996688 op, 99335705.00 ns, 1.7740 ns/op
WorkloadWarmup   5: 55996688 op, 98530980.00 ns, 1.7596 ns/op
WorkloadWarmup   6: 55996688 op, 98711182.00 ns, 1.7628 ns/op
WorkloadWarmup   7: 55996688 op, 98153796.00 ns, 1.7529 ns/op

// BeforeActualRun
WorkloadActual   1: 55996688 op, 98393320.00 ns, 1.7571 ns/op
WorkloadActual   2: 55996688 op, 98330861.00 ns, 1.7560 ns/op
WorkloadActual   3: 55996688 op, 98464875.00 ns, 1.7584 ns/op
WorkloadActual   4: 55996688 op, 98325802.00 ns, 1.7559 ns/op
WorkloadActual   5: 55996688 op, 98414450.00 ns, 1.7575 ns/op
WorkloadActual   6: 55996688 op, 98386076.00 ns, 1.7570 ns/op
WorkloadActual   7: 55996688 op, 98389743.00 ns, 1.7571 ns/op
WorkloadActual   8: 55996688 op, 98357973.00 ns, 1.7565 ns/op
WorkloadActual   9: 55996688 op, 98623335.00 ns, 1.7612 ns/op
WorkloadActual  10: 55996688 op, 99160572.00 ns, 1.7708 ns/op
WorkloadActual  11: 55996688 op, 98463513.00 ns, 1.7584 ns/op
WorkloadActual  12: 55996688 op, 98112448.00 ns, 1.7521 ns/op
WorkloadActual  13: 55996688 op, 98121876.00 ns, 1.7523 ns/op
WorkloadActual  14: 55996688 op, 100219738.00 ns, 1.7897 ns/op
WorkloadActual  15: 55996688 op, 100249384.00 ns, 1.7903 ns/op

// AfterActualRun
WorkloadResult   1: 55996688 op, 13336643.00 ns, 0.2382 ns/op
WorkloadResult   2: 55996688 op, 13274184.00 ns, 0.2371 ns/op
WorkloadResult   3: 55996688 op, 13408198.00 ns, 0.2394 ns/op
WorkloadResult   4: 55996688 op, 13269125.00 ns, 0.2370 ns/op
WorkloadResult   5: 55996688 op, 13357773.00 ns, 0.2385 ns/op
WorkloadResult   6: 55996688 op, 13329399.00 ns, 0.2380 ns/op
WorkloadResult   7: 55996688 op, 13333066.00 ns, 0.2381 ns/op
WorkloadResult   8: 55996688 op, 13301296.00 ns, 0.2375 ns/op
WorkloadResult   9: 55996688 op, 13566658.00 ns, 0.2423 ns/op
WorkloadResult  10: 55996688 op, 13406836.00 ns, 0.2394 ns/op
WorkloadResult  11: 55996688 op, 13055771.00 ns, 0.2332 ns/op
WorkloadResult  12: 55996688 op, 13065199.00 ns, 0.2333 ns/op
// GC:  0 0 0 0 55996688
// Threading:  0 0 55996688

// AfterAll
// Benchmark Process 14176 has exited with code 0.

Mean = 0.238 ns, StdErr = 0.001 ns (0.30%), N = 12, StdDev = 0.003 ns
Min = 0.233 ns, Q1 = 0.237 ns, Median = 0.238 ns, Q3 = 0.239 ns, Max = 0.242 ns
IQR = 0.002 ns, LowerFence = 0.234 ns, UpperFence = 0.241 ns
ConfidenceInterval = [0.234 ns; 0.241 ns] (CI 99.9%), Margin = 0.003 ns (1.35% of Mean)
Skewness = -0.35, Kurtosis = 2.64, MValue = 2

// ** Remained 33 (36.3%) benchmark(s) to run. Estimated finish 2026-03-01 10:01 (0h 2m from now) **
// **************************
// Benchmark: Scenario1.S1_ReturnOptionStringNone_EnumerationsOptions: .NET 10.0(Runtime=.NET 10.0, IterationTime=100ms) [Iterations=2]
// *** Execute ***
// Launch: 1 / 1
// Execute: dotnet "Enumerations.Options.Benchmarks-.NET 10.0-1.dll" --anonymousPipes 116 118 --benchmarkName "ReillyDigital.Enumerations.Options.Benchmarks.Scenarios.Scenario1.S1_ReturnOptionStringNone_EnumerationsOptions(Iterations: 2)" --job ".NET 10.0" --benchmarkId 58 in /media/andrew/Slowverflow/x/devs/reilly-digital/dotnet/enumerations.options/src/Enumerations.Options.Benchmarks/bin/Debug/net10.0/Enumerations.Options.Benchmarks-.NET 10.0-1/bin/Release/net10.0
// Failed to set up high priority (Permission denied). In order to run benchmarks with high priority, make sure you have the right permissions.
// BeforeAnythingElse

// Benchmark Process Environment Information:
// BenchmarkDotNet v0.15.8
// Runtime=.NET 10.0.3 (10.0.3, 10.0.326.7603), X64 RyuJIT x86-64-v3
// GC=Concurrent Workstation
// HardwareIntrinsics=AVX2+BMI1+BMI2+F16C+FMA+LZCNT+MOVBE,AVX,SSE3+SSSE3+SSE4.1+SSE4.2+POPCNT,X86Base+SSE+SSE2,AES+PCLMUL VectorSize=256
// Job: .NET 10.0(IterationTime=100ms)

OverheadJitting  1: 1 op, 153130.00 ns, 153.1300 us/op
WorkloadJitting  1: 1 op, 2788490.00 ns, 2.7885 ms/op

OverheadJitting  2: 16 op, 228142.00 ns, 14.2589 us/op
WorkloadJitting  2: 16 op, 239413.00 ns, 14.9633 us/op

WorkloadPilot    1: 16 op, 2285.00 ns, 142.8125 ns/op
WorkloadPilot    2: 700224 op, 58572728.00 ns, 83.6486 ns/op
WorkloadPilot    3: 1195488 op, 97578728.00 ns, 81.6225 ns/op
WorkloadPilot    4: 1225152 op, 22764605.00 ns, 18.5810 ns/op
WorkloadPilot    5: 5381840 op, 9647468.00 ns, 1.7926 ns/op
WorkloadPilot    6: 55785008 op, 100231671.00 ns, 1.7967 ns/op
WorkloadPilot    7: 55656080 op, 99495858.00 ns, 1.7877 ns/op
WorkloadPilot    8: 55938096 op, 101867098.00 ns, 1.8211 ns/op
WorkloadPilot    9: 54912832 op, 100057211.00 ns, 1.8221 ns/op

OverheadWarmup   1: 54912832 op, 152673080.00 ns, 2.7803 ns/op
OverheadWarmup   2: 54912832 op, 104890062.00 ns, 1.9101 ns/op
OverheadWarmup   3: 54912832 op, 85384016.00 ns, 1.5549 ns/op
OverheadWarmup   4: 54912832 op, 84127788.00 ns, 1.5320 ns/op
OverheadWarmup   5: 54912832 op, 84454707.00 ns, 1.5380 ns/op
OverheadWarmup   6: 54912832 op, 83452610.00 ns, 1.5197 ns/op
OverheadWarmup   7: 54912832 op, 83662046.00 ns, 1.5235 ns/op
OverheadWarmup   8: 54912832 op, 83980699.00 ns, 1.5293 ns/op
OverheadWarmup   9: 54912832 op, 83472597.00 ns, 1.5201 ns/op

OverheadActual   1: 54912832 op, 84374445.00 ns, 1.5365 ns/op
OverheadActual   2: 54912832 op, 84010266.00 ns, 1.5299 ns/op
OverheadActual   3: 54912832 op, 83600930.00 ns, 1.5224 ns/op
OverheadActual   4: 54912832 op, 84189896.00 ns, 1.5332 ns/op
OverheadActual   5: 54912832 op, 84085738.00 ns, 1.5313 ns/op
OverheadActual   6: 54912832 op, 83875620.00 ns, 1.5274 ns/op
OverheadActual   7: 54912832 op, 83656515.00 ns, 1.5234 ns/op
OverheadActual   8: 54912832 op, 83757416.00 ns, 1.5253 ns/op
OverheadActual   9: 54912832 op, 83353001.00 ns, 1.5179 ns/op
OverheadActual  10: 54912832 op, 83604196.00 ns, 1.5225 ns/op
OverheadActual  11: 54912832 op, 83357439.00 ns, 1.5180 ns/op
OverheadActual  12: 54912832 op, 83482636.00 ns, 1.5203 ns/op
OverheadActual  13: 54912832 op, 83454422.00 ns, 1.5198 ns/op
OverheadActual  14: 54912832 op, 83842477.00 ns, 1.5268 ns/op
OverheadActual  15: 54912832 op, 83496012.00 ns, 1.5205 ns/op

WorkloadWarmup   1: 54912832 op, 97463930.00 ns, 1.7749 ns/op
WorkloadWarmup   2: 54912832 op, 97437069.00 ns, 1.7744 ns/op
WorkloadWarmup   3: 54912832 op, 98200755.00 ns, 1.7883 ns/op
WorkloadWarmup   4: 54912832 op, 98156662.00 ns, 1.7875 ns/op
WorkloadWarmup   5: 54912832 op, 97732218.00 ns, 1.7798 ns/op
WorkloadWarmup   6: 54912832 op, 97843980.00 ns, 1.7818 ns/op
WorkloadWarmup   7: 54912832 op, 98148396.00 ns, 1.7873 ns/op
WorkloadWarmup   8: 54912832 op, 98509210.00 ns, 1.7939 ns/op
WorkloadWarmup   9: 54912832 op, 98355067.00 ns, 1.7911 ns/op

// BeforeActualRun
WorkloadActual   1: 54912832 op, 98577399.00 ns, 1.7952 ns/op
WorkloadActual   2: 54912832 op, 98453093.00 ns, 1.7929 ns/op
WorkloadActual   3: 54912832 op, 98202259.00 ns, 1.7883 ns/op
WorkloadActual   4: 54912832 op, 98011888.00 ns, 1.7849 ns/op
WorkloadActual   5: 54912832 op, 98186237.00 ns, 1.7880 ns/op
WorkloadActual   6: 54912832 op, 97370924.00 ns, 1.7732 ns/op
WorkloadActual   7: 54912832 op, 98914176.00 ns, 1.8013 ns/op
WorkloadActual   8: 54912832 op, 97391814.00 ns, 1.7736 ns/op
WorkloadActual   9: 54912832 op, 97820826.00 ns, 1.7814 ns/op
WorkloadActual  10: 54912832 op, 97405940.00 ns, 1.7738 ns/op
WorkloadActual  11: 54912832 op, 97647828.00 ns, 1.7782 ns/op
WorkloadActual  12: 54912832 op, 98278372.00 ns, 1.7897 ns/op
WorkloadActual  13: 54912832 op, 97670070.00 ns, 1.7786 ns/op
WorkloadActual  14: 54912832 op, 97444644.00 ns, 1.7745 ns/op
WorkloadActual  15: 54912832 op, 97555453.00 ns, 1.7766 ns/op

// AfterActualRun
WorkloadResult   1: 54912832 op, 14920884.00 ns, 0.2717 ns/op
WorkloadResult   2: 54912832 op, 14796578.00 ns, 0.2695 ns/op
WorkloadResult   3: 54912832 op, 14545744.00 ns, 0.2649 ns/op
WorkloadResult   4: 54912832 op, 14355373.00 ns, 0.2614 ns/op
WorkloadResult   5: 54912832 op, 14529722.00 ns, 0.2646 ns/op
WorkloadResult   6: 54912832 op, 13714409.00 ns, 0.2497 ns/op
WorkloadResult   7: 54912832 op, 15257661.00 ns, 0.2779 ns/op
WorkloadResult   8: 54912832 op, 13735299.00 ns, 0.2501 ns/op
WorkloadResult   9: 54912832 op, 14164311.00 ns, 0.2579 ns/op
WorkloadResult  10: 54912832 op, 13749425.00 ns, 0.2504 ns/op
WorkloadResult  11: 54912832 op, 13991313.00 ns, 0.2548 ns/op
WorkloadResult  12: 54912832 op, 14621857.00 ns, 0.2663 ns/op
WorkloadResult  13: 54912832 op, 14013555.00 ns, 0.2552 ns/op
WorkloadResult  14: 54912832 op, 13788129.00 ns, 0.2511 ns/op
WorkloadResult  15: 54912832 op, 13898938.00 ns, 0.2531 ns/op
// GC:  0 0 0 0 54912832
// Threading:  0 0 54912832

// AfterAll
// Benchmark Process 14206 has exited with code 0.

Mean = 0.260 ns, StdErr = 0.002 ns (0.88%), N = 15, StdDev = 0.009 ns
Min = 0.250 ns, Q1 = 0.252 ns, Median = 0.258 ns, Q3 = 0.266 ns, Max = 0.278 ns
IQR = 0.013 ns, LowerFence = 0.232 ns, UpperFence = 0.286 ns
ConfidenceInterval = [0.250 ns; 0.269 ns] (CI 99.9%), Margin = 0.010 ns (3.66% of Mean)
Skewness = 0.44, Kurtosis = 1.83, MValue = 2

// ** Remained 32 (35.2%) benchmark(s) to run. Estimated finish 2026-03-01 10:01 (0h 2m from now) **
// **************************
// Benchmark: Scenario1.S1_ReturnOptionStringNone_FluentResults: .NET 10.0(Runtime=.NET 10.0, IterationTime=100ms) [Iterations=2]
// *** Execute ***
// Launch: 1 / 1
// Execute: dotnet "Enumerations.Options.Benchmarks-.NET 10.0-1.dll" --anonymousPipes 116 118 --benchmarkName "ReillyDigital.Enumerations.Options.Benchmarks.Scenarios.Scenario1.S1_ReturnOptionStringNone_FluentResults(Iterations: 2)" --job ".NET 10.0" --benchmarkId 59 in /media/andrew/Slowverflow/x/devs/reilly-digital/dotnet/enumerations.options/src/Enumerations.Options.Benchmarks/bin/Debug/net10.0/Enumerations.Options.Benchmarks-.NET 10.0-1/bin/Release/net10.0
// Failed to set up high priority (Permission denied). In order to run benchmarks with high priority, make sure you have the right permissions.
// BeforeAnythingElse

// Benchmark Process Environment Information:
// BenchmarkDotNet v0.15.8
// Runtime=.NET 10.0.3 (10.0.3, 10.0.326.7603), X64 RyuJIT x86-64-v3
// GC=Concurrent Workstation
// HardwareIntrinsics=AVX2+BMI1+BMI2+F16C+FMA+LZCNT+MOVBE,AVX,SSE3+SSSE3+SSE4.1+SSE4.2+POPCNT,X86Base+SSE+SSE2,AES+PCLMUL VectorSize=256
// Job: .NET 10.0(IterationTime=100ms)

OverheadJitting  1: 1 op, 177456.00 ns, 177.4560 us/op
WorkloadJitting  1: 1 op, 3410759.00 ns, 3.4108 ms/op

OverheadJitting  2: 16 op, 211671.00 ns, 13.2294 us/op
WorkloadJitting  2: 16 op, 219185.00 ns, 13.6991 us/op

WorkloadPilot    1: 16 op, 8737.00 ns, 546.0625 ns/op
WorkloadPilot    2: 183136 op, 68900565.00 ns, 376.2262 ns/op
WorkloadPilot    3: 265808 op, 102188556.00 ns, 384.4450 ns/op
WorkloadPilot    4: 260128 op, 22236866.00 ns, 85.4843 ns/op
WorkloadPilot    5: 1169808 op, 50524389.00 ns, 43.1903 ns/op
WorkloadPilot    6: 2315344 op, 99441925.00 ns, 42.9491 ns/op
WorkloadPilot    7: 2328352 op, 101731301.00 ns, 43.6924 ns/op
WorkloadPilot    8: 2288736 op, 98697055.00 ns, 43.1230 ns/op
WorkloadPilot    9: 2318960 op, 98267752.00 ns, 42.3758 ns/op
WorkloadPilot   10: 2359840 op, 102613761.00 ns, 43.4834 ns/op

OverheadWarmup   1: 2359840 op, 5936370.00 ns, 2.5156 ns/op
OverheadWarmup   2: 2359840 op, 5981747.00 ns, 2.5348 ns/op
OverheadWarmup   3: 2359840 op, 5911253.00 ns, 2.5049 ns/op
OverheadWarmup   4: 2359840 op, 5920471.00 ns, 2.5088 ns/op
OverheadWarmup   5: 2359840 op, 6409426.00 ns, 2.7160 ns/op
OverheadWarmup   6: 2359840 op, 5929558.00 ns, 2.5127 ns/op

OverheadActual   1: 2359840 op, 6000552.00 ns, 2.5428 ns/op
OverheadActual   2: 2359840 op, 6048002.00 ns, 2.5629 ns/op
OverheadActual   3: 2359840 op, 5955988.00 ns, 2.5239 ns/op
OverheadActual   4: 2359840 op, 6135137.00 ns, 2.5998 ns/op
OverheadActual   5: 2359840 op, 6056107.00 ns, 2.5663 ns/op
OverheadActual   6: 2359840 op, 6141419.00 ns, 2.6025 ns/op
OverheadActual   7: 2359840 op, 6092997.00 ns, 2.5820 ns/op
OverheadActual   8: 2359840 op, 6031801.00 ns, 2.5560 ns/op
OverheadActual   9: 2359840 op, 6003898.00 ns, 2.5442 ns/op
OverheadActual  10: 2359840 op, 6062440.00 ns, 2.5690 ns/op
OverheadActual  11: 2359840 op, 6020871.00 ns, 2.5514 ns/op
OverheadActual  12: 2359840 op, 6085724.00 ns, 2.5789 ns/op
OverheadActual  13: 2359840 op, 5989200.00 ns, 2.5380 ns/op
OverheadActual  14: 2359840 op, 5987618.00 ns, 2.5373 ns/op
OverheadActual  15: 2359840 op, 6073921.00 ns, 2.5739 ns/op

WorkloadWarmup   1: 2359840 op, 107162064.00 ns, 45.4107 ns/op
WorkloadWarmup   2: 2359840 op, 110124533.00 ns, 46.6661 ns/op
WorkloadWarmup   3: 2359840 op, 103207395.00 ns, 43.7349 ns/op
WorkloadWarmup   4: 2359840 op, 103798435.00 ns, 43.9854 ns/op
WorkloadWarmup   5: 2359840 op, 102737315.00 ns, 43.5357 ns/op
WorkloadWarmup   6: 2359840 op, 127897838.00 ns, 54.1977 ns/op

// BeforeActualRun
WorkloadActual   1: 2359840 op, 118276159.00 ns, 50.1204 ns/op
WorkloadActual   2: 2359840 op, 108236168.00 ns, 45.8659 ns/op
WorkloadActual   3: 2359840 op, 109235379.00 ns, 46.2893 ns/op
WorkloadActual   4: 2359840 op, 108040407.00 ns, 45.7829 ns/op
WorkloadActual   5: 2359840 op, 110135493.00 ns, 46.6707 ns/op
WorkloadActual   6: 2359840 op, 107884903.00 ns, 45.7170 ns/op
WorkloadActual   7: 2359840 op, 108705847.00 ns, 46.0649 ns/op
WorkloadActual   8: 2359840 op, 107649967.00 ns, 45.6175 ns/op
WorkloadActual   9: 2359840 op, 108708311.00 ns, 46.0660 ns/op
WorkloadActual  10: 2359840 op, 107099656.00 ns, 45.3843 ns/op
WorkloadActual  11: 2359840 op, 108000852.00 ns, 45.7662 ns/op
WorkloadActual  12: 2359840 op, 107163606.00 ns, 45.4114 ns/op
WorkloadActual  13: 2359840 op, 107055272.00 ns, 45.3655 ns/op
WorkloadActual  14: 2359840 op, 108580149.00 ns, 46.0117 ns/op
WorkloadActual  15: 2359840 op, 107249559.00 ns, 45.4478 ns/op

// AfterActualRun
WorkloadResult   1: 2359840 op, 102188166.00 ns, 43.3030 ns/op
WorkloadResult   2: 2359840 op, 103187377.00 ns, 43.7264 ns/op
WorkloadResult   3: 2359840 op, 101992405.00 ns, 43.2201 ns/op
WorkloadResult   4: 2359840 op, 104087491.00 ns, 44.1079 ns/op
WorkloadResult   5: 2359840 op, 101836901.00 ns, 43.1542 ns/op
WorkloadResult   6: 2359840 op, 102657845.00 ns, 43.5020 ns/op
WorkloadResult   7: 2359840 op, 101601965.00 ns, 43.0546 ns/op
WorkloadResult   8: 2359840 op, 102660309.00 ns, 43.5031 ns/op
WorkloadResult   9: 2359840 op, 101051654.00 ns, 42.8214 ns/op
WorkloadResult  10: 2359840 op, 101952850.00 ns, 43.2033 ns/op
WorkloadResult  11: 2359840 op, 101115604.00 ns, 42.8485 ns/op
WorkloadResult  12: 2359840 op, 101007270.00 ns, 42.8026 ns/op
WorkloadResult  13: 2359840 op, 102532147.00 ns, 43.4488 ns/op
WorkloadResult  14: 2359840 op, 101201557.00 ns, 42.8849 ns/op
// GC:  63 0 0 528604160 2359840
// Threading:  0 0 2359840

// AfterAll
// Benchmark Process 14276 has exited with code 0.

Mean = 43.256 ns, StdErr = 0.101 ns (0.23%), N = 14, StdDev = 0.378 ns
Min = 42.803 ns, Q1 = 42.927 ns, Median = 43.212 ns, Q3 = 43.489 ns, Max = 44.108 ns
IQR = 0.561 ns, LowerFence = 42.085 ns, UpperFence = 44.331 ns
ConfidenceInterval = [42.829 ns; 43.683 ns] (CI 99.9%), Margin = 0.427 ns (0.99% of Mean)
Skewness = 0.6, Kurtosis = 2.48, MValue = 2

// ** Remained 31 (34.1%) benchmark(s) to run. Estimated finish 2026-03-01 10:01 (0h 2m from now) **
// **************************
// Benchmark: Scenario1.S1_ReturnOptionStringNone_LightResults: .NET 10.0(Runtime=.NET 10.0, IterationTime=100ms) [Iterations=2]
// *** Execute ***
// Launch: 1 / 1
// Execute: dotnet "Enumerations.Options.Benchmarks-.NET 10.0-1.dll" --anonymousPipes 116 118 --benchmarkName "ReillyDigital.Enumerations.Options.Benchmarks.Scenarios.Scenario1.S1_ReturnOptionStringNone_LightResults(Iterations: 2)" --job ".NET 10.0" --benchmarkId 60 in /media/andrew/Slowverflow/x/devs/reilly-digital/dotnet/enumerations.options/src/Enumerations.Options.Benchmarks/bin/Debug/net10.0/Enumerations.Options.Benchmarks-.NET 10.0-1/bin/Release/net10.0
// Failed to set up high priority (Permission denied). In order to run benchmarks with high priority, make sure you have the right permissions.
// BeforeAnythingElse

// Benchmark Process Environment Information:
// BenchmarkDotNet v0.15.8
// Runtime=.NET 10.0.3 (10.0.3, 10.0.326.7603), X64 RyuJIT x86-64-v3
// GC=Concurrent Workstation
// HardwareIntrinsics=AVX2+BMI1+BMI2+F16C+FMA+LZCNT+MOVBE,AVX,SSE3+SSSE3+SSE4.1+SSE4.2+POPCNT,X86Base+SSE+SSE2,AES+PCLMUL VectorSize=256
// Job: .NET 10.0(IterationTime=100ms)

OverheadJitting  1: 1 op, 161405.00 ns, 161.4050 us/op
WorkloadJitting  1: 1 op, 3175764.00 ns, 3.1758 ms/op

OverheadJitting  2: 16 op, 207483.00 ns, 12.9677 us/op
WorkloadJitting  2: 16 op, 198175.00 ns, 12.3859 us/op

WorkloadPilot    1: 16 op, 1022.00 ns, 63.8750 ns/op
WorkloadPilot    2: 1565568 op, 56504252.00 ns, 36.0919 ns/op
WorkloadPilot    3: 2770720 op, 96856279.00 ns, 34.9571 ns/op
WorkloadPilot    4: 2860656 op, 38387377.00 ns, 13.4191 ns/op
WorkloadPilot    5: 7452080 op, 13305183.00 ns, 1.7854 ns/op
WorkloadPilot    6: 56008864 op, 98416033.00 ns, 1.7572 ns/op
WorkloadPilot    7: 56910304 op, 99814641.00 ns, 1.7539 ns/op
WorkloadPilot    8: 57016000 op, 100140718.00 ns, 1.7564 ns/op
WorkloadPilot    9: 56935888 op, 100750864.00 ns, 1.7695 ns/op
WorkloadPilot   10: 56511568 op, 98884821.00 ns, 1.7498 ns/op
WorkloadPilot   11: 57148880 op, 99851431.00 ns, 1.7472 ns/op
WorkloadPilot   12: 57233920 op, 99870898.00 ns, 1.7450 ns/op
WorkloadPilot   13: 57307920 op, 99994833.00 ns, 1.7449 ns/op
WorkloadPilot   14: 57310896 op, 101784922.00 ns, 1.7760 ns/op

OverheadWarmup   1: 57310896 op, 144087353.00 ns, 2.5141 ns/op
OverheadWarmup   2: 57310896 op, 108729031.00 ns, 1.8972 ns/op
OverheadWarmup   3: 57310896 op, 86585071.00 ns, 1.5108 ns/op
OverheadWarmup   4: 57310896 op, 86074113.00 ns, 1.5019 ns/op
OverheadWarmup   5: 57310896 op, 86132163.00 ns, 1.5029 ns/op
OverheadWarmup   6: 57310896 op, 87144119.00 ns, 1.5206 ns/op
OverheadWarmup   7: 57310896 op, 87104444.00 ns, 1.5199 ns/op
OverheadWarmup   8: 57310896 op, 87722524.00 ns, 1.5306 ns/op
OverheadWarmup   9: 57310896 op, 86904445.00 ns, 1.5164 ns/op

OverheadActual   1: 57310896 op, 85886338.00 ns, 1.4986 ns/op
OverheadActual   2: 57310896 op, 85901676.00 ns, 1.4989 ns/op
OverheadActual   3: 57310896 op, 85872191.00 ns, 1.4984 ns/op
OverheadActual   4: 57310896 op, 85891107.00 ns, 1.4987 ns/op
OverheadActual   5: 57310896 op, 85985054.00 ns, 1.5003 ns/op
OverheadActual   6: 57310896 op, 85893461.00 ns, 1.4987 ns/op
OverheadActual   7: 57310896 op, 85865238.00 ns, 1.4982 ns/op
OverheadActual   8: 57310896 op, 85926564.00 ns, 1.4993 ns/op
OverheadActual   9: 57310896 op, 85955629.00 ns, 1.4998 ns/op
OverheadActual  10: 57310896 op, 86138936.00 ns, 1.5030 ns/op
OverheadActual  11: 57310896 op, 85984204.00 ns, 1.5003 ns/op
OverheadActual  12: 57310896 op, 86108548.00 ns, 1.5025 ns/op
OverheadActual  13: 57310896 op, 85917647.00 ns, 1.4992 ns/op
OverheadActual  14: 57310896 op, 85977510.00 ns, 1.5002 ns/op
OverheadActual  15: 57310896 op, 85906916.00 ns, 1.4990 ns/op

WorkloadWarmup   1: 57310896 op, 101076251.00 ns, 1.7636 ns/op
WorkloadWarmup   2: 57310896 op, 100934291.00 ns, 1.7612 ns/op
WorkloadWarmup   3: 57310896 op, 100521830.00 ns, 1.7540 ns/op
WorkloadWarmup   4: 57310896 op, 100669440.00 ns, 1.7565 ns/op
WorkloadWarmup   5: 57310896 op, 101100927.00 ns, 1.7641 ns/op
WorkloadWarmup   6: 57310896 op, 100244675.00 ns, 1.7491 ns/op
WorkloadWarmup   7: 57310896 op, 101422266.00 ns, 1.7697 ns/op
WorkloadWarmup   8: 57310896 op, 100614015.00 ns, 1.7556 ns/op

// BeforeActualRun
WorkloadActual   1: 57310896 op, 101452252.00 ns, 1.7702 ns/op
WorkloadActual   2: 57310896 op, 100152752.00 ns, 1.7475 ns/op
WorkloadActual   3: 57310896 op, 100327352.00 ns, 1.7506 ns/op
WorkloadActual   4: 57310896 op, 99849928.00 ns, 1.7423 ns/op
WorkloadActual   5: 57310896 op, 99802147.00 ns, 1.7414 ns/op
WorkloadActual   6: 57310896 op, 99940179.00 ns, 1.7438 ns/op
WorkloadActual   7: 57310896 op, 99909270.00 ns, 1.7433 ns/op
WorkloadActual   8: 57310896 op, 100037393.00 ns, 1.7455 ns/op
WorkloadActual   9: 57310896 op, 99917015.00 ns, 1.7434 ns/op
WorkloadActual  10: 57310896 op, 101852831.00 ns, 1.7772 ns/op
WorkloadActual  11: 57310896 op, 101875364.00 ns, 1.7776 ns/op
WorkloadActual  12: 57310896 op, 102308403.00 ns, 1.7851 ns/op
WorkloadActual  13: 57310896 op, 104048919.00 ns, 1.8155 ns/op
WorkloadActual  14: 57310896 op, 122356795.00 ns, 2.1350 ns/op
WorkloadActual  15: 57310896 op, 101392268.00 ns, 1.7692 ns/op

// AfterActualRun
WorkloadResult   1: 57310896 op, 15534605.00 ns, 0.2711 ns/op
WorkloadResult   2: 57310896 op, 14235105.00 ns, 0.2484 ns/op
WorkloadResult   3: 57310896 op, 14409705.00 ns, 0.2514 ns/op
WorkloadResult   4: 57310896 op, 13932281.00 ns, 0.2431 ns/op
WorkloadResult   5: 57310896 op, 13884500.00 ns, 0.2423 ns/op
WorkloadResult   6: 57310896 op, 14022532.00 ns, 0.2447 ns/op
WorkloadResult   7: 57310896 op, 13991623.00 ns, 0.2441 ns/op
WorkloadResult   8: 57310896 op, 14119746.00 ns, 0.2464 ns/op
WorkloadResult   9: 57310896 op, 13999368.00 ns, 0.2443 ns/op
WorkloadResult  10: 57310896 op, 15935184.00 ns, 0.2780 ns/op
WorkloadResult  11: 57310896 op, 15957717.00 ns, 0.2784 ns/op
WorkloadResult  12: 57310896 op, 16390756.00 ns, 0.2860 ns/op
WorkloadResult  13: 57310896 op, 18131272.00 ns, 0.3164 ns/op
WorkloadResult  14: 57310896 op, 15474621.00 ns, 0.2700 ns/op
// GC:  0 0 0 0 57310896
// Threading:  0 0 57310896

// AfterAll
// Benchmark Process 14301 has exited with code 0.

Mean = 0.262 ns, StdErr = 0.006 ns (2.27%), N = 14, StdDev = 0.022 ns
Min = 0.242 ns, Q1 = 0.244 ns, Median = 0.250 ns, Q3 = 0.276 ns, Max = 0.316 ns
IQR = 0.032 ns, LowerFence = 0.196 ns, UpperFence = 0.324 ns
ConfidenceInterval = [0.237 ns; 0.287 ns] (CI 99.9%), Margin = 0.025 ns (9.58% of Mean)
Skewness = 0.98, Kurtosis = 2.93, MValue = 2.25

// ** Remained 30 (33.0%) benchmark(s) to run. Estimated finish 2026-03-01 10:01 (0h 2m from now) **
// **************************
// Benchmark: Scenario1.S1_ReturnOptionStringNone_Rascal: .NET 10.0(Runtime=.NET 10.0, IterationTime=100ms) [Iterations=2]
// *** Execute ***
// Launch: 1 / 1
// Execute: dotnet "Enumerations.Options.Benchmarks-.NET 10.0-1.dll" --anonymousPipes 116 118 --benchmarkName "ReillyDigital.Enumerations.Options.Benchmarks.Scenarios.Scenario1.S1_ReturnOptionStringNone_Rascal(Iterations: 2)" --job ".NET 10.0" --benchmarkId 61 in /media/andrew/Slowverflow/x/devs/reilly-digital/dotnet/enumerations.options/src/Enumerations.Options.Benchmarks/bin/Debug/net10.0/Enumerations.Options.Benchmarks-.NET 10.0-1/bin/Release/net10.0
// Failed to set up high priority (Permission denied). In order to run benchmarks with high priority, make sure you have the right permissions.
// BeforeAnythingElse

// Benchmark Process Environment Information:
// BenchmarkDotNet v0.15.8
// Runtime=.NET 10.0.3 (10.0.3, 10.0.326.7603), X64 RyuJIT x86-64-v3
// GC=Concurrent Workstation
// HardwareIntrinsics=AVX2+BMI1+BMI2+F16C+FMA+LZCNT+MOVBE,AVX,SSE3+SSSE3+SSE4.1+SSE4.2+POPCNT,X86Base+SSE+SSE2,AES+PCLMUL VectorSize=256
// Job: .NET 10.0(IterationTime=100ms)

OverheadJitting  1: 1 op, 159012.00 ns, 159.0120 us/op
WorkloadJitting  1: 1 op, 2900241.00 ns, 2.9002 ms/op

OverheadJitting  2: 16 op, 199057.00 ns, 12.4411 us/op
WorkloadJitting  2: 16 op, 203525.00 ns, 12.7203 us/op

WorkloadPilot    1: 16 op, 942.00 ns, 58.8750 ns/op
WorkloadPilot    2: 1698528 op, 58333907.00 ns, 34.3438 ns/op
WorkloadPilot    3: 2911744 op, 99464048.00 ns, 34.1596 ns/op
WorkloadPilot    4: 2927440 op, 32602413.00 ns, 11.1368 ns/op
WorkloadPilot    5: 8979216 op, 15858980.00 ns, 1.7662 ns/op
WorkloadPilot    6: 56619136 op, 99772953.00 ns, 1.7622 ns/op
WorkloadPilot    7: 56747984 op, 99626055.00 ns, 1.7556 ns/op
WorkloadPilot    8: 56960992 op, 101333567.00 ns, 1.7790 ns/op
WorkloadPilot    9: 56211376 op, 98747491.00 ns, 1.7567 ns/op
WorkloadPilot   10: 56924368 op, 100066488.00 ns, 1.7579 ns/op
WorkloadPilot   11: 56886560 op, 99880736.00 ns, 1.7558 ns/op
WorkloadPilot   12: 56954496 op, 100196865.00 ns, 1.7592 ns/op

OverheadWarmup   1: 56954496 op, 154203919.00 ns, 2.7075 ns/op
OverheadWarmup   2: 56954496 op, 107924838.00 ns, 1.8949 ns/op
OverheadWarmup   3: 56954496 op, 85428891.00 ns, 1.4999 ns/op
OverheadWarmup   4: 56954496 op, 85621026.00 ns, 1.5033 ns/op
OverheadWarmup   5: 56954496 op, 85421538.00 ns, 1.4998 ns/op
OverheadWarmup   6: 56954496 op, 85669186.00 ns, 1.5042 ns/op
OverheadWarmup   7: 56954496 op, 86439646.00 ns, 1.5177 ns/op
OverheadWarmup   8: 56954496 op, 85600657.00 ns, 1.5030 ns/op

OverheadActual   1: 56954496 op, 85932215.00 ns, 1.5088 ns/op
OverheadActual   2: 56954496 op, 85478525.00 ns, 1.5008 ns/op
OverheadActual   3: 56954496 op, 85610716.00 ns, 1.5031 ns/op
OverheadActual   4: 56954496 op, 85733198.00 ns, 1.5053 ns/op
OverheadActual   5: 56954496 op, 85547266.00 ns, 1.5020 ns/op
OverheadActual   6: 56954496 op, 85411739.00 ns, 1.4996 ns/op
OverheadActual   7: 56954496 op, 85445783.00 ns, 1.5002 ns/op
OverheadActual   8: 56954496 op, 85654979.00 ns, 1.5039 ns/op
OverheadActual   9: 56954496 op, 85642075.00 ns, 1.5037 ns/op
OverheadActual  10: 56954496 op, 85737085.00 ns, 1.5054 ns/op
OverheadActual  11: 56954496 op, 85601738.00 ns, 1.5030 ns/op
OverheadActual  12: 56954496 op, 85943205.00 ns, 1.5090 ns/op
OverheadActual  13: 56954496 op, 85559168.00 ns, 1.5022 ns/op
OverheadActual  14: 56954496 op, 86494129.00 ns, 1.5187 ns/op
OverheadActual  15: 56954496 op, 85672303.00 ns, 1.5042 ns/op

WorkloadWarmup   1: 56954496 op, 100023717.00 ns, 1.7562 ns/op
WorkloadWarmup   2: 56954496 op, 100202375.00 ns, 1.7593 ns/op
WorkloadWarmup   3: 56954496 op, 99862491.00 ns, 1.7534 ns/op
WorkloadWarmup   4: 56954496 op, 99981307.00 ns, 1.7555 ns/op
WorkloadWarmup   5: 56954496 op, 99995444.00 ns, 1.7557 ns/op
WorkloadWarmup   6: 56954496 op, 99991436.00 ns, 1.7556 ns/op

// BeforeActualRun
WorkloadActual   1: 56954496 op, 99699493.00 ns, 1.7505 ns/op
WorkloadActual   2: 56954496 op, 100158111.00 ns, 1.7586 ns/op
WorkloadActual   3: 56954496 op, 99805784.00 ns, 1.7524 ns/op
WorkloadActual   4: 56954496 op, 100120169.00 ns, 1.7579 ns/op
WorkloadActual   5: 56954496 op, 99958103.00 ns, 1.7551 ns/op
WorkloadActual   6: 56954496 op, 100116232.00 ns, 1.7578 ns/op
WorkloadActual   7: 56954496 op, 100311301.00 ns, 1.7613 ns/op
WorkloadActual   8: 56954496 op, 99869896.00 ns, 1.7535 ns/op
WorkloadActual   9: 56954496 op, 99796187.00 ns, 1.7522 ns/op
WorkloadActual  10: 56954496 op, 99790996.00 ns, 1.7521 ns/op
WorkloadActual  11: 56954496 op, 99802378.00 ns, 1.7523 ns/op
WorkloadActual  12: 56954496 op, 100005994.00 ns, 1.7559 ns/op
WorkloadActual  13: 56954496 op, 99807007.00 ns, 1.7524 ns/op
WorkloadActual  14: 56954496 op, 99861270.00 ns, 1.7534 ns/op
WorkloadActual  15: 56954496 op, 100309598.00 ns, 1.7612 ns/op

// AfterActualRun
WorkloadResult   1: 56954496 op, 14057418.00 ns, 0.2468 ns/op
WorkloadResult   2: 56954496 op, 14516036.00 ns, 0.2549 ns/op
WorkloadResult   3: 56954496 op, 14163709.00 ns, 0.2487 ns/op
WorkloadResult   4: 56954496 op, 14478094.00 ns, 0.2542 ns/op
WorkloadResult   5: 56954496 op, 14316028.00 ns, 0.2514 ns/op
WorkloadResult   6: 56954496 op, 14474157.00 ns, 0.2541 ns/op
WorkloadResult   7: 56954496 op, 14669226.00 ns, 0.2576 ns/op
WorkloadResult   8: 56954496 op, 14227821.00 ns, 0.2498 ns/op
WorkloadResult   9: 56954496 op, 14154112.00 ns, 0.2485 ns/op
WorkloadResult  10: 56954496 op, 14148921.00 ns, 0.2484 ns/op
WorkloadResult  11: 56954496 op, 14160303.00 ns, 0.2486 ns/op
WorkloadResult  12: 56954496 op, 14363919.00 ns, 0.2522 ns/op
WorkloadResult  13: 56954496 op, 14164932.00 ns, 0.2487 ns/op
WorkloadResult  14: 56954496 op, 14219195.00 ns, 0.2497 ns/op
WorkloadResult  15: 56954496 op, 14667523.00 ns, 0.2575 ns/op
// GC:  0 0 0 0 56954496
// Threading:  0 0 56954496

// AfterAll
// Benchmark Process 14329 has exited with code 0.

Mean = 0.251 ns, StdErr = 0.001 ns (0.36%), N = 15, StdDev = 0.003 ns
Min = 0.247 ns, Q1 = 0.249 ns, Median = 0.250 ns, Q3 = 0.254 ns, Max = 0.258 ns
IQR = 0.006 ns, LowerFence = 0.240 ns, UpperFence = 0.262 ns
ConfidenceInterval = [0.248 ns; 0.255 ns] (CI 99.9%), Margin = 0.004 ns (1.48% of Mean)
Skewness = 0.52, Kurtosis = 1.76, MValue = 2

// ** Remained 29 (31.9%) benchmark(s) to run. Estimated finish 2026-03-01 10:01 (0h 2m from now) **
// **************************
// Benchmark: Scenario1.S1_ReturnOptionStringNone_SimpleResults: .NET 10.0(Runtime=.NET 10.0, IterationTime=100ms) [Iterations=2]
// *** Execute ***
// Launch: 1 / 1
// Execute: dotnet "Enumerations.Options.Benchmarks-.NET 10.0-1.dll" --anonymousPipes 116 118 --benchmarkName "ReillyDigital.Enumerations.Options.Benchmarks.Scenarios.Scenario1.S1_ReturnOptionStringNone_SimpleResults(Iterations: 2)" --job ".NET 10.0" --benchmarkId 62 in /media/andrew/Slowverflow/x/devs/reilly-digital/dotnet/enumerations.options/src/Enumerations.Options.Benchmarks/bin/Debug/net10.0/Enumerations.Options.Benchmarks-.NET 10.0-1/bin/Release/net10.0
// Failed to set up high priority (Permission denied). In order to run benchmarks with high priority, make sure you have the right permissions.
// BeforeAnythingElse

// Benchmark Process Environment Information:
// BenchmarkDotNet v0.15.8
// Runtime=.NET 10.0.3 (10.0.3, 10.0.326.7603), X64 RyuJIT x86-64-v3
// GC=Concurrent Workstation
// HardwareIntrinsics=AVX2+BMI1+BMI2+F16C+FMA+LZCNT+MOVBE,AVX,SSE3+SSSE3+SSE4.1+SSE4.2+POPCNT,X86Base+SSE+SSE2,AES+PCLMUL VectorSize=256
// Job: .NET 10.0(IterationTime=100ms)

OverheadJitting  1: 1 op, 173057.00 ns, 173.0570 us/op
WorkloadJitting  1: 1 op, 7595472.00 ns, 7.5955 ms/op

WorkloadPilot    1: 4 op, 7965.00 ns, 1.9913 us/op
WorkloadPilot    2: 50220 op, 31943165.00 ns, 636.0646 ns/op
WorkloadPilot    3: 157217 op, 96864175.00 ns, 616.1177 ns/op
WorkloadPilot    4: 162307 op, 74862263.00 ns, 461.2387 ns/op
WorkloadPilot    5: 216807 op, 34006872.00 ns, 156.8532 ns/op
WorkloadPilot    6: 637539 op, 100045930.00 ns, 156.9252 ns/op
WorkloadPilot    7: 637246 op, 98387719.00 ns, 154.3952 ns/op
WorkloadPilot    8: 647689 op, 100662176.00 ns, 155.4175 ns/op
WorkloadPilot    9: 643428 op, 99075742.00 ns, 153.9811 ns/op
WorkloadPilot   10: 649430 op, 100212314.00 ns, 154.3081 ns/op

WorkloadWarmup   1: 649430 op, 100282798.00 ns, 154.4166 ns/op
WorkloadWarmup   2: 649430 op, 103809616.00 ns, 159.8473 ns/op
WorkloadWarmup   3: 649430 op, 101265118.00 ns, 155.9292 ns/op
WorkloadWarmup   4: 649430 op, 103426460.00 ns, 159.2573 ns/op
WorkloadWarmup   5: 649430 op, 102303164.00 ns, 157.5276 ns/op
WorkloadWarmup   6: 649430 op, 106884869.00 ns, 164.5826 ns/op

// BeforeActualRun
WorkloadActual   1: 649430 op, 101229049.00 ns, 155.8737 ns/op
WorkloadActual   2: 649430 op, 109528194.00 ns, 168.6528 ns/op
WorkloadActual   3: 649430 op, 102471262.00 ns, 157.7865 ns/op
WorkloadActual   4: 649430 op, 102701388.00 ns, 158.1408 ns/op
WorkloadActual   5: 649430 op, 102524953.00 ns, 157.8691 ns/op
WorkloadActual   6: 649430 op, 102460361.00 ns, 157.7697 ns/op
WorkloadActual   7: 649430 op, 104190137.00 ns, 160.4332 ns/op
WorkloadActual   8: 649430 op, 102325495.00 ns, 157.5620 ns/op
WorkloadActual   9: 649430 op, 102988270.00 ns, 158.5826 ns/op
WorkloadActual  10: 649430 op, 102187174.00 ns, 157.3490 ns/op
WorkloadActual  11: 649430 op, 102829460.00 ns, 158.3380 ns/op
WorkloadActual  12: 649430 op, 101253747.00 ns, 155.9117 ns/op
WorkloadActual  13: 649430 op, 101377891.00 ns, 156.1029 ns/op
WorkloadActual  14: 649430 op, 98969330.00 ns, 152.3941 ns/op
WorkloadActual  15: 649430 op, 99399084.00 ns, 153.0559 ns/op

// AfterActualRun
WorkloadResult   1: 649430 op, 101229049.00 ns, 155.8737 ns/op
WorkloadResult   2: 649430 op, 102471262.00 ns, 157.7865 ns/op
WorkloadResult   3: 649430 op, 102701388.00 ns, 158.1408 ns/op
WorkloadResult   4: 649430 op, 102524953.00 ns, 157.8691 ns/op
WorkloadResult   5: 649430 op, 102460361.00 ns, 157.7697 ns/op
WorkloadResult   6: 649430 op, 104190137.00 ns, 160.4332 ns/op
WorkloadResult   7: 649430 op, 102325495.00 ns, 157.5620 ns/op
WorkloadResult   8: 649430 op, 102988270.00 ns, 158.5826 ns/op
WorkloadResult   9: 649430 op, 102187174.00 ns, 157.3490 ns/op
WorkloadResult  10: 649430 op, 102829460.00 ns, 158.3380 ns/op
WorkloadResult  11: 649430 op, 101253747.00 ns, 155.9117 ns/op
WorkloadResult  12: 649430 op, 101377891.00 ns, 156.1029 ns/op
WorkloadResult  13: 649430 op, 98969330.00 ns, 152.3941 ns/op
WorkloadResult  14: 649430 op, 99399084.00 ns, 153.0559 ns/op
// GC:  7 0 0 62345280 649430
// Threading:  0 0 649430

// AfterAll
// Benchmark Process 14358 has exited with code 0.

Mean = 156.941 ns, StdErr = 0.573 ns (0.37%), N = 14, StdDev = 2.144 ns
Min = 152.394 ns, Q1 = 155.960 ns, Median = 157.666 ns, Q3 = 158.073 ns, Max = 160.433 ns
IQR = 2.113 ns, LowerFence = 152.789 ns, UpperFence = 161.243 ns
ConfidenceInterval = [154.522 ns; 159.359 ns] (CI 99.9%), Margin = 2.419 ns (1.54% of Mean)
Skewness = -0.74, Kurtosis = 2.78, MValue = 2

// ** Remained 28 (30.8%) benchmark(s) to run. Estimated finish 2026-03-01 10:01 (0h 2m from now) **
// **************************
// Benchmark: Scenario1.S1_ReturnOptionStringSuccess_ArdalisResult: .NET 10.0(Runtime=.NET 10.0, IterationTime=100ms) [Iterations=2]
// *** Execute ***
// Launch: 1 / 1
// Execute: dotnet "Enumerations.Options.Benchmarks-.NET 10.0-1.dll" --anonymousPipes 116 118 --benchmarkName "ReillyDigital.Enumerations.Options.Benchmarks.Scenarios.Scenario1.S1_ReturnOptionStringSuccess_ArdalisResult(Iterations: 2)" --job ".NET 10.0" --benchmarkId 63 in /media/andrew/Slowverflow/x/devs/reilly-digital/dotnet/enumerations.options/src/Enumerations.Options.Benchmarks/bin/Debug/net10.0/Enumerations.Options.Benchmarks-.NET 10.0-1/bin/Release/net10.0
// Failed to set up high priority (Permission denied). In order to run benchmarks with high priority, make sure you have the right permissions.
// BeforeAnythingElse

// Benchmark Process Environment Information:
// BenchmarkDotNet v0.15.8
// Runtime=.NET 10.0.3 (10.0.3, 10.0.326.7603), X64 RyuJIT x86-64-v3
// GC=Concurrent Workstation
// HardwareIntrinsics=AVX2+BMI1+BMI2+F16C+FMA+LZCNT+MOVBE,AVX,SSE3+SSSE3+SSE4.1+SSE4.2+POPCNT,X86Base+SSE+SSE2,AES+PCLMUL VectorSize=256
// Job: .NET 10.0(IterationTime=100ms)

OverheadJitting  1: 1 op, 156837.00 ns, 156.8370 us/op
WorkloadJitting  1: 1 op, 2474796.00 ns, 2.4748 ms/op

OverheadJitting  2: 16 op, 201962.00 ns, 12.6226 us/op
WorkloadJitting  2: 16 op, 220989.00 ns, 13.8118 us/op

WorkloadPilot    1: 16 op, 2554.00 ns, 159.6250 ns/op
WorkloadPilot    2: 626480 op, 49791401.00 ns, 79.4780 ns/op
WorkloadPilot    3: 1258224 op, 95697996.00 ns, 76.0580 ns/op
WorkloadPilot    4: 1314800 op, 41746929.00 ns, 31.7515 ns/op
WorkloadPilot    5: 3149456 op, 54099318.00 ns, 17.1774 ns/op
WorkloadPilot    6: 5821632 op, 104966787.00 ns, 18.0305 ns/op
WorkloadPilot    7: 5546176 op, 95156240.00 ns, 17.1571 ns/op
WorkloadPilot    8: 5828496 op, 102592110.00 ns, 17.6018 ns/op
WorkloadPilot    9: 5681232 op, 97601761.00 ns, 17.1797 ns/op
WorkloadPilot   10: 5820832 op, 101709158.00 ns, 17.4733 ns/op

OverheadWarmup   1: 5820832 op, 14514303.00 ns, 2.4935 ns/op
OverheadWarmup   2: 5820832 op, 14605345.00 ns, 2.5092 ns/op
OverheadWarmup   3: 5820832 op, 14541124.00 ns, 2.4981 ns/op
OverheadWarmup   4: 5820832 op, 14512310.00 ns, 2.4932 ns/op
OverheadWarmup   5: 5820832 op, 14723539.00 ns, 2.5295 ns/op
OverheadWarmup   6: 5820832 op, 14629611.00 ns, 2.5133 ns/op

OverheadActual   1: 5820832 op, 14705135.00 ns, 2.5263 ns/op
OverheadActual   2: 5820832 op, 14798702.00 ns, 2.5424 ns/op
OverheadActual   3: 5820832 op, 14547486.00 ns, 2.4992 ns/op
OverheadActual   4: 5820832 op, 14653687.00 ns, 2.5175 ns/op
OverheadActual   5: 5820832 op, 14465270.00 ns, 2.4851 ns/op
OverheadActual   6: 5820832 op, 15011314.00 ns, 2.5789 ns/op
OverheadActual   7: 5820832 op, 16010086.00 ns, 2.7505 ns/op
OverheadActual   8: 5820832 op, 14523040.00 ns, 2.4950 ns/op
OverheadActual   9: 5820832 op, 14595898.00 ns, 2.5075 ns/op
OverheadActual  10: 5820832 op, 14663286.00 ns, 2.5191 ns/op
OverheadActual  11: 5820832 op, 15001716.00 ns, 2.5772 ns/op
OverheadActual  12: 5820832 op, 14550152.00 ns, 2.4997 ns/op
OverheadActual  13: 5820832 op, 16150531.00 ns, 2.7746 ns/op
OverheadActual  14: 5820832 op, 10437003.00 ns, 1.7930 ns/op
OverheadActual  15: 5820832 op, 10028439.00 ns, 1.7229 ns/op
OverheadActual  16: 5820832 op, 10137966.00 ns, 1.7417 ns/op
OverheadActual  17: 5820832 op, 9748820.00 ns, 1.6748 ns/op
OverheadActual  18: 5820832 op, 9955791.00 ns, 1.7104 ns/op
OverheadActual  19: 5820832 op, 9924873.00 ns, 1.7051 ns/op
OverheadActual  20: 5820832 op, 9979948.00 ns, 1.7145 ns/op

WorkloadWarmup   1: 5820832 op, 103424977.00 ns, 17.7681 ns/op
WorkloadWarmup   2: 5820832 op, 111581772.00 ns, 19.1694 ns/op
WorkloadWarmup   3: 5820832 op, 97928329.00 ns, 16.8238 ns/op
WorkloadWarmup   4: 5820832 op, 98672969.00 ns, 16.9517 ns/op
WorkloadWarmup   5: 5820832 op, 98061291.00 ns, 16.8466 ns/op
WorkloadWarmup   6: 5820832 op, 98878058.00 ns, 16.9869 ns/op

// BeforeActualRun
WorkloadActual   1: 5820832 op, 105434162.00 ns, 18.1132 ns/op
WorkloadActual   2: 5820832 op, 100600319.00 ns, 17.2828 ns/op
WorkloadActual   3: 5820832 op, 98237605.00 ns, 16.8769 ns/op
WorkloadActual   4: 5820832 op, 101410954.00 ns, 17.4221 ns/op
WorkloadActual   5: 5820832 op, 98986954.00 ns, 17.0056 ns/op
WorkloadActual   6: 5820832 op, 98773620.00 ns, 16.9690 ns/op
WorkloadActual   7: 5820832 op, 98275838.00 ns, 16.8835 ns/op
WorkloadActual   8: 5820832 op, 98749615.00 ns, 16.9649 ns/op
WorkloadActual   9: 5820832 op, 98429158.00 ns, 16.9098 ns/op
WorkloadActual  10: 5820832 op, 98504060.00 ns, 16.9227 ns/op
WorkloadActual  11: 5820832 op, 99262576.00 ns, 17.0530 ns/op
WorkloadActual  12: 5820832 op, 101749605.00 ns, 17.4803 ns/op
WorkloadActual  13: 5820832 op, 98486637.00 ns, 16.9197 ns/op
WorkloadActual  14: 5820832 op, 101184405.00 ns, 17.3832 ns/op
WorkloadActual  15: 5820832 op, 99358558.00 ns, 17.0695 ns/op

// AfterActualRun
WorkloadResult   1: 5820832 op, 86051500.00 ns, 14.7834 ns/op
WorkloadResult   2: 5820832 op, 83688786.00 ns, 14.3775 ns/op
WorkloadResult   3: 5820832 op, 86862135.00 ns, 14.9226 ns/op
WorkloadResult   4: 5820832 op, 84438135.00 ns, 14.5062 ns/op
WorkloadResult   5: 5820832 op, 84224801.00 ns, 14.4695 ns/op
WorkloadResult   6: 5820832 op, 83727019.00 ns, 14.3840 ns/op
WorkloadResult   7: 5820832 op, 84200796.00 ns, 14.4654 ns/op
WorkloadResult   8: 5820832 op, 83880339.00 ns, 14.4104 ns/op
WorkloadResult   9: 5820832 op, 83955241.00 ns, 14.4232 ns/op
WorkloadResult  10: 5820832 op, 84713757.00 ns, 14.5535 ns/op
WorkloadResult  11: 5820832 op, 87200786.00 ns, 14.9808 ns/op
WorkloadResult  12: 5820832 op, 83937818.00 ns, 14.4202 ns/op
WorkloadResult  13: 5820832 op, 86635586.00 ns, 14.8837 ns/op
WorkloadResult  14: 5820832 op, 84809739.00 ns, 14.5700 ns/op
// GC:  100 0 0 838199808 5820832
// Threading:  0 0 5820832

// AfterAll
// Benchmark Process 14388 has exited with code 0.

Mean = 14.582 ns, StdErr = 0.057 ns (0.39%), N = 14, StdDev = 0.215 ns
Min = 14.377 ns, Q1 = 14.421 ns, Median = 14.488 ns, Q3 = 14.730 ns, Max = 14.981 ns
IQR = 0.309 ns, LowerFence = 13.957 ns, UpperFence = 15.194 ns
ConfidenceInterval = [14.340 ns; 14.825 ns] (CI 99.9%), Margin = 0.243 ns (1.66% of Mean)
Skewness = 0.75, Kurtosis = 1.82, MValue = 2

// ** Remained 27 (29.7%) benchmark(s) to run. Estimated finish 2026-03-01 10:01 (0h 2m from now) **
// **************************
// Benchmark: Scenario1.S1_ReturnOptionStringSuccess_EnumerationsOptionsBoxed: .NET 10.0(Runtime=.NET 10.0, IterationTime=100ms) [Iterations=2]
// *** Execute ***
// Launch: 1 / 1
// Execute: dotnet "Enumerations.Options.Benchmarks-.NET 10.0-1.dll" --anonymousPipes 116 118 --benchmarkName "ReillyDigital.Enumerations.Options.Benchmarks.Scenarios.Scenario1.S1_ReturnOptionStringSuccess_EnumerationsOptionsBoxed(Iterations: 2)" --job ".NET 10.0" --benchmarkId 64 in /media/andrew/Slowverflow/x/devs/reilly-digital/dotnet/enumerations.options/src/Enumerations.Options.Benchmarks/bin/Debug/net10.0/Enumerations.Options.Benchmarks-.NET 10.0-1/bin/Release/net10.0
// Failed to set up high priority (Permission denied). In order to run benchmarks with high priority, make sure you have the right permissions.
// BeforeAnythingElse

// Benchmark Process Environment Information:
// BenchmarkDotNet v0.15.8
// Runtime=.NET 10.0.3 (10.0.3, 10.0.326.7603), X64 RyuJIT x86-64-v3
// GC=Concurrent Workstation
// HardwareIntrinsics=AVX2+BMI1+BMI2+F16C+FMA+LZCNT+MOVBE,AVX,SSE3+SSSE3+SSE4.1+SSE4.2+POPCNT,X86Base+SSE+SSE2,AES+PCLMUL VectorSize=256
// Job: .NET 10.0(IterationTime=100ms)

OverheadJitting  1: 1 op, 161946.00 ns, 161.9460 us/op
WorkloadJitting  1: 1 op, 3063801.00 ns, 3.0638 ms/op

OverheadJitting  2: 16 op, 196422.00 ns, 12.2764 us/op
WorkloadJitting  2: 16 op, 212963.00 ns, 13.3102 us/op

WorkloadPilot    1: 16 op, 1964.00 ns, 122.7500 ns/op
WorkloadPilot    2: 814672 op, 43593636.00 ns, 53.5107 ns/op
WorkloadPilot    3: 1868800 op, 92011936.00 ns, 49.2358 ns/op
WorkloadPilot    4: 2031056 op, 58561668.00 ns, 28.8331 ns/op
WorkloadPilot    5: 3468240 op, 35504689.00 ns, 10.2371 ns/op
WorkloadPilot    6: 9768400 op, 99123843.00 ns, 10.1474 ns/op
WorkloadPilot    7: 9854752 op, 98148005.00 ns, 9.9595 ns/op
WorkloadPilot    8: 10040720 op, 99482111.00 ns, 9.9079 ns/op
WorkloadPilot    9: 10092992 op, 100991229.00 ns, 10.0061 ns/op
WorkloadPilot   10: 9993936 op, 99152878.00 ns, 9.9213 ns/op
WorkloadPilot   11: 10079328 op, 100229446.00 ns, 9.9441 ns/op
WorkloadPilot   12: 10056256 op, 100933640.00 ns, 10.0369 ns/op

OverheadWarmup   1: 10056256 op, 25048871.00 ns, 2.4909 ns/op
OverheadWarmup   2: 10056256 op, 25015638.00 ns, 2.4876 ns/op
OverheadWarmup   3: 10056256 op, 24866255.00 ns, 2.4727 ns/op
OverheadWarmup   4: 10056256 op, 24895750.00 ns, 2.4756 ns/op
OverheadWarmup   5: 10056256 op, 24800170.00 ns, 2.4661 ns/op
OverheadWarmup   6: 10056256 op, 24899488.00 ns, 2.4760 ns/op
OverheadWarmup   7: 10056256 op, 24801252.00 ns, 2.4663 ns/op

OverheadActual   1: 10056256 op, 24993876.00 ns, 2.4854 ns/op
OverheadActual   2: 10056256 op, 25255953.00 ns, 2.5115 ns/op
OverheadActual   3: 10056256 op, 24947188.00 ns, 2.4808 ns/op
OverheadActual   4: 10056256 op, 25069049.00 ns, 2.4929 ns/op
OverheadActual   5: 10056256 op, 25051125.00 ns, 2.4911 ns/op
OverheadActual   6: 10056256 op, 24900740.00 ns, 2.4761 ns/op
OverheadActual   7: 10056256 op, 24997804.00 ns, 2.4858 ns/op
OverheadActual   8: 10056256 op, 24965142.00 ns, 2.4825 ns/op
OverheadActual   9: 10056256 op, 25086101.00 ns, 2.4946 ns/op
OverheadActual  10: 10056256 op, 25148420.00 ns, 2.5008 ns/op
OverheadActual  11: 10056256 op, 24906451.00 ns, 2.4767 ns/op
OverheadActual  12: 10056256 op, 25032299.00 ns, 2.4892 ns/op
OverheadActual  13: 10056256 op, 19906133.00 ns, 1.9795 ns/op
OverheadActual  14: 10056256 op, 17044123.00 ns, 1.6949 ns/op
OverheadActual  15: 10056256 op, 17074561.00 ns, 1.6979 ns/op
OverheadActual  16: 10056256 op, 17028013.00 ns, 1.6933 ns/op
OverheadActual  17: 10056256 op, 17015579.00 ns, 1.6920 ns/op
OverheadActual  18: 10056256 op, 17043522.00 ns, 1.6948 ns/op
OverheadActual  19: 10056256 op, 16970113.00 ns, 1.6875 ns/op
OverheadActual  20: 10056256 op, 17051518.00 ns, 1.6956 ns/op

WorkloadWarmup   1: 10056256 op, 103637480.00 ns, 10.3058 ns/op
WorkloadWarmup   2: 10056256 op, 105318884.00 ns, 10.4730 ns/op
WorkloadWarmup   3: 10056256 op, 100570913.00 ns, 10.0008 ns/op
WorkloadWarmup   4: 10056256 op, 100079753.00 ns, 9.9520 ns/op
WorkloadWarmup   5: 10056256 op, 100133405.00 ns, 9.9573 ns/op
WorkloadWarmup   6: 10056256 op, 110137889.00 ns, 10.9522 ns/op
WorkloadWarmup   7: 10056256 op, 106827600.00 ns, 10.6230 ns/op

// BeforeActualRun
WorkloadActual   1: 10056256 op, 102833667.00 ns, 10.2258 ns/op
WorkloadActual   2: 10056256 op, 106325109.00 ns, 10.5730 ns/op
WorkloadActual   3: 10056256 op, 107479164.00 ns, 10.6878 ns/op
WorkloadActual   4: 10056256 op, 106520599.00 ns, 10.5925 ns/op
WorkloadActual   5: 10056256 op, 107502258.00 ns, 10.6901 ns/op
WorkloadActual   6: 10056256 op, 109971714.00 ns, 10.9357 ns/op
WorkloadActual   7: 10056256 op, 106426251.00 ns, 10.5831 ns/op
WorkloadActual   8: 10056256 op, 109837610.00 ns, 10.9223 ns/op
WorkloadActual   9: 10056256 op, 108128935.00 ns, 10.7524 ns/op
WorkloadActual  10: 10056256 op, 110934407.00 ns, 11.0314 ns/op
WorkloadActual  11: 10056256 op, 107078235.00 ns, 10.6479 ns/op
WorkloadActual  12: 10056256 op, 110144221.00 ns, 10.9528 ns/op
WorkloadActual  13: 10056256 op, 106236221.00 ns, 10.5642 ns/op
WorkloadActual  14: 10056256 op, 109084394.00 ns, 10.8474 ns/op
WorkloadActual  15: 10056256 op, 108626707.00 ns, 10.8019 ns/op
WorkloadActual  16: 10056256 op, 106758700.00 ns, 10.6161 ns/op

// AfterActualRun
WorkloadResult   1: 10056256 op, 77906847.50 ns, 7.7471 ns/op
WorkloadResult   2: 10056256 op, 81398289.50 ns, 8.0943 ns/op
WorkloadResult   3: 10056256 op, 82552344.50 ns, 8.2091 ns/op
WorkloadResult   4: 10056256 op, 81593779.50 ns, 8.1137 ns/op
WorkloadResult   5: 10056256 op, 82575438.50 ns, 8.2114 ns/op
WorkloadResult   6: 10056256 op, 85044894.50 ns, 8.4569 ns/op
WorkloadResult   7: 10056256 op, 81499431.50 ns, 8.1044 ns/op
WorkloadResult   8: 10056256 op, 84910790.50 ns, 8.4436 ns/op
WorkloadResult   9: 10056256 op, 83202115.50 ns, 8.2737 ns/op
WorkloadResult  10: 10056256 op, 86007587.50 ns, 8.5526 ns/op
WorkloadResult  11: 10056256 op, 82151415.50 ns, 8.1692 ns/op
WorkloadResult  12: 10056256 op, 85217401.50 ns, 8.4741 ns/op
WorkloadResult  13: 10056256 op, 81309401.50 ns, 8.0855 ns/op
WorkloadResult  14: 10056256 op, 84157574.50 ns, 8.3687 ns/op
WorkloadResult  15: 10056256 op, 83699887.50 ns, 8.3232 ns/op
WorkloadResult  16: 10056256 op, 81831880.50 ns, 8.1374 ns/op
// GC:  76 0 0 643600384 10056256
// Threading:  0 0 10056256

// AfterAll
// Benchmark Process 14415 has exited with code 0.

Mean = 8.235 ns, StdErr = 0.050 ns (0.61%), N = 16, StdDev = 0.201 ns
Min = 7.747 ns, Q1 = 8.111 ns, Median = 8.210 ns, Q3 = 8.387 ns, Max = 8.553 ns
IQR = 0.276 ns, LowerFence = 7.697 ns, UpperFence = 8.801 ns
ConfidenceInterval = [8.031 ns; 8.440 ns] (CI 99.9%), Margin = 0.204 ns (2.48% of Mean)
Skewness = -0.46, Kurtosis = 2.93, MValue = 2.22

// ** Remained 26 (28.6%) benchmark(s) to run. Estimated finish 2026-03-01 10:01 (0h 2m from now) **
// **************************
// Benchmark: Scenario1.S1_ReturnOptionStringSuccess_EnumerationsOptions: .NET 10.0(Runtime=.NET 10.0, IterationTime=100ms) [Iterations=2]
// *** Execute ***
// Launch: 1 / 1
// Execute: dotnet "Enumerations.Options.Benchmarks-.NET 10.0-1.dll" --anonymousPipes 116 118 --benchmarkName "ReillyDigital.Enumerations.Options.Benchmarks.Scenarios.Scenario1.S1_ReturnOptionStringSuccess_EnumerationsOptions(Iterations: 2)" --job ".NET 10.0" --benchmarkId 65 in /media/andrew/Slowverflow/x/devs/reilly-digital/dotnet/enumerations.options/src/Enumerations.Options.Benchmarks/bin/Debug/net10.0/Enumerations.Options.Benchmarks-.NET 10.0-1/bin/Release/net10.0
// Failed to set up high priority (Permission denied). In order to run benchmarks with high priority, make sure you have the right permissions.
// BeforeAnythingElse

// Benchmark Process Environment Information:
// BenchmarkDotNet v0.15.8
// Runtime=.NET 10.0.3 (10.0.3, 10.0.326.7603), X64 RyuJIT x86-64-v3
// GC=Concurrent Workstation
// HardwareIntrinsics=AVX2+BMI1+BMI2+F16C+FMA+LZCNT+MOVBE,AVX,SSE3+SSSE3+SSE4.1+SSE4.2+POPCNT,X86Base+SSE+SSE2,AES+PCLMUL VectorSize=256
// Job: .NET 10.0(IterationTime=100ms)

OverheadJitting  1: 1 op, 153931.00 ns, 153.9310 us/op
WorkloadJitting  1: 1 op, 2743044.00 ns, 2.7430 ms/op

OverheadJitting  2: 16 op, 204487.00 ns, 12.7804 us/op
WorkloadJitting  2: 16 op, 209938.00 ns, 13.1211 us/op

WorkloadPilot    1: 16 op, 2525.00 ns, 157.8125 ns/op
WorkloadPilot    2: 633664 op, 49874829.00 ns, 78.7086 ns/op
WorkloadPilot    3: 1270512 op, 98435370.00 ns, 77.4769 ns/op
WorkloadPilot    4: 1290720 op, 43404126.00 ns, 33.6278 ns/op
WorkloadPilot    5: 2973728 op, 5207250.00 ns, 1.7511 ns/op
WorkloadPilot    6: 57107456 op, 100155166.00 ns, 1.7538 ns/op
WorkloadPilot    7: 57018992 op, 99493283.00 ns, 1.7449 ns/op
WorkloadPilot    8: 57309392 op, 99874495.00 ns, 1.7427 ns/op
WorkloadPilot    9: 57381424 op, 99962822.00 ns, 1.7421 ns/op
WorkloadPilot   10: 57402768 op, 100141621.00 ns, 1.7445 ns/op
WorkloadPilot   11: 57321600 op, 99869976.00 ns, 1.7423 ns/op
WorkloadPilot   12: 57396240 op, 100422593.00 ns, 1.7496 ns/op

OverheadWarmup   1: 57396240 op, 142792460.00 ns, 2.4878 ns/op
OverheadWarmup   2: 57396240 op, 109756436.00 ns, 1.9123 ns/op
OverheadWarmup   3: 57396240 op, 86164434.00 ns, 1.5012 ns/op
OverheadWarmup   4: 57396240 op, 86121613.00 ns, 1.5005 ns/op
OverheadWarmup   5: 57396240 op, 86134929.00 ns, 1.5007 ns/op
OverheadWarmup   6: 57396240 op, 86257871.00 ns, 1.5028 ns/op
OverheadWarmup   7: 57396240 op, 86810809.00 ns, 1.5125 ns/op
OverheadWarmup   8: 57396240 op, 86388017.00 ns, 1.5051 ns/op
OverheadWarmup   9: 57396240 op, 86160467.00 ns, 1.5012 ns/op
OverheadWarmup  10: 57396240 op, 86075156.00 ns, 1.4997 ns/op

OverheadActual   1: 57396240 op, 86071008.00 ns, 1.4996 ns/op
OverheadActual   2: 57396240 op, 86082569.00 ns, 1.4998 ns/op
OverheadActual   3: 57396240 op, 86032214.00 ns, 1.4989 ns/op
OverheadActual   4: 57396240 op, 86043786.00 ns, 1.4991 ns/op
OverheadActual   5: 57396240 op, 86138405.00 ns, 1.5008 ns/op
OverheadActual   6: 57396240 op, 86084082.00 ns, 1.4998 ns/op
OverheadActual   7: 57396240 op, 86054747.00 ns, 1.4993 ns/op
OverheadActual   8: 57396240 op, 86092098.00 ns, 1.5000 ns/op
OverheadActual   9: 57396240 op, 86062001.00 ns, 1.4994 ns/op
OverheadActual  10: 57396240 op, 86480002.00 ns, 1.5067 ns/op
OverheadActual  11: 57396240 op, 86060989.00 ns, 1.4994 ns/op
OverheadActual  12: 57396240 op, 86702713.00 ns, 1.5106 ns/op
OverheadActual  13: 57396240 op, 86315921.00 ns, 1.5039 ns/op
OverheadActual  14: 57396240 op, 86655585.00 ns, 1.5098 ns/op
OverheadActual  15: 57396240 op, 86132864.00 ns, 1.5007 ns/op

WorkloadWarmup   1: 57396240 op, 100943459.00 ns, 1.7587 ns/op
WorkloadWarmup   2: 57396240 op, 100598335.00 ns, 1.7527 ns/op
WorkloadWarmup   3: 57396240 op, 103432472.00 ns, 1.8021 ns/op
WorkloadWarmup   4: 57396240 op, 100538011.00 ns, 1.7516 ns/op
WorkloadWarmup   5: 57396240 op, 100592824.00 ns, 1.7526 ns/op
WorkloadWarmup   6: 57396240 op, 100496232.00 ns, 1.7509 ns/op

// BeforeActualRun
WorkloadActual   1: 57396240 op, 101077602.00 ns, 1.7610 ns/op
WorkloadActual   2: 57396240 op, 101606464.00 ns, 1.7703 ns/op
WorkloadActual   3: 57396240 op, 101521092.00 ns, 1.7688 ns/op
WorkloadActual   4: 57396240 op, 100768397.00 ns, 1.7557 ns/op
WorkloadActual   5: 57396240 op, 100773918.00 ns, 1.7558 ns/op
WorkloadActual   6: 57396240 op, 100486273.00 ns, 1.7507 ns/op
WorkloadActual   7: 57396240 op, 100628442.00 ns, 1.7532 ns/op
WorkloadActual   8: 57396240 op, 100469260.00 ns, 1.7505 ns/op
WorkloadActual   9: 57396240 op, 100909354.00 ns, 1.7581 ns/op
WorkloadActual  10: 57396240 op, 100512242.00 ns, 1.7512 ns/op
WorkloadActual  11: 57396240 op, 100511712.00 ns, 1.7512 ns/op
WorkloadActual  12: 57396240 op, 100754581.00 ns, 1.7554 ns/op
WorkloadActual  13: 57396240 op, 100773837.00 ns, 1.7558 ns/op
WorkloadActual  14: 57396240 op, 100682034.00 ns, 1.7542 ns/op
WorkloadActual  15: 57396240 op, 100960692.00 ns, 1.7590 ns/op

// AfterActualRun
WorkloadResult   1: 57396240 op, 14993520.00 ns, 0.2612 ns/op
WorkloadResult   2: 57396240 op, 14684315.00 ns, 0.2558 ns/op
WorkloadResult   3: 57396240 op, 14689836.00 ns, 0.2559 ns/op
WorkloadResult   4: 57396240 op, 14402191.00 ns, 0.2509 ns/op
WorkloadResult   5: 57396240 op, 14544360.00 ns, 0.2534 ns/op
WorkloadResult   6: 57396240 op, 14385178.00 ns, 0.2506 ns/op
WorkloadResult   7: 57396240 op, 14825272.00 ns, 0.2583 ns/op
WorkloadResult   8: 57396240 op, 14428160.00 ns, 0.2514 ns/op
WorkloadResult   9: 57396240 op, 14427630.00 ns, 0.2514 ns/op
WorkloadResult  10: 57396240 op, 14670499.00 ns, 0.2556 ns/op
WorkloadResult  11: 57396240 op, 14689755.00 ns, 0.2559 ns/op
WorkloadResult  12: 57396240 op, 14597952.00 ns, 0.2543 ns/op
WorkloadResult  13: 57396240 op, 14876610.00 ns, 0.2592 ns/op
// GC:  0 0 0 0 57396240
// Threading:  0 0 57396240

// AfterAll
// Benchmark Process 14436 has exited with code 0.

Mean = 0.255 ns, StdErr = 0.001 ns (0.36%), N = 13, StdDev = 0.003 ns
Min = 0.251 ns, Q1 = 0.251 ns, Median = 0.256 ns, Q3 = 0.256 ns, Max = 0.261 ns
IQR = 0.005 ns, LowerFence = 0.245 ns, UpperFence = 0.263 ns
ConfidenceInterval = [0.251 ns; 0.259 ns] (CI 99.9%), Margin = 0.004 ns (1.58% of Mean)
Skewness = 0.27, Kurtosis = 1.8, MValue = 2

// ** Remained 25 (27.5%) benchmark(s) to run. Estimated finish 2026-03-01 10:01 (0h 2m from now) **
// **************************
// Benchmark: Scenario1.S1_ReturnOptionStringSuccess_FluentResults: .NET 10.0(Runtime=.NET 10.0, IterationTime=100ms) [Iterations=2]
// *** Execute ***
// Launch: 1 / 1
// Execute: dotnet "Enumerations.Options.Benchmarks-.NET 10.0-1.dll" --anonymousPipes 116 118 --benchmarkName "ReillyDigital.Enumerations.Options.Benchmarks.Scenarios.Scenario1.S1_ReturnOptionStringSuccess_FluentResults(Iterations: 2)" --job ".NET 10.0" --benchmarkId 66 in /media/andrew/Slowverflow/x/devs/reilly-digital/dotnet/enumerations.options/src/Enumerations.Options.Benchmarks/bin/Debug/net10.0/Enumerations.Options.Benchmarks-.NET 10.0-1/bin/Release/net10.0
// Failed to set up high priority (Permission denied). In order to run benchmarks with high priority, make sure you have the right permissions.
// BeforeAnythingElse

// Benchmark Process Environment Information:
// BenchmarkDotNet v0.15.8
// Runtime=.NET 10.0.3 (10.0.3, 10.0.326.7603), X64 RyuJIT x86-64-v3
// GC=Concurrent Workstation
// HardwareIntrinsics=AVX2+BMI1+BMI2+F16C+FMA+LZCNT+MOVBE,AVX,SSE3+SSSE3+SSE4.1+SSE4.2+POPCNT,X86Base+SSE+SSE2,AES+PCLMUL VectorSize=256
// Job: .NET 10.0(IterationTime=100ms)

OverheadJitting  1: 1 op, 152027.00 ns, 152.0270 us/op
WorkloadJitting  1: 1 op, 3729993.00 ns, 3.7300 ms/op

OverheadJitting  2: 16 op, 228502.00 ns, 14.2814 us/op
WorkloadJitting  2: 16 op, 222692.00 ns, 13.9183 us/op

WorkloadPilot    1: 16 op, 8766.00 ns, 547.8750 ns/op
WorkloadPilot    2: 182528 op, 71715775.00 ns, 392.9029 ns/op
WorkloadPilot    3: 254528 op, 97627339.00 ns, 383.5623 ns/op
WorkloadPilot    4: 260720 op, 34348279.00 ns, 131.7439 ns/op
WorkloadPilot    5: 759056 op, 35429166.00 ns, 46.6753 ns/op
WorkloadPilot    6: 2142464 op, 94192615.00 ns, 43.9646 ns/op
WorkloadPilot    7: 2274560 op, 100487967.00 ns, 44.1791 ns/op
WorkloadPilot    8: 2263520 op, 99437487.00 ns, 43.9305 ns/op
WorkloadPilot    9: 2276336 op, 100645995.00 ns, 44.2140 ns/op
WorkloadPilot   10: 2261728 op, 98068344.00 ns, 43.3599 ns/op
WorkloadPilot   11: 2306288 op, 101415843.00 ns, 43.9736 ns/op

OverheadWarmup   1: 2306288 op, 5767340.00 ns, 2.5007 ns/op
OverheadWarmup   2: 2306288 op, 5723658.00 ns, 2.4818 ns/op
OverheadWarmup   3: 2306288 op, 5708920.00 ns, 2.4754 ns/op
OverheadWarmup   4: 2306288 op, 5801646.00 ns, 2.5156 ns/op
OverheadWarmup   5: 2306288 op, 5767060.00 ns, 2.5006 ns/op
OverheadWarmup   6: 2306288 op, 5765587.00 ns, 2.4999 ns/op
OverheadWarmup   7: 2306288 op, 5786056.00 ns, 2.5088 ns/op
OverheadWarmup   8: 2306288 op, 5866449.00 ns, 2.5437 ns/op
OverheadWarmup   9: 2306288 op, 5765157.00 ns, 2.4998 ns/op

OverheadActual   1: 2306288 op, 5866709.00 ns, 2.5438 ns/op
OverheadActual   2: 2306288 op, 5720381.00 ns, 2.4803 ns/op
OverheadActual   3: 2306288 op, 5741722.00 ns, 2.4896 ns/op
OverheadActual   4: 2306288 op, 5801986.00 ns, 2.5157 ns/op
OverheadActual   5: 2306288 op, 5777139.00 ns, 2.5050 ns/op
OverheadActual   6: 2306288 op, 5697808.00 ns, 2.4706 ns/op
OverheadActual   7: 2306288 op, 5757331.00 ns, 2.4964 ns/op
OverheadActual   8: 2306288 op, 5728226.00 ns, 2.4837 ns/op
OverheadActual   9: 2306288 op, 5782499.00 ns, 2.5073 ns/op
OverheadActual  10: 2306288 op, 5757843.00 ns, 2.4966 ns/op
OverheadActual  11: 2306288 op, 5697949.00 ns, 2.4706 ns/op
OverheadActual  12: 2306288 op, 5687880.00 ns, 2.4662 ns/op
OverheadActual  13: 2306288 op, 5799251.00 ns, 2.5145 ns/op
OverheadActual  14: 2306288 op, 5745058.00 ns, 2.4910 ns/op
OverheadActual  15: 2306288 op, 5836741.00 ns, 2.5308 ns/op

WorkloadWarmup   1: 2306288 op, 105848927.00 ns, 45.8958 ns/op
WorkloadWarmup   2: 2306288 op, 104846269.00 ns, 45.4610 ns/op
WorkloadWarmup   3: 2306288 op, 103688417.00 ns, 44.9590 ns/op
WorkloadWarmup   4: 2306288 op, 102624211.00 ns, 44.4976 ns/op
WorkloadWarmup   5: 2306288 op, 101971856.00 ns, 44.2147 ns/op
WorkloadWarmup   6: 2306288 op, 100771964.00 ns, 43.6944 ns/op
WorkloadWarmup   7: 2306288 op, 101928654.00 ns, 44.1960 ns/op
WorkloadWarmup   8: 2306288 op, 101517275.00 ns, 44.0176 ns/op
WorkloadWarmup   9: 2306288 op, 102692170.00 ns, 44.5270 ns/op
WorkloadWarmup  10: 2306288 op, 100977493.00 ns, 43.7836 ns/op

// BeforeActualRun
WorkloadActual   1: 2306288 op, 103751035.00 ns, 44.9862 ns/op
WorkloadActual   2: 2306288 op, 108583796.00 ns, 47.0816 ns/op
WorkloadActual   3: 2306288 op, 106927390.00 ns, 46.3634 ns/op
WorkloadActual   4: 2306288 op, 106865943.00 ns, 46.3368 ns/op
WorkloadActual   5: 2306288 op, 106685071.00 ns, 46.2583 ns/op
WorkloadActual   6: 2306288 op, 107244861.00 ns, 46.5011 ns/op
WorkloadActual   7: 2306288 op, 107887046.00 ns, 46.7795 ns/op
WorkloadActual   8: 2306288 op, 107494604.00 ns, 46.6094 ns/op
WorkloadActual   9: 2306288 op, 107257224.00 ns, 46.5064 ns/op
WorkloadActual  10: 2306288 op, 107186109.00 ns, 46.4756 ns/op
WorkloadActual  11: 2306288 op, 106237383.00 ns, 46.0642 ns/op
WorkloadActual  12: 2306288 op, 106469773.00 ns, 46.1650 ns/op
WorkloadActual  13: 2306288 op, 109958459.00 ns, 47.6777 ns/op
WorkloadActual  14: 2306288 op, 106046221.00 ns, 45.9813 ns/op
WorkloadActual  15: 2306288 op, 108163600.00 ns, 46.8994 ns/op

// AfterActualRun
WorkloadResult   1: 2306288 op, 97993704.00 ns, 42.4898 ns/op
WorkloadResult   2: 2306288 op, 102826465.00 ns, 44.5853 ns/op
WorkloadResult   3: 2306288 op, 101170059.00 ns, 43.8671 ns/op
WorkloadResult   4: 2306288 op, 101108612.00 ns, 43.8404 ns/op
WorkloadResult   5: 2306288 op, 100927740.00 ns, 43.7620 ns/op
WorkloadResult   6: 2306288 op, 101487530.00 ns, 44.0047 ns/op
WorkloadResult   7: 2306288 op, 102129715.00 ns, 44.2832 ns/op
WorkloadResult   8: 2306288 op, 101737273.00 ns, 44.1130 ns/op
WorkloadResult   9: 2306288 op, 101499893.00 ns, 44.0101 ns/op
WorkloadResult  10: 2306288 op, 101428778.00 ns, 43.9792 ns/op
WorkloadResult  11: 2306288 op, 100480052.00 ns, 43.5679 ns/op
WorkloadResult  12: 2306288 op, 100712442.00 ns, 43.6686 ns/op
WorkloadResult  13: 2306288 op, 100288890.00 ns, 43.4850 ns/op
WorkloadResult  14: 2306288 op, 102406269.00 ns, 44.4031 ns/op
// GC:  61 0 0 516608512 2306288
// Threading:  0 0 2306288

// AfterAll
// Benchmark Process 14471 has exited with code 0.

Mean = 43.861 ns, StdErr = 0.134 ns (0.31%), N = 14, StdDev = 0.502 ns
Min = 42.490 ns, Q1 = 43.692 ns, Median = 43.923 ns, Q3 = 44.087 ns, Max = 44.585 ns
IQR = 0.395 ns, LowerFence = 43.099 ns, UpperFence = 44.680 ns
ConfidenceInterval = [43.295 ns; 44.427 ns] (CI 99.9%), Margin = 0.566 ns (1.29% of Mean)
Skewness = -1.15, Kurtosis = 4.47, MValue = 2

// ** Remained 24 (26.4%) benchmark(s) to run. Estimated finish 2026-03-01 10:01 (0h 2m from now) **
// **************************
// Benchmark: Scenario1.S1_ReturnOptionStringSuccess_LightResults: .NET 10.0(Runtime=.NET 10.0, IterationTime=100ms) [Iterations=2]
// *** Execute ***
// Launch: 1 / 1
// Execute: dotnet "Enumerations.Options.Benchmarks-.NET 10.0-1.dll" --anonymousPipes 116 118 --benchmarkName "ReillyDigital.Enumerations.Options.Benchmarks.Scenarios.Scenario1.S1_ReturnOptionStringSuccess_LightResults(Iterations: 2)" --job ".NET 10.0" --benchmarkId 67 in /media/andrew/Slowverflow/x/devs/reilly-digital/dotnet/enumerations.options/src/Enumerations.Options.Benchmarks/bin/Debug/net10.0/Enumerations.Options.Benchmarks-.NET 10.0-1/bin/Release/net10.0
// Failed to set up high priority (Permission denied). In order to run benchmarks with high priority, make sure you have the right permissions.
// BeforeAnythingElse

// Benchmark Process Environment Information:
// BenchmarkDotNet v0.15.8
// Runtime=.NET 10.0.3 (10.0.3, 10.0.326.7603), X64 RyuJIT x86-64-v3
// GC=Concurrent Workstation
// HardwareIntrinsics=AVX2+BMI1+BMI2+F16C+FMA+LZCNT+MOVBE,AVX,SSE3+SSSE3+SSE4.1+SSE4.2+POPCNT,X86Base+SSE+SSE2,AES+PCLMUL VectorSize=256
// Job: .NET 10.0(IterationTime=100ms)

OverheadJitting  1: 1 op, 156676.00 ns, 156.6760 us/op
WorkloadJitting  1: 1 op, 3150395.00 ns, 3.1504 ms/op

OverheadJitting  2: 16 op, 204647.00 ns, 12.7904 us/op
WorkloadJitting  2: 16 op, 195580.00 ns, 12.2238 us/op

WorkloadPilot    1: 16 op, 1012.00 ns, 63.2500 ns/op
WorkloadPilot    2: 1581040 op, 56249009.00 ns, 35.5772 ns/op
WorkloadPilot    3: 2810800 op, 98330921.00 ns, 34.9833 ns/op
WorkloadPilot    4: 2858512 op, 23855531.00 ns, 8.3454 ns/op
WorkloadPilot    5: 11982608 op, 21184644.00 ns, 1.7679 ns/op
WorkloadPilot    6: 56562720 op, 99809611.00 ns, 1.7646 ns/op
WorkloadPilot    7: 56670624 op, 100329677.00 ns, 1.7704 ns/op
WorkloadPilot    8: 56484416 op, 100354424.00 ns, 1.7767 ns/op
WorkloadPilot    9: 56284944 op, 100372678.00 ns, 1.7833 ns/op

OverheadWarmup   1: 56284944 op, 154741286.00 ns, 2.7492 ns/op
OverheadWarmup   2: 56284944 op, 150705054.00 ns, 2.6775 ns/op
OverheadWarmup   3: 56284944 op, 85443749.00 ns, 1.5181 ns/op
OverheadWarmup   4: 56284944 op, 86082059.00 ns, 1.5294 ns/op
OverheadWarmup   5: 56284944 op, 99687440.00 ns, 1.7711 ns/op
OverheadWarmup   6: 56284944 op, 85766230.00 ns, 1.5238 ns/op
OverheadWarmup   7: 56284944 op, 85361794.00 ns, 1.5166 ns/op
OverheadWarmup   8: 56284944 op, 85398995.00 ns, 1.5173 ns/op
OverheadWarmup   9: 56284944 op, 85492492.00 ns, 1.5189 ns/op
OverheadWarmup  10: 56284944 op, 85927346.00 ns, 1.5266 ns/op

OverheadActual   1: 56284944 op, 85697440.00 ns, 1.5226 ns/op
OverheadActual   2: 56284944 op, 85506318.00 ns, 1.5192 ns/op
OverheadActual   3: 56284944 op, 85373207.00 ns, 1.5168 ns/op
OverheadActual   4: 56284944 op, 85688393.00 ns, 1.5224 ns/op
OverheadActual   5: 56284944 op, 85773924.00 ns, 1.5239 ns/op
OverheadActual   6: 56284944 op, 85671521.00 ns, 1.5221 ns/op
OverheadActual   7: 56284944 op, 85731936.00 ns, 1.5232 ns/op
OverheadActual   8: 56284944 op, 86250888.00 ns, 1.5324 ns/op
OverheadActual   9: 56284944 op, 85817697.00 ns, 1.5247 ns/op
OverheadActual  10: 56284944 op, 86095544.00 ns, 1.5296 ns/op
OverheadActual  11: 56284944 op, 85732166.00 ns, 1.5232 ns/op
OverheadActual  12: 56284944 op, 86219167.00 ns, 1.5318 ns/op
OverheadActual  13: 56284944 op, 87510092.00 ns, 1.5548 ns/op
OverheadActual  14: 56284944 op, 86095494.00 ns, 1.5296 ns/op
OverheadActual  15: 56284944 op, 86268952.00 ns, 1.5327 ns/op

WorkloadWarmup   1: 56284944 op, 99974393.00 ns, 1.7762 ns/op
WorkloadWarmup   2: 56284944 op, 101099394.00 ns, 1.7962 ns/op
WorkloadWarmup   3: 56284944 op, 100022915.00 ns, 1.7771 ns/op
WorkloadWarmup   4: 56284944 op, 100264022.00 ns, 1.7814 ns/op
WorkloadWarmup   5: 56284944 op, 99903339.00 ns, 1.7750 ns/op
WorkloadWarmup   6: 56284944 op, 100257220.00 ns, 1.7812 ns/op

// BeforeActualRun
WorkloadActual   1: 56284944 op, 99957883.00 ns, 1.7759 ns/op
WorkloadActual   2: 56284944 op, 99892539.00 ns, 1.7748 ns/op
WorkloadActual   3: 56284944 op, 99699413.00 ns, 1.7713 ns/op
WorkloadActual   4: 56284944 op, 100186876.00 ns, 1.7800 ns/op
WorkloadActual   5: 56284944 op, 99950799.00 ns, 1.7758 ns/op
WorkloadActual   6: 56284944 op, 101112148.00 ns, 1.7964 ns/op
WorkloadActual   7: 56284944 op, 100606320.00 ns, 1.7874 ns/op
WorkloadActual   8: 56284944 op, 101396858.00 ns, 1.8015 ns/op
WorkloadActual   9: 56284944 op, 101766166.00 ns, 1.8081 ns/op
WorkloadActual  10: 56284944 op, 101373112.00 ns, 1.8011 ns/op
WorkloadActual  11: 56284944 op, 101426102.00 ns, 1.8020 ns/op
WorkloadActual  12: 56284944 op, 102877490.00 ns, 1.8278 ns/op
WorkloadActual  13: 56284944 op, 101093422.00 ns, 1.7961 ns/op
WorkloadActual  14: 56284944 op, 101579463.00 ns, 1.8047 ns/op
WorkloadActual  15: 56284944 op, 101844124.00 ns, 1.8094 ns/op

// AfterActualRun
WorkloadResult   1: 56284944 op, 14183959.00 ns, 0.2520 ns/op
WorkloadResult   2: 56284944 op, 14118615.00 ns, 0.2508 ns/op
WorkloadResult   3: 56284944 op, 13925489.00 ns, 0.2474 ns/op
WorkloadResult   4: 56284944 op, 14412952.00 ns, 0.2561 ns/op
WorkloadResult   5: 56284944 op, 14176875.00 ns, 0.2519 ns/op
WorkloadResult   6: 56284944 op, 15338224.00 ns, 0.2725 ns/op
WorkloadResult   7: 56284944 op, 14832396.00 ns, 0.2635 ns/op
WorkloadResult   8: 56284944 op, 15622934.00 ns, 0.2776 ns/op
WorkloadResult   9: 56284944 op, 15992242.00 ns, 0.2841 ns/op
WorkloadResult  10: 56284944 op, 15599188.00 ns, 0.2771 ns/op
WorkloadResult  11: 56284944 op, 15652178.00 ns, 0.2781 ns/op
WorkloadResult  12: 56284944 op, 17103566.00 ns, 0.3039 ns/op
WorkloadResult  13: 56284944 op, 15319498.00 ns, 0.2722 ns/op
WorkloadResult  14: 56284944 op, 15805539.00 ns, 0.2808 ns/op
WorkloadResult  15: 56284944 op, 16070200.00 ns, 0.2855 ns/op
// GC:  0 0 0 0 56284944
// Threading:  0 0 56284944

// AfterAll
// Benchmark Process 14494 has exited with code 0.

Mean = 0.270 ns, StdErr = 0.004 ns (1.54%), N = 15, StdDev = 0.016 ns
Min = 0.247 ns, Q1 = 0.254 ns, Median = 0.273 ns, Q3 = 0.279 ns, Max = 0.304 ns
IQR = 0.025 ns, LowerFence = 0.216 ns, UpperFence = 0.318 ns
ConfidenceInterval = [0.253 ns; 0.288 ns] (CI 99.9%), Margin = 0.017 ns (6.39% of Mean)
Skewness = 0.19, Kurtosis = 2.03, MValue = 3.75

// ** Remained 23 (25.3%) benchmark(s) to run. Estimated finish 2026-03-01 10:01 (0h 2m from now) **
// **************************
// Benchmark: Scenario1.S1_ReturnOptionStringSuccess_Rascal: .NET 10.0(Runtime=.NET 10.0, IterationTime=100ms) [Iterations=2]
// *** Execute ***
// Launch: 1 / 1
// Execute: dotnet "Enumerations.Options.Benchmarks-.NET 10.0-1.dll" --anonymousPipes 116 118 --benchmarkName "ReillyDigital.Enumerations.Options.Benchmarks.Scenarios.Scenario1.S1_ReturnOptionStringSuccess_Rascal(Iterations: 2)" --job ".NET 10.0" --benchmarkId 68 in /media/andrew/Slowverflow/x/devs/reilly-digital/dotnet/enumerations.options/src/Enumerations.Options.Benchmarks/bin/Debug/net10.0/Enumerations.Options.Benchmarks-.NET 10.0-1/bin/Release/net10.0
// Failed to set up high priority (Permission denied). In order to run benchmarks with high priority, make sure you have the right permissions.
// BeforeAnythingElse

// Benchmark Process Environment Information:
// BenchmarkDotNet v0.15.8
// Runtime=.NET 10.0.3 (10.0.3, 10.0.326.7603), X64 RyuJIT x86-64-v3
// GC=Concurrent Workstation
// HardwareIntrinsics=AVX2+BMI1+BMI2+F16C+FMA+LZCNT+MOVBE,AVX,SSE3+SSSE3+SSE4.1+SSE4.2+POPCNT,X86Base+SSE+SSE2,AES+PCLMUL VectorSize=256
// Job: .NET 10.0(IterationTime=100ms)

OverheadJitting  1: 1 op, 153320.00 ns, 153.3200 us/op
WorkloadJitting  1: 1 op, 2465108.00 ns, 2.4651 ms/op

OverheadJitting  2: 16 op, 193927.00 ns, 12.1204 us/op
WorkloadJitting  2: 16 op, 203025.00 ns, 12.6891 us/op

WorkloadPilot    1: 16 op, 1002.00 ns, 62.6250 ns/op
WorkloadPilot    2: 1596816 op, 55265536.00 ns, 34.6098 ns/op
WorkloadPilot    3: 2889360 op, 100655443.00 ns, 34.8366 ns/op
WorkloadPilot    4: 2870560 op, 43957224.00 ns, 15.3131 ns/op
WorkloadPilot    5: 6530352 op, 15801961.00 ns, 2.4198 ns/op
WorkloadPilot    6: 41326224 op, 79496398.00 ns, 1.9236 ns/op
WorkloadPilot    7: 51985040 op, 91900706.00 ns, 1.7678 ns/op
WorkloadPilot    8: 56566544 op, 99511327.00 ns, 1.7592 ns/op
WorkloadPilot    9: 56844336 op, 100039597.00 ns, 1.7599 ns/op
WorkloadPilot   10: 56821840 op, 99585978.00 ns, 1.7526 ns/op
WorkloadPilot   11: 57058080 op, 100049045.00 ns, 1.7535 ns/op

OverheadWarmup   1: 57058080 op, 140829023.00 ns, 2.4682 ns/op
OverheadWarmup   2: 57058080 op, 110653465.00 ns, 1.9393 ns/op
OverheadWarmup   3: 57058080 op, 85596228.00 ns, 1.5002 ns/op
OverheadWarmup   4: 57058080 op, 85609363.00 ns, 1.5004 ns/op
OverheadWarmup   5: 57058080 op, 85571822.00 ns, 1.4997 ns/op
OverheadWarmup   6: 57058080 op, 85853646.00 ns, 1.5047 ns/op
OverheadWarmup   7: 57058080 op, 85606418.00 ns, 1.5003 ns/op

OverheadActual   1: 57058080 op, 85588444.00 ns, 1.5000 ns/op
OverheadActual   2: 57058080 op, 85527619.00 ns, 1.4990 ns/op
OverheadActual   3: 57058080 op, 85569898.00 ns, 1.4997 ns/op
OverheadActual   4: 57058080 op, 88899443.00 ns, 1.5581 ns/op
OverheadActual   5: 57058080 op, 86028246.00 ns, 1.5077 ns/op
OverheadActual   6: 57058080 op, 85772653.00 ns, 1.5033 ns/op
OverheadActual   7: 57058080 op, 85721595.00 ns, 1.5024 ns/op
OverheadActual   8: 57058080 op, 85753746.00 ns, 1.5029 ns/op
OverheadActual   9: 57058080 op, 85631765.00 ns, 1.5008 ns/op
OverheadActual  10: 57058080 op, 85803030.00 ns, 1.5038 ns/op
OverheadActual  11: 57058080 op, 85784555.00 ns, 1.5035 ns/op
OverheadActual  12: 57058080 op, 85597380.00 ns, 1.5002 ns/op
OverheadActual  13: 57058080 op, 85608301.00 ns, 1.5004 ns/op
OverheadActual  14: 57058080 op, 86065267.00 ns, 1.5084 ns/op
OverheadActual  15: 57058080 op, 85673926.00 ns, 1.5015 ns/op

WorkloadWarmup   1: 57058080 op, 99976027.00 ns, 1.7522 ns/op
WorkloadWarmup   2: 57058080 op, 100022545.00 ns, 1.7530 ns/op
WorkloadWarmup   3: 57058080 op, 100517382.00 ns, 1.7617 ns/op
WorkloadWarmup   4: 57058080 op, 100882473.00 ns, 1.7681 ns/op
WorkloadWarmup   5: 57058080 op, 100149205.00 ns, 1.7552 ns/op
WorkloadWarmup   6: 57058080 op, 100275664.00 ns, 1.7574 ns/op
WorkloadWarmup   7: 57058080 op, 100070906.00 ns, 1.7538 ns/op

// BeforeActualRun
WorkloadActual   1: 57058080 op, 100185323.00 ns, 1.7558 ns/op
WorkloadActual   2: 57058080 op, 100103778.00 ns, 1.7544 ns/op
WorkloadActual   3: 57058080 op, 100109399.00 ns, 1.7545 ns/op
WorkloadActual   4: 57058080 op, 100180434.00 ns, 1.7558 ns/op
WorkloadActual   5: 57058080 op, 101616282.00 ns, 1.7809 ns/op
WorkloadActual   6: 57058080 op, 100716568.00 ns, 1.7652 ns/op
WorkloadActual   7: 57058080 op, 102526577.00 ns, 1.7969 ns/op
WorkloadActual   8: 57058080 op, 101398230.00 ns, 1.7771 ns/op
WorkloadActual   9: 57058080 op, 101138708.00 ns, 1.7726 ns/op
WorkloadActual  10: 57058080 op, 101203140.00 ns, 1.7737 ns/op
WorkloadActual  11: 57058080 op, 101059769.00 ns, 1.7712 ns/op
WorkloadActual  12: 57058080 op, 101081500.00 ns, 1.7716 ns/op
WorkloadActual  13: 57058080 op, 101129311.00 ns, 1.7724 ns/op
WorkloadActual  14: 57058080 op, 101102830.00 ns, 1.7719 ns/op
WorkloadActual  15: 57058080 op, 101369917.00 ns, 1.7766 ns/op

// AfterActualRun
WorkloadResult   1: 57058080 op, 14463728.00 ns, 0.2535 ns/op
WorkloadResult   2: 57058080 op, 14382183.00 ns, 0.2521 ns/op
WorkloadResult   3: 57058080 op, 14387804.00 ns, 0.2522 ns/op
WorkloadResult   4: 57058080 op, 14458839.00 ns, 0.2534 ns/op
WorkloadResult   5: 57058080 op, 15894687.00 ns, 0.2786 ns/op
WorkloadResult   6: 57058080 op, 14994973.00 ns, 0.2628 ns/op
WorkloadResult   7: 57058080 op, 16804982.00 ns, 0.2945 ns/op
WorkloadResult   8: 57058080 op, 15676635.00 ns, 0.2747 ns/op
WorkloadResult   9: 57058080 op, 15417113.00 ns, 0.2702 ns/op
WorkloadResult  10: 57058080 op, 15481545.00 ns, 0.2713 ns/op
WorkloadResult  11: 57058080 op, 15338174.00 ns, 0.2688 ns/op
WorkloadResult  12: 57058080 op, 15359905.00 ns, 0.2692 ns/op
WorkloadResult  13: 57058080 op, 15407716.00 ns, 0.2700 ns/op
WorkloadResult  14: 57058080 op, 15381235.00 ns, 0.2696 ns/op
WorkloadResult  15: 57058080 op, 15648322.00 ns, 0.2743 ns/op
// GC:  0 0 0 0 57058080
// Threading:  0 0 57058080

// AfterAll
// Benchmark Process 14571 has exited with code 0.

Mean = 0.268 ns, StdErr = 0.003 ns (1.12%), N = 15, StdDev = 0.012 ns
Min = 0.252 ns, Q1 = 0.258 ns, Median = 0.270 ns, Q3 = 0.273 ns, Max = 0.295 ns
IQR = 0.015 ns, LowerFence = 0.236 ns, UpperFence = 0.295 ns
ConfidenceInterval = [0.255 ns; 0.280 ns] (CI 99.9%), Margin = 0.012 ns (4.63% of Mean)
Skewness = 0.34, Kurtosis = 2.73, MValue = 2.22

// ** Remained 22 (24.2%) benchmark(s) to run. Estimated finish 2026-03-01 10:01 (0h 1m from now) **
// **************************
// Benchmark: Scenario1.S1_ReturnOptionStringSuccess_SimpleResults: .NET 10.0(Runtime=.NET 10.0, IterationTime=100ms) [Iterations=2]
// *** Execute ***
// Launch: 1 / 1
// Execute: dotnet "Enumerations.Options.Benchmarks-.NET 10.0-1.dll" --anonymousPipes 116 118 --benchmarkName "ReillyDigital.Enumerations.Options.Benchmarks.Scenarios.Scenario1.S1_ReturnOptionStringSuccess_SimpleResults(Iterations: 2)" --job ".NET 10.0" --benchmarkId 69 in /media/andrew/Slowverflow/x/devs/reilly-digital/dotnet/enumerations.options/src/Enumerations.Options.Benchmarks/bin/Debug/net10.0/Enumerations.Options.Benchmarks-.NET 10.0-1/bin/Release/net10.0
// Failed to set up high priority (Permission denied). In order to run benchmarks with high priority, make sure you have the right permissions.
// BeforeAnythingElse

// Benchmark Process Environment Information:
// BenchmarkDotNet v0.15.8
// Runtime=.NET 10.0.3 (10.0.3, 10.0.326.7603), X64 RyuJIT x86-64-v3
// GC=Concurrent Workstation
// HardwareIntrinsics=AVX2+BMI1+BMI2+F16C+FMA+LZCNT+MOVBE,AVX,SSE3+SSSE3+SSE4.1+SSE4.2+POPCNT,X86Base+SSE+SSE2,AES+PCLMUL VectorSize=256
// Job: .NET 10.0(IterationTime=100ms)

OverheadJitting  1: 1 op, 166205.00 ns, 166.2050 us/op
WorkloadJitting  1: 1 op, 9448932.00 ns, 9.4489 ms/op

WorkloadPilot    1: 4 op, 6001.00 ns, 1.5003 us/op
WorkloadPilot    2: 66656 op, 50709409.00 ns, 760.7629 ns/op
WorkloadPilot    3: 131447 op, 92096987.00 ns, 700.6397 ns/op
WorkloadPilot    4: 142727 op, 73586959.00 ns, 515.5784 ns/op
WorkloadPilot    5: 193957 op, 35433244.00 ns, 182.6861 ns/op
WorkloadPilot    6: 547387 op, 97508735.00 ns, 178.1349 ns/op
WorkloadPilot    7: 561372 op, 97439284.00 ns, 173.5735 ns/op
WorkloadPilot    8: 576125 op, 100141850.00 ns, 173.8197 ns/op
WorkloadPilot    9: 575309 op, 99482191.00 ns, 172.9196 ns/op
WorkloadPilot   10: 578304 op, 100086696.00 ns, 173.0693 ns/op
WorkloadPilot   11: 577803 op, 100156970.00 ns, 173.3410 ns/op

WorkloadWarmup   1: 577803 op, 100580712.00 ns, 174.0744 ns/op
WorkloadWarmup   2: 577803 op, 101456701.00 ns, 175.5905 ns/op
WorkloadWarmup   3: 577803 op, 101427164.00 ns, 175.5394 ns/op
WorkloadWarmup   4: 577803 op, 101783069.00 ns, 176.1553 ns/op
WorkloadWarmup   5: 577803 op, 100866442.00 ns, 174.5689 ns/op
WorkloadWarmup   6: 577803 op, 102245494.00 ns, 176.9556 ns/op

// BeforeActualRun
WorkloadActual   1: 577803 op, 99730432.00 ns, 172.6028 ns/op
WorkloadActual   2: 577803 op, 101843854.00 ns, 176.2605 ns/op
WorkloadActual   3: 577803 op, 99734029.00 ns, 172.6091 ns/op
WorkloadActual   4: 577803 op, 103174443.00 ns, 178.5634 ns/op
WorkloadActual   5: 577803 op, 98151492.00 ns, 169.8702 ns/op
WorkloadActual   6: 577803 op, 104533356.00 ns, 180.9152 ns/op
WorkloadActual   7: 577803 op, 99869586.00 ns, 172.8437 ns/op
WorkloadActual   8: 577803 op, 100348341.00 ns, 173.6722 ns/op
WorkloadActual   9: 577803 op, 98655026.00 ns, 170.7416 ns/op
WorkloadActual  10: 577803 op, 99611987.00 ns, 172.3978 ns/op
WorkloadActual  11: 577803 op, 99541403.00 ns, 172.2757 ns/op
WorkloadActual  12: 577803 op, 101663993.00 ns, 175.9492 ns/op
WorkloadActual  13: 577803 op, 98030212.00 ns, 169.6603 ns/op
WorkloadActual  14: 577803 op, 100151058.00 ns, 173.3308 ns/op
WorkloadActual  15: 577803 op, 98229800.00 ns, 170.0057 ns/op

// AfterActualRun
WorkloadResult   1: 577803 op, 99730432.00 ns, 172.6028 ns/op
WorkloadResult   2: 577803 op, 101843854.00 ns, 176.2605 ns/op
WorkloadResult   3: 577803 op, 99734029.00 ns, 172.6091 ns/op
WorkloadResult   4: 577803 op, 103174443.00 ns, 178.5634 ns/op
WorkloadResult   5: 577803 op, 98151492.00 ns, 169.8702 ns/op
WorkloadResult   6: 577803 op, 99869586.00 ns, 172.8437 ns/op
WorkloadResult   7: 577803 op, 100348341.00 ns, 173.6722 ns/op
WorkloadResult   8: 577803 op, 98655026.00 ns, 170.7416 ns/op
WorkloadResult   9: 577803 op, 99611987.00 ns, 172.3978 ns/op
WorkloadResult  10: 577803 op, 99541403.00 ns, 172.2757 ns/op
WorkloadResult  11: 577803 op, 101663993.00 ns, 175.9492 ns/op
WorkloadResult  12: 577803 op, 98030212.00 ns, 169.6603 ns/op
WorkloadResult  13: 577803 op, 100151058.00 ns, 173.3308 ns/op
WorkloadResult  14: 577803 op, 98229800.00 ns, 170.0057 ns/op
// GC:  12 0 0 101693328 577803
// Threading:  0 0 577803

// AfterAll
// Benchmark Process 14606 has exited with code 0.

Mean = 172.913 ns, StdErr = 0.691 ns (0.40%), N = 14, StdDev = 2.587 ns
Min = 169.660 ns, Q1 = 171.125 ns, Median = 172.606 ns, Q3 = 173.587 ns, Max = 178.563 ns
IQR = 2.462 ns, LowerFence = 167.433 ns, UpperFence = 177.279 ns
ConfidenceInterval = [169.995 ns; 175.831 ns] (CI 99.9%), Margin = 2.918 ns (1.69% of Mean)
Skewness = 0.61, Kurtosis = 2.43, MValue = 2

// ** Remained 21 (23.1%) benchmark(s) to run. Estimated finish 2026-03-01 10:01 (0h 1m from now) **
// **************************
// Benchmark: Scenario1.S1_ReturnVoidErrorNoMessage_ArdalisResult: .NET 10.0(Runtime=.NET 10.0, IterationTime=100ms) [Iterations=2]
// *** Execute ***
// Launch: 1 / 1
// Execute: dotnet "Enumerations.Options.Benchmarks-.NET 10.0-1.dll" --anonymousPipes 116 118 --benchmarkName "ReillyDigital.Enumerations.Options.Benchmarks.Scenarios.Scenario1.S1_ReturnVoidErrorNoMessage_ArdalisResult(Iterations: 2)" --job ".NET 10.0" --benchmarkId 70 in /media/andrew/Slowverflow/x/devs/reilly-digital/dotnet/enumerations.options/src/Enumerations.Options.Benchmarks/bin/Debug/net10.0/Enumerations.Options.Benchmarks-.NET 10.0-1/bin/Release/net10.0
// Failed to set up high priority (Permission denied). In order to run benchmarks with high priority, make sure you have the right permissions.
// BeforeAnythingElse

// Benchmark Process Environment Information:
// BenchmarkDotNet v0.15.8
// Runtime=.NET 10.0.3 (10.0.3, 10.0.326.7603), X64 RyuJIT x86-64-v3
// GC=Concurrent Workstation
// HardwareIntrinsics=AVX2+BMI1+BMI2+F16C+FMA+LZCNT+MOVBE,AVX,SSE3+SSSE3+SSE4.1+SSE4.2+POPCNT,X86Base+SSE+SSE2,AES+PCLMUL VectorSize=256
// Job: .NET 10.0(IterationTime=100ms)

OverheadJitting  1: 1 op, 156086.00 ns, 156.0860 us/op
WorkloadJitting  1: 1 op, 3070925.00 ns, 3.0709 ms/op

OverheadJitting  2: 16 op, 197945.00 ns, 12.3716 us/op
WorkloadJitting  2: 16 op, 209828.00 ns, 13.1143 us/op

WorkloadPilot    1: 16 op, 2845.00 ns, 177.8125 ns/op
WorkloadPilot    2: 562400 op, 56234401.00 ns, 99.9900 ns/op
WorkloadPilot    3: 1000112 op, 95440890.00 ns, 95.4302 ns/op
WorkloadPilot    4: 1047888 op, 39061644.00 ns, 37.2765 ns/op
WorkloadPilot    5: 2682656 op, 51793672.00 ns, 19.3069 ns/op
WorkloadPilot    6: 5179520 op, 99162085.00 ns, 19.1450 ns/op
WorkloadPilot    7: 5223296 op, 99825842.00 ns, 19.1117 ns/op
WorkloadPilot    8: 5232416 op, 101635379.00 ns, 19.4242 ns/op
WorkloadPilot    9: 5148224 op, 98255188.00 ns, 19.0853 ns/op
WorkloadPilot   10: 5239648 op, 100641306.00 ns, 19.2076 ns/op
WorkloadPilot   11: 5206272 op, 100040459.00 ns, 19.2154 ns/op

OverheadWarmup   1: 5206272 op, 13014663.00 ns, 2.4998 ns/op
OverheadWarmup   2: 5206272 op, 13687467.00 ns, 2.6290 ns/op
OverheadWarmup   3: 5206272 op, 12972914.00 ns, 2.4918 ns/op
OverheadWarmup   4: 5206272 op, 12993354.00 ns, 2.4957 ns/op
OverheadWarmup   5: 5206272 op, 13240611.00 ns, 2.5432 ns/op
OverheadWarmup   6: 5206272 op, 13226785.00 ns, 2.5405 ns/op

OverheadActual   1: 5206272 op, 13141394.00 ns, 2.5241 ns/op
OverheadActual   2: 5206272 op, 13217488.00 ns, 2.5388 ns/op
OverheadActual   3: 5206272 op, 13089746.00 ns, 2.5142 ns/op
OverheadActual   4: 5206272 op, 13004234.00 ns, 2.4978 ns/op
OverheadActual   5: 5206272 op, 13023029.00 ns, 2.5014 ns/op
OverheadActual   6: 5206272 op, 13060080.00 ns, 2.5085 ns/op
OverheadActual   7: 5206272 op, 12984266.00 ns, 2.4940 ns/op
OverheadActual   8: 5206272 op, 13268393.00 ns, 2.5485 ns/op
OverheadActual   9: 5206272 op, 13019112.00 ns, 2.5007 ns/op
OverheadActual  10: 5206272 op, 13181439.00 ns, 2.5318 ns/op
OverheadActual  11: 5206272 op, 13206226.00 ns, 2.5366 ns/op
OverheadActual  12: 5206272 op, 13019603.00 ns, 2.5008 ns/op
OverheadActual  13: 5206272 op, 13017188.00 ns, 2.5003 ns/op
OverheadActual  14: 5206272 op, 13201879.00 ns, 2.5358 ns/op
OverheadActual  15: 5206272 op, 13017188.00 ns, 2.5003 ns/op

WorkloadWarmup   1: 5206272 op, 104061342.00 ns, 19.9877 ns/op
WorkloadWarmup   2: 5206272 op, 107746020.00 ns, 20.6954 ns/op
WorkloadWarmup   3: 5206272 op, 102544390.00 ns, 19.6963 ns/op
WorkloadWarmup   4: 5206272 op, 100758057.00 ns, 19.3532 ns/op
WorkloadWarmup   5: 5206272 op, 100876422.00 ns, 19.3759 ns/op
WorkloadWarmup   6: 5206272 op, 98281999.00 ns, 18.8776 ns/op

// BeforeActualRun
WorkloadActual   1: 5206272 op, 101550839.00 ns, 19.5055 ns/op
WorkloadActual   2: 5206272 op, 104775735.00 ns, 20.1249 ns/op
WorkloadActual   3: 5206272 op, 106631810.00 ns, 20.4814 ns/op
WorkloadActual   4: 5206272 op, 108847174.00 ns, 20.9069 ns/op
WorkloadActual   5: 5206272 op, 106702042.00 ns, 20.4949 ns/op
WorkloadActual   6: 5206272 op, 108571112.00 ns, 20.8539 ns/op
WorkloadActual   7: 5206272 op, 106546668.00 ns, 20.4651 ns/op
WorkloadActual   8: 5206272 op, 108644641.00 ns, 20.8680 ns/op
WorkloadActual   9: 5206272 op, 106584971.00 ns, 20.4724 ns/op
WorkloadActual  10: 5206272 op, 108256145.00 ns, 20.7934 ns/op
WorkloadActual  11: 5206272 op, 110409492.00 ns, 21.2070 ns/op
WorkloadActual  12: 5206272 op, 108761042.00 ns, 20.8904 ns/op
WorkloadActual  13: 5206272 op, 105951021.00 ns, 20.3507 ns/op
WorkloadActual  14: 5206272 op, 104226485.00 ns, 20.0194 ns/op
WorkloadActual  15: 5206272 op, 104363765.00 ns, 20.0458 ns/op
WorkloadActual  16: 5206272 op, 105431367.00 ns, 20.2508 ns/op
WorkloadActual  17: 5206272 op, 107445531.00 ns, 20.6377 ns/op
WorkloadActual  18: 5206272 op, 98486677.00 ns, 18.9169 ns/op
WorkloadActual  19: 5206272 op, 101902455.00 ns, 19.5730 ns/op
WorkloadActual  20: 5206272 op, 98998566.00 ns, 19.0153 ns/op
WorkloadActual  21: 5206272 op, 100000042.00 ns, 19.2076 ns/op
WorkloadActual  22: 5206272 op, 99645882.00 ns, 19.1396 ns/op
WorkloadActual  23: 5206272 op, 99422128.00 ns, 19.0966 ns/op
WorkloadActual  24: 5206272 op, 101850065.00 ns, 19.5630 ns/op
WorkloadActual  25: 5206272 op, 99536515.00 ns, 19.1186 ns/op
WorkloadActual  26: 5206272 op, 99622557.00 ns, 19.1351 ns/op
WorkloadActual  27: 5206272 op, 98780102.00 ns, 18.9733 ns/op
WorkloadActual  28: 5206272 op, 99366393.00 ns, 19.0859 ns/op
WorkloadActual  29: 5206272 op, 99329814.00 ns, 19.0789 ns/op
WorkloadActual  30: 5206272 op, 98780042.00 ns, 18.9733 ns/op
WorkloadActual  31: 5206272 op, 99536925.00 ns, 19.1187 ns/op
WorkloadActual  32: 5206272 op, 98686896.00 ns, 18.9554 ns/op
WorkloadActual  33: 5206272 op, 99350803.00 ns, 19.0829 ns/op
WorkloadActual  34: 5206272 op, 98659724.00 ns, 18.9502 ns/op
WorkloadActual  35: 5206272 op, 99093767.00 ns, 19.0335 ns/op
WorkloadActual  36: 5206272 op, 99456764.00 ns, 19.1033 ns/op
WorkloadActual  37: 5206272 op, 100704787.00 ns, 19.3430 ns/op
WorkloadActual  38: 5206272 op, 98880383.00 ns, 18.9926 ns/op
WorkloadActual  39: 5206272 op, 99348389.00 ns, 19.0824 ns/op
WorkloadActual  40: 5206272 op, 99318302.00 ns, 19.0767 ns/op
WorkloadActual  41: 5206272 op, 99273968.00 ns, 19.0681 ns/op
WorkloadActual  42: 5206272 op, 98790492.00 ns, 18.9753 ns/op
WorkloadActual  43: 5206272 op, 100030620.00 ns, 19.2135 ns/op
WorkloadActual  44: 5206272 op, 98907454.00 ns, 18.9978 ns/op
WorkloadActual  45: 5206272 op, 99449299.00 ns, 19.1018 ns/op

// AfterActualRun
WorkloadResult   1: 5206272 op, 88490759.00 ns, 16.9970 ns/op
WorkloadResult   2: 5206272 op, 91715655.00 ns, 17.6164 ns/op
WorkloadResult   3: 5206272 op, 93571730.00 ns, 17.9729 ns/op
WorkloadResult   4: 5206272 op, 95787094.00 ns, 18.3984 ns/op
WorkloadResult   5: 5206272 op, 93641962.00 ns, 17.9864 ns/op
WorkloadResult   6: 5206272 op, 95511032.00 ns, 18.3454 ns/op
WorkloadResult   7: 5206272 op, 93486588.00 ns, 17.9565 ns/op
WorkloadResult   8: 5206272 op, 95584561.00 ns, 18.3595 ns/op
WorkloadResult   9: 5206272 op, 93524891.00 ns, 17.9639 ns/op
WorkloadResult  10: 5206272 op, 95196065.00 ns, 18.2849 ns/op
WorkloadResult  11: 5206272 op, 97349412.00 ns, 18.6985 ns/op
WorkloadResult  12: 5206272 op, 95700962.00 ns, 18.3819 ns/op
WorkloadResult  13: 5206272 op, 92890941.00 ns, 17.8421 ns/op
WorkloadResult  14: 5206272 op, 91166405.00 ns, 17.5109 ns/op
WorkloadResult  15: 5206272 op, 91303685.00 ns, 17.5372 ns/op
WorkloadResult  16: 5206272 op, 92371287.00 ns, 17.7423 ns/op
WorkloadResult  17: 5206272 op, 94385451.00 ns, 18.1292 ns/op
WorkloadResult  18: 5206272 op, 85426597.00 ns, 16.4084 ns/op
WorkloadResult  19: 5206272 op, 88842375.00 ns, 17.0645 ns/op
WorkloadResult  20: 5206272 op, 85938486.00 ns, 16.5067 ns/op
WorkloadResult  21: 5206272 op, 86939962.00 ns, 16.6991 ns/op
WorkloadResult  22: 5206272 op, 86585802.00 ns, 16.6311 ns/op
WorkloadResult  23: 5206272 op, 86362048.00 ns, 16.5881 ns/op
WorkloadResult  24: 5206272 op, 88789985.00 ns, 17.0544 ns/op
WorkloadResult  25: 5206272 op, 86476435.00 ns, 16.6100 ns/op
WorkloadResult  26: 5206272 op, 86562477.00 ns, 16.6266 ns/op
WorkloadResult  27: 5206272 op, 85720022.00 ns, 16.4648 ns/op
WorkloadResult  28: 5206272 op, 86306313.00 ns, 16.5774 ns/op
WorkloadResult  29: 5206272 op, 86269734.00 ns, 16.5703 ns/op
WorkloadResult  30: 5206272 op, 85719962.00 ns, 16.4647 ns/op
WorkloadResult  31: 5206272 op, 86476845.00 ns, 16.6101 ns/op
WorkloadResult  32: 5206272 op, 85626816.00 ns, 16.4469 ns/op
WorkloadResult  33: 5206272 op, 86290723.00 ns, 16.5744 ns/op
WorkloadResult  34: 5206272 op, 85599644.00 ns, 16.4416 ns/op
WorkloadResult  35: 5206272 op, 86033687.00 ns, 16.5250 ns/op
WorkloadResult  36: 5206272 op, 86396684.00 ns, 16.5947 ns/op
WorkloadResult  37: 5206272 op, 87644707.00 ns, 16.8344 ns/op
WorkloadResult  38: 5206272 op, 85820303.00 ns, 16.4840 ns/op
WorkloadResult  39: 5206272 op, 86288309.00 ns, 16.5739 ns/op
WorkloadResult  40: 5206272 op, 86258222.00 ns, 16.5681 ns/op
WorkloadResult  41: 5206272 op, 86213888.00 ns, 16.5596 ns/op
WorkloadResult  42: 5206272 op, 85730412.00 ns, 16.4668 ns/op
WorkloadResult  43: 5206272 op, 86970540.00 ns, 16.7050 ns/op
WorkloadResult  44: 5206272 op, 85847374.00 ns, 16.4892 ns/op
WorkloadResult  45: 5206272 op, 86389219.00 ns, 16.5933 ns/op
// GC:  89 0 0 749703168 5206272
// Threading:  0 0 5206272

// AfterAll
// Benchmark Process 14615 has exited with code 0.

Mean = 17.121 ns, StdErr = 0.110 ns (0.64%), N = 45, StdDev = 0.736 ns
Min = 16.408 ns, Q1 = 16.568 ns, Median = 16.631 ns, Q3 = 17.842 ns, Max = 18.698 ns
IQR = 1.274 ns, LowerFence = 14.657 ns, UpperFence = 19.753 ns
ConfidenceInterval = [16.734 ns; 17.508 ns] (CI 99.9%), Margin = 0.387 ns (2.26% of Mean)
Skewness = 0.71, Kurtosis = 1.84, MValue = 2.54

// ** Remained 20 (22.0%) benchmark(s) to run. Estimated finish 2026-03-01 10:01 (0h 1m from now) **
// **************************
// Benchmark: Scenario1.S1_ReturnVoidErrorNoMessage_EnumerationsOptionsBoxed: .NET 10.0(Runtime=.NET 10.0, IterationTime=100ms) [Iterations=2]
// *** Execute ***
// Launch: 1 / 1
// Execute: dotnet "Enumerations.Options.Benchmarks-.NET 10.0-1.dll" --anonymousPipes 116 118 --benchmarkName "ReillyDigital.Enumerations.Options.Benchmarks.Scenarios.Scenario1.S1_ReturnVoidErrorNoMessage_EnumerationsOptionsBoxed(Iterations: 2)" --job ".NET 10.0" --benchmarkId 71 in /media/andrew/Slowverflow/x/devs/reilly-digital/dotnet/enumerations.options/src/Enumerations.Options.Benchmarks/bin/Debug/net10.0/Enumerations.Options.Benchmarks-.NET 10.0-1/bin/Release/net10.0
// Failed to set up high priority (Permission denied). In order to run benchmarks with high priority, make sure you have the right permissions.
// BeforeAnythingElse

// Benchmark Process Environment Information:
// BenchmarkDotNet v0.15.8
// Runtime=.NET 10.0.3 (10.0.3, 10.0.326.7603), X64 RyuJIT x86-64-v3
// GC=Concurrent Workstation
// HardwareIntrinsics=AVX2+BMI1+BMI2+F16C+FMA+LZCNT+MOVBE,AVX,SSE3+SSSE3+SSE4.1+SSE4.2+POPCNT,X86Base+SSE+SSE2,AES+PCLMUL VectorSize=256
// Job: .NET 10.0(IterationTime=100ms)

OverheadJitting  1: 1 op, 157838.00 ns, 157.8380 us/op
WorkloadJitting  1: 1 op, 3147691.00 ns, 3.1477 ms/op

OverheadJitting  2: 16 op, 216790.00 ns, 13.5494 us/op
WorkloadJitting  2: 16 op, 196512.00 ns, 12.2820 us/op

WorkloadPilot    1: 16 op, 1002.00 ns, 62.6250 ns/op
WorkloadPilot    2: 1596816 op, 50437354.00 ns, 31.5862 ns/op
WorkloadPilot    3: 3165952 op, 99201460.00 ns, 31.3338 ns/op
WorkloadPilot    4: 3191440 op, 30105927.00 ns, 9.4333 ns/op
WorkloadPilot    5: 10600704 op, 19047047.00 ns, 1.7968 ns/op
WorkloadPilot    6: 55655376 op, 98840366.00 ns, 1.7759 ns/op
WorkloadPilot    7: 56308352 op, 99736743.00 ns, 1.7713 ns/op
WorkloadPilot    8: 56456992 op, 100024188.00 ns, 1.7717 ns/op
WorkloadPilot    9: 56443344 op, 99993570.00 ns, 1.7716 ns/op
WorkloadPilot   10: 56446976 op, 100015642.00 ns, 1.7719 ns/op
WorkloadPilot   11: 56438160 op, 99983621.00 ns, 1.7716 ns/op
WorkloadPilot   12: 56447408 op, 100066889.00 ns, 1.7727 ns/op

OverheadWarmup   1: 56447408 op, 140989787.00 ns, 2.4977 ns/op
OverheadWarmup   2: 56447408 op, 110657232.00 ns, 1.9604 ns/op
OverheadWarmup   3: 56447408 op, 85687090.00 ns, 1.5180 ns/op
OverheadWarmup   4: 56447408 op, 85653476.00 ns, 1.5174 ns/op
OverheadWarmup   5: 56447408 op, 85645582.00 ns, 1.5173 ns/op
OverheadWarmup   6: 56447408 op, 85824942.00 ns, 1.5204 ns/op
OverheadWarmup   7: 56447408 op, 85974404.00 ns, 1.5231 ns/op
OverheadWarmup   8: 56447408 op, 85757484.00 ns, 1.5192 ns/op
OverheadWarmup   9: 56447408 op, 86097417.00 ns, 1.5253 ns/op
OverheadWarmup  10: 56447408 op, 85847013.00 ns, 1.5208 ns/op

OverheadActual   1: 56447408 op, 85718780.00 ns, 1.5186 ns/op
OverheadActual   2: 56447408 op, 85631305.00 ns, 1.5170 ns/op
OverheadActual   3: 56447408 op, 86464222.00 ns, 1.5318 ns/op
OverheadActual   4: 56447408 op, 85682251.00 ns, 1.5179 ns/op
OverheadActual   5: 56447408 op, 85754719.00 ns, 1.5192 ns/op
OverheadActual   6: 56447408 op, 85947273.00 ns, 1.5226 ns/op
OverheadActual   7: 56447408 op, 85685818.00 ns, 1.5180 ns/op
OverheadActual   8: 56447408 op, 85675168.00 ns, 1.5178 ns/op
OverheadActual   9: 56447408 op, 85527538.00 ns, 1.5152 ns/op
OverheadActual  10: 56447408 op, 84795152.00 ns, 1.5022 ns/op
OverheadActual  11: 56447408 op, 84786194.00 ns, 1.5020 ns/op
OverheadActual  12: 56447408 op, 85141948.00 ns, 1.5083 ns/op
OverheadActual  13: 56447408 op, 86232092.00 ns, 1.5277 ns/op
OverheadActual  14: 56447408 op, 85015088.00 ns, 1.5061 ns/op
OverheadActual  15: 56447408 op, 86021294.00 ns, 1.5239 ns/op

WorkloadWarmup   1: 56447408 op, 98663421.00 ns, 1.7479 ns/op
WorkloadWarmup   2: 56447408 op, 98715971.00 ns, 1.7488 ns/op
WorkloadWarmup   3: 56447408 op, 98232094.00 ns, 1.7402 ns/op
WorkloadWarmup   4: 56447408 op, 98399090.00 ns, 1.7432 ns/op
WorkloadWarmup   5: 56447408 op, 98261610.00 ns, 1.7408 ns/op
WorkloadWarmup   6: 56447408 op, 99662974.00 ns, 1.7656 ns/op

// BeforeActualRun
WorkloadActual   1: 56447408 op, 100360064.00 ns, 1.7779 ns/op
WorkloadActual   2: 56447408 op, 100285883.00 ns, 1.7766 ns/op
WorkloadActual   3: 56447408 op, 98971685.00 ns, 1.7533 ns/op
WorkloadActual   4: 56447408 op, 99196992.00 ns, 1.7573 ns/op
WorkloadActual   5: 56447408 op, 99062096.00 ns, 1.7549 ns/op
WorkloadActual   6: 56447408 op, 99197693.00 ns, 1.7573 ns/op
WorkloadActual   7: 56447408 op, 99291110.00 ns, 1.7590 ns/op
WorkloadActual   8: 56447408 op, 99404865.00 ns, 1.7610 ns/op
WorkloadActual   9: 56447408 op, 99016250.00 ns, 1.7541 ns/op
WorkloadActual  10: 56447408 op, 99161064.00 ns, 1.7567 ns/op
WorkloadActual  11: 56447408 op, 99712898.00 ns, 1.7665 ns/op
WorkloadActual  12: 56447408 op, 98362972.00 ns, 1.7426 ns/op
WorkloadActual  13: 56447408 op, 98201537.00 ns, 1.7397 ns/op
WorkloadActual  14: 56447408 op, 98231835.00 ns, 1.7402 ns/op
WorkloadActual  15: 56447408 op, 98179294.00 ns, 1.7393 ns/op

// AfterActualRun
WorkloadResult   1: 56447408 op, 14677813.00 ns, 0.2600 ns/op
WorkloadResult   2: 56447408 op, 14603632.00 ns, 0.2587 ns/op
WorkloadResult   3: 56447408 op, 13289434.00 ns, 0.2354 ns/op
WorkloadResult   4: 56447408 op, 13514741.00 ns, 0.2394 ns/op
WorkloadResult   5: 56447408 op, 13379845.00 ns, 0.2370 ns/op
WorkloadResult   6: 56447408 op, 13515442.00 ns, 0.2394 ns/op
WorkloadResult   7: 56447408 op, 13608859.00 ns, 0.2411 ns/op
WorkloadResult   8: 56447408 op, 13722614.00 ns, 0.2431 ns/op
WorkloadResult   9: 56447408 op, 13333999.00 ns, 0.2362 ns/op
WorkloadResult  10: 56447408 op, 13478813.00 ns, 0.2388 ns/op
WorkloadResult  11: 56447408 op, 14030647.00 ns, 0.2486 ns/op
WorkloadResult  12: 56447408 op, 12680721.00 ns, 0.2246 ns/op
WorkloadResult  13: 56447408 op, 12519286.00 ns, 0.2218 ns/op
WorkloadResult  14: 56447408 op, 12549584.00 ns, 0.2223 ns/op
WorkloadResult  15: 56447408 op, 12497043.00 ns, 0.2214 ns/op
// GC:  0 0 0 0 56447408
// Threading:  0 0 56447408

// AfterAll
// Benchmark Process 14661 has exited with code 0.

Mean = 0.238 ns, StdErr = 0.003 ns (1.31%), N = 15, StdDev = 0.012 ns
Min = 0.221 ns, Q1 = 0.230 ns, Median = 0.239 ns, Q3 = 0.242 ns, Max = 0.260 ns
IQR = 0.012 ns, LowerFence = 0.212 ns, UpperFence = 0.260 ns
ConfidenceInterval = [0.225 ns; 0.251 ns] (CI 99.9%), Margin = 0.013 ns (5.42% of Mean)
Skewness = 0.25, Kurtosis = 2.12, MValue = 2

// ** Remained 19 (20.9%) benchmark(s) to run. Estimated finish 2026-03-01 10:01 (0h 1m from now) **
// **************************
// Benchmark: Scenario1.S1_ReturnVoidErrorNoMessage_EnumerationsOptions: .NET 10.0(Runtime=.NET 10.0, IterationTime=100ms) [Iterations=2]
// *** Execute ***
// Launch: 1 / 1
// Execute: dotnet "Enumerations.Options.Benchmarks-.NET 10.0-1.dll" --anonymousPipes 116 118 --benchmarkName "ReillyDigital.Enumerations.Options.Benchmarks.Scenarios.Scenario1.S1_ReturnVoidErrorNoMessage_EnumerationsOptions(Iterations: 2)" --job ".NET 10.0" --benchmarkId 72 in /media/andrew/Slowverflow/x/devs/reilly-digital/dotnet/enumerations.options/src/Enumerations.Options.Benchmarks/bin/Debug/net10.0/Enumerations.Options.Benchmarks-.NET 10.0-1/bin/Release/net10.0
// Failed to set up high priority (Permission denied). In order to run benchmarks with high priority, make sure you have the right permissions.
// BeforeAnythingElse

// Benchmark Process Environment Information:
// BenchmarkDotNet v0.15.8
// Runtime=.NET 10.0.3 (10.0.3, 10.0.326.7603), X64 RyuJIT x86-64-v3
// GC=Concurrent Workstation
// HardwareIntrinsics=AVX2+BMI1+BMI2+F16C+FMA+LZCNT+MOVBE,AVX,SSE3+SSSE3+SSE4.1+SSE4.2+POPCNT,X86Base+SSE+SSE2,AES+PCLMUL VectorSize=256
// Job: .NET 10.0(IterationTime=100ms)

OverheadJitting  1: 1 op, 172176.00 ns, 172.1760 us/op
WorkloadJitting  1: 1 op, 2195908.00 ns, 2.1959 ms/op

OverheadJitting  2: 16 op, 201321.00 ns, 12.5826 us/op
WorkloadJitting  2: 16 op, 212993.00 ns, 13.3121 us/op

WorkloadPilot    1: 16 op, 1934.00 ns, 120.8750 ns/op
WorkloadPilot    2: 827312 op, 61525891.00 ns, 74.3684 ns/op
WorkloadPilot    3: 1344672 op, 99207041.00 ns, 73.7779 ns/op
WorkloadPilot    4: 1355424 op, 30539607.00 ns, 22.5314 ns/op
WorkloadPilot    5: 4438256 op, 7817814.00 ns, 1.7615 ns/op
WorkloadPilot    6: 56771072 op, 99361523.00 ns, 1.7502 ns/op
WorkloadPilot    7: 57135872 op, 99991806.00 ns, 1.7501 ns/op
WorkloadPilot    8: 57140560 op, 99609533.00 ns, 1.7432 ns/op
WorkloadPilot    9: 57364560 op, 100920515.00 ns, 1.7593 ns/op
WorkloadPilot   10: 56841328 op, 98967417.00 ns, 1.7411 ns/op
WorkloadPilot   11: 57434400 op, 100498806.00 ns, 1.7498 ns/op
WorkloadPilot   12: 57149344 op, 99606638.00 ns, 1.7429 ns/op
WorkloadPilot   13: 57375040 op, 100022886.00 ns, 1.7433 ns/op

OverheadWarmup   1: 57375040 op, 144479586.00 ns, 2.5182 ns/op
OverheadWarmup   2: 57375040 op, 112106797.00 ns, 1.9539 ns/op
OverheadWarmup   3: 57375040 op, 86338494.00 ns, 1.5048 ns/op
OverheadWarmup   4: 57375040 op, 86222845.00 ns, 1.5028 ns/op
OverheadWarmup   5: 57375040 op, 85961891.00 ns, 1.4982 ns/op
OverheadWarmup   6: 57375040 op, 91536336.00 ns, 1.5954 ns/op
OverheadWarmup   7: 57375040 op, 86097628.00 ns, 1.5006 ns/op
OverheadWarmup   8: 57375040 op, 86173291.00 ns, 1.5019 ns/op
OverheadWarmup   9: 57375040 op, 86146741.00 ns, 1.5015 ns/op

OverheadActual   1: 57375040 op, 86064274.00 ns, 1.5000 ns/op
OverheadActual   2: 57375040 op, 86099521.00 ns, 1.5006 ns/op
OverheadActual   3: 57375040 op, 86191115.00 ns, 1.5022 ns/op
OverheadActual   4: 57375040 op, 90795152.00 ns, 1.5825 ns/op
OverheadActual   5: 57375040 op, 96755950.00 ns, 1.6864 ns/op
OverheadActual   6: 57375040 op, 86156970.00 ns, 1.5016 ns/op
OverheadActual   7: 57375040 op, 85961079.00 ns, 1.4982 ns/op
OverheadActual   8: 57375040 op, 85998500.00 ns, 1.4989 ns/op
OverheadActual   9: 57375040 op, 86109390.00 ns, 1.5008 ns/op
OverheadActual  10: 57375040 op, 86039307.00 ns, 1.4996 ns/op
OverheadActual  11: 57375040 op, 85991317.00 ns, 1.4988 ns/op
OverheadActual  12: 57375040 op, 87386739.00 ns, 1.5231 ns/op
OverheadActual  13: 57375040 op, 86453262.00 ns, 1.5068 ns/op
OverheadActual  14: 57375040 op, 86758409.00 ns, 1.5121 ns/op
OverheadActual  15: 57375040 op, 86962064.00 ns, 1.5157 ns/op

WorkloadWarmup   1: 57375040 op, 99767182.00 ns, 1.7389 ns/op
WorkloadWarmup   2: 57375040 op, 100673688.00 ns, 1.7547 ns/op
WorkloadWarmup   3: 57375040 op, 99764126.00 ns, 1.7388 ns/op
WorkloadWarmup   4: 57375040 op, 99802579.00 ns, 1.7395 ns/op
WorkloadWarmup   5: 57375040 op, 99923207.00 ns, 1.7416 ns/op
WorkloadWarmup   6: 57375040 op, 100739973.00 ns, 1.7558 ns/op
WorkloadWarmup   7: 57375040 op, 109498748.00 ns, 1.9085 ns/op
WorkloadWarmup   8: 57375040 op, 103772065.00 ns, 1.8087 ns/op

// BeforeActualRun
WorkloadActual   1: 57375040 op, 101442363.00 ns, 1.7681 ns/op
WorkloadActual   2: 57375040 op, 102644329.00 ns, 1.7890 ns/op
WorkloadActual   3: 57375040 op, 102366533.00 ns, 1.7842 ns/op
WorkloadActual   4: 57375040 op, 100830705.00 ns, 1.7574 ns/op
WorkloadActual   5: 57375040 op, 99910071.00 ns, 1.7414 ns/op
WorkloadActual   6: 57375040 op, 99797238.00 ns, 1.7394 ns/op
WorkloadActual   7: 57375040 op, 99768094.00 ns, 1.7389 ns/op
WorkloadActual   8: 57375040 op, 99781749.00 ns, 1.7391 ns/op
WorkloadActual   9: 57375040 op, 99706577.00 ns, 1.7378 ns/op
WorkloadActual  10: 57375040 op, 99718188.00 ns, 1.7380 ns/op
WorkloadActual  11: 57375040 op, 99732956.00 ns, 1.7383 ns/op
WorkloadActual  12: 57375040 op, 99897227.00 ns, 1.7411 ns/op
WorkloadActual  13: 57375040 op, 99725121.00 ns, 1.7381 ns/op
WorkloadActual  14: 57375040 op, 100663578.00 ns, 1.7545 ns/op
WorkloadActual  15: 57375040 op, 99903840.00 ns, 1.7412 ns/op

// AfterActualRun
WorkloadResult   1: 57375040 op, 15285393.00 ns, 0.2664 ns/op
WorkloadResult   2: 57375040 op, 14673735.00 ns, 0.2558 ns/op
WorkloadResult   3: 57375040 op, 13753101.00 ns, 0.2397 ns/op
WorkloadResult   4: 57375040 op, 13640268.00 ns, 0.2377 ns/op
WorkloadResult   5: 57375040 op, 13611124.00 ns, 0.2372 ns/op
WorkloadResult   6: 57375040 op, 13624779.00 ns, 0.2375 ns/op
WorkloadResult   7: 57375040 op, 13549607.00 ns, 0.2362 ns/op
WorkloadResult   8: 57375040 op, 13561218.00 ns, 0.2364 ns/op
WorkloadResult   9: 57375040 op, 13575986.00 ns, 0.2366 ns/op
WorkloadResult  10: 57375040 op, 13740257.00 ns, 0.2395 ns/op
WorkloadResult  11: 57375040 op, 13568151.00 ns, 0.2365 ns/op
WorkloadResult  12: 57375040 op, 14506608.00 ns, 0.2528 ns/op
WorkloadResult  13: 57375040 op, 13746870.00 ns, 0.2396 ns/op
// GC:  0 0 0 0 57375040
// Threading:  0 0 57375040

// AfterAll
// Benchmark Process 14689 has exited with code 0.

Mean = 0.242 ns, StdErr = 0.003 ns (1.10%), N = 13, StdDev = 0.010 ns
Min = 0.236 ns, Q1 = 0.237 ns, Median = 0.238 ns, Q3 = 0.240 ns, Max = 0.266 ns
IQR = 0.003 ns, LowerFence = 0.232 ns, UpperFence = 0.244 ns
ConfidenceInterval = [0.231 ns; 0.254 ns] (CI 99.9%), Margin = 0.011 ns (4.74% of Mean)
Skewness = 1.39, Kurtosis = 3.45, MValue = 2

// ** Remained 18 (19.8%) benchmark(s) to run. Estimated finish 2026-03-01 10:01 (0h 1m from now) **
// **************************
// Benchmark: Scenario1.S1_ReturnVoidErrorNoMessage_FluentResults: .NET 10.0(Runtime=.NET 10.0, IterationTime=100ms) [Iterations=2]
// *** Execute ***
// Launch: 1 / 1
// Execute: dotnet "Enumerations.Options.Benchmarks-.NET 10.0-1.dll" --anonymousPipes 116 118 --benchmarkName "ReillyDigital.Enumerations.Options.Benchmarks.Scenarios.Scenario1.S1_ReturnVoidErrorNoMessage_FluentResults(Iterations: 2)" --job ".NET 10.0" --benchmarkId 73 in /media/andrew/Slowverflow/x/devs/reilly-digital/dotnet/enumerations.options/src/Enumerations.Options.Benchmarks/bin/Debug/net10.0/Enumerations.Options.Benchmarks-.NET 10.0-1/bin/Release/net10.0
// Failed to set up high priority (Permission denied). In order to run benchmarks with high priority, make sure you have the right permissions.
// BeforeAnythingElse

// Benchmark Process Environment Information:
// BenchmarkDotNet v0.15.8
// Runtime=.NET 10.0.3 (10.0.3, 10.0.326.7603), X64 RyuJIT x86-64-v3
// GC=Concurrent Workstation
// HardwareIntrinsics=AVX2+BMI1+BMI2+F16C+FMA+LZCNT+MOVBE,AVX,SSE3+SSSE3+SSE4.1+SSE4.2+POPCNT,X86Base+SSE+SSE2,AES+PCLMUL VectorSize=256
// Job: .NET 10.0(IterationTime=100ms)

OverheadJitting  1: 1 op, 196543.00 ns, 196.5430 us/op
WorkloadJitting  1: 1 op, 4031784.00 ns, 4.0318 ms/op

OverheadJitting  2: 16 op, 235055.00 ns, 14.6909 us/op
WorkloadJitting  2: 16 op, 224184.00 ns, 14.0115 us/op

WorkloadPilot    1: 16 op, 43593.00 ns, 2.7246 us/op
WorkloadPilot    2: 36704 op, 20581531.00 ns, 560.7435 ns/op
WorkloadPilot    3: 178336 op, 80410389.00 ns, 450.8926 ns/op
WorkloadPilot    4: 221792 op, 93467002.00 ns, 421.4174 ns/op
WorkloadPilot    5: 237296 op, 25983630.00 ns, 109.4988 ns/op
WorkloadPilot    6: 913264 op, 85899653.00 ns, 94.0579 ns/op
WorkloadPilot    7: 1063184 op, 99685647.00 ns, 93.7614 ns/op
WorkloadPilot    8: 1066544 op, 99034374.00 ns, 92.8554 ns/op
WorkloadPilot    9: 1076944 op, 101094435.00 ns, 93.8716 ns/op
WorkloadPilot   10: 1065296 op, 98586786.00 ns, 92.5440 ns/op
WorkloadPilot   11: 1080576 op, 100998233.00 ns, 93.4670 ns/op
WorkloadPilot   12: 1069904 op, 101036926.00 ns, 94.4355 ns/op

OverheadWarmup   1: 1069904 op, 2687819.00 ns, 2.5122 ns/op
OverheadWarmup   2: 1069904 op, 2886987.00 ns, 2.6984 ns/op
OverheadWarmup   3: 1069904 op, 2703078.00 ns, 2.5265 ns/op
OverheadWarmup   4: 1069904 op, 2727284.00 ns, 2.5491 ns/op
OverheadWarmup   5: 1069904 op, 2675726.00 ns, 2.5009 ns/op

OverheadActual   1: 1069904 op, 2735800.00 ns, 2.5571 ns/op
OverheadActual   2: 1069904 op, 2834086.00 ns, 2.6489 ns/op
OverheadActual   3: 1069904 op, 2675065.00 ns, 2.5003 ns/op
OverheadActual   4: 1069904 op, 2666279.00 ns, 2.4921 ns/op
OverheadActual   5: 1069904 op, 2707557.00 ns, 2.5307 ns/op
OverheadActual   6: 1069904 op, 2798329.00 ns, 2.6155 ns/op
OverheadActual   7: 1069904 op, 2704712.00 ns, 2.5280 ns/op
OverheadActual   8: 1069904 op, 2720230.00 ns, 2.5425 ns/op
OverheadActual   9: 1069904 op, 2773983.00 ns, 2.5927 ns/op
OverheadActual  10: 1069904 op, 2702979.00 ns, 2.5264 ns/op
OverheadActual  11: 1069904 op, 2706485.00 ns, 2.5297 ns/op
OverheadActual  12: 1069904 op, 2853513.00 ns, 2.6671 ns/op
OverheadActual  13: 1069904 op, 3171125.00 ns, 2.9639 ns/op
OverheadActual  14: 1069904 op, 2846850.00 ns, 2.6608 ns/op
OverheadActual  15: 1069904 op, 2723778.00 ns, 2.5458 ns/op

WorkloadWarmup   1: 1069904 op, 104484233.00 ns, 97.6576 ns/op
WorkloadWarmup   2: 1069904 op, 107956959.00 ns, 100.9034 ns/op
WorkloadWarmup   3: 1069904 op, 101899449.00 ns, 95.2417 ns/op
WorkloadWarmup   4: 1069904 op, 101856668.00 ns, 95.2017 ns/op
WorkloadWarmup   5: 1069904 op, 100086566.00 ns, 93.5472 ns/op
WorkloadWarmup   6: 1069904 op, 100998533.00 ns, 94.3996 ns/op
WorkloadWarmup   7: 1069904 op, 98889018.00 ns, 92.4279 ns/op

// BeforeActualRun
WorkloadActual   1: 1069904 op, 101107099.00 ns, 94.5011 ns/op
WorkloadActual   2: 1069904 op, 103336260.00 ns, 96.5846 ns/op
WorkloadActual   3: 1069904 op, 104977838.00 ns, 98.1189 ns/op
WorkloadActual   4: 1069904 op, 103771223.00 ns, 96.9912 ns/op
WorkloadActual   5: 1069904 op, 105264831.00 ns, 98.3872 ns/op
WorkloadActual   6: 1069904 op, 103087989.00 ns, 96.3526 ns/op
WorkloadActual   7: 1069904 op, 105688984.00 ns, 98.7836 ns/op
WorkloadActual   8: 1069904 op, 111062078.00 ns, 103.8056 ns/op
WorkloadActual   9: 1069904 op, 109365717.00 ns, 102.2201 ns/op
WorkloadActual  10: 1069904 op, 106321312.00 ns, 99.3746 ns/op
WorkloadActual  11: 1069904 op, 106225400.00 ns, 99.2850 ns/op
WorkloadActual  12: 1069904 op, 105965698.00 ns, 99.0422 ns/op
WorkloadActual  13: 1069904 op, 105158509.00 ns, 98.2878 ns/op
WorkloadActual  14: 1069904 op, 108208586.00 ns, 101.1386 ns/op
WorkloadActual  15: 1069904 op, 105890827.00 ns, 98.9723 ns/op
WorkloadActual  16: 1069904 op, 107601576.00 ns, 100.5712 ns/op
WorkloadActual  17: 1069904 op, 105466953.00 ns, 98.5761 ns/op

// AfterActualRun
WorkloadResult   1: 1069904 op, 98383321.00 ns, 91.9553 ns/op
WorkloadResult   2: 1069904 op, 100612482.00 ns, 94.0388 ns/op
WorkloadResult   3: 1069904 op, 102254060.00 ns, 95.5731 ns/op
WorkloadResult   4: 1069904 op, 101047445.00 ns, 94.4453 ns/op
WorkloadResult   5: 1069904 op, 102541053.00 ns, 95.8414 ns/op
WorkloadResult   6: 1069904 op, 100364211.00 ns, 93.8067 ns/op
WorkloadResult   7: 1069904 op, 102965206.00 ns, 96.2378 ns/op
WorkloadResult   8: 1069904 op, 103597534.00 ns, 96.8288 ns/op
WorkloadResult   9: 1069904 op, 103501622.00 ns, 96.7392 ns/op
WorkloadResult  10: 1069904 op, 103241920.00 ns, 96.4964 ns/op
WorkloadResult  11: 1069904 op, 102434731.00 ns, 95.7420 ns/op
WorkloadResult  12: 1069904 op, 105484808.00 ns, 98.5928 ns/op
WorkloadResult  13: 1069904 op, 103167049.00 ns, 96.4265 ns/op
WorkloadResult  14: 1069904 op, 104877798.00 ns, 98.0254 ns/op
WorkloadResult  15: 1069904 op, 102743175.00 ns, 96.0303 ns/op
// GC:  67 0 0 564909312 1069904
// Threading:  0 0 1069904

// AfterAll
// Benchmark Process 14718 has exited with code 0.

Mean = 95.785 ns, StdErr = 0.434 ns (0.45%), N = 15, StdDev = 1.681 ns
Min = 91.955 ns, Q1 = 95.009 ns, Median = 96.030 ns, Q3 = 96.618 ns, Max = 98.593 ns
IQR = 1.609 ns, LowerFence = 92.596 ns, UpperFence = 99.031 ns
ConfidenceInterval = [93.988 ns; 97.582 ns] (CI 99.9%), Margin = 1.797 ns (1.88% of Mean)
Skewness = -0.5, Kurtosis = 2.78, MValue = 2

// ** Remained 17 (18.7%) benchmark(s) to run. Estimated finish 2026-03-01 10:01 (0h 1m from now) **
// **************************
// Benchmark: Scenario1.S1_ReturnVoidErrorNoMessage_LightResults: .NET 10.0(Runtime=.NET 10.0, IterationTime=100ms) [Iterations=2]
// *** Execute ***
// Launch: 1 / 1
// Execute: dotnet "Enumerations.Options.Benchmarks-.NET 10.0-1.dll" --anonymousPipes 116 118 --benchmarkName "ReillyDigital.Enumerations.Options.Benchmarks.Scenarios.Scenario1.S1_ReturnVoidErrorNoMessage_LightResults(Iterations: 2)" --job ".NET 10.0" --benchmarkId 74 in /media/andrew/Slowverflow/x/devs/reilly-digital/dotnet/enumerations.options/src/Enumerations.Options.Benchmarks/bin/Debug/net10.0/Enumerations.Options.Benchmarks-.NET 10.0-1/bin/Release/net10.0
// Failed to set up high priority (Permission denied). In order to run benchmarks with high priority, make sure you have the right permissions.
// BeforeAnythingElse

// Benchmark Process Environment Information:
// BenchmarkDotNet v0.15.8
// Runtime=.NET 10.0.3 (10.0.3, 10.0.326.7603), X64 RyuJIT x86-64-v3
// GC=Concurrent Workstation
// HardwareIntrinsics=AVX2+BMI1+BMI2+F16C+FMA+LZCNT+MOVBE,AVX,SSE3+SSSE3+SSE4.1+SSE4.2+POPCNT,X86Base+SSE+SSE2,AES+PCLMUL VectorSize=256
// Job: .NET 10.0(IterationTime=100ms)

OverheadJitting  1: 1 op, 155385.00 ns, 155.3850 us/op
WorkloadJitting  1: 1 op, 3630043.00 ns, 3.6300 ms/op

OverheadJitting  2: 16 op, 237580.00 ns, 14.8488 us/op
WorkloadJitting  2: 16 op, 199718.00 ns, 12.4824 us/op

WorkloadPilot    1: 16 op, 852.00 ns, 53.2500 ns/op
WorkloadPilot    2: 1877936 op, 52977354.00 ns, 28.2104 ns/op
WorkloadPilot    3: 3544800 op, 100015562.00 ns, 28.2147 ns/op
WorkloadPilot    4: 3544256 op, 26478518.00 ns, 7.4708 ns/op
WorkloadPilot    5: 13385408 op, 23600358.00 ns, 1.7631 ns/op
WorkloadPilot    6: 56716976 op, 99684996.00 ns, 1.7576 ns/op
WorkloadPilot    7: 56896208 op, 99889734.00 ns, 1.7556 ns/op
WorkloadPilot    8: 56959024 op, 99810784.00 ns, 1.7523 ns/op
WorkloadPilot    9: 57067008 op, 100213948.00 ns, 1.7561 ns/op
WorkloadPilot   10: 56945184 op, 100133034.00 ns, 1.7584 ns/op

OverheadWarmup   1: 56945184 op, 141029493.00 ns, 2.4766 ns/op
OverheadWarmup   2: 56945184 op, 109727641.00 ns, 1.9269 ns/op
OverheadWarmup   3: 56945184 op, 85655050.00 ns, 1.5042 ns/op
OverheadWarmup   4: 56945184 op, 85540603.00 ns, 1.5022 ns/op
OverheadWarmup   5: 56945184 op, 85459169.00 ns, 1.5007 ns/op
OverheadWarmup   6: 56945184 op, 85408473.00 ns, 1.4998 ns/op
OverheadWarmup   7: 56945184 op, 85478555.00 ns, 1.5011 ns/op
OverheadWarmup   8: 56945184 op, 85440804.00 ns, 1.5004 ns/op
OverheadWarmup   9: 56945184 op, 86049446.00 ns, 1.5111 ns/op
OverheadWarmup  10: 56945184 op, 85723409.00 ns, 1.5054 ns/op

OverheadActual   1: 56945184 op, 85507610.00 ns, 1.5016 ns/op
OverheadActual   2: 56945184 op, 85890295.00 ns, 1.5083 ns/op
OverheadActual   3: 56945184 op, 85474898.00 ns, 1.5010 ns/op
OverheadActual   4: 56945184 op, 85887039.00 ns, 1.5082 ns/op
OverheadActual   5: 56945184 op, 85673084.00 ns, 1.5045 ns/op
OverheadActual   6: 56945184 op, 85413363.00 ns, 1.4999 ns/op
OverheadActual   7: 56945184 op, 85906426.00 ns, 1.5086 ns/op
OverheadActual   8: 56945184 op, 85408623.00 ns, 1.4998 ns/op
OverheadActual   9: 56945184 op, 85484586.00 ns, 1.5012 ns/op
OverheadActual  10: 56945184 op, 85336667.00 ns, 1.4986 ns/op
OverheadActual  11: 56945184 op, 85422930.00 ns, 1.5001 ns/op
OverheadActual  12: 56945184 op, 85865438.00 ns, 1.5079 ns/op
OverheadActual  13: 56945184 op, 85461985.00 ns, 1.5008 ns/op
OverheadActual  14: 56945184 op, 86169443.00 ns, 1.5132 ns/op
OverheadActual  15: 56945184 op, 85706257.00 ns, 1.5051 ns/op

WorkloadWarmup   1: 56945184 op, 100238654.00 ns, 1.7603 ns/op
WorkloadWarmup   2: 56945184 op, 99799332.00 ns, 1.7526 ns/op
WorkloadWarmup   3: 56945184 op, 99920411.00 ns, 1.7547 ns/op
WorkloadWarmup   4: 56945184 op, 99778382.00 ns, 1.7522 ns/op
WorkloadWarmup   5: 56945184 op, 99844197.00 ns, 1.7533 ns/op
WorkloadWarmup   6: 56945184 op, 99725663.00 ns, 1.7513 ns/op

// BeforeActualRun
WorkloadActual   1: 56945184 op, 100440336.00 ns, 1.7638 ns/op
WorkloadActual   2: 56945184 op, 101399543.00 ns, 1.7807 ns/op
WorkloadActual   3: 56945184 op, 100377296.00 ns, 1.7627 ns/op
WorkloadActual   4: 56945184 op, 99800315.00 ns, 1.7526 ns/op
WorkloadActual   5: 56945184 op, 99855028.00 ns, 1.7535 ns/op
WorkloadActual   6: 56945184 op, 99719912.00 ns, 1.7512 ns/op
WorkloadActual   7: 56945184 op, 100076116.00 ns, 1.7574 ns/op
WorkloadActual   8: 56945184 op, 99930090.00 ns, 1.7548 ns/op
WorkloadActual   9: 56945184 op, 99979884.00 ns, 1.7557 ns/op
WorkloadActual  10: 56945184 op, 99993670.00 ns, 1.7560 ns/op
WorkloadActual  11: 56945184 op, 99875386.00 ns, 1.7539 ns/op
WorkloadActual  12: 56945184 op, 100440757.00 ns, 1.7638 ns/op
WorkloadActual  13: 56945184 op, 99903199.00 ns, 1.7544 ns/op
WorkloadActual  14: 56945184 op, 99900644.00 ns, 1.7543 ns/op
WorkloadActual  15: 56945184 op, 99855258.00 ns, 1.7535 ns/op

// AfterActualRun
WorkloadResult   1: 56945184 op, 14932726.00 ns, 0.2622 ns/op
WorkloadResult   2: 56945184 op, 14869686.00 ns, 0.2611 ns/op
WorkloadResult   3: 56945184 op, 14292705.00 ns, 0.2510 ns/op
WorkloadResult   4: 56945184 op, 14347418.00 ns, 0.2520 ns/op
WorkloadResult   5: 56945184 op, 14212302.00 ns, 0.2496 ns/op
WorkloadResult   6: 56945184 op, 14568506.00 ns, 0.2558 ns/op
WorkloadResult   7: 56945184 op, 14422480.00 ns, 0.2533 ns/op
WorkloadResult   8: 56945184 op, 14472274.00 ns, 0.2541 ns/op
WorkloadResult   9: 56945184 op, 14486060.00 ns, 0.2544 ns/op
WorkloadResult  10: 56945184 op, 14367776.00 ns, 0.2523 ns/op
WorkloadResult  11: 56945184 op, 14933147.00 ns, 0.2622 ns/op
WorkloadResult  12: 56945184 op, 14395589.00 ns, 0.2528 ns/op
WorkloadResult  13: 56945184 op, 14393034.00 ns, 0.2528 ns/op
WorkloadResult  14: 56945184 op, 14347648.00 ns, 0.2520 ns/op
// GC:  0 0 0 0 56945184
// Threading:  0 0 56945184

// AfterAll
// Benchmark Process 14746 has exited with code 0.

Mean = 0.255 ns, StdErr = 0.001 ns (0.44%), N = 14, StdDev = 0.004 ns
Min = 0.250 ns, Q1 = 0.252 ns, Median = 0.253 ns, Q3 = 0.255 ns, Max = 0.262 ns
IQR = 0.003 ns, LowerFence = 0.247 ns, UpperFence = 0.261 ns
ConfidenceInterval = [0.250 ns; 0.259 ns] (CI 99.9%), Margin = 0.005 ns (1.85% of Mean)
Skewness = 0.86, Kurtosis = 2.18, MValue = 2

// ** Remained 16 (17.6%) benchmark(s) to run. Estimated finish 2026-03-01 10:01 (0h 1m from now) **
// **************************
// Benchmark: Scenario1.S1_ReturnVoidErrorNoMessage_Rascal: .NET 10.0(Runtime=.NET 10.0, IterationTime=100ms) [Iterations=2]
// *** Execute ***
// Launch: 1 / 1
// Execute: dotnet "Enumerations.Options.Benchmarks-.NET 10.0-1.dll" --anonymousPipes 116 118 --benchmarkName "ReillyDigital.Enumerations.Options.Benchmarks.Scenarios.Scenario1.S1_ReturnVoidErrorNoMessage_Rascal(Iterations: 2)" --job ".NET 10.0" --benchmarkId 75 in /media/andrew/Slowverflow/x/devs/reilly-digital/dotnet/enumerations.options/src/Enumerations.Options.Benchmarks/bin/Debug/net10.0/Enumerations.Options.Benchmarks-.NET 10.0-1/bin/Release/net10.0
// Failed to set up high priority (Permission denied). In order to run benchmarks with high priority, make sure you have the right permissions.
// BeforeAnythingElse

// Benchmark Process Environment Information:
// BenchmarkDotNet v0.15.8
// Runtime=.NET 10.0.3 (10.0.3, 10.0.326.7603), X64 RyuJIT x86-64-v3
// GC=Concurrent Workstation
// HardwareIntrinsics=AVX2+BMI1+BMI2+F16C+FMA+LZCNT+MOVBE,AVX,SSE3+SSSE3+SSE4.1+SSE4.2+POPCNT,X86Base+SSE+SSE2,AES+PCLMUL VectorSize=256
// Job: .NET 10.0(IterationTime=100ms)

OverheadJitting  1: 1 op, 188837.00 ns, 188.8370 us/op
WorkloadJitting  1: 1 op, 2594422.00 ns, 2.5944 ms/op

OverheadJitting  2: 16 op, 238722.00 ns, 14.9201 us/op
WorkloadJitting  2: 16 op, 220908.00 ns, 13.8068 us/op

WorkloadPilot    1: 16 op, 2024.00 ns, 126.5000 ns/op
WorkloadPilot    2: 790528 op, 45515194.00 ns, 57.5757 ns/op
WorkloadPilot    3: 1736848 op, 86961533.00 ns, 50.0686 ns/op
WorkloadPilot    4: 1997264 op, 64167583.00 ns, 32.1277 ns/op
WorkloadPilot    5: 3112576 op, 34054362.00 ns, 10.9409 ns/op
WorkloadPilot    6: 9140032 op, 87172944.00 ns, 9.5375 ns/op
WorkloadPilot    7: 10484944 op, 98788929.00 ns, 9.4220 ns/op
WorkloadPilot    8: 10613488 op, 99683232.00 ns, 9.3921 ns/op
WorkloadPilot    9: 10647216 op, 99417379.00 ns, 9.3374 ns/op
WorkloadPilot   10: 10709616 op, 101236894.00 ns, 9.4529 ns/op
WorkloadPilot   11: 10578768 op, 101205395.00 ns, 9.5668 ns/op
WorkloadPilot   12: 10452784 op, 99632336.00 ns, 9.5317 ns/op
WorkloadPilot   13: 10491360 op, 99172165.00 ns, 9.4527 ns/op
WorkloadPilot   14: 10578944 op, 100196083.00 ns, 9.4713 ns/op

OverheadWarmup   1: 10578944 op, 26307745.00 ns, 2.4868 ns/op
OverheadWarmup   2: 10578944 op, 26364291.00 ns, 2.4921 ns/op
OverheadWarmup   3: 10578944 op, 26406080.00 ns, 2.4961 ns/op
OverheadWarmup   4: 10578944 op, 26532900.00 ns, 2.5081 ns/op
OverheadWarmup   5: 10578944 op, 26422832.00 ns, 2.4977 ns/op
OverheadWarmup   6: 10578944 op, 26519084.00 ns, 2.5068 ns/op
OverheadWarmup   7: 10578944 op, 26419626.00 ns, 2.4974 ns/op

OverheadActual   1: 10578944 op, 26308426.00 ns, 2.4869 ns/op
OverheadActual   2: 10578944 op, 26457889.00 ns, 2.5010 ns/op
OverheadActual   3: 10578944 op, 26239424.00 ns, 2.4803 ns/op
OverheadActual   4: 10578944 op, 26709966.00 ns, 2.5248 ns/op
OverheadActual   5: 10578944 op, 26786230.00 ns, 2.5320 ns/op
OverheadActual   6: 10578944 op, 26555844.00 ns, 2.5103 ns/op
OverheadActual   7: 10578944 op, 26324016.00 ns, 2.4883 ns/op
OverheadActual   8: 10578944 op, 26481714.00 ns, 2.5032 ns/op
OverheadActual   9: 10578944 op, 26295802.00 ns, 2.4857 ns/op
OverheadActual  10: 10578944 op, 26690840.00 ns, 2.5230 ns/op
OverheadActual  11: 10578944 op, 26379329.00 ns, 2.4936 ns/op
OverheadActual  12: 10578944 op, 19638216.00 ns, 1.8563 ns/op
OverheadActual  13: 10578944 op, 18192438.00 ns, 1.7197 ns/op
OverheadActual  14: 10578944 op, 18065427.00 ns, 1.7077 ns/op
OverheadActual  15: 10578944 op, 18040781.00 ns, 1.7053 ns/op
OverheadActual  16: 10578944 op, 18003710.00 ns, 1.7018 ns/op
OverheadActual  17: 10578944 op, 17994944.00 ns, 1.7010 ns/op
OverheadActual  18: 10578944 op, 18072471.00 ns, 1.7083 ns/op
OverheadActual  19: 10578944 op, 17954778.00 ns, 1.6972 ns/op
OverheadActual  20: 10578944 op, 18029409.00 ns, 1.7043 ns/op

WorkloadWarmup   1: 10578944 op, 104409382.00 ns, 9.8695 ns/op
WorkloadWarmup   2: 10578944 op, 106007227.00 ns, 10.0206 ns/op
WorkloadWarmup   3: 10578944 op, 104841580.00 ns, 9.9104 ns/op
WorkloadWarmup   4: 10578944 op, 101790011.00 ns, 9.6219 ns/op
WorkloadWarmup   5: 10578944 op, 147269909.00 ns, 13.9210 ns/op
WorkloadWarmup   6: 10578944 op, 104608679.00 ns, 9.8884 ns/op

// BeforeActualRun
WorkloadActual   1: 10578944 op, 103743200.00 ns, 9.8066 ns/op
WorkloadActual   2: 10578944 op, 107756609.00 ns, 10.1860 ns/op
WorkloadActual   3: 10578944 op, 103912691.00 ns, 9.8226 ns/op
WorkloadActual   4: 10578944 op, 107021437.00 ns, 10.1165 ns/op
WorkloadActual   5: 10578944 op, 103787283.00 ns, 9.8107 ns/op
WorkloadActual   6: 10578944 op, 105007684.00 ns, 9.9261 ns/op
WorkloadActual   7: 10578944 op, 104247104.00 ns, 9.8542 ns/op
WorkloadActual   8: 10578944 op, 115264947.00 ns, 10.8957 ns/op
WorkloadActual   9: 10578944 op, 107476359.00 ns, 10.1595 ns/op
WorkloadActual  10: 10578944 op, 104529238.00 ns, 9.8809 ns/op
WorkloadActual  11: 10578944 op, 107123420.00 ns, 10.1261 ns/op
WorkloadActual  12: 10578944 op, 105044343.00 ns, 9.9296 ns/op
WorkloadActual  13: 10578944 op, 105952975.00 ns, 10.0155 ns/op
WorkloadActual  14: 10578944 op, 105188877.00 ns, 9.9432 ns/op
WorkloadActual  15: 10578944 op, 106582857.00 ns, 10.0750 ns/op

// AfterActualRun
WorkloadResult   1: 10578944 op, 77475587.00 ns, 7.3236 ns/op
WorkloadResult   2: 10578944 op, 81488996.00 ns, 7.7029 ns/op
WorkloadResult   3: 10578944 op, 77645078.00 ns, 7.3396 ns/op
WorkloadResult   4: 10578944 op, 80753824.00 ns, 7.6334 ns/op
WorkloadResult   5: 10578944 op, 77519670.00 ns, 7.3277 ns/op
WorkloadResult   6: 10578944 op, 78740071.00 ns, 7.4431 ns/op
WorkloadResult   7: 10578944 op, 77979491.00 ns, 7.3712 ns/op
WorkloadResult   8: 10578944 op, 81208746.00 ns, 7.6765 ns/op
WorkloadResult   9: 10578944 op, 78261625.00 ns, 7.3979 ns/op
WorkloadResult  10: 10578944 op, 80855807.00 ns, 7.6431 ns/op
WorkloadResult  11: 10578944 op, 78776730.00 ns, 7.4466 ns/op
WorkloadResult  12: 10578944 op, 79685362.00 ns, 7.5324 ns/op
WorkloadResult  13: 10578944 op, 78921264.00 ns, 7.4602 ns/op
WorkloadResult  14: 10578944 op, 80315244.00 ns, 7.5920 ns/op
// GC:  60 0 0 507789312 10578944
// Threading:  0 0 10578944

// AfterAll
// Benchmark Process 14773 has exited with code 0.

Mean = 7.492 ns, StdErr = 0.036 ns (0.49%), N = 14, StdDev = 0.136 ns
Min = 7.324 ns, Q1 = 7.378 ns, Median = 7.453 ns, Q3 = 7.623 ns, Max = 7.703 ns
IQR = 0.245 ns, LowerFence = 7.010 ns, UpperFence = 7.991 ns
ConfidenceInterval = [7.339 ns; 7.646 ns] (CI 99.9%), Margin = 0.153 ns (2.05% of Mean)
Skewness = 0.21, Kurtosis = 1.36, MValue = 2

// ** Remained 15 (16.5%) benchmark(s) to run. Estimated finish 2026-03-01 10:01 (0h 1m from now) **
// **************************
// Benchmark: Scenario1.S1_ReturnVoidErrorNoMessage_SimpleResults: .NET 10.0(Runtime=.NET 10.0, IterationTime=100ms) [Iterations=2]
// *** Execute ***
// Launch: 1 / 1
// Execute: dotnet "Enumerations.Options.Benchmarks-.NET 10.0-1.dll" --anonymousPipes 116 118 --benchmarkName "ReillyDigital.Enumerations.Options.Benchmarks.Scenarios.Scenario1.S1_ReturnVoidErrorNoMessage_SimpleResults(Iterations: 2)" --job ".NET 10.0" --benchmarkId 76 in /media/andrew/Slowverflow/x/devs/reilly-digital/dotnet/enumerations.options/src/Enumerations.Options.Benchmarks/bin/Debug/net10.0/Enumerations.Options.Benchmarks-.NET 10.0-1/bin/Release/net10.0
// Failed to set up high priority (Permission denied). In order to run benchmarks with high priority, make sure you have the right permissions.
// BeforeAnythingElse

// Benchmark Process Environment Information:
// BenchmarkDotNet v0.15.8
// Runtime=.NET 10.0.3 (10.0.3, 10.0.326.7603), X64 RyuJIT x86-64-v3
// GC=Concurrent Workstation
// HardwareIntrinsics=AVX2+BMI1+BMI2+F16C+FMA+LZCNT+MOVBE,AVX,SSE3+SSSE3+SSE4.1+SSE4.2+POPCNT,X86Base+SSE+SSE2,AES+PCLMUL VectorSize=256
// Job: .NET 10.0(IterationTime=100ms)

OverheadJitting  1: 1 op, 168459.00 ns, 168.4590 us/op
WorkloadJitting  1: 1 op, 7851266.00 ns, 7.8513 ms/op

WorkloadPilot    1: 4 op, 8046.00 ns, 2.0115 us/op
WorkloadPilot    2: 49714 op, 33590365.00 ns, 675.6721 ns/op
WorkloadPilot    3: 148001 op, 98215343.00 ns, 663.6127 ns/op
WorkloadPilot    4: 150690 op, 80664530.00 ns, 535.3011 ns/op
WorkloadPilot    5: 186811 op, 37500408.00 ns, 200.7398 ns/op
WorkloadPilot    6: 498157 op, 93524390.00 ns, 187.7408 ns/op
WorkloadPilot    7: 532649 op, 101536371.00 ns, 190.6253 ns/op
WorkloadPilot    8: 524589 op, 99354680.00 ns, 189.3953 ns/op
WorkloadPilot    9: 527996 op, 101193301.00 ns, 191.6554 ns/op
WorkloadPilot   10: 521770 op, 98425270.00 ns, 188.6373 ns/op
WorkloadPilot   11: 530118 op, 100142041.00 ns, 188.9052 ns/op

WorkloadWarmup   1: 530118 op, 100118877.00 ns, 188.8615 ns/op
WorkloadWarmup   2: 530118 op, 100079202.00 ns, 188.7867 ns/op
WorkloadWarmup   3: 530118 op, 100370283.00 ns, 189.3357 ns/op
WorkloadWarmup   4: 530118 op, 100896099.00 ns, 190.3276 ns/op
WorkloadWarmup   5: 530118 op, 99525153.00 ns, 187.7415 ns/op
WorkloadWarmup   6: 530118 op, 99444641.00 ns, 187.5896 ns/op
WorkloadWarmup   7: 530118 op, 100050739.00 ns, 188.7330 ns/op
WorkloadWarmup   8: 530118 op, 101863671.00 ns, 192.1528 ns/op
WorkloadWarmup   9: 530118 op, 98050230.00 ns, 184.9593 ns/op

// BeforeActualRun
WorkloadActual   1: 530118 op, 99779104.00 ns, 188.2206 ns/op
WorkloadActual   2: 530118 op, 98334098.00 ns, 185.4947 ns/op
WorkloadActual   3: 530118 op, 98111356.00 ns, 185.0746 ns/op
WorkloadActual   4: 530118 op, 98085177.00 ns, 185.0252 ns/op
WorkloadActual   5: 530118 op, 98791234.00 ns, 186.3571 ns/op
WorkloadActual   6: 530118 op, 98160108.00 ns, 185.1665 ns/op
WorkloadActual   7: 530118 op, 98884811.00 ns, 186.5336 ns/op
WorkloadActual   8: 530118 op, 100203056.00 ns, 189.0203 ns/op
WorkloadActual   9: 530118 op, 98971946.00 ns, 186.6980 ns/op
WorkloadActual  10: 530118 op, 99210106.00 ns, 187.1472 ns/op
WorkloadActual  11: 530118 op, 99554408.00 ns, 187.7967 ns/op
WorkloadActual  12: 530118 op, 99368246.00 ns, 187.4455 ns/op
WorkloadActual  13: 530118 op, 98475596.00 ns, 185.7617 ns/op
WorkloadActual  14: 530118 op, 100573859.00 ns, 189.7198 ns/op
WorkloadActual  15: 530118 op, 98795451.00 ns, 186.3650 ns/op

// AfterActualRun
WorkloadResult   1: 530118 op, 99779104.00 ns, 188.2206 ns/op
WorkloadResult   2: 530118 op, 98334098.00 ns, 185.4947 ns/op
WorkloadResult   3: 530118 op, 98111356.00 ns, 185.0746 ns/op
WorkloadResult   4: 530118 op, 98085177.00 ns, 185.0252 ns/op
WorkloadResult   5: 530118 op, 98791234.00 ns, 186.3571 ns/op
WorkloadResult   6: 530118 op, 98160108.00 ns, 185.1665 ns/op
WorkloadResult   7: 530118 op, 98884811.00 ns, 186.5336 ns/op
WorkloadResult   8: 530118 op, 100203056.00 ns, 189.0203 ns/op
WorkloadResult   9: 530118 op, 98971946.00 ns, 186.6980 ns/op
WorkloadResult  10: 530118 op, 99210106.00 ns, 187.1472 ns/op
WorkloadResult  11: 530118 op, 99554408.00 ns, 187.7967 ns/op
WorkloadResult  12: 530118 op, 99368246.00 ns, 187.4455 ns/op
WorkloadResult  13: 530118 op, 98475596.00 ns, 185.7617 ns/op
WorkloadResult  14: 530118 op, 100573859.00 ns, 189.7198 ns/op
WorkloadResult  15: 530118 op, 98795451.00 ns, 186.3650 ns/op
// GC:  5 0 0 42409440 530118
// Threading:  0 0 530118

// AfterAll
// Benchmark Process 14794 has exited with code 0.

Mean = 186.788 ns, StdErr = 0.372 ns (0.20%), N = 15, StdDev = 1.440 ns
Min = 185.025 ns, Q1 = 185.628 ns, Median = 186.534 ns, Q3 = 187.621 ns, Max = 189.720 ns
IQR = 1.993 ns, LowerFence = 182.639 ns, UpperFence = 190.610 ns
ConfidenceInterval = [185.249 ns; 188.328 ns] (CI 99.9%), Margin = 1.540 ns (0.82% of Mean)
Skewness = 0.5, Kurtosis = 2.06, MValue = 2

// ** Remained 14 (15.4%) benchmark(s) to run. Estimated finish 2026-03-01 10:01 (0h 1m from now) **
// **************************
// Benchmark: Scenario1.S1_ReturnVoidErrorWithMessage_ArdalisResult: .NET 10.0(Runtime=.NET 10.0, IterationTime=100ms) [Iterations=2]
// *** Execute ***
// Launch: 1 / 1
// Execute: dotnet "Enumerations.Options.Benchmarks-.NET 10.0-1.dll" --anonymousPipes 116 118 --benchmarkName "ReillyDigital.Enumerations.Options.Benchmarks.Scenarios.Scenario1.S1_ReturnVoidErrorWithMessage_ArdalisResult(Iterations: 2)" --job ".NET 10.0" --benchmarkId 77 in /media/andrew/Slowverflow/x/devs/reilly-digital/dotnet/enumerations.options/src/Enumerations.Options.Benchmarks/bin/Debug/net10.0/Enumerations.Options.Benchmarks-.NET 10.0-1/bin/Release/net10.0
// Failed to set up high priority (Permission denied). In order to run benchmarks with high priority, make sure you have the right permissions.
// BeforeAnythingElse

// Benchmark Process Environment Information:
// BenchmarkDotNet v0.15.8
// Runtime=.NET 10.0.3 (10.0.3, 10.0.326.7603), X64 RyuJIT x86-64-v3
// GC=Concurrent Workstation
// HardwareIntrinsics=AVX2+BMI1+BMI2+F16C+FMA+LZCNT+MOVBE,AVX,SSE3+SSSE3+SSE4.1+SSE4.2+POPCNT,X86Base+SSE+SSE2,AES+PCLMUL VectorSize=256
// Job: .NET 10.0(IterationTime=100ms)

OverheadJitting  1: 1 op, 161055.00 ns, 161.0550 us/op
WorkloadJitting  1: 1 op, 2950296.00 ns, 2.9503 ms/op

OverheadJitting  2: 16 op, 198425.00 ns, 12.4016 us/op
WorkloadJitting  2: 16 op, 210990.00 ns, 13.1869 us/op

WorkloadPilot    1: 16 op, 3015.00 ns, 188.4375 ns/op
WorkloadPilot    2: 530688 op, 55635808.00 ns, 104.8371 ns/op
WorkloadPilot    3: 953872 op, 96824569.00 ns, 101.5069 ns/op
WorkloadPilot    4: 985168 op, 53013142.00 ns, 53.8113 ns/op
WorkloadPilot    5: 1858352 op, 54634351.00 ns, 29.3994 ns/op
WorkloadPilot    6: 3401440 op, 94306181.00 ns, 27.7254 ns/op
WorkloadPilot    7: 3606816 op, 100009581.00 ns, 27.7279 ns/op
WorkloadPilot    8: 3606480 op, 99682802.00 ns, 27.6399 ns/op
WorkloadPilot    9: 3617968 op, 100080655.00 ns, 27.6621 ns/op
WorkloadPilot   10: 3615056 op, 99376081.00 ns, 27.4895 ns/op
WorkloadPilot   11: 3637760 op, 99932695.00 ns, 27.4709 ns/op
WorkloadPilot   12: 3640224 op, 102599154.00 ns, 28.1848 ns/op

OverheadWarmup   1: 3640224 op, 9200853.00 ns, 2.5276 ns/op
OverheadWarmup   2: 3640224 op, 9924322.00 ns, 2.7263 ns/op
OverheadWarmup   3: 3640224 op, 9389910.00 ns, 2.5795 ns/op
OverheadWarmup   4: 3640224 op, 9425438.00 ns, 2.5892 ns/op
OverheadWarmup   5: 3640224 op, 9366706.00 ns, 2.5731 ns/op

OverheadActual   1: 3640224 op, 9303466.00 ns, 2.5557 ns/op
OverheadActual   2: 3640224 op, 9428663.00 ns, 2.5901 ns/op
OverheadActual   3: 3640224 op, 9288097.00 ns, 2.5515 ns/op
OverheadActual   4: 3640224 op, 9362648.00 ns, 2.5720 ns/op
OverheadActual   5: 3640224 op, 9357118.00 ns, 2.5705 ns/op
OverheadActual   6: 3640224 op, 9556675.00 ns, 2.6253 ns/op
OverheadActual   7: 3640224 op, 9257730.00 ns, 2.5432 ns/op
OverheadActual   8: 3640224 op, 9536918.00 ns, 2.6199 ns/op
OverheadActual   9: 3640224 op, 9333223.00 ns, 2.5639 ns/op
OverheadActual  10: 3640224 op, 9360685.00 ns, 2.5715 ns/op
OverheadActual  11: 3640224 op, 9374721.00 ns, 2.5753 ns/op
OverheadActual  12: 3640224 op, 9334766.00 ns, 2.5643 ns/op
OverheadActual  13: 3640224 op, 9226751.00 ns, 2.5347 ns/op
OverheadActual  14: 3640224 op, 9408555.00 ns, 2.5846 ns/op
OverheadActual  15: 3640224 op, 9204890.00 ns, 2.5287 ns/op

WorkloadWarmup   1: 3640224 op, 103863488.00 ns, 28.5322 ns/op
WorkloadWarmup   2: 3640224 op, 114064664.00 ns, 31.3345 ns/op
WorkloadWarmup   3: 3640224 op, 122771009.00 ns, 33.7262 ns/op
WorkloadWarmup   4: 3640224 op, 103291144.00 ns, 28.3749 ns/op
WorkloadWarmup   5: 3640224 op, 102130696.00 ns, 28.0562 ns/op
WorkloadWarmup   6: 3640224 op, 101307919.00 ns, 27.8301 ns/op
WorkloadWarmup   7: 3640224 op, 101955575.00 ns, 28.0080 ns/op
WorkloadWarmup   8: 3640224 op, 101700462.00 ns, 27.9380 ns/op

// BeforeActualRun
WorkloadActual   1: 3640224 op, 104795833.00 ns, 28.7883 ns/op
WorkloadActual   2: 3640224 op, 108570731.00 ns, 29.8253 ns/op
WorkloadActual   3: 3640224 op, 107949084.00 ns, 29.6545 ns/op
WorkloadActual   4: 3640224 op, 107574855.00 ns, 29.5517 ns/op
WorkloadActual   5: 3640224 op, 108353289.00 ns, 29.7656 ns/op
WorkloadActual   6: 3640224 op, 109033938.00 ns, 29.9525 ns/op
WorkloadActual   7: 3640224 op, 109726880.00 ns, 30.1429 ns/op
WorkloadActual   8: 3640224 op, 107862580.00 ns, 29.6308 ns/op
WorkloadActual   9: 3640224 op, 113155332.00 ns, 31.0847 ns/op
WorkloadActual  10: 3640224 op, 110224402.00 ns, 30.2796 ns/op
WorkloadActual  11: 3640224 op, 108476002.00 ns, 29.7993 ns/op
WorkloadActual  12: 3640224 op, 108663327.00 ns, 29.8507 ns/op
WorkloadActual  13: 3640224 op, 108349041.00 ns, 29.7644 ns/op
WorkloadActual  14: 3640224 op, 108694866.00 ns, 29.8594 ns/op
WorkloadActual  15: 3640224 op, 108062519.00 ns, 29.6857 ns/op

// AfterActualRun
WorkloadResult   1: 3640224 op, 95438715.00 ns, 26.2178 ns/op
WorkloadResult   2: 3640224 op, 99213613.00 ns, 27.2548 ns/op
WorkloadResult   3: 3640224 op, 98591966.00 ns, 27.0840 ns/op
WorkloadResult   4: 3640224 op, 98217737.00 ns, 26.9812 ns/op
WorkloadResult   5: 3640224 op, 98996171.00 ns, 27.1951 ns/op
WorkloadResult   6: 3640224 op, 99676820.00 ns, 27.3821 ns/op
WorkloadResult   7: 3640224 op, 100369762.00 ns, 27.5724 ns/op
WorkloadResult   8: 3640224 op, 98505462.00 ns, 27.0603 ns/op
WorkloadResult   9: 3640224 op, 99118884.00 ns, 27.2288 ns/op
WorkloadResult  10: 3640224 op, 99306209.00 ns, 27.2802 ns/op
WorkloadResult  11: 3640224 op, 98991923.00 ns, 27.1939 ns/op
WorkloadResult  12: 3640224 op, 99337748.00 ns, 27.2889 ns/op
WorkloadResult  13: 3640224 op, 98705401.00 ns, 27.1152 ns/op
// GC:  90 0 0 757166592 3640224
// Threading:  0 0 3640224

// AfterAll
// Benchmark Process 14810 has exited with code 0.

Mean = 27.143 ns, StdErr = 0.088 ns (0.32%), N = 13, StdDev = 0.316 ns
Min = 26.218 ns, Q1 = 27.084 ns, Median = 27.195 ns, Q3 = 27.280 ns, Max = 27.572 ns
IQR = 0.196 ns, LowerFence = 26.790 ns, UpperFence = 27.575 ns
ConfidenceInterval = [26.764 ns; 27.521 ns] (CI 99.9%), Margin = 0.379 ns (1.40% of Mean)
Skewness = -1.69, Kurtosis = 5.93, MValue = 2

// ** Remained 13 (14.3%) benchmark(s) to run. Estimated finish 2026-03-01 10:01 (0h 1m from now) **
// **************************
// Benchmark: Scenario1.S1_ReturnVoidErrorWithMessage_EnumerationsOptionsBoxed: .NET 10.0(Runtime=.NET 10.0, IterationTime=100ms) [Iterations=2]
// *** Execute ***
// Launch: 1 / 1
// Execute: dotnet "Enumerations.Options.Benchmarks-.NET 10.0-1.dll" --anonymousPipes 116 118 --benchmarkName "ReillyDigital.Enumerations.Options.Benchmarks.Scenarios.Scenario1.S1_ReturnVoidErrorWithMessage_EnumerationsOptionsBoxed(Iterations: 2)" --job ".NET 10.0" --benchmarkId 78 in /media/andrew/Slowverflow/x/devs/reilly-digital/dotnet/enumerations.options/src/Enumerations.Options.Benchmarks/bin/Debug/net10.0/Enumerations.Options.Benchmarks-.NET 10.0-1/bin/Release/net10.0
// Failed to set up high priority (Permission denied). In order to run benchmarks with high priority, make sure you have the right permissions.
// BeforeAnythingElse

// Benchmark Process Environment Information:
// BenchmarkDotNet v0.15.8
// Runtime=.NET 10.0.3 (10.0.3, 10.0.326.7603), X64 RyuJIT x86-64-v3
// GC=Concurrent Workstation
// HardwareIntrinsics=AVX2+BMI1+BMI2+F16C+FMA+LZCNT+MOVBE,AVX,SSE3+SSSE3+SSE4.1+SSE4.2+POPCNT,X86Base+SSE+SSE2,AES+PCLMUL VectorSize=256
// Job: .NET 10.0(IterationTime=100ms)

OverheadJitting  1: 1 op, 166596.00 ns, 166.5960 us/op
WorkloadJitting  1: 1 op, 2710673.00 ns, 2.7107 ms/op

OverheadJitting  2: 16 op, 200540.00 ns, 12.5338 us/op
WorkloadJitting  2: 16 op, 211551.00 ns, 13.2219 us/op

WorkloadPilot    1: 16 op, 2144.00 ns, 134.0000 ns/op
WorkloadPilot    2: 746272 op, 47399592.00 ns, 63.5152 ns/op
WorkloadPilot    3: 1574432 op, 92109471.00 ns, 58.5033 ns/op
WorkloadPilot    4: 1709312 op, 60180543.00 ns, 35.2075 ns/op
WorkloadPilot    5: 2840320 op, 29988745.00 ns, 10.5582 ns/op
WorkloadPilot    6: 9471296 op, 97051179.00 ns, 10.2469 ns/op
WorkloadPilot    7: 9759088 op, 99780156.00 ns, 10.2243 ns/op
WorkloadPilot    8: 9780592 op, 99294456.00 ns, 10.1522 ns/op
WorkloadPilot    9: 9850096 op, 101983668.00 ns, 10.3536 ns/op
WorkloadPilot   10: 9658512 op, 99018934.00 ns, 10.2520 ns/op
WorkloadPilot   11: 9754208 op, 99245474.00 ns, 10.1746 ns/op
WorkloadPilot   12: 9828368 op, 101248136.00 ns, 10.3016 ns/op
WorkloadPilot   13: 9707216 op, 100924463.00 ns, 10.3968 ns/op

OverheadWarmup   1: 9707216 op, 24127316.00 ns, 2.4855 ns/op
OverheadWarmup   2: 9707216 op, 24035502.00 ns, 2.4760 ns/op
OverheadWarmup   3: 9707216 op, 24121024.00 ns, 2.4849 ns/op
OverheadWarmup   4: 9707216 op, 24001457.00 ns, 2.4725 ns/op
OverheadWarmup   5: 9707216 op, 24294722.00 ns, 2.5027 ns/op
OverheadWarmup   6: 9707216 op, 24550116.00 ns, 2.5291 ns/op
OverheadWarmup   7: 9707216 op, 24125101.00 ns, 2.4853 ns/op

OverheadActual   1: 9707216 op, 24166320.00 ns, 2.4895 ns/op
OverheadActual   2: 9707216 op, 24753812.00 ns, 2.5500 ns/op
OverheadActual   3: 9707216 op, 24081268.00 ns, 2.4808 ns/op
OverheadActual   4: 9707216 op, 24262823.00 ns, 2.4995 ns/op
OverheadActual   5: 9707216 op, 24256080.00 ns, 2.4988 ns/op
OverheadActual   6: 9707216 op, 24436481.00 ns, 2.5174 ns/op
OverheadActual   7: 9707216 op, 24281628.00 ns, 2.5014 ns/op
OverheadActual   8: 9707216 op, 24562209.00 ns, 2.5303 ns/op
OverheadActual   9: 9707216 op, 23209969.00 ns, 2.3910 ns/op
OverheadActual  10: 9707216 op, 16804018.00 ns, 1.7311 ns/op
OverheadActual  11: 9707216 op, 16662782.00 ns, 1.7165 ns/op
OverheadActual  12: 9707216 op, 16674603.00 ns, 1.7178 ns/op
OverheadActual  13: 9707216 op, 16541261.00 ns, 1.7040 ns/op
OverheadActual  14: 9707216 op, 16572881.00 ns, 1.7073 ns/op
OverheadActual  15: 9707216 op, 16524800.00 ns, 1.7023 ns/op
OverheadActual  16: 9707216 op, 16506876.00 ns, 1.7005 ns/op
OverheadActual  17: 9707216 op, 16542353.00 ns, 1.7041 ns/op
OverheadActual  18: 9707216 op, 16583000.00 ns, 1.7083 ns/op
OverheadActual  19: 9707216 op, 16556750.00 ns, 1.7056 ns/op
OverheadActual  20: 9707216 op, 16587970.00 ns, 1.7088 ns/op

WorkloadWarmup   1: 9707216 op, 102313694.00 ns, 10.5400 ns/op
WorkloadWarmup   2: 9707216 op, 106175616.00 ns, 10.9378 ns/op
WorkloadWarmup   3: 9707216 op, 98198131.00 ns, 10.1160 ns/op
WorkloadWarmup   4: 9707216 op, 99103565.00 ns, 10.2093 ns/op
WorkloadWarmup   5: 9707216 op, 100837678.00 ns, 10.3879 ns/op
WorkloadWarmup   6: 9707216 op, 99188005.00 ns, 10.2180 ns/op

// BeforeActualRun
WorkloadActual   1: 9707216 op, 102928949.00 ns, 10.6033 ns/op
WorkloadActual   2: 9707216 op, 99316558.00 ns, 10.2312 ns/op
WorkloadActual   3: 9707216 op, 99525634.00 ns, 10.2527 ns/op
WorkloadActual   4: 9707216 op, 98646529.00 ns, 10.1622 ns/op
WorkloadActual   5: 9707216 op, 98569403.00 ns, 10.1542 ns/op
WorkloadActual   6: 9707216 op, 98311375.00 ns, 10.1277 ns/op
WorkloadActual   7: 9707216 op, 98198351.00 ns, 10.1160 ns/op
WorkloadActual   8: 9707216 op, 98226864.00 ns, 10.1190 ns/op
WorkloadActual   9: 9707216 op, 98299943.00 ns, 10.1265 ns/op
WorkloadActual  10: 9707216 op, 98019633.00 ns, 10.0976 ns/op
WorkloadActual  11: 9707216 op, 98497166.00 ns, 10.1468 ns/op
WorkloadActual  12: 9707216 op, 98643293.00 ns, 10.1619 ns/op
WorkloadActual  13: 9707216 op, 98473452.00 ns, 10.1444 ns/op
WorkloadActual  14: 9707216 op, 98604871.00 ns, 10.1579 ns/op
WorkloadActual  15: 9707216 op, 98657500.00 ns, 10.1633 ns/op

// AfterActualRun
WorkloadResult   1: 9707216 op, 81907218.50 ns, 8.4378 ns/op
WorkloadResult   2: 9707216 op, 81830092.50 ns, 8.4298 ns/op
WorkloadResult   3: 9707216 op, 81572064.50 ns, 8.4032 ns/op
WorkloadResult   4: 9707216 op, 81459040.50 ns, 8.3916 ns/op
WorkloadResult   5: 9707216 op, 81487553.50 ns, 8.3945 ns/op
WorkloadResult   6: 9707216 op, 81560632.50 ns, 8.4021 ns/op
WorkloadResult   7: 9707216 op, 81280322.50 ns, 8.3732 ns/op
WorkloadResult   8: 9707216 op, 81757855.50 ns, 8.4224 ns/op
WorkloadResult   9: 9707216 op, 81903982.50 ns, 8.4374 ns/op
WorkloadResult  10: 9707216 op, 81734141.50 ns, 8.4199 ns/op
WorkloadResult  11: 9707216 op, 81865560.50 ns, 8.4335 ns/op
WorkloadResult  12: 9707216 op, 81918189.50 ns, 8.4389 ns/op
// GC:  74 0 0 621261824 9707216
// Threading:  0 0 9707216

// AfterAll
// Benchmark Process 14842 has exited with code 0.

Mean = 8.415 ns, StdErr = 0.006 ns (0.07%), N = 12, StdDev = 0.022 ns
Min = 8.373 ns, Q1 = 8.400 ns, Median = 8.421 ns, Q3 = 8.434 ns, Max = 8.439 ns
IQR = 0.034 ns, LowerFence = 8.349 ns, UpperFence = 8.486 ns
ConfidenceInterval = [8.387 ns; 8.443 ns] (CI 99.9%), Margin = 0.028 ns (0.33% of Mean)
Skewness = -0.46, Kurtosis = 1.71, MValue = 2

// ** Remained 12 (13.2%) benchmark(s) to run. Estimated finish 2026-03-01 10:01 (0h 1m from now) **
// **************************
// Benchmark: Scenario1.S1_ReturnVoidErrorWithMessage_EnumerationsOptions: .NET 10.0(Runtime=.NET 10.0, IterationTime=100ms) [Iterations=2]
// *** Execute ***
// Launch: 1 / 1
// Execute: dotnet "Enumerations.Options.Benchmarks-.NET 10.0-1.dll" --anonymousPipes 116 118 --benchmarkName "ReillyDigital.Enumerations.Options.Benchmarks.Scenarios.Scenario1.S1_ReturnVoidErrorWithMessage_EnumerationsOptions(Iterations: 2)" --job ".NET 10.0" --benchmarkId 79 in /media/andrew/Slowverflow/x/devs/reilly-digital/dotnet/enumerations.options/src/Enumerations.Options.Benchmarks/bin/Debug/net10.0/Enumerations.Options.Benchmarks-.NET 10.0-1/bin/Release/net10.0
// Failed to set up high priority (Permission denied). In order to run benchmarks with high priority, make sure you have the right permissions.
// BeforeAnythingElse

// Benchmark Process Environment Information:
// BenchmarkDotNet v0.15.8
// Runtime=.NET 10.0.3 (10.0.3, 10.0.326.7603), X64 RyuJIT x86-64-v3
// GC=Concurrent Workstation
// HardwareIntrinsics=AVX2+BMI1+BMI2+F16C+FMA+LZCNT+MOVBE,AVX,SSE3+SSSE3+SSE4.1+SSE4.2+POPCNT,X86Base+SSE+SSE2,AES+PCLMUL VectorSize=256
// Job: .NET 10.0(IterationTime=100ms)

OverheadJitting  1: 1 op, 158350.00 ns, 158.3500 us/op
WorkloadJitting  1: 1 op, 2975534.00 ns, 2.9755 ms/op

OverheadJitting  2: 16 op, 196492.00 ns, 12.2808 us/op
WorkloadJitting  2: 16 op, 195510.00 ns, 12.2194 us/op

WorkloadPilot    1: 16 op, 1834.00 ns, 114.6250 ns/op
WorkloadPilot    2: 872416 op, 58891382.00 ns, 67.5038 ns/op
WorkloadPilot    3: 1481408 op, 98788959.00 ns, 66.6859 ns/op
WorkloadPilot    4: 1499568 op, 31566672.00 ns, 21.0505 ns/op
WorkloadPilot    5: 4750480 op, 8461111.00 ns, 1.7811 ns/op
WorkloadPilot    6: 56144880 op, 98956576.00 ns, 1.7625 ns/op
WorkloadPilot    7: 56736896 op, 99589955.00 ns, 1.7553 ns/op
WorkloadPilot    8: 56970512 op, 99917496.00 ns, 1.7538 ns/op
WorkloadPilot    9: 57017568 op, 100075986.00 ns, 1.7552 ns/op
WorkloadPilot   10: 56974288 op, 99962993.00 ns, 1.7545 ns/op
WorkloadPilot   11: 56995392 op, 99977780.00 ns, 1.7541 ns/op
WorkloadPilot   12: 57008064 op, 99834548.00 ns, 1.7512 ns/op
WorkloadPilot   13: 57102544 op, 100224798.00 ns, 1.7552 ns/op
WorkloadPilot   14: 56974480 op, 99753586.00 ns, 1.7508 ns/op
WorkloadPilot   15: 57115232 op, 118686566.00 ns, 2.0780 ns/op

OverheadWarmup   1: 57115232 op, 158478352.00 ns, 2.7747 ns/op
OverheadWarmup   2: 57115232 op, 104875084.00 ns, 1.8362 ns/op
OverheadWarmup   3: 57115232 op, 85731715.00 ns, 1.5010 ns/op
OverheadWarmup   4: 57115232 op, 90106308.00 ns, 1.5776 ns/op
OverheadWarmup   5: 57115232 op, 85681920.00 ns, 1.5002 ns/op
OverheadWarmup   6: 57115232 op, 85585538.00 ns, 1.4985 ns/op
OverheadWarmup   7: 57115232 op, 85624562.00 ns, 1.4992 ns/op
OverheadWarmup   8: 57115232 op, 85932074.00 ns, 1.5045 ns/op
OverheadWarmup   9: 57115232 op, 85638108.00 ns, 1.4994 ns/op

OverheadActual   1: 57115232 op, 85613091.00 ns, 1.4990 ns/op
OverheadActual   2: 57115232 op, 85750761.00 ns, 1.5014 ns/op
OverheadActual   3: 57115232 op, 85668054.00 ns, 1.4999 ns/op
OverheadActual   4: 57115232 op, 86069404.00 ns, 1.5069 ns/op
OverheadActual   5: 57115232 op, 86599187.00 ns, 1.5162 ns/op
OverheadActual   6: 57115232 op, 85992639.00 ns, 1.5056 ns/op
OverheadActual   7: 57115232 op, 85661512.00 ns, 1.4998 ns/op
OverheadActual   8: 57115232 op, 86440758.00 ns, 1.5134 ns/op
OverheadActual   9: 57115232 op, 85906396.00 ns, 1.5041 ns/op
OverheadActual  10: 57115232 op, 86701731.00 ns, 1.5180 ns/op
OverheadActual  11: 57115232 op, 86076338.00 ns, 1.5071 ns/op
OverheadActual  12: 57115232 op, 85862463.00 ns, 1.5033 ns/op
OverheadActual  13: 57115232 op, 86695780.00 ns, 1.5179 ns/op
OverheadActual  14: 57115232 op, 85935671.00 ns, 1.5046 ns/op
OverheadActual  15: 57115232 op, 86064295.00 ns, 1.5069 ns/op

WorkloadWarmup   1: 57115232 op, 100689147.00 ns, 1.7629 ns/op
WorkloadWarmup   2: 57115232 op, 100675982.00 ns, 1.7627 ns/op
WorkloadWarmup   3: 57115232 op, 100200362.00 ns, 1.7544 ns/op
WorkloadWarmup   4: 57115232 op, 100059655.00 ns, 1.7519 ns/op
WorkloadWarmup   5: 57115232 op, 99945108.00 ns, 1.7499 ns/op
WorkloadWarmup   6: 57115232 op, 100232642.00 ns, 1.7549 ns/op
WorkloadWarmup   7: 57115232 op, 100525377.00 ns, 1.7600 ns/op
WorkloadWarmup   8: 57115232 op, 101735118.00 ns, 1.7812 ns/op
WorkloadWarmup   9: 57115232 op, 100474150.00 ns, 1.7591 ns/op
WorkloadWarmup  10: 57115232 op, 102556653.00 ns, 1.7956 ns/op
WorkloadWarmup  11: 57115232 op, 101190837.00 ns, 1.7717 ns/op

// BeforeActualRun
WorkloadActual   1: 57115232 op, 101245871.00 ns, 1.7727 ns/op
WorkloadActual   2: 57115232 op, 101415603.00 ns, 1.7756 ns/op
WorkloadActual   3: 57115232 op, 101257704.00 ns, 1.7729 ns/op
WorkloadActual   4: 57115232 op, 101184826.00 ns, 1.7716 ns/op
WorkloadActual   5: 57115232 op, 101366630.00 ns, 1.7748 ns/op
WorkloadActual   6: 57115232 op, 101235512.00 ns, 1.7725 ns/op
WorkloadActual   7: 57115232 op, 101174957.00 ns, 1.7714 ns/op
WorkloadActual   8: 57115232 op, 101355178.00 ns, 1.7746 ns/op
WorkloadActual   9: 57115232 op, 101449437.00 ns, 1.7762 ns/op
WorkloadActual  10: 57115232 op, 101577419.00 ns, 1.7785 ns/op
WorkloadActual  11: 57115232 op, 101341592.00 ns, 1.7743 ns/op
WorkloadActual  12: 57115232 op, 101142295.00 ns, 1.7708 ns/op
WorkloadActual  13: 57115232 op, 101133328.00 ns, 1.7707 ns/op
WorkloadActual  14: 57115232 op, 101642993.00 ns, 1.7796 ns/op
WorkloadActual  15: 57115232 op, 101505182.00 ns, 1.7772 ns/op

// AfterActualRun
WorkloadResult   1: 57115232 op, 15253232.00 ns, 0.2671 ns/op
WorkloadResult   2: 57115232 op, 15422964.00 ns, 0.2700 ns/op
WorkloadResult   3: 57115232 op, 15265065.00 ns, 0.2673 ns/op
WorkloadResult   4: 57115232 op, 15192187.00 ns, 0.2660 ns/op
WorkloadResult   5: 57115232 op, 15373991.00 ns, 0.2692 ns/op
WorkloadResult   6: 57115232 op, 15242873.00 ns, 0.2669 ns/op
WorkloadResult   7: 57115232 op, 15182318.00 ns, 0.2658 ns/op
WorkloadResult   8: 57115232 op, 15362539.00 ns, 0.2690 ns/op
WorkloadResult   9: 57115232 op, 15456798.00 ns, 0.2706 ns/op
WorkloadResult  10: 57115232 op, 15584780.00 ns, 0.2729 ns/op
WorkloadResult  11: 57115232 op, 15348953.00 ns, 0.2687 ns/op
WorkloadResult  12: 57115232 op, 15149656.00 ns, 0.2652 ns/op
WorkloadResult  13: 57115232 op, 15140689.00 ns, 0.2651 ns/op
WorkloadResult  14: 57115232 op, 15650354.00 ns, 0.2740 ns/op
WorkloadResult  15: 57115232 op, 15512543.00 ns, 0.2716 ns/op
// GC:  0 0 0 0 57115232
// Threading:  0 0 57115232

// AfterAll
// Benchmark Process 14869 has exited with code 0.

Mean = 0.269 ns, StdErr = 0.001 ns (0.27%), N = 15, StdDev = 0.003 ns
Min = 0.265 ns, Q1 = 0.266 ns, Median = 0.269 ns, Q3 = 0.270 ns, Max = 0.274 ns
IQR = 0.004 ns, LowerFence = 0.261 ns, UpperFence = 0.276 ns
ConfidenceInterval = [0.266 ns; 0.272 ns] (CI 99.9%), Margin = 0.003 ns (1.11% of Mean)
Skewness = 0.42, Kurtosis = 1.87, MValue = 2

// ** Remained 11 (12.1%) benchmark(s) to run. Estimated finish 2026-03-01 10:01 (0h 0m from now) **
// **************************
// Benchmark: Scenario1.S1_ReturnVoidErrorWithMessage_FluentResults: .NET 10.0(Runtime=.NET 10.0, IterationTime=100ms) [Iterations=2]
// *** Execute ***
// Launch: 1 / 1
// Execute: dotnet "Enumerations.Options.Benchmarks-.NET 10.0-1.dll" --anonymousPipes 116 118 --benchmarkName "ReillyDigital.Enumerations.Options.Benchmarks.Scenarios.Scenario1.S1_ReturnVoidErrorWithMessage_FluentResults(Iterations: 2)" --job ".NET 10.0" --benchmarkId 80 in /media/andrew/Slowverflow/x/devs/reilly-digital/dotnet/enumerations.options/src/Enumerations.Options.Benchmarks/bin/Debug/net10.0/Enumerations.Options.Benchmarks-.NET 10.0-1/bin/Release/net10.0
// Failed to set up high priority (Permission denied). In order to run benchmarks with high priority, make sure you have the right permissions.
// BeforeAnythingElse

// Benchmark Process Environment Information:
// BenchmarkDotNet v0.15.8
// Runtime=.NET 10.0.3 (10.0.3, 10.0.326.7603), X64 RyuJIT x86-64-v3
// GC=Concurrent Workstation
// HardwareIntrinsics=AVX2+BMI1+BMI2+F16C+FMA+LZCNT+MOVBE,AVX,SSE3+SSSE3+SSE4.1+SSE4.2+POPCNT,X86Base+SSE+SSE2,AES+PCLMUL VectorSize=256
// Job: .NET 10.0(IterationTime=100ms)

OverheadJitting  1: 1 op, 156676.00 ns, 156.6760 us/op
WorkloadJitting  1: 1 op, 3075083.00 ns, 3.0751 ms/op

OverheadJitting  2: 16 op, 202884.00 ns, 12.6803 us/op
WorkloadJitting  2: 16 op, 238362.00 ns, 14.8976 us/op

WorkloadPilot    1: 16 op, 20439.00 ns, 1.2774 us/op
WorkloadPilot    2: 78288 op, 37115269.00 ns, 474.0863 ns/op
WorkloadPilot    3: 210944 op, 91706488.00 ns, 434.7433 ns/op
WorkloadPilot    4: 230032 op, 77562877.00 ns, 337.1830 ns/op
WorkloadPilot    5: 296576 op, 28958604.00 ns, 97.6431 ns/op
WorkloadPilot    6: 1024144 op, 93999520.00 ns, 91.7835 ns/op
WorkloadPilot    7: 1089520 op, 100408676.00 ns, 92.1586 ns/op
WorkloadPilot    8: 1085088 op, 99634069.00 ns, 91.8212 ns/op
WorkloadPilot    9: 1089088 op, 100678026.00 ns, 92.4425 ns/op
WorkloadPilot   10: 1081760 op, 99704543.00 ns, 92.1688 ns/op
WorkloadPilot   11: 1084976 op, 99752073.00 ns, 91.9394 ns/op
WorkloadPilot   12: 1087680 op, 100305571.00 ns, 92.2197 ns/op

OverheadWarmup   1: 1087680 op, 4470154.00 ns, 4.1098 ns/op
OverheadWarmup   2: 1087680 op, 4461218.00 ns, 4.1016 ns/op
OverheadWarmup   3: 1087680 op, 4437392.00 ns, 4.0797 ns/op
OverheadWarmup   4: 1087680 op, 4441831.00 ns, 4.0838 ns/op
OverheadWarmup   5: 1087680 op, 4442342.00 ns, 4.0842 ns/op
OverheadWarmup   6: 1087680 op, 4471477.00 ns, 4.1110 ns/op
OverheadWarmup   7: 1087680 op, 4445949.00 ns, 4.0876 ns/op
OverheadWarmup   8: 1087680 op, 4437883.00 ns, 4.0801 ns/op
OverheadWarmup   9: 1087680 op, 4436821.00 ns, 4.0792 ns/op
OverheadWarmup  10: 1087680 op, 4466257.00 ns, 4.1062 ns/op

OverheadActual   1: 1087680 op, 4534266.00 ns, 4.1688 ns/op
OverheadActual   2: 1087680 op, 4534416.00 ns, 4.1689 ns/op
OverheadActual   3: 1087680 op, 4537712.00 ns, 4.1719 ns/op
OverheadActual   4: 1087680 op, 4535608.00 ns, 4.1700 ns/op
OverheadActual   5: 1087680 op, 4498788.00 ns, 4.1361 ns/op
OverheadActual   6: 1087680 op, 4503678.00 ns, 4.1406 ns/op
OverheadActual   7: 1087680 op, 4505300.00 ns, 4.1421 ns/op
OverheadActual   8: 1087680 op, 4510340.00 ns, 4.1468 ns/op
OverheadActual   9: 1087680 op, 4491605.00 ns, 4.1295 ns/op
OverheadActual  10: 1087680 op, 4506202.00 ns, 4.1429 ns/op
OverheadActual  11: 1087680 op, 4478791.00 ns, 4.1177 ns/op
OverheadActual  12: 1087680 op, 4497046.00 ns, 4.1345 ns/op
OverheadActual  13: 1087680 op, 4488519.00 ns, 4.1267 ns/op
OverheadActual  14: 1087680 op, 4467360.00 ns, 4.1072 ns/op
OverheadActual  15: 1087680 op, 4479132.00 ns, 4.1181 ns/op

WorkloadWarmup   1: 1087680 op, 104467261.00 ns, 96.0460 ns/op
WorkloadWarmup   2: 1087680 op, 106406453.00 ns, 97.8288 ns/op
WorkloadWarmup   3: 1087680 op, 99765238.00 ns, 91.7230 ns/op
WorkloadWarmup   4: 1087680 op, 102854197.00 ns, 94.5629 ns/op
WorkloadWarmup   5: 1087680 op, 99248129.00 ns, 91.2475 ns/op
WorkloadWarmup   6: 1087680 op, 129052264.00 ns, 118.6491 ns/op

// BeforeActualRun
WorkloadActual   1: 1087680 op, 107606776.00 ns, 98.9324 ns/op
WorkloadActual   2: 1087680 op, 104265158.00 ns, 95.8601 ns/op
WorkloadActual   3: 1087680 op, 104008672.00 ns, 95.6243 ns/op
WorkloadActual   4: 1087680 op, 103849662.00 ns, 95.4781 ns/op
WorkloadActual   5: 1087680 op, 104055662.00 ns, 95.6675 ns/op
WorkloadActual   6: 1087680 op, 103904947.00 ns, 95.5290 ns/op
WorkloadActual   7: 1087680 op, 103628924.00 ns, 95.2752 ns/op
WorkloadActual   8: 1087680 op, 103588858.00 ns, 95.2384 ns/op
WorkloadActual   9: 1087680 op, 104209233.00 ns, 95.8087 ns/op
WorkloadActual  10: 1087680 op, 103148965.00 ns, 94.8339 ns/op
WorkloadActual  11: 1087680 op, 108234374.00 ns, 99.5094 ns/op
WorkloadActual  12: 1087680 op, 103555915.00 ns, 95.2081 ns/op
WorkloadActual  13: 1087680 op, 104605322.00 ns, 96.1729 ns/op
WorkloadActual  14: 1087680 op, 103950503.00 ns, 95.5709 ns/op
WorkloadActual  15: 1087680 op, 104282872.00 ns, 95.8764 ns/op

// AfterActualRun
WorkloadResult   1: 1087680 op, 99761480.00 ns, 91.7195 ns/op
WorkloadResult   2: 1087680 op, 99504994.00 ns, 91.4837 ns/op
WorkloadResult   3: 1087680 op, 99345984.00 ns, 91.3375 ns/op
WorkloadResult   4: 1087680 op, 99551984.00 ns, 91.5269 ns/op
WorkloadResult   5: 1087680 op, 99401269.00 ns, 91.3883 ns/op
WorkloadResult   6: 1087680 op, 99125246.00 ns, 91.1346 ns/op
WorkloadResult   7: 1087680 op, 99085180.00 ns, 91.0977 ns/op
WorkloadResult   8: 1087680 op, 99705555.00 ns, 91.6681 ns/op
WorkloadResult   9: 1087680 op, 98645287.00 ns, 90.6933 ns/op
WorkloadResult  10: 1087680 op, 99052237.00 ns, 91.0674 ns/op
WorkloadResult  11: 1087680 op, 100101644.00 ns, 92.0323 ns/op
WorkloadResult  12: 1087680 op, 99446825.00 ns, 91.4302 ns/op
WorkloadResult  13: 1087680 op, 99779194.00 ns, 91.7358 ns/op
// GC:  68 0 0 574295040 1087680
// Threading:  0 0 1087680

// AfterAll
// Benchmark Process 14898 has exited with code 0.

Mean = 91.409 ns, StdErr = 0.098 ns (0.11%), N = 13, StdDev = 0.352 ns
Min = 90.693 ns, Q1 = 91.135 ns, Median = 91.430 ns, Q3 = 91.668 ns, Max = 92.032 ns
IQR = 0.534 ns, LowerFence = 90.334 ns, UpperFence = 92.468 ns
ConfidenceInterval = [90.988 ns; 91.830 ns] (CI 99.9%), Margin = 0.421 ns (0.46% of Mean)
Skewness = -0.23, Kurtosis = 2.35, MValue = 2

// ** Remained 10 (11.0%) benchmark(s) to run. Estimated finish 2026-03-01 10:01 (0h 0m from now) **
// **************************
// Benchmark: Scenario1.S1_ReturnVoidErrorWithMessage_LightResults: .NET 10.0(Runtime=.NET 10.0, IterationTime=100ms) [Iterations=2]
// *** Execute ***
// Launch: 1 / 1
// Execute: dotnet "Enumerations.Options.Benchmarks-.NET 10.0-1.dll" --anonymousPipes 116 118 --benchmarkName "ReillyDigital.Enumerations.Options.Benchmarks.Scenarios.Scenario1.S1_ReturnVoidErrorWithMessage_LightResults(Iterations: 2)" --job ".NET 10.0" --benchmarkId 81 in /media/andrew/Slowverflow/x/devs/reilly-digital/dotnet/enumerations.options/src/Enumerations.Options.Benchmarks/bin/Debug/net10.0/Enumerations.Options.Benchmarks-.NET 10.0-1/bin/Release/net10.0
// Failed to set up high priority (Permission denied). In order to run benchmarks with high priority, make sure you have the right permissions.
// BeforeAnythingElse

// Benchmark Process Environment Information:
// BenchmarkDotNet v0.15.8
// Runtime=.NET 10.0.3 (10.0.3, 10.0.326.7603), X64 RyuJIT x86-64-v3
// GC=Concurrent Workstation
// HardwareIntrinsics=AVX2+BMI1+BMI2+F16C+FMA+LZCNT+MOVBE,AVX,SSE3+SSSE3+SSE4.1+SSE4.2+POPCNT,X86Base+SSE+SSE2,AES+PCLMUL VectorSize=256
// Job: .NET 10.0(IterationTime=100ms)

OverheadJitting  1: 1 op, 150976.00 ns, 150.9760 us/op
WorkloadJitting  1: 1 op, 2902796.00 ns, 2.9028 ms/op

OverheadJitting  2: 16 op, 197203.00 ns, 12.3252 us/op
WorkloadJitting  2: 16 op, 208134.00 ns, 13.0084 us/op

WorkloadPilot    1: 16 op, 2415.00 ns, 150.9375 ns/op
WorkloadPilot    2: 662528 op, 53452464.00 ns, 80.6796 ns/op
WorkloadPilot    3: 1239472 op, 96004447.00 ns, 77.4559 ns/op
WorkloadPilot    4: 1291072 op, 57043923.00 ns, 44.1834 ns/op
WorkloadPilot    5: 2263296 op, 51196141.00 ns, 22.6202 ns/op
WorkloadPilot    6: 4420848 op, 96019084.00 ns, 21.7196 ns/op
WorkloadPilot    7: 4604144 op, 99268316.00 ns, 21.5606 ns/op
WorkloadPilot    8: 4638080 op, 100612391.00 ns, 21.6927 ns/op
WorkloadPilot    9: 4609856 op, 99244231.00 ns, 21.5287 ns/op
WorkloadPilot   10: 4644976 op, 100552218.00 ns, 21.6475 ns/op
WorkloadPilot   11: 4619472 op, 99732196.00 ns, 21.5895 ns/op
WorkloadPilot   12: 4631888 op, 100691362.00 ns, 21.7387 ns/op

OverheadWarmup   1: 4631888 op, 12607312.00 ns, 2.7219 ns/op
OverheadWarmup   2: 4631888 op, 12530146.00 ns, 2.7052 ns/op
OverheadWarmup   3: 4631888 op, 12609276.00 ns, 2.7223 ns/op
OverheadWarmup   4: 4631888 op, 12612642.00 ns, 2.7230 ns/op
OverheadWarmup   5: 4631888 op, 12564171.00 ns, 2.7125 ns/op
OverheadWarmup   6: 4631888 op, 12641077.00 ns, 2.7291 ns/op
OverheadWarmup   7: 4631888 op, 12769720.00 ns, 2.7569 ns/op
OverheadWarmup   8: 4631888 op, 12750653.00 ns, 2.7528 ns/op

OverheadActual   1: 4631888 op, 12678347.00 ns, 2.7372 ns/op
OverheadActual   2: 4631888 op, 12720657.00 ns, 2.7463 ns/op
OverheadActual   3: 4631888 op, 12635837.00 ns, 2.7280 ns/op
OverheadActual   4: 4631888 op, 12774168.00 ns, 2.7579 ns/op
OverheadActual   5: 4631888 op, 12561104.00 ns, 2.7119 ns/op
OverheadActual   6: 4631888 op, 12591463.00 ns, 2.7184 ns/op
OverheadActual   7: 4631888 op, 12602082.00 ns, 2.7207 ns/op
OverheadActual   8: 4631888 op, 12602273.00 ns, 2.7208 ns/op
OverheadActual   9: 4631888 op, 12589969.00 ns, 2.7181 ns/op
OverheadActual  10: 4631888 op, 12649062.00 ns, 2.7309 ns/op
OverheadActual  11: 4631888 op, 12585290.00 ns, 2.7171 ns/op
OverheadActual  12: 4631888 op, 12560383.00 ns, 2.7117 ns/op
OverheadActual  13: 4631888 op, 12596732.00 ns, 2.7196 ns/op
OverheadActual  14: 4631888 op, 12610949.00 ns, 2.7226 ns/op
OverheadActual  15: 4631888 op, 9127784.00 ns, 1.9706 ns/op
OverheadActual  16: 4631888 op, 8262716.00 ns, 1.7839 ns/op
OverheadActual  17: 4631888 op, 8259911.00 ns, 1.7833 ns/op
OverheadActual  18: 4631888 op, 8177184.00 ns, 1.7654 ns/op
OverheadActual  19: 4631888 op, 8206680.00 ns, 1.7718 ns/op
OverheadActual  20: 4631888 op, 8189678.00 ns, 1.7681 ns/op

WorkloadWarmup   1: 4631888 op, 104029242.00 ns, 22.4594 ns/op
WorkloadWarmup   2: 4631888 op, 105298615.00 ns, 22.7334 ns/op
WorkloadWarmup   3: 4631888 op, 100148212.00 ns, 21.6215 ns/op
WorkloadWarmup   4: 4631888 op, 102337779.00 ns, 22.0942 ns/op
WorkloadWarmup   5: 4631888 op, 100812431.00 ns, 21.7649 ns/op
WorkloadWarmup   6: 4631888 op, 100217714.00 ns, 21.6365 ns/op

// BeforeActualRun
WorkloadActual   1: 4631888 op, 105020850.00 ns, 22.6734 ns/op
WorkloadActual   2: 4631888 op, 100770341.00 ns, 21.7558 ns/op
WorkloadActual   3: 4631888 op, 99942433.00 ns, 21.5770 ns/op
WorkloadActual   4: 4631888 op, 100551115.00 ns, 21.7085 ns/op
WorkloadActual   5: 4631888 op, 105999262.00 ns, 22.8847 ns/op
WorkloadActual   6: 4631888 op, 100251469.00 ns, 21.6438 ns/op
WorkloadActual   7: 4631888 op, 101195586.00 ns, 21.8476 ns/op
WorkloadActual   8: 4631888 op, 101331023.00 ns, 21.8768 ns/op
WorkloadActual   9: 4631888 op, 100921337.00 ns, 21.7884 ns/op
WorkloadActual  10: 4631888 op, 101975112.00 ns, 22.0159 ns/op
WorkloadActual  11: 4631888 op, 108461765.00 ns, 23.4163 ns/op
WorkloadActual  12: 4631888 op, 101550689.00 ns, 21.9243 ns/op
WorkloadActual  13: 4631888 op, 100784628.00 ns, 21.7589 ns/op
WorkloadActual  14: 4631888 op, 101073996.00 ns, 21.8213 ns/op
WorkloadActual  15: 4631888 op, 101146002.00 ns, 21.8369 ns/op

// AfterActualRun
WorkloadResult   1: 4631888 op, 88179625.00 ns, 19.0375 ns/op
WorkloadResult   2: 4631888 op, 87351717.00 ns, 18.8588 ns/op
WorkloadResult   3: 4631888 op, 87960399.00 ns, 18.9902 ns/op
WorkloadResult   4: 4631888 op, 87660753.00 ns, 18.9255 ns/op
WorkloadResult   5: 4631888 op, 88604870.00 ns, 19.1293 ns/op
WorkloadResult   6: 4631888 op, 88740307.00 ns, 19.1586 ns/op
WorkloadResult   7: 4631888 op, 88330621.00 ns, 19.0701 ns/op
WorkloadResult   8: 4631888 op, 89384396.00 ns, 19.2976 ns/op
WorkloadResult   9: 4631888 op, 88959973.00 ns, 19.2060 ns/op
WorkloadResult  10: 4631888 op, 88193912.00 ns, 19.0406 ns/op
WorkloadResult  11: 4631888 op, 88483280.00 ns, 19.1031 ns/op
WorkloadResult  12: 4631888 op, 88555286.00 ns, 19.1186 ns/op
// GC:  62 0 0 518771456 4631888
// Threading:  0 0 4631888

// AfterAll
// Benchmark Process 14925 has exited with code 0.

Mean = 19.078 ns, StdErr = 0.035 ns (0.18%), N = 12, StdDev = 0.120 ns
Min = 18.859 ns, Q1 = 19.026 ns, Median = 19.087 ns, Q3 = 19.137 ns, Max = 19.298 ns
IQR = 0.111 ns, LowerFence = 18.859 ns, UpperFence = 19.303 ns
ConfidenceInterval = [18.924 ns; 19.232 ns] (CI 99.9%), Margin = 0.154 ns (0.81% of Mean)
Skewness = -0.07, Kurtosis = 2.24, MValue = 2

// ** Remained 9 (9.9%) benchmark(s) to run. Estimated finish 2026-03-01 10:01 (0h 0m from now) **
// **************************
// Benchmark: Scenario1.S1_ReturnVoidErrorWithMessage_Rascal: .NET 10.0(Runtime=.NET 10.0, IterationTime=100ms) [Iterations=2]
// *** Execute ***
// Launch: 1 / 1
// Execute: dotnet "Enumerations.Options.Benchmarks-.NET 10.0-1.dll" --anonymousPipes 116 118 --benchmarkName "ReillyDigital.Enumerations.Options.Benchmarks.Scenarios.Scenario1.S1_ReturnVoidErrorWithMessage_Rascal(Iterations: 2)" --job ".NET 10.0" --benchmarkId 82 in /media/andrew/Slowverflow/x/devs/reilly-digital/dotnet/enumerations.options/src/Enumerations.Options.Benchmarks/bin/Debug/net10.0/Enumerations.Options.Benchmarks-.NET 10.0-1/bin/Release/net10.0
// Failed to set up high priority (Permission denied). In order to run benchmarks with high priority, make sure you have the right permissions.
// BeforeAnythingElse

// Benchmark Process Environment Information:
// BenchmarkDotNet v0.15.8
// Runtime=.NET 10.0.3 (10.0.3, 10.0.326.7603), X64 RyuJIT x86-64-v3
// GC=Concurrent Workstation
// HardwareIntrinsics=AVX2+BMI1+BMI2+F16C+FMA+LZCNT+MOVBE,AVX,SSE3+SSSE3+SSE4.1+SSE4.2+POPCNT,X86Base+SSE+SSE2,AES+PCLMUL VectorSize=256
// Job: .NET 10.0(IterationTime=100ms)

OverheadJitting  1: 1 op, 154072.00 ns, 154.0720 us/op
WorkloadJitting  1: 1 op, 2131426.00 ns, 2.1314 ms/op

OverheadJitting  2: 16 op, 203435.00 ns, 12.7147 us/op
WorkloadJitting  2: 16 op, 211401.00 ns, 13.2126 us/op

WorkloadPilot    1: 16 op, 2164.00 ns, 135.2500 ns/op
WorkloadPilot    2: 739376 op, 41495213.00 ns, 56.1219 ns/op
WorkloadPilot    3: 1781840 op, 91554460.00 ns, 51.3820 ns/op
WorkloadPilot    4: 1946208 op, 44155620.00 ns, 22.6880 ns/op
WorkloadPilot    5: 4407616 op, 42316266.00 ns, 9.6007 ns/op
WorkloadPilot    6: 10415904 op, 99285099.00 ns, 9.5321 ns/op
WorkloadPilot    7: 10490912 op, 98902153.00 ns, 9.4274 ns/op
WorkloadPilot    8: 10607376 op, 101527945.00 ns, 9.5714 ns/op
WorkloadPilot    9: 10447744 op, 98470095.00 ns, 9.4250 ns/op
WorkloadPilot   10: 10610080 op, 101287119.00 ns, 9.5463 ns/op
WorkloadPilot   11: 10475264 op, 99906475.00 ns, 9.5374 ns/op
WorkloadPilot   12: 10485072 op, 100308787.00 ns, 9.5668 ns/op

OverheadWarmup   1: 10485072 op, 28525263.00 ns, 2.7206 ns/op
OverheadWarmup   2: 10485072 op, 28500747.00 ns, 2.7182 ns/op
OverheadWarmup   3: 10485072 op, 28690285.00 ns, 2.7363 ns/op
OverheadWarmup   4: 10485072 op, 28631775.00 ns, 2.7307 ns/op
OverheadWarmup   5: 10485072 op, 28822396.00 ns, 2.7489 ns/op
OverheadWarmup   6: 10485072 op, 28902006.00 ns, 2.7565 ns/op
OverheadWarmup   7: 10485072 op, 28769366.00 ns, 2.7438 ns/op

OverheadActual   1: 10485072 op, 28644850.00 ns, 2.7320 ns/op
OverheadActual   2: 10485072 op, 28689745.00 ns, 2.7362 ns/op
OverheadActual   3: 10485072 op, 28568686.00 ns, 2.7247 ns/op
OverheadActual   4: 10485072 op, 28438559.00 ns, 2.7123 ns/op
OverheadActual   5: 10485072 op, 28782731.00 ns, 2.7451 ns/op
OverheadActual   6: 10485072 op, 28746862.00 ns, 2.7417 ns/op
OverheadActual   7: 10485072 op, 28739669.00 ns, 2.7410 ns/op
OverheadActual   8: 10485072 op, 28556853.00 ns, 2.7236 ns/op
OverheadActual   9: 10485072 op, 28551042.00 ns, 2.7230 ns/op
OverheadActual  10: 10485072 op, 27132947.00 ns, 2.5878 ns/op
OverheadActual  11: 10485072 op, 17945049.00 ns, 1.7115 ns/op
OverheadActual  12: 10485072 op, 17951963.00 ns, 1.7121 ns/op
OverheadActual  13: 10485072 op, 17953746.00 ns, 1.7123 ns/op
OverheadActual  14: 10485072 op, 17872963.00 ns, 1.7046 ns/op
OverheadActual  15: 10485072 op, 17837185.00 ns, 1.7012 ns/op
OverheadActual  16: 10485072 op, 17877652.00 ns, 1.7051 ns/op
OverheadActual  17: 10485072 op, 17867362.00 ns, 1.7041 ns/op
OverheadActual  18: 10485072 op, 17792350.00 ns, 1.6969 ns/op
OverheadActual  19: 10485072 op, 17756783.00 ns, 1.6935 ns/op
OverheadActual  20: 10485072 op, 17792841.00 ns, 1.6970 ns/op

WorkloadWarmup   1: 10485072 op, 104516094.00 ns, 9.9681 ns/op
WorkloadWarmup   2: 10485072 op, 103218066.00 ns, 9.8443 ns/op
WorkloadWarmup   3: 10485072 op, 99424823.00 ns, 9.4825 ns/op
WorkloadWarmup   4: 10485072 op, 99882450.00 ns, 9.5262 ns/op
WorkloadWarmup   5: 10485072 op, 99149992.00 ns, 9.4563 ns/op
WorkloadWarmup   6: 10485072 op, 100231130.00 ns, 9.5594 ns/op
WorkloadWarmup   7: 10485072 op, 131816167.00 ns, 12.5718 ns/op
WorkloadWarmup   8: 10485072 op, 106324438.00 ns, 10.1406 ns/op

// BeforeActualRun
WorkloadActual   1: 10485072 op, 105182255.00 ns, 10.0316 ns/op
WorkloadActual   2: 10485072 op, 100737468.00 ns, 9.6077 ns/op
WorkloadActual   3: 10485072 op, 99366092.00 ns, 9.4769 ns/op
WorkloadActual   4: 10485072 op, 99723448.00 ns, 9.5110 ns/op
WorkloadActual   5: 10485072 op, 99799423.00 ns, 9.5182 ns/op
WorkloadActual   6: 10485072 op, 99951260.00 ns, 9.5327 ns/op
WorkloadActual   7: 10485072 op, 99136236.00 ns, 9.4550 ns/op
WorkloadActual   8: 10485072 op, 99854967.00 ns, 9.5235 ns/op
WorkloadActual   9: 10485072 op, 99855088.00 ns, 9.5235 ns/op
WorkloadActual  10: 10485072 op, 99015658.00 ns, 9.4435 ns/op
WorkloadActual  11: 10485072 op, 98768811.00 ns, 9.4199 ns/op
WorkloadActual  12: 10485072 op, 99607990.00 ns, 9.5000 ns/op
WorkloadActual  13: 10485072 op, 100583758.00 ns, 9.5930 ns/op
WorkloadActual  14: 10485072 op, 104787397.00 ns, 9.9940 ns/op
WorkloadActual  15: 10485072 op, 101865464.00 ns, 9.7153 ns/op

// AfterActualRun
WorkloadResult   1: 10485072 op, 78194121.50 ns, 7.4577 ns/op
WorkloadResult   2: 10485072 op, 76822745.50 ns, 7.3269 ns/op
WorkloadResult   3: 10485072 op, 77180101.50 ns, 7.3610 ns/op
WorkloadResult   4: 10485072 op, 77256076.50 ns, 7.3682 ns/op
WorkloadResult   5: 10485072 op, 77407913.50 ns, 7.3827 ns/op
WorkloadResult   6: 10485072 op, 76592889.50 ns, 7.3049 ns/op
WorkloadResult   7: 10485072 op, 77311620.50 ns, 7.3735 ns/op
WorkloadResult   8: 10485072 op, 77311741.50 ns, 7.3735 ns/op
WorkloadResult   9: 10485072 op, 76472311.50 ns, 7.2934 ns/op
WorkloadResult  10: 10485072 op, 76225464.50 ns, 7.2699 ns/op
WorkloadResult  11: 10485072 op, 77064643.50 ns, 7.3499 ns/op
WorkloadResult  12: 10485072 op, 78040411.50 ns, 7.4430 ns/op
WorkloadResult  13: 10485072 op, 79322117.50 ns, 7.5652 ns/op
// GC:  60 0 0 503283456 10485072
// Threading:  0 0 10485072

// AfterAll
// Benchmark Process 14953 has exited with code 0.

Mean = 7.375 ns, StdErr = 0.022 ns (0.29%), N = 13, StdDev = 0.078 ns
Min = 7.270 ns, Q1 = 7.327 ns, Median = 7.368 ns, Q3 = 7.383 ns, Max = 7.565 ns
IQR = 0.056 ns, LowerFence = 7.243 ns, UpperFence = 7.466 ns
ConfidenceInterval = [7.281 ns; 7.468 ns] (CI 99.9%), Margin = 0.094 ns (1.27% of Mean)
Skewness = 0.91, Kurtosis = 3.25, MValue = 2

// ** Remained 8 (8.8%) benchmark(s) to run. Estimated finish 2026-03-01 10:01 (0h 0m from now) **
// **************************
// Benchmark: Scenario1.S1_ReturnVoidErrorWithMessage_SimpleResults: .NET 10.0(Runtime=.NET 10.0, IterationTime=100ms) [Iterations=2]
// *** Execute ***
// Launch: 1 / 1
// Execute: dotnet "Enumerations.Options.Benchmarks-.NET 10.0-1.dll" --anonymousPipes 116 118 --benchmarkName "ReillyDigital.Enumerations.Options.Benchmarks.Scenarios.Scenario1.S1_ReturnVoidErrorWithMessage_SimpleResults(Iterations: 2)" --job ".NET 10.0" --benchmarkId 83 in /media/andrew/Slowverflow/x/devs/reilly-digital/dotnet/enumerations.options/src/Enumerations.Options.Benchmarks/bin/Debug/net10.0/Enumerations.Options.Benchmarks-.NET 10.0-1/bin/Release/net10.0
// Failed to set up high priority (Permission denied). In order to run benchmarks with high priority, make sure you have the right permissions.
// BeforeAnythingElse

// Benchmark Process Environment Information:
// BenchmarkDotNet v0.15.8
// Runtime=.NET 10.0.3 (10.0.3, 10.0.326.7603), X64 RyuJIT x86-64-v3
// GC=Concurrent Workstation
// HardwareIntrinsics=AVX2+BMI1+BMI2+F16C+FMA+LZCNT+MOVBE,AVX,SSE3+SSSE3+SSE4.1+SSE4.2+POPCNT,X86Base+SSE+SSE2,AES+PCLMUL VectorSize=256
// Job: .NET 10.0(IterationTime=100ms)

OverheadJitting  1: 1 op, 154753.00 ns, 154.7530 us/op
WorkloadJitting  1: 1 op, 10294874.00 ns, 10.2949 ms/op

WorkloadPilot    1: 4 op, 9067.00 ns, 2.2668 us/op
WorkloadPilot    2: 44116 op, 18326973.00 ns, 415.4269 ns/op
WorkloadPilot    3: 240716 op, 93072154.00 ns, 386.6471 ns/op
WorkloadPilot    4: 258634 op, 99280240.00 ns, 383.8638 ns/op
WorkloadPilot    5: 260509 op, 23824612.00 ns, 91.4541 ns/op
WorkloadPilot    6: 1093445 op, 89402525.00 ns, 81.7623 ns/op
WorkloadPilot    7: 1223058 op, 99632025.00 ns, 81.4614 ns/op
WorkloadPilot    8: 1227575 op, 100282096.00 ns, 81.6912 ns/op
WorkloadPilot    9: 1224122 op, 100142813.00 ns, 81.8079 ns/op
WorkloadPilot   10: 1222376 op, 99624471.00 ns, 81.5007 ns/op
WorkloadPilot   11: 1226984 op, 99099707.00 ns, 80.7669 ns/op
WorkloadPilot   12: 1238131 op, 99986837.00 ns, 80.7563 ns/op
WorkloadPilot   13: 1238294 op, 99598873.00 ns, 80.4323 ns/op
WorkloadPilot   14: 1243281 op, 100810497.00 ns, 81.0842 ns/op

WorkloadWarmup   1: 1243281 op, 101113431.00 ns, 81.3279 ns/op
WorkloadWarmup   2: 1243281 op, 101757440.00 ns, 81.8459 ns/op
WorkloadWarmup   3: 1243281 op, 102640783.00 ns, 82.5564 ns/op
WorkloadWarmup   4: 1243281 op, 102066756.00 ns, 82.0947 ns/op
WorkloadWarmup   5: 1243281 op, 107112209.00 ns, 86.1529 ns/op
WorkloadWarmup   6: 1243281 op, 101233227.00 ns, 81.4243 ns/op

// BeforeActualRun
WorkloadActual   1: 1243281 op, 102804923.00 ns, 82.6884 ns/op
WorkloadActual   2: 1243281 op, 101405473.00 ns, 81.5628 ns/op
WorkloadActual   3: 1243281 op, 101712916.00 ns, 81.8101 ns/op
WorkloadActual   4: 1243281 op, 104155972.00 ns, 83.7751 ns/op
WorkloadActual   5: 1243281 op, 101266190.00 ns, 81.4508 ns/op
WorkloadActual   6: 1243281 op, 100792452.00 ns, 81.0697 ns/op
WorkloadActual   7: 1243281 op, 101130332.00 ns, 81.3415 ns/op
WorkloadActual   8: 1243281 op, 101379154.00 ns, 81.5416 ns/op
WorkloadActual   9: 1243281 op, 101791685.00 ns, 81.8734 ns/op
WorkloadActual  10: 1243281 op, 102723439.00 ns, 82.6229 ns/op
WorkloadActual  11: 1243281 op, 105519052.00 ns, 84.8714 ns/op
WorkloadActual  12: 1243281 op, 101117498.00 ns, 81.3312 ns/op
WorkloadActual  13: 1243281 op, 101642863.00 ns, 81.7537 ns/op
WorkloadActual  14: 1243281 op, 117339565.00 ns, 94.3790 ns/op
WorkloadActual  15: 1243281 op, 101704690.00 ns, 81.8035 ns/op

// AfterActualRun
WorkloadResult   1: 1243281 op, 102804923.00 ns, 82.6884 ns/op
WorkloadResult   2: 1243281 op, 101405473.00 ns, 81.5628 ns/op
WorkloadResult   3: 1243281 op, 101712916.00 ns, 81.8101 ns/op
WorkloadResult   4: 1243281 op, 104155972.00 ns, 83.7751 ns/op
WorkloadResult   5: 1243281 op, 101266190.00 ns, 81.4508 ns/op
WorkloadResult   6: 1243281 op, 100792452.00 ns, 81.0697 ns/op
WorkloadResult   7: 1243281 op, 101130332.00 ns, 81.3415 ns/op
WorkloadResult   8: 1243281 op, 101379154.00 ns, 81.5416 ns/op
WorkloadResult   9: 1243281 op, 101791685.00 ns, 81.8734 ns/op
WorkloadResult  10: 1243281 op, 102723439.00 ns, 82.6229 ns/op
WorkloadResult  11: 1243281 op, 101117498.00 ns, 81.3312 ns/op
WorkloadResult  12: 1243281 op, 101642863.00 ns, 81.7537 ns/op
WorkloadResult  13: 1243281 op, 101704690.00 ns, 81.8035 ns/op
// GC:  11 0 0 99462480 1243281
// Threading:  0 0 1243281

// AfterAll
// Benchmark Process 14973 has exited with code 0.

Mean = 81.894 ns, StdErr = 0.204 ns (0.25%), N = 13, StdDev = 0.734 ns
Min = 81.070 ns, Q1 = 81.451 ns, Median = 81.754 ns, Q3 = 81.873 ns, Max = 83.775 ns
IQR = 0.423 ns, LowerFence = 80.817 ns, UpperFence = 82.507 ns
ConfidenceInterval = [81.015 ns; 82.773 ns] (CI 99.9%), Margin = 0.879 ns (1.07% of Mean)
Skewness = 1.26, Kurtosis = 3.69, MValue = 2

// ** Remained 7 (7.7%) benchmark(s) to run. Estimated finish 2026-03-01 10:01 (0h 0m from now) **
// **************************
// Benchmark: Scenario1.S1_ReturnVoidSuccess_ArdalisResult: .NET 10.0(Runtime=.NET 10.0, IterationTime=100ms) [Iterations=2]
// *** Execute ***
// Launch: 1 / 1
// Execute: dotnet "Enumerations.Options.Benchmarks-.NET 10.0-1.dll" --anonymousPipes 116 118 --benchmarkName "ReillyDigital.Enumerations.Options.Benchmarks.Scenarios.Scenario1.S1_ReturnVoidSuccess_ArdalisResult(Iterations: 2)" --job ".NET 10.0" --benchmarkId 84 in /media/andrew/Slowverflow/x/devs/reilly-digital/dotnet/enumerations.options/src/Enumerations.Options.Benchmarks/bin/Debug/net10.0/Enumerations.Options.Benchmarks-.NET 10.0-1/bin/Release/net10.0
// Failed to set up high priority (Permission denied). In order to run benchmarks with high priority, make sure you have the right permissions.
// BeforeAnythingElse

// Benchmark Process Environment Information:
// BenchmarkDotNet v0.15.8
// Runtime=.NET 10.0.3 (10.0.3, 10.0.326.7603), X64 RyuJIT x86-64-v3
// GC=Concurrent Workstation
// HardwareIntrinsics=AVX2+BMI1+BMI2+F16C+FMA+LZCNT+MOVBE,AVX,SSE3+SSSE3+SSE4.1+SSE4.2+POPCNT,X86Base+SSE+SSE2,AES+PCLMUL VectorSize=256
// Job: .NET 10.0(IterationTime=100ms)

OverheadJitting  1: 1 op, 168209.00 ns, 168.2090 us/op
WorkloadJitting  1: 1 op, 2880434.00 ns, 2.8804 ms/op

OverheadJitting  2: 16 op, 207483.00 ns, 12.9677 us/op
WorkloadJitting  2: 16 op, 214526.00 ns, 13.4079 us/op

WorkloadPilot    1: 16 op, 2525.00 ns, 157.8125 ns/op
WorkloadPilot    2: 633664 op, 50075049.00 ns, 79.0246 ns/op
WorkloadPilot    3: 1265440 op, 93439509.00 ns, 73.8395 ns/op
WorkloadPilot    4: 1354288 op, 55195564.00 ns, 40.7561 ns/op
WorkloadPilot    5: 2453632 op, 44470516.00 ns, 18.1244 ns/op
WorkloadPilot    6: 5517440 op, 93502750.00 ns, 16.9468 ns/op
WorkloadPilot    7: 5900832 op, 100889917.00 ns, 17.0976 ns/op
WorkloadPilot    8: 5848784 op, 98924856.00 ns, 16.9137 ns/op
WorkloadPilot    9: 5912352 op, 100610588.00 ns, 17.0170 ns/op
WorkloadPilot   10: 5876480 op, 99510084.00 ns, 16.9336 ns/op
WorkloadPilot   11: 5905424 op, 100443923.00 ns, 17.0088 ns/op

OverheadWarmup   1: 5905424 op, 16417657.00 ns, 2.7801 ns/op
OverheadWarmup   2: 5905424 op, 16352865.00 ns, 2.7691 ns/op
OverheadWarmup   3: 5905424 op, 16359547.00 ns, 2.7703 ns/op
OverheadWarmup   4: 5905424 op, 16357654.00 ns, 2.7699 ns/op
OverheadWarmup   5: 5905424 op, 16222367.00 ns, 2.7470 ns/op
OverheadWarmup   6: 5905424 op, 16374385.00 ns, 2.7728 ns/op
OverheadWarmup   7: 5905424 op, 16289094.00 ns, 2.7583 ns/op

OverheadActual   1: 5905424 op, 16292210.00 ns, 2.7589 ns/op
OverheadActual   2: 5905424 op, 16312128.00 ns, 2.7622 ns/op
OverheadActual   3: 5905424 op, 16228218.00 ns, 2.7480 ns/op
OverheadActual   4: 5905424 op, 16278824.00 ns, 2.7566 ns/op
OverheadActual   5: 5905424 op, 16392760.00 ns, 2.7759 ns/op
OverheadActual   6: 5905424 op, 16351362.00 ns, 2.7689 ns/op
OverheadActual   7: 5905424 op, 16198853.00 ns, 2.7430 ns/op
OverheadActual   8: 5905424 op, 16658733.00 ns, 2.8209 ns/op
OverheadActual   9: 5905424 op, 16406646.00 ns, 2.7782 ns/op
OverheadActual  10: 5905424 op, 16312408.00 ns, 2.7623 ns/op
OverheadActual  11: 5905424 op, 12640104.00 ns, 2.1404 ns/op
OverheadActual  12: 5905424 op, 10606012.00 ns, 1.7960 ns/op
OverheadActual  13: 5905424 op, 10139910.00 ns, 1.7171 ns/op
OverheadActual  14: 5905424 op, 10197058.00 ns, 1.7267 ns/op
OverheadActual  15: 5905424 op, 10227085.00 ns, 1.7318 ns/op
OverheadActual  16: 5905424 op, 10146332.00 ns, 1.7181 ns/op
OverheadActual  17: 5905424 op, 10210594.00 ns, 1.7290 ns/op
OverheadActual  18: 5905424 op, 9986550.00 ns, 1.6911 ns/op
OverheadActual  19: 5905424 op, 10185186.00 ns, 1.7247 ns/op
OverheadActual  20: 5905424 op, 10127817.00 ns, 1.7150 ns/op

WorkloadWarmup   1: 5905424 op, 104011038.00 ns, 17.6128 ns/op
WorkloadWarmup   2: 5905424 op, 108268499.00 ns, 18.3337 ns/op
WorkloadWarmup   3: 5905424 op, 101325001.00 ns, 17.1580 ns/op
WorkloadWarmup   4: 5905424 op, 99429392.00 ns, 16.8370 ns/op
WorkloadWarmup   5: 5905424 op, 98006999.00 ns, 16.5961 ns/op
WorkloadWarmup   6: 5905424 op, 97944670.00 ns, 16.5855 ns/op
WorkloadWarmup   7: 5905424 op, 97809956.00 ns, 16.5627 ns/op
WorkloadWarmup   8: 5905424 op, 125584747.00 ns, 21.2660 ns/op
WorkloadWarmup   9: 5905424 op, 99468827.00 ns, 16.8436 ns/op

// BeforeActualRun
WorkloadActual   1: 5905424 op, 100483577.00 ns, 17.0155 ns/op
WorkloadActual   2: 5905424 op, 108029917.00 ns, 18.2933 ns/op
WorkloadActual   3: 5905424 op, 106813654.00 ns, 18.0874 ns/op
WorkloadActual   4: 5905424 op, 108276203.00 ns, 18.3350 ns/op
WorkloadActual   5: 5905424 op, 107019203.00 ns, 18.1222 ns/op
WorkloadActual   6: 5905424 op, 107668613.00 ns, 18.2322 ns/op
WorkloadActual   7: 5905424 op, 107688640.00 ns, 18.2355 ns/op
WorkloadActual   8: 5905424 op, 111493235.00 ns, 18.8798 ns/op
WorkloadActual   9: 5905424 op, 105110179.00 ns, 17.7989 ns/op
WorkloadActual  10: 5905424 op, 109181517.00 ns, 18.4883 ns/op
WorkloadActual  11: 5905424 op, 106314709.00 ns, 18.0029 ns/op
WorkloadActual  12: 5905424 op, 104041064.00 ns, 17.6179 ns/op
WorkloadActual  13: 5905424 op, 103344024.00 ns, 17.4998 ns/op
WorkloadActual  14: 5905424 op, 103980229.00 ns, 17.6076 ns/op
WorkloadActual  15: 5905424 op, 104392941.00 ns, 17.6775 ns/op
WorkloadActual  16: 5905424 op, 103893655.00 ns, 17.5929 ns/op
WorkloadActual  17: 5905424 op, 103682065.00 ns, 17.5571 ns/op
WorkloadActual  18: 5905424 op, 105089529.00 ns, 17.7954 ns/op
WorkloadActual  19: 5905424 op, 104498781.00 ns, 17.6954 ns/op
WorkloadActual  20: 5905424 op, 103717201.00 ns, 17.5630 ns/op
WorkloadActual  21: 5905424 op, 112037896.00 ns, 18.9720 ns/op
WorkloadActual  22: 5905424 op, 100499488.00 ns, 17.0182 ns/op
WorkloadActual  23: 5905424 op, 103392747.00 ns, 17.5081 ns/op
WorkloadActual  24: 5905424 op, 99361533.00 ns, 16.8255 ns/op
WorkloadActual  25: 5905424 op, 98203189.00 ns, 16.6293 ns/op
WorkloadActual  26: 5905424 op, 98291437.00 ns, 16.6443 ns/op
WorkloadActual  27: 5905424 op, 98264065.00 ns, 16.6396 ns/op
WorkloadActual  28: 5905424 op, 98388921.00 ns, 16.6608 ns/op
WorkloadActual  29: 5905424 op, 98288983.00 ns, 16.6438 ns/op
WorkloadActual  30: 5905424 op, 97773727.00 ns, 16.5566 ns/op
WorkloadActual  31: 5905424 op, 97738721.00 ns, 16.5507 ns/op
WorkloadActual  32: 5905424 op, 98012038.00 ns, 16.5970 ns/op
WorkloadActual  33: 5905424 op, 97474500.00 ns, 16.5059 ns/op
WorkloadActual  34: 5905424 op, 97783766.00 ns, 16.5583 ns/op
WorkloadActual  35: 5905424 op, 98428557.00 ns, 16.6675 ns/op
WorkloadActual  36: 5905424 op, 99894202.00 ns, 16.9157 ns/op
WorkloadActual  37: 5905424 op, 100839051.00 ns, 17.0757 ns/op
WorkloadActual  38: 5905424 op, 98938863.00 ns, 16.7539 ns/op
WorkloadActual  39: 5905424 op, 100502123.00 ns, 17.0186 ns/op
WorkloadActual  40: 5905424 op, 98682006.00 ns, 16.7104 ns/op
WorkloadActual  41: 5905424 op, 101593730.00 ns, 17.2035 ns/op
WorkloadActual  42: 5905424 op, 99246476.00 ns, 16.8060 ns/op
WorkloadActual  43: 5905424 op, 99835491.00 ns, 16.9057 ns/op
WorkloadActual  44: 5905424 op, 99428309.00 ns, 16.8368 ns/op
WorkloadActual  45: 5905424 op, 99483243.00 ns, 16.8461 ns/op
WorkloadActual  46: 5905424 op, 100558690.00 ns, 17.0282 ns/op
WorkloadActual  47: 5905424 op, 100017295.00 ns, 16.9365 ns/op
WorkloadActual  48: 5905424 op, 99196210.00 ns, 16.7975 ns/op

// AfterActualRun
WorkloadResult   1: 5905424 op, 86064098.50 ns, 14.5737 ns/op
WorkloadResult   2: 5905424 op, 93610438.50 ns, 15.8516 ns/op
WorkloadResult   3: 5905424 op, 92394175.50 ns, 15.6456 ns/op
WorkloadResult   4: 5905424 op, 93856724.50 ns, 15.8933 ns/op
WorkloadResult   5: 5905424 op, 92599724.50 ns, 15.6805 ns/op
WorkloadResult   6: 5905424 op, 93249134.50 ns, 15.7904 ns/op
WorkloadResult   7: 5905424 op, 93269161.50 ns, 15.7938 ns/op
WorkloadResult   8: 5905424 op, 97073756.50 ns, 16.4381 ns/op
WorkloadResult   9: 5905424 op, 90690700.50 ns, 15.3572 ns/op
WorkloadResult  10: 5905424 op, 94762038.50 ns, 16.0466 ns/op
WorkloadResult  11: 5905424 op, 91895230.50 ns, 15.5612 ns/op
WorkloadResult  12: 5905424 op, 89621585.50 ns, 15.1761 ns/op
WorkloadResult  13: 5905424 op, 88924545.50 ns, 15.0581 ns/op
WorkloadResult  14: 5905424 op, 89560750.50 ns, 15.1658 ns/op
WorkloadResult  15: 5905424 op, 89973462.50 ns, 15.2357 ns/op
WorkloadResult  16: 5905424 op, 89474176.50 ns, 15.1512 ns/op
WorkloadResult  17: 5905424 op, 89262586.50 ns, 15.1154 ns/op
WorkloadResult  18: 5905424 op, 90670050.50 ns, 15.3537 ns/op
WorkloadResult  19: 5905424 op, 90079302.50 ns, 15.2537 ns/op
WorkloadResult  20: 5905424 op, 89297722.50 ns, 15.1213 ns/op
WorkloadResult  21: 5905424 op, 97618417.50 ns, 16.5303 ns/op
WorkloadResult  22: 5905424 op, 86080009.50 ns, 14.5764 ns/op
WorkloadResult  23: 5905424 op, 88973268.50 ns, 15.0664 ns/op
WorkloadResult  24: 5905424 op, 84942054.50 ns, 14.3837 ns/op
WorkloadResult  25: 5905424 op, 83783710.50 ns, 14.1876 ns/op
WorkloadResult  26: 5905424 op, 83871958.50 ns, 14.2025 ns/op
WorkloadResult  27: 5905424 op, 83844586.50 ns, 14.1979 ns/op
WorkloadResult  28: 5905424 op, 83969442.50 ns, 14.2190 ns/op
WorkloadResult  29: 5905424 op, 83869504.50 ns, 14.2021 ns/op
WorkloadResult  30: 5905424 op, 83354248.50 ns, 14.1149 ns/op
WorkloadResult  31: 5905424 op, 83319242.50 ns, 14.1089 ns/op
WorkloadResult  32: 5905424 op, 83592559.50 ns, 14.1552 ns/op
WorkloadResult  33: 5905424 op, 83055021.50 ns, 14.0642 ns/op
WorkloadResult  34: 5905424 op, 83364287.50 ns, 14.1166 ns/op
WorkloadResult  35: 5905424 op, 84009078.50 ns, 14.2257 ns/op
WorkloadResult  36: 5905424 op, 85474723.50 ns, 14.4739 ns/op
WorkloadResult  37: 5905424 op, 86419572.50 ns, 14.6339 ns/op
WorkloadResult  38: 5905424 op, 84519384.50 ns, 14.3122 ns/op
WorkloadResult  39: 5905424 op, 86082644.50 ns, 14.5769 ns/op
WorkloadResult  40: 5905424 op, 84262527.50 ns, 14.2687 ns/op
WorkloadResult  41: 5905424 op, 87174251.50 ns, 14.7617 ns/op
WorkloadResult  42: 5905424 op, 84826997.50 ns, 14.3643 ns/op
WorkloadResult  43: 5905424 op, 85416012.50 ns, 14.4640 ns/op
WorkloadResult  44: 5905424 op, 85008830.50 ns, 14.3950 ns/op
WorkloadResult  45: 5905424 op, 85063764.50 ns, 14.4043 ns/op
WorkloadResult  46: 5905424 op, 86139211.50 ns, 14.5865 ns/op
WorkloadResult  47: 5905424 op, 85597816.50 ns, 14.4948 ns/op
WorkloadResult  48: 5905424 op, 84776731.50 ns, 14.3557 ns/op
// GC:  101 0 0 850381056 5905424
// Threading:  0 0 5905424

// AfterAll
// Benchmark Process 14989 has exited with code 0.

Mean = 14.869 ns, StdErr = 0.098 ns (0.66%), N = 48, StdDev = 0.677 ns
Min = 14.064 ns, Q1 = 14.301 ns, Median = 14.582 ns, Q3 = 15.279 ns, Max = 16.530 ns
IQR = 0.977 ns, LowerFence = 12.835 ns, UpperFence = 16.745 ns
ConfidenceInterval = [14.526 ns; 15.212 ns] (CI 99.9%), Margin = 0.343 ns (2.31% of Mean)
Skewness = 0.69, Kurtosis = 2.36, MValue = 2.75

// ** Remained 6 (6.6%) benchmark(s) to run. Estimated finish 2026-03-01 10:01 (0h 0m from now) **
// **************************
// Benchmark: Scenario1.S1_ReturnVoidSuccess_EnumerationsOptionsBoxed: .NET 10.0(Runtime=.NET 10.0, IterationTime=100ms) [Iterations=2]
// *** Execute ***
// Launch: 1 / 1
// Execute: dotnet "Enumerations.Options.Benchmarks-.NET 10.0-1.dll" --anonymousPipes 116 118 --benchmarkName "ReillyDigital.Enumerations.Options.Benchmarks.Scenarios.Scenario1.S1_ReturnVoidSuccess_EnumerationsOptionsBoxed(Iterations: 2)" --job ".NET 10.0" --benchmarkId 85 in /media/andrew/Slowverflow/x/devs/reilly-digital/dotnet/enumerations.options/src/Enumerations.Options.Benchmarks/bin/Debug/net10.0/Enumerations.Options.Benchmarks-.NET 10.0-1/bin/Release/net10.0
// Failed to set up high priority (Permission denied). In order to run benchmarks with high priority, make sure you have the right permissions.
// BeforeAnythingElse

// Benchmark Process Environment Information:
// BenchmarkDotNet v0.15.8
// Runtime=.NET 10.0.3 (10.0.3, 10.0.326.7603), X64 RyuJIT x86-64-v3
// GC=Concurrent Workstation
// HardwareIntrinsics=AVX2+BMI1+BMI2+F16C+FMA+LZCNT+MOVBE,AVX,SSE3+SSSE3+SSE4.1+SSE4.2+POPCNT,X86Base+SSE+SSE2,AES+PCLMUL VectorSize=256
// Job: .NET 10.0(IterationTime=100ms)

OverheadJitting  1: 1 op, 161826.00 ns, 161.8260 us/op
WorkloadJitting  1: 1 op, 2675967.00 ns, 2.6760 ms/op

OverheadJitting  2: 16 op, 207934.00 ns, 12.9959 us/op
WorkloadJitting  2: 16 op, 208665.00 ns, 13.0416 us/op

WorkloadPilot    1: 16 op, 1032.00 ns, 64.5000 ns/op
WorkloadPilot    2: 1550400 op, 47533946.00 ns, 30.6591 ns/op
WorkloadPilot    3: 3261680 op, 99245724.00 ns, 30.4278 ns/op
WorkloadPilot    4: 3286480 op, 43516449.00 ns, 13.2411 ns/op
WorkloadPilot    5: 7552272 op, 13328868.00 ns, 1.7649 ns/op
WorkloadPilot    6: 56661024 op, 98999979.00 ns, 1.7472 ns/op
WorkloadPilot    7: 57233376 op, 99993681.00 ns, 1.7471 ns/op
WorkloadPilot    8: 57237008 op, 99719411.00 ns, 1.7422 ns/op
WorkloadPilot    9: 57398064 op, 100510158.00 ns, 1.7511 ns/op
WorkloadPilot   10: 57106736 op, 99922425.00 ns, 1.7497 ns/op
WorkloadPilot   11: 57151072 op, 101571288.00 ns, 1.7772 ns/op
WorkloadPilot   12: 56266960 op, 98369154.00 ns, 1.7483 ns/op
WorkloadPilot   13: 57199808 op, 100035089.00 ns, 1.7489 ns/op

OverheadWarmup   1: 57199808 op, 141010567.00 ns, 2.4652 ns/op
OverheadWarmup   2: 57199808 op, 110268145.00 ns, 1.9278 ns/op
OverheadWarmup   3: 57199808 op, 85850861.00 ns, 1.5009 ns/op
OverheadWarmup   4: 57199808 op, 86005644.00 ns, 1.5036 ns/op
OverheadWarmup   5: 57199808 op, 85930561.00 ns, 1.5023 ns/op
OverheadWarmup   6: 57199808 op, 86063052.00 ns, 1.5046 ns/op
OverheadWarmup   7: 57199808 op, 85840461.00 ns, 1.5007 ns/op

OverheadActual   1: 57199808 op, 86514247.00 ns, 1.5125 ns/op
OverheadActual   2: 57199808 op, 85778683.00 ns, 1.4996 ns/op
OverheadActual   3: 57199808 op, 85781519.00 ns, 1.4997 ns/op
OverheadActual   4: 57199808 op, 91490860.00 ns, 1.5995 ns/op
OverheadActual   5: 57199808 op, 94901247.00 ns, 1.6591 ns/op
OverheadActual   6: 57199808 op, 87565277.00 ns, 1.5309 ns/op
OverheadActual   7: 57199808 op, 86197457.00 ns, 1.5070 ns/op
OverheadActual   8: 57199808 op, 86551477.00 ns, 1.5131 ns/op
OverheadActual   9: 57199808 op, 86137433.00 ns, 1.5059 ns/op
OverheadActual  10: 57199808 op, 85758636.00 ns, 1.4993 ns/op
OverheadActual  11: 57199808 op, 85856430.00 ns, 1.5010 ns/op
OverheadActual  12: 57199808 op, 86175004.00 ns, 1.5066 ns/op
OverheadActual  13: 57199808 op, 86001445.00 ns, 1.5035 ns/op
OverheadActual  14: 57199808 op, 87717485.00 ns, 1.5335 ns/op
OverheadActual  15: 57199808 op, 85979505.00 ns, 1.5031 ns/op

WorkloadWarmup   1: 57199808 op, 99551553.00 ns, 1.7404 ns/op
WorkloadWarmup   2: 57199808 op, 100870721.00 ns, 1.7635 ns/op
WorkloadWarmup   3: 57199808 op, 100025641.00 ns, 1.7487 ns/op
WorkloadWarmup   4: 57199808 op, 101270639.00 ns, 1.7705 ns/op
WorkloadWarmup   5: 57199808 op, 101173594.00 ns, 1.7688 ns/op
WorkloadWarmup   6: 57199808 op, 101017759.00 ns, 1.7661 ns/op

// BeforeActualRun
WorkloadActual   1: 57199808 op, 100520698.00 ns, 1.7574 ns/op
WorkloadActual   2: 57199808 op, 100242681.00 ns, 1.7525 ns/op
WorkloadActual   3: 57199808 op, 100051009.00 ns, 1.7491 ns/op
WorkloadActual   4: 57199808 op, 101278573.00 ns, 1.7706 ns/op
WorkloadActual   5: 57199808 op, 100104791.00 ns, 1.7501 ns/op
WorkloadActual   6: 57199808 op, 101306185.00 ns, 1.7711 ns/op
WorkloadActual   7: 57199808 op, 100002688.00 ns, 1.7483 ns/op
WorkloadActual   8: 57199808 op, 102077235.00 ns, 1.7846 ns/op
WorkloadActual   9: 57199808 op, 100564461.00 ns, 1.7581 ns/op
WorkloadActual  10: 57199808 op, 100342210.00 ns, 1.7542 ns/op
WorkloadActual  11: 57199808 op, 100482867.00 ns, 1.7567 ns/op
WorkloadActual  12: 57199808 op, 100497244.00 ns, 1.7570 ns/op
WorkloadActual  13: 57199808 op, 100594087.00 ns, 1.7586 ns/op
WorkloadActual  14: 57199808 op, 100364262.00 ns, 1.7546 ns/op
WorkloadActual  15: 57199808 op, 100293057.00 ns, 1.7534 ns/op

// AfterActualRun
WorkloadResult   1: 57199808 op, 14345694.00 ns, 0.2508 ns/op
WorkloadResult   2: 57199808 op, 14067677.00 ns, 0.2459 ns/op
WorkloadResult   3: 57199808 op, 13876005.00 ns, 0.2426 ns/op
WorkloadResult   4: 57199808 op, 13929787.00 ns, 0.2435 ns/op
WorkloadResult   5: 57199808 op, 13827684.00 ns, 0.2417 ns/op
WorkloadResult   6: 57199808 op, 14389457.00 ns, 0.2516 ns/op
WorkloadResult   7: 57199808 op, 14167206.00 ns, 0.2477 ns/op
WorkloadResult   8: 57199808 op, 14307863.00 ns, 0.2501 ns/op
WorkloadResult   9: 57199808 op, 14322240.00 ns, 0.2504 ns/op
WorkloadResult  10: 57199808 op, 14419083.00 ns, 0.2521 ns/op
WorkloadResult  11: 57199808 op, 14189258.00 ns, 0.2481 ns/op
WorkloadResult  12: 57199808 op, 14118053.00 ns, 0.2468 ns/op
// GC:  0 0 0 0 57199808
// Threading:  0 0 57199808

// AfterAll
// Benchmark Process 15036 has exited with code 0.

Mean = 0.248 ns, StdErr = 0.001 ns (0.42%), N = 12, StdDev = 0.004 ns
Min = 0.242 ns, Q1 = 0.245 ns, Median = 0.248 ns, Q3 = 0.250 ns, Max = 0.252 ns
IQR = 0.005 ns, LowerFence = 0.238 ns, UpperFence = 0.258 ns
ConfidenceInterval = [0.243 ns; 0.252 ns] (CI 99.9%), Margin = 0.005 ns (1.84% of Mean)
Skewness = -0.33, Kurtosis = 1.52, MValue = 2

// ** Remained 5 (5.5%) benchmark(s) to run. Estimated finish 2026-03-01 10:01 (0h 0m from now) **
// **************************
// Benchmark: Scenario1.S1_ReturnVoidSuccess_EnumerationsOptions: .NET 10.0(Runtime=.NET 10.0, IterationTime=100ms) [Iterations=2]
// *** Execute ***
// Launch: 1 / 1
// Execute: dotnet "Enumerations.Options.Benchmarks-.NET 10.0-1.dll" --anonymousPipes 116 118 --benchmarkName "ReillyDigital.Enumerations.Options.Benchmarks.Scenarios.Scenario1.S1_ReturnVoidSuccess_EnumerationsOptions(Iterations: 2)" --job ".NET 10.0" --benchmarkId 86 in /media/andrew/Slowverflow/x/devs/reilly-digital/dotnet/enumerations.options/src/Enumerations.Options.Benchmarks/bin/Debug/net10.0/Enumerations.Options.Benchmarks-.NET 10.0-1/bin/Release/net10.0
// Failed to set up high priority (Permission denied). In order to run benchmarks with high priority, make sure you have the right permissions.
// BeforeAnythingElse

// Benchmark Process Environment Information:
// BenchmarkDotNet v0.15.8
// Runtime=.NET 10.0.3 (10.0.3, 10.0.326.7603), X64 RyuJIT x86-64-v3
// GC=Concurrent Workstation
// HardwareIntrinsics=AVX2+BMI1+BMI2+F16C+FMA+LZCNT+MOVBE,AVX,SSE3+SSSE3+SSE4.1+SSE4.2+POPCNT,X86Base+SSE+SSE2,AES+PCLMUL VectorSize=256
// Job: .NET 10.0(IterationTime=100ms)

OverheadJitting  1: 1 op, 156276.00 ns, 156.2760 us/op
WorkloadJitting  1: 1 op, 2957650.00 ns, 2.9577 ms/op

OverheadJitting  2: 16 op, 195720.00 ns, 12.2325 us/op
WorkloadJitting  2: 16 op, 195651.00 ns, 12.2282 us/op

WorkloadPilot    1: 16 op, 1883.00 ns, 117.6875 ns/op
WorkloadPilot    2: 849712 op, 55897644.00 ns, 65.7842 ns/op
WorkloadPilot    3: 1520128 op, 99391149.00 ns, 65.3834 ns/op
WorkloadPilot    4: 1529440 op, 35750515.00 ns, 23.3749 ns/op
WorkloadPilot    5: 4278096 op, 7508768.00 ns, 1.7552 ns/op
WorkloadPilot    6: 56974688 op, 101940987.00 ns, 1.7892 ns/op
WorkloadPilot    7: 55889888 op, 99098095.00 ns, 1.7731 ns/op
WorkloadPilot    8: 56398560 op, 100240177.00 ns, 1.7774 ns/op
WorkloadPilot    9: 56263440 op, 98251671.00 ns, 1.7463 ns/op
WorkloadPilot   10: 57264624 op, 99667472.00 ns, 1.7405 ns/op
WorkloadPilot   11: 57455680 op, 100237111.00 ns, 1.7446 ns/op

OverheadWarmup   1: 57455680 op, 155200105.00 ns, 2.7012 ns/op
OverheadWarmup   2: 57455680 op, 107603810.00 ns, 1.8728 ns/op
OverheadWarmup   3: 57455680 op, 86276296.00 ns, 1.5016 ns/op
OverheadWarmup   4: 57455680 op, 86495271.00 ns, 1.5054 ns/op
OverheadWarmup   5: 57455680 op, 86634334.00 ns, 1.5078 ns/op
OverheadWarmup   6: 57455680 op, 87638094.00 ns, 1.5253 ns/op
OverheadWarmup   7: 57455680 op, 86717872.00 ns, 1.5093 ns/op
OverheadWarmup   8: 57455680 op, 87606244.00 ns, 1.5248 ns/op
OverheadWarmup   9: 57455680 op, 86222845.00 ns, 1.5007 ns/op

OverheadActual   1: 57455680 op, 86150658.00 ns, 1.4994 ns/op
OverheadActual   2: 57455680 op, 86226692.00 ns, 1.5008 ns/op
OverheadActual   3: 57455680 op, 87658724.00 ns, 1.5257 ns/op
OverheadActual   4: 57455680 op, 86356698.00 ns, 1.5030 ns/op
OverheadActual   5: 57455680 op, 86260707.00 ns, 1.5013 ns/op
OverheadActual   6: 57455680 op, 86251179.00 ns, 1.5012 ns/op
OverheadActual   7: 57455680 op, 86270895.00 ns, 1.5015 ns/op
OverheadActual   8: 57455680 op, 86356708.00 ns, 1.5030 ns/op
OverheadActual   9: 57455680 op, 86260707.00 ns, 1.5013 ns/op
OverheadActual  10: 57455680 op, 86189582.00 ns, 1.5001 ns/op
OverheadActual  11: 57455680 op, 86289100.00 ns, 1.5018 ns/op
OverheadActual  12: 57455680 op, 86642109.00 ns, 1.5080 ns/op
OverheadActual  13: 57455680 op, 86216242.00 ns, 1.5006 ns/op
OverheadActual  14: 57455680 op, 87953642.00 ns, 1.5308 ns/op
OverheadActual  15: 57455680 op, 86191075.00 ns, 1.5001 ns/op

WorkloadWarmup   1: 57455680 op, 100791410.00 ns, 1.7542 ns/op
WorkloadWarmup   2: 57455680 op, 100300161.00 ns, 1.7457 ns/op
WorkloadWarmup   3: 57455680 op, 99954917.00 ns, 1.7397 ns/op
WorkloadWarmup   4: 57455680 op, 100149996.00 ns, 1.7431 ns/op
WorkloadWarmup   5: 57455680 op, 99992879.00 ns, 1.7403 ns/op
WorkloadWarmup   6: 57455680 op, 99985635.00 ns, 1.7402 ns/op
WorkloadWarmup   7: 57455680 op, 99910222.00 ns, 1.7389 ns/op
WorkloadWarmup   8: 57455680 op, 125014277.00 ns, 2.1758 ns/op
WorkloadWarmup   9: 57455680 op, 100715677.00 ns, 1.7529 ns/op

// BeforeActualRun
WorkloadActual   1: 57455680 op, 100539023.00 ns, 1.7499 ns/op
WorkloadActual   2: 57455680 op, 100390552.00 ns, 1.7473 ns/op
WorkloadActual   3: 57455680 op, 100348502.00 ns, 1.7465 ns/op
WorkloadActual   4: 57455680 op, 100229968.00 ns, 1.7445 ns/op
WorkloadActual   5: 57455680 op, 100165746.00 ns, 1.7434 ns/op
WorkloadActual   6: 57455680 op, 100226581.00 ns, 1.7444 ns/op
WorkloadActual   7: 57455680 op, 100105923.00 ns, 1.7423 ns/op
WorkloadActual   8: 57455680 op, 100042302.00 ns, 1.7412 ns/op
WorkloadActual   9: 57455680 op, 100047662.00 ns, 1.7413 ns/op
WorkloadActual  10: 57455680 op, 99955669.00 ns, 1.7397 ns/op
WorkloadActual  11: 57455680 op, 100340517.00 ns, 1.7464 ns/op
WorkloadActual  12: 57455680 op, 100710939.00 ns, 1.7528 ns/op
WorkloadActual  13: 57455680 op, 100434565.00 ns, 1.7480 ns/op
WorkloadActual  14: 57455680 op, 100133385.00 ns, 1.7428 ns/op
WorkloadActual  15: 57455680 op, 100907090.00 ns, 1.7563 ns/op

// AfterActualRun
WorkloadResult   1: 57455680 op, 14278316.00 ns, 0.2485 ns/op
WorkloadResult   2: 57455680 op, 14129845.00 ns, 0.2459 ns/op
WorkloadResult   3: 57455680 op, 14087795.00 ns, 0.2452 ns/op
WorkloadResult   4: 57455680 op, 13969261.00 ns, 0.2431 ns/op
WorkloadResult   5: 57455680 op, 13905039.00 ns, 0.2420 ns/op
WorkloadResult   6: 57455680 op, 13965874.00 ns, 0.2431 ns/op
WorkloadResult   7: 57455680 op, 13845216.00 ns, 0.2410 ns/op
WorkloadResult   8: 57455680 op, 13781595.00 ns, 0.2399 ns/op
WorkloadResult   9: 57455680 op, 13786955.00 ns, 0.2400 ns/op
WorkloadResult  10: 57455680 op, 13694962.00 ns, 0.2384 ns/op
WorkloadResult  11: 57455680 op, 14079810.00 ns, 0.2451 ns/op
WorkloadResult  12: 57455680 op, 14450232.00 ns, 0.2515 ns/op
WorkloadResult  13: 57455680 op, 14173858.00 ns, 0.2467 ns/op
WorkloadResult  14: 57455680 op, 13872678.00 ns, 0.2415 ns/op
// GC:  0 0 0 0 57455680
// Threading:  0 0 57455680

// AfterAll
// Benchmark Process 15065 has exited with code 0.

Mean = 0.244 ns, StdErr = 0.001 ns (0.40%), N = 14, StdDev = 0.004 ns
Min = 0.238 ns, Q1 = 0.241 ns, Median = 0.243 ns, Q3 = 0.246 ns, Max = 0.252 ns
IQR = 0.005 ns, LowerFence = 0.234 ns, UpperFence = 0.253 ns
ConfidenceInterval = [0.240 ns; 0.248 ns] (CI 99.9%), Margin = 0.004 ns (1.70% of Mean)
Skewness = 0.48, Kurtosis = 2.23, MValue = 2

// ** Remained 4 (4.4%) benchmark(s) to run. Estimated finish 2026-03-01 10:01 (0h 0m from now) **
// **************************
// Benchmark: Scenario1.S1_ReturnVoidSuccess_FluentResults: .NET 10.0(Runtime=.NET 10.0, IterationTime=100ms) [Iterations=2]
// *** Execute ***
// Launch: 1 / 1
// Execute: dotnet "Enumerations.Options.Benchmarks-.NET 10.0-1.dll" --anonymousPipes 116 118 --benchmarkName "ReillyDigital.Enumerations.Options.Benchmarks.Scenarios.Scenario1.S1_ReturnVoidSuccess_FluentResults(Iterations: 2)" --job ".NET 10.0" --benchmarkId 87 in /media/andrew/Slowverflow/x/devs/reilly-digital/dotnet/enumerations.options/src/Enumerations.Options.Benchmarks/bin/Debug/net10.0/Enumerations.Options.Benchmarks-.NET 10.0-1/bin/Release/net10.0
// Failed to set up high priority (Permission denied). In order to run benchmarks with high priority, make sure you have the right permissions.
// BeforeAnythingElse

// Benchmark Process Environment Information:
// BenchmarkDotNet v0.15.8
// Runtime=.NET 10.0.3 (10.0.3, 10.0.326.7603), X64 RyuJIT x86-64-v3
// GC=Concurrent Workstation
// HardwareIntrinsics=AVX2+BMI1+BMI2+F16C+FMA+LZCNT+MOVBE,AVX,SSE3+SSSE3+SSE4.1+SSE4.2+POPCNT,X86Base+SSE+SSE2,AES+PCLMUL VectorSize=256
// Job: .NET 10.0(IterationTime=100ms)

OverheadJitting  1: 1 op, 192946.00 ns, 192.9460 us/op
WorkloadJitting  1: 1 op, 3214507.00 ns, 3.2145 ms/op

OverheadJitting  2: 16 op, 211430.00 ns, 13.2144 us/op
WorkloadJitting  2: 16 op, 218263.00 ns, 13.6414 us/op

WorkloadPilot    1: 16 op, 3426.00 ns, 214.1250 ns/op
WorkloadPilot    2: 467024 op, 40153271.00 ns, 85.9769 ns/op
WorkloadPilot    3: 1163104 op, 87771377.00 ns, 75.4631 ns/op
WorkloadPilot    4: 1325152 op, 59634850.00 ns, 45.0023 ns/op
WorkloadPilot    5: 2222112 op, 52815557.00 ns, 23.7682 ns/op
WorkloadPilot    6: 4207312 op, 96753335.00 ns, 22.9965 ns/op
WorkloadPilot    7: 4348496 op, 97788785.00 ns, 22.4880 ns/op
WorkloadPilot    8: 4446832 op, 99299787.00 ns, 22.3305 ns/op
WorkloadPilot    9: 4478192 op, 99815653.00 ns, 22.2893 ns/op
WorkloadPilot   10: 4486464 op, 99909110.00 ns, 22.2690 ns/op
WorkloadPilot   11: 4490560 op, 99715934.00 ns, 22.2057 ns/op
WorkloadPilot   12: 4503360 op, 100605208.00 ns, 22.3400 ns/op
WorkloadPilot   13: 4476272 op, 99456022.00 ns, 22.2185 ns/op
WorkloadPilot   14: 4500768 op, 99943284.00 ns, 22.2058 ns/op
WorkloadPilot   15: 4503328 op, 98912332.00 ns, 21.9643 ns/op
WorkloadPilot   16: 4552848 op, 100067730.00 ns, 21.9792 ns/op
WorkloadPilot   17: 4549776 op, 100311071.00 ns, 22.0475 ns/op

OverheadWarmup   1: 4549776 op, 12485442.00 ns, 2.7442 ns/op
OverheadWarmup   2: 4549776 op, 12668308.00 ns, 2.7844 ns/op
OverheadWarmup   3: 4549776 op, 12448892.00 ns, 2.7362 ns/op
OverheadWarmup   4: 4549776 op, 12583668.00 ns, 2.7658 ns/op
OverheadWarmup   5: 4549776 op, 12513384.00 ns, 2.7503 ns/op

OverheadActual   1: 4549776 op, 12586923.00 ns, 2.7665 ns/op
OverheadActual   2: 4549776 op, 12464653.00 ns, 2.7396 ns/op
OverheadActual   3: 4549776 op, 12606981.00 ns, 2.7709 ns/op
OverheadActual   4: 4549776 op, 12668638.00 ns, 2.7845 ns/op
OverheadActual   5: 4549776 op, 12712592.00 ns, 2.7941 ns/op
OverheadActual   6: 4549776 op, 12518053.00 ns, 2.7514 ns/op
OverheadActual   7: 4549776 op, 12637489.00 ns, 2.7776 ns/op
OverheadActual   8: 4549776 op, 12464471.00 ns, 2.7396 ns/op
OverheadActual   9: 4549776 op, 12432962.00 ns, 2.7327 ns/op
OverheadActual  10: 4549776 op, 12587525.00 ns, 2.7666 ns/op
OverheadActual  11: 4549776 op, 12684589.00 ns, 2.7880 ns/op
OverheadActual  12: 4549776 op, 12694587.00 ns, 2.7902 ns/op
OverheadActual  13: 4549776 op, 12603776.00 ns, 2.7702 ns/op
OverheadActual  14: 4549776 op, 12469371.00 ns, 2.7407 ns/op
OverheadActual  15: 4549776 op, 12600990.00 ns, 2.7696 ns/op

WorkloadWarmup   1: 4549776 op, 103441769.00 ns, 22.7356 ns/op
WorkloadWarmup   2: 4549776 op, 107581258.00 ns, 23.6454 ns/op
WorkloadWarmup   3: 4549776 op, 100440226.00 ns, 22.0759 ns/op
WorkloadWarmup   4: 4549776 op, 100601571.00 ns, 22.1113 ns/op
WorkloadWarmup   5: 4549776 op, 101378914.00 ns, 22.2822 ns/op
WorkloadWarmup   6: 4549776 op, 100119890.00 ns, 22.0055 ns/op

// BeforeActualRun
WorkloadActual   1: 4549776 op, 103210562.00 ns, 22.6848 ns/op
WorkloadActual   2: 4549776 op, 104802837.00 ns, 23.0347 ns/op
WorkloadActual   3: 4549776 op, 106099772.00 ns, 23.3198 ns/op
WorkloadActual   4: 4549776 op, 104312548.00 ns, 22.9270 ns/op
WorkloadActual   5: 4549776 op, 104854775.00 ns, 23.0461 ns/op
WorkloadActual   6: 4549776 op, 104202119.00 ns, 22.9027 ns/op
WorkloadActual   7: 4549776 op, 104481639.00 ns, 22.9641 ns/op
WorkloadActual   8: 4549776 op, 104028971.00 ns, 22.8646 ns/op
WorkloadActual   9: 4549776 op, 105101011.00 ns, 23.1003 ns/op
WorkloadActual  10: 4549776 op, 105518622.00 ns, 23.1920 ns/op
WorkloadActual  11: 4549776 op, 111247129.00 ns, 24.4511 ns/op
WorkloadActual  12: 4549776 op, 102710514.00 ns, 22.5749 ns/op
WorkloadActual  13: 4549776 op, 103346700.00 ns, 22.7147 ns/op
WorkloadActual  14: 4549776 op, 101920038.00 ns, 22.4011 ns/op
WorkloadActual  15: 4549776 op, 103080515.00 ns, 22.6562 ns/op

// AfterActualRun
WorkloadResult   1: 4549776 op, 90609572.00 ns, 19.9152 ns/op
WorkloadResult   2: 4549776 op, 92201847.00 ns, 20.2651 ns/op
WorkloadResult   3: 4549776 op, 93498782.00 ns, 20.5502 ns/op
WorkloadResult   4: 4549776 op, 91711558.00 ns, 20.1574 ns/op
WorkloadResult   5: 4549776 op, 92253785.00 ns, 20.2766 ns/op
WorkloadResult   6: 4549776 op, 91601129.00 ns, 20.1331 ns/op
WorkloadResult   7: 4549776 op, 91880649.00 ns, 20.1945 ns/op
WorkloadResult   8: 4549776 op, 91427981.00 ns, 20.0951 ns/op
WorkloadResult   9: 4549776 op, 92500021.00 ns, 20.3307 ns/op
WorkloadResult  10: 4549776 op, 92917632.00 ns, 20.4225 ns/op
WorkloadResult  11: 4549776 op, 90109524.00 ns, 19.8053 ns/op
WorkloadResult  12: 4549776 op, 90745710.00 ns, 19.9451 ns/op
WorkloadResult  13: 4549776 op, 89319048.00 ns, 19.6315 ns/op
WorkloadResult  14: 4549776 op, 90479525.00 ns, 19.8866 ns/op
// GC:  60 0 0 509574912 4549776
// Threading:  0 0 4549776

// AfterAll
// Benchmark Process 15092 has exited with code 0.

Mean = 20.115 ns, StdErr = 0.068 ns (0.34%), N = 14, StdDev = 0.254 ns
Min = 19.632 ns, Q1 = 19.923 ns, Median = 20.145 ns, Q3 = 20.274 ns, Max = 20.550 ns
IQR = 0.351 ns, LowerFence = 19.396 ns, UpperFence = 20.800 ns
ConfidenceInterval = [19.828 ns; 20.401 ns] (CI 99.9%), Margin = 0.287 ns (1.42% of Mean)
Skewness = -0.16, Kurtosis = 2.01, MValue = 2

// ** Remained 3 (3.3%) benchmark(s) to run. Estimated finish 2026-03-01 10:01 (0h 0m from now) **
// **************************
// Benchmark: Scenario1.S1_ReturnVoidSuccess_LightResults: .NET 10.0(Runtime=.NET 10.0, IterationTime=100ms) [Iterations=2]
// *** Execute ***
// Launch: 1 / 1
// Execute: dotnet "Enumerations.Options.Benchmarks-.NET 10.0-1.dll" --anonymousPipes 116 118 --benchmarkName "ReillyDigital.Enumerations.Options.Benchmarks.Scenarios.Scenario1.S1_ReturnVoidSuccess_LightResults(Iterations: 2)" --job ".NET 10.0" --benchmarkId 88 in /media/andrew/Slowverflow/x/devs/reilly-digital/dotnet/enumerations.options/src/Enumerations.Options.Benchmarks/bin/Debug/net10.0/Enumerations.Options.Benchmarks-.NET 10.0-1/bin/Release/net10.0
// Failed to set up high priority (Permission denied). In order to run benchmarks with high priority, make sure you have the right permissions.
// BeforeAnythingElse

// Benchmark Process Environment Information:
// BenchmarkDotNet v0.15.8
// Runtime=.NET 10.0.3 (10.0.3, 10.0.326.7603), X64 RyuJIT x86-64-v3
// GC=Concurrent Workstation
// HardwareIntrinsics=AVX2+BMI1+BMI2+F16C+FMA+LZCNT+MOVBE,AVX,SSE3+SSSE3+SSE4.1+SSE4.2+POPCNT,X86Base+SSE+SSE2,AES+PCLMUL VectorSize=256
// Job: .NET 10.0(IterationTime=100ms)

OverheadJitting  1: 1 op, 174590.00 ns, 174.5900 us/op
WorkloadJitting  1: 1 op, 3307783.00 ns, 3.3078 ms/op

OverheadJitting  2: 16 op, 212843.00 ns, 13.3027 us/op
WorkloadJitting  2: 16 op, 202985.00 ns, 12.6866 us/op

WorkloadPilot    1: 16 op, 1122.00 ns, 70.1250 ns/op
WorkloadPilot    2: 1426032 op, 40767314.00 ns, 28.5879 ns/op
WorkloadPilot    3: 3497984 op, 98649675.00 ns, 28.2019 ns/op
WorkloadPilot    4: 3545872 op, 45492391.00 ns, 12.8297 ns/op
WorkloadPilot    5: 7794432 op, 13891745.00 ns, 1.7823 ns/op
WorkloadPilot    6: 56108384 op, 100865571.00 ns, 1.7977 ns/op
WorkloadPilot    7: 55626896 op, 98820859.00 ns, 1.7765 ns/op
WorkloadPilot    8: 56290656 op, 99965016.00 ns, 1.7759 ns/op
WorkloadPilot    9: 56310368 op, 100431800.00 ns, 1.7835 ns/op
WorkloadPilot   10: 56068272 op, 99590727.00 ns, 1.7762 ns/op
WorkloadPilot   11: 56298688 op, 99920512.00 ns, 1.7748 ns/op
WorkloadPilot   12: 56343488 op, 101895962.00 ns, 1.8085 ns/op

OverheadWarmup   1: 56343488 op, 155006067.00 ns, 2.7511 ns/op
OverheadWarmup   2: 56343488 op, 107652953.00 ns, 1.9107 ns/op
OverheadWarmup   3: 56343488 op, 86916509.00 ns, 1.5426 ns/op
OverheadWarmup   4: 56343488 op, 85867692.00 ns, 1.5240 ns/op
OverheadWarmup   5: 56343488 op, 85544300.00 ns, 1.5183 ns/op
OverheadWarmup   6: 56343488 op, 85325957.00 ns, 1.5144 ns/op
OverheadWarmup   7: 56343488 op, 86172038.00 ns, 1.5294 ns/op
OverheadWarmup   8: 56343488 op, 85563927.00 ns, 1.5186 ns/op
OverheadWarmup   9: 56343488 op, 86111434.00 ns, 1.5283 ns/op
OverheadWarmup  10: 56343488 op, 84713176.00 ns, 1.5035 ns/op

OverheadActual   1: 56343488 op, 84656729.00 ns, 1.5025 ns/op
OverheadActual   2: 56343488 op, 84627735.00 ns, 1.5020 ns/op
OverheadActual   3: 56343488 op, 84588591.00 ns, 1.5013 ns/op
OverheadActual   4: 56343488 op, 86200723.00 ns, 1.5299 ns/op
OverheadActual   5: 56343488 op, 86307104.00 ns, 1.5318 ns/op
OverheadActual   6: 56343488 op, 85419754.00 ns, 1.5161 ns/op
OverheadActual   7: 56343488 op, 85509204.00 ns, 1.5176 ns/op
OverheadActual   8: 56343488 op, 85841834.00 ns, 1.5235 ns/op
OverheadActual   9: 56343488 op, 86964839.00 ns, 1.5435 ns/op
OverheadActual  10: 56343488 op, 86184022.00 ns, 1.5296 ns/op
OverheadActual  11: 56343488 op, 85878624.00 ns, 1.5242 ns/op
OverheadActual  12: 56343488 op, 87808988.00 ns, 1.5585 ns/op
OverheadActual  13: 56343488 op, 84579643.00 ns, 1.5011 ns/op
OverheadActual  14: 56343488 op, 84628456.00 ns, 1.5020 ns/op
OverheadActual  15: 56343488 op, 84686957.00 ns, 1.5030 ns/op

WorkloadWarmup   1: 56343488 op, 98611233.00 ns, 1.7502 ns/op
WorkloadWarmup   2: 56343488 op, 98429599.00 ns, 1.7470 ns/op
WorkloadWarmup   3: 56343488 op, 98473301.00 ns, 1.7477 ns/op
WorkloadWarmup   4: 56343488 op, 98058206.00 ns, 1.7404 ns/op
WorkloadWarmup   5: 56343488 op, 98404070.00 ns, 1.7465 ns/op
WorkloadWarmup   6: 56343488 op, 98131814.00 ns, 1.7417 ns/op

// BeforeActualRun
WorkloadActual   1: 56343488 op, 98475175.00 ns, 1.7478 ns/op
WorkloadActual   2: 56343488 op, 98183553.00 ns, 1.7426 ns/op
WorkloadActual   3: 56343488 op, 98466529.00 ns, 1.7476 ns/op
WorkloadActual   4: 56343488 op, 98182691.00 ns, 1.7426 ns/op
WorkloadActual   5: 56343488 op, 98685002.00 ns, 1.7515 ns/op
WorkloadActual   6: 56343488 op, 98175487.00 ns, 1.7424 ns/op
WorkloadActual   7: 56343488 op, 98555206.00 ns, 1.7492 ns/op
WorkloadActual   8: 56343488 op, 98160188.00 ns, 1.7422 ns/op
WorkloadActual   9: 56343488 op, 98166831.00 ns, 1.7423 ns/op
WorkloadActual  10: 56343488 op, 98343846.00 ns, 1.7454 ns/op
WorkloadActual  11: 56343488 op, 98260469.00 ns, 1.7440 ns/op
WorkloadActual  12: 56343488 op, 98228668.00 ns, 1.7434 ns/op
WorkloadActual  13: 56343488 op, 98190816.00 ns, 1.7427 ns/op
WorkloadActual  14: 56343488 op, 98220242.00 ns, 1.7432 ns/op
WorkloadActual  15: 56343488 op, 98258495.00 ns, 1.7439 ns/op

// AfterActualRun
WorkloadResult   1: 56343488 op, 12965971.00 ns, 0.2301 ns/op
WorkloadResult   2: 56343488 op, 12674349.00 ns, 0.2249 ns/op
WorkloadResult   3: 56343488 op, 12957325.00 ns, 0.2300 ns/op
WorkloadResult   4: 56343488 op, 12673487.00 ns, 0.2249 ns/op
WorkloadResult   5: 56343488 op, 13175798.00 ns, 0.2338 ns/op
WorkloadResult   6: 56343488 op, 12666283.00 ns, 0.2248 ns/op
WorkloadResult   7: 56343488 op, 13046002.00 ns, 0.2315 ns/op
WorkloadResult   8: 56343488 op, 12650984.00 ns, 0.2245 ns/op
WorkloadResult   9: 56343488 op, 12657627.00 ns, 0.2247 ns/op
WorkloadResult  10: 56343488 op, 12834642.00 ns, 0.2278 ns/op
WorkloadResult  11: 56343488 op, 12751265.00 ns, 0.2263 ns/op
WorkloadResult  12: 56343488 op, 12719464.00 ns, 0.2257 ns/op
WorkloadResult  13: 56343488 op, 12681612.00 ns, 0.2251 ns/op
WorkloadResult  14: 56343488 op, 12711038.00 ns, 0.2256 ns/op
WorkloadResult  15: 56343488 op, 12749291.00 ns, 0.2263 ns/op
// GC:  0 0 0 0 56343488
// Threading:  0 0 56343488

// AfterAll
// Benchmark Process 15119 has exited with code 0.

Mean = 0.227 ns, StdErr = 0.001 ns (0.33%), N = 15, StdDev = 0.003 ns
Min = 0.225 ns, Q1 = 0.225 ns, Median = 0.226 ns, Q3 = 0.229 ns, Max = 0.234 ns
IQR = 0.004 ns, LowerFence = 0.219 ns, UpperFence = 0.235 ns
ConfidenceInterval = [0.224 ns; 0.230 ns] (CI 99.9%), Margin = 0.003 ns (1.38% of Mean)
Skewness = 1, Kurtosis = 2.57, MValue = 2

// ** Remained 2 (2.2%) benchmark(s) to run. Estimated finish 2026-03-01 10:01 (0h 0m from now) **
// **************************
// Benchmark: Scenario1.S1_ReturnVoidSuccess_Rascal: .NET 10.0(Runtime=.NET 10.0, IterationTime=100ms) [Iterations=2]
// *** Execute ***
// Launch: 1 / 1
// Execute: dotnet "Enumerations.Options.Benchmarks-.NET 10.0-1.dll" --anonymousPipes 116 118 --benchmarkName "ReillyDigital.Enumerations.Options.Benchmarks.Scenarios.Scenario1.S1_ReturnVoidSuccess_Rascal(Iterations: 2)" --job ".NET 10.0" --benchmarkId 89 in /media/andrew/Slowverflow/x/devs/reilly-digital/dotnet/enumerations.options/src/Enumerations.Options.Benchmarks/bin/Debug/net10.0/Enumerations.Options.Benchmarks-.NET 10.0-1/bin/Release/net10.0
// Failed to set up high priority (Permission denied). In order to run benchmarks with high priority, make sure you have the right permissions.
// BeforeAnythingElse

// Benchmark Process Environment Information:
// BenchmarkDotNet v0.15.8
// Runtime=.NET 10.0.3 (10.0.3, 10.0.326.7603), X64 RyuJIT x86-64-v3
// GC=Concurrent Workstation
// HardwareIntrinsics=AVX2+BMI1+BMI2+F16C+FMA+LZCNT+MOVBE,AVX,SSE3+SSSE3+SSE4.1+SSE4.2+POPCNT,X86Base+SSE+SSE2,AES+PCLMUL VectorSize=256
// Job: .NET 10.0(IterationTime=100ms)

OverheadJitting  1: 1 op, 150956.00 ns, 150.9560 us/op
WorkloadJitting  1: 1 op, 2822173.00 ns, 2.8222 ms/op

OverheadJitting  2: 16 op, 203695.00 ns, 12.7309 us/op
WorkloadJitting  2: 16 op, 195550.00 ns, 12.2219 us/op

WorkloadPilot    1: 16 op, 982.00 ns, 61.3750 ns/op
WorkloadPilot    2: 1629328 op, 54433832.00 ns, 33.4088 ns/op
WorkloadPilot    3: 2993232 op, 99239643.00 ns, 33.1547 ns/op
WorkloadPilot    4: 3016176 op, 36805903.00 ns, 12.2028 ns/op
WorkloadPilot    5: 8194816 op, 14622598.00 ns, 1.7844 ns/op
WorkloadPilot    6: 56042144 op, 98317507.00 ns, 1.7543 ns/op
WorkloadPilot    7: 57001200 op, 99887028.00 ns, 1.7524 ns/op
WorkloadPilot    8: 57065680 op, 99854095.00 ns, 1.7498 ns/op
WorkloadPilot    9: 57149072 op, 100051139.00 ns, 1.7507 ns/op
WorkloadPilot   10: 57119872 op, 100027133.00 ns, 1.7512 ns/op
WorkloadPilot   11: 57104384 op, 100061479.00 ns, 1.7523 ns/op

OverheadWarmup   1: 57104384 op, 140828522.00 ns, 2.4662 ns/op
OverheadWarmup   2: 57104384 op, 108806878.00 ns, 1.9054 ns/op
OverheadWarmup   3: 57104384 op, 85647515.00 ns, 1.4998 ns/op
OverheadWarmup   4: 57104384 op, 85779936.00 ns, 1.5022 ns/op
OverheadWarmup   5: 57104384 op, 85629431.00 ns, 1.4995 ns/op
OverheadWarmup   6: 57104384 op, 85606438.00 ns, 1.4991 ns/op
OverheadWarmup   7: 57104384 op, 85606638.00 ns, 1.4991 ns/op
OverheadWarmup   8: 57104384 op, 87494643.00 ns, 1.5322 ns/op
OverheadWarmup   9: 57104384 op, 86160937.00 ns, 1.5088 ns/op

OverheadActual   1: 57104384 op, 86078943.00 ns, 1.5074 ns/op
OverheadActual   2: 57104384 op, 86061800.00 ns, 1.5071 ns/op
OverheadActual   3: 57104384 op, 87033129.00 ns, 1.5241 ns/op
OverheadActual   4: 57104384 op, 85981097.00 ns, 1.5057 ns/op
OverheadActual   5: 57104384 op, 86003299.00 ns, 1.5061 ns/op
OverheadActual   6: 57104384 op, 86154736.00 ns, 1.5087 ns/op
OverheadActual   7: 57104384 op, 85834109.00 ns, 1.5031 ns/op
OverheadActual   8: 57104384 op, 85695616.00 ns, 1.5007 ns/op
OverheadActual   9: 57104384 op, 85757895.00 ns, 1.5018 ns/op
OverheadActual  10: 57104384 op, 85713290.00 ns, 1.5010 ns/op
OverheadActual  11: 57104384 op, 86592255.00 ns, 1.5164 ns/op
OverheadActual  12: 57104384 op, 85858385.00 ns, 1.5035 ns/op
OverheadActual  13: 57104384 op, 85771069.00 ns, 1.5020 ns/op
OverheadActual  14: 57104384 op, 85814101.00 ns, 1.5028 ns/op
OverheadActual  15: 57104384 op, 85688563.00 ns, 1.5006 ns/op

WorkloadWarmup   1: 57104384 op, 99429472.00 ns, 1.7412 ns/op
WorkloadWarmup   2: 57104384 op, 100837808.00 ns, 1.7659 ns/op
WorkloadWarmup   3: 57104384 op, 100275063.00 ns, 1.7560 ns/op
WorkloadWarmup   4: 57104384 op, 124593611.00 ns, 2.1819 ns/op
WorkloadWarmup   5: 57104384 op, 103195884.00 ns, 1.8071 ns/op
WorkloadWarmup   6: 57104384 op, 100236991.00 ns, 1.7553 ns/op

// BeforeActualRun
WorkloadActual   1: 57104384 op, 99886116.00 ns, 1.7492 ns/op
WorkloadActual   2: 57104384 op, 100065767.00 ns, 1.7523 ns/op
WorkloadActual   3: 57104384 op, 100037663.00 ns, 1.7518 ns/op
WorkloadActual   4: 57104384 op, 100200031.00 ns, 1.7547 ns/op
WorkloadActual   5: 57104384 op, 99316217.00 ns, 1.7392 ns/op
WorkloadActual   6: 57104384 op, 99347497.00 ns, 1.7398 ns/op
WorkloadActual   7: 57104384 op, 99367354.00 ns, 1.7401 ns/op
WorkloadActual   8: 57104384 op, 100009631.00 ns, 1.7513 ns/op
WorkloadActual   9: 57104384 op, 100786051.00 ns, 1.7649 ns/op
WorkloadActual  10: 57104384 op, 99946861.00 ns, 1.7502 ns/op
WorkloadActual  11: 57104384 op, 101825419.00 ns, 1.7831 ns/op
WorkloadActual  12: 57104384 op, 99936151.00 ns, 1.7501 ns/op
WorkloadActual  13: 57104384 op, 101147946.00 ns, 1.7713 ns/op
WorkloadActual  14: 57104384 op, 100023947.00 ns, 1.7516 ns/op
WorkloadActual  15: 57104384 op, 101213109.00 ns, 1.7724 ns/op

// AfterActualRun
WorkloadResult   1: 57104384 op, 14027731.00 ns, 0.2457 ns/op
WorkloadResult   2: 57104384 op, 14207382.00 ns, 0.2488 ns/op
WorkloadResult   3: 57104384 op, 14179278.00 ns, 0.2483 ns/op
WorkloadResult   4: 57104384 op, 14341646.00 ns, 0.2511 ns/op
WorkloadResult   5: 57104384 op, 13457832.00 ns, 0.2357 ns/op
WorkloadResult   6: 57104384 op, 13489112.00 ns, 0.2362 ns/op
WorkloadResult   7: 57104384 op, 13508969.00 ns, 0.2366 ns/op
WorkloadResult   8: 57104384 op, 14151246.00 ns, 0.2478 ns/op
WorkloadResult   9: 57104384 op, 14927666.00 ns, 0.2614 ns/op
WorkloadResult  10: 57104384 op, 14088476.00 ns, 0.2467 ns/op
WorkloadResult  11: 57104384 op, 14077766.00 ns, 0.2465 ns/op
WorkloadResult  12: 57104384 op, 15289561.00 ns, 0.2677 ns/op
WorkloadResult  13: 57104384 op, 14165562.00 ns, 0.2481 ns/op
WorkloadResult  14: 57104384 op, 15354724.00 ns, 0.2689 ns/op
// GC:  0 0 0 0 57104384
// Threading:  0 0 57104384

// AfterAll
// Benchmark Process 15147 has exited with code 0.

Mean = 0.249 ns, StdErr = 0.003 ns (1.12%), N = 14, StdDev = 0.010 ns
Min = 0.236 ns, Q1 = 0.246 ns, Median = 0.248 ns, Q3 = 0.251 ns, Max = 0.269 ns
IQR = 0.005 ns, LowerFence = 0.239 ns, UpperFence = 0.258 ns
ConfidenceInterval = [0.237 ns; 0.261 ns] (CI 99.9%), Margin = 0.012 ns (4.74% of Mean)
Skewness = 0.55, Kurtosis = 2.24, MValue = 2

// ** Remained 1 (1.1%) benchmark(s) to run. Estimated finish 2026-03-01 10:01 (0h 0m from now) **
// **************************
// Benchmark: Scenario1.S1_ReturnVoidSuccess_SimpleResults: .NET 10.0(Runtime=.NET 10.0, IterationTime=100ms) [Iterations=2]
// *** Execute ***
// Launch: 1 / 1
// Execute: dotnet "Enumerations.Options.Benchmarks-.NET 10.0-1.dll" --anonymousPipes 116 118 --benchmarkName "ReillyDigital.Enumerations.Options.Benchmarks.Scenarios.Scenario1.S1_ReturnVoidSuccess_SimpleResults(Iterations: 2)" --job ".NET 10.0" --benchmarkId 90 in /media/andrew/Slowverflow/x/devs/reilly-digital/dotnet/enumerations.options/src/Enumerations.Options.Benchmarks/bin/Debug/net10.0/Enumerations.Options.Benchmarks-.NET 10.0-1/bin/Release/net10.0
// Failed to set up high priority (Permission denied). In order to run benchmarks with high priority, make sure you have the right permissions.
// BeforeAnythingElse

// Benchmark Process Environment Information:
// BenchmarkDotNet v0.15.8
// Runtime=.NET 10.0.3 (10.0.3, 10.0.326.7603), X64 RyuJIT x86-64-v3
// GC=Concurrent Workstation
// HardwareIntrinsics=AVX2+BMI1+BMI2+F16C+FMA+LZCNT+MOVBE,AVX,SSE3+SSSE3+SSE4.1+SSE4.2+POPCNT,X86Base+SSE+SSE2,AES+PCLMUL VectorSize=256
// Job: .NET 10.0(IterationTime=100ms)

OverheadJitting  1: 1 op, 167046.00 ns, 167.0460 us/op
WorkloadJitting  1: 1 op, 9515748.00 ns, 9.5157 ms/op

WorkloadPilot    1: 4 op, 6131.00 ns, 1.5328 us/op
WorkloadPilot    2: 65242 op, 40158020.00 ns, 615.5240 ns/op
WorkloadPilot    3: 162463 op, 95554905.00 ns, 588.1641 ns/op
WorkloadPilot    4: 170021 op, 81252763.00 ns, 477.8984 ns/op
WorkloadPilot    5: 209249 op, 35352480.00 ns, 168.9493 ns/op
WorkloadPilot    6: 591893 op, 89881713.00 ns, 151.8547 ns/op
WorkloadPilot    7: 658524 op, 100408005.00 ns, 152.4743 ns/op
WorkloadPilot    8: 655848 op, 99299005.00 ns, 151.4055 ns/op
WorkloadPilot    9: 660478 op, 99900173.00 ns, 151.2544 ns/op
WorkloadPilot   10: 661138 op, 101082381.00 ns, 152.8915 ns/op
WorkloadPilot   11: 654059 op, 99503862.00 ns, 152.1329 ns/op
WorkloadPilot   12: 657320 op, 100364071.00 ns, 152.6868 ns/op

WorkloadWarmup   1: 657320 op, 99415004.00 ns, 151.2429 ns/op
WorkloadWarmup   2: 657320 op, 100443863.00 ns, 152.8082 ns/op
WorkloadWarmup   3: 657320 op, 98995060.00 ns, 150.6041 ns/op
WorkloadWarmup   4: 657320 op, 100747097.00 ns, 153.2695 ns/op
WorkloadWarmup   5: 657320 op, 100644553.00 ns, 153.1135 ns/op
WorkloadWarmup   6: 657320 op, 99416878.00 ns, 151.2458 ns/op

// BeforeActualRun
WorkloadActual   1: 657320 op, 101761628.00 ns, 154.8129 ns/op
WorkloadActual   2: 657320 op, 100463240.00 ns, 152.8376 ns/op
WorkloadActual   3: 657320 op, 99391039.00 ns, 151.2065 ns/op
WorkloadActual   4: 657320 op, 100777955.00 ns, 153.3164 ns/op
WorkloadActual   5: 657320 op, 100016393.00 ns, 152.1578 ns/op
WorkloadActual   6: 657320 op, 100805257.00 ns, 153.3580 ns/op
WorkloadActual   7: 657320 op, 103790560.00 ns, 157.8996 ns/op
WorkloadActual   8: 657320 op, 101726672.00 ns, 154.7597 ns/op
WorkloadActual   9: 657320 op, 100022354.00 ns, 152.1669 ns/op
WorkloadActual  10: 657320 op, 99212621.00 ns, 150.9350 ns/op
WorkloadActual  11: 657320 op, 98818695.00 ns, 150.3357 ns/op
WorkloadActual  12: 657320 op, 99615464.00 ns, 151.5479 ns/op
WorkloadActual  13: 657320 op, 104366360.00 ns, 158.7756 ns/op
WorkloadActual  14: 657320 op, 98933223.00 ns, 150.5100 ns/op
WorkloadActual  15: 657320 op, 99850049.00 ns, 151.9048 ns/op

// AfterActualRun
WorkloadResult   1: 657320 op, 101761628.00 ns, 154.8129 ns/op
WorkloadResult   2: 657320 op, 100463240.00 ns, 152.8376 ns/op
WorkloadResult   3: 657320 op, 99391039.00 ns, 151.2065 ns/op
WorkloadResult   4: 657320 op, 100777955.00 ns, 153.3164 ns/op
WorkloadResult   5: 657320 op, 100016393.00 ns, 152.1578 ns/op
WorkloadResult   6: 657320 op, 100805257.00 ns, 153.3580 ns/op
WorkloadResult   7: 657320 op, 103790560.00 ns, 157.8996 ns/op
WorkloadResult   8: 657320 op, 101726672.00 ns, 154.7597 ns/op
WorkloadResult   9: 657320 op, 100022354.00 ns, 152.1669 ns/op
WorkloadResult  10: 657320 op, 99212621.00 ns, 150.9350 ns/op
WorkloadResult  11: 657320 op, 98818695.00 ns, 150.3357 ns/op
WorkloadResult  12: 657320 op, 99615464.00 ns, 151.5479 ns/op
WorkloadResult  13: 657320 op, 98933223.00 ns, 150.5100 ns/op
WorkloadResult  14: 657320 op, 99850049.00 ns, 151.9048 ns/op
// GC:  6 0 0 52585600 657320
// Threading:  0 0 657320

// AfterAll
// Benchmark Process 15175 has exited with code 0.

Mean = 152.696 ns, StdErr = 0.549 ns (0.36%), N = 14, StdDev = 2.054 ns
Min = 150.336 ns, Q1 = 151.292 ns, Median = 152.162 ns, Q3 = 153.348 ns, Max = 157.900 ns
IQR = 2.056 ns, LowerFence = 148.208 ns, UpperFence = 156.431 ns
ConfidenceInterval = [150.379 ns; 155.013 ns] (CI 99.9%), Margin = 2.317 ns (1.52% of Mean)
Skewness = 1.03, Kurtosis = 3.38, MValue = 2

// ** Remained 0 (0.0%) benchmark(s) to run. Estimated finish 2026-03-01 10:01 (0h 0m from now) **
// ***** BenchmarkRunner: Finish  *****

// * Export *
  BenchmarkDotNet.Artifacts/results/ReillyDigital.Enumerations.Options.Benchmarks.Scenarios.Scenario1-report.csv
  BenchmarkDotNet.Artifacts/results/ReillyDigital.Enumerations.Options.Benchmarks.Scenarios.Scenario1-report-github.md
  BenchmarkDotNet.Artifacts/results/ReillyDigital.Enumerations.Options.Benchmarks.Scenarios.Scenario1-report.html

// * Detailed results *
Scenario1.S1_CheckOptionStringErrorNoMessage_ArdalisResult: .NET 10.0(Runtime=.NET 10.0, IterationTime=100ms) [Iterations=2]
Runtime = .NET 10.0.3 (10.0.3, 10.0.326.7603), X64 RyuJIT x86-64-v3; GC = Concurrent Workstation
Mean = 16.657 ns, StdErr = 0.092 ns (0.55%), N = 15, StdDev = 0.356 ns
Min = 16.230 ns, Q1 = 16.336 ns, Median = 16.673 ns, Q3 = 16.931 ns, Max = 17.352 ns
IQR = 0.594 ns, LowerFence = 15.445 ns, UpperFence = 17.822 ns
ConfidenceInterval = [16.277 ns; 17.038 ns] (CI 99.9%), Margin = 0.381 ns (2.28% of Mean)
Skewness = 0.24, Kurtosis = 1.62, MValue = 2
-------------------- Histogram --------------------
[16.170 ns ; 16.549 ns) | @@@@@@@
[16.549 ns ; 17.033 ns) | @@@@@@@
[17.033 ns ; 17.541 ns) | @
---------------------------------------------------

Scenario1.S1_CheckOptionStringErrorNoMessage_EnumerationsOptionsBoxed: .NET 10.0(Runtime=.NET 10.0, IterationTime=100ms) [Iterations=2]
Runtime = .NET 10.0.3 (10.0.3, 10.0.326.7603), X64 RyuJIT x86-64-v3; GC = Concurrent Workstation
Mean = 0.251 ns, StdErr = 0.004 ns (1.43%), N = 12, StdDev = 0.012 ns
Min = 0.237 ns, Q1 = 0.240 ns, Median = 0.252 ns, Q3 = 0.261 ns, Max = 0.273 ns
IQR = 0.021 ns, LowerFence = 0.209 ns, UpperFence = 0.292 ns
ConfidenceInterval = [0.235 ns; 0.267 ns] (CI 99.9%), Margin = 0.016 ns (6.35% of Mean)
Skewness = 0.21, Kurtosis = 1.43, MValue = 2
-------------------- Histogram --------------------
[0.236 ns ; 0.250 ns) | @@@@@@
[0.250 ns ; 0.267 ns) | @@@@@
[0.267 ns ; 0.280 ns) | @
---------------------------------------------------

Scenario1.S1_CheckOptionStringErrorNoMessage_EnumerationsOptions: .NET 10.0(Runtime=.NET 10.0, IterationTime=100ms) [Iterations=2]
Runtime = .NET 10.0.3 (10.0.3, 10.0.326.7603), X64 RyuJIT x86-64-v3; GC = Concurrent Workstation
Mean = 0.254 ns, StdErr = 0.001 ns (0.48%), N = 13, StdDev = 0.004 ns
Min = 0.245 ns, Q1 = 0.252 ns, Median = 0.254 ns, Q3 = 0.257 ns, Max = 0.260 ns
IQR = 0.005 ns, LowerFence = 0.244 ns, UpperFence = 0.264 ns
ConfidenceInterval = [0.249 ns; 0.259 ns] (CI 99.9%), Margin = 0.005 ns (2.05% of Mean)
Skewness = -0.41, Kurtosis = 2.28, MValue = 2
-------------------- Histogram --------------------
[0.244 ns ; 0.250 ns) | @@
[0.250 ns ; 0.255 ns) | @@@@@@@
[0.255 ns ; 0.261 ns) | @@@@
---------------------------------------------------

Scenario1.S1_CheckOptionStringErrorNoMessage_FluentResults: .NET 10.0(Runtime=.NET 10.0, IterationTime=100ms) [Iterations=2]
Runtime = .NET 10.0.3 (10.0.3, 10.0.326.7603), X64 RyuJIT x86-64-v3; GC = Concurrent Workstation
Mean = 142.657 ns, StdErr = 0.815 ns (0.57%), N = 39, StdDev = 5.092 ns
Min = 136.190 ns, Q1 = 138.833 ns, Median = 140.671 ns, Q3 = 145.291 ns, Max = 154.674 ns
IQR = 6.458 ns, LowerFence = 129.146 ns, UpperFence = 154.977 ns
ConfidenceInterval = [139.749 ns; 145.564 ns] (CI 99.9%), Margin = 2.908 ns (2.04% of Mean)
Skewness = 0.76, Kurtosis = 2.51, MValue = 2.2
-------------------- Histogram --------------------
[134.219 ns ; 140.717 ns) | @@@@@@@@@@@@@@@@@@@@
[140.717 ns ; 145.534 ns) | @@@@@@@@@@@
[145.534 ns ; 149.561 ns) | @@@
[149.561 ns ; 154.942 ns) | @@@@@
---------------------------------------------------

Scenario1.S1_CheckOptionStringErrorNoMessage_LightResults: .NET 10.0(Runtime=.NET 10.0, IterationTime=100ms) [Iterations=2]
Runtime = .NET 10.0.3 (10.0.3, 10.0.326.7603), X64 RyuJIT x86-64-v3; GC = Concurrent Workstation
Mean = 0.267 ns, StdErr = 0.002 ns (0.82%), N = 13, StdDev = 0.008 ns
Min = 0.251 ns, Q1 = 0.265 ns, Median = 0.267 ns, Q3 = 0.272 ns, Max = 0.277 ns
IQR = 0.007 ns, LowerFence = 0.254 ns, UpperFence = 0.283 ns
ConfidenceInterval = [0.257 ns; 0.276 ns] (CI 99.9%), Margin = 0.009 ns (3.53% of Mean)
Skewness = -0.51, Kurtosis = 2.2, MValue = 2
-------------------- Histogram --------------------
[0.246 ns ; 0.254 ns) | @
[0.254 ns ; 0.262 ns) | @@
[0.262 ns ; 0.273 ns) | @@@@@@@
[0.273 ns ; 0.281 ns) | @@@
---------------------------------------------------

Scenario1.S1_CheckOptionStringErrorNoMessage_Rascal: .NET 10.0(Runtime=.NET 10.0, IterationTime=100ms) [Iterations=2]
Runtime = .NET 10.0.3 (10.0.3, 10.0.326.7603), X64 RyuJIT x86-64-v3; GC = Concurrent Workstation
Mean = 8.056 ns, StdErr = 0.059 ns (0.74%), N = 65, StdDev = 0.479 ns
Min = 7.244 ns, Q1 = 7.704 ns, Median = 8.090 ns, Q3 = 8.340 ns, Max = 9.182 ns
IQR = 0.636 ns, LowerFence = 6.750 ns, UpperFence = 9.293 ns
ConfidenceInterval = [7.851 ns; 8.260 ns] (CI 99.9%), Margin = 0.205 ns (2.54% of Mean)
Skewness = 0.49, Kurtosis = 2.64, MValue = 2.76
-------------------- Histogram --------------------
[7.088 ns ; 7.442 ns) | @@@@@
[7.442 ns ; 7.755 ns) | @@@@@@@@@@@@@@@@
[7.755 ns ; 8.085 ns) | @@@@@@@@@@@
[8.085 ns ; 8.398 ns) | @@@@@@@@@@@@@@@@@@@@@
[8.398 ns ; 8.772 ns) | @@@@@@@
[8.772 ns ; 8.979 ns) | @
[8.979 ns ; 9.339 ns) | @@@@
---------------------------------------------------

Scenario1.S1_CheckOptionStringErrorNoMessage_SimpleResults: .NET 10.0(Runtime=.NET 10.0, IterationTime=100ms) [Iterations=2]
Runtime = .NET 10.0.3 (10.0.3, 10.0.326.7603), X64 RyuJIT x86-64-v3; GC = Concurrent Workstation
Mean = 262.282 ns, StdErr = 0.991 ns (0.38%), N = 15, StdDev = 3.839 ns
Min = 257.068 ns, Q1 = 259.549 ns, Median = 260.360 ns, Q3 = 264.976 ns, Max = 269.628 ns
IQR = 5.427 ns, LowerFence = 251.408 ns, UpperFence = 273.117 ns
ConfidenceInterval = [258.178 ns; 266.386 ns] (CI 99.9%), Margin = 4.104 ns (1.56% of Mean)
Skewness = 0.45, Kurtosis = 1.71, MValue = 2
-------------------- Histogram --------------------
[256.127 ns ; 263.407 ns) | @@@@@@@@@
[263.407 ns ; 271.671 ns) | @@@@@@
---------------------------------------------------

Scenario1.S1_CheckOptionStringErrorWithMessage_ArdalisResult: .NET 10.0(Runtime=.NET 10.0, IterationTime=100ms) [Iterations=2]
Runtime = .NET 10.0.3 (10.0.3, 10.0.326.7603), X64 RyuJIT x86-64-v3; GC = Concurrent Workstation
Mean = 43.567 ns, StdErr = 0.266 ns (0.61%), N = 55, StdDev = 1.973 ns
Min = 40.758 ns, Q1 = 42.073 ns, Median = 43.007 ns, Q3 = 45.005 ns, Max = 48.108 ns
IQR = 2.931 ns, LowerFence = 37.677 ns, UpperFence = 49.401 ns
ConfidenceInterval = [42.641 ns; 44.493 ns] (CI 99.9%), Margin = 0.926 ns (2.13% of Mean)
Skewness = 0.5, Kurtosis = 2.15, MValue = 2
-------------------- Histogram --------------------
[40.410 ns ; 41.790 ns) | @@@@@@@@@@
[41.790 ns ; 43.152 ns) | @@@@@@@@@@@@@@@@@@@@
[43.152 ns ; 45.068 ns) | @@@@@@@@@@@@
[45.068 ns ; 46.672 ns) | @@@@@@@@@
[46.672 ns ; 48.247 ns) | @@@@
---------------------------------------------------

Scenario1.S1_CheckOptionStringErrorWithMessage_EnumerationsOptionsBoxed: .NET 10.0(Runtime=.NET 10.0, IterationTime=100ms) [Iterations=2]
Runtime = .NET 10.0.3 (10.0.3, 10.0.326.7603), X64 RyuJIT x86-64-v3; GC = Concurrent Workstation
Mean = 18.406 ns, StdErr = 0.109 ns (0.59%), N = 29, StdDev = 0.584 ns
Min = 17.294 ns, Q1 = 17.983 ns, Median = 18.478 ns, Q3 = 18.711 ns, Max = 19.384 ns
IQR = 0.728 ns, LowerFence = 16.892 ns, UpperFence = 19.802 ns
ConfidenceInterval = [18.008 ns; 18.805 ns] (CI 99.9%), Margin = 0.399 ns (2.17% of Mean)
Skewness = -0.07, Kurtosis = 1.97, MValue = 2
-------------------- Histogram --------------------
[17.044 ns ; 17.552 ns) | @@
[17.552 ns ; 18.051 ns) | @@@@@@@
[18.051 ns ; 18.756 ns) | @@@@@@@@@@@@@
[18.756 ns ; 19.433 ns) | @@@@@@@
---------------------------------------------------

Scenario1.S1_CheckOptionStringErrorWithMessage_EnumerationsOptions: .NET 10.0(Runtime=.NET 10.0, IterationTime=100ms) [Iterations=2]
Runtime = .NET 10.0.3 (10.0.3, 10.0.326.7603), X64 RyuJIT x86-64-v3; GC = Concurrent Workstation
Mean = 0.231 ns, StdErr = 0.002 ns (1.01%), N = 13, StdDev = 0.008 ns
Min = 0.220 ns, Q1 = 0.226 ns, Median = 0.229 ns, Q3 = 0.235 ns, Max = 0.250 ns
IQR = 0.009 ns, LowerFence = 0.212 ns, UpperFence = 0.248 ns
ConfidenceInterval = [0.221 ns; 0.241 ns] (CI 99.9%), Margin = 0.010 ns (4.35% of Mean)
Skewness = 0.73, Kurtosis = 2.81, MValue = 2
-------------------- Histogram --------------------
[0.215 ns ; 0.224 ns) | @@
[0.224 ns ; 0.234 ns) | @@@@@@@
[0.234 ns ; 0.245 ns) | @@@
[0.245 ns ; 0.255 ns) | @
---------------------------------------------------

Scenario1.S1_CheckOptionStringErrorWithMessage_FluentResults: .NET 10.0(Runtime=.NET 10.0, IterationTime=100ms) [Iterations=2]
Runtime = .NET 10.0.3 (10.0.3, 10.0.326.7603), X64 RyuJIT x86-64-v3; GC = Concurrent Workstation
Mean = 309.403 ns, StdErr = 1.033 ns (0.33%), N = 15, StdDev = 3.999 ns
Min = 304.363 ns, Q1 = 305.490 ns, Median = 310.497 ns, Q3 = 312.148 ns, Max = 316.463 ns
IQR = 6.657 ns, LowerFence = 295.504 ns, UpperFence = 322.133 ns
ConfidenceInterval = [305.127 ns; 313.678 ns] (CI 99.9%), Margin = 4.276 ns (1.38% of Mean)
Skewness = 0.1, Kurtosis = 1.49, MValue = 2
-------------------- Histogram --------------------
[302.234 ns ; 318.592 ns) | @@@@@@@@@@@@@@@
---------------------------------------------------

Scenario1.S1_CheckOptionStringErrorWithMessage_LightResults: .NET 10.0(Runtime=.NET 10.0, IterationTime=100ms) [Iterations=2]
Runtime = .NET 10.0.3 (10.0.3, 10.0.326.7603), X64 RyuJIT x86-64-v3; GC = Concurrent Workstation
Mean = 20.074 ns, StdErr = 0.129 ns (0.64%), N = 45, StdDev = 0.864 ns
Min = 18.908 ns, Q1 = 19.283 ns, Median = 20.070 ns, Q3 = 20.550 ns, Max = 21.752 ns
IQR = 1.267 ns, LowerFence = 17.382 ns, UpperFence = 22.451 ns
ConfidenceInterval = [19.620 ns; 20.528 ns] (CI 99.9%), Margin = 0.454 ns (2.26% of Mean)
Skewness = 0.47, Kurtosis = 1.93, MValue = 3.65
-------------------- Histogram --------------------
[18.866 ns ; 19.503 ns) | @@@@@@@@@@@@@@@@@
[19.503 ns ; 19.995 ns) | @@@@@
[19.995 ns ; 20.632 ns) | @@@@@@@@@@@@@
[20.632 ns ; 21.217 ns) | @@
[21.217 ns ; 21.855 ns) | @@@@@@@@
---------------------------------------------------

Scenario1.S1_CheckOptionStringErrorWithMessage_Rascal: .NET 10.0(Runtime=.NET 10.0, IterationTime=100ms) [Iterations=2]
Runtime = .NET 10.0.3 (10.0.3, 10.0.326.7603), X64 RyuJIT x86-64-v3; GC = Concurrent Workstation
Mean = 8.656 ns, StdErr = 0.060 ns (0.69%), N = 70, StdDev = 0.501 ns
Min = 8.019 ns, Q1 = 8.219 ns, Median = 8.512 ns, Q3 = 9.077 ns, Max = 9.829 ns
IQR = 0.858 ns, LowerFence = 6.933 ns, UpperFence = 10.364 ns
ConfidenceInterval = [8.450 ns; 8.862 ns] (CI 99.9%), Margin = 0.206 ns (2.38% of Mean)
Skewness = 0.55, Kurtosis = 2.07, MValue = 2.54
-------------------- Histogram --------------------
[8.013 ns ; 8.332 ns) | @@@@@@@@@@@@@@@@@@@@@@@@@@
[8.332 ns ; 8.642 ns) | @@@@@@@@@@@@@@@
[8.642 ns ; 8.975 ns) | @@@@@@@
[8.975 ns ; 9.294 ns) | @@@@@@@@@@@@@@
[9.294 ns ; 9.680 ns) | @@@@@@@
[9.680 ns ; 9.989 ns) | @
---------------------------------------------------

Scenario1.S1_CheckOptionStringErrorWithMessage_SimpleResults: .NET 10.0(Runtime=.NET 10.0, IterationTime=100ms) [Iterations=2]
Runtime = .NET 10.0.3 (10.0.3, 10.0.326.7603), X64 RyuJIT x86-64-v3; GC = Concurrent Workstation
Mean = 211.649 ns, StdErr = 0.940 ns (0.44%), N = 21, StdDev = 4.307 ns
Min = 205.580 ns, Q1 = 209.301 ns, Median = 210.736 ns, Q3 = 215.271 ns, Max = 220.778 ns
IQR = 5.970 ns, LowerFence = 200.346 ns, UpperFence = 224.226 ns
ConfidenceInterval = [208.031 ns; 215.267 ns] (CI 99.9%), Margin = 3.618 ns (1.71% of Mean)
Skewness = 0.51, Kurtosis = 2.25, MValue = 2
-------------------- Histogram --------------------
[203.531 ns ; 208.436 ns) | @@@@
[208.436 ns ; 213.758 ns) | @@@@@@@@@@@
[213.758 ns ; 222.827 ns) | @@@@@@
---------------------------------------------------

Scenario1.S1_CheckOptionStringSuccess_ArdalisResult: .NET 10.0(Runtime=.NET 10.0, IterationTime=100ms) [Iterations=2]
Runtime = .NET 10.0.3 (10.0.3, 10.0.326.7603), X64 RyuJIT x86-64-v3; GC = Concurrent Workstation
Mean = 15.950 ns, StdErr = 0.105 ns (0.66%), N = 56, StdDev = 0.789 ns
Min = 15.278 ns, Q1 = 15.435 ns, Median = 15.556 ns, Q3 = 16.471 ns, Max = 18.029 ns
IQR = 1.036 ns, LowerFence = 13.880 ns, UpperFence = 18.026 ns
ConfidenceInterval = [15.583 ns; 16.316 ns] (CI 99.9%), Margin = 0.367 ns (2.30% of Mean)
Skewness = 1.29, Kurtosis = 3.3, MValue = 2.22
-------------------- Histogram --------------------
[15.224 ns ; 15.766 ns) | @@@@@@@@@@@@@@@@@@@@@@@@@@@@@@@@@@@@@
[15.766 ns ; 16.403 ns) | @@@@
[16.403 ns ; 16.945 ns) | @@@@@@@
[16.945 ns ; 17.540 ns) | @@@
[17.540 ns ; 18.082 ns) | @@@@@
---------------------------------------------------

Scenario1.S1_CheckOptionStringSuccess_EnumerationsOptionsBoxed: .NET 10.0(Runtime=.NET 10.0, IterationTime=100ms) [Iterations=2]
Runtime = .NET 10.0.3 (10.0.3, 10.0.326.7603), X64 RyuJIT x86-64-v3; GC = Concurrent Workstation
Mean = 8.414 ns, StdErr = 0.033 ns (0.40%), N = 13, StdDev = 0.120 ns
Min = 8.252 ns, Q1 = 8.305 ns, Median = 8.415 ns, Q3 = 8.515 ns, Max = 8.605 ns
IQR = 0.210 ns, LowerFence = 7.989 ns, UpperFence = 8.831 ns
ConfidenceInterval = [8.270 ns; 8.557 ns] (CI 99.9%), Margin = 0.144 ns (1.71% of Mean)
Skewness = 0.13, Kurtosis = 1.38, MValue = 2
-------------------- Histogram --------------------
[8.221 ns ; 8.635 ns) | @@@@@@@@@@@@@
---------------------------------------------------

Scenario1.S1_CheckOptionStringSuccess_EnumerationsOptions: .NET 10.0(Runtime=.NET 10.0, IterationTime=100ms) [Iterations=2]
Runtime = .NET 10.0.3 (10.0.3, 10.0.326.7603), X64 RyuJIT x86-64-v3; GC = Concurrent Workstation
Mean = 0.241 ns, StdErr = 0.001 ns (0.41%), N = 13, StdDev = 0.004 ns
Min = 0.237 ns, Q1 = 0.238 ns, Median = 0.241 ns, Q3 = 0.243 ns, Max = 0.250 ns
IQR = 0.005 ns, LowerFence = 0.231 ns, UpperFence = 0.251 ns
ConfidenceInterval = [0.237 ns; 0.245 ns] (CI 99.9%), Margin = 0.004 ns (1.77% of Mean)
Skewness = 0.79, Kurtosis = 2.8, MValue = 2
-------------------- Histogram --------------------
[0.235 ns ; 0.242 ns) | @@@@@@@@
[0.242 ns ; 0.252 ns) | @@@@@
---------------------------------------------------

Scenario1.S1_CheckOptionStringSuccess_FluentResults: .NET 10.0(Runtime=.NET 10.0, IterationTime=100ms) [Iterations=2]
Runtime = .NET 10.0.3 (10.0.3, 10.0.326.7603), X64 RyuJIT x86-64-v3; GC = Concurrent Workstation
Mean = 68.210 ns, StdErr = 0.289 ns (0.42%), N = 14, StdDev = 1.081 ns
Min = 65.577 ns, Q1 = 67.743 ns, Median = 68.256 ns, Q3 = 69.102 ns, Max = 69.451 ns
IQR = 1.360 ns, LowerFence = 65.703 ns, UpperFence = 71.142 ns
ConfidenceInterval = [66.991 ns; 69.429 ns] (CI 99.9%), Margin = 1.219 ns (1.79% of Mean)
Skewness = -0.79, Kurtosis = 2.95, MValue = 2
-------------------- Histogram --------------------
[64.989 ns ; 66.821 ns) | @
[66.821 ns ; 69.763 ns) | @@@@@@@@@@@@@
---------------------------------------------------

Scenario1.S1_CheckOptionStringSuccess_LightResults: .NET 10.0(Runtime=.NET 10.0, IterationTime=100ms) [Iterations=2]
Runtime = .NET 10.0.3 (10.0.3, 10.0.326.7603), X64 RyuJIT x86-64-v3; GC = Concurrent Workstation
Mean = 0.268 ns, StdErr = 0.005 ns (1.82%), N = 15, StdDev = 0.019 ns
Min = 0.248 ns, Q1 = 0.254 ns, Median = 0.264 ns, Q3 = 0.279 ns, Max = 0.306 ns
IQR = 0.025 ns, LowerFence = 0.217 ns, UpperFence = 0.315 ns
ConfidenceInterval = [0.248 ns; 0.289 ns] (CI 99.9%), Margin = 0.020 ns (7.55% of Mean)
Skewness = 0.79, Kurtosis = 2.21, MValue = 2
-------------------- Histogram --------------------
[0.247 ns ; 0.267 ns) | @@@@@@@@@@
[0.267 ns ; 0.291 ns) | @@@
[0.291 ns ; 0.316 ns) | @@
---------------------------------------------------

Scenario1.S1_CheckOptionStringSuccess_Rascal: .NET 10.0(Runtime=.NET 10.0, IterationTime=100ms) [Iterations=2]
Runtime = .NET 10.0.3 (10.0.3, 10.0.326.7603), X64 RyuJIT x86-64-v3; GC = Concurrent Workstation
Mean = 0.268 ns, StdErr = 0.004 ns (1.62%), N = 13, StdDev = 0.016 ns
Min = 0.244 ns, Q1 = 0.258 ns, Median = 0.268 ns, Q3 = 0.274 ns, Max = 0.306 ns
IQR = 0.016 ns, LowerFence = 0.233 ns, UpperFence = 0.298 ns
ConfidenceInterval = [0.250 ns; 0.287 ns] (CI 99.9%), Margin = 0.019 ns (6.99% of Mean)
Skewness = 0.73, Kurtosis = 3.18, MValue = 2.33
-------------------- Histogram --------------------
[0.241 ns ; 0.257 ns) | @@
[0.257 ns ; 0.274 ns) | @@@@@@@@
[0.274 ns ; 0.289 ns) | @@
[0.289 ns ; 0.297 ns) | 
[0.297 ns ; 0.315 ns) | @
---------------------------------------------------

Scenario1.S1_CheckOptionStringSuccess_SimpleResults: .NET 10.0(Runtime=.NET 10.0, IterationTime=100ms) [Iterations=2]
Runtime = .NET 10.0.3 (10.0.3, 10.0.326.7603), X64 RyuJIT x86-64-v3; GC = Concurrent Workstation
Mean = 172.351 ns, StdErr = 0.297 ns (0.17%), N = 14, StdDev = 1.112 ns
Min = 170.301 ns, Q1 = 171.600 ns, Median = 172.176 ns, Q3 = 173.132 ns, Max = 174.755 ns
IQR = 1.533 ns, LowerFence = 169.300 ns, UpperFence = 175.432 ns
ConfidenceInterval = [171.096 ns; 173.606 ns] (CI 99.9%), Margin = 1.255 ns (0.73% of Mean)
Skewness = 0.25, Kurtosis = 2.6, MValue = 2
-------------------- Histogram --------------------
[170.029 ns ; 175.361 ns) | @@@@@@@@@@@@@@
---------------------------------------------------

Scenario1.S1_CheckVoidErrorNoMessage_ArdalisResult: .NET 10.0(Runtime=.NET 10.0, IterationTime=100ms) [Iterations=2]
Runtime = .NET 10.0.3 (10.0.3, 10.0.326.7603), X64 RyuJIT x86-64-v3; GC = Concurrent Workstation
Mean = 17.184 ns, StdErr = 0.113 ns (0.66%), N = 52, StdDev = 0.812 ns
Min = 16.303 ns, Q1 = 16.599 ns, Median = 16.695 ns, Q3 = 17.642 ns, Max = 19.582 ns
IQR = 1.043 ns, LowerFence = 15.034 ns, UpperFence = 19.207 ns
ConfidenceInterval = [16.791 ns; 17.577 ns] (CI 99.9%), Margin = 0.393 ns (2.29% of Mean)
Skewness = 0.98, Kurtosis = 2.9, MValue = 2.48
-------------------- Histogram --------------------
[16.233 ns ; 16.804 ns) | @@@@@@@@@@@@@@@@@@@@@@@@@@@@@
[16.804 ns ; 17.337 ns) | @@
[17.337 ns ; 17.908 ns) | @@@@@@@@@@
[17.908 ns ; 18.561 ns) | @@@@@@@@
[18.561 ns ; 19.296 ns) | @@
[19.296 ns ; 19.867 ns) | @
---------------------------------------------------

Scenario1.S1_CheckVoidErrorNoMessage_EnumerationsOptionsBoxed: .NET 10.0(Runtime=.NET 10.0, IterationTime=100ms) [Iterations=2]
Runtime = .NET 10.0.3 (10.0.3, 10.0.326.7603), X64 RyuJIT x86-64-v3; GC = Concurrent Workstation
Mean = 0.237 ns, StdErr = 0.000 ns (0.20%), N = 15, StdDev = 0.002 ns
Min = 0.235 ns, Q1 = 0.236 ns, Median = 0.236 ns, Q3 = 0.239 ns, Max = 0.240 ns
IQR = 0.003 ns, LowerFence = 0.231 ns, UpperFence = 0.243 ns
ConfidenceInterval = [0.235 ns; 0.239 ns] (CI 99.9%), Margin = 0.002 ns (0.81% of Mean)
Skewness = 0.52, Kurtosis = 1.52, MValue = 2
-------------------- Histogram --------------------
[0.234 ns ; 0.241 ns) | @@@@@@@@@@@@@@@
---------------------------------------------------

Scenario1.S1_CheckVoidErrorNoMessage_EnumerationsOptions: .NET 10.0(Runtime=.NET 10.0, IterationTime=100ms) [Iterations=2]
Runtime = .NET 10.0.3 (10.0.3, 10.0.326.7603), X64 RyuJIT x86-64-v3; GC = Concurrent Workstation
Mean = 0.275 ns, StdErr = 0.007 ns (2.44%), N = 15, StdDev = 0.026 ns
Min = 0.242 ns, Q1 = 0.254 ns, Median = 0.270 ns, Q3 = 0.293 ns, Max = 0.322 ns
IQR = 0.039 ns, LowerFence = 0.196 ns, UpperFence = 0.351 ns
ConfidenceInterval = [0.247 ns; 0.303 ns] (CI 99.9%), Margin = 0.028 ns (10.11% of Mean)
Skewness = 0.42, Kurtosis = 1.8, MValue = 2.75
-------------------- Histogram --------------------
[0.228 ns ; 0.247 ns) | @@
[0.247 ns ; 0.275 ns) | @@@@@@@@
[0.275 ns ; 0.297 ns) | @
[0.297 ns ; 0.325 ns) | @@@@
---------------------------------------------------

Scenario1.S1_CheckVoidErrorNoMessage_FluentResults: .NET 10.0(Runtime=.NET 10.0, IterationTime=100ms) [Iterations=2]
Runtime = .NET 10.0.3 (10.0.3, 10.0.326.7603), X64 RyuJIT x86-64-v3; GC = Concurrent Workstation
Mean = 144.230 ns, StdErr = 0.690 ns (0.48%), N = 15, StdDev = 2.672 ns
Min = 137.796 ns, Q1 = 142.875 ns, Median = 143.383 ns, Q3 = 146.817 ns, Max = 148.126 ns
IQR = 3.943 ns, LowerFence = 136.961 ns, UpperFence = 152.731 ns
ConfidenceInterval = [141.373 ns; 147.087 ns] (CI 99.9%), Margin = 2.857 ns (1.98% of Mean)
Skewness = -0.51, Kurtosis = 2.88, MValue = 2.14
-------------------- Histogram --------------------
[136.373 ns ; 139.218 ns) | @
[139.218 ns ; 142.095 ns) | 
[142.095 ns ; 148.944 ns) | @@@@@@@@@@@@@@
---------------------------------------------------

Scenario1.S1_CheckVoidErrorNoMessage_LightResults: .NET 10.0(Runtime=.NET 10.0, IterationTime=100ms) [Iterations=2]
Runtime = .NET 10.0.3 (10.0.3, 10.0.326.7603), X64 RyuJIT x86-64-v3; GC = Concurrent Workstation
Mean = 0.248 ns, StdErr = 0.000 ns (0.12%), N = 14, StdDev = 0.001 ns
Min = 0.246 ns, Q1 = 0.248 ns, Median = 0.248 ns, Q3 = 0.249 ns, Max = 0.250 ns
IQR = 0.002 ns, LowerFence = 0.245 ns, UpperFence = 0.252 ns
ConfidenceInterval = [0.247 ns; 0.249 ns] (CI 99.9%), Margin = 0.001 ns (0.50% of Mean)
Skewness = -0.38, Kurtosis = 1.85, MValue = 2
-------------------- Histogram --------------------
[0.245 ns ; 0.250 ns) | @@@@@@@@@@@@@@
---------------------------------------------------

Scenario1.S1_CheckVoidErrorNoMessage_Rascal: .NET 10.0(Runtime=.NET 10.0, IterationTime=100ms) [Iterations=2]
Runtime = .NET 10.0.3 (10.0.3, 10.0.326.7603), X64 RyuJIT x86-64-v3; GC = Concurrent Workstation
Mean = 7.403 ns, StdErr = 0.042 ns (0.57%), N = 15, StdDev = 0.164 ns
Min = 7.234 ns, Q1 = 7.291 ns, Median = 7.360 ns, Q3 = 7.457 ns, Max = 7.772 ns
IQR = 0.166 ns, LowerFence = 7.043 ns, UpperFence = 7.706 ns
ConfidenceInterval = [7.228 ns; 7.579 ns] (CI 99.9%), Margin = 0.176 ns (2.37% of Mean)
Skewness = 1.01, Kurtosis = 2.78, MValue = 2
-------------------- Histogram --------------------
[7.226 ns ; 7.401 ns) | @@@@@@@@@@@
[7.401 ns ; 7.619 ns) | @@
[7.619 ns ; 7.860 ns) | @@
---------------------------------------------------

Scenario1.S1_CheckVoidErrorNoMessage_SimpleResults: .NET 10.0(Runtime=.NET 10.0, IterationTime=100ms) [Iterations=2]
Runtime = .NET 10.0.3 (10.0.3, 10.0.326.7603), X64 RyuJIT x86-64-v3; GC = Concurrent Workstation
Mean = 168.478 ns, StdErr = 0.664 ns (0.39%), N = 15, StdDev = 2.573 ns
Min = 164.286 ns, Q1 = 166.623 ns, Median = 168.364 ns, Q3 = 169.394 ns, Max = 173.173 ns
IQR = 2.771 ns, LowerFence = 162.467 ns, UpperFence = 173.550 ns
ConfidenceInterval = [165.728 ns; 171.229 ns] (CI 99.9%), Margin = 2.750 ns (1.63% of Mean)
Skewness = 0.44, Kurtosis = 2.13, MValue = 2
-------------------- Histogram --------------------
[162.917 ns ; 168.961 ns) | @@@@@@@@@@
[168.961 ns ; 174.259 ns) | @@@@@
---------------------------------------------------

Scenario1.S1_CheckVoidErrorWithMessage_ArdalisResult: .NET 10.0(Runtime=.NET 10.0, IterationTime=100ms) [Iterations=2]
Runtime = .NET 10.0.3 (10.0.3, 10.0.326.7603), X64 RyuJIT x86-64-v3; GC = Concurrent Workstation
Mean = 41.671 ns, StdErr = 0.192 ns (0.46%), N = 14, StdDev = 0.719 ns
Min = 40.535 ns, Q1 = 41.350 ns, Median = 41.633 ns, Q3 = 42.197 ns, Max = 43.013 ns
IQR = 0.846 ns, LowerFence = 40.081 ns, UpperFence = 43.466 ns
ConfidenceInterval = [40.860 ns; 42.483 ns] (CI 99.9%), Margin = 0.811 ns (1.95% of Mean)
Skewness = 0.1, Kurtosis = 1.98, MValue = 2
-------------------- Histogram --------------------
[40.246 ns ; 41.255 ns) | @@@
[41.255 ns ; 43.065 ns) | @@@@@@@@@@@
---------------------------------------------------

Scenario1.S1_CheckVoidErrorWithMessage_EnumerationsOptionsBoxed: .NET 10.0(Runtime=.NET 10.0, IterationTime=100ms) [Iterations=2]
Runtime = .NET 10.0.3 (10.0.3, 10.0.326.7603), X64 RyuJIT x86-64-v3; GC = Concurrent Workstation
Mean = 19.539 ns, StdErr = 0.103 ns (0.53%), N = 15, StdDev = 0.400 ns
Min = 19.141 ns, Q1 = 19.206 ns, Median = 19.402 ns, Q3 = 19.790 ns, Max = 20.271 ns
IQR = 0.584 ns, LowerFence = 18.331 ns, UpperFence = 20.665 ns
ConfidenceInterval = [19.112 ns; 19.967 ns] (CI 99.9%), Margin = 0.428 ns (2.19% of Mean)
Skewness = 0.63, Kurtosis = 1.76, MValue = 2
-------------------- Histogram --------------------
[19.134 ns ; 19.559 ns) | @@@@@@@@@
[19.559 ns ; 20.331 ns) | @@@@@@
---------------------------------------------------

Scenario1.S1_CheckVoidErrorWithMessage_EnumerationsOptions: .NET 10.0(Runtime=.NET 10.0, IterationTime=100ms) [Iterations=2]
Runtime = .NET 10.0.3 (10.0.3, 10.0.326.7603), X64 RyuJIT x86-64-v3; GC = Concurrent Workstation
Mean = 0.266 ns, StdErr = 0.005 ns (1.85%), N = 15, StdDev = 0.019 ns
Min = 0.244 ns, Q1 = 0.249 ns, Median = 0.269 ns, Q3 = 0.275 ns, Max = 0.309 ns
IQR = 0.027 ns, LowerFence = 0.209 ns, UpperFence = 0.315 ns
ConfidenceInterval = [0.246 ns; 0.286 ns] (CI 99.9%), Margin = 0.020 ns (7.64% of Mean)
Skewness = 0.63, Kurtosis = 2.39, MValue = 2
-------------------- Histogram --------------------
[0.240 ns ; 0.260 ns) | @@@@@@@
[0.260 ns ; 0.285 ns) | @@@@@@
[0.285 ns ; 0.311 ns) | @@
---------------------------------------------------

Scenario1.S1_CheckVoidErrorWithMessage_FluentResults: .NET 10.0(Runtime=.NET 10.0, IterationTime=100ms) [Iterations=2]
Runtime = .NET 10.0.3 (10.0.3, 10.0.326.7603), X64 RyuJIT x86-64-v3; GC = Concurrent Workstation
Mean = 297.250 ns, StdErr = 1.051 ns (0.35%), N = 14, StdDev = 3.933 ns
Min = 291.247 ns, Q1 = 294.581 ns, Median = 295.954 ns, Q3 = 299.600 ns, Max = 307.173 ns
IQR = 5.019 ns, LowerFence = 287.053 ns, UpperFence = 307.128 ns
ConfidenceInterval = [292.814 ns; 301.687 ns] (CI 99.9%), Margin = 4.436 ns (1.49% of Mean)
Skewness = 0.88, Kurtosis = 3.43, MValue = 2
-------------------- Histogram --------------------
[289.105 ns ; 299.234 ns) | @@@@@@@@@@
[299.234 ns ; 309.315 ns) | @@@@
---------------------------------------------------

Scenario1.S1_CheckVoidErrorWithMessage_LightResults: .NET 10.0(Runtime=.NET 10.0, IterationTime=100ms) [Iterations=2]
Runtime = .NET 10.0.3 (10.0.3, 10.0.326.7603), X64 RyuJIT x86-64-v3; GC = Concurrent Workstation
Mean = 19.953 ns, StdErr = 0.086 ns (0.43%), N = 14, StdDev = 0.322 ns
Min = 19.405 ns, Q1 = 19.722 ns, Median = 19.929 ns, Q3 = 20.221 ns, Max = 20.420 ns
IQR = 0.499 ns, LowerFence = 18.974 ns, UpperFence = 20.968 ns
ConfidenceInterval = [19.589 ns; 20.317 ns] (CI 99.9%), Margin = 0.364 ns (1.82% of Mean)
Skewness = 0.05, Kurtosis = 1.57, MValue = 2
-------------------- Histogram --------------------
[19.230 ns ; 19.965 ns) | @@@@@@@@
[19.965 ns ; 20.488 ns) | @@@@@@
---------------------------------------------------

Scenario1.S1_CheckVoidErrorWithMessage_Rascal: .NET 10.0(Runtime=.NET 10.0, IterationTime=100ms) [Iterations=2]
Runtime = .NET 10.0.3 (10.0.3, 10.0.326.7603), X64 RyuJIT x86-64-v3; GC = Concurrent Workstation
Mean = 10.350 ns, StdErr = 0.048 ns (0.46%), N = 14, StdDev = 0.178 ns
Min = 10.084 ns, Q1 = 10.214 ns, Median = 10.313 ns, Q3 = 10.464 ns, Max = 10.677 ns
IQR = 0.249 ns, LowerFence = 9.840 ns, UpperFence = 10.838 ns
ConfidenceInterval = [10.150 ns; 10.551 ns] (CI 99.9%), Margin = 0.201 ns (1.94% of Mean)
Skewness = 0.39, Kurtosis = 1.87, MValue = 2
-------------------- Histogram --------------------
[ 9.987 ns ; 10.344 ns) | @@@@@@@@
[10.344 ns ; 10.774 ns) | @@@@@@
---------------------------------------------------

Scenario1.S1_CheckVoidErrorWithMessage_SimpleResults: .NET 10.0(Runtime=.NET 10.0, IterationTime=100ms) [Iterations=2]
Runtime = .NET 10.0.3 (10.0.3, 10.0.326.7603), X64 RyuJIT x86-64-v3; GC = Concurrent Workstation
Mean = 94.268 ns, StdErr = 0.470 ns (0.50%), N = 20, StdDev = 2.104 ns
Min = 91.020 ns, Q1 = 92.961 ns, Median = 93.917 ns, Q3 = 95.196 ns, Max = 98.412 ns
IQR = 2.235 ns, LowerFence = 89.608 ns, UpperFence = 98.549 ns
ConfidenceInterval = [92.441 ns; 96.095 ns] (CI 99.9%), Margin = 1.827 ns (1.94% of Mean)
Skewness = 0.6, Kurtosis = 2.37, MValue = 2
-------------------- Histogram --------------------
[90.003 ns ; 92.224 ns) | @@
[92.224 ns ; 94.258 ns) | @@@@@@@@@@
[94.258 ns ; 97.056 ns) | @@@@@
[97.056 ns ; 99.430 ns) | @@@
---------------------------------------------------

Scenario1.S1_CheckVoidSuccess_ArdalisResult: .NET 10.0(Runtime=.NET 10.0, IterationTime=100ms) [Iterations=2]
Runtime = .NET 10.0.3 (10.0.3, 10.0.326.7603), X64 RyuJIT x86-64-v3; GC = Concurrent Workstation
Mean = 15.479 ns, StdErr = 0.045 ns (0.29%), N = 14, StdDev = 0.170 ns
Min = 15.208 ns, Q1 = 15.383 ns, Median = 15.458 ns, Q3 = 15.547 ns, Max = 15.801 ns
IQR = 0.165 ns, LowerFence = 15.135 ns, UpperFence = 15.794 ns
ConfidenceInterval = [15.287 ns; 15.670 ns] (CI 99.9%), Margin = 0.191 ns (1.24% of Mean)
Skewness = 0.38, Kurtosis = 2.18, MValue = 2
-------------------- Histogram --------------------
[15.116 ns ; 15.894 ns) | @@@@@@@@@@@@@@
---------------------------------------------------

Scenario1.S1_CheckVoidSuccess_EnumerationsOptionsBoxed: .NET 10.0(Runtime=.NET 10.0, IterationTime=100ms) [Iterations=2]
Runtime = .NET 10.0.3 (10.0.3, 10.0.326.7603), X64 RyuJIT x86-64-v3; GC = Concurrent Workstation
Mean = 0.253 ns, StdErr = 0.001 ns (0.23%), N = 13, StdDev = 0.002 ns
Min = 0.249 ns, Q1 = 0.251 ns, Median = 0.252 ns, Q3 = 0.254 ns, Max = 0.257 ns
IQR = 0.003 ns, LowerFence = 0.247 ns, UpperFence = 0.258 ns
ConfidenceInterval = [0.250 ns; 0.255 ns] (CI 99.9%), Margin = 0.003 ns (1.00% of Mean)
Skewness = 0.3, Kurtosis = 2.03, MValue = 2
-------------------- Histogram --------------------
[0.248 ns ; 0.258 ns) | @@@@@@@@@@@@@
---------------------------------------------------

Scenario1.S1_CheckVoidSuccess_EnumerationsOptions: .NET 10.0(Runtime=.NET 10.0, IterationTime=100ms) [Iterations=2]
Runtime = .NET 10.0.3 (10.0.3, 10.0.326.7603), X64 RyuJIT x86-64-v3; GC = Concurrent Workstation
Mean = 0.248 ns, StdErr = 0.002 ns (0.99%), N = 13, StdDev = 0.009 ns
Min = 0.231 ns, Q1 = 0.251 ns, Median = 0.252 ns, Q3 = 0.253 ns, Max = 0.256 ns
IQR = 0.002 ns, LowerFence = 0.249 ns, UpperFence = 0.255 ns
ConfidenceInterval = [0.238 ns; 0.259 ns] (CI 99.9%), Margin = 0.011 ns (4.29% of Mean)
Skewness = -1.14, Kurtosis = 2.54, MValue = 2
-------------------- Histogram --------------------
[0.229 ns ; 0.239 ns) | @@@
[0.239 ns ; 0.249 ns) | 
[0.249 ns ; 0.259 ns) | @@@@@@@@@@
---------------------------------------------------

Scenario1.S1_CheckVoidSuccess_FluentResults: .NET 10.0(Runtime=.NET 10.0, IterationTime=100ms) [Iterations=2]
Runtime = .NET 10.0.3 (10.0.3, 10.0.326.7603), X64 RyuJIT x86-64-v3; GC = Concurrent Workstation
Mean = 41.179 ns, StdErr = 0.251 ns (0.61%), N = 54, StdDev = 1.844 ns
Min = 39.283 ns, Q1 = 39.558 ns, Median = 40.371 ns, Q3 = 42.527 ns, Max = 45.241 ns
IQR = 2.969 ns, LowerFence = 35.105 ns, UpperFence = 46.980 ns
ConfidenceInterval = [40.305 ns; 42.054 ns] (CI 99.9%), Margin = 0.874 ns (2.12% of Mean)
Skewness = 0.67, Kurtosis = 1.99, MValue = 3.03
-------------------- Histogram --------------------
[39.234 ns ; 40.515 ns) | @@@@@@@@@@@@@@@@@@@@@@@@@@@@@@@
[40.515 ns ; 41.407 ns) | 
[41.407 ns ; 42.688 ns) | @@@@@@@@@@@
[42.688 ns ; 43.633 ns) | @@@
[43.633 ns ; 44.914 ns) | @@@@@@@@
[44.914 ns ; 45.881 ns) | @
---------------------------------------------------

Scenario1.S1_CheckVoidSuccess_LightResults: .NET 10.0(Runtime=.NET 10.0, IterationTime=100ms) [Iterations=2]
Runtime = .NET 10.0.3 (10.0.3, 10.0.326.7603), X64 RyuJIT x86-64-v3; GC = Concurrent Workstation
Mean = 0.241 ns, StdErr = 0.002 ns (0.99%), N = 15, StdDev = 0.009 ns
Min = 0.228 ns, Q1 = 0.233 ns, Median = 0.239 ns, Q3 = 0.249 ns, Max = 0.255 ns
IQR = 0.017 ns, LowerFence = 0.208 ns, UpperFence = 0.274 ns
ConfidenceInterval = [0.231 ns; 0.251 ns] (CI 99.9%), Margin = 0.010 ns (4.10% of Mean)
Skewness = 0.28, Kurtosis = 1.45, MValue = 3
-------------------- Histogram --------------------
[0.223 ns ; 0.230 ns) | @
[0.230 ns ; 0.240 ns) | @@@@@@@@
[0.240 ns ; 0.247 ns) | @
[0.247 ns ; 0.257 ns) | @@@@@
---------------------------------------------------

Scenario1.S1_CheckVoidSuccess_Rascal: .NET 10.0(Runtime=.NET 10.0, IterationTime=100ms) [Iterations=2]
Runtime = .NET 10.0.3 (10.0.3, 10.0.326.7603), X64 RyuJIT x86-64-v3; GC = Concurrent Workstation
Mean = 0.257 ns, StdErr = 0.004 ns (1.74%), N = 14, StdDev = 0.017 ns
Min = 0.238 ns, Q1 = 0.243 ns, Median = 0.258 ns, Q3 = 0.261 ns, Max = 0.287 ns
IQR = 0.018 ns, LowerFence = 0.215 ns, UpperFence = 0.288 ns
ConfidenceInterval = [0.238 ns; 0.276 ns] (CI 99.9%), Margin = 0.019 ns (7.33% of Mean)
Skewness = 0.58, Kurtosis = 1.91, MValue = 2.86
-------------------- Histogram --------------------
[0.229 ns ; 0.243 ns) | @@@@
[0.243 ns ; 0.261 ns) | @@@@@@@
[0.261 ns ; 0.272 ns) | 
[0.272 ns ; 0.291 ns) | @@@
---------------------------------------------------

Scenario1.S1_CheckVoidSuccess_SimpleResults: .NET 10.0(Runtime=.NET 10.0, IterationTime=100ms) [Iterations=2]
Runtime = .NET 10.0.3 (10.0.3, 10.0.326.7603), X64 RyuJIT x86-64-v3; GC = Concurrent Workstation
Mean = 157.650 ns, StdErr = 0.284 ns (0.18%), N = 14, StdDev = 1.061 ns
Min = 155.413 ns, Q1 = 157.251 ns, Median = 157.886 ns, Q3 = 158.326 ns, Max = 159.213 ns
IQR = 1.076 ns, LowerFence = 155.638 ns, UpperFence = 159.940 ns
ConfidenceInterval = [156.453 ns; 158.847 ns] (CI 99.9%), Margin = 1.197 ns (0.76% of Mean)
Skewness = -0.52, Kurtosis = 2.28, MValue = 2
-------------------- Histogram --------------------
[154.835 ns ; 159.223 ns) | @@@@@@@@@@@@@@
---------------------------------------------------

Scenario1.S1_ReturnOptionStringErrorNoMessage_ArdalisResult: .NET 10.0(Runtime=.NET 10.0, IterationTime=100ms) [Iterations=2]
Runtime = .NET 10.0.3 (10.0.3, 10.0.326.7603), X64 RyuJIT x86-64-v3; GC = Concurrent Workstation
Mean = 16.757 ns, StdErr = 0.024 ns (0.14%), N = 13, StdDev = 0.088 ns
Min = 16.637 ns, Q1 = 16.686 ns, Median = 16.754 ns, Q3 = 16.813 ns, Max = 16.904 ns
IQR = 0.128 ns, LowerFence = 16.494 ns, UpperFence = 17.005 ns
ConfidenceInterval = [16.653 ns; 16.862 ns] (CI 99.9%), Margin = 0.105 ns (0.63% of Mean)
Skewness = 0.3, Kurtosis = 1.61, MValue = 2
-------------------- Histogram --------------------
[16.588 ns ; 16.953 ns) | @@@@@@@@@@@@@
---------------------------------------------------

Scenario1.S1_ReturnOptionStringErrorNoMessage_EnumerationsOptionsBoxed: .NET 10.0(Runtime=.NET 10.0, IterationTime=100ms) [Iterations=2]
Runtime = .NET 10.0.3 (10.0.3, 10.0.326.7603), X64 RyuJIT x86-64-v3; GC = Concurrent Workstation
Mean = 0.256 ns, StdErr = 0.003 ns (1.07%), N = 13, StdDev = 0.010 ns
Min = 0.241 ns, Q1 = 0.249 ns, Median = 0.254 ns, Q3 = 0.264 ns, Max = 0.270 ns
IQR = 0.015 ns, LowerFence = 0.227 ns, UpperFence = 0.285 ns
ConfidenceInterval = [0.244 ns; 0.268 ns] (CI 99.9%), Margin = 0.012 ns (4.60% of Mean)
Skewness = 0.06, Kurtosis = 1.33, MValue = 3.67
-------------------- Histogram --------------------
[0.240 ns ; 0.251 ns) | @@@@@@
[0.251 ns ; 0.261 ns) | @
[0.261 ns ; 0.272 ns) | @@@@@@
---------------------------------------------------

Scenario1.S1_ReturnOptionStringErrorNoMessage_EnumerationsOptions: .NET 10.0(Runtime=.NET 10.0, IterationTime=100ms) [Iterations=2]
Runtime = .NET 10.0.3 (10.0.3, 10.0.326.7603), X64 RyuJIT x86-64-v3; GC = Concurrent Workstation
Mean = 0.264 ns, StdErr = 0.004 ns (1.47%), N = 15, StdDev = 0.015 ns
Min = 0.249 ns, Q1 = 0.252 ns, Median = 0.261 ns, Q3 = 0.277 ns, Max = 0.294 ns
IQR = 0.025 ns, LowerFence = 0.214 ns, UpperFence = 0.314 ns
ConfidenceInterval = [0.248 ns; 0.280 ns] (CI 99.9%), Margin = 0.016 ns (6.08% of Mean)
Skewness = 0.55, Kurtosis = 1.74, MValue = 2.67
-------------------- Histogram --------------------
[0.248 ns ; 0.264 ns) | @@@@@@@@@
[0.264 ns ; 0.273 ns) | @
[0.273 ns ; 0.289 ns) | @@@@
[0.289 ns ; 0.302 ns) | @
---------------------------------------------------

Scenario1.S1_ReturnOptionStringErrorNoMessage_FluentResults: .NET 10.0(Runtime=.NET 10.0, IterationTime=100ms) [Iterations=2]
Runtime = .NET 10.0.3 (10.0.3, 10.0.326.7603), X64 RyuJIT x86-64-v3; GC = Concurrent Workstation
Mean = 93.685 ns, StdErr = 0.278 ns (0.30%), N = 13, StdDev = 1.003 ns
Min = 92.268 ns, Q1 = 93.046 ns, Median = 93.695 ns, Q3 = 94.045 ns, Max = 95.921 ns
IQR = 0.999 ns, LowerFence = 91.547 ns, UpperFence = 95.544 ns
ConfidenceInterval = [92.484 ns; 94.886 ns] (CI 99.9%), Margin = 1.201 ns (1.28% of Mean)
Skewness = 0.58, Kurtosis = 2.56, MValue = 2
-------------------- Histogram --------------------
[91.708 ns ; 94.426 ns) | @@@@@@@@@@
[94.426 ns ; 96.481 ns) | @@@
---------------------------------------------------

Scenario1.S1_ReturnOptionStringErrorNoMessage_LightResults: .NET 10.0(Runtime=.NET 10.0, IterationTime=100ms) [Iterations=2]
Runtime = .NET 10.0.3 (10.0.3, 10.0.326.7603), X64 RyuJIT x86-64-v3; GC = Concurrent Workstation
Mean = 0.276 ns, StdErr = 0.009 ns (3.11%), N = 23, StdDev = 0.041 ns
Min = 0.239 ns, Q1 = 0.249 ns, Median = 0.266 ns, Q3 = 0.282 ns, Max = 0.375 ns
IQR = 0.033 ns, LowerFence = 0.199 ns, UpperFence = 0.332 ns
ConfidenceInterval = [0.243 ns; 0.308 ns] (CI 99.9%), Margin = 0.033 ns (11.80% of Mean)
Skewness = 1.3, Kurtosis = 3.47, MValue = 2.55
-------------------- Histogram --------------------
[0.237 ns ; 0.283 ns) | @@@@@@@@@@@@@@@@@
[0.283 ns ; 0.321 ns) | @@@
[0.321 ns ; 0.345 ns) | 
[0.345 ns ; 0.383 ns) | @@@
---------------------------------------------------

Scenario1.S1_ReturnOptionStringErrorNoMessage_Rascal: .NET 10.0(Runtime=.NET 10.0, IterationTime=100ms) [Iterations=2]
Runtime = .NET 10.0.3 (10.0.3, 10.0.326.7603), X64 RyuJIT x86-64-v3; GC = Concurrent Workstation
Mean = 8.196 ns, StdErr = 0.050 ns (0.61%), N = 31, StdDev = 0.277 ns
Min = 7.747 ns, Q1 = 8.040 ns, Median = 8.191 ns, Q3 = 8.368 ns, Max = 8.809 ns
IQR = 0.327 ns, LowerFence = 7.549 ns, UpperFence = 8.859 ns
ConfidenceInterval = [8.015 ns; 8.378 ns] (CI 99.9%), Margin = 0.181 ns (2.21% of Mean)
Skewness = 0.15, Kurtosis = 2.44, MValue = 2
-------------------- Histogram --------------------
[7.735 ns ; 7.967 ns) | @@@@@@@
[7.967 ns ; 8.315 ns) | @@@@@@@@@@@@@@@
[8.315 ns ; 8.583 ns) | @@@@@@
[8.583 ns ; 8.815 ns) | @@@
---------------------------------------------------

Scenario1.S1_ReturnOptionStringErrorNoMessage_SimpleResults: .NET 10.0(Runtime=.NET 10.0, IterationTime=100ms) [Iterations=2]
Runtime = .NET 10.0.3 (10.0.3, 10.0.326.7603), X64 RyuJIT x86-64-v3; GC = Concurrent Workstation
Mean = 264.512 ns, StdErr = 0.745 ns (0.28%), N = 14, StdDev = 2.788 ns
Min = 258.838 ns, Q1 = 263.388 ns, Median = 264.768 ns, Q3 = 266.312 ns, Max = 268.277 ns
IQR = 2.925 ns, LowerFence = 259.001 ns, UpperFence = 270.700 ns
ConfidenceInterval = [261.367 ns; 267.657 ns] (CI 99.9%), Margin = 3.145 ns (1.19% of Mean)
Skewness = -0.68, Kurtosis = 2.44, MValue = 2
-------------------- Histogram --------------------
[257.319 ns ; 268.402 ns) | @@@@@@@@@@@@@@
---------------------------------------------------

Scenario1.S1_ReturnOptionStringErrorWithMessage_ArdalisResult: .NET 10.0(Runtime=.NET 10.0, IterationTime=100ms) [Iterations=2]
Runtime = .NET 10.0.3 (10.0.3, 10.0.326.7603), X64 RyuJIT x86-64-v3; GC = Concurrent Workstation
Mean = 27.573 ns, StdErr = 0.170 ns (0.62%), N = 53, StdDev = 1.235 ns
Min = 25.381 ns, Q1 = 26.572 ns, Median = 27.673 ns, Q3 = 28.249 ns, Max = 30.578 ns
IQR = 1.677 ns, LowerFence = 24.056 ns, UpperFence = 30.765 ns
ConfidenceInterval = [26.982 ns; 28.165 ns] (CI 99.9%), Margin = 0.592 ns (2.15% of Mean)
Skewness = 0.13, Kurtosis = 2.33, MValue = 2.95
-------------------- Histogram --------------------
[24.949 ns ; 25.903 ns) | @@@@
[25.903 ns ; 26.766 ns) | @@@@@@@@@@@@@
[26.766 ns ; 27.413 ns) | @@@@
[27.413 ns ; 28.276 ns) | @@@@@@@@@@@@@@@@@@@
[28.276 ns ; 29.279 ns) | @@@@@@@@
[29.279 ns ; 30.067 ns) | @@@@
[30.067 ns ; 31.010 ns) | @
---------------------------------------------------

Scenario1.S1_ReturnOptionStringErrorWithMessage_EnumerationsOptionsBoxed: .NET 10.0(Runtime=.NET 10.0, IterationTime=100ms) [Iterations=2]
Runtime = .NET 10.0.3 (10.0.3, 10.0.326.7603), X64 RyuJIT x86-64-v3; GC = Concurrent Workstation
Mean = 8.289 ns, StdErr = 0.059 ns (0.72%), N = 56, StdDev = 0.444 ns
Min = 7.729 ns, Q1 = 7.953 ns, Median = 8.228 ns, Q3 = 8.492 ns, Max = 9.527 ns
IQR = 0.538 ns, LowerFence = 7.146 ns, UpperFence = 9.299 ns
ConfidenceInterval = [8.083 ns; 8.495 ns] (CI 99.9%), Margin = 0.206 ns (2.49% of Mean)
Skewness = 1.03, Kurtosis = 3.53, MValue = 3.44
-------------------- Histogram --------------------
[7.711 ns ; 8.080 ns) | @@@@@@@@@@@@@@@@@@@
[8.080 ns ; 8.385 ns) | @@@@@@@@@@@@@@@@@@@@
[8.385 ns ; 8.692 ns) | @@@@@@@@@@
[8.692 ns ; 9.002 ns) | @
[9.002 ns ; 9.404 ns) | @@@@@
[9.404 ns ; 9.679 ns) | @
---------------------------------------------------

Scenario1.S1_ReturnOptionStringErrorWithMessage_EnumerationsOptions: .NET 10.0(Runtime=.NET 10.0, IterationTime=100ms) [Iterations=2]
Runtime = .NET 10.0.3 (10.0.3, 10.0.326.7603), X64 RyuJIT x86-64-v3; GC = Concurrent Workstation
Mean = 0.246 ns, StdErr = 0.001 ns (0.32%), N = 14, StdDev = 0.003 ns
Min = 0.243 ns, Q1 = 0.243 ns, Median = 0.244 ns, Q3 = 0.248 ns, Max = 0.252 ns
IQR = 0.005 ns, LowerFence = 0.236 ns, UpperFence = 0.256 ns
ConfidenceInterval = [0.242 ns; 0.249 ns] (CI 99.9%), Margin = 0.003 ns (1.33% of Mean)
Skewness = 0.63, Kurtosis = 1.79, MValue = 2
-------------------- Histogram --------------------
[0.242 ns ; 0.253 ns) | @@@@@@@@@@@@@@
---------------------------------------------------

Scenario1.S1_ReturnOptionStringErrorWithMessage_FluentResults: .NET 10.0(Runtime=.NET 10.0, IterationTime=100ms) [Iterations=2]
Runtime = .NET 10.0.3 (10.0.3, 10.0.326.7603), X64 RyuJIT x86-64-v3; GC = Concurrent Workstation
Mean = 91.054 ns, StdErr = 0.532 ns (0.58%), N = 46, StdDev = 3.605 ns
Min = 87.084 ns, Q1 = 87.929 ns, Median = 89.292 ns, Q3 = 94.007 ns, Max = 100.466 ns
IQR = 6.078 ns, LowerFence = 78.812 ns, UpperFence = 103.124 ns
ConfidenceInterval = [89.183 ns; 92.926 ns] (CI 99.9%), Margin = 1.871 ns (2.06% of Mean)
Skewness = 0.68, Kurtosis = 2.27, MValue = 3.08
-------------------- Histogram --------------------
[87.069 ns ;  89.710 ns) | @@@@@@@@@@@@@@@@@@@@@@@@@@
[89.710 ns ;  92.291 ns) | 
[92.291 ns ;  94.932 ns) | @@@@@@@@@@@@@@
[94.932 ns ;  97.848 ns) | @@@@
[97.848 ns ; 100.706 ns) | @@
---------------------------------------------------

Scenario1.S1_ReturnOptionStringErrorWithMessage_LightResults: .NET 10.0(Runtime=.NET 10.0, IterationTime=100ms) [Iterations=2]
Runtime = .NET 10.0.3 (10.0.3, 10.0.326.7603), X64 RyuJIT x86-64-v3; GC = Concurrent Workstation
Mean = 20.351 ns, StdErr = 0.087 ns (0.43%), N = 14, StdDev = 0.325 ns
Min = 20.020 ns, Q1 = 20.085 ns, Median = 20.250 ns, Q3 = 20.476 ns, Max = 21.111 ns
IQR = 0.391 ns, LowerFence = 19.499 ns, UpperFence = 21.063 ns
ConfidenceInterval = [19.985 ns; 20.718 ns] (CI 99.9%), Margin = 0.367 ns (1.80% of Mean)
Skewness = 0.91, Kurtosis = 2.68, MValue = 2
-------------------- Histogram --------------------
[19.984 ns ; 20.833 ns) | @@@@@@@@@@@@@
[20.833 ns ; 21.288 ns) | @
---------------------------------------------------

Scenario1.S1_ReturnOptionStringErrorWithMessage_Rascal: .NET 10.0(Runtime=.NET 10.0, IterationTime=100ms) [Iterations=2]
Runtime = .NET 10.0.3 (10.0.3, 10.0.326.7603), X64 RyuJIT x86-64-v3; GC = Concurrent Workstation
Mean = 7.953 ns, StdErr = 0.043 ns (0.54%), N = 14, StdDev = 0.162 ns
Min = 7.754 ns, Q1 = 7.827 ns, Median = 7.928 ns, Q3 = 8.088 ns, Max = 8.228 ns
IQR = 0.261 ns, LowerFence = 7.436 ns, UpperFence = 8.480 ns
ConfidenceInterval = [7.771 ns; 8.136 ns] (CI 99.9%), Margin = 0.183 ns (2.29% of Mean)
Skewness = 0.32, Kurtosis = 1.55, MValue = 2
-------------------- Histogram --------------------
[7.735 ns ; 7.912 ns) | @@@@@@@
[7.912 ns ; 8.139 ns) | @@@@@
[8.139 ns ; 8.317 ns) | @@
---------------------------------------------------

Scenario1.S1_ReturnOptionStringErrorWithMessage_SimpleResults: .NET 10.0(Runtime=.NET 10.0, IterationTime=100ms) [Iterations=2]
Runtime = .NET 10.0.3 (10.0.3, 10.0.326.7603), X64 RyuJIT x86-64-v3; GC = Concurrent Workstation
Mean = 170.172 ns, StdErr = 0.153 ns (0.09%), N = 12, StdDev = 0.531 ns
Min = 168.994 ns, Q1 = 169.984 ns, Median = 170.133 ns, Q3 = 170.515 ns, Max = 171.017 ns
IQR = 0.531 ns, LowerFence = 169.187 ns, UpperFence = 171.312 ns
ConfidenceInterval = [169.491 ns; 170.853 ns] (CI 99.9%), Margin = 0.681 ns (0.40% of Mean)
Skewness = -0.49, Kurtosis = 2.76, MValue = 2
-------------------- Histogram --------------------
[168.689 ns ; 171.322 ns) | @@@@@@@@@@@@
---------------------------------------------------

Scenario1.S1_ReturnOptionStringNone_ArdalisResult: .NET 10.0(Runtime=.NET 10.0, IterationTime=100ms) [Iterations=2]
Runtime = .NET 10.0.3 (10.0.3, 10.0.326.7603), X64 RyuJIT x86-64-v3; GC = Concurrent Workstation
Mean = 15.618 ns, StdErr = 0.087 ns (0.56%), N = 17, StdDev = 0.361 ns
Min = 14.663 ns, Q1 = 15.433 ns, Median = 15.675 ns, Q3 = 15.839 ns, Max = 16.269 ns
IQR = 0.407 ns, LowerFence = 14.823 ns, UpperFence = 16.449 ns
ConfidenceInterval = [15.267 ns; 15.969 ns] (CI 99.9%), Margin = 0.351 ns (2.25% of Mean)
Skewness = -0.71, Kurtosis = 3.74, MValue = 2
-------------------- Histogram --------------------
[14.479 ns ; 14.847 ns) | @
[14.847 ns ; 15.213 ns) | 
[15.213 ns ; 15.580 ns) | @@@@@@
[15.580 ns ; 15.949 ns) | @@@@@@@@
[15.949 ns ; 16.323 ns) | @@
---------------------------------------------------

Scenario1.S1_ReturnOptionStringNone_EnumerationsOptionsBoxed: .NET 10.0(Runtime=.NET 10.0, IterationTime=100ms) [Iterations=2]
Runtime = .NET 10.0.3 (10.0.3, 10.0.326.7603), X64 RyuJIT x86-64-v3; GC = Concurrent Workstation
Mean = 0.238 ns, StdErr = 0.001 ns (0.30%), N = 12, StdDev = 0.003 ns
Min = 0.233 ns, Q1 = 0.237 ns, Median = 0.238 ns, Q3 = 0.239 ns, Max = 0.242 ns
IQR = 0.002 ns, LowerFence = 0.234 ns, UpperFence = 0.241 ns
ConfidenceInterval = [0.234 ns; 0.241 ns] (CI 99.9%), Margin = 0.003 ns (1.35% of Mean)
Skewness = -0.35, Kurtosis = 2.64, MValue = 2
-------------------- Histogram --------------------
[0.232 ns ; 0.244 ns) | @@@@@@@@@@@@
---------------------------------------------------

Scenario1.S1_ReturnOptionStringNone_EnumerationsOptions: .NET 10.0(Runtime=.NET 10.0, IterationTime=100ms) [Iterations=2]
Runtime = .NET 10.0.3 (10.0.3, 10.0.326.7603), X64 RyuJIT x86-64-v3; GC = Concurrent Workstation
Mean = 0.260 ns, StdErr = 0.002 ns (0.88%), N = 15, StdDev = 0.009 ns
Min = 0.250 ns, Q1 = 0.252 ns, Median = 0.258 ns, Q3 = 0.266 ns, Max = 0.278 ns
IQR = 0.013 ns, LowerFence = 0.232 ns, UpperFence = 0.286 ns
ConfidenceInterval = [0.250 ns; 0.269 ns] (CI 99.9%), Margin = 0.010 ns (3.66% of Mean)
Skewness = 0.44, Kurtosis = 1.83, MValue = 2
-------------------- Histogram --------------------
[0.249 ns ; 0.259 ns) | @@@@@@@@
[0.259 ns ; 0.273 ns) | @@@@@@
[0.273 ns ; 0.283 ns) | @
---------------------------------------------------

Scenario1.S1_ReturnOptionStringNone_FluentResults: .NET 10.0(Runtime=.NET 10.0, IterationTime=100ms) [Iterations=2]
Runtime = .NET 10.0.3 (10.0.3, 10.0.326.7603), X64 RyuJIT x86-64-v3; GC = Concurrent Workstation
Mean = 43.256 ns, StdErr = 0.101 ns (0.23%), N = 14, StdDev = 0.378 ns
Min = 42.803 ns, Q1 = 42.927 ns, Median = 43.212 ns, Q3 = 43.489 ns, Max = 44.108 ns
IQR = 0.561 ns, LowerFence = 42.085 ns, UpperFence = 44.331 ns
ConfidenceInterval = [42.829 ns; 43.683 ns] (CI 99.9%), Margin = 0.427 ns (0.99% of Mean)
Skewness = 0.6, Kurtosis = 2.48, MValue = 2
-------------------- Histogram --------------------
[42.596 ns ; 44.314 ns) | @@@@@@@@@@@@@@
---------------------------------------------------

Scenario1.S1_ReturnOptionStringNone_LightResults: .NET 10.0(Runtime=.NET 10.0, IterationTime=100ms) [Iterations=2]
Runtime = .NET 10.0.3 (10.0.3, 10.0.326.7603), X64 RyuJIT x86-64-v3; GC = Concurrent Workstation
Mean = 0.262 ns, StdErr = 0.006 ns (2.27%), N = 14, StdDev = 0.022 ns
Min = 0.242 ns, Q1 = 0.244 ns, Median = 0.250 ns, Q3 = 0.276 ns, Max = 0.316 ns
IQR = 0.032 ns, LowerFence = 0.196 ns, UpperFence = 0.324 ns
ConfidenceInterval = [0.237 ns; 0.287 ns] (CI 99.9%), Margin = 0.025 ns (9.58% of Mean)
Skewness = 0.98, Kurtosis = 2.93, MValue = 2.25
-------------------- Histogram --------------------
[0.235 ns ; 0.259 ns) | @@@@@@@@
[0.259 ns ; 0.290 ns) | @@@@@
[0.290 ns ; 0.304 ns) | 
[0.304 ns ; 0.329 ns) | @
---------------------------------------------------

Scenario1.S1_ReturnOptionStringNone_Rascal: .NET 10.0(Runtime=.NET 10.0, IterationTime=100ms) [Iterations=2]
Runtime = .NET 10.0.3 (10.0.3, 10.0.326.7603), X64 RyuJIT x86-64-v3; GC = Concurrent Workstation
Mean = 0.251 ns, StdErr = 0.001 ns (0.36%), N = 15, StdDev = 0.003 ns
Min = 0.247 ns, Q1 = 0.249 ns, Median = 0.250 ns, Q3 = 0.254 ns, Max = 0.258 ns
IQR = 0.006 ns, LowerFence = 0.240 ns, UpperFence = 0.262 ns
ConfidenceInterval = [0.248 ns; 0.255 ns] (CI 99.9%), Margin = 0.004 ns (1.48% of Mean)
Skewness = 0.52, Kurtosis = 1.76, MValue = 2
-------------------- Histogram --------------------
[0.245 ns ; 0.253 ns) | @@@@@@@@@@
[0.253 ns ; 0.258 ns) | @@@@@
---------------------------------------------------

Scenario1.S1_ReturnOptionStringNone_SimpleResults: .NET 10.0(Runtime=.NET 10.0, IterationTime=100ms) [Iterations=2]
Runtime = .NET 10.0.3 (10.0.3, 10.0.326.7603), X64 RyuJIT x86-64-v3; GC = Concurrent Workstation
Mean = 156.941 ns, StdErr = 0.573 ns (0.37%), N = 14, StdDev = 2.144 ns
Min = 152.394 ns, Q1 = 155.960 ns, Median = 157.666 ns, Q3 = 158.073 ns, Max = 160.433 ns
IQR = 2.113 ns, LowerFence = 152.789 ns, UpperFence = 161.243 ns
ConfidenceInterval = [154.522 ns; 159.359 ns] (CI 99.9%), Margin = 2.419 ns (1.54% of Mean)
Skewness = -0.74, Kurtosis = 2.78, MValue = 2
-------------------- Histogram --------------------
[151.226 ns ; 155.437 ns) | @@
[155.437 ns ; 161.601 ns) | @@@@@@@@@@@@
---------------------------------------------------

Scenario1.S1_ReturnOptionStringSuccess_ArdalisResult: .NET 10.0(Runtime=.NET 10.0, IterationTime=100ms) [Iterations=2]
Runtime = .NET 10.0.3 (10.0.3, 10.0.326.7603), X64 RyuJIT x86-64-v3; GC = Concurrent Workstation
Mean = 14.582 ns, StdErr = 0.057 ns (0.39%), N = 14, StdDev = 0.215 ns
Min = 14.377 ns, Q1 = 14.421 ns, Median = 14.488 ns, Q3 = 14.730 ns, Max = 14.981 ns
IQR = 0.309 ns, LowerFence = 13.957 ns, UpperFence = 15.194 ns
ConfidenceInterval = [14.340 ns; 14.825 ns] (CI 99.9%), Margin = 0.243 ns (1.66% of Mean)
Skewness = 0.75, Kurtosis = 1.82, MValue = 2
-------------------- Histogram --------------------
[14.329 ns ; 15.031 ns) | @@@@@@@@@@@@@@
---------------------------------------------------

Scenario1.S1_ReturnOptionStringSuccess_EnumerationsOptionsBoxed: .NET 10.0(Runtime=.NET 10.0, IterationTime=100ms) [Iterations=2]
Runtime = .NET 10.0.3 (10.0.3, 10.0.326.7603), X64 RyuJIT x86-64-v3; GC = Concurrent Workstation
Mean = 8.235 ns, StdErr = 0.050 ns (0.61%), N = 16, StdDev = 0.201 ns
Min = 7.747 ns, Q1 = 8.111 ns, Median = 8.210 ns, Q3 = 8.387 ns, Max = 8.553 ns
IQR = 0.276 ns, LowerFence = 7.697 ns, UpperFence = 8.801 ns
ConfidenceInterval = [8.031 ns; 8.440 ns] (CI 99.9%), Margin = 0.204 ns (2.48% of Mean)
Skewness = -0.46, Kurtosis = 2.93, MValue = 2.22
-------------------- Histogram --------------------
[7.642 ns ; 7.852 ns) | @
[7.852 ns ; 8.075 ns) | 
[8.075 ns ; 8.284 ns) | @@@@@@@@@
[8.284 ns ; 8.657 ns) | @@@@@@
---------------------------------------------------

Scenario1.S1_ReturnOptionStringSuccess_EnumerationsOptions: .NET 10.0(Runtime=.NET 10.0, IterationTime=100ms) [Iterations=2]
Runtime = .NET 10.0.3 (10.0.3, 10.0.326.7603), X64 RyuJIT x86-64-v3; GC = Concurrent Workstation
Mean = 0.255 ns, StdErr = 0.001 ns (0.36%), N = 13, StdDev = 0.003 ns
Min = 0.251 ns, Q1 = 0.251 ns, Median = 0.256 ns, Q3 = 0.256 ns, Max = 0.261 ns
IQR = 0.005 ns, LowerFence = 0.245 ns, UpperFence = 0.263 ns
ConfidenceInterval = [0.251 ns; 0.259 ns] (CI 99.9%), Margin = 0.004 ns (1.58% of Mean)
Skewness = 0.27, Kurtosis = 1.8, MValue = 2
-------------------- Histogram --------------------
[0.249 ns ; 0.262 ns) | @@@@@@@@@@@@@
---------------------------------------------------

Scenario1.S1_ReturnOptionStringSuccess_FluentResults: .NET 10.0(Runtime=.NET 10.0, IterationTime=100ms) [Iterations=2]
Runtime = .NET 10.0.3 (10.0.3, 10.0.326.7603), X64 RyuJIT x86-64-v3; GC = Concurrent Workstation
Mean = 43.861 ns, StdErr = 0.134 ns (0.31%), N = 14, StdDev = 0.502 ns
Min = 42.490 ns, Q1 = 43.692 ns, Median = 43.923 ns, Q3 = 44.087 ns, Max = 44.585 ns
IQR = 0.395 ns, LowerFence = 43.099 ns, UpperFence = 44.680 ns
ConfidenceInterval = [43.295 ns; 44.427 ns] (CI 99.9%), Margin = 0.566 ns (1.29% of Mean)
Skewness = -1.15, Kurtosis = 4.47, MValue = 2
-------------------- Histogram --------------------
[42.217 ns ; 43.310 ns) | @
[43.310 ns ; 44.858 ns) | @@@@@@@@@@@@@
---------------------------------------------------

Scenario1.S1_ReturnOptionStringSuccess_LightResults: .NET 10.0(Runtime=.NET 10.0, IterationTime=100ms) [Iterations=2]
Runtime = .NET 10.0.3 (10.0.3, 10.0.326.7603), X64 RyuJIT x86-64-v3; GC = Concurrent Workstation
Mean = 0.270 ns, StdErr = 0.004 ns (1.54%), N = 15, StdDev = 0.016 ns
Min = 0.247 ns, Q1 = 0.254 ns, Median = 0.273 ns, Q3 = 0.279 ns, Max = 0.304 ns
IQR = 0.025 ns, LowerFence = 0.216 ns, UpperFence = 0.318 ns
ConfidenceInterval = [0.253 ns; 0.288 ns] (CI 99.9%), Margin = 0.017 ns (6.39% of Mean)
Skewness = 0.19, Kurtosis = 2.03, MValue = 3.75
-------------------- Histogram --------------------
[0.247 ns ; 0.264 ns) | @@@@@@
[0.264 ns ; 0.270 ns) | 
[0.270 ns ; 0.287 ns) | @@@@@@@@
[0.287 ns ; 0.295 ns) | 
[0.295 ns ; 0.312 ns) | @
---------------------------------------------------

Scenario1.S1_ReturnOptionStringSuccess_Rascal: .NET 10.0(Runtime=.NET 10.0, IterationTime=100ms) [Iterations=2]
Runtime = .NET 10.0.3 (10.0.3, 10.0.326.7603), X64 RyuJIT x86-64-v3; GC = Concurrent Workstation
Mean = 0.268 ns, StdErr = 0.003 ns (1.12%), N = 15, StdDev = 0.012 ns
Min = 0.252 ns, Q1 = 0.258 ns, Median = 0.270 ns, Q3 = 0.273 ns, Max = 0.295 ns
IQR = 0.015 ns, LowerFence = 0.236 ns, UpperFence = 0.295 ns
ConfidenceInterval = [0.255 ns; 0.280 ns] (CI 99.9%), Margin = 0.012 ns (4.63% of Mean)
Skewness = 0.34, Kurtosis = 2.73, MValue = 2.22
-------------------- Histogram --------------------
[0.251 ns ; 0.264 ns) | @@@@@
[0.264 ns ; 0.280 ns) | @@@@@@@@@
[0.280 ns ; 0.288 ns) | 
[0.288 ns ; 0.301 ns) | @
---------------------------------------------------

Scenario1.S1_ReturnOptionStringSuccess_SimpleResults: .NET 10.0(Runtime=.NET 10.0, IterationTime=100ms) [Iterations=2]
Runtime = .NET 10.0.3 (10.0.3, 10.0.326.7603), X64 RyuJIT x86-64-v3; GC = Concurrent Workstation
Mean = 172.913 ns, StdErr = 0.691 ns (0.40%), N = 14, StdDev = 2.587 ns
Min = 169.660 ns, Q1 = 171.125 ns, Median = 172.606 ns, Q3 = 173.587 ns, Max = 178.563 ns
IQR = 2.462 ns, LowerFence = 167.433 ns, UpperFence = 177.279 ns
ConfidenceInterval = [169.995 ns; 175.831 ns] (CI 99.9%), Margin = 2.918 ns (1.69% of Mean)
Skewness = 0.61, Kurtosis = 2.43, MValue = 2
-------------------- Histogram --------------------
[168.252 ns ; 174.704 ns) | @@@@@@@@@@@
[174.704 ns ; 179.029 ns) | @@@
---------------------------------------------------

Scenario1.S1_ReturnVoidErrorNoMessage_ArdalisResult: .NET 10.0(Runtime=.NET 10.0, IterationTime=100ms) [Iterations=2]
Runtime = .NET 10.0.3 (10.0.3, 10.0.326.7603), X64 RyuJIT x86-64-v3; GC = Concurrent Workstation
Mean = 17.121 ns, StdErr = 0.110 ns (0.64%), N = 45, StdDev = 0.736 ns
Min = 16.408 ns, Q1 = 16.568 ns, Median = 16.631 ns, Q3 = 17.842 ns, Max = 18.698 ns
IQR = 1.274 ns, LowerFence = 14.657 ns, UpperFence = 19.753 ns
ConfidenceInterval = [16.734 ns; 17.508 ns] (CI 99.9%), Margin = 0.387 ns (2.26% of Mean)
Skewness = 0.71, Kurtosis = 1.84, MValue = 2.54
-------------------- Histogram --------------------
[16.350 ns ; 16.893 ns) | @@@@@@@@@@@@@@@@@@@@@@@@@@
[16.893 ns ; 17.405 ns) | @@@
[17.405 ns ; 17.906 ns) | @@@@@
[17.906 ns ; 18.449 ns) | @@@@@@@@@@
[18.449 ns ; 18.970 ns) | @
---------------------------------------------------

Scenario1.S1_ReturnVoidErrorNoMessage_EnumerationsOptionsBoxed: .NET 10.0(Runtime=.NET 10.0, IterationTime=100ms) [Iterations=2]
Runtime = .NET 10.0.3 (10.0.3, 10.0.326.7603), X64 RyuJIT x86-64-v3; GC = Concurrent Workstation
Mean = 0.238 ns, StdErr = 0.003 ns (1.31%), N = 15, StdDev = 0.012 ns
Min = 0.221 ns, Q1 = 0.230 ns, Median = 0.239 ns, Q3 = 0.242 ns, Max = 0.260 ns
IQR = 0.012 ns, LowerFence = 0.212 ns, UpperFence = 0.260 ns
ConfidenceInterval = [0.225 ns; 0.251 ns] (CI 99.9%), Margin = 0.013 ns (5.42% of Mean)
Skewness = 0.25, Kurtosis = 2.12, MValue = 2
-------------------- Histogram --------------------
[0.216 ns ; 0.229 ns) | @@@@
[0.229 ns ; 0.246 ns) | @@@@@@@@
[0.246 ns ; 0.261 ns) | @@@
---------------------------------------------------

Scenario1.S1_ReturnVoidErrorNoMessage_EnumerationsOptions: .NET 10.0(Runtime=.NET 10.0, IterationTime=100ms) [Iterations=2]
Runtime = .NET 10.0.3 (10.0.3, 10.0.326.7603), X64 RyuJIT x86-64-v3; GC = Concurrent Workstation
Mean = 0.242 ns, StdErr = 0.003 ns (1.10%), N = 13, StdDev = 0.010 ns
Min = 0.236 ns, Q1 = 0.237 ns, Median = 0.238 ns, Q3 = 0.240 ns, Max = 0.266 ns
IQR = 0.003 ns, LowerFence = 0.232 ns, UpperFence = 0.244 ns
ConfidenceInterval = [0.231 ns; 0.254 ns] (CI 99.9%), Margin = 0.011 ns (4.74% of Mean)
Skewness = 1.39, Kurtosis = 3.45, MValue = 2
-------------------- Histogram --------------------
[0.233 ns ; 0.243 ns) | @@@@@@@@@@
[0.243 ns ; 0.249 ns) | 
[0.249 ns ; 0.260 ns) | @@
[0.260 ns ; 0.272 ns) | @
---------------------------------------------------

Scenario1.S1_ReturnVoidErrorNoMessage_FluentResults: .NET 10.0(Runtime=.NET 10.0, IterationTime=100ms) [Iterations=2]
Runtime = .NET 10.0.3 (10.0.3, 10.0.326.7603), X64 RyuJIT x86-64-v3; GC = Concurrent Workstation
Mean = 95.785 ns, StdErr = 0.434 ns (0.45%), N = 15, StdDev = 1.681 ns
Min = 91.955 ns, Q1 = 95.009 ns, Median = 96.030 ns, Q3 = 96.618 ns, Max = 98.593 ns
IQR = 1.609 ns, LowerFence = 92.596 ns, UpperFence = 99.031 ns
ConfidenceInterval = [93.988 ns; 97.582 ns] (CI 99.9%), Margin = 1.797 ns (1.88% of Mean)
Skewness = -0.5, Kurtosis = 2.78, MValue = 2
-------------------- Histogram --------------------
[91.061 ns ; 93.185 ns) | @
[93.185 ns ; 97.163 ns) | @@@@@@@@@@@@
[97.163 ns ; 99.292 ns) | @@
---------------------------------------------------

Scenario1.S1_ReturnVoidErrorNoMessage_LightResults: .NET 10.0(Runtime=.NET 10.0, IterationTime=100ms) [Iterations=2]
Runtime = .NET 10.0.3 (10.0.3, 10.0.326.7603), X64 RyuJIT x86-64-v3; GC = Concurrent Workstation
Mean = 0.255 ns, StdErr = 0.001 ns (0.44%), N = 14, StdDev = 0.004 ns
Min = 0.250 ns, Q1 = 0.252 ns, Median = 0.253 ns, Q3 = 0.255 ns, Max = 0.262 ns
IQR = 0.003 ns, LowerFence = 0.247 ns, UpperFence = 0.261 ns
ConfidenceInterval = [0.250 ns; 0.259 ns] (CI 99.9%), Margin = 0.005 ns (1.85% of Mean)
Skewness = 0.86, Kurtosis = 2.18, MValue = 2
-------------------- Histogram --------------------
[0.247 ns ; 0.255 ns) | @@@@@@@@@@
[0.255 ns ; 0.265 ns) | @@@@
---------------------------------------------------

Scenario1.S1_ReturnVoidErrorNoMessage_Rascal: .NET 10.0(Runtime=.NET 10.0, IterationTime=100ms) [Iterations=2]
Runtime = .NET 10.0.3 (10.0.3, 10.0.326.7603), X64 RyuJIT x86-64-v3; GC = Concurrent Workstation
Mean = 7.492 ns, StdErr = 0.036 ns (0.49%), N = 14, StdDev = 0.136 ns
Min = 7.324 ns, Q1 = 7.378 ns, Median = 7.453 ns, Q3 = 7.623 ns, Max = 7.703 ns
IQR = 0.245 ns, LowerFence = 7.010 ns, UpperFence = 7.991 ns
ConfidenceInterval = [7.339 ns; 7.646 ns] (CI 99.9%), Margin = 0.153 ns (2.05% of Mean)
Skewness = 0.21, Kurtosis = 1.36, MValue = 2
-------------------- Histogram --------------------
[7.318 ns ; 7.724 ns) | @@@@@@@@@@@@@@
---------------------------------------------------

Scenario1.S1_ReturnVoidErrorNoMessage_SimpleResults: .NET 10.0(Runtime=.NET 10.0, IterationTime=100ms) [Iterations=2]
Runtime = .NET 10.0.3 (10.0.3, 10.0.326.7603), X64 RyuJIT x86-64-v3; GC = Concurrent Workstation
Mean = 186.788 ns, StdErr = 0.372 ns (0.20%), N = 15, StdDev = 1.440 ns
Min = 185.025 ns, Q1 = 185.628 ns, Median = 186.534 ns, Q3 = 187.621 ns, Max = 189.720 ns
IQR = 1.993 ns, LowerFence = 182.639 ns, UpperFence = 190.610 ns
ConfidenceInterval = [185.249 ns; 188.328 ns] (CI 99.9%), Margin = 1.540 ns (0.82% of Mean)
Skewness = 0.5, Kurtosis = 2.06, MValue = 2
-------------------- Histogram --------------------
[184.258 ns ; 190.486 ns) | @@@@@@@@@@@@@@@
---------------------------------------------------

Scenario1.S1_ReturnVoidErrorWithMessage_ArdalisResult: .NET 10.0(Runtime=.NET 10.0, IterationTime=100ms) [Iterations=2]
Runtime = .NET 10.0.3 (10.0.3, 10.0.326.7603), X64 RyuJIT x86-64-v3; GC = Concurrent Workstation
Mean = 27.143 ns, StdErr = 0.088 ns (0.32%), N = 13, StdDev = 0.316 ns
Min = 26.218 ns, Q1 = 27.084 ns, Median = 27.195 ns, Q3 = 27.280 ns, Max = 27.572 ns
IQR = 0.196 ns, LowerFence = 26.790 ns, UpperFence = 27.575 ns
ConfidenceInterval = [26.764 ns; 27.521 ns] (CI 99.9%), Margin = 0.379 ns (1.40% of Mean)
Skewness = -1.69, Kurtosis = 5.93, MValue = 2
-------------------- Histogram --------------------
[26.041 ns ; 26.864 ns) | @
[26.864 ns ; 27.749 ns) | @@@@@@@@@@@@
---------------------------------------------------

Scenario1.S1_ReturnVoidErrorWithMessage_EnumerationsOptionsBoxed: .NET 10.0(Runtime=.NET 10.0, IterationTime=100ms) [Iterations=2]
Runtime = .NET 10.0.3 (10.0.3, 10.0.326.7603), X64 RyuJIT x86-64-v3; GC = Concurrent Workstation
Mean = 8.415 ns, StdErr = 0.006 ns (0.07%), N = 12, StdDev = 0.022 ns
Min = 8.373 ns, Q1 = 8.400 ns, Median = 8.421 ns, Q3 = 8.434 ns, Max = 8.439 ns
IQR = 0.034 ns, LowerFence = 8.349 ns, UpperFence = 8.486 ns
ConfidenceInterval = [8.387 ns; 8.443 ns] (CI 99.9%), Margin = 0.028 ns (0.33% of Mean)
Skewness = -0.46, Kurtosis = 1.71, MValue = 2
-------------------- Histogram --------------------
[8.361 ns ; 8.452 ns) | @@@@@@@@@@@@
---------------------------------------------------

Scenario1.S1_ReturnVoidErrorWithMessage_EnumerationsOptions: .NET 10.0(Runtime=.NET 10.0, IterationTime=100ms) [Iterations=2]
Runtime = .NET 10.0.3 (10.0.3, 10.0.326.7603), X64 RyuJIT x86-64-v3; GC = Concurrent Workstation
Mean = 0.269 ns, StdErr = 0.001 ns (0.27%), N = 15, StdDev = 0.003 ns
Min = 0.265 ns, Q1 = 0.266 ns, Median = 0.269 ns, Q3 = 0.270 ns, Max = 0.274 ns
IQR = 0.004 ns, LowerFence = 0.261 ns, UpperFence = 0.276 ns
ConfidenceInterval = [0.266 ns; 0.272 ns] (CI 99.9%), Margin = 0.003 ns (1.11% of Mean)
Skewness = 0.42, Kurtosis = 1.87, MValue = 2
-------------------- Histogram --------------------
[0.264 ns ; 0.276 ns) | @@@@@@@@@@@@@@@
---------------------------------------------------

Scenario1.S1_ReturnVoidErrorWithMessage_FluentResults: .NET 10.0(Runtime=.NET 10.0, IterationTime=100ms) [Iterations=2]
Runtime = .NET 10.0.3 (10.0.3, 10.0.326.7603), X64 RyuJIT x86-64-v3; GC = Concurrent Workstation
Mean = 91.409 ns, StdErr = 0.098 ns (0.11%), N = 13, StdDev = 0.352 ns
Min = 90.693 ns, Q1 = 91.135 ns, Median = 91.430 ns, Q3 = 91.668 ns, Max = 92.032 ns
IQR = 0.534 ns, LowerFence = 90.334 ns, UpperFence = 92.468 ns
ConfidenceInterval = [90.988 ns; 91.830 ns] (CI 99.9%), Margin = 0.421 ns (0.46% of Mean)
Skewness = -0.23, Kurtosis = 2.35, MValue = 2
-------------------- Histogram --------------------
[90.497 ns ; 92.229 ns) | @@@@@@@@@@@@@
---------------------------------------------------

Scenario1.S1_ReturnVoidErrorWithMessage_LightResults: .NET 10.0(Runtime=.NET 10.0, IterationTime=100ms) [Iterations=2]
Runtime = .NET 10.0.3 (10.0.3, 10.0.326.7603), X64 RyuJIT x86-64-v3; GC = Concurrent Workstation
Mean = 19.078 ns, StdErr = 0.035 ns (0.18%), N = 12, StdDev = 0.120 ns
Min = 18.859 ns, Q1 = 19.026 ns, Median = 19.087 ns, Q3 = 19.137 ns, Max = 19.298 ns
IQR = 0.111 ns, LowerFence = 18.859 ns, UpperFence = 19.303 ns
ConfidenceInterval = [18.924 ns; 19.232 ns] (CI 99.9%), Margin = 0.154 ns (0.81% of Mean)
Skewness = -0.07, Kurtosis = 2.24, MValue = 2
-------------------- Histogram --------------------
[18.790 ns ; 19.366 ns) | @@@@@@@@@@@@
---------------------------------------------------

Scenario1.S1_ReturnVoidErrorWithMessage_Rascal: .NET 10.0(Runtime=.NET 10.0, IterationTime=100ms) [Iterations=2]
Runtime = .NET 10.0.3 (10.0.3, 10.0.326.7603), X64 RyuJIT x86-64-v3; GC = Concurrent Workstation
Mean = 7.375 ns, StdErr = 0.022 ns (0.29%), N = 13, StdDev = 0.078 ns
Min = 7.270 ns, Q1 = 7.327 ns, Median = 7.368 ns, Q3 = 7.383 ns, Max = 7.565 ns
IQR = 0.056 ns, LowerFence = 7.243 ns, UpperFence = 7.466 ns
ConfidenceInterval = [7.281 ns; 7.468 ns] (CI 99.9%), Margin = 0.094 ns (1.27% of Mean)
Skewness = 0.91, Kurtosis = 3.25, MValue = 2
-------------------- Histogram --------------------
[7.226 ns ; 7.417 ns) | @@@@@@@@@@
[7.417 ns ; 7.609 ns) | @@@
---------------------------------------------------

Scenario1.S1_ReturnVoidErrorWithMessage_SimpleResults: .NET 10.0(Runtime=.NET 10.0, IterationTime=100ms) [Iterations=2]
Runtime = .NET 10.0.3 (10.0.3, 10.0.326.7603), X64 RyuJIT x86-64-v3; GC = Concurrent Workstation
Mean = 81.894 ns, StdErr = 0.204 ns (0.25%), N = 13, StdDev = 0.734 ns
Min = 81.070 ns, Q1 = 81.451 ns, Median = 81.754 ns, Q3 = 81.873 ns, Max = 83.775 ns
IQR = 0.423 ns, LowerFence = 80.817 ns, UpperFence = 82.507 ns
ConfidenceInterval = [81.015 ns; 82.773 ns] (CI 99.9%), Margin = 0.879 ns (1.07% of Mean)
Skewness = 1.26, Kurtosis = 3.69, MValue = 2
-------------------- Histogram --------------------
[80.660 ns ; 84.185 ns) | @@@@@@@@@@@@@
---------------------------------------------------

Scenario1.S1_ReturnVoidSuccess_ArdalisResult: .NET 10.0(Runtime=.NET 10.0, IterationTime=100ms) [Iterations=2]
Runtime = .NET 10.0.3 (10.0.3, 10.0.326.7603), X64 RyuJIT x86-64-v3; GC = Concurrent Workstation
Mean = 14.869 ns, StdErr = 0.098 ns (0.66%), N = 48, StdDev = 0.677 ns
Min = 14.064 ns, Q1 = 14.301 ns, Median = 14.582 ns, Q3 = 15.279 ns, Max = 16.530 ns
IQR = 0.977 ns, LowerFence = 12.835 ns, UpperFence = 16.745 ns
ConfidenceInterval = [14.526 ns; 15.212 ns] (CI 99.9%), Margin = 0.343 ns (2.31% of Mean)
Skewness = 0.69, Kurtosis = 2.36, MValue = 2.75
-------------------- Histogram --------------------
[13.820 ns ; 14.103 ns) | @
[14.103 ns ; 14.592 ns) | @@@@@@@@@@@@@@@@@@@@@@@@
[14.592 ns ; 14.963 ns) | @@
[14.963 ns ; 15.452 ns) | @@@@@@@@@@@
[15.452 ns ; 16.048 ns) | @@@@@@@@
[16.048 ns ; 16.775 ns) | @@
---------------------------------------------------

Scenario1.S1_ReturnVoidSuccess_EnumerationsOptionsBoxed: .NET 10.0(Runtime=.NET 10.0, IterationTime=100ms) [Iterations=2]
Runtime = .NET 10.0.3 (10.0.3, 10.0.326.7603), X64 RyuJIT x86-64-v3; GC = Concurrent Workstation
Mean = 0.248 ns, StdErr = 0.001 ns (0.42%), N = 12, StdDev = 0.004 ns
Min = 0.242 ns, Q1 = 0.245 ns, Median = 0.248 ns, Q3 = 0.250 ns, Max = 0.252 ns
IQR = 0.005 ns, LowerFence = 0.238 ns, UpperFence = 0.258 ns
ConfidenceInterval = [0.243 ns; 0.252 ns] (CI 99.9%), Margin = 0.005 ns (1.84% of Mean)
Skewness = -0.33, Kurtosis = 1.52, MValue = 2
-------------------- Histogram --------------------
[0.240 ns ; 0.252 ns) | @@@@@@@@@@@@
---------------------------------------------------

Scenario1.S1_ReturnVoidSuccess_EnumerationsOptions: .NET 10.0(Runtime=.NET 10.0, IterationTime=100ms) [Iterations=2]
Runtime = .NET 10.0.3 (10.0.3, 10.0.326.7603), X64 RyuJIT x86-64-v3; GC = Concurrent Workstation
Mean = 0.244 ns, StdErr = 0.001 ns (0.40%), N = 14, StdDev = 0.004 ns
Min = 0.238 ns, Q1 = 0.241 ns, Median = 0.243 ns, Q3 = 0.246 ns, Max = 0.252 ns
IQR = 0.005 ns, LowerFence = 0.234 ns, UpperFence = 0.253 ns
ConfidenceInterval = [0.240 ns; 0.248 ns] (CI 99.9%), Margin = 0.004 ns (1.70% of Mean)
Skewness = 0.48, Kurtosis = 2.23, MValue = 2
-------------------- Histogram --------------------
[0.236 ns ; 0.244 ns) | @@@@@@@@
[0.244 ns ; 0.254 ns) | @@@@@@
---------------------------------------------------

Scenario1.S1_ReturnVoidSuccess_FluentResults: .NET 10.0(Runtime=.NET 10.0, IterationTime=100ms) [Iterations=2]
Runtime = .NET 10.0.3 (10.0.3, 10.0.326.7603), X64 RyuJIT x86-64-v3; GC = Concurrent Workstation
Mean = 20.115 ns, StdErr = 0.068 ns (0.34%), N = 14, StdDev = 0.254 ns
Min = 19.632 ns, Q1 = 19.923 ns, Median = 20.145 ns, Q3 = 20.274 ns, Max = 20.550 ns
IQR = 0.351 ns, LowerFence = 19.396 ns, UpperFence = 20.800 ns
ConfidenceInterval = [19.828 ns; 20.401 ns] (CI 99.9%), Margin = 0.287 ns (1.42% of Mean)
Skewness = -0.16, Kurtosis = 2.01, MValue = 2
-------------------- Histogram --------------------
[19.493 ns ; 20.011 ns) | @@@@@
[20.011 ns ; 20.689 ns) | @@@@@@@@@
---------------------------------------------------

Scenario1.S1_ReturnVoidSuccess_LightResults: .NET 10.0(Runtime=.NET 10.0, IterationTime=100ms) [Iterations=2]
Runtime = .NET 10.0.3 (10.0.3, 10.0.326.7603), X64 RyuJIT x86-64-v3; GC = Concurrent Workstation
Mean = 0.227 ns, StdErr = 0.001 ns (0.33%), N = 15, StdDev = 0.003 ns
Min = 0.225 ns, Q1 = 0.225 ns, Median = 0.226 ns, Q3 = 0.229 ns, Max = 0.234 ns
IQR = 0.004 ns, LowerFence = 0.219 ns, UpperFence = 0.235 ns
ConfidenceInterval = [0.224 ns; 0.230 ns] (CI 99.9%), Margin = 0.003 ns (1.38% of Mean)
Skewness = 1, Kurtosis = 2.57, MValue = 2
-------------------- Histogram --------------------
[0.223 ns ; 0.228 ns) | @@@@@@@@@@
[0.228 ns ; 0.236 ns) | @@@@@
---------------------------------------------------

Scenario1.S1_ReturnVoidSuccess_Rascal: .NET 10.0(Runtime=.NET 10.0, IterationTime=100ms) [Iterations=2]
Runtime = .NET 10.0.3 (10.0.3, 10.0.326.7603), X64 RyuJIT x86-64-v3; GC = Concurrent Workstation
Mean = 0.249 ns, StdErr = 0.003 ns (1.12%), N = 14, StdDev = 0.010 ns
Min = 0.236 ns, Q1 = 0.246 ns, Median = 0.248 ns, Q3 = 0.251 ns, Max = 0.269 ns
IQR = 0.005 ns, LowerFence = 0.239 ns, UpperFence = 0.258 ns
ConfidenceInterval = [0.237 ns; 0.261 ns] (CI 99.9%), Margin = 0.012 ns (4.74% of Mean)
Skewness = 0.55, Kurtosis = 2.24, MValue = 2
-------------------- Histogram --------------------
[0.230 ns ; 0.243 ns) | @@@
[0.243 ns ; 0.254 ns) | @@@@@@@@
[0.254 ns ; 0.259 ns) | 
[0.259 ns ; 0.271 ns) | @@@
---------------------------------------------------

Scenario1.S1_ReturnVoidSuccess_SimpleResults: .NET 10.0(Runtime=.NET 10.0, IterationTime=100ms) [Iterations=2]
Runtime = .NET 10.0.3 (10.0.3, 10.0.326.7603), X64 RyuJIT x86-64-v3; GC = Concurrent Workstation
Mean = 152.696 ns, StdErr = 0.549 ns (0.36%), N = 14, StdDev = 2.054 ns
Min = 150.336 ns, Q1 = 151.292 ns, Median = 152.162 ns, Q3 = 153.348 ns, Max = 157.900 ns
IQR = 2.056 ns, LowerFence = 148.208 ns, UpperFence = 156.431 ns
ConfidenceInterval = [150.379 ns; 155.013 ns] (CI 99.9%), Margin = 2.317 ns (1.52% of Mean)
Skewness = 1.03, Kurtosis = 3.38, MValue = 2
-------------------- Histogram --------------------
[149.739 ns ; 155.364 ns) | @@@@@@@@@@@@@
[155.364 ns ; 159.018 ns) | @
---------------------------------------------------

// * Summary *

BenchmarkDotNet v0.15.8, Linux Pop!_OS 24.04 LTS
AMD Ryzen 5 3600 1.86GHz, 1 CPU, 12 logical and 6 physical cores
.NET SDK 10.0.103
  [Host]    : .NET 10.0.3 (10.0.3, 10.0.326.7603), X64 RyuJIT x86-64-v3
  .NET 10.0 : .NET 10.0.3 (10.0.3, 10.0.326.7603), X64 RyuJIT x86-64-v3

Job=.NET 10.0  Runtime=.NET 10.0  IterationTime=100ms  
Iterations=2  

| Method                                                         | Categories                                  | Mean        | Ratio    | Allocated | Alloc Ratio |
|--------------------------------------------------------------- |-------------------------------------------- |------------:|---------:|----------:|------------:|
| S1_CheckOptionStringErrorNoMessage_ArdalisResult               | S1: Check Option String Error No Message    |  16.6574 ns |    65.64 |     144 B |          NA |
| S1_CheckOptionStringErrorNoMessage_EnumerationsOptionsBoxed    | S1: Check Option String Error No Message    |   0.2514 ns |     0.99 |         - |          NA |
| S1_CheckOptionStringErrorNoMessage_EnumerationsOptions         | S1: Check Option String Error No Message    |   0.2538 ns |     1.00 |         - |          NA |
| S1_CheckOptionStringErrorNoMessage_FluentResults               | S1: Check Option String Error No Message    | 142.6569 ns |   562.19 |     720 B |          NA |
| S1_CheckOptionStringErrorNoMessage_LightResults                | S1: Check Option String Error No Message    |   0.2669 ns |     1.05 |         - |          NA |
| S1_CheckOptionStringErrorNoMessage_Rascal                      | S1: Check Option String Error No Message    |   8.0556 ns |    31.75 |      48 B |          NA |
| S1_CheckOptionStringErrorNoMessage_SimpleResults               | S1: Check Option String Error No Message    | 262.2819 ns | 1,033.62 |     176 B |          NA |
|                                                                |                                             |             |          |           |             |
| S1_CheckOptionStringErrorWithMessage_ArdalisResult             | S1: Check Option String Error With Message  |  43.5667 ns |   189.15 |     208 B |          NA |
| S1_CheckOptionStringErrorWithMessage_EnumerationsOptionsBoxed  | S1: Check Option String Error With Message  |  18.4062 ns |    79.91 |      64 B |          NA |
| S1_CheckOptionStringErrorWithMessage_EnumerationsOptions       | S1: Check Option String Error With Message  |   0.2306 ns |     1.00 |         - |          NA |
| S1_CheckOptionStringErrorWithMessage_FluentResults             | S1: Check Option String Error With Message  | 309.4027 ns | 1,343.28 |    1072 B |          NA |
| S1_CheckOptionStringErrorWithMessage_LightResults              | S1: Check Option String Error With Message  |  20.0742 ns |    87.15 |     112 B |          NA |
| S1_CheckOptionStringErrorWithMessage_Rascal                    | S1: Check Option String Error With Message  |   8.6560 ns |    37.58 |      48 B |          NA |
| S1_CheckOptionStringErrorWithMessage_SimpleResults             | S1: Check Option String Error With Message  | 211.6486 ns |   918.88 |     176 B |          NA |
|                                                                |                                             |             |          |           |             |
| S1_CheckOptionStringSuccess_ArdalisResult                      | S1: Check Option String Success             |  15.9497 ns |    66.13 |     144 B |          NA |
| S1_CheckOptionStringSuccess_EnumerationsOptionsBoxed           | S1: Check Option String Success             |   8.4136 ns |    34.89 |      64 B |          NA |
| S1_CheckOptionStringSuccess_EnumerationsOptions                | S1: Check Option String Success             |   0.2412 ns |     1.00 |         - |          NA |
| S1_CheckOptionStringSuccess_FluentResults                      | S1: Check Option String Success             |  68.2100 ns |   282.82 |     320 B |          NA |
| S1_CheckOptionStringSuccess_LightResults                       | S1: Check Option String Success             |   0.2683 ns |     1.11 |         - |          NA |
| S1_CheckOptionStringSuccess_Rascal                             | S1: Check Option String Success             |   0.2683 ns |     1.11 |         - |          NA |
| S1_CheckOptionStringSuccess_SimpleResults                      | S1: Check Option String Success             | 172.3509 ns |   714.62 |     176 B |          NA |
|                                                                |                                             |             |          |           |             |
| S1_CheckVoidErrorNoMessage_ArdalisResult                       | S1: Check Void Error No Message             |  17.1838 ns |    62.97 |     144 B |          NA |
| S1_CheckVoidErrorNoMessage_EnumerationsOptionsBoxed            | S1: Check Void Error No Message             |   0.2370 ns |     0.87 |         - |          NA |
| S1_CheckVoidErrorNoMessage_EnumerationsOptions                 | S1: Check Void Error No Message             |   0.2751 ns |     1.01 |         - |          NA |
| S1_CheckVoidErrorNoMessage_FluentResults                       | S1: Check Void Error No Message             | 144.2300 ns |   528.51 |     704 B |          NA |
| S1_CheckVoidErrorNoMessage_LightResults                        | S1: Check Void Error No Message             |   0.2482 ns |     0.91 |         - |          NA |
| S1_CheckVoidErrorNoMessage_Rascal                              | S1: Check Void Error No Message             |   7.4035 ns |    27.13 |      48 B |          NA |
| S1_CheckVoidErrorNoMessage_SimpleResults                       | S1: Check Void Error No Message             | 168.4783 ns |   617.36 |      80 B |          NA |
|                                                                |                                             |             |          |           |             |
| S1_CheckVoidErrorWithMessage_ArdalisResult                     | S1: Check Void Error With Message           |  41.6714 ns |   157.45 |     208 B |          NA |
| S1_CheckVoidErrorWithMessage_EnumerationsOptionsBoxed          | S1: Check Void Error With Message           |  19.5394 ns |    73.83 |      64 B |          NA |
| S1_CheckVoidErrorWithMessage_EnumerationsOptions               | S1: Check Void Error With Message           |   0.2659 ns |     1.00 |         - |          NA |
| S1_CheckVoidErrorWithMessage_FluentResults                     | S1: Check Void Error With Message           | 297.2501 ns | 1,123.15 |    1056 B |          NA |
| S1_CheckVoidErrorWithMessage_LightResults                      | S1: Check Void Error With Message           |  19.9530 ns |    75.39 |     112 B |          NA |
| S1_CheckVoidErrorWithMessage_Rascal                            | S1: Check Void Error With Message           |  10.3505 ns |    39.11 |      48 B |          NA |
| S1_CheckVoidErrorWithMessage_SimpleResults                     | S1: Check Void Error With Message           |  94.2676 ns |   356.19 |      80 B |          NA |
|                                                                |                                             |             |          |           |             |
| S1_CheckVoidSuccess_ArdalisResult                              | S1: Check Void Success                      |  15.4786 ns |    62.43 |     144 B |          NA |
| S1_CheckVoidSuccess_EnumerationsOptionsBoxed                   | S1: Check Void Success                      |   0.2527 ns |     1.02 |         - |          NA |
| S1_CheckVoidSuccess_EnumerationsOptions                        | S1: Check Void Success                      |   0.2483 ns |     1.00 |         - |          NA |
| S1_CheckVoidSuccess_FluentResults                              | S1: Check Void Success                      |  41.1795 ns |   166.08 |     208 B |          NA |
| S1_CheckVoidSuccess_LightResults                               | S1: Check Void Success                      |   0.2408 ns |     0.97 |         - |          NA |
| S1_CheckVoidSuccess_Rascal                                     | S1: Check Void Success                      |   0.2568 ns |     1.04 |         - |          NA |
| S1_CheckVoidSuccess_SimpleResults                              | S1: Check Void Success                      | 157.6498 ns |   635.83 |      80 B |          NA |
|                                                                |                                             |             |          |           |             |
| S1_ReturnOptionStringErrorNoMessage_ArdalisResult              | S1: Return Option String Error No Message   |  16.7574 ns |    63.63 |     144 B |          NA |
| S1_ReturnOptionStringErrorNoMessage_EnumerationsOptionsBoxed   | S1: Return Option String Error No Message   |   0.2559 ns |     0.97 |         - |          NA |
| S1_ReturnOptionStringErrorNoMessage_EnumerationsOptions        | S1: Return Option String Error No Message   |   0.2641 ns |     1.00 |         - |          NA |
| S1_ReturnOptionStringErrorNoMessage_FluentResults              | S1: Return Option String Error No Message   |  93.6854 ns |   355.72 |     544 B |          NA |
| S1_ReturnOptionStringErrorNoMessage_LightResults               | S1: Return Option String Error No Message   |   0.2759 ns |     1.05 |         - |          NA |
| S1_ReturnOptionStringErrorNoMessage_Rascal                     | S1: Return Option String Error No Message   |   8.1961 ns |    31.12 |      48 B |          NA |
| S1_ReturnOptionStringErrorNoMessage_SimpleResults              | S1: Return Option String Error No Message   | 264.5116 ns | 1,004.33 |     176 B |          NA |
|                                                                |                                             |             |          |           |             |
| S1_ReturnOptionStringErrorWithMessage_ArdalisResult            | S1: Return Option String Error With Message |  27.5734 ns |   112.24 |     208 B |          NA |
| S1_ReturnOptionStringErrorWithMessage_EnumerationsOptionsBoxed | S1: Return Option String Error With Message |   8.2890 ns |    33.74 |      64 B |          NA |
| S1_ReturnOptionStringErrorWithMessage_EnumerationsOptions      | S1: Return Option String Error With Message |   0.2457 ns |     1.00 |         - |          NA |
| S1_ReturnOptionStringErrorWithMessage_FluentResults            | S1: Return Option String Error With Message |  91.0542 ns |   370.65 |     544 B |          NA |
| S1_ReturnOptionStringErrorWithMessage_LightResults             | S1: Return Option String Error With Message |  20.3513 ns |    82.84 |     112 B |          NA |
| S1_ReturnOptionStringErrorWithMessage_Rascal                   | S1: Return Option String Error With Message |   7.9535 ns |    32.38 |      48 B |          NA |
| S1_ReturnOptionStringErrorWithMessage_SimpleResults            | S1: Return Option String Error With Message | 170.1719 ns |   692.72 |     176 B |          NA |
|                                                                |                                             |             |          |           |             |
| S1_ReturnOptionStringNone_ArdalisResult                        | S1: Return Option String None               |  15.6178 ns |    60.15 |     144 B |          NA |
| S1_ReturnOptionStringNone_EnumerationsOptionsBoxed             | S1: Return Option String None               |   0.2377 ns |     0.92 |         - |          NA |
| S1_ReturnOptionStringNone_EnumerationsOptions                  | S1: Return Option String None               |   0.2599 ns |     1.00 |         - |          NA |
| S1_ReturnOptionStringNone_FluentResults                        | S1: Return Option String None               |  43.2558 ns |   166.61 |     224 B |          NA |
| S1_ReturnOptionStringNone_LightResults                         | S1: Return Option String None               |   0.2618 ns |     1.01 |         - |          NA |
| S1_ReturnOptionStringNone_Rascal                               | S1: Return Option String None               |   0.2514 ns |     0.97 |         - |          NA |
| S1_ReturnOptionStringNone_SimpleResults                        | S1: Return Option String None               | 156.9407 ns |   604.49 |      96 B |          NA |
|                                                                |                                             |             |          |           |             |
| S1_ReturnOptionStringSuccess_ArdalisResult                     | S1: Return Option String Success            |  14.5822 ns |    57.21 |     144 B |          NA |
| S1_ReturnOptionStringSuccess_EnumerationsOptionsBoxed          | S1: Return Option String Success            |   8.2353 ns |    32.31 |      64 B |          NA |
| S1_ReturnOptionStringSuccess_EnumerationsOptions               | S1: Return Option String Success            |   0.2549 ns |     1.00 |         - |          NA |
| S1_ReturnOptionStringSuccess_FluentResults                     | S1: Return Option String Success            |  43.8614 ns |   172.08 |     224 B |          NA |
| S1_ReturnOptionStringSuccess_LightResults                      | S1: Return Option String Success            |   0.2702 ns |     1.06 |         - |          NA |
| S1_ReturnOptionStringSuccess_Rascal                            | S1: Return Option String Success            |   0.2677 ns |     1.05 |         - |          NA |
| S1_ReturnOptionStringSuccess_SimpleResults                     | S1: Return Option String Success            | 172.9131 ns |   678.39 |     176 B |          NA |
|                                                                |                                             |             |          |           |             |
| S1_ReturnVoidErrorNoMessage_ArdalisResult                      | S1: Return Void Error No Message            |  17.1213 ns |    70.71 |     144 B |          NA |
| S1_ReturnVoidErrorNoMessage_EnumerationsOptionsBoxed           | S1: Return Void Error No Message            |   0.2379 ns |     0.98 |         - |          NA |
| S1_ReturnVoidErrorNoMessage_EnumerationsOptions                | S1: Return Void Error No Message            |   0.2424 ns |     1.00 |         - |          NA |
| S1_ReturnVoidErrorNoMessage_FluentResults                      | S1: Return Void Error No Message            |  95.7853 ns |   395.61 |     528 B |          NA |
| S1_ReturnVoidErrorNoMessage_LightResults                       | S1: Return Void Error No Message            |   0.2547 ns |     1.05 |         - |          NA |
| S1_ReturnVoidErrorNoMessage_Rascal                             | S1: Return Void Error No Message            |   7.4922 ns |    30.94 |      48 B |          NA |
| S1_ReturnVoidErrorNoMessage_SimpleResults                      | S1: Return Void Error No Message            | 186.7884 ns |   771.48 |      80 B |          NA |
|                                                                |                                             |             |          |           |             |
| S1_ReturnVoidErrorWithMessage_ArdalisResult                    | S1: Return Void Error With Message          |  27.1427 ns |   101.05 |     208 B |          NA |
| S1_ReturnVoidErrorWithMessage_EnumerationsOptionsBoxed         | S1: Return Void Error With Message          |   8.4154 ns |    31.33 |      64 B |          NA |
| S1_ReturnVoidErrorWithMessage_EnumerationsOptions              | S1: Return Void Error With Message          |   0.2686 ns |     1.00 |         - |          NA |
| S1_ReturnVoidErrorWithMessage_FluentResults                    | S1: Return Void Error With Message          |  91.4089 ns |   340.32 |     528 B |          NA |
| S1_ReturnVoidErrorWithMessage_LightResults                     | S1: Return Void Error With Message          |  19.0780 ns |    71.03 |     112 B |          NA |
| S1_ReturnVoidErrorWithMessage_Rascal                           | S1: Return Void Error With Message          |   7.3746 ns |    27.46 |      48 B |          NA |
| S1_ReturnVoidErrorWithMessage_SimpleResults                    | S1: Return Void Error With Message          |  81.8942 ns |   304.89 |      80 B |          NA |
|                                                                |                                             |             |          |           |             |
| S1_ReturnVoidSuccess_ArdalisResult                             | S1: Return Void Success                     |  14.8689 ns |    61.03 |     144 B |          NA |
| S1_ReturnVoidSuccess_EnumerationsOptionsBoxed                  | S1: Return Void Success                     |   0.2476 ns |     1.02 |         - |          NA |
| S1_ReturnVoidSuccess_EnumerationsOptions                       | S1: Return Void Success                     |   0.2437 ns |     1.00 |         - |          NA |
| S1_ReturnVoidSuccess_FluentResults                             | S1: Return Void Success                     |  20.1149 ns |    82.56 |     112 B |          NA |
| S1_ReturnVoidSuccess_LightResults                              | S1: Return Void Success                     |   0.2271 ns |     0.93 |         - |          NA |
| S1_ReturnVoidSuccess_Rascal                                    | S1: Return Void Success                     |   0.2493 ns |     1.02 |         - |          NA |
| S1_ReturnVoidSuccess_SimpleResults                             | S1: Return Void Success                     | 152.6964 ns |   626.72 |      80 B |          NA |

// * Warnings *
MinIterationTime
  Scenario1.S1_CheckOptionStringErrorNoMessage_ArdalisResult: .NET 10.0               -> The minimum observed iteration time is 98.305ms which is very small. It's recommended to increase it to at least 100ms using more operations.
  Scenario1.S1_CheckOptionStringErrorNoMessage_EnumerationsOptionsBoxed: .NET 10.0    -> The minimum observed iteration time is 99.999ms which is very small. It's recommended to increase it to at least 100ms using more operations.
  Scenario1.S1_CheckOptionStringErrorNoMessage_EnumerationsOptions: .NET 10.0         -> The minimum observed iteration time is 99.259ms which is very small. It's recommended to increase it to at least 100ms using more operations.
  Scenario1.S1_CheckOptionStringErrorNoMessage_FluentResults: .NET 10.0               -> The minimum observed iteration time is 96.845ms which is very small. It's recommended to increase it to at least 100ms using more operations.
  Scenario1.S1_CheckOptionStringErrorNoMessage_Rascal: .NET 10.0                      -> The minimum observed iteration time is 98ms which is very small. It's recommended to increase it to at least 100ms using more operations.
  Scenario1.S1_CheckOptionStringErrorNoMessage_SimpleResults: .NET 10.0               -> The minimum observed iteration time is 96.916ms which is very small. It's recommended to increase it to at least 100ms using more operations.
  Scenario1.S1_CheckOptionStringErrorWithMessage_ArdalisResult: .NET 10.0             -> The minimum observed iteration time is 98.006ms which is very small. It's recommended to increase it to at least 100ms using more operations.
  Scenario1.S1_CheckOptionStringErrorWithMessage_EnumerationsOptionsBoxed: .NET 10.0  -> The minimum observed iteration time is 93.847ms which is very small. It's recommended to increase it to at least 100ms using more operations.
  Scenario1.S1_CheckOptionStringErrorWithMessage_FluentResults: .NET 10.0             -> The minimum observed iteration time is 96.157ms which is very small. It's recommended to increase it to at least 100ms using more operations.
  Scenario1.S1_CheckOptionStringErrorWithMessage_LightResults: .NET 10.0              -> The minimum observed iteration time is 99.865ms which is very small. It's recommended to increase it to at least 100ms using more operations.
  Scenario1.S1_CheckOptionStringErrorWithMessage_Rascal: .NET 10.0                    -> The minimum observed iteration time is 98.295ms which is very small. It's recommended to increase it to at least 100ms using more operations.
  Scenario1.S1_CheckOptionStringSuccess_ArdalisResult: .NET 10.0                      -> The minimum observed iteration time is 97.016ms which is very small. It's recommended to increase it to at least 100ms using more operations.
  Scenario1.S1_CheckOptionStringSuccess_EnumerationsOptions: .NET 10.0                -> The minimum observed iteration time is 99.818ms which is very small. It's recommended to increase it to at least 100ms using more operations.
  Scenario1.S1_CheckOptionStringSuccess_LightResults: .NET 10.0                       -> The minimum observed iteration time is 98.516ms which is very small. It's recommended to increase it to at least 100ms using more operations.
  Scenario1.S1_CheckOptionStringSuccess_Rascal: .NET 10.0                             -> The minimum observed iteration time is 99.996ms which is very small. It's recommended to increase it to at least 100ms using more operations.
  Scenario1.S1_CheckOptionStringSuccess_SimpleResults: .NET 10.0                      -> The minimum observed iteration time is 99.73ms which is very small. It's recommended to increase it to at least 100ms using more operations.
  Scenario1.S1_CheckVoidErrorNoMessage_ArdalisResult: .NET 10.0                       -> The minimum observed iteration time is 97.151ms which is very small. It's recommended to increase it to at least 100ms using more operations.
  Scenario1.S1_CheckVoidErrorNoMessage_EnumerationsOptionsBoxed: .NET 10.0            -> The minimum observed iteration time is 99.954ms which is very small. It's recommended to increase it to at least 100ms using more operations.
  Scenario1.S1_CheckVoidErrorNoMessage_FluentResults: .NET 10.0                       -> The minimum observed iteration time is 99.535ms which is very small. It's recommended to increase it to at least 100ms using more operations.
  Scenario1.S1_CheckVoidErrorNoMessage_LightResults: .NET 10.0                        -> The minimum observed iteration time is 98.732ms which is very small. It's recommended to increase it to at least 100ms using more operations.
  Scenario1.S1_CheckVoidErrorNoMessage_Rascal: .NET 10.0                              -> The minimum observed iteration time is 98.676ms which is very small. It's recommended to increase it to at least 100ms using more operations.
  Scenario1.S1_CheckVoidErrorWithMessage_EnumerationsOptionsBoxed: .NET 10.0          -> The minimum observed iteration time is 97.663ms which is very small. It's recommended to increase it to at least 100ms using more operations.
  Scenario1.S1_CheckVoidErrorWithMessage_EnumerationsOptions: .NET 10.0               -> The minimum observed iteration time is 99.181ms which is very small. It's recommended to increase it to at least 100ms using more operations.
  Scenario1.S1_CheckVoidErrorWithMessage_Rascal: .NET 10.0                            -> The minimum observed iteration time is 97.077ms which is very small. It's recommended to increase it to at least 100ms using more operations.
  Scenario1.S1_CheckVoidSuccess_ArdalisResult: .NET 10.0                              -> The minimum observed iteration time is 98.87ms which is very small. It's recommended to increase it to at least 100ms using more operations.
  Scenario1.S1_CheckVoidSuccess_EnumerationsOptionsBoxed: .NET 10.0                   -> The minimum observed iteration time is 97.277ms which is very small. It's recommended to increase it to at least 100ms using more operations.
  Scenario1.S1_CheckVoidSuccess_EnumerationsOptions: .NET 10.0                        -> The minimum observed iteration time is 98.418ms which is very small. It's recommended to increase it to at least 100ms using more operations.
  Scenario1.S1_CheckVoidSuccess_FluentResults: .NET 10.0                              -> The minimum observed iteration time is 97.839ms which is very small. It's recommended to increase it to at least 100ms using more operations.
  Scenario1.S1_CheckVoidSuccess_LightResults: .NET 10.0                               -> The minimum observed iteration time is 98.833ms which is very small. It's recommended to increase it to at least 100ms using more operations.
  Scenario1.S1_CheckVoidSuccess_Rascal: .NET 10.0                                     -> The minimum observed iteration time is 99.236ms which is very small. It's recommended to increase it to at least 100ms using more operations.
  Scenario1.S1_CheckVoidSuccess_SimpleResults: .NET 10.0                              -> The minimum observed iteration time is 99.623ms which is very small. It's recommended to increase it to at least 100ms using more operations.
  Scenario1.S1_ReturnOptionStringErrorNoMessage_LightResults: .NET 10.0               -> The minimum observed iteration time is 98.819ms which is very small. It's recommended to increase it to at least 100ms using more operations.
  Scenario1.S1_ReturnOptionStringErrorNoMessage_Rascal: .NET 10.0                     -> The minimum observed iteration time is 98.709ms which is very small. It's recommended to increase it to at least 100ms using more operations.
  Scenario1.S1_ReturnOptionStringErrorWithMessage_ArdalisResult: .NET 10.0            -> The minimum observed iteration time is 94.674ms which is very small. It's recommended to increase it to at least 100ms using more operations.
  Scenario1.S1_ReturnOptionStringErrorWithMessage_EnumerationsOptionsBoxed: .NET 10.0 -> The minimum observed iteration time is 96.404ms which is very small. It's recommended to increase it to at least 100ms using more operations.
  Scenario1.S1_ReturnOptionStringErrorWithMessage_EnumerationsOptions: .NET 10.0      -> The minimum observed iteration time is 99.744ms which is very small. It's recommended to increase it to at least 100ms using more operations.
  Scenario1.S1_ReturnOptionStringErrorWithMessage_FluentResults: .NET 10.0            -> The minimum observed iteration time is 99.188ms which is very small. It's recommended to increase it to at least 100ms using more operations.
  Scenario1.S1_ReturnOptionStringErrorWithMessage_LightResults: .NET 10.0             -> The minimum observed iteration time is 99.206ms which is very small. It's recommended to increase it to at least 100ms using more operations.
  Scenario1.S1_ReturnOptionStringErrorWithMessage_SimpleResults: .NET 10.0            -> The minimum observed iteration time is 99.808ms which is very small. It's recommended to increase it to at least 100ms using more operations.
  Scenario1.S1_ReturnOptionStringNone_EnumerationsOptionsBoxed: .NET 10.0             -> The minimum observed iteration time is 98.112ms which is very small. It's recommended to increase it to at least 100ms using more operations.
  Scenario1.S1_ReturnOptionStringNone_EnumerationsOptions: .NET 10.0                  -> The minimum observed iteration time is 97.371ms which is very small. It's recommended to increase it to at least 100ms using more operations.
  Scenario1.S1_ReturnOptionStringNone_LightResults: .NET 10.0                         -> The minimum observed iteration time is 99.802ms which is very small. It's recommended to increase it to at least 100ms using more operations.
  Scenario1.S1_ReturnOptionStringNone_Rascal: .NET 10.0                               -> The minimum observed iteration time is 99.699ms which is very small. It's recommended to increase it to at least 100ms using more operations.
  Scenario1.S1_ReturnOptionStringNone_SimpleResults: .NET 10.0                        -> The minimum observed iteration time is 98.969ms which is very small. It's recommended to increase it to at least 100ms using more operations.
  Scenario1.S1_ReturnOptionStringSuccess_ArdalisResult: .NET 10.0                     -> The minimum observed iteration time is 98.238ms which is very small. It's recommended to increase it to at least 100ms using more operations.
  Scenario1.S1_ReturnOptionStringSuccess_SimpleResults: .NET 10.0                     -> The minimum observed iteration time is 98.03ms which is very small. It's recommended to increase it to at least 100ms using more operations.
  Scenario1.S1_ReturnVoidErrorNoMessage_ArdalisResult: .NET 10.0                      -> The minimum observed iteration time is 98.487ms which is very small. It's recommended to increase it to at least 100ms using more operations.
  Scenario1.S1_ReturnVoidErrorNoMessage_EnumerationsOptionsBoxed: .NET 10.0           -> The minimum observed iteration time is 98.179ms which is very small. It's recommended to increase it to at least 100ms using more operations.
  Scenario1.S1_ReturnVoidErrorNoMessage_EnumerationsOptions: .NET 10.0                -> The minimum observed iteration time is 99.707ms which is very small. It's recommended to increase it to at least 100ms using more operations.
  Scenario1.S1_ReturnVoidErrorNoMessage_LightResults: .NET 10.0                       -> The minimum observed iteration time is 99.72ms which is very small. It's recommended to increase it to at least 100ms using more operations.
  Scenario1.S1_ReturnVoidErrorNoMessage_SimpleResults: .NET 10.0                      -> The minimum observed iteration time is 98.085ms which is very small. It's recommended to increase it to at least 100ms using more operations.
  Scenario1.S1_ReturnVoidErrorWithMessage_EnumerationsOptionsBoxed: .NET 10.0         -> The minimum observed iteration time is 98.02ms which is very small. It's recommended to increase it to at least 100ms using more operations.
  Scenario1.S1_ReturnVoidErrorWithMessage_LightResults: .NET 10.0                     -> The minimum observed iteration time is 99.942ms which is very small. It's recommended to increase it to at least 100ms using more operations.
  Scenario1.S1_ReturnVoidErrorWithMessage_Rascal: .NET 10.0                           -> The minimum observed iteration time is 98.769ms which is very small. It's recommended to increase it to at least 100ms using more operations.
  Scenario1.S1_ReturnVoidSuccess_ArdalisResult: .NET 10.0                             -> The minimum observed iteration time is 97.475ms which is very small. It's recommended to increase it to at least 100ms using more operations.
  Scenario1.S1_ReturnVoidSuccess_EnumerationsOptions: .NET 10.0                       -> The minimum observed iteration time is 99.956ms which is very small. It's recommended to increase it to at least 100ms using more operations.
  Scenario1.S1_ReturnVoidSuccess_LightResults: .NET 10.0                              -> The minimum observed iteration time is 98.16ms which is very small. It's recommended to increase it to at least 100ms using more operations.
  Scenario1.S1_ReturnVoidSuccess_Rascal: .NET 10.0                                    -> The minimum observed iteration time is 99.316ms which is very small. It's recommended to increase it to at least 100ms using more operations.
MultimodalDistribution
  Scenario1.S1_CheckOptionStringErrorWithMessage_LightResults: .NET 10.0              -> It seems that the distribution is bimodal (mValue = 3.65)
  Scenario1.S1_CheckVoidSuccess_FluentResults: .NET 10.0                              -> It seems that the distribution can have several modes (mValue = 3.03)
  Scenario1.S1_CheckVoidSuccess_LightResults: .NET 10.0                               -> It seems that the distribution can have several modes (mValue = 3)
  Scenario1.S1_ReturnOptionStringErrorWithMessage_ArdalisResult: .NET 10.0            -> It seems that the distribution can have several modes (mValue = 2.95)
  Scenario1.S1_ReturnOptionStringErrorWithMessage_EnumerationsOptionsBoxed: .NET 10.0 -> It seems that the distribution is bimodal (mValue = 3.44)
  Scenario1.S1_ReturnOptionStringErrorWithMessage_FluentResults: .NET 10.0            -> It seems that the distribution can have several modes (mValue = 3.08)
  Scenario1.S1_ReturnOptionStringSuccess_LightResults: .NET 10.0                      -> It seems that the distribution is bimodal (mValue = 3.75)

// * Hints *
Outliers
  Scenario1.S1_CheckOptionStringErrorNoMessage_ArdalisResult: .NET 10.0               -> 2 outliers were removed (22.96 ns, 23.18 ns)
  Scenario1.S1_CheckOptionStringErrorNoMessage_EnumerationsOptionsBoxed: .NET 10.0    -> 3 outliers were removed (1.81 ns..1.86 ns)
  Scenario1.S1_CheckOptionStringErrorNoMessage_EnumerationsOptions: .NET 10.0         -> 2 outliers were removed (1.93 ns, 2.00 ns)
  Scenario1.S1_CheckOptionStringErrorNoMessage_FluentResults: .NET 10.0               -> 1 outlier  was  removed (159.26 ns)
  Scenario1.S1_CheckOptionStringErrorNoMessage_LightResults: .NET 10.0                -> 2 outliers were removed (1.92 ns, 1.98 ns)
  Scenario1.S1_CheckOptionStringErrorNoMessage_Rascal: .NET 10.0                      -> 3 outliers were removed (11.98 ns..13.93 ns)
  Scenario1.S1_CheckOptionStringErrorWithMessage_ArdalisResult: .NET 10.0             -> 1 outlier  was  removed (54.17 ns)
  Scenario1.S1_CheckOptionStringErrorWithMessage_EnumerationsOptionsBoxed: .NET 10.0  -> 1 outlier  was  removed (23.05 ns)
  Scenario1.S1_CheckOptionStringErrorWithMessage_EnumerationsOptions: .NET 10.0       -> 2 outliers were removed (1.84 ns, 1.90 ns)
  Scenario1.S1_CheckOptionStringErrorWithMessage_LightResults: .NET 10.0              -> 1 outlier  was  removed (25.31 ns)
  Scenario1.S1_CheckOptionStringErrorWithMessage_Rascal: .NET 10.0                    -> 2 outliers were removed (13.33 ns, 14.76 ns)
  Scenario1.S1_CheckOptionStringErrorWithMessage_SimpleResults: .NET 10.0             -> 2 outliers were removed (226.02 ns, 272.46 ns)
  Scenario1.S1_CheckOptionStringSuccess_ArdalisResult: .NET 10.0                      -> 3 outliers were removed (20.87 ns..21.85 ns)
  Scenario1.S1_CheckOptionStringSuccess_EnumerationsOptionsBoxed: .NET 10.0           -> 2 outliers were removed (10.81 ns, 12.45 ns)
  Scenario1.S1_CheckOptionStringSuccess_EnumerationsOptions: .NET 10.0                -> 2 outliers were removed (1.77 ns, 1.77 ns)
  Scenario1.S1_CheckOptionStringSuccess_FluentResults: .NET 10.0                      -> 1 outlier  was  removed, 2 outliers were detected (68.10 ns, 78.55 ns)
  Scenario1.S1_CheckOptionStringSuccess_Rascal: .NET 10.0                             -> 2 outliers were removed (1.88 ns, 2.05 ns)
  Scenario1.S1_CheckOptionStringSuccess_SimpleResults: .NET 10.0                      -> 1 outlier  was  removed (177.50 ns)
  Scenario1.S1_CheckVoidErrorNoMessage_ArdalisResult: .NET 10.0                       -> 3 outliers were removed (22.97 ns..23.93 ns)
  Scenario1.S1_CheckVoidErrorNoMessage_LightResults: .NET 10.0                        -> 1 outlier  was  removed (1.76 ns)
  Scenario1.S1_CheckVoidErrorNoMessage_Rascal: .NET 10.0                              -> 2 outliers were removed (10.15 ns, 10.83 ns)
  Scenario1.S1_CheckVoidErrorWithMessage_ArdalisResult: .NET 10.0                     -> 1 outlier  was  removed (47.18 ns)
  Scenario1.S1_CheckVoidErrorWithMessage_FluentResults: .NET 10.0                     -> 1 outlier  was  removed (362.62 ns)
  Scenario1.S1_CheckVoidErrorWithMessage_LightResults: .NET 10.0                      -> 1 outlier  was  removed (24.85 ns)
  Scenario1.S1_CheckVoidErrorWithMessage_Rascal: .NET 10.0                            -> 1 outlier  was  removed (13.39 ns)
  Scenario1.S1_CheckVoidSuccess_ArdalisResult: .NET 10.0                              -> 1 outlier  was  removed (18.77 ns)
  Scenario1.S1_CheckVoidSuccess_EnumerationsOptions: .NET 10.0                        -> 2 outliers were removed, 5 outliers were detected (1.75 ns..1.76 ns, 1.79 ns, 1.84 ns)
  Scenario1.S1_CheckVoidSuccess_FluentResults: .NET 10.0                              -> 1 outlier  was  removed (56.24 ns)
  Scenario1.S1_CheckVoidSuccess_Rascal: .NET 10.0                                     -> 1 outlier  was  removed (2.10 ns)
  Scenario1.S1_CheckVoidSuccess_SimpleResults: .NET 10.0                              -> 1 outlier  was  removed (163.03 ns)
  Scenario1.S1_ReturnOptionStringErrorNoMessage_ArdalisResult: .NET 10.0              -> 2 outliers were removed (19.86 ns, 20.38 ns)
  Scenario1.S1_ReturnOptionStringErrorNoMessage_EnumerationsOptionsBoxed: .NET 10.0   -> 2 outliers were removed (1.86 ns, 2.01 ns)
  Scenario1.S1_ReturnOptionStringErrorNoMessage_FluentResults: .NET 10.0              -> 3 outliers were removed (100.79 ns..102.84 ns)
  Scenario1.S1_ReturnOptionStringErrorNoMessage_LightResults: .NET 10.0               -> 3 outliers were removed (1.93 ns..2.05 ns)
  Scenario1.S1_ReturnOptionStringErrorNoMessage_Rascal: .NET 10.0                     -> 2 outliers were removed (10.73 ns, 13.07 ns)
  Scenario1.S1_ReturnOptionStringErrorNoMessage_SimpleResults: .NET 10.0              -> 1 outlier  was  removed, 2 outliers were detected (258.84 ns, 271.60 ns)
  Scenario1.S1_ReturnOptionStringErrorWithMessage_ArdalisResult: .NET 10.0            -> 3 outliers were removed (34.45 ns..40.73 ns)
  Scenario1.S1_ReturnOptionStringErrorWithMessage_EnumerationsOptionsBoxed: .NET 10.0 -> 9 outliers were removed (12.21 ns..13.22 ns)
  Scenario1.S1_ReturnOptionStringErrorWithMessage_EnumerationsOptions: .NET 10.0      -> 1 outlier  was  removed (1.77 ns)
  Scenario1.S1_ReturnOptionStringErrorWithMessage_FluentResults: .NET 10.0            -> 2 outliers were removed (106.15 ns, 109.46 ns)
  Scenario1.S1_ReturnOptionStringErrorWithMessage_LightResults: .NET 10.0             -> 1 outlier  was  removed (24.20 ns)
  Scenario1.S1_ReturnOptionStringErrorWithMessage_Rascal: .NET 10.0                   -> 1 outlier  was  removed (13.06 ns)
  Scenario1.S1_ReturnOptionStringErrorWithMessage_SimpleResults: .NET 10.0            -> 3 outliers were removed (174.16 ns..176.89 ns)
  Scenario1.S1_ReturnOptionStringNone_ArdalisResult: .NET 10.0                        -> 2 outliers were removed, 3 outliers were detected (17.08 ns, 19.86 ns, 22.45 ns)
  Scenario1.S1_ReturnOptionStringNone_EnumerationsOptionsBoxed: .NET 10.0             -> 3 outliers were removed (1.77 ns..1.79 ns)
  Scenario1.S1_ReturnOptionStringNone_FluentResults: .NET 10.0                        -> 1 outlier  was  removed (50.12 ns)
  Scenario1.S1_ReturnOptionStringNone_LightResults: .NET 10.0                         -> 1 outlier  was  removed (2.13 ns)
  Scenario1.S1_ReturnOptionStringNone_SimpleResults: .NET 10.0                        -> 1 outlier  was  removed, 2 outliers were detected (152.39 ns, 168.65 ns)
  Scenario1.S1_ReturnOptionStringSuccess_ArdalisResult: .NET 10.0                     -> 1 outlier  was  removed (18.11 ns)
  Scenario1.S1_ReturnOptionStringSuccess_FluentResults: .NET 10.0                     -> 1 outlier  was  removed, 2 outliers were detected (44.99 ns, 47.68 ns)
  Scenario1.S1_ReturnOptionStringSuccess_SimpleResults: .NET 10.0                     -> 1 outlier  was  removed (180.92 ns)
  Scenario1.S1_ReturnVoidErrorNoMessage_EnumerationsOptions: .NET 10.0                -> 2 outliers were removed (1.78 ns, 1.79 ns)
  Scenario1.S1_ReturnVoidErrorNoMessage_FluentResults: .NET 10.0                      -> 2 outliers were removed, 3 outliers were detected (94.50 ns, 102.22 ns, 103.81 ns)
  Scenario1.S1_ReturnVoidErrorNoMessage_LightResults: .NET 10.0                       -> 1 outlier  was  removed (1.78 ns)
  Scenario1.S1_ReturnVoidErrorNoMessage_Rascal: .NET 10.0                             -> 1 outlier  was  removed (10.90 ns)
  Scenario1.S1_ReturnVoidErrorWithMessage_ArdalisResult: .NET 10.0                    -> 2 outliers were removed, 3 outliers were detected (28.79 ns, 30.28 ns, 31.08 ns)
  Scenario1.S1_ReturnVoidErrorWithMessage_EnumerationsOptionsBoxed: .NET 10.0         -> 3 outliers were removed (10.23 ns..10.60 ns)
  Scenario1.S1_ReturnVoidErrorWithMessage_FluentResults: .NET 10.0                    -> 2 outliers were removed (98.93 ns, 99.51 ns)
  Scenario1.S1_ReturnVoidErrorWithMessage_LightResults: .NET 10.0                     -> 3 outliers were removed (22.67 ns..23.42 ns)
  Scenario1.S1_ReturnVoidErrorWithMessage_Rascal: .NET 10.0                           -> 2 outliers were removed (9.99 ns, 10.03 ns)
  Scenario1.S1_ReturnVoidErrorWithMessage_SimpleResults: .NET 10.0                    -> 2 outliers were removed (84.87 ns, 94.38 ns)
  Scenario1.S1_ReturnVoidSuccess_EnumerationsOptionsBoxed: .NET 10.0                  -> 3 outliers were removed (1.77 ns..1.78 ns)
  Scenario1.S1_ReturnVoidSuccess_FluentResults: .NET 10.0                             -> 1 outlier  was  removed (24.45 ns)
  Scenario1.S1_ReturnVoidSuccess_SimpleResults: .NET 10.0                             -> 1 outlier  was  removed (158.78 ns)
HideColumnsAnalyser
  Summary -> Hidden columns: Iterations, Error, StdDev, Median, RatioSD, Gen0

// * Legends *
  Categories  : All categories of the corresponded method, class, and assembly
  Mean        : Arithmetic mean of all measurements
  Ratio       : Mean of the ratio distribution ([Current]/[Baseline])
  Allocated   : Allocated memory per single operation (managed only, inclusive, 1KB = 1024B)
  Alloc Ratio : Allocated memory ratio distribution ([Current]/[Baseline])
  1 ns        : 1 Nanosecond (0.000000001 sec)

// * Diagnostic Output - MemoryDiagnoser *


// ***** BenchmarkRunner: End *****
Run time: 00:07:47 (467.82 sec), executed benchmarks: 91

Global total time: 00:07:58 (478.07 sec), executed benchmarks: 91
// * Artifacts cleanup *
Artifacts cleanup is finished
