// Validating benchmarks:
// ***** BenchmarkRunner: Start   *****
// ***** Found 26 benchmark(s) in total *****
// ***** Building 1 exe(s) in Parallel: Start   *****
Unable to find .sln or .csproj file. Will use current directory /media/andrew/Slowverflow/x/devs/reilly-digital/dotnet/enumerations.options to search for project file. If you don't use .sln file on purpose it should not be a problem.
// start dotnet  restore --nodeReuse:false /p:UseSharedCompilation=false /p:Deterministic=true /p:Optimize=true /p:ArtifactsPath="/media/andrew/Slowverflow/x/devs/reilly-digital/dotnet/enumerations.options/src/Enumerations.Options.Benchmarks/bin/Debug/net10.0/Enumerations.Options.Benchmarks-.NET 10.0-1/" /p:OutDir="/media/andrew/Slowverflow/x/devs/reilly-digital/dotnet/enumerations.options/src/Enumerations.Options.Benchmarks/bin/Debug/net10.0/Enumerations.Options.Benchmarks-.NET 10.0-1/bin/Release/net10.0/" /p:OutputPath="/media/andrew/Slowverflow/x/devs/reilly-digital/dotnet/enumerations.options/src/Enumerations.Options.Benchmarks/bin/Debug/net10.0/Enumerations.Options.Benchmarks-.NET 10.0-1/bin/Release/net10.0/" /p:PublishDir="/media/andrew/Slowverflow/x/devs/reilly-digital/dotnet/enumerations.options/src/Enumerations.Options.Benchmarks/bin/Debug/net10.0/Enumerations.Options.Benchmarks-.NET 10.0-1/publish/" in /media/andrew/Slowverflow/x/devs/reilly-digital/dotnet/enumerations.options/src/Enumerations.Options.Benchmarks/bin/Debug/net10.0/Enumerations.Options.Benchmarks-.NET 10.0-1
// command took 1.92 sec and exited with 0
// start dotnet  build -c Release --no-restore --nodeReuse:false /p:UseSharedCompilation=false /p:Deterministic=true /p:Optimize=true /p:ArtifactsPath="/media/andrew/Slowverflow/x/devs/reilly-digital/dotnet/enumerations.options/src/Enumerations.Options.Benchmarks/bin/Debug/net10.0/Enumerations.Options.Benchmarks-.NET 10.0-1/" /p:OutDir="/media/andrew/Slowverflow/x/devs/reilly-digital/dotnet/enumerations.options/src/Enumerations.Options.Benchmarks/bin/Debug/net10.0/Enumerations.Options.Benchmarks-.NET 10.0-1/bin/Release/net10.0/" /p:OutputPath="/media/andrew/Slowverflow/x/devs/reilly-digital/dotnet/enumerations.options/src/Enumerations.Options.Benchmarks/bin/Debug/net10.0/Enumerations.Options.Benchmarks-.NET 10.0-1/bin/Release/net10.0/" /p:PublishDir="/media/andrew/Slowverflow/x/devs/reilly-digital/dotnet/enumerations.options/src/Enumerations.Options.Benchmarks/bin/Debug/net10.0/Enumerations.Options.Benchmarks-.NET 10.0-1/publish/" --output "/media/andrew/Slowverflow/x/devs/reilly-digital/dotnet/enumerations.options/src/Enumerations.Options.Benchmarks/bin/Debug/net10.0/Enumerations.Options.Benchmarks-.NET 10.0-1/bin/Release/net10.0/" in /media/andrew/Slowverflow/x/devs/reilly-digital/dotnet/enumerations.options/src/Enumerations.Options.Benchmarks/bin/Debug/net10.0/Enumerations.Options.Benchmarks-.NET 10.0-1
// command took 10.18 sec and exited with 0
// ***** Done, took 00:00:12 (12.31 sec)   *****
// Found 26 benchmarks:
//   Scenario1.S1_CheckOptionStringErrorNoMessage_EnumerationsOptionsBoxed: .NET 10.0(Runtime=.NET 10.0, IterationTime=100ms) [Iterations=2]
//   Scenario1.S1_CheckOptionStringErrorNoMessage_EnumerationsOptions: .NET 10.0(Runtime=.NET 10.0, IterationTime=100ms) [Iterations=2]
//   Scenario1.S1_CheckOptionStringErrorWithMessage_EnumerationsOptionsBoxed: .NET 10.0(Runtime=.NET 10.0, IterationTime=100ms) [Iterations=2]
//   Scenario1.S1_CheckOptionStringErrorWithMessage_EnumerationsOptions: .NET 10.0(Runtime=.NET 10.0, IterationTime=100ms) [Iterations=2]
//   Scenario1.S1_CheckOptionStringSuccess_EnumerationsOptionsBoxed: .NET 10.0(Runtime=.NET 10.0, IterationTime=100ms) [Iterations=2]
//   Scenario1.S1_CheckOptionStringSuccess_EnumerationsOptions: .NET 10.0(Runtime=.NET 10.0, IterationTime=100ms) [Iterations=2]
//   Scenario1.S1_CheckVoidErrorNoMessage_EnumerationsOptionsBoxed: .NET 10.0(Runtime=.NET 10.0, IterationTime=100ms) [Iterations=2]
//   Scenario1.S1_CheckVoidErrorNoMessage_EnumerationsOptions: .NET 10.0(Runtime=.NET 10.0, IterationTime=100ms) [Iterations=2]
//   Scenario1.S1_CheckVoidErrorWithMessage_EnumerationsOptionsBoxed: .NET 10.0(Runtime=.NET 10.0, IterationTime=100ms) [Iterations=2]
//   Scenario1.S1_CheckVoidErrorWithMessage_EnumerationsOptions: .NET 10.0(Runtime=.NET 10.0, IterationTime=100ms) [Iterations=2]
//   Scenario1.S1_CheckVoidSuccess_EnumerationsOptionsBoxed: .NET 10.0(Runtime=.NET 10.0, IterationTime=100ms) [Iterations=2]
//   Scenario1.S1_CheckVoidSuccess_EnumerationsOptions: .NET 10.0(Runtime=.NET 10.0, IterationTime=100ms) [Iterations=2]
//   Scenario1.S1_ReturnOptionStringErrorNoMessage_EnumerationsOptionsBoxed: .NET 10.0(Runtime=.NET 10.0, IterationTime=100ms) [Iterations=2]
//   Scenario1.S1_ReturnOptionStringErrorNoMessage_EnumerationsOptions: .NET 10.0(Runtime=.NET 10.0, IterationTime=100ms) [Iterations=2]
//   Scenario1.S1_ReturnOptionStringErrorWithMessage_EnumerationsOptionsBoxed: .NET 10.0(Runtime=.NET 10.0, IterationTime=100ms) [Iterations=2]
//   Scenario1.S1_ReturnOptionStringErrorWithMessage_EnumerationsOptions: .NET 10.0(Runtime=.NET 10.0, IterationTime=100ms) [Iterations=2]
//   Scenario1.S1_ReturnOptionStringNone_EnumerationsOptionsBoxed: .NET 10.0(Runtime=.NET 10.0, IterationTime=100ms) [Iterations=2]
//   Scenario1.S1_ReturnOptionStringNone_EnumerationsOptions: .NET 10.0(Runtime=.NET 10.0, IterationTime=100ms) [Iterations=2]
//   Scenario1.S1_ReturnOptionStringSuccess_EnumerationsOptionsBoxed: .NET 10.0(Runtime=.NET 10.0, IterationTime=100ms) [Iterations=2]
//   Scenario1.S1_ReturnOptionStringSuccess_EnumerationsOptions: .NET 10.0(Runtime=.NET 10.0, IterationTime=100ms) [Iterations=2]
//   Scenario1.S1_ReturnVoidErrorNoMessage_EnumerationsOptionsBoxed: .NET 10.0(Runtime=.NET 10.0, IterationTime=100ms) [Iterations=2]
//   Scenario1.S1_ReturnVoidErrorNoMessage_EnumerationsOptions: .NET 10.0(Runtime=.NET 10.0, IterationTime=100ms) [Iterations=2]
//   Scenario1.S1_ReturnVoidErrorWithMessage_EnumerationsOptionsBoxed: .NET 10.0(Runtime=.NET 10.0, IterationTime=100ms) [Iterations=2]
//   Scenario1.S1_ReturnVoidErrorWithMessage_EnumerationsOptions: .NET 10.0(Runtime=.NET 10.0, IterationTime=100ms) [Iterations=2]
//   Scenario1.S1_ReturnVoidSuccess_EnumerationsOptionsBoxed: .NET 10.0(Runtime=.NET 10.0, IterationTime=100ms) [Iterations=2]
//   Scenario1.S1_ReturnVoidSuccess_EnumerationsOptions: .NET 10.0(Runtime=.NET 10.0, IterationTime=100ms) [Iterations=2]

// **************************
// Benchmark: Scenario1.S1_CheckOptionStringErrorNoMessage_EnumerationsOptionsBoxed: .NET 10.0(Runtime=.NET 10.0, IterationTime=100ms) [Iterations=2]
// *** Execute ***
// Launch: 1 / 1
// Execute: dotnet "Enumerations.Options.Benchmarks-.NET 10.0-1.dll" --anonymousPipes 113 114 --benchmarkName "ReillyDigital.Enumerations.Options.Benchmarks.Scenarios.Scenario1.S1_CheckOptionStringErrorNoMessage_EnumerationsOptionsBoxed(Iterations: 2)" --job ".NET 10.0" --benchmarkId 0 in /media/andrew/Slowverflow/x/devs/reilly-digital/dotnet/enumerations.options/src/Enumerations.Options.Benchmarks/bin/Debug/net10.0/Enumerations.Options.Benchmarks-.NET 10.0-1/bin/Release/net10.0
// Failed to set up high priority (Permission denied). In order to run benchmarks with high priority, make sure you have the right permissions.
// BeforeAnythingElse

// Benchmark Process Environment Information:
// BenchmarkDotNet v0.15.8
// Runtime=.NET 10.0.3 (10.0.3, 10.0.326.7603), X64 RyuJIT x86-64-v3
// GC=Concurrent Workstation
// HardwareIntrinsics=AVX2+BMI1+BMI2+F16C+FMA+LZCNT+MOVBE,AVX,SSE3+SSSE3+SSE4.1+SSE4.2+POPCNT,X86Base+SSE+SSE2,AES+PCLMUL VectorSize=256
// Job: .NET 10.0(IterationTime=100ms)

OverheadJitting  1: 1 op, 204017.00 ns, 204.0170 us/op
WorkloadJitting  1: 1 op, 3960539.00 ns, 3.9605 ms/op

OverheadJitting  2: 16 op, 305538.00 ns, 19.0961 us/op
WorkloadJitting  2: 16 op, 296431.00 ns, 18.5269 us/op

WorkloadPilot    1: 16 op, 1743.00 ns, 108.9375 ns/op
WorkloadPilot    2: 917968 op, 41016067.00 ns, 44.6814 ns/op
WorkloadPilot    3: 2238080 op, 73064105.00 ns, 32.6459 ns/op
WorkloadPilot    4: 3063184 op, 58684280.00 ns, 19.1579 ns/op
WorkloadPilot    5: 5219776 op, 9206571.00 ns, 1.7638 ns/op
WorkloadPilot    6: 56696208 op, 99694966.00 ns, 1.7584 ns/op
WorkloadPilot    7: 56869680 op, 99719102.00 ns, 1.7535 ns/op
WorkloadPilot    8: 57029888 op, 99629182.00 ns, 1.7470 ns/op
WorkloadPilot    9: 57242160 op, 100041041.00 ns, 1.7477 ns/op
WorkloadPilot   10: 57218688 op, 99807750.00 ns, 1.7443 ns/op
WorkloadPilot   11: 57328912 op, 100017417.00 ns, 1.7446 ns/op
WorkloadPilot   12: 57318944 op, 99848587.00 ns, 1.7420 ns/op
WorkloadPilot   13: 57405872 op, 100071960.00 ns, 1.7432 ns/op

OverheadWarmup   1: 57405872 op, 142781102.00 ns, 2.4872 ns/op
OverheadWarmup   2: 57405872 op, 109215602.00 ns, 1.9025 ns/op
OverheadWarmup   3: 57405872 op, 86287441.00 ns, 1.5031 ns/op
OverheadWarmup   4: 57405872 op, 86431474.00 ns, 1.5056 ns/op
OverheadWarmup   5: 57405872 op, 86292761.00 ns, 1.5032 ns/op
OverheadWarmup   6: 57405872 op, 86932363.00 ns, 1.5143 ns/op
OverheadWarmup   7: 57405872 op, 86068486.00 ns, 1.4993 ns/op

OverheadActual   1: 57405872 op, 86679514.00 ns, 1.5099 ns/op
OverheadActual   2: 57405872 op, 86147406.00 ns, 1.5007 ns/op
OverheadActual   3: 57405872 op, 86236635.00 ns, 1.5022 ns/op
OverheadActual   4: 57405872 op, 86193874.00 ns, 1.5015 ns/op
OverheadActual   5: 57405872 op, 86117569.00 ns, 1.5002 ns/op
OverheadActual   6: 57405872 op, 86154890.00 ns, 1.5008 ns/op
OverheadActual   7: 57405872 op, 86227538.00 ns, 1.5021 ns/op
OverheadActual   8: 57405872 op, 86077284.00 ns, 1.4995 ns/op
OverheadActual   9: 57405872 op, 86166852.00 ns, 1.5010 ns/op
OverheadActual  10: 57405872 op, 86274326.00 ns, 1.5029 ns/op
OverheadActual  11: 57405872 op, 86075460.00 ns, 1.4994 ns/op
OverheadActual  12: 57405872 op, 86326465.00 ns, 1.5038 ns/op
OverheadActual  13: 57405872 op, 86137898.00 ns, 1.5005 ns/op
OverheadActual  14: 57405872 op, 86271481.00 ns, 1.5028 ns/op
OverheadActual  15: 57405872 op, 86130374.00 ns, 1.5004 ns/op

WorkloadWarmup   1: 57405872 op, 99942185.00 ns, 1.7410 ns/op
WorkloadWarmup   2: 57405872 op, 99966280.00 ns, 1.7414 ns/op
WorkloadWarmup   3: 57405872 op, 99917978.00 ns, 1.7406 ns/op
WorkloadWarmup   4: 57405872 op, 100005474.00 ns, 1.7421 ns/op
WorkloadWarmup   5: 57405872 op, 99886179.00 ns, 1.7400 ns/op
WorkloadWarmup   6: 57405872 op, 99861672.00 ns, 1.7396 ns/op

// BeforeActualRun
WorkloadActual   1: 57405872 op, 100666336.00 ns, 1.7536 ns/op
WorkloadActual   2: 57405872 op, 102116150.00 ns, 1.7788 ns/op
WorkloadActual   3: 57405872 op, 100399690.00 ns, 1.7489 ns/op
WorkloadActual   4: 57405872 op, 100090956.00 ns, 1.7436 ns/op
WorkloadActual   5: 57405872 op, 100360225.00 ns, 1.7483 ns/op
WorkloadActual   6: 57405872 op, 101284886.00 ns, 1.7644 ns/op
WorkloadActual   7: 57405872 op, 106247673.00 ns, 1.8508 ns/op
WorkloadActual   8: 57405872 op, 100599599.00 ns, 1.7524 ns/op
WorkloadActual   9: 57405872 op, 102104859.00 ns, 1.7786 ns/op
WorkloadActual  10: 57405872 op, 100567679.00 ns, 1.7519 ns/op
WorkloadActual  11: 57405872 op, 100149316.00 ns, 1.7446 ns/op
WorkloadActual  12: 57405872 op, 100141402.00 ns, 1.7444 ns/op
WorkloadActual  13: 57405872 op, 99961240.00 ns, 1.7413 ns/op
WorkloadActual  14: 57405872 op, 100186938.00 ns, 1.7452 ns/op
WorkloadActual  15: 57405872 op, 101136907.00 ns, 1.7618 ns/op

// AfterActualRun
WorkloadResult   1: 57405872 op, 14499484.00 ns, 0.2526 ns/op
WorkloadResult   2: 57405872 op, 15949298.00 ns, 0.2778 ns/op
WorkloadResult   3: 57405872 op, 14232838.00 ns, 0.2479 ns/op
WorkloadResult   4: 57405872 op, 13924104.00 ns, 0.2426 ns/op
WorkloadResult   5: 57405872 op, 14193373.00 ns, 0.2472 ns/op
WorkloadResult   6: 57405872 op, 15118034.00 ns, 0.2634 ns/op
WorkloadResult   7: 57405872 op, 14432747.00 ns, 0.2514 ns/op
WorkloadResult   8: 57405872 op, 15938007.00 ns, 0.2776 ns/op
WorkloadResult   9: 57405872 op, 14400827.00 ns, 0.2509 ns/op
WorkloadResult  10: 57405872 op, 13982464.00 ns, 0.2436 ns/op
WorkloadResult  11: 57405872 op, 13974550.00 ns, 0.2434 ns/op
WorkloadResult  12: 57405872 op, 13794388.00 ns, 0.2403 ns/op
WorkloadResult  13: 57405872 op, 14020086.00 ns, 0.2442 ns/op
WorkloadResult  14: 57405872 op, 14970055.00 ns, 0.2608 ns/op
// GC:  0 0 0 0 57405872
// Threading:  0 0 57405872

// AfterAll
// Benchmark Process 9202 has exited with code 0.

Mean = 0.253 ns, StdErr = 0.003 ns (1.30%), N = 14, StdDev = 0.012 ns
Min = 0.240 ns, Q1 = 0.244 ns, Median = 0.249 ns, Q3 = 0.259 ns, Max = 0.278 ns
IQR = 0.015 ns, LowerFence = 0.221 ns, UpperFence = 0.281 ns
ConfidenceInterval = [0.239 ns; 0.267 ns] (CI 99.9%), Margin = 0.014 ns (5.51% of Mean)
Skewness = 0.95, Kurtosis = 2.49, MValue = 2

// ** Remained 25 (96.2%) benchmark(s) to run. Estimated finish 2026-03-01 9:44 (0h 2m from now) **
// **************************
// Benchmark: Scenario1.S1_CheckOptionStringErrorNoMessage_EnumerationsOptions: .NET 10.0(Runtime=.NET 10.0, IterationTime=100ms) [Iterations=2]
// *** Execute ***
// Launch: 1 / 1
// Execute: dotnet "Enumerations.Options.Benchmarks-.NET 10.0-1.dll" --anonymousPipes 113 114 --benchmarkName "ReillyDigital.Enumerations.Options.Benchmarks.Scenarios.Scenario1.S1_CheckOptionStringErrorNoMessage_EnumerationsOptions(Iterations: 2)" --job ".NET 10.0" --benchmarkId 1 in /media/andrew/Slowverflow/x/devs/reilly-digital/dotnet/enumerations.options/src/Enumerations.Options.Benchmarks/bin/Debug/net10.0/Enumerations.Options.Benchmarks-.NET 10.0-1/bin/Release/net10.0
// Failed to set up high priority (Permission denied). In order to run benchmarks with high priority, make sure you have the right permissions.
// BeforeAnythingElse

// Benchmark Process Environment Information:
// BenchmarkDotNet v0.15.8
// Runtime=.NET 10.0.3 (10.0.3, 10.0.326.7603), X64 RyuJIT x86-64-v3
// GC=Concurrent Workstation
// HardwareIntrinsics=AVX2+BMI1+BMI2+F16C+FMA+LZCNT+MOVBE,AVX,SSE3+SSSE3+SSE4.1+SSE4.2+POPCNT,X86Base+SSE+SSE2,AES+PCLMUL VectorSize=256
// Job: .NET 10.0(IterationTime=100ms)

OverheadJitting  1: 1 op, 161446.00 ns, 161.4460 us/op
WorkloadJitting  1: 1 op, 2986705.00 ns, 2.9867 ms/op

OverheadJitting  2: 16 op, 197073.00 ns, 12.3171 us/op
WorkloadJitting  2: 16 op, 203956.00 ns, 12.7473 us/op

WorkloadPilot    1: 16 op, 2945.00 ns, 184.0625 ns/op
WorkloadPilot    2: 543296 op, 54183528.00 ns, 99.7311 ns/op
WorkloadPilot    3: 1002704 op, 98990102.00 ns, 98.7232 ns/op
WorkloadPilot    4: 1012944 op, 34679099.00 ns, 34.2359 ns/op
WorkloadPilot    5: 2920912 op, 5179246.00 ns, 1.7732 ns/op
WorkloadPilot    6: 56396480 op, 99828409.00 ns, 1.7701 ns/op
WorkloadPilot    7: 56493424 op, 100079705.00 ns, 1.7715 ns/op
WorkloadPilot    8: 56448432 op, 99297274.00 ns, 1.7591 ns/op
WorkloadPilot    9: 56847920 op, 100364975.00 ns, 1.7655 ns/op
WorkloadPilot   10: 56641200 op, 100149967.00 ns, 1.7681 ns/op

OverheadWarmup   1: 56641200 op, 154116334.00 ns, 2.7209 ns/op
OverheadWarmup   2: 56641200 op, 105837796.00 ns, 1.8686 ns/op
OverheadWarmup   3: 56641200 op, 85307096.00 ns, 1.5061 ns/op
OverheadWarmup   4: 56641200 op, 85320130.00 ns, 1.5063 ns/op
OverheadWarmup   5: 56641200 op, 85284642.00 ns, 1.5057 ns/op
OverheadWarmup   6: 56641200 op, 85467188.00 ns, 1.5089 ns/op
OverheadWarmup   7: 56641200 op, 86396267.00 ns, 1.5253 ns/op
OverheadWarmup   8: 56641200 op, 85296855.00 ns, 1.5059 ns/op

OverheadActual   1: 56641200 op, 85451739.00 ns, 1.5086 ns/op
OverheadActual   2: 56641200 op, 85277188.00 ns, 1.5056 ns/op
OverheadActual   3: 56641200 op, 85383781.00 ns, 1.5075 ns/op
OverheadActual   4: 56641200 op, 85748922.00 ns, 1.5139 ns/op
OverheadActual   5: 56641200 op, 86050563.00 ns, 1.5192 ns/op
OverheadActual   6: 56641200 op, 85616871.00 ns, 1.5116 ns/op
OverheadActual   7: 56641200 op, 85776334.00 ns, 1.5144 ns/op
OverheadActual   8: 56641200 op, 85784018.00 ns, 1.5145 ns/op
OverheadActual   9: 56641200 op, 86006730.00 ns, 1.5184 ns/op
OverheadActual  10: 56641200 op, 85018519.00 ns, 1.5010 ns/op
OverheadActual  11: 56641200 op, 84957543.00 ns, 1.4999 ns/op
OverheadActual  12: 56641200 op, 87025158.00 ns, 1.5364 ns/op
OverheadActual  13: 56641200 op, 86261192.00 ns, 1.5229 ns/op
OverheadActual  14: 56641200 op, 87829902.00 ns, 1.5506 ns/op
OverheadActual  15: 56641200 op, 85667978.00 ns, 1.5125 ns/op

WorkloadWarmup   1: 56641200 op, 98716864.00 ns, 1.7428 ns/op
WorkloadWarmup   2: 56641200 op, 98739287.00 ns, 1.7432 ns/op
WorkloadWarmup   3: 56641200 op, 105441667.00 ns, 1.8616 ns/op
WorkloadWarmup   4: 56641200 op, 100305963.00 ns, 1.7709 ns/op
WorkloadWarmup   5: 56641200 op, 99842065.00 ns, 1.7627 ns/op
WorkloadWarmup   6: 56641200 op, 99835282.00 ns, 1.7626 ns/op
WorkloadWarmup   7: 56641200 op, 99842526.00 ns, 1.7627 ns/op
WorkloadWarmup   8: 56641200 op, 100250849.00 ns, 1.7699 ns/op
WorkloadWarmup   9: 56641200 op, 101369035.00 ns, 1.7897 ns/op
WorkloadWarmup  10: 56641200 op, 101125615.00 ns, 1.7854 ns/op

// BeforeActualRun
WorkloadActual   1: 56641200 op, 105578887.00 ns, 1.8640 ns/op
WorkloadActual   2: 56641200 op, 103557349.00 ns, 1.8283 ns/op
WorkloadActual   3: 56641200 op, 101919578.00 ns, 1.7994 ns/op
WorkloadActual   4: 56641200 op, 99936884.00 ns, 1.7644 ns/op
WorkloadActual   5: 56641200 op, 99637848.00 ns, 1.7591 ns/op
WorkloadActual   6: 56641200 op, 99728770.00 ns, 1.7607 ns/op
WorkloadActual   7: 56641200 op, 99919461.00 ns, 1.7641 ns/op
WorkloadActual   8: 56641200 op, 100573189.00 ns, 1.7756 ns/op
WorkloadActual   9: 56641200 op, 100452771.00 ns, 1.7735 ns/op
WorkloadActual  10: 56641200 op, 100394631.00 ns, 1.7725 ns/op
WorkloadActual  11: 56641200 op, 99688303.00 ns, 1.7600 ns/op
WorkloadActual  12: 56641200 op, 99819853.00 ns, 1.7623 ns/op
WorkloadActual  13: 56641200 op, 99659830.00 ns, 1.7595 ns/op
WorkloadActual  14: 56641200 op, 99752375.00 ns, 1.7611 ns/op
WorkloadActual  15: 56641200 op, 99845160.00 ns, 1.7628 ns/op

// AfterActualRun
WorkloadResult   1: 56641200 op, 14187962.00 ns, 0.2505 ns/op
WorkloadResult   2: 56641200 op, 13888926.00 ns, 0.2452 ns/op
WorkloadResult   3: 56641200 op, 13979848.00 ns, 0.2468 ns/op
WorkloadResult   4: 56641200 op, 14170539.00 ns, 0.2502 ns/op
WorkloadResult   5: 56641200 op, 14824267.00 ns, 0.2617 ns/op
WorkloadResult   6: 56641200 op, 14703849.00 ns, 0.2596 ns/op
WorkloadResult   7: 56641200 op, 14645709.00 ns, 0.2586 ns/op
WorkloadResult   8: 56641200 op, 13939381.00 ns, 0.2461 ns/op
WorkloadResult   9: 56641200 op, 14070931.00 ns, 0.2484 ns/op
WorkloadResult  10: 56641200 op, 13910908.00 ns, 0.2456 ns/op
WorkloadResult  11: 56641200 op, 14003453.00 ns, 0.2472 ns/op
WorkloadResult  12: 56641200 op, 14096238.00 ns, 0.2489 ns/op
// GC:  0 0 0 0 56641200
// Threading:  0 0 56641200

// AfterAll
// Benchmark Process 9249 has exited with code 0.

Mean = 0.251 ns, StdErr = 0.002 ns (0.67%), N = 12, StdDev = 0.006 ns
Min = 0.245 ns, Q1 = 0.247 ns, Median = 0.249 ns, Q3 = 0.253 ns, Max = 0.262 ns
IQR = 0.006 ns, LowerFence = 0.238 ns, UpperFence = 0.261 ns
ConfidenceInterval = [0.243 ns; 0.258 ns] (CI 99.9%), Margin = 0.007 ns (2.99% of Mean)
Skewness = 0.83, Kurtosis = 1.93, MValue = 2.44

// ** Remained 24 (92.3%) benchmark(s) to run. Estimated finish 2026-03-01 9:44 (0h 2m from now) **
// **************************
// Benchmark: Scenario1.S1_CheckOptionStringErrorWithMessage_EnumerationsOptionsBoxed: .NET 10.0(Runtime=.NET 10.0, IterationTime=100ms) [Iterations=2]
// *** Execute ***
// Launch: 1 / 1
// Execute: dotnet "Enumerations.Options.Benchmarks-.NET 10.0-1.dll" --anonymousPipes 113 114 --benchmarkName "ReillyDigital.Enumerations.Options.Benchmarks.Scenarios.Scenario1.S1_CheckOptionStringErrorWithMessage_EnumerationsOptionsBoxed(Iterations: 2)" --job ".NET 10.0" --benchmarkId 2 in /media/andrew/Slowverflow/x/devs/reilly-digital/dotnet/enumerations.options/src/Enumerations.Options.Benchmarks/bin/Debug/net10.0/Enumerations.Options.Benchmarks-.NET 10.0-1/bin/Release/net10.0
// Failed to set up high priority (Permission denied). In order to run benchmarks with high priority, make sure you have the right permissions.
// BeforeAnythingElse

// Benchmark Process Environment Information:
// BenchmarkDotNet v0.15.8
// Runtime=.NET 10.0.3 (10.0.3, 10.0.326.7603), X64 RyuJIT x86-64-v3
// GC=Concurrent Workstation
// HardwareIntrinsics=AVX2+BMI1+BMI2+F16C+FMA+LZCNT+MOVBE,AVX,SSE3+SSSE3+SSE4.1+SSE4.2+POPCNT,X86Base+SSE+SSE2,AES+PCLMUL VectorSize=256
// Job: .NET 10.0(IterationTime=100ms)

OverheadJitting  1: 1 op, 151818.00 ns, 151.8180 us/op
WorkloadJitting  1: 1 op, 3677212.00 ns, 3.6772 ms/op

OverheadJitting  2: 16 op, 235606.00 ns, 14.7254 us/op
WorkloadJitting  2: 16 op, 209787.00 ns, 13.1117 us/op

WorkloadPilot    1: 16 op, 3477.00 ns, 217.3125 ns/op
WorkloadPilot    2: 460176 op, 60569168.00 ns, 131.6217 ns/op
WorkloadPilot    3: 759760 op, 94317665.00 ns, 124.1414 ns/op
WorkloadPilot    4: 805536 op, 49026063.00 ns, 60.8614 ns/op
WorkloadPilot    5: 1643088 op, 38997145.00 ns, 23.7341 ns/op
WorkloadPilot    6: 4213360 op, 98220194.00 ns, 23.3116 ns/op
WorkloadPilot    7: 4289712 op, 94510981.00 ns, 22.0320 ns/op
WorkloadPilot    8: 4538864 op, 100614517.00 ns, 22.1673 ns/op
WorkloadPilot    9: 4511152 op, 99303124.00 ns, 22.0128 ns/op
WorkloadPilot   10: 4542816 op, 100611391.00 ns, 22.1474 ns/op
WorkloadPilot   11: 4515216 op, 103059466.00 ns, 22.8249 ns/op

OverheadWarmup   1: 4515216 op, 11404833.00 ns, 2.5259 ns/op
OverheadWarmup   2: 4515216 op, 11269788.00 ns, 2.4960 ns/op
OverheadWarmup   3: 4515216 op, 11474535.00 ns, 2.5413 ns/op
OverheadWarmup   4: 4515216 op, 11327006.00 ns, 2.5086 ns/op
OverheadWarmup   5: 4515216 op, 11460238.00 ns, 2.5381 ns/op
OverheadWarmup   6: 4515216 op, 11341734.00 ns, 2.5119 ns/op

OverheadActual   1: 4515216 op, 11437845.00 ns, 2.5332 ns/op
OverheadActual   2: 4515216 op, 11363916.00 ns, 2.5168 ns/op
OverheadActual   3: 4515216 op, 11591917.00 ns, 2.5673 ns/op
OverheadActual   4: 4515216 op, 11752501.00 ns, 2.6029 ns/op
OverheadActual   5: 4515216 op, 11257875.00 ns, 2.4933 ns/op
OverheadActual   6: 4515216 op, 11524700.00 ns, 2.5524 ns/op
OverheadActual   7: 4515216 op, 11303852.00 ns, 2.5035 ns/op
OverheadActual   8: 4515216 op, 11350941.00 ns, 2.5139 ns/op
OverheadActual   9: 4515216 op, 11353946.00 ns, 2.5146 ns/op
OverheadActual  10: 4515216 op, 11382350.00 ns, 2.5209 ns/op
OverheadActual  11: 4515216 op, 11312899.00 ns, 2.5055 ns/op
OverheadActual  12: 4515216 op, 11427526.00 ns, 2.5309 ns/op
OverheadActual  13: 4515216 op, 11549086.00 ns, 2.5578 ns/op
OverheadActual  14: 4515216 op, 11491818.00 ns, 2.5451 ns/op
OverheadActual  15: 4515216 op, 11338117.00 ns, 2.5111 ns/op

WorkloadWarmup   1: 4515216 op, 103629826.00 ns, 22.9512 ns/op
WorkloadWarmup   2: 4515216 op, 104468975.00 ns, 23.1371 ns/op
WorkloadWarmup   3: 4515216 op, 103804076.00 ns, 22.9898 ns/op
WorkloadWarmup   4: 4515216 op, 103478480.00 ns, 22.9177 ns/op
WorkloadWarmup   5: 4515216 op, 103336681.00 ns, 22.8863 ns/op
WorkloadWarmup   6: 4515216 op, 99409436.00 ns, 22.0165 ns/op
WorkloadWarmup   7: 4515216 op, 99336678.00 ns, 22.0004 ns/op
WorkloadWarmup   8: 4515216 op, 99206131.00 ns, 21.9715 ns/op
WorkloadWarmup   9: 4515216 op, 100909756.00 ns, 22.3488 ns/op
WorkloadWarmup  10: 4515216 op, 98960886.00 ns, 21.9172 ns/op

// BeforeActualRun
WorkloadActual   1: 4515216 op, 103276527.00 ns, 22.8730 ns/op
WorkloadActual   2: 4515216 op, 101627675.00 ns, 22.5078 ns/op
WorkloadActual   3: 4515216 op, 102774056.00 ns, 22.7617 ns/op
WorkloadActual   4: 4515216 op, 103038928.00 ns, 22.8204 ns/op
WorkloadActual   5: 4515216 op, 101887317.00 ns, 22.5653 ns/op
WorkloadActual   6: 4515216 op, 103672577.00 ns, 22.9607 ns/op
WorkloadActual   7: 4515216 op, 102770970.00 ns, 22.7610 ns/op
WorkloadActual   8: 4515216 op, 102689736.00 ns, 22.7430 ns/op
WorkloadActual   9: 4515216 op, 101844346.00 ns, 22.5558 ns/op
WorkloadActual  10: 4515216 op, 104355540.00 ns, 23.1120 ns/op
WorkloadActual  11: 4515216 op, 105082316.00 ns, 23.2729 ns/op
WorkloadActual  12: 4515216 op, 104181822.00 ns, 23.0735 ns/op
WorkloadActual  13: 4515216 op, 102232200.00 ns, 22.6417 ns/op
WorkloadActual  14: 4515216 op, 105762935.00 ns, 23.4237 ns/op
WorkloadActual  15: 4515216 op, 104579955.00 ns, 23.1617 ns/op

// AfterActualRun
WorkloadResult   1: 4515216 op, 91894177.00 ns, 20.3521 ns/op
WorkloadResult   2: 4515216 op, 90245325.00 ns, 19.9869 ns/op
WorkloadResult   3: 4515216 op, 91391706.00 ns, 20.2408 ns/op
WorkloadResult   4: 4515216 op, 91656578.00 ns, 20.2995 ns/op
WorkloadResult   5: 4515216 op, 90504967.00 ns, 20.0444 ns/op
WorkloadResult   6: 4515216 op, 92290227.00 ns, 20.4398 ns/op
WorkloadResult   7: 4515216 op, 91388620.00 ns, 20.2401 ns/op
WorkloadResult   8: 4515216 op, 91307386.00 ns, 20.2222 ns/op
WorkloadResult   9: 4515216 op, 90461996.00 ns, 20.0349 ns/op
WorkloadResult  10: 4515216 op, 92973190.00 ns, 20.5911 ns/op
WorkloadResult  11: 4515216 op, 93699966.00 ns, 20.7520 ns/op
WorkloadResult  12: 4515216 op, 92799472.00 ns, 20.5526 ns/op
WorkloadResult  13: 4515216 op, 90849850.00 ns, 20.1208 ns/op
WorkloadResult  14: 4515216 op, 94380585.00 ns, 20.9028 ns/op
WorkloadResult  15: 4515216 op, 93197605.00 ns, 20.6408 ns/op
// GC:  34 0 0 288973824 4515216
// Threading:  0 0 4515216

// AfterAll
// Benchmark Process 9281 has exited with code 0.

Mean = 20.361 ns, StdErr = 0.072 ns (0.35%), N = 15, StdDev = 0.277 ns
Min = 19.987 ns, Q1 = 20.171 ns, Median = 20.299 ns, Q3 = 20.572 ns, Max = 20.903 ns
IQR = 0.400 ns, LowerFence = 19.571 ns, UpperFence = 21.172 ns
ConfidenceInterval = [20.065 ns; 20.658 ns] (CI 99.9%), Margin = 0.297 ns (1.46% of Mean)
Skewness = 0.38, Kurtosis = 1.86, MValue = 2

// ** Remained 23 (88.5%) benchmark(s) to run. Estimated finish 2026-03-01 9:43 (0h 1m from now) **
// **************************
// Benchmark: Scenario1.S1_CheckOptionStringErrorWithMessage_EnumerationsOptions: .NET 10.0(Runtime=.NET 10.0, IterationTime=100ms) [Iterations=2]
// *** Execute ***
// Launch: 1 / 1
// Execute: dotnet "Enumerations.Options.Benchmarks-.NET 10.0-1.dll" --anonymousPipes 113 114 --benchmarkName "ReillyDigital.Enumerations.Options.Benchmarks.Scenarios.Scenario1.S1_CheckOptionStringErrorWithMessage_EnumerationsOptions(Iterations: 2)" --job ".NET 10.0" --benchmarkId 3 in /media/andrew/Slowverflow/x/devs/reilly-digital/dotnet/enumerations.options/src/Enumerations.Options.Benchmarks/bin/Debug/net10.0/Enumerations.Options.Benchmarks-.NET 10.0-1/bin/Release/net10.0
// Failed to set up high priority (Permission denied). In order to run benchmarks with high priority, make sure you have the right permissions.
// BeforeAnythingElse

// Benchmark Process Environment Information:
// BenchmarkDotNet v0.15.8
// Runtime=.NET 10.0.3 (10.0.3, 10.0.326.7603), X64 RyuJIT x86-64-v3
// GC=Concurrent Workstation
// HardwareIntrinsics=AVX2+BMI1+BMI2+F16C+FMA+LZCNT+MOVBE,AVX,SSE3+SSSE3+SSE4.1+SSE4.2+POPCNT,X86Base+SSE+SSE2,AES+PCLMUL VectorSize=256
// Job: .NET 10.0(IterationTime=100ms)

OverheadJitting  1: 1 op, 162487.00 ns, 162.4870 us/op
WorkloadJitting  1: 1 op, 2976726.00 ns, 2.9767 ms/op

OverheadJitting  2: 16 op, 216931.00 ns, 13.5582 us/op
WorkloadJitting  2: 16 op, 194688.00 ns, 12.1680 us/op

WorkloadPilot    1: 16 op, 6413.00 ns, 400.8125 ns/op
WorkloadPilot    2: 249504 op, 25012037.00 ns, 100.2470 ns/op
WorkloadPilot    3: 997536 op, 92582340.00 ns, 92.8110 ns/op
WorkloadPilot    4: 1077472 op, 73758851.00 ns, 68.4555 ns/op
WorkloadPilot    5: 1460816 op, 2554386.00 ns, 1.7486 ns/op
WorkloadPilot    6: 57188544 op, 99706078.00 ns, 1.7435 ns/op
WorkloadPilot    7: 57357136 op, 114810565.00 ns, 2.0017 ns/op
WorkloadPilot    8: 49958064 op, 95228199.00 ns, 1.9062 ns/op
WorkloadPilot    9: 52461424 op, 91366397.00 ns, 1.7416 ns/op
WorkloadPilot   10: 57418736 op, 99903672.00 ns, 1.7399 ns/op
WorkloadPilot   11: 57474112 op, 100386025.00 ns, 1.7466 ns/op
WorkloadPilot   12: 57253104 op, 101077514.00 ns, 1.7655 ns/op

OverheadWarmup   1: 57253104 op, 145007368.00 ns, 2.5327 ns/op
OverheadWarmup   2: 57253104 op, 108820834.00 ns, 1.9007 ns/op
OverheadWarmup   3: 57253104 op, 87597732.00 ns, 1.5300 ns/op
OverheadWarmup   4: 57253104 op, 85917621.00 ns, 1.5007 ns/op
OverheadWarmup   5: 57253104 op, 86196278.00 ns, 1.5055 ns/op
OverheadWarmup   6: 57253104 op, 87113755.00 ns, 1.5216 ns/op
OverheadWarmup   7: 57253104 op, 87861532.00 ns, 1.5346 ns/op
OverheadWarmup   8: 57253104 op, 86666018.00 ns, 1.5137 ns/op
OverheadWarmup   9: 57253104 op, 86247877.00 ns, 1.5064 ns/op
OverheadWarmup  10: 57253104 op, 86517937.00 ns, 1.5111 ns/op

OverheadActual   1: 57253104 op, 86686587.00 ns, 1.5141 ns/op
OverheadActual   2: 57253104 op, 86363315.00 ns, 1.5084 ns/op
OverheadActual   3: 57253104 op, 86633627.00 ns, 1.5132 ns/op
OverheadActual   4: 57253104 op, 87847725.00 ns, 1.5344 ns/op
OverheadActual   5: 57253104 op, 87537578.00 ns, 1.5290 ns/op
OverheadActual   6: 57253104 op, 86932503.00 ns, 1.5184 ns/op
OverheadActual   7: 57253104 op, 86035925.00 ns, 1.5027 ns/op
OverheadActual   8: 57253104 op, 86209384.00 ns, 1.5058 ns/op
OverheadActual   9: 57253104 op, 86000147.00 ns, 1.5021 ns/op
OverheadActual  10: 57253104 op, 86103343.00 ns, 1.5039 ns/op
OverheadActual  11: 57253104 op, 86277362.00 ns, 1.5069 ns/op
OverheadActual  12: 57253104 op, 86275619.00 ns, 1.5069 ns/op
OverheadActual  13: 57253104 op, 86028131.00 ns, 1.5026 ns/op
OverheadActual  14: 57253104 op, 85952588.00 ns, 1.5013 ns/op
OverheadActual  15: 57253104 op, 86097231.00 ns, 1.5038 ns/op

WorkloadWarmup   1: 57253104 op, 99816256.00 ns, 1.7434 ns/op
WorkloadWarmup   2: 57253104 op, 99739100.00 ns, 1.7421 ns/op
WorkloadWarmup   3: 57253104 op, 99864458.00 ns, 1.7443 ns/op
WorkloadWarmup   4: 57253104 op, 99680248.00 ns, 1.7410 ns/op
WorkloadWarmup   5: 57253104 op, 100692084.00 ns, 1.7587 ns/op
WorkloadWarmup   6: 57253104 op, 99673616.00 ns, 1.7409 ns/op

// BeforeActualRun
WorkloadActual   1: 57253104 op, 99845511.00 ns, 1.7439 ns/op
WorkloadActual   2: 57253104 op, 99712229.00 ns, 1.7416 ns/op
WorkloadActual   3: 57253104 op, 99626627.00 ns, 1.7401 ns/op
WorkloadActual   4: 57253104 op, 99733378.00 ns, 1.7420 ns/op
WorkloadActual   5: 57253104 op, 100156169.00 ns, 1.7494 ns/op
WorkloadActual   6: 57253104 op, 100784469.00 ns, 1.7603 ns/op
WorkloadActual   7: 57253104 op, 100456207.00 ns, 1.7546 ns/op
WorkloadActual   8: 57253104 op, 99717920.00 ns, 1.7417 ns/op
WorkloadActual   9: 57253104 op, 100138186.00 ns, 1.7490 ns/op
WorkloadActual  10: 57253104 op, 100669721.00 ns, 1.7583 ns/op
WorkloadActual  11: 57253104 op, 99717880.00 ns, 1.7417 ns/op
WorkloadActual  12: 57253104 op, 99858696.00 ns, 1.7442 ns/op
WorkloadActual  13: 57253104 op, 101116648.00 ns, 1.7661 ns/op
WorkloadActual  14: 57253104 op, 100200733.00 ns, 1.7501 ns/op
WorkloadActual  15: 57253104 op, 99988542.00 ns, 1.7464 ns/op

// AfterActualRun
WorkloadResult   1: 57253104 op, 13569892.00 ns, 0.2370 ns/op
WorkloadResult   2: 57253104 op, 13436610.00 ns, 0.2347 ns/op
WorkloadResult   3: 57253104 op, 13351008.00 ns, 0.2332 ns/op
WorkloadResult   4: 57253104 op, 13457759.00 ns, 0.2351 ns/op
WorkloadResult   5: 57253104 op, 13880550.00 ns, 0.2424 ns/op
WorkloadResult   6: 57253104 op, 14508850.00 ns, 0.2534 ns/op
WorkloadResult   7: 57253104 op, 14180588.00 ns, 0.2477 ns/op
WorkloadResult   8: 57253104 op, 13442301.00 ns, 0.2348 ns/op
WorkloadResult   9: 57253104 op, 13862567.00 ns, 0.2421 ns/op
WorkloadResult  10: 57253104 op, 14394102.00 ns, 0.2514 ns/op
WorkloadResult  11: 57253104 op, 13442261.00 ns, 0.2348 ns/op
WorkloadResult  12: 57253104 op, 13583077.00 ns, 0.2372 ns/op
WorkloadResult  13: 57253104 op, 14841029.00 ns, 0.2592 ns/op
WorkloadResult  14: 57253104 op, 13925114.00 ns, 0.2432 ns/op
WorkloadResult  15: 57253104 op, 13712923.00 ns, 0.2395 ns/op
// GC:  0 0 0 0 57253104
// Threading:  0 0 57253104

// AfterAll
// Benchmark Process 9301 has exited with code 0.

Mean = 0.242 ns, StdErr = 0.002 ns (0.85%), N = 15, StdDev = 0.008 ns
Min = 0.233 ns, Q1 = 0.235 ns, Median = 0.240 ns, Q3 = 0.245 ns, Max = 0.259 ns
IQR = 0.011 ns, LowerFence = 0.219 ns, UpperFence = 0.261 ns
ConfidenceInterval = [0.233 ns; 0.250 ns] (CI 99.9%), Margin = 0.009 ns (3.52% of Mean)
Skewness = 0.79, Kurtosis = 2.3, MValue = 2

// ** Remained 22 (84.6%) benchmark(s) to run. Estimated finish 2026-03-01 9:43 (0h 1m from now) **
// **************************
// Benchmark: Scenario1.S1_CheckOptionStringSuccess_EnumerationsOptionsBoxed: .NET 10.0(Runtime=.NET 10.0, IterationTime=100ms) [Iterations=2]
// *** Execute ***
// Launch: 1 / 1
// Execute: dotnet "Enumerations.Options.Benchmarks-.NET 10.0-1.dll" --anonymousPipes 113 114 --benchmarkName "ReillyDigital.Enumerations.Options.Benchmarks.Scenarios.Scenario1.S1_CheckOptionStringSuccess_EnumerationsOptionsBoxed(Iterations: 2)" --job ".NET 10.0" --benchmarkId 4 in /media/andrew/Slowverflow/x/devs/reilly-digital/dotnet/enumerations.options/src/Enumerations.Options.Benchmarks/bin/Debug/net10.0/Enumerations.Options.Benchmarks-.NET 10.0-1/bin/Release/net10.0
// Failed to set up high priority (Permission denied). In order to run benchmarks with high priority, make sure you have the right permissions.
// BeforeAnythingElse

// Benchmark Process Environment Information:
// BenchmarkDotNet v0.15.8
// Runtime=.NET 10.0.3 (10.0.3, 10.0.326.7603), X64 RyuJIT x86-64-v3
// GC=Concurrent Workstation
// HardwareIntrinsics=AVX2+BMI1+BMI2+F16C+FMA+LZCNT+MOVBE,AVX,SSE3+SSSE3+SSE4.1+SSE4.2+POPCNT,X86Base+SSE+SSE2,AES+PCLMUL VectorSize=256
// Job: .NET 10.0(IterationTime=100ms)

OverheadJitting  1: 1 op, 167477.00 ns, 167.4770 us/op
WorkloadJitting  1: 1 op, 2970144.00 ns, 2.9701 ms/op

OverheadJitting  2: 16 op, 255554.00 ns, 15.9721 us/op
WorkloadJitting  2: 16 op, 221799.00 ns, 13.8624 us/op

WorkloadPilot    1: 16 op, 2144.00 ns, 134.0000 ns/op
WorkloadPilot    2: 746272 op, 37435478.00 ns, 50.1633 ns/op
WorkloadPilot    3: 1993504 op, 88837429.00 ns, 44.5635 ns/op
WorkloadPilot    4: 2244000 op, 63082026.00 ns, 28.1114 ns/op
WorkloadPilot    5: 3557280 op, 36399396.00 ns, 10.2324 ns/op
WorkloadPilot    6: 9772912 op, 98504923.00 ns, 10.0794 ns/op
WorkloadPilot    7: 9921248 op, 100082820.00 ns, 10.0877 ns/op
WorkloadPilot    8: 9913040 op, 98802666.00 ns, 9.9669 ns/op
WorkloadPilot    9: 10033184 op, 100013719.00 ns, 9.9683 ns/op
WorkloadPilot   10: 10031808 op, 101612556.00 ns, 10.1290 ns/op

OverheadWarmup   1: 10031808 op, 27612730.00 ns, 2.7525 ns/op
OverheadWarmup   2: 10031808 op, 27496400.00 ns, 2.7409 ns/op
OverheadWarmup   3: 10031808 op, 27785297.00 ns, 2.7697 ns/op
OverheadWarmup   4: 10031808 op, 27652916.00 ns, 2.7565 ns/op
OverheadWarmup   5: 10031808 op, 27559409.00 ns, 2.7472 ns/op
OverheadWarmup   6: 10031808 op, 27453378.00 ns, 2.7366 ns/op
OverheadWarmup   7: 10031808 op, 27601910.00 ns, 2.7514 ns/op
OverheadWarmup   8: 10031808 op, 27413303.00 ns, 2.7326 ns/op

OverheadActual   1: 10031808 op, 27514665.00 ns, 2.7427 ns/op
OverheadActual   2: 10031808 op, 27514023.00 ns, 2.7427 ns/op
OverheadActual   3: 10031808 op, 27502832.00 ns, 2.7416 ns/op
OverheadActual   4: 10031808 op, 27544722.00 ns, 2.7457 ns/op
OverheadActual   5: 10031808 op, 27482123.00 ns, 2.7395 ns/op
OverheadActual   6: 10031808 op, 27493865.00 ns, 2.7407 ns/op
OverheadActual   7: 10031808 op, 28062903.00 ns, 2.7974 ns/op
OverheadActual   8: 10031808 op, 27499677.00 ns, 2.7412 ns/op
OverheadActual   9: 10031808 op, 27554741.00 ns, 2.7467 ns/op
OverheadActual  10: 10031808 op, 22279543.00 ns, 2.2209 ns/op
OverheadActual  11: 10031808 op, 17235322.00 ns, 1.7181 ns/op
OverheadActual  12: 10031808 op, 18108556.00 ns, 1.8051 ns/op
OverheadActual  13: 10031808 op, 18794905.00 ns, 1.8735 ns/op
OverheadActual  14: 10031808 op, 18222761.00 ns, 1.8165 ns/op
OverheadActual  15: 10031808 op, 17013753.00 ns, 1.6960 ns/op
OverheadActual  16: 10031808 op, 19011004.00 ns, 1.8951 ns/op
OverheadActual  17: 10031808 op, 18110058.00 ns, 1.8053 ns/op
OverheadActual  18: 10031808 op, 16976753.00 ns, 1.6923 ns/op
OverheadActual  19: 10031808 op, 19304219.00 ns, 1.9243 ns/op
OverheadActual  20: 10031808 op, 18396190.00 ns, 1.8338 ns/op

WorkloadWarmup   1: 10031808 op, 105264201.00 ns, 10.4930 ns/op
WorkloadWarmup   2: 10031808 op, 120840482.00 ns, 12.0457 ns/op
WorkloadWarmup   3: 10031808 op, 130810017.00 ns, 13.0395 ns/op
WorkloadWarmup   4: 10031808 op, 100426882.00 ns, 10.0108 ns/op
WorkloadWarmup   5: 10031808 op, 100731759.00 ns, 10.0412 ns/op
WorkloadWarmup   6: 10031808 op, 99729562.00 ns, 9.9413 ns/op

// BeforeActualRun
WorkloadActual   1: 10031808 op, 101211357.00 ns, 10.0890 ns/op
WorkloadActual   2: 10031808 op, 103708535.00 ns, 10.3380 ns/op
WorkloadActual   3: 10031808 op, 104131075.00 ns, 10.3801 ns/op
WorkloadActual   4: 10031808 op, 103842739.00 ns, 10.3513 ns/op
WorkloadActual   5: 10031808 op, 103699428.00 ns, 10.3371 ns/op
WorkloadActual   6: 10031808 op, 104833185.00 ns, 10.4501 ns/op
WorkloadActual   7: 10031808 op, 104674664.00 ns, 10.4343 ns/op
WorkloadActual   8: 10031808 op, 103738071.00 ns, 10.3409 ns/op
WorkloadActual   9: 10031808 op, 103554253.00 ns, 10.3226 ns/op
WorkloadActual  10: 10031808 op, 103605210.00 ns, 10.3277 ns/op
WorkloadActual  11: 10031808 op, 104144561.00 ns, 10.3814 ns/op
WorkloadActual  12: 10031808 op, 103729044.00 ns, 10.3400 ns/op
WorkloadActual  13: 10031808 op, 104236605.00 ns, 10.3906 ns/op
WorkloadActual  14: 10031808 op, 103461407.00 ns, 10.3133 ns/op
WorkloadActual  15: 10031808 op, 104008443.00 ns, 10.3679 ns/op

// AfterActualRun
WorkloadResult   1: 10031808 op, 80419476.00 ns, 8.0164 ns/op
WorkloadResult   2: 10031808 op, 82916654.00 ns, 8.2654 ns/op
WorkloadResult   3: 10031808 op, 83339194.00 ns, 8.3075 ns/op
WorkloadResult   4: 10031808 op, 83050858.00 ns, 8.2788 ns/op
WorkloadResult   5: 10031808 op, 82907547.00 ns, 8.2645 ns/op
WorkloadResult   6: 10031808 op, 84041304.00 ns, 8.3775 ns/op
WorkloadResult   7: 10031808 op, 83882783.00 ns, 8.3617 ns/op
WorkloadResult   8: 10031808 op, 82946190.00 ns, 8.2683 ns/op
WorkloadResult   9: 10031808 op, 82762372.00 ns, 8.2500 ns/op
WorkloadResult  10: 10031808 op, 82813329.00 ns, 8.2551 ns/op
WorkloadResult  11: 10031808 op, 83352680.00 ns, 8.3088 ns/op
WorkloadResult  12: 10031808 op, 82937163.00 ns, 8.2674 ns/op
WorkloadResult  13: 10031808 op, 83444724.00 ns, 8.3180 ns/op
WorkloadResult  14: 10031808 op, 82669526.00 ns, 8.2407 ns/op
WorkloadResult  15: 10031808 op, 83216562.00 ns, 8.2953 ns/op
// GC:  76 0 0 642035712 10031808
// Threading:  0 0 10031808

// AfterAll
// Benchmark Process 9347 has exited with code 0.

Mean = 8.272 ns, StdErr = 0.021 ns (0.25%), N = 15, StdDev = 0.081 ns
Min = 8.016 ns, Q1 = 8.260 ns, Median = 8.268 ns, Q3 = 8.308 ns, Max = 8.377 ns
IQR = 0.048 ns, LowerFence = 8.187 ns, UpperFence = 8.381 ns
ConfidenceInterval = [8.185 ns; 8.358 ns] (CI 99.9%), Margin = 0.087 ns (1.05% of Mean)
Skewness = -1.83, Kurtosis = 6.91, MValue = 2

// ** Remained 21 (80.8%) benchmark(s) to run. Estimated finish 2026-03-01 9:43 (0h 1m from now) **
// **************************
// Benchmark: Scenario1.S1_CheckOptionStringSuccess_EnumerationsOptions: .NET 10.0(Runtime=.NET 10.0, IterationTime=100ms) [Iterations=2]
// *** Execute ***
// Launch: 1 / 1
// Execute: dotnet "Enumerations.Options.Benchmarks-.NET 10.0-1.dll" --anonymousPipes 113 114 --benchmarkName "ReillyDigital.Enumerations.Options.Benchmarks.Scenarios.Scenario1.S1_CheckOptionStringSuccess_EnumerationsOptions(Iterations: 2)" --job ".NET 10.0" --benchmarkId 5 in /media/andrew/Slowverflow/x/devs/reilly-digital/dotnet/enumerations.options/src/Enumerations.Options.Benchmarks/bin/Debug/net10.0/Enumerations.Options.Benchmarks-.NET 10.0-1/bin/Release/net10.0
// Failed to set up high priority (Permission denied). In order to run benchmarks with high priority, make sure you have the right permissions.
// BeforeAnythingElse

// Benchmark Process Environment Information:
// BenchmarkDotNet v0.15.8
// Runtime=.NET 10.0.3 (10.0.3, 10.0.326.7603), X64 RyuJIT x86-64-v3
// GC=Concurrent Workstation
// HardwareIntrinsics=AVX2+BMI1+BMI2+F16C+FMA+LZCNT+MOVBE,AVX,SSE3+SSSE3+SSE4.1+SSE4.2+POPCNT,X86Base+SSE+SSE2,AES+PCLMUL VectorSize=256
// Job: .NET 10.0(IterationTime=100ms)

OverheadJitting  1: 1 op, 151907.00 ns, 151.9070 us/op
WorkloadJitting  1: 1 op, 3241116.00 ns, 3.2411 ms/op

OverheadJitting  2: 16 op, 205930.00 ns, 12.8706 us/op
WorkloadJitting  2: 16 op, 200479.00 ns, 12.5299 us/op

WorkloadPilot    1: 16 op, 3026.00 ns, 189.1250 ns/op
WorkloadPilot    2: 528752 op, 50138619.00 ns, 94.8245 ns/op
WorkloadPilot    3: 1054592 op, 99105601.00 ns, 93.9753 ns/op
WorkloadPilot    4: 1064112 op, 37265556.00 ns, 35.0203 ns/op
WorkloadPilot    5: 2855488 op, 5049570.00 ns, 1.7684 ns/op
WorkloadPilot    6: 56549136 op, 99365051.00 ns, 1.7571 ns/op
WorkloadPilot    7: 56910496 op, 99693464.00 ns, 1.7518 ns/op
WorkloadPilot    8: 57085488 op, 100449846.00 ns, 1.7596 ns/op
WorkloadPilot    9: 56829856 op, 100352862.00 ns, 1.7658 ns/op
WorkloadPilot   10: 56630032 op, 99687352.00 ns, 1.7603 ns/op
WorkloadPilot   11: 56807648 op, 99159302.00 ns, 1.7455 ns/op
WorkloadPilot   12: 57289280 op, 100496744.00 ns, 1.7542 ns/op

OverheadWarmup   1: 57289280 op, 159736556.00 ns, 2.7882 ns/op
OverheadWarmup   2: 57289280 op, 103217496.00 ns, 1.8017 ns/op
OverheadWarmup   3: 57289280 op, 86013122.00 ns, 1.5014 ns/op
OverheadWarmup   4: 57289280 op, 86049992.00 ns, 1.5020 ns/op
OverheadWarmup   5: 57289280 op, 85975120.00 ns, 1.5007 ns/op
OverheadWarmup   6: 57289280 op, 86035063.00 ns, 1.5018 ns/op
OverheadWarmup   7: 57289280 op, 92162003.00 ns, 1.6087 ns/op
OverheadWarmup   8: 57289280 op, 86804410.00 ns, 1.5152 ns/op

OverheadActual   1: 57289280 op, 86536373.00 ns, 1.5105 ns/op
OverheadActual   2: 57289280 op, 87305529.00 ns, 1.5239 ns/op
OverheadActual   3: 57289280 op, 86603990.00 ns, 1.5117 ns/op
OverheadActual   4: 57289280 op, 86479465.00 ns, 1.5095 ns/op
OverheadActual   5: 57289280 op, 86650739.00 ns, 1.5125 ns/op
OverheadActual   6: 57289280 op, 87384468.00 ns, 1.5253 ns/op
OverheadActual   7: 57289280 op, 86101440.00 ns, 1.5029 ns/op
OverheadActual   8: 57289280 op, 89712566.00 ns, 1.5660 ns/op
OverheadActual   9: 57289280 op, 86002892.00 ns, 1.5012 ns/op
OverheadActual  10: 57289280 op, 85963527.00 ns, 1.5005 ns/op
OverheadActual  11: 57289280 op, 85962236.00 ns, 1.5005 ns/op
OverheadActual  12: 57289280 op, 85965532.00 ns, 1.5006 ns/op
OverheadActual  13: 57289280 op, 86717315.00 ns, 1.5137 ns/op
OverheadActual  14: 57289280 op, 86988839.00 ns, 1.5184 ns/op
OverheadActual  15: 57289280 op, 86917093.00 ns, 1.5172 ns/op

WorkloadWarmup   1: 57289280 op, 100864701.00 ns, 1.7606 ns/op
WorkloadWarmup   2: 57289280 op, 100311934.00 ns, 1.7510 ns/op
WorkloadWarmup   3: 57289280 op, 100163062.00 ns, 1.7484 ns/op
WorkloadWarmup   4: 57289280 op, 99930132.00 ns, 1.7443 ns/op
WorkloadWarmup   5: 57289280 op, 99969186.00 ns, 1.7450 ns/op
WorkloadWarmup   6: 57289280 op, 101020366.00 ns, 1.7633 ns/op
WorkloadWarmup   7: 57289280 op, 99855400.00 ns, 1.7430 ns/op
WorkloadWarmup   8: 57289280 op, 99869297.00 ns, 1.7432 ns/op
WorkloadWarmup   9: 57289280 op, 99939990.00 ns, 1.7445 ns/op
WorkloadWarmup  10: 57289280 op, 99833979.00 ns, 1.7426 ns/op

// BeforeActualRun
WorkloadActual   1: 57289280 op, 100237443.00 ns, 1.7497 ns/op
WorkloadActual   2: 57289280 op, 99894644.00 ns, 1.7437 ns/op
WorkloadActual   3: 57289280 op, 121914235.00 ns, 2.1280 ns/op
WorkloadActual   4: 57289280 op, 104361682.00 ns, 1.8217 ns/op
WorkloadActual   5: 57289280 op, 100453393.00 ns, 1.7534 ns/op
WorkloadActual   6: 57289280 op, 99946652.00 ns, 1.7446 ns/op
WorkloadActual   7: 57289280 op, 100156701.00 ns, 1.7483 ns/op
WorkloadActual   8: 57289280 op, 99835782.00 ns, 1.7427 ns/op
WorkloadActual   9: 57289280 op, 101236074.00 ns, 1.7671 ns/op
WorkloadActual  10: 57289280 op, 100513426.00 ns, 1.7545 ns/op
WorkloadActual  11: 57289280 op, 100266669.00 ns, 1.7502 ns/op
WorkloadActual  12: 57289280 op, 100240640.00 ns, 1.7497 ns/op
WorkloadActual  13: 57289280 op, 99748568.00 ns, 1.7411 ns/op
WorkloadActual  14: 57289280 op, 100276337.00 ns, 1.7504 ns/op
WorkloadActual  15: 57289280 op, 100991291.00 ns, 1.7628 ns/op

// AfterActualRun
WorkloadResult   1: 57289280 op, 13633453.00 ns, 0.2380 ns/op
WorkloadResult   2: 57289280 op, 13290654.00 ns, 0.2320 ns/op
WorkloadResult   3: 57289280 op, 13849403.00 ns, 0.2417 ns/op
WorkloadResult   4: 57289280 op, 13342662.00 ns, 0.2329 ns/op
WorkloadResult   5: 57289280 op, 13552711.00 ns, 0.2366 ns/op
WorkloadResult   6: 57289280 op, 13231792.00 ns, 0.2310 ns/op
WorkloadResult   7: 57289280 op, 14632084.00 ns, 0.2554 ns/op
WorkloadResult   8: 57289280 op, 13909436.00 ns, 0.2428 ns/op
WorkloadResult   9: 57289280 op, 13662679.00 ns, 0.2385 ns/op
WorkloadResult  10: 57289280 op, 13636650.00 ns, 0.2380 ns/op
WorkloadResult  11: 57289280 op, 13144578.00 ns, 0.2294 ns/op
WorkloadResult  12: 57289280 op, 13672347.00 ns, 0.2387 ns/op
WorkloadResult  13: 57289280 op, 14387301.00 ns, 0.2511 ns/op
// GC:  0 0 0 0 57289280
// Threading:  0 0 57289280

// AfterAll
// Benchmark Process 9367 has exited with code 0.

Mean = 0.239 ns, StdErr = 0.002 ns (0.88%), N = 13, StdDev = 0.008 ns
Min = 0.229 ns, Q1 = 0.233 ns, Median = 0.238 ns, Q3 = 0.242 ns, Max = 0.255 ns
IQR = 0.009 ns, LowerFence = 0.220 ns, UpperFence = 0.255 ns
ConfidenceInterval = [0.230 ns; 0.248 ns] (CI 99.9%), Margin = 0.009 ns (3.80% of Mean)
Skewness = 0.79, Kurtosis = 2.61, MValue = 2

// ** Remained 20 (76.9%) benchmark(s) to run. Estimated finish 2026-03-01 9:43 (0h 1m from now) **
// **************************
// Benchmark: Scenario1.S1_CheckVoidErrorNoMessage_EnumerationsOptionsBoxed: .NET 10.0(Runtime=.NET 10.0, IterationTime=100ms) [Iterations=2]
// *** Execute ***
// Launch: 1 / 1
// Execute: dotnet "Enumerations.Options.Benchmarks-.NET 10.0-1.dll" --anonymousPipes 113 114 --benchmarkName "ReillyDigital.Enumerations.Options.Benchmarks.Scenarios.Scenario1.S1_CheckVoidErrorNoMessage_EnumerationsOptionsBoxed(Iterations: 2)" --job ".NET 10.0" --benchmarkId 6 in /media/andrew/Slowverflow/x/devs/reilly-digital/dotnet/enumerations.options/src/Enumerations.Options.Benchmarks/bin/Debug/net10.0/Enumerations.Options.Benchmarks-.NET 10.0-1/bin/Release/net10.0
// Failed to set up high priority (Permission denied). In order to run benchmarks with high priority, make sure you have the right permissions.
// BeforeAnythingElse

// Benchmark Process Environment Information:
// BenchmarkDotNet v0.15.8
// Runtime=.NET 10.0.3 (10.0.3, 10.0.326.7603), X64 RyuJIT x86-64-v3
// GC=Concurrent Workstation
// HardwareIntrinsics=AVX2+BMI1+BMI2+F16C+FMA+LZCNT+MOVBE,AVX,SSE3+SSSE3+SSE4.1+SSE4.2+POPCNT,X86Base+SSE+SSE2,AES+PCLMUL VectorSize=256
// Job: .NET 10.0(IterationTime=100ms)

OverheadJitting  1: 1 op, 152839.00 ns, 152.8390 us/op
WorkloadJitting  1: 1 op, 2973289.00 ns, 2.9733 ms/op

OverheadJitting  2: 16 op, 203245.00 ns, 12.7028 us/op
WorkloadJitting  2: 16 op, 194218.00 ns, 12.1386 us/op

WorkloadPilot    1: 16 op, 901.00 ns, 56.3125 ns/op
WorkloadPilot    2: 1775808 op, 50122779.00 ns, 28.2253 ns/op
WorkloadPilot    3: 3542928 op, 103603526.00 ns, 29.2423 ns/op
WorkloadPilot    4: 3419712 op, 35731212.00 ns, 10.4486 ns/op
WorkloadPilot    5: 9570672 op, 17504441.00 ns, 1.8290 ns/op
WorkloadPilot    6: 54675680 op, 96644611.00 ns, 1.7676 ns/op
WorkloadPilot    7: 56573968 op, 99004248.00 ns, 1.7500 ns/op
WorkloadPilot    8: 57142976 op, 100938470.00 ns, 1.7664 ns/op
WorkloadPilot    9: 56611696 op, 99185803.00 ns, 1.7520 ns/op
WorkloadPilot   10: 57076416 op, 100499499.00 ns, 1.7608 ns/op

OverheadWarmup   1: 57076416 op, 140781527.00 ns, 2.4665 ns/op
OverheadWarmup   2: 57076416 op, 108882812.00 ns, 1.9077 ns/op
OverheadWarmup   3: 57076416 op, 85623134.00 ns, 1.5001 ns/op
OverheadWarmup   4: 57076416 op, 85703205.00 ns, 1.5016 ns/op
OverheadWarmup   5: 57076416 op, 85601212.00 ns, 1.4998 ns/op
OverheadWarmup   6: 57076416 op, 85610680.00 ns, 1.4999 ns/op
OverheadWarmup   7: 57076416 op, 85589981.00 ns, 1.4996 ns/op

OverheadActual   1: 57076416 op, 85633103.00 ns, 1.5003 ns/op
OverheadActual   2: 57076416 op, 85585321.00 ns, 1.4995 ns/op
OverheadActual   3: 57076416 op, 85632652.00 ns, 1.5003 ns/op
OverheadActual   4: 57076416 op, 86364487.00 ns, 1.5131 ns/op
OverheadActual   5: 57076416 op, 85668078.00 ns, 1.5009 ns/op
OverheadActual   6: 57076416 op, 86122790.00 ns, 1.5089 ns/op
OverheadActual   7: 57076416 op, 85629185.00 ns, 1.5003 ns/op
OverheadActual   8: 57076416 op, 85777576.00 ns, 1.5029 ns/op
OverheadActual   9: 57076416 op, 85703105.00 ns, 1.5016 ns/op
OverheadActual  10: 57076416 op, 85604378.00 ns, 1.4998 ns/op
OverheadActual  11: 57076416 op, 85593126.00 ns, 1.4996 ns/op
OverheadActual  12: 57076416 op, 85562669.00 ns, 1.4991 ns/op
OverheadActual  13: 57076416 op, 85611923.00 ns, 1.5000 ns/op
OverheadActual  14: 57076416 op, 85562378.00 ns, 1.4991 ns/op
OverheadActual  15: 57076416 op, 85834443.00 ns, 1.5039 ns/op

WorkloadWarmup   1: 57076416 op, 100081969.00 ns, 1.7535 ns/op
WorkloadWarmup   2: 57076416 op, 100454173.00 ns, 1.7600 ns/op
WorkloadWarmup   3: 57076416 op, 101869493.00 ns, 1.7848 ns/op
WorkloadWarmup   4: 57076416 op, 101847672.00 ns, 1.7844 ns/op
WorkloadWarmup   5: 57076416 op, 99896127.00 ns, 1.7502 ns/op
WorkloadWarmup   6: 57076416 op, 100820688.00 ns, 1.7664 ns/op
WorkloadWarmup   7: 57076416 op, 99717850.00 ns, 1.7471 ns/op

// BeforeActualRun
WorkloadActual   1: 57076416 op, 101496206.00 ns, 1.7783 ns/op
WorkloadActual   2: 57076416 op, 99625504.00 ns, 1.7455 ns/op
WorkloadActual   3: 57076416 op, 99876470.00 ns, 1.7499 ns/op
WorkloadActual   4: 57076416 op, 99960258.00 ns, 1.7513 ns/op
WorkloadActual   5: 57076416 op, 100296996.00 ns, 1.7572 ns/op
WorkloadActual   6: 57076416 op, 99822037.00 ns, 1.7489 ns/op
WorkloadActual   7: 57076416 op, 99825303.00 ns, 1.7490 ns/op
WorkloadActual   8: 57076416 op, 101651591.00 ns, 1.7810 ns/op
WorkloadActual   9: 57076416 op, 102390059.00 ns, 1.7939 ns/op
WorkloadActual  10: 57076416 op, 117166105.00 ns, 2.0528 ns/op
WorkloadActual  11: 57076416 op, 101175199.00 ns, 1.7726 ns/op
WorkloadActual  12: 57076416 op, 100946206.00 ns, 1.7686 ns/op
WorkloadActual  13: 57076416 op, 103130150.00 ns, 1.8069 ns/op
WorkloadActual  14: 57076416 op, 101061454.00 ns, 1.7706 ns/op
WorkloadActual  15: 57076416 op, 101911382.00 ns, 1.7855 ns/op

// AfterActualRun
WorkloadResult   1: 57076416 op, 15863554.00 ns, 0.2779 ns/op
WorkloadResult   2: 57076416 op, 13992852.00 ns, 0.2452 ns/op
WorkloadResult   3: 57076416 op, 14243818.00 ns, 0.2496 ns/op
WorkloadResult   4: 57076416 op, 14327606.00 ns, 0.2510 ns/op
WorkloadResult   5: 57076416 op, 14664344.00 ns, 0.2569 ns/op
WorkloadResult   6: 57076416 op, 14189385.00 ns, 0.2486 ns/op
WorkloadResult   7: 57076416 op, 14192651.00 ns, 0.2487 ns/op
WorkloadResult   8: 57076416 op, 16018939.00 ns, 0.2807 ns/op
WorkloadResult   9: 57076416 op, 16757407.00 ns, 0.2936 ns/op
WorkloadResult  10: 57076416 op, 15542547.00 ns, 0.2723 ns/op
WorkloadResult  11: 57076416 op, 15313554.00 ns, 0.2683 ns/op
WorkloadResult  12: 57076416 op, 17497498.00 ns, 0.3066 ns/op
WorkloadResult  13: 57076416 op, 15428802.00 ns, 0.2703 ns/op
WorkloadResult  14: 57076416 op, 16278730.00 ns, 0.2852 ns/op
// GC:  0 0 0 0 57076416
// Threading:  0 0 57076416

// AfterAll
// Benchmark Process 9412 has exited with code 0.

Mean = 0.268 ns, StdErr = 0.005 ns (1.90%), N = 14, StdDev = 0.019 ns
Min = 0.245 ns, Q1 = 0.250 ns, Median = 0.269 ns, Q3 = 0.280 ns, Max = 0.307 ns
IQR = 0.030 ns, LowerFence = 0.205 ns, UpperFence = 0.325 ns
ConfidenceInterval = [0.247 ns; 0.290 ns] (CI 99.9%), Margin = 0.022 ns (8.03% of Mean)
Skewness = 0.41, Kurtosis = 1.88, MValue = 2

// ** Remained 19 (73.1%) benchmark(s) to run. Estimated finish 2026-03-01 9:43 (0h 1m from now) **
// **************************
// Benchmark: Scenario1.S1_CheckVoidErrorNoMessage_EnumerationsOptions: .NET 10.0(Runtime=.NET 10.0, IterationTime=100ms) [Iterations=2]
// *** Execute ***
// Launch: 1 / 1
// Execute: dotnet "Enumerations.Options.Benchmarks-.NET 10.0-1.dll" --anonymousPipes 113 114 --benchmarkName "ReillyDigital.Enumerations.Options.Benchmarks.Scenarios.Scenario1.S1_CheckVoidErrorNoMessage_EnumerationsOptions(Iterations: 2)" --job ".NET 10.0" --benchmarkId 7 in /media/andrew/Slowverflow/x/devs/reilly-digital/dotnet/enumerations.options/src/Enumerations.Options.Benchmarks/bin/Debug/net10.0/Enumerations.Options.Benchmarks-.NET 10.0-1/bin/Release/net10.0
// Failed to set up high priority (Permission denied). In order to run benchmarks with high priority, make sure you have the right permissions.
// BeforeAnythingElse

// Benchmark Process Environment Information:
// BenchmarkDotNet v0.15.8
// Runtime=.NET 10.0.3 (10.0.3, 10.0.326.7603), X64 RyuJIT x86-64-v3
// GC=Concurrent Workstation
// HardwareIntrinsics=AVX2+BMI1+BMI2+F16C+FMA+LZCNT+MOVBE,AVX,SSE3+SSSE3+SSE4.1+SSE4.2+POPCNT,X86Base+SSE+SSE2,AES+PCLMUL VectorSize=256
// Job: .NET 10.0(IterationTime=100ms)

OverheadJitting  1: 1 op, 166335.00 ns, 166.3350 us/op
WorkloadJitting  1: 1 op, 3190371.00 ns, 3.1904 ms/op

OverheadJitting  2: 16 op, 194248.00 ns, 12.1405 us/op
WorkloadJitting  2: 16 op, 201952.00 ns, 12.6220 us/op

WorkloadPilot    1: 16 op, 2054.00 ns, 128.3750 ns/op
WorkloadPilot    2: 778976 op, 68983449.00 ns, 88.5566 ns/op
WorkloadPilot    3: 1129232 op, 96058551.00 ns, 85.0654 ns/op
WorkloadPilot    4: 1175568 op, 2066352.00 ns, 1.7577 ns/op
WorkloadPilot    5: 56890992 op, 99898872.00 ns, 1.7560 ns/op
WorkloadPilot    6: 56948592 op, 99370141.00 ns, 1.7449 ns/op
WorkloadPilot    7: 57309568 op, 100661787.00 ns, 1.7565 ns/op
WorkloadPilot    8: 56932800 op, 99848147.00 ns, 1.7538 ns/op
WorkloadPilot    9: 57019392 op, 99911296.00 ns, 1.7522 ns/op
WorkloadPilot   10: 57070016 op, 99612750.00 ns, 1.7454 ns/op
WorkloadPilot   11: 57291888 op, 100197698.00 ns, 1.7489 ns/op
WorkloadPilot   12: 57178848 op, 99938667.00 ns, 1.7478 ns/op
WorkloadPilot   13: 57213952 op, 100267029.00 ns, 1.7525 ns/op

OverheadWarmup   1: 57213952 op, 154532072.00 ns, 2.7010 ns/op
OverheadWarmup   2: 57213952 op, 106652890.00 ns, 1.8641 ns/op
OverheadWarmup   3: 57213952 op, 85818894.00 ns, 1.5000 ns/op
OverheadWarmup   4: 57213952 op, 85807572.00 ns, 1.4998 ns/op
OverheadWarmup   5: 57213952 op, 85798636.00 ns, 1.4996 ns/op
OverheadWarmup   6: 57213952 op, 85953639.00 ns, 1.5023 ns/op
OverheadWarmup   7: 57213952 op, 85964149.00 ns, 1.5025 ns/op
OverheadWarmup   8: 57213952 op, 85977505.00 ns, 1.5027 ns/op
OverheadWarmup   9: 57213952 op, 85883917.00 ns, 1.5011 ns/op
OverheadWarmup  10: 57213952 op, 85851245.00 ns, 1.5005 ns/op

OverheadActual   1: 57213952 op, 85839523.00 ns, 1.5003 ns/op
OverheadActual   2: 57213952 op, 88031503.00 ns, 1.5386 ns/op
OverheadActual   3: 57213952 op, 85842599.00 ns, 1.5004 ns/op
OverheadActual   4: 57213952 op, 86733737.00 ns, 1.5160 ns/op
OverheadActual   5: 57213952 op, 86923375.00 ns, 1.5193 ns/op
OverheadActual   6: 57213952 op, 85827130.00 ns, 1.5001 ns/op
OverheadActual   7: 57213952 op, 85849873.00 ns, 1.5005 ns/op
OverheadActual   8: 57213952 op, 86046435.00 ns, 1.5039 ns/op
OverheadActual   9: 57213952 op, 86014074.00 ns, 1.5034 ns/op
OverheadActual  10: 57213952 op, 87975808.00 ns, 1.5377 ns/op
OverheadActual  11: 57213952 op, 85846807.00 ns, 1.5005 ns/op
OverheadActual  12: 57213952 op, 85786793.00 ns, 1.4994 ns/op
OverheadActual  13: 57213952 op, 85730938.00 ns, 1.4984 ns/op
OverheadActual  14: 57213952 op, 86523338.00 ns, 1.5123 ns/op
OverheadActual  15: 57213952 op, 85778908.00 ns, 1.4993 ns/op

WorkloadWarmup   1: 57213952 op, 99937445.00 ns, 1.7467 ns/op
WorkloadWarmup   2: 57213952 op, 99904182.00 ns, 1.7462 ns/op
WorkloadWarmup   3: 57213952 op, 100181598.00 ns, 1.7510 ns/op
WorkloadWarmup   4: 57213952 op, 99751534.00 ns, 1.7435 ns/op
WorkloadWarmup   5: 57213952 op, 99966901.00 ns, 1.7472 ns/op
WorkloadWarmup   6: 57213952 op, 99960810.00 ns, 1.7471 ns/op

// BeforeActualRun
WorkloadActual   1: 57213952 op, 101005808.00 ns, 1.7654 ns/op
WorkloadActual   2: 57213952 op, 100681965.00 ns, 1.7597 ns/op
WorkloadActual   3: 57213952 op, 100548843.00 ns, 1.7574 ns/op
WorkloadActual   4: 57213952 op, 100008841.00 ns, 1.7480 ns/op
WorkloadActual   5: 57213952 op, 100779329.00 ns, 1.7614 ns/op
WorkloadActual   6: 57213952 op, 100089403.00 ns, 1.7494 ns/op
WorkloadActual   7: 57213952 op, 100329337.00 ns, 1.7536 ns/op
WorkloadActual   8: 57213952 op, 99821757.00 ns, 1.7447 ns/op
WorkloadActual   9: 57213952 op, 99947895.00 ns, 1.7469 ns/op
WorkloadActual  10: 57213952 op, 99707360.00 ns, 1.7427 ns/op
WorkloadActual  11: 57213952 op, 99719803.00 ns, 1.7429 ns/op
WorkloadActual  12: 57213952 op, 99652867.00 ns, 1.7418 ns/op
WorkloadActual  13: 57213952 op, 106839523.00 ns, 1.8674 ns/op
WorkloadActual  14: 57213952 op, 113102150.00 ns, 1.9768 ns/op
WorkloadActual  15: 57213952 op, 101754586.00 ns, 1.7785 ns/op

// AfterActualRun
WorkloadResult   1: 57213952 op, 15155935.00 ns, 0.2649 ns/op
WorkloadResult   2: 57213952 op, 14832092.00 ns, 0.2592 ns/op
WorkloadResult   3: 57213952 op, 14698970.00 ns, 0.2569 ns/op
WorkloadResult   4: 57213952 op, 14158968.00 ns, 0.2475 ns/op
WorkloadResult   5: 57213952 op, 14929456.00 ns, 0.2609 ns/op
WorkloadResult   6: 57213952 op, 14239530.00 ns, 0.2489 ns/op
WorkloadResult   7: 57213952 op, 14479464.00 ns, 0.2531 ns/op
WorkloadResult   8: 57213952 op, 13971884.00 ns, 0.2442 ns/op
WorkloadResult   9: 57213952 op, 14098022.00 ns, 0.2464 ns/op
WorkloadResult  10: 57213952 op, 13857487.00 ns, 0.2422 ns/op
WorkloadResult  11: 57213952 op, 13869930.00 ns, 0.2424 ns/op
WorkloadResult  12: 57213952 op, 13802994.00 ns, 0.2413 ns/op
WorkloadResult  13: 57213952 op, 15904713.00 ns, 0.2780 ns/op
// GC:  0 0 0 0 57213952
// Threading:  0 0 57213952

// AfterAll
// Benchmark Process 9444 has exited with code 0.

Mean = 0.253 ns, StdErr = 0.003 ns (1.19%), N = 13, StdDev = 0.011 ns
Min = 0.241 ns, Q1 = 0.244 ns, Median = 0.249 ns, Q3 = 0.259 ns, Max = 0.278 ns
IQR = 0.015 ns, LowerFence = 0.222 ns, UpperFence = 0.282 ns
ConfidenceInterval = [0.240 ns; 0.266 ns] (CI 99.9%), Margin = 0.013 ns (5.15% of Mean)
Skewness = 0.83, Kurtosis = 2.66, MValue = 2

// ** Remained 18 (69.2%) benchmark(s) to run. Estimated finish 2026-03-01 9:44 (0h 1m from now) **
// **************************
// Benchmark: Scenario1.S1_CheckVoidErrorWithMessage_EnumerationsOptionsBoxed: .NET 10.0(Runtime=.NET 10.0, IterationTime=100ms) [Iterations=2]
// *** Execute ***
// Launch: 1 / 1
// Execute: dotnet "Enumerations.Options.Benchmarks-.NET 10.0-1.dll" --anonymousPipes 113 114 --benchmarkName "ReillyDigital.Enumerations.Options.Benchmarks.Scenarios.Scenario1.S1_CheckVoidErrorWithMessage_EnumerationsOptionsBoxed(Iterations: 2)" --job ".NET 10.0" --benchmarkId 8 in /media/andrew/Slowverflow/x/devs/reilly-digital/dotnet/enumerations.options/src/Enumerations.Options.Benchmarks/bin/Debug/net10.0/Enumerations.Options.Benchmarks-.NET 10.0-1/bin/Release/net10.0
// Failed to set up high priority (Permission denied). In order to run benchmarks with high priority, make sure you have the right permissions.
// BeforeAnythingElse

// Benchmark Process Environment Information:
// BenchmarkDotNet v0.15.8
// Runtime=.NET 10.0.3 (10.0.3, 10.0.326.7603), X64 RyuJIT x86-64-v3
// GC=Concurrent Workstation
// HardwareIntrinsics=AVX2+BMI1+BMI2+F16C+FMA+LZCNT+MOVBE,AVX,SSE3+SSSE3+SSE4.1+SSE4.2+POPCNT,X86Base+SSE+SSE2,AES+PCLMUL VectorSize=256
// Job: .NET 10.0(IterationTime=100ms)

OverheadJitting  1: 1 op, 153782.00 ns, 153.7820 us/op
WorkloadJitting  1: 1 op, 3218904.00 ns, 3.2189 ms/op

OverheadJitting  2: 16 op, 199598.00 ns, 12.4749 us/op
WorkloadJitting  2: 16 op, 209446.00 ns, 13.0904 us/op

WorkloadPilot    1: 16 op, 3767.00 ns, 235.4375 ns/op
WorkloadPilot    2: 424752 op, 55554172.00 ns, 130.7920 ns/op
WorkloadPilot    3: 764576 op, 91293249.00 ns, 119.4038 ns/op
WorkloadPilot    4: 837504 op, 59228609.00 ns, 70.7204 ns/op
WorkloadPilot    5: 1414032 op, 34537751.00 ns, 24.4250 ns/op
WorkloadPilot    6: 4094176 op, 91476756.00 ns, 22.3431 ns/op
WorkloadPilot    7: 4475648 op, 100609237.00 ns, 22.4793 ns/op
WorkloadPilot    8: 4448560 op, 100108970.00 ns, 22.5037 ns/op
WorkloadPilot    9: 4443728 op, 99568276.00 ns, 22.4065 ns/op
WorkloadPilot   10: 4463008 op, 102085021.00 ns, 22.8736 ns/op

OverheadWarmup   1: 4463008 op, 12219606.00 ns, 2.7380 ns/op
OverheadWarmup   2: 4463008 op, 12082867.00 ns, 2.7073 ns/op
OverheadWarmup   3: 4463008 op, 12245144.00 ns, 2.7437 ns/op
OverheadWarmup   4: 4463008 op, 12202573.00 ns, 2.7342 ns/op
OverheadWarmup   5: 4463008 op, 12110779.00 ns, 2.7136 ns/op
OverheadWarmup   6: 4463008 op, 12372215.00 ns, 2.7722 ns/op
OverheadWarmup   7: 4463008 op, 12460251.00 ns, 2.7919 ns/op
OverheadWarmup   8: 4463008 op, 12216500.00 ns, 2.7373 ns/op

OverheadActual   1: 4463008 op, 12198145.00 ns, 2.7332 ns/op
OverheadActual   2: 4463008 op, 12192284.00 ns, 2.7319 ns/op
OverheadActual   3: 4463008 op, 12177706.00 ns, 2.7286 ns/op
OverheadActual   4: 4463008 op, 12108536.00 ns, 2.7131 ns/op
OverheadActual   5: 4463008 op, 12042410.00 ns, 2.6983 ns/op
OverheadActual   6: 4463008 op, 12247218.00 ns, 2.7442 ns/op
OverheadActual   7: 4463008 op, 12091944.00 ns, 2.7094 ns/op
OverheadActual   8: 4463008 op, 12200119.00 ns, 2.7336 ns/op
OverheadActual   9: 4463008 op, 12204467.00 ns, 2.7346 ns/op
OverheadActual  10: 4463008 op, 12542758.00 ns, 2.8104 ns/op
OverheadActual  11: 4463008 op, 12254211.00 ns, 2.7457 ns/op
OverheadActual  12: 4463008 op, 12248361.00 ns, 2.7444 ns/op
OverheadActual  13: 4463008 op, 12168770.00 ns, 2.7266 ns/op
OverheadActual  14: 4463008 op, 12224155.00 ns, 2.7390 ns/op
OverheadActual  15: 4463008 op, 12279529.00 ns, 2.7514 ns/op

WorkloadWarmup   1: 4463008 op, 105089249.00 ns, 23.5467 ns/op
WorkloadWarmup   2: 4463008 op, 101817946.00 ns, 22.8137 ns/op
WorkloadWarmup   3: 4463008 op, 99476883.00 ns, 22.2892 ns/op
WorkloadWarmup   4: 4463008 op, 99264401.00 ns, 22.2416 ns/op
WorkloadWarmup   5: 4463008 op, 99062108.00 ns, 22.1963 ns/op
WorkloadWarmup   6: 4463008 op, 99570611.00 ns, 22.3102 ns/op
WorkloadWarmup   7: 4463008 op, 99057008.00 ns, 22.1951 ns/op
WorkloadWarmup   8: 4463008 op, 102622539.00 ns, 22.9940 ns/op
WorkloadWarmup   9: 4463008 op, 100665224.00 ns, 22.5555 ns/op

// BeforeActualRun
WorkloadActual   1: 4463008 op, 109309420.00 ns, 24.4923 ns/op
WorkloadActual   2: 4463008 op, 102462626.00 ns, 22.9582 ns/op
WorkloadActual   3: 4463008 op, 101422597.00 ns, 22.7252 ns/op
WorkloadActual   4: 4463008 op, 98844226.00 ns, 22.1474 ns/op
WorkloadActual   5: 4463008 op, 100793706.00 ns, 22.5843 ns/op
WorkloadActual   6: 4463008 op, 98947761.00 ns, 22.1706 ns/op
WorkloadActual   7: 4463008 op, 99874165.00 ns, 22.3782 ns/op
WorkloadActual   8: 4463008 op, 103944522.00 ns, 23.2902 ns/op
WorkloadActual   9: 4463008 op, 104887978.00 ns, 23.5016 ns/op
WorkloadActual  10: 4463008 op, 100012738.00 ns, 22.4093 ns/op
WorkloadActual  11: 4463008 op, 99903962.00 ns, 22.3849 ns/op
WorkloadActual  12: 4463008 op, 103279853.00 ns, 23.1413 ns/op
WorkloadActual  13: 4463008 op, 101560188.00 ns, 22.7560 ns/op
WorkloadActual  14: 4463008 op, 102264731.00 ns, 22.9139 ns/op
WorkloadActual  15: 4463008 op, 111176295.00 ns, 24.9106 ns/op
WorkloadActual  16: 4463008 op, 100111895.00 ns, 22.4315 ns/op
WorkloadActual  17: 4463008 op, 105427520.00 ns, 23.6225 ns/op
WorkloadActual  18: 4463008 op, 102166175.00 ns, 22.8918 ns/op
WorkloadActual  19: 4463008 op, 105648368.00 ns, 23.6720 ns/op
WorkloadActual  20: 4463008 op, 101952370.00 ns, 22.8439 ns/op
WorkloadActual  21: 4463008 op, 100182610.00 ns, 22.4473 ns/op
WorkloadActual  22: 4463008 op, 100953579.00 ns, 22.6201 ns/op
WorkloadActual  23: 4463008 op, 99753217.00 ns, 22.3511 ns/op

// AfterActualRun
WorkloadResult   1: 4463008 op, 90262507.00 ns, 20.2246 ns/op
WorkloadResult   2: 4463008 op, 89222478.00 ns, 19.9916 ns/op
WorkloadResult   3: 4463008 op, 86644107.00 ns, 19.4138 ns/op
WorkloadResult   4: 4463008 op, 88593587.00 ns, 19.8506 ns/op
WorkloadResult   5: 4463008 op, 86747642.00 ns, 19.4370 ns/op
WorkloadResult   6: 4463008 op, 87674046.00 ns, 19.6446 ns/op
WorkloadResult   7: 4463008 op, 91744403.00 ns, 20.5566 ns/op
WorkloadResult   8: 4463008 op, 92687859.00 ns, 20.7680 ns/op
WorkloadResult   9: 4463008 op, 87812619.00 ns, 19.6757 ns/op
WorkloadResult  10: 4463008 op, 87703843.00 ns, 19.6513 ns/op
WorkloadResult  11: 4463008 op, 91079734.00 ns, 20.4077 ns/op
WorkloadResult  12: 4463008 op, 89360069.00 ns, 20.0224 ns/op
WorkloadResult  13: 4463008 op, 90064612.00 ns, 20.1802 ns/op
WorkloadResult  14: 4463008 op, 87911776.00 ns, 19.6979 ns/op
WorkloadResult  15: 4463008 op, 93227401.00 ns, 20.8889 ns/op
WorkloadResult  16: 4463008 op, 89966056.00 ns, 20.1582 ns/op
WorkloadResult  17: 4463008 op, 93448249.00 ns, 20.9384 ns/op
WorkloadResult  18: 4463008 op, 89752251.00 ns, 20.1103 ns/op
WorkloadResult  19: 4463008 op, 87982491.00 ns, 19.7137 ns/op
WorkloadResult  20: 4463008 op, 88753460.00 ns, 19.8865 ns/op
WorkloadResult  21: 4463008 op, 87553098.00 ns, 19.6175 ns/op
// GC:  34 0 0 285632512 4463008
// Threading:  0 0 4463008

// AfterAll
// Benchmark Process 9483 has exited with code 0.

Mean = 20.040 ns, StdErr = 0.100 ns (0.50%), N = 21, StdDev = 0.458 ns
Min = 19.414 ns, Q1 = 19.676 ns, Median = 19.992 ns, Q3 = 20.225 ns, Max = 20.938 ns
IQR = 0.549 ns, LowerFence = 18.852 ns, UpperFence = 21.048 ns
ConfidenceInterval = [19.655 ns; 20.424 ns] (CI 99.9%), Margin = 0.385 ns (1.92% of Mean)
Skewness = 0.56, Kurtosis = 2.12, MValue = 2

// ** Remained 17 (65.4%) benchmark(s) to run. Estimated finish 2026-03-01 9:43 (0h 1m from now) **
// **************************
// Benchmark: Scenario1.S1_CheckVoidErrorWithMessage_EnumerationsOptions: .NET 10.0(Runtime=.NET 10.0, IterationTime=100ms) [Iterations=2]
// *** Execute ***
// Launch: 1 / 1
// Execute: dotnet "Enumerations.Options.Benchmarks-.NET 10.0-1.dll" --anonymousPipes 113 114 --benchmarkName "ReillyDigital.Enumerations.Options.Benchmarks.Scenarios.Scenario1.S1_CheckVoidErrorWithMessage_EnumerationsOptions(Iterations: 2)" --job ".NET 10.0" --benchmarkId 9 in /media/andrew/Slowverflow/x/devs/reilly-digital/dotnet/enumerations.options/src/Enumerations.Options.Benchmarks/bin/Debug/net10.0/Enumerations.Options.Benchmarks-.NET 10.0-1/bin/Release/net10.0
// Failed to set up high priority (Permission denied). In order to run benchmarks with high priority, make sure you have the right permissions.
// BeforeAnythingElse

// Benchmark Process Environment Information:
// BenchmarkDotNet v0.15.8
// Runtime=.NET 10.0.3 (10.0.3, 10.0.326.7603), X64 RyuJIT x86-64-v3
// GC=Concurrent Workstation
// HardwareIntrinsics=AVX2+BMI1+BMI2+F16C+FMA+LZCNT+MOVBE,AVX,SSE3+SSSE3+SSE4.1+SSE4.2+POPCNT,X86Base+SSE+SSE2,AES+PCLMUL VectorSize=256
// Job: .NET 10.0(IterationTime=100ms)

OverheadJitting  1: 1 op, 153561.00 ns, 153.5610 us/op
WorkloadJitting  1: 1 op, 3187515.00 ns, 3.1875 ms/op

OverheadJitting  2: 16 op, 202543.00 ns, 12.6589 us/op
WorkloadJitting  2: 16 op, 206661.00 ns, 12.9163 us/op

WorkloadPilot    1: 16 op, 2434.00 ns, 152.1250 ns/op
WorkloadPilot    2: 657360 op, 66889334.00 ns, 101.7545 ns/op
WorkloadPilot    3: 982768 op, 98607707.00 ns, 100.3367 ns/op
WorkloadPilot    4: 996656 op, 23195757.00 ns, 23.2736 ns/op
WorkloadPilot    5: 4296720 op, 7656466.00 ns, 1.7819 ns/op
WorkloadPilot    6: 56118848 op, 99499716.00 ns, 1.7730 ns/op
WorkloadPilot    7: 56401024 op, 99933057.00 ns, 1.7718 ns/op
WorkloadPilot    8: 56438816 op, 99463679.00 ns, 1.7623 ns/op
WorkloadPilot    9: 56743152 op, 100146301.00 ns, 1.7649 ns/op
WorkloadPilot   10: 56660272 op, 100024821.00 ns, 1.7653 ns/op
WorkloadPilot   11: 56646224 op, 99827437.00 ns, 1.7623 ns/op
WorkloadPilot   12: 56744144 op, 102367536.00 ns, 1.8040 ns/op

OverheadWarmup   1: 56744144 op, 158804000.00 ns, 2.7986 ns/op
OverheadWarmup   2: 56744144 op, 106406123.00 ns, 1.8752 ns/op
OverheadWarmup   3: 56744144 op, 86453556.00 ns, 1.5236 ns/op
OverheadWarmup   4: 56744144 op, 85968738.00 ns, 1.5150 ns/op
OverheadWarmup   5: 56744144 op, 85914154.00 ns, 1.5141 ns/op
OverheadWarmup   6: 56744144 op, 85924374.00 ns, 1.5142 ns/op
OverheadWarmup   7: 56744144 op, 90309186.00 ns, 1.5915 ns/op
OverheadWarmup   8: 56744144 op, 85125521.00 ns, 1.5002 ns/op
OverheadWarmup   9: 56744144 op, 85138425.00 ns, 1.5004 ns/op
OverheadWarmup  10: 56744144 op, 85190674.00 ns, 1.5013 ns/op

OverheadActual   1: 56744144 op, 85190555.00 ns, 1.5013 ns/op
OverheadActual   2: 56744144 op, 85187389.00 ns, 1.5013 ns/op
OverheadActual   3: 56744144 op, 85241070.00 ns, 1.5022 ns/op
OverheadActual   4: 56744144 op, 85232574.00 ns, 1.5021 ns/op
OverheadActual   5: 56744144 op, 85198770.00 ns, 1.5015 ns/op
OverheadActual   6: 56744144 op, 85626911.00 ns, 1.5090 ns/op
OverheadActual   7: 56744144 op, 85160126.00 ns, 1.5008 ns/op
OverheadActual   8: 56744144 op, 85142283.00 ns, 1.5005 ns/op
OverheadActual   9: 56744144 op, 85341661.00 ns, 1.5040 ns/op
OverheadActual  10: 56744144 op, 85228236.00 ns, 1.5020 ns/op
OverheadActual  11: 56744144 op, 85125231.00 ns, 1.5002 ns/op
OverheadActual  12: 56744144 op, 86641111.00 ns, 1.5269 ns/op
OverheadActual  13: 56744144 op, 85657969.00 ns, 1.5095 ns/op
OverheadActual  14: 56744144 op, 85211294.00 ns, 1.5017 ns/op
OverheadActual  15: 56744144 op, 85101526.00 ns, 1.4997 ns/op

WorkloadWarmup   1: 56744144 op, 98729128.00 ns, 1.7399 ns/op
WorkloadWarmup   2: 56744144 op, 99139986.00 ns, 1.7471 ns/op
WorkloadWarmup   3: 56744144 op, 98708198.00 ns, 1.7395 ns/op
WorkloadWarmup   4: 56744144 op, 100072672.00 ns, 1.7636 ns/op
WorkloadWarmup   5: 56744144 op, 99484999.00 ns, 1.7532 ns/op
WorkloadWarmup   6: 56744144 op, 100189262.00 ns, 1.7656 ns/op

// BeforeActualRun
WorkloadActual   1: 56744144 op, 99947144.00 ns, 1.7614 ns/op
WorkloadActual   2: 56744144 op, 100340979.00 ns, 1.7683 ns/op
WorkloadActual   3: 56744144 op, 100660023.00 ns, 1.7739 ns/op
WorkloadActual   4: 56744144 op, 100619707.00 ns, 1.7732 ns/op
WorkloadActual   5: 56744144 op, 100220461.00 ns, 1.7662 ns/op
WorkloadActual   6: 56744144 op, 100212957.00 ns, 1.7660 ns/op
WorkloadActual   7: 56744144 op, 100125371.00 ns, 1.7645 ns/op
WorkloadActual   8: 56744144 op, 100178602.00 ns, 1.7654 ns/op
WorkloadActual   9: 56744144 op, 100247422.00 ns, 1.7667 ns/op
WorkloadActual  10: 56744144 op, 100115663.00 ns, 1.7643 ns/op
WorkloadActual  11: 56744144 op, 100258965.00 ns, 1.7669 ns/op
WorkloadActual  12: 56744144 op, 100180606.00 ns, 1.7655 ns/op
WorkloadActual  13: 56744144 op, 100508005.00 ns, 1.7712 ns/op
WorkloadActual  14: 56744144 op, 100470916.00 ns, 1.7706 ns/op
WorkloadActual  15: 56744144 op, 100251460.00 ns, 1.7667 ns/op

// AfterActualRun
WorkloadResult   1: 56744144 op, 14735850.00 ns, 0.2597 ns/op
WorkloadResult   2: 56744144 op, 15129685.00 ns, 0.2666 ns/op
WorkloadResult   3: 56744144 op, 15448729.00 ns, 0.2723 ns/op
WorkloadResult   4: 56744144 op, 15408413.00 ns, 0.2715 ns/op
WorkloadResult   5: 56744144 op, 15009167.00 ns, 0.2645 ns/op
WorkloadResult   6: 56744144 op, 15001663.00 ns, 0.2644 ns/op
WorkloadResult   7: 56744144 op, 14914077.00 ns, 0.2628 ns/op
WorkloadResult   8: 56744144 op, 14967308.00 ns, 0.2638 ns/op
WorkloadResult   9: 56744144 op, 15036128.00 ns, 0.2650 ns/op
WorkloadResult  10: 56744144 op, 14904369.00 ns, 0.2627 ns/op
WorkloadResult  11: 56744144 op, 15047671.00 ns, 0.2652 ns/op
WorkloadResult  12: 56744144 op, 14969312.00 ns, 0.2638 ns/op
WorkloadResult  13: 56744144 op, 15296711.00 ns, 0.2696 ns/op
WorkloadResult  14: 56744144 op, 15259622.00 ns, 0.2689 ns/op
WorkloadResult  15: 56744144 op, 15040166.00 ns, 0.2651 ns/op
// GC:  0 0 0 0 56744144
// Threading:  0 0 56744144

// AfterAll
// Benchmark Process 9507 has exited with code 0.

Mean = 0.266 ns, StdErr = 0.001 ns (0.34%), N = 15, StdDev = 0.003 ns
Min = 0.260 ns, Q1 = 0.264 ns, Median = 0.265 ns, Q3 = 0.268 ns, Max = 0.272 ns
IQR = 0.004 ns, LowerFence = 0.258 ns, UpperFence = 0.274 ns
ConfidenceInterval = [0.262 ns; 0.269 ns] (CI 99.9%), Margin = 0.004 ns (1.40% of Mean)
Skewness = 0.44, Kurtosis = 2.21, MValue = 2

// ** Remained 16 (61.5%) benchmark(s) to run. Estimated finish 2026-03-01 9:43 (0h 1m from now) **
// **************************
// Benchmark: Scenario1.S1_CheckVoidSuccess_EnumerationsOptionsBoxed: .NET 10.0(Runtime=.NET 10.0, IterationTime=100ms) [Iterations=2]
// *** Execute ***
// Launch: 1 / 1
// Execute: dotnet "Enumerations.Options.Benchmarks-.NET 10.0-1.dll" --anonymousPipes 113 114 --benchmarkName "ReillyDigital.Enumerations.Options.Benchmarks.Scenarios.Scenario1.S1_CheckVoidSuccess_EnumerationsOptionsBoxed(Iterations: 2)" --job ".NET 10.0" --benchmarkId 10 in /media/andrew/Slowverflow/x/devs/reilly-digital/dotnet/enumerations.options/src/Enumerations.Options.Benchmarks/bin/Debug/net10.0/Enumerations.Options.Benchmarks-.NET 10.0-1/bin/Release/net10.0
// Failed to set up high priority (Permission denied). In order to run benchmarks with high priority, make sure you have the right permissions.
// BeforeAnythingElse

// Benchmark Process Environment Information:
// BenchmarkDotNet v0.15.8
// Runtime=.NET 10.0.3 (10.0.3, 10.0.326.7603), X64 RyuJIT x86-64-v3
// GC=Concurrent Workstation
// HardwareIntrinsics=AVX2+BMI1+BMI2+F16C+FMA+LZCNT+MOVBE,AVX,SSE3+SSSE3+SSE4.1+SSE4.2+POPCNT,X86Base+SSE+SSE2,AES+PCLMUL VectorSize=256
// Job: .NET 10.0(IterationTime=100ms)

OverheadJitting  1: 1 op, 152599.00 ns, 152.5990 us/op
WorkloadJitting  1: 1 op, 2730099.00 ns, 2.7301 ms/op

OverheadJitting  2: 16 op, 200490.00 ns, 12.5306 us/op
WorkloadJitting  2: 16 op, 197394.00 ns, 12.3371 us/op

WorkloadPilot    1: 16 op, 1122.00 ns, 70.1250 ns/op
WorkloadPilot    2: 1426032 op, 40895259.00 ns, 28.6777 ns/op
WorkloadPilot    3: 3487040 op, 98366771.00 ns, 28.2092 ns/op
WorkloadPilot    4: 3544944 op, 51013716.00 ns, 14.3906 ns/op
WorkloadPilot    5: 6949008 op, 12350253.00 ns, 1.7773 ns/op
WorkloadPilot    6: 56266128 op, 98251213.00 ns, 1.7462 ns/op
WorkloadPilot    7: 57267632 op, 99921024.00 ns, 1.7448 ns/op
WorkloadPilot    8: 57312896 op, 100010233.00 ns, 1.7450 ns/op
WorkloadPilot    9: 57307040 op, 99933587.00 ns, 1.7438 ns/op
WorkloadPilot   10: 57345136 op, 100785682.00 ns, 1.7575 ns/op
WorkloadPilot   11: 56898112 op, 99967763.00 ns, 1.7570 ns/op
WorkloadPilot   12: 56916464 op, 104344379.00 ns, 1.8333 ns/op

OverheadWarmup   1: 56916464 op, 141306642.00 ns, 2.4827 ns/op
OverheadWarmup   2: 56916464 op, 110520642.00 ns, 1.9418 ns/op
OverheadWarmup   3: 56916464 op, 86091691.00 ns, 1.5126 ns/op
OverheadWarmup   4: 56916464 op, 87131760.00 ns, 1.5309 ns/op
OverheadWarmup   5: 56916464 op, 86051485.00 ns, 1.5119 ns/op
OverheadWarmup   6: 56916464 op, 87089399.00 ns, 1.5301 ns/op
OverheadWarmup   7: 56916464 op, 85937689.00 ns, 1.5099 ns/op

OverheadActual   1: 56916464 op, 87157368.00 ns, 1.5313 ns/op
OverheadActual   2: 56916464 op, 86108412.00 ns, 1.5129 ns/op
OverheadActual   3: 56916464 op, 101943693.00 ns, 1.7911 ns/op
OverheadActual   4: 56916464 op, 85914155.00 ns, 1.5095 ns/op
OverheadActual   5: 56916464 op, 85387658.00 ns, 1.5002 ns/op
OverheadActual   6: 56916464 op, 85476425.00 ns, 1.5018 ns/op
OverheadActual   7: 56916464 op, 85693437.00 ns, 1.5056 ns/op
OverheadActual   8: 56916464 op, 85629596.00 ns, 1.5045 ns/op
OverheadActual   9: 56916464 op, 86172754.00 ns, 1.5140 ns/op
OverheadActual  10: 56916464 op, 86066703.00 ns, 1.5122 ns/op
OverheadActual  11: 56916464 op, 86105798.00 ns, 1.5128 ns/op
OverheadActual  12: 56916464 op, 85369463.00 ns, 1.4999 ns/op
OverheadActual  13: 56916464 op, 85649544.00 ns, 1.5048 ns/op
OverheadActual  14: 56916464 op, 85435658.00 ns, 1.5011 ns/op
OverheadActual  15: 56916464 op, 85706512.00 ns, 1.5058 ns/op

WorkloadWarmup   1: 56916464 op, 99990146.00 ns, 1.7568 ns/op
WorkloadWarmup   2: 56916464 op, 100077711.00 ns, 1.7583 ns/op
WorkloadWarmup   3: 56916464 op, 100936788.00 ns, 1.7734 ns/op
WorkloadWarmup   4: 56916464 op, 103082881.00 ns, 1.8111 ns/op
WorkloadWarmup   5: 56916464 op, 106126633.00 ns, 1.8646 ns/op
WorkloadWarmup   6: 56916464 op, 103224689.00 ns, 1.8136 ns/op
WorkloadWarmup   7: 56916464 op, 100902302.00 ns, 1.7728 ns/op
WorkloadWarmup   8: 56916464 op, 101892437.00 ns, 1.7902 ns/op
WorkloadWarmup   9: 56916464 op, 99488165.00 ns, 1.7480 ns/op

// BeforeActualRun
WorkloadActual   1: 56916464 op, 99342048.00 ns, 1.7454 ns/op
WorkloadActual   2: 56916464 op, 99243882.00 ns, 1.7437 ns/op
WorkloadActual   3: 56916464 op, 99468067.00 ns, 1.7476 ns/op
WorkloadActual   4: 56916464 op, 99618091.00 ns, 1.7503 ns/op
WorkloadActual   5: 56916464 op, 100126994.00 ns, 1.7592 ns/op
WorkloadActual   6: 56916464 op, 99611017.00 ns, 1.7501 ns/op
WorkloadActual   7: 56916464 op, 104512809.00 ns, 1.8362 ns/op
WorkloadActual   8: 56916464 op, 100463140.00 ns, 1.7651 ns/op
WorkloadActual   9: 56916464 op, 101473103.00 ns, 1.7828 ns/op
WorkloadActual  10: 56916464 op, 100149327.00 ns, 1.7596 ns/op
WorkloadActual  11: 56916464 op, 99634752.00 ns, 1.7505 ns/op
WorkloadActual  12: 56916464 op, 99392704.00 ns, 1.7463 ns/op
WorkloadActual  13: 56916464 op, 99714383.00 ns, 1.7519 ns/op
WorkloadActual  14: 56916464 op, 99437388.00 ns, 1.7471 ns/op
WorkloadActual  15: 56916464 op, 99432820.00 ns, 1.7470 ns/op

// AfterActualRun
WorkloadResult   1: 56916464 op, 13635536.00 ns, 0.2396 ns/op
WorkloadResult   2: 56916464 op, 13537370.00 ns, 0.2378 ns/op
WorkloadResult   3: 56916464 op, 13761555.00 ns, 0.2418 ns/op
WorkloadResult   4: 56916464 op, 13911579.00 ns, 0.2444 ns/op
WorkloadResult   5: 56916464 op, 14420482.00 ns, 0.2534 ns/op
WorkloadResult   6: 56916464 op, 13904505.00 ns, 0.2443 ns/op
WorkloadResult   7: 56916464 op, 14756628.00 ns, 0.2593 ns/op
WorkloadResult   8: 56916464 op, 14442815.00 ns, 0.2538 ns/op
WorkloadResult   9: 56916464 op, 13928240.00 ns, 0.2447 ns/op
WorkloadResult  10: 56916464 op, 13686192.00 ns, 0.2405 ns/op
WorkloadResult  11: 56916464 op, 14007871.00 ns, 0.2461 ns/op
WorkloadResult  12: 56916464 op, 13730876.00 ns, 0.2412 ns/op
WorkloadResult  13: 56916464 op, 13726308.00 ns, 0.2412 ns/op
// GC:  0 0 0 0 56916464
// Threading:  0 0 56916464

// AfterAll
// Benchmark Process 9546 has exited with code 0.

Mean = 0.245 ns, StdErr = 0.002 ns (0.72%), N = 13, StdDev = 0.006 ns
Min = 0.238 ns, Q1 = 0.241 ns, Median = 0.244 ns, Q3 = 0.246 ns, Max = 0.259 ns
IQR = 0.005 ns, LowerFence = 0.234 ns, UpperFence = 0.254 ns
ConfidenceInterval = [0.238 ns; 0.253 ns] (CI 99.9%), Margin = 0.008 ns (3.13% of Mean)
Skewness = 0.9, Kurtosis = 2.46, MValue = 2

// ** Remained 15 (57.7%) benchmark(s) to run. Estimated finish 2026-03-01 9:44 (0h 1m from now) **
// **************************
// Benchmark: Scenario1.S1_CheckVoidSuccess_EnumerationsOptions: .NET 10.0(Runtime=.NET 10.0, IterationTime=100ms) [Iterations=2]
// *** Execute ***
// Launch: 1 / 1
// Execute: dotnet "Enumerations.Options.Benchmarks-.NET 10.0-1.dll" --anonymousPipes 113 114 --benchmarkName "ReillyDigital.Enumerations.Options.Benchmarks.Scenarios.Scenario1.S1_CheckVoidSuccess_EnumerationsOptions(Iterations: 2)" --job ".NET 10.0" --benchmarkId 11 in /media/andrew/Slowverflow/x/devs/reilly-digital/dotnet/enumerations.options/src/Enumerations.Options.Benchmarks/bin/Debug/net10.0/Enumerations.Options.Benchmarks-.NET 10.0-1/bin/Release/net10.0
// Failed to set up high priority (Permission denied). In order to run benchmarks with high priority, make sure you have the right permissions.
// BeforeAnythingElse

// Benchmark Process Environment Information:
// BenchmarkDotNet v0.15.8
// Runtime=.NET 10.0.3 (10.0.3, 10.0.326.7603), X64 RyuJIT x86-64-v3
// GC=Concurrent Workstation
// HardwareIntrinsics=AVX2+BMI1+BMI2+F16C+FMA+LZCNT+MOVBE,AVX,SSE3+SSSE3+SSE4.1+SSE4.2+POPCNT,X86Base+SSE+SSE2,AES+PCLMUL VectorSize=256
// Job: .NET 10.0(IterationTime=100ms)

OverheadJitting  1: 1 op, 157258.00 ns, 157.2580 us/op
WorkloadJitting  1: 1 op, 3118454.00 ns, 3.1185 ms/op

OverheadJitting  2: 16 op, 195149.00 ns, 12.1968 us/op
WorkloadJitting  2: 16 op, 195911.00 ns, 12.2444 us/op

WorkloadPilot    1: 16 op, 2014.00 ns, 125.8750 ns/op
WorkloadPilot    2: 794448 op, 66635153.00 ns, 83.8760 ns/op
WorkloadPilot    3: 1192240 op, 98466150.00 ns, 82.5892 ns/op
WorkloadPilot    4: 1210816 op, 24080543.00 ns, 19.8879 ns/op
WorkloadPilot    5: 5028192 op, 8849205.00 ns, 1.7599 ns/op
WorkloadPilot    6: 56820848 op, 99786620.00 ns, 1.7562 ns/op
WorkloadPilot    7: 56942352 op, 99610276.00 ns, 1.7493 ns/op
WorkloadPilot    8: 57165152 op, 99895216.00 ns, 1.7475 ns/op
WorkloadPilot    9: 57225120 op, 99932606.00 ns, 1.7463 ns/op
WorkloadPilot   10: 57263712 op, 100182779.00 ns, 1.7495 ns/op
WorkloadPilot   11: 57159248 op, 99783144.00 ns, 1.7457 ns/op
WorkloadPilot   12: 57283472 op, 100336882.00 ns, 1.7516 ns/op
WorkloadPilot   13: 57091152 op, 99726476.00 ns, 1.7468 ns/op
WorkloadPilot   14: 57247744 op, 100149157.00 ns, 1.7494 ns/op

OverheadWarmup   1: 57247744 op, 142090034.00 ns, 2.4820 ns/op
OverheadWarmup   2: 57247744 op, 109159025.00 ns, 1.9068 ns/op
OverheadWarmup   3: 57247744 op, 85853118.00 ns, 1.4997 ns/op
OverheadWarmup   4: 57247744 op, 86131557.00 ns, 1.5045 ns/op
OverheadWarmup   5: 57247744 op, 85986542.00 ns, 1.5020 ns/op
OverheadWarmup   6: 57247744 op, 86232257.00 ns, 1.5063 ns/op
OverheadWarmup   7: 57247744 op, 87013255.00 ns, 1.5199 ns/op
OverheadWarmup   8: 57247744 op, 85984688.00 ns, 1.5020 ns/op

OverheadActual   1: 57247744 op, 85918152.00 ns, 1.5008 ns/op
OverheadActual   2: 57247744 op, 85936006.00 ns, 1.5011 ns/op
OverheadActual   3: 57247744 op, 87551404.00 ns, 1.5293 ns/op
OverheadActual   4: 57247744 op, 87550072.00 ns, 1.5293 ns/op
OverheadActual   5: 57247744 op, 86727435.00 ns, 1.5149 ns/op
OverheadActual   6: 57247744 op, 85752187.00 ns, 1.4979 ns/op
OverheadActual   7: 57247744 op, 85757077.00 ns, 1.4980 ns/op
OverheadActual   8: 57247744 op, 85771204.00 ns, 1.4982 ns/op
OverheadActual   9: 57247744 op, 85937589.00 ns, 1.5012 ns/op
OverheadActual  10: 57247744 op, 87606458.00 ns, 1.5303 ns/op
OverheadActual  11: 57247744 op, 87559419.00 ns, 1.5295 ns/op
OverheadActual  12: 57247744 op, 86606636.00 ns, 1.5128 ns/op
OverheadActual  13: 57247744 op, 86107701.00 ns, 1.5041 ns/op
OverheadActual  14: 57247744 op, 85983366.00 ns, 1.5020 ns/op
OverheadActual  15: 57247744 op, 85884018.00 ns, 1.5002 ns/op

WorkloadWarmup   1: 57247744 op, 99709184.00 ns, 1.7417 ns/op
WorkloadWarmup   2: 57247744 op, 99769568.00 ns, 1.7428 ns/op
WorkloadWarmup   3: 57247744 op, 100078523.00 ns, 1.7482 ns/op
WorkloadWarmup   4: 57247744 op, 99585779.00 ns, 1.7396 ns/op
WorkloadWarmup   5: 57247744 op, 99985396.00 ns, 1.7465 ns/op
WorkloadWarmup   6: 57247744 op, 99881069.00 ns, 1.7447 ns/op

// BeforeActualRun
WorkloadActual   1: 57247744 op, 99866961.00 ns, 1.7445 ns/op
WorkloadActual   2: 57247744 op, 99949929.00 ns, 1.7459 ns/op
WorkloadActual   3: 57247744 op, 99906977.00 ns, 1.7452 ns/op
WorkloadActual   4: 57247744 op, 99686039.00 ns, 1.7413 ns/op
WorkloadActual   5: 57247744 op, 100337233.00 ns, 1.7527 ns/op
WorkloadActual   6: 57247744 op, 100395403.00 ns, 1.7537 ns/op
WorkloadActual   7: 57247744 op, 100465525.00 ns, 1.7549 ns/op
WorkloadActual   8: 57247744 op, 100547561.00 ns, 1.7564 ns/op
WorkloadActual   9: 57247744 op, 101449488.00 ns, 1.7721 ns/op
WorkloadActual  10: 57247744 op, 100458401.00 ns, 1.7548 ns/op
WorkloadActual  11: 57247744 op, 101331665.00 ns, 1.7701 ns/op
WorkloadActual  12: 57247744 op, 100935114.00 ns, 1.7631 ns/op
WorkloadActual  13: 57247744 op, 118656297.00 ns, 2.0727 ns/op
WorkloadActual  14: 57247744 op, 101484424.00 ns, 1.7727 ns/op
WorkloadActual  15: 57247744 op, 101568293.00 ns, 1.7742 ns/op

// AfterActualRun
WorkloadResult   1: 57247744 op, 13883595.00 ns, 0.2425 ns/op
WorkloadResult   2: 57247744 op, 13966563.00 ns, 0.2440 ns/op
WorkloadResult   3: 57247744 op, 13923611.00 ns, 0.2432 ns/op
WorkloadResult   4: 57247744 op, 13702673.00 ns, 0.2394 ns/op
WorkloadResult   5: 57247744 op, 14353867.00 ns, 0.2507 ns/op
WorkloadResult   6: 57247744 op, 14412037.00 ns, 0.2517 ns/op
WorkloadResult   7: 57247744 op, 14482159.00 ns, 0.2530 ns/op
WorkloadResult   8: 57247744 op, 14564195.00 ns, 0.2544 ns/op
WorkloadResult   9: 57247744 op, 15466122.00 ns, 0.2702 ns/op
WorkloadResult  10: 57247744 op, 14475035.00 ns, 0.2528 ns/op
WorkloadResult  11: 57247744 op, 15348299.00 ns, 0.2681 ns/op
WorkloadResult  12: 57247744 op, 14951748.00 ns, 0.2612 ns/op
WorkloadResult  13: 57247744 op, 15501058.00 ns, 0.2708 ns/op
WorkloadResult  14: 57247744 op, 15584927.00 ns, 0.2722 ns/op
// GC:  0 0 0 0 57247744
// Threading:  0 0 57247744

// AfterAll
// Benchmark Process 9612 has exited with code 0.

Mean = 0.255 ns, StdErr = 0.003 ns (1.19%), N = 14, StdDev = 0.011 ns
Min = 0.239 ns, Q1 = 0.246 ns, Median = 0.253 ns, Q3 = 0.266 ns, Max = 0.272 ns
IQR = 0.021 ns, LowerFence = 0.215 ns, UpperFence = 0.297 ns
ConfidenceInterval = [0.242 ns; 0.268 ns] (CI 99.9%), Margin = 0.013 ns (5.03% of Mean)
Skewness = 0.22, Kurtosis = 1.47, MValue = 3.25

// ** Remained 14 (53.8%) benchmark(s) to run. Estimated finish 2026-03-01 9:44 (0h 1m from now) **
// **************************
// Benchmark: Scenario1.S1_ReturnOptionStringErrorNoMessage_EnumerationsOptionsBoxed: .NET 10.0(Runtime=.NET 10.0, IterationTime=100ms) [Iterations=2]
// *** Execute ***
// Launch: 1 / 1
// Execute: dotnet "Enumerations.Options.Benchmarks-.NET 10.0-1.dll" --anonymousPipes 113 114 --benchmarkName "ReillyDigital.Enumerations.Options.Benchmarks.Scenarios.Scenario1.S1_ReturnOptionStringErrorNoMessage_EnumerationsOptionsBoxed(Iterations: 2)" --job ".NET 10.0" --benchmarkId 12 in /media/andrew/Slowverflow/x/devs/reilly-digital/dotnet/enumerations.options/src/Enumerations.Options.Benchmarks/bin/Debug/net10.0/Enumerations.Options.Benchmarks-.NET 10.0-1/bin/Release/net10.0
// Failed to set up high priority (Permission denied). In order to run benchmarks with high priority, make sure you have the right permissions.
// BeforeAnythingElse

// Benchmark Process Environment Information:
// BenchmarkDotNet v0.15.8
// Runtime=.NET 10.0.3 (10.0.3, 10.0.326.7603), X64 RyuJIT x86-64-v3
// GC=Concurrent Workstation
// HardwareIntrinsics=AVX2+BMI1+BMI2+F16C+FMA+LZCNT+MOVBE,AVX,SSE3+SSSE3+SSE4.1+SSE4.2+POPCNT,X86Base+SSE+SSE2,AES+PCLMUL VectorSize=256
// Job: .NET 10.0(IterationTime=100ms)

OverheadJitting  1: 1 op, 194258.00 ns, 194.2580 us/op
WorkloadJitting  1: 1 op, 2929076.00 ns, 2.9291 ms/op

OverheadJitting  2: 16 op, 214366.00 ns, 13.3979 us/op
WorkloadJitting  2: 16 op, 208966.00 ns, 13.0604 us/op

WorkloadPilot    1: 16 op, 982.00 ns, 61.3750 ns/op
WorkloadPilot    2: 1629328 op, 49837059.00 ns, 30.5875 ns/op
WorkloadPilot    3: 3269312 op, 98366721.00 ns, 30.0879 ns/op
WorkloadPilot    4: 3323600 op, 40705500.00 ns, 12.2474 ns/op
WorkloadPilot    5: 8164992 op, 14408600.00 ns, 1.7647 ns/op
WorkloadPilot    6: 56667504 op, 99734451.00 ns, 1.7600 ns/op
WorkloadPilot    7: 56818400 op, 99688704.00 ns, 1.7545 ns/op
WorkloadPilot    8: 56995840 op, 99987009.00 ns, 1.7543 ns/op
WorkloadPilot    9: 57003248 op, 99854188.00 ns, 1.7517 ns/op
WorkloadPilot   10: 57086496 op, 100451769.00 ns, 1.7596 ns/op
WorkloadPilot   11: 56829760 op, 99446356.00 ns, 1.7499 ns/op
WorkloadPilot   12: 57146160 op, 100061350.00 ns, 1.7510 ns/op
WorkloadPilot   13: 57111136 op, 99893973.00 ns, 1.7491 ns/op
WorkloadPilot   14: 57171760 op, 100725317.00 ns, 1.7618 ns/op

OverheadWarmup   1: 57171760 op, 154867547.00 ns, 2.7088 ns/op
OverheadWarmup   2: 57171760 op, 150212954.00 ns, 2.6274 ns/op
OverheadWarmup   3: 57171760 op, 87011352.00 ns, 1.5219 ns/op
OverheadWarmup   4: 57171760 op, 86390767.00 ns, 1.5111 ns/op
OverheadWarmup   5: 57171760 op, 85965321.00 ns, 1.5036 ns/op
OverheadWarmup   6: 57171760 op, 88022015.00 ns, 1.5396 ns/op
OverheadWarmup   7: 57171760 op, 85799488.00 ns, 1.5007 ns/op
OverheadWarmup   8: 57171760 op, 85879029.00 ns, 1.5021 ns/op
OverheadWarmup   9: 57171760 op, 85775883.00 ns, 1.5003 ns/op

OverheadActual   1: 57171760 op, 85869149.00 ns, 1.5020 ns/op
OverheadActual   2: 57171760 op, 86661149.00 ns, 1.5158 ns/op
OverheadActual   3: 57171760 op, 90965879.00 ns, 1.5911 ns/op
OverheadActual   4: 57171760 op, 86687308.00 ns, 1.5163 ns/op
OverheadActual   5: 57171760 op, 87409356.00 ns, 1.5289 ns/op
OverheadActual   6: 57171760 op, 86188464.00 ns, 1.5075 ns/op
OverheadActual   7: 57171760 op, 86203823.00 ns, 1.5078 ns/op
OverheadActual   8: 57171760 op, 86470839.00 ns, 1.5125 ns/op
OverheadActual   9: 57171760 op, 86382722.00 ns, 1.5109 ns/op
OverheadActual  10: 57171760 op, 86136525.00 ns, 1.5066 ns/op
OverheadActual  11: 57171760 op, 86144421.00 ns, 1.5068 ns/op
OverheadActual  12: 57171760 op, 86910972.00 ns, 1.5202 ns/op
OverheadActual  13: 57171760 op, 86005989.00 ns, 1.5043 ns/op
OverheadActual  14: 57171760 op, 86209313.00 ns, 1.5079 ns/op
OverheadActual  15: 57171760 op, 86932182.00 ns, 1.5205 ns/op

WorkloadWarmup   1: 57171760 op, 101535691.00 ns, 1.7760 ns/op
WorkloadWarmup   2: 57171760 op, 101430001.00 ns, 1.7741 ns/op
WorkloadWarmup   3: 57171760 op, 101983600.00 ns, 1.7838 ns/op
WorkloadWarmup   4: 57171760 op, 101420042.00 ns, 1.7740 ns/op
WorkloadWarmup   5: 57171760 op, 102237580.00 ns, 1.7883 ns/op
WorkloadWarmup   6: 57171760 op, 100191095.00 ns, 1.7525 ns/op

// BeforeActualRun
WorkloadActual   1: 57171760 op, 100152553.00 ns, 1.7518 ns/op
WorkloadActual   2: 57171760 op, 100280966.00 ns, 1.7540 ns/op
WorkloadActual   3: 57171760 op, 105321399.00 ns, 1.8422 ns/op
WorkloadActual   4: 57171760 op, 101403080.00 ns, 1.7737 ns/op
WorkloadActual   5: 57171760 op, 103324238.00 ns, 1.8073 ns/op
WorkloadActual   6: 57171760 op, 100183802.00 ns, 1.7523 ns/op
WorkloadActual   7: 57171760 op, 99805435.00 ns, 1.7457 ns/op
WorkloadActual   8: 57171760 op, 108594987.00 ns, 1.8995 ns/op
WorkloadActual   9: 57171760 op, 103487437.00 ns, 1.8101 ns/op
WorkloadActual  10: 57171760 op, 113738816.00 ns, 1.9894 ns/op
WorkloadActual  11: 57171760 op, 110093233.00 ns, 1.9257 ns/op
WorkloadActual  12: 57171760 op, 101089056.00 ns, 1.7682 ns/op
WorkloadActual  13: 57171760 op, 101016318.00 ns, 1.7669 ns/op
WorkloadActual  14: 57171760 op, 100808264.00 ns, 1.7633 ns/op
WorkloadActual  15: 57171760 op, 100447902.00 ns, 1.7569 ns/op
WorkloadActual  16: 57171760 op, 100374903.00 ns, 1.7557 ns/op
WorkloadActual  17: 57171760 op, 100824946.00 ns, 1.7635 ns/op

// AfterActualRun
WorkloadResult   1: 57171760 op, 13769831.00 ns, 0.2409 ns/op
WorkloadResult   2: 57171760 op, 13898244.00 ns, 0.2431 ns/op
WorkloadResult   3: 57171760 op, 18938677.00 ns, 0.3313 ns/op
WorkloadResult   4: 57171760 op, 15020358.00 ns, 0.2627 ns/op
WorkloadResult   5: 57171760 op, 16941516.00 ns, 0.2963 ns/op
WorkloadResult   6: 57171760 op, 13801080.00 ns, 0.2414 ns/op
WorkloadResult   7: 57171760 op, 13422713.00 ns, 0.2348 ns/op
WorkloadResult   8: 57171760 op, 17104715.00 ns, 0.2992 ns/op
WorkloadResult   9: 57171760 op, 14706334.00 ns, 0.2572 ns/op
WorkloadResult  10: 57171760 op, 14633596.00 ns, 0.2560 ns/op
WorkloadResult  11: 57171760 op, 14425542.00 ns, 0.2523 ns/op
WorkloadResult  12: 57171760 op, 14065180.00 ns, 0.2460 ns/op
WorkloadResult  13: 57171760 op, 13992181.00 ns, 0.2447 ns/op
WorkloadResult  14: 57171760 op, 14442224.00 ns, 0.2526 ns/op
// GC:  0 0 0 0 57171760
// Threading:  0 0 57171760

// AfterAll
// Benchmark Process 9645 has exited with code 0.

Mean = 0.261 ns, StdErr = 0.007 ns (2.85%), N = 14, StdDev = 0.028 ns
Min = 0.235 ns, Q1 = 0.244 ns, Median = 0.252 ns, Q3 = 0.261 ns, Max = 0.331 ns
IQR = 0.018 ns, LowerFence = 0.217 ns, UpperFence = 0.288 ns
ConfidenceInterval = [0.230 ns; 0.293 ns] (CI 99.9%), Margin = 0.031 ns (12.04% of Mean)
Skewness = 1.28, Kurtosis = 3.37, MValue = 2

// ** Remained 13 (50.0%) benchmark(s) to run. Estimated finish 2026-03-01 9:44 (0h 1m from now) **
// **************************
// Benchmark: Scenario1.S1_ReturnOptionStringErrorNoMessage_EnumerationsOptions: .NET 10.0(Runtime=.NET 10.0, IterationTime=100ms) [Iterations=2]
// *** Execute ***
// Launch: 1 / 1
// Execute: dotnet "Enumerations.Options.Benchmarks-.NET 10.0-1.dll" --anonymousPipes 113 114 --benchmarkName "ReillyDigital.Enumerations.Options.Benchmarks.Scenarios.Scenario1.S1_ReturnOptionStringErrorNoMessage_EnumerationsOptions(Iterations: 2)" --job ".NET 10.0" --benchmarkId 13 in /media/andrew/Slowverflow/x/devs/reilly-digital/dotnet/enumerations.options/src/Enumerations.Options.Benchmarks/bin/Debug/net10.0/Enumerations.Options.Benchmarks-.NET 10.0-1/bin/Release/net10.0
// Failed to set up high priority (Permission denied). In order to run benchmarks with high priority, make sure you have the right permissions.
// BeforeAnythingElse

// Benchmark Process Environment Information:
// BenchmarkDotNet v0.15.8
// Runtime=.NET 10.0.3 (10.0.3, 10.0.326.7603), X64 RyuJIT x86-64-v3
// GC=Concurrent Workstation
// HardwareIntrinsics=AVX2+BMI1+BMI2+F16C+FMA+LZCNT+MOVBE,AVX,SSE3+SSSE3+SSE4.1+SSE4.2+POPCNT,X86Base+SSE+SSE2,AES+PCLMUL VectorSize=256
// Job: .NET 10.0(IterationTime=100ms)

OverheadJitting  1: 1 op, 160625.00 ns, 160.6250 us/op
WorkloadJitting  1: 1 op, 3211741.00 ns, 3.2117 ms/op

OverheadJitting  2: 16 op, 251165.00 ns, 15.6978 us/op
WorkloadJitting  2: 16 op, 218734.00 ns, 13.6709 us/op

WorkloadPilot    1: 16 op, 2084.00 ns, 130.2500 ns/op
WorkloadPilot    2: 767760 op, 67714447.00 ns, 88.1974 ns/op
WorkloadPilot    3: 1133824 op, 95355631.00 ns, 84.1009 ns/op
WorkloadPilot    4: 1189056 op, 18205409.00 ns, 15.3108 ns/op
WorkloadPilot    5: 6531344 op, 11849094.00 ns, 1.8142 ns/op
WorkloadPilot    6: 55121056 op, 99068510.00 ns, 1.7973 ns/op
WorkloadPilot    7: 55639344 op, 99451926.00 ns, 1.7874 ns/op
WorkloadPilot    8: 55945984 op, 100436430.00 ns, 1.7952 ns/op
WorkloadPilot    9: 55702880 op, 100060418.00 ns, 1.7963 ns/op
WorkloadPilot   10: 55669248 op, 99355624.00 ns, 1.7847 ns/op
WorkloadPilot   11: 56030304 op, 100010253.00 ns, 1.7849 ns/op

OverheadWarmup   1: 56030304 op, 142558882.00 ns, 2.5443 ns/op
OverheadWarmup   2: 56030304 op, 109475624.00 ns, 1.9539 ns/op
OverheadWarmup   3: 56030304 op, 86258206.00 ns, 1.5395 ns/op
OverheadWarmup   4: 56030304 op, 85987674.00 ns, 1.5347 ns/op
OverheadWarmup   5: 56030304 op, 86893088.00 ns, 1.5508 ns/op
OverheadWarmup   6: 56030304 op, 86706725.00 ns, 1.5475 ns/op
OverheadWarmup   7: 56030304 op, 86249439.00 ns, 1.5393 ns/op
OverheadWarmup   8: 56030304 op, 92912695.00 ns, 1.6583 ns/op
OverheadWarmup   9: 56030304 op, 86113762.00 ns, 1.5369 ns/op

OverheadActual   1: 56030304 op, 85483749.00 ns, 1.5257 ns/op
OverheadActual   2: 56030304 op, 85340829.00 ns, 1.5231 ns/op
OverheadActual   3: 56030304 op, 86141996.00 ns, 1.5374 ns/op
OverheadActual   4: 56030304 op, 87488405.00 ns, 1.5614 ns/op
OverheadActual   5: 56030304 op, 85547250.00 ns, 1.5268 ns/op
OverheadActual   6: 56030304 op, 85064346.00 ns, 1.5182 ns/op
OverheadActual   7: 56030304 op, 85346980.00 ns, 1.5232 ns/op
OverheadActual   8: 56030304 op, 84196993.00 ns, 1.5027 ns/op
OverheadActual   9: 56030304 op, 84072748.00 ns, 1.5005 ns/op
OverheadActual  10: 56030304 op, 84107454.00 ns, 1.5011 ns/op
OverheadActual  11: 56030304 op, 84113485.00 ns, 1.5012 ns/op
OverheadActual  12: 56030304 op, 84078469.00 ns, 1.5006 ns/op
OverheadActual  13: 56030304 op, 84146638.00 ns, 1.5018 ns/op
OverheadActual  14: 56030304 op, 84156266.00 ns, 1.5020 ns/op
OverheadActual  15: 56030304 op, 84986779.00 ns, 1.5168 ns/op

WorkloadWarmup   1: 56030304 op, 98005778.00 ns, 1.7492 ns/op
WorkloadWarmup   2: 56030304 op, 98903117.00 ns, 1.7652 ns/op
WorkloadWarmup   3: 56030304 op, 99840562.00 ns, 1.7819 ns/op
WorkloadWarmup   4: 56030304 op, 99562115.00 ns, 1.7769 ns/op
WorkloadWarmup   5: 56030304 op, 98832043.00 ns, 1.7639 ns/op
WorkloadWarmup   6: 56030304 op, 107866367.00 ns, 1.9251 ns/op
WorkloadWarmup   7: 56030304 op, 104454949.00 ns, 1.8643 ns/op

// BeforeActualRun
WorkloadActual   1: 56030304 op, 102569909.00 ns, 1.8306 ns/op
WorkloadActual   2: 56030304 op, 98736852.00 ns, 1.7622 ns/op
WorkloadActual   3: 56030304 op, 100847549.00 ns, 1.7999 ns/op
WorkloadActual   4: 56030304 op, 98828686.00 ns, 1.7638 ns/op
WorkloadActual   5: 56030304 op, 98437275.00 ns, 1.7569 ns/op
WorkloadActual   6: 56030304 op, 98608409.00 ns, 1.7599 ns/op
WorkloadActual   7: 56030304 op, 99208826.00 ns, 1.7706 ns/op
WorkloadActual   8: 56030304 op, 99283317.00 ns, 1.7720 ns/op
WorkloadActual   9: 56030304 op, 98485426.00 ns, 1.7577 ns/op
WorkloadActual  10: 56030304 op, 98291750.00 ns, 1.7543 ns/op
WorkloadActual  11: 56030304 op, 99078709.00 ns, 1.7683 ns/op
WorkloadActual  12: 56030304 op, 100084323.00 ns, 1.7863 ns/op
WorkloadActual  13: 56030304 op, 97577728.00 ns, 1.7415 ns/op
WorkloadActual  14: 56030304 op, 98486218.00 ns, 1.7577 ns/op
WorkloadActual  15: 56030304 op, 98237587.00 ns, 1.7533 ns/op

// AfterActualRun
WorkloadResult   1: 56030304 op, 13750073.00 ns, 0.2454 ns/op
WorkloadResult   2: 56030304 op, 13841907.00 ns, 0.2470 ns/op
WorkloadResult   3: 56030304 op, 13450496.00 ns, 0.2401 ns/op
WorkloadResult   4: 56030304 op, 13621630.00 ns, 0.2431 ns/op
WorkloadResult   5: 56030304 op, 14222047.00 ns, 0.2538 ns/op
WorkloadResult   6: 56030304 op, 14296538.00 ns, 0.2552 ns/op
WorkloadResult   7: 56030304 op, 13498647.00 ns, 0.2409 ns/op
WorkloadResult   8: 56030304 op, 13304971.00 ns, 0.2375 ns/op
WorkloadResult   9: 56030304 op, 14091930.00 ns, 0.2515 ns/op
WorkloadResult  10: 56030304 op, 15097544.00 ns, 0.2695 ns/op
WorkloadResult  11: 56030304 op, 12590949.00 ns, 0.2247 ns/op
WorkloadResult  12: 56030304 op, 13499439.00 ns, 0.2409 ns/op
WorkloadResult  13: 56030304 op, 13250808.00 ns, 0.2365 ns/op
// GC:  0 0 0 0 56030304
// Threading:  0 0 56030304

// AfterAll
// Benchmark Process 9681 has exited with code 0.

Mean = 0.245 ns, StdErr = 0.003 ns (1.23%), N = 13, StdDev = 0.011 ns
Min = 0.225 ns, Q1 = 0.240 ns, Median = 0.243 ns, Q3 = 0.252 ns, Max = 0.269 ns
IQR = 0.011 ns, LowerFence = 0.223 ns, UpperFence = 0.269 ns
ConfidenceInterval = [0.232 ns; 0.258 ns] (CI 99.9%), Margin = 0.013 ns (5.33% of Mean)
Skewness = 0.39, Kurtosis = 3, MValue = 2.29

// ** Remained 12 (46.2%) benchmark(s) to run. Estimated finish 2026-03-01 9:44 (0h 1m from now) **
// **************************
// Benchmark: Scenario1.S1_ReturnOptionStringErrorWithMessage_EnumerationsOptionsBoxed: .NET 10.0(Runtime=.NET 10.0, IterationTime=100ms) [Iterations=2]
// *** Execute ***
// Launch: 1 / 1
// Execute: dotnet "Enumerations.Options.Benchmarks-.NET 10.0-1.dll" --anonymousPipes 113 114 --benchmarkName "ReillyDigital.Enumerations.Options.Benchmarks.Scenarios.Scenario1.S1_ReturnOptionStringErrorWithMessage_EnumerationsOptionsBoxed(Iterations: 2)" --job ".NET 10.0" --benchmarkId 14 in /media/andrew/Slowverflow/x/devs/reilly-digital/dotnet/enumerations.options/src/Enumerations.Options.Benchmarks/bin/Debug/net10.0/Enumerations.Options.Benchmarks-.NET 10.0-1/bin/Release/net10.0
// Failed to set up high priority (Permission denied). In order to run benchmarks with high priority, make sure you have the right permissions.
// BeforeAnythingElse

// Benchmark Process Environment Information:
// BenchmarkDotNet v0.15.8
// Runtime=.NET 10.0.3 (10.0.3, 10.0.326.7603), X64 RyuJIT x86-64-v3
// GC=Concurrent Workstation
// HardwareIntrinsics=AVX2+BMI1+BMI2+F16C+FMA+LZCNT+MOVBE,AVX,SSE3+SSSE3+SSE4.1+SSE4.2+POPCNT,X86Base+SSE+SSE2,AES+PCLMUL VectorSize=256
// Job: .NET 10.0(IterationTime=100ms)

OverheadJitting  1: 1 op, 150515.00 ns, 150.5150 us/op
WorkloadJitting  1: 1 op, 2716674.00 ns, 2.7167 ms/op

OverheadJitting  2: 16 op, 209837.00 ns, 13.1148 us/op
WorkloadJitting  2: 16 op, 205279.00 ns, 12.8299 us/op

WorkloadPilot    1: 16 op, 2475.00 ns, 154.6875 ns/op
WorkloadPilot    2: 646480 op, 40511161.00 ns, 62.6642 ns/op
WorkloadPilot    3: 1595808 op, 91566496.00 ns, 57.3794 ns/op
WorkloadPilot    4: 1742800 op, 45186804.00 ns, 25.9277 ns/op
WorkloadPilot    5: 3856880 op, 37930255.00 ns, 9.8344 ns/op
WorkloadPilot    6: 10168352 op, 99289469.00 ns, 9.7646 ns/op
WorkloadPilot    7: 10241120 op, 98228971.00 ns, 9.5916 ns/op
WorkloadPilot    8: 10425776 op, 101599112.00 ns, 9.7450 ns/op
WorkloadPilot    9: 10261680 op, 101711023.00 ns, 9.9117 ns/op
WorkloadPilot   10: 10089056 op, 98378414.00 ns, 9.7510 ns/op
WorkloadPilot   11: 10255360 op, 105648689.00 ns, 10.3018 ns/op

OverheadWarmup   1: 10255360 op, 28300963.00 ns, 2.7596 ns/op
OverheadWarmup   2: 10255360 op, 27879154.00 ns, 2.7185 ns/op
OverheadWarmup   3: 10255360 op, 27889314.00 ns, 2.7195 ns/op
OverheadWarmup   4: 10255360 op, 27993040.00 ns, 2.7296 ns/op
OverheadWarmup   5: 10255360 op, 27880988.00 ns, 2.7187 ns/op
OverheadWarmup   6: 10255360 op, 27890015.00 ns, 2.7196 ns/op
OverheadWarmup   7: 10255360 op, 27879856.00 ns, 2.7186 ns/op

OverheadActual   1: 10255360 op, 27815634.00 ns, 2.7123 ns/op
OverheadActual   2: 10255360 op, 27806397.00 ns, 2.7114 ns/op
OverheadActual   3: 10255360 op, 27797831.00 ns, 2.7106 ns/op
OverheadActual   4: 10255360 op, 27921756.00 ns, 2.7227 ns/op
OverheadActual   5: 10255360 op, 27844489.00 ns, 2.7151 ns/op
OverheadActual   6: 10255360 op, 27874415.00 ns, 2.7180 ns/op
OverheadActual   7: 10255360 op, 27898391.00 ns, 2.7204 ns/op
OverheadActual   8: 10255360 op, 27918879.00 ns, 2.7224 ns/op
OverheadActual   9: 10255360 op, 27881860.00 ns, 2.7188 ns/op
OverheadActual  10: 10255360 op, 27911405.00 ns, 2.7216 ns/op
OverheadActual  11: 10255360 op, 21492112.00 ns, 2.0957 ns/op
OverheadActual  12: 10255360 op, 18024737.00 ns, 1.7576 ns/op
OverheadActual  13: 10255360 op, 17996263.00 ns, 1.7548 ns/op
OverheadActual  14: 10255360 op, 18085141.00 ns, 1.7635 ns/op
OverheadActual  15: 10255360 op, 18004338.00 ns, 1.7556 ns/op
OverheadActual  16: 10255360 op, 18195370.00 ns, 1.7742 ns/op
OverheadActual  17: 10255360 op, 17934716.00 ns, 1.7488 ns/op
OverheadActual  18: 10255360 op, 18034255.00 ns, 1.7585 ns/op
OverheadActual  19: 10255360 op, 18095360.00 ns, 1.7645 ns/op
OverheadActual  20: 10255360 op, 18049143.00 ns, 1.7600 ns/op

WorkloadWarmup   1: 10255360 op, 104672581.00 ns, 10.2066 ns/op
WorkloadWarmup   2: 10255360 op, 114890166.00 ns, 11.2029 ns/op
WorkloadWarmup   3: 10255360 op, 126072328.00 ns, 12.2933 ns/op
WorkloadWarmup   4: 10255360 op, 101429770.00 ns, 9.8904 ns/op
WorkloadWarmup   5: 10255360 op, 100511302.00 ns, 9.8009 ns/op
WorkloadWarmup   6: 10255360 op, 100753631.00 ns, 9.8245 ns/op
WorkloadWarmup   7: 10255360 op, 100395602.00 ns, 9.7896 ns/op

// BeforeActualRun
WorkloadActual   1: 10255360 op, 105735463.00 ns, 10.3103 ns/op
WorkloadActual   2: 10255360 op, 101193824.00 ns, 9.8674 ns/op
WorkloadActual   3: 10255360 op, 116510493.00 ns, 11.3609 ns/op
WorkloadActual   4: 10255360 op, 99469739.00 ns, 9.6993 ns/op
WorkloadActual   5: 10255360 op, 99214947.00 ns, 9.6744 ns/op
WorkloadActual   6: 10255360 op, 99207363.00 ns, 9.6737 ns/op
WorkloadActual   7: 10255360 op, 99693163.00 ns, 9.7211 ns/op
WorkloadActual   8: 10255360 op, 103971022.00 ns, 10.1382 ns/op
WorkloadActual   9: 10255360 op, 99564148.00 ns, 9.7085 ns/op
WorkloadActual  10: 10255360 op, 102609374.00 ns, 10.0054 ns/op
WorkloadActual  11: 10255360 op, 98349419.00 ns, 9.5901 ns/op
WorkloadActual  12: 10255360 op, 100274944.00 ns, 9.7778 ns/op
WorkloadActual  13: 10255360 op, 97708706.00 ns, 9.5276 ns/op
WorkloadActual  14: 10255360 op, 100013669.00 ns, 9.7523 ns/op
WorkloadActual  15: 10255360 op, 98446893.00 ns, 9.5996 ns/op
WorkloadActual  16: 10255360 op, 100256028.00 ns, 9.7760 ns/op
WorkloadActual  17: 10255360 op, 98499192.00 ns, 9.6047 ns/op

// AfterActualRun
WorkloadResult   1: 10255360 op, 76548852.50 ns, 7.4643 ns/op
WorkloadResult   2: 10255360 op, 74824767.50 ns, 7.2962 ns/op
WorkloadResult   3: 10255360 op, 74569975.50 ns, 7.2713 ns/op
WorkloadResult   4: 10255360 op, 74562391.50 ns, 7.2706 ns/op
WorkloadResult   5: 10255360 op, 75048191.50 ns, 7.3179 ns/op
WorkloadResult   6: 10255360 op, 79326050.50 ns, 7.7351 ns/op
WorkloadResult   7: 10255360 op, 74919176.50 ns, 7.3054 ns/op
WorkloadResult   8: 10255360 op, 77964402.50 ns, 7.6023 ns/op
WorkloadResult   9: 10255360 op, 73704447.50 ns, 7.1869 ns/op
WorkloadResult  10: 10255360 op, 75629972.50 ns, 7.3747 ns/op
WorkloadResult  11: 10255360 op, 73063734.50 ns, 7.1244 ns/op
WorkloadResult  12: 10255360 op, 75368697.50 ns, 7.3492 ns/op
WorkloadResult  13: 10255360 op, 73801921.50 ns, 7.1964 ns/op
WorkloadResult  14: 10255360 op, 75611056.50 ns, 7.3728 ns/op
WorkloadResult  15: 10255360 op, 73854220.50 ns, 7.2015 ns/op
// GC:  78 0 0 656343040 10255360
// Threading:  0 0 10255360

// AfterAll
// Benchmark Process 9746 has exited with code 0.

Mean = 7.338 ns, StdErr = 0.042 ns (0.57%), N = 15, StdDev = 0.162 ns
Min = 7.124 ns, Q1 = 7.236 ns, Median = 7.305 ns, Q3 = 7.374 ns, Max = 7.735 ns
IQR = 0.138 ns, LowerFence = 7.029 ns, UpperFence = 7.580 ns
ConfidenceInterval = [7.165 ns; 7.511 ns] (CI 99.9%), Margin = 0.173 ns (2.35% of Mean)
Skewness = 1.01, Kurtosis = 3.27, MValue = 2

// ** Remained 11 (42.3%) benchmark(s) to run. Estimated finish 2026-03-01 9:44 (0h 0m from now) **
// **************************
// Benchmark: Scenario1.S1_ReturnOptionStringErrorWithMessage_EnumerationsOptions: .NET 10.0(Runtime=.NET 10.0, IterationTime=100ms) [Iterations=2]
// *** Execute ***
// Launch: 1 / 1
// Execute: dotnet "Enumerations.Options.Benchmarks-.NET 10.0-1.dll" --anonymousPipes 113 114 --benchmarkName "ReillyDigital.Enumerations.Options.Benchmarks.Scenarios.Scenario1.S1_ReturnOptionStringErrorWithMessage_EnumerationsOptions(Iterations: 2)" --job ".NET 10.0" --benchmarkId 15 in /media/andrew/Slowverflow/x/devs/reilly-digital/dotnet/enumerations.options/src/Enumerations.Options.Benchmarks/bin/Debug/net10.0/Enumerations.Options.Benchmarks-.NET 10.0-1/bin/Release/net10.0
// Failed to set up high priority (Permission denied). In order to run benchmarks with high priority, make sure you have the right permissions.
// BeforeAnythingElse

// Benchmark Process Environment Information:
// BenchmarkDotNet v0.15.8
// Runtime=.NET 10.0.3 (10.0.3, 10.0.326.7603), X64 RyuJIT x86-64-v3
// GC=Concurrent Workstation
// HardwareIntrinsics=AVX2+BMI1+BMI2+F16C+FMA+LZCNT+MOVBE,AVX,SSE3+SSSE3+SSE4.1+SSE4.2+POPCNT,X86Base+SSE+SSE2,AES+PCLMUL VectorSize=256
// Job: .NET 10.0(IterationTime=100ms)

OverheadJitting  1: 1 op, 152509.00 ns, 152.5090 us/op
WorkloadJitting  1: 1 op, 3264271.00 ns, 3.2643 ms/op

OverheadJitting  2: 16 op, 252037.00 ns, 15.7523 us/op
WorkloadJitting  2: 16 op, 205930.00 ns, 12.8706 us/op

WorkloadPilot    1: 16 op, 1944.00 ns, 121.5000 ns/op
WorkloadPilot    2: 823056 op, 67003610.00 ns, 81.4083 ns/op
WorkloadPilot    3: 1228384 op, 99165152.00 ns, 80.7281 ns/op
WorkloadPilot    4: 1238736 op, 20910711.00 ns, 16.8807 ns/op
WorkloadPilot    5: 5923936 op, 10560435.00 ns, 1.7827 ns/op
WorkloadPilot    6: 56095568 op, 99528581.00 ns, 1.7743 ns/op
WorkloadPilot    7: 56361280 op, 100715188.00 ns, 1.7870 ns/op
WorkloadPilot    8: 55961056 op, 99092064.00 ns, 1.7707 ns/op
WorkloadPilot    9: 56473808 op, 100125932.00 ns, 1.7730 ns/op
WorkloadPilot   10: 56402784 op, 99879315.00 ns, 1.7708 ns/op
WorkloadPilot   11: 56470944 op, 100968027.00 ns, 1.7880 ns/op

OverheadWarmup   1: 56470944 op, 153807169.00 ns, 2.7237 ns/op
OverheadWarmup   2: 56470944 op, 106948079.00 ns, 1.8939 ns/op
OverheadWarmup   3: 56470944 op, 84858336.00 ns, 1.5027 ns/op
OverheadWarmup   4: 56470944 op, 84692772.00 ns, 1.4998 ns/op
OverheadWarmup   5: 56470944 op, 84743568.00 ns, 1.5007 ns/op
OverheadWarmup   6: 56470944 op, 85710329.00 ns, 1.5178 ns/op
OverheadWarmup   7: 56470944 op, 85025201.00 ns, 1.5056 ns/op
OverheadWarmup   8: 56470944 op, 92512548.00 ns, 1.6382 ns/op
OverheadWarmup   9: 56470944 op, 85924895.00 ns, 1.5216 ns/op

OverheadActual   1: 56470944 op, 85955593.00 ns, 1.5221 ns/op
OverheadActual   2: 56470944 op, 85804668.00 ns, 1.5194 ns/op
OverheadActual   3: 56470944 op, 85550866.00 ns, 1.5150 ns/op
OverheadActual   4: 56470944 op, 85930906.00 ns, 1.5217 ns/op
OverheadActual   5: 56470944 op, 85569882.00 ns, 1.5153 ns/op
OverheadActual   6: 56470944 op, 85822662.00 ns, 1.5198 ns/op
OverheadActual   7: 56470944 op, 85527933.00 ns, 1.5145 ns/op
OverheadActual   8: 56470944 op, 85751577.00 ns, 1.5185 ns/op
OverheadActual   9: 56470944 op, 85315290.00 ns, 1.5108 ns/op
OverheadActual  10: 56470944 op, 85958559.00 ns, 1.5222 ns/op
OverheadActual  11: 56470944 op, 85544495.00 ns, 1.5148 ns/op
OverheadActual  12: 56470944 op, 85643983.00 ns, 1.5166 ns/op
OverheadActual  13: 56470944 op, 85930806.00 ns, 1.5217 ns/op
OverheadActual  14: 56470944 op, 86061634.00 ns, 1.5240 ns/op
OverheadActual  15: 56470944 op, 85955653.00 ns, 1.5221 ns/op

WorkloadWarmup   1: 56470944 op, 99798773.00 ns, 1.7673 ns/op
WorkloadWarmup   2: 56470944 op, 100408137.00 ns, 1.7780 ns/op
WorkloadWarmup   3: 56470944 op, 99952103.00 ns, 1.7700 ns/op
WorkloadWarmup   4: 56470944 op, 100263893.00 ns, 1.7755 ns/op
WorkloadWarmup   5: 56470944 op, 99857554.00 ns, 1.7683 ns/op
WorkloadWarmup   6: 56470944 op, 100310301.00 ns, 1.7763 ns/op

// BeforeActualRun
WorkloadActual   1: 56470944 op, 100293089.00 ns, 1.7760 ns/op
WorkloadActual   2: 56470944 op, 100213558.00 ns, 1.7746 ns/op
WorkloadActual   3: 56470944 op, 102719472.00 ns, 1.8190 ns/op
WorkloadActual   4: 56470944 op, 98268104.00 ns, 1.7402 ns/op
WorkloadActual   5: 56470944 op, 98256432.00 ns, 1.7399 ns/op
WorkloadActual   6: 56470944 op, 98395687.00 ns, 1.7424 ns/op
WorkloadActual   7: 56470944 op, 98448487.00 ns, 1.7433 ns/op
WorkloadActual   8: 56470944 op, 98311156.00 ns, 1.7409 ns/op
WorkloadActual   9: 56470944 op, 98556671.00 ns, 1.7453 ns/op
WorkloadActual  10: 56470944 op, 100719085.00 ns, 1.7836 ns/op
WorkloadActual  11: 56470944 op, 99401160.00 ns, 1.7602 ns/op
WorkloadActual  12: 56470944 op, 100803875.00 ns, 1.7851 ns/op
WorkloadActual  13: 56470944 op, 100774260.00 ns, 1.7845 ns/op
WorkloadActual  14: 56470944 op, 99048512.00 ns, 1.7540 ns/op
WorkloadActual  15: 56470944 op, 98596827.00 ns, 1.7460 ns/op

// AfterActualRun
WorkloadResult   1: 56470944 op, 14488421.00 ns, 0.2566 ns/op
WorkloadResult   2: 56470944 op, 14408890.00 ns, 0.2552 ns/op
WorkloadResult   3: 56470944 op, 16914804.00 ns, 0.2995 ns/op
WorkloadResult   4: 56470944 op, 12463436.00 ns, 0.2207 ns/op
WorkloadResult   5: 56470944 op, 12451764.00 ns, 0.2205 ns/op
WorkloadResult   6: 56470944 op, 12591019.00 ns, 0.2230 ns/op
WorkloadResult   7: 56470944 op, 12643819.00 ns, 0.2239 ns/op
WorkloadResult   8: 56470944 op, 12506488.00 ns, 0.2215 ns/op
WorkloadResult   9: 56470944 op, 12752003.00 ns, 0.2258 ns/op
WorkloadResult  10: 56470944 op, 14914417.00 ns, 0.2641 ns/op
WorkloadResult  11: 56470944 op, 13596492.00 ns, 0.2408 ns/op
WorkloadResult  12: 56470944 op, 14999207.00 ns, 0.2656 ns/op
WorkloadResult  13: 56470944 op, 14969592.00 ns, 0.2651 ns/op
WorkloadResult  14: 56470944 op, 13243844.00 ns, 0.2345 ns/op
WorkloadResult  15: 56470944 op, 12792159.00 ns, 0.2265 ns/op
// GC:  0 0 0 0 56470944
// Threading:  0 0 56470944

// AfterAll
// Benchmark Process 9778 has exited with code 0.

Mean = 0.243 ns, StdErr = 0.006 ns (2.52%), N = 15, StdDev = 0.024 ns
Min = 0.220 ns, Q1 = 0.223 ns, Median = 0.235 ns, Q3 = 0.260 ns, Max = 0.300 ns
IQR = 0.037 ns, LowerFence = 0.168 ns, UpperFence = 0.316 ns
ConfidenceInterval = [0.218 ns; 0.268 ns] (CI 99.9%), Margin = 0.025 ns (10.42% of Mean)
Skewness = 0.81, Kurtosis = 2.59, MValue = 2.22

// ** Remained 10 (38.5%) benchmark(s) to run. Estimated finish 2026-03-01 9:44 (0h 0m from now) **
// **************************
// Benchmark: Scenario1.S1_ReturnOptionStringNone_EnumerationsOptionsBoxed: .NET 10.0(Runtime=.NET 10.0, IterationTime=100ms) [Iterations=2]
// *** Execute ***
// Launch: 1 / 1
// Execute: dotnet "Enumerations.Options.Benchmarks-.NET 10.0-1.dll" --anonymousPipes 113 114 --benchmarkName "ReillyDigital.Enumerations.Options.Benchmarks.Scenarios.Scenario1.S1_ReturnOptionStringNone_EnumerationsOptionsBoxed(Iterations: 2)" --job ".NET 10.0" --benchmarkId 16 in /media/andrew/Slowverflow/x/devs/reilly-digital/dotnet/enumerations.options/src/Enumerations.Options.Benchmarks/bin/Debug/net10.0/Enumerations.Options.Benchmarks-.NET 10.0-1/bin/Release/net10.0
// Failed to set up high priority (Permission denied). In order to run benchmarks with high priority, make sure you have the right permissions.
// BeforeAnythingElse

// Benchmark Process Environment Information:
// BenchmarkDotNet v0.15.8
// Runtime=.NET 10.0.3 (10.0.3, 10.0.326.7603), X64 RyuJIT x86-64-v3
// GC=Concurrent Workstation
// HardwareIntrinsics=AVX2+BMI1+BMI2+F16C+FMA+LZCNT+MOVBE,AVX,SSE3+SSSE3+SSE4.1+SSE4.2+POPCNT,X86Base+SSE+SSE2,AES+PCLMUL VectorSize=256
// Job: .NET 10.0(IterationTime=100ms)

OverheadJitting  1: 1 op, 152489.00 ns, 152.4890 us/op
WorkloadJitting  1: 1 op, 2781627.00 ns, 2.7816 ms/op

OverheadJitting  2: 16 op, 194177.00 ns, 12.1361 us/op
WorkloadJitting  2: 16 op, 196392.00 ns, 12.2745 us/op

WorkloadPilot    1: 16 op, 982.00 ns, 61.3750 ns/op
WorkloadPilot    2: 1629328 op, 49524818.00 ns, 30.3959 ns/op
WorkloadPilot    3: 3289936 op, 99626817.00 ns, 30.2823 ns/op
WorkloadPilot    4: 3302272 op, 27816005.00 ns, 8.4233 ns/op
WorkloadPilot    5: 11871856 op, 20978730.00 ns, 1.7671 ns/op
WorkloadPilot    6: 56589968 op, 99283407.00 ns, 1.7544 ns/op
WorkloadPilot    7: 56998416 op, 102962061.00 ns, 1.8064 ns/op
WorkloadPilot    8: 55358672 op, 98575406.00 ns, 1.7807 ns/op
WorkloadPilot    9: 56158720 op, 101008913.00 ns, 1.7986 ns/op
WorkloadPilot   10: 55597792 op, 98460159.00 ns, 1.7709 ns/op
WorkloadPilot   11: 56467312 op, 102353580.00 ns, 1.8126 ns/op

OverheadWarmup   1: 56467312 op, 139018058.00 ns, 2.4619 ns/op
OverheadWarmup   2: 56467312 op, 110420313.00 ns, 1.9555 ns/op
OverheadWarmup   3: 56467312 op, 85574883.00 ns, 1.5155 ns/op
OverheadWarmup   4: 56467312 op, 85004913.00 ns, 1.5054 ns/op
OverheadWarmup   5: 56467312 op, 85459293.00 ns, 1.5134 ns/op
OverheadWarmup   6: 56467312 op, 85130531.00 ns, 1.5076 ns/op
OverheadWarmup   7: 56467312 op, 87796569.00 ns, 1.5548 ns/op
OverheadWarmup   8: 56467312 op, 87877041.00 ns, 1.5562 ns/op
OverheadWarmup   9: 56467312 op, 85314318.00 ns, 1.5109 ns/op

OverheadActual   1: 56467312 op, 84819782.00 ns, 1.5021 ns/op
OverheadActual   2: 56467312 op, 85046482.00 ns, 1.5061 ns/op
OverheadActual   3: 56467312 op, 84917197.00 ns, 1.5038 ns/op
OverheadActual   4: 56467312 op, 84956191.00 ns, 1.5045 ns/op
OverheadActual   5: 56467312 op, 84825954.00 ns, 1.5022 ns/op
OverheadActual   6: 56467312 op, 84985316.00 ns, 1.5050 ns/op
OverheadActual   7: 56467312 op, 85213397.00 ns, 1.5091 ns/op
OverheadActual   8: 56467312 op, 84781890.00 ns, 1.5014 ns/op
OverheadActual   9: 56467312 op, 84933218.00 ns, 1.5041 ns/op
OverheadActual  10: 56467312 op, 85074755.00 ns, 1.5066 ns/op
OverheadActual  11: 56467312 op, 84946211.00 ns, 1.5043 ns/op
OverheadActual  12: 56467312 op, 85046452.00 ns, 1.5061 ns/op
OverheadActual  13: 56467312 op, 85065628.00 ns, 1.5065 ns/op
OverheadActual  14: 56467312 op, 85191616.00 ns, 1.5087 ns/op
OverheadActual  15: 56467312 op, 85054447.00 ns, 1.5063 ns/op

WorkloadWarmup   1: 56467312 op, 99706328.00 ns, 1.7657 ns/op
WorkloadWarmup   2: 56467312 op, 99203386.00 ns, 1.7568 ns/op
WorkloadWarmup   3: 56467312 op, 99258320.00 ns, 1.7578 ns/op
WorkloadWarmup   4: 56467312 op, 99607029.00 ns, 1.7640 ns/op
WorkloadWarmup   5: 56467312 op, 99113385.00 ns, 1.7552 ns/op
WorkloadWarmup   6: 56467312 op, 99171355.00 ns, 1.7563 ns/op
WorkloadWarmup   7: 56467312 op, 99098907.00 ns, 1.7550 ns/op

// BeforeActualRun
WorkloadActual   1: 56467312 op, 99087456.00 ns, 1.7548 ns/op
WorkloadActual   2: 56467312 op, 98978440.00 ns, 1.7528 ns/op
WorkloadActual   3: 56467312 op, 98896405.00 ns, 1.7514 ns/op
WorkloadActual   4: 56467312 op, 98996754.00 ns, 1.7532 ns/op
WorkloadActual   5: 56467312 op, 98958001.00 ns, 1.7525 ns/op
WorkloadActual   6: 56467312 op, 99025329.00 ns, 1.7537 ns/op
WorkloadActual   7: 56467312 op, 98789372.00 ns, 1.7495 ns/op
WorkloadActual   8: 56467312 op, 99332670.00 ns, 1.7591 ns/op
WorkloadActual   9: 56467312 op, 98985904.00 ns, 1.7530 ns/op
WorkloadActual  10: 56467312 op, 99088067.00 ns, 1.7548 ns/op
WorkloadActual  11: 56467312 op, 100869881.00 ns, 1.7863 ns/op
WorkloadActual  12: 56467312 op, 100522833.00 ns, 1.7802 ns/op
WorkloadActual  13: 56467312 op, 98695094.00 ns, 1.7478 ns/op
WorkloadActual  14: 56467312 op, 98849996.00 ns, 1.7506 ns/op
WorkloadActual  15: 56467312 op, 98647643.00 ns, 1.7470 ns/op

// AfterActualRun
WorkloadResult   1: 56467312 op, 14102140.00 ns, 0.2497 ns/op
WorkloadResult   2: 56467312 op, 13993124.00 ns, 0.2478 ns/op
WorkloadResult   3: 56467312 op, 13911089.00 ns, 0.2464 ns/op
WorkloadResult   4: 56467312 op, 14011438.00 ns, 0.2481 ns/op
WorkloadResult   5: 56467312 op, 13972685.00 ns, 0.2474 ns/op
WorkloadResult   6: 56467312 op, 14040013.00 ns, 0.2486 ns/op
WorkloadResult   7: 56467312 op, 13804056.00 ns, 0.2445 ns/op
WorkloadResult   8: 56467312 op, 14347354.00 ns, 0.2541 ns/op
WorkloadResult   9: 56467312 op, 14000588.00 ns, 0.2479 ns/op
WorkloadResult  10: 56467312 op, 14102751.00 ns, 0.2498 ns/op
WorkloadResult  11: 56467312 op, 13709778.00 ns, 0.2428 ns/op
WorkloadResult  12: 56467312 op, 13864680.00 ns, 0.2455 ns/op
WorkloadResult  13: 56467312 op, 13662327.00 ns, 0.2420 ns/op
// GC:  0 0 0 0 56467312
// Threading:  0 0 56467312

// AfterAll
// Benchmark Process 9810 has exited with code 0.

Mean = 0.247 ns, StdErr = 0.001 ns (0.36%), N = 13, StdDev = 0.003 ns
Min = 0.242 ns, Q1 = 0.246 ns, Median = 0.248 ns, Q3 = 0.249 ns, Max = 0.254 ns
IQR = 0.003 ns, LowerFence = 0.241 ns, UpperFence = 0.253 ns
ConfidenceInterval = [0.243 ns; 0.251 ns] (CI 99.9%), Margin = 0.004 ns (1.55% of Mean)
Skewness = 0.18, Kurtosis = 2.6, MValue = 2

// ** Remained 9 (34.6%) benchmark(s) to run. Estimated finish 2026-03-01 9:44 (0h 0m from now) **
// **************************
// Benchmark: Scenario1.S1_ReturnOptionStringNone_EnumerationsOptions: .NET 10.0(Runtime=.NET 10.0, IterationTime=100ms) [Iterations=2]
// *** Execute ***
// Launch: 1 / 1
// Execute: dotnet "Enumerations.Options.Benchmarks-.NET 10.0-1.dll" --anonymousPipes 113 114 --benchmarkName "ReillyDigital.Enumerations.Options.Benchmarks.Scenarios.Scenario1.S1_ReturnOptionStringNone_EnumerationsOptions(Iterations: 2)" --job ".NET 10.0" --benchmarkId 17 in /media/andrew/Slowverflow/x/devs/reilly-digital/dotnet/enumerations.options/src/Enumerations.Options.Benchmarks/bin/Debug/net10.0/Enumerations.Options.Benchmarks-.NET 10.0-1/bin/Release/net10.0
// Failed to set up high priority (Permission denied). In order to run benchmarks with high priority, make sure you have the right permissions.
// BeforeAnythingElse

// Benchmark Process Environment Information:
// BenchmarkDotNet v0.15.8
// Runtime=.NET 10.0.3 (10.0.3, 10.0.326.7603), X64 RyuJIT x86-64-v3
// GC=Concurrent Workstation
// HardwareIntrinsics=AVX2+BMI1+BMI2+F16C+FMA+LZCNT+MOVBE,AVX,SSE3+SSSE3+SSE4.1+SSE4.2+POPCNT,X86Base+SSE+SSE2,AES+PCLMUL VectorSize=256
// Job: .NET 10.0(IterationTime=100ms)

OverheadJitting  1: 1 op, 156576.00 ns, 156.5760 us/op
WorkloadJitting  1: 1 op, 2767980.00 ns, 2.7680 ms/op

OverheadJitting  2: 16 op, 212722.00 ns, 13.2951 us/op
WorkloadJitting  2: 16 op, 205790.00 ns, 12.8619 us/op

WorkloadPilot    1: 16 op, 1853.00 ns, 115.8125 ns/op
WorkloadPilot    2: 863472 op, 70684149.00 ns, 81.8604 ns/op
WorkloadPilot    3: 1221600 op, 100799868.00 ns, 82.5146 ns/op
WorkloadPilot    4: 1211920 op, 16046352.00 ns, 13.2404 ns/op
WorkloadPilot    5: 7552624 op, 14162735.00 ns, 1.8752 ns/op
WorkloadPilot    6: 53327440 op, 93525826.00 ns, 1.7538 ns/op
WorkloadPilot    7: 57018960 op, 100006826.00 ns, 1.7539 ns/op
WorkloadPilot    8: 57015072 op, 99646254.00 ns, 1.7477 ns/op
WorkloadPilot    9: 57217488 op, 100150458.00 ns, 1.7503 ns/op

OverheadWarmup   1: 57217488 op, 144599916.00 ns, 2.5272 ns/op
OverheadWarmup   2: 57217488 op, 108392494.00 ns, 1.8944 ns/op
OverheadWarmup   3: 57217488 op, 86745909.00 ns, 1.5161 ns/op
OverheadWarmup   4: 57217488 op, 85813283.00 ns, 1.4998 ns/op
OverheadWarmup   5: 57217488 op, 85955392.00 ns, 1.5023 ns/op
OverheadWarmup   6: 57217488 op, 85930536.00 ns, 1.5018 ns/op
OverheadWarmup   7: 57217488 op, 85905067.00 ns, 1.5014 ns/op
OverheadWarmup   8: 57217488 op, 85899106.00 ns, 1.5013 ns/op
OverheadWarmup   9: 57217488 op, 85894728.00 ns, 1.5012 ns/op
OverheadWarmup  10: 57217488 op, 86394834.00 ns, 1.5099 ns/op

OverheadActual   1: 57217488 op, 86460949.00 ns, 1.5111 ns/op
OverheadActual   2: 57217488 op, 86553895.00 ns, 1.5127 ns/op
OverheadActual   3: 57217488 op, 85985559.00 ns, 1.5028 ns/op
OverheadActual   4: 57217488 op, 85999455.00 ns, 1.5030 ns/op
OverheadActual   5: 57217488 op, 86083705.00 ns, 1.5045 ns/op
OverheadActual   6: 57217488 op, 85994887.00 ns, 1.5029 ns/op
OverheadActual   7: 57217488 op, 85913082.00 ns, 1.5015 ns/op
OverheadActual   8: 57217488 op, 85975360.00 ns, 1.5026 ns/op
OverheadActual   9: 57217488 op, 85851575.00 ns, 1.5004 ns/op
OverheadActual  10: 57217488 op, 85784278.00 ns, 1.4993 ns/op
OverheadActual  11: 57217488 op, 86126105.00 ns, 1.5052 ns/op
OverheadActual  12: 57217488 op, 102460259.00 ns, 1.7907 ns/op
OverheadActual  13: 57217488 op, 86795923.00 ns, 1.5169 ns/op
OverheadActual  14: 57217488 op, 86078795.00 ns, 1.5044 ns/op
OverheadActual  15: 57217488 op, 87439722.00 ns, 1.5282 ns/op

WorkloadWarmup   1: 57217488 op, 102877469.00 ns, 1.7980 ns/op
WorkloadWarmup   2: 57217488 op, 101379493.00 ns, 1.7718 ns/op
WorkloadWarmup   3: 57217488 op, 102353747.00 ns, 1.7889 ns/op
WorkloadWarmup   4: 57217488 op, 102010076.00 ns, 1.7828 ns/op
WorkloadWarmup   5: 57217488 op, 103196353.00 ns, 1.8036 ns/op
WorkloadWarmup   6: 57217488 op, 103148121.00 ns, 1.8027 ns/op

// BeforeActualRun
WorkloadActual   1: 57217488 op, 102664426.00 ns, 1.7943 ns/op
WorkloadActual   2: 57217488 op, 102474616.00 ns, 1.7910 ns/op
WorkloadActual   3: 57217488 op, 102151524.00 ns, 1.7853 ns/op
WorkloadActual   4: 57217488 op, 101873759.00 ns, 1.7805 ns/op
WorkloadActual   5: 57217488 op, 102302491.00 ns, 1.7880 ns/op
WorkloadActual   6: 57217488 op, 100757144.00 ns, 1.7610 ns/op
WorkloadActual   7: 57217488 op, 101529377.00 ns, 1.7744 ns/op
WorkloadActual   8: 57217488 op, 100968134.00 ns, 1.7646 ns/op
WorkloadActual   9: 57217488 op, 100805165.00 ns, 1.7618 ns/op
WorkloadActual  10: 57217488 op, 100445445.00 ns, 1.7555 ns/op
WorkloadActual  11: 57217488 op, 100094701.00 ns, 1.7494 ns/op
WorkloadActual  12: 57217488 op, 101574973.00 ns, 1.7752 ns/op
WorkloadActual  13: 57217488 op, 100068280.00 ns, 1.7489 ns/op
WorkloadActual  14: 57217488 op, 102414903.00 ns, 1.7899 ns/op
WorkloadActual  15: 57217488 op, 101053876.00 ns, 1.7661 ns/op

// AfterActualRun
WorkloadResult   1: 57217488 op, 16585631.00 ns, 0.2899 ns/op
WorkloadResult   2: 57217488 op, 16395821.00 ns, 0.2866 ns/op
WorkloadResult   3: 57217488 op, 16072729.00 ns, 0.2809 ns/op
WorkloadResult   4: 57217488 op, 15794964.00 ns, 0.2761 ns/op
WorkloadResult   5: 57217488 op, 16223696.00 ns, 0.2835 ns/op
WorkloadResult   6: 57217488 op, 14678349.00 ns, 0.2565 ns/op
WorkloadResult   7: 57217488 op, 15450582.00 ns, 0.2700 ns/op
WorkloadResult   8: 57217488 op, 14889339.00 ns, 0.2602 ns/op
WorkloadResult   9: 57217488 op, 14726370.00 ns, 0.2574 ns/op
WorkloadResult  10: 57217488 op, 14366650.00 ns, 0.2511 ns/op
WorkloadResult  11: 57217488 op, 14015906.00 ns, 0.2450 ns/op
WorkloadResult  12: 57217488 op, 15496178.00 ns, 0.2708 ns/op
WorkloadResult  13: 57217488 op, 13989485.00 ns, 0.2445 ns/op
WorkloadResult  14: 57217488 op, 16336108.00 ns, 0.2855 ns/op
WorkloadResult  15: 57217488 op, 14975081.00 ns, 0.2617 ns/op
// GC:  0 0 0 0 57217488
// Threading:  0 0 57217488

// AfterAll
// Benchmark Process 9844 has exited with code 0.

Mean = 0.268 ns, StdErr = 0.004 ns (1.49%), N = 15, StdDev = 0.015 ns
Min = 0.244 ns, Q1 = 0.257 ns, Median = 0.270 ns, Q3 = 0.282 ns, Max = 0.290 ns
IQR = 0.025 ns, LowerFence = 0.219 ns, UpperFence = 0.320 ns
ConfidenceInterval = [0.251 ns; 0.284 ns] (CI 99.9%), Margin = 0.016 ns (6.15% of Mean)
Skewness = -0.08, Kurtosis = 1.46, MValue = 2

// ** Remained 8 (30.8%) benchmark(s) to run. Estimated finish 2026-03-01 9:44 (0h 0m from now) **
// **************************
// Benchmark: Scenario1.S1_ReturnOptionStringSuccess_EnumerationsOptionsBoxed: .NET 10.0(Runtime=.NET 10.0, IterationTime=100ms) [Iterations=2]
// *** Execute ***
// Launch: 1 / 1
// Execute: dotnet "Enumerations.Options.Benchmarks-.NET 10.0-1.dll" --anonymousPipes 113 114 --benchmarkName "ReillyDigital.Enumerations.Options.Benchmarks.Scenarios.Scenario1.S1_ReturnOptionStringSuccess_EnumerationsOptionsBoxed(Iterations: 2)" --job ".NET 10.0" --benchmarkId 18 in /media/andrew/Slowverflow/x/devs/reilly-digital/dotnet/enumerations.options/src/Enumerations.Options.Benchmarks/bin/Debug/net10.0/Enumerations.Options.Benchmarks-.NET 10.0-1/bin/Release/net10.0
// Failed to set up high priority (Permission denied). In order to run benchmarks with high priority, make sure you have the right permissions.
// BeforeAnythingElse

// Benchmark Process Environment Information:
// BenchmarkDotNet v0.15.8
// Runtime=.NET 10.0.3 (10.0.3, 10.0.326.7603), X64 RyuJIT x86-64-v3
// GC=Concurrent Workstation
// HardwareIntrinsics=AVX2+BMI1+BMI2+F16C+FMA+LZCNT+MOVBE,AVX,SSE3+SSSE3+SSE4.1+SSE4.2+POPCNT,X86Base+SSE+SSE2,AES+PCLMUL VectorSize=256
// Job: .NET 10.0(IterationTime=100ms)

OverheadJitting  1: 1 op, 151266.00 ns, 151.2660 us/op
WorkloadJitting  1: 1 op, 3107604.00 ns, 3.1076 ms/op

OverheadJitting  2: 16 op, 203245.00 ns, 12.7028 us/op
WorkloadJitting  2: 16 op, 211701.00 ns, 13.2313 us/op

WorkloadPilot    1: 16 op, 1894.00 ns, 118.3750 ns/op
WorkloadPilot    2: 844784 op, 42356650.00 ns, 50.1390 ns/op
WorkloadPilot    3: 1994464 op, 91332131.00 ns, 45.7928 ns/op
WorkloadPilot    4: 2183760 op, 66077939.00 ns, 30.2588 ns/op
WorkloadPilot    5: 3304832 op, 40337407.00 ns, 12.2056 ns/op
WorkloadPilot    6: 8192976 op, 100597091.00 ns, 12.2785 ns/op
WorkloadPilot    7: 8144352 op, 100550453.00 ns, 12.3460 ns/op
WorkloadPilot    8: 8099776 op, 97652196.00 ns, 12.0562 ns/op
WorkloadPilot    9: 8294528 op, 99639960.00 ns, 12.0127 ns/op
WorkloadPilot   10: 8324512 op, 104036092.00 ns, 12.4976 ns/op

OverheadWarmup   1: 8324512 op, 20778689.00 ns, 2.4961 ns/op
OverheadWarmup   2: 8324512 op, 22368559.00 ns, 2.6871 ns/op
OverheadWarmup   3: 8324512 op, 20781313.00 ns, 2.4964 ns/op
OverheadWarmup   4: 8324512 op, 21104005.00 ns, 2.5352 ns/op
OverheadWarmup   5: 8324512 op, 21034312.00 ns, 2.5268 ns/op

OverheadActual   1: 8324512 op, 21290918.00 ns, 2.5576 ns/op
OverheadActual   2: 8324512 op, 21005067.00 ns, 2.5233 ns/op
OverheadActual   3: 8324512 op, 21103674.00 ns, 2.5351 ns/op
OverheadActual   4: 8324512 op, 21004215.00 ns, 2.5232 ns/op
OverheadActual   5: 8324512 op, 20825497.00 ns, 2.5017 ns/op
OverheadActual   6: 8324512 op, 21039482.00 ns, 2.5274 ns/op
OverheadActual   7: 8324512 op, 20830376.00 ns, 2.5023 ns/op
OverheadActual   8: 8324512 op, 20708856.00 ns, 2.4877 ns/op
OverheadActual   9: 8324512 op, 20727722.00 ns, 2.4900 ns/op
OverheadActual  10: 8324512 op, 20830196.00 ns, 2.5023 ns/op
OverheadActual  11: 8324512 op, 20786744.00 ns, 2.4971 ns/op
OverheadActual  12: 8324512 op, 20843210.00 ns, 2.5038 ns/op
OverheadActual  13: 8324512 op, 20769301.00 ns, 2.4950 ns/op
OverheadActual  14: 8324512 op, 20721750.00 ns, 2.4892 ns/op
OverheadActual  15: 8324512 op, 20723314.00 ns, 2.4894 ns/op

WorkloadWarmup   1: 8324512 op, 98403599.00 ns, 11.8209 ns/op
WorkloadWarmup   2: 8324512 op, 100351236.00 ns, 12.0549 ns/op
WorkloadWarmup   3: 8324512 op, 100254263.00 ns, 12.0433 ns/op
WorkloadWarmup   4: 8324512 op, 99092433.00 ns, 11.9037 ns/op
WorkloadWarmup   5: 8324512 op, 97807991.00 ns, 11.7494 ns/op
WorkloadWarmup   6: 8324512 op, 96697007.00 ns, 11.6159 ns/op
WorkloadWarmup   7: 8324512 op, 97610878.00 ns, 11.7257 ns/op
WorkloadWarmup   8: 8324512 op, 97473187.00 ns, 11.7092 ns/op

// BeforeActualRun
WorkloadActual   1: 8324512 op, 99672862.00 ns, 11.9734 ns/op
WorkloadActual   2: 8324512 op, 102895964.00 ns, 12.3606 ns/op
WorkloadActual   3: 8324512 op, 103583926.00 ns, 12.4432 ns/op
WorkloadActual   4: 8324512 op, 101300794.00 ns, 12.1690 ns/op
WorkloadActual   5: 8324512 op, 102003745.00 ns, 12.2534 ns/op
WorkloadActual   6: 8324512 op, 101438995.00 ns, 12.1856 ns/op
WorkloadActual   7: 8324512 op, 101737831.00 ns, 12.2215 ns/op
WorkloadActual   8: 8324512 op, 101001567.00 ns, 12.1330 ns/op
WorkloadActual   9: 8324512 op, 104330951.00 ns, 12.5330 ns/op
WorkloadActual  10: 8324512 op, 101087570.00 ns, 12.1434 ns/op
WorkloadActual  11: 8324512 op, 103197405.00 ns, 12.3968 ns/op
WorkloadActual  12: 8324512 op, 101235581.00 ns, 12.1611 ns/op
WorkloadActual  13: 8324512 op, 103335927.00 ns, 12.4135 ns/op
WorkloadActual  14: 8324512 op, 101712574.00 ns, 12.2184 ns/op
WorkloadActual  15: 8324512 op, 102720943.00 ns, 12.3396 ns/op

// AfterActualRun
WorkloadResult   1: 8324512 op, 78842666.00 ns, 9.4711 ns/op
WorkloadResult   2: 8324512 op, 82065768.00 ns, 9.8583 ns/op
WorkloadResult   3: 8324512 op, 82753730.00 ns, 9.9410 ns/op
WorkloadResult   4: 8324512 op, 80470598.00 ns, 9.6667 ns/op
WorkloadResult   5: 8324512 op, 81173549.00 ns, 9.7511 ns/op
WorkloadResult   6: 8324512 op, 80608799.00 ns, 9.6833 ns/op
WorkloadResult   7: 8324512 op, 80907635.00 ns, 9.7192 ns/op
WorkloadResult   8: 8324512 op, 80171371.00 ns, 9.6308 ns/op
WorkloadResult   9: 8324512 op, 83500755.00 ns, 10.0307 ns/op
WorkloadResult  10: 8324512 op, 80257374.00 ns, 9.6411 ns/op
WorkloadResult  11: 8324512 op, 82367209.00 ns, 9.8945 ns/op
WorkloadResult  12: 8324512 op, 80405385.00 ns, 9.6589 ns/op
WorkloadResult  13: 8324512 op, 82505731.00 ns, 9.9112 ns/op
WorkloadResult  14: 8324512 op, 80882378.00 ns, 9.7162 ns/op
WorkloadResult  15: 8324512 op, 81890747.00 ns, 9.8373 ns/op
// GC:  63 0 0 532768768 8324512
// Threading:  0 0 8324512

// AfterAll
// Benchmark Process 9880 has exited with code 0.

Mean = 9.761 ns, StdErr = 0.038 ns (0.39%), N = 15, StdDev = 0.148 ns
Min = 9.471 ns, Q1 = 9.663 ns, Median = 9.719 ns, Q3 = 9.876 ns, Max = 10.031 ns
IQR = 0.214 ns, LowerFence = 9.342 ns, UpperFence = 10.197 ns
ConfidenceInterval = [9.603 ns; 9.919 ns] (CI 99.9%), Margin = 0.158 ns (1.62% of Mean)
Skewness = 0.04, Kurtosis = 2.11, MValue = 2

// ** Remained 7 (26.9%) benchmark(s) to run. Estimated finish 2026-03-01 9:44 (0h 0m from now) **
// **************************
// Benchmark: Scenario1.S1_ReturnOptionStringSuccess_EnumerationsOptions: .NET 10.0(Runtime=.NET 10.0, IterationTime=100ms) [Iterations=2]
// *** Execute ***
// Launch: 1 / 1
// Execute: dotnet "Enumerations.Options.Benchmarks-.NET 10.0-1.dll" --anonymousPipes 113 114 --benchmarkName "ReillyDigital.Enumerations.Options.Benchmarks.Scenarios.Scenario1.S1_ReturnOptionStringSuccess_EnumerationsOptions(Iterations: 2)" --job ".NET 10.0" --benchmarkId 19 in /media/andrew/Slowverflow/x/devs/reilly-digital/dotnet/enumerations.options/src/Enumerations.Options.Benchmarks/bin/Debug/net10.0/Enumerations.Options.Benchmarks-.NET 10.0-1/bin/Release/net10.0
// Failed to set up high priority (Permission denied). In order to run benchmarks with high priority, make sure you have the right permissions.
// BeforeAnythingElse

// Benchmark Process Environment Information:
// BenchmarkDotNet v0.15.8
// Runtime=.NET 10.0.3 (10.0.3, 10.0.326.7603), X64 RyuJIT x86-64-v3
// GC=Concurrent Workstation
// HardwareIntrinsics=AVX2+BMI1+BMI2+F16C+FMA+LZCNT+MOVBE,AVX,SSE3+SSSE3+SSE4.1+SSE4.2+POPCNT,X86Base+SSE+SSE2,AES+PCLMUL VectorSize=256
// Job: .NET 10.0(IterationTime=100ms)

OverheadJitting  1: 1 op, 154512.00 ns, 154.5120 us/op
WorkloadJitting  1: 1 op, 2946358.00 ns, 2.9464 ms/op

OverheadJitting  2: 16 op, 198455.00 ns, 12.4034 us/op
WorkloadJitting  2: 16 op, 201582.00 ns, 12.5989 us/op

WorkloadPilot    1: 16 op, 1874.00 ns, 117.1250 ns/op
WorkloadPilot    2: 853792 op, 66488086.00 ns, 77.8739 ns/op
WorkloadPilot    3: 1284128 op, 99210196.00 ns, 77.2588 ns/op
WorkloadPilot    4: 1294352 op, 2529409.00 ns, 1.9542 ns/op
WorkloadPilot    5: 51172112 op, 90487482.00 ns, 1.7683 ns/op
WorkloadPilot    6: 56551600 op, 101627793.00 ns, 1.7971 ns/op
WorkloadPilot    7: 55645808 op, 97131100.00 ns, 1.7455 ns/op
WorkloadPilot    8: 57289392 op, 103182627.00 ns, 1.8011 ns/op
WorkloadPilot    9: 55522336 op, 98623165.00 ns, 1.7763 ns/op
WorkloadPilot   10: 56297472 op, 98057163.00 ns, 1.7418 ns/op
WorkloadPilot   11: 57412912 op, 99975524.00 ns, 1.7413 ns/op
WorkloadPilot   12: 57426976 op, 100528502.00 ns, 1.7505 ns/op

OverheadWarmup   1: 57426976 op, 155126878.00 ns, 2.7013 ns/op
OverheadWarmup   2: 57426976 op, 106868545.00 ns, 1.8609 ns/op
OverheadWarmup   3: 57426976 op, 86401327.00 ns, 1.5045 ns/op
OverheadWarmup   4: 57426976 op, 86188533.00 ns, 1.5008 ns/op
OverheadWarmup   5: 57426976 op, 86250751.00 ns, 1.5019 ns/op
OverheadWarmup   6: 57426976 op, 86929195.00 ns, 1.5137 ns/op
OverheadWarmup   7: 57426976 op, 86373123.00 ns, 1.5041 ns/op
OverheadWarmup   8: 57426976 op, 86357863.00 ns, 1.5038 ns/op
OverheadWarmup   9: 57426976 op, 86316696.00 ns, 1.5031 ns/op
OverheadWarmup  10: 57426976 op, 86685514.00 ns, 1.5095 ns/op

OverheadActual   1: 57426976 op, 86264627.00 ns, 1.5022 ns/op
OverheadActual   2: 57426976 op, 86236434.00 ns, 1.5017 ns/op
OverheadActual   3: 57426976 op, 86242806.00 ns, 1.5018 ns/op
OverheadActual   4: 57426976 op, 86464085.00 ns, 1.5056 ns/op
OverheadActual   5: 57426976 op, 86250450.00 ns, 1.5019 ns/op
OverheadActual   6: 57426976 op, 86254278.00 ns, 1.5020 ns/op
OverheadActual   7: 57426976 op, 86714870.00 ns, 1.5100 ns/op
OverheadActual   8: 57426976 op, 86331514.00 ns, 1.5033 ns/op
OverheadActual   9: 57426976 op, 86735018.00 ns, 1.5104 ns/op
OverheadActual  10: 57426976 op, 86163977.00 ns, 1.5004 ns/op
OverheadActual  11: 57426976 op, 86878780.00 ns, 1.5129 ns/op
OverheadActual  12: 57426976 op, 86297108.00 ns, 1.5027 ns/op
OverheadActual  13: 57426976 op, 87907077.00 ns, 1.5308 ns/op
OverheadActual  14: 57426976 op, 86546701.00 ns, 1.5071 ns/op
OverheadActual  15: 57426976 op, 86704740.00 ns, 1.5098 ns/op

WorkloadWarmup   1: 57426976 op, 101609468.00 ns, 1.7694 ns/op
WorkloadWarmup   2: 57426976 op, 100767765.00 ns, 1.7547 ns/op
WorkloadWarmup   3: 57426976 op, 100871962.00 ns, 1.7565 ns/op
WorkloadWarmup   4: 57426976 op, 118445753.00 ns, 2.0625 ns/op
WorkloadWarmup   5: 57426976 op, 101630287.00 ns, 1.7697 ns/op
WorkloadWarmup   6: 57426976 op, 104176679.00 ns, 1.8141 ns/op
WorkloadWarmup   7: 57426976 op, 100916416.00 ns, 1.7573 ns/op

// BeforeActualRun
WorkloadActual   1: 57426976 op, 101097519.00 ns, 1.7605 ns/op
WorkloadActual   2: 57426976 op, 100731526.00 ns, 1.7541 ns/op
WorkloadActual   3: 57426976 op, 100867744.00 ns, 1.7565 ns/op
WorkloadActual   4: 57426976 op, 100921045.00 ns, 1.7574 ns/op
WorkloadActual   5: 57426976 op, 101006697.00 ns, 1.7589 ns/op
WorkloadActual   6: 57426976 op, 100693905.00 ns, 1.7534 ns/op
WorkloadActual   7: 57426976 op, 100926185.00 ns, 1.7575 ns/op
WorkloadActual   8: 57426976 op, 100760982.00 ns, 1.7546 ns/op
WorkloadActual   9: 57426976 op, 101067812.00 ns, 1.7599 ns/op
WorkloadActual  10: 57426976 op, 100763567.00 ns, 1.7546 ns/op
WorkloadActual  11: 57426976 op, 100796228.00 ns, 1.7552 ns/op
WorkloadActual  12: 57426976 op, 100609636.00 ns, 1.7520 ns/op
WorkloadActual  13: 57426976 op, 100711688.00 ns, 1.7537 ns/op
WorkloadActual  14: 57426976 op, 101058856.00 ns, 1.7598 ns/op
WorkloadActual  15: 57426976 op, 100808592.00 ns, 1.7554 ns/op

// AfterActualRun
WorkloadResult   1: 57426976 op, 14766005.00 ns, 0.2571 ns/op
WorkloadResult   2: 57426976 op, 14400012.00 ns, 0.2508 ns/op
WorkloadResult   3: 57426976 op, 14536230.00 ns, 0.2531 ns/op
WorkloadResult   4: 57426976 op, 14589531.00 ns, 0.2541 ns/op
WorkloadResult   5: 57426976 op, 14675183.00 ns, 0.2555 ns/op
WorkloadResult   6: 57426976 op, 14362391.00 ns, 0.2501 ns/op
WorkloadResult   7: 57426976 op, 14594671.00 ns, 0.2541 ns/op
WorkloadResult   8: 57426976 op, 14429468.00 ns, 0.2513 ns/op
WorkloadResult   9: 57426976 op, 14736298.00 ns, 0.2566 ns/op
WorkloadResult  10: 57426976 op, 14432053.00 ns, 0.2513 ns/op
WorkloadResult  11: 57426976 op, 14464714.00 ns, 0.2519 ns/op
WorkloadResult  12: 57426976 op, 14278122.00 ns, 0.2486 ns/op
WorkloadResult  13: 57426976 op, 14380174.00 ns, 0.2504 ns/op
WorkloadResult  14: 57426976 op, 14727342.00 ns, 0.2565 ns/op
WorkloadResult  15: 57426976 op, 14477078.00 ns, 0.2521 ns/op
// GC:  0 0 0 0 57426976
// Threading:  0 0 57426976

// AfterAll
// Benchmark Process 9912 has exited with code 0.

Mean = 0.253 ns, StdErr = 0.001 ns (0.27%), N = 15, StdDev = 0.003 ns
Min = 0.249 ns, Q1 = 0.251 ns, Median = 0.252 ns, Q3 = 0.255 ns, Max = 0.257 ns
IQR = 0.004 ns, LowerFence = 0.245 ns, UpperFence = 0.261 ns
ConfidenceInterval = [0.250 ns; 0.256 ns] (CI 99.9%), Margin = 0.003 ns (1.12% of Mean)
Skewness = 0.21, Kurtosis = 1.62, MValue = 2

// ** Remained 6 (23.1%) benchmark(s) to run. Estimated finish 2026-03-01 9:44 (0h 0m from now) **
// **************************
// Benchmark: Scenario1.S1_ReturnVoidErrorNoMessage_EnumerationsOptionsBoxed: .NET 10.0(Runtime=.NET 10.0, IterationTime=100ms) [Iterations=2]
// *** Execute ***
// Launch: 1 / 1
// Execute: dotnet "Enumerations.Options.Benchmarks-.NET 10.0-1.dll" --anonymousPipes 113 114 --benchmarkName "ReillyDigital.Enumerations.Options.Benchmarks.Scenarios.Scenario1.S1_ReturnVoidErrorNoMessage_EnumerationsOptionsBoxed(Iterations: 2)" --job ".NET 10.0" --benchmarkId 20 in /media/andrew/Slowverflow/x/devs/reilly-digital/dotnet/enumerations.options/src/Enumerations.Options.Benchmarks/bin/Debug/net10.0/Enumerations.Options.Benchmarks-.NET 10.0-1/bin/Release/net10.0
// Failed to set up high priority (Permission denied). In order to run benchmarks with high priority, make sure you have the right permissions.
// BeforeAnythingElse

// Benchmark Process Environment Information:
// BenchmarkDotNet v0.15.8
// Runtime=.NET 10.0.3 (10.0.3, 10.0.326.7603), X64 RyuJIT x86-64-v3
// GC=Concurrent Workstation
// HardwareIntrinsics=AVX2+BMI1+BMI2+F16C+FMA+LZCNT+MOVBE,AVX,SSE3+SSSE3+SSE4.1+SSE4.2+POPCNT,X86Base+SSE+SSE2,AES+PCLMUL VectorSize=256
// Job: .NET 10.0(IterationTime=100ms)

OverheadJitting  1: 1 op, 153461.00 ns, 153.4610 us/op
WorkloadJitting  1: 1 op, 2846559.00 ns, 2.8466 ms/op

OverheadJitting  2: 16 op, 236578.00 ns, 14.7861 us/op
WorkloadJitting  2: 16 op, 199518.00 ns, 12.4699 us/op

WorkloadPilot    1: 16 op, 971.00 ns, 60.6875 ns/op
WorkloadPilot    2: 1647792 op, 47732598.00 ns, 28.9676 ns/op
WorkloadPilot    3: 3452144 op, 95614939.00 ns, 27.6973 ns/op
WorkloadPilot    4: 3610480 op, 42149388.00 ns, 11.6742 ns/op
WorkloadPilot    5: 8565920 op, 14934624.00 ns, 1.7435 ns/op
WorkloadPilot    6: 57356128 op, 101763660.00 ns, 1.7742 ns/op
WorkloadPilot    7: 56362096 op, 99963271.00 ns, 1.7736 ns/op
WorkloadPilot    8: 56382816 op, 98690321.00 ns, 1.7504 ns/op
WorkloadPilot    9: 57131056 op, 100188659.00 ns, 1.7537 ns/op
WorkloadPilot   10: 57023488 op, 99903469.00 ns, 1.7520 ns/op
WorkloadPilot   11: 57078592 op, 102109034.00 ns, 1.7889 ns/op

OverheadWarmup   1: 57078592 op, 156029747.00 ns, 2.7336 ns/op
OverheadWarmup   2: 57078592 op, 107500121.00 ns, 1.8834 ns/op
OverheadWarmup   3: 57078592 op, 87102513.00 ns, 1.5260 ns/op
OverheadWarmup   4: 57078592 op, 88622110.00 ns, 1.5526 ns/op
OverheadWarmup   5: 57078592 op, 87049112.00 ns, 1.5251 ns/op
OverheadWarmup   6: 57078592 op, 86392639.00 ns, 1.5136 ns/op
OverheadWarmup   7: 57078592 op, 86593820.00 ns, 1.5171 ns/op
OverheadWarmup   8: 57078592 op, 86808367.00 ns, 1.5209 ns/op
OverheadWarmup   9: 57078592 op, 86741770.00 ns, 1.5197 ns/op

OverheadActual   1: 57078592 op, 87050585.00 ns, 1.5251 ns/op
OverheadActual   2: 57078592 op, 86694030.00 ns, 1.5189 ns/op
OverheadActual   3: 57078592 op, 86573923.00 ns, 1.5167 ns/op
OverheadActual   4: 57078592 op, 86300435.00 ns, 1.5120 ns/op
OverheadActual   5: 57078592 op, 86606614.00 ns, 1.5173 ns/op
OverheadActual   6: 57078592 op, 86373634.00 ns, 1.5132 ns/op
OverheadActual   7: 57078592 op, 86344799.00 ns, 1.5127 ns/op
OverheadActual   8: 57078592 op, 86450289.00 ns, 1.5146 ns/op
OverheadActual   9: 57078592 op, 86355078.00 ns, 1.5129 ns/op
OverheadActual  10: 57078592 op, 86457833.00 ns, 1.5147 ns/op
OverheadActual  11: 57078592 op, 86615582.00 ns, 1.5175 ns/op
OverheadActual  12: 57078592 op, 87199978.00 ns, 1.5277 ns/op
OverheadActual  13: 57078592 op, 86697036.00 ns, 1.5189 ns/op
OverheadActual  14: 57078592 op, 86755717.00 ns, 1.5199 ns/op
OverheadActual  15: 57078592 op, 86605413.00 ns, 1.5173 ns/op

WorkloadWarmup   1: 57078592 op, 101826189.00 ns, 1.7840 ns/op
WorkloadWarmup   2: 57078592 op, 99560690.00 ns, 1.7443 ns/op
WorkloadWarmup   3: 57078592 op, 99454549.00 ns, 1.7424 ns/op
WorkloadWarmup   4: 57078592 op, 99311789.00 ns, 1.7399 ns/op
WorkloadWarmup   5: 57078592 op, 99647334.00 ns, 1.7458 ns/op
WorkloadWarmup   6: 57078592 op, 99442165.00 ns, 1.7422 ns/op
WorkloadWarmup   7: 57078592 op, 99699041.00 ns, 1.7467 ns/op
WorkloadWarmup   8: 57078592 op, 99383664.00 ns, 1.7412 ns/op

// BeforeActualRun
WorkloadActual   1: 57078592 op, 99752283.00 ns, 1.7476 ns/op
WorkloadActual   2: 57078592 op, 99381801.00 ns, 1.7411 ns/op
WorkloadActual   3: 57078592 op, 100361505.00 ns, 1.7583 ns/op
WorkloadActual   4: 57078592 op, 100295571.00 ns, 1.7571 ns/op
WorkloadActual   5: 57078592 op, 99895924.00 ns, 1.7501 ns/op
WorkloadActual   6: 57078592 op, 99672351.00 ns, 1.7462 ns/op
WorkloadActual   7: 57078592 op, 106947926.00 ns, 1.8737 ns/op
WorkloadActual   8: 57078592 op, 116711811.00 ns, 2.0448 ns/op
WorkloadActual   9: 57078592 op, 100749981.00 ns, 1.7651 ns/op
WorkloadActual  10: 57078592 op, 99658906.00 ns, 1.7460 ns/op
WorkloadActual  11: 57078592 op, 99362424.00 ns, 1.7408 ns/op
WorkloadActual  12: 57078592 op, 99378244.00 ns, 1.7411 ns/op
WorkloadActual  13: 57078592 op, 99672451.00 ns, 1.7462 ns/op
WorkloadActual  14: 57078592 op, 99325213.00 ns, 1.7401 ns/op
WorkloadActual  15: 57078592 op, 99607308.00 ns, 1.7451 ns/op

// AfterActualRun
WorkloadResult   1: 57078592 op, 13146870.00 ns, 0.2303 ns/op
WorkloadResult   2: 57078592 op, 12776388.00 ns, 0.2238 ns/op
WorkloadResult   3: 57078592 op, 13756092.00 ns, 0.2410 ns/op
WorkloadResult   4: 57078592 op, 13690158.00 ns, 0.2398 ns/op
WorkloadResult   5: 57078592 op, 13290511.00 ns, 0.2328 ns/op
WorkloadResult   6: 57078592 op, 13066938.00 ns, 0.2289 ns/op
WorkloadResult   7: 57078592 op, 14144568.00 ns, 0.2478 ns/op
WorkloadResult   8: 57078592 op, 13053493.00 ns, 0.2287 ns/op
WorkloadResult   9: 57078592 op, 12757011.00 ns, 0.2235 ns/op
WorkloadResult  10: 57078592 op, 12772831.00 ns, 0.2238 ns/op
WorkloadResult  11: 57078592 op, 13067038.00 ns, 0.2289 ns/op
WorkloadResult  12: 57078592 op, 12719800.00 ns, 0.2228 ns/op
WorkloadResult  13: 57078592 op, 13001895.00 ns, 0.2278 ns/op
// GC:  0 0 0 0 57078592
// Threading:  0 0 57078592

// AfterAll
// Benchmark Process 9944 has exited with code 0.

Mean = 0.231 ns, StdErr = 0.002 ns (0.93%), N = 13, StdDev = 0.008 ns
Min = 0.223 ns, Q1 = 0.224 ns, Median = 0.229 ns, Q3 = 0.233 ns, Max = 0.248 ns
IQR = 0.009 ns, LowerFence = 0.210 ns, UpperFence = 0.246 ns
ConfidenceInterval = [0.222 ns; 0.240 ns] (CI 99.9%), Margin = 0.009 ns (4.00% of Mean)
Skewness = 0.86, Kurtosis = 2.46, MValue = 2

// ** Remained 5 (19.2%) benchmark(s) to run. Estimated finish 2026-03-01 9:44 (0h 0m from now) **
// **************************
// Benchmark: Scenario1.S1_ReturnVoidErrorNoMessage_EnumerationsOptions: .NET 10.0(Runtime=.NET 10.0, IterationTime=100ms) [Iterations=2]
// *** Execute ***
// Launch: 1 / 1
// Execute: dotnet "Enumerations.Options.Benchmarks-.NET 10.0-1.dll" --anonymousPipes 113 114 --benchmarkName "ReillyDigital.Enumerations.Options.Benchmarks.Scenarios.Scenario1.S1_ReturnVoidErrorNoMessage_EnumerationsOptions(Iterations: 2)" --job ".NET 10.0" --benchmarkId 21 in /media/andrew/Slowverflow/x/devs/reilly-digital/dotnet/enumerations.options/src/Enumerations.Options.Benchmarks/bin/Debug/net10.0/Enumerations.Options.Benchmarks-.NET 10.0-1/bin/Release/net10.0
// Failed to set up high priority (Permission denied). In order to run benchmarks with high priority, make sure you have the right permissions.
// BeforeAnythingElse

// Benchmark Process Environment Information:
// BenchmarkDotNet v0.15.8
// Runtime=.NET 10.0.3 (10.0.3, 10.0.326.7603), X64 RyuJIT x86-64-v3
// GC=Concurrent Workstation
// HardwareIntrinsics=AVX2+BMI1+BMI2+F16C+FMA+LZCNT+MOVBE,AVX,SSE3+SSSE3+SSE4.1+SSE4.2+POPCNT,X86Base+SSE+SSE2,AES+PCLMUL VectorSize=256
// Job: .NET 10.0(IterationTime=100ms)

OverheadJitting  1: 1 op, 153330.00 ns, 153.3300 us/op
WorkloadJitting  1: 1 op, 3136037.00 ns, 3.1360 ms/op

OverheadJitting  2: 16 op, 230336.00 ns, 14.3960 us/op
WorkloadJitting  2: 16 op, 198836.00 ns, 12.4273 us/op

WorkloadPilot    1: 16 op, 1954.00 ns, 122.1250 ns/op
WorkloadPilot    2: 818848 op, 62678133.00 ns, 76.5443 ns/op
WorkloadPilot    3: 1306448 op, 98124380.00 ns, 75.1078 ns/op
WorkloadPilot    4: 1331424 op, 28051177.00 ns, 21.0686 ns/op
WorkloadPilot    5: 4746416 op, 8369565.00 ns, 1.7633 ns/op
WorkloadPilot    6: 56710432 op, 100198337.00 ns, 1.7668 ns/op
WorkloadPilot    7: 56598192 op, 99432377.00 ns, 1.7568 ns/op
WorkloadPilot    8: 56921296 op, 100163671.00 ns, 1.7597 ns/op
WorkloadPilot    9: 56828288 op, 100186415.00 ns, 1.7630 ns/op

OverheadWarmup   1: 56828288 op, 145661959.00 ns, 2.5632 ns/op
OverheadWarmup   2: 56828288 op, 109540594.00 ns, 1.9276 ns/op
OverheadWarmup   3: 56828288 op, 87972431.00 ns, 1.5480 ns/op
OverheadWarmup   4: 56828288 op, 86297550.00 ns, 1.5186 ns/op
OverheadWarmup   5: 56828288 op, 85287498.00 ns, 1.5008 ns/op
OverheadWarmup   6: 56828288 op, 85764871.00 ns, 1.5092 ns/op
OverheadWarmup   7: 56828288 op, 85356989.00 ns, 1.5020 ns/op
OverheadWarmup   8: 56828288 op, 85378620.00 ns, 1.5024 ns/op
OverheadWarmup   9: 56828288 op, 85295763.00 ns, 1.5009 ns/op

OverheadActual   1: 56828288 op, 85431660.00 ns, 1.5033 ns/op
OverheadActual   2: 56828288 op, 85387316.00 ns, 1.5025 ns/op
OverheadActual   3: 56828288 op, 85347862.00 ns, 1.5019 ns/op
OverheadActual   4: 56828288 op, 86397468.00 ns, 1.5203 ns/op
OverheadActual   5: 56828288 op, 85493046.00 ns, 1.5044 ns/op
OverheadActual   6: 56828288 op, 85352671.00 ns, 1.5019 ns/op
OverheadActual   7: 56828288 op, 85269153.00 ns, 1.5005 ns/op
OverheadActual   8: 56828288 op, 85936436.00 ns, 1.5122 ns/op
OverheadActual   9: 56828288 op, 85214950.00 ns, 1.4995 ns/op
OverheadActual  10: 56828288 op, 85606190.00 ns, 1.5064 ns/op
OverheadActual  11: 56828288 op, 85381586.00 ns, 1.5024 ns/op
OverheadActual  12: 56828288 op, 85497134.00 ns, 1.5045 ns/op
OverheadActual  13: 56828288 op, 85326101.00 ns, 1.5015 ns/op
OverheadActual  14: 56828288 op, 85415129.00 ns, 1.5030 ns/op
OverheadActual  15: 56828288 op, 85474041.00 ns, 1.5041 ns/op

WorkloadWarmup   1: 56828288 op, 99389946.00 ns, 1.7490 ns/op
WorkloadWarmup   2: 56828288 op, 99479756.00 ns, 1.7505 ns/op
WorkloadWarmup   3: 56828288 op, 99701607.00 ns, 1.7544 ns/op
WorkloadWarmup   4: 56828288 op, 100234005.00 ns, 1.7638 ns/op
WorkloadWarmup   5: 56828288 op, 99555089.00 ns, 1.7519 ns/op
WorkloadWarmup   6: 56828288 op, 99768323.00 ns, 1.7556 ns/op
WorkloadWarmup   7: 56828288 op, 99689163.00 ns, 1.7542 ns/op

// BeforeActualRun
WorkloadActual   1: 56828288 op, 99700855.00 ns, 1.7544 ns/op
WorkloadActual   2: 56828288 op, 99487320.00 ns, 1.7507 ns/op
WorkloadActual   3: 56828288 op, 99498301.00 ns, 1.7509 ns/op
WorkloadActual   4: 56828288 op, 99449209.00 ns, 1.7500 ns/op
WorkloadActual   5: 56828288 op, 100082498.00 ns, 1.7611 ns/op
WorkloadActual   6: 56828288 op, 99642775.00 ns, 1.7534 ns/op
WorkloadActual   7: 56828288 op, 99810462.00 ns, 1.7564 ns/op
WorkloadActual   8: 56828288 op, 99828006.00 ns, 1.7567 ns/op
WorkloadActual   9: 56828288 op, 99791276.00 ns, 1.7560 ns/op
WorkloadActual  10: 56828288 op, 99746201.00 ns, 1.7552 ns/op
WorkloadActual  11: 56828288 op, 99585536.00 ns, 1.7524 ns/op
WorkloadActual  12: 56828288 op, 99700334.00 ns, 1.7544 ns/op
WorkloadActual  13: 56828288 op, 99682610.00 ns, 1.7541 ns/op
WorkloadActual  14: 56828288 op, 99663755.00 ns, 1.7538 ns/op
WorkloadActual  15: 56828288 op, 99636823.00 ns, 1.7533 ns/op

// AfterActualRun
WorkloadResult   1: 56828288 op, 14285726.00 ns, 0.2514 ns/op
WorkloadResult   2: 56828288 op, 14072191.00 ns, 0.2476 ns/op
WorkloadResult   3: 56828288 op, 14083172.00 ns, 0.2478 ns/op
WorkloadResult   4: 56828288 op, 14034080.00 ns, 0.2470 ns/op
WorkloadResult   5: 56828288 op, 14227646.00 ns, 0.2504 ns/op
WorkloadResult   6: 56828288 op, 14395333.00 ns, 0.2533 ns/op
WorkloadResult   7: 56828288 op, 14412877.00 ns, 0.2536 ns/op
WorkloadResult   8: 56828288 op, 14376147.00 ns, 0.2530 ns/op
WorkloadResult   9: 56828288 op, 14331072.00 ns, 0.2522 ns/op
WorkloadResult  10: 56828288 op, 14170407.00 ns, 0.2494 ns/op
WorkloadResult  11: 56828288 op, 14285205.00 ns, 0.2514 ns/op
WorkloadResult  12: 56828288 op, 14267481.00 ns, 0.2511 ns/op
WorkloadResult  13: 56828288 op, 14248626.00 ns, 0.2507 ns/op
WorkloadResult  14: 56828288 op, 14221694.00 ns, 0.2503 ns/op
// GC:  0 0 0 0 56828288
// Threading:  0 0 56828288

// AfterAll
// Benchmark Process 9976 has exited with code 0.

Mean = 0.251 ns, StdErr = 0.001 ns (0.22%), N = 14, StdDev = 0.002 ns
Min = 0.247 ns, Q1 = 0.250 ns, Median = 0.251 ns, Q3 = 0.252 ns, Max = 0.254 ns
IQR = 0.002 ns, LowerFence = 0.246 ns, UpperFence = 0.256 ns
ConfidenceInterval = [0.248 ns; 0.253 ns] (CI 99.9%), Margin = 0.002 ns (0.95% of Mean)
Skewness = -0.31, Kurtosis = 1.82, MValue = 2

// ** Remained 4 (15.4%) benchmark(s) to run. Estimated finish 2026-03-01 9:44 (0h 0m from now) **
// **************************
// Benchmark: Scenario1.S1_ReturnVoidErrorWithMessage_EnumerationsOptionsBoxed: .NET 10.0(Runtime=.NET 10.0, IterationTime=100ms) [Iterations=2]
// *** Execute ***
// Launch: 1 / 1
// Execute: dotnet "Enumerations.Options.Benchmarks-.NET 10.0-1.dll" --anonymousPipes 113 114 --benchmarkName "ReillyDigital.Enumerations.Options.Benchmarks.Scenarios.Scenario1.S1_ReturnVoidErrorWithMessage_EnumerationsOptionsBoxed(Iterations: 2)" --job ".NET 10.0" --benchmarkId 22 in /media/andrew/Slowverflow/x/devs/reilly-digital/dotnet/enumerations.options/src/Enumerations.Options.Benchmarks/bin/Debug/net10.0/Enumerations.Options.Benchmarks-.NET 10.0-1/bin/Release/net10.0
// Failed to set up high priority (Permission denied). In order to run benchmarks with high priority, make sure you have the right permissions.
// BeforeAnythingElse

// Benchmark Process Environment Information:
// BenchmarkDotNet v0.15.8
// Runtime=.NET 10.0.3 (10.0.3, 10.0.326.7603), X64 RyuJIT x86-64-v3
// GC=Concurrent Workstation
// HardwareIntrinsics=AVX2+BMI1+BMI2+F16C+FMA+LZCNT+MOVBE,AVX,SSE3+SSSE3+SSE4.1+SSE4.2+POPCNT,X86Base+SSE+SSE2,AES+PCLMUL VectorSize=256
// Job: .NET 10.0(IterationTime=100ms)

OverheadJitting  1: 1 op, 152588.00 ns, 152.5880 us/op
WorkloadJitting  1: 1 op, 2666919.00 ns, 2.6669 ms/op

OverheadJitting  2: 16 op, 193927.00 ns, 12.1204 us/op
WorkloadJitting  2: 16 op, 206702.00 ns, 12.9189 us/op

WorkloadPilot    1: 16 op, 2284.00 ns, 142.7500 ns/op
WorkloadPilot    2: 700528 op, 41875269.00 ns, 59.7767 ns/op
WorkloadPilot    3: 1672896 op, 91358551.00 ns, 54.6110 ns/op
WorkloadPilot    4: 1831136 op, 72052000.00 ns, 39.3483 ns/op
WorkloadPilot    5: 2541424 op, 36698999.00 ns, 14.4403 ns/op
WorkloadPilot    6: 6925056 op, 74475067.00 ns, 10.7544 ns/op
WorkloadPilot    7: 9298496 op, 97947195.00 ns, 10.5337 ns/op
WorkloadPilot    8: 9493392 op, 103191914.00 ns, 10.8699 ns/op
WorkloadPilot    9: 9199744 op, 98712634.00 ns, 10.7299 ns/op
WorkloadPilot   10: 9319728 op, 95446821.00 ns, 10.2414 ns/op
WorkloadPilot   11: 9764320 op, 99300818.00 ns, 10.1698 ns/op
WorkloadPilot   12: 9833072 op, 100799806.00 ns, 10.2511 ns/op
WorkloadPilot   13: 9755056 op, 98392749.00 ns, 10.0863 ns/op
WorkloadPilot   14: 9914416 op, 100788564.00 ns, 10.1659 ns/op

OverheadWarmup   1: 9914416 op, 24602098.00 ns, 2.4814 ns/op
OverheadWarmup   2: 9914416 op, 24532155.00 ns, 2.4744 ns/op
OverheadWarmup   3: 9914416 op, 24738505.00 ns, 2.4952 ns/op
OverheadWarmup   4: 9914416 op, 24708128.00 ns, 2.4921 ns/op
OverheadWarmup   5: 9914416 op, 24933705.00 ns, 2.5149 ns/op
OverheadWarmup   6: 9914416 op, 24848884.00 ns, 2.5063 ns/op

OverheadActual   1: 9914416 op, 24682208.00 ns, 2.4895 ns/op
OverheadActual   2: 9914416 op, 24756319.00 ns, 2.4970 ns/op
OverheadActual   3: 9914416 op, 24682600.00 ns, 2.4896 ns/op
OverheadActual   4: 9914416 op, 24584103.00 ns, 2.4796 ns/op
OverheadActual   5: 9914416 op, 24647553.00 ns, 2.4860 ns/op
OverheadActual   6: 9914416 op, 24523128.00 ns, 2.4735 ns/op
OverheadActual   7: 9914416 op, 24667341.00 ns, 2.4880 ns/op
OverheadActual   8: 9914416 op, 24733215.00 ns, 2.4947 ns/op
OverheadActual   9: 9914416 op, 24656570.00 ns, 2.4869 ns/op
OverheadActual  10: 9914416 op, 21717847.00 ns, 2.1905 ns/op
OverheadActual  11: 9914416 op, 16902961.00 ns, 1.7049 ns/op
OverheadActual  12: 9914416 op, 16919011.00 ns, 1.7065 ns/op
OverheadActual  13: 9914416 op, 16983613.00 ns, 1.7130 ns/op
OverheadActual  14: 9914416 op, 16901829.00 ns, 1.7048 ns/op
OverheadActual  15: 9914416 op, 16909854.00 ns, 1.7056 ns/op
OverheadActual  16: 9914416 op, 16893292.00 ns, 1.7039 ns/op
OverheadActual  17: 9914416 op, 16942967.00 ns, 1.7089 ns/op
OverheadActual  18: 9914416 op, 16882662.00 ns, 1.7028 ns/op
OverheadActual  19: 9914416 op, 16900246.00 ns, 1.7046 ns/op
OverheadActual  20: 9914416 op, 16911717.00 ns, 1.7058 ns/op

WorkloadWarmup   1: 9914416 op, 104979900.00 ns, 10.5886 ns/op
WorkloadWarmup   2: 9914416 op, 109521367.00 ns, 11.0467 ns/op
WorkloadWarmup   3: 9914416 op, 103974907.00 ns, 10.4872 ns/op
WorkloadWarmup   4: 9914416 op, 103399998.00 ns, 10.4293 ns/op
WorkloadWarmup   5: 9914416 op, 102145383.00 ns, 10.3027 ns/op
WorkloadWarmup   6: 9914416 op, 102252255.00 ns, 10.3135 ns/op
WorkloadWarmup   7: 9914416 op, 101139889.00 ns, 10.2013 ns/op

// BeforeActualRun
WorkloadActual   1: 9914416 op, 103787281.00 ns, 10.4683 ns/op
WorkloadActual   2: 9914416 op, 108759364.00 ns, 10.9698 ns/op
WorkloadActual   3: 9914416 op, 107019841.00 ns, 10.7944 ns/op
WorkloadActual   4: 9914416 op, 114049771.00 ns, 11.5034 ns/op
WorkloadActual   5: 9914416 op, 113992462.00 ns, 11.4976 ns/op
WorkloadActual   6: 9914416 op, 114508659.00 ns, 11.5497 ns/op
WorkloadActual   7: 9914416 op, 120022268.00 ns, 12.1058 ns/op
WorkloadActual   8: 9914416 op, 119098879.00 ns, 12.0127 ns/op
WorkloadActual   9: 9914416 op, 112757434.00 ns, 11.3731 ns/op
WorkloadActual  10: 9914416 op, 111927402.00 ns, 11.2894 ns/op
WorkloadActual  11: 9914416 op, 111709269.00 ns, 11.2674 ns/op
WorkloadActual  12: 9914416 op, 111639447.00 ns, 11.2603 ns/op
WorkloadActual  13: 9914416 op, 111096479.00 ns, 11.2055 ns/op
WorkloadActual  14: 9914416 op, 110737048.00 ns, 11.1693 ns/op
WorkloadActual  15: 9914416 op, 112184900.00 ns, 11.3153 ns/op
WorkloadActual  16: 9914416 op, 112431978.00 ns, 11.3403 ns/op
WorkloadActual  17: 9914416 op, 106152219.00 ns, 10.7069 ns/op
WorkloadActual  18: 9914416 op, 110213597.00 ns, 11.1165 ns/op
WorkloadActual  19: 9914416 op, 118725954.00 ns, 11.9751 ns/op
WorkloadActual  20: 9914416 op, 118479597.00 ns, 11.9502 ns/op
WorkloadActual  21: 9914416 op, 118781990.00 ns, 11.9807 ns/op
WorkloadActual  22: 9914416 op, 113962415.00 ns, 11.4946 ns/op
WorkloadActual  23: 9914416 op, 114447163.00 ns, 11.5435 ns/op
WorkloadActual  24: 9914416 op, 109482434.00 ns, 11.0428 ns/op
WorkloadActual  25: 9914416 op, 106531576.00 ns, 10.7451 ns/op
WorkloadActual  26: 9914416 op, 102671809.00 ns, 10.3558 ns/op
WorkloadActual  27: 9914416 op, 105404734.00 ns, 10.6315 ns/op
WorkloadActual  28: 9914416 op, 106733299.00 ns, 10.7655 ns/op
WorkloadActual  29: 9914416 op, 112162848.00 ns, 11.3131 ns/op
WorkloadActual  30: 9914416 op, 103822348.00 ns, 10.4719 ns/op
WorkloadActual  31: 9914416 op, 103866331.00 ns, 10.4763 ns/op
WorkloadActual  32: 9914416 op, 100473497.00 ns, 10.1341 ns/op
WorkloadActual  33: 9914416 op, 102126587.00 ns, 10.3008 ns/op
WorkloadActual  34: 9914416 op, 103433111.00 ns, 10.4326 ns/op
WorkloadActual  35: 9914416 op, 102415364.00 ns, 10.3299 ns/op
WorkloadActual  36: 9914416 op, 102736862.00 ns, 10.3624 ns/op
WorkloadActual  37: 9914416 op, 102393903.00 ns, 10.3278 ns/op
WorkloadActual  38: 9914416 op, 101064556.00 ns, 10.1937 ns/op
WorkloadActual  39: 9914416 op, 102219062.00 ns, 10.3101 ns/op
WorkloadActual  40: 9914416 op, 101935325.00 ns, 10.2815 ns/op
WorkloadActual  41: 9914416 op, 101505641.00 ns, 10.2382 ns/op
WorkloadActual  42: 9914416 op, 101212236.00 ns, 10.2086 ns/op
WorkloadActual  43: 9914416 op, 102029193.00 ns, 10.2910 ns/op
WorkloadActual  44: 9914416 op, 116499018.00 ns, 11.7505 ns/op
WorkloadActual  45: 9914416 op, 102303852.00 ns, 10.3187 ns/op
WorkloadActual  46: 9914416 op, 102969233.00 ns, 10.3858 ns/op
WorkloadActual  47: 9914416 op, 101611663.00 ns, 10.2489 ns/op
WorkloadActual  48: 9914416 op, 101499290.00 ns, 10.2375 ns/op
WorkloadActual  49: 9914416 op, 101590653.00 ns, 10.2468 ns/op
WorkloadActual  50: 9914416 op, 101993876.00 ns, 10.2874 ns/op
WorkloadActual  51: 9914416 op, 101541720.00 ns, 10.2418 ns/op
WorkloadActual  52: 9914416 op, 101680714.00 ns, 10.2558 ns/op
WorkloadActual  53: 9914416 op, 101752950.00 ns, 10.2631 ns/op
WorkloadActual  54: 9914416 op, 101557059.00 ns, 10.2434 ns/op
WorkloadActual  55: 9914416 op, 101671045.00 ns, 10.2549 ns/op
WorkloadActual  56: 9914416 op, 101379423.00 ns, 10.2255 ns/op
WorkloadActual  57: 9914416 op, 101154998.00 ns, 10.2028 ns/op
WorkloadActual  58: 9914416 op, 102177504.00 ns, 10.3060 ns/op
WorkloadActual  59: 9914416 op, 101098602.00 ns, 10.1971 ns/op
WorkloadActual  60: 9914416 op, 101465235.00 ns, 10.2341 ns/op
WorkloadActual  61: 9914416 op, 102921432.00 ns, 10.3810 ns/op
WorkloadActual  62: 9914416 op, 103741765.00 ns, 10.4637 ns/op
WorkloadActual  63: 9914416 op, 104718174.00 ns, 10.5622 ns/op
WorkloadActual  64: 9914416 op, 110311553.00 ns, 11.1264 ns/op
WorkloadActual  65: 9914416 op, 105952711.00 ns, 10.6867 ns/op
WorkloadActual  66: 9914416 op, 105371510.00 ns, 10.6281 ns/op
WorkloadActual  67: 9914416 op, 748455281.00 ns, 75.4916 ns/op
WorkloadActual  68: 9914416 op, 579192257.00 ns, 58.4192 ns/op
WorkloadActual  69: 9914416 op, 101640176.00 ns, 10.2518 ns/op
WorkloadActual  70: 9914416 op, 113320600.00 ns, 11.4299 ns/op
WorkloadActual  71: 9914416 op, 103669759.00 ns, 10.4565 ns/op
WorkloadActual  72: 9914416 op, 103858306.00 ns, 10.4755 ns/op
WorkloadActual  73: 9914416 op, 103180022.00 ns, 10.4071 ns/op
WorkloadActual  74: 9914416 op, 104274093.00 ns, 10.5174 ns/op
WorkloadActual  75: 9914416 op, 101913183.00 ns, 10.2793 ns/op
WorkloadActual  76: 9914416 op, 105112300.00 ns, 10.6020 ns/op
WorkloadActual  77: 9914416 op, 101012779.00 ns, 10.1885 ns/op
WorkloadActual  78: 9914416 op, 101795280.00 ns, 10.2674 ns/op
WorkloadActual  79: 9914416 op, 101974550.00 ns, 10.2855 ns/op
WorkloadActual  80: 9914416 op, 101639886.00 ns, 10.2517 ns/op
WorkloadActual  81: 9914416 op, 101837981.00 ns, 10.2717 ns/op
WorkloadActual  82: 9914416 op, 102664406.00 ns, 10.3551 ns/op

// AfterActualRun
WorkloadResult   1: 9914416 op, 84436551.00 ns, 8.5165 ns/op
WorkloadResult   2: 9914416 op, 89408634.00 ns, 9.0180 ns/op
WorkloadResult   3: 9914416 op, 87669111.00 ns, 8.8426 ns/op
WorkloadResult   4: 9914416 op, 94699041.00 ns, 9.5517 ns/op
WorkloadResult   5: 9914416 op, 94641732.00 ns, 9.5459 ns/op
WorkloadResult   6: 9914416 op, 95157929.00 ns, 9.5979 ns/op
WorkloadResult   7: 9914416 op, 100671538.00 ns, 10.1541 ns/op
WorkloadResult   8: 9914416 op, 99748149.00 ns, 10.0609 ns/op
WorkloadResult   9: 9914416 op, 93406704.00 ns, 9.4213 ns/op
WorkloadResult  10: 9914416 op, 92576672.00 ns, 9.3376 ns/op
WorkloadResult  11: 9914416 op, 92358539.00 ns, 9.3156 ns/op
WorkloadResult  12: 9914416 op, 92288717.00 ns, 9.3085 ns/op
WorkloadResult  13: 9914416 op, 91745749.00 ns, 9.2538 ns/op
WorkloadResult  14: 9914416 op, 91386318.00 ns, 9.2175 ns/op
WorkloadResult  15: 9914416 op, 92834170.00 ns, 9.3636 ns/op
WorkloadResult  16: 9914416 op, 93081248.00 ns, 9.3885 ns/op
WorkloadResult  17: 9914416 op, 86801489.00 ns, 8.7551 ns/op
WorkloadResult  18: 9914416 op, 90862867.00 ns, 9.1647 ns/op
WorkloadResult  19: 9914416 op, 99375224.00 ns, 10.0233 ns/op
WorkloadResult  20: 9914416 op, 99128867.00 ns, 9.9985 ns/op
WorkloadResult  21: 9914416 op, 99431260.00 ns, 10.0290 ns/op
WorkloadResult  22: 9914416 op, 94611685.00 ns, 9.5428 ns/op
WorkloadResult  23: 9914416 op, 95096433.00 ns, 9.5917 ns/op
WorkloadResult  24: 9914416 op, 90131704.00 ns, 9.0910 ns/op
WorkloadResult  25: 9914416 op, 87180846.00 ns, 8.7933 ns/op
WorkloadResult  26: 9914416 op, 83321079.00 ns, 8.4040 ns/op
WorkloadResult  27: 9914416 op, 86054004.00 ns, 8.6797 ns/op
WorkloadResult  28: 9914416 op, 87382569.00 ns, 8.8137 ns/op
WorkloadResult  29: 9914416 op, 92812118.00 ns, 9.3613 ns/op
WorkloadResult  30: 9914416 op, 84471618.00 ns, 8.5201 ns/op
WorkloadResult  31: 9914416 op, 84515601.00 ns, 8.5245 ns/op
WorkloadResult  32: 9914416 op, 81122767.00 ns, 8.1823 ns/op
WorkloadResult  33: 9914416 op, 82775857.00 ns, 8.3490 ns/op
WorkloadResult  34: 9914416 op, 84082381.00 ns, 8.4808 ns/op
WorkloadResult  35: 9914416 op, 83064634.00 ns, 8.3782 ns/op
WorkloadResult  36: 9914416 op, 83386132.00 ns, 8.4106 ns/op
WorkloadResult  37: 9914416 op, 83043173.00 ns, 8.3760 ns/op
WorkloadResult  38: 9914416 op, 81713826.00 ns, 8.2419 ns/op
WorkloadResult  39: 9914416 op, 82868332.00 ns, 8.3584 ns/op
WorkloadResult  40: 9914416 op, 82584595.00 ns, 8.3297 ns/op
WorkloadResult  41: 9914416 op, 82154911.00 ns, 8.2864 ns/op
WorkloadResult  42: 9914416 op, 81861506.00 ns, 8.2568 ns/op
WorkloadResult  43: 9914416 op, 82678463.00 ns, 8.3392 ns/op
WorkloadResult  44: 9914416 op, 97148288.00 ns, 9.7987 ns/op
WorkloadResult  45: 9914416 op, 82953122.00 ns, 8.3669 ns/op
WorkloadResult  46: 9914416 op, 83618503.00 ns, 8.4340 ns/op
WorkloadResult  47: 9914416 op, 82260933.00 ns, 8.2971 ns/op
WorkloadResult  48: 9914416 op, 82148560.00 ns, 8.2858 ns/op
WorkloadResult  49: 9914416 op, 82239923.00 ns, 8.2950 ns/op
WorkloadResult  50: 9914416 op, 82643146.00 ns, 8.3357 ns/op
WorkloadResult  51: 9914416 op, 82190990.00 ns, 8.2900 ns/op
WorkloadResult  52: 9914416 op, 82329984.00 ns, 8.3041 ns/op
WorkloadResult  53: 9914416 op, 82402220.00 ns, 8.3114 ns/op
WorkloadResult  54: 9914416 op, 82206329.00 ns, 8.2916 ns/op
WorkloadResult  55: 9914416 op, 82320315.00 ns, 8.3031 ns/op
WorkloadResult  56: 9914416 op, 82028693.00 ns, 8.2737 ns/op
WorkloadResult  57: 9914416 op, 81804268.00 ns, 8.2510 ns/op
WorkloadResult  58: 9914416 op, 82826774.00 ns, 8.3542 ns/op
WorkloadResult  59: 9914416 op, 81747872.00 ns, 8.2454 ns/op
WorkloadResult  60: 9914416 op, 82114505.00 ns, 8.2823 ns/op
WorkloadResult  61: 9914416 op, 83570702.00 ns, 8.4292 ns/op
WorkloadResult  62: 9914416 op, 84391035.00 ns, 8.5120 ns/op
WorkloadResult  63: 9914416 op, 85367444.00 ns, 8.6104 ns/op
WorkloadResult  64: 9914416 op, 90960823.00 ns, 9.1746 ns/op
WorkloadResult  65: 9914416 op, 86601981.00 ns, 8.7350 ns/op
WorkloadResult  66: 9914416 op, 86020780.00 ns, 8.6763 ns/op
WorkloadResult  67: 9914416 op, 82289446.00 ns, 8.3000 ns/op
WorkloadResult  68: 9914416 op, 93969870.00 ns, 9.4781 ns/op
WorkloadResult  69: 9914416 op, 84319029.00 ns, 8.5047 ns/op
WorkloadResult  70: 9914416 op, 84507576.00 ns, 8.5237 ns/op
WorkloadResult  71: 9914416 op, 83829292.00 ns, 8.4553 ns/op
WorkloadResult  72: 9914416 op, 84923363.00 ns, 8.5656 ns/op
WorkloadResult  73: 9914416 op, 82562453.00 ns, 8.3275 ns/op
WorkloadResult  74: 9914416 op, 85761570.00 ns, 8.6502 ns/op
WorkloadResult  75: 9914416 op, 81662049.00 ns, 8.2367 ns/op
WorkloadResult  76: 9914416 op, 82444550.00 ns, 8.3156 ns/op
WorkloadResult  77: 9914416 op, 82623820.00 ns, 8.3337 ns/op
WorkloadResult  78: 9914416 op, 82289156.00 ns, 8.2999 ns/op
WorkloadResult  79: 9914416 op, 82487251.00 ns, 8.3199 ns/op
WorkloadResult  80: 9914416 op, 83313676.00 ns, 8.4033 ns/op
// GC:  75 0 0 634522624 9914416
// Threading:  0 0 9914416

// AfterAll
// Benchmark Process 10012 has exited with code 0.

Mean = 8.759 ns, StdErr = 0.062 ns (0.71%), N = 80, StdDev = 0.558 ns
Min = 8.182 ns, Q1 = 8.319 ns, Median = 8.508 ns, Q3 = 9.227 ns, Max = 10.154 ns
IQR = 0.908 ns, LowerFence = 6.957 ns, UpperFence = 10.588 ns
ConfidenceInterval = [8.546 ns; 8.973 ns] (CI 99.9%), Margin = 0.213 ns (2.44% of Mean)
Skewness = 0.97, Kurtosis = 2.62, MValue = 2.49

// ** Remained 3 (11.5%) benchmark(s) to run. Estimated finish 2026-03-01 9:44 (0h 0m from now) **
// **************************
// Benchmark: Scenario1.S1_ReturnVoidErrorWithMessage_EnumerationsOptions: .NET 10.0(Runtime=.NET 10.0, IterationTime=100ms) [Iterations=2]
// *** Execute ***
// Launch: 1 / 1
// Execute: dotnet "Enumerations.Options.Benchmarks-.NET 10.0-1.dll" --anonymousPipes 113 114 --benchmarkName "ReillyDigital.Enumerations.Options.Benchmarks.Scenarios.Scenario1.S1_ReturnVoidErrorWithMessage_EnumerationsOptions(Iterations: 2)" --job ".NET 10.0" --benchmarkId 23 in /media/andrew/Slowverflow/x/devs/reilly-digital/dotnet/enumerations.options/src/Enumerations.Options.Benchmarks/bin/Debug/net10.0/Enumerations.Options.Benchmarks-.NET 10.0-1/bin/Release/net10.0
// Failed to set up high priority (Permission denied). In order to run benchmarks with high priority, make sure you have the right permissions.
// BeforeAnythingElse

// Benchmark Process Environment Information:
// BenchmarkDotNet v0.15.8
// Runtime=.NET 10.0.3 (10.0.3, 10.0.326.7603), X64 RyuJIT x86-64-v3
// GC=Concurrent Workstation
// HardwareIntrinsics=AVX2+BMI1+BMI2+F16C+FMA+LZCNT+MOVBE,AVX,SSE3+SSSE3+SSE4.1+SSE4.2+POPCNT,X86Base+SSE+SSE2,AES+PCLMUL VectorSize=256
// Job: .NET 10.0(IterationTime=100ms)

OverheadJitting  1: 1 op, 154012.00 ns, 154.0120 us/op
WorkloadJitting  1: 1 op, 2698018.00 ns, 2.6980 ms/op

OverheadJitting  2: 16 op, 194608.00 ns, 12.1630 us/op
WorkloadJitting  2: 16 op, 196633.00 ns, 12.2896 us/op

WorkloadPilot    1: 16 op, 1884.00 ns, 117.7500 ns/op
WorkloadPilot    2: 849264 op, 62791899.00 ns, 73.9368 ns/op
WorkloadPilot    3: 1352512 op, 100745783.00 ns, 74.4879 ns/op
WorkloadPilot    4: 1342512 op, 103655472.00 ns, 77.2101 ns/op
WorkloadPilot    5: 1295168 op, 2303160.00 ns, 1.7783 ns/op
WorkloadPilot    6: 56234400 op, 99775256.00 ns, 1.7743 ns/op
WorkloadPilot    7: 56361072 op, 99907226.00 ns, 1.7726 ns/op
WorkloadPilot    8: 56413424 op, 100014849.00 ns, 1.7729 ns/op

OverheadWarmup   1: 56413424 op, 144143795.00 ns, 2.5551 ns/op
OverheadWarmup   2: 56413424 op, 108467993.00 ns, 1.9227 ns/op
OverheadWarmup   3: 56413424 op, 85570163.00 ns, 1.5168 ns/op
OverheadWarmup   4: 56413424 op, 84793682.00 ns, 1.5031 ns/op
OverheadWarmup   5: 56413424 op, 84636375.00 ns, 1.5003 ns/op
OverheadWarmup   6: 56413424 op, 84608232.00 ns, 1.4998 ns/op
OverheadWarmup   7: 56413424 op, 84704474.00 ns, 1.5015 ns/op
OverheadWarmup   8: 56413424 op, 84956430.00 ns, 1.5060 ns/op
OverheadWarmup   9: 56413424 op, 84640733.00 ns, 1.5004 ns/op
OverheadWarmup  10: 56413424 op, 85281606.00 ns, 1.5117 ns/op

OverheadActual   1: 56413424 op, 84654750.00 ns, 1.5006 ns/op
OverheadActual   2: 56413424 op, 84963784.00 ns, 1.5061 ns/op
OverheadActual   3: 56413424 op, 84669107.00 ns, 1.5009 ns/op
OverheadActual   4: 56413424 op, 84607550.00 ns, 1.4998 ns/op
OverheadActual   5: 56413424 op, 85612943.00 ns, 1.5176 ns/op
OverheadActual   6: 56413424 op, 84982290.00 ns, 1.5064 ns/op
OverheadActual   7: 56413424 op, 85124259.00 ns, 1.5089 ns/op
OverheadActual   8: 56413424 op, 85290774.00 ns, 1.5119 ns/op
OverheadActual   9: 56413424 op, 86551981.00 ns, 1.5342 ns/op
OverheadActual  10: 56413424 op, 84998851.00 ns, 1.5067 ns/op
OverheadActual  11: 56413424 op, 85105764.00 ns, 1.5086 ns/op
OverheadActual  12: 56413424 op, 84903070.00 ns, 1.5050 ns/op
OverheadActual  13: 56413424 op, 85157992.00 ns, 1.5095 ns/op
OverheadActual  14: 56413424 op, 85186817.00 ns, 1.5100 ns/op
OverheadActual  15: 56413424 op, 86795933.00 ns, 1.5386 ns/op

WorkloadWarmup   1: 56413424 op, 100861101.00 ns, 1.7879 ns/op
WorkloadWarmup   2: 56413424 op, 99820962.00 ns, 1.7695 ns/op
WorkloadWarmup   3: 56413424 op, 99267394.00 ns, 1.7596 ns/op
WorkloadWarmup   4: 56413424 op, 99176953.00 ns, 1.7580 ns/op
WorkloadWarmup   5: 56413424 op, 101295334.00 ns, 1.7956 ns/op
WorkloadWarmup   6: 56413424 op, 100402934.00 ns, 1.7798 ns/op
WorkloadWarmup   7: 56413424 op, 100439002.00 ns, 1.7804 ns/op
WorkloadWarmup   8: 56413424 op, 100084982.00 ns, 1.7741 ns/op

// BeforeActualRun
WorkloadActual   1: 56413424 op, 100452578.00 ns, 1.7807 ns/op
WorkloadActual   2: 56413424 op, 100015871.00 ns, 1.7729 ns/op
WorkloadActual   3: 56413424 op, 100298266.00 ns, 1.7779 ns/op
WorkloadActual   4: 56413424 op, 99993499.00 ns, 1.7725 ns/op
WorkloadActual   5: 56413424 op, 100080764.00 ns, 1.7741 ns/op
WorkloadActual   6: 56413424 op, 100099430.00 ns, 1.7744 ns/op
WorkloadActual   7: 56413424 op, 100276745.00 ns, 1.7775 ns/op
WorkloadActual   8: 56413424 op, 99925480.00 ns, 1.7713 ns/op
WorkloadActual   9: 56413424 op, 100002316.00 ns, 1.7727 ns/op
WorkloadActual  10: 56413424 op, 99890453.00 ns, 1.7707 ns/op
WorkloadActual  11: 56413424 op, 100702932.00 ns, 1.7851 ns/op
WorkloadActual  12: 56413424 op, 100750552.00 ns, 1.7859 ns/op
WorkloadActual  13: 56413424 op, 100372576.00 ns, 1.7792 ns/op
WorkloadActual  14: 56413424 op, 100135448.00 ns, 1.7750 ns/op
WorkloadActual  15: 56413424 op, 100107444.00 ns, 1.7745 ns/op

// AfterActualRun
WorkloadResult   1: 56413424 op, 15346814.00 ns, 0.2720 ns/op
WorkloadResult   2: 56413424 op, 14910107.00 ns, 0.2643 ns/op
WorkloadResult   3: 56413424 op, 15192502.00 ns, 0.2693 ns/op
WorkloadResult   4: 56413424 op, 14887735.00 ns, 0.2639 ns/op
WorkloadResult   5: 56413424 op, 14975000.00 ns, 0.2655 ns/op
WorkloadResult   6: 56413424 op, 14993666.00 ns, 0.2658 ns/op
WorkloadResult   7: 56413424 op, 15170981.00 ns, 0.2689 ns/op
WorkloadResult   8: 56413424 op, 14819716.00 ns, 0.2627 ns/op
WorkloadResult   9: 56413424 op, 14896552.00 ns, 0.2641 ns/op
WorkloadResult  10: 56413424 op, 14784689.00 ns, 0.2621 ns/op
WorkloadResult  11: 56413424 op, 15597168.00 ns, 0.2765 ns/op
WorkloadResult  12: 56413424 op, 15644788.00 ns, 0.2773 ns/op
WorkloadResult  13: 56413424 op, 15266812.00 ns, 0.2706 ns/op
WorkloadResult  14: 56413424 op, 15029684.00 ns, 0.2664 ns/op
WorkloadResult  15: 56413424 op, 15001680.00 ns, 0.2659 ns/op
// GC:  0 0 0 0 56413424
// Threading:  0 0 56413424

// AfterAll
// Benchmark Process 10108 has exited with code 0.

Mean = 0.268 ns, StdErr = 0.001 ns (0.45%), N = 15, StdDev = 0.005 ns
Min = 0.262 ns, Q1 = 0.264 ns, Median = 0.266 ns, Q3 = 0.270 ns, Max = 0.277 ns
IQR = 0.006 ns, LowerFence = 0.256 ns, UpperFence = 0.279 ns
ConfidenceInterval = [0.263 ns; 0.273 ns] (CI 99.9%), Margin = 0.005 ns (1.88% of Mean)
Skewness = 0.78, Kurtosis = 2.33, MValue = 2

// ** Remained 2 (7.7%) benchmark(s) to run. Estimated finish 2026-03-01 9:44 (0h 0m from now) **
// **************************
// Benchmark: Scenario1.S1_ReturnVoidSuccess_EnumerationsOptionsBoxed: .NET 10.0(Runtime=.NET 10.0, IterationTime=100ms) [Iterations=2]
// *** Execute ***
// Launch: 1 / 1
// Execute: dotnet "Enumerations.Options.Benchmarks-.NET 10.0-1.dll" --anonymousPipes 113 114 --benchmarkName "ReillyDigital.Enumerations.Options.Benchmarks.Scenarios.Scenario1.S1_ReturnVoidSuccess_EnumerationsOptionsBoxed(Iterations: 2)" --job ".NET 10.0" --benchmarkId 24 in /media/andrew/Slowverflow/x/devs/reilly-digital/dotnet/enumerations.options/src/Enumerations.Options.Benchmarks/bin/Debug/net10.0/Enumerations.Options.Benchmarks-.NET 10.0-1/bin/Release/net10.0
// Failed to set up high priority (Permission denied). In order to run benchmarks with high priority, make sure you have the right permissions.
// BeforeAnythingElse

// Benchmark Process Environment Information:
// BenchmarkDotNet v0.15.8
// Runtime=.NET 10.0.3 (10.0.3, 10.0.326.7603), X64 RyuJIT x86-64-v3
// GC=Concurrent Workstation
// HardwareIntrinsics=AVX2+BMI1+BMI2+F16C+FMA+LZCNT+MOVBE,AVX,SSE3+SSSE3+SSE4.1+SSE4.2+POPCNT,X86Base+SSE+SSE2,AES+PCLMUL VectorSize=256
// Job: .NET 10.0(IterationTime=100ms)

OverheadJitting  1: 1 op, 151577.00 ns, 151.5770 us/op
WorkloadJitting  1: 1 op, 3000301.00 ns, 3.0003 ms/op

OverheadJitting  2: 16 op, 266314.00 ns, 16.6446 us/op
WorkloadJitting  2: 16 op, 204357.00 ns, 12.7723 us/op

WorkloadPilot    1: 16 op, 1042.00 ns, 65.1250 ns/op
WorkloadPilot    2: 1535520 op, 44308114.00 ns, 28.8554 ns/op
WorkloadPilot    3: 3465552 op, 98761687.00 ns, 28.4981 ns/op
WorkloadPilot    4: 3509008 op, 42015434.00 ns, 11.9736 ns/op
WorkloadPilot    5: 8351712 op, 14681275.00 ns, 1.7579 ns/op
WorkloadPilot    6: 56886832 op, 100078450.00 ns, 1.7593 ns/op
WorkloadPilot    7: 56842240 op, 99472452.00 ns, 1.7500 ns/op
WorkloadPilot    8: 57143712 op, 99818107.00 ns, 1.7468 ns/op
WorkloadPilot    9: 57247856 op, 99829078.00 ns, 1.7438 ns/op
WorkloadPilot   10: 57345888 op, 100220609.00 ns, 1.7477 ns/op
WorkloadPilot   11: 57219664 op, 99628708.00 ns, 1.7412 ns/op
WorkloadPilot   12: 57432912 op, 100852586.00 ns, 1.7560 ns/op

OverheadWarmup   1: 57432912 op, 141804857.00 ns, 2.4691 ns/op
OverheadWarmup   2: 57432912 op, 110709447.00 ns, 1.9276 ns/op
OverheadWarmup   3: 57432912 op, 86251342.00 ns, 1.5018 ns/op
OverheadWarmup   4: 57432912 op, 86161782.00 ns, 1.5002 ns/op
OverheadWarmup   5: 57432912 op, 86374195.00 ns, 1.5039 ns/op
OverheadWarmup   6: 57432912 op, 86323298.00 ns, 1.5030 ns/op
OverheadWarmup   7: 57432912 op, 86293341.00 ns, 1.5025 ns/op
OverheadWarmup   8: 57432912 op, 86560347.00 ns, 1.5072 ns/op
OverheadWarmup   9: 57432912 op, 86227928.00 ns, 1.5014 ns/op

OverheadActual   1: 57432912 op, 87306549.00 ns, 1.5201 ns/op
OverheadActual   2: 57432912 op, 86247395.00 ns, 1.5017 ns/op
OverheadActual   3: 57432912 op, 86969532.00 ns, 1.5143 ns/op
OverheadActual   4: 57432912 op, 86383082.00 ns, 1.5041 ns/op
OverheadActual   5: 57432912 op, 86338277.00 ns, 1.5033 ns/op
OverheadActual   6: 57432912 op, 86260519.00 ns, 1.5019 ns/op
OverheadActual   7: 57432912 op, 86231625.00 ns, 1.5014 ns/op
OverheadActual   8: 57432912 op, 86483692.00 ns, 1.5058 ns/op
OverheadActual   9: 57432912 op, 86243717.00 ns, 1.5016 ns/op
OverheadActual  10: 57432912 op, 86504091.00 ns, 1.5062 ns/op
OverheadActual  11: 57432912 op, 87226228.00 ns, 1.5187 ns/op
OverheadActual  12: 57432912 op, 87091443.00 ns, 1.5164 ns/op
OverheadActual  13: 57432912 op, 87775878.00 ns, 1.5283 ns/op
OverheadActual  14: 57432912 op, 87415006.00 ns, 1.5220 ns/op
OverheadActual  15: 57432912 op, 86169257.00 ns, 1.5003 ns/op

WorkloadWarmup   1: 57432912 op, 100088900.00 ns, 1.7427 ns/op
WorkloadWarmup   2: 57432912 op, 100883354.00 ns, 1.7565 ns/op
WorkloadWarmup   3: 57432912 op, 100585870.00 ns, 1.7514 ns/op
WorkloadWarmup   4: 57432912 op, 100352138.00 ns, 1.7473 ns/op
WorkloadWarmup   5: 57432912 op, 100142460.00 ns, 1.7436 ns/op
WorkloadWarmup   6: 57432912 op, 100044695.00 ns, 1.7419 ns/op
WorkloadWarmup   7: 57432912 op, 99802677.00 ns, 1.7377 ns/op
WorkloadWarmup   8: 57432912 op, 100175353.00 ns, 1.7442 ns/op
WorkloadWarmup   9: 57432912 op, 99930560.00 ns, 1.7400 ns/op

// BeforeActualRun
WorkloadActual   1: 57432912 op, 100015691.00 ns, 1.7414 ns/op
WorkloadActual   2: 57432912 op, 99974183.00 ns, 1.7407 ns/op
WorkloadActual   3: 57432912 op, 101183682.00 ns, 1.7618 ns/op
WorkloadActual   4: 57432912 op, 101096326.00 ns, 1.7603 ns/op
WorkloadActual   5: 57432912 op, 100951523.00 ns, 1.7577 ns/op
WorkloadActual   6: 57432912 op, 100973965.00 ns, 1.7581 ns/op
WorkloadActual   7: 57432912 op, 100731065.00 ns, 1.7539 ns/op
WorkloadActual   8: 57432912 op, 101021806.00 ns, 1.7590 ns/op
WorkloadActual   9: 57432912 op, 101130090.00 ns, 1.7608 ns/op
WorkloadActual  10: 57432912 op, 100708342.00 ns, 1.7535 ns/op
WorkloadActual  11: 57432912 op, 101092109.00 ns, 1.7602 ns/op
WorkloadActual  12: 57432912 op, 100725936.00 ns, 1.7538 ns/op
WorkloadActual  13: 57432912 op, 100983173.00 ns, 1.7583 ns/op
WorkloadActual  14: 57432912 op, 100830785.00 ns, 1.7556 ns/op
WorkloadActual  15: 57432912 op, 100863757.00 ns, 1.7562 ns/op

// AfterActualRun
WorkloadResult   1: 57432912 op, 13531999.00 ns, 0.2356 ns/op
WorkloadResult   2: 57432912 op, 13490491.00 ns, 0.2349 ns/op
WorkloadResult   3: 57432912 op, 14699990.00 ns, 0.2560 ns/op
WorkloadResult   4: 57432912 op, 14612634.00 ns, 0.2544 ns/op
WorkloadResult   5: 57432912 op, 14467831.00 ns, 0.2519 ns/op
WorkloadResult   6: 57432912 op, 14490273.00 ns, 0.2523 ns/op
WorkloadResult   7: 57432912 op, 14247373.00 ns, 0.2481 ns/op
WorkloadResult   8: 57432912 op, 14538114.00 ns, 0.2531 ns/op
WorkloadResult   9: 57432912 op, 14646398.00 ns, 0.2550 ns/op
WorkloadResult  10: 57432912 op, 14224650.00 ns, 0.2477 ns/op
WorkloadResult  11: 57432912 op, 14608417.00 ns, 0.2544 ns/op
WorkloadResult  12: 57432912 op, 14242244.00 ns, 0.2480 ns/op
WorkloadResult  13: 57432912 op, 14499481.00 ns, 0.2525 ns/op
WorkloadResult  14: 57432912 op, 14347093.00 ns, 0.2498 ns/op
WorkloadResult  15: 57432912 op, 14380065.00 ns, 0.2504 ns/op
// GC:  0 0 0 0 57432912
// Threading:  0 0 57432912

// AfterAll
// Benchmark Process 10150 has exited with code 0.

Mean = 0.250 ns, StdErr = 0.002 ns (0.66%), N = 15, StdDev = 0.006 ns
Min = 0.235 ns, Q1 = 0.248 ns, Median = 0.252 ns, Q3 = 0.254 ns, Max = 0.256 ns
IQR = 0.006 ns, LowerFence = 0.239 ns, UpperFence = 0.262 ns
ConfidenceInterval = [0.243 ns; 0.256 ns] (CI 99.9%), Margin = 0.007 ns (2.73% of Mean)
Skewness = -1.33, Kurtosis = 3.57, MValue = 2

// ** Remained 1 (3.8%) benchmark(s) to run. Estimated finish 2026-03-01 9:44 (0h 0m from now) **
// **************************
// Benchmark: Scenario1.S1_ReturnVoidSuccess_EnumerationsOptions: .NET 10.0(Runtime=.NET 10.0, IterationTime=100ms) [Iterations=2]
// *** Execute ***
// Launch: 1 / 1
// Execute: dotnet "Enumerations.Options.Benchmarks-.NET 10.0-1.dll" --anonymousPipes 113 114 --benchmarkName "ReillyDigital.Enumerations.Options.Benchmarks.Scenarios.Scenario1.S1_ReturnVoidSuccess_EnumerationsOptions(Iterations: 2)" --job ".NET 10.0" --benchmarkId 25 in /media/andrew/Slowverflow/x/devs/reilly-digital/dotnet/enumerations.options/src/Enumerations.Options.Benchmarks/bin/Debug/net10.0/Enumerations.Options.Benchmarks-.NET 10.0-1/bin/Release/net10.0
// Failed to set up high priority (Permission denied). In order to run benchmarks with high priority, make sure you have the right permissions.
// BeforeAnythingElse

// Benchmark Process Environment Information:
// BenchmarkDotNet v0.15.8
// Runtime=.NET 10.0.3 (10.0.3, 10.0.326.7603), X64 RyuJIT x86-64-v3
// GC=Concurrent Workstation
// HardwareIntrinsics=AVX2+BMI1+BMI2+F16C+FMA+LZCNT+MOVBE,AVX,SSE3+SSSE3+SSE4.1+SSE4.2+POPCNT,X86Base+SSE+SSE2,AES+PCLMUL VectorSize=256
// Job: .NET 10.0(IterationTime=100ms)

OverheadJitting  1: 1 op, 153401.00 ns, 153.4010 us/op
WorkloadJitting  1: 1 op, 2916652.00 ns, 2.9167 ms/op

OverheadJitting  2: 16 op, 195480.00 ns, 12.2175 us/op
WorkloadJitting  2: 16 op, 320637.00 ns, 20.0398 us/op

WorkloadPilot    1: 16 op, 1973.00 ns, 123.3125 ns/op
WorkloadPilot    2: 810960 op, 58808437.00 ns, 72.5171 ns/op
WorkloadPilot    3: 1378992 op, 98039970.00 ns, 71.0954 ns/op
WorkloadPilot    4: 1406576 op, 32431269.00 ns, 23.0569 ns/op
WorkloadPilot    5: 4337104 op, 7774068.00 ns, 1.7925 ns/op
WorkloadPilot    6: 55789376 op, 99330564.00 ns, 1.7805 ns/op
WorkloadPilot    7: 56165376 op, 99486028.00 ns, 1.7713 ns/op
WorkloadPilot    8: 56455552 op, 99924168.00 ns, 1.7700 ns/op
WorkloadPilot    9: 56498400 op, 99920220.00 ns, 1.7685 ns/op
WorkloadPilot   10: 56543520 op, 100121782.00 ns, 1.7707 ns/op
WorkloadPilot   11: 56474752 op, 99942863.00 ns, 1.7697 ns/op
WorkloadPilot   12: 56507040 op, 100053032.00 ns, 1.7706 ns/op
WorkloadPilot   13: 56477104 op, 100773014.00 ns, 1.7843 ns/op

OverheadWarmup   1: 56477104 op, 141989246.00 ns, 2.5141 ns/op
OverheadWarmup   2: 56477104 op, 140915954.00 ns, 2.4951 ns/op
OverheadWarmup   3: 56477104 op, 94397484.00 ns, 1.6714 ns/op
OverheadWarmup   4: 56477104 op, 85601311.00 ns, 1.5157 ns/op
OverheadWarmup   5: 56477104 op, 85604036.00 ns, 1.5157 ns/op
OverheadWarmup   6: 56477104 op, 85959159.00 ns, 1.5220 ns/op
OverheadWarmup   7: 56477104 op, 85939001.00 ns, 1.5217 ns/op
OverheadWarmup   8: 56477104 op, 85764941.00 ns, 1.5186 ns/op
OverheadWarmup   9: 56477104 op, 85673047.00 ns, 1.5170 ns/op
OverheadWarmup  10: 56477104 op, 85638402.00 ns, 1.5163 ns/op

OverheadActual   1: 56477104 op, 86091750.00 ns, 1.5244 ns/op
OverheadActual   2: 56477104 op, 85983936.00 ns, 1.5225 ns/op
OverheadActual   3: 56477104 op, 86257314.00 ns, 1.5273 ns/op
OverheadActual   4: 56477104 op, 85854782.00 ns, 1.5202 ns/op
OverheadActual   5: 56477104 op, 85763488.00 ns, 1.5186 ns/op
OverheadActual   6: 56477104 op, 85680431.00 ns, 1.5171 ns/op
OverheadActual   7: 56477104 op, 86052847.00 ns, 1.5237 ns/op
OverheadActual   8: 56477104 op, 85850583.00 ns, 1.5201 ns/op
OverheadActual   9: 56477104 op, 86018681.00 ns, 1.5231 ns/op
OverheadActual  10: 56477104 op, 85628123.00 ns, 1.5162 ns/op
OverheadActual  11: 56477104 op, 86091489.00 ns, 1.5244 ns/op
OverheadActual  12: 56477104 op, 85688697.00 ns, 1.5172 ns/op
OverheadActual  13: 56477104 op, 85897502.00 ns, 1.5209 ns/op
OverheadActual  14: 56477104 op, 85815647.00 ns, 1.5195 ns/op
OverheadActual  15: 56477104 op, 101233046.00 ns, 1.7925 ns/op

WorkloadWarmup   1: 56477104 op, 100533631.00 ns, 1.7801 ns/op
WorkloadWarmup   2: 56477104 op, 100561073.00 ns, 1.7806 ns/op
WorkloadWarmup   3: 56477104 op, 100005943.00 ns, 1.7707 ns/op
WorkloadWarmup   4: 56477104 op, 102324802.00 ns, 1.8118 ns/op
WorkloadWarmup   5: 56477104 op, 100759059.00 ns, 1.7841 ns/op
WorkloadWarmup   6: 56477104 op, 100205080.00 ns, 1.7743 ns/op

// BeforeActualRun
WorkloadActual   1: 56477104 op, 99904140.00 ns, 1.7689 ns/op
WorkloadActual   2: 56477104 op, 100120860.00 ns, 1.7728 ns/op
WorkloadActual   3: 56477104 op, 100000452.00 ns, 1.7706 ns/op
WorkloadActual   4: 56477104 op, 100137352.00 ns, 1.7731 ns/op
WorkloadActual   5: 56477104 op, 100083910.00 ns, 1.7721 ns/op
WorkloadActual   6: 56477104 op, 100015301.00 ns, 1.7709 ns/op
WorkloadActual   7: 56477104 op, 99888069.00 ns, 1.7686 ns/op
WorkloadActual   8: 56477104 op, 99964514.00 ns, 1.7700 ns/op
WorkloadActual   9: 56477104 op, 100867344.00 ns, 1.7860 ns/op
WorkloadActual  10: 56477104 op, 100811377.00 ns, 1.7850 ns/op
WorkloadActual  11: 56477104 op, 101040721.00 ns, 1.7891 ns/op
WorkloadActual  12: 56477104 op, 102702999.00 ns, 1.8185 ns/op
WorkloadActual  13: 56477104 op, 101085056.00 ns, 1.7898 ns/op
WorkloadActual  14: 56477104 op, 101183772.00 ns, 1.7916 ns/op
WorkloadActual  15: 56477104 op, 101006837.00 ns, 1.7885 ns/op

// AfterActualRun
WorkloadResult   1: 56477104 op, 14006638.00 ns, 0.2480 ns/op
WorkloadResult   2: 56477104 op, 14223358.00 ns, 0.2518 ns/op
WorkloadResult   3: 56477104 op, 14102950.00 ns, 0.2497 ns/op
WorkloadResult   4: 56477104 op, 14239850.00 ns, 0.2521 ns/op
WorkloadResult   5: 56477104 op, 14186408.00 ns, 0.2512 ns/op
WorkloadResult   6: 56477104 op, 14117799.00 ns, 0.2500 ns/op
WorkloadResult   7: 56477104 op, 13990567.00 ns, 0.2477 ns/op
WorkloadResult   8: 56477104 op, 14067012.00 ns, 0.2491 ns/op
WorkloadResult   9: 56477104 op, 14969842.00 ns, 0.2651 ns/op
WorkloadResult  10: 56477104 op, 14913875.00 ns, 0.2641 ns/op
WorkloadResult  11: 56477104 op, 15143219.00 ns, 0.2681 ns/op
WorkloadResult  12: 56477104 op, 15187554.00 ns, 0.2689 ns/op
WorkloadResult  13: 56477104 op, 15286270.00 ns, 0.2707 ns/op
WorkloadResult  14: 56477104 op, 15109335.00 ns, 0.2675 ns/op
// GC:  0 0 0 0 56477104
// Threading:  0 0 56477104

// AfterAll
// Benchmark Process 10183 has exited with code 0.

Mean = 0.257 ns, StdErr = 0.002 ns (0.95%), N = 14, StdDev = 0.009 ns
Min = 0.248 ns, Q1 = 0.250 ns, Median = 0.252 ns, Q3 = 0.267 ns, Max = 0.271 ns
IQR = 0.017 ns, LowerFence = 0.224 ns, UpperFence = 0.293 ns
ConfidenceInterval = [0.247 ns; 0.268 ns] (CI 99.9%), Margin = 0.010 ns (4.02% of Mean)
Skewness = 0.28, Kurtosis = 1.1, MValue = 3.5

// ** Remained 0 (0.0%) benchmark(s) to run. Estimated finish 2026-03-01 9:44 (0h 0m from now) **
// ***** BenchmarkRunner: Finish  *****

// * Export *
  BenchmarkDotNet.Artifacts/results/ReillyDigital.Enumerations.Options.Benchmarks.Scenarios.Scenario1-report.csv
  BenchmarkDotNet.Artifacts/results/ReillyDigital.Enumerations.Options.Benchmarks.Scenarios.Scenario1-report-github.md
  BenchmarkDotNet.Artifacts/results/ReillyDigital.Enumerations.Options.Benchmarks.Scenarios.Scenario1-report.html

// * Detailed results *
Scenario1.S1_CheckOptionStringErrorNoMessage_EnumerationsOptionsBoxed: .NET 10.0(Runtime=.NET 10.0, IterationTime=100ms) [Iterations=2]
Runtime = .NET 10.0.3 (10.0.3, 10.0.326.7603), X64 RyuJIT x86-64-v3; GC = Concurrent Workstation
Mean = 0.253 ns, StdErr = 0.003 ns (1.30%), N = 14, StdDev = 0.012 ns
Min = 0.240 ns, Q1 = 0.244 ns, Median = 0.249 ns, Q3 = 0.259 ns, Max = 0.278 ns
IQR = 0.015 ns, LowerFence = 0.221 ns, UpperFence = 0.281 ns
ConfidenceInterval = [0.239 ns; 0.267 ns] (CI 99.9%), Margin = 0.014 ns (5.51% of Mean)
Skewness = 0.95, Kurtosis = 2.49, MValue = 2
-------------------- Histogram --------------------
[0.240 ns ; 0.255 ns) | @@@@@@@@@@
[0.255 ns ; 0.271 ns) | @@
[0.271 ns ; 0.285 ns) | @@
---------------------------------------------------

Scenario1.S1_CheckOptionStringErrorNoMessage_EnumerationsOptions: .NET 10.0(Runtime=.NET 10.0, IterationTime=100ms) [Iterations=2]
Runtime = .NET 10.0.3 (10.0.3, 10.0.326.7603), X64 RyuJIT x86-64-v3; GC = Concurrent Workstation
Mean = 0.251 ns, StdErr = 0.002 ns (0.67%), N = 12, StdDev = 0.006 ns
Min = 0.245 ns, Q1 = 0.247 ns, Median = 0.249 ns, Q3 = 0.253 ns, Max = 0.262 ns
IQR = 0.006 ns, LowerFence = 0.238 ns, UpperFence = 0.261 ns
ConfidenceInterval = [0.243 ns; 0.258 ns] (CI 99.9%), Margin = 0.007 ns (2.99% of Mean)
Skewness = 0.83, Kurtosis = 1.93, MValue = 2.44
-------------------- Histogram --------------------
[0.244 ns ; 0.251 ns) | @@@@@@@@@
[0.251 ns ; 0.257 ns) | 
[0.257 ns ; 0.264 ns) | @@@
---------------------------------------------------

Scenario1.S1_CheckOptionStringErrorWithMessage_EnumerationsOptionsBoxed: .NET 10.0(Runtime=.NET 10.0, IterationTime=100ms) [Iterations=2]
Runtime = .NET 10.0.3 (10.0.3, 10.0.326.7603), X64 RyuJIT x86-64-v3; GC = Concurrent Workstation
Mean = 20.361 ns, StdErr = 0.072 ns (0.35%), N = 15, StdDev = 0.277 ns
Min = 19.987 ns, Q1 = 20.171 ns, Median = 20.299 ns, Q3 = 20.572 ns, Max = 20.903 ns
IQR = 0.400 ns, LowerFence = 19.571 ns, UpperFence = 21.172 ns
ConfidenceInterval = [20.065 ns; 20.658 ns] (CI 99.9%), Margin = 0.297 ns (1.46% of Mean)
Skewness = 0.38, Kurtosis = 1.86, MValue = 2
-------------------- Histogram --------------------
[19.913 ns ; 21.050 ns) | @@@@@@@@@@@@@@@
---------------------------------------------------

Scenario1.S1_CheckOptionStringErrorWithMessage_EnumerationsOptions: .NET 10.0(Runtime=.NET 10.0, IterationTime=100ms) [Iterations=2]
Runtime = .NET 10.0.3 (10.0.3, 10.0.326.7603), X64 RyuJIT x86-64-v3; GC = Concurrent Workstation
Mean = 0.242 ns, StdErr = 0.002 ns (0.85%), N = 15, StdDev = 0.008 ns
Min = 0.233 ns, Q1 = 0.235 ns, Median = 0.240 ns, Q3 = 0.245 ns, Max = 0.259 ns
IQR = 0.011 ns, LowerFence = 0.219 ns, UpperFence = 0.261 ns
ConfidenceInterval = [0.233 ns; 0.250 ns] (CI 99.9%), Margin = 0.009 ns (3.52% of Mean)
Skewness = 0.79, Kurtosis = 2.3, MValue = 2
-------------------- Histogram --------------------
[0.229 ns ; 0.234 ns) | @
[0.234 ns ; 0.246 ns) | @@@@@@@@@@
[0.246 ns ; 0.255 ns) | @@@
[0.255 ns ; 0.264 ns) | @
---------------------------------------------------

Scenario1.S1_CheckOptionStringSuccess_EnumerationsOptionsBoxed: .NET 10.0(Runtime=.NET 10.0, IterationTime=100ms) [Iterations=2]
Runtime = .NET 10.0.3 (10.0.3, 10.0.326.7603), X64 RyuJIT x86-64-v3; GC = Concurrent Workstation
Mean = 8.272 ns, StdErr = 0.021 ns (0.25%), N = 15, StdDev = 0.081 ns
Min = 8.016 ns, Q1 = 8.260 ns, Median = 8.268 ns, Q3 = 8.308 ns, Max = 8.377 ns
IQR = 0.048 ns, LowerFence = 8.187 ns, UpperFence = 8.381 ns
ConfidenceInterval = [8.185 ns; 8.358 ns] (CI 99.9%), Margin = 0.087 ns (1.05% of Mean)
Skewness = -1.83, Kurtosis = 6.91, MValue = 2
-------------------- Histogram --------------------
[7.973 ns ; 8.197 ns) | @
[8.197 ns ; 8.421 ns) | @@@@@@@@@@@@@@
---------------------------------------------------

Scenario1.S1_CheckOptionStringSuccess_EnumerationsOptions: .NET 10.0(Runtime=.NET 10.0, IterationTime=100ms) [Iterations=2]
Runtime = .NET 10.0.3 (10.0.3, 10.0.326.7603), X64 RyuJIT x86-64-v3; GC = Concurrent Workstation
Mean = 0.239 ns, StdErr = 0.002 ns (0.88%), N = 13, StdDev = 0.008 ns
Min = 0.229 ns, Q1 = 0.233 ns, Median = 0.238 ns, Q3 = 0.242 ns, Max = 0.255 ns
IQR = 0.009 ns, LowerFence = 0.220 ns, UpperFence = 0.255 ns
ConfidenceInterval = [0.230 ns; 0.248 ns] (CI 99.9%), Margin = 0.009 ns (3.80% of Mean)
Skewness = 0.79, Kurtosis = 2.61, MValue = 2
-------------------- Histogram --------------------
[0.225 ns ; 0.231 ns) | @
[0.231 ns ; 0.239 ns) | @@@@@@@@
[0.239 ns ; 0.249 ns) | @@
[0.249 ns ; 0.258 ns) | @@
---------------------------------------------------

Scenario1.S1_CheckVoidErrorNoMessage_EnumerationsOptionsBoxed: .NET 10.0(Runtime=.NET 10.0, IterationTime=100ms) [Iterations=2]
Runtime = .NET 10.0.3 (10.0.3, 10.0.326.7603), X64 RyuJIT x86-64-v3; GC = Concurrent Workstation
Mean = 0.268 ns, StdErr = 0.005 ns (1.90%), N = 14, StdDev = 0.019 ns
Min = 0.245 ns, Q1 = 0.250 ns, Median = 0.269 ns, Q3 = 0.280 ns, Max = 0.307 ns
IQR = 0.030 ns, LowerFence = 0.205 ns, UpperFence = 0.325 ns
ConfidenceInterval = [0.247 ns; 0.290 ns] (CI 99.9%), Margin = 0.022 ns (8.03% of Mean)
Skewness = 0.41, Kurtosis = 1.88, MValue = 2
-------------------- Histogram --------------------
[0.241 ns ; 0.261 ns) | @@@@@@
[0.261 ns ; 0.287 ns) | @@@@@@
[0.287 ns ; 0.310 ns) | @@
---------------------------------------------------

Scenario1.S1_CheckVoidErrorNoMessage_EnumerationsOptions: .NET 10.0(Runtime=.NET 10.0, IterationTime=100ms) [Iterations=2]
Runtime = .NET 10.0.3 (10.0.3, 10.0.326.7603), X64 RyuJIT x86-64-v3; GC = Concurrent Workstation
Mean = 0.253 ns, StdErr = 0.003 ns (1.19%), N = 13, StdDev = 0.011 ns
Min = 0.241 ns, Q1 = 0.244 ns, Median = 0.249 ns, Q3 = 0.259 ns, Max = 0.278 ns
IQR = 0.015 ns, LowerFence = 0.222 ns, UpperFence = 0.282 ns
ConfidenceInterval = [0.240 ns; 0.266 ns] (CI 99.9%), Margin = 0.013 ns (5.15% of Mean)
Skewness = 0.83, Kurtosis = 2.66, MValue = 2
-------------------- Histogram --------------------
[0.241 ns ; 0.253 ns) | @@@@@@@@
[0.253 ns ; 0.267 ns) | @@@@
[0.267 ns ; 0.284 ns) | @
---------------------------------------------------

Scenario1.S1_CheckVoidErrorWithMessage_EnumerationsOptionsBoxed: .NET 10.0(Runtime=.NET 10.0, IterationTime=100ms) [Iterations=2]
Runtime = .NET 10.0.3 (10.0.3, 10.0.326.7603), X64 RyuJIT x86-64-v3; GC = Concurrent Workstation
Mean = 20.040 ns, StdErr = 0.100 ns (0.50%), N = 21, StdDev = 0.458 ns
Min = 19.414 ns, Q1 = 19.676 ns, Median = 19.992 ns, Q3 = 20.225 ns, Max = 20.938 ns
IQR = 0.549 ns, LowerFence = 18.852 ns, UpperFence = 21.048 ns
ConfidenceInterval = [19.655 ns; 20.424 ns] (CI 99.9%), Margin = 0.385 ns (1.92% of Mean)
Skewness = 0.56, Kurtosis = 2.12, MValue = 2
-------------------- Histogram --------------------
[19.196 ns ; 19.602 ns) | @@
[19.602 ns ; 20.038 ns) | @@@@@@@@@@
[20.038 ns ; 20.477 ns) | @@@@@
[20.477 ns ; 20.965 ns) | @@@@
---------------------------------------------------

Scenario1.S1_CheckVoidErrorWithMessage_EnumerationsOptions: .NET 10.0(Runtime=.NET 10.0, IterationTime=100ms) [Iterations=2]
Runtime = .NET 10.0.3 (10.0.3, 10.0.326.7603), X64 RyuJIT x86-64-v3; GC = Concurrent Workstation
Mean = 0.266 ns, StdErr = 0.001 ns (0.34%), N = 15, StdDev = 0.003 ns
Min = 0.260 ns, Q1 = 0.264 ns, Median = 0.265 ns, Q3 = 0.268 ns, Max = 0.272 ns
IQR = 0.004 ns, LowerFence = 0.258 ns, UpperFence = 0.274 ns
ConfidenceInterval = [0.262 ns; 0.269 ns] (CI 99.9%), Margin = 0.004 ns (1.40% of Mean)
Skewness = 0.44, Kurtosis = 2.21, MValue = 2
-------------------- Histogram --------------------
[0.258 ns ; 0.267 ns) | @@@@@@@@@@
[0.267 ns ; 0.273 ns) | @@@@@
---------------------------------------------------

Scenario1.S1_CheckVoidSuccess_EnumerationsOptionsBoxed: .NET 10.0(Runtime=.NET 10.0, IterationTime=100ms) [Iterations=2]
Runtime = .NET 10.0.3 (10.0.3, 10.0.326.7603), X64 RyuJIT x86-64-v3; GC = Concurrent Workstation
Mean = 0.245 ns, StdErr = 0.002 ns (0.72%), N = 13, StdDev = 0.006 ns
Min = 0.238 ns, Q1 = 0.241 ns, Median = 0.244 ns, Q3 = 0.246 ns, Max = 0.259 ns
IQR = 0.005 ns, LowerFence = 0.234 ns, UpperFence = 0.254 ns
ConfidenceInterval = [0.238 ns; 0.253 ns] (CI 99.9%), Margin = 0.008 ns (3.13% of Mean)
Skewness = 0.9, Kurtosis = 2.46, MValue = 2
-------------------- Histogram --------------------
[0.234 ns ; 0.239 ns) | @
[0.239 ns ; 0.246 ns) | @@@@@@@@@
[0.246 ns ; 0.253 ns) | 
[0.253 ns ; 0.260 ns) | @@@
---------------------------------------------------

Scenario1.S1_CheckVoidSuccess_EnumerationsOptions: .NET 10.0(Runtime=.NET 10.0, IterationTime=100ms) [Iterations=2]
Runtime = .NET 10.0.3 (10.0.3, 10.0.326.7603), X64 RyuJIT x86-64-v3; GC = Concurrent Workstation
Mean = 0.255 ns, StdErr = 0.003 ns (1.19%), N = 14, StdDev = 0.011 ns
Min = 0.239 ns, Q1 = 0.246 ns, Median = 0.253 ns, Q3 = 0.266 ns, Max = 0.272 ns
IQR = 0.021 ns, LowerFence = 0.215 ns, UpperFence = 0.297 ns
ConfidenceInterval = [0.242 ns; 0.268 ns] (CI 99.9%), Margin = 0.013 ns (5.03% of Mean)
Skewness = 0.22, Kurtosis = 1.47, MValue = 3.25
-------------------- Histogram --------------------
[0.233 ns ; 0.242 ns) | @
[0.242 ns ; 0.255 ns) | @@@@@@@@
[0.255 ns ; 0.261 ns) | 
[0.261 ns ; 0.273 ns) | @@@@@
---------------------------------------------------

Scenario1.S1_ReturnOptionStringErrorNoMessage_EnumerationsOptionsBoxed: .NET 10.0(Runtime=.NET 10.0, IterationTime=100ms) [Iterations=2]
Runtime = .NET 10.0.3 (10.0.3, 10.0.326.7603), X64 RyuJIT x86-64-v3; GC = Concurrent Workstation
Mean = 0.261 ns, StdErr = 0.007 ns (2.85%), N = 14, StdDev = 0.028 ns
Min = 0.235 ns, Q1 = 0.244 ns, Median = 0.252 ns, Q3 = 0.261 ns, Max = 0.331 ns
IQR = 0.018 ns, LowerFence = 0.217 ns, UpperFence = 0.288 ns
ConfidenceInterval = [0.230 ns; 0.293 ns] (CI 99.9%), Margin = 0.031 ns (12.04% of Mean)
Skewness = 1.28, Kurtosis = 3.37, MValue = 2
-------------------- Histogram --------------------
[0.234 ns ; 0.264 ns) | @@@@@@@@@@@
[0.264 ns ; 0.283 ns) | 
[0.283 ns ; 0.313 ns) | @@
[0.313 ns ; 0.347 ns) | @
---------------------------------------------------

Scenario1.S1_ReturnOptionStringErrorNoMessage_EnumerationsOptions: .NET 10.0(Runtime=.NET 10.0, IterationTime=100ms) [Iterations=2]
Runtime = .NET 10.0.3 (10.0.3, 10.0.326.7603), X64 RyuJIT x86-64-v3; GC = Concurrent Workstation
Mean = 0.245 ns, StdErr = 0.003 ns (1.23%), N = 13, StdDev = 0.011 ns
Min = 0.225 ns, Q1 = 0.240 ns, Median = 0.243 ns, Q3 = 0.252 ns, Max = 0.269 ns
IQR = 0.011 ns, LowerFence = 0.223 ns, UpperFence = 0.269 ns
ConfidenceInterval = [0.232 ns; 0.258 ns] (CI 99.9%), Margin = 0.013 ns (5.33% of Mean)
Skewness = 0.39, Kurtosis = 3, MValue = 2.29
-------------------- Histogram --------------------
[0.219 ns ; 0.231 ns) | @
[0.231 ns ; 0.236 ns) | 
[0.236 ns ; 0.248 ns) | @@@@@@@@
[0.248 ns ; 0.263 ns) | @@@
[0.263 ns ; 0.276 ns) | @
---------------------------------------------------

Scenario1.S1_ReturnOptionStringErrorWithMessage_EnumerationsOptionsBoxed: .NET 10.0(Runtime=.NET 10.0, IterationTime=100ms) [Iterations=2]
Runtime = .NET 10.0.3 (10.0.3, 10.0.326.7603), X64 RyuJIT x86-64-v3; GC = Concurrent Workstation
Mean = 7.338 ns, StdErr = 0.042 ns (0.57%), N = 15, StdDev = 0.162 ns
Min = 7.124 ns, Q1 = 7.236 ns, Median = 7.305 ns, Q3 = 7.374 ns, Max = 7.735 ns
IQR = 0.138 ns, LowerFence = 7.029 ns, UpperFence = 7.580 ns
ConfidenceInterval = [7.165 ns; 7.511 ns] (CI 99.9%), Margin = 0.173 ns (2.35% of Mean)
Skewness = 1.01, Kurtosis = 3.27, MValue = 2
-------------------- Histogram --------------------
[7.038 ns ; 7.182 ns) | @
[7.182 ns ; 7.354 ns) | @@@@@@@@@
[7.354 ns ; 7.583 ns) | @@@
[7.583 ns ; 7.755 ns) | @@
---------------------------------------------------

Scenario1.S1_ReturnOptionStringErrorWithMessage_EnumerationsOptions: .NET 10.0(Runtime=.NET 10.0, IterationTime=100ms) [Iterations=2]
Runtime = .NET 10.0.3 (10.0.3, 10.0.326.7603), X64 RyuJIT x86-64-v3; GC = Concurrent Workstation
Mean = 0.243 ns, StdErr = 0.006 ns (2.52%), N = 15, StdDev = 0.024 ns
Min = 0.220 ns, Q1 = 0.223 ns, Median = 0.235 ns, Q3 = 0.260 ns, Max = 0.300 ns
IQR = 0.037 ns, LowerFence = 0.168 ns, UpperFence = 0.316 ns
ConfidenceInterval = [0.218 ns; 0.268 ns] (CI 99.9%), Margin = 0.025 ns (10.42% of Mean)
Skewness = 0.81, Kurtosis = 2.59, MValue = 2.22
-------------------- Histogram --------------------
[0.218 ns ; 0.248 ns) | @@@@@@@@@
[0.248 ns ; 0.273 ns) | @@@@@
[0.273 ns ; 0.287 ns) | 
[0.287 ns ; 0.312 ns) | @
---------------------------------------------------

Scenario1.S1_ReturnOptionStringNone_EnumerationsOptionsBoxed: .NET 10.0(Runtime=.NET 10.0, IterationTime=100ms) [Iterations=2]
Runtime = .NET 10.0.3 (10.0.3, 10.0.326.7603), X64 RyuJIT x86-64-v3; GC = Concurrent Workstation
Mean = 0.247 ns, StdErr = 0.001 ns (0.36%), N = 13, StdDev = 0.003 ns
Min = 0.242 ns, Q1 = 0.246 ns, Median = 0.248 ns, Q3 = 0.249 ns, Max = 0.254 ns
IQR = 0.003 ns, LowerFence = 0.241 ns, UpperFence = 0.253 ns
ConfidenceInterval = [0.243 ns; 0.251 ns] (CI 99.9%), Margin = 0.004 ns (1.55% of Mean)
Skewness = 0.18, Kurtosis = 2.6, MValue = 2
-------------------- Histogram --------------------
[0.241 ns ; 0.251 ns) | @@@@@@@@@@@@
[0.251 ns ; 0.256 ns) | @
---------------------------------------------------

Scenario1.S1_ReturnOptionStringNone_EnumerationsOptions: .NET 10.0(Runtime=.NET 10.0, IterationTime=100ms) [Iterations=2]
Runtime = .NET 10.0.3 (10.0.3, 10.0.326.7603), X64 RyuJIT x86-64-v3; GC = Concurrent Workstation
Mean = 0.268 ns, StdErr = 0.004 ns (1.49%), N = 15, StdDev = 0.015 ns
Min = 0.244 ns, Q1 = 0.257 ns, Median = 0.270 ns, Q3 = 0.282 ns, Max = 0.290 ns
IQR = 0.025 ns, LowerFence = 0.219 ns, UpperFence = 0.320 ns
ConfidenceInterval = [0.251 ns; 0.284 ns] (CI 99.9%), Margin = 0.016 ns (6.15% of Mean)
Skewness = -0.08, Kurtosis = 1.46, MValue = 2
-------------------- Histogram --------------------
[0.236 ns ; 0.255 ns) | @@@
[0.255 ns ; 0.275 ns) | @@@@@@
[0.275 ns ; 0.291 ns) | @@@@@@
---------------------------------------------------

Scenario1.S1_ReturnOptionStringSuccess_EnumerationsOptionsBoxed: .NET 10.0(Runtime=.NET 10.0, IterationTime=100ms) [Iterations=2]
Runtime = .NET 10.0.3 (10.0.3, 10.0.326.7603), X64 RyuJIT x86-64-v3; GC = Concurrent Workstation
Mean = 9.761 ns, StdErr = 0.038 ns (0.39%), N = 15, StdDev = 0.148 ns
Min = 9.471 ns, Q1 = 9.663 ns, Median = 9.719 ns, Q3 = 9.876 ns, Max = 10.031 ns
IQR = 0.214 ns, LowerFence = 9.342 ns, UpperFence = 10.197 ns
ConfidenceInterval = [9.603 ns; 9.919 ns] (CI 99.9%), Margin = 0.158 ns (1.62% of Mean)
Skewness = 0.04, Kurtosis = 2.11, MValue = 2
-------------------- Histogram --------------------
[9.392 ns ;  9.594 ns) | @
[9.594 ns ; 10.109 ns) | @@@@@@@@@@@@@@
---------------------------------------------------

Scenario1.S1_ReturnOptionStringSuccess_EnumerationsOptions: .NET 10.0(Runtime=.NET 10.0, IterationTime=100ms) [Iterations=2]
Runtime = .NET 10.0.3 (10.0.3, 10.0.326.7603), X64 RyuJIT x86-64-v3; GC = Concurrent Workstation
Mean = 0.253 ns, StdErr = 0.001 ns (0.27%), N = 15, StdDev = 0.003 ns
Min = 0.249 ns, Q1 = 0.251 ns, Median = 0.252 ns, Q3 = 0.255 ns, Max = 0.257 ns
IQR = 0.004 ns, LowerFence = 0.245 ns, UpperFence = 0.261 ns
ConfidenceInterval = [0.250 ns; 0.256 ns] (CI 99.9%), Margin = 0.003 ns (1.12% of Mean)
Skewness = 0.21, Kurtosis = 1.62, MValue = 2
-------------------- Histogram --------------------
[0.248 ns ; 0.259 ns) | @@@@@@@@@@@@@@@
---------------------------------------------------

Scenario1.S1_ReturnVoidErrorNoMessage_EnumerationsOptionsBoxed: .NET 10.0(Runtime=.NET 10.0, IterationTime=100ms) [Iterations=2]
Runtime = .NET 10.0.3 (10.0.3, 10.0.326.7603), X64 RyuJIT x86-64-v3; GC = Concurrent Workstation
Mean = 0.231 ns, StdErr = 0.002 ns (0.93%), N = 13, StdDev = 0.008 ns
Min = 0.223 ns, Q1 = 0.224 ns, Median = 0.229 ns, Q3 = 0.233 ns, Max = 0.248 ns
IQR = 0.009 ns, LowerFence = 0.210 ns, UpperFence = 0.246 ns
ConfidenceInterval = [0.222 ns; 0.240 ns] (CI 99.9%), Margin = 0.009 ns (4.00% of Mean)
Skewness = 0.86, Kurtosis = 2.46, MValue = 2
-------------------- Histogram --------------------
[0.222 ns ; 0.231 ns) | @@@@@@@@@
[0.231 ns ; 0.239 ns) | @
[0.239 ns ; 0.248 ns) | @@@
---------------------------------------------------

Scenario1.S1_ReturnVoidErrorNoMessage_EnumerationsOptions: .NET 10.0(Runtime=.NET 10.0, IterationTime=100ms) [Iterations=2]
Runtime = .NET 10.0.3 (10.0.3, 10.0.326.7603), X64 RyuJIT x86-64-v3; GC = Concurrent Workstation
Mean = 0.251 ns, StdErr = 0.001 ns (0.22%), N = 14, StdDev = 0.002 ns
Min = 0.247 ns, Q1 = 0.250 ns, Median = 0.251 ns, Q3 = 0.252 ns, Max = 0.254 ns
IQR = 0.002 ns, LowerFence = 0.246 ns, UpperFence = 0.256 ns
ConfidenceInterval = [0.248 ns; 0.253 ns] (CI 99.9%), Margin = 0.002 ns (0.95% of Mean)
Skewness = -0.31, Kurtosis = 1.82, MValue = 2
-------------------- Histogram --------------------
[0.246 ns ; 0.254 ns) | @@@@@@@@@@@@@@
---------------------------------------------------

Scenario1.S1_ReturnVoidErrorWithMessage_EnumerationsOptionsBoxed: .NET 10.0(Runtime=.NET 10.0, IterationTime=100ms) [Iterations=2]
Runtime = .NET 10.0.3 (10.0.3, 10.0.326.7603), X64 RyuJIT x86-64-v3; GC = Concurrent Workstation
Mean = 8.759 ns, StdErr = 0.062 ns (0.71%), N = 80, StdDev = 0.558 ns
Min = 8.182 ns, Q1 = 8.319 ns, Median = 8.508 ns, Q3 = 9.227 ns, Max = 10.154 ns
IQR = 0.908 ns, LowerFence = 6.957 ns, UpperFence = 10.588 ns
ConfidenceInterval = [8.546 ns; 8.973 ns] (CI 99.9%), Margin = 0.213 ns (2.44% of Mean)
Skewness = 0.97, Kurtosis = 2.62, MValue = 2.49
-------------------- Histogram --------------------
[8.012 ns ;  8.231 ns) | @
[8.231 ns ;  8.571 ns) | @@@@@@@@@@@@@@@@@@@@@@@@@@@@@@@@@@@@@@@@@@@@@
[8.571 ns ;  8.897 ns) | @@@@@@@@@
[8.897 ns ;  9.283 ns) | @@@@@@
[9.283 ns ;  9.623 ns) | @@@@@@@@@@@@@
[9.623 ns ;  9.906 ns) | @
[9.906 ns ; 10.246 ns) | @@@@@
---------------------------------------------------

Scenario1.S1_ReturnVoidErrorWithMessage_EnumerationsOptions: .NET 10.0(Runtime=.NET 10.0, IterationTime=100ms) [Iterations=2]
Runtime = .NET 10.0.3 (10.0.3, 10.0.326.7603), X64 RyuJIT x86-64-v3; GC = Concurrent Workstation
Mean = 0.268 ns, StdErr = 0.001 ns (0.45%), N = 15, StdDev = 0.005 ns
Min = 0.262 ns, Q1 = 0.264 ns, Median = 0.266 ns, Q3 = 0.270 ns, Max = 0.277 ns
IQR = 0.006 ns, LowerFence = 0.256 ns, UpperFence = 0.279 ns
ConfidenceInterval = [0.263 ns; 0.273 ns] (CI 99.9%), Margin = 0.005 ns (1.88% of Mean)
Skewness = 0.78, Kurtosis = 2.33, MValue = 2
-------------------- Histogram --------------------
[0.262 ns ; 0.268 ns) | @@@@@@@@@
[0.268 ns ; 0.274 ns) | @@@@
[0.274 ns ; 0.280 ns) | @@
---------------------------------------------------

Scenario1.S1_ReturnVoidSuccess_EnumerationsOptionsBoxed: .NET 10.0(Runtime=.NET 10.0, IterationTime=100ms) [Iterations=2]
Runtime = .NET 10.0.3 (10.0.3, 10.0.326.7603), X64 RyuJIT x86-64-v3; GC = Concurrent Workstation
Mean = 0.250 ns, StdErr = 0.002 ns (0.66%), N = 15, StdDev = 0.006 ns
Min = 0.235 ns, Q1 = 0.248 ns, Median = 0.252 ns, Q3 = 0.254 ns, Max = 0.256 ns
IQR = 0.006 ns, LowerFence = 0.239 ns, UpperFence = 0.262 ns
ConfidenceInterval = [0.243 ns; 0.256 ns] (CI 99.9%), Margin = 0.007 ns (2.73% of Mean)
Skewness = -1.33, Kurtosis = 3.57, MValue = 2
-------------------- Histogram --------------------
[0.231 ns ; 0.239 ns) | @@
[0.239 ns ; 0.245 ns) | 
[0.245 ns ; 0.259 ns) | @@@@@@@@@@@@@
---------------------------------------------------

Scenario1.S1_ReturnVoidSuccess_EnumerationsOptions: .NET 10.0(Runtime=.NET 10.0, IterationTime=100ms) [Iterations=2]
Runtime = .NET 10.0.3 (10.0.3, 10.0.326.7603), X64 RyuJIT x86-64-v3; GC = Concurrent Workstation
Mean = 0.257 ns, StdErr = 0.002 ns (0.95%), N = 14, StdDev = 0.009 ns
Min = 0.248 ns, Q1 = 0.250 ns, Median = 0.252 ns, Q3 = 0.267 ns, Max = 0.271 ns
IQR = 0.017 ns, LowerFence = 0.224 ns, UpperFence = 0.293 ns
ConfidenceInterval = [0.247 ns; 0.268 ns] (CI 99.9%), Margin = 0.010 ns (4.02% of Mean)
Skewness = 0.28, Kurtosis = 1.1, MValue = 3.5
-------------------- Histogram --------------------
[0.245 ns ; 0.255 ns) | @@@@@@@@
[0.255 ns ; 0.262 ns) | 
[0.262 ns ; 0.272 ns) | @@@@@@
---------------------------------------------------

// * Summary *

BenchmarkDotNet v0.15.8, Linux Pop!_OS 24.04 LTS
AMD Ryzen 5 3600 2.10GHz, 1 CPU, 12 logical and 6 physical cores
.NET SDK 10.0.103
  [Host]    : .NET 10.0.3 (10.0.3, 10.0.326.7603), X64 RyuJIT x86-64-v3
  .NET 10.0 : .NET 10.0.3 (10.0.3, 10.0.326.7603), X64 RyuJIT x86-64-v3

Job=.NET 10.0  Runtime=.NET 10.0  IterationTime=100ms  
Iterations=2  

| Method                                                         | Categories                                  | Mean       | Ratio | Allocated | Alloc Ratio |
|--------------------------------------------------------------- |-------------------------------------------- |-----------:|------:|----------:|------------:|
| S1_CheckOptionStringErrorNoMessage_EnumerationsOptionsBoxed    | S1: Check Option String Error No Message    |  0.2531 ns |  1.01 |         - |          NA |
| S1_CheckOptionStringErrorNoMessage_EnumerationsOptions         | S1: Check Option String Error No Message    |  0.2507 ns |  1.00 |         - |          NA |
|                                                                |                                             |            |       |           |             |
| S1_CheckOptionStringErrorWithMessage_EnumerationsOptionsBoxed  | S1: Check Option String Error With Message  | 20.3614 ns | 84.32 |      64 B |          NA |
| S1_CheckOptionStringErrorWithMessage_EnumerationsOptions       | S1: Check Option String Error With Message  |  0.2417 ns |  1.00 |         - |          NA |
|                                                                |                                             |            |       |           |             |
| S1_CheckOptionStringSuccess_EnumerationsOptionsBoxed           | S1: Check Option String Success             |  8.2717 ns | 34.65 |      64 B |          NA |
| S1_CheckOptionStringSuccess_EnumerationsOptions                | S1: Check Option String Success             |  0.2389 ns |  1.00 |         - |          NA |
|                                                                |                                             |            |       |           |             |
| S1_CheckVoidErrorNoMessage_EnumerationsOptionsBoxed            | S1: Check Void Error No Message             |  0.2682 ns |  1.06 |         - |          NA |
| S1_CheckVoidErrorNoMessage_EnumerationsOptions                 | S1: Check Void Error No Message             |  0.2528 ns |  1.00 |         - |          NA |
|                                                                |                                             |            |       |           |             |
| S1_CheckVoidErrorWithMessage_EnumerationsOptionsBoxed          | S1: Check Void Error With Message           | 20.0398 ns | 75.43 |      64 B |          NA |
| S1_CheckVoidErrorWithMessage_EnumerationsOptions               | S1: Check Void Error With Message           |  0.2657 ns |  1.00 |         - |          NA |
|                                                                |                                             |            |       |           |             |
| S1_CheckVoidSuccess_EnumerationsOptionsBoxed                   | S1: Check Void Success                      |  0.2452 ns |  0.96 |         - |          NA |
| S1_CheckVoidSuccess_EnumerationsOptions                        | S1: Check Void Success                      |  0.2553 ns |  1.00 |         - |          NA |
|                                                                |                                             |            |       |           |             |
| S1_ReturnOptionStringErrorNoMessage_EnumerationsOptionsBoxed   | S1: Return Option String Error No Message   |  0.2613 ns |  1.07 |         - |          NA |
| S1_ReturnOptionStringErrorNoMessage_EnumerationsOptions        | S1: Return Option String Error No Message   |  0.2451 ns |  1.00 |         - |          NA |
|                                                                |                                             |            |       |           |             |
| S1_ReturnOptionStringErrorWithMessage_EnumerationsOptionsBoxed | S1: Return Option String Error With Message |  7.3379 ns | 30.46 |      64 B |          NA |
| S1_ReturnOptionStringErrorWithMessage_EnumerationsOptions      | S1: Return Option String Error With Message |  0.2429 ns |  1.01 |         - |          NA |
|                                                                |                                             |            |       |           |             |
| S1_ReturnOptionStringNone_EnumerationsOptionsBoxed             | S1: Return Option String None               |  0.2473 ns |  0.93 |         - |          NA |
| S1_ReturnOptionStringNone_EnumerationsOptions                  | S1: Return Option String None               |  0.2680 ns |  1.00 |         - |          NA |
|                                                                |                                             |            |       |           |             |
| S1_ReturnOptionStringSuccess_EnumerationsOptionsBoxed          | S1: Return Option String Success            |  9.7608 ns | 38.60 |      64 B |          NA |
| S1_ReturnOptionStringSuccess_EnumerationsOptions               | S1: Return Option String Success            |  0.2529 ns |  1.00 |         - |          NA |
|                                                                |                                             |            |       |           |             |
| S1_ReturnVoidErrorNoMessage_EnumerationsOptionsBoxed           | S1: Return Void Error No Message            |  0.2308 ns |  0.92 |         - |          NA |
| S1_ReturnVoidErrorNoMessage_EnumerationsOptions                | S1: Return Void Error No Message            |  0.2506 ns |  1.00 |         - |          NA |
|                                                                |                                             |            |       |           |             |
| S1_ReturnVoidErrorWithMessage_EnumerationsOptionsBoxed         | S1: Return Void Error With Message          |  8.7593 ns | 32.73 |      64 B |          NA |
| S1_ReturnVoidErrorWithMessage_EnumerationsOptions              | S1: Return Void Error With Message          |  0.2677 ns |  1.00 |         - |          NA |
|                                                                |                                             |            |       |           |             |
| S1_ReturnVoidSuccess_EnumerationsOptionsBoxed                  | S1: Return Void Success                     |  0.2496 ns |  0.97 |         - |          NA |
| S1_ReturnVoidSuccess_EnumerationsOptions                       | S1: Return Void Success                     |  0.2574 ns |  1.00 |         - |          NA |

// * Warnings *
MinIterationTime
  Scenario1.S1_CheckOptionStringErrorNoMessage_EnumerationsOptionsBoxed: .NET 10.0    -> The minimum observed iteration time is 99.961ms which is very small. It's recommended to increase it to at least 100ms using more operations.
  Scenario1.S1_CheckOptionStringErrorNoMessage_EnumerationsOptions: .NET 10.0         -> The minimum observed iteration time is 99.638ms which is very small. It's recommended to increase it to at least 100ms using more operations.
  Scenario1.S1_CheckOptionStringErrorWithMessage_EnumerationsOptions: .NET 10.0       -> The minimum observed iteration time is 99.627ms which is very small. It's recommended to increase it to at least 100ms using more operations.
  Scenario1.S1_CheckOptionStringSuccess_EnumerationsOptions: .NET 10.0                -> The minimum observed iteration time is 99.749ms which is very small. It's recommended to increase it to at least 100ms using more operations.
  Scenario1.S1_CheckVoidErrorNoMessage_EnumerationsOptionsBoxed: .NET 10.0            -> The minimum observed iteration time is 99.626ms which is very small. It's recommended to increase it to at least 100ms using more operations.
  Scenario1.S1_CheckVoidErrorNoMessage_EnumerationsOptions: .NET 10.0                 -> The minimum observed iteration time is 99.653ms which is very small. It's recommended to increase it to at least 100ms using more operations.
  Scenario1.S1_CheckVoidErrorWithMessage_EnumerationsOptionsBoxed: .NET 10.0          -> The minimum observed iteration time is 98.844ms which is very small. It's recommended to increase it to at least 100ms using more operations.
  Scenario1.S1_CheckVoidErrorWithMessage_EnumerationsOptions: .NET 10.0               -> The minimum observed iteration time is 99.947ms which is very small. It's recommended to increase it to at least 100ms using more operations.
  Scenario1.S1_CheckVoidSuccess_EnumerationsOptionsBoxed: .NET 10.0                   -> The minimum observed iteration time is 99.244ms which is very small. It's recommended to increase it to at least 100ms using more operations.
  Scenario1.S1_CheckVoidSuccess_EnumerationsOptions: .NET 10.0                        -> The minimum observed iteration time is 99.686ms which is very small. It's recommended to increase it to at least 100ms using more operations.
  Scenario1.S1_ReturnOptionStringErrorNoMessage_EnumerationsOptionsBoxed: .NET 10.0   -> The minimum observed iteration time is 99.805ms which is very small. It's recommended to increase it to at least 100ms using more operations.
  Scenario1.S1_ReturnOptionStringErrorNoMessage_EnumerationsOptions: .NET 10.0        -> The minimum observed iteration time is 97.578ms which is very small. It's recommended to increase it to at least 100ms using more operations.
  Scenario1.S1_ReturnOptionStringErrorWithMessage_EnumerationsOptionsBoxed: .NET 10.0 -> The minimum observed iteration time is 97.709ms which is very small. It's recommended to increase it to at least 100ms using more operations.
  Scenario1.S1_ReturnOptionStringErrorWithMessage_EnumerationsOptions: .NET 10.0      -> The minimum observed iteration time is 98.256ms which is very small. It's recommended to increase it to at least 100ms using more operations.
  Scenario1.S1_ReturnOptionStringNone_EnumerationsOptionsBoxed: .NET 10.0             -> The minimum observed iteration time is 98.648ms which is very small. It's recommended to increase it to at least 100ms using more operations.
  Scenario1.S1_ReturnOptionStringSuccess_EnumerationsOptionsBoxed: .NET 10.0          -> The minimum observed iteration time is 99.673ms which is very small. It's recommended to increase it to at least 100ms using more operations.
  Scenario1.S1_ReturnVoidErrorNoMessage_EnumerationsOptionsBoxed: .NET 10.0           -> The minimum observed iteration time is 99.325ms which is very small. It's recommended to increase it to at least 100ms using more operations.
  Scenario1.S1_ReturnVoidErrorNoMessage_EnumerationsOptions: .NET 10.0                -> The minimum observed iteration time is 99.449ms which is very small. It's recommended to increase it to at least 100ms using more operations.
  Scenario1.S1_ReturnVoidErrorWithMessage_EnumerationsOptions: .NET 10.0              -> The minimum observed iteration time is 99.89ms which is very small. It's recommended to increase it to at least 100ms using more operations.
  Scenario1.S1_ReturnVoidSuccess_EnumerationsOptionsBoxed: .NET 10.0                  -> The minimum observed iteration time is 99.974ms which is very small. It's recommended to increase it to at least 100ms using more operations.
  Scenario1.S1_ReturnVoidSuccess_EnumerationsOptions: .NET 10.0                       -> The minimum observed iteration time is 99.888ms which is very small. It's recommended to increase it to at least 100ms using more operations.

// * Hints *
Outliers
  Scenario1.S1_CheckOptionStringErrorNoMessage_EnumerationsOptionsBoxed: .NET 10.0    -> 1 outlier  was  removed (1.85 ns)
  Scenario1.S1_CheckOptionStringErrorNoMessage_EnumerationsOptions: .NET 10.0         -> 3 outliers were removed (1.80 ns..1.86 ns)
  Scenario1.S1_CheckOptionStringSuccess_EnumerationsOptionsBoxed: .NET 10.0           -> 1 outlier  was  detected (10.09 ns)
  Scenario1.S1_CheckOptionStringSuccess_EnumerationsOptions: .NET 10.0                -> 2 outliers were removed (1.82 ns, 2.13 ns)
  Scenario1.S1_CheckVoidErrorNoMessage_EnumerationsOptionsBoxed: .NET 10.0            -> 1 outlier  was  removed (2.05 ns)
  Scenario1.S1_CheckVoidErrorNoMessage_EnumerationsOptions: .NET 10.0                 -> 2 outliers were removed (1.87 ns, 1.98 ns)
  Scenario1.S1_CheckVoidErrorWithMessage_EnumerationsOptionsBoxed: .NET 10.0          -> 2 outliers were removed (24.49 ns, 24.91 ns)
  Scenario1.S1_CheckVoidSuccess_EnumerationsOptionsBoxed: .NET 10.0                   -> 2 outliers were removed (1.78 ns, 1.84 ns)
  Scenario1.S1_CheckVoidSuccess_EnumerationsOptions: .NET 10.0                        -> 1 outlier  was  removed (2.07 ns)
  Scenario1.S1_ReturnOptionStringErrorNoMessage_EnumerationsOptionsBoxed: .NET 10.0   -> 3 outliers were removed (1.90 ns..1.99 ns)
  Scenario1.S1_ReturnOptionStringErrorNoMessage_EnumerationsOptions: .NET 10.0        -> 2 outliers were removed (1.80 ns, 1.83 ns)
  Scenario1.S1_ReturnOptionStringErrorWithMessage_EnumerationsOptionsBoxed: .NET 10.0 -> 2 outliers were removed (10.31 ns, 11.36 ns)
  Scenario1.S1_ReturnOptionStringNone_EnumerationsOptionsBoxed: .NET 10.0             -> 2 outliers were removed (1.78 ns, 1.79 ns)
  Scenario1.S1_ReturnVoidErrorNoMessage_EnumerationsOptionsBoxed: .NET 10.0           -> 2 outliers were removed (1.87 ns, 2.04 ns)
  Scenario1.S1_ReturnVoidErrorNoMessage_EnumerationsOptions: .NET 10.0                -> 1 outlier  was  removed (1.76 ns)
  Scenario1.S1_ReturnVoidErrorWithMessage_EnumerationsOptionsBoxed: .NET 10.0         -> 2 outliers were removed (58.42 ns, 75.49 ns)
  Scenario1.S1_ReturnVoidSuccess_EnumerationsOptionsBoxed: .NET 10.0                  -> 2 outliers were detected (1.74 ns, 1.74 ns)
  Scenario1.S1_ReturnVoidSuccess_EnumerationsOptions: .NET 10.0                       -> 1 outlier  was  removed (1.82 ns)
HideColumnsAnalyser
  Summary -> Hidden columns: Iterations, Error, StdDev, Median, RatioSD, Gen0

// * Legends *
  Categories  : All categories of the corresponded method, class, and assembly
  Mean        : Arithmetic mean of all measurements
  Ratio       : Mean of the ratio distribution ([Current]/[Baseline])
  Allocated   : Allocated memory per single operation (managed only, inclusive, 1KB = 1024B)
  Alloc Ratio : Allocated memory ratio distribution ([Current]/[Baseline])
  1 ns        : 1 Nanosecond (0.000000001 sec)

// * Diagnostic Output - MemoryDiagnoser *


// ***** BenchmarkRunner: End *****
Run time: 00:02:24 (144.79 sec), executed benchmarks: 26

Global total time: 00:02:37 (157.35 sec), executed benchmarks: 26
// * Artifacts cleanup *
Artifacts cleanup is finished
